Country Name,Country Code,Series Name,Series Code,1960 [YR1960],1961 [YR1961],1962 [YR1962],1963 [YR1963],1964 [YR1964],1965 [YR1965],1966 [YR1966],1967 [YR1967],1968 [YR1968],1969 [YR1969],1970 [YR1970],1971 [YR1971],1972 [YR1972],1973 [YR1973],1974 [YR1974],1975 [YR1975],1976 [YR1976],1977 [YR1977],1978 [YR1978],1979 [YR1979],1980 [YR1980],1981 [YR1981],1982 [YR1982],1983 [YR1983],1984 [YR1984],1985 [YR1985],1986 [YR1986],1987 [YR1987],1988 [YR1988],1989 [YR1989],1990 [YR1990],1991 [YR1991],1992 [YR1992],1993 [YR1993],1994 [YR1994],1995 [YR1995],1996 [YR1996],1997 [YR1997],1998 [YR1998],1999 [YR1999],2000 [YR2000],2001 [YR2001],2002 [YR2002],2003 [YR2003],2004 [YR2004],2005 [YR2005],2006 [YR2006],2007 [YR2007],2008 [YR2008],2009 [YR2009],2010 [YR2010],2011 [YR2011],2012 [YR2012],2013 [YR2013],2014 [YR2014],2015 [YR2015],2016 [YR2016],2017 [YR2017],2018 [YR2018],2019 [YR2019],2020 [YR2020],2021 [YR2021]
Afghanistan,AFG,Account at a formal financial institution (% age 15+),GFDD.AI.05,..,..,..,..,..,..,..,..,..,..,..,..,..,..,..,..,..,..,..,..,..,..,..,..,..,..,..,..,..,..,..,..,..,..,..,..,..,..,..,..,..,..,..,..,..,..,..,..,..,..,..,9.005012,..,..,9.961001,..,..,14.54708,..,..,..,9.653822
Afghanistan,AFG,"Bank accounts per 1,000 adults",GFDD.AI.01,..,..,..,..,..,..,..,..,..,..,..,..,..,..,..,..,..,..,..,..,..,..,..,..,..,..,..,..,..,..,..,..,..,..,..,..,..,..,..,..,..,..,..,..,..,..,..,..,36.402495,87.487134,105.88574,139.43751,166.11281,155.78115,172.80729,181.08728,182.14525,166.16705,174.29911,183.28731,..,..
Afghanistan,AFG,Bank deposits to GDP (%),GFDD.OI.02,0.7479339,1.101215,1.512195,1.088757,1.7,2.139073,1.473016,1.325365,1.695146,2.518927,2.149939,2.605586,3.414763,2.993462,2.716392,2.566761,2.561565,2.856208,2.513872,2.673701,3.080199,3.592886,..,..,..,..,..,..,..,..,..,..,..,..,..,..,..,..,..,..,..,..,..,..,..,..,9.212831,13.07231,15.5035,18.70725,19.14611,19.30889,18.08667,17.72008,17.20384,17.11684,18.96479,19.07627,18.88173,16.91687,17.64849,..
Afghanistan,AFG,Central bank assets to GDP (%),GFDD.DI.06,13.25207,16.49797,20.4187,16.30473,19.56944,13.42163,10.24127,8.952191,12.71173,14.01773,12.28697,13.13246,17.90089,16.18774,15.20262,15.76633,16.99464,14.49935,16.74431,18.29334,13.74761,17.69844,..,..,..,..,..,..,..,..,..,..,..,..,..,..,..,..,..,..,..,..,..,..,..,..,..,..,..,2.248049,1.917891,1.425788,3.233945,2.826811,2.551267,2.497572,1.992255,1.323696,0.6103021,0.0750632,0.1159692,..
Afghanistan,AFG,Credit card (% age 15+),GFDD.AI.20,..,..,..,..,..,..,..,..,..,..,..,..,..,..,..,..,..,..,..,..,..,..,..,..,..,..,..,..,..,..,..,..,..,..,..,..,..,..,..,..,..,..,..,..,..,..,..,..,..,..,..,0.825734,..,..,1.385928,..,..,1.063656,..,..,..,0
Afghanistan,AFG,Credit to government and state-owned enterprises to GDP (%),GFDD.EI.08,..,..,..,..,..,..,..,..,..,..,..,..,..,..,..,..,..,..,..,..,..,..,..,..,..,..,..,..,..,..,..,..,..,..,..,..,..,..,..,..,..,..,..,..,..,..,..,..,..,..,..,..,..,..,..,..,..,..,..,..,..,..
Afghanistan,AFG,Credit flows by fintech and bigtech companies to GDP (%),GFDD.DM.16,..,..,..,..,..,..,..,..,..,..,..,..,..,..,..,..,..,..,..,..,..,..,..,..,..,..,..,..,..,..,..,..,..,..,..,..,..,..,..,..,..,..,..,..,..,..,..,..,..,..,..,..,..,..,..,..,..,..,..,..,..,..
Afghanistan,AFG,Deposit money bank assets to deposit money bank assets and central bank assets (%),GFDD.DI.04,25.78107,21.93487,18.58995,17.42583,16.01097,22.51816,21.49897,22.27603,18.86086,18.3101,20.95181,17.68893,17.86399,19.29997,19.2198,14.04208,11.60209,12.37066,12.74476,12.73827,17.20842,12.09737,..,..,..,..,..,..,..,..,..,..,..,..,..,..,..,..,..,..,..,..,..,..,..,..,..,..,..,82.58896,86.0317,77.96436,56.26987,59.72195,59.32874,60.26381,65.52003,73.74906,84.97005,97.7129,96.25589,..
Afghanistan,AFG,Insurance company assets to GDP (%),GFDD.DI.11,..,..,..,..,..,..,..,..,..,..,..,..,..,..,..,..,..,..,..,..,..,..,..,..,..,..,..,..,..,..,..,..,..,..,..,..,..,..,..,..,..,..,..,..,..,..,..,..,..,..,..,..,..,..,..,..,..,..,..,..,..,..
Afghanistan,AFG,Gross portfolio debt assets to GDP (%),GFDD.DM.11,..,..,..,..,..,..,..,..,..,..,..,..,..,..,..,..,..,..,..,..,..,..,..,..,..,..,..,..,..,..,..,..,..,..,..,..,..,..,..,..,..,..,..,..,..,..,..,..,..,..,..,..,..,..,..,..,..,..,..,..,..,..
Afghanistan,AFG,Liquid liabilities to GDP (%),GFDD.DI.05,13.45041,14.53441,17.19512,14.4645,16.68889,15.57395,11.20794,9.342628,13.29045,15.28707,13.20332,14.03642,18.35376,18.18398,16.59227,16.99455,19.54652,21.64906,22.52572,24.54239,28.85716,31.60955,..,..,..,..,..,..,..,..,..,..,..,..,..,..,..,..,..,..,..,..,..,..,..,..,23.49449,27.73951,29.28606,33.30402,36.06937,37.24286,32.76096,33.32521,34.01956,33.82253,37.22271,36.86128,36.60749,34.9591,37.20945,..
Albania,ALB,Account at a formal financial institution (% age 15+),GFDD.AI.05,..,..,..,..,..,..,..,..,..,..,..,..,..,..,..,..,..,..,..,..,..,..,..,..,..,..,..,..,..,..,..,..,..,..,..,..,..,..,..,..,..,..,..,..,..,..,..,..,..,..,..,28.26813,..,..,37.98635,..,..,39.3175,..,..,..,44.17417
Albania,ALB,"Bank accounts per 1,000 adults",GFDD.AI.01,..,..,..,..,..,..,..,..,..,..,..,..,..,..,..,..,..,..,..,..,..,..,..,..,..,..,..,..,..,..,..,..,..,..,..,..,..,..,..,..,..,..,..,..,..,..,..,..,..,..,..,..,..,..,..,..,1109.4239,1093.8435,1051.9623,1094.8483,1133.1195,..
Albania,ALB,Bank deposits to GDP (%),GFDD.OI.02,..,..,..,..,..,..,..,..,..,..,..,..,..,..,..,..,..,..,..,..,..,..,..,..,..,..,..,..,..,..,..,..,..,..,24.24287,29.55024,31.92305,37.97531,44.48563,47.68661,45.66356,48.68773,45.41947,46.96875,49.49909,52.80478,57.65782,62.41558,57.3421,57.90776,63.32483,67.28407,69.8149,70.35517,70.04085,68.59187,68.64949,64.34592,60.41314,60.71103,67.65973,64.32858
Albania,ALB,Central bank assets to GDP (%),GFDD.DI.06,..,..,..,..,..,..,..,..,..,..,..,..,..,..,..,..,..,..,..,..,..,..,..,..,..,..,..,..,..,..,..,..,..,..,38.9519,22.53627,16.95704,28.48758,24.69372,17.07625,16.62397,14.50006,14.09178,11.97431,9.651939,9.189349,8.40533,8.215148,7.829318,7.326433,5.541931,5.343606,5.249811,5.082034,5.276285,5.354491,3.735874,3.518524,3.510658,3.389089,4.226071,3.572487
Albania,ALB,Credit card (% age 15+),GFDD.AI.20,..,..,..,..,..,..,..,..,..,..,..,..,..,..,..,..,..,..,..,..,..,..,..,..,..,..,..,..,..,..,..,..,..,..,..,..,..,..,..,..,..,..,..,..,..,..,..,..,..,..,..,10.59313,..,..,5.661906,..,..,8.016603,..,..,..,4.943792
Albania,ALB,Credit to government and state-owned enterprises to GDP (%),GFDD.EI.08,..,..,..,..,..,..,..,..,..,..,..,..,..,..,..,..,..,..,..,..,..,..,..,..,..,..,..,..,..,..,..,..,..,..,50.45245,50.31882,43.64244,33.54047,33.33377,33.59151,31.4507,30.52274,28.98522,29.23848,29.17292,27.34675,27.7209,26.78846,25.33599,24.92359,24.27309,25.2794,24.7477,26.00121,26.25305,23.90911,24.6394,24.53494,23.53838,24.00562,26.7647,..
Albania,ALB,Credit flows by fintech and bigtech companies to GDP (%),GFDD.DM.16,..,..,..,..,..,..,..,..,..,..,..,..,..,..,..,..,..,..,..,..,..,..,..,..,..,..,..,..,..,..,..,..,..,..,..,..,..,..,..,..,..,..,..,..,..,..,..,..,..,..,..,..,..,..,..,..,..,..,..,..,..,..
Albania,ALB,Deposit money bank assets to deposit money bank assets and central bank assets (%),GFDD.DI.04,..,..,..,..,..,..,..,..,..,..,..,..,..,..,..,..,..,..,..,..,..,..,..,..,..,..,..,..,..,..,..,..,..,..,58.31802,70.58632,73.44514,56.80686,60.10012,68.82464,68.60171,71.69236,71.5622,75.49699,80.08146,82.29821,85.61717,87.34673,88.56968,89.38724,91.75062,92.35944,92.38214,92.63004,92.34568,91.71468,94.06599,94.19537,93.9041,94.23023,93.56905,94.36052
Albania,ALB,Insurance company assets to GDP (%),GFDD.DI.11,..,..,..,..,..,..,..,..,..,..,..,..,..,..,..,..,..,..,..,..,..,..,..,..,..,..,..,..,..,..,..,..,..,..,..,..,..,..,..,..,..,..,..,..,1.1387429,..,1.3123111,1.3836992,1.436601,1.4185228,1.4551751,1.4891312,1.5263229,1.6176406,1.7523666,1.9249897,1.9981268,1.9720129,1.9253553,2.2937075,2.4027192,..
Albania,ALB,Gross portfolio debt assets to GDP (%),GFDD.DM.11,..,..,..,..,..,..,..,..,..,..,..,..,..,..,..,..,..,..,..,..,..,..,..,..,..,..,..,..,..,..,..,..,..,..,..,..,..,..,..,..,..,..,..,..,..,..,..,0.8419388,1.192739,1.233491,2.019677,2.462609,3.918897,5.083622,5.720746,4.51032,6.048731,5.143755,5.348466,6.262567,9.207189,..
Albania,ALB,Liquid liabilities to GDP (%),GFDD.DI.05,..,..,..,..,..,..,..,..,..,..,..,..,..,..,..,..,..,..,..,..,..,..,..,..,..,..,..,..,..,..,..,..,..,..,39.76496,48.44382,46.22337,59.92533,62.23912,66.02231,65.46322,69.82247,66.85226,65.44225,68.22042,71.41761,76.36533,78.46536,75.48072,59.0378,64.35965,68.69024,71.21796,72.56398,73.43582,72.90962,74.61969,71.45648,68.48411,69.82919,77.39526,74.46411
Algeria,DZA,Account at a formal financial institution (% age 15+),GFDD.AI.05,..,..,..,..,..,..,..,..,..,..,..,..,..,..,..,..,..,..,..,..,..,..,..,..,..,..,..,..,..,..,..,..,..,..,..,..,..,..,..,..,..,..,..,..,..,..,..,..,..,..,..,33.28611,..,..,50.47579,..,..,42.77663,..,..,..,44.09702
Algeria,DZA,"Bank accounts per 1,000 adults",GFDD.AI.01,..,..,..,..,..,..,..,..,..,..,..,..,..,..,..,..,..,..,..,..,..,..,..,..,..,..,..,..,..,..,..,..,..,..,..,..,..,..,..,..,..,..,..,..,..,..,..,..,..,..,..,..,..,..,..,..,..,..,..,..,..,..
Algeria,DZA,Bank deposits to GDP (%),GFDD.OI.02,..,..,..,..,8.472102,9.034618,10.95957,15.74481,21.09704,21.98994,20.90337,21.12465,25.51581,23.35939,26.50241,30.47583,35.05826,35.01158,36.90037,33.98301,32.55385,33.10235,43.74326,46.70176,49.82228,52.07476,50.16891,56.21522,58.2298,51.68644,43.92749,33.45822,27.25068,32.59271,29.85962,24.50037,21.78938,23.91127,28.57152,28.67068,26.14624,40.59793,45.39818,45.21692,42.39005,37.78471,40.9648,46.19802,44.71291,48.66047,44.98983,43.06861,41.27208,43.42392,49.44395,49.87261,46.48419,48.7765,49.58972,48.01913,53.93711,51.51547
Algeria,DZA,Central bank assets to GDP (%),GFDD.DI.06,..,..,..,..,11.23046,12.66544,11.43051,7.436634,7.407796,8.083198,10.90491,12.92589,7.938466,2.696038,1.551544,1.491307,4.184824,7.751311,14.84215,11.45012,12.35631,5.315927,7.980732,12.65469,14.99242,14.48628,22.2323,26.38024,30.03451,26.17814,17.82918,11.66562,15.14804,23.01727,17.18489,12.14126,7.038949,6.393389,6.179602,5.051198,4.095623,3.466281,2.999089,2.740328,2.016596,1.654364,8.655043,0.0794927,0.0577167,0.0756455,0.0773756,0.0678238,0.0680435,0.0408433,0.0434778,0.0414629,0.0350779,13.20188,27.27703,32.01483,35.70337,31.21432
Algeria,DZA,Credit card (% age 15+),GFDD.AI.20,..,..,..,..,..,..,..,..,..,..,..,..,..,..,..,..,..,..,..,..,..,..,..,..,..,..,..,..,..,..,..,..,..,..,..,..,..,..,..,..,..,..,..,..,..,..,..,..,..,..,..,1.160297,..,..,6.074818,..,..,3.235607,..,..,..,2.766487
Algeria,DZA,Credit to government and state-owned enterprises to GDP (%),GFDD.EI.08,..,..,..,..,..,..,..,..,..,..,..,..,..,..,..,..,..,..,..,..,3.211077,3.382768,3.435453,3.92469,5.01402,5.766804,6.644976,6.480972,6.073627,5.110143,8.08622,3.728315,33.92069,37.28133,27.81081,30.81173,30.36467,32.57956,35.76546,37.56185,27.4194,36.22748,35.1901,31.31682,27.72717,23.84563,23.39024,21.20873,17.63616,23.55731,21.93333,21.82791,21.97769,23.34778,27.95268,33.40324,37.49484,33.82284,34.39246,38.9275,45.65574,..
Algeria,DZA,Credit flows by fintech and bigtech companies to GDP (%),GFDD.DM.16,..,..,..,..,..,..,..,..,..,..,..,..,..,..,..,..,..,..,..,..,..,..,..,..,..,..,..,..,..,..,..,..,..,..,..,..,..,..,..,..,..,..,..,..,..,..,..,..,..,..,..,..,..,..,..,..,..,..,..,..,..,..
Algeria,DZA,Deposit money bank assets to deposit money bank assets and central bank assets (%),GFDD.DI.04,..,..,..,..,44.95413,40.58244,40.74426,63.51648,72.10107,75.18571,67.00739,66.64554,82.5356,93.88017,96.92854,97.38251,93.33187,87.46246,79.38906,82.99374,80.65383,91.29498,89.12946,84.47339,82.82836,83.70199,77.50652,74.32403,71.28188,72.34232,78.3101,80.79305,73.01772,65.53322,66.63146,74.76546,83.54134,85.0892,86.70982,89.46928,89.06787,92.72879,94.04404,93.94376,95.04723,95.57029,80.39911,99.76729,99.81059,99.81031,99.79201,99.80945,99.81128,99.89756,99.90615,99.92479,99.94191,81.51266,68.52157,66.8563,67.85996,69.88885
Algeria,DZA,Insurance company assets to GDP (%),GFDD.DI.11,..,..,..,..,..,..,..,..,..,..,..,..,..,..,..,..,..,..,..,..,..,..,..,..,..,..,..,..,..,..,..,..,..,..,..,..,..,..,..,..,1.3289681,1.3070427,..,..,..,..,0.76338248,0.82648286,..,1.0963255,1.1518681,1.1421688,1.1135747,1.2059719,1.386642,1.5094342,1.5150759,1.4504262,..,..,..,..
Algeria,DZA,Gross portfolio debt assets to GDP (%),GFDD.DM.11,..,..,..,..,..,..,..,..,..,..,..,..,..,..,..,..,..,..,..,..,..,..,..,..,..,..,..,..,..,..,..,..,..,..,..,..,..,..,..,..,..,..,..,..,..,..,..,..,..,..,..,..,..,..,..,..,..,..,..,..,..,..
Algeria,DZA,Liquid liabilities to GDP (%),GFDD.DI.05,..,..,..,..,23.48546,23.61148,26.42276,30.56921,35.87379,36.5221,35.91478,38.00527,43.32005,42.5556,50.80467,55.36705,60.26257,59.55167,64.32201,62.15166,57.56246,56.99948,66.42101,70.99957,73.78439,76.76955,76.53944,82.47394,84.25798,73.01318,61.92713,48.1069,50.66121,49.10256,45.4436,36.90268,33.00584,36.08158,42.37712,42.07777,37.82976,54.33134,60.30313,60.34156,56.6909,50.17707,53.80409,60.04026,58.82249,67.40389,62.92138,60.97169,59.63226,62.83195,70.8328,74.55348,72.23631,73.84113,76.15809,74.72868,87.61681,81.3728
Andorra,AND,Account at a formal financial institution (% age 15+),GFDD.AI.05,..,..,..,..,..,..,..,..,..,..,..,..,..,..,..,..,..,..,..,..,..,..,..,..,..,..,..,..,..,..,..,..,..,..,..,..,..,..,..,..,..,..,..,..,..,..,..,..,..,..,..,..,..,..,..,..,..,..,..,..,..,..
Andorra,AND,"Bank accounts per 1,000 adults",GFDD.AI.01,..,..,..,..,..,..,..,..,..,..,..,..,..,..,..,..,..,..,..,..,..,..,..,..,..,..,..,..,..,..,..,..,..,..,..,..,..,..,..,..,..,..,..,..,..,..,..,..,..,..,..,..,..,..,..,..,..,..,..,..,..,..
Andorra,AND,Bank deposits to GDP (%),GFDD.OI.02,..,..,..,..,..,..,..,..,..,..,..,..,..,..,..,..,..,..,..,..,..,..,..,..,..,..,..,..,..,..,..,..,..,..,..,..,..,..,..,..,..,..,..,..,..,..,..,..,..,..,..,..,..,..,..,..,..,..,..,..,..,..
Andorra,AND,Central bank assets to GDP (%),GFDD.DI.06,..,..,..,..,..,..,..,..,..,..,..,..,..,..,..,..,..,..,..,..,..,..,..,..,..,..,..,..,..,..,..,..,..,..,..,..,..,..,..,..,..,..,..,..,..,..,..,..,..,..,..,..,..,..,..,..,..,..,..,..,..,..
Andorra,AND,Credit card (% age 15+),GFDD.AI.20,..,..,..,..,..,..,..,..,..,..,..,..,..,..,..,..,..,..,..,..,..,..,..,..,..,..,..,..,..,..,..,..,..,..,..,..,..,..,..,..,..,..,..,..,..,..,..,..,..,..,..,..,..,..,..,..,..,..,..,..,..,..
Andorra,AND,Credit to government and state-owned enterprises to GDP (%),GFDD.EI.08,..,..,..,..,..,..,..,..,..,..,..,..,..,..,..,..,..,..,..,..,..,..,..,..,..,..,..,..,..,..,..,..,..,..,..,..,..,..,..,..,..,..,..,..,..,..,..,..,..,..,..,..,..,..,..,..,..,..,..,..,..,..
Andorra,AND,Credit flows by fintech and bigtech companies to GDP (%),GFDD.DM.16,..,..,..,..,..,..,..,..,..,..,..,..,..,..,..,..,..,..,..,..,..,..,..,..,..,..,..,..,..,..,..,..,..,..,..,..,..,..,..,..,..,..,..,..,..,..,..,..,..,..,..,..,..,..,..,..,..,..,..,..,..,..
Andorra,AND,Deposit money bank assets to deposit money bank assets and central bank assets (%),GFDD.DI.04,..,..,..,..,..,..,..,..,..,..,..,..,..,..,..,..,..,..,..,..,..,..,..,..,..,..,..,..,..,..,..,..,..,..,..,..,..,..,..,..,..,..,..,..,..,..,..,..,..,..,..,..,..,..,..,..,..,..,..,..,..,..
Andorra,AND,Insurance company assets to GDP (%),GFDD.DI.11,..,..,..,..,..,..,..,..,..,..,..,..,..,..,..,..,..,..,..,..,..,..,..,..,..,..,..,..,..,..,..,..,..,..,..,..,..,..,..,..,..,..,..,..,..,..,..,..,..,..,..,..,..,..,..,..,..,..,..,..,..,..
Andorra,AND,Gross portfolio debt assets to GDP (%),GFDD.DM.11,..,..,..,..,..,..,..,..,..,..,..,..,..,..,..,..,..,..,..,..,..,..,..,..,..,..,..,..,..,..,..,..,..,..,..,..,..,..,..,..,..,..,..,..,..,..,..,..,..,..,..,..,..,..,..,..,..,..,..,..,..,..
Andorra,AND,Liquid liabilities to GDP (%),GFDD.DI.05,..,..,..,..,..,..,..,..,..,..,..,..,..,..,..,..,..,..,..,..,..,..,..,..,..,..,..,..,..,..,..,..,..,..,..,..,..,..,..,..,..,..,..,..,..,..,..,..,..,..,..,..,..,..,..,..,..,..,..,..,..,..
Angola,AGO,Account at a formal financial institution (% age 15+),GFDD.AI.05,..,..,..,..,..,..,..,..,..,..,..,..,..,..,..,..,..,..,..,..,..,..,..,..,..,..,..,..,..,..,..,..,..,..,..,..,..,..,..,..,..,..,..,..,..,..,..,..,..,..,..,39.20354,..,..,29.31812,..,..,..,..,..,..,..
Angola,AGO,"Bank accounts per 1,000 adults",GFDD.AI.01,..,..,..,..,..,..,..,..,..,..,..,..,..,..,..,..,..,..,..,..,..,..,..,..,..,..,..,..,..,..,..,..,..,..,..,..,..,..,..,..,..,..,..,..,..,..,..,..,..,..,..,..,..,..,..,..,..,..,..,..,..,..
Angola,AGO,Bank deposits to GDP (%),GFDD.OI.02,..,..,..,..,..,..,..,..,..,..,..,..,..,..,..,..,..,..,..,..,..,..,..,..,..,..,..,..,..,..,..,..,..,..,..,11.02488,15.52524,16.42821,17.66536,18.84872,13.94027,16.8162,12.91612,10.70298,9.946123,10.2368,12.89404,15.2673,19.40754,38.22892,31.10098,31.37027,29.04334,31.07033,33.2584,38.15775,36.74832,30.10038,29.15427,31.76875,36.41713,22.58882
Angola,AGO,Central bank assets to GDP (%),GFDD.DI.06,..,..,..,..,..,..,..,..,..,..,..,..,..,..,..,..,..,..,..,..,..,..,..,..,..,..,..,..,..,..,..,..,..,..,..,48.1068,4.638174,4.912676,13.01777,27.14766,1.873905,1.048133,4.086266,2.033262,1.340757,0.8717156,0.8352115,0.7088328,0.5139657,1.27879,0.9009507,3.527955,2.527437,1.864215,1.69617,1.78418,3.255429,4.480846,2.891808,3.041789,4.102101,3.214575
Angola,AGO,Credit card (% age 15+),GFDD.AI.20,..,..,..,..,..,..,..,..,..,..,..,..,..,..,..,..,..,..,..,..,..,..,..,..,..,..,..,..,..,..,..,..,..,..,..,..,..,..,..,..,..,..,..,..,..,..,..,..,..,..,..,15.48596,..,..,4.41287,..,..,..,..,..,..,..
Angola,AGO,Credit to government and state-owned enterprises to GDP (%),GFDD.EI.08,..,..,..,..,..,..,..,..,..,..,..,..,..,..,..,..,..,..,..,..,..,..,..,..,..,..,..,..,..,..,..,..,..,..,..,1.932988,0.1005012,0.2730568,1.773033,0.3501329,0.1784093,0.2743184,0.4632297,1.556458,2.83715,3.274846,1.639996,4.079614,12.97667,17.3223,9.437669,8.788699,7.731869,9.504602,12.7333,17.34805,20.13567,18.87967,17.8529,16.92577,20.7012,..
Angola,AGO,Credit flows by fintech and bigtech companies to GDP (%),GFDD.DM.16,..,..,..,..,..,..,..,..,..,..,..,..,..,..,..,..,..,..,..,..,..,..,..,..,..,..,..,..,..,..,..,..,..,..,..,..,..,..,..,..,..,..,..,..,..,..,..,..,..,..,..,..,..,..,..,..,..,..,..,..,..,..
Angola,AGO,Deposit money bank assets to deposit money bank assets and central bank assets (%),GFDD.DI.04,..,..,..,..,..,..,..,..,..,..,..,..,..,..,..,..,..,..,..,..,..,..,..,..,..,..,..,..,..,..,..,..,..,..,..,12.61995,41.57405,52.83687,30.42027,9.799127,53.82946,78.9985,48.81592,73.09637,84.35313,89.55731,90.61388,95.1316,97.9822,96.91541,97.37198,89.06676,92.00002,94.3792,95.05722,95.86449,92.48722,88.5927,91.82606,91.30259,89.16698,86.6516
Angola,AGO,Insurance company assets to GDP (%),GFDD.DI.11,..,..,..,..,..,..,..,..,..,..,..,..,..,..,..,..,..,..,..,..,..,..,..,..,..,..,..,..,..,..,..,..,..,..,..,..,..,..,..,..,6.4997124,3.9357375,..,..,..,1.1498227,0.90299904,1.0048041,0.79163007,1.5789696,1.7763424,1.5246655,1.2892809,1.3444123,1.4472254,1.8404996,1.331796,1.509168,1.2579609,..,..,..
Angola,AGO,Gross portfolio debt assets to GDP (%),GFDD.DM.11,..,..,..,..,..,..,..,..,..,..,..,..,..,..,..,..,..,..,..,..,..,..,..,..,..,..,..,..,..,..,..,..,..,..,..,..,..,..,..,..,..,..,..,..,..,..,..,..,..,..,..,..,0.0485466,0.0985245,0.0995673,0.0924345,0.0568023,..,0.0001972,0.0043823,0.0253272,..
Angola,AGO,Liquid liabilities to GDP (%),GFDD.DI.05,..,..,..,..,..,..,..,..,..,..,..,..,..,..,..,..,..,..,..,..,..,..,..,..,..,..,..,..,..,..,..,..,..,..,..,36.48713,27.57757,22.61548,24.43704,22.84935,17.28056,20.99253,16.07836,13.38826,12.38609,12.1416,14.62271,17.03642,21.33171,41.30714,33.87183,33.38961,31.07845,33.1903,35.67548,38.08499,36.65786,29.97325,29.02633,31.44369,35.91101,22.27298
Antigua and Barbuda,ATG,Account at a formal financial institution (% age 15+),GFDD.AI.05,..,..,..,..,..,..,..,..,..,..,..,..,..,..,..,..,..,..,..,..,..,..,..,..,..,..,..,..,..,..,..,..,..,..,..,..,..,..,..,..,..,..,..,..,..,..,..,..,..,..,..,..,..,..,..,..,..,..,..,..,..,..
Antigua and Barbuda,ATG,"Bank accounts per 1,000 adults",GFDD.AI.01,..,..,..,..,..,..,..,..,..,..,..,..,..,..,..,..,..,..,..,..,..,..,..,..,..,..,..,..,..,..,..,..,..,..,..,..,..,..,..,..,..,..,..,..,..,..,..,..,..,..,..,..,..,..,..,..,..,..,..,..,..,..
Antigua and Barbuda,ATG,Bank deposits to GDP (%),GFDD.OI.02,..,..,..,..,..,..,..,..,..,..,..,..,..,..,..,87.74725,53.83107,42.71386,41.33825,38.58807,36.66319,38.14691,39.41753,44.59871,40.10985,38.54003,37.74991,44.73005,44.46531,45.50521,45.53455,50.75365,53.88372,54.44466,53.84791,65.93112,59.23294,59.4419,63.6456,76.18304,75.15763,81.90885,84.5531,93.06409,91.63269,89.71767,88.23092,87.38882,86.3748,86.38249,92.88503,95.47834,93.22255,95.54,91.25778,90.23624,82.66156,86.84058,85.12023,80.45354,89.53429,95.10706
Antigua and Barbuda,ATG,Central bank assets to GDP (%),GFDD.DI.06,..,..,..,..,..,..,..,..,..,..,..,..,..,..,..,2.128133,3.198978,2.757583,2.638719,2.125861,2.649214,2.40449,2.604326,2.35019,5.774693,5.219296,4.731379,3.995848,3.767746,3.246508,3.690562,3.438002,2.677551,2.733828,2.458988,2.098003,1.712614,1.558974,1.362154,1.22284,1.635163,1.600032,1.184939,1.151713,0.8950353,0.8026604,0.6602126,0.1725256,0.5210768,2.998689,3.773339,3.913083,3.441777,2.986456,2.876562,2.483798,1.873888,2.081498,1.754039,1.646019,4.14262,2.945134
Antigua and Barbuda,ATG,Credit card (% age 15+),GFDD.AI.20,..,..,..,..,..,..,..,..,..,..,..,..,..,..,..,..,..,..,..,..,..,..,..,..,..,..,..,..,..,..,..,..,..,..,..,..,..,..,..,..,..,..,..,..,..,..,..,..,..,..,..,..,..,..,..,..,..,..,..,..,..,..
Antigua and Barbuda,ATG,Credit to government and state-owned enterprises to GDP (%),GFDD.EI.08,..,..,..,..,..,..,..,..,..,..,..,..,..,..,..,..,..,..,..,..,11.59318,9.214057,10.85676,8.721422,7.763505,7.384688,7.702486,9.086394,8.88684,8.717649,7.565576,6.635209,7.825176,8.913909,8.443568,12.65993,11.39449,12.28052,14.25767,16.76748,16.52571,16.33877,16.81157,15.81907,15.28802,13.70897,13.65034,14.56211,17.73754,21.51002,19.78739,20.89698,19.849,20.92076,19.71787,16.83392,14.97388,15.58815,14.774,12.96834,15.79314,..
Antigua and Barbuda,ATG,Credit flows by fintech and bigtech companies to GDP (%),GFDD.DM.16,..,..,..,..,..,..,..,..,..,..,..,..,..,..,..,..,..,..,..,..,..,..,..,..,..,..,..,..,..,..,..,..,..,..,..,..,..,..,..,..,..,..,..,..,..,..,..,..,..,..,..,..,..,..,..,..,..,..,..,..,..,..
Antigua and Barbuda,ATG,Deposit money bank assets to deposit money bank assets and central bank assets (%),GFDD.DI.04,..,..,..,..,..,..,..,..,..,..,..,..,..,..,..,97.42014,95.10333,94.84232,94.76369,95.17932,93.86597,94.59961,94.14767,95.07294,87.516,88.77271,89.58132,92.37075,92.60858,93.69859,92.87661,93.40933,95.17883,95.02234,95.02959,96.50962,97.27306,97.76413,98.10182,98.38683,97.87267,98.00859,98.59381,98.58626,98.83627,98.92703,99.15858,99.78204,99.38641,96.96188,96.32382,96.14239,96.32549,96.77686,96.59218,96.53182,97.14331,96.74314,97.05789,97.12909,94.53779,95.79548
Antigua and Barbuda,ATG,Insurance company assets to GDP (%),GFDD.DI.11,..,..,..,..,..,..,..,..,..,..,..,..,..,..,..,..,..,..,..,..,..,..,..,..,..,..,..,..,..,..,..,..,..,..,..,..,..,..,..,..,..,..,..,..,..,..,..,..,..,..,..,..,..,..,..,..,..,..,..,..,..,..
Antigua and Barbuda,ATG,Gross portfolio debt assets to GDP (%),GFDD.DM.11,..,..,..,..,..,..,..,..,..,..,..,..,..,..,..,..,..,..,..,..,..,..,..,..,..,..,..,..,..,..,..,..,..,..,..,..,..,..,..,..,..,..,..,..,..,..,..,..,..,..,..,..,..,3.881001,6.158255,8.789435,8.970002,9.049447,13.75194,15.62461,15.87312,..
Antigua and Barbuda,ATG,Liquid liabilities to GDP (%),GFDD.DI.05,..,..,..,..,..,..,..,..,..,..,..,..,..,..,..,98.579,60.61495,48.99847,47.71441,44.39047,40.96432,42.22186,43.09418,48.15144,44.47895,42.84863,41.98855,49.36938,49.23238,50.69323,50.17105,55.20625,58.63938,58.6608,57.9985,70.89125,63.21555,63.06691,67.70792,80.29391,78.95084,85.52397,88.56501,97.33987,96.19704,94.14052,92.82883,91.16595,90.23755,90.7937,97.32619,99.71274,96.97998,99.82199,95.68062,94.65948,86.98073,91.28931,89.46191,84.75455,95.27108,101.0496
Argentina,ARG,Account at a formal financial institution (% age 15+),GFDD.AI.05,..,..,..,..,..,..,..,..,..,..,..,..,..,..,..,..,..,..,..,..,..,..,..,..,..,..,..,..,..,..,..,..,..,..,..,..,..,..,..,..,..,..,..,..,..,..,..,..,..,..,..,33.13022,..,..,50.1973,..,..,47.91669,..,..,..,66.32544
Argentina,ARG,"Bank accounts per 1,000 adults",GFDD.AI.01,..,..,..,..,..,..,..,..,..,..,..,..,..,..,..,..,..,..,..,..,..,..,..,..,..,..,..,..,..,..,..,..,..,..,..,..,..,..,..,..,..,..,..,..,477.33213,508.1048,549.85009,605.41936,616.11481,641.25257,674.73194,727.22693,807.35014,862.55471,908.46915,954.5852,1067.0536,1148.1804,1214.3665,1180.7575,1357.1925,..
Argentina,ARG,Bank deposits to GDP (%),GFDD.OI.02,13.155,9.531962,7.929212,9.42909,9.625225,8.986012,9.363981,12.06791,14.02803,14.84502,16.66389,12.01447,17.99441,16.91704,19.94076,14.94668,13.87545,18.06942,19.50294,21.72721,20.65149,19.28676,16.61869,16.33245,17.80511,13.46231,15.5764,18.07772,21.25493,14.48466,8.203477,7.670068,10.30013,14.96205,16.4086,15.81596,18.37803,21.91824,24.13389,26.59892,27.4253,23.75952,22.67097,23.01494,21.34349,21.15076,20.53297,20.38741,17.04823,18.42547,18.47964,17.38624,19.13465,19.42729,18.85372,20.49133,21.89971,21.84118,..,..,..,..
Argentina,ARG,Central bank assets to GDP (%),GFDD.DI.06,6.919683,5.934996,5.770965,6.509623,6.759912,6.205122,6.852505,5.983984,5.771163,4.936151,5.165806,5.40651,5.038436,6.555353,8.283086,9.22571,4.651208,4.779768,4.256214,2.208432,3.303302,6.495458,6.579522,15.22258,10.64605,13.4803,12.49276,20.63422,15.88376,14.63749,7.739184,6.013886,4.091106,4.833725,3.247589,3.293852,3.021462,2.686419,2.398412,2.239735,2.627652,7.627637,18.30924,16.64876,13.50976,9.533546,7.684721,6.489634,6.087299,7.793949,8.508353,9.456132,12.56017,14.93377,16.19815,20.30259,17.93329,16.70644,..,..,..,..
Argentina,ARG,Credit card (% age 15+),GFDD.AI.20,..,..,..,..,..,..,..,..,..,..,..,..,..,..,..,..,..,..,..,..,..,..,..,..,..,..,..,..,..,..,..,..,..,..,..,..,..,..,..,..,..,..,..,..,..,..,..,..,..,..,..,21.94089,..,..,26.5757,..,..,23.96857,..,..,..,28.88744
Argentina,ARG,Credit to government and state-owned enterprises to GDP (%),GFDD.EI.08,..,..,..,..,..,..,..,..,..,..,..,..,..,..,..,..,..,..,..,..,4.382356,8.616192,10.58918,6.973697,7.545782,5.363033,5.71918,7.98205,7.768068,30.3209,10.02583,5.873475,4.842083,5.566902,4.312179,6.024972,6.71905,6.987295,7.780574,9.842758,10.00827,11.03507,30.0964,25.2529,21.28682,17.28298,12.3748,9.252244,7.591312,9.102528,9.212341,7.300521,7.218622,6.672659,8.512298,8.637283,8.797899,8.794333,..,..,..,..
Argentina,ARG,Credit flows by fintech and bigtech companies to GDP (%),GFDD.DM.16,..,..,..,..,..,..,..,..,..,..,..,..,..,..,..,..,..,..,..,..,..,..,..,..,..,..,..,..,..,..,..,..,..,..,..,..,..,..,..,..,..,..,..,..,..,..,..,..,..,..,..,..,..,0.0001449,0.000323,0.0013787,0.0020429,0.0100835,0.0368946,0.1013916,..,..
Argentina,ARG,Deposit money bank assets to deposit money bank assets and central bank assets (%),GFDD.DI.04,63.88889,68.67088,66.30137,64.05229,62.78714,63.93245,62.98293,65.76126,70.6109,74.76636,75.44554,77.5,77.41935,75.39682,71.72775,67.27605,75.42591,79.60012,83.74387,92.12978,88.77007,85.50426,86.43028,68.7775,74.45351,61.55791,62.88473,57.19849,62.57414,82.42445,76.00864,74.85148,82.73595,82.59678,88.1969,88.64128,89.79807,91.39813,92.8978,93.81606,92.66087,80.35063,71.17622,68.30187,69.5024,74.39522,75.67504,77.11217,76.12947,73.02737,71.66055,68.78857,63.55997,59.4109,57.5713,52.80787,55.11782,59.13359,..,..,..,..
Argentina,ARG,Insurance company assets to GDP (%),GFDD.DI.11,..,..,..,..,..,..,..,..,..,..,..,..,..,..,..,..,..,..,..,..,..,..,..,..,..,..,..,..,..,..,..,..,..,..,..,..,..,..,..,..,..,..,..,3.1512904,..,2.7800137,2.5514999,2.3670138,2.1588382,4.1934472,3.6718595,3.4627901,3.5141532,3.5788956,3.662619,3.723205,4.0729809,4.1231627,4.0716393,3.9256888,4.9763954,..
Argentina,ARG,Gross portfolio debt assets to GDP (%),GFDD.DM.11,..,..,..,..,..,..,..,..,..,..,..,..,..,..,..,..,..,..,..,..,..,..,..,..,..,..,..,..,..,..,..,..,..,..,..,..,..,..,..,12.11959,12.36053,0.4397853,0.7970141,0.6755517,0.5685446,0.0573544,6.653821,4.940852,3.537721,4.286835,3.04032,2.380793,2.19554,2.201457,2.38094,2.220724,2.578762,3.200502,5.224435,6.579714,7.086075,..
Argentina,ARG,Liquid liabilities to GDP (%),GFDD.DI.05,21.21529,16.7259,14.45087,16.25433,16.27386,15.56469,16.63229,19.30116,21.58242,22.35893,24.62923,18.62242,23.39274,23.89532,25.61621,21.69846,18.96638,25.188,27.67809,28.87472,28.03354,27.2166,21.82222,21.60124,22.29856,17.56601,19.94299,22.45471,25.63935,20.24382,11.53333,10.61703,13.80395,19.38437,20.95711,20.24592,22.8161,26.57754,28.75975,31.54247,31.96427,27.18917,27.94328,30.11629,28.35122,28.69066,28.09301,27.91623,23.52055,25.38139,25.3695,24.3777,27.15824,27.17935,25.80884,27.67599,28.35506,28.47554,..,..,..,..
Armenia,ARM,Account at a formal financial institution (% age 15+),GFDD.AI.05,..,..,..,..,..,..,..,..,..,..,..,..,..,..,..,..,..,..,..,..,..,..,..,..,..,..,..,..,..,..,..,..,..,..,..,..,..,..,..,..,..,..,..,..,..,..,..,..,..,..,..,17.48687,..,..,17.23996,..,..,45.32882,..,..,..,52.24694
Armenia,ARM,"Bank accounts per 1,000 adults",GFDD.AI.01,..,..,..,..,..,..,..,..,..,..,..,..,..,..,..,..,..,..,..,..,..,..,..,..,..,..,..,..,..,..,..,..,..,..,..,..,..,..,..,..,..,..,..,..,..,..,..,..,..,..,..,..,..,..,..,..,..,..,..,..,..,..
Armenia,ARM,Bank deposits to GDP (%),GFDD.OI.02,..,..,..,..,..,..,..,..,..,..,..,..,..,..,..,..,..,..,..,..,..,..,..,..,..,..,..,..,..,..,..,..,60.45182,52.00778,7.215638,2.870734,2.932779,4.025395,5.660985,6.727925,8.920513,7.90273,9.026091,8.686297,9.783193,9.830217,10.28022,11.56925,10.9683,16.89125,17.15008,20.40175,22.48065,25.408,27.37659,29.89857,34.99961,37.92698,37.32541,38.85471,43.03131,44.77929
Armenia,ARM,Central bank assets to GDP (%),GFDD.DI.06,..,..,..,..,..,..,..,..,..,..,..,..,..,..,..,..,..,..,..,..,..,..,..,..,..,..,..,..,..,..,..,..,17.52407,37.5355,5.097693,2.034157,4.230324,2.050281,1.892713,1.873638,1.015706,0.9267392,0.3046139,0.1092835,0.4400731,0.3585918,0.2527305,0.2427824,0.3469448,1.398111,1.068146,1.335358,1.377574,1.393844,1.818699,2.168129,2.903821,2.835073,2.95718,2.869284,3.158039,2.757384
Armenia,ARM,Credit card (% age 15+),GFDD.AI.20,..,..,..,..,..,..,..,..,..,..,..,..,..,..,..,..,..,..,..,..,..,..,..,..,..,..,..,..,..,..,..,..,..,..,..,..,..,..,..,..,..,..,..,..,..,..,..,..,..,..,..,2.342289,..,..,5.495875,..,..,8.104084,..,..,..,9.216752
Armenia,ARM,Credit to government and state-owned enterprises to GDP (%),GFDD.EI.08,..,..,..,..,..,..,..,..,..,..,..,..,..,..,..,..,..,..,..,..,..,..,..,..,..,..,..,..,..,..,..,..,2.97237,4.718245,0.1789965,0.0677518,0.8869739,1.143524,1.615684,1.242357,1.63772,2.533371,2.5647,2.247082,2.106334,2.039028,1.80014,1.854778,2.30224,3.403679,4.131875,4.604,4.770957,5.60254,5.421659,5.645603,9.064874,9.202452,9.563656,9.777077,14.76592,..
Armenia,ARM,Credit flows by fintech and bigtech companies to GDP (%),GFDD.DM.16,..,..,..,..,..,..,..,..,..,..,..,..,..,..,..,..,..,..,..,..,..,..,..,..,..,..,..,..,..,..,..,..,..,..,..,..,..,..,..,..,..,..,..,..,..,..,..,..,..,..,..,..,..,..,..,..,..,..,..,..,..,..
Armenia,ARM,Deposit money bank assets to deposit money bank assets and central bank assets (%),GFDD.DI.04,..,..,..,..,..,..,..,..,..,..,..,..,..,..,..,..,..,..,..,..,..,..,..,..,..,..,..,..,..,..,..,..,71.2442,27.41151,68.82557,78.28555,60.61339,77.76727,82.66435,84.18128,91.92784,91.55433,96.8248,98.63291,95.32157,96.53049,97.65753,98.4414,98.2949,95.18204,96.74907,96.68084,96.93913,97.10075,96.66087,95.78315,95.01034,95.34318,95.46054,95.90026,96.36973,96.53829
Armenia,ARM,Insurance company assets to GDP (%),GFDD.DI.11,..,..,..,..,..,..,..,..,..,..,..,..,..,..,..,..,..,..,..,..,..,..,..,..,..,..,..,..,..,..,..,..,..,..,..,..,..,..,..,..,..,..,..,..,..,..,0.31924609,..,0.32738748,0.54055018,0.7402442,0.83226089,0.8989025,1.0976887,0.89923176,0.81548852,0.92110165,0.88975509,0.85901686,1.0226918,1.1029234,..
Armenia,ARM,Gross portfolio debt assets to GDP (%),GFDD.DM.11,..,..,..,..,..,..,..,..,..,..,..,..,..,..,..,..,..,..,..,..,..,..,..,..,..,..,..,..,..,..,..,..,..,..,..,..,..,..,..,0.0015822,0.8473122,0.2513933,0.0024786,0.0028463,0.0038059,0.0541573,0.0504649,0.028532,0.0007436,0.1185376,0.1299486,0.1128427,0.1097829,0.1443061,0.1318372,0.16238,0.1982349,0.2361709,0.1336541,0.2349519,0.0876051,..
Armenia,ARM,Liquid liabilities to GDP (%),GFDD.DI.05,..,..,..,..,..,..,..,..,..,..,..,..,..,..,..,..,..,..,..,..,..,..,..,..,..,..,..,..,..,..,..,..,79.87205,74.81403,13.09741,7.707154,8.222912,8.733553,10.05222,11.08458,14.70446,13.44959,15.55161,14.39199,14.98692,16.29842,18.28698,21.95241,19.84799,16.69308,17.14887,20.17364,22.17836,25.05049,26.95733,29.40799,34.51529,37.36695,36.79517,37.60079,41.53059,42.45831
Aruba,ABW,Account at a formal financial institution (% age 15+),GFDD.AI.05,..,..,..,..,..,..,..,..,..,..,..,..,..,..,..,..,..,..,..,..,..,..,..,..,..,..,..,..,..,..,..,..,..,..,..,..,..,..,..,..,..,..,..,..,..,..,..,..,..,..,..,..,..,..,..,..,..,..,..,..,..,..
Aruba,ABW,"Bank accounts per 1,000 adults",GFDD.AI.01,..,..,..,..,..,..,..,..,..,..,..,..,..,..,..,..,..,..,..,..,..,..,..,..,..,..,..,..,..,..,..,..,..,..,..,..,..,..,..,..,..,..,..,..,..,..,..,..,..,..,..,..,..,..,..,..,..,..,..,..,..,..
Aruba,ABW,Bank deposits to GDP (%),GFDD.OI.02,..,..,..,..,..,..,..,..,..,..,..,..,..,..,..,..,..,..,..,..,..,..,..,..,..,..,38.81721,45.31042,44.64297,46.91856,49.63587,51.45119,53.37284,49.85363,49.58435,48.18968,48.59514,45.50193,47.81631,50.73794,47.85699,49.85022,53.92677,57.02629,53.03474,53.6046,52.46921,49.86539,55.13926,65.35717,67.81293,62.99598,68.74087,62.98694,65.01788,67.19653,73.38168,71.77642,71.7943,80.60335,111.0538,..
Aruba,ABW,Central bank assets to GDP (%),GFDD.DI.06,..,..,..,..,..,..,..,..,..,..,..,..,..,..,..,..,..,..,..,..,..,..,..,..,..,..,..,..,..,..,..,..,..,..,..,..,..,..,..,..,..,..,..,..,..,..,..,..,..,..,..,..,..,..,..,..,..,..,..,..,..,..
Aruba,ABW,Credit card (% age 15+),GFDD.AI.20,..,..,..,..,..,..,..,..,..,..,..,..,..,..,..,..,..,..,..,..,..,..,..,..,..,..,..,..,..,..,..,..,..,..,..,..,..,..,..,..,..,..,..,..,..,..,..,..,..,..,..,..,..,..,..,..,..,..,..,..,..,..
Aruba,ABW,Credit to government and state-owned enterprises to GDP (%),GFDD.EI.08,..,..,..,..,..,..,..,..,..,..,..,..,..,..,..,..,..,..,..,..,..,..,..,..,..,..,..,..,..,..,..,..,..,..,..,1.560054,2.406194,2.169864,1.875893,1.992444,1.296258,1.814535,1.895412,2.313258,2.128216,3.003044,2.750536,2.756739,1.693161,2.75849,5.64868,6.069483,6.9048,6.888963,6.641898,6.974511,7.531773,9.94719,10.34001,9.415532,10.7687,..
Aruba,ABW,Credit flows by fintech and bigtech companies to GDP (%),GFDD.DM.16,..,..,..,..,..,..,..,..,..,..,..,..,..,..,..,..,..,..,..,..,..,..,..,..,..,..,..,..,..,..,..,..,..,..,..,..,..,..,..,..,..,..,..,..,..,..,..,..,..,..,..,..,..,..,..,..,..,..,..,..,..,..
Aruba,ABW,Deposit money bank assets to deposit money bank assets and central bank assets (%),GFDD.DI.04,..,..,..,..,..,..,..,..,..,..,..,..,..,..,..,..,..,..,..,..,..,..,..,..,..,..,..,..,..,..,..,..,..,..,..,..,..,..,..,..,..,..,..,..,..,..,..,..,..,..,..,..,..,..,..,..,..,..,..,..,..,..
Aruba,ABW,Insurance company assets to GDP (%),GFDD.DI.11,..,..,..,..,..,..,..,..,..,..,..,..,..,..,..,..,..,..,..,..,..,..,..,..,..,..,..,..,..,..,..,..,..,..,..,..,..,..,..,..,..,..,..,..,..,..,..,..,..,..,..,..,..,..,..,..,..,..,..,..,..,..
Aruba,ABW,Gross portfolio debt assets to GDP (%),GFDD.DM.11,..,..,..,..,..,..,..,..,..,..,..,..,..,..,..,..,..,..,..,..,..,..,..,..,..,..,..,..,..,..,..,..,..,..,..,..,..,..,..,5.35346,6.2645,5.728043,5.518045,5.353639,5.454069,5.600791,6.772841,4.053061,4.443766,6.162617,6.65132,4.824375,14.57472,11.62766,12.87479,14.65814,15.82555,18.3383,18.36735,21.13031,28.98771,..
Aruba,ABW,Liquid liabilities to GDP (%),GFDD.DI.05,..,..,..,..,..,..,..,..,..,..,..,..,..,..,..,..,..,..,..,..,..,..,..,..,..,..,43.48843,49.99553,49.15768,51.00217,54.34376,56.63101,57.97995,54.25106,53.70507,52.81032,52.73498,49.4143,51.61959,54.98654,51.59887,54.20418,57.90205,60.5792,56.37475,57.3309,56.37428,53.54505,58.78377,69.20825,71.82883,66.89094,73.03748,67.3776,69.58105,71.73654,78.00833,76.60137,76.35977,84.86919,118.0107,..
Australia,AUS,Account at a formal financial institution (% age 15+),GFDD.AI.05,..,..,..,..,..,..,..,..,..,..,..,..,..,..,..,..,..,..,..,..,..,..,..,..,..,..,..,..,..,..,..,..,..,..,..,..,..,..,..,..,..,..,..,..,..,..,..,..,..,..,..,99.06484,..,..,98.85957,..,..,99.51937,..,..,..,99.32315
Australia,AUS,"Bank accounts per 1,000 adults",GFDD.AI.01,..,..,..,..,..,..,..,..,..,..,..,..,..,..,..,..,..,..,..,..,..,..,..,..,..,..,..,..,..,..,..,..,..,..,..,..,..,..,..,..,..,..,..,..,..,..,..,..,..,..,..,..,..,..,..,..,..,..,..,..,..,..
Australia,AUS,Bank deposits to GDP (%),GFDD.OI.02,37.83342,39.52956,40.48138,41.42963,42.45705,41.8818,42.11798,41.47297,40.66265,39.56303,37.21048,36.52345,40.093,41.28442,37.40873,38.698,37.00478,34.96449,34.98105,34.04488,34.39448,32.98975,32.72313,34.17916,33.777,36.14562,36.36415,37.57864,39.31759,46.57358,49.45393,49.46559,51.22646,51.42921,53.4937,54.85179,57.46983,58.39319,60.02831,63.73865,61.20855,65.48318,64.64081,68.97218,71.54565,72.17911,77.21548,92.80511,97.17364,95.52926,96.82464,97.26168,100.9846,89.02343,91.76347,114.2654,99.57438,98.81499,96.86491,99.6646,119.3671,112.089
Australia,AUS,Central bank assets to GDP (%),GFDD.DI.06,6.885134,5.630146,5.611384,3.835626,3.93514,4.229285,3.490007,3.427068,3.829334,3.884793,2.948006,1.474601,0.6168594,1.057547,1.60436,3.631555,5.243477,4.972406,4.536359,5.147505,4.665756,4.716284,2.231496,1.94844,2.581727,3.463998,3.385705,2.630451,1.521819,1.165933,1.03557,1.320874,3.30217,3.133325,2.791524,3.457167,5.640114,3.20614,3.919752,2.303778,2.742744,2.776591,2.719793,1.477025,2.048137,2.485448,3.569952,5.306197,7.724904,3.980875,2.94556,3.485947,3.457737,0.5465533,0.4422458,0.628998,0.8312989,0.2916736,0.2914547,0.6288911,6.530169,16.27579
Australia,AUS,Credit card (% age 15+),GFDD.AI.20,..,..,..,..,..,..,..,..,..,..,..,..,..,..,..,..,..,..,..,..,..,..,..,..,..,..,..,..,..,..,..,..,..,..,..,..,..,..,..,..,..,..,..,..,..,..,..,..,..,..,..,64.23053,..,..,58.55597,..,..,59.68604,..,..,..,51.40584
Australia,AUS,Credit to government and state-owned enterprises to GDP (%),GFDD.EI.08,..,..,..,..,..,..,..,..,..,..,..,..,..,..,..,..,..,..,..,..,10.66309,9.550774,9.44961,10.50779,9.374846,8.796906,9.202367,8.74511,8.28561,8.269371,6.693606,7.286759,8.018877,7.780036,6.579115,6.199163,5.453919,4.308003,4.426487,5.380105,3.494582,3.279795,1.541326,0.631914,0.6579282,0.0724713,0.3330462,0.5079235,1.326674,2.71856,2.669095,1.980783,2.682297,3.45871,4.483651,4.127151,6.411894,6.985651,7.18494,15.97972,20.52884,..
Australia,AUS,Credit flows by fintech and bigtech companies to GDP (%),GFDD.DM.16,..,..,..,..,..,..,..,..,..,..,..,..,..,..,..,..,..,..,..,..,..,..,..,..,..,..,..,..,..,..,..,..,..,..,..,..,..,..,..,..,..,..,..,..,..,..,..,..,..,..,..,..,..,0,0,0,0,0,0,0,..,..
Australia,AUS,Deposit money bank assets to deposit money bank assets and central bank assets (%),GFDD.DI.04,83.07536,86.28216,86.53961,90.74549,90.71013,90.13941,91.98092,92.092,91.1157,90.85258,92.61692,96.15821,98.4863,97.47832,96.01917,91.57048,88.00584,88.18056,89.26868,87.85213,88.67325,88.17525,94.03079,95.08536,93.65646,92.64977,93.3978,94.89061,97.16571,98.22222,98.45472,98.07352,95.40834,95.68945,96.2251,95.52442,93.01648,96.02564,95.41187,97.43126,96.97637,96.97147,97.05864,98.49306,97.98875,97.66978,96.84608,95.70463,94.06898,97.02641,97.71706,97.25514,97.32871,99.56694,99.66566,99.55341,99.43216,99.79808,99.79701,99.57968,96.16393,90.10329
Australia,AUS,Insurance company assets to GDP (%),GFDD.DI.11,..,..,..,..,..,..,..,..,..,..,..,..,..,..,..,..,..,..,..,..,..,..,..,..,..,..,..,..,22.75362,24.163723,22.253151,29.352359,29.495974,35.597507,32.432713,33.360287,34.3311,36.689327,40.038715,40.676507,40.318719,39.977482,38.694104,40.821606,41.128428,41.687021,41.797768,40.83767,31.955729,25.277375,24.174589,22.679142,23.06888,23.924442,24.418159,24.45516,19.809376,18.656916,18.008234,15.038173,12.587086,..
Australia,AUS,Gross portfolio debt assets to GDP (%),GFDD.DM.11,..,..,..,..,..,..,..,..,..,..,..,..,..,..,..,..,..,..,..,..,..,..,..,..,..,..,..,..,..,..,..,..,..,..,..,..,..,..,..,3.849459,4.269536,5.252617,6.290747,6.958555,8.134494,8.592144,11.94991,13.95636,9.519105,15.04455,15.21025,13.12955,14.68328,14.38993,16.04129,19.25297,19.68271,20.09402,19.42889,20.23037,23.00162,..
Australia,AUS,Liquid liabilities to GDP (%),GFDD.DI.05,42.74707,44.37189,45.10323,45.6405,46.37558,45.36222,45.68391,44.98676,44.13907,43.01763,40.6705,40.00071,43.66758,44.85868,41.00197,42.34594,40.46746,38.50515,38.55415,37.49274,37.89145,36.3766,36.02604,37.66175,37.28153,39.61271,39.8849,41.13747,42.87613,49.93528,52.93701,53.1712,55.02199,55.24174,57.29232,58.59998,61.13884,62.13887,63.85616,67.67393,65.16219,69.4108,68.46848,72.77219,75.21812,75.80177,80.85426,96.33713,100.8554,99.17868,100.337,100.7246,104.5469,103.3396,107.5636,112.2473,115.3947,113.7333,110.7433,120.0056,138.2031,133.4562
Austria,AUT,Account at a formal financial institution (% age 15+),GFDD.AI.05,..,..,..,..,..,..,..,..,..,..,..,..,..,..,..,..,..,..,..,..,..,..,..,..,..,..,..,..,..,..,..,..,..,..,..,..,..,..,..,..,..,..,..,..,..,..,..,..,..,..,..,97.08174,..,..,96.73406,..,..,98.16366,..,..,..,99.95072
Austria,AUT,"Bank accounts per 1,000 adults",GFDD.AI.01,..,..,..,..,..,..,..,..,..,..,..,..,..,..,..,..,..,..,..,..,..,..,..,..,..,..,..,..,..,..,..,..,..,..,..,..,..,..,..,..,..,..,..,..,..,..,..,..,..,..,..,..,..,..,..,..,..,..,..,..,..,..
Austria,AUT,Bank deposits to GDP (%),GFDD.OI.02,30.44629,30.56935,33.44609,35.16902,37.17899,38.83187,39.56836,41.32227,42.87534,44.7288,45.31555,47.00262,47.65042,47.93917,47.87931,54.20435,58.13264,57.53389,62.61414,61.84458,65.31738,68.10561,70.7626,69.52184,70.81921,71.44913,73.94327,76.66373,77.33559,77.60552,79.49242,79.71865,80.67113,82.38322,82.67746,82.9093,82.3022,81.41349,..,..,..,59.85461,59.45619,62.35132,62.64009,66.70157,68.62267,76.13723,81.35735,80.91889,78.3188,77.50291,77.47205,78.45667,79.16259,80.6018,82.47103,83.49722,85.72352,86.65724,99.77829,98.20541
Austria,AUT,Central bank assets to GDP (%),GFDD.DI.06,1.137623,1.3361,0.9411935,1.123417,2.240588,1.935763,2.205739,2.019496,1.995633,1.849908,1.609959,1.035384,0.980922,0.9614136,0.8600426,0.8701602,0.8068283,0.7292919,0.6911736,0.6013738,0.557538,0.5100312,0.5066374,0.514478,0.5332613,0.4863433,0.4241429,0.3841751,0.3758602,0.3807479,0.4035481,0.4113044,0.4110166,0.4153689,0.4146906,0.3954007,0.4234382,0.4471487,..,..,..,0.5819359,0.6385233,0.6059639,0.5710796,0.556135,0.5593225,0.5468733,0.5272976,0.7866853,0.8651659,0.9712088,1.099943,1.157729,1.040084,4.245227,8.933805,12.9101,13.70257,13.76236,21.23953,24.53596
Austria,AUT,Credit card (% age 15+),GFDD.AI.20,..,..,..,..,..,..,..,..,..,..,..,..,..,..,..,..,..,..,..,..,..,..,..,..,..,..,..,..,..,..,..,..,..,..,..,..,..,..,..,..,..,..,..,..,..,..,..,..,..,..,..,38.91835,..,..,40.16903,..,..,46.55056,..,..,..,58.98505
Austria,AUT,Credit to government and state-owned enterprises to GDP (%),GFDD.EI.08,..,..,..,..,..,..,..,..,..,..,..,..,..,..,..,..,..,..,..,..,..,..,..,..,..,..,..,..,..,..,..,..,..,..,..,..,..,..,..,..,..,19.82496,18.45545,17.24384,17.24378,15.16875,13.69367,11.73154,11.25673,13.87982,15.03025,15.31268,16.29264,16.01895,18.83438,17.89733,17.07428,14.44573,13.01943,11.29583,11.38536,..
Austria,AUT,Credit flows by fintech and bigtech companies to GDP (%),GFDD.DM.16,..,..,..,..,..,..,..,..,..,..,..,..,..,..,..,..,..,..,..,..,..,..,..,..,..,..,..,..,..,..,..,..,..,..,..,..,..,..,..,..,..,..,..,..,..,..,..,..,..,..,..,..,..,0,0,0,0,0,0,0,..,..
Austria,AUT,Deposit money bank assets to deposit money bank assets and central bank assets (%),GFDD.DI.04,97.31796,96.81081,97.78894,97.39823,95.04241,95.96039,95.56786,96.03314,96.1439,96.59628,97.04441,98.18149,98.35354,98.38702,98.55783,98.66209,98.89569,99.04929,99.16089,99.31555,99.38643,99.45934,99.46791,99.47264,99.47607,99.53109,99.60735,99.66384,99.67842,99.67992,99.66641,99.66095,99.65913,99.6599,99.66772,99.68716,99.66881,99.65756,..,..,..,99.4696,99.40418,99.42455,99.45737,99.49312,99.48384,99.47858,99.5085,99.29803,99.24165,99.13289,99.01134,98.94111,99.02843,96.05431,91.79284,88.37923,87.62776,87.5593,83.08873,80.9291
Austria,AUT,Insurance company assets to GDP (%),GFDD.DI.11,..,..,..,..,..,..,..,..,..,..,..,..,..,..,..,..,..,..,..,..,..,8.2223423,8.691718,9.3736617,10.089271,10.588522,11.183955,11.841071,12.587191,13.022222,13.823467,14.348552,15.545346,17.185327,18.059288,22.387905,24.168833,25.226818,25.345994,26.04751,25.561022,25.872341,26.510752,27.397247,28.274094,30.177812,30.74142,30.928777,31.421334,33.747724,34.797494,33.52383,33.673019,33.826778,33.743818,32.657489,31.850782,30.77817,29.245375,28.610834,30.547854,..
Austria,AUT,Gross portfolio debt assets to GDP (%),GFDD.DM.11,..,..,..,..,..,..,..,..,..,..,..,..,..,..,..,..,..,..,..,..,..,..,..,..,..,..,..,..,..,..,..,..,..,..,..,..,..,..,..,..,..,..,..,..,..,69.79535,78.75837,78.31809,61.92836,71.0022,68.40191,56.98211,60.46493,58.83225,54.12861,54.62779,50.89294,53.28486,44.85585,47.27823,56.30671,..
Austria,AUT,Liquid liabilities to GDP (%),GFDD.DI.05,41.77935,41.96144,44.9591,46.56762,48.35509,49.8053,50.38969,52.06148,53.28046,54.75449,54.56074,56.07456,56.75208,56.72064,56.05039,62.50232,66.03432,65.09361,70.35921,69.39311,72.82845,75.25896,77.66619,76.64726,77.70912,78.03343,80.43411,83.21547,83.92274,84.29564,86.0817,86.29119,87.25677,89.1459,89.48821,89.84735,89.33806,88.3004,..,..,..,67.25785,66.40881,69.72639,70.50771,75.47496,77.84402,86.31971,93.08521,92.80804,89.42335,89.11066,89.23405,90.11607,91.55746,92.4315,94.41205,95.45703,98.30187,99.7585,113.84,111.6937
Azerbaijan,AZE,Account at a formal financial institution (% age 15+),GFDD.AI.05,..,..,..,..,..,..,..,..,..,..,..,..,..,..,..,..,..,..,..,..,..,..,..,..,..,..,..,..,..,..,..,..,..,..,..,..,..,..,..,..,..,..,..,..,..,..,..,..,..,..,..,14.90085,..,..,29.15149,..,..,28.5712,..,..,..,..
Azerbaijan,AZE,"Bank accounts per 1,000 adults",GFDD.AI.01,..,..,..,..,..,..,..,..,..,..,..,..,..,..,..,..,..,..,..,..,..,..,..,..,..,..,..,..,..,..,..,..,..,..,..,..,..,..,..,..,..,..,..,..,..,93.215626,143.84426,194.29824,262.52724,303.95491,360.85831,401.75187,465.08815,542.1043,625.70853,..,..,..,..,..,..,..
Azerbaijan,AZE,Bank deposits to GDP (%),GFDD.OI.02,..,..,..,..,..,..,..,..,..,..,..,..,..,..,..,..,..,..,..,..,..,..,..,..,..,..,..,..,..,..,..,..,27.06712,27.12726,40.99598,6.625,4.895073,6.177396,5.031063,5.519832,10.35141,7.274234,7.131471,7.966603,11.21319,9.602674,10.6011,10.53083,10.30817,11.7887,11.66878,12.84193,13.5728,14.757,17.96975,30.1953,23.9799,21.29025,20.24986,23.34538,25.40542,25.51517
Azerbaijan,AZE,Central bank assets to GDP (%),GFDD.DI.06,..,..,..,..,..,..,..,..,..,..,..,..,..,..,..,..,..,..,..,..,..,..,..,..,..,..,..,..,..,..,..,..,10.82866,16.47394,22.94589,3.204951,3.115428,2.336839,11.08779,13.59846,10.46353,7.148462,2.313797,1.769408,1.584919,1.09412,0.7722339,0.6154211,0.37788,1.194263,3.538318,4.133821,4.652788,4.328994,4.286025,7.616041,4.534999,0.1518342,0.0921676,0.056782,0.3399442,0.4096768
Azerbaijan,AZE,Credit card (% age 15+),GFDD.AI.20,..,..,..,..,..,..,..,..,..,..,..,..,..,..,..,..,..,..,..,..,..,..,..,..,..,..,..,..,..,..,..,..,..,..,..,..,..,..,..,..,..,..,..,..,..,..,..,..,..,..,..,2.538674,..,..,8.776902,..,..,5.299411,..,..,..,..
Azerbaijan,AZE,Credit to government and state-owned enterprises to GDP (%),GFDD.EI.08,..,..,..,..,..,..,..,..,..,..,..,..,..,..,..,..,..,..,..,..,..,..,..,..,..,..,..,..,..,..,..,..,64.92545,34.23923,36.03192,13.27283,12.82183,10.6906,9.817388,9.491925,4.635789,3.186075,2.855133,2.353045,2.120757,2.395304,1.423688,2.94989,2.747998,5.493753,4.690172,2.71781,4.297389,1.225796,1.395864,2.572971,2.950193,4.244483,2.703968,2.088393,3.51905,..
Azerbaijan,AZE,Credit flows by fintech and bigtech companies to GDP (%),GFDD.DM.16,..,..,..,..,..,..,..,..,..,..,..,..,..,..,..,..,..,..,..,..,..,..,..,..,..,..,..,..,..,..,..,..,..,..,..,..,..,..,..,..,..,..,..,..,..,..,..,..,..,..,..,..,..,..,..,..,..,..,..,..,..,..
Azerbaijan,AZE,Deposit money bank assets to deposit money bank assets and central bank assets (%),GFDD.DI.04,..,..,..,..,..,..,..,..,..,..,..,..,..,..,..,..,..,..,..,..,..,..,..,..,..,..,..,..,..,..,..,..,87.4907,72.68764,63.17562,81.85566,81.78465,84.90112,53.77463,47.80971,49.66913,53.95017,78.0393,83.82801,87.53172,91.24402,94.24583,96.40728,97.91605,95.2794,86.12627,82.80501,83.77941,85.88927,88.08544,84.3317,88.44109,99.40557,99.58922,99.76342,98.82471,98.39717
Azerbaijan,AZE,Insurance company assets to GDP (%),GFDD.DI.11,..,..,..,..,..,..,..,..,..,..,..,..,..,..,..,..,..,..,..,..,..,..,..,..,..,..,..,..,..,..,..,..,..,..,..,..,..,..,..,..,..,..,..,..,..,..,..,0.541598,0.6468453,0.76989955,0.57006947,0.69185131,0.92467262,0.98633598,1.1733128,1.9063368,2.7226499,2.4617307,2.589522,2.8998904,3.197114,..
Azerbaijan,AZE,Gross portfolio debt assets to GDP (%),GFDD.DM.11,..,..,..,..,..,..,..,..,..,..,..,..,..,..,..,..,..,..,..,..,..,..,..,..,..,..,..,..,..,..,..,..,..,..,..,..,..,..,..,..,..,..,0.0064143,0.0054972,0.2350119,0.6387113,0.5671547,0.6956248,1.127298,..,..,..,..,..,..,..,..,..,..,..,..,..
Azerbaijan,AZE,Liquid liabilities to GDP (%),GFDD.DI.05,..,..,..,..,..,..,..,..,..,..,..,..,..,..,..,..,..,..,..,..,..,..,..,..,..,..,..,..,..,..,..,..,38.59422,54.84959,55.91758,12.31527,11.26034,13.77847,10.72909,11.7409,15.96689,12.82303,12.53423,13.56702,16.66343,13.80145,17.37833,19.71406,20.34392,23.47055,24.32229,26.69478,30.64335,33.11141,35.44669,39.14556,25.16847,23.38383,21.98402,24.90258,28.07302,28.0511
"Bahamas, The",BHS,Account at a formal financial institution (% age 15+),GFDD.AI.05,..,..,..,..,..,..,..,..,..,..,..,..,..,..,..,..,..,..,..,..,..,..,..,..,..,..,..,..,..,..,..,..,..,..,..,..,..,..,..,..,..,..,..,..,..,..,..,..,..,..,..,..,..,..,..,..,..,..,..,..,..,..
"Bahamas, The",BHS,"Bank accounts per 1,000 adults",GFDD.AI.01,..,..,..,..,..,..,..,..,..,..,..,..,..,..,..,..,..,..,..,..,..,..,..,..,..,..,..,..,..,..,..,..,..,..,..,..,..,..,..,..,..,..,..,..,..,..,..,..,..,..,..,..,..,..,..,..,..,..,..,..,..,..
"Bahamas, The",BHS,Bank deposits to GDP (%),GFDD.OI.02,..,..,..,..,..,..,..,..,..,34.04492,30.73216,30.32787,31.00356,27.90282,29.91777,34.97149,38.43638,35.53997,34.75492,29.45253,28.89987,29.96144,31.50858,32.43882,29.60168,27.38829,28.58645,30.28372,31.70446,31.51535,35.5717,38.86332,41.00354,48.55434,50.16569,51.99184,52.24439,37.08522,40.02359,39.18857,40.8384,41.77771,40.283,41.85641,44.76722,45.69753,47.64316,50.56251,53.94928,57.86839,58.88211,60.19892,56.13358,57.18806,54.14372,51.04531,53.66023,53.71826,56.56495,60.85236,81.92503,..
"Bahamas, The",BHS,Central bank assets to GDP (%),GFDD.DI.06,..,..,..,..,..,..,..,..,1.762891,1.763505,1.76089,1.866062,1.5231,0.0745268,1.533839,1.660517,2.896745,1.725105,1.790005,1.97403,3.15285,2.397476,1.799404,2.06602,2.145902,1.305641,1.274014,1.956522,1.667909,2.935989,3.521794,3.956723,4.396912,3.709573,4.40626,4.34529,4.236631,2.223501,0.9058686,0.9513431,1.59228,2.280642,2.053785,1.294238,1.650969,1.52193,1.874646,3.276406,1.933308,2.024652,2.811943,3.089491,3.878954,5.20635,5.172098,4.476914,6.03396,3.458488,4.205272,3.602228,2.737275,5.656654
"Bahamas, The",BHS,Credit card (% age 15+),GFDD.AI.20,..,..,..,..,..,..,..,..,..,..,..,..,..,..,..,..,..,..,..,..,..,..,..,..,..,..,..,..,..,..,..,..,..,..,..,..,..,..,..,..,..,..,..,..,..,..,..,..,..,..,..,..,..,..,..,..,..,..,..,..,..,..
"Bahamas, The",BHS,Credit to government and state-owned enterprises to GDP (%),GFDD.EI.08,..,..,..,..,..,..,..,..,..,..,..,..,..,..,..,..,..,..,..,..,7.938295,7.956541,9.383518,9.193218,7.451867,5.69656,5.658243,5.445839,7.242986,7.893537,9.248267,10.72269,10.63365,13.5317,11.31022,11.0907,10.95041,6.873902,8.575751,8.41893,7.182595,7.529606,8.438083,9.405771,8.916339,8.93028,8.519509,8.292255,11.40129,12.87923,20.44933,20.25251,19.95035,23.05642,21.10485,22.47167,22.72276,23.40347,21.28614,21.78745,26.94732,..
"Bahamas, The",BHS,Credit flows by fintech and bigtech companies to GDP (%),GFDD.DM.16,..,..,..,..,..,..,..,..,..,..,..,..,..,..,..,..,..,..,..,..,..,..,..,..,..,..,..,..,..,..,..,..,..,..,..,..,..,..,..,..,..,..,..,..,..,..,..,..,..,..,..,..,..,..,..,..,..,..,..,..,..,..
"Bahamas, The",BHS,Deposit money bank assets to deposit money bank assets and central bank assets (%),GFDD.DI.04,..,..,..,..,..,..,..,..,..,97.17682,97.48811,97.23943,96.66172,99.87392,97.09668,97.34442,94.88589,96.87341,96.40791,95.10551,91.80933,93.98734,95.36176,94.66944,93.79516,95.93398,96.21803,94.47739,95.57897,92.36129,92.15176,91.832,91.33274,93.78084,92.92924,93.31689,93.67868,95.28335,98.11723,97.98839,96.85882,95.75111,96.08155,97.47687,96.91307,97.31205,97.01983,95.14993,97.31296,97.3934,96.68356,96.40056,95.27803,93.92342,93.6199,94.24686,92.05479,95.26236,94.39702,95.03893,97.14808,..
"Bahamas, The",BHS,Insurance company assets to GDP (%),GFDD.DI.11,..,..,..,..,..,..,..,..,..,..,..,..,..,..,..,..,..,..,..,..,..,..,..,..,..,..,..,..,..,..,..,..,..,..,..,..,..,..,..,..,..,..,..,..,8.4337442,..,11.211488,11.559246,12.156565,3.5944845,13.666133,13.832351,14.043561,14.796279,15.024749,15.098286,19.326655,17.495656,15.78601,..,..,..
"Bahamas, The",BHS,Gross portfolio debt assets to GDP (%),GFDD.DM.11,..,..,..,..,..,..,..,..,..,..,..,..,..,..,..,..,..,..,..,..,..,..,..,..,..,..,..,..,..,..,..,..,..,..,..,..,..,..,..,..,..,..,..,..,..,..,..,..,..,..,..,..,..,..,..,..,..,..,..,..,..,..
"Bahamas, The",BHS,Liquid liabilities to GDP (%),GFDD.DI.05,..,..,..,..,..,..,..,..,..,37.27492,34.03151,32.99616,34.60823,36.30944,39.19987,45.62228,50.02337,47.06873,46.37194,39.36655,38.643,40.54679,42.55844,44.48292,41.86958,40.52657,42.70981,45.46795,46.81145,45.87524,48.34175,51.9549,54.63493,59.6216,60.77017,62.33012,62.51316,39.58279,42.60509,42.13369,43.92266,44.61378,43.16776,44.93755,47.91124,48.88169,50.5525,53.029,56.23885,60.31681,61.25638,62.63575,58.73327,59.77039,56.83434,53.69928,56.58449,56.16923,59.57587,63.77687,86.28373,..
Bahrain,BHR,Account at a formal financial institution (% age 15+),GFDD.AI.05,..,..,..,..,..,..,..,..,..,..,..,..,..,..,..,..,..,..,..,..,..,..,..,..,..,..,..,..,..,..,..,..,..,..,..,..,..,..,..,..,..,..,..,..,..,..,..,..,..,..,..,64.51457,..,..,81.93935,..,..,82.61285,..,..,..,..
Bahrain,BHR,"Bank accounts per 1,000 adults",GFDD.AI.01,..,..,..,..,..,..,..,..,..,..,..,..,..,..,..,..,..,..,..,..,..,..,..,..,..,..,..,..,..,..,..,..,..,..,..,..,..,..,..,..,..,..,..,..,..,..,..,..,..,..,..,..,..,..,..,..,..,..,..,..,..,..
Bahrain,BHR,Bank deposits to GDP (%),GFDD.OI.02,..,..,..,..,..,13.11004,14.80242,14.5526,16.11275,17.287,20.0892,25.82633,27.31739,27.73031,31.25534,36.69426,40.54101,34.66124,33.82444,30.39723,40.21613,51.16941,25.57594,54.79792,51.04494,60.03466,70.15693,69.34193,66.31908,66.61148,51.90411,60.36182,61.44201,59.20319,51.11194,51.89075,51.42793,53.85735,66.50957,62.97089,58.97607,64.97081,64.0789,61.54916,53.82614,54.43937,53.76995,64.651,65.49303,78.27917,76.92442,70.50736,69.02242,71.09186,73.78102,81.52178,..,..,..,..,..,..
Bahrain,BHR,Central bank assets to GDP (%),GFDD.DI.06,..,..,..,..,..,3.06073,1.619503,3.392323,5.753909,7.150242,7.866525,8.904344,3.791631,0.8839795,..,..,..,..,..,..,..,..,..,..,..,..,..,..,..,..,..,..,1.270712,2.475323,1.738445,0.5760414,0.6291915,1.588744,1.535421,0.4349351,0.6074562,1.235536,3.14652,2.792898,2.57662,2.19678,..,..,..,1.187278,..,..,..,..,..,..,..,..,..,..,..,..
Bahrain,BHR,Credit card (% age 15+),GFDD.AI.20,..,..,..,..,..,..,..,..,..,..,..,..,..,..,..,..,..,..,..,..,..,..,..,..,..,..,..,..,..,..,..,..,..,..,..,..,..,..,..,..,..,..,..,..,..,..,..,..,..,..,..,19.32017,..,..,27.55885,..,..,29.8494,..,..,..,..
Bahrain,BHR,Credit to government and state-owned enterprises to GDP (%),GFDD.EI.08,..,..,..,..,..,..,..,..,..,..,..,..,..,..,..,..,..,..,..,..,2.005374,0.9029295,1.635202,2.050581,5.743444,5.543208,10.05492,18.55663,6.82017,7.268768,8.63559,5.004017,7.653484,5.868815,5.745576,5.905796,6.27878,6.25457,8.489397,11.35747,9.458067,9.652955,8.641095,9.910771,10.47611,9.055209,8.301355,7.326384,7.147808,14.01198,16.70632,19.53974,20.41905,26.06897,27.60766,33.42087,..,..,..,..,..,..
Bahrain,BHR,Credit flows by fintech and bigtech companies to GDP (%),GFDD.DM.16,..,..,..,..,..,..,..,..,..,..,..,..,..,..,..,..,..,..,..,..,..,..,..,..,..,..,..,..,..,..,..,..,..,..,..,..,..,..,..,..,..,..,..,..,..,..,..,..,..,..,..,..,..,0,0,0,0,0,0,..,..,..
Bahrain,BHR,Deposit money bank assets to deposit money bank assets and central bank assets (%),GFDD.DI.04,..,..,..,..,..,76.17109,79.78359,68.05532,64.02499,64.88178,62.6927,68.80339,87.49543,96.70453,..,..,..,..,..,..,..,..,..,..,..,..,..,..,..,..,..,..,97.3472,95.15516,96.17491,98.67948,98.53251,96.61266,97.17067,99.2433,98.79896,97.66583,94.41373,94.90619,95.47927,96.00123,..,..,..,98.62959,..,..,..,..,..,..,..,..,..,..,..,..
Bahrain,BHR,Insurance company assets to GDP (%),GFDD.DI.11,..,..,..,..,..,..,..,..,..,..,..,..,..,..,..,..,..,..,..,..,..,..,..,..,..,..,..,..,..,..,..,..,..,..,..,..,..,..,..,..,2.2746607,2.4453961,2.5174226,2.496304,3.2536643,3.7682207,9.7852946,11.851448,9.8232807,13.328151,14.072237,13.524113,13.95358,13.881045,14.52055,17.544882,17.686899,17.619577,16.715386,17.34505,..,..
Bahrain,BHR,Gross portfolio debt assets to GDP (%),GFDD.DM.11,..,..,..,..,..,..,..,..,..,..,..,..,..,..,..,..,..,..,..,..,..,..,..,..,..,..,..,..,..,..,..,..,..,..,..,..,..,..,..,143.9062,120.038,129.9223,166.0959,167.4168,155.395,158.129,181.453,184.5375,128.4322,121.8652,101.7185,47.00643,37.64603,49.03288,48.80492,57.04959,68.14159,60.92908,60.87937,66.81054,..,..
Bahrain,BHR,Liquid liabilities to GDP (%),GFDD.DI.05,..,..,..,..,..,17.36554,20.57361,22.13727,24.80996,26.82767,30.1723,36.38814,37.46991,32.60873,35.34735,42.19571,45.68624,40.22951,40.81586,37.2246,48.48122,58.34373,32.31347,61.09029,56.36772,65.78596,77.12556,75.93312,72.37978,72.44648,58.52213,66.06821,67.31315,65.02112,55.90532,56.72131,56.22677,58.51451,71.41988,68.63206,63.28989,69.80629,72.06707,66.39626,58.23672,58.50413,58.00549,68.80865,69.59966,82.5448,81.37511,75.18573,73.21383,74.8606,77.70972,86.02027,..,..,..,..,..,..
Bangladesh,BGD,Account at a formal financial institution (% age 15+),GFDD.AI.05,..,..,..,..,..,..,..,..,..,..,..,..,..,..,..,..,..,..,..,..,..,..,..,..,..,..,..,..,..,..,..,..,..,..,..,..,..,..,..,..,..,..,..,..,..,..,..,..,..,..,..,31.74365,..,..,29.1421,..,..,40.97265,..,..,..,37.68619
Bangladesh,BGD,"Bank accounts per 1,000 adults",GFDD.AI.01,..,..,..,..,..,..,..,..,..,..,..,..,..,..,..,..,..,..,..,..,..,..,..,..,..,..,..,..,..,..,..,..,..,..,..,..,..,..,..,..,..,..,..,..,255.65298,262.28147,266.90604,271.56614,277.08819,278.99003,334.16914,477.36768,547.78492,527.00144,535.31559,653.3247,696.00938,730.77505,788.38398,849.06388,903.42721,..
Bangladesh,BGD,Bank deposits to GDP (%),GFDD.OI.02,..,..,..,..,..,..,..,..,..,..,..,..,..,..,9.919312,6.441416,9.08758,11.19004,10.44351,10.48015,9.182261,10.17094,10.25282,12.76112,14.66419,14.81671,15.4976,16.00768,16.57565,17.92846,17.58007,18.35002,18.79009,19.58475,21.39968,21.2944,21.79434,21.95865,22.25198,23.38269,25.66441,35.84621,38.51483,40.26582,41.41428,42.93893,44.9175,45.14507,45.92002,41.96027,44.91123,47.17822,49.13249,50.15551,51.09233,51.11006,50.47702,48.79554,46.7331,46.53048,48.76784,41.05363
Bangladesh,BGD,Central bank assets to GDP (%),GFDD.DI.06,..,..,..,..,..,..,..,..,..,..,..,..,..,4.909984,4.103166,2.919416,3.585617,3.703067,2.831686,2.140926,2.493188,3.611782,2.516303,2.095738,1.620555,1.602503,0.5695704,1.648216,1.090835,1.460287,1.352703,0.9365495,0.7028321,0.3185843,0.3109326,1.227035,1.931462,1.660975,2.060117,3.146513,3.212177,4.611857,3.690586,2.778259,2.635929,4.371535,5.854932,4.83223,4.229738,3.570472,2.966563,4.718326,3.505241,2.216336,1.051389,0.9186832,0.9889662,0.8308044,1.247303,1.881616,1.354722,1.070343
Bangladesh,BGD,Credit card (% age 15+),GFDD.AI.20,..,..,..,..,..,..,..,..,..,..,..,..,..,..,..,..,..,..,..,..,..,..,..,..,..,..,..,..,..,..,..,..,..,..,..,..,..,..,..,..,..,..,..,..,..,..,..,..,..,..,..,0.9480787,..,..,0.3440635,..,..,0.1999578,..,..,..,0.6213567
Bangladesh,BGD,Credit to government and state-owned enterprises to GDP (%),GFDD.EI.08,..,..,..,..,..,..,..,..,..,..,..,..,..,..,..,..,..,..,..,..,6.368244,5.831448,6.679075,6.951035,6.363968,5.820424,6.574511,5.403843,5.505899,5.427509,4.911785,5.377009,6.570136,6.912101,6.317422,5.470331,5.391018,5.958159,6.098359,6.261103,6.912153,14.23135,15.64066,15.73672,16.32961,16.17217,15.57043,15.68102,16.09514,16.93049,16.57335,16.82197,16.44076,18.00069,20.03293,19.06716,18.86758,18.98326,19.38902,20.60188,22.84131,..
Bangladesh,BGD,Credit flows by fintech and bigtech companies to GDP (%),GFDD.DM.16,..,..,..,..,..,..,..,..,..,..,..,..,..,..,..,..,..,..,..,..,..,..,..,..,..,..,..,..,..,..,..,..,..,..,..,..,..,..,..,..,..,..,..,..,..,..,..,..,..,..,..,..,..,0,0,0,0,0,1.56E-05,0,..,..
Bangladesh,BGD,Deposit money bank assets to deposit money bank assets and central bank assets (%),GFDD.DI.04,..,..,..,..,..,..,..,..,..,..,..,..,..,..,71.37738,69.99041,71.53816,76.75558,79.51948,84.29167,80.67435,76.6117,83.79196,87.69086,91.20934,91.56916,96.91857,91.25209,94.39926,93.10113,93.43985,95.32542,96.4521,98.43931,98.49447,95.03131,92.55314,93.90641,92.69092,89.29983,89.6726,89.14167,91.7943,93.71122,94.3075,91.14528,88.80506,90.77077,92.18786,93.67905,95.08096,92.60442,94.41167,96.41362,98.37241,98.5688,98.47738,98.76415,98.1496,97.21804,98.0486,98.22417
Bangladesh,BGD,Insurance company assets to GDP (%),GFDD.DI.11,..,..,..,..,..,..,..,..,..,..,..,..,..,..,..,..,..,..,..,..,..,..,..,..,..,..,..,..,..,..,..,..,..,..,..,..,..,..,..,..,1.1884161,1.2780016,1.3565155,..,..,1.5441201,1.8415348,2.0959629,2.2619533,2.463508,2.6588428,2.8213701,2.8782452,2.9179937,2.9483025,2.7559143,2.5580812,..,..,..,..,..
Bangladesh,BGD,Gross portfolio debt assets to GDP (%),GFDD.DM.11,..,..,..,..,..,..,..,..,..,..,..,..,..,..,..,..,..,..,..,..,..,..,..,..,..,..,..,..,..,..,..,..,..,..,..,..,..,..,..,..,..,..,..,..,..,0.6839333,0.8197045,0.6695654,0.5993691,0.4462419,0.764597,1.638533,1.736423,1.618868,1.898028,1.752862,1.282286,1.298381,1.22816,..,..,..
Bangladesh,BGD,Liquid liabilities to GDP (%),GFDD.DI.05,..,..,..,..,..,..,..,..,..,..,..,..,..,..,13.72832,8.353727,11.41806,14.25468,13.38644,13.13359,11.39694,12.45874,12.43477,15.46083,17.56742,17.40667,17.97355,18.56611,19.19694,20.45602,20.04674,20.69315,21.4335,22.58621,24.95404,24.84682,25.23011,25.48523,25.63172,26.96741,29.82438,40.08464,42.64104,44.31238,45.72521,47.62464,51.04605,50.94307,51.81904,54.81114,58.67525,59.73845,60.67343,61.33604,63.27856,64.45402,65.7595,65.6082,64.23696,63.63551,66.79809,56.59194
Barbados,BRB,Account at a formal financial institution (% age 15+),GFDD.AI.05,..,..,..,..,..,..,..,..,..,..,..,..,..,..,..,..,..,..,..,..,..,..,..,..,..,..,..,..,..,..,..,..,..,..,..,..,..,..,..,..,..,..,..,..,..,..,..,..,..,..,..,..,..,..,..,..,..,..,..,..,..,..
Barbados,BRB,"Bank accounts per 1,000 adults",GFDD.AI.01,..,..,..,..,..,..,..,..,..,..,..,..,..,..,..,..,..,..,..,..,..,..,..,..,..,..,..,..,..,..,..,..,..,..,..,..,..,..,..,..,..,..,..,..,..,..,..,..,..,..,..,..,..,..,..,..,..,..,..,..,..,..
Barbados,BRB,Bank deposits to GDP (%),GFDD.OI.02,..,..,..,..,..,..,40.92952,45.65495,54.41231,52.43158,52.0044,52.48629,54.12431,44.99002,38.32597,30.49329,30.58227,31.72227,35.57011,37.34663,32.67141,34.27533,35.76036,36.87852,36.74936,38.57601,38.02538,40.92415,43.1577,40.07955,45.87176,45.39665,50.01635,49.07397,50.73631,51.4898,57.02125,57.30607,55.19979,56.16288,60.09103,82.41775,93.57251,95.063,98.47265,104.0113,97.42944,111.907,111.7023,115.7696,..,..,98.95639,103.9642,105.1426,108.9389,108.7425,109.9578,111.7019,111.1238,..,..
Barbados,BRB,Central bank assets to GDP (%),GFDD.DI.06,..,..,..,..,..,..,0.7336917,0.9631845,0.8076827,1.070032,1.272484,1.623576,1.449981,2.262056,3.820583,2.815494,3.394158,6.804167,4.057206,5.668533,4.293713,5.745203,4.525844,4.2679,3.447028,3.507584,2.865082,2.463244,2.635765,3.930359,5.06301,6.545276,6.117271,5.428433,5.024728,2.500112,1.523769,1.276219,0.8826333,1.39936,0.2552705,0.8492388,0.7833574,0.6379499,1.174626,2.938997,1.802903,1.52194,3.575896,4.508293,4.070618,5.964288,5.836004,8.650041,9.907532,14.36798,21.25071,22.95815,7.726316,8.280486,9.273196,8.5973
Barbados,BRB,Credit card (% age 15+),GFDD.AI.20,..,..,..,..,..,..,..,..,..,..,..,..,..,..,..,..,..,..,..,..,..,..,..,..,..,..,..,..,..,..,..,..,..,..,..,..,..,..,..,..,..,..,..,..,..,..,..,..,..,..,..,..,..,..,..,..,..,..,..,..,..,..
Barbados,BRB,Credit to government and state-owned enterprises to GDP (%),GFDD.EI.08,..,..,..,..,..,..,..,..,..,..,..,..,..,..,..,..,..,..,..,..,7.625371,7.657091,8.603865,8.165311,9.16366,9.330921,10.25804,10.54653,10.86755,8.813615,10.63488,10.87586,14.19117,14.50703,13.95578,16.12388,19.35646,19.55914,16.31802,14.86329,17.50242,19.26345,21.74988,24.43189,25.17143,22.57559,18.37264,18.32128,18.76655,21.03143,..,..,24.71353,28.52405,28.13044,29.30662,26.63265,26.39789,22.74956,21.35205,..,..
Barbados,BRB,Credit flows by fintech and bigtech companies to GDP (%),GFDD.DM.16,..,..,..,..,..,..,..,..,..,..,..,..,..,..,..,..,..,..,..,..,..,..,..,..,..,..,..,..,..,..,..,..,..,..,..,..,..,..,..,..,..,..,..,..,..,..,..,..,..,..,..,..,..,..,..,..,..,..,..,..,..,..
Barbados,BRB,Deposit money bank assets to deposit money bank assets and central bank assets (%),GFDD.DI.04,..,..,..,..,..,..,97.95918,97.33688,97.94595,98.02539,97.86036,97.26801,97.61415,96.00784,92.12377,92.53783,91.44505,84.48031,91.03636,87.57822,89.53944,87.41988,90.18963,90.93155,92.37845,92.24748,93.62769,94.64315,94.47942,91.89702,90.24504,88.10881,89.60338,90.45274,91.32721,95.90993,97.56243,98.03757,98.58968,97.80765,99.61121,98.90067,99.02224,99.24393,98.70425,96.92336,97.98856,98.33,96.38165,95.78736,..,..,95.01568,93.02109,91.86125,88.60627,83.33997,82.64384,93.30048,92.5553,..,..
Barbados,BRB,Insurance company assets to GDP (%),GFDD.DI.11,..,..,..,..,..,..,..,..,..,..,..,..,..,..,..,..,..,..,..,..,..,..,..,..,..,..,..,..,..,..,..,..,..,..,..,..,..,..,..,..,..,..,12.190302,13.309633,16.769107,22.860541,22.004288,..,..,27.491922,27.476705,27.953716,34.07738,32.283941,32.195255,34.390219,37.629343,35.688733,34.119513,35.025275,..,..
Barbados,BRB,Gross portfolio debt assets to GDP (%),GFDD.DM.11,..,..,..,..,..,..,..,..,..,..,..,..,..,..,..,..,..,..,..,..,..,..,..,..,..,..,..,..,..,..,..,..,..,..,..,..,..,..,..,..,..,..,..,..,..,..,..,..,375.4042,348.8018,14.22906,6.430039,12.34126,12.64294,..,..,..,..,..,..,..,..
Barbados,BRB,Liquid liabilities to GDP (%),GFDD.DI.05,..,..,..,..,..,..,47.11349,51.77117,60.49118,58.4314,59.10352,58.47672,60.04923,50.64824,43.83882,34.89458,34.89399,36.74627,40.73335,42.51085,37.80206,39.3668,40.9842,42.92598,42.31562,44.12557,43.33633,46.44283,48.51453,45.01214,50.9612,50.37549,55.09275,53.82193,55.51999,56.43822,62.43542,62.6995,60.01959,61.36533,65.25494,86.52385,97.93719,99.27486,103.5308,109.1843,101.967,116.0955,116.171,121.2188,..,..,103.7819,108.4377,109.7825,113.7079,113.4448,114.6653,115.6787,114.1525,..,..
Belarus,BLR,Account at a formal financial institution (% age 15+),GFDD.AI.05,..,..,..,..,..,..,..,..,..,..,..,..,..,..,..,..,..,..,..,..,..,..,..,..,..,..,..,..,..,..,..,..,..,..,..,..,..,..,..,..,..,..,..,..,..,..,..,..,..,..,..,58.60198,..,..,71.98499,..,..,81.15588,..,..,..,..
Belarus,BLR,"Bank accounts per 1,000 adults",GFDD.AI.01,..,..,..,..,..,..,..,..,..,..,..,..,..,..,..,..,..,..,..,..,..,..,..,..,..,..,..,..,..,..,..,..,..,..,..,..,..,..,..,..,..,..,..,..,..,..,..,..,..,..,..,..,..,..,..,..,..,..,..,..,..,..
Belarus,BLR,Bank deposits to GDP (%),GFDD.OI.02,..,..,..,..,..,..,..,..,..,..,..,..,..,..,..,..,..,..,..,..,..,..,..,..,..,..,..,..,..,..,..,..,..,..,..,..,..,..,..,..,..,..,..,..,..,..,..,..,..,23.8384,25.24876,32.0841,26.09104,25.79155,26.55436,32.74408,31.36436,32.70935,30.45471,31.08832,29.19949,26.90423
Belarus,BLR,Central bank assets to GDP (%),GFDD.DI.06,..,..,..,..,..,..,..,..,..,..,..,..,..,..,..,..,..,..,..,..,..,..,..,..,..,..,..,..,..,..,..,..,..,..,..,..,..,..,..,..,..,..,..,..,..,..,..,..,..,2.328644,3.156024,0.7860665,0.3528331,0.3221304,0.758571,0.6491838,0.6072966,0.572302,0.3953229,0.3429171,0.2859832,0.2141511
Belarus,BLR,Credit card (% age 15+),GFDD.AI.20,..,..,..,..,..,..,..,..,..,..,..,..,..,..,..,..,..,..,..,..,..,..,..,..,..,..,..,..,..,..,..,..,..,..,..,..,..,..,..,..,..,..,..,..,..,..,..,..,..,..,..,7.765868,..,..,13.47516,..,..,18.71521,..,..,..,..
Belarus,BLR,Credit to government and state-owned enterprises to GDP (%),GFDD.EI.08,..,..,..,..,..,..,..,..,..,..,..,..,..,..,..,..,..,..,..,..,..,..,..,..,..,..,..,..,..,..,..,..,..,..,..,..,..,..,..,..,..,8.392394,8.615543,8.459955,8.267554,7.974661,10.74015,11.07707,13.63935,15.26897,15.70789,17.58544,20.84402,23.37587,24.15691,28.33255,27.95316,24.49895,22.58609,20.12579,22.42234,..
Belarus,BLR,Credit flows by fintech and bigtech companies to GDP (%),GFDD.DM.16,..,..,..,..,..,..,..,..,..,..,..,..,..,..,..,..,..,..,..,..,..,..,..,..,..,..,..,..,..,..,..,..,..,..,..,..,..,..,..,..,..,..,..,..,..,..,..,..,..,..,..,..,..,..,..,..,..,..,..,..,..,..
Belarus,BLR,Deposit money bank assets to deposit money bank assets and central bank assets (%),GFDD.DI.04,..,..,..,..,..,..,..,..,..,..,..,..,..,..,..,..,..,..,..,..,..,..,..,..,..,..,..,..,..,..,..,..,..,..,..,..,..,..,..,..,..,..,..,..,..,..,..,..,..,95.60116,94.7144,98.58722,99.15877,99.28654,98.38699,98.77394,98.79119,98.79064,99.14192,99.23248,99.40932,99.50826
Belarus,BLR,Insurance company assets to GDP (%),GFDD.DI.11,..,..,..,..,..,..,..,..,..,..,..,..,..,..,..,..,..,..,..,..,..,..,..,..,..,..,..,..,..,..,..,..,..,..,..,..,..,..,..,..,..,..,..,..,..,..,..,0.29273767,..,1.3128592,..,..,..,..,..,..,2.9653498,2.9900083,2.9114034,2.8834258,..,..
Belarus,BLR,Gross portfolio debt assets to GDP (%),GFDD.DM.11,..,..,..,..,..,..,..,..,..,..,..,..,..,..,..,..,..,..,..,..,..,..,..,..,..,..,..,..,..,..,..,..,..,..,..,..,..,..,..,0.3788639,0.4626694,0.1885908,0.1062014,0.0813444,0.0380268,0.0695132,0.046264,0.1163979,0.0799971,0.0615745,0.1553329,0.1627205,0.1122006,0.1215451,0.1413472,0.2047657,0.0940835,0.0703512,0.1745764,0.2277591,0.2697535,..
Belarus,BLR,Liquid liabilities to GDP (%),GFDD.DI.05,..,..,..,..,..,..,..,..,..,..,..,..,..,..,..,..,..,..,..,..,..,..,..,..,..,..,..,..,..,..,..,..,..,..,..,..,..,..,..,..,..,..,..,..,..,..,..,20.66485,22.54037,24.88769,26.11179,32.85238,26.9957,26.96904,27.75102,33.70628,32.32192,33.14264,30.93448,31.24168,28.91986,26.84785
Belgium,BEL,Account at a formal financial institution (% age 15+),GFDD.AI.05,..,..,..,..,..,..,..,..,..,..,..,..,..,..,..,..,..,..,..,..,..,..,..,..,..,..,..,..,..,..,..,..,..,..,..,..,..,..,..,..,..,..,..,..,..,..,..,..,..,..,..,96.30613,..,..,98.12576,..,..,98.63832,..,..,..,99.0057
Belgium,BEL,"Bank accounts per 1,000 adults",GFDD.AI.01,..,..,..,..,..,..,..,..,..,..,..,..,..,..,..,..,..,..,..,..,..,..,..,..,..,..,..,..,..,..,..,..,..,..,..,..,..,..,..,..,..,..,..,..,..,..,..,..,..,..,..,..,..,..,..,..,..,..,..,..,..,..
Belgium,BEL,Bank deposits to GDP (%),GFDD.OI.02,17.05161,18.82236,18.87815,19.99998,19.6114,20.36674,21.26327,22.93913,24.07333,31.24323,30.41162,32.25626,34.00361,34.65561,32.37405,34.00117,34.25037,34.23204,34.30039,34.45195,32.93794,33.75333,34.04655,35.17429,34.43604,34.51777,36.84771,39.04742,38.72509,39.82866,39.54711,39.89582,67.7663,72.30561,71.0006,71.71033,77.39651,79.11726,..,..,..,81.10958,82.81538,87.40114,91.24317,93.97816,94.80335,92.5528,93.0509,97.20815,98.45267,97.94769,100.4309,103.2137,106.5811,110.0686,110.0422,109.0978,111.9504,112.8722,126.7877,120.6499
Belgium,BEL,Central bank assets to GDP (%),GFDD.DI.06,7.25637,6.903145,6.257532,6.395504,5.789435,5.238478,4.964646,3.941569,4.855833,4.386199,3.706908,2.788844,2.265279,2.305358,2.112148,1.883664,2.254704,2.650592,2.468173,2.32827,4.535169,6.236331,6.559298,6.388798,6.189559,5.491684,5.789394,4.150548,3.587642,2.733748,2.207911,0.9320479,0.9485402,1.16151,0.9678626,1.016358,1.052715,1.0409,0.500851,..,..,0.4388371,0.2953275,0.2375533,0.2301058,0.2751276,0.2478841,0.6108509,0.7431563,0.7408947,0.9459162,1.179356,1.335405,1.266799,1.14813,4.558424,10.15962,15.05719,16.31326,15.62315,22.82542,25.8741
Belgium,BEL,Credit card (% age 15+),GFDD.AI.20,..,..,..,..,..,..,..,..,..,..,..,..,..,..,..,..,..,..,..,..,..,..,..,..,..,..,..,..,..,..,..,..,..,..,..,..,..,..,..,..,..,..,..,..,..,..,..,..,..,..,..,54.33333,..,..,43.02995,..,..,48.42395,..,..,..,49.82212
Belgium,BEL,Credit to government and state-owned enterprises to GDP (%),GFDD.EI.08,..,..,..,..,..,..,..,..,..,..,..,..,..,..,..,..,..,..,..,..,..,..,..,..,..,..,..,..,..,..,..,..,..,..,..,..,..,..,..,..,..,42.04779,37.34412,34.3115,30.50876,29.0697,26.07462,20.05769,19.93927,20.73554,21.30307,23.21795,22.98338,21.0675,22.4812,20.72971,18.76976,16.47073,15.28337,13.41662,14.23375,..
Belgium,BEL,Credit flows by fintech and bigtech companies to GDP (%),GFDD.DM.16,..,..,..,..,..,..,..,..,..,..,..,..,..,..,..,..,..,..,..,..,..,..,..,..,..,..,..,..,..,..,..,..,..,..,..,..,..,..,..,..,..,..,..,..,..,..,..,..,..,..,..,..,..,0,0,0,0,0,0,0,..,..
Belgium,BEL,Deposit money bank assets to deposit money bank assets and central bank assets (%),GFDD.DI.04,77.5,79.55088,81.25565,82.42775,83.4882,84.99341,86.21204,89.308,87.52703,88.67596,90.11778,92.53157,94.22569,94.299,94.49026,95.28595,94.40326,93.71807,94.32793,95.07108,91.24004,88.80683,88.58466,89.66319,90.063,91.27184,91.18658,93.73138,94.68959,96.12053,96.84579,98.63143,99.35111,99.20878,99.34789,99.30408,99.28848,99.28056,..,..,..,99.5966,99.70982,99.75529,99.75146,99.70397,99.73101,99.31451,99.10935,99.07566,98.8034,98.52245,98.31083,98.39117,98.59158,94.69462,88.92266,84.19231,83.32774,83.91519,79.43978,76.22984
Belgium,BEL,Insurance company assets to GDP (%),GFDD.DI.11,..,..,..,..,..,..,..,..,..,..,..,..,..,..,..,..,..,..,..,..,7.3288066,7.7339233,7.9437938,8.5036089,8.6665646,8.9086118,9.9669839,11.054174,11.532042,11.69682,12.027856,12.58547,23.692693,25.962866,25.895724,27.524466,31.174999,35.450454,41.757336,43.546262,43.522609,45.075583,45.334208,50.133573,56.366578,61.114685,63.487297,64.201153,61.32055,68.155911,68.480238,68.000741,73.55565,72.520973,78.732405,76.208502,72.978381,70.130735,68.475775,74.984542,81.873191,..
Belgium,BEL,Gross portfolio debt assets to GDP (%),GFDD.DM.11,..,..,..,..,..,..,..,..,..,..,..,..,..,..,..,..,..,..,..,..,..,..,..,..,..,..,..,..,..,..,..,..,..,..,..,..,..,..,..,72.55024,72.85482,88.7021,95.52299,97.23251,98.02155,90.76277,96.74821,111.1897,103.0685,112.4544,102.8285,89.64553,90.75314,84.08769,75.84251,78.50517,75.51653,80.30531,70.95949,73.19505,88.30485,..
Belgium,BEL,Liquid liabilities to GDP (%),GFDD.DI.05,38.3404,39.6447,39.76171,41.10794,39.69898,39.97362,40.0603,40.7062,41.21376,46.67928,44.50536,46.0501,47.59528,47.47211,44.1077,45.9407,45.44011,45.52822,45.5875,45.35434,43.47237,43.98606,43.49574,44.40305,43.02792,42.50638,44.87153,46.94153,46.19696,46.91879,46.05135,46.15724,73.7013,78.21349,76.26587,77.19726,83.02103,84.66024,..,..,..,92.79399,96.04144,101.4456,106.7421,110.6519,111.4765,113.8101,113.1639,114.3518,113.7746,111.343,115.0137,118.063,121.4326,125.9479,123.4154,122.7514,126.5386,125.8869,142.5212,135.4058
Belize,BLZ,Account at a formal financial institution (% age 15+),GFDD.AI.05,..,..,..,..,..,..,..,..,..,..,..,..,..,..,..,..,..,..,..,..,..,..,..,..,..,..,..,..,..,..,..,..,..,..,..,..,..,..,..,..,..,..,..,..,..,..,..,..,..,..,..,..,..,..,48.20925,..,..,..,..,..,..,..
Belize,BLZ,"Bank accounts per 1,000 adults",GFDD.AI.01,..,..,..,..,..,..,..,..,..,..,..,..,..,..,..,..,..,..,..,..,..,..,..,..,..,..,..,..,..,..,..,..,..,..,..,..,..,..,..,..,..,..,..,..,571.94472,761.45657,839.14206,937.83297,1045.0204,942.85814,968.07255,685.34096,678.08367,720.59393,692.39485,631.94986,730.2847,674.35788,650.78367,714.36224,760.38832,796.12199
Belize,BLZ,Bank deposits to GDP (%),GFDD.OI.02,..,..,..,..,..,..,..,..,..,..,..,..,..,..,..,..,33.21753,28.70722,35.78561,28.2661,26.29314,27.52176,29.1263,33.48697,30.17296,31.91725,34.5887,36.41496,33.85293,33.58614,34.48997,35.40064,34.69055,33.06346,34.70341,38.87531,40.59013,44.78039,45.04977,47.37405,47.99564,50.8513,49.01593,49.31928,52.19301,53.25891,56.49722,62.22898,67.06809,74.59431,70.18037,69.48018,73.88728,71.69941,73.01177,75.01041,73.74876,70.32964,69.99001,71.22198,90.88321,98.18211
Belize,BLZ,Central bank assets to GDP (%),GFDD.DI.06,..,..,..,..,..,..,..,..,..,..,..,..,..,..,..,..,1.569275,2.358083,3.187217,4.083116,3.625579,7.829722,9.415561,10.53329,13.47073,15.66947,8.49125,5.250234,2.897371,2.869911,0.560562,2.468066,3.02949,5.494248,5.846639,6.612615,8.730498,6.893399,6.889335,4.622766,3.766799,4.482081,3.420453,8.433267,7.864632,8.245638,9.633742,9.263356,8.005626,6.798565,5.859126,6.701236,6.010005,5.779326,5.247394,8.008322,11.3074,11.23131,10.39066,12.27666,17.39058,17.95194
Belize,BLZ,Credit card (% age 15+),GFDD.AI.20,..,..,..,..,..,..,..,..,..,..,..,..,..,..,..,..,..,..,..,..,..,..,..,..,..,..,..,..,..,..,..,..,..,..,..,..,..,..,..,..,..,..,..,..,..,..,..,..,..,..,..,..,..,..,10.71716,..,..,..,..,..,..,..
Belize,BLZ,Credit to government and state-owned enterprises to GDP (%),GFDD.EI.08,..,..,..,..,..,..,..,..,..,..,..,..,..,..,..,..,..,..,..,..,4.880162,4.311516,7.242738,10.37378,10.27454,8.83651,11.19026,10.82309,7.592759,5.877067,7.092444,5.656584,5.97398,4.398345,4.593418,5.370478,3.322815,5.127964,4.93329,5.901404,5.847628,5.801598,3.911679,3.231067,4.49077,4.586533,2.9069,3.170966,3.991295,4.501973,6.22203,5.811849,6.256354,6.108533,5.424486,4.678367,6.710973,8.54288,10.42875,9.966115,12.40162,..
Belize,BLZ,Credit flows by fintech and bigtech companies to GDP (%),GFDD.DM.16,..,..,..,..,..,..,..,..,..,..,..,..,..,..,..,..,..,..,..,..,..,..,..,..,..,..,..,..,..,..,..,..,..,..,..,..,..,..,..,..,..,..,..,..,..,..,..,..,..,..,..,..,..,..,..,..,..,..,..,..,..,..
Belize,BLZ,Deposit money bank assets to deposit money bank assets and central bank assets (%),GFDD.DI.04,..,..,..,..,..,..,..,..,..,..,..,..,..,..,..,..,95.69156,92.37245,90.99763,87.6783,88.28517,79.0874,79.83105,79.70418,73.72849,70.59879,81.52291,87.95029,93.08748,92.92367,98.60603,94.55779,93.25207,87.6158,87.10066,85.98183,82.29787,87.0639,87.72885,91.48255,92.5349,91.77264,93.74737,86.64875,88.06239,87.59281,85.82523,87.37827,89.39302,91.49268,92.21252,90.69306,91.49022,91.69091,92.25794,88.72224,84.66367,84.74863,86.03555,83.94191,81.72963,80.54369
Belize,BLZ,Insurance company assets to GDP (%),GFDD.DI.11,..,..,..,..,..,..,..,..,..,..,..,..,..,..,..,..,..,..,..,..,..,..,..,..,..,..,..,..,..,..,..,..,..,..,..,..,..,..,..,..,..,..,..,..,..,..,..,..,..,..,..,..,..,..,..,..,..,..,..,..,..,..
Belize,BLZ,Gross portfolio debt assets to GDP (%),GFDD.DM.11,..,..,..,..,..,..,..,..,..,..,..,..,..,..,..,..,..,..,..,..,..,..,..,..,..,..,..,..,..,..,..,..,..,..,..,..,..,..,..,..,..,..,..,..,..,..,..,..,..,..,..,..,..,..,..,..,..,..,..,..,..,..
Belize,BLZ,Liquid liabilities to GDP (%),GFDD.DI.05,..,..,..,..,..,..,..,..,..,..,..,..,..,..,..,..,39.42743,34.62388,43.65337,34.22347,31.40697,32.82804,34.88033,39.1914,36.65281,40.08344,43.67731,45.32596,40.02312,39.5451,40.1366,40.94659,39.69645,37.94872,39.64149,43.88611,45.64958,49.91095,50.18771,54.63257,54.08442,56.88237,54.74237,54.58051,57.67922,58.58825,62.18996,68.64228,73.96202,80.53963,75.90805,75.34196,80.22581,78.40179,80.12957,83.46701,82.44104,79.07785,78.74419,79.63006,103.5522,110.9459
Benin,BEN,Account at a formal financial institution (% age 15+),GFDD.AI.05,..,..,..,..,..,..,..,..,..,..,..,..,..,..,..,..,..,..,..,..,..,..,..,..,..,..,..,..,..,..,..,..,..,..,..,..,..,..,..,..,..,..,..,..,..,..,..,..,..,..,..,10.46394,..,..,15.97993,..,..,31.88452,..,..,..,23.78826
Benin,BEN,"Bank accounts per 1,000 adults",GFDD.AI.01,..,..,..,..,..,..,..,..,..,..,..,..,..,..,..,..,..,..,..,..,..,..,..,..,..,..,..,..,..,..,..,..,..,..,..,..,..,..,..,..,..,..,..,..,46.713695,60.252205,59.994662,52.513786,77.36602,95.188373,110.91753,124.02385,134.03998,148.5426,162.25221,168.26407,182.62192,205.05106,237.05367,289.31587,322.96644,..
Benin,BEN,Bank deposits to GDP (%),GFDD.OI.02,2.902886,2.733563,1.558547,1.364726,1.209641,1.165725,1.255424,1.187258,1.431431,1.580761,1.766995,2.28276,2.212626,2.17451,2.988325,8.516121,6.680457,6.776631,7.491795,5.593527,14.14613,12.82643,16.08257,17.15261,17.56499,18.76649,17.30603,15.73189,14.13381,12.46212,16.49084,17.66937,20.31505,22.33795,19.4362,17.8936,16.9908,15.64499,14.27106,9.475783,10.45015,11.32045,11.15497,11.46623,11.15234,11.85633,12.60098,15.78373,16.68147,18.3308,19.40891,19.66478,18.61976,19.46883,21.17295,23.09321,22.157,21.33444,21.30742,21.01539,22.57111,24.753
Benin,BEN,Central bank assets to GDP (%),GFDD.DI.06,..,..,0.1416861,0.0534023,0.1012475,0.1032921,0.311565,0.319815,0.3581647,0.4514233,0.1897445,0.000343,0.2703276,0.3687489,0.3333464,0.3226992,0.145478,0.0002921,0.6014392,1.252502,2.173452,2.271134,2.395103,3.311452,3.314391,2.921881,3.484979,3.299671,3.497397,4.379394,5.739,5.264925,4.834322,3.5993,3.192573,3.871128,3.529241,4.160307,3.588532,2.329559,2.112235,1.903883,1.565345,1.350358,1.168841,0.9808397,0.092962,0.1192181,0.3358162,1.205006,1.349523,1.651977,1.732808,1.649942,1.554917,1.369151,1.167158,1.244602,1.263612,1.309212,2.972865,3.588107
Benin,BEN,Credit card (% age 15+),GFDD.AI.20,..,..,..,..,..,..,..,..,..,..,..,..,..,..,..,..,..,..,..,..,..,..,..,..,..,..,..,..,..,..,..,..,..,..,..,..,..,..,..,..,..,..,..,..,..,..,..,..,..,..,..,0.4685279,..,..,1.395305,..,..,6.13564,..,..,..,1.412859
Benin,BEN,Credit to government and state-owned enterprises to GDP (%),GFDD.EI.08,..,..,..,..,..,..,..,..,..,..,..,..,..,..,..,..,..,..,..,..,0.1235439,0.6032264,0.5786573,0.5971197,0.5847371,0.5527633,0.5482929,1.02772,1.783491,1.958538,2.004541,0.9363282,0.7923734,0.8119475,3.660566,2.743365,2.674706,1.820178,1.551987,1.142339,1.032191,2.011819,1.507455,2.159592,1.86946,1.633654,1.831991,2.935793,4.470957,4.588809,4.84312,5.391041,4.849329,4.980235,6.046773,7.409131,7.546918,9.753648,10.00155,8.20487,9.592109,..
Benin,BEN,Credit flows by fintech and bigtech companies to GDP (%),GFDD.DM.16,..,..,..,..,..,..,..,..,..,..,..,..,..,..,..,..,..,..,..,..,..,..,..,..,..,..,..,..,..,..,..,..,..,..,..,..,..,..,..,..,..,..,..,..,..,..,..,..,..,..,..,..,..,..,..,..,..,..,..,..,..,..
Benin,BEN,Deposit money bank assets to deposit money bank assets and central bank assets (%),GFDD.DI.04,..,..,94.85294,98.01324,96.23763,95.56026,86.23482,86.22642,84.86945,85.04262,93.49593,99.9885,92.38713,90.56604,92.84589,97.46938,98.6832,99.99734,95.18112,91.97753,92.99295,91.84175,92.81528,90.79282,88.79071,91.57471,89.42054,89.48154,89.90907,84.79615,79.21121,75.99036,72.51933,76.35696,80.82305,74.27617,77.46668,65.51231,71.57102,78.05248,80.6321,82.97392,85.58518,89.64495,90.7084,92.75204,99.29527,99.26912,98.27915,94.31998,93.91919,93.14261,92.42708,92.88351,93.53838,94.53963,95.52971,95.47689,95.47956,95.16484,89.4045,86.83044
Benin,BEN,Insurance company assets to GDP (%),GFDD.DI.11,..,..,..,..,..,..,..,..,..,..,..,..,..,..,..,..,..,..,..,..,..,..,..,..,..,..,..,..,..,..,..,..,..,..,..,..,..,..,..,..,..,..,..,1.1052794,1.1944129,1.3094701,1.2565038,1.4369119,1.285172,1.4165683,1.5351735,1.5511783,1.5284108,1.5180027,1.5510676,1.5745419,1.6388109,1.6177267,1.5393294,1.6884023,..,..
Benin,BEN,Gross portfolio debt assets to GDP (%),GFDD.DM.11,..,..,..,..,..,..,..,..,..,..,..,..,..,..,..,..,..,..,..,..,..,..,..,..,..,..,..,..,..,..,..,..,..,..,..,..,..,..,..,2.166904,1.829798,1.684811,1.947558,1.758612,1.779245,1.491843,1.439571,2.234463,1.327271,2.047855,4.035896,5.7481,7.735112,9.535797,8.656089,13.60956,9.227218,15.02029,8.830556,13.11104,..,..
Benin,BEN,Liquid liabilities to GDP (%),GFDD.DI.05,..,..,3.946969,3.595757,3.266563,3.024982,2.959868,2.768809,2.987708,3.334217,3.603707,4.206385,4.211595,4.09949,4.834834,12.19558,10.38726,10.19941,10.22054,9.091071,20.43813,21.50166,23.6289,23.2391,24.3231,23.75904,23.58807,20.61794,20.27863,21.74089,25.11555,26.46792,29.62216,26.49092,28.44141,22.87366,23.18015,22.1286,19.50702,16.8263,19.18933,20.07253,17.30096,17.87354,15.39791,17.75765,19.75495,22.23381,25.20474,25.95146,26.98009,27.32708,25.71932,27.76973,30.85405,32.26706,29.77518,28.57687,27.884,27.77432,30.50236,32.44269
Bermuda,BMU,Account at a formal financial institution (% age 15+),GFDD.AI.05,..,..,..,..,..,..,..,..,..,..,..,..,..,..,..,..,..,..,..,..,..,..,..,..,..,..,..,..,..,..,..,..,..,..,..,..,..,..,..,..,..,..,..,..,..,..,..,..,..,..,..,..,..,..,..,..,..,..,..,..,..,..
Bermuda,BMU,"Bank accounts per 1,000 adults",GFDD.AI.01,..,..,..,..,..,..,..,..,..,..,..,..,..,..,..,..,..,..,..,..,..,..,..,..,..,..,..,..,..,..,..,..,..,..,..,..,..,..,..,..,..,..,..,..,..,..,..,..,..,..,..,..,..,..,..,..,..,..,..,..,..,..
Bermuda,BMU,Bank deposits to GDP (%),GFDD.OI.02,..,..,..,..,..,..,..,..,..,..,..,..,..,..,..,..,..,..,..,..,..,..,..,..,..,..,..,..,..,..,..,..,..,..,..,..,..,..,..,..,..,..,..,..,..,..,..,..,..,..,..,..,..,..,..,..,..,..,..,..,..,..
Bermuda,BMU,Central bank assets to GDP (%),GFDD.DI.06,..,..,..,..,..,..,..,..,..,..,..,..,..,..,..,..,..,..,..,..,..,..,..,..,..,..,..,..,..,..,..,..,..,..,..,..,..,..,..,..,..,..,..,..,..,..,..,..,..,..,..,..,..,..,..,..,..,..,..,..,..,..
Bermuda,BMU,Credit card (% age 15+),GFDD.AI.20,..,..,..,..,..,..,..,..,..,..,..,..,..,..,..,..,..,..,..,..,..,..,..,..,..,..,..,..,..,..,..,..,..,..,..,..,..,..,..,..,..,..,..,..,..,..,..,..,..,..,..,..,..,..,..,..,..,..,..,..,..,..
Bermuda,BMU,Credit to government and state-owned enterprises to GDP (%),GFDD.EI.08,..,..,..,..,..,..,..,..,..,..,..,..,..,..,..,..,..,..,..,..,..,..,..,..,..,..,..,..,..,..,..,..,..,..,..,..,..,..,..,..,..,..,..,..,..,..,..,..,..,..,..,..,..,..,..,..,..,..,..,..,..,..
Bermuda,BMU,Credit flows by fintech and bigtech companies to GDP (%),GFDD.DM.16,..,..,..,..,..,..,..,..,..,..,..,..,..,..,..,..,..,..,..,..,..,..,..,..,..,..,..,..,..,..,..,..,..,..,..,..,..,..,..,..,..,..,..,..,..,..,..,..,..,..,..,..,..,..,..,..,..,..,..,..,..,..
Bermuda,BMU,Deposit money bank assets to deposit money bank assets and central bank assets (%),GFDD.DI.04,..,..,..,..,..,..,..,..,..,..,..,..,..,..,..,..,..,..,..,..,..,..,..,..,..,..,..,..,..,..,..,..,..,..,..,..,..,..,..,..,..,..,..,..,..,..,..,..,..,..,..,..,..,..,..,..,..,..,..,..,..,..
Bermuda,BMU,Insurance company assets to GDP (%),GFDD.DI.11,..,..,..,..,..,..,..,..,..,..,..,..,..,..,..,..,..,..,..,..,..,..,..,..,..,..,..,..,..,..,..,..,..,..,..,..,..,..,..,..,..,..,..,..,..,..,..,..,..,..,..,..,..,..,..,..,..,..,..,..,..,..
Bermuda,BMU,Gross portfolio debt assets to GDP (%),GFDD.DM.11,..,..,..,..,..,..,..,..,..,..,..,..,..,..,..,..,..,..,..,..,..,..,..,..,..,..,..,..,..,..,..,..,..,..,..,..,..,..,..,..,..,..,..,..,..,..,..,..,..,..,..,..,..,..,..,..,..,..,..,..,..,..
Bermuda,BMU,Liquid liabilities to GDP (%),GFDD.DI.05,..,..,..,..,..,..,..,..,..,..,..,..,..,..,..,..,..,..,..,..,..,..,..,..,..,..,..,..,..,..,..,..,..,..,..,..,..,..,..,..,..,..,..,..,..,..,..,..,..,..,..,..,..,..,..,..,..,..,..,..,..,..
Bhutan,BTN,Account at a formal financial institution (% age 15+),GFDD.AI.05,..,..,..,..,..,..,..,..,..,..,..,..,..,..,..,..,..,..,..,..,..,..,..,..,..,..,..,..,..,..,..,..,..,..,..,..,..,..,..,..,..,..,..,..,..,..,..,..,..,..,..,..,..,..,33.66591,..,..,..,..,..,..,..
Bhutan,BTN,"Bank accounts per 1,000 adults",GFDD.AI.01,..,..,..,..,..,..,..,..,..,..,..,..,..,..,..,..,..,..,..,..,..,..,..,..,..,..,..,..,..,..,..,..,..,..,..,..,..,..,..,..,..,..,..,..,..,..,..,..,..,..,..,..,..,..,..,..,..,..,..,..,..,..
Bhutan,BTN,Bank deposits to GDP (%),GFDD.OI.02,..,..,..,..,..,..,..,..,..,..,..,..,..,..,..,..,..,..,..,..,..,..,..,19.11483,17.59905,19.48825,16.91535,14.27068,15.16257,18.34986,17.56439,21.07825,19.94735,23.32425,25.20193,29.89775,28.99415,38.34771,37.62254,43.59804,45.42915,41.81621,47.21115,42.80479,46.97014,45.99398,45.96294,42.38682,44.45721,66.23997,65.48669,57.0659,54.76389,52.59466,59.53303,55.46214,60.57853,65.23962,66.3863,69.59005,94.09809,..
Bhutan,BTN,Central bank assets to GDP (%),GFDD.DI.06,..,..,..,..,..,..,..,..,..,..,..,..,..,..,..,..,..,..,..,..,..,..,..,..,..,..,..,..,..,..,..,..,..,1.06956,..,0.5307983,..,0.3987305,..,..,..,0.0086448,0.5062829,0.2053671,0.1219072,0.2858488,0.0250119,0.0237479,0.0314515,0.0286741,0.0319632,0.0258804,2.015387,0.0135942,0.015244,0.0320374,0.0366867,0.0518921,0.4011854,0.0165053,0.0129383,..
Bhutan,BTN,Credit card (% age 15+),GFDD.AI.20,..,..,..,..,..,..,..,..,..,..,..,..,..,..,..,..,..,..,..,..,..,..,..,..,..,..,..,..,..,..,..,..,..,..,..,..,..,..,..,..,..,..,..,..,..,..,..,..,..,..,..,..,..,..,0.2725514,..,..,..,..,..,..,..
Bhutan,BTN,Credit to government and state-owned enterprises to GDP (%),GFDD.EI.08,..,..,..,..,..,..,..,..,..,..,..,..,..,..,..,..,..,..,..,..,..,..,..,5.266281,5.624639,7.303076,5.366663,0.8844802,0.9992875,0.7327131,1.168796,1.255448,12.90516,11.87939,7.342769,5.953158,5.647283,5.383993,3.243315,2.549324,2.073552,2.900772,10.36633,6.366523,12.31311,5.468589,4.039426,4.182076,2.908309,5.693341,3.777092,3.682682,7.000877,4.580849,5.636981,8.432863,7.20953,10.5189,7.999402,4.423274,6.363952,..
Bhutan,BTN,Credit flows by fintech and bigtech companies to GDP (%),GFDD.DM.16,..,..,..,..,..,..,..,..,..,..,..,..,..,..,..,..,..,..,..,..,..,..,..,..,..,..,..,..,..,..,..,..,..,..,..,..,..,..,..,..,..,..,..,..,..,..,..,..,..,..,..,..,..,..,..,..,..,..,..,..,..,..
Bhutan,BTN,Deposit money bank assets to deposit money bank assets and central bank assets (%),GFDD.DI.04,..,..,..,..,..,..,..,..,..,..,..,..,..,..,..,..,..,..,..,..,..,..,..,..,..,..,..,..,..,..,..,..,..,94.58247,..,96.25973,..,97.65311,..,..,..,99.93259,96.99786,98.93375,99.55049,98.77773,99.90154,99.91243,99.90533,99.92576,99.93042,99.94962,96.35905,99.97342,99.9697,99.94119,99.93329,99.91544,99.39478,99.97595,99.98347,..
Bhutan,BTN,Insurance company assets to GDP (%),GFDD.DI.11,..,..,..,..,..,..,..,..,..,..,..,..,..,..,..,..,..,..,..,..,..,..,..,..,..,..,..,..,..,..,..,..,..,..,..,..,..,..,..,..,..,..,..,..,..,..,..,..,..,..,..,..,..,..,..,..,..,..,..,..,..,..
Bhutan,BTN,Gross portfolio debt assets to GDP (%),GFDD.DM.11,..,..,..,..,..,..,..,..,..,..,..,..,..,..,..,..,..,..,..,..,..,..,..,..,..,..,..,..,..,..,..,..,..,..,..,..,..,..,..,..,..,..,..,..,..,..,..,..,..,..,..,..,..,..,..,..,..,..,..,..,..,..
Bhutan,BTN,Liquid liabilities to GDP (%),GFDD.DI.05,..,..,..,..,..,..,..,..,..,..,..,..,..,..,..,..,..,..,..,..,..,..,..,20.51132,20.13358,22.97395,20.67662,17.56025,19.09703,22.72785,21.41796,25.57972,25.48828,28.18299,29.48287,34.48915,32.9243,43.98466,42.74722,49.23479,52.08484,49.20911,53.72124,49.2104,53.66944,52.83538,52.93232,49.07545,66.27062,74.57863,73.41113,65.40162,60.28546,57.85009,64.40611,60.58707,66.31364,70.73484,71.86925,75.72215,100.8737,..
Bolivia,BOL,Account at a formal financial institution (% age 15+),GFDD.AI.05,..,..,..,..,..,..,..,..,..,..,..,..,..,..,..,..,..,..,..,..,..,..,..,..,..,..,..,..,..,..,..,..,..,..,..,..,..,..,..,..,..,..,..,..,..,..,..,..,..,..,..,28.02913,..,..,40.71082,..,..,51.2075,..,..,..,67.96497
Bolivia,BOL,"Bank accounts per 1,000 adults",GFDD.AI.01,..,..,..,..,..,..,..,..,..,..,..,..,..,..,..,..,..,..,..,..,..,..,..,..,..,..,..,..,..,..,..,..,..,..,..,..,..,..,..,..,..,..,..,..,..,..,..,..,..,..,..,..,..,..,..,..,..,..,..,..,..,..
Bolivia,BOL,Bank deposits to GDP (%),GFDD.OI.02,1.647689,1.888342,2.237657,3.451883,3.408634,3.5,4.498113,4.586257,5.144231,5.722564,6.4475,7.359231,7.265882,6.959231,6.272093,7.803125,10.99709,12.476,11.7716,10.53045,11.06854,12.09561,14.67779,9.845933,5.241991,4.5697,5.927773,7.634112,10.70196,13.74045,17.48155,23.08839,28.18706,35.33014,34.86575,34.45417,44.23075,47.97299,48.6535,48.51228,46.14285,52.51477,47.15683,48.52057,38.01778,37.36742,35.54765,38.20628,38.83285,47.13047,44.70842,44.63985,47.92658,49.59624,54.0853,65.15614,65.48407,65.9612,65.63573,65.00511,80.59243,77.90516
Bolivia,BOL,Central bank assets to GDP (%),GFDD.DI.06,14.75776,14.7147,14.1224,13.91388,13.56336,13.91922,14.69686,15.02394,13.55082,13.54672,14.26167,15.68769,16.50176,12.80692,8.525814,11.83583,16.25654,18.72815,18.45613,23.99211,26.14911,27.93387,60.0848,49.59556,56.47218,85.25455,29.95262,29.67282,32.45107,32.81416,34.96051,33.85614,34.14555,22.62276,21.41193,13.77881,10.68295,8.350082,7.68873,8.567149,9.117255,10.27693,11.73033,11.97633,11.5253,10.63591,6.783144,6.323413,7.407983,7.832093,7.430601,8.109642,9.700411,10.65068,11.56183,13.75507,16.50117,17.90823,18.9793,21.40009,33.59229,35.33857
Bolivia,BOL,Credit card (% age 15+),GFDD.AI.20,..,..,..,..,..,..,..,..,..,..,..,..,..,..,..,..,..,..,..,..,..,..,..,..,..,..,..,..,..,..,..,..,..,..,..,..,..,..,..,..,..,..,..,..,..,..,..,..,..,..,..,4.135527,..,..,6.209977,..,..,7.164176,..,..,..,12.64465
Bolivia,BOL,Credit to government and state-owned enterprises to GDP (%),GFDD.EI.08,..,..,..,..,..,..,..,..,..,..,..,..,..,..,..,..,..,..,..,..,..,..,..,..,..,..,..,0.0022511,0.0009255,0.0527812,0.0310818,0.0439052,0.5269372,0.129196,0.3853621,1.784392,4.337477,4.050117,3.078673,1.953338,2.319597,3.898201,4.319273,4.203778,4.881903,3.716905,2.746825,1.985976,1.205466,2.171691,1.580801,0.5914633,0.6446639,0.820675,0.8491351,0.8472638,0.8897776,0.7780208,0.5934172,1.355336,1.809741,..
Bolivia,BOL,Credit flows by fintech and bigtech companies to GDP (%),GFDD.DM.16,..,..,..,..,..,..,..,..,..,..,..,..,..,..,..,..,..,..,..,..,..,..,..,..,..,..,..,..,..,..,..,..,..,..,..,..,..,..,..,..,..,..,..,..,..,..,..,..,..,..,..,..,..,..,..,..,0.0149082,0.0106375,0.0082904,..,..,..
Bolivia,BOL,Deposit money bank assets to deposit money bank assets and central bank assets (%),GFDD.DI.04,10.21461,13.13462,15.10946,27.36622,32.41326,31.38817,31.8439,30.74237,35.72692,36.78807,38.27009,36.77455,37.6503,45.48907,54.69532,49.71989,45.5203,45.71622,48.47169,42.75993,37.15263,35.73378,28.66946,22.88071,17.41537,15.56523,26.74706,31.30047,34.56191,38.75492,40.76212,45.88231,51.89217,66.85316,70.15092,78.39132,84.23229,88.1844,89.72296,88.57185,87.00362,84.78358,82.43694,81.24048,80.41053,80.28783,84.82677,85.17491,81.52901,82.20869,83.50028,82.15743,80.32726,79.67362,79.41183,79.17454,77.93884,76.83339,76.91054,75.84464,70.96565,68.63911
Bolivia,BOL,Insurance company assets to GDP (%),GFDD.DI.11,..,..,..,..,..,..,..,..,..,..,..,..,..,..,..,..,..,..,..,..,..,..,..,..,..,..,..,..,..,..,..,..,..,..,..,..,..,..,..,..,..,3.6837477,4.7725633,4.8318013,4.757698,4.8377242,4.1941062,3.9217087,3.7387184,3.9047295,3.513458,3.1135303,2.8562593,2.6546485,2.612873,2.8945276,2.9645949,2.7643991,2.6392948,2.7377744,..,..
Bolivia,BOL,Gross portfolio debt assets to GDP (%),GFDD.DM.11,..,..,..,..,..,..,..,..,..,..,..,..,..,..,..,..,..,..,..,..,..,..,..,..,..,..,..,..,..,..,..,..,..,..,..,..,..,..,..,8.669335,7.893562,8.42472,10.58746,4.929724,4.944742,6.149675,4.908816,3.69532,3.501461,5.107389,3.875117,2.275635,3.192327,5.460528,11.09657,13.2451,12.94214,11.27822,9.242919,7.799008,7.029217,..
Bolivia,BOL,Liquid liabilities to GDP (%),GFDD.DI.05,9.700826,10.53161,10.97804,12.23152,13.19511,13.85794,15.76352,14.95155,14.84007,15.09507,15.94333,17.37461,16.73118,14.52231,12.67209,13.98896,18.00455,19.71539,19.30787,18.47922,18.8,18.97916,24.1794,18.1214,17.4535,10.02194,9.15499,15.64846,18.84318,19.47784,24.4743,29.77766,34.80104,41.87865,46.03814,42.49232,51.0279,54.71792,55.19878,55.40371,52.17691,59.42245,54.10163,56.24498,46.34829,47.01136,48.19773,54.9079,57.52284,50.06073,50.09258,51.43656,56.96539,60.42595,64.96421,74.62669,71.61722,71.01839,69.79647,67.93766,106.0122,102.1092
Bosnia and Herzegovina,BIH,Account at a formal financial institution (% age 15+),GFDD.AI.05,..,..,..,..,..,..,..,..,..,..,..,..,..,..,..,..,..,..,..,..,..,..,..,..,..,..,..,..,..,..,..,..,..,..,..,..,..,..,..,..,..,..,..,..,..,..,..,..,..,..,..,56.21161,..,..,52.68503,..,..,58.8435,..,..,..,79.33789
Bosnia and Herzegovina,BIH,"Bank accounts per 1,000 adults",GFDD.AI.01,..,..,..,..,..,..,..,..,..,..,..,..,..,..,..,..,..,..,..,..,..,..,..,..,..,..,..,..,..,..,..,..,..,..,..,..,..,..,..,..,..,..,..,..,..,..,..,..,..,..,..,..,..,..,..,..,..,..,..,..,..,..
Bosnia and Herzegovina,BIH,Bank deposits to GDP (%),GFDD.OI.02,..,..,..,..,..,..,..,..,..,..,..,..,..,..,..,..,..,..,..,..,..,..,..,..,..,..,..,..,..,..,..,..,..,..,..,..,..,2.105372,2.022913,6.580654,6.178558,20.09061,21.07493,23.81002,28.9979,32.69999,37.1918,40.90617,36.13876,39.57167,41.38202,45.89889,47.59936,50.54539,52.695,54.35708,55.99293,58.61788,60.06128,61.8373,67.06705,68.7674
Bosnia and Herzegovina,BIH,Central bank assets to GDP (%),GFDD.DI.06,..,..,..,..,..,..,..,..,..,..,..,..,..,..,..,..,..,..,..,..,..,..,..,..,..,..,..,..,..,..,..,..,..,..,..,..,..,..,..,..,..,..,3.56E-05,0.0055867,0.0090127,0.0089601,0.0097549,0.00846,0.0068289,0.0060459,0.0055046,0.0047379,0.0042622,0.0068732,0.0028444,0.0021808,0.0020664,0.0016506,0.0014208,0.001115,0.0012041,0.0014256
Bosnia and Herzegovina,BIH,Credit card (% age 15+),GFDD.AI.20,..,..,..,..,..,..,..,..,..,..,..,..,..,..,..,..,..,..,..,..,..,..,..,..,..,..,..,..,..,..,..,..,..,..,..,..,..,..,..,..,..,..,..,..,..,..,..,..,..,..,..,11.6923,..,..,9.50313,..,..,9.724528,..,..,..,18.03339
Bosnia and Herzegovina,BIH,Credit to government and state-owned enterprises to GDP (%),GFDD.EI.08,..,..,..,..,..,..,..,..,..,..,..,..,..,..,..,..,..,..,..,..,..,..,..,..,..,..,..,..,..,..,..,..,..,..,..,..,..,2.07771,1.543091,0.4210098,0.2806232,0.259651,0.4338386,0.3097025,0.2851768,0.2837339,1.585849,1.768872,2.045291,2.514848,3.219698,4.822037,6.205194,6.837674,8.399793,8.958512,8.542915,8.296638,8.099772,8.673024,10.3859,..
Bosnia and Herzegovina,BIH,Credit flows by fintech and bigtech companies to GDP (%),GFDD.DM.16,..,..,..,..,..,..,..,..,..,..,..,..,..,..,..,..,..,..,..,..,..,..,..,..,..,..,..,..,..,..,..,..,..,..,..,..,..,..,..,..,..,..,..,..,..,..,..,..,..,..,..,..,..,..,..,..,..,..,..,..,..,..
Bosnia and Herzegovina,BIH,Deposit money bank assets to deposit money bank assets and central bank assets (%),GFDD.DI.04,..,..,..,..,..,..,..,..,..,..,..,..,..,..,..,..,..,..,..,..,..,..,..,..,..,..,..,..,..,..,..,..,..,..,..,..,..,..,..,..,..,..,99.99988,99.98393,99.97568,99.97904,99.97953,99.98439,99.98824,99.98957,99.99065,99.99182,99.993,99.98886,99.99549,99.99651,99.99665,99.99736,99.9977,99.99822,99.99813,99.99768
Bosnia and Herzegovina,BIH,Insurance company assets to GDP (%),GFDD.DI.11,..,..,..,..,..,..,..,..,..,..,..,..,..,..,..,..,..,..,..,..,..,..,..,..,..,..,..,..,..,..,..,..,..,..,..,..,..,..,..,..,..,..,..,..,..,..,4.05839,4.3338482,3.9830983,4.3317102,4.2597753,4.4408844,4.7577083,4.9714785,5.3116541,5.4555847,5.6158845,5.4722943,5.43893,5.5729083,5.5811661,..
Bosnia and Herzegovina,BIH,Gross portfolio debt assets to GDP (%),GFDD.DM.11,..,..,..,..,..,..,..,..,..,..,..,..,..,..,..,..,..,..,..,..,..,..,..,..,..,..,..,..,..,..,..,..,..,..,..,..,..,..,..,..,..,..,..,..,0.0857258,0.0737326,0.1221611,0.1370709,0.1664803,1.275393,1.727088,1.487832,1.737922,1.974687,1.799009,1.886804,2.022945,2.442015,2.835542,3.299994,3.612266,..
Bosnia and Herzegovina,BIH,Liquid liabilities to GDP (%),GFDD.DI.05,..,..,..,..,..,..,..,..,..,..,..,..,..,..,..,..,..,..,..,..,..,..,..,..,..,..,..,..,..,..,..,..,..,..,..,..,..,23.47792,25.17838,27.03645,21.89266,38.77815,38.46235,39.99527,45.08358,48.50122,37.85415,41.49902,37.86814,40.62085,42.70626,43.1019,44.7509,47.38668,49.74284,51.41464,52.95043,55.52293,56.63028,58.56387,63.76482,65.66063
Botswana,BWA,Account at a formal financial institution (% age 15+),GFDD.AI.05,..,..,..,..,..,..,..,..,..,..,..,..,..,..,..,..,..,..,..,..,..,..,..,..,..,..,..,..,..,..,..,..,..,..,..,..,..,..,..,..,..,..,..,..,..,..,..,..,..,..,..,30.26001,..,..,49.24358,..,..,44.8283,..,..,..,..
Botswana,BWA,"Bank accounts per 1,000 adults",GFDD.AI.01,..,..,..,..,..,..,..,..,..,..,..,..,..,..,..,..,..,..,..,..,..,..,..,..,..,..,..,..,..,..,..,..,..,..,..,..,..,..,..,..,..,..,..,..,361.71059,360.26697,353.64837,395.40019,442.08693,509.52078,510.29795,478.81252,591.96701,645.9196,671.52936,664.6815,636.29407,696.3352,750.34913,777.72178,815.31452,..
Botswana,BWA,Bank deposits to GDP (%),GFDD.OI.02,..,..,..,..,..,..,..,..,..,..,..,..,19.71833,19.71142,20.10195,17.91281,23.38949,25.16502,19.89917,19.59084,14.69238,18.54502,19.27946,17.19252,19.94972,15.59537,13.74833,14.07759,13.44555,13.63649,14.79294,19.31173,19.55921,18.87374,18.81596,18.41599,17.97188,20.5435,26.39404,26.2316,22.74949,29.51383,27.23219,29.72622,28.60784,27.35239,40.2617,46.6023,50.76321,50.60155,46.30608,41.07779,43.25923,40.86408,38.15852,47.38616,41.76079,42.32844,44.34291,46.38947,50.57888,47.01832
Botswana,BWA,Central bank assets to GDP (%),GFDD.DI.06,..,..,..,..,..,..,..,..,..,..,..,..,..,..,..,..,..,..,..,..,0.8158389,..,..,..,..,..,..,..,..,..,..,..,..,..,..,..,..,..,..,..,..,0.0739369,0.0823382,0.3004799,0.3491811,0.2626759,0.245871,0.2258588,0.1530856,0.1700326,0.1417908,0.0912937,0.0793389,0.0619615,0.05252,0.0554824,0.0500128,0.052783,0.0622403,0.0782665,0.0937572,0.0992575
Botswana,BWA,Credit card (% age 15+),GFDD.AI.20,..,..,..,..,..,..,..,..,..,..,..,..,..,..,..,..,..,..,..,..,..,..,..,..,..,..,..,..,..,..,..,..,..,..,..,..,..,..,..,..,..,..,..,..,..,..,..,..,..,..,..,10.72764,..,..,9.855762,..,..,7.249121,..,..,..,..
Botswana,BWA,Credit to government and state-owned enterprises to GDP (%),GFDD.EI.08,..,..,..,..,..,..,..,..,..,..,..,..,..,..,..,..,..,..,..,..,0.9668849,1.665895,0.7996305,1.195626,1.19849,1.235838,1.376093,0.7170125,0.5673609,0.9262196,0.84314,0.8087661,0.9216797,0.9946929,1.378193,0.7706715,0.4649645,0.3589138,1.441743,2.220859,1.618518,1.517,1.3202,2.592511,2.063503,1.002568,0.8021081,0.54319,3.708805,2.187725,1.195016,2.587291,2.448694,2.805406,2.634605,2.291916,2.424877,2.975892,2.404417,3.074762,4.280013,..
Botswana,BWA,Credit flows by fintech and bigtech companies to GDP (%),GFDD.DM.16,..,..,..,..,..,..,..,..,..,..,..,..,..,..,..,..,..,..,..,..,..,..,..,..,..,..,..,..,..,..,..,..,..,..,..,..,..,..,..,..,..,..,..,..,..,..,..,..,..,..,..,..,..,..,..,..,..,..,..,..,..,..
Botswana,BWA,Deposit money bank assets to deposit money bank assets and central bank assets (%),GFDD.DI.04,..,..,..,..,..,..,..,..,..,..,..,..,..,..,..,..,..,..,..,..,93.74203,..,..,..,..,..,..,..,..,..,..,..,..,..,..,..,..,..,..,..,..,99.59032,99.59937,98.68067,98.55597,98.74339,98.85143,99.03149,99.47956,99.45328,99.50066,99.69499,99.76808,99.82047,99.8493,99.85468,99.85763,99.85725,99.83352,99.80084,99.78565,99.76642
Botswana,BWA,Insurance company assets to GDP (%),GFDD.DI.11,..,..,..,..,..,..,..,..,..,..,..,..,..,..,..,..,..,..,..,..,..,..,..,..,..,..,..,..,..,..,..,..,..,..,..,..,..,..,..,..,8.6393832,9.3351679,13.023347,17.543856,20.365978,18.933385,21.696837,..,17.16728,21.83316,19.668884,16.600283,19.23613,16.222455,15.298139,15.450439,12.913296,13.995363,10.550227,..,..,..
Botswana,BWA,Gross portfolio debt assets to GDP (%),GFDD.DM.11,..,..,..,..,..,..,..,..,..,..,..,..,..,..,..,..,..,..,..,..,..,..,..,..,..,..,..,..,..,..,..,..,..,..,..,..,..,..,..,0.5292185,1.729313,1.874301,6.208693,7.868796,7.048832,8.245936,7.686397,6.47095,5.197072,5.064042,4.28223,4.938463,4.424486,4.274961,5.389275,5.224963,5.206712,7.809887,4.845569,7.259749,9.09615,..
Botswana,BWA,Liquid liabilities to GDP (%),GFDD.DI.05,..,..,..,..,..,..,..,..,..,..,..,..,..,..,..,..,26.63833,28.55359,24.73647,29.78076,28.72597,25.20846,23.5051,24.59463,22.89749,26.28068,23.16367,30.71223,25.40097,28.92469,21.92021,27.45639,28.33217,21.03786,20.92185,20.47826,19.79454,22.38968,28.26305,28.50095,24.81621,31.02552,28.7635,31.32009,31.54779,28.91228,41.56482,47.9887,52.24683,52.70282,49.3396,42.63999,44.81366,42.65789,39.74025,48.67065,42.90891,43.53278,45.4979,47.49757,52.02023,48.27095
Brazil,BRA,Account at a formal financial institution (% age 15+),GFDD.AI.05,..,..,..,..,..,..,..,..,..,..,..,..,..,..,..,..,..,..,..,..,..,..,..,..,..,..,..,..,..,..,..,..,..,..,..,..,..,..,..,..,..,..,..,..,..,..,..,..,..,..,..,55.86038,..,..,68.12316,..,..,70.04395,..,..,..,83.56319
Brazil,BRA,"Bank accounts per 1,000 adults",GFDD.AI.01,..,..,..,..,..,..,..,..,..,..,..,..,..,..,..,..,..,..,..,..,..,..,..,..,..,..,..,..,..,..,..,..,..,..,..,..,..,..,..,..,..,..,..,..,380.15115,418.74849,431.90515,441.78574,469.40139,477.88034,534.60536,617.75443,643.58689,624.48214,618.88236,586.14782,577.14126,657.8005,665.09264,662.72766,..,..
Brazil,BRA,Bank deposits to GDP (%),GFDD.OI.02,15.14798,14.22904,14.55878,13.33079,12.22658,14.11092,11.22012,13.43392,13.80035,16.24835,17.28222,16.64756,18.75464,19.53757,19.05692,21.24786,20.8695,21.46028,22.42037,23.66959,19.50782,22.44773,23.60072,29.97632,33.35748,32.6412,17.13783,11.85457,77.47052,107.8673,27.30258,31.27094,56.49775,80.05889,40.86543,29.07896,31.17668,34.32053,36.43462,39.98574,43.53863,44.76563,42.78606,45.80084,46.92978,50.75538,54.36062,57.08057,58.68953,51.55722,50.26419,50.17903,53.67015,52.60246,54.7546,56.98655,62.6458,64.4621,66.60847,68.66895,76.00596,71.39072
Brazil,BRA,Central bank assets to GDP (%),GFDD.DI.06,14.38855,14.91358,15.25858,13.98851,12.58907,9.877639,8.149713,8.551273,9.300953,8.794583,8.041056,7.355897,9.521589,8.401156,8.320628,9.814033,11.07736,12.07391,15.50904,14.99689,13.79938,12.94981,11.18513,12.15965,10.87454,14.06755,17.63109,22.32273,61.80014,70.70438,51.64068,50.62788,57.01464,57.68814,11.80225,5.011392,3.357418,4.550415,14.09258,11.68593,11.35461,14.82231,19.1344,16.95486,15.95423,13.06655,12.71029,13.27814,16.05142,19.20823,18.09583,17.24133,18.90485,17.87579,19.26371,21.33497,24.21327,25.2422,25.63056,25.54062,25.77876,23.38951
Brazil,BRA,Credit card (% age 15+),GFDD.AI.20,..,..,..,..,..,..,..,..,..,..,..,..,..,..,..,..,..,..,..,..,..,..,..,..,..,..,..,..,..,..,..,..,..,..,..,..,..,..,..,..,..,..,..,..,..,..,..,..,..,..,..,29.23952,..,..,32.04989,..,..,27.02891,..,..,..,40.43267
Brazil,BRA,Credit to government and state-owned enterprises to GDP (%),GFDD.EI.08,..,..,..,..,..,..,..,..,..,..,..,..,..,..,..,..,..,..,..,..,11.66923,16.41122,18.38902,22.51276,21.51484,22.10696,15.55802,28.56413,33.4355,60.30116,18.06949,16.78967,23.34162,30.68388,14.83704,11.40703,15.40286,17.69418,25.98117,34.19332,34.69669,34.48816,31.95981,37.11432,37.36795,40.89092,41.08709,38.68527,34.55337,36.79398,35.90311,36.44764,37.23402,34.62202,33.79398,40.03166,44.37369,48.74338,49.14723,52.13695,61.87773,..
Brazil,BRA,Credit flows by fintech and bigtech companies to GDP (%),GFDD.DM.16,..,..,..,..,..,..,..,..,..,..,..,..,..,..,..,..,..,..,..,..,..,..,..,..,..,..,..,..,..,..,..,..,..,..,..,..,..,..,..,..,..,..,..,..,..,..,..,..,..,..,..,..,..,3.24E-05,4.07E-05,0.0006453,0.003382,0.0115163,0.0397301,0.0935499,..,..
Brazil,BRA,Deposit money bank assets to deposit money bank assets and central bank assets (%),GFDD.DI.04,47.4808,43.7635,42.89224,41.45618,41.57119,50.0529,52.25728,58.10747,58.81268,73.46447,78.1499,81.18813,79.7546,81.70213,82.58427,81.96147,80.84656,79.57938,76.42857,77.71685,76.14704,80.42794,83.755,84.88969,86.49135,81.6775,64.5474,66.43444,69.55538,72.67369,53.80668,55.02816,65.40832,73.94957,87.24103,91.57115,94.36089,92.77551,79.75381,84.56409,85.2905,81.0733,76.30099,79.26134,80.33974,84.4267,85.51279,85.72836,83.5093,81.44067,83.05053,84.57394,84.0678,84.686,83.82375,83.35758,81.48563,81.08772,81.01387,81.83381,83.632,84.32411
Brazil,BRA,Insurance company assets to GDP (%),GFDD.DI.11,..,..,..,..,..,..,..,..,..,..,..,..,..,..,..,..,..,..,..,..,..,..,..,..,..,..,..,..,..,..,..,..,..,..,..,..,..,..,..,..,3.3040835,3.5946195,4.174131,4.9468578,5.6272305,6.1675801,6.8810318,7.5353131,7.414432,8.7474753,8.9016142,8.560184,9.5356845,9.5816893,10.391957,11.780015,13.333735,14.635739,15.072053,16.075245,17.208749,..
Brazil,BRA,Gross portfolio debt assets to GDP (%),GFDD.DM.11,..,..,..,..,..,..,..,..,..,..,..,..,..,..,..,..,..,..,..,..,..,..,..,..,..,..,..,..,..,..,..,..,..,..,..,..,..,..,..,..,..,0.6073899,0.6781144,0.7800461,1.046036,0.9001231,0.9638065,0.9105366,0.5783939,0.4725466,1.062653,0.4426896,0.3552336,0.3440142,0.4902504,0.447187,0.5053263,0.4391403,0.5301186,0.5332461,0.5212489,..
Brazil,BRA,Liquid liabilities to GDP (%),GFDD.DI.05,21.93174,21.8578,22.26189,20.38756,18.57052,19.81623,16.30222,18.75868,19.35209,19.34941,19.40815,20.13193,18.75464,18.16994,16.90966,17.15074,15.30022,14.52079,14.5691,15.29884,11.76865,11.52991,10.46821,10.98583,12.78522,14.36892,20.87996,20.65932,80.44763,111.3253,30.39451,35.0296,60.93241,93.65885,45.4613,32.44855,35.11847,36.96514,39.33177,42.81104,46.48666,47.24524,45.64573,48.31206,49.59469,53.44701,57.22883,60.1108,61.66891,67.061,66.61838,70.1004,73.85186,72.63609,76.08147,80.44244,86.46298,86.13297,87.52866,90.06297,105.7287,98.90212
British Virgin Islands,VGB,Account at a formal financial institution (% age 15+),GFDD.AI.05,..,..,..,..,..,..,..,..,..,..,..,..,..,..,..,..,..,..,..,..,..,..,..,..,..,..,..,..,..,..,..,..,..,..,..,..,..,..,..,..,..,..,..,..,..,..,..,..,..,..,..,..,..,..,..,..,..,..,..,..,..,..
British Virgin Islands,VGB,"Bank accounts per 1,000 adults",GFDD.AI.01,..,..,..,..,..,..,..,..,..,..,..,..,..,..,..,..,..,..,..,..,..,..,..,..,..,..,..,..,..,..,..,..,..,..,..,..,..,..,..,..,..,..,..,..,..,..,..,..,..,..,..,..,..,..,..,..,..,..,..,..,..,..
British Virgin Islands,VGB,Bank deposits to GDP (%),GFDD.OI.02,..,..,..,..,..,..,..,..,..,..,..,..,..,..,..,..,..,..,..,..,..,..,..,..,..,..,..,..,..,..,..,..,..,..,..,..,..,..,..,..,..,..,..,..,..,..,..,..,..,..,..,..,..,..,..,..,..,..,..,..,..,..
British Virgin Islands,VGB,Central bank assets to GDP (%),GFDD.DI.06,..,..,..,..,..,..,..,..,..,..,..,..,..,..,..,..,..,..,..,..,..,..,..,..,..,..,..,..,..,..,..,..,..,..,..,..,..,..,..,..,..,..,..,..,..,..,..,..,..,..,..,..,..,..,..,..,..,..,..,..,..,..
British Virgin Islands,VGB,Credit card (% age 15+),GFDD.AI.20,..,..,..,..,..,..,..,..,..,..,..,..,..,..,..,..,..,..,..,..,..,..,..,..,..,..,..,..,..,..,..,..,..,..,..,..,..,..,..,..,..,..,..,..,..,..,..,..,..,..,..,..,..,..,..,..,..,..,..,..,..,..
British Virgin Islands,VGB,Credit to government and state-owned enterprises to GDP (%),GFDD.EI.08,..,..,..,..,..,..,..,..,..,..,..,..,..,..,..,..,..,..,..,..,..,..,..,..,..,..,..,..,..,..,..,..,..,..,..,..,..,..,..,..,..,..,..,..,..,..,..,..,..,..,..,..,..,..,..,..,..,..,..,..,..,..
British Virgin Islands,VGB,Credit flows by fintech and bigtech companies to GDP (%),GFDD.DM.16,..,..,..,..,..,..,..,..,..,..,..,..,..,..,..,..,..,..,..,..,..,..,..,..,..,..,..,..,..,..,..,..,..,..,..,..,..,..,..,..,..,..,..,..,..,..,..,..,..,..,..,..,..,..,..,..,..,..,..,..,..,..
British Virgin Islands,VGB,Deposit money bank assets to deposit money bank assets and central bank assets (%),GFDD.DI.04,..,..,..,..,..,..,..,..,..,..,..,..,..,..,..,..,..,..,..,..,..,..,..,..,..,..,..,..,..,..,..,..,..,..,..,..,..,..,..,..,..,..,..,..,..,..,..,..,..,..,..,..,..,..,..,..,..,..,..,..,..,..
British Virgin Islands,VGB,Insurance company assets to GDP (%),GFDD.DI.11,..,..,..,..,..,..,..,..,..,..,..,..,..,..,..,..,..,..,..,..,..,..,..,..,..,..,..,..,..,..,..,..,..,..,..,..,..,..,..,..,..,..,..,..,..,..,..,..,..,..,..,..,..,..,..,..,..,..,..,..,..,..
British Virgin Islands,VGB,Gross portfolio debt assets to GDP (%),GFDD.DM.11,..,..,..,..,..,..,..,..,..,..,..,..,..,..,..,..,..,..,..,..,..,..,..,..,..,..,..,..,..,..,..,..,..,..,..,..,..,..,..,..,..,..,..,..,..,..,..,..,..,..,..,..,..,..,..,..,..,..,..,..,..,..
British Virgin Islands,VGB,Liquid liabilities to GDP (%),GFDD.DI.05,..,..,..,..,..,..,..,..,..,..,..,..,..,..,..,..,..,..,..,..,..,..,..,..,..,..,..,..,..,..,..,..,..,..,..,..,..,..,..,..,..,..,..,..,..,..,..,..,..,..,..,..,..,..,..,..,..,..,..,..,..,..
Brunei Darussalam,BRN,Account at a formal financial institution (% age 15+),GFDD.AI.05,..,..,..,..,..,..,..,..,..,..,..,..,..,..,..,..,..,..,..,..,..,..,..,..,..,..,..,..,..,..,..,..,..,..,..,..,..,..,..,..,..,..,..,..,..,..,..,..,..,..,..,..,..,..,..,..,..,..,..,..,..,..
Brunei Darussalam,BRN,"Bank accounts per 1,000 adults",GFDD.AI.01,..,..,..,..,..,..,..,..,..,..,..,..,..,..,..,..,..,..,..,..,..,..,..,..,..,..,..,..,..,..,..,..,..,..,..,..,..,..,..,..,..,..,..,..,..,..,..,..,1334.6894,1401.388,1455.2212,1465.7183,1901.4955,1546.1209,1631.5538,1587.9143,1557.6597,1509.7446,1505.4363,1597.9421,..,..
Brunei Darussalam,BRN,Bank deposits to GDP (%),GFDD.OI.02,..,..,..,..,..,..,..,..,..,..,..,..,..,..,..,..,..,..,..,..,..,..,..,..,..,..,..,..,..,..,..,..,..,..,..,..,..,..,..,69.5184,80.07755,72.11687,70.54864,67.52,67.75526,53.94827,47.80736,50.30594,50.00378,71.81771,62.85998,55.8131,54.766,58.25692,62.7854,74.76925,85.38962,80.16944,75.65695,78.98933,86.43212,..
Brunei Darussalam,BRN,Central bank assets to GDP (%),GFDD.DI.06,..,..,..,..,..,..,..,..,..,..,..,..,..,..,..,..,..,..,..,..,..,..,..,..,..,..,..,..,..,..,..,..,..,..,..,..,..,..,..,1.170963,0.8728021,0.8996273,0.8624498,0.0022526,0.0024888,0.0021101,0.0032826,0.0027444,0.0031843,0.0054823,0.004414,1.290688,0.0033745,0.0048288,0.0059103,0.0074461,0.0065997,0.0083007,0.0061734,0.0062076,0.0057236,..
Brunei Darussalam,BRN,Credit card (% age 15+),GFDD.AI.20,..,..,..,..,..,..,..,..,..,..,..,..,..,..,..,..,..,..,..,..,..,..,..,..,..,..,..,..,..,..,..,..,..,..,..,..,..,..,..,..,..,..,..,..,..,..,..,..,..,..,..,..,..,..,..,..,..,..,..,..,..,..
Brunei Darussalam,BRN,Credit to government and state-owned enterprises to GDP (%),GFDD.EI.08,..,..,..,..,..,..,..,..,..,..,..,..,..,..,..,..,..,..,..,..,..,..,..,..,..,..,..,..,..,..,..,..,..,..,..,..,..,..,..,..,0.0034216,2.022624,1.154824,1.390733,1.019779,0.7615888,1.31643,1.364473,1.44535,2.251841,1.569383,2.590108,2.91455,3.621162,4.466772,5.516271,4.233033,3.025437,5.03248,4.441155,4.815499,..
Brunei Darussalam,BRN,Credit flows by fintech and bigtech companies to GDP (%),GFDD.DM.16,..,..,..,..,..,..,..,..,..,..,..,..,..,..,..,..,..,..,..,..,..,..,..,..,..,..,..,..,..,..,..,..,..,..,..,..,..,..,..,..,..,..,..,..,..,..,..,..,..,..,..,..,..,..,..,..,..,..,..,..,..,..
Brunei Darussalam,BRN,Deposit money bank assets to deposit money bank assets and central bank assets (%),GFDD.DI.04,..,..,..,..,..,..,..,..,..,..,..,..,..,..,..,..,..,..,..,..,..,..,..,..,..,..,..,..,..,..,..,..,..,..,..,..,..,..,..,98.09126,98.29429,98.4093,98.45142,99.99568,99.99476,99.99487,99.9909,99.9929,99.99129,99.98824,99.98843,95.93537,99.98901,99.98602,99.98419,99.98404,99.9862,99.98016,99.98435,99.98425,99.98689,..
Brunei Darussalam,BRN,Insurance company assets to GDP (%),GFDD.DI.11,..,..,..,..,..,..,..,..,..,..,..,..,..,..,..,..,..,..,..,..,..,..,..,..,..,..,..,..,..,..,..,..,..,..,..,..,..,..,..,..,..,..,..,..,5.9086911,5.9726149,5.0176106,4.932143,4.4730077,..,4.4544658,3.6518888,3.6929179,4.0328619,4.3982514,5.315275,6.4154673,6.4976515,6.4570895,..,..,..
Brunei Darussalam,BRN,Gross portfolio debt assets to GDP (%),GFDD.DM.11,..,..,..,..,..,..,..,..,..,..,..,..,..,..,..,..,..,..,..,..,..,..,..,..,..,..,..,..,..,..,..,..,..,..,..,..,..,..,..,..,..,..,..,..,..,..,..,..,..,..,..,..,..,..,..,..,..,..,..,..,..,..
Brunei Darussalam,BRN,Liquid liabilities to GDP (%),GFDD.DI.05,..,..,..,..,..,..,..,..,..,..,..,..,..,..,..,..,..,..,..,..,..,..,..,..,..,..,..,..,..,..,..,..,..,..,..,..,..,..,..,77.03516,85.72546,77.81887,76.03979,72.45576,72.08105,57.73515,46.99237,49.3299,49.27997,70.73135,62.09702,55.04142,54.02034,57.27173,61.50459,72.61214,82.92514,77.64883,73.28424,76.3353,83.27573,..
Bulgaria,BGR,Account at a formal financial institution (% age 15+),GFDD.AI.05,..,..,..,..,..,..,..,..,..,..,..,..,..,..,..,..,..,..,..,..,..,..,..,..,..,..,..,..,..,..,..,..,..,..,..,..,..,..,..,..,..,..,..,..,..,..,..,..,..,..,..,52.8249,..,..,62.98683,..,..,72.20403,..,..,..,83.96652
Bulgaria,BGR,"Bank accounts per 1,000 adults",GFDD.AI.01,..,..,..,..,..,..,..,..,..,..,..,..,..,..,..,..,..,..,..,..,..,..,..,..,..,..,..,..,..,..,..,..,..,..,..,..,..,..,..,..,..,..,..,..,..,..,..,..,..,..,..,..,..,..,..,..,..,..,..,1571.8428,1374.2637,..
Bulgaria,BGR,Bank deposits to GDP (%),GFDD.OI.02,..,..,..,..,..,..,..,..,..,..,..,..,..,..,..,..,..,..,..,..,..,..,..,..,..,..,..,..,..,..,..,67.12454,66.78088,69.79291,72.20681,41.2751,54.27831,23.584,17.89986,21.26771,22.1452,26.95136,28.15723,31.05669,35.8848,41.47202,48.80761,55.38108,52.76523,53.7075,57.2035,59.32846,62.83661,68.76749,67.73366,69.13238,69.1833,68.93932,69.66728,70.24484,77.72247,76.51083
Bulgaria,BGR,Central bank assets to GDP (%),GFDD.DI.06,..,..,..,..,..,..,..,..,..,..,..,..,..,..,..,..,..,..,..,..,..,..,..,..,..,..,..,..,..,..,..,7.218128,11.68078,11.65507,10.31183,7.916894,18.80941,8.579037,6.301197,8.805777,9.113717,7.476965,5.86913,5.221857,4.2887,2.486322,1.083785,0.1244979,0.1085309,0.0987135,0.0937663,0.0865214,0.0849407,0.085358,0.0834222,0.0783484,0.0735922,0.0683174,0.06383,0.0582998,0.0585156,0.0528762
Bulgaria,BGR,Credit card (% age 15+),GFDD.AI.20,..,..,..,..,..,..,..,..,..,..,..,..,..,..,..,..,..,..,..,..,..,..,..,..,..,..,..,..,..,..,..,..,..,..,..,..,..,..,..,..,..,..,..,..,..,..,..,..,..,..,..,10.42672,..,..,12.19764,..,..,13.55325,..,..,..,23.26655
Bulgaria,BGR,Credit to government and state-owned enterprises to GDP (%),GFDD.EI.08,..,..,..,..,..,..,..,..,..,..,..,..,..,..,..,..,..,..,..,..,..,..,..,..,..,..,..,..,..,..,..,40.97203,41.91139,60.88663,54.4892,17.73074,28.12537,11.39327,5.832686,4.923592,3.906263,4.445767,5.747176,5.597991,5.436309,5.826267,5.42284,5.184959,4.365812,4.193357,5.198145,5.659256,6.784087,7.426222,10.15551,10.58932,11.58082,10.97716,9.291206,8.751177,10.11996,..
Bulgaria,BGR,Credit flows by fintech and bigtech companies to GDP (%),GFDD.DM.16,..,..,..,..,..,..,..,..,..,..,..,..,..,..,..,..,..,..,..,..,..,..,..,..,..,..,..,..,..,..,..,..,..,..,..,..,..,..,..,..,..,..,..,..,..,..,..,..,..,..,..,..,..,0,0,0,0,0,0,0,..,..
Bulgaria,BGR,Deposit money bank assets to deposit money bank assets and central bank assets (%),GFDD.DI.04,..,..,..,..,..,..,..,..,..,..,..,..,..,..,..,..,..,..,..,..,..,..,..,..,..,..,..,..,..,..,..,94.4897,90.90684,91.61441,90.9584,85.10863,80.7319,69.9139,70.09921,65.05543,63.49753,71.51994,80.55222,85.69841,90.20021,94.80352,97.82136,99.80766,99.85062,99.86505,99.87227,99.87803,99.88295,99.88406,99.87976,99.88014,99.88425,99.88755,99.89295,99.89999,99.90541,99.91467
Bulgaria,BGR,Insurance company assets to GDP (%),GFDD.DI.11,..,..,..,..,..,..,..,..,..,..,..,..,..,..,..,..,..,..,..,..,..,..,..,..,..,..,..,..,..,..,..,..,..,..,..,..,..,..,..,2.1481347,2.1891648,2.2301125,2.3795617,2.185878,2.2982417,2.6067609,3.2742664,3.4135606,3.5018295,3.8083339,3.903305,3.6655438,3.752501,3.9954492,4.2078732,4.255856,4.1462572,4.7909372,5.0053685,5.2763214,5.7528933,..
Bulgaria,BGR,Gross portfolio debt assets to GDP (%),GFDD.DM.11,..,..,..,..,..,..,..,..,..,..,..,..,..,..,..,..,..,..,..,..,..,..,..,..,..,..,..,..,..,..,..,..,..,..,..,..,..,..,..,4.818474,5.281599,5.628393,4.064489,3.786337,3.383951,2.569185,3.151479,2.541854,2.552625,4.064075,5.163424,4.974281,9.81829,10.63482,9.516026,7.880057,8.460441,11.32661,9.843998,12.7727,15.65854,..
Bulgaria,BGR,Liquid liabilities to GDP (%),GFDD.DI.05,..,..,..,..,..,..,..,..,..,..,..,..,..,..,..,..,..,..,..,..,..,..,..,..,..,..,..,..,..,..,..,74.53058,76.38995,78.96789,79.70282,46.1268,60.23526,31.24949,25.11982,30.09081,35.04589,40.06624,40.94024,45.76097,50.462,55.03513,61.60971,68.36353,64.85475,65.22378,67.76514,70.16613,74.68211,81.75526,80.81518,82.55305,83.4401,83.4192,84.78331,85.10985,94.72285,94.75155
Burkina Faso,BFA,Account at a formal financial institution (% age 15+),GFDD.AI.05,..,..,..,..,..,..,..,..,..,..,..,..,..,..,..,..,..,..,..,..,..,..,..,..,..,..,..,..,..,..,..,..,..,..,..,..,..,..,..,..,..,..,..,..,..,..,..,..,..,..,..,13.35309,..,..,13.42449,..,..,23.34053,..,..,..,21.05264
Burkina Faso,BFA,"Bank accounts per 1,000 adults",GFDD.AI.01,..,..,..,..,..,..,..,..,..,..,..,..,..,..,..,..,..,..,..,..,..,..,..,..,..,..,..,..,..,..,..,..,..,..,..,..,..,..,..,..,..,..,..,..,54.405219,108.44709,57.732311,61.502064,69.035531,71.013056,78.637539,90.510738,105.43404,112.24035,126.51052,141.16738,161.25051,174.15899,178.34627,181.78774,194.05963,..
Burkina Faso,BFA,Bank deposits to GDP (%),GFDD.OI.02,1.579799,2.165266,1.585587,1.07219,0.931104,0.8737774,0.7704276,0.8904024,1.264617,1.201054,1.235135,1.432287,2.12448,3.285048,3.457324,4.37517,6.767812,5.841177,7.125266,6.101921,7.82284,7.757916,7.453645,7.709263,9.354694,8.622067,9.715338,11.29184,12.20188,11.66859,10.88817,10.94618,11.05078,10.96846,12.58126,12.84274,11.40855,12.20183,11.1029,10.36349,11.5504,11.44273,12.40701,13.38256,13.893,12.38191,13.72274,15.22153,15.1119,17.7521,20.57537,21.50846,22.18998,24.51933,25.73665,30.06431,30.50852,33.18142,32.68209,33.59735,37.89609,40.63704
Burkina Faso,BFA,Central bank assets to GDP (%),GFDD.DI.06,..,..,0.0233175,0.1239526,0.1206987,0.1092222,0.1863126,0.0781055,0.000512,0.0004311,..,0.0003743,0.0004916,..,..,..,0.0003837,0.5925223,0.9289329,0.9900083,1.246629,1.271365,1.756911,2.030463,2.169291,1.708442,1.731322,2.327083,2.209109,2.184579,2.291399,2.441832,2.543757,2.901581,4.261503,4.687764,4.479411,5.607381,5.612111,4.96949,4.951332,4.737013,4.477271,3.756893,3.30061,2.78787,1.255059,1.088622,1.057649,2.212165,2.09436,1.968013,2.216949,2.074372,1.910473,1.939177,1.830506,1.525248,1.294723,1.312943,2.192624,2.694127
Burkina Faso,BFA,Credit card (% age 15+),GFDD.AI.20,..,..,..,..,..,..,..,..,..,..,..,..,..,..,..,..,..,..,..,..,..,..,..,..,..,..,..,..,..,..,..,..,..,..,..,..,..,..,..,..,..,..,..,..,..,..,..,..,..,..,..,0.8034162,..,..,2.842186,..,..,4.816796,..,..,..,2.702617
Burkina Faso,BFA,Credit to government and state-owned enterprises to GDP (%),GFDD.EI.08,..,..,..,..,..,..,..,..,..,..,..,..,..,..,..,..,..,..,..,..,1.715263,2.506711,2.108737,1.851128,1.833747,0.8504086,0.8601544,0.697228,0.7843991,1.565798,2.074426,1.528909,1.399915,1.327239,2.984776,2.043821,1.752569,1.749166,1.757412,1.249025,1.0147,2.525999,2.405176,3.157911,2.342461,2.789908,2.623504,2.75389,3.256344,1.899496,3.543234,4.502107,4.934707,4.977083,6.710266,7.396869,6.640066,6.743122,7.9762,8.556563,10.02587,..
Burkina Faso,BFA,Credit flows by fintech and bigtech companies to GDP (%),GFDD.DM.16,..,..,..,..,..,..,..,..,..,..,..,..,..,..,..,..,..,..,..,..,..,..,..,..,..,..,..,..,..,..,..,..,..,..,..,..,..,..,..,..,..,..,..,..,..,..,..,..,..,..,..,..,..,0,0,0,0,0,0,0,..,..
Burkina Faso,BFA,Deposit money bank assets to deposit money bank assets and central bank assets (%),GFDD.DI.04,..,..,98.61751,93.78882,94.50262,95.06173,90.08043,95.92391,99.97466,99.98213,..,99.98331,99.98608,..,..,..,99.99728,95.98666,94.54529,93.46652,92.98139,92.80243,89.54826,87.73573,86.28665,89.14101,89.40182,86.65658,87.58045,89.20641,89.27964,85.12743,82.80717,79.37549,70.58257,65.62128,66.18022,70.48595,69.70037,67.21937,69.59997,73.40678,76.28764,80.47023,82.63617,86.22851,93.64235,94.19405,94.71432,88.46713,89.98452,91.51023,91.17813,92.97349,94.3512,94.68638,94.6519,95.72402,96.41923,96.55524,94.6886,93.69085
Burkina Faso,BFA,Insurance company assets to GDP (%),GFDD.DI.11,..,..,..,..,..,..,..,..,..,..,..,..,..,..,..,..,..,..,..,..,..,..,..,..,..,..,..,..,..,..,..,..,..,..,..,..,..,..,..,..,..,0.52070929,0.48323189,0.57897701,0.61505117,0.72200094,0.77107708,1.1353342,1.1070755,1.1174908,1.796013,1.7447159,1.6546736,1.7885144,1.8730038,2.1785507,2.1978787,2.2353487,2.4506572,2.9024558,..,..
Burkina Faso,BFA,Gross portfolio debt assets to GDP (%),GFDD.DM.11,..,..,..,..,..,..,..,..,..,..,..,..,..,..,..,..,..,..,..,..,..,..,..,..,..,..,..,..,..,..,..,..,..,..,..,..,..,..,..,..,..,..,..,..,..,0.6628042,0.1515455,1.178941,1.685219,2.236104,5.600696,17.85294,8.422236,12.89377,19.36289,25.68794,24.30116,27.22718,23.72853,25.95474,..,..
Burkina Faso,BFA,Liquid liabilities to GDP (%),GFDD.DI.05,..,..,4.515813,3.991274,3.83362,3.762704,3.6054,3.825085,4.286899,4.129969,4.001065,4.10861,5.757528,7.650959,7.876702,9.205701,13.06597,11.52417,12.05094,11.09288,13.99341,14.08863,13.13754,13.82607,15.18268,14.16434,17.12631,18.84286,19.94037,19.30299,18.95532,18.88033,19.90649,19.86547,22.13045,23.97029,22.63044,24.67568,21.52618,17.51092,18.62895,16.8469,16.0226,23.15362,20.30356,17.2391,18.01961,20.9207,20.33834,23.5812,24.9989,24.97181,25.91504,27.74614,29.56335,34.45037,34.31491,38.75124,39.27293,40.69167,44.99454,48.956
Burundi,BDI,Account at a formal financial institution (% age 15+),GFDD.AI.05,..,..,..,..,..,..,..,..,..,..,..,..,..,..,..,..,..,..,..,..,..,..,..,..,..,..,..,..,..,..,..,..,..,..,..,..,..,..,..,..,..,..,..,..,..,..,..,..,..,..,..,7.237984,..,..,6.943461,..,..,..,..,..,..,..
Burundi,BDI,"Bank accounts per 1,000 adults",GFDD.AI.01,..,..,..,..,..,..,..,..,..,..,..,..,..,..,..,..,..,..,..,..,..,..,..,..,..,..,..,..,..,..,..,..,..,..,..,..,..,..,..,..,..,..,..,..,12.876283,16.444567,18.553711,19.150565,19.663695,22.524978,30.422468,34.487498,36.357352,28.78398,33.067272,33.068497,..,..,..,..,..,..
Burundi,BDI,Bank deposits to GDP (%),GFDD.OI.02,..,..,..,..,4.199776,4.108426,3.067914,4.039228,3.926343,3.648624,4.738604,5.176719,5.407491,5.949576,5.605952,5.123614,6.097731,6.734586,7.818573,6.880336,5.071893,5.757084,5.721765,7.78115,6.273751,7.51639,6.827742,6.982465,8.136102,9.117378,9.534809,11.14402,10.74366,10.91416,14.57714,11.77887,13.08951,11.46493,9.536612,12.38829,11.77503,12.28645,15.36408,18.32577,16.2726,17.11847,20.13199,19.67306,20.60315,19.49487,21.9427,20.71108,20.32934,20.39517,21.27775,18.05502,18.98583,21.35612,26.63407,31.91842,38.35304,..
Burundi,BDI,Central bank assets to GDP (%),GFDD.DI.06,..,..,..,..,2.668782,2.484691,3.449699,4.35797,5.532975,5.039375,5.018758,3.478803,4.344174,4.645418,4.231529,2.641451,3.981214,4.181293,6.236979,8.573124,8.533072,9.735854,10.52092,12.53786,12.53188,12.45416,11.96729,12.27009,10.70806,8.803757,8.065702,6.490613,5.4271,4.222045,3.914683,4.811905,5.336772,6.395654,7.187663,8.693224,9.575106,9.670891,10.09341,12.41918,13.06384,12.96326,16.10082,12.60142,9.141973,11.66098,10.31095,11.64106,12.42407,10.66787,10.99611,13.45711,15.68379,14.76579,14.70587,13.86776,15.86025,13.49279
Burundi,BDI,Credit card (% age 15+),GFDD.AI.20,..,..,..,..,..,..,..,..,..,..,..,..,..,..,..,..,..,..,..,..,..,..,..,..,..,..,..,..,..,..,..,..,..,..,..,..,..,..,..,..,..,..,..,..,..,..,..,..,..,..,..,0.6035803,..,..,0.288243,..,..,..,..,..,..,..
Burundi,BDI,Credit to government and state-owned enterprises to GDP (%),GFDD.EI.08,..,..,..,..,..,..,..,..,..,..,..,..,..,..,..,..,..,..,..,..,0.0047927,0.0055042,0.0136131,0.047754,2.360401,3.082489,3.238488,3.557519,4.577481,4.060249,4.202944,3.417106,2.773475,1.770196,3.451059,3.252353,3.992759,3.71846,3.59952,2.95681,0.5520341,1.237261,1.684759,1.184379,1.777791,1.627651,1.395977,2.961524,4.305877,3.435445,4.728955,3.191676,2.276676,3.697123,5.158222,5.800364,9.108393,12.03392,18.01376,25.05301,27.25154,..
Burundi,BDI,Credit flows by fintech and bigtech companies to GDP (%),GFDD.DM.16,..,..,..,..,..,..,..,..,..,..,..,..,..,..,..,..,..,..,..,..,..,..,..,..,..,..,..,..,..,..,..,..,..,..,..,..,..,..,..,..,..,..,..,..,..,..,..,..,..,..,..,..,..,0,0,0,0,0,0,0,..,..
Burundi,BDI,Deposit money bank assets to deposit money bank assets and central bank assets (%),GFDD.DI.04,..,..,..,..,52.31689,51.75953,42.23744,48.37067,43.14984,41.53687,47.22043,59.34975,55.47675,55.84415,68.36823,65.07432,57.99739,50.43341,53.15626,50.04288,43.39519,49.27634,42.90637,35.1854,32.91289,34.25523,38.49912,38.52747,49.17921,55.14866,61.14069,68.38263,71.10979,78.72889,82.15138,75.62788,76.77625,70.45902,70.08659,66.39867,64.6377,64.24706,68.36596,62.98625,59.19362,55.22187,51.42634,58.72907,66.41578,60.57411,68.95693,67.81869,64.15916,68.31496,68.94508,62.21891,62.73077,65.20552,71.26971,76.88815,77.19,..
Burundi,BDI,Insurance company assets to GDP (%),GFDD.DI.11,..,..,..,..,..,..,..,..,..,..,..,..,..,..,..,..,..,..,..,..,..,..,..,..,..,..,..,..,..,..,..,..,..,..,..,..,..,..,..,..,..,..,..,..,..,..,..,..,..,..,..,..,..,..,..,..,..,..,..,..,..,..
Burundi,BDI,Gross portfolio debt assets to GDP (%),GFDD.DM.11,..,..,..,..,..,..,..,..,..,..,..,..,..,..,..,..,..,..,..,..,..,..,..,..,..,..,..,..,..,..,..,..,..,..,..,..,..,..,..,..,..,..,..,..,..,..,..,..,..,..,..,..,0.0109218,8.475638,5.698905,4.770326,4.791887,4.271671,4.35948,..,..,..
Burundi,BDI,Liquid liabilities to GDP (%),GFDD.DI.05,..,..,..,..,11.21056,10.47498,9.346912,11.17374,10.65388,9.82141,11.39842,11.44879,12.11122,12.47913,12.8254,10.54178,13.87941,14.67422,18.3048,15.42628,11.52737,14.4277,12.96341,15.39093,13.53541,14.05477,14.12407,14.08829,15.30786,15.50184,15.79613,17.03954,16.91961,17.74574,23.02166,19.81773,22.34989,18.60038,15.79847,19.11073,17.1748,17.03081,21.06034,23.77882,22.13838,22.9586,26.0736,26.68498,29.18002,25.39635,27.68697,26.3079,25.61012,25.41183,26.10657,22.37309,23.94111,27.05107,32.90134,39.33294,46.64942,..
Cabo Verde,CPV,Account at a formal financial institution (% age 15+),GFDD.AI.05,..,..,..,..,..,..,..,..,..,..,..,..,..,..,..,..,..,..,..,..,..,..,..,..,..,..,..,..,..,..,..,..,..,..,..,..,..,..,..,..,..,..,..,..,..,..,..,..,..,..,..,..,..,..,..,..,..,..,..,..,..,..
Cabo Verde,CPV,"Bank accounts per 1,000 adults",GFDD.AI.01,..,..,..,..,..,..,..,..,..,..,..,..,..,..,..,..,..,..,..,..,..,..,..,..,..,..,..,..,..,..,..,..,..,..,..,..,..,..,..,..,..,..,..,..,922.16373,1103.2228,1177.9974,1271.7523,1398.9676,1234.8752,1457.4302,1554.4673,1643.6058,1704.8856,1770.7972,1856.7504,1847.2463,2054.4767,2122.3711,2187.0674,2007.5202,..
Cabo Verde,CPV,Bank deposits to GDP (%),GFDD.OI.02,..,..,..,..,..,..,..,..,..,..,..,..,..,..,..,..,..,..,..,..,..,..,..,..,..,..,..,..,..,..,..,..,..,40.78995,53.87157,54.45678,56.67137,56.96041,51.5779,49.98376,54.36146,56.03467,62.67659,62.9021,67.90031,75.1336,79.7942,70.68781,69.09548,71.34432,74.12022,72.8123,76.82008,84.22919,89.98112,93.22852,96.97839,99.21488,94.74351,96.87713,116.3371,109.7969
Cabo Verde,CPV,Central bank assets to GDP (%),GFDD.DI.06,..,..,..,..,..,..,..,..,..,..,..,..,..,..,..,..,..,..,..,..,21.94145,30.31205,29.62003,29.76494,31.64249,36.16247,35.11648,35.61279,34.91228,37.5265,41.37543,46.94632,51.92074,23.42227,16.99129,16.33223,15.45857,15.71972,13.24564,11.6129,16.15221,17.04159,16.85641,16.00418,14.54673,13.69576,10.98587,8.669386,7.875944,7.623616,7.423839,6.547482,6.349699,6.162657,6.033865,5.659757,5.239188,5.695229,5.270842,4.869272,5.477985,2.678728
Cabo Verde,CPV,Credit card (% age 15+),GFDD.AI.20,..,..,..,..,..,..,..,..,..,..,..,..,..,..,..,..,..,..,..,..,..,..,..,..,..,..,..,..,..,..,..,..,..,..,..,..,..,..,..,..,..,..,..,..,..,..,..,..,..,..,..,..,..,..,..,..,..,..,..,..,..,..
Cabo Verde,CPV,Credit to government and state-owned enterprises to GDP (%),GFDD.EI.08,..,..,..,..,..,..,..,..,..,..,..,..,..,..,..,..,..,..,..,..,0.1382839,0.0976309,0.0653648,0.0411678,0.0251225,0.0179883,..,..,0.000475,..,..,..,..,1.507624,17.88538,19.98041,20.74332,20.644,18.40447,5.771803,11.9117,21.30962,23.51726,22.25693,22.2983,24.09487,22.31115,17.34846,13.79232,14.64378,15.66773,17.5255,17.81552,19.69777,23.3102,25.33617,26.95839,27.97315,29.77688,25.92152,33.00285,..
Cabo Verde,CPV,Credit flows by fintech and bigtech companies to GDP (%),GFDD.DM.16,..,..,..,..,..,..,..,..,..,..,..,..,..,..,..,..,..,..,..,..,..,..,..,..,..,..,..,..,..,..,..,..,..,..,..,..,..,..,..,..,..,..,..,..,..,..,..,..,..,..,..,..,..,0,0,0,0,0,0,..,..,..
Cabo Verde,CPV,Deposit money bank assets to deposit money bank assets and central bank assets (%),GFDD.DI.04,..,..,..,..,..,..,..,..,..,..,..,..,..,..,..,..,..,..,..,..,12.97196,9.837071,8.861614,8.375713,6.223221,5.716352,4.523212,5.868491,7.620819,8.398001,10.22946,8.656647,8.198141,39.28815,69.72569,74.13623,75.34109,76.91172,79.10414,79.71865,76.04236,75.50848,77.47833,78.49813,80.74543,82.53274,86.17918,87.72267,89.23232,90.40018,91.17022,92.67216,92.78534,93.11728,93.45097,93.87276,94.36377,94.04639,94.43408,94.52705,95.06696,97.52276
Cabo Verde,CPV,Insurance company assets to GDP (%),GFDD.DI.11,..,..,..,..,..,..,..,..,..,..,..,..,..,..,..,..,..,..,..,..,..,..,..,..,..,..,..,..,..,..,..,..,..,..,..,1.3803499,1.5985698,1.3551111,1.4901683,1.3953454,1.4189457,1.3095801,1.3002394,1.4579622,1.4865972,1.471998,1.5273634,1.6914211,1.7194869,1.7484636,2.0233509,2.1940179,1.9787426,2.013886,2.0779556,1.9901457,3.0883373,3.66964,3.5449874,3.7730533,4.8748167,..
Cabo Verde,CPV,Gross portfolio debt assets to GDP (%),GFDD.DM.11,..,..,..,..,..,..,..,..,..,..,..,..,..,..,..,..,..,..,..,..,..,..,..,..,..,..,..,..,..,..,..,..,..,..,..,..,..,..,..,..,..,..,..,..,..,..,..,..,..,..,..,..,1.069204,2.599491,3.150822,4.596292,7.182005,10.76901,11.43608,11.10908,14.19802,..
Cabo Verde,CPV,Liquid liabilities to GDP (%),GFDD.DI.05,..,..,..,..,..,..,..,..,..,..,..,..,..,..,..,..,..,..,..,..,41.94931,39.5591,41.14869,40.08752,37.60028,38.25514,36.33509,33.05058,31.44315,31.45222,33.92381,34.9143,42.62973,49.78881,66.19643,67.1201,67.75697,67.5847,61.45459,59.9586,64.36928,65.69693,71.55587,71.0956,76.16769,83.99267,87.7357,77.57124,75.56386,77.50056,80.10378,78.47814,82.07926,89.44076,95.64868,98.88468,102.5702,104.6263,99.96299,102.0194,125.2991,117.9601
Cambodia,KHM,Account at a formal financial institution (% age 15+),GFDD.AI.05,..,..,..,..,..,..,..,..,..,..,..,..,..,..,..,..,..,..,..,..,..,..,..,..,..,..,..,..,..,..,..,..,..,..,..,..,..,..,..,..,..,..,..,..,..,..,..,..,..,..,..,3.659712,..,..,12.55649,..,..,17.80217,..,..,..,32.59663
Cambodia,KHM,"Bank accounts per 1,000 adults",GFDD.AI.01,..,..,..,..,..,..,..,..,..,..,..,..,..,..,..,..,..,..,..,..,..,..,..,..,..,..,..,..,..,..,..,..,..,..,..,..,..,..,..,..,..,..,..,..,..,..,..,..,..,..,..,..,..,..,..,..,..,..,..,..,..,..
Cambodia,KHM,Bank deposits to GDP (%),GFDD.OI.02,..,..,..,..,..,..,..,..,..,..,..,..,..,..,..,..,..,..,..,..,..,..,..,..,..,..,..,..,..,..,..,..,..,2.075694,3.818515,4.718054,6.648406,6.966861,6.151796,7.121964,9.486244,10.4015,12.64826,13.06021,14.67744,14.25699,17.93482,26.4732,22.80032,30.40718,34.9007,31.64308,43.22687,48.10421,58.33368,64.00486,71.00856,78.89191,91.57049,96.71732,118.8404,130.6155
Cambodia,KHM,Central bank assets to GDP (%),GFDD.DI.06,..,..,..,..,..,..,..,..,..,..,..,..,..,..,..,..,..,..,..,..,..,..,..,..,..,..,..,..,..,..,..,..,..,3.085119,3.064346,2.5743,2.320994,2.082551,2.461959,2.116043,1.930219,1.734411,1.603373,1.453391,1.358448,1.110967,0.9982443,0.8761359,0.6642147,0.6548249,0.6022917,0.5370111,0.5053641,0.4502834,0.6739287,0.5124709,0.5765929,0.5227267,0.2050414,0.0350424,0.0217356,0.0218494
Cambodia,KHM,Credit card (% age 15+),GFDD.AI.20,..,..,..,..,..,..,..,..,..,..,..,..,..,..,..,..,..,..,..,..,..,..,..,..,..,..,..,..,..,..,..,..,..,..,..,..,..,..,..,..,..,..,..,..,..,..,..,..,..,..,..,0.1426834,..,..,2.886191,..,..,0.5541125,..,..,..,0.2428593
Cambodia,KHM,Credit to government and state-owned enterprises to GDP (%),GFDD.EI.08,..,..,..,..,..,..,..,..,..,..,..,..,..,..,..,..,..,..,..,..,..,..,..,..,..,..,..,..,..,..,..,..,..,..,..,64.14735,60.04182,61.42728,52.62656,..,20.96198,41.96267,..,..,..,..,70.47976,33.11015,17.39476,19.72165,16.10887,15.39883,32.67829,44.64109,43.15219,41.73762,54.93142,60.44763,58.28218,60.47823,..,..
Cambodia,KHM,Credit flows by fintech and bigtech companies to GDP (%),GFDD.DM.16,..,..,..,..,..,..,..,..,..,..,..,..,..,..,..,..,..,..,..,..,..,..,..,..,..,..,..,..,..,..,..,..,..,..,..,..,..,..,..,..,..,..,..,..,..,..,..,..,..,..,..,..,..,0,0,0,0.0224312,0.0702523,0.0959639,0.1311214,..,..
Cambodia,KHM,Deposit money bank assets to deposit money bank assets and central bank assets (%),GFDD.DI.04,..,..,..,..,..,..,..,..,..,..,..,..,..,..,..,..,..,..,..,..,..,..,..,..,..,..,..,..,..,..,..,..,..,43.82081,52.47509,57.91825,67.32549,75.26847,69.6046,73.21471,76.83113,77.66178,80.37395,84.124,87.39041,89.21528,92.3344,95.40965,97.24627,97.40571,97.8603,98.13457,98.7139,99.12984,98.92728,99.3142,99.29736,99.39925,99.7942,99.96933,99.98479,99.98686
Cambodia,KHM,Insurance company assets to GDP (%),GFDD.DI.11,..,..,..,..,..,..,..,..,..,..,..,..,..,..,..,..,..,..,..,..,..,..,..,..,..,..,..,..,..,..,..,..,..,..,..,..,..,..,..,..,..,..,..,..,..,0.42135396,0.438856,0.57429845,..,..,..,..,..,..,..,..,..,..,..,..,..,..
Cambodia,KHM,Gross portfolio debt assets to GDP (%),GFDD.DM.11,..,..,..,..,..,..,..,..,..,..,..,..,..,..,..,..,..,..,..,..,..,..,..,..,..,..,..,..,..,..,..,..,..,..,..,..,..,..,..,..,..,..,..,..,..,455.1721,432.1273,385.0497,334.0952,341.6998,..,468.4827,..,..,..,..,..,460.4241,..,..,..,..
Cambodia,KHM,Liquid liabilities to GDP (%),GFDD.DI.05,..,..,..,..,..,..,..,..,..,..,..,..,..,..,..,..,..,..,..,..,..,..,..,..,..,..,..,..,..,..,..,..,..,4.894462,6.362329,7.696566,9.906824,10.47648,10.49521,10.78416,12.99838,14.11234,17.23495,18.0113,19.9868,19.26878,23.36605,32.21116,28.36015,37.47942,41.60581,39.07434,50.09768,55.53484,67.07474,72.40213,79.17479,88.17651,100.6989,107.6554,131.9093,143.8285
Cameroon,CMR,Account at a formal financial institution (% age 15+),GFDD.AI.05,..,..,..,..,..,..,..,..,..,..,..,..,..,..,..,..,..,..,..,..,..,..,..,..,..,..,..,..,..,..,..,..,..,..,..,..,..,..,..,..,..,..,..,..,..,..,..,..,..,..,..,14.80961,..,..,11.35104,..,..,26.86677,..,..,..,23.53485
Cameroon,CMR,"Bank accounts per 1,000 adults",GFDD.AI.01,..,..,..,..,..,..,..,..,..,..,..,..,..,..,..,..,..,..,..,..,..,..,..,..,..,..,..,..,..,..,..,..,..,..,..,..,..,..,..,..,..,..,..,..,1.1695061,..,..,..,45.995037,43.481787,53.41382,49.844877,52.689372,59.733883,66.566575,83.675344,87.385182,82.983405,132.49035,130.65542,118.91853,..
Cameroon,CMR,Bank deposits to GDP (%),GFDD.OI.02,..,..,..,5.12499,5.61218,6.190476,6.059302,6.387321,6.967567,7.88151,8.145507,8.913099,9.246536,10.37824,12.14423,12.00898,13.76173,16.13609,14.62136,15.23676,16.82974,16.91166,17.29855,18.5175,18.83624,18.65704,16.15574,12.91744,14.38778,15.53659,16.48109,16.49575,14.09151,9.356668,11.18577,10.01763,8.499506,8.021796,7.964491,8.441657,9.815643,10.67886,11.62545,11.3491,11.16971,12.00297,12.53872,13.34762,13.99379,14.19867,15.50872,16.30733,14.05192,14.86866,15.61419,15.4436,15.12112,15.1638,16.53209,16.80967,..,..
Cameroon,CMR,Central bank assets to GDP (%),GFDD.DI.06,..,..,..,..,..,..,..,..,3.68E-16,3.33E-16,3.93E-11,5.61E-16,4.14E-12,0.4719207,1.472562,2.576144,3.660368,3.118396,3.272919,2.886244,2.737036,2.359286,2.063442,2.32198,2.416985,1.933991,2.772804,2.429578,3.215129,3.792776,3.916696,9.59212,10.37693,6.963868,6.889157,6.236804,6.001607,5.376944,5.38067,5.664891,5.785778,6.230201,6.016664,5.293409,4.461299,3.238376,1.57282,0.7756289,0.1124019,0.6227135,0.6436601,0.6351248,1.267695,1.113803,1.08619,1.722598,2.014597,4.218059,4.334167,..,..,..
Cameroon,CMR,Credit card (% age 15+),GFDD.AI.20,..,..,..,..,..,..,..,..,..,..,..,..,..,..,..,..,..,..,..,..,..,..,..,..,..,..,..,..,..,..,..,..,..,..,..,..,..,..,..,..,..,..,..,..,..,..,..,..,..,..,..,1.837386,..,..,0.5053733,..,..,3.046463,..,..,..,1.642758
Cameroon,CMR,Credit to government and state-owned enterprises to GDP (%),GFDD.EI.08,..,..,..,..,..,..,..,..,..,..,..,..,..,..,..,..,..,..,..,..,1.710556,1.618848,1.88633,1.944456,1.786824,1.766142,2.318135,2.956446,5.823278,7.27513,6.592082,6.916055,5.22953,5.391707,5.265967,4.74961,3.757726,3.71696,3.676093,3.462993,3.59007,3.690404,3.386313,3.168858,2.784417,2.633511,2.457049,2.259367,2.145193,2.134745,1.981553,2.110215,2.870795,3.426822,3.181321,3.641401,4.154845,4.188035,4.796144,5.365594,..,..
Cameroon,CMR,Credit flows by fintech and bigtech companies to GDP (%),GFDD.DM.16,..,..,..,..,..,..,..,..,..,..,..,..,..,..,..,..,..,..,..,..,..,..,..,..,..,..,..,..,..,..,..,..,..,..,..,..,..,..,..,..,..,..,..,..,..,..,..,..,..,..,..,..,..,0.0008302,0.0058813,0.0187829,0.0011238,0.013103,0.0248412,..,..,..
Cameroon,CMR,Deposit money bank assets to deposit money bank assets and central bank assets (%),GFDD.DI.04,..,..,..,..,..,..,..,..,100,100,100,100,100,97.24609,92.66494,88.66412,85.94843,89.44685,89.31565,90.47565,92.03397,93.35084,94.2036,93.4735,91.89464,92.82626,90.63496,92.38182,90.73077,89.94154,89.77522,78.40406,64.52682,64.33394,63.59177,63.99319,63.07828,62.29698,64.66811,63.76596,64.86813,63.07514,63.91969,66.57909,68.76229,75.91519,86.23465,92.65385,98.951,94.54632,94.64049,95.49688,92.27476,93.57099,93.91071,91.1077,90.10432,81.08862,81.65408,..,..,..
Cameroon,CMR,Insurance company assets to GDP (%),GFDD.DI.11,..,..,..,..,..,..,..,..,..,..,..,..,..,..,..,..,..,..,..,..,..,..,..,..,..,..,..,..,..,..,..,..,..,..,..,..,..,..,..,..,..,1.4467451,1.6092851,1.6226745,1.6003154,1.6079038,1.5597834,1.5715333,1.4965904,1.5810039,1.6683767,1.7324784,1.7331849,1.7541206,1.7488335,1.7836856,1.8591552,1.8755029,1.8804945,..,..,..
Cameroon,CMR,Gross portfolio debt assets to GDP (%),GFDD.DM.11,..,..,..,..,..,..,..,..,..,..,..,..,..,..,..,..,..,..,..,..,..,..,..,..,..,..,..,..,..,..,..,..,..,..,..,..,..,..,..,..,..,..,..,..,..,..,..,..,..,..,..,..,0.0005736,0.0005393,0.000968,0.000982,0.0009009,0.0009557,0.0006045,..,..,..
Cameroon,CMR,Liquid liabilities to GDP (%),GFDD.DI.05,..,..,..,11.80066,12.17707,11.65587,13.04956,12.81782,13.64473,14.67107,14.71204,15.51271,15.36837,16.76162,18.45021,17.61604,19.48347,22.3458,20.44535,20.93797,22.69267,22.90247,22.53827,23.6662,23.38623,22.85031,20.45118,17.4877,19.203,20.40964,21.23368,21.62894,18.82931,11.91882,13.98185,11.95887,10.27385,10.97817,11.17856,11.85882,13.40121,14.4315,15.57579,14.67832,14.57244,14.75284,15.31709,16.783,17.68142,17.68937,19.27321,19.87766,17.82026,18.35454,19.27258,19.78317,19.7406,19.89719,21.40187,..,..,..
Canada,CAN,Account at a formal financial institution (% age 15+),GFDD.AI.05,..,..,..,..,..,..,..,..,..,..,..,..,..,..,..,..,..,..,..,..,..,..,..,..,..,..,..,..,..,..,..,..,..,..,..,..,..,..,..,..,..,..,..,..,..,..,..,..,..,..,..,95.80464,..,..,99.10333,..,..,99.72688,..,..,..,99.63462
Canada,CAN,"Bank accounts per 1,000 adults",GFDD.AI.01,..,..,..,..,..,..,..,..,..,..,..,..,..,..,..,..,..,..,..,..,..,..,..,..,..,..,..,..,..,..,..,..,..,..,..,..,..,..,..,..,..,..,..,..,..,..,..,..,..,..,..,..,..,..,..,..,..,..,..,..,..,..
Canada,CAN,Bank deposits to GDP (%),GFDD.OI.02,..,..,..,..,..,..,..,..,..,..,..,..,..,..,..,..,..,..,..,..,..,..,..,..,..,..,..,..,..,..,..,..,..,..,..,..,..,..,..,..,..,149.5473,147.141,140.6113,139.415,143.9293,154.1476,108.4083,118.9572,..,..,..,..,..,..,..,..,..,..,..,..,..
Canada,CAN,Central bank assets to GDP (%),GFDD.DI.06,7.079675,6.985914,6.635237,6.531175,6.060886,6.128161,5.539673,5.649883,5.393985,5.156152,5.052715,5.236472,5.274367,5.032311,5.017498,4.963913,4.487226,4.794818,4.935249,4.8318,4.946274,4.592,3.959751,4.041385,3.712667,3.133231,3.458026,3.516408,3.245525,3.100901,2.875481,3.148596,3.113291,3.137462,3.166274,2.809453,2.951732,2.980397,2.949982,3.225621,2.962832,3.390962,3.378858,3.281607,3.233498,3.264727,3.22515,3.148844,2.473641,2.906609,3.508826,3.500477,4.119418,4.639193,4.535302,4.72795,4.771214,4.693083,4.656212,4.452665,17.73122,18.77916
Canada,CAN,Credit card (% age 15+),GFDD.AI.20,..,..,..,..,..,..,..,..,..,..,..,..,..,..,..,..,..,..,..,..,..,..,..,..,..,..,..,..,..,..,..,..,..,..,..,..,..,..,..,..,..,..,..,..,..,..,..,..,..,..,..,72.32712,..,..,77.07439,..,..,82.58482,..,..,..,82.73861
Canada,CAN,Credit to government and state-owned enterprises to GDP (%),GFDD.EI.08,..,..,..,..,..,..,..,..,..,..,..,..,..,..,..,..,..,..,..,..,5.288336,4.890351,5.214578,6.06267,5.19085,4.893536,5.281697,4.306364,5.143613,5.063142,5.771667,8.245116,9.963726,11.90597,12.60739,12.75858,12.01523,10.34098,9.941049,9.328453,9.450208,11.28351,11.29482,11.0963,10.3669,10.60509,11.6687,10.34997,17.16981,..,..,..,..,..,..,..,..,..,..,..,..,..
Canada,CAN,Credit flows by fintech and bigtech companies to GDP (%),GFDD.DM.16,..,..,..,..,..,..,..,..,..,..,..,..,..,..,..,..,..,..,..,..,..,..,..,..,..,..,..,..,..,..,..,..,..,..,..,..,..,..,..,..,..,..,..,..,..,..,..,..,..,..,..,..,..,0,0,0,0,0,0,0,..,..
Canada,CAN,Deposit money bank assets to deposit money bank assets and central bank assets (%),GFDD.DI.04,76.60238,76.1843,77.09981,77.7178,79.1844,80.58108,85.70877,87.731,88.6063,89.00799,89.33849,89.49847,89.85475,90.45318,90.55956,90.78915,91.86304,91.81407,92.24032,92.61501,92.54402,94.21317,94.87333,94.4723,94.80907,95.60281,95.20016,95.10995,95.64999,96.02269,96.48109,96.35506,96.52557,96.53608,96.50233,96.8616,96.84644,96.85777,96.81952,96.40812,96.57081,97.50715,97.45016,97.42857,97.49424,97.59113,97.83566,97.70211,98.2791,..,..,..,..,..,..,..,..,..,..,..,..,..
Canada,CAN,Insurance company assets to GDP (%),GFDD.DI.11,..,..,..,..,..,..,..,..,..,..,..,..,..,..,..,..,..,..,..,..,..,..,..,..,..,..,..,..,..,..,..,..,..,..,..,..,..,..,..,..,..,..,..,25.76113,26.279094,26.922038,28.421346,28.469804,30.256185,37.532609,36.900808,60.916555,62.328364,66.003403,70.105939,77.080522,77.848845,73.648028,70.195773,74.100149,83.683272,..
Canada,CAN,Gross portfolio debt assets to GDP (%),GFDD.DM.11,..,..,..,..,..,..,..,..,..,..,..,..,..,..,..,..,..,..,..,..,..,..,..,..,..,..,..,..,..,..,..,..,..,..,..,..,..,..,..,3.327921,3.352099,3.421185,4.732056,5.159701,6.018244,7.46666,9.997709,11.05771,7.714804,9.868706,10.09027,9.130762,10.99281,11.77182,13.86561,17.66142,20.59826,22.11705,23.16806,26.7983,30.47927,..
Canada,CAN,Liquid liabilities to GDP (%),GFDD.DI.05,37.06253,37.4712,35.41339,36.73279,36.824,36.80082,42.31166,45.06835,47.06691,46.36029,47.19907,47.56552,48.78152,50.45912,50.42513,51.95428,53.12635,54.95674,58.01804,59.75193,59.72833,67.8465,68.22617,64.45898,63.13568,62.48042,64.46006,64.04736,65.99361,69.91836,72.9894,75.17018,78.13626,76.53128,75.51555,75.257,75.73799,74.95606,74.02822,72.73273,70.56787,128.2576,126.2773,120.9755,122.0104,124.2081,132.7943,111.2439,121.8902,..,..,..,..,..,..,..,..,..,..,..,..,..
Cayman Islands,CYM,Account at a formal financial institution (% age 15+),GFDD.AI.05,..,..,..,..,..,..,..,..,..,..,..,..,..,..,..,..,..,..,..,..,..,..,..,..,..,..,..,..,..,..,..,..,..,..,..,..,..,..,..,..,..,..,..,..,..,..,..,..,..,..,..,..,..,..,..,..,..,..,..,..,..,..
Cayman Islands,CYM,"Bank accounts per 1,000 adults",GFDD.AI.01,..,..,..,..,..,..,..,..,..,..,..,..,..,..,..,..,..,..,..,..,..,..,..,..,..,..,..,..,..,..,..,..,..,..,..,..,..,..,..,..,..,..,..,..,..,..,..,..,..,..,..,..,..,..,..,..,..,..,..,..,..,..
Cayman Islands,CYM,Bank deposits to GDP (%),GFDD.OI.02,..,..,..,..,..,..,..,..,..,..,..,..,..,..,..,..,..,..,..,..,..,..,..,..,..,..,..,..,..,..,..,..,..,..,..,..,..,..,..,..,..,..,..,..,..,..,..,..,..,..,..,..,..,..,..,..,..,..,..,..,..,..
Cayman Islands,CYM,Central bank assets to GDP (%),GFDD.DI.06,..,..,..,..,..,..,..,..,..,..,..,..,..,..,..,..,..,..,..,..,..,..,..,..,..,..,..,..,..,..,..,..,..,..,..,..,..,..,..,..,..,..,..,..,..,..,..,..,..,..,..,..,..,..,..,..,..,..,..,..,..,..
Cayman Islands,CYM,Credit card (% age 15+),GFDD.AI.20,..,..,..,..,..,..,..,..,..,..,..,..,..,..,..,..,..,..,..,..,..,..,..,..,..,..,..,..,..,..,..,..,..,..,..,..,..,..,..,..,..,..,..,..,..,..,..,..,..,..,..,..,..,..,..,..,..,..,..,..,..,..
Cayman Islands,CYM,Credit to government and state-owned enterprises to GDP (%),GFDD.EI.08,..,..,..,..,..,..,..,..,..,..,..,..,..,..,..,..,..,..,..,..,..,..,..,..,..,..,..,..,..,..,..,..,..,..,..,..,..,..,..,..,..,..,..,..,..,..,..,..,..,..,..,..,..,..,..,..,..,..,..,..,..,..
Cayman Islands,CYM,Credit flows by fintech and bigtech companies to GDP (%),GFDD.DM.16,..,..,..,..,..,..,..,..,..,..,..,..,..,..,..,..,..,..,..,..,..,..,..,..,..,..,..,..,..,..,..,..,..,..,..,..,..,..,..,..,..,..,..,..,..,..,..,..,..,..,..,..,..,..,..,..,..,..,..,..,..,..
Cayman Islands,CYM,Deposit money bank assets to deposit money bank assets and central bank assets (%),GFDD.DI.04,..,..,..,..,..,..,..,..,..,..,..,..,..,..,..,..,..,..,..,..,..,..,..,..,..,..,..,..,..,..,..,..,..,..,..,..,..,..,..,..,..,..,..,..,..,..,..,..,..,..,..,..,..,..,..,..,..,..,..,..,..,..
Cayman Islands,CYM,Insurance company assets to GDP (%),GFDD.DI.11,..,..,..,..,..,..,..,..,..,..,..,..,..,..,..,..,..,..,..,..,..,..,..,..,..,..,..,..,..,..,..,..,..,..,..,..,..,..,..,..,..,..,..,..,..,..,..,..,..,..,..,..,..,..,..,..,..,..,..,..,..,..
Cayman Islands,CYM,Gross portfolio debt assets to GDP (%),GFDD.DM.11,..,..,..,..,..,..,..,..,..,..,..,..,..,..,..,..,..,..,..,..,..,..,..,..,..,..,..,..,..,..,..,..,..,..,..,..,..,..,..,..,..,..,..,..,..,..,..,..,..,..,..,..,..,..,..,..,..,..,..,..,..,..
Cayman Islands,CYM,Liquid liabilities to GDP (%),GFDD.DI.05,..,..,..,..,..,..,..,..,..,..,..,..,..,..,..,..,..,..,..,..,..,..,..,..,..,..,..,..,..,..,..,..,..,..,..,..,..,..,..,..,..,..,..,..,..,..,..,..,..,..,..,..,..,..,..,..,..,..,..,..,..,..
Central African Republic,CAF,Account at a formal financial institution (% age 15+),GFDD.AI.05,..,..,..,..,..,..,..,..,..,..,..,..,..,..,..,..,..,..,..,..,..,..,..,..,..,..,..,..,..,..,..,..,..,..,..,..,..,..,..,..,..,..,..,..,..,..,..,..,..,..,..,3.300809,..,..,..,..,..,13.74595,..,..,..,..
Central African Republic,CAF,"Bank accounts per 1,000 adults",GFDD.AI.01,..,..,..,..,..,..,..,..,..,..,..,..,..,..,..,..,..,..,..,..,..,..,..,..,..,..,..,..,..,..,..,..,..,..,..,..,..,..,..,..,..,..,..,..,..,..,..,..,..,22.700122,..,36.906277,39.01711,63.636427,43.146657,53.479591,56.244966,53.621124,..,..,..,..
Central African Republic,CAF,Bank deposits to GDP (%),GFDD.OI.02,4,4.172185,4.950819,5.804416,5.862068,6.043361,5.747423,6.327544,7.498708,5.920285,6.301938,6.333064,7.275206,7.456516,8.821274,7.35659,9.423661,7.483581,6.640991,6.148879,7.274347,7.083157,4.907683,5.424295,5.338356,4.992472,4.567126,5.142931,4.863729,5.557193,5.098979,4.366042,3.713445,3.429963,5.662158,3.81611,4.279801,4.268532,3.906021,4.423139,3.42327,3.970752,3.979388,3.946102,4.305446,5.466703,5.505471,7.309729,7.237869,8.12002,8.001207,8.764558,7.581307,11.18806,11.38793,12.26753,11.92081,11.50251,12.90993,13.90412,..,..
Central African Republic,CAF,Central bank assets to GDP (%),GFDD.DI.06,..,..,..,..,..,..,..,0.1985112,1.53555,3.086976,4.120939,3.118759,3.907214,4.349496,4.557144,4.779153,4.988384,4.685315,6.623048,5.694917,7.309174,10.29676,8.329992,10.86485,9.589396,6.23358,6.2652,6.275826,6.019939,4.556771,4.438439,7.117949,7.553723,7.826502,8.884285,6.640024,7.310616,5.985226,5.655854,6.152972,6.392848,6.5049,6.735885,7.62274,9.070977,9.812224,9.894423,9.740691,10.11687,10.40301,10.60228,10.11454,12.09838,18.29486,17.5981,17.48192,17.31304,17.06404,19.15632,19.22481,..,..
Central African Republic,CAF,Credit card (% age 15+),GFDD.AI.20,..,..,..,..,..,..,..,..,..,..,..,..,..,..,..,..,..,..,..,..,..,..,..,..,..,..,..,..,..,..,..,..,..,..,..,..,..,..,..,..,..,..,..,..,..,..,..,..,..,..,..,0.6190368,..,..,..,..,..,2.924594,..,..,..,..
Central African Republic,CAF,Credit to government and state-owned enterprises to GDP (%),GFDD.EI.08,..,..,..,..,..,..,..,..,..,..,..,..,..,..,..,..,..,..,..,..,3.069477,2.433746,0.5990016,0.2020481,0.3613204,0.1058173,0.817009,0.4756478,1.685041,2.114507,3.286948,3.30895,2.243176,2.662154,2.303328,2.142357,2.026143,1.914366,1.89149,2.923277,3.029629,2.77351,2.1794,2.178481,1.761497,1.807007,2.24891,2.340921,2.533563,1.905735,1.686661,2.349473,1.745293,2.447293,3.646197,4.288284,3.509979,2.365697,2.556274,2.408337,..,..
Central African Republic,CAF,Credit flows by fintech and bigtech companies to GDP (%),GFDD.DM.16,..,..,..,..,..,..,..,..,..,..,..,..,..,..,..,..,..,..,..,..,..,..,..,..,..,..,..,..,..,..,..,..,..,..,..,..,..,..,..,..,..,..,..,..,..,..,..,..,..,..,..,..,..,..,..,..,..,..,..,..,..,..
Central African Republic,CAF,Deposit money bank assets to deposit money bank assets and central bank assets (%),GFDD.DI.04,..,..,..,..,..,..,..,98.92761,92.07609,87.00258,83.44859,84.63997,81.81672,82.57671,85.97687,82.76003,76.07455,77.38268,72.1138,71.05624,69.93906,60.46978,60.8118,53.48326,54.19899,59.39894,59.05823,57.92084,59.94631,68.04667,70.64031,58.77109,47.28488,47.53795,41.356,48.74454,47.21576,51.66079,54.98264,55.08635,54.35465,54.97629,55.35177,53.23368,50.48568,47.79976,48.36728,48.48006,48.60931,44.08332,48.28069,52.68312,50.59113,46.37244,47.98701,47.45807,47.37188,43.86196,43.44924,42.00106,..,..
Central African Republic,CAF,Insurance company assets to GDP (%),GFDD.DI.11,..,..,..,..,..,..,..,..,..,..,..,..,..,..,..,..,..,..,..,..,..,..,..,..,..,..,..,..,..,..,..,..,..,..,..,..,..,..,..,..,..,..,..,..,..,..,..,..,..,..,..,..,..,..,..,..,..,..,..,..,..,..
Central African Republic,CAF,Gross portfolio debt assets to GDP (%),GFDD.DM.11,..,..,..,..,..,..,..,..,..,..,..,..,..,..,..,..,..,..,..,..,..,..,..,..,..,..,..,..,..,..,..,..,..,..,..,..,..,..,..,..,..,..,..,..,..,..,..,..,..,..,..,..,..,..,..,..,..,..,..,..,..,..
Central African Republic,CAF,Liquid liabilities to GDP (%),GFDD.DI.05,..,..,..,13.02839,12.38506,15.06775,14.7165,15.48387,16.84892,15.73765,16.23505,15.43335,17.1156,17.13824,19.79804,16.61949,17.76108,16.45955,16.40288,18.20983,21.75356,24.02807,17.67303,19.34181,18.73089,14.78104,15.10548,16.85783,15.13824,16.28848,15.76653,15.24113,15.31669,17.8347,24.39586,21.59301,24.45348,21.25368,17.0925,17.60497,17.0348,16.05839,15.18555,14.56978,16.42815,18.20486,16.10212,14.56415,15.5291,16.14428,16.90645,17.94099,15.78459,25.57295,26.16564,25.7139,25.20795,24.99069,27.80098,28.70137,..,..
Chad,TCD,Account at a formal financial institution (% age 15+),GFDD.AI.05,..,..,..,..,..,..,..,..,..,..,..,..,..,..,..,..,..,..,..,..,..,..,..,..,..,..,..,..,..,..,..,..,..,..,..,..,..,..,..,..,..,..,..,..,..,..,..,..,..,..,..,8.959746,..,..,7.699498,..,..,8.753497,..,..,..,..
Chad,TCD,"Bank accounts per 1,000 adults",GFDD.AI.01,..,..,..,..,..,..,..,..,..,..,..,..,..,..,..,..,..,..,..,..,..,..,..,..,..,..,..,..,..,..,..,..,..,..,..,..,..,..,..,..,..,..,..,..,..,..,..,..,..,..,..,..,..,24.613973,26.774554,29.92221,31.299014,29.750479,42.418252,39.160294,37.891999,..
Chad,TCD,Bank deposits to GDP (%),GFDD.OI.02,..,..,..,..,..,..,..,..,..,..,4.568535,3.788528,3.19261,3.701112,5.135413,3.659347,4.821483,5.206316,6.650813,6.451751,6.317341,4.309115,3.818281,3.687252,5.201933,5.510406,6.182601,6.901661,5.26362,5.723566,4.662661,4.483896,3.879971,2.440639,2.912316,3.495413,3.045342,3.232383,2.673431,3.094706,3.54445,3.761989,4.554234,3.967126,2.977926,2.663297,4.11241,3.784694,3.930732,4.46333,5.028947,5.58089,6.054403,6.288522,7.78838,8.412111,9.051818,8.560082,8.131843,10.13551,..,..
Chad,TCD,Central bank assets to GDP (%),GFDD.DI.06,..,..,..,..,..,..,..,..,..,..,2.918109,2.173017,2.334447,2.753749,2.583105,2.152064,3.014286,3.338392,3.551306,5.8859,5.640249,4.153427,3.432789,2.700161,2.331199,1.919046,2.317146,2.749798,2.287912,2.400199,2.700642,2.610006,5.991438,7.240492,6.539188,6.085661,6.656185,6.425561,5.56517,6.914927,8.045198,7.132652,6.809951,5.19585,4.00607,3.462133,1.875967,1.846838,1.584734,4.292816,4.897242,4.322652,4.457359,4.101553,3.925633,8.242774,10.05761,10.49763,11.44265,11.70686,..,..
Chad,TCD,Credit card (% age 15+),GFDD.AI.20,..,..,..,..,..,..,..,..,..,..,..,..,..,..,..,..,..,..,..,..,..,..,..,..,..,..,..,..,..,..,..,..,..,..,..,..,..,..,..,..,..,..,..,..,..,..,..,..,..,..,..,5.293596,..,..,1.233522,..,..,2.985554,..,..,..,..
Chad,TCD,Credit to government and state-owned enterprises to GDP (%),GFDD.EI.08,..,..,..,..,..,..,..,..,..,..,..,..,..,..,..,..,..,..,..,..,0.1005238,0.0665269,0.0630627,0.0508058,0.0411429,0.040521,0.0426962,0.1520445,7.312784,5.178398,3.458575,5.452979,3.738136,2.802769,2.038446,1.891262,2.091127,2.27963,1.874279,1.557455,2.02192,2.447535,1.922943,2.298855,1.579613,1.642325,2.051542,1.115618,1.235968,1.447639,1.664024,1.344994,0.9893647,1.267035,1.804747,3.658609,6.398523,5.420908,5.230217,5.130349,..,..
Chad,TCD,Credit flows by fintech and bigtech companies to GDP (%),GFDD.DM.16,..,..,..,..,..,..,..,..,..,..,..,..,..,..,..,..,..,..,..,..,..,..,..,..,..,..,..,..,..,..,..,..,..,..,..,..,..,..,..,..,..,..,..,..,..,..,..,..,..,..,..,..,..,..,..,..,..,..,..,..,..,..
Chad,TCD,Deposit money bank assets to deposit money bank assets and central bank assets (%),GFDD.DI.04,..,..,..,..,..,..,..,..,..,..,80.85754,82.11625,80.50024,78.6855,82.09176,87.14613,80.20247,80.15517,82.12186,80.01789,80.07037,75.08927,75.58789,77.42852,81.96962,88.48291,88.55746,86.83595,85.79096,82.43364,78.09752,81.66464,62.08995,50.11073,44.49597,46.52041,44.37419,44.43079,46.28769,40.59977,38.78096,41.80543,45.12959,53.92689,52.24733,54.65639,69.40665,64.60791,72.89282,55.11079,53.84843,58.01332,60.23448,64.00127,70.82214,59.18782,61.36265,58.85468,56.87725,55.59082,..,..
Chad,TCD,Insurance company assets to GDP (%),GFDD.DI.11,..,..,..,..,..,..,..,..,..,..,..,..,..,..,..,..,..,..,..,..,..,..,..,..,..,..,..,..,..,..,..,..,..,..,..,..,..,..,..,..,0.32617401,0.25387902,0.22069796,0.25389097,0.16924827,0.12506673,0.11843774,0.10318885,0.10188322,0.11857242,0.10711945,0.13921921,0.1581207,0.20853749,0.2010753,0.22071206,0.23301075,0.23856379,0.2382194,..,..,..
Chad,TCD,Gross portfolio debt assets to GDP (%),GFDD.DM.11,..,..,..,..,..,..,..,..,..,..,..,..,..,..,..,..,..,..,..,..,..,..,..,..,..,..,..,..,..,..,..,..,..,..,..,..,..,..,..,..,..,..,..,..,..,..,..,..,..,..,..,..,..,..,..,..,..,..,..,..,..,..
Chad,TCD,Liquid liabilities to GDP (%),GFDD.DI.05,..,..,..,..,..,..,..,..,..,..,11.04731,10.7232,10.5427,9.816833,12.13657,10.87444,13.10198,13.54808,15.37605,20.43167,16.93974,13.21058,12.20702,12.03132,15.57431,16.27587,17.3442,18.27954,13.70173,14.64202,14.09399,14.19094,13.31847,10.21469,8.452313,11.41124,12.81371,11.207,9.058521,9.535121,10.9123,10.48026,12.00478,10.13147,7.150327,7.043705,9.693167,9.96534,10.11362,10.85143,11.34179,11.7854,12.38514,13.27745,15.59076,15.86405,15.67745,15.50411,14.90776,17.50227,..,..
Channel Islands,CHI,Account at a formal financial institution (% age 15+),GFDD.AI.05,..,..,..,..,..,..,..,..,..,..,..,..,..,..,..,..,..,..,..,..,..,..,..,..,..,..,..,..,..,..,..,..,..,..,..,..,..,..,..,..,..,..,..,..,..,..,..,..,..,..,..,..,..,..,..,..,..,..,..,..,..,..
Channel Islands,CHI,"Bank accounts per 1,000 adults",GFDD.AI.01,..,..,..,..,..,..,..,..,..,..,..,..,..,..,..,..,..,..,..,..,..,..,..,..,..,..,..,..,..,..,..,..,..,..,..,..,..,..,..,..,..,..,..,..,..,..,..,..,..,..,..,..,..,..,..,..,..,..,..,..,..,..
Channel Islands,CHI,Bank deposits to GDP (%),GFDD.OI.02,..,..,..,..,..,..,..,..,..,..,..,..,..,..,..,..,..,..,..,..,..,..,..,..,..,..,..,..,..,..,..,..,..,..,..,..,..,..,..,..,..,..,..,..,..,..,..,..,..,..,..,..,..,..,..,..,..,..,..,..,..,..
Channel Islands,CHI,Central bank assets to GDP (%),GFDD.DI.06,..,..,..,..,..,..,..,..,..,..,..,..,..,..,..,..,..,..,..,..,..,..,..,..,..,..,..,..,..,..,..,..,..,..,..,..,..,..,..,..,..,..,..,..,..,..,..,..,..,..,..,..,..,..,..,..,..,..,..,..,..,..
Channel Islands,CHI,Credit card (% age 15+),GFDD.AI.20,..,..,..,..,..,..,..,..,..,..,..,..,..,..,..,..,..,..,..,..,..,..,..,..,..,..,..,..,..,..,..,..,..,..,..,..,..,..,..,..,..,..,..,..,..,..,..,..,..,..,..,..,..,..,..,..,..,..,..,..,..,..
Channel Islands,CHI,Credit to government and state-owned enterprises to GDP (%),GFDD.EI.08,..,..,..,..,..,..,..,..,..,..,..,..,..,..,..,..,..,..,..,..,..,..,..,..,..,..,..,..,..,..,..,..,..,..,..,..,..,..,..,..,..,..,..,..,..,..,..,..,..,..,..,..,..,..,..,..,..,..,..,..,..,..
Channel Islands,CHI,Credit flows by fintech and bigtech companies to GDP (%),GFDD.DM.16,..,..,..,..,..,..,..,..,..,..,..,..,..,..,..,..,..,..,..,..,..,..,..,..,..,..,..,..,..,..,..,..,..,..,..,..,..,..,..,..,..,..,..,..,..,..,..,..,..,..,..,..,..,..,..,..,..,..,..,..,..,..
Channel Islands,CHI,Deposit money bank assets to deposit money bank assets and central bank assets (%),GFDD.DI.04,..,..,..,..,..,..,..,..,..,..,..,..,..,..,..,..,..,..,..,..,..,..,..,..,..,..,..,..,..,..,..,..,..,..,..,..,..,..,..,..,..,..,..,..,..,..,..,..,..,..,..,..,..,..,..,..,..,..,..,..,..,..
Channel Islands,CHI,Insurance company assets to GDP (%),GFDD.DI.11,..,..,..,..,..,..,..,..,..,..,..,..,..,..,..,..,..,..,..,..,..,..,..,..,..,..,..,..,..,..,..,..,..,..,..,..,..,..,..,..,..,..,..,..,..,..,..,..,..,..,..,..,..,..,..,..,..,..,..,..,..,..
Channel Islands,CHI,Gross portfolio debt assets to GDP (%),GFDD.DM.11,..,..,..,..,..,..,..,..,..,..,..,..,..,..,..,..,..,..,..,..,..,..,..,..,..,..,..,..,..,..,..,..,..,..,..,..,..,..,..,..,..,..,..,..,..,..,..,..,..,..,..,..,..,..,..,..,..,..,..,..,..,..
Channel Islands,CHI,Liquid liabilities to GDP (%),GFDD.DI.05,..,..,..,..,..,..,..,..,..,..,..,..,..,..,..,..,..,..,..,..,..,..,..,..,..,..,..,..,..,..,..,..,..,..,..,..,..,..,..,..,..,..,..,..,..,..,..,..,..,..,..,..,..,..,..,..,..,..,..,..,..,..
Chile,CHL,Account at a formal financial institution (% age 15+),GFDD.AI.05,..,..,..,..,..,..,..,..,..,..,..,..,..,..,..,..,..,..,..,..,..,..,..,..,..,..,..,..,..,..,..,..,..,..,..,..,..,..,..,..,..,..,..,..,..,..,..,..,..,..,..,42.17929,..,..,63.21076,..,..,73.8367,..,..,..,87.06207
Chile,CHL,"Bank accounts per 1,000 adults",GFDD.AI.01,..,..,..,..,..,..,..,..,..,..,..,..,..,..,..,..,..,..,..,..,..,..,..,..,..,..,..,..,..,..,..,..,..,..,..,..,..,..,..,..,..,..,..,..,..,..,..,..,..,..,..,..,..,..,..,..,..,..,..,..,..,..
Chile,CHL,Bank deposits to GDP (%),GFDD.OI.02,..,10.23527,20.54415,10.50821,9.091967,9.857351,9.175842,9.799454,10.46653,9.90936,10.30086,16.06116,18.6162,18.73948,9.661245,10.25649,11.83962,12.03615,15.3897,18.99659,22.77012,23.90471,29.75791,24.51027,26.54052,25.35083,25.18609,26.41295,26.69915,28.63102,28.86135,31.16022,31.585,33.34779,31.15535,32.72477,35.82591,40.60091,44.19012,48.80331,48.89816,48.04718,48.47106,44.49008,45.95288,48.47657,47.25979,50.6502,56.37972,41.03934,39.19497,42.99328,45.92777,49.75086,51.5858,55.29425,54.52404,50.26846,52.29836,57.0317,65.87315,62.60093
Chile,CHL,Central bank assets to GDP (%),GFDD.DI.06,..,9.111168,13.72967,5.325777,11.83191,11.72408,11.8405,12.33249,11.21673,9.978763,10.00705,22.84349,35.93455,63.59312,39.32139,50.3093,36.37094,30.5226,25.32528,20.92768,14.52476,8.780838,17.90395,24.46918,36.495,52.26106,53.03853,48.0276,42.15493,28.62858,28.74588,24.75005,21.47547,19.98631,15.80422,13.74642,12.47902,13.08412,12.5569,12.90966,12.85573,13.05853,12.31108,9.475911,7.052023,4.646541,2.830875,1.994133,1.950775,1.928252,1.692466,1.560215,1.458503,1.35353,0.5754195,0.4806277,0.3911054,0.3020924,0.2144095,0.1659987,0.163695,0.1485495
Chile,CHL,Credit card (% age 15+),GFDD.AI.20,..,..,..,..,..,..,..,..,..,..,..,..,..,..,..,..,..,..,..,..,..,..,..,..,..,..,..,..,..,..,..,..,..,..,..,..,..,..,..,..,..,..,..,..,..,..,..,..,..,..,..,22.84936,..,..,28.08982,..,..,29.84681,..,..,..,24.28013
Chile,CHL,Credit to government and state-owned enterprises to GDP (%),GFDD.EI.08,..,..,..,..,..,..,..,..,..,..,..,..,..,..,..,..,..,..,..,..,0.6497523,0.7245789,5.505215,5.735151,7.004303,8.638522,7.263743,5.425656,1.185684,1.307285,3.246466,2.070876,1.217329,1.114904,0.7582054,0.6175984,0.702791,1.274709,2.170844,0.9824817,0.924919,1.294651,1.183854,0.9429893,0.9277077,0.9795411,0.7027398,1.012624,1.929438,2.509266,2.238307,2.275961,2.555445,2.685546,3.433899,2.870255,3.33961,5.255822,4.590586,5.560892,9.633647,..
Chile,CHL,Credit flows by fintech and bigtech companies to GDP (%),GFDD.DM.16,..,..,..,..,..,..,..,..,..,..,..,..,..,..,..,..,..,..,..,..,..,..,..,..,..,..,..,..,..,..,..,..,..,..,..,..,..,..,..,..,..,..,..,..,..,..,..,..,..,..,..,..,..,0,0,0,0,0,0,0,..,..
Chile,CHL,Deposit money bank assets to deposit money bank assets and central bank assets (%),GFDD.DI.04,..,58.56503,52.96147,70.47678,49.58191,49.15673,45.84646,45.18454,47.48154,48.26569,47.31469,32.95982,27.2578,16.8276,18.95938,18.63451,25.85157,39.88212,47.03394,58.91965,73.51457,84.13557,80.22539,72.53282,66.77448,53.71148,50.79743,50.90881,50.47639,61.96156,61.21324,63.01088,67.23643,70.56431,74.62733,77.81561,80.69849,80.52744,82.09673,82.07552,82.87656,83.09551,84.10467,86.95187,90.06458,93.39172,95.74967,97.2407,97.63156,97.40868,97.57485,97.88009,98.10561,98.31971,99.30659,99.43129,99.53316,99.64202,99.75323,99.82146,99.83375,99.83585
Chile,CHL,Insurance company assets to GDP (%),GFDD.DI.11,..,..,..,..,..,..,..,..,..,..,..,..,..,..,..,..,..,..,..,..,..,..,..,..,..,2.6888273,3.440783,3.6620312,4.0936658,4.3766772,5.5988595,6.7160405,7.2708558,8.4283725,10.294969,9.6940569,10.880378,11.605328,12.850874,14.695802,15.707493,17.427464,18.185517,22.409075,20.304325,19.627566,16.436025,17.783375,15.377866,20.867446,19.527537,16.721771,18.625205,17.779015,18.458854,18.993315,21.865943,23.33728,20.824097,22.462775,27.258022,..
Chile,CHL,Gross portfolio debt assets to GDP (%),GFDD.DM.11,..,..,..,..,..,..,..,..,..,..,..,..,..,..,..,..,..,..,..,..,..,..,..,..,..,..,..,..,..,..,..,..,..,..,..,..,..,..,..,4.964808,3.808423,3.793267,3.351594,3.474464,4.290882,3.523274,7.976597,11.12984,13.41271,10.94951,10.46699,11.09669,12.72966,12.52357,14.13086,15.00357,16.57692,15.739,13.43075,14.2009,14.78612,..
Chile,CHL,Liquid liabilities to GDP (%),GFDD.DI.05,..,13.72592,24.42136,13.27585,12.6459,11.04998,13.62419,13.48438,13.89807,13.18518,14.54804,22.81864,30.05361,26.67825,13.29618,13.88561,19.70849,17.75498,20.20855,23.11264,26.94185,28.05098,36.2126,33.44779,36.76963,38.10778,37.1904,36.51051,36.18602,38.0155,37.32183,36.21222,36.19664,37.70525,35.02296,35.79729,38.67426,43.37886,46.80883,51.89668,51.5819,36.52396,33.9912,33.67431,31.83743,31.90824,31.79394,31.9821,41.40503,40.00562,38.28874,42.25497,45.39296,49.19343,50.84251,54.06845,53.64056,49.34144,51.47602,55.31775,63.0835,60.318
China,CHN,Account at a formal financial institution (% age 15+),GFDD.AI.05,..,..,..,..,..,..,..,..,..,..,..,..,..,..,..,..,..,..,..,..,..,..,..,..,..,..,..,..,..,..,..,..,..,..,..,..,..,..,..,..,..,..,..,..,..,..,..,..,..,..,..,63.81731,..,..,78.92678,..,..,79.53134,..,..,..,88.70902
China,CHN,"Bank accounts per 1,000 adults",GFDD.AI.01,..,..,..,..,..,..,..,..,..,..,..,..,..,..,..,..,..,..,..,..,..,..,..,..,..,..,..,..,..,..,..,..,..,..,..,..,..,..,..,..,..,..,..,..,..,..,6.5154193,7.3628589,8.155753,9.110844,10.347676,11.822186,13.295952,14.998466,17.048802,19.333343,22.25229,25.547598,29.179049,33.210889,36.445787,..
China,CHN,Bank deposits to GDP (%),GFDD.OI.02,..,..,..,..,..,..,..,..,..,..,..,..,..,..,..,..,..,..,..,..,..,..,..,..,..,18.64941,21.59952,21.90134,19.48303,17.48862,19.86344,22.97685,24.60571,27.1713,25.47402,24.78256,26.12997,29.86925,31.08814,35.72732,38.36139,39.81499,44.00544,46.80051,45.98566,44.38909,45.02509,45.17979,41.34693,52.56515,53.86623,49.00172,47.16198,47.00411,44.71932,49.02853,56.03642,56.86593,52.04916,50.56386,53.40194,48.66946
China,CHN,Central bank assets to GDP (%),GFDD.DI.06,..,..,..,..,..,..,..,..,..,..,..,..,..,..,..,..,..,..,..,..,..,..,..,..,..,3.885064,4.802358,6.093016,5.810787,5.994852,6.399663,6.893237,6.527055,6.349287,4.967371,3.689116,3.121271,2.200135,1.979717,1.859817,1.688273,2.72126,2.52268,2.261115,1.919099,1.579744,1.331919,6.065078,5.087039,4.506498,3.747968,3.161186,2.847987,2.586618,2.381169,2.233325,2.057239,1.848002,1.661955,1.545866,1.504603,1.332613
China,CHN,Credit card (% age 15+),GFDD.AI.20,..,..,..,..,..,..,..,..,..,..,..,..,..,..,..,..,..,..,..,..,..,..,..,..,..,..,..,..,..,..,..,..,..,..,..,..,..,..,..,..,..,..,..,..,..,..,..,..,..,..,..,8.233701,..,..,15.82933,..,..,19.49373,..,..,..,37.94562
China,CHN,Credit to government and state-owned enterprises to GDP (%),GFDD.EI.08,..,..,..,..,..,..,..,..,..,..,..,..,..,..,..,..,..,..,..,..,..,..,..,..,..,..,..,..,..,..,..,..,..,0.209411,0.9878059,1.731849,2.548172,1.913737,5.882643,6.747724,7.408003,10.00563,11.17112,11.1065,11.464,10.56822,10.33916,10.72504,9.495605,10.94571,10.6389,10.26582,10.41172,10.45394,10.98288,15.9174,23.0757,26.32673,28.86659,30.88473,35.48773,..
China,CHN,Credit flows by fintech and bigtech companies to GDP (%),GFDD.DM.16,..,..,..,..,..,..,..,..,..,..,..,..,..,..,..,..,..,..,..,..,..,..,..,..,..,..,..,..,..,..,..,..,..,..,..,..,..,..,..,..,..,..,..,..,..,..,..,..,..,..,..,..,..,0.0503,0.2150095,0.9113928,2.595618,4.288729,4.162015,4.38877,..,..
China,CHN,Deposit money bank assets to deposit money bank assets and central bank assets (%),GFDD.DI.04,..,..,..,..,..,..,..,..,..,..,..,..,..,..,..,..,..,..,..,..,..,..,..,..,..,94.38702,93.96241,92.59363,92.52933,92.60973,92.92426,92.605,92.82243,93.7475,94.50122,95.83198,96.68649,97.81338,98.24657,98.43507,98.59397,97.77951,98.07411,98.37174,98.54504,98.72575,98.89748,95.05175,95.63484,96.77693,97.33936,97.68305,97.997,98.24535,98.45026,98.69251,98.86553,98.98994,99.11705,99.21959,99.31686,99.3818
China,CHN,Insurance company assets to GDP (%),GFDD.DI.11,..,..,..,..,..,..,..,..,..,..,..,..,..,..,..,..,..,..,..,..,..,..,..,..,..,..,..,..,..,..,..,..,..,..,..,..,..,..,..,..,..,..,..,..,7.3462252,8.1136991,8.9852207,10.722361,10.506711,11.6884,12.357636,12.422422,13.643837,13.899172,15.712906,17.858531,20.264493,20.204204,19.776581,20.705029,22.739479,..
China,CHN,Gross portfolio debt assets to GDP (%),GFDD.DM.11,..,..,..,..,..,..,..,..,..,..,..,..,..,..,..,..,..,..,..,..,..,..,..,..,..,..,..,..,..,..,..,..,..,..,..,..,..,..,..,..,..,..,..,..,4.720613,5.097582,9.575663,7.452237,5.049161,3.698158,3.216998,1.574747,1.297504,1.096007,0.9618162,0.8935813,1.351679,1.588309,1.646753,1.890058,1.990252,..
China,CHN,Liquid liabilities to GDP (%),GFDD.DI.05,..,..,..,..,..,..,..,..,..,..,..,..,..,..,..,..,..,26.41231,24.18516,32.38178,36.42661,40.06821,42.1655,45.05621,49.44011,53.57652,61.18452,65.36069,63.25333,66.31705,77.79369,84.51884,89.45669,100.021,96.46959,99.02772,105.9621,115.2452,123.9033,133.6531,135.5804,141.0858,145.3905,153.5511,149.7936,151.0856,157.4943,149.3721,148.8409,175.0914,176.1268,174.5278,180.8736,186.6103,190.8702,202.1142,207.6742,201.406,195.0361,197.8865,211.8906,..
Colombia,COL,Account at a formal financial institution (% age 15+),GFDD.AI.05,..,..,..,..,..,..,..,..,..,..,..,..,..,..,..,..,..,..,..,..,..,..,..,..,..,..,..,..,..,..,..,..,..,..,..,..,..,..,..,..,..,..,..,..,..,..,..,..,..,..,..,30.4278,..,..,38.35334,..,..,44.88898,..,..,..,55.94315
Colombia,COL,"Bank accounts per 1,000 adults",GFDD.AI.01,..,..,..,..,..,..,..,..,..,..,..,..,..,..,..,..,..,..,..,..,..,..,..,..,..,..,..,..,..,..,..,..,..,..,..,..,..,..,..,..,..,..,..,..,..,..,..,..,..,1069.2147,1036.7236,1098.5008,1165.6719,1216.4968,1297.3877,1375.5233,1400.5868,1487.3994,1549.1373,1649.7477,1803.5108,1596.1034
Colombia,COL,Bank deposits to GDP (%),GFDD.OI.02,14.36813,16.00539,17.43023,15.59316,14.6558,14.95338,14.1748,14.92119,15.07487,16.07028,15.37343,14.55615,15.24835,16.33081,18.55861,20.0512,21.55485,21.44285,21.11487,20.16155,23.46836,26.59261,26.39569,27.88529,27.13163,27.50931,..,22.03136,18.57764,..,20.72436,21.43294,23.41939,25.14363,28.82611,29.63236,30.28337,30.96177,29.8671,30.33036,22.3912,13.01283,13.81905,13.76258,14.88829,16.62461,17.57469,17.52505,17.09643,18.12708,19.83674,20.79417,21.9598,24.17408,24.12132,25.22206,22.86373,22.88914,22.80209,23.19053,30.46985,31.00632
Colombia,COL,Central bank assets to GDP (%),GFDD.DI.06,6.497998,6.883403,10.07333,7.692042,7.258144,9.015012,9.192877,8.852835,7.978209,8.15015,7.229152,6.143592,5.513306,4.007649,3.156484,3.527948,2.24341,1.736103,1.555382,1.358409,1.173874,1.091703,2.278222,4.029944,6.885679,7.136052,7.067547,6.868495,6.154519,4.922417,3.37921,2.481803,1.99216,1.329783,1.130265,0.7657589,0.8249316,0.5772718,1.060883,1.938818,1.517845,0.9950339,1.059589,1.257107,0.3760672,0.8220169,0.6880801,0.3498714,0.219492,0.7482188,0.2743186,0.2175019,0.1613227,0.0487261,0.028872,0.0372073,1.051124,1.27154,0.7077638,1.45563,2.13498,2.64871
Colombia,COL,Credit card (% age 15+),GFDD.AI.20,..,..,..,..,..,..,..,..,..,..,..,..,..,..,..,..,..,..,..,..,..,..,..,..,..,..,..,..,..,..,..,..,..,..,..,..,..,..,..,..,..,..,..,..,..,..,..,..,..,..,..,10.18936,..,..,13.71556,..,..,13.91015,..,..,..,13.2023
Colombia,COL,Credit to government and state-owned enterprises to GDP (%),GFDD.EI.08,..,..,..,..,..,..,..,..,..,..,..,..,..,..,..,..,..,..,..,..,1.568302,1.811002,1.880767,2.69706,2.938951,2.278194,..,1.8343,1.580543,..,3.853016,4.702466,4.590117,4.214384,4.795214,4.922255,4.967717,6.210972,7.070183,6.601222,6.368396,10.56454,6.166342,9.094069,10.18412,10.8616,7.370832,6.22847,5.939812,8.211659,8.526448,7.97201,8.24229,8.522915,8.565029,7.456527,6.939772,7.361378,7.55778,7.732117,10.2996,..
Colombia,COL,Credit flows by fintech and bigtech companies to GDP (%),GFDD.DM.16,..,..,..,..,..,..,..,..,..,..,..,..,..,..,..,..,..,..,..,..,..,..,..,..,..,..,..,..,..,..,..,..,..,..,..,..,..,..,..,..,..,..,..,..,..,..,..,..,..,..,..,..,..,0,0,0,0,0,0,0,..,..
Colombia,COL,Deposit money bank assets to deposit money bank assets and central bank assets (%),GFDD.DI.04,76.27628,76.29344,70.01479,74.55927,73.66005,69.30135,68.39315,70.01363,73.94916,74.75604,77.07009,79.24001,79.58402,82.97252,90.85081,89.80773,93.07848,94.35939,95.00886,95.44313,96.42805,96.90931,93.9917,90.62557,85.28573,83.84235,..,79.62657,79.74942,..,89.79442,91.87959,93.73521,96.11072,96.93756,98.04852,97.98778,98.66187,97.52966,95.13069,94.69727,97.01541,96.28647,95.97594,98.91377,97.72356,98.19167,99.1179,99.4594,98.08108,99.33274,99.49546,99.65018,99.89854,99.94333,99.93157,98.08977,97.82337,98.77438,97.60358,96.80173,95.77875
Colombia,COL,Insurance company assets to GDP (%),GFDD.DI.11,..,..,..,..,..,..,..,..,..,..,..,..,..,..,..,..,..,..,..,..,..,..,..,..,..,..,..,..,..,..,..,..,..,..,..,..,..,4.0525905,2.9936409,3.1634961,2.6286123,2.9609559,3.3139884,3.4340994,3.4893934,4.121083,3.8086585,3.8149135,6.0695307,6.4684839,5.5731535,5.4367861,5.7020916,6.0047694,6.2381445,6.3079702,6.7439384,7.0515649,7.8423024,7.961646,9.120571,..
Colombia,COL,Gross portfolio debt assets to GDP (%),GFDD.DM.11,..,..,..,..,..,..,..,..,..,..,..,..,..,..,..,..,..,..,..,..,..,..,..,..,..,..,..,..,..,..,..,..,..,..,..,..,..,..,..,4.975116,4.827779,7.280865,6.678177,8.584157,8.317104,8.039492,9.431706,8.492246,6.824025,7.082678,6.507321,5.899069,6.067168,6.548823,7.306448,9.034929,10.94949,10.59623,10.19713,10.81493,14.04118,..
Colombia,COL,Liquid liabilities to GDP (%),GFDD.DI.05,20.43616,22.1426,23.5064,21.32543,20.36819,20.80247,19.68343,20.47004,20.70812,21.89335,21.25512,20.03066,20.90668,21.4402,23.48224,25.18958,26.9615,27.09667,27.02172,25.82029,28.79579,31.71815,31.61341,33.37473,32.6211,31.26957,..,26.77755,23.10118,..,24.11664,24.72969,26.93984,28.46436,32.10822,32.92965,33.41469,34.25343,33.04599,34.27401,25.82,14.35721,14.98082,14.86754,15.75162,17.41708,18.56482,18.43869,17.60384,18.53005,19.84744,20.84607,21.75836,24.06549,24.09153,48.99142,48.91998,49.02414,48.01613,48.70585,58.26393,55.21102
Comoros,COM,Account at a formal financial institution (% age 15+),GFDD.AI.05,..,..,..,..,..,..,..,..,..,..,..,..,..,..,..,..,..,..,..,..,..,..,..,..,..,..,..,..,..,..,..,..,..,..,..,..,..,..,..,..,..,..,..,..,..,..,..,..,..,..,..,21.69467,..,..,..,..,..,..,..,..,..,..
Comoros,COM,"Bank accounts per 1,000 adults",GFDD.AI.01,..,..,..,..,..,..,..,..,..,..,..,..,..,..,..,..,..,..,..,..,..,..,..,..,..,..,..,..,..,..,..,..,..,..,..,..,..,..,..,..,..,..,..,..,71.545474,62.16811,52.847878,46.005367,49.324205,62.724934,60.767407,80.283042,93.055766,106.11452,119.5526,124.32149,129.64879,126.656,126.69628,138.21231,135.29833,..
Comoros,COM,Bank deposits to GDP (%),GFDD.OI.02,..,..,..,..,..,..,..,..,..,..,..,..,..,..,..,..,..,..,..,..,..,..,2.791651,3.811285,2.498018,2.982542,3.003506,2.981131,3.607956,3.731652,3.628281,2.896116,3.1933,2.893058,2.974945,2.795524,2.952945,2.83198,2.595309,2.483466,3.007993,8.872549,9.756708,9.10918,8.28178,9.272939,10.39794,10.77088,12.4011,13.40037,14.87633,15.20417,16.73811,16.36124,16.78083,18.98779,21.00926,19.55628,20.20429,20.52533,22.92402,26.61887
Comoros,COM,Central bank assets to GDP (%),GFDD.DI.06,..,..,..,..,..,..,..,..,..,..,..,..,..,..,..,..,..,..,..,..,..,..,1.108061,1.076417,1.211836,1.360021,1.293866,1.293401,1.529449,1.679932,1.5551,2.068654,2.07325,2.06491,2.62057,2.406028,2.348799,2.285392,2.358983,2.18733,2.096934,1.615071,1.759875,1.498523,1.266064,1.796427,2.185768,2.133019,2.583246,2.94669,3.503792,3.764794,3.603191,3.853825,3.762814,2.791853,3.416381,3.676809,3.243286,4.310306,5.39472,7.138996
Comoros,COM,Credit card (% age 15+),GFDD.AI.20,..,..,..,..,..,..,..,..,..,..,..,..,..,..,..,..,..,..,..,..,..,..,..,..,..,..,..,..,..,..,..,..,..,..,..,..,..,..,..,..,..,..,..,..,..,..,..,..,..,..,..,1.468116,..,..,..,..,..,..,..,..,..,..
Comoros,COM,Credit to government and state-owned enterprises to GDP (%),GFDD.EI.08,..,..,..,..,..,..,..,..,..,..,..,..,..,..,..,..,..,..,..,..,..,..,0.6927443,0.6155246,0.5569182,0.5341247,0.4326209,0.3496138,0.2731432,0.1700232,0.0467012,..,..,..,..,..,0.2759353,0.0592638,0.2226434,0.3229395,0.1660168,0.1515411,0.041806,0.4059076,0.2681624,0.2306028,0.5425327,0.6338124,1.374521,0.7965707,1.139106,0.5461127,0.3507444,0.4710298,0.4551339,0.4465476,1.501653,0.9450518,0.7143999,0.9203989,0.7369422,..
Comoros,COM,Credit flows by fintech and bigtech companies to GDP (%),GFDD.DM.16,..,..,..,..,..,..,..,..,..,..,..,..,..,..,..,..,..,..,..,..,..,..,..,..,..,..,..,..,..,..,..,..,..,..,..,..,..,..,..,..,..,..,..,..,..,..,..,..,..,..,..,..,..,..,..,..,..,..,..,..,..,..
Comoros,COM,Deposit money bank assets to deposit money bank assets and central bank assets (%),GFDD.DI.04,..,..,..,..,..,..,..,..,..,..,..,..,..,..,..,..,..,..,..,..,..,..,85.47268,86.15953,87.37739,76.37579,77.73229,79.41638,81.38255,77.91189,83.3012,79.54884,79.93284,76.92777,71.12419,72.4791,66.63239,70.10986,65.4132,70.32343,71.37644,72.8733,71.3226,77.36993,77.2445,74.94102,71.22844,73.59698,74.82343,76.35954,76.66993,74.61126,77.21178,77.19485,78.71265,85.18887,83.61482,82.39209,83.40684,79.00416,74.13563,70.75442
Comoros,COM,Insurance company assets to GDP (%),GFDD.DI.11,..,..,..,..,..,..,..,..,..,..,..,..,..,..,..,..,..,..,..,..,..,..,..,..,..,..,..,..,..,..,..,..,..,..,..,..,..,..,..,..,..,..,..,..,..,..,..,..,..,..,..,..,..,..,..,..,..,..,..,..,..,..
Comoros,COM,Gross portfolio debt assets to GDP (%),GFDD.DM.11,..,..,..,..,..,..,..,..,..,..,..,..,..,..,..,..,..,..,..,..,..,..,..,..,..,..,..,..,..,..,..,..,..,..,..,..,..,..,..,..,..,..,..,..,..,..,..,..,..,..,..,..,..,..,..,..,..,..,..,..,..,..
Comoros,COM,Liquid liabilities to GDP (%),GFDD.DI.05,..,..,..,..,..,..,..,..,..,..,..,..,..,..,..,..,..,..,..,..,..,..,10.74157,12.07067,9.296938,9.621978,9.239092,11.05404,12.13859,13.6662,13.35129,13.35724,13.86103,13.39073,13.32029,11.07819,12.50543,11.98107,9.871944,10.48763,11.42032,14.45105,14.46713,13.06697,11.81328,13.61707,14.85637,15.43751,16.17819,18.02856,20.40282,20.8318,22.46175,21.73335,22.81784,26.55774,27.86371,27.21747,27.97217,27.93607,..,..
"Congo, Dem. Rep.",COD,Account at a formal financial institution (% age 15+),GFDD.AI.05,..,..,..,..,..,..,..,..,..,..,..,..,..,..,..,..,..,..,..,..,..,..,..,..,..,..,..,..,..,..,..,..,..,..,..,..,..,..,..,..,..,..,..,..,..,..,..,..,..,..,..,3.696726,..,..,10.90759,..,..,14.9952,..,..,..,..
"Congo, Dem. Rep.",COD,"Bank accounts per 1,000 adults",GFDD.AI.01,..,..,..,..,..,..,..,..,..,..,..,..,..,..,..,..,..,..,..,..,..,..,..,..,..,..,..,..,..,..,..,..,..,..,..,..,..,..,..,..,..,..,..,..,0.4727955,0.78408693,1.5291837,2.9173116,4.8545093,11.88567,12.014654,15.996963,26.646823,33.906707,44.561429,48.875011,36.803474,38.803127,44.614974,..,..,..
"Congo, Dem. Rep.",COD,Bank deposits to GDP (%),GFDD.OI.02,..,..,..,..,..,..,..,..,..,..,..,..,..,..,..,..,..,..,..,..,..,..,..,..,..,..,..,..,..,..,..,..,..,..,..,..,..,..,..,..,2.080477,1.22797,1.282903,1.574139,2.49808,2.458991,3.33108,4.61567,6.104351,7.23583,7.395767,7.057013,8.077475,9.136002,9.637972,10.08148,11.14368,10.22988,10.48693,12.79336,18.34319,20.87338
"Congo, Dem. Rep.",COD,Central bank assets to GDP (%),GFDD.DI.06,..,..,..,..,..,..,..,..,..,..,..,..,..,..,..,..,..,..,..,..,..,..,..,..,..,..,..,..,..,..,..,..,..,..,..,..,..,..,..,..,1.313183,1.051164,0.4780699,0.8796797,2.49352,1.690419,1.379272,1.119323,1.189071,0.6998904,0.0263471,5.28314,4.658638,4.186861,3.802654,3.60363,3.786379,2.527571,2.13827,2.689413,2.778349,..
"Congo, Dem. Rep.",COD,Credit card (% age 15+),GFDD.AI.20,..,..,..,..,..,..,..,..,..,..,..,..,..,..,..,..,..,..,..,..,..,..,..,..,..,..,..,..,..,..,..,..,..,..,..,..,..,..,..,..,..,..,..,..,..,..,..,..,..,..,..,1.617,..,..,1.968724,..,..,1.449913,..,..,..,..
"Congo, Dem. Rep.",COD,Credit to government and state-owned enterprises to GDP (%),GFDD.EI.08,..,..,..,..,..,..,..,..,..,..,..,..,..,..,..,..,..,..,..,..,..,..,..,..,..,..,..,..,..,..,..,..,..,..,0.0831234,0.0142338,..,..,..,..,0.1251595,0.0433456,0.0501171,0.4147534,0.4382989,0.3230387,0.3749988,0.3441186,0.3538581,0.4052537,0.514572,0.7654987,0.732969,0.8205275,0.8827845,0.8678814,1.261032,0.8200758,0.9717541,1.330875,1.160232,..
"Congo, Dem. Rep.",COD,Credit flows by fintech and bigtech companies to GDP (%),GFDD.DM.16,..,..,..,..,..,..,..,..,..,..,..,..,..,..,..,..,..,..,..,..,..,..,..,..,..,..,..,..,..,..,..,..,..,..,..,..,..,..,..,..,..,..,..,..,..,..,..,..,..,..,..,..,..,0.00459,0.0096355,0.0079119,0.0057359,0,0.0098385,0,..,..
"Congo, Dem. Rep.",COD,Deposit money bank assets to deposit money bank assets and central bank assets (%),GFDD.DI.04,..,..,..,..,..,..,..,..,..,..,..,..,..,..,..,..,..,..,..,..,..,..,..,..,..,..,..,..,..,..,..,..,..,..,..,..,..,..,..,..,39.5,32.49708,47.82838,50.32782,35.28682,45.56689,59.7958,69.20348,79.06999,87.16932,99.40019,44.01296,51.17,59.08074,63.33313,66.39299,69.48547,71.21363,76.06107,73.48149,75.55465,..
"Congo, Dem. Rep.",COD,Insurance company assets to GDP (%),GFDD.DI.11,..,..,..,..,..,..,..,..,..,..,..,..,..,..,..,..,..,..,..,..,..,..,..,..,..,..,..,..,..,..,..,..,..,..,..,..,..,..,..,..,..,..,..,..,..,0.16807567,0.19503483,0.16188595,0.16430718,..,..,..,..,..,..,..,..,..,..,..,..,..
"Congo, Dem. Rep.",COD,Gross portfolio debt assets to GDP (%),GFDD.DM.11,..,..,..,..,..,..,..,..,..,..,..,..,..,..,..,..,..,..,..,..,..,..,..,..,..,..,..,..,..,..,..,..,..,..,..,..,..,..,..,..,..,..,..,..,..,..,..,..,..,..,..,..,..,0.0612,0.1641818,0.6066568,..,0.228845,0.4207496,0.4029409,..,..
"Congo, Dem. Rep.",COD,Liquid liabilities to GDP (%),GFDD.DI.05,..,..,..,..,..,..,..,..,..,..,..,..,..,..,..,..,..,..,..,..,..,..,..,..,..,..,..,..,..,..,..,..,..,..,..,..,..,..,..,..,3.423069,3.055431,3.085167,3.436224,5.118278,4.676291,6.09399,7.347021,8.895054,9.833059,9.94605,9.71043,10.3261,11.44923,11.87404,12.29035,14.00665,12.6728,12.52593,15.53951,20.84375,..
"Congo, Rep.",COG,Account at a formal financial institution (% age 15+),GFDD.AI.05,..,..,..,..,..,..,..,..,..,..,..,..,..,..,..,..,..,..,..,..,..,..,..,..,..,..,..,..,..,..,..,..,..,..,..,..,..,..,..,..,..,..,..,..,..,..,..,..,..,..,..,10.04806,..,..,16.68366,..,..,23.25797,..,..,..,18.12289
"Congo, Rep.",COG,"Bank accounts per 1,000 adults",GFDD.AI.01,..,..,..,..,..,..,..,..,..,..,..,..,..,..,..,..,..,..,..,..,..,..,..,..,..,..,..,..,..,..,..,..,..,..,..,..,..,..,..,..,..,..,..,..,14.589314,20.622188,20.67603,38.639591,41.578003,49.047078,54.760702,65.173227,88.908326,91.813065,117.26349,137.34556,137.83953,153.79005,..,..,..,..
"Congo, Rep.",COG,Bank deposits to GDP (%),GFDD.OI.02,13.68421,13.19892,12.47549,8.053988,6.833874,5.945489,5.830845,6.447182,6.858658,6.597188,7.603515,7.39164,6.158977,6.453885,7.877576,7.425334,8.641529,8.23855,8.172151,8.046013,8.428526,12.74531,14.30628,13.22382,13.89901,16.66731,12.90433,12.55667,11.79891,11.09304,12.1682,11.91468,12.35208,8.279729,7.432401,5.993134,6.337001,6.937777,7.592958,6.361993,7.613312,4.548655,6.473032,6.200526,6.175051,6.331885,8.439455,10.27906,11.03833,13.60121,14.11765,18.51874,17.91487,17.96434,20.97856,22.87346,22.87646,18.7823,14.9619,15.82234,..,..
"Congo, Rep.",COG,Central bank assets to GDP (%),GFDD.DI.06,..,1.666666,..,1.03375,1.065573,1.366197,1.151772,1.757285,1.25971,1.414616,1.934002,1.376883,1.986646,2.724624,2.366257,3.896168,4.193874,5.071771,6.028723,5.089436,3.858092,3.378581,7.155192,7.639349,9.101012,7.569135,9.675749,9.046465,7.638456,6.751425,6.968588,6.029807,8.436418,8.53722,6.727278,6.583936,6.364531,7.356984,9.319452,7.421978,4.988392,7.775473,7.395664,8.715643,7.240644,5.351042,3.535419,4.055927,0.3655601,1.36927,0.878838,0.2593398,0.2020651,0.1731491,4.115458,8.312664,9.692692,9.036097,7.673272,8.090718,..,..
"Congo, Rep.",COG,Credit card (% age 15+),GFDD.AI.20,..,..,..,..,..,..,..,..,..,..,..,..,..,..,..,..,..,..,..,..,..,..,..,..,..,..,..,..,..,..,..,..,..,..,..,..,..,..,..,..,..,..,..,..,..,..,..,..,..,..,..,4.585972,..,..,1.932101,..,..,3.967711,..,..,..,1.90191
"Congo, Rep.",COG,Credit to government and state-owned enterprises to GDP (%),GFDD.EI.08,..,..,..,..,..,..,..,..,..,..,..,..,..,..,..,..,..,..,..,..,2.218607,2.639531,3.448074,5.249769,7.117102,6.445413,7.002302,4.670438,12.0358,9.312654,8.463715,7.54196,7.320678,3.423825,3.564097,3.478103,2.987833,2.60818,3.397595,2.095632,1.437022,0.9676693,1.307921,0.9111003,1.23423,0.3269287,0.3572056,0.5983065,0.6439964,0.5887197,0.3023171,0.1576534,0.5572537,0.3680915,0.6439614,1.447211,4.474371,4.823844,3.346832,4.333676,..,..
"Congo, Rep.",COG,Credit flows by fintech and bigtech companies to GDP (%),GFDD.DM.16,..,..,..,..,..,..,..,..,..,..,..,..,..,..,..,..,..,..,..,..,..,..,..,..,..,..,..,..,..,..,..,..,..,..,..,..,..,..,..,..,..,..,..,..,..,..,..,..,..,..,..,..,..,..,..,..,..,..,..,..,..,..
"Congo, Rep.",COG,Deposit money bank assets to deposit money bank assets and central bank assets (%),GFDD.DI.04,..,..,..,..,..,..,..,..,..,..,..,..,..,..,..,..,..,..,..,..,..,..,..,..,..,..,..,..,..,..,..,..,..,..,..,..,..,..,..,..,..,..,..,..,..,..,..,..,91.36007,79.81203,85.97841,96.18183,97.51698,98.15482,74.08542,67.55666,70.94675,70.42989,69.24878,68.35351,..,..
"Congo, Rep.",COG,Insurance company assets to GDP (%),GFDD.DI.11,..,..,..,..,..,..,..,..,..,..,..,..,..,..,..,..,..,..,..,..,..,..,..,..,..,..,..,..,..,..,..,..,..,..,..,..,..,..,..,..,..,..,..,..,..,..,..,..,..,0.41817003,0.380511,0.45543405,0.43063233,0.53214248,0.72134173,0.91754075,1.1391633,0.86933136,0.7660654,..,..,..
"Congo, Rep.",COG,Gross portfolio debt assets to GDP (%),GFDD.DM.11,..,..,..,..,..,..,..,..,..,..,..,..,..,..,..,..,..,..,..,..,..,..,..,..,..,..,..,..,..,..,..,..,..,..,..,..,..,..,..,..,..,..,..,..,..,..,..,..,..,..,..,..,..,..,..,..,..,..,..,..,..,..
"Congo, Rep.",COG,Liquid liabilities to GDP (%),GFDD.DI.05,23.86996,23.30645,17.74509,13.0993,11.63605,9.626632,10.03001,11.18272,12.03383,11.98658,13.34261,13.20524,12.15872,12.70807,14.55851,14.53624,15.72193,15.3671,14.73863,13.99045,13.46968,19.21457,22.9998,21.49067,21.86406,25.08728,21.03841,21.14343,19.15096,17.44753,20.61903,18.15681,19.48297,14.60769,13.86977,12.9792,12.67545,13.45755,13.31396,12.96005,12.95523,11.58611,12.56832,12.70036,12.42052,13.06887,15.82816,17.00079,18.85922,22.49344,21.74953,25.7903,24.37522,25.08622,28.59306,31.87551,31.61629,26.09356,20.88572,22.75024,..,..
Costa Rica,CRI,Account at a formal financial institution (% age 15+),GFDD.AI.05,..,..,..,..,..,..,..,..,..,..,..,..,..,..,..,..,..,..,..,..,..,..,..,..,..,..,..,..,..,..,..,..,..,..,..,..,..,..,..,..,..,..,..,..,..,..,..,..,..,..,..,50.35873,..,..,64.55306,..,..,67.83836,..,..,..,68.48969
Costa Rica,CRI,"Bank accounts per 1,000 adults",GFDD.AI.01,..,..,..,..,..,..,..,..,..,..,..,..,..,..,..,..,..,..,..,..,..,..,..,..,..,..,..,..,..,..,..,..,..,..,..,..,..,..,..,..,..,..,..,..,642.39967,712.74667,721.42984,1053.7907,1014.0503,950.14721,973.56498,987.92722,988.92531,993.02527,1031.1597,1091.4001,1181.2306,1247.8883,1337.9449,1447.4634,1456.1285,..
Costa Rica,CRI,Bank deposits to GDP (%),GFDD.OI.02,12.79147,12.17355,12.82244,13.41872,13.90167,13.68461,12.90225,16.92095,14.79704,14.89753,13.71293,19.19854,19.94693,19.60462,19.97019,23.90119,25.39419,26.14135,28.70149,32.44787,31.52431,38.75141,33.42389,35.84376,34.0468,33.19173,31.84939,32.45489,35.71053,34.69741,35.55622,29.16054,27.25771,26.73351,26.84231,21.9597,29.08576,11.06059,11.04857,12.30671,14.92545,16.94464,18.57645,19.86881,21.02791,22.18225,23.69852,23.61982,22.69653,24.87585,24.82702,24.36503,23.58974,24.53415,25.12701,26.24996,26.88132,25.83607,26.59702,27.3827,37.64637,41.08471
Costa Rica,CRI,Central bank assets to GDP (%),GFDD.DI.06,0.6432441,0.9592733,1.151698,1.642089,2.826894,2.881507,4.225352,5.388549,6.156007,5.260552,5.103839,4.828359,5.162005,3.697945,4.070916,4.74751,5.740583,6.45976,12.44722,15.57061,17.50275,23.74038,13.56032,22.74464,20.33484,17.73193,19.52029,17.10871,16.19018,13.64911,13.24477,8.905497,6.687356,5.925089,5.771893,5.941169,12.73011,12.21808,11.80511,7.732895,5.129121,2.002549,1.775556,1.627504,1.494,1.386741,1.129279,0.7755054,0.5949146,0.4812734,0.3769258,0.2911351,0.2113798,0.1398924,0.0724465,5.33E-05,..,..,..,..,0.0049666,2.26E-05
Costa Rica,CRI,Credit card (% age 15+),GFDD.AI.20,..,..,..,..,..,..,..,..,..,..,..,..,..,..,..,..,..,..,..,..,..,..,..,..,..,..,..,..,..,..,..,..,..,..,..,..,..,..,..,..,..,..,..,..,..,..,..,..,..,..,..,12.22743,..,..,14.48979,..,..,13.87844,..,..,..,14.11691
Costa Rica,CRI,Credit to government and state-owned enterprises to GDP (%),GFDD.EI.08,..,..,..,..,..,..,..,..,..,..,..,..,..,..,..,..,..,..,..,..,13.51173,2.975866,3.660321,3.690242,3.273401,3.214433,2.593081,2.313612,3.304142,3.628226,4.717816,2.003201,0.9524117,0.732304,2.294605,1.47803,3.800925,4.681266,3.981136,3.542376,4.005446,4.066012,6.00577,6.893314,10.43707,7.277065,5.823123,3.531217,3.240797,4.728057,5.769893,5.748963,5.832541,6.099562,6.32493,7.585245,8.064272,8.599882,7.948285,8.778778,12.53163,..
Costa Rica,CRI,Credit flows by fintech and bigtech companies to GDP (%),GFDD.DM.16,..,..,..,..,..,..,..,..,..,..,..,..,..,..,..,..,..,..,..,..,..,..,..,..,..,..,..,..,..,..,..,..,..,..,..,..,..,..,..,..,..,..,..,..,..,..,..,..,..,..,..,..,..,..,..,..,..,0.0161941,0.0285485,..,..,..
Costa Rica,CRI,Deposit money bank assets to deposit money bank assets and central bank assets (%),GFDD.DI.04,97.67706,96.59023,95.72112,94.48772,91.39241,91.50533,87.18801,83.75301,81.05074,82.90525,83.55393,86.36813,85.46956,88.0793,88.22344,87.13019,84.56105,82.1197,72.58176,71.61112,70.21516,52.4432,62.28643,52.4324,53.27187,55.63717,51.20534,55.42329,56.53769,59.39271,60.81371,59.36222,66.72024,71.77719,73.81511,67.24984,57.75082,61.45642,66.11735,77.07251,85.19215,94.16295,95.34698,95.94235,96.58676,96.84854,97.45584,98.37091,98.86838,99.07797,99.24316,99.43481,99.6009,99.74731,99.87698,99.99992,..,..,..,..,99.99309,99.99997
Costa Rica,CRI,Insurance company assets to GDP (%),GFDD.DI.11,..,..,..,..,..,..,..,..,..,..,..,..,..,..,..,..,..,..,..,..,..,..,..,..,..,..,..,..,..,..,..,..,..,..,..,..,..,..,..,..,..,..,..,1.2446337,1.2370343,1.4429329,1.5091292,1.7068118,1.7894407,2.1780709,5.837252,6.2019874,6.2497461,6.4205298,6.6131964,6.4502312,6.6389822,6.5921846,6.6708633,6.7886449,7.0979882,..
Costa Rica,CRI,Gross portfolio debt assets to GDP (%),GFDD.DM.11,..,..,..,..,..,..,..,..,..,..,..,..,..,..,..,..,..,..,..,..,..,..,..,..,..,..,..,..,..,..,..,..,..,..,..,..,..,..,..,..,..,..,..,..,..,4.58617,5.426238,6.111649,4.071989,6.488152,6.354541,5.401598,4.933228,5.168166,5.573997,5.437421,5.100834,6.31585,6.468935,6.541062,6.758834,..
Costa Rica,CRI,Liquid liabilities to GDP (%),GFDD.DI.05,19.64691,18.63585,19.37174,20.03995,20.31484,19.89054,18.79955,23.2245,20.85162,21.14123,19.58311,25.38882,26.36505,25.98796,26.07732,29.18844,31.87719,32.90569,36.70543,43.23192,41.94443,56.90467,42.44086,44.01767,41.11504,38.71821,37.58831,37.87429,43.08452,41.2617,42.8222,33.96974,32.25953,31.40259,31.6844,26.26826,33.24071,14.98446,15.02982,16.90524,18.45476,20.54327,21.68643,22.95819,24.11799,23.34025,24.57966,24.84617,26.22709,26.20137,25.84562,25.57528,24.68511,25.58084,25.96547,27.14953,27.96755,27.10869,27.71032,28.18321,38.68738,42.14377
Cote d'Ivoire,CIV,Account at a formal financial institution (% age 15+),GFDD.AI.05,..,..,..,..,..,..,..,..,..,..,..,..,..,..,..,..,..,..,..,..,..,..,..,..,..,..,..,..,..,..,..,..,..,..,..,..,..,..,..,..,..,..,..,..,..,..,..,..,..,..,..,..,..,..,15.13626,..,..,14.7666,..,..,..,20.5735
Cote d'Ivoire,CIV,"Bank accounts per 1,000 adults",GFDD.AI.01,..,..,..,..,..,..,..,..,..,..,..,..,..,..,..,..,..,..,..,..,..,..,..,..,..,..,..,..,..,..,..,..,..,..,..,..,..,..,..,..,..,..,..,..,75.564307,78.331171,71.032416,72.503359,79.999418,101.87059,127.1056,213.77932,178.79214,181.86902,198.63105,188.55438,211.67517,262.77194,259.95229,262.30815,298.13198,..
Cote d'Ivoire,CIV,Bank deposits to GDP (%),GFDD.OI.02,9.512685,8.975739,8.013731,7.706375,11.01533,10.96273,10.53657,11.01727,12.8058,15.91693,16.22172,15.75195,14.93671,16.00787,19.3816,18.2888,21.66517,24.99935,23.24153,19.14803,17.24871,17.88383,17.62527,17.53934,18.1328,20.11197,20.32398,20.57058,21.0939,19.66399,19.50649,19.81093,19.69503,17.59062,17.66493,17.77635,10.91027,9.782409,9.046545,9.075431,8.629765,8.309958,9.764173,9.558873,10.09178,10.35212,11.01191,12.7497,12.44942,13.41341,14.50069,17.402,17.53925,17.38276,18.32971,19.68866,19.61902,20.92923,22.59575,23.53886,27.70216,30.40386
Cote d'Ivoire,CIV,Central bank assets to GDP (%),GFDD.DI.06,..,..,..,0.4075744,..,..,0.4610493,0.6831832,0.1134931,..,..,0.343879,1.02124,0.0125201,..,..,0.8348294,..,0.3348665,1.849452,4.272757,7.245789,9.866485,12.14215,11.15571,10.445,10.32989,9.551708,9.137713,7.889627,8.516907,8.278157,8.100267,8.733414,9.385457,6.967593,4.756974,4.265239,4.944071,5.133338,4.572006,3.988881,3.973072,3.510441,2.962173,2.532212,2.029495,1.918024,1.766626,3.23441,3.070863,3.835726,4.038894,3.785027,3.57925,3.47158,3.840413,3.789175,3.653362,3.572784,5.188136,5.714239
Cote d'Ivoire,CIV,Credit card (% age 15+),GFDD.AI.20,..,..,..,..,..,..,..,..,..,..,..,..,..,..,..,..,..,..,..,..,..,..,..,..,..,..,..,..,..,..,..,..,..,..,..,..,..,..,..,..,..,..,..,..,..,..,..,..,..,..,..,..,..,..,1.179709,..,..,1.346252,..,..,..,2.327458
Cote d'Ivoire,CIV,Credit to government and state-owned enterprises to GDP (%),GFDD.EI.08,..,..,..,..,..,..,..,..,..,..,..,..,..,..,..,..,..,..,..,..,0.4311045,0.445398,0.5004271,0.4906239,0.4779628,1.237523,1.697911,2.34811,2.55001,1.890034,1.885297,2.031169,5.557475,5.196623,4.935209,4.889909,4.81561,4.397986,4.011479,3.633834,3.085235,2.972165,2.639861,2.657175,2.591812,3.71279,3.210081,3.14892,2.416421,2.706864,3.679676,4.212845,4.262613,4.636397,5.50181,5.715312,7.14436,7.903727,9.322234,9.934478,12.80385,..
Cote d'Ivoire,CIV,Credit flows by fintech and bigtech companies to GDP (%),GFDD.DM.16,..,..,..,..,..,..,..,..,..,..,..,..,..,..,..,..,..,..,..,..,..,..,..,..,..,..,..,..,..,..,..,..,..,..,..,..,..,..,..,..,..,..,..,..,..,..,..,..,..,..,..,..,..,0,0,0,0.0081728,0.0067457,0,0,..,..
Cote d'Ivoire,CIV,Deposit money bank assets to deposit money bank assets and central bank assets (%),GFDD.DI.04,..,..,..,97.96683,..,..,97.75281,96.94272,99.44004,..,..,98.62624,96.43979,99.95826,..,..,97.62603,..,99.12939,95.68958,90.48812,85.27659,80.72211,77.79462,76.67294,77.16444,77.62067,81.08285,81.75703,82.68967,81.98565,82.26702,82.85598,80.15338,72.51703,78.14841,76.47279,77.67629,73.64685,71.09915,73.08384,76.24429,75.73724,76.76562,80.63503,82.6518,86.43839,88.33548,88.48934,81.5101,83.56438,80.72835,80.79613,82.6884,84.75285,86.58772,86.62654,87.87676,88.70501,89.21744,86.7733,85.63097
Cote d'Ivoire,CIV,Insurance company assets to GDP (%),GFDD.DI.11,..,..,..,..,..,..,..,..,..,..,..,..,..,..,..,..,..,..,..,..,..,..,..,..,..,..,..,..,..,..,..,..,..,..,..,..,..,..,..,..,..,2.0014267,1.9218082,1.7456735,2.1466247,2.3326567,2.3069996,2.6030715,2.513894,2.4915849,2.5992606,2.8883661,2.6858739,2.5615958,2.4513991,2.3793024,2.4232156,2.5217708,2.4964113,..,..,..
Cote d'Ivoire,CIV,Gross portfolio debt assets to GDP (%),GFDD.DM.11,..,..,..,..,..,..,..,..,..,..,..,..,..,..,..,..,..,..,..,..,..,..,..,..,..,..,..,..,..,..,..,..,..,..,..,..,..,..,..,..,..,..,..,..,..,1.665506,1.888177,2.00704,1.663901,1.778062,1.676027,..,..,..,..,..,..,0.177334,2.189471,2.659889,..,..
Cote d'Ivoire,CIV,Liquid liabilities to GDP (%),GFDD.DI.05,..,..,20.10074,19.47777,21.92874,21.67702,21.44277,21.85811,22.86885,25.97344,26.54238,26.96011,26.35271,26.45502,30.20433,29.30617,31.39587,34.0755,32.6234,29.10998,27.06266,27.91525,26.55594,26.55423,27.63171,29.96826,30.42322,30.68629,30.90551,27.877,28.76196,28.59367,28.33075,26.37548,26.23423,26.04146,16.0747,15.262,14.72537,14.42251,13.98276,14.94575,19.17695,14.27981,15.58773,16.4194,17.37447,20.60644,19.72084,22.03555,24.02026,26.57638,26.49321,25.91066,26.31898,27.91562,27.63579,28.63335,30.18369,31.40684,37.06646,39.90385
Croatia,HRV,Account at a formal financial institution (% age 15+),GFDD.AI.05,..,..,..,..,..,..,..,..,..,..,..,..,..,..,..,..,..,..,..,..,..,..,..,..,..,..,..,..,..,..,..,..,..,..,..,..,..,..,..,..,..,..,..,..,..,..,..,..,..,..,..,88.39102,..,..,86.02509,..,..,86.14345,..,..,..,91.80419
Croatia,HRV,"Bank accounts per 1,000 adults",GFDD.AI.01,..,..,..,..,..,..,..,..,..,..,..,..,..,..,..,..,..,..,..,..,..,..,..,..,..,..,..,..,..,..,..,..,..,..,..,..,..,..,..,..,..,..,..,..,..,..,..,..,..,..,1484.9108,1488.1889,1400.7963,1414.5924,1411.0057,1433.141,1449.0522,1437.7393,1441.371,1449.3704,1437.4441,1474.4681
Croatia,HRV,Bank deposits to GDP (%),GFDD.OI.02,..,..,..,..,..,..,..,..,..,..,..,..,..,..,..,..,..,..,..,..,..,..,..,..,..,..,..,..,..,..,..,..,..,..,..,17.77982,24.62133,30.52279,31.35596,29.845,36.47415,50.19317,49.89643,50.37452,51.25132,52.66854,56.90014,61.85882,59.96301,62.8955,71.81773,71.20052,63.75419,62.55451,62.95468,63.9245,64.15093,63.09194,64.97176,63.58835,77.28134,77.2496
Croatia,HRV,Central bank assets to GDP (%),GFDD.DI.06,..,..,..,..,..,..,..,..,..,..,..,..,..,..,..,..,..,..,..,..,..,..,..,..,..,..,..,..,..,..,..,..,..,..,..,0.3290582,0.1680912,0.0164403,0.0029246,0.1782798,0.1601376,0.0388106,0.0143465,0.0134299,0.0131691,0.0134335,0.0123254,0.0097377,0.0089035,0.0093917,0.0087545,0.0831688,0.0080492,0.0056555,0.0059649,0.006104,0.0061812,0.0059083,0.0058845,0.0060646,5.255577,4.27824
Croatia,HRV,Credit card (% age 15+),GFDD.AI.20,..,..,..,..,..,..,..,..,..,..,..,..,..,..,..,..,..,..,..,..,..,..,..,..,..,..,..,..,..,..,..,..,..,..,..,..,..,..,..,..,..,..,..,..,..,..,..,..,..,..,..,34.75759,..,..,37.98664,..,..,35.46926,..,..,..,35.74721
Croatia,HRV,Credit to government and state-owned enterprises to GDP (%),GFDD.EI.08,..,..,..,..,..,..,..,..,..,..,..,..,..,..,..,..,..,..,..,..,..,..,..,..,..,..,..,..,..,..,..,..,..,..,19.02758,16.18427,14.35667,11.94625,10.85132,11.26228,12.52544,13.28952,13.40822,12.25721,11.84121,14.40861,13.56812,13.01351,14.78574,17.41961,23.66004,26.42017,31.81655,27.41169,28.16648,27.72019,27.44294,23.05274,22.64568,22.12027,26.31539,..
Croatia,HRV,Credit flows by fintech and bigtech companies to GDP (%),GFDD.DM.16,..,..,..,..,..,..,..,..,..,..,..,..,..,..,..,..,..,..,..,..,..,..,..,..,..,..,..,..,..,..,..,..,..,..,..,..,..,..,..,..,..,..,..,..,..,..,..,..,..,..,..,..,..,..,..,..,..,..,..,..,..,..
Croatia,HRV,Deposit money bank assets to deposit money bank assets and central bank assets (%),GFDD.DI.04,..,..,..,..,..,..,..,..,..,..,..,..,..,..,..,..,..,..,..,..,..,..,..,..,..,..,..,..,..,..,..,..,..,..,..,99.22259,99.56542,99.96178,99.99355,99.58285,99.6368,99.92012,99.97412,99.97612,99.97749,99.9794,99.98262,99.98673,99.98856,99.98878,99.99041,99.91312,99.9921,99.99412,99.99375,99.99332,99.99288,99.99256,99.99239,99.99194,94.24574,94.78711
Croatia,HRV,Insurance company assets to GDP (%),GFDD.DI.11,..,..,..,..,..,..,..,..,..,..,..,..,..,..,..,..,..,..,..,..,..,..,..,..,..,..,..,..,..,..,..,..,..,..,..,..,..,..,..,..,4.7656504,4.9810514,5.2067847,5.4090915,5.6899246,6.0814007,6.6223717,7.1573461,7.3577434,8.3759091,9.0645996,9.4782989,10.176556,10.27241,10.929617,11.005917,11.064185,10.967599,10.730192,11.040473,12.558197,..
Croatia,HRV,Gross portfolio debt assets to GDP (%),GFDD.DM.11,..,..,..,..,..,..,..,..,..,..,..,..,..,..,..,..,..,..,..,..,..,..,..,..,..,..,..,..,..,..,..,..,..,..,..,..,..,..,..,0.2231109,0.3329386,0.8623192,3.067177,2.129771,4.310894,4.607592,4.873082,3.529768,3.948949,5.494102,5.056361,3.443018,4.285425,4.152698,4.256758,4.345495,4.130125,4.427869,4.194506,5.564444,7.048028,..
Croatia,HRV,Liquid liabilities to GDP (%),GFDD.DI.05,..,..,..,..,..,..,..,..,..,..,..,..,..,..,..,..,..,..,..,..,..,..,..,..,..,..,..,..,..,..,..,..,..,..,..,20.65251,27.99379,34.15481,34.89725,33.38886,40.1494,54.58334,54.44956,54.88196,55.58426,57.13494,61.82072,66.78736,64.84647,67.71067,76.51668,76.47139,69.02257,67.73973,68.47822,69.87071,70.62149,70.09493,72.32484,71.24456,86.56371,85.99418
Cuba,CUB,Account at a formal financial institution (% age 15+),GFDD.AI.05,..,..,..,..,..,..,..,..,..,..,..,..,..,..,..,..,..,..,..,..,..,..,..,..,..,..,..,..,..,..,..,..,..,..,..,..,..,..,..,..,..,..,..,..,..,..,..,..,..,..,..,..,..,..,..,..,..,..,..,..,..,..
Cuba,CUB,"Bank accounts per 1,000 adults",GFDD.AI.01,..,..,..,..,..,..,..,..,..,..,..,..,..,..,..,..,..,..,..,..,..,..,..,..,..,..,..,..,..,..,..,..,..,..,..,..,..,..,..,..,..,..,..,..,..,..,..,..,..,..,..,..,..,..,..,..,..,..,..,..,..,..
Cuba,CUB,Bank deposits to GDP (%),GFDD.OI.02,..,..,..,..,..,..,..,..,..,..,..,..,..,..,..,..,..,..,..,..,..,..,..,..,..,..,..,..,..,..,..,..,..,..,..,..,..,..,..,..,..,..,..,..,..,..,..,..,..,..,..,..,..,..,..,..,..,..,..,..,..,..
Cuba,CUB,Central bank assets to GDP (%),GFDD.DI.06,..,..,..,..,..,..,..,..,..,..,..,..,..,..,..,..,..,..,..,..,..,..,..,..,..,..,..,..,..,..,..,..,..,..,..,..,..,..,..,..,..,..,..,..,..,..,..,..,..,..,..,..,..,..,..,..,..,..,..,..,..,..
Cuba,CUB,Credit card (% age 15+),GFDD.AI.20,..,..,..,..,..,..,..,..,..,..,..,..,..,..,..,..,..,..,..,..,..,..,..,..,..,..,..,..,..,..,..,..,..,..,..,..,..,..,..,..,..,..,..,..,..,..,..,..,..,..,..,..,..,..,..,..,..,..,..,..,..,..
Cuba,CUB,Credit to government and state-owned enterprises to GDP (%),GFDD.EI.08,..,..,..,..,..,..,..,..,..,..,..,..,..,..,..,..,..,..,..,..,..,..,..,..,..,..,..,..,..,..,..,..,..,..,..,..,..,..,..,..,..,..,..,..,..,..,..,..,..,..,..,..,..,..,..,..,..,..,..,..,..,..
Cuba,CUB,Credit flows by fintech and bigtech companies to GDP (%),GFDD.DM.16,..,..,..,..,..,..,..,..,..,..,..,..,..,..,..,..,..,..,..,..,..,..,..,..,..,..,..,..,..,..,..,..,..,..,..,..,..,..,..,..,..,..,..,..,..,..,..,..,..,..,..,..,..,..,..,..,..,..,..,..,..,..
Cuba,CUB,Deposit money bank assets to deposit money bank assets and central bank assets (%),GFDD.DI.04,..,..,..,..,..,..,..,..,..,..,..,..,..,..,..,..,..,..,..,..,..,..,..,..,..,..,..,..,..,..,..,..,..,..,..,..,..,..,..,..,..,..,..,..,..,..,..,..,..,..,..,..,..,..,..,..,..,..,..,..,..,..
Cuba,CUB,Insurance company assets to GDP (%),GFDD.DI.11,..,..,..,..,..,..,..,..,..,..,..,..,..,..,..,..,..,..,..,..,..,..,..,..,..,..,..,..,..,..,..,..,..,..,..,..,..,..,..,..,..,..,..,..,..,..,..,..,..,..,..,..,..,..,..,..,..,..,..,..,..,..
Cuba,CUB,Gross portfolio debt assets to GDP (%),GFDD.DM.11,..,..,..,..,..,..,..,..,..,..,..,..,..,..,..,..,..,..,..,..,..,..,..,..,..,..,..,..,..,..,..,..,..,..,..,..,..,..,..,..,..,..,..,..,..,..,..,..,..,..,..,..,..,..,..,..,..,..,..,..,..,..
Cuba,CUB,Liquid liabilities to GDP (%),GFDD.DI.05,..,..,..,..,..,..,..,..,..,..,..,..,..,..,..,..,..,..,..,..,..,..,..,..,..,..,..,..,..,..,..,..,..,..,..,..,..,..,..,..,..,..,..,..,..,..,..,..,..,..,..,..,..,..,..,..,..,..,..,..,..,..
Curaçao,CUW,Account at a formal financial institution (% age 15+),GFDD.AI.05,..,..,..,..,..,..,..,..,..,..,..,..,..,..,..,..,..,..,..,..,..,..,..,..,..,..,..,..,..,..,..,..,..,..,..,..,..,..,..,..,..,..,..,..,..,..,..,..,..,..,..,..,..,..,..,..,..,..,..,..,..,..
Curaçao,CUW,"Bank accounts per 1,000 adults",GFDD.AI.01,..,..,..,..,..,..,..,..,..,..,..,..,..,..,..,..,..,..,..,..,..,..,..,..,..,..,..,..,..,..,..,..,..,..,..,..,..,..,..,..,..,..,..,..,..,..,..,..,..,..,..,..,..,..,..,..,..,..,..,..,..,..
Curaçao,CUW,Bank deposits to GDP (%),GFDD.OI.02,..,..,..,..,..,..,..,..,..,..,..,..,..,..,..,..,..,..,..,..,..,..,..,..,..,..,..,..,..,..,..,..,..,..,..,..,..,..,..,..,..,..,..,..,..,..,..,..,..,..,..,..,..,..,..,..,..,..,..,..,..,..
Curaçao,CUW,Central bank assets to GDP (%),GFDD.DI.06,..,..,..,..,..,..,..,..,..,..,..,..,..,..,..,..,..,..,..,..,..,..,..,..,..,..,..,..,..,..,..,..,..,..,..,..,..,..,..,..,..,..,..,..,..,..,..,..,..,..,..,..,..,..,..,..,..,..,..,..,..,..
Curaçao,CUW,Credit card (% age 15+),GFDD.AI.20,..,..,..,..,..,..,..,..,..,..,..,..,..,..,..,..,..,..,..,..,..,..,..,..,..,..,..,..,..,..,..,..,..,..,..,..,..,..,..,..,..,..,..,..,..,..,..,..,..,..,..,..,..,..,..,..,..,..,..,..,..,..
Curaçao,CUW,Credit to government and state-owned enterprises to GDP (%),GFDD.EI.08,..,..,..,..,..,..,..,..,..,..,..,..,..,..,..,..,..,..,..,..,..,..,..,..,..,..,..,..,..,..,..,..,..,..,..,..,..,..,..,..,..,..,..,..,..,..,..,..,..,..,..,..,..,..,..,..,..,..,..,..,..,..
Curaçao,CUW,Credit flows by fintech and bigtech companies to GDP (%),GFDD.DM.16,..,..,..,..,..,..,..,..,..,..,..,..,..,..,..,..,..,..,..,..,..,..,..,..,..,..,..,..,..,..,..,..,..,..,..,..,..,..,..,..,..,..,..,..,..,..,..,..,..,..,..,..,..,..,..,..,..,..,..,..,..,..
Curaçao,CUW,Deposit money bank assets to deposit money bank assets and central bank assets (%),GFDD.DI.04,..,..,..,..,..,..,..,..,..,..,..,..,..,..,..,..,..,..,..,..,..,..,..,..,..,..,..,..,..,..,..,..,..,..,..,..,..,..,..,..,..,..,..,..,..,..,..,..,..,..,..,..,..,..,..,..,..,..,..,..,..,..
Curaçao,CUW,Insurance company assets to GDP (%),GFDD.DI.11,..,..,..,..,..,..,..,..,..,..,..,..,..,..,..,..,..,..,..,..,..,..,..,..,..,..,..,..,..,..,..,..,..,..,..,..,..,..,..,..,..,..,..,..,..,..,..,..,..,..,..,..,..,..,..,..,..,..,..,..,..,..
Curaçao,CUW,Gross portfolio debt assets to GDP (%),GFDD.DM.11,..,..,..,..,..,..,..,..,..,..,..,..,..,..,..,..,..,..,..,..,..,..,..,..,..,..,..,..,..,..,..,..,..,..,..,..,..,..,..,..,..,..,..,..,..,..,..,..,..,..,..,..,..,..,..,..,..,..,..,..,..,..
Curaçao,CUW,Liquid liabilities to GDP (%),GFDD.DI.05,..,..,..,..,..,..,..,..,..,..,..,..,..,..,..,..,..,..,..,..,..,..,..,..,..,..,..,..,..,..,..,..,..,..,..,..,..,..,..,..,..,..,..,..,..,..,..,..,..,..,..,..,..,..,..,..,..,..,..,..,..,..
Cyprus,CYP,Account at a formal financial institution (% age 15+),GFDD.AI.05,..,..,..,..,..,..,..,..,..,..,..,..,..,..,..,..,..,..,..,..,..,..,..,..,..,..,..,..,..,..,..,..,..,..,..,..,..,..,..,..,..,..,..,..,..,..,..,..,..,..,..,85.23765,..,..,90.1502,..,..,88.71576,..,..,..,93.1299
Cyprus,CYP,"Bank accounts per 1,000 adults",GFDD.AI.01,..,..,..,..,..,..,..,..,..,..,..,..,..,..,..,..,..,..,..,..,..,..,..,..,..,..,..,..,..,..,..,..,..,..,..,..,..,..,..,..,..,..,..,..,..,..,..,..,..,..,..,..,..,..,..,864.81759,897.04679,1411.4647,1414.6508,1513.2597,1438.4814,..
Cyprus,CYP,Bank deposits to GDP (%),GFDD.OI.02,..,..,..,..,..,..,..,..,..,..,..,..,..,..,..,83.7782,77.4166,71.47199,68.47819,64.2369,61.17098,63.28698,64.01259,64.07134,62.69081,63.11921,65.02137,66.38529,100.0888,103.6148,107.686,118.5361,116.9853,129.2891,131.3834,119.7778,127.8239,135.5882,137.0162,148.3403,150.4484,89.56311,94.89113,93.50822,91.54167,145.3418,151.275,166.7066,..,..,..,..,..,..,..,..,..,..,..,..,..,..
Cyprus,CYP,Central bank assets to GDP (%),GFDD.DI.06,..,..,..,..,..,..,..,..,..,..,..,..,..,..,..,3.536965,2.321054,1.195935,3.245805,6.732296,9.639615,9.367579,6.697239,7.134688,6.511141,8.236405,5.418202,6.688575,8.3416,4.098542,7.282544,9.003627,13.38168,12.43747,10.91626,13.5114,12.21577,11.39442,11.25891,9.392426,12.42804,6.353389,8.662709,7.899154,7.566612,12.25181,10.99375,9.799219,0.115731,0.1178014,0.1236476,0.116144,0.1234517,0.1166991,0.1204805,0.1118318,0.1056563,0.0938489,0.0786578,0.0738812,0.0740127,0.068269
Cyprus,CYP,Credit card (% age 15+),GFDD.AI.20,..,..,..,..,..,..,..,..,..,..,..,..,..,..,..,..,..,..,..,..,..,..,..,..,..,..,..,..,..,..,..,..,..,..,..,..,..,..,..,..,..,..,..,..,..,..,..,..,..,..,..,45.86615,..,..,26.33335,..,..,22.93949,..,..,..,32.47764
Cyprus,CYP,Credit to government and state-owned enterprises to GDP (%),GFDD.EI.08,..,..,..,..,..,..,..,..,..,..,..,..,..,..,..,..,..,..,..,..,2.503214,3.215132,3.313888,3.717239,4.171926,4.404797,4.703835,6.095109,6.697676,6.516927,6.857807,6.945345,6.575538,9.425472,9.180997,6.128222,9.185351,10.08894,9.616427,10.28485,8.683263,13.51156,13.08079,14.88842,13.36808,27.82968,25.89997,25.53739,19.16929,24.5027,23.12213,26.57169,33.64063,30.01395,25.9837,19.02263,17.1744,19.16498,27.01665,22.18172,24.38235,..
Cyprus,CYP,Credit flows by fintech and bigtech companies to GDP (%),GFDD.DM.16,..,..,..,..,..,..,..,..,..,..,..,..,..,..,..,..,..,..,..,..,..,..,..,..,..,..,..,..,..,..,..,..,..,..,..,..,..,..,..,..,..,..,..,..,..,..,..,..,..,..,..,..,..,..,..,..,..,..,..,..,..,..
Cyprus,CYP,Deposit money bank assets to deposit money bank assets and central bank assets (%),GFDD.DI.04,..,..,..,..,..,..,..,..,..,..,..,..,..,..,..,96.11092,97.14268,98.40681,95.68659,91.0239,87.21538,87.55207,90.72577,90.27184,90.83149,89.05302,92.74957,91.49854,92.4024,96.26025,93.86288,93.11131,90.124,91.56674,92.61479,90.22336,91.989,92.90258,93.11594,94.64204,93.04092,93.91378,92.06989,92.74888,92.93951,93.76865,94.49487,95.46116,99.39989,99.52153,99.46809,99.5648,99.63437,99.61269,99.53846,99.41555,99.38857,99.5127,99.7097,99.66804,99.6964,99.5909
Cyprus,CYP,Insurance company assets to GDP (%),GFDD.DI.11,..,..,..,..,..,..,..,..,..,..,..,..,..,..,..,..,..,..,..,..,..,..,..,..,..,..,..,..,..,..,..,..,..,..,..,..,..,..,..,..,..,..,..,..,..,..,..,15.543773,13.040691,14.781726,14.272198,15.408347,13.465871,13.444243,14.440866,13.822566,18.485482,17.187967,16.138104,16.275781,17.325978,..
Cyprus,CYP,Gross portfolio debt assets to GDP (%),GFDD.DM.11,..,..,..,..,..,..,..,..,..,..,..,..,..,..,..,..,..,..,..,..,..,..,..,..,..,..,..,..,..,..,..,..,..,..,..,..,..,..,..,..,6.391289,8.229427,21.46542,21.63199,28.64314,34.45564,63.11472,51.15197,165.69,250.4999,201.846,129.2592,109.8818,50.03636,38.60239,41.7794,44.6604,51.04207,49.08899,56.04269,66.0588,..
Cyprus,CYP,Liquid liabilities to GDP (%),GFDD.DI.05,..,..,..,..,..,..,..,..,..,..,..,..,..,..,..,..,..,..,..,..,..,..,..,..,..,..,..,..,..,..,..,..,..,..,..,..,..,..,..,..,..,..,..,..,..,..,..,..,..,..,..,..,..,..,..,..,..,..,..,..,..,..
Czech Republic,CZE,Account at a formal financial institution (% age 15+),GFDD.AI.05,..,..,..,..,..,..,..,..,..,..,..,..,..,..,..,..,..,..,..,..,..,..,..,..,..,..,..,..,..,..,..,..,..,..,..,..,..,..,..,..,..,..,..,..,..,..,..,..,..,..,..,80.65119,..,..,82.17821,..,..,80.99226,..,..,..,94.9367
Czech Republic,CZE,"Bank accounts per 1,000 adults",GFDD.AI.01,..,..,..,..,..,..,..,..,..,..,..,..,..,..,..,..,..,..,..,..,..,..,..,..,..,..,..,..,..,..,..,..,..,..,..,..,..,..,..,..,..,..,..,..,..,..,..,..,..,..,..,..,..,..,..,..,..,..,..,..,..,..
Czech Republic,CZE,Bank deposits to GDP (%),GFDD.OI.02,..,..,..,..,..,..,..,..,..,..,..,..,..,..,..,..,..,..,..,..,..,..,..,..,..,..,..,..,..,..,..,..,..,52.89417,53.29534,57.18125,53.64098,53.42371,50.32032,48.22129,53.32428,55.26976,56.36382,57.4489,54.79139,55.45819,56.56075,58.60817,60.39635,59.42612,60.0408,60.34586,63.03112,66.03354,66.67345,67.61345,69.06567,71.94994,72.37445,72.14381,80.49432,80.36269
Czech Republic,CZE,Central bank assets to GDP (%),GFDD.DI.06,..,..,..,..,..,..,..,..,..,..,..,..,..,..,..,..,..,..,..,..,..,..,..,..,..,..,..,..,..,..,..,..,..,3.956644,2.98083,0.8857929,0.2963493,1.123175,2.248797,2.712408,1.778158,2.03243,1.828702,1.64933,1.441019,0.9098186,0.2458311,0.2250274,0.2138585,0.0130996,0.0135992,0.009822,0.0093913,0.0039104,0.0036587,0.00387,0.0028977,0.0029546,0.0034383,0.0039721,0.0046361,0.0064046
Czech Republic,CZE,Credit card (% age 15+),GFDD.AI.20,..,..,..,..,..,..,..,..,..,..,..,..,..,..,..,..,..,..,..,..,..,..,..,..,..,..,..,..,..,..,..,..,..,..,..,..,..,..,..,..,..,..,..,..,..,..,..,..,..,..,..,26.4535,..,..,25.70129,..,..,25.00212,..,..,..,29.85087
Czech Republic,CZE,Credit to government and state-owned enterprises to GDP (%),GFDD.EI.08,..,..,..,..,..,..,..,..,..,..,..,..,..,..,..,..,..,..,..,..,..,..,..,..,..,..,..,..,..,..,..,..,..,6.561841,6.870712,8.202563,5.67794,3.148308,3.415732,4.161519,4.940696,10.49906,16.93385,19.3104,15.12828,13.25937,12.92074,12.1069,12.26548,14.71464,15.89799,17.61143,19.94802,18.84114,18.92449,15.52749,12.71143,9.777561,10.17179,9.571671,14.97599,..
Czech Republic,CZE,Credit flows by fintech and bigtech companies to GDP (%),GFDD.DM.16,..,..,..,..,..,..,..,..,..,..,..,..,..,..,..,..,..,..,..,..,..,..,..,..,..,..,..,..,..,..,..,..,..,..,..,..,..,..,..,..,..,..,..,..,..,..,..,..,..,..,..,..,..,0,0,0,0,0,0,0,..,..
Czech Republic,CZE,Deposit money bank assets to deposit money bank assets and central bank assets (%),GFDD.DI.04,..,..,..,..,..,..,..,..,..,..,..,..,..,..,..,..,..,..,..,..,..,..,..,..,..,..,..,..,..,..,..,..,..,94.49942,96.05205,98.80339,99.57085,98.34122,96.26485,95.12422,96.43495,95.77119,95.98451,96.6114,96.82385,98.06194,99.51176,99.59836,99.646,99.97806,99.97815,99.98511,99.98646,99.99436,99.99464,99.99406,99.99545,99.99512,99.99442,99.99336,99.99319,99.99096
Czech Republic,CZE,Insurance company assets to GDP (%),GFDD.DI.11,..,..,..,..,..,..,..,..,..,..,..,..,..,..,..,..,..,..,..,..,..,..,..,..,..,..,..,..,..,..,..,..,..,..,..,..,..,..,..,..,4.6870266,5.2279338,7.3830669,9.158824,7.8148367,9.4506606,9.1438369,8.941758,9.1317595,10.025336,10.678892,10.720432,11.470985,11.56517,11.215742,10.444138,10.252712,10.011334,9.6140317,8.4121488,8.6568227,..
Czech Republic,CZE,Gross portfolio debt assets to GDP (%),GFDD.DM.11,..,..,..,..,..,..,..,..,..,..,..,..,..,..,..,..,..,..,..,..,..,..,..,..,..,..,..,..,..,..,..,..,..,..,..,..,..,..,..,1.621721,3.773247,4.736823,7.583525,11.55231,11.05053,9.514925,10.11109,10.52444,6.885053,7.086251,6.281837,5.718298,7.379395,7.042097,7.427739,8.20814,7.689966,7.678155,5.955519,5.696495,6.498708,..
Czech Republic,CZE,Liquid liabilities to GDP (%),GFDD.DI.05,..,..,..,..,..,..,..,..,..,..,..,..,..,..,..,..,..,..,..,..,..,..,..,..,..,..,..,..,..,..,..,..,..,58.53045,60.9585,68.0106,63.17254,59.60518,56.30709,55.3134,60.5794,62.3183,63.84997,65.34842,62.57579,63.55582,64.99854,67.08485,69.5238,68.51064,69.12246,69.81207,72.68074,75.90307,76.64165,77.73394,79.8479,82.70602,83.06735,82.54061,92.28802,91.67341
Denmark,DNK,Account at a formal financial institution (% age 15+),GFDD.AI.05,..,..,..,..,..,..,..,..,..,..,..,..,..,..,..,..,..,..,..,..,..,..,..,..,..,..,..,..,..,..,..,..,..,..,..,..,..,..,..,..,..,..,..,..,..,..,..,..,..,..,..,99.73679,..,..,100,..,..,99.91737,..,..,..,100
Denmark,DNK,"Bank accounts per 1,000 adults",GFDD.AI.01,..,..,..,..,..,..,..,..,..,..,..,..,..,..,..,..,..,..,..,..,..,..,..,..,..,..,..,..,..,..,..,..,..,..,..,..,..,..,..,..,..,..,..,..,..,..,..,..,..,..,..,..,..,..,..,..,..,..,..,..,..,..
Denmark,DNK,Bank deposits to GDP (%),GFDD.OI.02,..,..,..,..,..,..,26.50393,26.66382,28.09995,27.1477,25.26744,25.41203,25.77594,25.49582,25.23631,29.03893,28.21076,27.44918,25.81734,25.33867,26.53716,26.86669,26.66394,31.85322,33.82392,37.08113,37.52261,52.72832,54.1408,51.51497,52.37605,53.97366,51.5574,61.76801,51.39567,52.36396,53.60701,54.48675,54.54186,51.11541,45.63068,45.66105,46.59002,48.50037,51.49608,56.98678,58.98417,64.27599,67.17631,56.68361,53.11166,50.48299,50.85557,51.28306,53.31664,54.19263,56.06312,57.24577,56.59733,58.51832,64.05716,60.02859
Denmark,DNK,Central bank assets to GDP (%),GFDD.DI.06,..,..,..,..,..,..,6.4916,6.054206,7.767642,7.940352,7.489107,5.987893,5.747325,5.319384,5.730918,6.861042,9.924628,8.639018,7.42136,9.746432,12.22747,15.72689,17.67776,18.36505,17.14328,2.331182,3.759516,0.9208647,0.8605838,1.13443,1.37653,1.952499,0.8870938,1.107203,2.30719,1.589225,1.985993,1.624859,1.447904,1.393131,1.267682,1.34113,1.315776,1.228606,1.056242,0.6807147,0.6810482,0.2922046,0.2182107,0.157943,0.0673687,0.0366029,0.041847,0.0241491,0.0079751,0.0062366,0.0029889,0.0020064,0.000932,..,..,..
Denmark,DNK,Credit card (% age 15+),GFDD.AI.20,..,..,..,..,..,..,..,..,..,..,..,..,..,..,..,..,..,..,..,..,..,..,..,..,..,..,..,..,..,..,..,..,..,..,..,..,..,..,..,..,..,..,..,..,..,..,..,..,..,..,..,44.92165,..,..,36.48161,..,..,44.71719,..,..,..,58.49581
Denmark,DNK,Credit to government and state-owned enterprises to GDP (%),GFDD.EI.08,..,..,..,..,..,..,..,..,..,..,..,..,..,..,..,..,..,..,..,..,5.030838,6.332632,7.51474,11.17227,12.58982,13.0432,11.7367,12.41229,13.46941,11.72971,9.60532,11.66099,11.21164,7.558359,12.54391,9.602266,7.843386,6.090209,5.998296,5.26542,11.11137,12.63308,13.14776,12.33394,10.26533,9.874185,8.432227,8.074899,8.317596,11.48081,9.42275,9.861799,10.00152,8.93336,10.04273,10.06376,9.689544,8.983931,9.452113,9.731909,11.50496,..
Denmark,DNK,Credit flows by fintech and bigtech companies to GDP (%),GFDD.DM.16,..,..,..,..,..,..,..,..,..,..,..,..,..,..,..,..,..,..,..,..,..,..,..,..,..,..,..,..,..,..,..,..,..,..,..,..,..,..,..,..,..,..,..,..,..,..,..,..,..,..,..,..,..,0,0,0,0,0,0,0,..,..
Denmark,DNK,Deposit money bank assets to deposit money bank assets and central bank assets (%),GFDD.DI.04,..,..,..,..,..,..,..,..,..,..,..,..,..,..,..,..,..,..,..,..,..,..,..,..,..,94.70825,92.60608,98.53558,98.61475,98.21246,97.74876,96.47434,98.27049,97.41791,94.85309,96.15936,95.0667,95.82592,96.52164,96.56339,99.12093,99.12151,99.15682,99.23851,99.36088,99.61736,99.64,99.85809,99.9005,99.92581,99.96674,99.98143,99.97823,99.98701,99.99565,99.99654,99.99831,99.99883,99.99946,..,..,..
Denmark,DNK,Insurance company assets to GDP (%),GFDD.DI.11,..,..,..,..,..,..,..,..,..,..,..,..,..,..,..,..,..,..,..,..,..,..,..,..,..,..,..,..,..,..,..,..,..,..,42.072554,44.700704,48.508689,51.442535,54.471485,58.94392,58.103875,56.240994,55.761765,59.643727,62.623342,68.698166,68.801542,69.052781,69.606548,104.98214,110.33921,120.71698,98.765687,97.665723,107.10728,104.41857,113.01972,108.20407,107.33163,121.42952,127.82273,..
Denmark,DNK,Gross portfolio debt assets to GDP (%),GFDD.DM.11,..,..,..,..,..,..,..,..,..,..,..,..,..,..,..,..,..,..,..,..,..,..,..,..,..,..,..,..,..,..,..,..,..,..,..,..,..,..,..,11.59197,17.35714,22.90974,28.34162,34.34956,37.96032,40.97206,42.36279,45.22513,41.96584,53.44899,58.5238,52.88655,63.2228,58.49862,61.02738,60.34634,58.99366,59.00802,53.55726,62.89396,70.19769,..
Denmark,DNK,Liquid liabilities to GDP (%),GFDD.DI.05,..,..,..,..,..,..,46.12676,45.80172,46.32251,44.87683,42.46638,41.77485,41.57598,41.0274,39.72114,45.14047,43.53098,42.89161,40.98841,40.62107,41.90656,42.24534,41.08692,47.65731,50.60845,55.22483,56.29647,57.09388,57.9737,55.60193,56.88926,56.80214,54.39885,64.73667,54.49035,55.46378,57.13921,57.94081,57.85555,54.77479,48.60277,48.69795,49.36906,51.38472,54.42351,60.00473,62.01657,67.2847,70.00894,67.9097,69.66752,64.25752,63.90765,56.87627,63.21145,67.59315,60.59702,61.25009,60.50406,62.23059,68.01585,62.7996
Djibouti,DJI,Account at a formal financial institution (% age 15+),GFDD.AI.05,..,..,..,..,..,..,..,..,..,..,..,..,..,..,..,..,..,..,..,..,..,..,..,..,..,..,..,..,..,..,..,..,..,..,..,..,..,..,..,..,..,..,..,..,..,..,..,..,..,..,..,12.27388,..,..,..,..,..,..,..,..,..,..
Djibouti,DJI,"Bank accounts per 1,000 adults",GFDD.AI.01,..,..,..,..,..,..,..,..,..,..,..,..,..,..,..,..,..,..,..,..,..,..,..,..,..,..,..,..,..,..,..,..,..,..,..,..,..,..,..,..,..,..,..,..,..,..,..,..,41.271303,57.047663,67.778692,78.86915,90.057815,112.78402,123.12713,124.75677,105.55514,148.07878,227.52728,249.69459,203.09021,..
Djibouti,DJI,Bank deposits to GDP (%),GFDD.OI.02,..,..,..,..,..,..,..,..,..,..,..,..,..,..,..,..,..,..,..,..,..,..,..,..,..,62.89006,..,65.18024,66.15345,66.08687,43.79965,43.60052,37.36882,38.09372,36.54768,38.64573,34.02841,33.05343,35.06703,31.6768,31.29128,32.75434,37.15467,42.13674,45.36462,47.75848,48.72539,48.47826,50.80917,58.27888,61.11073,51.41089,54.52831,53.8816,52.67294,57.20819,58.22241,68.13545,58.50815,57.66521,67.15524,72.49702
Djibouti,DJI,Central bank assets to GDP (%),GFDD.DI.06,..,..,..,..,..,..,..,..,..,..,..,..,..,..,..,..,..,..,..,..,..,..,..,..,..,..,..,..,..,..,..,..,..,0.2639725,0.4352078,0.4299517,1.034903,1.185805,1.696025,2.170497,2.085076,2.244275,2.136516,2.767412,2.779783,2.573529,2.20342,1.753883,1.610423,1.444991,1.09902,1.219323,2.211089,1.863189,1.599863,1.304496,1.115297,0.8084375,0.5536795,0.3168135,1.554106,2.611618
Djibouti,DJI,Credit card (% age 15+),GFDD.AI.20,..,..,..,..,..,..,..,..,..,..,..,..,..,..,..,..,..,..,..,..,..,..,..,..,..,..,..,..,..,..,..,..,..,..,..,..,..,..,..,..,..,..,..,..,..,..,..,..,..,..,..,3.968912,..,..,..,..,..,..,..,..,..,..
Djibouti,DJI,Credit to government and state-owned enterprises to GDP (%),GFDD.EI.08,..,..,..,..,..,..,..,..,..,..,..,..,..,..,..,..,..,..,..,..,..,..,..,..,..,..,..,0.4928228,0.6168322,0.2164985,0.5069463,0.4239259,0.3723245,0.7991056,2.400306,2.100577,1.759332,1.958665,2.213073,1.870866,1.190607,1.271732,1.917295,1.645873,1.30487,1.35573,1.230658,1.735939,1.499527,2.369243,2.289419,2.173417,2.794537,2.383221,2.805094,3.613429,4.256155,3.369484,3.895094,3.928329,6.050906,..
Djibouti,DJI,Credit flows by fintech and bigtech companies to GDP (%),GFDD.DM.16,..,..,..,..,..,..,..,..,..,..,..,..,..,..,..,..,..,..,..,..,..,..,..,..,..,..,..,..,..,..,..,..,..,..,..,..,..,..,..,..,..,..,..,..,..,..,..,..,..,..,..,..,..,..,..,..,..,..,..,..,..,..
Djibouti,DJI,Deposit money bank assets to deposit money bank assets and central bank assets (%),GFDD.DI.04,..,..,..,..,..,..,..,..,..,..,..,..,..,..,..,..,..,..,..,..,..,..,..,..,..,..,..,..,..,..,..,..,..,99.07788,98.55128,98.69518,96.9836,96.49391,95.38132,91.11166,91.95684,89.88237,89.96462,86.41255,85.4621,85.88228,87.63043,91.02245,92.22693,94.31654,96.02059,95.20358,91.368,92.94439,93.98147,95.06095,95.51318,96.80468,97.81761,98.72649,94.21892,91.38432
Djibouti,DJI,Insurance company assets to GDP (%),GFDD.DI.11,..,..,..,..,..,..,..,..,..,..,..,..,..,..,..,..,..,..,..,..,..,..,..,..,..,..,..,..,..,..,..,..,..,..,..,..,..,..,..,..,..,..,..,..,..,..,..,..,..,..,..,..,..,..,..,..,..,..,..,..,..,..
Djibouti,DJI,Gross portfolio debt assets to GDP (%),GFDD.DM.11,..,..,..,..,..,..,..,..,..,..,..,..,..,..,..,..,..,..,..,..,..,..,..,..,..,..,..,..,..,..,..,..,..,..,..,..,..,..,..,..,..,..,..,..,..,..,..,..,..,..,..,..,..,..,..,..,..,..,..,..,..,..
Djibouti,DJI,Liquid liabilities to GDP (%),GFDD.DI.05,..,..,..,..,..,..,..,..,..,..,..,..,..,..,..,..,..,..,..,..,..,..,..,..,..,74.63078,..,77.87842,78.84023,78.10442,52.14894,53.03553,48.58927,50.29922,49.41972,51.40016,47.9789,44.99282,42.16914,38.56264,37.92934,39.25677,44.00605,49.2377,52.80024,55.26527,56.6684,55.80709,57.99104,66.0312,68.43816,57.99676,61.05153,60.6987,59.60269,64.29913,65.30812,75.36404,65.34909,63.99883,74.32652,79.8542
Dominica,DMA,Account at a formal financial institution (% age 15+),GFDD.AI.05,..,..,..,..,..,..,..,..,..,..,..,..,..,..,..,..,..,..,..,..,..,..,..,..,..,..,..,..,..,..,..,..,..,..,..,..,..,..,..,..,..,..,..,..,..,..,..,..,..,..,..,..,..,..,..,..,..,..,..,..,..,..
Dominica,DMA,"Bank accounts per 1,000 adults",GFDD.AI.01,..,..,..,..,..,..,..,..,..,..,..,..,..,..,..,..,..,..,..,..,..,..,..,..,..,..,..,..,..,..,..,..,..,..,..,..,..,..,..,..,..,..,..,..,..,..,..,..,..,..,..,..,..,..,..,..,..,..,..,..,..,..
Dominica,DMA,Bank deposits to GDP (%),GFDD.OI.02,..,..,..,..,..,..,..,..,..,..,..,..,..,..,..,..,..,32.57064,31.63339,47.30593,36.62363,33.17877,37.10009,37.28246,37.44723,36.74787,38.53457,41.47612,40.51329,41.67839,45.44865,47.27434,51.2072,48.72308,48.20555,55.96457,56.20665,57.09242,55.33629,58.16388,55.7563,57.82505,64.89301,68.74187,68.36732,72.75011,75.31756,76.90572,75.33089,77.63764,79.33677,80.31741,92.67043,93.53471,93.77516,93.56441,92.96866,119.578,113.046,89.94616,95.71721,90.13515
Dominica,DMA,Central bank assets to GDP (%),GFDD.DI.06,..,..,..,..,..,..,..,..,..,..,..,..,..,..,..,..,..,2.987317,2.398679,2.907479,2.955143,2.850377,2.622821,2.896815,4.978215,5.852557,5.890327,5.270145,3.832794,3.829191,4.378149,4.101557,2.82059,2.367556,2.728566,2.048169,1.589534,1.548429,1.291195,1.242126,1.270881,1.153327,1.050985,0.9890602,0.7246644,0.7305773,0.3756613,0.3511876,0.3151051,0.1250043,0.1238021,0.122024,1.78E-06,4.46E-09,0.1315225,..,..,0.0384506,..,..,..,1.865756
Dominica,DMA,Credit card (% age 15+),GFDD.AI.20,..,..,..,..,..,..,..,..,..,..,..,..,..,..,..,..,..,..,..,..,..,..,..,..,..,..,..,..,..,..,..,..,..,..,..,..,..,..,..,..,..,..,..,..,..,..,..,..,..,..,..,..,..,..,..,..,..,..,..,..,..,..
Dominica,DMA,Credit to government and state-owned enterprises to GDP (%),GFDD.EI.08,..,..,..,..,..,..,..,..,..,..,..,..,..,..,..,..,..,..,..,..,10.52792,12.2342,9.738358,8.389766,7.514825,7.118721,7.487039,2.777008,3.279748,3.945621,8.544516,10.43665,10.06081,12.05416,13.42926,14.45704,12.51717,13.35985,12.73603,13.22345,14.51088,14.64531,14.13564,12.27492,8.004336,9.146522,8.201577,7.194773,7.2459,6.374779,7.089415,6.133349,9.220813,9.979311,10.08955,8.960702,9.062185,9.503012,16.81097,20.0716,29.23327,..
Dominica,DMA,Credit flows by fintech and bigtech companies to GDP (%),GFDD.DM.16,..,..,..,..,..,..,..,..,..,..,..,..,..,..,..,..,..,..,..,..,..,..,..,..,..,..,..,..,..,..,..,..,..,..,..,..,..,..,..,..,..,..,..,..,..,..,..,..,..,..,..,..,..,..,..,..,..,..,..,..,..,..
Dominica,DMA,Deposit money bank assets to deposit money bank assets and central bank assets (%),GFDD.DI.04,..,..,..,..,..,..,..,..,..,..,..,..,..,..,..,..,..,92.20971,92.84664,92.59583,92.38503,93.27351,93.48902,92.9292,87.58063,85.57238,84.07432,82.92901,89.04161,90.90071,91.53873,92.41112,94.83924,95.92526,95.44743,96.749,97.32995,97.50796,97.88753,97.97463,98.08067,98.18814,98.34112,98.31337,98.66258,98.75037,99.3632,99.38026,99.44247,99.77443,99.79475,99.80277,100,100,99.79436,..,..,99.93653,..,..,..,97.73901
Dominica,DMA,Insurance company assets to GDP (%),GFDD.DI.11,..,..,..,..,..,..,..,..,..,..,..,..,..,..,..,..,..,..,..,..,..,..,..,..,..,..,..,..,..,..,..,..,..,..,..,..,..,..,..,..,..,..,..,..,..,..,..,..,..,..,..,..,..,..,..,..,..,..,..,..,..,..
Dominica,DMA,Gross portfolio debt assets to GDP (%),GFDD.DM.11,..,..,..,..,..,..,..,..,..,..,..,..,..,..,..,..,..,..,..,..,..,..,..,..,..,..,..,..,..,..,..,..,..,..,..,..,..,..,..,..,..,..,..,..,..,..,..,..,..,..,..,..,..,15.778,20.90634,15.43583,12.11519,13.13621,12.96544,12.75334,16.21784,..
Dominica,DMA,Liquid liabilities to GDP (%),GFDD.DI.05,..,..,..,..,..,..,..,..,..,..,..,..,..,..,..,..,..,36.45415,34.97079,52.24172,40.42934,36.66698,39.80896,39.68115,41.59449,39.73583,40.35406,46.54238,45.45391,45.81786,50.03843,52.4486,56.15245,52.93475,51.64806,60.0275,59.95865,60.64802,58.79569,62.0914,59.7941,61.69018,68.93839,72.53323,72.25747,76.82289,79.72905,81.34755,79.00105,81.47893,82.8232,83.79288,96.14722,96.62723,97.11554,96.75922,96.35272,124.7715,119.1375,95.34226,102.037,96.02042
Dominican Republic,DOM,Account at a formal financial institution (% age 15+),GFDD.AI.05,..,..,..,..,..,..,..,..,..,..,..,..,..,..,..,..,..,..,..,..,..,..,..,..,..,..,..,..,..,..,..,..,..,..,..,..,..,..,..,..,..,..,..,..,..,..,..,..,..,..,..,38.20467,..,..,53.98639,..,..,54.78295,..,..,..,49.54608
Dominican Republic,DOM,"Bank accounts per 1,000 adults",GFDD.AI.01,..,..,..,..,..,..,..,..,..,..,..,..,..,..,..,..,..,..,..,..,..,..,..,..,..,..,..,..,..,..,..,..,..,..,..,..,..,..,..,..,..,..,..,..,..,..,..,..,..,..,..,583.52991,688.21679,664.05429,711.87421,736.60635,753.52619,802.38449,873.5145,794.46583,772.01523,..
Dominican Republic,DOM,Bank deposits to GDP (%),GFDD.OI.02,12.00179,10.65586,9.331392,8.875426,7.868566,13.56379,10.23884,9.797062,12.51877,13.15725,13.81084,16.60606,17.87562,20.42648,23.96144,23.8603,22.50108,22.90031,22.55703,21.81185,20.28722,19.92779,20.44246,21.44047,20.13223,18.5238,27.20174,24.13585,23.78783,23.49076,22.37298,15.42633,16.62966,17.78241,17.55478,17.70858,19.20944,20.14837,21.19823,23.04753,25.17267,17.54842,18.22803,23.46845,17.20122,18.28384,18.25501,19.46512,17.27872,19.61053,20.14961,20.67632,21.11814,21.98308,20.70678,21.47626,21.7035,21.86977,21.36171,23.0601,30.41332,29.32611
Dominican Republic,DOM,Central bank assets to GDP (%),GFDD.DI.06,3.837004,6.115271,5.630385,9.066753,8.414588,9.649815,8.791544,9.907228,10.37809,10.10646,9.459441,9.510351,8.797927,8.322672,8.648528,7.214381,6.755409,6.046522,6.379267,6.227904,7.29268,8.250697,10.55084,12.79743,10.96395,7.887057,6.566839,6.279527,4.423342,3.591229,2.624599,2.823963,2.128543,1.36128,1.9277,1.055141,1.238427,1.158034,1.137543,1.409426,1.693203,1.987347,1.828659,6.078682,7.981166,12.26898,17.16108,16.7094,16.48514,16.44183,15.53682,14.73286,15.03824,14.67996,14.36071,14.56423,14.94866,14.80715,14.22444,13.9945,15.28805,13.37154
Dominican Republic,DOM,Credit card (% age 15+),GFDD.AI.20,..,..,..,..,..,..,..,..,..,..,..,..,..,..,..,..,..,..,..,..,..,..,..,..,..,..,..,..,..,..,..,..,..,..,..,..,..,..,..,..,..,..,..,..,..,..,..,..,..,..,..,12.2304,..,..,10.87532,..,..,16.4281,..,..,..,10.64769
Dominican Republic,DOM,Credit to government and state-owned enterprises to GDP (%),GFDD.EI.08,..,..,..,..,..,..,..,..,..,..,..,..,..,..,..,..,..,..,..,..,3.974419,5.663349,6.027997,6.144151,5.673412,4.648594,5.339002,3.821257,3.285404,2.761538,2.416722,1.66551,1.48336,1.392831,1.282669,1.298203,1.422723,1.683144,1.920653,2.402159,2.123701,3.66348,4.16157,3.862025,3.181334,2.901782,2.772552,2.22456,3.456773,4.817154,3.571553,3.168409,4.860099,5.343412,3.648612,5.108719,5.250098,5.206314,4.643959,5.202981,6.888523,..
Dominican Republic,DOM,Credit flows by fintech and bigtech companies to GDP (%),GFDD.DM.16,..,..,..,..,..,..,..,..,..,..,..,..,..,..,..,..,..,..,..,..,..,..,..,..,..,..,..,..,..,..,..,..,..,..,..,..,..,..,..,..,..,..,..,..,..,..,..,..,..,..,..,..,..,..,..,..,..,..,..,..,..,..
Dominican Republic,DOM,Deposit money bank assets to deposit money bank assets and central bank assets (%),GFDD.DI.04,73.61963,67.05107,68.39237,58.22723,62.24847,62.52733,64.15251,53.55201,59.22892,61.81997,62.25726,74.21417,75.94348,77.86361,79.21964,82.01302,83.46865,84.86621,85.22421,85.28383,82.89272,81.30297,79.1548,75.75404,76.45088,80.28393,85.3343,85.4281,87.90782,90.66215,92.05057,86.31767,90.08208,93.51245,91.17507,95.00597,94.65994,95.27362,95.59489,95.27746,94.77853,94.63873,95.23714,85.12262,73.50903,63.61205,54.14947,56.42132,57.81174,60.65397,61.96223,63.0486,63.69603,65.53043,65.94669,67.2932,67.38007,67.74879,68.19598,69.61589,70.10981,71.36324
Dominican Republic,DOM,Insurance company assets to GDP (%),GFDD.DI.11,..,..,..,..,..,..,..,..,..,..,..,..,..,..,..,..,..,..,..,..,..,..,..,..,..,..,..,..,..,..,..,..,..,..,..,..,..,..,..,..,..,0.5234014,2.2809759,1.9436375,1.7247254,1.3332375,1.3569212,1.3889928,1.3357313,1.4694171,1.4177228,1.4217913,1.4480291,1.4547113,1.4491323,1.4632331,1.4966194,1.5552322,1.8401503,1.9977626,..,..
Dominican Republic,DOM,Gross portfolio debt assets to GDP (%),GFDD.DM.11,..,..,..,..,..,..,..,..,..,..,..,..,..,..,..,..,..,..,..,..,..,..,..,..,..,..,..,..,..,..,..,..,..,..,..,..,..,..,..,..,..,..,0.3080615,0.4518023,0.4573883,0.5179224,1.403649,0.8163227,0.5005963,0.4075748,0.3830287,0.2982951,0.3081662,0.3141245,0.3233107,0.3555127,0.4254693,0.2006299,0.1616497,0.1561703,0.0871334,..
Dominican Republic,DOM,Liquid liabilities to GDP (%),GFDD.DI.05,19.19989,19.32425,16.98823,16.74107,14.37208,22.04256,16.81472,15.63201,18.87684,19.21008,19.45675,21.85359,23.17349,25.55314,29.03305,28.56996,26.92016,27.3565,27.30441,26.82422,24.41646,24.22427,24.84336,26.02781,25.67716,22.9652,32.53607,30.03138,29.52877,29.95183,29.06517,19.22019,20.77252,22.03988,21.73723,21.87983,23.3263,24.29364,25.16312,27.8847,29.02597,21.38533,21.97244,28.13648,17.91097,19.14772,18.70136,19.62274,17.94432,19.74044,20.43904,20.96348,21.26064,22.06056,20.95209,21.65046,21.86575,21.99613,21.4599,23.08625,30.22039,28.93645
East Asia & Pacific (IDA total),DEA,Account at a formal financial institution (% age 15+),GFDD.AI.05,..,..,..,..,..,..,..,..,..,..,..,..,..,..,..,..,..,..,..,..,..,..,..,..,..,..,..,..,..,..,..,..,..,..,..,..,..,..,..,..,..,..,..,..,..,..,..,..,..,..,..,..,..,..,..,..,..,..,..,..,..,..
East Asia & Pacific (IDA total),DEA,"Bank accounts per 1,000 adults",GFDD.AI.01,..,..,..,..,..,..,..,..,..,..,..,..,..,..,..,..,..,..,..,..,..,..,..,..,..,..,..,..,..,..,..,..,..,..,..,..,..,..,..,..,..,..,..,..,..,..,..,..,..,..,..,..,..,..,..,..,..,..,..,..,..,..
East Asia & Pacific (IDA total),DEA,Bank deposits to GDP (%),GFDD.OI.02,..,..,..,..,..,..,..,..,..,..,..,..,..,..,..,..,..,..,..,..,..,..,..,..,..,..,..,..,..,..,..,..,..,..,..,..,..,..,..,..,..,..,..,..,..,..,..,..,..,..,..,..,..,..,..,..,..,..,..,..,..,..
East Asia & Pacific (IDA total),DEA,Central bank assets to GDP (%),GFDD.DI.06,..,..,..,..,..,..,..,..,..,..,..,..,..,..,..,..,..,..,..,..,..,..,..,..,..,..,..,..,..,..,..,..,..,..,..,..,..,..,..,..,..,..,..,..,..,..,..,..,..,..,..,..,..,..,..,..,..,..,..,..,..,..
East Asia & Pacific (IDA total),DEA,Credit card (% age 15+),GFDD.AI.20,..,..,..,..,..,..,..,..,..,..,..,..,..,..,..,..,..,..,..,..,..,..,..,..,..,..,..,..,..,..,..,..,..,..,..,..,..,..,..,..,..,..,..,..,..,..,..,..,..,..,..,..,..,..,..,..,..,..,..,..,..,..
East Asia & Pacific (IDA total),DEA,Credit to government and state-owned enterprises to GDP (%),GFDD.EI.08,..,..,..,..,..,..,..,..,..,..,..,..,..,..,..,..,..,..,..,..,..,..,..,..,..,..,..,..,..,..,..,..,..,..,..,..,..,..,..,..,..,..,..,..,..,..,..,..,..,..,..,..,..,..,..,..,..,..,..,..,..,..
East Asia & Pacific (IDA total),DEA,Credit flows by fintech and bigtech companies to GDP (%),GFDD.DM.16,..,..,..,..,..,..,..,..,..,..,..,..,..,..,..,..,..,..,..,..,..,..,..,..,..,..,..,..,..,..,..,..,..,..,..,..,..,..,..,..,..,..,..,..,..,..,..,..,..,..,..,..,..,..,..,..,..,..,..,..,..,..
East Asia & Pacific (IDA total),DEA,Deposit money bank assets to deposit money bank assets and central bank assets (%),GFDD.DI.04,..,..,..,..,..,..,..,..,..,..,..,..,..,..,..,..,..,..,..,..,..,..,..,..,..,..,..,..,..,..,..,..,..,..,..,..,..,..,..,..,..,..,..,..,..,..,..,..,..,..,..,..,..,..,..,..,..,..,..,..,..,..
East Asia & Pacific (IDA total),DEA,Insurance company assets to GDP (%),GFDD.DI.11,..,..,..,..,..,..,..,..,..,..,..,..,..,..,..,..,..,..,..,..,..,..,..,..,..,..,..,..,..,..,..,..,..,..,..,..,..,..,..,..,..,..,..,..,..,..,..,..,..,..,..,..,..,..,..,..,..,..,..,..,..,..
East Asia & Pacific (IDA total),DEA,Gross portfolio debt assets to GDP (%),GFDD.DM.11,..,..,..,..,..,..,..,..,..,..,..,..,..,..,..,..,..,..,..,..,..,..,..,..,..,..,..,..,..,..,..,..,..,..,..,..,..,..,..,..,..,..,..,..,..,..,..,..,..,..,..,..,..,..,..,..,..,..,..,..,..,..
East Asia & Pacific (IDA total),DEA,Liquid liabilities to GDP (%),GFDD.DI.05,..,..,..,..,..,..,..,..,..,..,..,..,..,..,..,..,..,..,..,..,..,..,..,..,..,..,..,..,..,..,..,..,..,..,..,..,..,..,..,..,..,..,..,..,..,..,..,..,..,..,..,..,..,..,..,..,..,..,..,..,..,..
Ecuador,ECU,Account at a formal financial institution (% age 15+),GFDD.AI.05,..,..,..,..,..,..,..,..,..,..,..,..,..,..,..,..,..,..,..,..,..,..,..,..,..,..,..,..,..,..,..,..,..,..,..,..,..,..,..,..,..,..,..,..,..,..,..,..,..,..,..,36.7355,..,..,46.21243,..,..,50.86777,..,..,..,64.17671
Ecuador,ECU,"Bank accounts per 1,000 adults",GFDD.AI.01,..,..,..,..,..,..,..,..,..,..,..,..,..,..,..,..,..,..,..,..,..,..,..,..,..,..,..,..,..,..,..,..,..,..,..,..,..,..,..,..,..,..,..,..,..,339.56824,355.62301,363.19739,421.18854,390.32089,519.6492,605.82483,590.14013,619.75521,717.15858,744.50685,761.7363,799.8859,813.78308,944.31225,..,..
Ecuador,ECU,Bank deposits to GDP (%),GFDD.OI.02,4.652707,4.383803,5.209659,5.011812,4.539907,4.358934,5.610044,6.516684,8.17763,7.728548,7.080065,8.97054,9.312725,9.928301,8.543691,8.26103,9.373577,9.227514,9.385415,9.090247,9.288845,8.556025,8.45675,8.049458,9.937941,9.646767,8.829408,9.147953,7.349971,6.55005,10.25698,10.15952,10.36085,14.18878,17.10643,17.90402,19.85168,19.52013,16.63421,9.442411,18.72971,18.96309,16.47235,17.21797,20.10627,20.90224,20.89988,22.48377,22.81047,24.7516,26.69303,27.34638,28.48008,29.89789,30.82629,28.00867,32.85527,34.36172,35.01731,37.85196,46.1083,48.32725
Ecuador,ECU,Central bank assets to GDP (%),GFDD.DI.06,5.151626,4.573952,5.055895,4.539575,3.502886,3.557002,4.105329,3.599267,4.866868,6.394825,6.430602,7.152312,7.37092,6.563579,5.90052,5.570777,4.095706,3.362653,3.369365,3.578958,3.393509,3.860312,3.055918,9.809225,9.574096,10.06368,7.211186,6.490603,11.85662,7.546163,5.01475,4.501606,3.790558,20.81073,17.81072,0.822235,0.691561,0.4836094,1.149108,7.542735,7.798248,5.238089,4.069507,3.887966,3.606504,3.146788,2.543201,2.376089,0.0904106,0.299816,0.2724788,0.234893,0.2219651,0.1921997,0.9944262,1.431086,4.415837,2.994714,2.906514,2.792604,4.197207,5.818173
Ecuador,ECU,Credit card (% age 15+),GFDD.AI.20,..,..,..,..,..,..,..,..,..,..,..,..,..,..,..,..,..,..,..,..,..,..,..,..,..,..,..,..,..,..,..,..,..,..,..,..,..,..,..,..,..,..,..,..,..,..,..,..,..,..,..,10.18711,..,..,5.654297,..,..,8.662441,..,..,..,14.80391
Ecuador,ECU,Credit to government and state-owned enterprises to GDP (%),GFDD.EI.08,..,..,..,..,..,..,..,..,..,..,..,..,..,..,..,..,..,..,..,..,0.0186827,0.0102113,0.0071396,0.0041839,0.0026337,0.1485574,0.2019076,0.0234235,0.0279658,0.0041865,0.376651,0.2103436,0.1335559,0.312251,0.3039608,0.5630835,0.9206977,1.435646,3.249849,2.482828,2.178223,2.321287,1.848527,1.117539,0.7899614,0.6907737,0.4661335,0.344026,0.2619707,0.2576948,0.267341,0.5209351,1.04634,1.164043,1.462325,0.9803971,1.60478,1.612355,1.184861,1.469632,1.39181,..
Ecuador,ECU,Credit flows by fintech and bigtech companies to GDP (%),GFDD.DM.16,..,..,..,..,..,..,..,..,..,..,..,..,..,..,..,..,..,..,..,..,..,..,..,..,..,..,..,..,..,..,..,..,..,..,..,..,..,..,..,..,..,..,..,..,..,..,..,..,..,..,..,..,..,0,0,0,0,0,0,0,..,..
Ecuador,ECU,Deposit money bank assets to deposit money bank assets and central bank assets (%),GFDD.DI.04,67.89588,69.2254,68.85431,68.20994,72.00681,70.68847,67.87034,72.97138,69.73891,61.22617,58.60582,59.71817,58.70545,62.22107,61.1524,65.22715,73.52039,77.73238,79.07551,78.14056,78.59293,76.69545,81.93613,62.66463,65.55604,61.85515,67.80831,68.81507,45.59449,53.53086,64.71887,67.12502,72.22597,42.61996,53.82489,96.48817,97.08765,98.12612,95.62185,76.75588,78.33657,83.37893,83.0135,82.04195,84.39733,86.96575,89.45029,90.38808,99.60452,98.68084,98.91117,99.09776,99.18845,99.30981,96.63847,95.16816,87.29526,91.87886,92.74413,93.67745,91.64909,89.53883
Ecuador,ECU,Insurance company assets to GDP (%),GFDD.DI.11,..,..,..,..,..,..,..,..,..,..,..,..,..,..,..,..,..,..,..,..,..,..,..,..,..,..,..,..,..,..,..,..,..,..,..,..,..,..,..,..,..,..,0.46376494,0.43607012,0.44616724,0.43566055,0.43109229,0.46726208,1.0539705,1.152277,1.2198484,1.3181559,1.5416741,1.7291979,1.8218292,2.0316368,2.3220868,2.2038267,2.0065356,1.9939226,..,..
Ecuador,ECU,Gross portfolio debt assets to GDP (%),GFDD.DM.11,..,..,..,..,..,..,..,..,..,..,..,..,..,..,..,..,..,..,..,..,..,..,..,..,..,..,..,..,..,..,..,..,..,..,..,..,..,..,..,..,..,..,1.500673,2.281832,2.543539,2.79264,3.845822,3.755336,2.750309,2.960273,3.697304,3.183879,2.712966,3.457211,3.716485,3.177361,2.753635,2.460934,2.403841,2.735026,4.025596,..
Ecuador,ECU,Liquid liabilities to GDP (%),GFDD.DI.05,8.717541,8.397678,10.02392,8.683079,8.104464,7.798348,9.24748,10.17015,12.55975,11.7859,11.34299,13.68412,14.69436,15.91397,13.93852,12.93884,15.18838,15.15994,14.81883,15.68513,16.18136,14.80817,15.20745,14.32288,17.40329,14.78807,13.2601,13.80263,11.70655,10.15943,13.92098,13.23601,12.97917,18.19934,21.11283,20.95181,22.81495,22.29257,18.76309,13.14566,20.7137,20.4327,17.00855,17.6555,20.3533,21.49288,21.53669,23.44903,23.58575,25.1528,27.41668,28.37453,29.60847,30.92267,32.18516,29.47552,34.98362,37.05909,37.62827,40.76303,48.81113,51.40978
"Egypt, Arab Rep.",EGY,Account at a formal financial institution (% age 15+),GFDD.AI.05,..,..,..,..,..,..,..,..,..,..,..,..,..,..,..,..,..,..,..,..,..,..,..,..,..,..,..,..,..,..,..,..,..,..,..,..,..,..,..,..,..,..,..,..,..,..,..,..,..,..,..,9.719981,..,..,13.65175,..,..,32.07136,..,..,..,26.09891
"Egypt, Arab Rep.",EGY,"Bank accounts per 1,000 adults",GFDD.AI.01,..,..,..,..,..,..,..,..,..,..,..,..,..,..,..,..,..,..,..,..,..,..,..,..,..,..,..,..,..,..,..,..,..,..,..,..,..,..,..,..,..,..,..,..,..,..,..,..,..,..,..,351.8498,364.37335,370.83563,355.85316,366.59243,379.76392,382.18541,391.93706,411.86842,479.85232,..
"Egypt, Arab Rep.",EGY,Bank deposits to GDP (%),GFDD.OI.02,16.69852,18.12548,17.44174,18.66167,19.21579,17.03872,14.64819,14.89114,15.9361,15.35934,15.24522,14.02634,15.71506,18.52987,22.09826,21.35303,23.70022,27.26057,29.42436,31.82104,37.00026,48.83569,55.01524,56.30366,61.5244,63.13197,72.01947,62.96319,65.27175,63.60198,66.45531,70.84012,68.88178,68.74075,68.32822,64.54861,63.75795,62.81852,60.17542,60.35831,61.56714,66.6999,71.05004,78.56944,80.25642,80.16269,79.79333,79.11732,71.93548,67.49898,65.44672,59.8116,57.45149,61.09643,62.41075,65.48553,84.04134,80.54346,71.8155,67.70634,73.75814,80.75649
"Egypt, Arab Rep.",EGY,Central bank assets to GDP (%),GFDD.DI.06,20.11879,15.88295,15.31654,18.91151,21.10467,19.06044,16.06339,15.16494,15.85538,15.1706,15.29011,15.84629,16.86287,20.16961,20.64969,25.34709,22.60632,21.75492,40.6021,47.19637,41.3506,48.62875,50.25466,49.7658,50.16992,47.94077,48.43133,39.8941,38.82456,43.28885,52.41043,48.99496,39.5295,32.49338,28.13852,24.43538,19.86419,16.71947,20.52525,23.64505,27.09472,31.21247,33.31508,40.85696,49.16336,34.8408,30.70402,26.80205,16.87406,16.14828,13.90848,16.21794,17.78417,22.52435,26.1901,29.10321,29.61417,22.04861,18.03821,15.49317,13.09362,12.87901
"Egypt, Arab Rep.",EGY,Credit card (% age 15+),GFDD.AI.20,..,..,..,..,..,..,..,..,..,..,..,..,..,..,..,..,..,..,..,..,..,..,..,..,..,..,..,..,..,..,..,..,..,..,..,..,..,..,..,..,..,..,..,..,..,..,..,..,..,..,..,1.392872,..,..,1.880884,..,..,3.334818,..,..,..,2.796316
"Egypt, Arab Rep.",EGY,Credit to government and state-owned enterprises to GDP (%),GFDD.EI.08,..,..,..,..,..,..,..,..,..,..,..,..,..,..,..,..,..,..,..,..,33.15719,28.52528,26.88169,26.00848,31.09851,32.79501,35.9109,30.24912,31.48559,29.68868,29.46496,39.26727,44.17337,42.71117,39.34361,34.99363,35.25932,34.43376,28.47352,25.49896,23.88561,25.73223,30.80068,31.36198,31.32539,31.29268,26.93805,24.37077,29.81947,34.19884,32.50519,36.19987,37.58177,40.70128,44.53928,50.00402,70.65548,61.39112,57.37053,50.25787,62.42291,..
"Egypt, Arab Rep.",EGY,Credit flows by fintech and bigtech companies to GDP (%),GFDD.DM.16,..,..,..,..,..,..,..,..,..,..,..,..,..,..,..,..,..,..,..,..,..,..,..,..,..,..,..,..,..,..,..,..,..,..,..,..,..,..,..,..,..,..,..,..,..,..,..,..,..,..,..,..,..,0,9.82E-06,0.0001032,0.0001504,0.0003097,0.0006327,0.0005576,..,..
"Egypt, Arab Rep.",EGY,Deposit money bank assets to deposit money bank assets and central bank assets (%),GFDD.DI.04,50.3705,60.89965,61.95887,59.6664,58.91803,59.695,61.07012,63.64477,63.59916,63.91939,64.58582,64.56751,62.7977,58.30776,60.60516,59.81894,63.66444,64.09773,50.02824,44.31474,52.857,51.69854,51.27687,51.2769,54.19159,56.57919,59.0915,59.13486,60.00196,55.95113,50.59142,55.25013,62.31093,66.68572,70.07172,73.01756,77.89656,81.45995,77.99483,76.01926,73.01057,71.41367,71.30371,66.91157,62.72284,69.64931,70.62376,71.62595,80.69238,80.9286,82.13814,80.23346,78.5097,74.81851,72.8138,72.394,77.9664,80.30665,82.13274,82.74233,87.21756,88.62189
"Egypt, Arab Rep.",EGY,Insurance company assets to GDP (%),GFDD.DI.11,..,..,..,..,..,..,..,..,..,..,..,..,..,..,..,..,..,..,..,..,..,..,..,..,..,..,..,..,..,..,..,..,..,..,..,..,..,..,..,3.9205972,3.8529371,3.8647664,3.8618375,3.8816388,3.647848,3.552702,3.4307073,3.1847174,3.5455421,3.0113665,2.9071247,2.7870988,2.5686989,2.564986,2.5816432,2.449084,2.4292148,2.4783862,2.2400505,1.9165367,..,..
"Egypt, Arab Rep.",EGY,Gross portfolio debt assets to GDP (%),GFDD.DM.11,..,..,..,..,..,..,..,..,..,..,..,..,..,..,..,..,..,..,..,..,..,..,..,..,..,..,..,..,..,..,..,..,..,..,..,..,..,..,..,..,..,..,..,..,1.223751,1.277423,1.366434,1.209712,0.5978888,1.596051,3.868637,1.058641,0.9461438,0.8237816,0.6130273,0.230936,0.2210517,0.2474693,0.2295085,0.1919978,0.1872959,..
"Egypt, Arab Rep.",EGY,Liquid liabilities to GDP (%),GFDD.DI.05,33.11032,34.58983,33.4358,37.41025,40.68868,36.65477,30.55386,30.68286,31.48221,30.5322,30.44128,28.99651,31.65455,37.64792,42.07629,40.75055,43.41755,47.52673,50.6443,52.01144,62.93901,75.23084,83.39209,83.66228,88.43041,89.72409,98.01628,82.8764,84.21776,79.36951,81.65289,84.21188,80.40066,80.62893,80.49052,75.88123,74.79156,73.89329,73.25493,72.32047,72.98486,78.3455,83.53657,91.94585,91.90211,92.34166,92.58072,91.46205,84.04636,79.05772,76.7679,72.05968,69.69367,74.59094,75.42253,77.96799,98.11987,92.29539,81.77491,77.23492,84.21943,91.82542
El Salvador,SLV,Account at a formal financial institution (% age 15+),GFDD.AI.05,..,..,..,..,..,..,..,..,..,..,..,..,..,..,..,..,..,..,..,..,..,..,..,..,..,..,..,..,..,..,..,..,..,..,..,..,..,..,..,..,..,..,..,..,..,..,..,..,..,..,..,13.76462,..,..,34.63472,..,..,29.33575,..,..,..,30.70942
El Salvador,SLV,"Bank accounts per 1,000 adults",GFDD.AI.01,..,..,..,..,..,..,..,..,..,..,..,..,..,..,..,..,..,..,..,..,..,..,..,..,..,..,..,..,..,..,..,..,..,..,..,..,..,..,..,..,..,..,..,..,..,..,..,..,..,782.84189,424.30845,655.82046,622.383,618.68781,968.00531,1028.2366,1058.0124,771.67831,790.1211,762.13136,746.20843,..
El Salvador,SLV,Bank deposits to GDP (%),GFDD.OI.02,..,..,..,..,..,14.84756,15.53662,14.95431,15.38781,16.23556,16.13812,17.19522,19.78603,20.9346,20.97342,23.28089,23.46591,21.27969,22.17266,19.53702,20.45227,24.32678,25.99797,29.20874,32.81441,40.73815,26.55752,26.40141,28.62087,28.89794,22.30562,24.43912,26.61152,31.72869,40.24148,39.42574,43.17908,45.28629,46.24721,47.87632,47.34811,49.61174,47.93426,46.38006,46.20869,44.94587,46.00048,50.79533,48.06897,52.14613,52.27635,47.16739,45.68819,45.86017,44.51315,45.71971,45.77403,49.11341,49.95323,53.89667,64.81977,57.60323
El Salvador,SLV,Central bank assets to GDP (%),GFDD.DI.06,..,..,..,..,..,3.599781,4.223685,4.224954,5.282443,6.56032,5.624404,6.77031,7.261735,6.116812,9.157682,10.09108,9.035168,9.056036,9.043338,12.10888,22.78481,31.04655,23.40676,21.97044,26.33652,26.95212,13.3347,13.56831,13.77032,17.44425,13.37914,14.96433,12.92768,11.80429,9.413107,7.952079,6.938208,6.366583,5.631029,5.65422,5.814,6.476049,6.40356,6.113905,5.943375,5.558069,5.08001,4.774323,4.841515,4.750983,4.517046,4.106025,3.89179,3.7825,3.678067,3.539711,3.427425,3.317402,3.207724,3.101575,3.384754,2.898137
El Salvador,SLV,Credit card (% age 15+),GFDD.AI.20,..,..,..,..,..,..,..,..,..,..,..,..,..,..,..,..,..,..,..,..,..,..,..,..,..,..,..,..,..,..,..,..,..,..,..,..,..,..,..,..,..,..,..,..,..,..,..,..,..,..,..,5.325394,..,..,7.996224,..,..,5.656265,..,..,..,3.644393
El Salvador,SLV,Credit to government and state-owned enterprises to GDP (%),GFDD.EI.08,..,..,..,..,..,..,..,..,..,..,..,..,..,..,..,..,..,..,..,..,0.3757177,1.794367,1.498004,1.949607,2.509228,3.251264,2.29766,2.525489,2.184311,3.005799,1.471635,1.826625,1.434283,1.742293,2.048349,1.759725,1.777567,1.428182,0.8517967,1.248981,3.095659,4.982092,3.412924,3.713057,4.482401,3.914075,2.654121,3.000758,2.608991,3.874863,3.407336,3.371002,3.588126,3.085824,2.442749,4.352713,3.974011,3.250708,3.827833,4.38544,8.919997,..
El Salvador,SLV,Credit flows by fintech and bigtech companies to GDP (%),GFDD.DM.16,..,..,..,..,..,..,..,..,..,..,..,..,..,..,..,..,..,..,..,..,..,..,..,..,..,..,..,..,..,..,..,..,..,..,..,..,..,..,..,..,..,..,..,..,..,..,..,..,..,..,..,..,..,0,0,0,0,0,0,0,..,..
El Salvador,SLV,Deposit money bank assets to deposit money bank assets and central bank assets (%),GFDD.DI.04,..,..,..,..,..,84.68623,82.68533,82.25209,78.48083,75.81672,78.45055,76.33134,75.99204,80.62731,74.14358,70.68314,72.42979,71.84273,73.57048,67.9128,51.45633,47.33385,57.45514,60.92796,57.67678,62.43545,67.90018,68.41535,69.23011,65.46869,57.77352,56.98494,62.43888,67.1265,78.64441,83.02976,85.65131,87.68292,89.26587,89.76514,90.18148,88.54494,88.2576,89.20467,89.71687,90.50436,91.11142,91.82865,91.56583,91.76393,91.75433,92.1404,92.46375,92.89809,93.10545,93.63903,93.8947,94.11417,94.47746,94.81264,95.21053,95.55676
El Salvador,SLV,Insurance company assets to GDP (%),GFDD.DI.11,..,..,..,..,..,..,..,..,..,..,..,..,..,..,..,..,..,..,..,..,..,..,..,..,..,..,..,..,..,..,..,..,..,..,..,..,..,..,..,..,..,..,2.5189135,2.6221481,2.5465385,2.6212403,2.382205,2.6052846,2.8921733,3.2212419,3.3896378,3.0985947,3.1021617,3.293876,3.430728,3.5865512,3.3777965,3.4243179,3.4306856,3.4649658,3.9420035,..
El Salvador,SLV,Gross portfolio debt assets to GDP (%),GFDD.DM.11,..,..,..,..,..,..,..,..,..,..,..,..,..,..,..,..,..,..,..,..,..,..,..,..,..,..,..,..,..,..,..,..,..,..,..,..,..,..,..,0.0186248,0.0933347,1.096924,2.65086,4.524123,5.911273,4.610394,3.843233,4.029359,2.703498,0.6449522,1.276782,0.6574052,0.5803022,0.4664987,3.569898,3.421468,2.79966,2.802614,2.706675,3.199654,5.753482,..
El Salvador,SLV,Liquid liabilities to GDP (%),GFDD.DI.05,..,..,..,..,..,19.98587,20.59213,20.03196,20.18262,21.41643,21.02425,22.19641,25.5468,26.55666,26.80289,28.71876,30.41507,27.24426,28.66226,28.24405,28.68784,32.98208,35.60496,38.26318,42.40454,52.75383,33.09044,33.369,35.36617,38.40982,28.75414,31.34811,32.72213,38.00705,46.43381,44.74296,47.38897,49.13377,50.04366,52.77175,51.31958,51.78255,50.25628,48.68801,48.39768,46.72637,47.26361,52.13707,49.29904,51.1842,51.24882,46.24878,45.17608,45.1482,43.82914,45.17957,45.33421,48.55053,49.22879,53.00062,63.38292,56.48178
Equatorial Guinea,GNQ,Account at a formal financial institution (% age 15+),GFDD.AI.05,..,..,..,..,..,..,..,..,..,..,..,..,..,..,..,..,..,..,..,..,..,..,..,..,..,..,..,..,..,..,..,..,..,..,..,..,..,..,..,..,..,..,..,..,..,..,..,..,..,..,..,..,..,..,..,..,..,..,..,..,..,..
Equatorial Guinea,GNQ,"Bank accounts per 1,000 adults",GFDD.AI.01,..,..,..,..,..,..,..,..,..,..,..,..,..,..,..,..,..,..,..,..,..,..,..,..,..,..,..,..,..,..,..,..,..,..,..,..,..,..,..,..,..,..,..,..,..,..,..,..,..,..,..,..,..,172.31543,189.45031,200.36327,270.87636,280.0707,292.76219,307.39752,294.94305,..
Equatorial Guinea,GNQ,Bank deposits to GDP (%),GFDD.OI.02,..,..,..,..,..,..,..,..,..,..,..,..,..,..,..,..,..,..,..,..,..,..,..,..,..,13.3763,11.56448,9.791883,12.14932,10.98461,9.470563,7.073145,7.648106,5.269487,7.130794,6.750852,6.732426,4.435681,6.884242,6.041236,4.392487,4.322588,5.743925,8.2628,6.924821,5.105043,4.732649,5.877133,5.592354,7.993185,10.72535,8.669295,10.38322,11.62827,9.400925,12.51694,11.56839,10.23848,9.932877,9.662605,..,..
Equatorial Guinea,GNQ,Central bank assets to GDP (%),GFDD.DI.06,..,..,..,..,..,..,..,..,..,..,..,..,..,..,..,..,..,..,..,..,..,..,..,..,..,29.83839,24.70011,20.13421,20.23105,15.08297,10.10676,29.62219,27.24375,31.61692,31.87506,24.60247,14.57319,6.143023,6.416452,5.464909,1.912112,0.3642148,0.1981293,0.0996444,0.0339035,0.00616,..,..,0.0051107,0.0093152,0.0113475,0.0128385,0.0171384,0.0228403,3.462766,6.670442,9.325769,8.648127,8.417307,9.501668,..,..
Equatorial Guinea,GNQ,Credit card (% age 15+),GFDD.AI.20,..,..,..,..,..,..,..,..,..,..,..,..,..,..,..,..,..,..,..,..,..,..,..,..,..,..,..,..,..,..,..,..,..,..,..,..,..,..,..,..,..,..,..,..,..,..,..,..,..,..,..,..,..,..,..,..,..,..,..,..,..,..
Equatorial Guinea,GNQ,Credit to government and state-owned enterprises to GDP (%),GFDD.EI.08,..,..,..,..,..,..,..,..,..,..,..,..,..,..,..,..,..,..,..,..,..,..,..,..,..,..,..,..,2.265359,3.257947,3.909459,3.018122,7.213315,1.070486,1.431548,1.144642,1.036827,0.7895249,0.6384612,0.1087169,0.229568,0.0572602,0.3892823,0.1347457,0.2084971,0.1150898,0.1644437,0.1674105,0.2787732,0.3350517,0.3267597,0.3141401,0.1227942,0.1271802,0.1672397,0.3015232,0.5070583,0.4959247,0.5962554,1.184646,..,..
Equatorial Guinea,GNQ,Credit flows by fintech and bigtech companies to GDP (%),GFDD.DM.16,..,..,..,..,..,..,..,..,..,..,..,..,..,..,..,..,..,..,..,..,..,..,..,..,..,..,..,..,..,..,..,..,..,..,..,..,..,..,..,..,..,..,..,..,..,..,..,..,..,..,..,..,..,..,..,..,..,..,..,..,..,..
Equatorial Guinea,GNQ,Deposit money bank assets to deposit money bank assets and central bank assets (%),GFDD.DI.04,..,..,..,..,..,..,..,..,..,..,..,..,..,..,..,..,..,..,..,..,..,..,..,..,..,43.9443,56.1323,57.09328,57.45189,67.63943,75.05939,58.53615,52.23249,16.91678,15.21718,20.01837,30.65504,47.65504,52.94749,51.03327,67.02788,90.50597,95.90016,97.39037,98.86195,99.72649,..,..,99.88329,99.84489,99.8379,99.82455,99.65427,99.67334,70.44064,65.72521,62.29368,62.74888,63.6901,63.24781,..,..
Equatorial Guinea,GNQ,Insurance company assets to GDP (%),GFDD.DI.11,..,..,..,..,..,..,..,..,..,..,..,..,..,..,..,..,..,..,..,..,..,..,..,..,..,..,..,..,..,..,..,..,..,..,..,..,..,..,..,..,..,..,..,..,..,..,..,..,..,0.18784713,0.21488207,..,..,..,..,..,..,..,..,..,..,..
Equatorial Guinea,GNQ,Gross portfolio debt assets to GDP (%),GFDD.DM.11,..,..,..,..,..,..,..,..,..,..,..,..,..,..,..,..,..,..,..,..,..,..,..,..,..,..,..,..,..,..,..,..,..,..,..,..,..,..,..,..,..,..,..,..,..,..,..,..,..,..,..,..,..,..,..,..,..,..,..,..,..,..
Equatorial Guinea,GNQ,Liquid liabilities to GDP (%),GFDD.DI.05,..,..,..,..,..,..,..,..,..,..,..,..,..,..,..,..,..,..,..,..,..,..,..,..,..,32.14898,39.81432,33.62819,18.70821,27.99601,12.3992,10.66565,12.19153,8.410413,13.86672,16.32633,13.88027,6.988173,9.533681,9.194562,6.432835,6.043296,7.868236,10.74983,8.891184,6.438123,6.039362,7.18162,6.618902,9.799519,12.82288,10.9127,12.67801,14.20054,12.05343,15.44997,14.2751,12.72682,12.30639,12.41293,..,..
Eritrea,ERI,Account at a formal financial institution (% age 15+),GFDD.AI.05,..,..,..,..,..,..,..,..,..,..,..,..,..,..,..,..,..,..,..,..,..,..,..,..,..,..,..,..,..,..,..,..,..,..,..,..,..,..,..,..,..,..,..,..,..,..,..,..,..,..,..,..,..,..,..,..,..,..,..,..,..,..
Eritrea,ERI,"Bank accounts per 1,000 adults",GFDD.AI.01,..,..,..,..,..,..,..,..,..,..,..,..,..,..,..,..,..,..,..,..,..,..,..,..,..,..,..,..,..,..,..,..,..,..,..,..,..,..,..,..,..,..,..,..,..,..,..,..,..,..,..,..,..,..,..,..,..,..,..,..,..,..
Eritrea,ERI,Bank deposits to GDP (%),GFDD.OI.02,..,..,..,..,..,..,..,..,..,..,..,..,..,..,..,..,..,..,..,..,..,..,..,..,..,..,..,..,..,..,..,..,..,..,..,..,..,..,..,..,..,..,..,..,..,..,..,..,..,..,..,..,..,..,..,..,..,..,..,..,..,..
Eritrea,ERI,Central bank assets to GDP (%),GFDD.DI.06,..,..,..,..,..,..,..,..,..,..,..,..,..,..,..,..,..,..,..,..,..,..,..,..,..,..,..,..,..,..,..,..,..,..,..,34.4861,51.03313,50.99231,40.40952,77.64714,82.02478,63.23688,71.96465,81.09136,66.99564,69.47184,63.68563,64.25662,83.58585,73.94317,74.35104,60.64137,66.575,99.72994,88.40185,..,..,..,..,..,..,..
Eritrea,ERI,Credit card (% age 15+),GFDD.AI.20,..,..,..,..,..,..,..,..,..,..,..,..,..,..,..,..,..,..,..,..,..,..,..,..,..,..,..,..,..,..,..,..,..,..,..,..,..,..,..,..,..,..,..,..,..,..,..,..,..,..,..,..,..,..,..,..,..,..,..,..,..,..
Eritrea,ERI,Credit to government and state-owned enterprises to GDP (%),GFDD.EI.08,..,..,..,..,..,..,..,..,..,..,..,..,..,..,..,..,..,..,..,..,..,..,..,..,..,..,..,..,..,..,..,..,..,..,..,15.10514,12.46667,12.58635,54.81342,..,..,..,..,65.33466,66.75675,73.0812,74.99862,..,..,..,69.19858,62.68372,59.20139,74.56719,56.68748,..,..,..,..,..,..,..
Eritrea,ERI,Credit flows by fintech and bigtech companies to GDP (%),GFDD.DM.16,..,..,..,..,..,..,..,..,..,..,..,..,..,..,..,..,..,..,..,..,..,..,..,..,..,..,..,..,..,..,..,..,..,..,..,..,..,..,..,..,..,..,..,..,..,..,..,..,..,..,..,..,..,..,..,..,..,..,..,..,..,..
Eritrea,ERI,Deposit money bank assets to deposit money bank assets and central bank assets (%),GFDD.DI.04,..,..,..,..,..,..,..,..,..,..,..,..,..,..,..,..,..,..,..,..,..,..,..,..,..,..,..,..,..,..,..,..,..,..,..,50.02109,50.62204,50.58108,72.86257,59.35418,61.39841,65.76077,61.70948,55.48497,59.82698,60.57708,62.78378,61.80173,60.63626,57.1293,54.3456,56.85471,53.97248,49.51974,45.97987,..,..,..,..,..,..,..
Eritrea,ERI,Insurance company assets to GDP (%),GFDD.DI.11,..,..,..,..,..,..,..,..,..,..,..,..,..,..,..,..,..,..,..,..,..,..,..,..,..,..,..,..,..,..,..,..,..,..,..,..,..,..,..,..,..,..,..,..,..,..,..,..,..,..,..,..,..,..,..,..,..,..,..,..,..,..
Eritrea,ERI,Gross portfolio debt assets to GDP (%),GFDD.DM.11,..,..,..,..,..,..,..,..,..,..,..,..,..,..,..,..,..,..,..,..,..,..,..,..,..,..,..,..,..,..,..,..,..,..,..,..,..,..,..,..,..,..,..,..,..,..,..,..,..,..,..,..,..,..,..,..,..,..,..,..,..,..
Eritrea,ERI,Liquid liabilities to GDP (%),GFDD.DI.05,..,..,..,..,..,..,..,..,..,..,..,..,..,..,..,..,..,..,..,..,..,..,..,..,..,..,..,..,..,..,..,..,..,..,..,105.4556,105.777,120.5745,130.4143,163.4104,182.3722,192.906,194.7158,188.8325,166.5884,166.9992,160.1134,164.9601,211.3066,173.9998,164.0688,144.7623,151.6589,203.4175,172.6781,..,..,..,..,..,..,..
Estonia,EST,Account at a formal financial institution (% age 15+),GFDD.AI.05,..,..,..,..,..,..,..,..,..,..,..,..,..,..,..,..,..,..,..,..,..,..,..,..,..,..,..,..,..,..,..,..,..,..,..,..,..,..,..,..,..,..,..,..,..,..,..,..,..,..,..,96.82428,..,..,97.67167,..,..,97.99397,..,..,..,99.37657
Estonia,EST,"Bank accounts per 1,000 adults",GFDD.AI.01,..,..,..,..,..,..,..,..,..,..,..,..,..,..,..,..,..,..,..,..,..,..,..,..,..,..,..,..,..,..,..,..,..,..,..,..,..,..,..,..,..,..,..,..,..,..,..,..,1698.6589,2094.5356,2005.8806,2059.9465,2147.5934,2240.3572,2314.6971,2092.3582,2158.1876,2168.4956,2140.6768,2008.198,2050.7145,..
Estonia,EST,Bank deposits to GDP (%),GFDD.OI.02,..,..,..,..,..,..,..,..,..,..,..,..,..,..,..,..,..,..,..,..,..,..,..,..,..,..,..,..,..,..,..,..,..,..,..,15.66987,18.37557,22.1165,21.03313,24.37936,27.70078,30.93833,31.31229,31.50162,32.79472,41.55689,44.83294,42.95742,45.4024,54.50806,55.16548,52.76647,52.57112,53.27119,54.94252,59.54042,62.07493,59.5881,60.65999,60.56117,73.46507,74.5138
Estonia,EST,Central bank assets to GDP (%),GFDD.DI.06,..,..,..,..,..,..,..,..,..,..,..,..,..,..,..,..,..,..,..,..,..,..,..,..,..,..,..,..,..,..,..,..,..,..,..,0.0408264,0.340303,0.211764,0.075863,0.0826322,0.0757671,0.0696797,0.0646468,0.0554139,0.0348761,0.0255658,0.0193088,0.0172547,0.0180526,0.0283048,0.0339188,0.029981,0.0334883,0.0317279,0.0299278,0.2617375,0.3264681,0.2937028,0.0154933,0.0144236,0.7154963,0.7240683
Estonia,EST,Credit card (% age 15+),GFDD.AI.20,..,..,..,..,..,..,..,..,..,..,..,..,..,..,..,..,..,..,..,..,..,..,..,..,..,..,..,..,..,..,..,..,..,..,..,..,..,..,..,..,..,..,..,..,..,..,..,..,..,..,..,30.22072,..,..,31.33813,..,..,29.35231,..,..,..,34.86154
Estonia,EST,Credit to government and state-owned enterprises to GDP (%),GFDD.EI.08,..,..,..,..,..,..,..,..,..,..,..,..,..,..,..,..,..,..,..,..,..,..,..,..,..,..,..,..,..,..,..,..,..,19.48858,19.51571,22.69015,21.03009,24.23644,18.72597,21.677,20.54928,24.93711,31.18226,32.59241,1.867049,1.628984,1.334667,1.260202,2.070036,2.766799,3.425795,3.034072,3.164648,3.183369,3.112495,2.917888,2.740493,2.622347,2.486668,1.817376,4.143916,..
Estonia,EST,Credit flows by fintech and bigtech companies to GDP (%),GFDD.DM.16,..,..,..,..,..,..,..,..,..,..,..,..,..,..,..,..,..,..,..,..,..,..,..,..,..,..,..,..,..,..,..,..,..,..,..,..,..,..,..,..,..,..,..,..,..,..,..,..,..,..,..,..,..,0,0,0,0,0,0,0,..,..
Estonia,EST,Deposit money bank assets to deposit money bank assets and central bank assets (%),GFDD.DI.04,..,..,..,..,..,..,..,..,..,..,..,..,..,..,..,..,..,..,..,..,..,..,..,..,..,..,..,..,..,..,..,..,..,..,..,99.76174,98.53765,99.35863,99.76814,99.74956,99.79737,99.82809,99.86079,99.89462,99.9173,99.95609,99.97511,99.9797,99.98032,99.97282,99.96475,99.96301,99.95599,99.95634,99.95747,99.6359,99.54995,99.56003,99.97605,99.97659,98.97337,98.88504
Estonia,EST,Insurance company assets to GDP (%),GFDD.DI.11,..,..,..,..,..,..,..,..,..,..,..,..,..,..,..,..,..,..,..,..,..,..,..,..,..,..,..,..,..,..,..,..,..,..,..,..,..,..,..,..,1.8957668,2.0609502,2.2754641,2.6645546,3.1654441,3.6188861,4.1292866,4.6551092,4.457258,8.0563377,9.1333738,8.0015502,7.9351357,7.6768732,7.7443209,8.1439997,8.3525267,7.4793521,7.3488412,7.2009918,6.6622545,..
Estonia,EST,Gross portfolio debt assets to GDP (%),GFDD.DM.11,..,..,..,..,..,..,..,..,..,..,..,..,..,..,..,..,..,..,..,..,..,..,..,..,..,..,..,..,..,..,..,..,..,..,..,..,..,..,..,79.49844,67.47024,59.94127,167.1854,214.3244,219.8452,215.4143,278.8698,242.3681,169.7736,289.5599,273.3636,14.35449,15.8139,17.03396,16.21102,18.25119,26.25083,38.15669,34.90597,34.69384,53.26924,..
Estonia,EST,Liquid liabilities to GDP (%),GFDD.DI.05,..,..,..,..,..,..,..,..,..,..,..,..,..,..,..,..,..,..,..,..,..,..,..,..,..,..,..,..,..,..,..,..,..,..,..,..,..,..,..,..,..,..,..,..,37.80542,46.44067,49.5255,46.71419,49.037,57.90464,56.88177,66.29388,65.58134,66.03639,69.08841,74.29951,76.43493,73.60612,74.61168,75.98003,92.66795,96.01408
Eswatini,SWZ,Account at a formal financial institution (% age 15+),GFDD.AI.05,..,..,..,..,..,..,..,..,..,..,..,..,..,..,..,..,..,..,..,..,..,..,..,..,..,..,..,..,..,..,..,..,..,..,..,..,..,..,..,..,..,..,..,..,..,..,..,..,..,..,..,..,..,..,..,..,..,..,..,..,..,..
Eswatini,SWZ,"Bank accounts per 1,000 adults",GFDD.AI.01,..,..,..,..,..,..,..,..,..,..,..,..,..,..,..,..,..,..,..,..,..,..,..,..,..,..,..,..,..,..,..,..,..,..,..,..,..,..,..,..,..,..,..,..,361.11881,380.53806,396.86869,400.37161,473.46981,515.90553,513.8067,525.38232,572.80329,507.97146,553.03906,584.67163,556.74245,611.92461,472.41372,174.56268,179.48647,..
Eswatini,SWZ,Bank deposits to GDP (%),GFDD.OI.02,..,..,..,..,..,..,..,..,..,..,21.4819,24.78176,23.91046,22.09026,20.77617,26.4137,29.73924,28.74433,35.47704,30.92476,28.40492,24.81294,24.29536,28.72782,28.7719,27.83689,28.1939,28.20121,27.31075,31.02155,19.91605,21.84635,23.38636,21.34211,21.3315,17.75712,18.62524,19.19423,20.29189,21.55266,16.00966,15.47597,16.99194,16.29396,16.75182,17.31724,17.25841,18.94501,21.05815,24.00441,25.23491,23.06672,22.83116,24.26123,22.89828,23.59529,27.51932,27.26587,28.61394,26.65489,29.74851,28.01287
Eswatini,SWZ,Central bank assets to GDP (%),GFDD.DI.06,..,..,..,..,..,..,..,..,..,..,..,..,..,..,0.3385301,0.4287055,0.4556962,0.3940999,3.752194,0.5018737,0.4877875,0.6658016,0.7368512,0.6636496,0.5717614,0.8989409,1.740816,0.3638275,0.2963198,0.2993763,0.2432672,0.2896204,0.2627892,0.1999123,1.004558,0.5379091,0.2043175,0.1650327,0.1411398,0.1610164,0.1405159,0.114931,0.5067984,0.5790311,0.6448399,0.5883979,0.3190445,0.0839673,0.0359213,0.0392753,0.0702651,2.18258,0.191823,0.1748554,0.0408431,0.0482286,2.016202,2.27403,3.357262,4.664649,4.570798,4.54013
Eswatini,SWZ,Credit card (% age 15+),GFDD.AI.20,..,..,..,..,..,..,..,..,..,..,..,..,..,..,..,..,..,..,..,..,..,..,..,..,..,..,..,..,..,..,..,..,..,..,..,..,..,..,..,..,..,..,..,..,..,..,..,..,..,..,..,..,..,..,..,..,..,..,..,..,..,..
Eswatini,SWZ,Credit to government and state-owned enterprises to GDP (%),GFDD.EI.08,..,..,..,..,..,..,..,..,..,..,..,..,..,..,..,..,..,..,..,..,0.9476203,1.181473,1.44612,2.305318,0.9758739,1.453707,2.44334,0.4624569,0.7150575,0.5334281,..,..,..,0.6764458,0.754024,0.8079509,0.9919245,0.6595114,0.6048912,0.5309089,0.4931822,1.119363,2.226336,2.503465,2.272295,1.904732,1.863577,1.56829,1.405136,1.466727,2.380154,3.481865,3.621912,4.319997,3.788621,3.932364,4.582981,5.367548,5.317522,5.210651,7.379725,..
Eswatini,SWZ,Credit flows by fintech and bigtech companies to GDP (%),GFDD.DM.16,..,..,..,..,..,..,..,..,..,..,..,..,..,..,..,..,..,..,..,..,..,..,..,..,..,..,..,..,..,..,..,..,..,..,..,..,..,..,..,..,..,..,..,..,..,..,..,..,..,..,..,..,..,0,0,0,0,0,0,0,..,..
Eswatini,SWZ,Deposit money bank assets to deposit money bank assets and central bank assets (%),GFDD.DI.04,..,..,..,..,..,..,..,..,..,..,..,..,..,..,98.39612,98.40861,97.8438,97.97347,88.35413,98.13666,98.00433,97.6057,97.14924,97.45957,97.45402,95.77684,91.25005,97.96321,98.31565,98.44127,98.51672,98.60717,98.59065,98.86041,94.89297,96.68035,98.66454,98.87482,98.99516,98.81853,98.81927,98.82436,96.37443,96.38462,96.53757,97.23267,98.39905,99.60122,99.83253,99.81955,99.68272,92.22637,99.19042,99.33746,99.83486,99.7952,92.56988,91.80915,88.81926,84.50414,85.72806,85.6851
Eswatini,SWZ,Insurance company assets to GDP (%),GFDD.DI.11,..,..,..,..,..,..,..,..,..,..,..,..,..,..,..,..,..,..,..,..,..,..,..,..,..,..,..,..,..,..,..,..,..,..,..,..,..,..,..,..,..,..,..,..,..,..,..,..,..,..,..,..,..,..,..,..,..,..,..,..,..,..
Eswatini,SWZ,Gross portfolio debt assets to GDP (%),GFDD.DM.11,..,..,..,..,..,..,..,..,..,..,..,..,..,..,..,..,..,..,..,..,..,..,..,..,..,..,..,..,..,..,..,..,..,..,..,..,..,..,..,0.5819149,0.5229057,0.6105264,0.5913581,0.5164386,0.5290457,0.2924474,0.5409651,0.395054,0.2670754,19.98255,4.077984,7.254986,7.773761,5.244142,5.016467,4.026741,5.193428,5.489738,4.492614,4.899898,2.856902,..
Eswatini,SWZ,Liquid liabilities to GDP (%),GFDD.DI.05,..,..,..,..,..,..,..,..,..,..,..,..,..,..,22.63419,28.84662,32.53376,33.84418,38.68332,33.90141,31.67515,28.21262,27.64845,32.02554,32.71679,36.54356,31.75485,31.2578,32.41747,35.06488,22.35534,24.25378,25.61454,24.03333,23.44943,19.91804,20.72218,21.55404,22.07631,23.53122,17.86996,16.9151,18.61767,18.0782,18.11231,18.65444,18.32277,19.88594,22.07972,25.07471,26.36947,25.1552,24.84779,26.30858,24.02892,24.65326,29.22679,28.74934,29.79191,27.77357,31.10539,29.10839
Ethiopia,ETH,Account at a formal financial institution (% age 15+),GFDD.AI.05,..,..,..,..,..,..,..,..,..,..,..,..,..,..,..,..,..,..,..,..,..,..,..,..,..,..,..,..,..,..,..,..,..,..,..,..,..,..,..,..,..,..,..,..,..,..,..,..,..,..,..,..,..,..,21.79158,..,..,34.82757,..,..,..,..
Ethiopia,ETH,"Bank accounts per 1,000 adults",GFDD.AI.01,..,..,..,..,..,..,..,..,..,..,..,..,..,..,..,..,..,..,..,..,..,..,..,..,..,..,..,..,..,..,..,..,..,..,..,..,..,..,..,..,..,..,..,..,..,..,66.654219,75.200898,78.278897,91.078746,103.45328,111.17705,136.6832,..,..,..,..,..,..,..,..,..
Ethiopia,ETH,Bank deposits to GDP (%),GFDD.OI.02,..,1.123823,1.290102,2.397985,2.852992,2.860067,3.218001,3.410808,3.636209,3.916344,3.9449,4.101566,4.879878,6.419229,6.025973,5.5861,7.669624,7.187895,7.39853,7.624578,..,9.227472,9.649202,10.30513,12.56475,12.93644,13.57235,13.35951,14.20867,15.30387,16.20036,15.42078,16.52676,14.93302,18.57152,17.23779,18.20318,23.66504,26.12408,27.00324,27.28771,29.83568,35.14944,36.13599,36.39396,35.21286,34.15053,31.80042,27.36531,..,..,..,..,..,..,..,..,..,..,..,..,..
Ethiopia,ETH,Central bank assets to GDP (%),GFDD.DI.06,..,2.382413,2.292783,2.186644,1.984938,1.783276,1.936947,2.111585,2.064213,2.064199,1.850999,1.877794,2.006025,1.645039,1.268162,3.085985,5.029033,5.438366,6.343497,6.96246,..,7.039608,8.274137,9.060635,11.49139,8.848995,10.16495,9.579554,11.29972,12.33578,14.35524,16.94065,19.46525,21.85464,21.07386,17.073,14.24701,15.31686,17.1329,17.80954,21.05967,18.59641,22.91581,21.54708,26.48738,26.705,21.61038,18.78969,17.47058,..,..,..,..,..,..,..,..,..,..,..,..,..
Ethiopia,ETH,Credit card (% age 15+),GFDD.AI.20,..,..,..,..,..,..,..,..,..,..,..,..,..,..,..,..,..,..,..,..,..,..,..,..,..,..,..,..,..,..,..,..,..,..,..,..,..,..,..,..,..,..,..,..,..,..,..,..,..,..,..,..,..,..,0.3755225,..,..,0.2909006,..,..,..,..
Ethiopia,ETH,Credit to government and state-owned enterprises to GDP (%),GFDD.EI.08,..,..,..,..,..,..,..,..,..,..,..,..,..,..,..,..,..,..,..,..,5.249784,5.916604,6.302302,8.259918,8.418371,9.549269,9.562842,9.691356,10.20541,11.1165,13.13519,11.80256,11.31578,10.58973,10.24711,8.88116,7.888466,6.826403,7.621179,10.08696,9.432327,12.1821,14.74584,15.97689,9.898116,9.888489,11.07959,11.28342,5.950608,..,..,..,..,..,..,..,..,..,..,..,..,..
Ethiopia,ETH,Credit flows by fintech and bigtech companies to GDP (%),GFDD.DM.16,..,..,..,..,..,..,..,..,..,..,..,..,..,..,..,..,..,..,..,..,..,..,..,..,..,..,..,..,..,..,..,..,..,..,..,..,..,..,..,..,..,..,..,..,..,..,..,..,..,..,..,..,..,..,..,..,..,..,..,..,..,..
Ethiopia,ETH,Deposit money bank assets to deposit money bank assets and central bank assets (%),GFDD.DI.04,..,15.75121,15.86151,54.91803,60.11451,62.09373,63.79109,61.60557,64.59653,67.57182,73.19134,73.09383,72.79345,77.68336,82.52229,63.32005,50.44031,52.11286,52.86755,52.56401,..,54.85649,51.93917,54.20422,48.59369,57.10795,53.57984,56.40189,52.04689,51.57578,51.44486,44.68249,41.53582,39.93882,42.4778,49.77549,58.52066,58.31049,58.38883,62.60867,56.6607,62.11837,59.24041,61.25602,50.39177,52.28694,59.75595,61.75084,57.8855,..,..,..,..,..,..,..,..,..,..,..,..,..
Ethiopia,ETH,Insurance company assets to GDP (%),GFDD.DI.11,..,..,..,..,..,..,..,..,..,..,..,..,..,..,..,..,..,..,..,..,..,..,..,..,..,..,..,..,..,..,..,..,..,..,..,..,..,..,..,..,..,..,..,..,..,..,0.98756813,0.88028012,0.91969581,0.79718854,0.83457095,0.77859778,0.74680879,0.78463315,0.76804158,0.74378169,0.74535584,0.74018462,..,..,..,..
Ethiopia,ETH,Gross portfolio debt assets to GDP (%),GFDD.DM.11,..,..,..,..,..,..,..,..,..,..,..,..,..,..,..,..,..,..,..,..,..,..,..,..,..,..,..,..,..,..,..,..,..,..,..,..,..,..,..,..,..,..,..,..,..,..,..,..,..,..,..,..,..,..,..,..,..,..,..,..,..,..
Ethiopia,ETH,Liquid liabilities to GDP (%),GFDD.DI.05,..,5.984586,6.393465,6.419735,7.309889,7.478666,7.691912,7.32051,7.649876,8.375775,8.088834,7.781019,9.088464,11.12067,11.68343,13.01215,13.42038,13.80532,14.87887,15.46666,..,16.91345,18.07778,18.34718,21.36426,21.38847,22.63957,22.48363,24.44408,26.44414,29.80062,30.99511,33.21855,28.01984,32.76006,29.27015,28.25446,33.16003,34.85739,36.73047,36.262,38.81366,45.92443,46.62012,46.88916,45.1911,43.68571,40.44942,34.571,..,..,..,..,..,..,..,..,..,..,..,..,..
Europe & Central Asia (IDA total),DEC,Account at a formal financial institution (% age 15+),GFDD.AI.05,..,..,..,..,..,..,..,..,..,..,..,..,..,..,..,..,..,..,..,..,..,..,..,..,..,..,..,..,..,..,..,..,..,..,..,..,..,..,..,..,..,..,..,..,..,..,..,..,..,..,..,..,..,..,..,..,..,..,..,..,..,..
Europe & Central Asia (IDA total),DEC,"Bank accounts per 1,000 adults",GFDD.AI.01,..,..,..,..,..,..,..,..,..,..,..,..,..,..,..,..,..,..,..,..,..,..,..,..,..,..,..,..,..,..,..,..,..,..,..,..,..,..,..,..,..,..,..,..,..,..,..,..,..,..,..,..,..,..,..,..,..,..,..,..,..,..
Europe & Central Asia (IDA total),DEC,Bank deposits to GDP (%),GFDD.OI.02,..,..,..,..,..,..,..,..,..,..,..,..,..,..,..,..,..,..,..,..,..,..,..,..,..,..,..,..,..,..,..,..,..,..,..,..,..,..,..,..,..,..,..,..,..,..,..,..,..,..,..,..,..,..,..,..,..,..,..,..,..,..
Europe & Central Asia (IDA total),DEC,Central bank assets to GDP (%),GFDD.DI.06,..,..,..,..,..,..,..,..,..,..,..,..,..,..,..,..,..,..,..,..,..,..,..,..,..,..,..,..,..,..,..,..,..,..,..,..,..,..,..,..,..,..,..,..,..,..,..,..,..,..,..,..,..,..,..,..,..,..,..,..,..,..
Europe & Central Asia (IDA total),DEC,Credit card (% age 15+),GFDD.AI.20,..,..,..,..,..,..,..,..,..,..,..,..,..,..,..,..,..,..,..,..,..,..,..,..,..,..,..,..,..,..,..,..,..,..,..,..,..,..,..,..,..,..,..,..,..,..,..,..,..,..,..,..,..,..,..,..,..,..,..,..,..,..
Europe & Central Asia (IDA total),DEC,Credit to government and state-owned enterprises to GDP (%),GFDD.EI.08,..,..,..,..,..,..,..,..,..,..,..,..,..,..,..,..,..,..,..,..,..,..,..,..,..,..,..,..,..,..,..,..,..,..,..,..,..,..,..,..,..,..,..,..,..,..,..,..,..,..,..,..,..,..,..,..,..,..,..,..,..,..
Europe & Central Asia (IDA total),DEC,Credit flows by fintech and bigtech companies to GDP (%),GFDD.DM.16,..,..,..,..,..,..,..,..,..,..,..,..,..,..,..,..,..,..,..,..,..,..,..,..,..,..,..,..,..,..,..,..,..,..,..,..,..,..,..,..,..,..,..,..,..,..,..,..,..,..,..,..,..,..,..,..,..,..,..,..,..,..
Europe & Central Asia (IDA total),DEC,Deposit money bank assets to deposit money bank assets and central bank assets (%),GFDD.DI.04,..,..,..,..,..,..,..,..,..,..,..,..,..,..,..,..,..,..,..,..,..,..,..,..,..,..,..,..,..,..,..,..,..,..,..,..,..,..,..,..,..,..,..,..,..,..,..,..,..,..,..,..,..,..,..,..,..,..,..,..,..,..
Europe & Central Asia (IDA total),DEC,Insurance company assets to GDP (%),GFDD.DI.11,..,..,..,..,..,..,..,..,..,..,..,..,..,..,..,..,..,..,..,..,..,..,..,..,..,..,..,..,..,..,..,..,..,..,..,..,..,..,..,..,..,..,..,..,..,..,..,..,..,..,..,..,..,..,..,..,..,..,..,..,..,..
Europe & Central Asia (IDA total),DEC,Gross portfolio debt assets to GDP (%),GFDD.DM.11,..,..,..,..,..,..,..,..,..,..,..,..,..,..,..,..,..,..,..,..,..,..,..,..,..,..,..,..,..,..,..,..,..,..,..,..,..,..,..,..,..,..,..,..,..,..,..,..,..,..,..,..,..,..,..,..,..,..,..,..,..,..
Europe & Central Asia (IDA total),DEC,Liquid liabilities to GDP (%),GFDD.DI.05,..,..,..,..,..,..,..,..,..,..,..,..,..,..,..,..,..,..,..,..,..,..,..,..,..,..,..,..,..,..,..,..,..,..,..,..,..,..,..,..,..,..,..,..,..,..,..,..,..,..,..,..,..,..,..,..,..,..,..,..,..,..
Faroe Islands,FRO,Account at a formal financial institution (% age 15+),GFDD.AI.05,..,..,..,..,..,..,..,..,..,..,..,..,..,..,..,..,..,..,..,..,..,..,..,..,..,..,..,..,..,..,..,..,..,..,..,..,..,..,..,..,..,..,..,..,..,..,..,..,..,..,..,..,..,..,..,..,..,..,..,..,..,..
Faroe Islands,FRO,"Bank accounts per 1,000 adults",GFDD.AI.01,..,..,..,..,..,..,..,..,..,..,..,..,..,..,..,..,..,..,..,..,..,..,..,..,..,..,..,..,..,..,..,..,..,..,..,..,..,..,..,..,..,..,..,..,..,..,..,..,..,..,..,..,..,..,..,..,..,..,..,..,..,..
Faroe Islands,FRO,Bank deposits to GDP (%),GFDD.OI.02,..,..,..,..,..,..,..,..,..,..,..,..,..,..,..,..,..,..,..,..,..,..,..,..,..,..,..,..,..,..,..,..,..,..,..,..,..,..,..,..,..,..,..,..,..,..,..,..,..,..,..,..,..,..,..,..,..,..,..,..,..,..
Faroe Islands,FRO,Central bank assets to GDP (%),GFDD.DI.06,..,..,..,..,..,..,..,..,..,..,..,..,..,..,..,..,..,..,..,..,..,..,..,..,..,..,..,..,..,..,..,..,..,..,..,..,..,..,..,..,..,..,..,..,..,..,..,..,..,..,..,..,..,..,..,..,..,..,..,..,..,..
Faroe Islands,FRO,Credit card (% age 15+),GFDD.AI.20,..,..,..,..,..,..,..,..,..,..,..,..,..,..,..,..,..,..,..,..,..,..,..,..,..,..,..,..,..,..,..,..,..,..,..,..,..,..,..,..,..,..,..,..,..,..,..,..,..,..,..,..,..,..,..,..,..,..,..,..,..,..
Faroe Islands,FRO,Credit to government and state-owned enterprises to GDP (%),GFDD.EI.08,..,..,..,..,..,..,..,..,..,..,..,..,..,..,..,..,..,..,..,..,..,..,..,..,..,..,..,..,..,..,..,..,..,..,..,..,..,..,..,..,..,..,..,..,..,..,..,..,..,..,..,..,..,..,..,..,..,..,..,..,..,..
Faroe Islands,FRO,Credit flows by fintech and bigtech companies to GDP (%),GFDD.DM.16,..,..,..,..,..,..,..,..,..,..,..,..,..,..,..,..,..,..,..,..,..,..,..,..,..,..,..,..,..,..,..,..,..,..,..,..,..,..,..,..,..,..,..,..,..,..,..,..,..,..,..,..,..,..,..,..,..,..,..,..,..,..
Faroe Islands,FRO,Deposit money bank assets to deposit money bank assets and central bank assets (%),GFDD.DI.04,..,..,..,..,..,..,..,..,..,..,..,..,..,..,..,..,..,..,..,..,..,..,..,..,..,..,..,..,..,..,..,..,..,..,..,..,..,..,..,..,..,..,..,..,..,..,..,..,..,..,..,..,..,..,..,..,..,..,..,..,..,..
Faroe Islands,FRO,Insurance company assets to GDP (%),GFDD.DI.11,..,..,..,..,..,..,..,..,..,..,..,..,..,..,..,..,..,..,..,..,..,..,..,..,..,..,..,..,..,..,..,..,..,..,..,..,..,..,..,..,..,..,..,..,..,..,..,..,..,..,..,..,..,..,..,..,..,..,..,..,..,..
Faroe Islands,FRO,Gross portfolio debt assets to GDP (%),GFDD.DM.11,..,..,..,..,..,..,..,..,..,..,..,..,..,..,..,..,..,..,..,..,..,..,..,..,..,..,..,..,..,..,..,..,..,..,..,..,..,..,..,..,..,..,..,..,..,..,..,..,..,..,..,..,..,..,..,..,..,..,..,..,..,..
Faroe Islands,FRO,Liquid liabilities to GDP (%),GFDD.DI.05,..,..,..,..,..,..,..,..,..,..,..,..,..,..,..,..,..,..,..,..,..,..,..,..,..,..,..,..,..,..,..,..,..,..,..,..,..,..,..,..,..,..,..,..,..,..,..,..,..,..,..,..,..,..,..,..,..,..,..,..,..,..
Fiji,FJI,Account at a formal financial institution (% age 15+),GFDD.AI.05,..,..,..,..,..,..,..,..,..,..,..,..,..,..,..,..,..,..,..,..,..,..,..,..,..,..,..,..,..,..,..,..,..,..,..,..,..,..,..,..,..,..,..,..,..,..,..,..,..,..,..,..,..,..,..,..,..,..,..,..,..,..
Fiji,FJI,"Bank accounts per 1,000 adults",GFDD.AI.01,..,..,..,..,..,..,..,..,..,..,..,..,..,..,..,..,..,..,..,..,..,..,..,..,..,..,..,..,..,..,..,..,..,..,..,..,..,..,..,..,..,..,..,..,..,..,..,..,..,..,..,..,..,..,..,..,..,..,..,..,..,..
Fiji,FJI,Bank deposits to GDP (%),GFDD.OI.02,..,19.60495,19.11988,23.04864,26.23022,23.16695,24.56474,23.92125,24.37174,26.34087,26.2487,28.41104,28.35936,25.28229,23.16622,22.56667,23.0292,25.21059,27.32541,27.60502,26.44688,28.19545,29.20568,32.44248,32.64856,32.25653,34.72717,36.18578,40.87289,39.90538,45.10879,50.46357,51.3275,49.72253,48.09794,48.59439,45.16996,40.23012,35.78883,34.78619,37.0103,33.6614,33.68535,39.51687,40.38875,43.85435,50.70422,55.35229,49.26743,52.58787,50.7137,58.21017,58.93444,66.90522,62.25871,66.4376,66.09325,66.93884,65.5748,65.95886,81.1143,92.86383
Fiji,FJI,Central bank assets to GDP (%),GFDD.DI.06,..,0.1485468,0.0901639,0.1731517,0.2473022,0.0796233,0.197995,0.3310398,1.028807,2.372881,1.802398,1.652194,1.385381,0.9009752,0.6284444,0.5414295,0.4976746,0.4428119,1.136001,2.326215,0.9114568,0.5214015,1.255344,1.723078,1.824277,0.8032513,0.143121,2.1954,0.0953011,0.5134242,0.0089899,0.0114104,0.004776,0.3510406,0.003741,0.0036089,..,..,..,1.327994,1.570725,1.76034,1.470443,2.07338,1.716835,2.819063,3.738833,3.306988,2.88193,4.038077,3.1753,2.57306,2.169369,1.685705,1.098118,0.9720847,0.8891754,0.7693194,0.7206346,0.9775681,3.837135,7.278335
Fiji,FJI,Credit card (% age 15+),GFDD.AI.20,..,..,..,..,..,..,..,..,..,..,..,..,..,..,..,..,..,..,..,..,..,..,..,..,..,..,..,..,..,..,..,..,..,..,..,..,..,..,..,..,..,..,..,..,..,..,..,..,..,..,..,..,..,..,..,..,..,..,..,..,..,..
Fiji,FJI,Credit to government and state-owned enterprises to GDP (%),GFDD.EI.08,..,..,..,..,..,..,..,..,..,..,..,..,..,..,..,..,..,..,..,..,7.244388,6.179418,8.807746,10.04742,7.592099,7.866325,9.118623,8.42629,9.698917,7.953885,6.867949,8.798712,9.118338,9.148521,8.419437,7.328169,7.518347,8.333905,7.957221,6.683974,6.549974,5.692834,5.627205,6.950058,6.421934,7.030283,6.449126,6.324922,5.739718,8.520065,6.541574,4.647558,4.012276,5.917017,7.007612,7.598757,5.762671,5.225816,5.396632,5.379088,8.862902,..
Fiji,FJI,Credit flows by fintech and bigtech companies to GDP (%),GFDD.DM.16,..,..,..,..,..,..,..,..,..,..,..,..,..,..,..,..,..,..,..,..,..,..,..,..,..,..,..,..,..,..,..,..,..,..,..,..,..,..,..,..,..,..,..,..,..,..,..,..,..,..,..,..,..,..,..,..,..,..,..,..,..,..
Fiji,FJI,Deposit money bank assets to deposit money bank assets and central bank assets (%),GFDD.DI.04,..,98.93829,99.26508,98.60523,98.10489,99.43787,98.68355,97.76747,93.93352,87.24481,90.45502,92.15479,93.93035,96.0813,97.22887,97.3165,97.8753,98.25095,95.85487,91.9837,96.66602,98.18885,96.09525,95.19691,94.77068,97.72388,99.58407,94.14335,99.73313,98.69346,99.97809,99.9763,99.98991,99.28242,99.99234,99.9924,..,..,..,96.11147,96.09252,95.26276,95.95359,94.80245,95.88711,94.201,93.3461,94.19461,95.05242,93.36885,94.37718,96.05135,96.6561,97.47121,98.32368,98.60656,98.77103,98.94625,99.03156,98.72116,95.96799,92.91687
Fiji,FJI,Insurance company assets to GDP (%),GFDD.DI.11,..,..,..,..,..,..,..,..,..,..,..,..,..,..,..,..,..,..,..,..,..,..,..,..,..,..,..,..,..,..,..,..,..,..,..,..,..,..,..,..,..,..,..,..,..,..,13.941282,15.18043,14.322015,16.4104,15.595707,15.421147,17.086983,17.008191,14.692129,14.776882,15.190096,14.980807,14.973207,15.791513,19.757234,..
Fiji,FJI,Gross portfolio debt assets to GDP (%),GFDD.DM.11,..,..,..,..,..,..,..,..,..,..,..,..,..,..,..,..,..,..,..,..,..,..,..,..,..,..,..,..,..,..,..,..,..,..,..,..,..,..,..,..,..,..,..,..,..,..,..,..,..,..,..,..,..,..,..,..,..,..,..,..,..,..
Fiji,FJI,Liquid liabilities to GDP (%),GFDD.DI.05,..,29.44349,28.27357,33.90953,37.38399,32.64555,33.94486,32.76682,32.32716,34.66792,34.02555,36.64606,36.34405,31.83298,33.19867,33.79018,30.95944,34.6943,35.00712,34.83055,33.87608,33.22812,34.01203,37.58606,37.43441,36.94903,39.05603,40.61596,45.1399,44.41236,49.4603,54.93448,55.80223,54.17891,52.42561,52.84665,49.44242,44.67106,40.82107,39.9484,41.99309,34.41516,33.34467,36.71787,40.8056,44.53071,49.35296,48.78448,46.3075,50.9866,48.85921,47.42681,46.97656,49.63305,46.39396,50.64286,52.38726,52.85963,52.83906,55.91058,71.98848,80.87631
Finland,FIN,Account at a formal financial institution (% age 15+),GFDD.AI.05,..,..,..,..,..,..,..,..,..,..,..,..,..,..,..,..,..,..,..,..,..,..,..,..,..,..,..,..,..,..,..,..,..,..,..,..,..,..,..,..,..,..,..,..,..,..,..,..,..,..,..,99.65125,..,..,100,..,..,99.78542,..,..,..,99.53019
Finland,FIN,"Bank accounts per 1,000 adults",GFDD.AI.01,..,..,..,..,..,..,..,..,..,..,..,..,..,..,..,..,..,..,..,..,..,..,..,..,..,..,..,..,..,..,..,..,..,..,..,..,..,..,..,..,..,..,..,..,..,..,..,..,..,..,..,..,..,..,..,..,..,..,..,..,..,..
Finland,FIN,Bank deposits to GDP (%),GFDD.OI.02,35.68795,36.12796,36.39749,36.35588,36.12398,36.33501,38.05916,38.07835,37.35379,37.09135,37.49149,38.89952,39.46174,37.46774,34.8888,37.00018,35.80577,36.37239,37.77736,38.51264,38.1149,38.93277,39.4764,40.296,41.58297,44.91228,44.97542,46.73354,50.74438,49.09499,48.78036,54.19855,55.60228,55.92326,53.60148,52.26269,48.79267,46.09864,43.99992,..,..,44.60479,46.91419,49.6425,50.43777,52.35689,54.42316,58.33422,58.53499,62.82304,63.53679,63.42286,61.41755,62.19429,63.39918,67.17458,67.21742,68.03593,67.15054,67.08887,77.40709,77.28222
Finland,FIN,Central bank assets to GDP (%),GFDD.DI.06,1.674929,1.255982,0.872357,0.7805783,0.72425,0.9386635,2.005615,2.997881,2.01854,1.339105,0.9051976,0.8734842,0.8573056,0.828113,1.134011,1.398744,1.648078,1.444607,1.373912,1.490811,1.823597,2.043863,2.132458,2.455053,2.208371,1.780548,1.73886,1.531142,1.3686,1.139314,0.9443478,0.8572264,1.064709,1.215118,1.067,0.8847919,0.7197862,0.5906848,0.5046867,..,..,0.0732915,0.0228978,0.0046129,0.0044092,0.0042505,0.1839245,0.2282544,0.2100224,0.3521378,0.2774485,0.2121233,0.1208733,0.1448701,0.2687328,3.612366,8.855819,11.04635,11.94339,11.92235,16.9054,21.7448
Finland,FIN,Credit card (% age 15+),GFDD.AI.20,..,..,..,..,..,..,..,..,..,..,..,..,..,..,..,..,..,..,..,..,..,..,..,..,..,..,..,..,..,..,..,..,..,..,..,..,..,..,..,..,..,..,..,..,..,..,..,..,..,..,..,63.87455,..,..,63.06767,..,..,62.78453,..,..,..,65.29479
Finland,FIN,Credit to government and state-owned enterprises to GDP (%),GFDD.EI.08,..,..,..,..,..,..,..,..,..,..,..,..,..,..,..,..,..,..,..,..,3.298571,2.563638,4.573511,7.297495,6.849982,3.519959,4.185794,3.930385,3.241922,2.566858,2.190547,3.942163,8.926305,12.97055,17.22289,37.99359,30.16722,34.05715,34.0876,..,..,6.805044,5.391081,4.442863,3.779967,3.981492,3.863572,3.723166,3.747458,4.415479,5.973116,6.211174,6.50726,7.181346,8.233082,8.541759,8.422291,7.44451,7.852039,8.255414,8.827578,..
Finland,FIN,Credit flows by fintech and bigtech companies to GDP (%),GFDD.DM.16,..,..,..,..,..,..,..,..,..,..,..,..,..,..,..,..,..,..,..,..,..,..,..,..,..,..,..,..,..,..,..,..,..,..,..,..,..,..,..,..,..,..,..,..,..,..,..,..,..,..,..,..,..,0,0,0,0,0,0,0,..,..
Finland,FIN,Deposit money bank assets to deposit money bank assets and central bank assets (%),GFDD.DI.04,95.8457,96.94794,97.91838,98.09587,98.22835,97.75203,95.51525,93.53137,95.2876,96.82668,97.88216,98.02368,98.01409,98.10349,97.37251,96.91676,96.28151,96.8203,96.96886,96.7459,96.16141,95.77592,95.86545,95.54795,96.12603,97.08368,97.30066,97.80064,98.25062,98.58357,98.88233,99.06884,98.80717,98.51235,98.49207,98.6797,98.85912,98.97292,99.10402,..,..,99.87672,99.96234,99.99287,99.99347,99.99419,99.7625,99.71548,99.75014,99.61282,99.70544,99.77837,99.87708,99.85541,99.73482,96.60957,92.03465,90.10016,89.49015,89.65027,86.52656,82.86316
Finland,FIN,Insurance company assets to GDP (%),GFDD.DI.11,..,..,..,..,..,..,..,..,..,..,..,..,..,..,..,..,..,..,..,..,..,..,..,..,..,..,..,..,..,..,..,..,..,..,..,12.754061,15.557928,19.265931,21.195445,32.589272,29.795811,25.355395,24.601646,25.741191,24.504592,26.802358,27.498453,25.437799,22.030216,26.381178,28.233843,25.824751,28.013607,30.10029,31.856121,33.243715,33.634861,32.031048,30.100165,31.498559,33.247625,..
Finland,FIN,Gross portfolio debt assets to GDP (%),GFDD.DM.11,..,..,..,..,..,..,..,..,..,..,..,..,..,..,..,..,..,..,..,..,..,..,..,..,..,..,..,..,..,..,..,..,..,..,..,..,..,..,..,14.74993,24.48977,27.59771,37.81948,41.29985,47.12516,43.84282,54.20779,52.14622,41.59349,59.65664,62.26199,57.65845,68.46666,67.14261,64.41652,70.5741,65.5765,61.08292,57.12436,55.18644,58.25501,..
Finland,FIN,Liquid liabilities to GDP (%),GFDD.DI.05,35.68795,36.12796,36.39749,36.35588,36.12398,36.33501,38.05916,38.07835,37.35379,40.67791,41.23282,42.74521,43.6884,40.33052,37.55203,39.74454,38.21463,38.84223,40.40118,41.11885,41.01548,42.0484,42.41913,43.07843,44.61863,48.37783,48.57375,50.42337,54.70718,53.67616,53.31351,58.37628,59.14728,59.27509,56.54135,55.09657,51.67012,48.80783,46.47023,..,..,46.53991,51.06879,54.29492,56.00097,58.48427,60.84721,64.8082,65.62891,70.88865,71.97504,72.42093,70.87254,71.55603,73.08128,77.91518,76.7771,77.89227,78.08608,78.13652,89.36196,89.11417
France,FRA,Account at a formal financial institution (% age 15+),GFDD.AI.05,..,..,..,..,..,..,..,..,..,..,..,..,..,..,..,..,..,..,..,..,..,..,..,..,..,..,..,..,..,..,..,..,..,..,..,..,..,..,..,..,..,..,..,..,..,..,..,..,..,..,..,96.98389,..,..,96.58275,..,..,94.00405,..,..,..,99.2443
France,FRA,"Bank accounts per 1,000 adults",GFDD.AI.01,..,..,..,..,..,..,..,..,..,..,..,..,..,..,..,..,..,..,..,..,..,..,..,..,..,..,..,..,..,..,..,..,..,..,..,..,..,..,..,..,..,..,..,..,..,..,..,..,..,..,..,..,..,..,..,..,..,..,..,..,..,..
France,FRA,Bank deposits to GDP (%),GFDD.OI.02,..,..,..,..,..,..,..,..,..,..,..,..,..,..,..,..,..,..,67.64143,68.17538,65.99139,64.5536,62.38559,62.48771,62.62004,62.52975,62.76529,61.825,59.99164,58.48317,57.13637,54.67699,53.48211,55.26564,57.20181,61.70189,62.51618,65.14561,..,..,..,58.96171,58.9975,63.23683,64.49737,66.37388,68.27644,70.94336,76.45665,77.9569,76.74533,76.15035,77.81932,76.67371,76.99005,78.21719,80.93669,84.08621,85.38626,87.96909,..,106.6573
France,FRA,Central bank assets to GDP (%),GFDD.DI.06,2.968645,3.215616,2.847737,2.743385,2.570443,2.074625,2.527135,2.373264,2.131849,2.138188,1.416574,1.359288,1.234306,0.9597337,0.8293543,1.412834,1.230275,0.953033,1.084502,0.9570894,0.8604932,0.3766499,0.6972202,0.9538141,1.44249,1.21124,1.177153,1.175448,1.079253,0.918864,1.21693,1.083625,1.337154,1.059823,0.9781069,0.8096278,0.9239925,0.8455108,0.8085357,..,..,0.2621246,0.2290547,0.3264303,0.3484701,0.4035313,0.4225306,0.4949623,0.7484015,0.8899413,1.152314,2.115363,2.882995,2.248499,1.976304,5.934963,12.42488,17.66729,19.32163,18.55528,26.31672,30.43893
France,FRA,Credit card (% age 15+),GFDD.AI.20,..,..,..,..,..,..,..,..,..,..,..,..,..,..,..,..,..,..,..,..,..,..,..,..,..,..,..,..,..,..,..,..,..,..,..,..,..,..,..,..,..,..,..,..,..,..,..,..,..,..,..,37.52242,..,..,44.14429,..,..,40.93077,..,..,..,39.76272
France,FRA,Credit to government and state-owned enterprises to GDP (%),GFDD.EI.08,..,..,..,..,..,..,..,..,..,..,..,..,..,..,..,..,..,..,..,..,68.25597,73.2551,..,..,..,..,..,..,..,69.82101,64.66733,57.72622,61.76043,69.90515,..,..,..,..,..,..,..,17.52223,17.57897,18.36728,17.3285,18.09067,16.68668,16.40561,16.23224,18.37017,18.38701,16.90066,18.64555,18.45244,18.94835,17.88111,16.9189,15.80573,14.71371,14.5868,17.78575,..
France,FRA,Credit flows by fintech and bigtech companies to GDP (%),GFDD.DM.16,..,..,..,..,..,..,..,..,..,..,..,..,..,..,..,..,..,..,..,..,..,..,..,..,..,..,..,..,..,..,..,..,..,..,..,..,..,..,..,..,..,..,..,..,..,..,..,..,..,..,..,..,..,0.0024631,0.0050757,0.0082421,0.0138947,0.0225155,0.0304283,0.066433,..,..
France,FRA,Deposit money bank assets to deposit money bank assets and central bank assets (%),GFDD.DI.04,89.44077,89.09035,90.66808,91.04664,91.41479,93.19728,91.96512,92.9296,94.20106,94.18021,96.11418,96.43621,96.99784,97.66206,97.98874,96.80755,97.32955,98.04053,98.70544,98.84764,98.95532,99.54504,99.17379,98.88027,98.34765,98.62419,98.70126,98.75803,98.87737,99.06878,98.81942,98.94688,98.71629,98.9539,99.02179,99.19975,99.08493,99.16486,..,..,..,99.72333,99.75595,99.65365,99.63038,99.59086,99.58302,99.53164,99.31638,99.22137,99.00138,98.17341,97.55823,98.07339,98.28148,95.00817,90.13938,86.71548,85.77752,86.54259,83.9122,81.1534
France,FRA,Insurance company assets to GDP (%),GFDD.DI.11,..,..,..,..,..,..,..,..,..,..,..,..,..,..,..,..,..,..,..,..,..,..,..,..,..,..,..,..,..,..,..,..,..,..,32.826158,39.377053,45.627766,53.432881,57.58224,65.763002,68.292049,65.951177,63.331505,66.062455,77.830764,84.065961,83.502933,85.503446,79.336417,90.915782,95.001441,91.077465,99.396703,103.08984,111.58535,112.3382,120.27864,121.064,116.90352,122.28127,132.04159,..
France,FRA,Gross portfolio debt assets to GDP (%),GFDD.DM.11,..,..,..,..,..,..,..,..,..,..,..,..,..,..,..,..,..,..,..,..,..,..,..,..,..,..,..,..,..,..,..,..,..,..,..,..,..,..,..,26.75746,33.22135,38.23477,48.73973,55.80346,61.71188,61.37487,74.16101,80.36328,72.70901,86.53185,80.91695,66.12387,73.56334,73.28344,69.40326,73.85466,71.51211,74.62008,67.41327,71.43633,85.71889,..
France,FRA,Liquid liabilities to GDP (%),GFDD.DI.05,48.68968,52.67785,56.25553,57.70666,56.95696,58.4366,59.58738,60.71062,62.00309,54.81821,56.71752,60.17294,64.17225,63.58108,63.66513,65.86803,63.18415,63.97794,73.70676,73.80307,71.09698,69.62044,67.24532,67.24272,67.21056,66.96023,67.021,66.09224,64.12905,62.50416,61.09971,58.4976,57.17815,58.87624,60.73696,65.18942,65.94555,68.52883,..,..,..,62.48667,64.81972,69.85399,72.04398,74.7849,77.91884,82.14067,88.04816,90.80576,90.71884,88.16899,90.94854,90.00297,91.38085,92.96784,96.44778,101.4104,102.6403,106.202,131.1224,128.3093
French Polynesia,PYF,Account at a formal financial institution (% age 15+),GFDD.AI.05,..,..,..,..,..,..,..,..,..,..,..,..,..,..,..,..,..,..,..,..,..,..,..,..,..,..,..,..,..,..,..,..,..,..,..,..,..,..,..,..,..,..,..,..,..,..,..,..,..,..,..,..,..,..,..,..,..,..,..,..,..,..
French Polynesia,PYF,"Bank accounts per 1,000 adults",GFDD.AI.01,..,..,..,..,..,..,..,..,..,..,..,..,..,..,..,..,..,..,..,..,..,..,..,..,..,..,..,..,..,..,..,..,..,..,..,..,..,..,..,..,..,..,..,..,..,..,..,..,..,..,..,..,..,..,..,..,..,..,..,..,..,..
French Polynesia,PYF,Bank deposits to GDP (%),GFDD.OI.02,..,..,..,..,..,..,..,..,..,..,..,..,..,..,..,..,..,..,..,..,..,..,..,..,..,..,..,..,..,..,..,..,..,..,..,..,..,..,..,..,..,..,..,..,..,..,..,..,..,..,..,..,..,..,..,..,..,..,..,..,..,..
French Polynesia,PYF,Central bank assets to GDP (%),GFDD.DI.06,..,..,..,..,..,..,..,..,..,..,..,..,..,..,..,..,..,..,..,..,..,..,..,..,..,..,..,..,..,..,..,..,..,..,..,..,..,..,..,..,..,..,..,..,..,..,..,..,..,..,..,..,..,..,..,..,..,..,..,..,..,..
French Polynesia,PYF,Credit card (% age 15+),GFDD.AI.20,..,..,..,..,..,..,..,..,..,..,..,..,..,..,..,..,..,..,..,..,..,..,..,..,..,..,..,..,..,..,..,..,..,..,..,..,..,..,..,..,..,..,..,..,..,..,..,..,..,..,..,..,..,..,..,..,..,..,..,..,..,..
French Polynesia,PYF,Credit to government and state-owned enterprises to GDP (%),GFDD.EI.08,..,..,..,..,..,..,..,..,..,..,..,..,..,..,..,..,..,..,..,..,..,..,..,..,..,..,..,..,..,..,..,..,..,..,..,..,..,..,..,..,..,..,..,..,..,..,..,..,..,..,..,..,..,..,..,..,..,..,..,..,..,..
French Polynesia,PYF,Credit flows by fintech and bigtech companies to GDP (%),GFDD.DM.16,..,..,..,..,..,..,..,..,..,..,..,..,..,..,..,..,..,..,..,..,..,..,..,..,..,..,..,..,..,..,..,..,..,..,..,..,..,..,..,..,..,..,..,..,..,..,..,..,..,..,..,..,..,..,..,..,..,..,..,..,..,..
French Polynesia,PYF,Deposit money bank assets to deposit money bank assets and central bank assets (%),GFDD.DI.04,..,..,..,..,..,..,..,..,..,..,..,..,..,..,..,..,..,..,..,..,..,..,..,..,..,..,..,..,..,..,..,..,..,..,..,..,..,..,..,..,..,..,..,..,..,..,..,..,..,..,..,..,..,..,..,..,..,..,..,..,..,..
French Polynesia,PYF,Insurance company assets to GDP (%),GFDD.DI.11,..,..,..,..,..,..,..,..,..,..,..,..,..,..,..,..,..,..,..,..,..,..,..,..,..,..,..,..,..,..,..,..,..,..,..,..,..,..,..,..,..,..,..,..,..,..,..,..,..,..,..,..,..,..,..,..,..,..,..,..,..,..
French Polynesia,PYF,Gross portfolio debt assets to GDP (%),GFDD.DM.11,..,..,..,..,..,..,..,..,..,..,..,..,..,..,..,..,..,..,..,..,..,..,..,..,..,..,..,..,..,..,..,..,..,..,..,..,..,..,..,..,..,..,..,..,..,..,..,..,..,..,..,..,..,..,..,..,..,..,..,..,..,..
French Polynesia,PYF,Liquid liabilities to GDP (%),GFDD.DI.05,..,..,..,..,..,..,..,..,..,..,..,..,..,..,..,..,..,..,..,..,..,..,..,..,..,..,..,..,..,..,..,..,..,..,..,..,..,..,..,..,..,..,..,..,..,..,..,..,..,..,..,..,..,..,..,..,..,..,..,..,..,..
Gabon,GAB,Account at a formal financial institution (% age 15+),GFDD.AI.05,..,..,..,..,..,..,..,..,..,..,..,..,..,..,..,..,..,..,..,..,..,..,..,..,..,..,..,..,..,..,..,..,..,..,..,..,..,..,..,..,..,..,..,..,..,..,..,..,..,..,..,18.94652,..,..,30.15455,..,..,33.98466,..,..,..,27.5527
Gabon,GAB,"Bank accounts per 1,000 adults",GFDD.AI.01,..,..,..,..,..,..,..,..,..,..,..,..,..,..,..,..,..,..,..,..,..,..,..,..,..,..,..,..,..,..,..,..,..,..,..,..,..,..,..,..,..,..,..,..,..,..,..,..,141.70926,143.1018,156.82799,171.11222,163.39561,205.12053,..,..,..,..,..,..,..,..
Gabon,GAB,Bank deposits to GDP (%),GFDD.OI.02,7.553153,6.883152,7.100166,9.299822,6.982364,7.477478,8.658942,8.787425,9.414264,9.882724,9.501675,9.069458,11.71152,10.53197,7.723702,10.64857,13.87262,14.35396,15.2641,14.34874,12.95432,13.2848,13.09261,14.46467,14.14722,16.67371,19.30135,19.18899,16.8459,14.79993,12.51561,14.68232,12.41822,12.2018,10.6989,10.41419,10.43299,11.07684,12.60699,11.80979,11.37304,11.91085,12.60638,12.37156,12.67998,12.79805,14.25451,13.61609,12.93323,15.76874,16.3103,17.39159,18.20478,20.19083,18.91319,20.04554,19.6378,14.85432,19.28909,18.66837,..,..
Gabon,GAB,Central bank assets to GDP (%),GFDD.DI.06,..,..,..,0.8190184,1.494869,1.855856,1.622517,1.676647,2.289437,1.909314,1.798882,..,..,..,0.2690342,0.8866782,1.289668,3.915822,5.298419,5.271642,2.64328,0.361456,0.4341079,0.0625548,..,..,2.418685,8.312608,7.892303,7.562936,2.483957,2.790446,3.918433,4.080766,4.118426,4.117809,4.243237,2.813837,7.982117,6.993278,4.360429,6.746643,6.253722,5.211138,4.812105,3.489126,1.693581,1.851936,0.0146153,1.582423,3.454742,2.843293,2.793874,2.993786,2.896009,5.356881,5.481649,6.544751,7.291977,7.681842,..,..
Gabon,GAB,Credit card (% age 15+),GFDD.AI.20,..,..,..,..,..,..,..,..,..,..,..,..,..,..,..,..,..,..,..,..,..,..,..,..,..,..,..,..,..,..,..,..,..,..,..,..,..,..,..,..,..,..,..,..,..,..,..,..,..,..,..,2.721523,..,..,5.676772,..,..,5.894434,..,..,..,3.236726
Gabon,GAB,Credit to government and state-owned enterprises to GDP (%),GFDD.EI.08,..,..,..,..,..,..,..,..,..,..,..,..,..,..,..,..,..,..,..,..,3.173052,2.71806,3.900357,3.947435,5.386777,6.541131,4.805881,8.131078,10.27418,8.791461,6.96655,7.091375,7.240345,6.694285,7.3899,6.474234,5.350709,5.145503,5.643332,5.243452,2.86338,3.113594,3.329125,2.993165,2.643323,1.955941,1.789508,2.064704,1.311293,1.587681,3.070164,3.476515,3.917669,4.493507,5.478106,5.611797,8.823941,6.272151,6.191171,5.215149,..,..
Gabon,GAB,Credit flows by fintech and bigtech companies to GDP (%),GFDD.DM.16,..,..,..,..,..,..,..,..,..,..,..,..,..,..,..,..,..,..,..,..,..,..,..,..,..,..,..,..,..,..,..,..,..,..,..,..,..,..,..,..,..,..,..,..,..,..,..,..,..,..,..,..,..,..,..,..,..,..,..,..,..,..
Gabon,GAB,Deposit money bank assets to deposit money bank assets and central bank assets (%),GFDD.DI.04,..,..,..,96.39953,92.41843,89.67936,91.53713,89.9371,87.69083,90.36726,91.71982,..,..,..,98.41225,95.02065,93.55153,85.87732,84.64029,81.57222,87.8708,98.15084,97.84521,99.71675,..,..,93.61092,82.39526,77.81202,76.66051,89.11732,88.82754,82.64111,81.04155,78.02816,78.25181,74.33095,83.42255,67.77666,68.97491,72.92688,66.15363,69.77079,71.52879,69.02067,73.3372,86.25404,88.67364,99.84499,87.29791,75.37022,80.97614,84.46909,86.67754,87.34655,78.95454,80.49271,71.63184,72.522,70.73192,..,..
Gabon,GAB,Insurance company assets to GDP (%),GFDD.DI.11,..,..,..,..,..,..,..,..,..,..,..,..,..,..,..,..,..,..,..,..,..,..,..,..,..,..,..,..,..,..,..,..,..,..,..,..,..,..,..,..,..,..,..,1.5936504,1.5434413,1.3149445,1.4160417,1.3628772,1.2620856,1.596173,1.3246194,1.2946329,1.4198957,1.6960284,1.5520768,1.7776103,1.8501413,1.8240275,..,..,..,..
Gabon,GAB,Gross portfolio debt assets to GDP (%),GFDD.DM.11,..,..,..,..,..,..,..,..,..,..,..,..,..,..,..,..,..,..,..,..,..,..,..,..,..,..,..,..,..,..,..,..,..,..,..,..,..,..,..,..,..,..,..,..,..,..,..,..,..,..,..,..,..,..,..,..,..,..,..,..,..,..
Gabon,GAB,Liquid liabilities to GDP (%),GFDD.DI.05,15.56757,15.17698,16.45542,21.26806,16.33003,16.57658,14.93378,14.20659,14.66118,15.32529,15.3743,14.95052,18.51244,16.46679,11.92736,15.45437,18.55138,19.31976,21.07548,19.05523,16.91938,16.88852,16.9153,18.35193,17.63552,20.4983,23.46848,24.40637,21.1203,19.12437,16.33852,18.81228,16.31186,15.50195,14.01015,14.50226,14.44579,15.05973,17.37561,15.52839,14.61413,15.40334,16.18418,15.67083,16.08173,16.84435,18.41698,17.53975,16.42869,20.3055,19.53442,20.87746,22.287,24.93171,23.47029,24.8971,24.45479,19.36199,23.86972,22.92761,..,..
"Gambia, The",GMB,Account at a formal financial institution (% age 15+),GFDD.AI.05,..,..,..,..,..,..,..,..,..,..,..,..,..,..,..,..,..,..,..,..,..,..,..,..,..,..,..,..,..,..,..,..,..,..,..,..,..,..,..,..,..,..,..,..,..,..,..,..,..,..,..,..,..,..,..,..,..,28.56048,..,..,..,..
"Gambia, The",GMB,"Bank accounts per 1,000 adults",GFDD.AI.01,..,..,..,..,..,..,..,..,..,..,..,..,..,..,..,..,..,..,..,..,..,..,..,..,..,..,..,..,..,..,..,..,..,..,..,..,..,..,..,..,..,..,..,..,..,..,..,..,..,..,..,..,..,..,..,..,..,..,..,..,..,..
"Gambia, The",GMB,Bank deposits to GDP (%),GFDD.OI.02,..,..,..,..,..,..,6.890437,6.884481,7.790088,6.971307,6.654428,5.877729,10.21959,10.35156,11.09823,9.968787,15.15418,13.15648,15.29855,11.37006,12.86334,15.20264,14.17973,18.12322,17.40875,19.32192,14.17937,15.76243,15.56947,15.59232,14.32174,7.737472,8.360978,8.835821,8.299763,8.890544,8.576776,10.12005,10.77943,11.74706,14.40418,16.38203,20.88318,24.5414,13.90188,16.07586,19.67357,20.68665,22.97641,25.07933,25.97135,29.80147,28.15338,29.5601,31.14166,..,..,30.1973,31.30602,35.7788,41.72429,45.4811
"Gambia, The",GMB,Central bank assets to GDP (%),GFDD.DI.06,..,..,..,..,..,..,0.9626346,0.2674062,0.8503407,0.3179246,2.439958,3.98035,2.508446,3.01E-11,0.4146764,..,1.457764,6.502445,4.815848,10.83058,3.759943,13.98303,7.119609,14.44682,15.26379,16.35143,1.980851,1.553901,2.131526,0.3259748,1.567872,0.5501269,4.289847,4.152166,4.403188,3.653574,3.384574,3.19519,2.915725,2.814539,2.456248,2.546916,3.730387,8.643957,4.62777,4.228639,1.290146,1.117559,1.043212,0.6013539,4.750478,5.489135,5.671822,9.280563,13.49898,..,..,17.09993,14.66492,13.35637,17.85191,17.64273
"Gambia, The",GMB,Credit card (% age 15+),GFDD.AI.20,..,..,..,..,..,..,..,..,..,..,..,..,..,..,..,..,..,..,..,..,..,..,..,..,..,..,..,..,..,..,..,..,..,..,..,..,..,..,..,..,..,..,..,..,..,..,..,..,..,..,..,..,..,..,..,..,..,1.754275,..,..,..,..
"Gambia, The",GMB,Credit to government and state-owned enterprises to GDP (%),GFDD.EI.08,..,..,..,..,..,..,..,..,..,..,..,..,..,..,..,..,..,..,..,..,7.353383,6.783682,9.495876,6.293296,6.461221,4.745287,5.884972,3.372169,3.683333,3.025114,2.574974,2.187598,2.33128,1.743238,1.207175,2.629935,3.830992,4.471596,4.844363,5.057145,6.441104,7.825194,6.48369,4.579866,5.063897,7.347467,9.164756,9.386777,10.79297,13.44814,15.2997,18.18494,17.17587,17.36286,19.74466,..,..,21.77339,20.2831,20.70189,21.81423,..
"Gambia, The",GMB,Credit flows by fintech and bigtech companies to GDP (%),GFDD.DM.16,..,..,..,..,..,..,..,..,..,..,..,..,..,..,..,..,..,..,..,..,..,..,..,..,..,..,..,..,..,..,..,..,..,..,..,..,..,..,..,..,..,..,..,..,..,..,..,..,..,..,..,..,..,..,..,..,..,..,..,..,..,..
"Gambia, The",GMB,Deposit money bank assets to deposit money bank assets and central bank assets (%),GFDD.DI.04,..,..,..,..,..,..,94.37869,98.41835,95.44532,98.18787,85.13097,77.12959,81.40263,100,97.33569,..,92.13136,74.17534,83.53682,67.45794,87.86936,63.99125,77.35191,66.83662,66.63763,63.46242,90.74696,91.34348,88.43512,98.07953,91.07559,92.89047,58.94673,63.52456,60.67513,67.54232,71.26556,76.91203,79.42136,81.86147,85.68476,88.07249,83.60802,67.27187,66.94464,74.20968,92.11153,93.52559,94.64738,97.18181,82.67496,82.82881,82.66233,74.51854,67.72026,..,..,61.41403,64.57436,68.09075,62.83005,64.5271
"Gambia, The",GMB,Insurance company assets to GDP (%),GFDD.DI.11,..,..,..,..,..,..,..,..,..,..,..,..,..,..,..,..,..,..,..,..,..,..,..,..,..,..,..,..,..,..,..,..,..,..,..,..,..,..,..,..,..,..,..,..,..,..,..,..,..,..,1.0794411,1.1821568,1.1318505,1.0677206,1.1639266,0.9015422,0.87189555,0.80731158,0.73263492,..,..,..
"Gambia, The",GMB,Gross portfolio debt assets to GDP (%),GFDD.DM.11,..,..,..,..,..,..,..,..,..,..,..,..,..,..,..,..,..,..,..,..,..,..,..,..,..,..,..,..,..,..,..,..,..,..,..,..,..,..,..,..,..,..,..,..,..,..,..,..,..,..,..,..,..,..,..,..,..,..,..,..,..,..
"Gambia, The",GMB,Liquid liabilities to GDP (%),GFDD.DI.05,..,..,..,..,..,..,17.9354,17.29288,18.69388,17.80021,17.7788,16.99563,22.83784,30.04688,25.77791,23.006,28.00159,19.40628,25.02232,21.01429,21.86069,25.1869,25.67877,28.57954,26.71177,29.23374,21.44057,22.00986,22.03471,22.10011,20.65765,10.76107,11.62013,12.09792,11.1988,12.19602,11.6456,14.51802,14.6656,15.83717,19.80051,21.95304,27.80646,33.05418,18.80485,20.92553,26.22195,25.99354,28.26478,30.26802,30.74717,35.5232,34.36472,36.14175,37.97905,..,..,38.28397,39.4721,44.42,52.41172,56.22072
Georgia,GEO,Account at a formal financial institution (% age 15+),GFDD.AI.05,..,..,..,..,..,..,..,..,..,..,..,..,..,..,..,..,..,..,..,..,..,..,..,..,..,..,..,..,..,..,..,..,..,..,..,..,..,..,..,..,..,..,..,..,..,..,..,..,..,..,..,32.98097,..,..,39.66507,..,..,61.23044,..,..,..,70.47185
Georgia,GEO,"Bank accounts per 1,000 adults",GFDD.AI.01,..,..,..,..,..,..,..,..,..,..,..,..,..,..,..,..,..,..,..,..,..,..,..,..,..,..,..,..,..,..,..,..,..,..,..,..,..,..,..,..,..,..,..,..,207.14057,353.86781,441.51374,495.2883,554.808,598.70416,683.4663,732.45499,823.49174,806.19293,871.56933,897.68435,977.55636,1063.5962,1182.5175,902.36373,868.7907,..
Georgia,GEO,Bank deposits to GDP (%),GFDD.OI.02,..,..,..,..,..,..,..,..,..,..,..,..,..,..,..,..,..,..,..,..,..,..,..,..,..,..,..,..,..,..,..,..,..,..,..,2.608253,2.253866,3.007543,3.219731,3.648509,5.166928,5.802689,6.409193,7.312376,9.203269,10.22363,13.48142,16.8477,16.88709,19.64954,22.11576,22.20984,23.33578,27.75847,29.71092,32.82736,37.71312,38.06121,40.15095,42.37172,54.08721,50.31234
Georgia,GEO,Central bank assets to GDP (%),GFDD.DI.06,..,..,..,..,..,..,..,..,..,..,..,..,..,..,..,..,..,..,..,..,..,..,..,..,..,..,..,..,..,..,..,..,..,..,..,4.623174,7.670154,10.41039,12.11544,14.08927,14.56822,12.70355,11.7186,10.89108,9.710095,8.000341,6.47054,5.184177,4.108122,4.250592,3.29507,2.708268,1.955922,1.840611,1.683208,1.486042,1.414737,1.171434,1.449953,2.130487,2.781114,3.007375
Georgia,GEO,Credit card (% age 15+),GFDD.AI.20,..,..,..,..,..,..,..,..,..,..,..,..,..,..,..,..,..,..,..,..,..,..,..,..,..,..,..,..,..,..,..,..,..,..,..,..,..,..,..,..,..,..,..,..,..,..,..,..,..,..,..,8.788889,..,..,17.75207,..,..,14.58723,..,..,..,12.91789
Georgia,GEO,Credit to government and state-owned enterprises to GDP (%),GFDD.EI.08,..,..,..,..,..,..,..,..,..,..,..,..,..,..,..,..,..,..,..,..,..,..,..,..,..,..,..,..,..,..,..,..,..,..,..,0.06057,0.0327823,0.1067674,0.0223049,0.0299956,0.0945875,0.629542,1.032312,1.080139,0.6738473,0.6095174,0.7980449,0.506466,0.4341355,1.660451,2.294835,2.392015,2.208129,3.123134,4.653961,5.004501,5.586808,5.945399,6.284306,5.786084,9.217632,..
Georgia,GEO,Credit flows by fintech and bigtech companies to GDP (%),GFDD.DM.16,..,..,..,..,..,..,..,..,..,..,..,..,..,..,..,..,..,..,..,..,..,..,..,..,..,..,..,..,..,..,..,..,..,..,..,..,..,..,..,..,..,..,..,..,..,..,..,..,..,..,..,..,..,0.0004072,0.0007375,0.0009362,0.7493185,1.205264,1.096612,..,..,..
Georgia,GEO,Deposit money bank assets to deposit money bank assets and central bank assets (%),GFDD.DI.04,..,..,..,..,..,..,..,..,..,..,..,..,..,..,..,..,..,..,..,..,..,..,..,..,..,..,..,..,..,..,..,..,..,..,..,57.18406,30.31356,27.50694,28.37755,29.94798,33.95824,39.11836,44.22741,47.60235,52.09121,65.82896,75.833,84.80012,89.16477,88.46867,90.8152,92.55289,94.76012,95.66048,96.54788,97.14445,97.5489,98.03918,97.77654,96.99255,96.86845,96.21796
Georgia,GEO,Insurance company assets to GDP (%),GFDD.DI.11,..,..,..,..,..,..,..,..,..,..,..,..,..,..,..,..,..,..,..,..,..,..,..,..,..,..,..,..,..,..,..,..,..,..,..,..,..,..,..,..,..,..,..,..,..,..,..,..,1.3123016,1.8430314,2.0549238,1.9785007,2.3146552,1.8762002,1.579744,1.5334328,1.513271,1.4234444,1.6664371,1.6222477,1.8535684,..
Georgia,GEO,Gross portfolio debt assets to GDP (%),GFDD.DM.11,..,..,..,..,..,..,..,..,..,..,..,..,..,..,..,..,..,..,..,..,..,..,..,..,..,..,..,..,..,..,..,..,..,..,..,..,..,..,..,..,..,..,..,..,0.2548716,2.77E-17,2.29E-17,0.0744936,0.0007115,0.0008455,0.0007436,0.0012597,0.0137916,0.0248636,0.2744228,0.7441596,1.184101,2.252957,3.055131,2.837875,2.947068,..
Georgia,GEO,Liquid liabilities to GDP (%),GFDD.DI.05,..,..,..,..,..,..,..,..,..,..,..,..,..,..,..,..,..,..,..,..,..,..,..,..,..,..,..,..,..,..,..,..,..,..,..,7.738744,6.82303,8.273599,7.444932,7.952803,10.38249,11.0577,11.67139,12.4806,15.48786,16.56422,19.50619,23.69967,17.65216,19.99203,22.54067,22.94646,23.93006,28.60258,30.77206,31.8106,36.27499,36.53757,39.04015,41.252,50.60801,46.32866
Germany,DEU,Account at a formal financial institution (% age 15+),GFDD.AI.05,..,..,..,..,..,..,..,..,..,..,..,..,..,..,..,..,..,..,..,..,..,..,..,..,..,..,..,..,..,..,..,..,..,..,..,..,..,..,..,..,..,..,..,..,..,..,..,..,..,..,..,98.13362,..,..,98.76041,..,..,99.14119,..,..,..,99.97659
Germany,DEU,"Bank accounts per 1,000 adults",GFDD.AI.01,..,..,..,..,..,..,..,..,..,..,..,..,..,..,..,..,..,..,..,..,..,..,..,..,..,..,..,..,..,..,..,..,..,..,..,..,..,..,..,..,..,..,..,..,..,..,..,..,..,..,..,..,..,..,..,..,..,..,..,..,..,..
Germany,DEU,Bank deposits to GDP (%),GFDD.OI.02,..,..,..,..,..,..,..,..,..,..,47.59863,48.87191,51.21355,50.65369,50.2505,53.53714,53.26799,54.9566,56.52421,54.94913,53.80781,53.56185,54.86368,55.25131,55.37638,56.87104,56.9346,57.99469,57.4033,56.37207,61.37436,53.65786,53.39634,57.98412,56.70179,57.14745,60.70911,61.06994,63.45535,..,..,60.11213,61.91441,63.60712,63.186,65.42558,65.89095,68.77578,72.54626,75.23013,74.64646,75.19116,78.25276,79.53912,80.17319,82.58025,83.75291,84.31528,85.68807,87.36482,97.11584,95.02325
Germany,DEU,Central bank assets to GDP (%),GFDD.DI.06,..,..,..,..,..,..,..,..,..,..,2.14924,1.943916,1.628068,1.752733,1.506796,2.079278,1.364073,1.315058,1.478811,1.254359,1.455573,1.543058,1.399825,1.476836,1.321054,1.154238,1.306959,1.161667,1.155777,1.084535,1.029447,0.8700151,0.9979453,0.8092703,0.7433162,0.6669483,0.6396404,0.6319355,0.6175088,..,..,0.2043691,0.2019908,0.2007624,0.1962413,0.1940297,0.1861573,0.177632,0.1743577,0.1815409,0.1731789,0.1649119,0.1617668,0.1655433,0.1589449,2.942588,7.724755,11.11693,12.19971,12.11248,17.77955,22.23474
Germany,DEU,Credit card (% age 15+),GFDD.AI.20,..,..,..,..,..,..,..,..,..,..,..,..,..,..,..,..,..,..,..,..,..,..,..,..,..,..,..,..,..,..,..,..,..,..,..,..,..,..,..,..,..,..,..,..,..,..,..,..,..,..,..,35.70924,..,..,45.81211,..,..,52.5355,..,..,..,56.51536
Germany,DEU,Credit to government and state-owned enterprises to GDP (%),GFDD.EI.08,..,..,..,..,..,..,..,..,..,..,..,..,..,..,..,..,..,..,..,..,40.85502,44.70386,47.56048,47.70169,47.49894,47.50155,45.53335,47.06092,48.39178,45.86944,46.53045,40.05297,43.84281,48.50859,51.23435,56.93478,60.44687,62.3991,62.1431,..,..,27.0563,26.67712,26.48105,26.68507,25.37532,23.03831,20.2346,18.69746,20.24087,24.71506,20.82957,21.63661,20.83732,19.74496,18.99464,17.18567,14.74216,12.87702,11.97559,12.25353,..
Germany,DEU,Credit flows by fintech and bigtech companies to GDP (%),GFDD.DM.16,..,..,..,..,..,..,..,..,..,..,..,..,..,..,..,..,..,..,..,..,..,..,..,..,..,..,..,..,..,..,..,..,..,..,..,..,..,..,..,..,..,..,..,..,..,..,..,..,..,..,..,..,..,0,0,0,0,0,0,0,..,..
Germany,DEU,Deposit money bank assets to deposit money bank assets and central bank assets (%),GFDD.DI.04,..,..,..,..,..,..,..,..,..,..,97.33185,97.64172,98.12284,97.98188,98.25864,97.72102,98.52654,98.62325,98.51697,98.77511,98.61048,98.58372,98.74202,98.69817,98.84421,99.00358,98.85104,98.98786,98.99203,99.04251,99.14592,99.19733,99.10661,99.32133,99.3976,99.47796,99.52735,99.54993,99.57674,..,..,99.85368,99.85395,99.85306,99.85281,99.85191,99.85143,99.84888,99.84953,99.84769,99.84726,99.84427,99.84682,99.83942,99.83978,97.05894,92.44248,89.20719,88.12473,88.26871,84.57683,81.18132
Germany,DEU,Insurance company assets to GDP (%),GFDD.DI.11,..,..,..,..,..,..,..,..,..,..,..,..,..,..,..,..,..,..,..,..,..,..,..,..,..,..,..,..,..,..,..,..,..,..,..,33.738817,36.886353,42.067052,45.213957,51.888778,52.65048,53.662763,54.069523,57.940965,58.314402,59.957873,58.805491,57.750155,54.605791,57.851889,58.16924,56.677408,59.574474,61.206538,63.189897,63.012643,63.136241,61.362253,59.825854,63.289591,67.872079,..
Germany,DEU,Gross portfolio debt assets to GDP (%),GFDD.DM.11,..,..,..,..,..,..,..,..,..,..,..,..,..,..,..,..,..,..,..,..,..,..,..,..,..,..,..,..,..,..,..,..,..,..,..,..,..,..,..,17.59563,21.70889,24.92757,30.87808,32.20214,35.82511,36.76095,46.15277,48.77363,41.64282,52.78919,53.41604,46.22659,57.06393,57.95714,54.92215,58.1848,56.70966,60.91978,54.51298,59.48856,68.48472,..
Germany,DEU,Liquid liabilities to GDP (%),GFDD.DI.05,..,..,..,..,..,..,..,..,..,..,53.26028,54.45571,57.01109,56.07568,55.68981,59.21042,58.85847,60.75597,62.69791,60.98586,59.7629,59.27603,60.65175,61.24608,61.36697,62.87673,63.07969,64.55811,64.48579,63.31381,68.45734,59.96447,60.24873,64.97749,63.73443,64.27882,68.08082,68.30053,70.35909,..,..,64.38013,67.26721,69.72816,69.91889,72.83078,73.82436,77.39293,82.25055,84.62185,84.09027,85.11446,89.35013,90.03059,90.24042,94.53046,96.05406,96.11733,97.5297,99.21805,111.4447,110.9527
Ghana,GHA,Account at a formal financial institution (% age 15+),GFDD.AI.05,..,..,..,..,..,..,..,..,..,..,..,..,..,..,..,..,..,..,..,..,..,..,..,..,..,..,..,..,..,..,..,..,..,..,..,..,..,..,..,..,..,..,..,..,..,..,..,..,..,..,..,29.42535,..,..,34.61837,..,..,42.28417,..,..,..,39.19662
Ghana,GHA,"Bank accounts per 1,000 adults",GFDD.AI.01,..,..,..,..,..,..,..,..,..,..,..,..,..,..,..,..,..,..,..,..,..,..,..,..,..,..,..,..,..,..,..,..,..,..,..,..,..,..,..,..,..,..,..,..,..,176.62109,206.65536,217.52904,244.01385,267.81107,278.5231,340.57667,447.62767,448.25228,491.92966,583.90783,543.56841,614.09398,725.21319,766.70379,762.37444,..
Ghana,GHA,Bank deposits to GDP (%),GFDD.OI.02,8.40046,9.344086,2.716208,4.53116,5.361578,4.743303,4.558368,5.159464,5.09838,4.697703,4.915775,5.099962,6.180784,6.067125,5.493293,6.73234,6.987323,6.468407,5.426876,4.529686,9.22622,8.158745,8.886502,5.196356,5.134184,6.311158,6.197308,6.297587,6.221485,10.34142,9.158727,11.28963,13.89463,13.99817,15.35296,14.49335,14.12641,16.82226,16.04542,15.66765,16.39338,18.21994,20.97625,20.49841,21.96956,20.40564,15.84206,19.84027,22.64411,24.91915,25.81193,26.83125,26.61497,20.2104,22.19787,24.32533,25.26495,24.89446,24.33982,24.33401,27.2572,23.92728
Ghana,GHA,Central bank assets to GDP (%),GFDD.DI.06,0.1611047,2.096774,1.131319,2.701641,4.368197,3.620782,4.970462,8.052474,7.330664,6.540698,6.669271,7.641371,6.708207,4.844838,6.298052,7.504934,9.830502,9.564473,9.553195,8.09486,16.89704,16.30537,17.67429,14.14673,15.10963,17.56245,19.13837,24.40897,17.33141,15.30615,13.33309,15.01424,17.35424,23.12553,20.01454,20.09094,14.89635,14.69211,63.96812,74.48846,89.66957,6.6651,64.04907,11.47797,15.86151,12.92037,8.212716,10.29436,11.63943,7.420828,6.95496,6.618078,8.307329,8.02017,10.92763,7.709504,8.079956,6.980395,7.146616,6.085746,12.07094,10.73158
Ghana,GHA,Credit card (% age 15+),GFDD.AI.20,..,..,..,..,..,..,..,..,..,..,..,..,..,..,..,..,..,..,..,..,..,..,..,..,..,..,..,..,..,..,..,..,..,..,..,..,..,..,..,..,..,..,..,..,..,..,..,..,..,..,..,2.23279,..,..,0.9187194,..,..,5.75479,..,..,..,0.8710519
Ghana,GHA,Credit to government and state-owned enterprises to GDP (%),GFDD.EI.08,..,..,..,..,..,..,..,..,..,..,..,..,..,..,..,..,..,..,..,..,1.82445,1.874347,2.094728,1.414035,0.8421653,1.071584,0.827514,0.5978205,0.4703684,0.6421933,0.5556499,0.5838154,1.084724,0.5116301,0.2534934,0.2566158,0.5202886,2.772424,4.308128,5.885902,6.624215,6.632545,6.117596,5.226851,5.449413,5.014025,5.646553,6.463975,6.228079,7.866827,8.583083,7.58851,7.873374,8.319769,8.003354,7.721549,8.073333,8.351744,12.02939,12.97807,15.87875,..
Ghana,GHA,Credit flows by fintech and bigtech companies to GDP (%),GFDD.DM.16,..,..,..,..,..,..,..,..,..,..,..,..,..,..,..,..,..,..,..,..,..,..,..,..,..,..,..,..,..,..,..,..,..,..,..,..,..,..,..,..,..,..,..,..,..,..,..,..,..,..,..,..,..,0.0034541,0.0038333,0.0065174,0.0025461,0.1481797,0.6545092,1.437643,..,..
Ghana,GHA,Deposit money bank assets to deposit money bank assets and central bank assets (%),GFDD.DI.04,97.24951,84.77752,69.67155,65.27155,56.14507,59.83203,51.91536,42.64532,43.80774,47.15381,45.42765,44.07457,46.9904,51.97287,44.68704,40.7593,35.93299,33.64345,26.57411,28.28325,28.28719,27.64729,27.18882,25.45994,21.54679,24.56338,22.88869,15.92477,19.82864,32.65436,32.20737,25.47179,30.81306,20.56036,22.5359,21.95227,32.47801,49.74975,22.97515,25.83403,24.47522,80.89967,28.32315,67.78349,60.894,67.83469,70.13602,69.33827,68.1912,79.94498,80.57096,80.46362,77.16936,74.43192,69.11932,76.82106,75.93989,77.80069,78.15968,81.4419,70.70362,72.46722
Ghana,GHA,Insurance company assets to GDP (%),GFDD.DI.11,..,..,..,..,..,..,..,..,..,..,..,..,..,..,..,..,..,..,..,..,..,..,..,..,..,..,..,..,..,..,..,..,..,..,..,..,..,..,..,..,..,..,..,0.41877094,0.48190507,0.42033217,0.43665785,1.3268708,1.4742974,1.4760354,1.5403527,1.4016139,1.2527793,1.3987222,1.4657505,1.6987566,2.0841048,2.2518633,..,..,..,..
Ghana,GHA,Gross portfolio debt assets to GDP (%),GFDD.DM.11,..,..,..,..,..,..,..,..,..,..,..,..,..,..,..,..,..,..,..,..,..,..,..,..,..,..,..,..,..,..,..,..,..,..,..,..,..,..,..,..,..,..,..,..,..,..,0.2282223,1.289937,1.136944,1.38319,1.215443,2.02048,0.5877193,0.0906883,0.0603628,0.0052298,0.0222339,0.0009837,0.0516172,0.0444772,0.0397049,..
Ghana,GHA,Liquid liabilities to GDP (%),GFDD.DI.05,18.40046,18.70968,5.223877,8.333613,9.860219,7.844594,7.258855,8.275625,7.941776,7.719614,7.716557,7.738801,9.709793,9.24587,8.796043,10.70095,11.51451,11.12878,9.977338,8.585913,18.55351,16.5651,17.1649,11.30499,11.81331,13.6185,13.51454,14.20509,14.74606,16.91699,14.14209,15.56278,20.52588,19.83546,22.51312,21.643,20.59611,23.84196,22.85738,24.09283,28.16617,26.45448,30.6809,30.41668,32.10081,28.83154,21.41047,25.71681,28.40728,30.90863,32.46592,33.30241,33.35636,24.91595,27.05351,29.55554,30.64055,30.01614,29.07536,29.13986,33.36398,29.58002
Gibraltar,GIB,Account at a formal financial institution (% age 15+),GFDD.AI.05,..,..,..,..,..,..,..,..,..,..,..,..,..,..,..,..,..,..,..,..,..,..,..,..,..,..,..,..,..,..,..,..,..,..,..,..,..,..,..,..,..,..,..,..,..,..,..,..,..,..,..,..,..,..,..,..,..,..,..,..,..,..
Gibraltar,GIB,"Bank accounts per 1,000 adults",GFDD.AI.01,..,..,..,..,..,..,..,..,..,..,..,..,..,..,..,..,..,..,..,..,..,..,..,..,..,..,..,..,..,..,..,..,..,..,..,..,..,..,..,..,..,..,..,..,..,..,..,..,..,..,..,..,..,..,..,..,..,..,..,..,..,..
Gibraltar,GIB,Bank deposits to GDP (%),GFDD.OI.02,..,..,..,..,..,..,..,..,..,..,..,..,..,..,..,..,..,..,..,..,..,..,..,..,..,..,..,..,..,..,..,..,..,..,..,..,..,..,..,..,..,..,..,..,..,..,..,..,..,..,..,..,..,..,..,..,..,..,..,..,..,..
Gibraltar,GIB,Central bank assets to GDP (%),GFDD.DI.06,..,..,..,..,..,..,..,..,..,..,..,..,..,..,..,..,..,..,..,..,..,..,..,..,..,..,..,..,..,..,..,..,..,..,..,..,..,..,..,..,..,..,..,..,..,..,..,..,..,..,..,..,..,..,..,..,..,..,..,..,..,..
Gibraltar,GIB,Credit card (% age 15+),GFDD.AI.20,..,..,..,..,..,..,..,..,..,..,..,..,..,..,..,..,..,..,..,..,..,..,..,..,..,..,..,..,..,..,..,..,..,..,..,..,..,..,..,..,..,..,..,..,..,..,..,..,..,..,..,..,..,..,..,..,..,..,..,..,..,..
Gibraltar,GIB,Credit to government and state-owned enterprises to GDP (%),GFDD.EI.08,..,..,..,..,..,..,..,..,..,..,..,..,..,..,..,..,..,..,..,..,..,..,..,..,..,..,..,..,..,..,..,..,..,..,..,..,..,..,..,..,..,..,..,..,..,..,..,..,..,..,..,..,..,..,..,..,..,..,..,..,..,..
Gibraltar,GIB,Credit flows by fintech and bigtech companies to GDP (%),GFDD.DM.16,..,..,..,..,..,..,..,..,..,..,..,..,..,..,..,..,..,..,..,..,..,..,..,..,..,..,..,..,..,..,..,..,..,..,..,..,..,..,..,..,..,..,..,..,..,..,..,..,..,..,..,..,..,..,..,..,..,..,..,..,..,..
Gibraltar,GIB,Deposit money bank assets to deposit money bank assets and central bank assets (%),GFDD.DI.04,..,..,..,..,..,..,..,..,..,..,..,..,..,..,..,..,..,..,..,..,..,..,..,..,..,..,..,..,..,..,..,..,..,..,..,..,..,..,..,..,..,..,..,..,..,..,..,..,..,..,..,..,..,..,..,..,..,..,..,..,..,..
Gibraltar,GIB,Insurance company assets to GDP (%),GFDD.DI.11,..,..,..,..,..,..,..,..,..,..,..,..,..,..,..,..,..,..,..,..,..,..,..,..,..,..,..,..,..,..,..,..,..,..,..,..,..,..,..,..,..,..,..,..,..,..,..,..,..,..,..,..,..,..,..,..,..,..,..,..,..,..
Gibraltar,GIB,Gross portfolio debt assets to GDP (%),GFDD.DM.11,..,..,..,..,..,..,..,..,..,..,..,..,..,..,..,..,..,..,..,..,..,..,..,..,..,..,..,..,..,..,..,..,..,..,..,..,..,..,..,..,..,..,..,..,..,..,..,..,..,..,..,..,..,..,..,..,..,..,..,..,..,..
Gibraltar,GIB,Liquid liabilities to GDP (%),GFDD.DI.05,..,..,..,..,..,..,..,..,..,..,..,..,..,..,..,..,..,..,..,..,..,..,..,..,..,..,..,..,..,..,..,..,..,..,..,..,..,..,..,..,..,..,..,..,..,..,..,..,..,..,..,..,..,..,..,..,..,..,..,..,..,..
Greece,GRC,Account at a formal financial institution (% age 15+),GFDD.AI.05,..,..,..,..,..,..,..,..,..,..,..,..,..,..,..,..,..,..,..,..,..,..,..,..,..,..,..,..,..,..,..,..,..,..,..,..,..,..,..,..,..,..,..,..,..,..,..,..,..,..,..,77.93986,..,..,87.51864,..,..,85.46652,..,..,..,94.8841
Greece,GRC,"Bank accounts per 1,000 adults",GFDD.AI.01,..,..,..,..,..,..,..,..,..,..,..,..,..,..,..,..,..,..,..,..,..,..,..,..,..,..,..,..,..,..,..,..,..,..,..,..,..,..,..,..,..,..,..,..,..,..,..,..,..,..,..,..,..,..,..,..,..,..,..,..,..,..
Greece,GRC,Bank deposits to GDP (%),GFDD.OI.02,10.68159,10.86723,12.75326,13.92979,13.62336,12.62558,13.7562,13.84457,16.46569,17.36277,19.05551,21.97838,24.15998,20.59446,21.34719,23.03333,23.57062,24.53153,35.12374,33.86347,35.81845,40.96527,43.08981,43.634,46.28316,48.11362,48.55899,54.17781,55.04953,56.93019,53.42592,47.34201,44.9098,43.64343,47.88116,49.06566,50.35426,49.64184,46.08015,..,..,88.33463,80.62902,77.74349,77.59245,81.39197,81.97713,88.45957,95.32047,101.0276,93.98904,86.71474,87.30233,93.43633,93.02962,72.33491,71.83857,73.64771,77.45687,80.6794,100.7277,99.36717
Greece,GRC,Central bank assets to GDP (%),GFDD.DI.06,7.483723,7.052444,6.880811,6.285821,7.014836,6.730259,6.921167,6.51027,6.440929,6.665716,5.748557,5.364666,4.874104,6.021495,7.585973,6.497866,6.495124,7.236248,8.275392,8.378764,9.147605,13.19198,17.39322,12.45746,12.32924,11.51409,10.14119,22.70608,21.05845,20.54457,20.60881,19.4572,20.58343,31.95028,26.0069,22.30581,18.44921,15.43697,13.54762,..,..,11.42489,10.53095,8.646488,7.629726,7.012578,6.164453,5.367971,4.916732,5.202203,6.942585,7.624392,7.144032,7.033978,7.158816,6.524956,7.394523,6.981792,6.664699,6.294679,16.19527,22.53514
Greece,GRC,Credit card (% age 15+),GFDD.AI.20,..,..,..,..,..,..,..,..,..,..,..,..,..,..,..,..,..,..,..,..,..,..,..,..,..,..,..,..,..,..,..,..,..,..,..,..,..,..,..,..,..,..,..,..,..,..,..,..,..,..,..,17.46449,..,..,11.57229,..,..,11.96967,..,..,..,23.16905
Greece,GRC,Credit to government and state-owned enterprises to GDP (%),GFDD.EI.08,..,..,..,..,..,..,..,..,..,..,..,..,..,..,..,..,..,..,..,..,..,..,..,..,..,..,..,..,..,..,..,..,..,..,..,..,..,..,..,..,..,30.13985,27.67453,20.6579,17.79153,21.56118,18.66369,15.66517,15.13903,17.61515,28.13085,29.08933,14.99039,12.12723,13.2947,13.44795,10.91899,10.69963,10.13825,10.74595,16.5884,..
Greece,GRC,Credit flows by fintech and bigtech companies to GDP (%),GFDD.DM.16,..,..,..,..,..,..,..,..,..,..,..,..,..,..,..,..,..,..,..,..,..,..,..,..,..,..,..,..,..,..,..,..,..,..,..,..,..,..,..,..,..,..,..,..,..,..,..,..,..,..,..,..,..,..,..,..,..,..,..,..,..,..
Greece,GRC,Deposit money bank assets to deposit money bank assets and central bank assets (%),GFDD.DI.04,62.93744,63.79221,68.02365,72.67207,69.99701,68.51041,68.24219,71.70215,73.40517,73.84116,77.98984,81.00398,84.02582,78.95001,75.7317,79.92534,80.71756,80.25373,86.47538,85.85431,84.98573,80.96268,76.49338,82.47672,82.594,84.09009,85.88348,74.02603,75.5828,76.91805,76.07033,75.25513,74.60379,66.18874,69.8619,73.47298,76.8087,79.54675,81.26085,..,..,87.51927,88.48204,89.98524,91.28918,93.01857,93.89479,94.90884,95.49775,95.30002,95.29167,95.10698,94.91497,94.88621,94.78778,95.07643,94.16267,94.10172,93.84731,93.56525,85.90166,76.44729
Greece,GRC,Insurance company assets to GDP (%),GFDD.DI.11,..,..,..,..,..,..,..,..,..,..,..,..,..,..,..,..,..,..,..,..,..,..,..,..,..,..,..,..,..,..,..,..,..,..,..,2.9732355,3.2279779,3.1740307,3.4703108,4.9510895,5.0592124,4.78863,4.2725849,4.2927833,4.6908919,5.5195605,5.6668096,5.9812735,5.5873706,6.0385413,6.5416011,6.8397137,7.7971919,8.5155812,8.6582312,8.827919,8.8827036,9.0860901,9.1373985,9.9687637,11.819224,..
Greece,GRC,Gross portfolio debt assets to GDP (%),GFDD.DM.11,..,..,..,..,..,..,..,..,..,..,..,..,..,..,..,..,..,..,..,..,..,..,..,..,..,..,..,..,..,..,..,..,..,..,..,..,..,..,..,..,..,5.00102,9.674564,14.86054,19.28313,24.87229,27.46884,33.62996,29.99805,34.83962,27.9652,24.9013,58.05462,59.33749,56.64023,58.08372,61.7982,56.61262,51.99517,66.66828,100.1659,..
Greece,GRC,Liquid liabilities to GDP (%),GFDD.DI.05,20.13447,20.46062,23.69055,25.24167,25.59496,24.27315,25.53022,27.48896,29.35912,29.04528,30.33055,33.70828,35.74218,31.83517,33.44662,34.81813,34.78935,35.75704,46.5052,44.52793,45.84973,51.29201,52.69247,53.24302,55.4018,56.82561,57.50015,62.56739,63.1662,65.62285,62.2084,55.02093,52.15744,50.4803,54.48127,55.71393,56.85025,55.92664,51.99325,..,..,94.42817,86.26094,83.34144,83.95538,87.9433,88.64648,95.19284,103.0088,109.9464,103.9032,97.98384,99.93682,107.4203,108.6777,89.82552,90.21686,94.09112,96.70914,98.61665,122.7496,122.318
Greenland,GRL,Account at a formal financial institution (% age 15+),GFDD.AI.05,..,..,..,..,..,..,..,..,..,..,..,..,..,..,..,..,..,..,..,..,..,..,..,..,..,..,..,..,..,..,..,..,..,..,..,..,..,..,..,..,..,..,..,..,..,..,..,..,..,..,..,..,..,..,..,..,..,..,..,..,..,..
Greenland,GRL,"Bank accounts per 1,000 adults",GFDD.AI.01,..,..,..,..,..,..,..,..,..,..,..,..,..,..,..,..,..,..,..,..,..,..,..,..,..,..,..,..,..,..,..,..,..,..,..,..,..,..,..,..,..,..,..,..,..,..,..,..,..,..,..,..,..,..,..,..,..,..,..,..,..,..
Greenland,GRL,Bank deposits to GDP (%),GFDD.OI.02,..,..,..,..,..,..,..,..,..,..,..,..,..,..,..,..,..,..,..,..,..,..,..,..,..,..,..,..,..,..,..,..,..,..,..,..,..,..,..,..,..,..,..,..,..,..,..,..,..,..,..,..,..,..,..,..,..,..,..,..,..,..
Greenland,GRL,Central bank assets to GDP (%),GFDD.DI.06,..,..,..,..,..,..,..,..,..,..,..,..,..,..,..,..,..,..,..,..,..,..,..,..,..,..,..,..,..,..,..,..,..,..,..,..,..,..,..,..,..,..,..,..,..,..,..,..,..,..,..,..,..,..,..,..,..,..,..,..,..,..
Greenland,GRL,Credit card (% age 15+),GFDD.AI.20,..,..,..,..,..,..,..,..,..,..,..,..,..,..,..,..,..,..,..,..,..,..,..,..,..,..,..,..,..,..,..,..,..,..,..,..,..,..,..,..,..,..,..,..,..,..,..,..,..,..,..,..,..,..,..,..,..,..,..,..,..,..
Greenland,GRL,Credit to government and state-owned enterprises to GDP (%),GFDD.EI.08,..,..,..,..,..,..,..,..,..,..,..,..,..,..,..,..,..,..,..,..,..,..,..,..,..,..,..,..,..,..,..,..,..,..,..,..,..,..,..,..,..,..,..,..,..,..,..,..,..,..,..,..,..,..,..,..,..,..,..,..,..,..
Greenland,GRL,Credit flows by fintech and bigtech companies to GDP (%),GFDD.DM.16,..,..,..,..,..,..,..,..,..,..,..,..,..,..,..,..,..,..,..,..,..,..,..,..,..,..,..,..,..,..,..,..,..,..,..,..,..,..,..,..,..,..,..,..,..,..,..,..,..,..,..,..,..,..,..,..,..,..,..,..,..,..
Greenland,GRL,Deposit money bank assets to deposit money bank assets and central bank assets (%),GFDD.DI.04,..,..,..,..,..,..,..,..,..,..,..,..,..,..,..,..,..,..,..,..,..,..,..,..,..,..,..,..,..,..,..,..,..,..,..,..,..,..,..,..,..,..,..,..,..,..,..,..,..,..,..,..,..,..,..,..,..,..,..,..,..,..
Greenland,GRL,Insurance company assets to GDP (%),GFDD.DI.11,..,..,..,..,..,..,..,..,..,..,..,..,..,..,..,..,..,..,..,..,..,..,..,..,..,..,..,..,..,..,..,..,..,..,..,..,..,..,..,..,..,..,..,..,..,..,..,..,..,..,..,..,..,..,..,..,..,..,..,..,..,..
Greenland,GRL,Gross portfolio debt assets to GDP (%),GFDD.DM.11,..,..,..,..,..,..,..,..,..,..,..,..,..,..,..,..,..,..,..,..,..,..,..,..,..,..,..,..,..,..,..,..,..,..,..,..,..,..,..,..,..,..,..,..,..,..,..,..,..,..,..,..,..,..,..,..,..,..,..,..,..,..
Greenland,GRL,Liquid liabilities to GDP (%),GFDD.DI.05,..,..,..,..,..,..,..,..,..,..,..,..,..,..,..,..,..,..,..,..,..,..,..,..,..,..,..,..,..,..,..,..,..,..,..,..,..,..,..,..,..,..,..,..,..,..,..,..,..,..,..,..,..,..,..,..,..,..,..,..,..,..
Grenada,GRD,Account at a formal financial institution (% age 15+),GFDD.AI.05,..,..,..,..,..,..,..,..,..,..,..,..,..,..,..,..,..,..,..,..,..,..,..,..,..,..,..,..,..,..,..,..,..,..,..,..,..,..,..,..,..,..,..,..,..,..,..,..,..,..,..,..,..,..,..,..,..,..,..,..,..,..
Grenada,GRD,"Bank accounts per 1,000 adults",GFDD.AI.01,..,..,..,..,..,..,..,..,..,..,..,..,..,..,..,..,..,..,..,..,..,..,..,..,..,..,..,..,..,..,..,..,..,..,..,..,..,..,..,..,..,..,..,..,..,..,..,..,..,..,..,..,..,..,..,..,..,..,..,..,..,..
Grenada,GRD,Bank deposits to GDP (%),GFDD.OI.02,..,..,..,..,..,..,..,..,..,..,..,..,..,..,..,..,..,37.56725,35.74531,34.37589,32.85228,33.22326,31.49174,29.67435,32.53398,33.59641,38.74871,37.97936,43.11109,41.5049,43.21087,42.07482,43.06469,54.44398,58.25859,61.66123,63.85232,65.76025,65.06098,69.13689,73.10059,81.73022,87.15884,84.25838,99.89596,80.1968,81.80981,84.97503,82.46993,91.27547,94.70174,93.67752,86.19846,84.97693,83.33706,81.83498,80.36039,77.66853,82.54256,79.47792,89.94455,89.007
Grenada,GRD,Central bank assets to GDP (%),GFDD.DI.06,..,..,..,..,..,..,..,..,..,..,..,..,..,..,..,..,..,2.510424,2.271141,2.315803,2.435618,3.046818,2.954741,2.713915,6.687282,5.801264,5.278665,4.575851,4.697372,4.838147,4.858519,4.643578,4.181945,3.387357,2.777661,2.356351,2.117266,1.766759,1.556959,1.271276,0.9858165,0.7891123,0.3817116,0.941484,0.1256586,0.108276,0.1077708,0.3130541,0.3702291,0.1992999,0.1921193,1.486548,1.476606,0.8722719,1.017937,0.3091103,..,..,..,..,..,..
Grenada,GRD,Credit card (% age 15+),GFDD.AI.20,..,..,..,..,..,..,..,..,..,..,..,..,..,..,..,..,..,..,..,..,..,..,..,..,..,..,..,..,..,..,..,..,..,..,..,..,..,..,..,..,..,..,..,..,..,..,..,..,..,..,..,..,..,..,..,..,..,..,..,..,..,..
Grenada,GRD,Credit to government and state-owned enterprises to GDP (%),GFDD.EI.08,..,..,..,..,..,..,..,..,..,..,..,..,..,..,..,..,..,..,..,..,4.657497,4.577593,10.05149,11.61662,9.14211,8.71669,7.848895,7.148519,7.680612,6.942653,7.051718,6.757004,5.253792,5.753665,5.66711,5.689246,7.268279,8.993927,8.834661,6.995945,9.371492,12.18275,13.12151,10.98863,9.079018,7.1453,8.376615,8.356806,9.80916,11.06788,10.29917,10.3009,8.232285,6.803483,5.64428,4.211678,3.902694,3.637718,3.914048,3.470257,4.049493,..
Grenada,GRD,Credit flows by fintech and bigtech companies to GDP (%),GFDD.DM.16,..,..,..,..,..,..,..,..,..,..,..,..,..,..,..,..,..,..,..,..,..,..,..,..,..,..,..,..,..,..,..,..,..,..,..,..,..,..,..,..,..,..,..,..,..,..,..,..,..,..,..,..,..,..,..,..,..,..,..,..,..,..
Grenada,GRD,Deposit money bank assets to deposit money bank assets and central bank assets (%),GFDD.DI.04,..,..,..,..,..,..,..,..,..,..,..,..,..,..,..,..,..,93.33177,93.86462,92.16669,92.20625,90.38155,91.85397,92.40514,81.68403,85.02311,87.7667,89.65585,89.72321,90.24613,89.87128,90.07945,91.11227,94.21859,95.01107,95.74496,96.4343,97.33458,97.6852,98.11017,98.648,98.9624,99.49061,98.66257,99.82258,99.83398,99.8531,99.59586,99.53869,99.78013,99.79664,98.46214,98.4039,98.93544,98.58352,99.50017,..,..,..,..,..,..
Grenada,GRD,Insurance company assets to GDP (%),GFDD.DI.11,..,..,..,..,..,..,..,..,..,..,..,..,..,..,..,..,..,..,..,..,..,..,..,..,..,..,..,..,..,..,..,..,..,..,..,..,..,..,..,..,..,..,..,..,..,..,..,..,..,..,..,..,..,..,..,..,..,..,..,..,..,..
Grenada,GRD,Gross portfolio debt assets to GDP (%),GFDD.DM.11,..,..,..,..,..,..,..,..,..,..,..,..,..,..,..,..,..,..,..,..,..,..,..,..,..,..,..,..,..,..,..,..,..,..,..,..,..,..,..,..,..,..,..,..,..,..,..,..,..,..,..,..,..,6.536028,7.31147,11.02896,14.6724,15.18178,16.87051,16.61897,16.56678,..
Grenada,GRD,Liquid liabilities to GDP (%),GFDD.DI.05,..,..,..,..,..,..,..,..,..,..,..,..,..,..,..,..,..,46.50293,45.02822,44.70046,43.73325,45.20493,40.28008,36.63055,37.77091,39.13137,44.80764,43.67506,48.61624,45.85523,48.27848,47.0419,48.63898,60.01019,64.30756,67.51416,69.22208,71.27226,70.38326,74.11226,78.17453,86.73017,92.34041,89.56809,106.2251,85.80358,87.34953,90.23644,87.10652,96.39755,99.47254,98.85296,91.42506,90.06226,88.37897,86.72172,85.09318,82.64388,87.10397,83.79324,95.73363,95.21511
Guam,GUM,Account at a formal financial institution (% age 15+),GFDD.AI.05,..,..,..,..,..,..,..,..,..,..,..,..,..,..,..,..,..,..,..,..,..,..,..,..,..,..,..,..,..,..,..,..,..,..,..,..,..,..,..,..,..,..,..,..,..,..,..,..,..,..,..,..,..,..,..,..,..,..,..,..,..,..
Guam,GUM,"Bank accounts per 1,000 adults",GFDD.AI.01,..,..,..,..,..,..,..,..,..,..,..,..,..,..,..,..,..,..,..,..,..,..,..,..,..,..,..,..,..,..,..,..,..,..,..,..,..,..,..,..,..,..,..,..,..,..,..,..,..,..,..,..,..,..,..,..,..,..,..,..,..,..
Guam,GUM,Bank deposits to GDP (%),GFDD.OI.02,..,..,..,..,..,..,..,..,..,..,..,..,..,..,..,..,..,..,..,..,..,..,..,..,..,..,..,..,..,..,..,..,..,..,..,..,..,..,..,..,..,..,..,..,..,..,..,..,..,..,..,..,..,..,..,..,..,..,..,..,..,..
Guam,GUM,Central bank assets to GDP (%),GFDD.DI.06,..,..,..,..,..,..,..,..,..,..,..,..,..,..,..,..,..,..,..,..,..,..,..,..,..,..,..,..,..,..,..,..,..,..,..,..,..,..,..,..,..,..,..,..,..,..,..,..,..,..,..,..,..,..,..,..,..,..,..,..,..,..
Guam,GUM,Credit card (% age 15+),GFDD.AI.20,..,..,..,..,..,..,..,..,..,..,..,..,..,..,..,..,..,..,..,..,..,..,..,..,..,..,..,..,..,..,..,..,..,..,..,..,..,..,..,..,..,..,..,..,..,..,..,..,..,..,..,..,..,..,..,..,..,..,..,..,..,..
Guam,GUM,Credit to government and state-owned enterprises to GDP (%),GFDD.EI.08,..,..,..,..,..,..,..,..,..,..,..,..,..,..,..,..,..,..,..,..,..,..,..,..,..,..,..,..,..,..,..,..,..,..,..,..,..,..,..,..,..,..,..,..,..,..,..,..,..,..,..,..,..,..,..,..,..,..,..,..,..,..
Guam,GUM,Credit flows by fintech and bigtech companies to GDP (%),GFDD.DM.16,..,..,..,..,..,..,..,..,..,..,..,..,..,..,..,..,..,..,..,..,..,..,..,..,..,..,..,..,..,..,..,..,..,..,..,..,..,..,..,..,..,..,..,..,..,..,..,..,..,..,..,..,..,..,..,..,..,..,..,..,..,..
Guam,GUM,Deposit money bank assets to deposit money bank assets and central bank assets (%),GFDD.DI.04,..,..,..,..,..,..,..,..,..,..,..,..,..,..,..,..,..,..,..,..,..,..,..,..,..,..,..,..,..,..,..,..,..,..,..,..,..,..,..,..,..,..,..,..,..,..,..,..,..,..,..,..,..,..,..,..,..,..,..,..,..,..
Guam,GUM,Insurance company assets to GDP (%),GFDD.DI.11,..,..,..,..,..,..,..,..,..,..,..,..,..,..,..,..,..,..,..,..,..,..,..,..,..,..,..,..,..,..,..,..,..,..,..,..,..,..,..,..,..,..,..,..,..,..,..,..,..,..,..,..,..,..,..,..,..,..,..,..,..,..
Guam,GUM,Gross portfolio debt assets to GDP (%),GFDD.DM.11,..,..,..,..,..,..,..,..,..,..,..,..,..,..,..,..,..,..,..,..,..,..,..,..,..,..,..,..,..,..,..,..,..,..,..,..,..,..,..,..,..,..,..,..,..,..,..,..,..,..,..,..,..,..,..,..,..,..,..,..,..,..
Guam,GUM,Liquid liabilities to GDP (%),GFDD.DI.05,..,..,..,..,..,..,..,..,..,..,..,..,..,..,..,..,..,..,..,..,..,..,..,..,..,..,..,..,..,..,..,..,..,..,..,..,..,..,..,..,..,..,..,..,..,..,..,..,..,..,..,..,..,..,..,..,..,..,..,..,..,..
Guatemala,GTM,Account at a formal financial institution (% age 15+),GFDD.AI.05,..,..,..,..,..,..,..,..,..,..,..,..,..,..,..,..,..,..,..,..,..,..,..,..,..,..,..,..,..,..,..,..,..,..,..,..,..,..,..,..,..,..,..,..,..,..,..,..,..,..,..,22.31888,..,..,40.78673,..,..,43.53529,..,..,..,..
Guatemala,GTM,"Bank accounts per 1,000 adults",GFDD.AI.01,..,..,..,..,..,..,..,..,..,..,..,..,..,..,..,..,..,..,..,..,..,..,..,..,..,..,..,..,..,..,..,..,..,..,..,..,..,..,..,..,..,..,..,..,..,..,..,..,..,..,..,..,..,..,..,..,..,..,..,..,..,..
Guatemala,GTM,Bank deposits to GDP (%),GFDD.OI.02,6.975853,7.225783,7.642532,7.966424,9.244863,9.854289,10.87222,12.23254,12.25085,13.06984,13.34034,14.64631,17.57483,17.69811,16.35616,17.90504,19.39615,18.2757,18.74609,17.4456,17.19954,17.92623,21.1013,19.6232,21.20486,23.09055,19.91729,18.96392,19.79703,19.61528,15.7179,18.47732,19.17166,16.77873,14.31554,14.82996,14.05551,15.71491,16.68108,15.42336,18.22509,23.46895,23.98241,34.82519,35.80744,37.48986,38.05795,37.10326,36.44322,39.18597,39.80902,38.5327,39.85648,41.07889,41.19663,41.9382,42.17865,42.79897,44.88989,44.94372,51.92645,50.14574
Guatemala,GTM,Central bank assets to GDP (%),GFDD.DI.06,2.481794,3.046345,2.49213,3.096294,3.240705,3.898153,3.760696,3.625731,2.887302,3.305352,3.42437,4.418581,4.825584,2.891951,5.029258,3.955128,5.264243,5.107198,5.205416,4.372265,6.245954,10.56521,16.22577,18.6442,19.94509,22.26585,17.40055,16.7348,17.33463,15.85207,13.09208,14.20353,13.7702,12.46497,11.92781,11.08463,11.71928,10.10843,8.93886,8.446711,9.220396,11.60036,9.450361,8.824978,9.055954,8.867549,8.313647,7.609442,6.738583,6.488258,5.991619,5.46977,5.40306,5.359986,5.327021,5.365171,5.372591,5.37914,5.391243,5.11267,6.872183,6.183833
Guatemala,GTM,Credit card (% age 15+),GFDD.AI.20,..,..,..,..,..,..,..,..,..,..,..,..,..,..,..,..,..,..,..,..,..,..,..,..,..,..,..,..,..,..,..,..,..,..,..,..,..,..,..,..,..,..,..,..,..,..,..,..,..,..,..,6.911695,..,..,6.303539,..,..,6.586933,..,..,..,..
Guatemala,GTM,Credit to government and state-owned enterprises to GDP (%),GFDD.EI.08,..,..,..,..,..,..,..,..,..,..,..,..,..,..,..,..,..,..,..,..,0.7793164,0.9538193,1.43398,0.677348,0.5216473,1.352427,2.067811,1.478177,0.3738136,0.8300753,0.7247151,4.446082,3.275699,2.849016,3.908038,1.567816,1.873091,2.81951,2.035356,1.811187,2.374134,3.581229,3.464109,4.20617,5.500812,9.57462,11.574,11.77004,10.69696,12.2099,12.98593,13.24259,7.467452,8.043701,8.48091,8.58052,9.059452,9.533439,11.56075,11.92151,14.04348,..
Guatemala,GTM,Credit flows by fintech and bigtech companies to GDP (%),GFDD.DM.16,..,..,..,..,..,..,..,..,..,..,..,..,..,..,..,..,..,..,..,..,..,..,..,..,..,..,..,..,..,..,..,..,..,..,..,..,..,..,..,..,..,..,..,..,..,..,..,..,..,..,..,..,..,0,0,0,0,0,0,0,..,..
Guatemala,GTM,Deposit money bank assets to deposit money bank assets and central bank assets (%),GFDD.DI.04,80.45283,77.73252,80.61224,77.60596,79.0443,77.02523,78.83448,80.20286,83.28541,81.21895,79.56754,75.75339,76.40763,84.21164,74.28849,79.34393,73.50092,74.19325,74.9703,78.3065,73.13718,62.51752,54.02119,51.62696,51.25174,47.86916,49.28414,51.81591,49.00192,50.81806,53.23361,53.58031,56.3123,57.31966,61.33821,65.27805,63.99807,67.86994,71.61969,72.69678,70.59847,68.88234,72.06373,77.39962,77.67369,79.64548,82.71008,83.95599,84.91122,85.23885,85.97153,87.0146,87.86016,88.34101,88.60605,88.96062,89.1629,89.12837,89.52213,89.89394,87.76895,88.92993
Guatemala,GTM,Insurance company assets to GDP (%),GFDD.DI.11,..,..,..,..,..,..,..,..,..,..,..,..,..,..,..,..,..,..,..,..,..,..,..,..,..,..,..,..,..,..,..,..,..,..,..,..,..,..,..,..,..,1.4013109,1.4198949,1.4510552,1.4439703,1.5257937,1.4973118,1.3952676,1.3324782,1.4122112,1.4234084,1.8253965,1.7171884,1.7672631,1.7635511,1.8246218,1.8190225,1.894227,1.9323763,1.8636179,1.9556575,..
Guatemala,GTM,Gross portfolio debt assets to GDP (%),GFDD.DM.11,..,..,..,..,..,..,..,..,..,..,..,..,..,..,..,..,..,..,..,..,..,..,..,..,..,..,..,..,..,..,..,..,..,..,..,..,..,..,..,..,..,..,..,..,..,0.6117224,0.7513386,0.610614,0.7484992,0.8549231,0.9337069,0.6777455,0.6248749,0.6098522,0.6361043,0.5628271,0.5787742,0.5299094,0.4644242,0.467281,0.447774,..
Guatemala,GTM,Liquid liabilities to GDP (%),GFDD.DI.05,12.88808,13.02127,13.1602,13.28001,14.79486,15.61514,16.70382,17.92226,17.42937,18.36889,18.38761,19.60903,22.98577,23.01494,21.33165,22.68301,24.78409,23.43947,24.06681,22.71608,22.01378,22.61284,25.71756,24.43757,26.05174,29.30617,24.97664,24.1957,24.9725,25.20119,21.24607,22.89422,24.19635,21.61006,19.30395,19.55982,18.44414,20.4652,21.26727,21.19413,23.25457,23.14202,23.58744,34.50477,35.57598,37.31131,37.79436,36.79,36.08619,38.66477,39.17897,37.95157,39.34474,40.43417,40.51632,41.1728,41.73071,42.00894,43.35259,43.01485,49.50069,48.13491
Guinea,GIN,Account at a formal financial institution (% age 15+),GFDD.AI.05,..,..,..,..,..,..,..,..,..,..,..,..,..,..,..,..,..,..,..,..,..,..,..,..,..,..,..,..,..,..,..,..,..,..,..,..,..,..,..,..,..,..,..,..,..,..,..,..,..,..,..,3.68785,..,..,6.170127,..,..,14.62788,..,..,..,13.77075
Guinea,GIN,"Bank accounts per 1,000 adults",GFDD.AI.01,..,..,..,..,..,..,..,..,..,..,..,..,..,..,..,..,..,..,..,..,..,..,..,..,..,..,..,..,..,..,..,..,..,..,..,..,..,..,..,..,..,..,..,..,18.763868,19.891735,28.758312,33.565084,36.290978,43.150716,50.039,55.871144,64.564731,67.287367,75.285614,71.855634,69.947651,82.940476,86.201581,94.468801,95.165138,..
Guinea,GIN,Bank deposits to GDP (%),GFDD.OI.02,..,..,..,..,..,..,..,..,..,..,..,..,..,..,..,..,..,..,..,..,..,..,..,..,..,..,..,..,..,3.328723,3.267878,3.47882,3.891307,4.518048,4.437279,4.615254,4.898947,5.160236,5.074245,4.986643,5.529587,6.447278,7.631017,8.663124,10.73019,11.18071,12.43969,7.475068,9.486848,9.761229,16.17352,17.65522,13.15415,14.85836,16.14458,18.23103,16.99413,15.92402,17.38563,18.63651,18.88813,17.96657
Guinea,GIN,Central bank assets to GDP (%),GFDD.DI.06,..,..,..,..,..,..,..,..,..,..,..,..,..,..,..,..,..,..,..,..,..,..,..,..,..,..,..,..,..,..,..,6.496956,5.768088,5.947762,6.930734,9.194871,11.15274,13.04867,15.77372,..,16.07608,26.59676,14.96022,17.05993,16.41355,24.75311,21.26426,10.37016,11.30423,20.9159,25.82787,22.31704,12.28066,10.95879,10.26227,12.14346,10.80263,9.569602,11.09363,10.58386,10.54933,9.620364
Guinea,GIN,Credit card (% age 15+),GFDD.AI.20,..,..,..,..,..,..,..,..,..,..,..,..,..,..,..,..,..,..,..,..,..,..,..,..,..,..,..,..,..,..,..,..,..,..,..,..,..,..,..,..,..,..,..,..,..,..,..,..,..,..,..,1.252446,..,..,1.986435,..,..,2.769331,..,..,..,0.9035924
Guinea,GIN,Credit to government and state-owned enterprises to GDP (%),GFDD.EI.08,..,..,..,..,..,..,..,..,..,..,..,..,..,..,..,..,..,..,..,..,..,..,..,..,..,..,..,..,..,0.0078421,0.0080018,0.00117,0.0019165,0.2917914,0.2875746,0.5923364,0.7294037,0.8234944,0.7164198,0.5910115,0.2582738,0.633788,1.812881,3.067622,3.433788,3.062978,3.18565,1.396255,2.578918,1.407797,5.165637,5.268363,3.689923,3.653746,3.389198,4.933619,4.407073,3.931037,4.217632,4.870983,6.603525,..
Guinea,GIN,Credit flows by fintech and bigtech companies to GDP (%),GFDD.DM.16,..,..,..,..,..,..,..,..,..,..,..,..,..,..,..,..,..,..,..,..,..,..,..,..,..,..,..,..,..,..,..,..,..,..,..,..,..,..,..,..,..,..,..,..,..,..,..,..,..,..,..,..,..,..,..,..,..,..,..,..,..,..
Guinea,GIN,Deposit money bank assets to deposit money bank assets and central bank assets (%),GFDD.DI.04,..,..,..,..,..,..,..,..,..,..,..,..,..,..,..,..,..,..,..,..,..,..,..,..,..,..,..,..,..,..,..,34.97677,38.40784,43.4258,40.77077,38.58984,34.40188,29.9378,22.28175,..,20.85101,14.90757,29.17881,31.85022,33.11887,26.9431,24.63411,28.80674,32.10413,16.17183,26.03639,35.08916,43.27631,49.73734,56.11242,55.96154,56.7833,56.30307,56.65246,59.46056,61.01243,60.62183
Guinea,GIN,Insurance company assets to GDP (%),GFDD.DI.11,..,..,..,..,..,..,..,..,..,..,..,..,..,..,..,..,..,..,..,..,..,..,..,..,..,..,..,..,..,..,..,..,..,..,..,..,..,..,..,..,..,..,..,..,..,..,..,..,..,..,..,..,..,..,..,..,..,..,..,..,..,..
Guinea,GIN,Gross portfolio debt assets to GDP (%),GFDD.DM.11,..,..,..,..,..,..,..,..,..,..,..,..,..,..,..,..,..,..,..,..,..,..,..,..,..,..,..,..,..,..,..,..,..,..,..,..,..,..,..,..,..,..,..,..,..,..,..,..,..,..,..,0.0016212,0.0431834,..,..,0.0123946,0.0117778,0.0097942,0.0091129,..,..,..
Guinea,GIN,Liquid liabilities to GDP (%),GFDD.DI.05,..,..,..,..,..,..,..,..,..,..,..,..,..,..,..,..,..,..,..,..,..,..,..,..,..,..,..,..,..,..,..,9.174429,8.676755,10.07448,9.223887,9.259317,9.040397,10.01587,9.973487,..,11.68128,12.49814,14.16214,16.06999,18.3897,18.69013,17.89689,12.93418,14.73199,17.36858,26.44139,27.15819,20.85625,22.87167,24.1405,27.01541,25.37311,23.99133,25.30811,26.91808,27.78418,26.13544
Guinea-Bissau,GNB,Account at a formal financial institution (% age 15+),GFDD.AI.05,..,..,..,..,..,..,..,..,..,..,..,..,..,..,..,..,..,..,..,..,..,..,..,..,..,..,..,..,..,..,..,..,..,..,..,..,..,..,..,..,..,..,..,..,..,..,..,..,..,..,..,..,..,..,..,..,..,..,..,..,..,..
Guinea-Bissau,GNB,"Bank accounts per 1,000 adults",GFDD.AI.01,..,..,..,..,..,..,..,..,..,..,..,..,..,..,..,..,..,..,..,..,..,..,..,..,..,..,..,..,..,..,..,..,..,..,..,..,..,..,..,..,..,..,..,..,9.5127585,13.793993,25.844704,34.884877,44.437513,61.334224,48.035903,63.086873,76.035103,63.861599,79.02805,97.747464,94.89457,118.42912,142.11096,147.11748,155.81461,..
Guinea-Bissau,GNB,Bank deposits to GDP (%),GFDD.OI.02,..,..,..,..,..,..,..,..,..,..,..,..,..,..,..,..,..,..,..,..,..,..,..,..,..,..,..,..,..,..,9.627353,6.840893,9.466378,9.282686,10.83075,10.30256,9.867924,4.310221,4.540154,4.437912,7.563656,5.643707,4.911877,2.766945,3.535505,3.464887,4.622075,7.02407,8.393231,9.233948,11.61681,17.84162,14.78488,17.46856,16.46793,16.86433,14.96157,13.6939,15.54127,15.47574,18.5034,19.60174
Guinea-Bissau,GNB,Central bank assets to GDP (%),GFDD.DI.06,..,..,..,..,..,..,..,..,..,..,..,..,..,..,..,..,..,..,..,..,..,..,..,..,..,..,43.89669,44.68851,39.37036,41.16624,24.46319,13.69454,11.83568,8.701079,8.867177,6.695392,6.99863,2.623422,3.571564,3.667157,7.336735,6.713579,6.242515,5.570894,5.204301,4.345781,3.773559,2.894789,2.740947,4.684852,3.611322,4.256799,4.252656,3.311272,3.700953,3.517498,5.613359,5.394817,5.765565,5.650719,5.534404,8.403504
Guinea-Bissau,GNB,Credit card (% age 15+),GFDD.AI.20,..,..,..,..,..,..,..,..,..,..,..,..,..,..,..,..,..,..,..,..,..,..,..,..,..,..,..,..,..,..,..,..,..,..,..,..,..,..,..,..,..,..,..,..,..,..,..,..,..,..,..,..,..,..,..,..,..,..,..,..,..,..
Guinea-Bissau,GNB,Credit to government and state-owned enterprises to GDP (%),GFDD.EI.08,..,..,..,..,..,..,..,..,..,..,..,..,..,..,..,..,..,..,..,..,..,..,..,..,..,..,..,..,..,..,0.2980202,0.2114805,0.2857217,0.2976142,0.287481,0.1473134,0.0204505,0.005252,0.0061374,0.0059992,..,0.0728006,0.0772065,0.6155,1.068077,2.298362,1.782126,1.872455,1.347644,3.081406,2.196867,3.567776,4.50555,3.719767,5.206602,10.27575,10.6583,3.595442,3.202223,5.767794,5.496464,..
Guinea-Bissau,GNB,Credit flows by fintech and bigtech companies to GDP (%),GFDD.DM.16,..,..,..,..,..,..,..,..,..,..,..,..,..,..,..,..,..,..,..,..,..,..,..,..,..,..,..,..,..,..,..,..,..,..,..,..,..,..,..,..,..,..,..,..,..,..,..,..,..,..,..,..,..,..,..,..,..,..,..,..,..,..
Guinea-Bissau,GNB,Deposit money bank assets to deposit money bank assets and central bank assets (%),GFDD.DI.04,..,..,..,..,..,..,..,..,..,..,..,..,..,..,..,..,..,..,..,..,..,..,..,..,..,..,..,..,..,..,49.41672,53.12472,45.39328,51.55471,55.61526,52.27678,41.20792,41.78466,44.24017,43.02967,37.28182,18.008,18.07825,14.88212,17.03259,30.30073,45.85711,65.3279,69.70815,62.37715,67.89063,72.96012,77.30167,82.37228,79.76927,83.05962,75.45535,73.45277,74.6953,77.98578,79.27096,70.83452
Guinea-Bissau,GNB,Insurance company assets to GDP (%),GFDD.DI.11,..,..,..,..,..,..,..,..,..,..,..,..,..,..,..,..,..,..,..,..,..,..,..,..,..,..,..,..,..,..,..,..,..,..,..,..,..,..,..,..,..,..,..,..,..,..,..,..,..,..,..,..,..,..,..,..,..,..,..,..,..,..
Guinea-Bissau,GNB,Gross portfolio debt assets to GDP (%),GFDD.DM.11,..,..,..,..,..,..,..,..,..,..,..,..,..,..,..,..,..,..,..,..,..,..,..,..,..,..,..,..,..,..,..,..,..,..,..,..,..,..,..,..,..,..,..,..,..,0.9838668,1.107016,2.08357,0.9454337,0.0034949,0.0236097,0.7610064,0.8556172,1.881355,1.401633,2.825279,3.83439,5.464148,8.470516,10.25403,..,..
Guinea-Bissau,GNB,Liquid liabilities to GDP (%),GFDD.DI.05,..,..,..,..,..,..,..,..,..,..,..,..,..,..,..,..,..,..,..,..,..,..,..,..,..,..,17.9993,23.48832,21.67394,14.10762,68.86858,12.74749,16.11738,14.87558,17.36739,16.43591,15.68671,9.266267,9.62149,11.43053,23.58045,23.27282,26.66907,9.49592,14.1827,15.52849,16.63066,19.10619,20.98635,22.76168,25.47672,33.88633,30.37623,34.10574,43.57867,45.4645,45.37202,40.32544,43.66451,43.38777,48.4484,47.29222
Guyana,GUY,Account at a formal financial institution (% age 15+),GFDD.AI.05,..,..,..,..,..,..,..,..,..,..,..,..,..,..,..,..,..,..,..,..,..,..,..,..,..,..,..,..,..,..,..,..,..,..,..,..,..,..,..,..,..,..,..,..,..,..,..,..,..,..,..,..,..,..,..,..,..,..,..,..,..,..
Guyana,GUY,"Bank accounts per 1,000 adults",GFDD.AI.01,..,..,..,..,..,..,..,..,..,..,..,..,..,..,..,..,..,..,..,..,..,..,..,..,..,..,..,..,..,..,..,..,..,..,..,..,..,..,..,..,..,..,..,..,..,..,..,..,..,..,..,..,..,..,..,..,..,..,..,..,..,..
Guyana,GUY,Bank deposits to GDP (%),GFDD.OI.02,13.67375,11.98996,14.30281,19.38268,20.87451,20.35862,20.91049,23.03786,23.99129,24.27196,24.32599,27.21503,30.85316,34.07273,27.43029,30.49827,34.42646,42.58309,41.77171,44.90061,45.56055,50.7814,70.31258,84.03147,87.13361,91.61318,100.5709,90.46155,100.4595,61.00277,61.6167,42.71037,59.45825,56.43172,50.46432,54.38116,59.54474,61.1678,65.82199,62.45482,65.68083,76.44306,80.36876,83.78881,84.87793,84.68397,34.14151,33.1067,33.14029,34.88223,37.07809,38.40006,39.75786,41.24748,41.66631,41.5823,41.51966,37.94367,39.12623,41.31914,43.10662,36.32243
Guyana,GUY,Central bank assets to GDP (%),GFDD.DI.06,0.8224812,1.004394,0.9575105,1.062064,0.9583707,0.9379311,3.08642,1.656008,0.9144723,3.502006,3.950523,3.613899,4.798265,13.8035,3.008379,3.740547,22.39292,30.77149,31.24974,44.42915,54.93475,58.45811,101.475,138.038,145.5646,165.559,195.9355,192.9594,..,..,..,177.6366,..,185.7819,160.3506,143.5675,99.63023,75.17738,65.94734,61.77584,59.16167,40.40079,38.75918,37.82326,33.89881,31.2962,11.54895,9.400926,8.523809,8.117352,7.266366,6.666451,5.946629,5.940504,5.597615,6.695643,8.997743,8.46288,12.39037,11.77094,17.1188,16.86169
Guyana,GUY,Credit card (% age 15+),GFDD.AI.20,..,..,..,..,..,..,..,..,..,..,..,..,..,..,..,..,..,..,..,..,..,..,..,..,..,..,..,..,..,..,..,..,..,..,..,..,..,..,..,..,..,..,..,..,..,..,..,..,..,..,..,..,..,..,..,..,..,..,..,..,..,..
Guyana,GUY,Credit to government and state-owned enterprises to GDP (%),GFDD.EI.08,..,..,..,..,..,..,..,..,..,..,..,..,..,..,..,..,..,..,..,..,21.44432,28.44356,36.49316,58.88943,50.82615,61.5887,49.73648,14.54514,19.65709,16.84847,16.25015,10.37786,14.88628,18.16226,11.6624,9.794732,10.40631,10.31383,9.735649,7.091392,9.503653,10.16619,11.00856,13.8659,15.42149,16.0379,15.75605,12.69794,12.7284,13.27347,13.77741,13.39731,9.969873,10.02678,7.989261,8.115679,8.039694,7.372556,7.8199,7.442046,7.654043,..
Guyana,GUY,Credit flows by fintech and bigtech companies to GDP (%),GFDD.DM.16,..,..,..,..,..,..,..,..,..,..,..,..,..,..,..,..,..,..,..,..,..,..,..,..,..,..,..,..,..,..,..,..,..,..,..,..,..,..,..,..,..,..,..,..,..,..,..,..,..,..,..,..,..,..,..,..,..,..,..,..,..,..
Guyana,GUY,Deposit money bank assets to deposit money bank assets and central bank assets (%),GFDD.DI.04,93.18182,90.18404,90.44777,89.96865,91.01123,93.65672,83.02687,90.52265,95.64112,85.72153,85.27435,87.75652,85.52036,69.90706,89.69062,88.77305,59.36792,57.5696,56.48793,50.3988,46.21336,50.89712,43.52902,45.30801,42.61354,42.73941,36.19246,23.72239,..,..,..,18.4007,..,23.68169,22.06952,24.66755,38.13044,47.22735,52.50801,51.36875,54.34913,64.7621,66.43309,66.35503,68.42703,70.56003,71.65756,74.18658,76.76729,78.17995,81.07031,83.42795,84.85576,85.85882,86.76237,84.82626,80.25342,80.47146,74.4133,75.09949,67.05375,65.18602
Guyana,GUY,Insurance company assets to GDP (%),GFDD.DI.11,..,..,..,..,..,..,..,..,..,..,..,..,..,..,..,..,..,..,..,..,..,..,..,..,..,..,..,..,..,..,..,..,..,..,..,..,..,..,..,..,..,..,..,8.3763941,10.334573,8.4291806,7.3468279,7.5942355,7.7399814,4.8923378,4.5127016,4.427676,4.3901301,4.7990969,5.7441797,5.5030111,5.4032994,5.5811435,7.2700091,7.5880235,7.5809134,..
Guyana,GUY,Gross portfolio debt assets to GDP (%),GFDD.DM.11,..,..,..,..,..,..,..,..,..,..,..,..,..,..,..,..,..,..,..,..,..,..,..,..,..,..,..,..,..,..,..,..,..,..,..,..,..,..,..,..,..,..,..,..,..,..,..,..,..,..,..,..,..,..,..,..,7.32095,7.692424,9.673992,10.07462,7.221237,..
Guyana,GUY,Liquid liabilities to GDP (%),GFDD.DI.05,21.31597,19.08349,21.48414,27.91238,28.63133,28.02759,28.08642,30.12109,31.35016,31.43923,31.29593,34.4345,38.88537,42.69913,34.0949,38.21153,43.68233,55.27927,54.11288,56.08702,56.6073,62.4248,86.27047,102.346,107.2577,113.2391,124.018,111.364,125.8304,75.55469,75.71272,52.22869,70.35049,67.17648,61.37193,64.51879,69.60559,71.65775,76.28164,73.31934,76.58512,85.17899,88.55247,92.47834,92.73025,94.61161,38.60923,37.65325,37.94691,34.03894,36.16464,37.29669,38.70962,39.85272,40.52845,40.3311,40.14122,36.36152,37.32312,39.86744,40.9982,34.38336
Haiti,HTI,Account at a formal financial institution (% age 15+),GFDD.AI.05,..,..,..,..,..,..,..,..,..,..,..,..,..,..,..,..,..,..,..,..,..,..,..,..,..,..,..,..,..,..,..,..,..,..,..,..,..,..,..,..,..,..,..,..,..,..,..,..,..,..,..,22.00727,..,..,17.4961,..,..,28.18895,..,..,..,..
Haiti,HTI,"Bank accounts per 1,000 adults",GFDD.AI.01,..,..,..,..,..,..,..,..,..,..,..,..,..,..,..,..,..,..,..,..,..,..,..,..,..,..,..,..,..,..,..,..,..,..,..,..,..,..,..,..,..,..,..,..,208.81624,239.33585,273.74384,302.77623,328.52701,349.27105,336.26701,334.16423,329.51395,302.92329,217.56514,264.85246,281.46536,279.36691,274.96978,267.46405,252.99175,..
Haiti,HTI,Bank deposits to GDP (%),GFDD.OI.02,2.306111,2.670936,2.433515,1.360941,1.416133,1.464293,1.348658,1.605849,1.561067,1.557564,1.710782,1.849104,2.784181,3.135607,3.781372,4.471294,5.273402,6.067478,7.176339,6.950023,7.822599,7.471766,7.723615,7.756034,7.649963,7.737386,7.399444,16.71048,27.50473,33.75702,38.59628,41.62897,54.2774,46.95956,17.88665,14.80527,14.02709,14.95919,14.38316,16.09244,17.36822,17.62028,19.54309,24.19086,20.56781,20.70024,19.57565,18.86155,18.7997,18.51698,22.90742,22.24195,21.9959,20.92509,21.45687,25.07632,25.45016,23.5071,24.90975,24.23067,20.70943,24.16631
Haiti,HTI,Central bank assets to GDP (%),GFDD.DI.06,9.846727,10.85345,11.77026,6.649478,6.644413,6.083145,5.608412,6.935134,7.096982,7.073909,7.181875,6.688792,6.998302,6.640016,7.012562,9.373605,10.27069,12.76786,14.46658,13.4691,15.30457,16.39248,16.04326,18.11276,16.73091,15.1985,14.8573,30.72113,48.80625,53.45641,41.51381,40.04082,48.28446,35.51656,13.72594,10.29543,9.297262,8.478683,7.918903,8.959512,10.45805,10.80674,12.57339,13.08625,11.57894,10.36927,9.719904,9.864655,11.00468,10.71171,12.4141,10.90706,11.07269,7.819181,7.896169,8.291269,7.255571,8.353068,9.451279,10.39959,11.93658,13.40568
Haiti,HTI,Credit card (% age 15+),GFDD.AI.20,..,..,..,..,..,..,..,..,..,..,..,..,..,..,..,..,..,..,..,..,..,..,..,..,..,..,..,..,..,..,..,..,..,..,..,..,..,..,..,..,..,..,..,..,..,..,..,..,..,..,..,1.759632,..,..,3.775248,..,..,6.887282,..,..,..,..
Haiti,HTI,Credit to government and state-owned enterprises to GDP (%),GFDD.EI.08,..,..,..,..,..,..,..,..,..,..,..,..,..,..,..,..,..,..,..,..,0.0064708,0.0350675,0.0280653,0.5053394,0.3886769,0.2349597,0.2057276,0.2780298,0.6756083,0.8128057,0.2485566,0.2193201,0.2207963,0.1015617,0.4360905,0.0276389,0.0140174,1.618662,1.093703,1.425896,2.444986,1.730817,2.183233,3.763874,3.258238,4.519678,2.201103,1.653988,1.414148,1.534521,3.159801,2.069621,1.625081,1.767642,2.218689,3.200523,3.314658,3.719769,3.342817,3.572296,4.496441,..
Haiti,HTI,Credit flows by fintech and bigtech companies to GDP (%),GFDD.DM.16,..,..,..,..,..,..,..,..,..,..,..,..,..,..,..,..,..,..,..,..,..,..,..,..,..,..,..,..,..,..,..,..,..,..,..,..,..,..,..,..,..,..,..,..,..,..,..,..,..,..,..,..,..,..,..,..,..,..,..,..,..,..
Haiti,HTI,Deposit money bank assets to deposit money bank assets and central bank assets (%),GFDD.DI.04,13.67137,12.59655,11.14087,11.52738,11.80401,17.4775,19.38475,19.06933,16.6041,18.54391,20.70823,20.10815,23.04423,31.47328,38.80159,33.9841,33.22293,30.58336,31.28223,32.15939,28.15758,27.59273,27.53605,24.919,25.36445,25.19316,23.66583,22.35516,26.55433,30.00006,33.86636,33.73418,32.76239,34.36573,35.23718,41.298,43.82876,53.7855,52.12738,50.01517,49.29794,45.49337,46.62155,48.04473,45.94328,51.4409,48.5681,45.77156,44.9944,44.64754,42.18253,45.86128,50.43938,59.08207,60.66716,59.40988,62.13487,57.94337,57.34141,54.0121,47.34351,46.18562
Haiti,HTI,Insurance company assets to GDP (%),GFDD.DI.11,..,..,..,..,..,..,..,..,..,..,..,..,..,..,..,..,..,..,..,..,..,..,..,..,..,..,..,..,..,..,..,..,..,..,..,..,..,..,..,..,..,..,..,..,..,..,..,..,..,..,..,..,..,..,..,..,..,..,..,..,..,..
Haiti,HTI,Gross portfolio debt assets to GDP (%),GFDD.DM.11,..,..,..,..,..,..,..,..,..,..,..,..,..,..,..,..,..,..,..,..,..,..,..,..,..,..,..,..,..,..,..,..,..,..,..,..,..,..,..,..,..,..,..,..,..,..,..,..,..,..,..,..,..,..,..,..,..,..,..,..,..,..
Haiti,HTI,Liquid liabilities to GDP (%),GFDD.DI.05,10.13225,11.4806,11.37296,6.118819,5.745069,5.50176,4.785627,5.57782,5.995054,6.363002,6.909914,6.909662,8.726746,8.686699,8.537747,9.102406,10.83498,12.13738,14.10129,13.85753,14.55581,14.83719,14.73828,14.34619,14.71773,14.90126,14.64569,33.51058,45.71088,68.04527,54.80568,56.87842,76.00529,64.91122,25.688,20.97609,18.52149,19.2192,17.99949,20.2494,21.74627,22.23503,25.1706,29.37277,25.24162,25.43878,24.06729,23.40109,23.39663,22.71236,28.35555,28.03878,27.69284,26.40826,26.84555,30.85865,30.89799,28.66314,30.90124,30.40964,27.19351,31.43869
Honduras,HND,Account at a formal financial institution (% age 15+),GFDD.AI.05,..,..,..,..,..,..,..,..,..,..,..,..,..,..,..,..,..,..,..,..,..,..,..,..,..,..,..,..,..,..,..,..,..,..,..,..,..,..,..,..,..,..,..,..,..,..,..,..,..,..,..,20.51226,..,..,30.04366,..,..,42.94443,..,..,..,33.87651
Honduras,HND,"Bank accounts per 1,000 adults",GFDD.AI.01,..,..,..,..,..,..,..,..,..,..,..,..,..,..,..,..,..,..,..,..,..,..,..,..,..,..,..,..,..,..,..,..,..,..,..,..,..,..,..,..,..,..,..,..,..,..,..,..,..,..,..,..,..,..,..,..,..,..,..,..,..,..
Honduras,HND,Bank deposits to GDP (%),GFDD.OI.02,9.235811,9.418866,9.967762,10.37299,10.57987,11.28477,11.89199,11.34426,12.36085,14.11677,15.40802,17.2435,17.99502,19.12329,17.71871,18.57206,19.26929,19.47889,12.84207,11.88111,11.8531,12.70928,14.71345,16.54233,16.9796,15.52162,16.0387,17.59464,17.92439,17.55195,15.66979,16.17118,18.39774,16.9448,17.45312,17.45447,20.85675,28.30787,30.28568,34.14732,35.22403,37.70398,39.29294,39.70128,41.33658,42.64969,46.96014,49.90221,47.09433,45.22319,45.25714,45.75613,45.64654,47.65389,49.01834,47.60007,52.52943,52.80378,54.08372,55.92024,68.76589,64.50345
Honduras,HND,Central bank assets to GDP (%),GFDD.DI.06,2.428125,4.211117,4.177949,6.521209,6.66302,6.586061,5.745977,1.997994,0.7266543,2.297904,3.222683,4.487004,4.464509,4.060274,4.562591,4.172598,3.772255,2.446841,2.838009,3.700326,4.310562,6.451701,6.679943,5.669358,6.734059,7.087749,6.236538,7.635868,10.00121,9.574833,9.946445,5.933505,6.122891,6.682852,4.175632,2.730978,2.216988,2.002966,1.832814,1.418827,1.076716,5.508921,5.525298,6.70855,6.714856,6.343919,5.721068,5.122083,5.005123,6.086025,7.25928,7.010858,6.813018,6.492576,5.842559,5.194645,4.714871,4.21876,3.864997,3.519701,5.580161,5.403766
Honduras,HND,Credit card (% age 15+),GFDD.AI.20,..,..,..,..,..,..,..,..,..,..,..,..,..,..,..,..,..,..,..,..,..,..,..,..,..,..,..,..,..,..,..,..,..,..,..,..,..,..,..,..,..,..,..,..,..,..,..,..,..,..,..,5.280507,..,..,6.078617,..,..,4.519917,..,..,..,3.320772
Honduras,HND,Credit to government and state-owned enterprises to GDP (%),GFDD.EI.08,..,..,..,..,..,..,..,..,..,..,..,..,..,..,..,..,..,..,..,..,2.996351,2.888304,3.889602,5.813437,6.398373,6.275908,7.544258,7.118948,6.798353,6.668232,5.59046,5.637336,4.420534,3.515553,3.800081,2.817558,1.8351,1.005577,0.5026262,0.5187935,0.6205732,0.7633248,0.9764905,1.185506,1.462952,1.558454,2.26148,2.10696,2.287327,3.729312,3.888753,5.524536,5.956638,7.018741,7.328653,7.20664,6.846579,6.718797,7.612739,8.08794,10.82274,..
Honduras,HND,Credit flows by fintech and bigtech companies to GDP (%),GFDD.DM.16,..,..,..,..,..,..,..,..,..,..,..,..,..,..,..,..,..,..,..,..,..,..,..,..,..,..,..,..,..,..,..,..,..,..,..,..,..,..,..,..,..,..,..,..,..,..,..,..,..,..,..,..,..,..,..,..,..,..,..,..,..,..
Honduras,HND,Deposit money bank assets to deposit money bank assets and central bank assets (%),GFDD.DI.04,82.04846,72.62774,73.33333,64.89501,65.37805,68.70621,74.2671,90.6348,96.56684,91.29818,88.91795,85.86816,86.77853,88.51875,87.38811,89.23695,90.2726,93.64597,88.59405,85.57999,83.36655,77.74651,78.68601,83.04496,80.80881,80.51055,83.10471,80.49877,74.90696,74.84449,71.29108,79.42072,79.67439,77.11842,84.82126,88.41241,90.85846,93.14932,94.47536,96.11242,96.99334,87.05663,86.92782,84.84359,85.25079,86.32091,89.023,91.3119,91.46812,89.74577,87.4852,88.16464,89.26477,90.40507,91.36411,92.17244,93.0676,93.73395,94.65665,95.21497,93.31982,93.38592
Honduras,HND,Insurance company assets to GDP (%),GFDD.DI.11,..,..,..,..,..,..,..,..,..,..,..,..,..,..,..,..,..,..,..,..,..,..,..,..,..,..,..,..,..,..,..,..,..,..,..,..,..,..,4.501378,2.942617,2.8762129,3.0646566,3.1912445,3.3032946,2.9159431,2.7935575,2.7532141,2.8714167,3.0407242,3.1555642,3.0511029,2.8626244,3.0368237,3.0865295,3.0090794,2.910596,3.0066193,3.0477352,2.8439029,2.6706451,4.2952118,..
Honduras,HND,Gross portfolio debt assets to GDP (%),GFDD.DM.11,..,..,..,..,..,..,..,..,..,..,..,..,..,..,..,..,..,..,..,..,..,..,..,..,..,..,..,..,..,..,..,..,..,..,..,..,..,..,..,..,..,..,..,..,1.305326,1.816846,1.860368,1.872226,1.805995,1.65811,1.629135,1.203472,1.214011,1.221675,1.070739,1.13328,1.19832,1.22308,1.313441,1.349291,1.452915,..
Honduras,HND,Liquid liabilities to GDP (%),GFDD.DI.05,15.10502,14.90736,15.42231,15.91906,15.97374,16.83869,17.41977,16.40194,17.26963,19.89521,20.99585,22.97538,23.84184,25.57808,23.21411,24.03915,26.24629,25.61545,16.6503,15.84383,15.50719,16.57437,18.79525,20.97305,21.14413,19.36769,19.66861,22.07407,22.6207,22.38127,21.0014,20.39645,23.13064,21.81568,23.01362,22.57849,26.03669,34.34206,36.14999,40.42348,40.26611,38.11088,39.33993,39.6533,41.30725,41.8717,45.74326,48.51114,45.87393,43.98292,43.78888,44.52613,44.32557,45.69726,46.69395,45.06076,49.88264,49.33889,50.5327,51.78723,63.76956,60.50622
"Hong Kong SAR, China",HKG,Account at a formal financial institution (% age 15+),GFDD.AI.05,..,..,..,..,..,..,..,..,..,..,..,..,..,..,..,..,..,..,..,..,..,..,..,..,..,..,..,..,..,..,..,..,..,..,..,..,..,..,..,..,..,..,..,..,..,..,..,..,..,..,..,88.68604,..,..,96.14764,..,..,95.28326,..,..,..,97.80124
"Hong Kong SAR, China",HKG,"Bank accounts per 1,000 adults",GFDD.AI.01,..,..,..,..,..,..,..,..,..,..,..,..,..,..,..,..,..,..,..,..,..,..,..,..,..,..,..,..,..,..,..,..,..,..,..,..,..,..,..,..,..,..,..,..,..,..,..,..,..,..,..,..,..,..,..,..,..,..,..,..,..,..
"Hong Kong SAR, China",HKG,Bank deposits to GDP (%),GFDD.OI.02,..,..,..,..,..,..,..,..,..,..,..,..,..,..,..,..,..,..,..,..,..,..,..,..,..,..,..,..,..,..,..,169.6396,156.8834,155.2701,154.1719,160.332,163.6768,160.2598,187.5831,205.7482,217.5433,218.8617,223.25,244.3406,249.9942,241.6539,264.8259,287.8014,289.6346,312.7404,313.1183,315.4102,322.2423,335.9006,346.746,348.3264,360.8833,371.0277,353.0639,370.4936,415.7495,402.941
"Hong Kong SAR, China",HKG,Central bank assets to GDP (%),GFDD.DI.06,..,..,..,..,..,..,..,..,..,..,..,..,..,..,..,..,..,..,..,..,..,..,..,..,..,..,..,..,..,..,..,..,..,..,..,..,..,..,..,..,..,..,..,..,..,..,..,..,..,..,..,..,..,..,..,..,..,..,..,..,..,..
"Hong Kong SAR, China",HKG,Credit card (% age 15+),GFDD.AI.20,..,..,..,..,..,..,..,..,..,..,..,..,..,..,..,..,..,..,..,..,..,..,..,..,..,..,..,..,..,..,..,..,..,..,..,..,..,..,..,..,..,..,..,..,..,..,..,..,..,..,..,58.08301,..,..,64.26032,..,..,65.42089,..,..,..,71.63279
"Hong Kong SAR, China",HKG,Credit to government and state-owned enterprises to GDP (%),GFDD.EI.08,..,..,..,..,..,..,..,..,..,..,..,..,..,..,..,..,..,..,..,..,..,..,..,..,..,..,..,..,..,..,2.967012,2.587792,3.682183,6.097679,10.17187,5.116237,8.4785,10.45902,10.72845,12.95855,15.04193,16.10375,18.04609,17.56017,20.69434,18.07655,17.13411,14.51581,7.203172,10.20973,12.16424,10.74146,9.743398,10.07379,8.56914,7.758819,8.762774,8.725553,10.36211,10.65146,7.710086,..
"Hong Kong SAR, China",HKG,Credit flows by fintech and bigtech companies to GDP (%),GFDD.DM.16,..,..,..,..,..,..,..,..,..,..,..,..,..,..,..,..,..,..,..,..,..,..,..,..,..,..,..,..,..,..,..,..,..,..,..,..,..,..,..,..,..,..,..,..,..,..,..,..,..,..,..,..,..,0,0,0,0,0,0,0,..,..
"Hong Kong SAR, China",HKG,Deposit money bank assets to deposit money bank assets and central bank assets (%),GFDD.DI.04,..,..,..,..,..,..,..,..,..,..,..,..,..,..,..,..,..,..,..,..,..,..,..,..,..,..,..,..,..,..,..,..,..,..,..,..,..,..,..,..,..,..,..,..,..,..,..,..,..,..,..,..,..,..,..,..,..,..,..,..,..,..
"Hong Kong SAR, China",HKG,Insurance company assets to GDP (%),GFDD.DI.11,..,..,..,..,..,..,..,..,..,..,..,..,..,..,..,..,..,..,..,..,..,..,..,..,..,..,..,..,..,..,..,..,..,..,..,..,..,..,..,..,..,11.565873,14.07559,19.740982,23.376646,25.798389,30.340074,45.009487,43.422831,53.535265,54.015809,53.792849,..,..,..,..,..,..,..,..,..,..
"Hong Kong SAR, China",HKG,Gross portfolio debt assets to GDP (%),GFDD.DM.11,..,..,..,..,..,..,..,..,..,..,..,..,..,..,..,..,..,..,..,..,..,..,..,..,..,..,..,..,..,..,..,..,..,..,..,..,..,..,..,..,52.73278,65.51425,89.1781,112.8238,118.9859,114.9698,124.8621,124.7825,128.5939,146.1087,152.078,139.5658,145.3455,155.042,148.2484,149.9182,153.6349,152.7481,164.6306,180.1322,214.5129,..
"Hong Kong SAR, China",HKG,Liquid liabilities to GDP (%),GFDD.DI.05,..,..,..,..,..,..,..,..,..,..,..,..,..,..,..,..,..,..,..,..,..,..,..,..,..,..,..,..,..,..,..,175.7341,163.2885,162.024,160.5854,166.6652,169.8332,166.1112,193.7694,213.4671,224.3851,226.5347,231.9585,254.4956,260.6667,251.7134,274.8023,297.3582,299.6041,324.4363,325.4221,328.2326,336.0667,350.5675,361.34,362.8822,376.551,387.5155,386.1566,403.3127,454.6501,438.7515
Hungary,HUN,Account at a formal financial institution (% age 15+),GFDD.AI.05,..,..,..,..,..,..,..,..,..,..,..,..,..,..,..,..,..,..,..,..,..,..,..,..,..,..,..,..,..,..,..,..,..,..,..,..,..,..,..,..,..,..,..,..,..,..,..,..,..,..,..,72.67432,..,..,72.25683,..,..,74.94497,..,..,..,88.21879
Hungary,HUN,"Bank accounts per 1,000 adults",GFDD.AI.01,..,..,..,..,..,..,..,..,..,..,..,..,..,..,..,..,..,..,..,..,..,..,..,..,..,..,..,..,..,..,..,..,..,..,..,..,..,..,..,..,..,..,..,..,..,..,..,..,..,..,..,..,1031.6229,979.97952,1015.0943,1024.2834,1036.9754,1050.2882,1092.3626,1243.6341,1266.2334,..
Hungary,HUN,Bank deposits to GDP (%),GFDD.OI.02,..,..,..,..,..,..,..,..,..,..,..,..,..,..,..,..,..,..,..,..,..,..,..,..,..,..,..,..,..,..,..,35.00331,43.69627,42.66753,40.10664,38.68976,39.38948,38.46395,37.36393,38.12932,38.1562,38.3459,38.65991,39.51024,39.61339,41.67336,44.09783,45.49811,47.50249,50.79005,49.11575,49.5654,47.66258,47.00251,45.97534,44.70366,46.46088,45.85539,45.82058,45.19668,55.01208,56.83633
Hungary,HUN,Central bank assets to GDP (%),GFDD.DI.06,..,..,..,..,..,..,..,..,..,..,..,..,..,..,..,..,..,..,..,..,..,..,..,..,..,..,..,..,..,..,..,62.5309,60.32943,58.85991,56.47441,53.94453,40.76658,32.31308,28.0648,21.38721,16.53483,10.81481,6.980755,4.289383,2.551042,1.148553,1.004603,0.6158124,1.359135,1.087565,0.9417603,0.6234825,0.5230381,0.488448,0.4714126,0.1494512,0.1497787,0.1426502,0.1382293,0.1811465,2.620663,6.308759
Hungary,HUN,Credit card (% age 15+),GFDD.AI.20,..,..,..,..,..,..,..,..,..,..,..,..,..,..,..,..,..,..,..,..,..,..,..,..,..,..,..,..,..,..,..,..,..,..,..,..,..,..,..,..,..,..,..,..,..,..,..,..,..,..,..,15.03234,..,..,11.82643,..,..,13.13166,..,..,..,15.92117
Hungary,HUN,Credit to government and state-owned enterprises to GDP (%),GFDD.EI.08,..,..,..,..,..,..,..,..,..,..,..,..,..,..,..,..,..,..,..,..,..,..,1.580323,1.4519,1.443136,1.43401,1.417037,1.920846,1.905921,2.075486,1.591272,6.349382,9.029887,16.92833,15.36614,13.5747,13.65783,11.43193,11.53174,9.987431,9.373717,10.22292,12.11626,11.8066,10.99869,11.20316,13.32172,13.57737,15.91227,16.26678,16.33159,15.97352,16.39751,16.26387,16.52522,19.74182,21.68973,22.68789,20.58077,18.63831,23.88147,..
Hungary,HUN,Credit flows by fintech and bigtech companies to GDP (%),GFDD.DM.16,..,..,..,..,..,..,..,..,..,..,..,..,..,..,..,..,..,..,..,..,..,..,..,..,..,..,..,..,..,..,..,..,..,..,..,..,..,..,..,..,..,..,..,..,..,..,..,..,..,..,..,..,..,..,..,..,..,..,..,..,..,..
Hungary,HUN,Deposit money bank assets to deposit money bank assets and central bank assets (%),GFDD.DI.04,..,..,..,..,..,..,..,..,..,..,..,..,..,..,..,..,..,..,..,..,..,..,..,..,..,..,..,..,..,..,..,41.27429,40.49302,42.85473,41.92681,39.498,46.20134,51.95346,55.42856,62.39858,71.38687,79.85163,86.93985,92.59101,95.648,98.15418,98.52985,99.17751,98.40491,98.58907,98.78339,99.1675,99.22112,99.22205,99.20767,99.72807,99.72869,99.74168,99.73946,99.65284,95.91093,90.1417
Hungary,HUN,Insurance company assets to GDP (%),GFDD.DI.11,..,..,..,..,..,..,..,..,..,..,..,..,..,..,..,..,..,..,..,..,..,..,..,..,..,..,..,..,..,1.597567,1.8735801,2.0555899,1.9372638,2.5940047,3.2144533,3.2455504,3.9262009,4.0741135,4.2798314,5.0636535,5.54155,5.5290057,5.8119831,5.9427991,6.5538151,7.3470892,8.0795156,8.7631796,7.829265,9.0297858,8.7790013,8.2511033,7.9958314,7.7765663,7.4783234,6.8379809,7.2496145,7.0649903,6.3976823,6.4141616,6.8416937,..
Hungary,HUN,Gross portfolio debt assets to GDP (%),GFDD.DM.11,..,..,..,..,..,..,..,..,..,..,..,..,..,..,..,..,..,..,..,..,..,..,..,..,..,..,..,..,..,..,..,..,..,..,..,..,..,..,..,0.599626,0.9456641,1.01046,0.8520617,0.7264605,0.6485071,1.004089,1.502939,1.577631,1.402874,1.694095,1.347764,1.074472,1.254825,1.291576,1.902588,2.034636,2.783019,3.840242,2.952864,2.910534,2.916487,..
Hungary,HUN,Liquid liabilities to GDP (%),GFDD.DI.05,..,..,..,..,..,..,..,..,..,..,..,..,..,..,..,..,..,..,..,..,..,..,..,..,..,..,..,..,..,..,..,45.54562,54.6344,53.32364,49.49628,46.52136,46.6016,44.97915,43.98772,45.65843,44.90645,45.14537,45.49332,46.61248,46.01216,48.77678,51.66735,53.52901,55.34314,60.35002,60.71274,62.37172,58.54349,60.29569,57.18143,56.69801,58.72216,58.35255,59.06588,58.31822,69.52569,71.98023
IBRD only,IBD,Account at a formal financial institution (% age 15+),GFDD.AI.05,..,..,..,..,..,..,..,..,..,..,..,..,..,..,..,..,..,..,..,..,..,..,..,..,..,..,..,..,..,..,..,..,..,..,..,..,..,..,..,..,..,..,..,..,..,..,..,..,..,..,..,..,..,..,..,..,..,..,..,..,..,..
IBRD only,IBD,"Bank accounts per 1,000 adults",GFDD.AI.01,..,..,..,..,..,..,..,..,..,..,..,..,..,..,..,..,..,..,..,..,..,..,..,..,..,..,..,..,..,..,..,..,..,..,..,..,..,..,..,..,..,..,..,..,..,..,..,..,..,..,..,..,..,..,..,..,..,..,..,..,..,..
IBRD only,IBD,Bank deposits to GDP (%),GFDD.OI.02,..,..,..,..,..,..,..,..,..,..,..,..,..,..,..,..,..,..,..,..,..,..,..,..,..,..,..,..,..,..,..,..,..,..,..,..,..,..,..,..,..,..,..,..,..,..,..,..,..,..,..,..,..,..,..,..,..,..,..,..,..,..
IBRD only,IBD,Central bank assets to GDP (%),GFDD.DI.06,..,..,..,..,..,..,..,..,..,..,..,..,..,..,..,..,..,..,..,..,..,..,..,..,..,..,..,..,..,..,..,..,..,..,..,..,..,..,..,..,..,..,..,..,..,..,..,..,..,..,..,..,..,..,..,..,..,..,..,..,..,..
IBRD only,IBD,Credit card (% age 15+),GFDD.AI.20,..,..,..,..,..,..,..,..,..,..,..,..,..,..,..,..,..,..,..,..,..,..,..,..,..,..,..,..,..,..,..,..,..,..,..,..,..,..,..,..,..,..,..,..,..,..,..,..,..,..,..,..,..,..,..,..,..,..,..,..,..,..
IBRD only,IBD,Credit to government and state-owned enterprises to GDP (%),GFDD.EI.08,..,..,..,..,..,..,..,..,..,..,..,..,..,..,..,..,..,..,..,..,..,..,..,..,..,..,..,..,..,..,..,..,..,..,..,..,..,..,..,..,..,..,..,..,..,..,..,..,..,..,..,..,..,..,..,..,..,..,..,..,..,..
IBRD only,IBD,Credit flows by fintech and bigtech companies to GDP (%),GFDD.DM.16,..,..,..,..,..,..,..,..,..,..,..,..,..,..,..,..,..,..,..,..,..,..,..,..,..,..,..,..,..,..,..,..,..,..,..,..,..,..,..,..,..,..,..,..,..,..,..,..,..,..,..,..,..,..,..,..,..,..,..,..,..,..
IBRD only,IBD,Deposit money bank assets to deposit money bank assets and central bank assets (%),GFDD.DI.04,..,..,..,..,..,..,..,..,..,..,..,..,..,..,..,..,..,..,..,..,..,..,..,..,..,..,..,..,..,..,..,..,..,..,..,..,..,..,..,..,..,..,..,..,..,..,..,..,..,..,..,..,..,..,..,..,..,..,..,..,..,..
IBRD only,IBD,Insurance company assets to GDP (%),GFDD.DI.11,..,..,..,..,..,..,..,..,..,..,..,..,..,..,..,..,..,..,..,..,..,..,..,..,..,..,..,..,..,..,..,..,..,..,..,..,..,..,..,..,..,..,..,..,..,..,..,..,..,..,..,..,..,..,..,..,..,..,..,..,..,..
IBRD only,IBD,Gross portfolio debt assets to GDP (%),GFDD.DM.11,..,..,..,..,..,..,..,..,..,..,..,..,..,..,..,..,..,..,..,..,..,..,..,..,..,..,..,..,..,..,..,..,..,..,..,..,..,..,..,..,..,..,..,..,..,..,..,..,..,..,..,..,..,..,..,..,..,..,..,..,..,..
IBRD only,IBD,Liquid liabilities to GDP (%),GFDD.DI.05,..,..,..,..,..,..,..,..,..,..,..,..,..,..,..,..,..,..,..,..,..,..,..,..,..,..,..,..,..,..,..,..,..,..,..,..,..,..,..,..,..,..,..,..,..,..,..,..,..,..,..,..,..,..,..,..,..,..,..,..,..,..
Iceland,ISL,Account at a formal financial institution (% age 15+),GFDD.AI.05,..,..,..,..,..,..,..,..,..,..,..,..,..,..,..,..,..,..,..,..,..,..,..,..,..,..,..,..,..,..,..,..,..,..,..,..,..,..,..,..,..,..,..,..,..,..,..,..,..,..,..,..,..,..,..,..,..,..,..,..,..,100
Iceland,ISL,"Bank accounts per 1,000 adults",GFDD.AI.01,..,..,..,..,..,..,..,..,..,..,..,..,..,..,..,..,..,..,..,..,..,..,..,..,..,..,..,..,..,..,..,..,..,..,..,..,..,..,..,..,..,..,..,..,..,..,..,..,..,..,..,..,..,..,..,..,..,..,..,..,..,..
Iceland,ISL,Bank deposits to GDP (%),GFDD.OI.02,32.28801,36.10252,37.79157,36.3614,29.04058,29.96197,28.08736,34.39091,35.09446,35.06837,34.21791,32.45561,30.4044,28.81411,25.47686,23.02986,21.81431,21.61286,20.79793,22.47095,23.29452,18.20155,20.16328,21.1922,21.59283,24.47902,24.33559,25.64558,27.32622,33.72216,33.1134,35.57304,36.91922,38.10431,36.42704,36.12685,35.80272,36.06653,37.00415,40.3419,41.01071,41.7691,45.21758,54.02649,55.45089,65.69308,91.53233,86.79649,98.14743,96.10069,82.67703,84.48988,76.8626,75.25823,76.10508,72.43608,63.20869,63.03479,62.6474,62.48023,69.6366,70.16038
Iceland,ISL,Central bank assets to GDP (%),GFDD.DI.06,4.115247,7.094725,6.889003,5.723996,2.475698,2.723048,1.369331,2.453578,4.257449,4.04829,4.669256,3.120777,2.406093,2.886121,4.369292,6.41473,5.428916,4.648614,5.147425,4.125858,2.948893,2.27993,1.635331,3.076595,3.081333,3.938693,2.068031,2.985456,4.245557,3.62242,1.534038,2.770465,1.750136,3.138741,5.583577,4.098832,2.231869,2.420834,0.849175,0.6270422,0.6525874,0.3143081,0.2249923,0.0965192,0.0166267,0.0123143,0.0491806,0.3104716,16.9854,10.16964,10.14444,10.87274,10.00168,9.112555,7.350697,4.258721,1.624786,2.101301,..,0.0454302,0.2653386,0.675374
Iceland,ISL,Credit card (% age 15+),GFDD.AI.20,..,..,..,..,..,..,..,..,..,..,..,..,..,..,..,..,..,..,..,..,..,..,..,..,..,..,..,..,..,..,..,..,..,..,..,..,..,..,..,..,..,..,..,..,..,..,..,..,..,..,..,..,..,..,..,..,..,..,..,..,..,73.99915
Iceland,ISL,Credit to government and state-owned enterprises to GDP (%),GFDD.EI.08,..,..,..,..,..,..,..,..,..,..,..,..,..,..,..,..,..,..,..,..,0.4376585,0.578582,0.6665548,0.764037,0.4637343,0.3891454,0.2792849,0.8491387,1.006583,2.479189,4.884589,4.623591,5.0498,6.362096,4.289036,2.480688,2.681263,1.970853,1.041916,1.119099,0.581486,1.900069,1.058058,1.958212,0.4733571,0.7241393,0.6691414,7.618517,5.564828,18.03425,16.59049,15.55981,14.26281,12.84542,14.35698,13.0997,9.82908,6.202568,4.229894,3.559765,11.15739,..
Iceland,ISL,Credit flows by fintech and bigtech companies to GDP (%),GFDD.DM.16,..,..,..,..,..,..,..,..,..,..,..,..,..,..,..,..,..,..,..,..,..,..,..,..,..,..,..,..,..,..,..,..,..,..,..,..,..,..,..,..,..,..,..,..,..,..,..,..,..,..,..,..,..,..,..,..,..,..,0,..,..,..
Iceland,ISL,Deposit money bank assets to deposit money bank assets and central bank assets (%),GFDD.DI.04,91.89841,86.29981,85.8792,87.5687,92.6424,92.32031,95.88652,94.03731,90.49047,89.44141,87.01911,90.66142,92.47163,90.84256,87.69228,81.7268,82.79494,84.48026,82.52235,86.32024,90.12283,92.83922,95.73116,92.62704,92.81828,90.67001,94.14275,92.37285,90.48907,92.98687,96.81029,94.49881,96.68893,94.35101,89.61934,92.10664,95.77684,96.51147,98.67824,99.1375,99.3113,99.68093,99.77907,99.92412,99.98949,99.99487,99.98389,99.87634,92.11348,94.93519,94.55534,93.32223,92.96156,92.94328,93.66005,95.92826,98.3012,97.79109,..,99.95055,99.76255,99.39674
Iceland,ISL,Insurance company assets to GDP (%),GFDD.DI.11,..,..,..,..,..,..,..,..,..,..,..,..,..,..,..,..,..,..,..,..,..,..,..,..,..,..,..,..,..,..,..,..,..,..,..,..,..,..,..,..,..,..,3.447736,4.2017995,4.354919,6.8578182,6.7301716,5.2832261,7.8874898,8.0563007,8.2403569,8.2579557,8.3039141,8.1818428,7.9714673,7.1403494,5.8160219,5.7747891,5.4060184,5.69302,..,..
Iceland,ISL,Gross portfolio debt assets to GDP (%),GFDD.DM.11,..,..,..,..,..,..,..,..,..,..,..,..,..,..,..,..,..,..,..,..,..,..,..,..,..,..,..,..,..,..,..,..,..,..,..,..,..,..,..,1.748338,0.9495419,1.416999,1.38345,1.988492,3.288435,9.977764,29.91567,48.70194,9.919302,9.094597,14.87177,18.60031,23.4643,29.45841,24.95433,4.930585,2.679031,3.632005,5.202105,6.003776,6.656251,..
Iceland,ISL,Liquid liabilities to GDP (%),GFDD.DI.05,36.6257,40.77993,42.36247,40.57404,33.00341,34.26946,31.92947,37.91893,38.33535,38.21187,37.26429,35.37073,33.29694,31.40903,27.75692,25.06836,23.68291,23.62421,22.61516,24.0646,24.67352,19.8091,21.49291,22.31285,22.65708,25.48923,25.39326,26.6965,28.3278,34.64158,33.92423,36.3676,37.80098,39.03344,37.46552,37.2485,36.91139,37.13803,38.05187,41.43853,42.01851,42.69224,46.11516,54.98344,56.39408,66.68221,92.46811,86.42777,99.7056,99.85981,86.93552,87.50941,79.88412,78.2981,78.21564,74.55222,65.40236,65.31666,64.90977,64.67306,72.15372,72.45963
IDA total,IDA,Account at a formal financial institution (% age 15+),GFDD.AI.05,..,..,..,..,..,..,..,..,..,..,..,..,..,..,..,..,..,..,..,..,..,..,..,..,..,..,..,..,..,..,..,..,..,..,..,..,..,..,..,..,..,..,..,..,..,..,..,..,..,..,..,..,..,..,..,..,..,..,..,..,..,..
IDA total,IDA,"Bank accounts per 1,000 adults",GFDD.AI.01,..,..,..,..,..,..,..,..,..,..,..,..,..,..,..,..,..,..,..,..,..,..,..,..,..,..,..,..,..,..,..,..,..,..,..,..,..,..,..,..,..,..,..,..,..,..,..,..,..,..,..,..,..,..,..,..,..,..,..,..,..,..
IDA total,IDA,Bank deposits to GDP (%),GFDD.OI.02,..,..,..,..,..,..,..,..,..,..,..,..,..,..,..,..,..,..,..,..,..,..,..,..,..,..,..,..,..,..,..,..,..,..,..,..,..,..,..,..,..,..,..,..,..,..,..,..,..,..,..,..,..,..,..,..,..,..,..,..,..,..
IDA total,IDA,Central bank assets to GDP (%),GFDD.DI.06,..,..,..,..,..,..,..,..,..,..,..,..,..,..,..,..,..,..,..,..,..,..,..,..,..,..,..,..,..,..,..,..,..,..,..,..,..,..,..,..,..,..,..,..,..,..,..,..,..,..,..,..,..,..,..,..,..,..,..,..,..,..
IDA total,IDA,Credit card (% age 15+),GFDD.AI.20,..,..,..,..,..,..,..,..,..,..,..,..,..,..,..,..,..,..,..,..,..,..,..,..,..,..,..,..,..,..,..,..,..,..,..,..,..,..,..,..,..,..,..,..,..,..,..,..,..,..,..,..,..,..,..,..,..,..,..,..,..,..
IDA total,IDA,Credit to government and state-owned enterprises to GDP (%),GFDD.EI.08,..,..,..,..,..,..,..,..,..,..,..,..,..,..,..,..,..,..,..,..,..,..,..,..,..,..,..,..,..,..,..,..,..,..,..,..,..,..,..,..,..,..,..,..,..,..,..,..,..,..,..,..,..,..,..,..,..,..,..,..,..,..
IDA total,IDA,Credit flows by fintech and bigtech companies to GDP (%),GFDD.DM.16,..,..,..,..,..,..,..,..,..,..,..,..,..,..,..,..,..,..,..,..,..,..,..,..,..,..,..,..,..,..,..,..,..,..,..,..,..,..,..,..,..,..,..,..,..,..,..,..,..,..,..,..,..,..,..,..,..,..,..,..,..,..
IDA total,IDA,Deposit money bank assets to deposit money bank assets and central bank assets (%),GFDD.DI.04,..,..,..,..,..,..,..,..,..,..,..,..,..,..,..,..,..,..,..,..,..,..,..,..,..,..,..,..,..,..,..,..,..,..,..,..,..,..,..,..,..,..,..,..,..,..,..,..,..,..,..,..,..,..,..,..,..,..,..,..,..,..
IDA total,IDA,Insurance company assets to GDP (%),GFDD.DI.11,..,..,..,..,..,..,..,..,..,..,..,..,..,..,..,..,..,..,..,..,..,..,..,..,..,..,..,..,..,..,..,..,..,..,..,..,..,..,..,..,..,..,..,..,..,..,..,..,..,..,..,..,..,..,..,..,..,..,..,..,..,..
IDA total,IDA,Gross portfolio debt assets to GDP (%),GFDD.DM.11,..,..,..,..,..,..,..,..,..,..,..,..,..,..,..,..,..,..,..,..,..,..,..,..,..,..,..,..,..,..,..,..,..,..,..,..,..,..,..,..,..,..,..,..,..,..,..,..,..,..,..,..,..,..,..,..,..,..,..,..,..,..
IDA total,IDA,Liquid liabilities to GDP (%),GFDD.DI.05,..,..,..,..,..,..,..,..,..,..,..,..,..,..,..,..,..,..,..,..,..,..,..,..,..,..,..,..,..,..,..,..,..,..,..,..,..,..,..,..,..,..,..,..,..,..,..,..,..,..,..,..,..,..,..,..,..,..,..,..,..,..
India,IND,Account at a formal financial institution (% age 15+),GFDD.AI.05,..,..,..,..,..,..,..,..,..,..,..,..,..,..,..,..,..,..,..,..,..,..,..,..,..,..,..,..,..,..,..,..,..,..,..,..,..,..,..,..,..,..,..,..,..,..,..,..,..,..,..,35.23184,..,..,52.75381,..,..,79.84018,..,..,..,77.30205
India,IND,"Bank accounts per 1,000 adults",GFDD.AI.01,..,..,..,..,..,..,..,..,..,..,..,..,..,..,..,..,..,..,..,..,..,..,..,..,..,..,..,..,..,..,..,..,..,..,..,..,..,..,..,..,..,..,..,..,..,..,..,..,..,..,..,..,..,..,..,..,..,..,..,..,..,..
India,IND,Bank deposits to GDP (%),GFDD.OI.02,10.80345,10.40569,10.68393,10.27408,9.830696,10.64879,10.96997,10.45445,11.08653,11.63747,12.35922,14.1347,15.48312,15.36897,15.04122,16.62879,19.96108,21.31528,24.41534,26.41043,25.7309,26.39367,27.83205,28.11055,29.3884,31.01256,33.15329,33.8177,34.11719,33.89827,33.22512,34.3531,35.54656,35.75488,36.44267,33.61379,35.07918,37.84238,39.50991,41.21827,45.01665,47.70963,52.04452,52.28664,53.75902,56.68687,59.99541,63.67175,66.48245,71.64175,69.34904,68.97489,68.02185,69.42916,68.59116,68.92553,71.32292,66.48294,64.37984,67.1951,76.54307,72.09265
India,IND,Central bank assets to GDP (%),GFDD.DI.06,11.72217,11.92586,12.10846,11.71826,10.70817,11.2447,10.89211,9.872024,9.519242,9.202763,9.035868,9.880834,9.85463,9.627524,8.997397,8.864425,7.902515,7.623393,7.486803,8.289834,9.815259,10.83088,12.30972,12.16212,13.11354,14.28149,15.09756,15.25982,15.12049,15.38097,15.5608,15.94509,13.40824,13.19281,10.07172,9.356389,9.754835,8.889894,8.866178,8.203095,7.189449,6.70759,4.775148,2.024519,2.690573,2.176591,2.491973,2.11507,1.82338,2.726453,5.064973,5.277175,6.561759,6.218432,4.403048,4.144668,5.402875,4.147094,4.397985,5.212558,6.820492,6.771579
India,IND,Credit card (% age 15+),GFDD.AI.20,..,..,..,..,..,..,..,..,..,..,..,..,..,..,..,..,..,..,..,..,..,..,..,..,..,..,..,..,..,..,..,..,..,..,..,..,..,..,..,..,..,..,..,..,..,..,..,..,..,..,..,1.766797,..,..,4.175352,..,..,3.003514,..,..,..,4.624978
India,IND,Credit to government and state-owned enterprises to GDP (%),GFDD.EI.08,..,..,..,..,..,..,..,..,..,..,..,..,..,..,..,..,..,..,..,..,6.381553,6.101671,6.012248,6.704558,7.591043,6.923261,7.807991,8.645358,8.650751,8.684814,8.944772,9.453308,10.14441,10.67812,12.07706,10.86448,11.24311,12.44978,12.80848,14.12341,15.80456,17.88816,20.74562,23.10036,22.12734,19.50567,17.96801,18.65901,19.61765,21.21007,18.90792,19.05075,19.6368,19.81741,19.70851,19.68013,23.60148,19.72254,17.7578,18.67956,22.78893,..
India,IND,Credit flows by fintech and bigtech companies to GDP (%),GFDD.DM.16,..,..,..,..,..,..,..,..,..,..,..,..,..,..,..,..,..,..,..,..,..,..,..,..,..,..,..,..,..,..,..,..,..,..,..,..,..,..,..,..,..,..,..,..,..,..,..,..,..,..,..,..,..,0.0002068,0.0002506,0.0009398,0.0039411,0.0086107,0.0247624,0.0453832,..,..
India,IND,Deposit money bank assets to deposit money bank assets and central bank assets (%),GFDD.DI.04,49.74471,49.67246,50.54923,51.27142,51.82336,52.29618,53.62684,54.66536,57.25724,59.13911,61.12673,61.63612,63.21452,63.47548,64.75072,67.89816,73.79332,74.97778,77.17586,76.61553,73.21842,71.55087,69.92065,70.80888,70.78019,68.72876,68.93201,68.96158,69.09331,69.56184,68.433,67.5156,72.12787,72.25532,77.92448,78.02466,77.95024,80.11988,80.37145,82.74776,85.9329,87.33465,91.69994,96.41181,95.567,96.58757,96.26299,96.93966,97.46688,96.45397,93.51624,93.20222,91.84429,92.29584,94.31419,94.667,93.24832,94.43917,93.99767,93.15603,92.11465,91.44674
India,IND,Insurance company assets to GDP (%),GFDD.DI.11,..,..,..,..,..,..,..,..,..,..,..,..,..,..,..,..,..,..,..,..,..,..,..,..,..,..,..,..,..,..,..,..,..,..,..,..,..,..,..,..,..,..,..,..,12.432958,13.434681,15.335242,15.210616,17.542277,15.929858,18.322739,18.492995,18.128568,16.418171,16.704008,17.356624,17.369482,17.75884,18.308873,18.905566,..,..
India,IND,Gross portfolio debt assets to GDP (%),GFDD.DM.11,..,..,..,..,..,..,..,..,..,..,..,..,..,..,..,..,..,..,..,..,..,..,..,..,..,..,..,..,..,..,..,..,..,..,..,..,..,..,..,0.0220337,0.0499504,0.0658214,0.0799507,0.032141,0.032737,0.0578029,0.0502623,0.0131878,0.00156,0.0031651,0.0030812,0.0011045,0.0042685,0.0079602,0.0184819,0.0066248,0.0001463,0.0367062,0.0463385,0.0763281,0.1420201,..
India,IND,Liquid liabilities to GDP (%),GFDD.DI.05,22.07192,21.50187,21.9307,21.11628,19.8064,20.82862,20.46046,19.10577,19.76185,20.37481,21.37307,23.37055,24.46632,24.02073,22.83546,24.26101,28.03064,29.48112,32.97581,35.39489,34.46655,34.45679,36.10518,36.236,38.15626,39.52848,41.66117,42.63417,42.5039,42.81625,42.18384,43.41781,44.14449,44.88349,46.02148,43.54533,44.68941,47.45997,48.90128,51.06471,54.64497,57.73908,62.61941,63.17927,64.63577,68.1039,71.52599,75.10877,78.19485,84.0507,81.30788,80.41277,79.36308,80.58845,79.51778,80.23255,76.67645,76.20414,74.95651,78.41638,90.73869,84.94903
Indonesia,IDN,Account at a formal financial institution (% age 15+),GFDD.AI.05,..,..,..,..,..,..,..,..,..,..,..,..,..,..,..,..,..,..,..,..,..,..,..,..,..,..,..,..,..,..,..,..,..,..,..,..,..,..,..,..,..,..,..,..,..,..,..,..,..,..,..,19.58199,..,..,35.94736,..,..,48.39206,..,..,..,50.50585
Indonesia,IDN,"Bank accounts per 1,000 adults",GFDD.AI.01,..,..,..,..,..,..,..,..,..,..,..,..,..,..,..,..,..,..,..,..,..,..,..,..,..,..,..,..,..,..,..,..,..,..,..,..,..,..,..,..,..,..,..,..,..,..,..,..,..,..,..,..,..,..,..,..,..,..,..,..,..,..
Indonesia,IDN,Bank deposits to GDP (%),GFDD.OI.02,..,..,..,..,..,..,..,..,..,..,..,..,..,..,..,..,..,..,..,..,12.07041,12.99206,13.55685,15.24446,16.3644,19.71953,21.69155,22.44776,25.37768,30.33878,38.88844,39.88495,41.06324,39.23302,40.39954,43.98015,48.41879,51.45041,55.50961,53.00138,48.20732,46.17863,43.69329,42.31125,40.14598,38.78883,36.72322,37.12437,31.17172,31.84147,32.12651,32.56705,34.10673,34.65968,35.18868,35.3913,36.12903,35.44118,34.5946,34.55696,39.74026,41.23529
Indonesia,IDN,Central bank assets to GDP (%),GFDD.DI.06,..,..,..,..,..,..,..,..,..,..,..,..,..,..,..,..,..,..,..,..,6.944265,6.491865,6.75503,4.539903,2.348176,2.12456,4.024149,4.190137,4.368748,4.022856,3.942388,2.843699,3.095991,2.81464,2.018211,1.076754,0.8385783,0.9041004,3.763,22.67144,17.27273,18.54887,18.77615,14.84063,13.59078,11.60388,9.396811,7.3778,5.473228,4.881184,4.246792,4.294741,4.150346,3.800576,3.537125,3.20416,2.967889,2.896007,2.761581,2.778192,6.816917,8.116365
Indonesia,IDN,Credit card (% age 15+),GFDD.AI.20,..,..,..,..,..,..,..,..,..,..,..,..,..,..,..,..,..,..,..,..,..,..,..,..,..,..,..,..,..,..,..,..,..,..,..,..,..,..,..,..,..,..,..,..,..,..,..,..,..,..,..,0.4956685,..,..,1.59536,..,..,2.439473,..,..,..,1.60144
Indonesia,IDN,Credit to government and state-owned enterprises to GDP (%),GFDD.EI.08,..,..,..,..,..,..,..,..,..,..,..,..,..,..,..,..,..,..,..,..,2.789213,3.145567,3.931351,3.824914,5.201504,5.3167,5.136559,4.301614,4.733981,4.750153,3.683267,4.298376,3.718109,2.979715,2.348503,2.586622,2.619546,2.897252,2.45529,23.81895,29.58517,24.14397,20.54704,17.02959,13.50626,11.15784,9.294394,8.276459,6.600156,6.17775,4.972486,4.347137,4.87679,5.430912,5.394246,6.048709,6.762259,7.10947,7.616445,7.805068,10.98182,..
Indonesia,IDN,Credit flows by fintech and bigtech companies to GDP (%),GFDD.DM.16,..,..,..,..,..,..,..,..,..,..,..,..,..,..,..,..,..,..,..,..,..,..,..,..,..,..,..,..,..,..,..,..,..,..,..,..,..,..,..,..,..,..,..,..,..,..,..,..,..,..,..,..,..,5.48E-05,0.0001123,1.28E-05,0.003083,0.0394932,0.2002856,0.4394648,..,..
Indonesia,IDN,Deposit money bank assets to deposit money bank assets and central bank assets (%),GFDD.DI.04,..,..,..,..,..,..,..,..,..,..,..,..,..,..,..,..,..,..,..,..,64.43277,69.48064,73.25694,80.84962,90.6338,92.20251,87.48043,87.16574,88.57381,91.18143,93.30963,95.18436,94.53174,94.88051,96.42617,98.12364,98.58189,98.60673,93.69257,67.24493,75.00114,70.61464,69.01656,72.85104,74.40116,76.48757,78.36567,82.26376,84.84242,85.79187,87.34805,87.9329,89.34583,90.86077,91.52706,92.44251,93.07801,93.17408,93.61275,93.55871,86.65504,84.21128
Indonesia,IDN,Insurance company assets to GDP (%),GFDD.DI.11,..,..,..,..,..,..,..,..,..,..,..,..,..,..,..,..,..,..,..,..,..,..,..,..,..,..,..,..,..,..,..,..,..,..,..,..,..,..,..,..,..,2.0302307,2.0725675,2.2370723,2.5507277,2.4770696,2.5944517,3.0174879,2.5015505,2.9882394,3.4111806,3.5075415,3.8255562,3.9454689,4.3595313,4.3555919,4.6624146,5.0108811,4.7528916,4.6690565,4.6065377,..
Indonesia,IDN,Gross portfolio debt assets to GDP (%),GFDD.DM.11,..,..,..,..,..,..,..,..,..,..,..,..,..,..,..,..,..,..,..,..,..,..,..,..,..,..,..,..,..,..,..,..,..,..,..,..,..,..,..,..,..,1.084828,1.100708,1.112142,0.9790116,0.7724004,0.8498174,0.5778979,0.6848048,0.5774516,0.7789077,0.7569287,1.281415,1.350645,1.008683,1.10218,0.9803017,1.115645,1.430953,1.254866,1.341481,..
Indonesia,IDN,Liquid liabilities to GDP (%),GFDD.DI.05,..,..,..,..,..,..,..,..,..,8.462105,9.610779,12.47277,14.48291,14.62967,13.58797,15.79593,16.93962,16.46967,16.74141,16.28707,17.10091,18.17419,18.78285,20.086,20.85468,24.73702,27.29968,27.53994,30.07231,35.31704,43.63738,44.10328,46.17282,43.68513,45.30562,48.58573,52.69393,55.9991,59.86042,58.38761,53.88266,50.88549,48.17114,47.04136,44.86403,43.25445,41.32706,41.76271,34.93531,30.44925,31.63265,32.69476,34.22274,35.07853,35,34.86956,35.8871,35.22059,34.59459,34.17722,38.96104,39.35294
"Iran, Islamic Rep.",IRN,Account at a formal financial institution (% age 15+),GFDD.AI.05,..,..,..,..,..,..,..,..,..,..,..,..,..,..,..,..,..,..,..,..,..,..,..,..,..,..,..,..,..,..,..,..,..,..,..,..,..,..,..,..,..,..,..,..,..,..,..,..,..,..,..,73.68385,..,..,92.17522,..,..,93.35628,..,..,..,89.62038
"Iran, Islamic Rep.",IRN,"Bank accounts per 1,000 adults",GFDD.AI.01,..,..,..,..,..,..,..,..,..,..,..,..,..,..,..,..,..,..,..,..,..,..,..,..,..,..,..,..,..,..,..,..,..,..,..,..,..,..,..,..,..,..,..,..,..,..,..,..,..,..,..,..,..,..,..,..,..,..,..,..,..,..
"Iran, Islamic Rep.",IRN,Bank deposits to GDP (%),GFDD.OI.02,..,11.38839,13.0816,14.44246,15.84204,16.1424,17.68293,19.12041,20.28765,21.61945,22.91657,22.44411,23.48591,21.09259,18.59778,23.37409,25.05437,26.60619,..,34.49,40.6815,40.6383,38.44641,35.86076,35.42012,..,45.00822,45.06939,49.42421,51.06826,43.93925,39.40193,37.85561,33.63653,33.99144,31.39913,30.71207,32.82768,34.8384,31.67122,32.74307,37.32903,34.82429,36.24255,36.18383,39.09754,44.59011,45.0102,40.70699,49.31897,50.21272,44.36137,54.11264,51.81504,58.96588,74.5575,85.25926,..,..,..,..,..
"Iran, Islamic Rep.",IRN,Central bank assets to GDP (%),GFDD.DI.06,5.231316,4.523748,5.723725,5.986443,7.204496,7.417238,8.210557,9.433528,9.724353,10.90593,14.18605,13.51396,11.4786,11.1609,3.96174,4.414375,2.097794,3.09035,..,7.533317,24.22424,37.33467,37.636,27.55542,..,..,39.29668,41.6872,46.37223,43.8955,33.74432,26.52521,20.38805,15.0771,20.15936,16.54161,15.70127,13.46142,15.75739,12.99673,9.586081,8.759657,9.934614,8.84973,6.572504,5.094616,4.488841,3.298675,2.608673,2.236447,3.229807,2.240575,2.384418,1.658802,1.591413,2.2075,2.627407,..,..,..,..,..
"Iran, Islamic Rep.",IRN,Credit card (% age 15+),GFDD.AI.20,..,..,..,..,..,..,..,..,..,..,..,..,..,..,..,..,..,..,..,..,..,..,..,..,..,..,..,..,..,..,..,..,..,..,..,..,..,..,..,..,..,..,..,..,..,..,..,..,..,..,..,23.93317,..,..,11.0154,..,..,9.124812,..,..,..,7.466643
"Iran, Islamic Rep.",IRN,Credit to government and state-owned enterprises to GDP (%),GFDD.EI.08,..,..,..,..,..,..,..,..,..,..,..,..,..,..,..,..,..,..,..,..,7.368135,6.655725,7.074645,6.918523,7.989246,7.633208,7.518198,6.477272,5.624895,4.930683,3.508373,2.429104,1.847936,1.13895,0.8539715,0.902164,0.6604648,0.5586109,0.4967431,1.541101,1.120651,1.066521,1.071962,1.774752,1.906923,1.630003,1.940289,2.78686,2.594331,3.427338,4.95618,5.193593,6.993911,6.970703,8.285711,9.895739,11.34416,..,..,..,..,..
"Iran, Islamic Rep.",IRN,Credit flows by fintech and bigtech companies to GDP (%),GFDD.DM.16,..,..,..,..,..,..,..,..,..,..,..,..,..,..,..,..,..,..,..,..,..,..,..,..,..,..,..,..,..,..,..,..,..,..,..,..,..,..,..,..,..,..,..,..,..,..,..,..,..,..,..,..,..,..,..,..,..,..,..,..,..,..
"Iran, Islamic Rep.",IRN,Deposit money bank assets to deposit money bank assets and central bank assets (%),GFDD.DI.04,..,75.86316,69.85632,71.32041,69.96727,68.68142,68.30293,66.13773,66.7243,65.37618,60.37825,60.53511,65.59162,65.86382,81.99351,85.04827,92.65141,89.93997,..,81.53087,60.45393,46.85204,42.52405,49.23893,..,..,43.48697,40.16173,36.81964,38.64989,44.00802,48.42734,55.13903,59.35349,50.5248,51.56952,50.23767,56.06855,54.0527,60.15456,74.07891,78.06528,75.23642,79.45369,84.9059,88.70312,91.21494,93.80124,94.83205,95.91993,94.63208,96.02296,96.13426,97.00483,97.2976,96.76356,96.61697,..,..,..,..,..
"Iran, Islamic Rep.",IRN,Insurance company assets to GDP (%),GFDD.DI.11,..,..,..,..,..,..,..,..,..,..,..,..,..,..,..,..,..,..,..,..,..,..,..,..,..,..,..,..,..,..,..,..,..,..,..,..,..,..,..,..,..,..,..,..,..,0.91131543,..,..,..,..,..,..,..,2.2405909,2.6211682,3.0844296,..,..,..,..,..,..
"Iran, Islamic Rep.",IRN,Gross portfolio debt assets to GDP (%),GFDD.DM.11,..,..,..,..,..,..,..,..,..,..,..,..,..,..,..,..,..,..,..,..,..,..,..,..,..,..,..,..,..,..,..,..,..,..,..,..,..,..,..,..,..,..,..,..,..,..,..,..,..,..,..,..,..,..,..,..,..,..,..,..,..,..
"Iran, Islamic Rep.",IRN,Liquid liabilities to GDP (%),GFDD.DI.05,16.36987,17.03935,20.6926,23.52257,25.01943,24.9059,26.40677,28.03675,28.63571,29.87105,31.41738,30.97817,33.54305,30.49948,26.43005,31.34065,33.00641,35.04787,42.76842,51.93735,62.60709,61.38766,58.04191,53.98104,..,..,64.52004,62.813,66.63788,65.68407,55.57758,49.39106,45.79411,40.51675,41.05019,38.11742,37.007,39.74945,43.41507,39.38517,37.15509,40.87213,37.8564,39.19694,38.7646,41.5309,47.08846,47.42395,44.24183,53.31754,54.21172,47.4188,58.76841,54.75248,61.73554,77.41667,88.14815,..,..,..,..,..
Iraq,IRQ,Account at a formal financial institution (% age 15+),GFDD.AI.05,..,..,..,..,..,..,..,..,..,..,..,..,..,..,..,..,..,..,..,..,..,..,..,..,..,..,..,..,..,..,..,..,..,..,..,..,..,..,..,..,..,..,..,..,..,..,..,..,..,..,..,10.55375,..,..,10.97235,..,..,20.32552,..,..,..,15.76239
Iraq,IRQ,"Bank accounts per 1,000 adults",GFDD.AI.01,..,..,..,..,..,..,..,..,..,..,..,..,..,..,..,..,..,..,..,..,..,..,..,..,..,..,..,..,..,..,..,..,..,..,..,..,..,..,..,..,..,..,..,..,..,..,..,..,..,..,..,..,..,..,..,..,..,..,..,..,..,..
Iraq,IRQ,Bank deposits to GDP (%),GFDD.OI.02,9.810446,9.386941,9.799425,9.539985,8.123952,..,..,..,10.52586,11.33681,10.64937,10.27664,11.31946,12.8125,8.308389,10.8326,10.1976,..,..,..,..,..,..,..,..,..,..,..,..,..,..,..,..,..,..,..,..,..,..,..,..,..,..,..,13.7254,7.430562,8.325438,11.61768,11.57426,19.10383,22.82594,21.04455,18.27656,19.87064,20.74067,23.84146,24.37699,23.03335,20.41497,20.12508,29.62305,22.62835
Iraq,IRQ,Central bank assets to GDP (%),GFDD.DI.06,4.822083,6.329305,8.123208,5.902335,7.681262,..,..,..,8.79072,10.95978,11.85425,8.875146,8.559328,5.120885,2.949219,3.530685,1.406828,..,..,..,..,..,..,..,..,..,..,..,..,..,..,..,..,..,..,..,..,..,..,..,..,..,..,..,12.03361,8.851885,6.784755,5.280053,2.532246,3.042454,2.773463,1.666198,1.241231,1.007179,0.9087875,4.246246,10.22381,8.802238,6.865093,5.864725,21.13671,16.08687
Iraq,IRQ,Credit card (% age 15+),GFDD.AI.20,..,..,..,..,..,..,..,..,..,..,..,..,..,..,..,..,..,..,..,..,..,..,..,..,..,..,..,..,..,..,..,..,..,..,..,..,..,..,..,..,..,..,..,..,..,..,..,..,..,..,..,1.724648,..,..,2.357908,..,..,1.801835,..,..,..,1.559788
Iraq,IRQ,Credit to government and state-owned enterprises to GDP (%),GFDD.EI.08,..,..,..,..,..,..,..,..,..,..,..,..,..,..,..,..,..,..,..,..,..,..,..,..,..,..,..,..,..,..,..,..,..,..,..,..,..,..,..,..,..,..,..,..,..,..,..,..,..,..,..,..,..,..,..,..,..,..,..,..,..,..
Iraq,IRQ,Credit flows by fintech and bigtech companies to GDP (%),GFDD.DM.16,..,..,..,..,..,..,..,..,..,..,..,..,..,..,..,..,..,..,..,..,..,..,..,..,..,..,..,..,..,..,..,..,..,..,..,..,..,..,..,..,..,..,..,..,..,..,..,..,..,..,..,..,..,0.0007117,0.0011821,2.4E-05,..,..,0,..,..,..
Iraq,IRQ,Deposit money bank assets to deposit money bank assets and central bank assets (%),GFDD.DI.04,68.02646,61.63114,55.4945,62.5,54.2735,..,..,..,68.29259,66.46347,62.48954,68.90433,71.34826,81.06155,84.72085,86.64026,92.91975,..,..,..,..,..,..,..,..,..,..,..,..,..,..,..,..,..,..,..,..,..,..,..,..,..,..,..,22.26825,31.9372,43.4988,51.89468,64.58532,68.26001,79.33561,87.04797,91.02171,92.14793,93.99419,84.02988,70.28749,72.28081,73.52382,76.71047,56.9308,55.34668
Iraq,IRQ,Insurance company assets to GDP (%),GFDD.DI.11,..,..,..,..,..,..,..,..,..,..,..,..,..,..,..,..,..,..,..,..,..,..,..,..,..,..,..,..,..,..,..,..,..,..,..,..,..,..,..,..,..,..,..,..,..,..,..,..,..,..,..,..,..,..,..,..,..,..,..,..,..,..
Iraq,IRQ,Gross portfolio debt assets to GDP (%),GFDD.DM.11,..,..,..,..,..,..,..,..,..,..,..,..,..,..,..,..,..,..,..,..,..,..,..,..,..,..,..,..,..,..,..,..,..,..,..,..,..,..,..,..,..,..,..,..,..,..,..,..,..,..,..,..,..,..,..,..,..,..,..,..,..,..
Iraq,IRQ,Liquid liabilities to GDP (%),GFDD.DI.05,21.96542,20.85307,21.20343,23.1564,19.93299,..,..,..,24.0116,26.47365,25.51241,23.50117,26.60095,29.42451,19.17787,22.81106,21.0679,..,..,..,..,..,..,..,..,..,..,..,..,..,..,..,..,..,..,..,..,..,..,..,..,..,..,..,26.96683,20.24653,20.83975,24.50626,23.51808,35.81635,37.88177,34.09517,30.31067,32.66196,33.92799,40.73469,45.63474,40.77885,35.51717,37.35214,59.34509,46.35656
Ireland,IRL,Account at a formal financial institution (% age 15+),GFDD.AI.05,..,..,..,..,..,..,..,..,..,..,..,..,..,..,..,..,..,..,..,..,..,..,..,..,..,..,..,..,..,..,..,..,..,..,..,..,..,..,..,..,..,..,..,..,..,..,..,..,..,..,..,93.88835,..,..,94.71014,..,..,95.34045,..,..,..,99.6634
Ireland,IRL,"Bank accounts per 1,000 adults",GFDD.AI.01,..,..,..,..,..,..,..,..,..,..,..,..,..,..,..,..,..,..,..,..,..,..,..,..,..,..,..,..,..,..,..,..,..,..,..,..,..,..,..,..,..,..,..,..,..,..,..,..,..,..,..,..,..,..,..,..,..,..,..,..,..,..
Ireland,IRL,Bank deposits to GDP (%),GFDD.OI.02,48.91585,48.879,49.11627,47.85991,44.32862,43.93379,45.44535,46.99102,48.4372,46.47612,42.35151,48.33207,46.09572,48.09624,53.2769,50.7027,46.42606,45.069,48.7062,49.01377,51.01762,50.64029,41.31066,39.56746,39.71118,38.73758,35.72011,37.23581,36.50607,34.08784,37.1668,37.79018,38.11383,44.49677,45.54064,63.3075,67.29145,69.68666,70.89812,..,..,68.79325,67.15835,71.43417,73.7028,77.58284,91.93147,96.45048,99.60327,109.987,102.1636,96.34618,93.48481,99.55689,86.45901,71.55974,75.21125,71.71946,66.43479,69.70039,75.6523,73.25712
Ireland,IRL,Central bank assets to GDP (%),GFDD.DI.06,..,..,..,..,1.03231,2.423868,2.886565,2.775984,1.970605,1.524129,2.54393,1.292998,1.294997,1.985085,1.870212,2.651573,3.334571,1.882043,2.117473,3.275979,3.233212,2.603293,2.993098,2.464528,2.789842,2.267629,2.073189,1.943927,1.98222,1.747829,1.662148,1.165406,1.099291,0.8876433,0.6647828,0.4234103,0.2780237,0.2415038,0.2083846,..,..,0.0237532,..,0.0192339,0.0038398,0.0152665,0.0221722,0.047699,0.2669756,0.5845917,1.496747,1.49345,1.404454,18.5847,18.87049,15.96005,17.85431,16.01684,13.6709,11.98819,14.64858,15.39182
Ireland,IRL,Credit card (% age 15+),GFDD.AI.20,..,..,..,..,..,..,..,..,..,..,..,..,..,..,..,..,..,..,..,..,..,..,..,..,..,..,..,..,..,..,..,..,..,..,..,..,..,..,..,..,..,..,..,..,..,..,..,..,..,..,..,55.64579,..,..,45.97989,..,..,50.861,..,..,..,54.95542
Ireland,IRL,Credit to government and state-owned enterprises to GDP (%),GFDD.EI.08,..,..,..,..,..,..,..,..,..,..,..,..,..,..,..,..,..,..,..,..,9.490103,8.848993,9.600332,10.18468,11.63223,11.50875,11.23924,11.16957,9.421539,7.667562,7.324778,7.091949,7.810576,7.09084,7.387793,8.467781,6.731777,6.080628,5.813692,..,..,4.392691,3.689037,3.626274,3.04044,2.705119,2.256697,0.8550287,1.839996,5.621175,25.94061,24.88069,27.09433,11.51544,10.66824,7.363773,6.785947,5.686954,5.29317,4.359847,5.219535,..
Ireland,IRL,Credit flows by fintech and bigtech companies to GDP (%),GFDD.DM.16,..,..,..,..,..,..,..,..,..,..,..,..,..,..,..,..,..,..,..,..,..,..,..,..,..,..,..,..,..,..,..,..,..,..,..,..,..,..,..,..,..,..,..,..,..,..,..,..,..,..,..,..,..,0,0,0,0,0,0,0,..,..
Ireland,IRL,Deposit money bank assets to deposit money bank assets and central bank assets (%),GFDD.DI.04,..,..,..,..,97.0782,93.52464,92.70239,92.91138,95.27719,96.22615,93.12685,97.21387,97.36236,95.95084,96.50662,94.92461,93.3652,96.32774,96.08201,94.15669,94.21733,95.22444,94.80669,95.7985,95.35807,96.06554,96.40121,96.56127,96.4915,96.85342,97.06508,97.80479,97.98629,98.28245,98.75623,99.46177,99.65486,99.72733,99.77562,..,..,99.96883,..,99.97848,99.99644,99.98801,99.9849,99.97,99.84148,99.66682,99.06905,98.94883,98.99563,86.18245,82.87333,79.12068,75.56145,75.7206,77.13502,77.09964,71.99678,67.51727
Ireland,IRL,Insurance company assets to GDP (%),GFDD.DI.11,..,..,..,..,..,..,..,..,..,..,..,..,..,..,..,..,..,..,..,..,..,..,..,..,..,..,..,..,..,..,..,..,..,..,..,..,..,..,..,..,..,..,53.733613,60.314602,69.315547,81.034626,91.58706,94.912304,100.9184,125.91349,134.50571,125.21359,125.27613,120.57986,124.4094,98.124151,100.10953,95.322318,86.337811,90.977621,91.415365,..
Ireland,IRL,Gross portfolio debt assets to GDP (%),GFDD.DM.11,..,..,..,..,..,..,..,..,..,..,..,..,..,..,..,..,..,..,..,..,..,..,..,..,..,..,..,..,..,..,..,..,..,..,..,..,..,..,..,..,..,..,..,..,..,377.1324,450.9502,489.2249,433.1812,..,..,..,..,..,..,..,..,..,490.5669,..,..,..
Ireland,IRL,Liquid liabilities to GDP (%),GFDD.DI.05,10.6841,10.74131,10.64083,11.94482,5.596741,10.41788,10.47282,11.12211,10.59237,9.62768,9.438743,8.886797,8.095311,7.842757,7.924345,7.484022,7.009956,6.542177,6.697215,7.077267,6.808378,6.204828,47.12012,45.46106,45.2887,44.07379,41.01555,42.55806,41.94014,39.36094,42.36727,42.85978,42.99538,49.49839,50.53489,68.1591,72.12024,74.47831,75.69728,..,..,84.85859,86.80936,88.7454,95.53628,101.3258,118.4586,128.0146,136.3562,151.9538,147.5063,132.4115,126.7826,130.2908,129.747,98.77283,104.3135,98.17092,93.93086,98.67864,116.5852,107.724
Isle of Man,IMN,Account at a formal financial institution (% age 15+),GFDD.AI.05,..,..,..,..,..,..,..,..,..,..,..,..,..,..,..,..,..,..,..,..,..,..,..,..,..,..,..,..,..,..,..,..,..,..,..,..,..,..,..,..,..,..,..,..,..,..,..,..,..,..,..,..,..,..,..,..,..,..,..,..,..,..
Isle of Man,IMN,"Bank accounts per 1,000 adults",GFDD.AI.01,..,..,..,..,..,..,..,..,..,..,..,..,..,..,..,..,..,..,..,..,..,..,..,..,..,..,..,..,..,..,..,..,..,..,..,..,..,..,..,..,..,..,..,..,..,..,..,..,..,..,..,..,..,..,..,..,..,..,..,..,..,..
Isle of Man,IMN,Bank deposits to GDP (%),GFDD.OI.02,..,..,..,..,..,..,..,..,..,..,..,..,..,..,..,..,..,..,..,..,..,..,..,..,..,..,..,..,..,..,..,..,..,..,..,..,..,..,..,..,..,..,..,..,..,..,..,..,..,..,..,..,..,..,..,..,..,..,..,..,..,..
Isle of Man,IMN,Central bank assets to GDP (%),GFDD.DI.06,..,..,..,..,..,..,..,..,..,..,..,..,..,..,..,..,..,..,..,..,..,..,..,..,..,..,..,..,..,..,..,..,..,..,..,..,..,..,..,..,..,..,..,..,..,..,..,..,..,..,..,..,..,..,..,..,..,..,..,..,..,..
Isle of Man,IMN,Credit card (% age 15+),GFDD.AI.20,..,..,..,..,..,..,..,..,..,..,..,..,..,..,..,..,..,..,..,..,..,..,..,..,..,..,..,..,..,..,..,..,..,..,..,..,..,..,..,..,..,..,..,..,..,..,..,..,..,..,..,..,..,..,..,..,..,..,..,..,..,..
Isle of Man,IMN,Credit to government and state-owned enterprises to GDP (%),GFDD.EI.08,..,..,..,..,..,..,..,..,..,..,..,..,..,..,..,..,..,..,..,..,..,..,..,..,..,..,..,..,..,..,..,..,..,..,..,..,..,..,..,..,..,..,..,..,..,..,..,..,..,..,..,..,..,..,..,..,..,..,..,..,..,..
Isle of Man,IMN,Credit flows by fintech and bigtech companies to GDP (%),GFDD.DM.16,..,..,..,..,..,..,..,..,..,..,..,..,..,..,..,..,..,..,..,..,..,..,..,..,..,..,..,..,..,..,..,..,..,..,..,..,..,..,..,..,..,..,..,..,..,..,..,..,..,..,..,..,..,..,..,..,..,..,..,..,..,..
Isle of Man,IMN,Deposit money bank assets to deposit money bank assets and central bank assets (%),GFDD.DI.04,..,..,..,..,..,..,..,..,..,..,..,..,..,..,..,..,..,..,..,..,..,..,..,..,..,..,..,..,..,..,..,..,..,..,..,..,..,..,..,..,..,..,..,..,..,..,..,..,..,..,..,..,..,..,..,..,..,..,..,..,..,..
Isle of Man,IMN,Insurance company assets to GDP (%),GFDD.DI.11,..,..,..,..,..,..,..,..,..,..,..,..,..,..,..,..,..,..,..,..,..,..,..,..,..,..,..,..,..,..,..,..,..,..,..,..,..,..,..,..,..,..,..,..,..,..,..,..,..,..,..,..,..,..,..,..,..,..,..,..,..,..
Isle of Man,IMN,Gross portfolio debt assets to GDP (%),GFDD.DM.11,..,..,..,..,..,..,..,..,..,..,..,..,..,..,..,..,..,..,..,..,..,..,..,..,..,..,..,..,..,..,..,..,..,..,..,..,..,..,..,..,..,..,..,..,..,..,..,..,..,..,..,..,..,..,..,..,..,..,..,..,..,..
Isle of Man,IMN,Liquid liabilities to GDP (%),GFDD.DI.05,..,..,..,..,..,..,..,..,..,..,..,..,..,..,..,..,..,..,..,..,..,..,..,..,..,..,..,..,..,..,..,..,..,..,..,..,..,..,..,..,..,..,..,..,..,..,..,..,..,..,..,..,..,..,..,..,..,..,..,..,..,..
Israel,ISR,Account at a formal financial institution (% age 15+),GFDD.AI.05,..,..,..,..,..,..,..,..,..,..,..,..,..,..,..,..,..,..,..,..,..,..,..,..,..,..,..,..,..,..,..,..,..,..,..,..,..,..,..,..,..,..,..,..,..,..,..,..,..,..,..,90.46864,..,..,89.95277,..,..,92.81496,..,..,..,92.92522
Israel,ISR,"Bank accounts per 1,000 adults",GFDD.AI.01,..,..,..,..,..,..,..,..,..,..,..,..,..,..,..,..,..,..,..,..,..,..,..,..,..,..,..,..,..,..,..,..,..,..,..,..,..,..,..,..,..,..,..,..,..,..,..,..,1026.2845,1024.4703,1066.9326,1055.1358,944.02276,951.71994,931.47947,1004.4164,989.80897,1119.5158,1108.1028,1072.7017,1075.1089,1062.0788
Israel,ISR,Bank deposits to GDP (%),GFDD.OI.02,21.16606,19.91397,25.2324,24.84126,26.82067,29.20837,31.65829,39.37138,42.36126,43.28246,..,..,..,..,..,..,..,..,..,..,..,..,..,..,..,..,..,..,..,..,..,..,..,..,..,59.86265,65.21742,67.01062,73.02422,76.38679,74.05857,79.16677,82.52421,80.54523,79.89665,83.5083,81.71545,84.25166,86.69511,85.75643,84.60584,88.1966,66.44505,68.46842,71.71886,72.77036,74.92051,75.8693,73.96048,74.90937,93.53629,99.30497
Israel,ISR,Central bank assets to GDP (%),GFDD.DI.06,7.696748,6.213159,3.984064,4.567227,3.915427,2.729754,2.680067,7.609595,8.154723,14.38579,..,..,..,..,..,..,..,..,..,..,..,..,..,..,..,..,..,..,..,..,..,..,..,..,..,3.570863,3.498824,3.081871,2.787608,2.559826,2.320108,2.218207,1.92621,1.736657,1.441338,1.067165,0.8659925,1.376874,0.4977102,2.640342,2.255518,2.101351,1.728735,1.441375,1.094804,0.8830923,0.7233756,0.5160813,0.3414645,0.1536376,3.366824,5.379832
Israel,ISR,Credit card (% age 15+),GFDD.AI.20,..,..,..,..,..,..,..,..,..,..,..,..,..,..,..,..,..,..,..,..,..,..,..,..,..,..,..,..,..,..,..,..,..,..,..,..,..,..,..,..,..,..,..,..,..,..,..,..,..,..,..,79.66151,..,..,76.16453,..,..,75.01587,..,..,..,79.0546
Israel,ISR,Credit to government and state-owned enterprises to GDP (%),GFDD.EI.08,..,..,..,..,..,..,..,..,..,..,..,..,..,..,..,..,..,..,..,..,52.47824,60.12225,69.22301,..,..,..,61.57863,55.39707,52.78583,49.54693,42.4278,37.75136,34.20823,30.99611,25.9956,23.09272,22.05032,16.70806,14.47477,12.77932,8.233208,7.976209,7.938128,8.529293,9.206094,9.682112,9.030177,10.22495,10.00459,9.379133,8.973198,9.509804,8.599981,8.469697,8.602102,8.993052,9.395989,7.757751,7.784083,7.831706,11.85867,..
Israel,ISR,Credit flows by fintech and bigtech companies to GDP (%),GFDD.DM.16,..,..,..,..,..,..,..,..,..,..,..,..,..,..,..,..,..,..,..,..,..,..,..,..,..,..,..,..,..,..,..,..,..,..,..,..,..,..,..,..,..,..,..,..,..,..,..,..,..,..,..,..,..,0,0,0,0,0,0,0,..,..
Israel,ISR,Deposit money bank assets to deposit money bank assets and central bank assets (%),GFDD.DI.04,66.66667,70.229,79.72973,77.83784,82.83262,88.46154,90.21407,79.04328,78.7594,69.21017,..,..,..,..,..,..,..,..,..,..,..,..,..,..,..,..,..,..,..,..,..,..,..,..,..,95.93156,96.02698,96.33907,96.7623,97.0563,97.20271,97.53611,97.94148,98.07637,98.40057,98.87816,99.05363,98.67132,99.51765,97.40236,97.80639,97.94814,97.78143,98.09148,98.54955,98.84306,99.04104,99.29774,99.53901,99.78915,95.98202,93.66134
Israel,ISR,Insurance company assets to GDP (%),GFDD.DI.11,..,..,..,..,..,..,..,..,..,..,..,..,..,..,..,..,..,..,..,..,..,..,..,..,..,..,..,..,..,..,..,..,..,..,..,..,..,..,..,..,..,..,..,25.081281,26.067848,27.852348,27.929151,28.500233,26.006127,30.794226,32.230375,31.140173,32.957976,34.256907,35.574993,35.98802,36.304616,38.512172,38.666133,41.301422,44.422625,..
Israel,ISR,Gross portfolio debt assets to GDP (%),GFDD.DM.11,..,..,..,..,..,..,..,..,..,..,..,..,..,..,..,..,..,..,..,..,..,..,..,..,..,..,..,..,..,..,..,..,..,..,..,..,..,..,..,3.079998,3.70195,4.652963,7.385118,9.025659,10.01212,11.99122,14.28899,14.06013,9.471499,11.58371,12.10796,11.16023,13.36455,13.37796,14.7161,17.82262,17.99381,18.22975,17.1438,17.98504,17.75142,..
Israel,ISR,Liquid liabilities to GDP (%),GFDD.DI.05,26.93862,27.083,30.54449,30.07686,32.59593,35.21383,37.9397,47.39454,50.22732,50.35026,..,..,..,..,..,..,..,..,..,..,..,..,..,..,..,..,..,..,..,..,..,..,..,..,..,67.5173,72.69785,74.24406,79.77078,83.76255,81.26156,87.3111,89.48651,88.6452,87.44993,92.27196,90.42342,93.13547,97.45152,97.93931,73.79617,76.85198,77.21221,78.54609,84.0474,83.58838,84.12719,84.76588,84.18358,85.38827,105.0306,109.8863
Italy,ITA,Account at a formal financial institution (% age 15+),GFDD.AI.05,..,..,..,..,..,..,..,..,..,..,..,..,..,..,..,..,..,..,..,..,..,..,..,..,..,..,..,..,..,..,..,..,..,..,..,..,..,..,..,..,..,..,..,..,..,..,..,..,..,..,..,71.00853,..,..,87.33458,..,..,93.78502,..,..,..,97.29456
Italy,ITA,"Bank accounts per 1,000 adults",GFDD.AI.01,..,..,..,..,..,..,..,..,..,..,..,..,..,..,..,..,..,..,..,..,..,..,..,..,..,..,..,..,..,..,..,..,..,..,..,..,..,..,..,..,..,..,..,..,684.60395,679.60304,687.19147,696.96591,..,..,..,..,626.49676,659.09747,665.72969,684.80913,698.50391,667.59729,720.6049,690.96865,715.30464,..
Italy,ITA,Bank deposits to GDP (%),GFDD.OI.02,..,..,46.57997,48.40693,50.33857,54.43867,57.29424,59.28233,63.06686,64.05928,63.88973,69.69868,75.31017,75.80406,64.4815,70.91584,68.37393,68.97552,72.81332,71.06313,64.12594,59.24477,60.67526,58.90171,57.89945,56.98226,56.08079,54.8804,54.19156,53.0082,52.96332,53.0626,52.67703,55.185,52.4839,49.51959,47.81316,42.13656,40.31045,..,..,50.36836,53.85667,56.9571,56.46614,57.40004,58.05222,67.36761,69.84607,75.70375,72.48293,69.96178,73.86164,75.6204,77.56994,79.22766,80.86927,82.14697,82.53496,85.3179,102.9492,102.9661
Italy,ITA,Central bank assets to GDP (%),GFDD.DI.06,..,..,2.953325,4.910004,4.758813,5.328771,4.333725,3.32885,3.420427,2.717617,4.771765,4.310593,4.858568,5.101952,17.09383,20.09418,21.31777,15.8558,15.26332,12.68068,13.07102,13.54898,13.53656,12.47352,11.93647,13.24938,12.93139,13.05237,12.04352,11.10472,9.910702,9.081506,9.947176,10.4172,11.08278,10.40269,8.342606,8.234442,7.091249,..,..,5.222007,3.478058,4.059755,4.487441,4.803902,4.744218,4.269835,3.962509,4.426283,4.44783,5.206822,6.459344,6.848613,7.603185,12.11857,18.60779,24.25524,24.80289,26.23373,39.89299,43.03119
Italy,ITA,Credit card (% age 15+),GFDD.AI.20,..,..,..,..,..,..,..,..,..,..,..,..,..,..,..,..,..,..,..,..,..,..,..,..,..,..,..,..,..,..,..,..,..,..,..,..,..,..,..,..,..,..,..,..,..,..,..,..,..,..,..,30.50481,..,..,36.22083,..,..,42.47668,..,..,..,57.88174
Italy,ITA,Credit to government and state-owned enterprises to GDP (%),GFDD.EI.08,..,..,..,..,..,..,..,..,..,..,..,..,..,..,..,..,..,..,..,..,..,..,..,..,..,..,..,..,..,..,..,..,..,..,..,..,..,..,..,..,..,15.88422,14.9495,15.77221,14.82567,14.75387,14.02491,24.01749,24.43556,28.271,30.88564,30.44756,38.13154,41.35343,42.21627,40.75663,38.26029,34.27551,36.25399,35.62998,40.88288,..
Italy,ITA,Credit flows by fintech and bigtech companies to GDP (%),GFDD.DM.16,..,..,..,..,..,..,..,..,..,..,..,..,..,..,..,..,..,..,..,..,..,..,..,..,..,..,..,..,..,..,..,..,..,..,..,..,..,..,..,..,..,..,..,..,..,..,..,..,..,..,..,..,..,0,0,0,0,0,0,0,..,..
Italy,ITA,Deposit money bank assets to deposit money bank assets and central bank assets (%),GFDD.DI.04,..,..,..,91.81381,91.96734,91.25632,93.12827,94.89336,95.0024,96.13474,93.20378,94.1407,93.88747,93.58336,82.85606,81.26709,78.81876,83.73177,84.04112,85.66219,84.22469,82.9824,83.15242,84.15502,84.83057,83.36211,83.49171,83.07078,84.2208,85.75568,87.29253,89.07185,88.91977,88.72752,87.83554,87.881,89.89481,89.77052,91.17426,..,..,93.57073,95.66901,95.22144,94.82542,94.66906,94.96537,96.1114,96.46008,96.31368,96.53104,95.98164,95.32596,95.06961,94.50266,91.34827,86.84013,82.48066,81.86433,80.55035,75.51385,72.84785
Italy,ITA,Insurance company assets to GDP (%),GFDD.DI.11,..,..,..,..,..,..,..,..,..,..,..,..,..,..,..,..,..,..,..,..,..,..,..,..,..,..,..,..,..,..,..,..,..,..,..,..,..,..,..,21.761742,23.744417,24.554557,25.339808,27.763811,30.712467,35.803253,35.159507,31.408813,29.513658,33.64844,31.57162,30.207992,31.978958,36.302437,42.041455,46.274122,48.378725,48.927015,49.500245,53.287114,61.710452,..
Italy,ITA,Gross portfolio debt assets to GDP (%),GFDD.DM.11,..,..,..,..,..,..,..,..,..,..,..,..,..,..,..,..,..,..,..,..,..,..,..,..,..,..,..,..,..,..,..,..,..,..,..,..,..,..,..,26.96862,26.77666,27.04835,27.6598,29.62453,30.47495,32.00238,33.94825,32.94398,29.14524,36.10057,33.70319,27.89559,28.09216,26.82522,25.39889,28.50319,28.71822,32.78164,29.73741,33.8341,41.76245,..
Italy,ITA,Liquid liabilities to GDP (%),GFDD.DI.05,18.9128,19.87745,32.58184,26.55727,28.02102,30.06613,30.87915,32.45432,34.6482,37.04956,41.87358,45.74865,49.47689,49.06377,76.00734,82.71217,79.13813,79.22971,83.38181,81.63643,73.29241,68.06985,69.02181,66.98512,65.72678,64.6629,63.63229,62.47082,61.45311,60.89449,60.46838,60.56327,60.62091,63.27462,60.89945,57.75809,55.79761,50.40773,48.69423,..,..,55.1795,58.67033,62.32812,62.61774,64.14076,65.27504,74.59953,77.79075,84.24299,81.24292,78.87115,83.16267,85.74751,87.98667,90.33267,92.41309,93.96059,94.89255,98.79563,118.61,119.0185
Jamaica,JAM,Account at a formal financial institution (% age 15+),GFDD.AI.05,..,..,..,..,..,..,..,..,..,..,..,..,..,..,..,..,..,..,..,..,..,..,..,..,..,..,..,..,..,..,..,..,..,..,..,..,..,..,..,..,..,..,..,..,..,..,..,..,..,..,..,70.9915,..,..,78.34596,..,..,..,..,..,..,72.67004
Jamaica,JAM,"Bank accounts per 1,000 adults",GFDD.AI.01,..,..,..,..,..,..,..,..,..,..,..,..,..,..,..,..,..,..,..,..,..,..,..,..,..,..,..,..,..,..,..,..,..,..,..,..,..,..,..,..,..,..,..,..,..,..,..,..,..,..,..,..,..,..,..,..,..,..,..,..,..,..
Jamaica,JAM,Bank deposits to GDP (%),GFDD.OI.02,17.34317,14.2612,19.22523,20.55867,20.84527,20.78053,21.43222,22.19148,26.5279,29.00171,28.41278,32.14286,31.74901,33.72504,35.21439,31.8626,32.66107,32.51654,31.23575,30.80113,33.14345,38.92238,45.61935,49.33876,44.10666,45.78129,45.21726,44.76703,51.05506,46.56743,42.78174,39.94679,45.13099,35.61552,35.88614,35.91398,33.38746,34.48211,33.85491,33.89948,34.28861,42.15087,43.58853,41.78871,42.53273,40.41769,41.46744,42.1404,39.43148,40.69068,39.59758,38.39086,39.58786,41.21451,40.79214,42.86073,45.6677,47.33302,48.3191,50.73663,63.7403,68.71378
Jamaica,JAM,Central bank assets to GDP (%),GFDD.DI.06,1.522034,1.800242,1.368088,1.021837,1.512335,1.40481,0.9405157,0.5955015,0.4874889,0.4577415,0.5445071,0.7985808,2.25106,2.956683,3.307984,7.085718,18.50263,15.26605,16.20099,31.45499,32.96262,37.31353,37.80622,44.99444,41.65498,30.53948,28.22515,15.2028,12.75989,12.17774,9.760838,5.138094,3.037436,5.12967,4.103675,6.791526,7.558609,13.37299,15.94477,16.50127,14.18419,13.24122,12.16382,14.35183,13.67213,11.61791,11.06554,8.328146,10.73795,12.44931,7.775292,7.49481,7.123853,7.807066,10.78572,8.484588,8.044497,8.963499,9.670992,9.993373,15.82128,14.81604
Jamaica,JAM,Credit card (% age 15+),GFDD.AI.20,..,..,..,..,..,..,..,..,..,..,..,..,..,..,..,..,..,..,..,..,..,..,..,..,..,..,..,..,..,..,..,..,..,..,..,..,..,..,..,..,..,..,..,..,..,..,..,..,..,..,..,6.913593,..,..,13.78092,..,..,..,..,..,..,11.81338
Jamaica,JAM,Credit to government and state-owned enterprises to GDP (%),GFDD.EI.08,..,..,..,..,..,..,..,..,..,..,..,..,..,..,..,..,..,..,..,..,12.30268,15.74531,17.93975,16.80837,12.15537,14.41793,14.44975,14.08231,12.32959,7.536194,6.66279,5.11437,12.25125,7.483225,12.25773,9.27762,11.77601,12.5235,10.78003,12.40049,13.06396,28.59923,27.2838,27.14592,22.12414,21.70908,19.63687,19.02799,16.71276,17.28399,15.91847,14.93078,15.92709,14.2758,12.0435,11.95908,12.47735,11.50096,11.58445,10.44714,12.7142,..
Jamaica,JAM,Credit flows by fintech and bigtech companies to GDP (%),GFDD.DM.16,..,..,..,..,..,..,..,..,..,..,..,..,..,..,..,..,..,..,..,..,..,..,..,..,..,..,..,..,..,..,..,..,..,..,..,..,..,..,..,..,..,..,..,..,..,..,..,..,..,..,..,..,..,..,..,..,..,..,..,..,..,..
Jamaica,JAM,Deposit money bank assets to deposit money bank assets and central bank assets (%),GFDD.DI.04,91.79266,90.24631,92.96296,94.32542,92.9761,93.90522,95.63165,97.3129,98.06803,98.47693,98.17297,97.51698,93.85871,92.77308,91.59243,83.10909,65.08314,69.79577,66.95551,51.39302,50.00432,52.37102,56.60573,52.8607,49.7393,56.55356,57.78848,73.32504,77.54924,77.98886,79.65476,86.87115,92.10523,84.67424,88.58222,81.84238,80.73552,69.85442,68.16915,68.72406,73.14236,75.83383,77.5457,76.02031,75.49889,78.60619,79.56181,84.76453,81.37135,78.65957,84.48009,84.77187,86.30932,84.94082,79.31819,83.20788,84.68874,85.31631,84.8265,85.37044,81.23933,82.82883
Jamaica,JAM,Insurance company assets to GDP (%),GFDD.DI.11,..,..,..,..,..,..,..,..,..,..,..,..,..,..,..,..,..,..,..,..,..,..,..,..,..,..,..,..,..,..,..,..,..,..,..,..,..,..,..,..,..,10.204176,11.746833,13.424807,17.382351,15.97856,16.532943,16.773065,17.101046,18.602977,19.414235,19.470668,21.27842,21.438088,20.86632,20.78343,20.886149,20.58548,19.948195,20.398662,23.422316,..
Jamaica,JAM,Gross portfolio debt assets to GDP (%),GFDD.DM.11,..,..,..,..,..,..,..,..,..,..,..,..,..,..,..,..,..,..,..,..,..,..,..,..,..,..,..,..,..,..,..,..,..,..,..,..,..,..,..,..,..,..,..,..,..,..,..,..,..,2.518607,4.874493,4.871529,8.298081,9.687684,13.4487,15.0097,18.50014,17.85726,16.26283,15.11901,16.67422,..
Jamaica,JAM,Liquid liabilities to GDP (%),GFDD.DI.05,20.34719,17.7273,22.8179,24.44044,24.79294,24.63969,25.14258,26.48124,31.72066,34.15845,33.34401,37.60504,37.83733,39.09879,41.43539,37.81122,38.5537,39.36455,36.41291,36.12788,42.66479,45.34237,56.04811,60.15676,51.12028,54.40438,62.11324,61.09185,72.64804,66.42043,61.95185,60.5216,57.27366,44.47975,43.02819,42.98067,44.30478,47.5933,47.80834,48.30654,40.28453,52.12532,49.08501,46.48216,47.35321,45.67271,47.24047,47.11426,44.20428,44.76186,43.67598,42.54211,43.65915,45.19733,44.81114,47.20844,50.46861,52.3932,53.79356,56.50223,71.28474,77.56881
Japan,JPN,Account at a formal financial institution (% age 15+),GFDD.AI.05,..,..,..,..,..,..,..,..,..,..,..,..,..,..,..,..,..,..,..,..,..,..,..,..,..,..,..,..,..,..,..,..,..,..,..,..,..,..,..,..,..,..,..,..,..,..,..,..,..,..,..,96.42205,..,..,96.64558,..,..,98.24339,..,..,..,98.48942
Japan,JPN,"Bank accounts per 1,000 adults",GFDD.AI.01,..,..,..,..,..,..,..,..,..,..,..,..,..,..,..,..,..,..,..,..,..,..,..,..,..,..,..,..,..,..,..,..,..,..,..,..,..,..,..,..,..,..,..,..,..,..,..,..,..,..,..,..,..,..,..,..,..,..,..,..,..,..
Japan,JPN,Bank deposits to GDP (%),GFDD.OI.02,43.78507,41.70148,61.9754,67.69566,66.37865,70.643,70.83029,69.53091,67.37672,67.87807,94.81403,107.4548,117.0203,114.3848,109.0939,116.1143,119.7243,122.4431,127.1693,130.8556,132.8392,138.7836,144.4901,150.2984,152.9108,156.2385,162.2912,169.8609,172.349,178.263,177.41,176.1953,177.7297,185.2816,187.1764,190.3917,192.2827,200.3199,209.3307,217.9546,217.5075,178.1529,181.7295,182.6421,181.8625,181.2075,179.0667,178.9086,184.3094,200.119,199.3458,208.4471,211.6501,215.402,216.8568,214.4757,218.6006,221.335,224.3427,228.3845,254.1537,259.6056
Japan,JPN,Central bank assets to GDP (%),GFDD.DI.06,2.47012,1.339348,2.017357,2.166325,2.606216,2.962547,2.937456,4.162788,4.428117,4.293998,3.910409,2.180111,1.344143,1.502586,3.031615,5.041118,4.300809,3.618365,4.113335,3.946879,4.10316,4.976367,5.215123,4.932885,4.631397,3.845232,3.226536,3.352358,3.07869,3.148271,4.701852,3.161882,3.863605,4.321096,4.302468,4.807769,5.844328,6.04789,12.66059,11.92601,10.11832,14.73009,16.11599,17.88476,18.29558,18.79942,15.17576,13.32449,12.30293,15.00022,15.50259,18.76283,22.93072,35.20663,47.2687,57.83535,71.62448,74.66866,78.18503,81.42499,92.23851,89.0631
Japan,JPN,Credit card (% age 15+),GFDD.AI.20,..,..,..,..,..,..,..,..,..,..,..,..,..,..,..,..,..,..,..,..,..,..,..,..,..,..,..,..,..,..,..,..,..,..,..,..,..,..,..,..,..,..,..,..,..,..,..,..,..,..,..,64.44076,..,..,66.07605,..,..,68.38349,..,..,..,69.66467
Japan,JPN,Credit to government and state-owned enterprises to GDP (%),GFDD.EI.08,..,..,..,..,..,..,..,..,..,..,..,..,..,..,..,..,..,..,..,..,49.98123,52.06214,55.66667,59.53698,61.27922,62.63583,65.80774,63.24905,62.12507,60.677,56.18832,55.48587,57.65067,61.93046,63.94299,67.50475,69.89387,23.69276,27.95427,34.12094,43.62405,40.16631,43.99203,51.83325,53.91707,54.12353,56.19104,55.39683,62.00869,74.43904,..,..,..,..,71.16193,59.83912,54.94907,51.29782,47.00379,45.30879,52.04136,..
Japan,JPN,Credit flows by fintech and bigtech companies to GDP (%),GFDD.DM.16,..,..,..,..,..,..,..,..,..,..,..,..,..,..,..,..,..,..,..,..,..,..,..,..,..,..,..,..,..,..,..,..,..,..,..,..,..,..,..,..,..,..,..,..,..,..,..,..,..,..,..,..,..,0.1568597,0.1957795,0.2353148,0.2895638,0.335366,0.3957033,0.5439127,..,..
Japan,JPN,Deposit money bank assets to deposit money bank assets and central bank assets (%),GFDD.DI.04,95.91499,97.76353,97.40436,97.42199,96.92104,96.66781,96.7513,95.40967,94.94823,95.07757,96.79633,98.37323,99.08141,98.96031,97.84447,96.63712,97.22468,97.70011,97.47732,97.64301,97.60775,97.18856,97.19083,97.45199,97.65614,98.09222,98.46073,98.48288,98.64066,98.64016,97.96806,98.6126,98.34931,98.20838,98.21733,98.03183,97.63126,97.1346,94.46829,94.90136,95.70247,90.80458,89.80464,89.06247,88.76794,88.77928,90.75845,91.68465,92.68887,92.15414,91.98896,90.69849,88.90327,83.62617,78.62007,73.52792,68.70506,67.63463,66.05379,65.28902,64.88221,65.57072
Japan,JPN,Insurance company assets to GDP (%),GFDD.DI.11,..,..,..,..,..,..,..,..,..,..,..,..,..,..,..,..,..,..,..,..,16.761073,17.20198,19.02092,21.949456,23.585248,26.74778,32.710632,37.151371,41.103399,40.596066,38.954295,34.379534,35.571747,38.038244,36.640067,39.339458,39.155132,38.911202,62.050637,65.843569,64.827891,65.587783,66.408799,67.427704,68.284748,74.157468,73.864351,72.522408,69.341321,70.392014,69.001298,71.169614,74.438778,74.441179,76.607525,73.820367,74.661862,74.630189,73.898688,76.215299,80.195119,..
Japan,JPN,Gross portfolio debt assets to GDP (%),GFDD.DM.11,..,..,..,..,..,..,..,..,..,..,..,..,..,..,..,..,..,..,..,..,..,..,..,..,..,..,..,..,..,..,..,..,..,..,..,..,..,..,..,21.63751,21.01762,24.2851,28.29899,32.01324,33.61816,35.31671,39.83482,42.58088,38.81166,42.57146,45.60971,43.53246,45.79782,42.82143,43.07553,48.20229,47.43287,49.2859,48.38345,51.23099,59.36826,..
Japan,JPN,Liquid liabilities to GDP (%),GFDD.DI.05,50.66253,48.54877,68.88748,74.61031,73.13035,77.55764,77.63876,76.519,74.18848,74.84493,101.4734,114.5283,125.0115,122.1465,116.7532,123.5943,127.1207,129.733,134.7912,138.2303,139.8107,145.6958,151.4877,157.2651,159.9714,163.2523,169.7676,177.6624,180.3558,186.9649,185.6204,184.0579,185.4249,193.5276,195.4646,199.3811,201.6573,209.7343,219.9453,229.1363,229.7271,187.8577,192.5721,192.7595,192.6706,191.5435,190.5936,190.9947,195.1408,197.9957,197.7058,207.0564,209.8007,214.2713,215.8782,213.7419,216.7663,244.0907,248.0703,252.466,280.6681,287.8542
Jordan,JOR,Account at a formal financial institution (% age 15+),GFDD.AI.05,..,..,..,..,..,..,..,..,..,..,..,..,..,..,..,..,..,..,..,..,..,..,..,..,..,..,..,..,..,..,..,..,..,..,..,..,..,..,..,..,..,..,..,..,..,..,..,..,..,..,..,25.4711,..,..,24.61591,..,..,42.08278,..,..,..,43.35395
Jordan,JOR,"Bank accounts per 1,000 adults",GFDD.AI.01,..,..,..,..,..,..,..,..,..,..,..,..,..,..,..,..,..,..,..,..,..,..,..,..,..,..,..,..,..,..,..,..,..,..,..,..,..,..,..,..,..,..,..,..,..,..,..,..,..,..,..,..,..,..,..,..,..,..,..,..,..,..
Jordan,JOR,Bank deposits to GDP (%),GFDD.OI.02,..,..,20.96516,24.40961,21.55396,22.62797,24.9916,19.98479,20.71852,18.92675,19.49629,20.33661,22.85648,26.05783,30.6062,34.86557,37.12163,39.28453,44.23315,47.39863,50.91421,50.66911,54.04167,58.83086,61.66172,65.52893,64.25374,72.6974,74.82742,82.51502,73.29132,98.3947,83.2903,79.37967,76.72784,76.21042,74.77719,77.49137,75.76395,81.75301,87.71775,89.17365,92.05498,100.1802,103.6029,112.6656,108.2209,106.2118,93.98741,97.0646,98.022,97.92828,93.47924,93.39211,94.16964,97.27351,97.88265,93.72793,90.7304,91.6461,95.25914,98.75117
Jordan,JOR,Central bank assets to GDP (%),GFDD.DI.06,..,..,..,..,..,..,0.0412076,..,..,1.578028,4.552711,7.68328,4.029451,9.647568,9.036275,6.393407,7.819025,8.496072,6.631058,6.047275,10.55145,10.1636,11.48613,10.87922,9.205108,10.27052,10.00413,15.16812,27.63247,29.77073,26.37053,22.60859,18.42094,17.59049,17.65476,13.96049,13.4582,12.82286,12.0605,11.04755,12.86947,12.01889,9.465702,8.549473,7.805856,9.763074,5.917894,4.970313,7.868524,6.946146,5.769374,5.90326,9.250802,6.777924,4.556639,3.748579,3.394011,1.664973,1.31392,1.465605,1.835272,1.571342
Jordan,JOR,Credit card (% age 15+),GFDD.AI.20,..,..,..,..,..,..,..,..,..,..,..,..,..,..,..,..,..,..,..,..,..,..,..,..,..,..,..,..,..,..,..,..,..,..,..,..,..,..,..,..,..,..,..,..,..,..,..,..,..,..,..,3.475123,..,..,2.301174,..,..,2.528094,..,..,..,2.816045
Jordan,JOR,Credit to government and state-owned enterprises to GDP (%),GFDD.EI.08,..,..,..,..,..,..,..,..,..,..,..,..,..,..,..,..,..,..,..,..,4.978848,5.407621,6.039877,7.990966,10.58782,11.23418,11.93277,14.66885,13.82159,14.75165,13.65391,13.90271,12.16786,16.36453,14.4376,12.38557,12.75933,11.09922,13.64484,15.54585,16.97612,18.08587,19.2577,15.63916,18.87041,20.26814,21.00537,24.57978,27.0714,29.86708,29.51606,35.31442,40.17647,42.75444,42.10471,42.02703,39.1409,35.00868,36.68032,38.81001,41.5462,..
Jordan,JOR,Credit flows by fintech and bigtech companies to GDP (%),GFDD.DM.16,..,..,..,..,..,..,..,..,..,..,..,..,..,..,..,..,..,..,..,..,..,..,..,..,..,..,..,..,..,..,..,..,..,..,..,..,..,..,..,..,..,..,..,..,..,..,..,..,..,..,..,..,..,0,0,0,0,0,0,0,..,..
Jordan,JOR,Deposit money bank assets to deposit money bank assets and central bank assets (%),GFDD.DI.04,..,..,..,..,..,..,99.79877,..,..,92.2862,81.25148,73.28851,84.90038,72.6644,75.78232,83.77063,81.69423,79.42908,87.13011,89.42001,82.59408,83.53909,82.87353,85.05257,88.09982,87.19891,87.14718,82.58199,72.84951,72.20095,73.70753,76.65959,78.09494,81.01155,81.3143,84.98346,85.57761,86.00543,86.97232,88.44742,87.07101,88.36697,90.44392,90.77181,92.10705,91.52959,94.88749,95.79732,93.05247,93.68671,94.57979,94.77357,92.33108,94.35056,96.03242,96.71165,97.05648,98.50607,98.8506,98.74845,98.54861,98.7895
Jordan,JOR,Insurance company assets to GDP (%),GFDD.DI.11,..,..,..,..,..,..,..,..,..,..,..,..,..,..,..,..,..,..,..,..,..,..,..,..,..,..,..,..,..,..,..,..,..,..,..,..,..,..,..,..,3.5734725,3.6055922,3.7182254,4.1385144,4.3784036,5.7171008,4.9770049,5.0886972,4.2163805,3.9921036,3.7305992,3.4301831,3.4017438,3.2622791,3.2193089,3.1746063,3.2326626,3.2395578,..,..,..,..
Jordan,JOR,Gross portfolio debt assets to GDP (%),GFDD.DM.11,..,..,..,..,..,..,..,..,..,..,..,..,..,..,..,..,..,..,..,..,..,..,..,..,..,..,..,..,..,..,..,..,..,..,..,..,..,..,..,1.089284,1.466276,3.477507,5.01997,5.893202,6.913409,4.830536,5.414854,1.924851,1.255754,3.554149,3.075525,1.839983,1.011107,0.9725029,1.127215,1.257812,1.292204,1.276871,1.309632,1.306767,1.249624,..
Jordan,JOR,Liquid liabilities to GDP (%),GFDD.DI.05,..,..,37.59753,42.4319,37.87292,38.54481,40.48127,43.44198,49.42906,46.67534,53.63306,52.84232,51.53492,58.88851,64.92522,67.70253,67.52186,67.40056,70.94138,75.03204,80.83224,78.69073,82.55924,87.82512,89.63116,92.25803,90.35721,102.3411,114.8288,129.0373,122.981,132.8506,111.334,109.3489,100.5227,97.88634,93.10679,95.74898,93.38086,105.061,108.1501,111.2252,113.126,123.9873,122.3672,134.6772,127.0525,125.6955,118.4167,135.8447,134.179,126.6423,115.7801,121.3521,121.8073,122.4455,118.0949,108.5389,104.8505,106.3393,114.5103,118.256
Kazakhstan,KAZ,Account at a formal financial institution (% age 15+),GFDD.AI.05,..,..,..,..,..,..,..,..,..,..,..,..,..,..,..,..,..,..,..,..,..,..,..,..,..,..,..,..,..,..,..,..,..,..,..,..,..,..,..,..,..,..,..,..,..,..,..,..,..,..,..,42.10509,..,..,53.90742,..,..,58.69753,..,..,..,81.10846
Kazakhstan,KAZ,"Bank accounts per 1,000 adults",GFDD.AI.01,..,..,..,..,..,..,..,..,..,..,..,..,..,..,..,..,..,..,..,..,..,..,..,..,..,..,..,..,..,..,..,..,..,..,..,..,..,..,..,..,..,..,..,..,..,..,..,..,..,..,..,..,..,..,..,..,..,..,..,..,..,..
Kazakhstan,KAZ,Bank deposits to GDP (%),GFDD.OI.02,..,..,..,..,..,..,..,..,..,..,..,..,..,..,..,..,..,..,..,..,..,..,..,..,..,..,..,..,..,..,..,..,..,18.71737,7.767747,6.303553,5.081264,4.788553,4.573921,8.326174,11.01096,13.00936,14.86209,15.85965,19.42388,21.55674,29.89142,29.77456,28.57394,34.805,30.95074,27.6754,27.28997,27.3312,28.02376,37.65747,36.45721,30.03757,26.96785,25.25296,29.65814,31.02265
Kazakhstan,KAZ,Central bank assets to GDP (%),GFDD.DI.06,..,..,..,..,..,..,..,..,..,..,..,..,..,..,..,..,..,..,..,..,..,..,..,..,..,..,..,..,..,..,..,..,..,6.335057,4.958096,3.924216,3.967579,4.64665,5.492967,6.048269,1.681361,0.6989619,0.6167513,0.1375735,0.2196461,0.3036617,0.2207596,0.1837577,0.5103821,1.149935,0.0660849,0.0589564,0.3435558,0.7692951,1.298453,2.8711,2.381167,2.084406,1.998075,2.040509,1.911452,1.563443
Kazakhstan,KAZ,Credit card (% age 15+),GFDD.AI.20,..,..,..,..,..,..,..,..,..,..,..,..,..,..,..,..,..,..,..,..,..,..,..,..,..,..,..,..,..,..,..,..,..,..,..,..,..,..,..,..,..,..,..,..,..,..,..,..,..,..,..,8.592192,..,..,11.48182,..,..,19.96629,..,..,..,20.86302
Kazakhstan,KAZ,Credit to government and state-owned enterprises to GDP (%),GFDD.EI.08,..,..,..,..,..,..,..,..,..,..,..,..,..,..,..,..,..,..,..,..,..,..,..,..,..,..,..,..,..,..,..,..,..,1.720137,0.1005977,0.5032588,0.6138796,1.513182,1.222228,1.723401,2.289025,2.941498,3.23098,3.022049,2.513701,2.137169,1.647392,1.458374,1.717083,2.567031,5.837245,5.04091,5.096062,4.479921,4.331398,2.863848,2.743419,4.451821,4.57252,4.177488,5.63297,..
Kazakhstan,KAZ,Credit flows by fintech and bigtech companies to GDP (%),GFDD.DM.16,..,..,..,..,..,..,..,..,..,..,..,..,..,..,..,..,..,..,..,..,..,..,..,..,..,..,..,..,..,..,..,..,..,..,..,..,..,..,..,..,..,..,..,..,..,..,..,..,..,..,..,..,..,0,0,0,0,0,0,..,..,..
Kazakhstan,KAZ,Deposit money bank assets to deposit money bank assets and central bank assets (%),GFDD.DI.04,..,..,..,..,..,..,..,..,..,..,..,..,..,..,..,..,..,..,..,..,..,..,..,..,..,..,..,..,..,..,..,..,..,88.6762,84.23357,65.95204,59.09184,58.86079,56.58158,60.68903,88.85088,96.41675,97.24158,99.45143,99.24811,99.20341,99.55529,99.69667,99.01608,97.86981,99.85378,99.85347,99.16843,98.08212,96.68279,92.77534,93.14763,93.56013,93.15189,92.55727,93.51999,95.05131
Kazakhstan,KAZ,Insurance company assets to GDP (%),GFDD.DI.11,..,..,..,..,..,..,..,..,..,..,..,..,..,..,..,..,..,..,..,..,..,..,..,..,..,..,..,..,..,..,..,..,..,..,..,..,..,..,..,..,..,..,0.54964188,0.4491785,0.75117536,0.96627484,1.3265476,1.7397633,1.6757077,1.7521529,1.5840909,1.372727,1.4271975,1.4501398,1.4899404,2.0084663,1.8423041,1.7040686,1.696082,1.7101484,2.0956726,..
Kazakhstan,KAZ,Gross portfolio debt assets to GDP (%),GFDD.DM.11,..,..,..,..,..,..,..,..,..,..,..,..,..,..,..,..,..,..,..,..,..,..,..,..,..,..,..,..,..,..,..,..,..,..,..,..,..,..,..,0.0059274,0.3624927,6.390314,8.472075,12.71988,11.18879,16.54226,20.78129,19.01847,21.05743,20.53275,19.4845,21.72521,26.80974,26.01592,29.53334,30.20694,39.02822,30.98464,28.02036,30.64438,29.17182,..
Kazakhstan,KAZ,Liquid liabilities to GDP (%),GFDD.DI.05,..,..,..,..,..,..,..,..,..,..,..,..,..,..,..,..,..,..,..,..,..,..,..,..,..,..,..,..,..,..,..,..,..,27.43518,13.08644,11.37696,9.850045,10.34596,8.570498,13.58222,15.2704,17.12385,19.17032,21.0701,27.84794,27.20935,36.00615,36.03037,39.04092,44.02306,38.88442,34.52964,33.92788,32.21784,32.26526,34.32679,34.52243,29.1626,26.81856,24.20433,27.84678,29.55239
Kenya,KEN,Account at a formal financial institution (% age 15+),GFDD.AI.05,..,..,..,..,..,..,..,..,..,..,..,..,..,..,..,..,..,..,..,..,..,..,..,..,..,..,..,..,..,..,..,..,..,..,..,..,..,..,..,..,..,..,..,..,..,..,..,..,..,..,..,42.34346,..,..,55.20554,..,..,55.71795,..,..,..,50.57325
Kenya,KEN,"Bank accounts per 1,000 adults",GFDD.AI.01,..,..,..,..,..,..,..,..,..,..,..,..,..,..,..,..,..,..,..,..,..,..,..,..,..,..,..,..,..,..,..,..,..,..,..,..,..,..,..,..,..,..,..,..,..,..,..,..,..,..,..,..,..,..,..,..,..,..,..,..,..,..
Kenya,KEN,Bank deposits to GDP (%),GFDD.OI.02,..,15.25424,14.6594,14.09685,13.41464,17.0174,17.86487,18.45752,18.85914,19.68302,22.27308,21.94634,21.1047,22.97985,20.35981,21.99996,22.69576,26.77851,28.59196,28.23893,25.07175,24.57758,24.95805,23.36094,23.64237,23.00787,25.10289,24.4221,23.76976,24.45816,24.10153,25.40217,28.97223,29.3743,31.15284,35.7112,30.57358,32.60964,30.30424,29.96478,29.6099,30.78716,32.93837,34.10048,34.39645,34.1988,30.48418,31.58995,32.32663,28.75601,31.75802,32.95835,33.12192,33.40884,38.53749,39.21786,36.89449,36.26152,36.18499,35.41241,37.99851,35.91799
Kenya,KEN,Central bank assets to GDP (%),GFDD.DI.06,..,..,..,..,..,..,0.8415483,0.7384144,0.8478854,0.3355477,0.6552753,1.244017,1.289197,1.348622,2.480263,4.886037,2.868608,3.271406,3.997518,3.826407,4.939108,7.990264,12.42034,8.830431,7.943727,8.812265,9.586625,11.04865,10.16841,7.760995,10.67168,11.10458,6.077901,14.77007,13.44221,21.33047,8.493943,6.355637,5.27446,4.455468,3.939536,4.144199,4.475103,4.068446,4.181187,3.457692,2.72804,1.913932,2.110473,1.957878,1.994974,1.492265,1.209196,1.259009,1.038653,1.087935,0.7764578,0.8277624,0.9799046,0.8730138,1.583926,2.366895
Kenya,KEN,Credit card (% age 15+),GFDD.AI.20,..,..,..,..,..,..,..,..,..,..,..,..,..,..,..,..,..,..,..,..,..,..,..,..,..,..,..,..,..,..,..,..,..,..,..,..,..,..,..,..,..,..,..,..,..,..,..,..,..,..,..,6.074525,..,..,4.628707,..,..,5.687464,..,..,..,6.34591
Kenya,KEN,Credit to government and state-owned enterprises to GDP (%),GFDD.EI.08,..,..,..,..,..,..,..,..,..,..,..,..,..,..,..,..,..,..,..,..,2.545261,2.883338,3.107759,2.911203,3.665596,2.899064,4.177842,5.663277,4.215069,4.363557,4.598744,4.926859,6.08148,5.529864,8.238987,5.161907,6.224166,6.263862,8.216541,7.508209,7.369823,8.706251,9.468059,11.61016,8.754522,9.137217,9.650245,9.823188,9.248855,11.42077,14.53608,10.9797,13.53271,13.31676,13.25083,13.20198,14.21991,13.96977,14.47183,14.70565,16.49438,..
Kenya,KEN,Credit flows by fintech and bigtech companies to GDP (%),GFDD.DM.16,..,..,..,..,..,..,..,..,..,..,..,..,..,..,..,..,..,..,..,..,..,..,..,..,..,..,..,..,..,..,..,..,..,..,..,..,..,..,..,..,..,..,..,..,..,..,..,..,..,..,..,..,..,0.0961223,0.1623618,0.3007683,0.4150364,0.6309928,1.119888,2.044397,..,..
Kenya,KEN,Deposit money bank assets to deposit money bank assets and central bank assets (%),GFDD.DI.04,..,..,..,..,..,..,94.13244,95.52276,94.2963,97.8021,96.68643,94.31124,94.13847,94.43797,89.62775,81.43068,88.30799,87.77209,86.94794,87.27463,83.69341,75.78313,66.6862,72.64203,75.27879,72.69987,72.5259,70.58055,70.9907,76.59534,70.23097,70.78791,83.39825,63.82723,69.54376,60.3371,77.05431,83.10567,86.21481,88.64253,89.56541,89.36316,89.03391,90.347,89.83627,91.31887,92.23785,94.47962,94.24014,94.19661,94.84554,96.12911,96.95114,96.96015,97.80985,97.81481,98.42989,98.25309,97.86606,98.08482,96.81491,95.28728
Kenya,KEN,Insurance company assets to GDP (%),GFDD.DI.11,..,..,..,..,..,..,..,..,..,..,..,..,..,..,..,..,..,..,..,..,..,..,..,..,..,..,..,..,..,..,..,..,..,..,..,..,..,..,..,..,..,6.4885222,6.9875105,7.7003499,7.225074,7.3791626,6.6991861,6.8113984,6.2197814,5.6146504,6.409241,5.9769928,6.6347189,6.9837969,7.2212196,6.9141151,6.8565656,6.5880075,6.5138077,6.6395879,..,..
Kenya,KEN,Gross portfolio debt assets to GDP (%),GFDD.DM.11,..,..,..,..,..,..,..,..,..,..,..,..,..,..,..,..,..,..,..,..,..,..,..,..,..,..,..,..,..,..,..,..,..,..,..,..,..,..,..,..,..,..,..,..,..,..,..,..,0.0178207,0.0361353,0.039842,0.0114305,0.0150024,0.0195277,0.0121505,0.0143693,0.0037459,0.0849996,0.121769,..,..,..
Kenya,KEN,Liquid liabilities to GDP (%),GFDD.DI.05,..,..,..,..,..,..,22.66169,23.69378,23.96963,26.37602,30.60655,29.6744,28.53554,30.49112,25.71029,27.39467,28.18176,32.79569,34.52913,34.3548,29.9314,29.4702,30.42047,28.17589,28.34209,26.68185,30.38808,30.24396,28.90107,28.39891,29.57702,30.98193,36.5178,37.06529,38.01598,42.23228,35.79168,38.42269,35.80713,35.77077,35.1647,35.23923,38.15765,39.01865,39.32328,38.89399,34.59731,36.05668,36.10548,31.87345,35.51032,36.56949,36.52654,37.79342,42.3013,42.81935,40.32757,39.35203,39.35983,38.00374,41.05729,38.76147
Kiribati,KIR,Account at a formal financial institution (% age 15+),GFDD.AI.05,..,..,..,..,..,..,..,..,..,..,..,..,..,..,..,..,..,..,..,..,..,..,..,..,..,..,..,..,..,..,..,..,..,..,..,..,..,..,..,..,..,..,..,..,..,..,..,..,..,..,..,..,..,..,..,..,..,..,..,..,..,..
Kiribati,KIR,"Bank accounts per 1,000 adults",GFDD.AI.01,..,..,..,..,..,..,..,..,..,..,..,..,..,..,..,..,..,..,..,..,..,..,..,..,..,..,..,..,..,..,..,..,..,..,..,..,..,..,..,..,..,..,..,..,..,..,..,..,..,..,..,162.35389,177.65686,197.02144,..,..,..,..,..,..,..,..
Kiribati,KIR,Bank deposits to GDP (%),GFDD.OI.02,..,..,..,..,..,..,..,..,..,..,..,..,..,..,..,..,..,..,..,..,..,..,..,..,..,..,..,..,..,..,..,..,..,..,..,..,..,..,..,..,..,..,..,..,..,..,..,..,..,..,..,..,..,..,..,..,..,..,..,..,..,..
Kiribati,KIR,Central bank assets to GDP (%),GFDD.DI.06,..,..,..,..,..,..,..,..,..,..,..,..,..,..,..,..,..,..,..,..,..,..,..,..,..,..,..,..,..,..,..,..,..,..,..,..,..,..,..,..,..,..,..,..,..,..,..,..,..,..,..,..,..,..,..,..,..,..,..,..,..,..
Kiribati,KIR,Credit card (% age 15+),GFDD.AI.20,..,..,..,..,..,..,..,..,..,..,..,..,..,..,..,..,..,..,..,..,..,..,..,..,..,..,..,..,..,..,..,..,..,..,..,..,..,..,..,..,..,..,..,..,..,..,..,..,..,..,..,..,..,..,..,..,..,..,..,..,..,..
Kiribati,KIR,Credit to government and state-owned enterprises to GDP (%),GFDD.EI.08,..,..,..,..,..,..,..,..,..,..,..,..,..,..,..,..,..,..,..,..,..,..,..,..,..,..,..,..,..,..,..,..,..,..,..,..,..,..,..,..,..,..,..,..,..,..,..,..,..,..,..,..,..,..,..,..,..,..,..,..,..,..
Kiribati,KIR,Credit flows by fintech and bigtech companies to GDP (%),GFDD.DM.16,..,..,..,..,..,..,..,..,..,..,..,..,..,..,..,..,..,..,..,..,..,..,..,..,..,..,..,..,..,..,..,..,..,..,..,..,..,..,..,..,..,..,..,..,..,..,..,..,..,..,..,..,..,..,..,..,..,..,..,..,..,..
Kiribati,KIR,Deposit money bank assets to deposit money bank assets and central bank assets (%),GFDD.DI.04,..,..,..,..,..,..,..,..,..,..,..,..,..,..,..,..,..,..,..,..,..,..,..,..,..,..,..,..,..,..,..,..,..,..,..,..,..,..,..,..,..,..,..,..,..,..,..,..,..,..,..,..,..,..,..,..,..,..,..,..,..,..
Kiribati,KIR,Insurance company assets to GDP (%),GFDD.DI.11,..,..,..,..,..,..,..,..,..,..,..,..,..,..,..,..,..,..,..,..,..,..,..,..,..,..,..,..,..,..,..,..,..,..,..,..,..,..,..,..,..,..,..,..,..,..,..,..,..,..,..,..,..,..,..,..,..,..,..,..,..,..
Kiribati,KIR,Gross portfolio debt assets to GDP (%),GFDD.DM.11,..,..,..,..,..,..,..,..,..,..,..,..,..,..,..,..,..,..,..,..,..,..,..,..,..,..,..,..,..,..,..,..,..,..,..,..,..,..,..,..,..,..,..,..,..,..,..,..,..,..,..,..,..,..,..,..,..,..,..,..,..,..
Kiribati,KIR,Liquid liabilities to GDP (%),GFDD.DI.05,..,..,..,..,..,..,..,..,..,..,..,..,..,..,..,..,..,..,..,..,..,..,..,..,..,..,..,..,..,..,..,..,..,..,..,..,..,..,..,..,..,..,..,..,..,..,..,..,..,..,..,..,..,..,..,..,..,..,..,..,..,..
"Korea, Dem. Rep.",PRK,Account at a formal financial institution (% age 15+),GFDD.AI.05,..,..,..,..,..,..,..,..,..,..,..,..,..,..,..,..,..,..,..,..,..,..,..,..,..,..,..,..,..,..,..,..,..,..,..,..,..,..,..,..,..,..,..,..,..,..,..,..,..,..,..,..,..,..,..,..,..,..,..,..,..,..
"Korea, Dem. Rep.",PRK,"Bank accounts per 1,000 adults",GFDD.AI.01,..,..,..,..,..,..,..,..,..,..,..,..,..,..,..,..,..,..,..,..,..,..,..,..,..,..,..,..,..,..,..,..,..,..,..,..,..,..,..,..,..,..,..,..,..,..,..,..,..,..,..,..,..,..,..,..,..,..,..,..,..,..
"Korea, Dem. Rep.",PRK,Bank deposits to GDP (%),GFDD.OI.02,..,..,..,..,..,..,..,..,..,..,..,..,..,..,..,..,..,..,..,..,..,..,..,..,..,..,..,..,..,..,..,..,..,..,..,..,..,..,..,..,..,..,..,..,..,..,..,..,..,..,..,..,..,..,..,..,..,..,..,..,..,..
"Korea, Dem. Rep.",PRK,Central bank assets to GDP (%),GFDD.DI.06,..,..,..,..,..,..,..,..,..,..,..,..,..,..,..,..,..,..,..,..,..,..,..,..,..,..,..,..,..,..,..,..,..,..,..,..,..,..,..,..,..,..,..,..,..,..,..,..,..,..,..,..,..,..,..,..,..,..,..,..,..,..
"Korea, Dem. Rep.",PRK,Credit card (% age 15+),GFDD.AI.20,..,..,..,..,..,..,..,..,..,..,..,..,..,..,..,..,..,..,..,..,..,..,..,..,..,..,..,..,..,..,..,..,..,..,..,..,..,..,..,..,..,..,..,..,..,..,..,..,..,..,..,..,..,..,..,..,..,..,..,..,..,..
"Korea, Dem. Rep.",PRK,Credit to government and state-owned enterprises to GDP (%),GFDD.EI.08,..,..,..,..,..,..,..,..,..,..,..,..,..,..,..,..,..,..,..,..,..,..,..,..,..,..,..,..,..,..,..,..,..,..,..,..,..,..,..,..,..,..,..,..,..,..,..,..,..,..,..,..,..,..,..,..,..,..,..,..,..,..
"Korea, Dem. Rep.",PRK,Credit flows by fintech and bigtech companies to GDP (%),GFDD.DM.16,..,..,..,..,..,..,..,..,..,..,..,..,..,..,..,..,..,..,..,..,..,..,..,..,..,..,..,..,..,..,..,..,..,..,..,..,..,..,..,..,..,..,..,..,..,..,..,..,..,..,..,..,..,..,..,..,..,..,..,..,..,..
"Korea, Dem. Rep.",PRK,Deposit money bank assets to deposit money bank assets and central bank assets (%),GFDD.DI.04,..,..,..,..,..,..,..,..,..,..,..,..,..,..,..,..,..,..,..,..,..,..,..,..,..,..,..,..,..,..,..,..,..,..,..,..,..,..,..,..,..,..,..,..,..,..,..,..,..,..,..,..,..,..,..,..,..,..,..,..,..,..
"Korea, Dem. Rep.",PRK,Insurance company assets to GDP (%),GFDD.DI.11,..,..,..,..,..,..,..,..,..,..,..,..,..,..,..,..,..,..,..,..,..,..,..,..,..,..,..,..,..,..,..,..,..,..,..,..,..,..,..,..,..,..,..,..,..,..,..,..,..,..,..,..,..,..,..,..,..,..,..,..,..,..
"Korea, Dem. Rep.",PRK,Gross portfolio debt assets to GDP (%),GFDD.DM.11,..,..,..,..,..,..,..,..,..,..,..,..,..,..,..,..,..,..,..,..,..,..,..,..,..,..,..,..,..,..,..,..,..,..,..,..,..,..,..,..,..,..,..,..,..,..,..,..,..,..,..,..,..,..,..,..,..,..,..,..,..,..
"Korea, Dem. Rep.",PRK,Liquid liabilities to GDP (%),GFDD.DI.05,..,..,..,..,..,..,..,..,..,..,..,..,..,..,..,..,..,..,..,..,..,..,..,..,..,..,..,..,..,..,..,..,..,..,..,..,..,..,..,..,..,..,..,..,..,..,..,..,..,..,..,..,..,..,..,..,..,..,..,..,..,..
"Korea, Rep.",KOR,Account at a formal financial institution (% age 15+),GFDD.AI.05,..,..,..,..,..,..,..,..,..,..,..,..,..,..,..,..,..,..,..,..,..,..,..,..,..,..,..,..,..,..,..,..,..,..,..,..,..,..,..,..,..,..,..,..,..,..,..,..,..,..,..,93.04687,..,..,94.36082,..,..,94.85101,..,..,..,98.67135
"Korea, Rep.",KOR,"Bank accounts per 1,000 adults",GFDD.AI.01,..,..,..,..,..,..,..,..,..,..,..,..,..,..,..,..,..,..,..,..,..,..,..,..,..,..,..,..,..,..,..,..,..,..,..,..,..,..,..,..,..,..,..,..,..,..,..,..,..,..,..,..,..,..,..,..,..,..,..,..,..,..
"Korea, Rep.",KOR,Bank deposits to GDP (%),GFDD.OI.02,5.310761,7.394518,9.177873,6.961854,5.275254,7.918065,10.6644,14.9678,21.07934,27.33768,27.69148,27.46429,29.53769,30.48739,25.78634,24.9669,24.36211,26.50179,25.98142,25.46467,26.8024,27.49558,30.39175,29.4156,27.56238,28.71067,29.36887,29.58192,30.06843,31.80137,30.92298,31.34006,31.65014,31.89333,32.28539,31.75,33.20555,34.65168,45.51165,52.42258,60.6527,63.49864,63.58856,63.68911,58.23169,56.88091,56.2724,52.2123,57.33775,61.15065,64.39145,66.50169,67.22956,118.1551,121.8836,124.2235,126.9369,125.7076,130.0977,140.5416,152.5773,160.3865
"Korea, Rep.",KOR,Central bank assets to GDP (%),GFDD.DI.06,11.41073,11.31086,11.27965,8.305049,5.972989,6.904582,5.704129,5.220155,3.99258,3.545326,2.906279,2.292313,5.214471,4.533252,5.423656,7.509105,6.412858,6.100729,5.68982,4.373301,3.640217,4.191339,4.175811,4.09425,3.493428,3.129853,2.684268,2.369118,2.336155,1.995229,1.399659,1.265089,1.045827,1.024522,0.8587276,0.5769024,0.5306702,1.4635,2.717832,1.479746,1.124558,1.122975,0.9507533,0.8933297,0.4968798,0.7564698,0.996537,1.193413,1.202426,1.255504,1.233606,1.158597,1.494292,1.39548,1.469673,1.183006,1.005328,0.983413,1.035016,1.027891,1.584778,1.668903
"Korea, Rep.",KOR,Credit card (% age 15+),GFDD.AI.20,..,..,..,..,..,..,..,..,..,..,..,..,..,..,..,..,..,..,..,..,..,..,..,..,..,..,..,..,..,..,..,..,..,..,..,..,..,..,..,..,..,..,..,..,..,..,..,..,..,..,..,56.43068,..,..,56.0183,..,..,63.6613,..,..,..,68.43623
"Korea, Rep.",KOR,Credit to government and state-owned enterprises to GDP (%),GFDD.EI.08,..,..,..,..,..,..,..,..,..,..,..,..,..,..,..,..,..,..,..,..,2.613537,2.863309,3.949336,3.628887,3.805269,3.549848,3.632177,3.770019,3.639917,3.063936,2.635619,2.382866,2.061499,1.885042,1.692728,1.51608,1.288375,1.509829,2.811051,3.827151,3.834221,10.04167,8.458773,8.223095,9.026439,9.174001,9.844719,8.554102,8.437292,9.537729,9.040387,8.361244,8.465289,9.033665,9.306308,9.574617,9.300247,8.10643,7.456513,7.968985,8.996579,..
"Korea, Rep.",KOR,Credit flows by fintech and bigtech companies to GDP (%),GFDD.DM.16,..,..,..,..,..,..,..,..,..,..,..,..,..,..,..,..,..,..,..,..,..,..,..,..,..,..,..,..,..,..,..,..,..,..,..,..,..,..,..,..,..,..,..,..,..,..,..,..,..,..,..,..,..,6.05E-05,8.22E-05,0.002613,0.0245208,0.3508944,0.4951023,0.8885477,..,..
"Korea, Rep.",KOR,Deposit money bank assets to deposit money bank assets and central bank assets (%),GFDD.DI.04,30.39572,49.91561,52.81919,55.87512,58.54546,59.34676,65.20828,76.67069,86.53524,90.04916,91.91879,93.85519,86.74984,88.44411,86.8717,81.91373,83.21873,83.71807,85.7364,89.39125,92.08573,91.11359,91.94672,91.96416,93.02902,93.98763,94.73631,95.18638,94.96528,96.0033,97.25935,97.50159,97.87906,97.90316,98.25596,98.79903,98.95752,97.44063,95.80887,97.89246,98.50318,98.59366,98.88786,98.97349,99.3916,99.10635,98.92302,98.7522,98.8424,98.76901,98.7335,98.80247,98.42911,98.99679,98.97115,99.17084,99.30843,99.32404,99.30785,99.35988,99.09432,99.08968
"Korea, Rep.",KOR,Insurance company assets to GDP (%),GFDD.DI.11,..,..,..,..,..,..,..,..,..,..,..,..,..,..,..,..,..,..,..,..,..,..,..,..,..,..,..,..,..,..,..,..,..,..,..,..,..,..,..,..,..,..,29.296278,31.503581,32.209087,32.53441,34.725486,36.277366,38.121095,42.402698,44.200442,47.151159,53.093116,55.60963,59.689211,61.157271,63.821978,65.097843,65.69407,69.316776,73.610338,..
"Korea, Rep.",KOR,Gross portfolio debt assets to GDP (%),GFDD.DM.11,..,..,..,..,..,..,..,..,..,..,..,..,..,..,..,..,..,..,..,..,..,..,..,..,..,..,..,..,..,..,..,..,..,..,..,..,..,..,..,1.379055,0.7793991,1.236456,1.556215,2.295472,3.038022,4.089021,5.790092,4.584232,2.595772,3.054598,2.649422,2.536046,3.018208,3.282068,4.205388,5.521797,8.529561,10.72218,11.82586,13.96356,14.76509,..
"Korea, Rep.",KOR,Liquid liabilities to GDP (%),GFDD.DI.05,11.30668,13.66312,14.11856,10.68866,8.602234,11.67984,14.72493,19.32842,25.85295,31.84262,32.10263,31.5558,34.01809,35.82986,31.07527,29.87604,29.05298,31.56861,31.51985,30.48499,31.5531,31.55076,34.74495,33.69281,31.43554,32.4128,32.85213,33.098,33.52108,35.36574,34.25851,34.53706,34.68269,35.60462,35.75343,35.22881,36.32711,37.55189,48.12561,55.67932,63.38665,66.13339,66.12424,66.11012,60.54639,59.2052,58.59584,54.4755,59.86243,63.83694,67.21432,69.5254,70.83333,128,133.3333,135.5422,138.5058,137.5,142.1053,151.5625,164.9485,174.3961
Kosovo,XKX,Account at a formal financial institution (% age 15+),GFDD.AI.05,..,..,..,..,..,..,..,..,..,..,..,..,..,..,..,..,..,..,..,..,..,..,..,..,..,..,..,..,..,..,..,..,..,..,..,..,..,..,..,..,..,..,..,..,..,..,..,..,..,..,..,44.30996,..,..,47.80315,..,..,52.2734,..,..,..,58.01196
Kosovo,XKX,"Bank accounts per 1,000 adults",GFDD.AI.01,..,..,..,..,..,..,..,..,..,..,..,..,..,..,..,..,..,..,..,..,..,..,..,..,..,..,..,..,..,..,..,..,..,..,..,..,..,..,..,..,..,..,..,..,..,..,..,..,..,..,..,..,..,..,..,..,..,..,..,..,..,..
Kosovo,XKX,Bank deposits to GDP (%),GFDD.OI.02,..,..,..,..,..,..,..,..,..,..,..,..,..,..,..,..,..,..,..,..,..,..,..,..,..,..,..,..,..,..,..,..,..,..,..,..,..,..,..,..,..,..,..,..,..,..,..,..,37.41856,38.97796,42.22213,40.8821,41.3807,42.35099,42.05847,41.33004,42.8127,42.7252,43.87266,47.72496,56.18782,55.50517
Kosovo,XKX,Central bank assets to GDP (%),GFDD.DI.06,..,..,..,..,..,..,..,..,..,..,..,..,..,..,..,..,..,..,..,..,..,..,..,..,..,..,..,..,..,..,..,..,..,..,..,..,..,..,..,..,..,..,..,..,..,..,..,..,..,..,0.5480909,0.4491718,2.356719,2.08492,1.910416,2.724148,4.036469,5.582565,5.231145,4.482453,4.621336,3.579218
Kosovo,XKX,Credit card (% age 15+),GFDD.AI.20,..,..,..,..,..,..,..,..,..,..,..,..,..,..,..,..,..,..,..,..,..,..,..,..,..,..,..,..,..,..,..,..,..,..,..,..,..,..,..,..,..,..,..,..,..,..,..,..,..,..,..,8.39484,..,..,13.48571,..,..,10.36704,..,..,..,12.88079
Kosovo,XKX,Credit to government and state-owned enterprises to GDP (%),GFDD.EI.08,..,..,..,..,..,..,..,..,..,..,..,..,..,..,..,..,..,..,..,..,..,..,..,..,..,..,..,..,..,..,..,..,..,..,..,..,..,..,..,..,..,..,..,..,..,..,..,..,..,..,..,..,..,..,..,..,..,..,..,..,..,..
Kosovo,XKX,Credit flows by fintech and bigtech companies to GDP (%),GFDD.DM.16,..,..,..,..,..,..,..,..,..,..,..,..,..,..,..,..,..,..,..,..,..,..,..,..,..,..,..,..,..,..,..,..,..,..,..,..,..,..,..,..,..,..,..,..,..,..,..,..,..,..,..,..,..,..,..,..,..,..,..,..,..,..
Kosovo,XKX,Deposit money bank assets to deposit money bank assets and central bank assets (%),GFDD.DI.04,..,..,..,..,..,..,..,..,..,..,..,..,..,..,..,..,..,..,..,..,..,..,..,..,..,..,..,..,..,..,..,..,..,..,..,..,..,..,..,..,..,..,..,..,..,..,..,..,..,..,98.49631,98.77371,94.03058,94.63647,95.31018,93.5356,90.98951,88.47227,89.59681,91.28122,91.77525,93.53703
Kosovo,XKX,Insurance company assets to GDP (%),GFDD.DI.11,..,..,..,..,..,..,..,..,..,..,..,..,..,..,..,..,..,..,..,..,..,..,..,..,..,..,..,..,..,..,..,..,..,..,..,..,..,..,..,..,..,..,..,..,..,..,..,..,..,..,..,..,..,..,..,..,..,..,..,..,..,..
Kosovo,XKX,Gross portfolio debt assets to GDP (%),GFDD.DM.11,..,..,..,..,..,..,..,..,..,..,..,..,..,..,..,..,..,..,..,..,..,..,..,..,..,..,..,..,..,..,..,..,..,..,..,..,..,..,..,..,..,..,..,..,..,..,..,..,..,..,..,..,..,..,..,..,..,..,..,..,..,..
Kosovo,XKX,Liquid liabilities to GDP (%),GFDD.DI.05,..,..,..,..,..,..,..,..,..,..,..,..,..,..,..,..,..,..,..,..,..,..,..,..,..,..,..,..,..,..,..,..,..,..,..,..,..,..,..,..,..,..,..,..,..,..,..,..,38.21554,40.00032,43.26905,42.44073,43.28762,44.86415,44.2984,44.53898,45.46844,45.50902,46.82975,49.65929,59.27787,58.79574
Kuwait,KWT,Account at a formal financial institution (% age 15+),GFDD.AI.05,..,..,..,..,..,..,..,..,..,..,..,..,..,..,..,..,..,..,..,..,..,..,..,..,..,..,..,..,..,..,..,..,..,..,..,..,..,..,..,..,..,..,..,..,..,..,..,..,..,..,..,86.77325,..,..,72.90818,..,..,79.84015,..,..,..,..
Kuwait,KWT,"Bank accounts per 1,000 adults",GFDD.AI.01,..,..,..,..,..,..,..,..,..,..,..,..,..,..,..,..,..,..,..,..,..,..,..,..,..,..,..,..,..,..,..,..,..,..,..,..,..,..,..,..,..,..,..,..,1082.6276,1206.7124,1299.2632,1340.2346,1303.4433,1205.5436,1160.4222,1227.1738,1200.6257,1142.8953,1166.2542,1210.5046,1257.2694,1298.6403,1283.692,1263.3527,1252.9998,1256.9629
Kuwait,KWT,Bank deposits to GDP (%),GFDD.OI.02,..,..,..,..,..,24.53939,30.56206,30.86009,35.68875,33.85238,31.28715,26.66088,29.81557,29.00069,15.8117,22.63837,28.41368,34.99617,41.58713,29.92485,33.66877,53.78196,67.73498,74.92471,75.4105,73.83479,91.75619,78.64978,91.07081,77.46853,..,178.0018,97.47533,83.55531,86.60705,87.05185,74.03464,78.97183,91.16296,78.90225,66.95245,82.31139,79.41446,69.43967,63.67773,53.01336,51.79674,56.30873,53.61568,79.09199,74.94539,62.87099,58.33058,63.27149,70.17309,95.85227,103.2592,96.69605,88.34519,..,..,..
Kuwait,KWT,Central bank assets to GDP (%),GFDD.DI.06,..,..,..,..,..,..,..,..,..,..,..,..,..,..,..,..,..,..,..,..,..,..,..,..,..,..,..,1.002674,8.374905,7.072757,..,1.39945,2.624217,1.204653,0.8021681,0.0283464,0.4369452,0.426863,0.0012648,0.4918373,..,..,..,..,..,0.0616025,..,..,..,..,..,..,..,..,..,..,..,..,..,..,..,..
Kuwait,KWT,Credit card (% age 15+),GFDD.AI.20,..,..,..,..,..,..,..,..,..,..,..,..,..,..,..,..,..,..,..,..,..,..,..,..,..,..,..,..,..,..,..,..,..,..,..,..,..,..,..,..,..,..,..,..,..,..,..,..,..,..,..,58.04086,..,..,26.23097,..,..,22.27803,..,..,..,..
Kuwait,KWT,Credit to government and state-owned enterprises to GDP (%),GFDD.EI.08,..,..,..,..,..,..,..,..,..,..,..,..,..,..,..,..,..,..,..,..,..,..,..,..,..,..,..,8.074553,12.98263,17.49758,..,..,..,..,..,66.44608,48.50293,47.38495,52.36618,44.3004,31.35205,31.8028,28.02976,21.39525,15.69936,10.43899,7.346888,5.867823,5.038874,6.301342,5.774809,4.438921,3.457011,3.04181,3.376057,4.582077,9.94355,13.81871,9.092269,..,..,..
Kuwait,KWT,Credit flows by fintech and bigtech companies to GDP (%),GFDD.DM.16,..,..,..,..,..,..,..,..,..,..,..,..,..,..,..,..,..,..,..,..,..,..,..,..,..,..,..,..,..,..,..,..,..,..,..,..,..,..,..,..,..,..,..,..,..,..,..,..,..,..,..,..,..,..,..,..,..,..,..,..,..,..
Kuwait,KWT,Deposit money bank assets to deposit money bank assets and central bank assets (%),GFDD.DI.04,..,..,..,..,..,..,..,..,..,..,..,..,..,..,..,..,..,..,..,..,..,..,..,..,..,..,..,98.9113,92.53593,92.80332,..,99.34323,98.01225,98.77367,99.19965,99.97063,99.47096,99.54962,99.99888,99.50562,..,..,..,..,..,99.89973,..,..,..,..,..,..,..,..,..,..,..,..,..,..,..,..
Kuwait,KWT,Insurance company assets to GDP (%),GFDD.DI.11,..,..,..,..,..,..,..,..,..,..,..,..,..,..,..,..,..,..,..,..,..,..,..,..,..,..,..,..,..,..,..,..,..,..,..,..,..,..,..,..,..,..,..,..,..,..,..,..,1.8234569,..,..,1.655552,..,..,..,..,..,..,..,..,..,..
Kuwait,KWT,Gross portfolio debt assets to GDP (%),GFDD.DM.11,..,..,..,..,..,..,..,..,..,..,..,..,..,..,..,..,..,..,..,..,..,..,..,..,..,..,..,..,..,..,..,..,..,..,..,..,..,..,..,..,..,9.666942,11.12652,11.26386,9.30717,13.14881,15.82044,19.08673,5.619357,6.49753,5.061907,3.481973,3.870948,1.943929,2.596934,4.878856,5.728686,6.34762,5.812685,7.645824,10.11739,..
Kuwait,KWT,Liquid liabilities to GDP (%),GFDD.DI.05,..,..,..,..,..,28.8251,35.73771,36.88073,40.63092,38.33165,35.65234,30.30829,33.71585,33.43308,17.95437,25.55492,31.77592,38.72091,45.73787,33.08138,36.91513,57.8545,73.24663,80.5153,80.46453,78.91237,98.22577,84.06903,96.99474,82.1403,..,192.2391,103.9818,88.46797,91.36722,90.89094,77.74761,82.72237,95.57326,83.73229,70.55305,86.06095,83.22959,72.90321,66.70901,55.46619,54.02392,58.27777,55.4021,81.6356,77.49359,65.26839,60.63085,65.64569,72.63691,99.31934,107.4772,100.454,91.70341,..,..,..
Kyrgyz Republic,KGZ,Account at a formal financial institution (% age 15+),GFDD.AI.05,..,..,..,..,..,..,..,..,..,..,..,..,..,..,..,..,..,..,..,..,..,..,..,..,..,..,..,..,..,..,..,..,..,..,..,..,..,..,..,..,..,..,..,..,..,..,..,..,..,..,..,3.757264,..,..,18.4706,..,..,38.28316,..,..,..,40.97049
Kyrgyz Republic,KGZ,"Bank accounts per 1,000 adults",GFDD.AI.01,..,..,..,..,..,..,..,..,..,..,..,..,..,..,..,..,..,..,..,..,..,..,..,..,..,..,..,..,..,..,..,..,..,..,..,..,..,..,..,..,..,..,..,..,..,..,..,..,..,74.269305,100.69243,153.3077,202.04582,252.49651,327.8166,474.96889,513.83801,526.96311,592.62702,677.6512,699.61813,..
Kyrgyz Republic,KGZ,Bank deposits to GDP (%),GFDD.OI.02,..,..,..,..,..,..,..,..,..,..,..,..,..,..,..,..,..,..,..,..,..,..,..,..,..,..,..,..,..,..,..,..,..,..,..,5.199794,3.301112,5.007707,6.213496,6.242021,5.041776,4.355517,5.516241,6.43772,8.80417,8.219374,11.38431,11.59315,9.992105,12.15811,12.58642,11.29702,14.15967,16.60485,18.12861,20.91434,19.87856,20.53925,20.94632,21.68808,26.92419,29.72721
Kyrgyz Republic,KGZ,Central bank assets to GDP (%),GFDD.DI.06,..,..,..,..,..,..,..,..,..,..,..,..,..,..,..,..,..,..,..,..,..,..,..,..,..,..,..,..,..,..,..,..,..,..,..,12.69128,16.71371,14.57624,14.45213,11.87182,9.400547,8.438984,9.474703,8.110315,7.117551,6.535926,5.4546,4.346959,3.060381,3.714501,3.573202,2.088663,0.9342313,0.5996736,0.5341293,0.4463426,0.1990123,0.1735673,0.1569519,0.2139946,0.6537377,0.6206266
Kyrgyz Republic,KGZ,Credit card (% age 15+),GFDD.AI.20,..,..,..,..,..,..,..,..,..,..,..,..,..,..,..,..,..,..,..,..,..,..,..,..,..,..,..,..,..,..,..,..,..,..,..,..,..,..,..,..,..,..,..,..,..,..,..,..,..,..,..,0.7778824,..,..,3.226627,..,..,3.625311,..,..,..,3.12925
Kyrgyz Republic,KGZ,Credit to government and state-owned enterprises to GDP (%),GFDD.EI.08,..,..,..,..,..,..,..,..,..,..,..,..,..,..,..,..,..,..,..,..,..,..,..,..,..,..,..,..,..,..,..,..,..,..,..,0.5165654,0.3957383,1.053911,1.106187,0.3068501,0.3090675,0.6591476,0.7927468,0.8895836,0.9937506,1.241773,1.012045,1.141278,1.279675,1.677777,1.728477,1.57271,1.877526,1.767572,1.283617,1.341383,1.59617,2.0137,1.949075,2.53933,1.902019,..
Kyrgyz Republic,KGZ,Credit flows by fintech and bigtech companies to GDP (%),GFDD.DM.16,..,..,..,..,..,..,..,..,..,..,..,..,..,..,..,..,..,..,..,..,..,..,..,..,..,..,..,..,..,..,..,..,..,..,..,..,..,..,..,..,..,..,..,..,..,..,..,..,..,..,..,..,..,..,..,..,..,..,..,..,..,..
Kyrgyz Republic,KGZ,Deposit money bank assets to deposit money bank assets and central bank assets (%),GFDD.DI.04,..,..,..,..,..,..,..,..,..,..,..,..,..,..,..,..,..,..,..,..,..,..,..,..,..,..,..,..,..,..,..,..,..,..,..,50.70774,35.13967,23.45701,30.63636,30.98145,31.92134,34.38224,34.10432,40.90591,52.99367,58.39859,67.70676,78.8002,82.91084,79.3889,80.16009,86.15978,94.1997,96.66903,97.64793,98.17688,99.10658,99.26024,99.38103,99.20903,97.87565,97.8599
Kyrgyz Republic,KGZ,Insurance company assets to GDP (%),GFDD.DI.11,..,..,..,..,..,..,..,..,..,..,..,..,..,..,..,..,..,..,..,..,..,..,..,..,..,..,..,..,..,..,..,..,..,..,..,..,..,..,..,..,..,..,..,..,..,..,..,0.29063191,..,..,0.33421625,0.29626305,0.37327442,0.40238696,0.56730822,0.68238613,0.57319362,0.6588611,0.70128219,0.82350018,..,..
Kyrgyz Republic,KGZ,Gross portfolio debt assets to GDP (%),GFDD.DM.11,..,..,..,..,..,..,..,..,..,..,..,..,..,..,..,..,..,..,..,..,..,..,..,..,..,..,..,..,..,..,..,..,..,..,..,..,..,..,..,0.0160051,0.2262647,0.2422719,0.3855544,0.3937456,0.7855761,0.6064273,0.6823661,0.5997085,0.625554,1.147322,0.6566586,0.5981154,0.4766375,0.3418033,0.335713,2.322062,2.349399,2.402116,2.355701,2.011085,2.103286,..
Kyrgyz Republic,KGZ,Liquid liabilities to GDP (%),GFDD.DI.05,..,..,..,..,..,..,..,..,..,..,..,..,..,..,..,..,..,..,..,..,..,..,..,..,..,..,..,..,..,..,..,..,..,..,..,17.20189,13.62569,13.73389,14.49054,13.58331,11.31799,11.1446,14.62655,17.52856,20.57881,21.16029,28.42474,30.35997,25.62315,28.99631,31.40539,27.80799,31.72047,34.0289,32.37259,33.24313,34.42816,36.45179,35.83808,37.19026,47.66798,46.9868
Lao PDR,LAO,Account at a formal financial institution (% age 15+),GFDD.AI.05,..,..,..,..,..,..,..,..,..,..,..,..,..,..,..,..,..,..,..,..,..,..,..,..,..,..,..,..,..,..,..,..,..,..,..,..,..,..,..,..,..,..,..,..,..,..,..,..,..,..,..,26.77346,..,..,..,..,..,29.05642,..,..,..,37.32003
Lao PDR,LAO,"Bank accounts per 1,000 adults",GFDD.AI.01,..,..,..,..,..,..,..,..,..,..,..,..,..,..,..,..,..,..,..,..,..,..,..,..,..,..,..,..,..,..,..,..,..,..,..,..,..,..,..,..,..,..,..,..,..,..,..,..,..,..,..,..,..,334.97968,392.57001,447.42574,502.8243,540.07933,599.43587,638.53725,601.23259,..
Lao PDR,LAO,Bank deposits to GDP (%),GFDD.OI.02,..,..,..,..,..,..,..,..,..,..,..,..,..,..,..,..,..,..,..,..,..,..,..,..,..,..,..,4.671218,4.035349,5.358635,4.091903,4.385148,6.608346,9.73733,11.5019,10.66218,11.70292,16.02249,19.01186,14.1994,16.00982,15.6035,18.66618,18.04117,17.90511,15.82173,16.5772,19.56969,19.62132,24.3422,29.42151,..,..,..,..,..,..,..,..,..,..,..
Lao PDR,LAO,Central bank assets to GDP (%),GFDD.DI.06,..,..,..,..,..,..,..,..,..,..,..,..,..,..,..,..,..,..,..,..,..,..,..,..,..,..,..,..,..,5.365842,1.895854,1.092962,1.660352,1.348896,1.881477,1.523853,1.681589,4.654915,6.539404,5.477432,4.750096,5.249653,5.552488,4.281187,3.651164,2.112576,2.469793,2.632874,3.48282,6.517208,7.292209,..,..,..,..,..,..,..,..,..,..,..
Lao PDR,LAO,Credit card (% age 15+),GFDD.AI.20,..,..,..,..,..,..,..,..,..,..,..,..,..,..,..,..,..,..,..,..,..,..,..,..,..,..,..,..,..,..,..,..,..,..,..,..,..,..,..,..,..,..,..,..,..,..,..,..,..,..,..,3.097049,..,..,..,..,..,0.5506412,..,..,..,1.00469
Lao PDR,LAO,Credit to government and state-owned enterprises to GDP (%),GFDD.EI.08,..,..,..,..,..,..,..,..,..,..,..,..,..,..,..,..,..,..,..,..,..,..,..,..,..,..,..,..,..,2.796605,2.916674,1.304459,0.9716517,0.9186532,1.913443,1.412645,1.890819,2.31056,3.377828,2.349115,2.152346,3.346871,3.22718,3.073655,2.777339,2.992671,2.340533,2.60767,2.477247,1.840862,2.646267,..,..,..,..,..,..,..,..,..,..,..
Lao PDR,LAO,Credit flows by fintech and bigtech companies to GDP (%),GFDD.DM.16,..,..,..,..,..,..,..,..,..,..,..,..,..,..,..,..,..,..,..,..,..,..,..,..,..,..,..,..,..,..,..,..,..,..,..,..,..,..,..,..,..,..,..,..,..,..,..,..,..,..,..,..,..,0,0,0,0,0,0,0,..,..
Lao PDR,LAO,Deposit money bank assets to deposit money bank assets and central bank assets (%),GFDD.DI.04,..,..,..,..,..,..,..,..,..,..,..,..,..,..,..,..,..,..,..,..,..,..,..,..,..,..,..,..,..,53.05466,77.45467,83.4296,79.78959,86.23516,86.57439,87.99638,87.70642,77.30426,68.81725,62.96024,68.0384,69.88081,66.68024,69.19269,71.61369,82.91962,77.11454,78.2611,77.89048,74.72921,76.47556,..,..,..,..,..,..,..,..,..,..,..
Lao PDR,LAO,Insurance company assets to GDP (%),GFDD.DI.11,..,..,..,..,..,..,..,..,..,..,..,..,..,..,..,..,..,..,..,..,..,..,..,..,..,..,..,..,..,..,..,..,..,..,..,..,..,..,..,..,..,..,..,..,..,..,..,..,..,..,..,..,..,..,..,0.83454489,0.87577673,0.73199779,1.2461112,0.85367674,..,..
Lao PDR,LAO,Gross portfolio debt assets to GDP (%),GFDD.DM.11,..,..,..,..,..,..,..,..,..,..,..,..,..,..,..,..,..,..,..,..,..,..,..,..,..,..,..,..,..,..,..,..,..,..,..,..,..,..,..,..,..,..,..,..,..,..,..,..,..,..,..,..,..,..,..,..,..,..,..,..,..,..
Lao PDR,LAO,Liquid liabilities to GDP (%),GFDD.DI.05,..,..,..,..,..,..,..,..,..,..,..,..,..,..,..,..,..,..,..,..,..,..,..,..,..,..,..,..,..,9.876051,7.237839,7.10931,9.467806,13.23323,14.98763,13.61891,14.19311,18.44448,20.50781,14.95246,16.53862,16.33564,19.96043,19.91759,20.57884,19.07634,20.08524,24.10189,24.29268,30.82413,36.1878,..,..,..,..,..,..,..,..,..,..,..
Latin America & Caribbean (IDA total),DLA,Account at a formal financial institution (% age 15+),GFDD.AI.05,..,..,..,..,..,..,..,..,..,..,..,..,..,..,..,..,..,..,..,..,..,..,..,..,..,..,..,..,..,..,..,..,..,..,..,..,..,..,..,..,..,..,..,..,..,..,..,..,..,..,..,..,..,..,..,..,..,..,..,..,..,..
Latin America & Caribbean (IDA total),DLA,"Bank accounts per 1,000 adults",GFDD.AI.01,..,..,..,..,..,..,..,..,..,..,..,..,..,..,..,..,..,..,..,..,..,..,..,..,..,..,..,..,..,..,..,..,..,..,..,..,..,..,..,..,..,..,..,..,..,..,..,..,..,..,..,..,..,..,..,..,..,..,..,..,..,..
Latin America & Caribbean (IDA total),DLA,Bank deposits to GDP (%),GFDD.OI.02,..,..,..,..,..,..,..,..,..,..,..,..,..,..,..,..,..,..,..,..,..,..,..,..,..,..,..,..,..,..,..,..,..,..,..,..,..,..,..,..,..,..,..,..,..,..,..,..,..,..,..,..,..,..,..,..,..,..,..,..,..,..
Latin America & Caribbean (IDA total),DLA,Central bank assets to GDP (%),GFDD.DI.06,..,..,..,..,..,..,..,..,..,..,..,..,..,..,..,..,..,..,..,..,..,..,..,..,..,..,..,..,..,..,..,..,..,..,..,..,..,..,..,..,..,..,..,..,..,..,..,..,..,..,..,..,..,..,..,..,..,..,..,..,..,..
Latin America & Caribbean (IDA total),DLA,Credit card (% age 15+),GFDD.AI.20,..,..,..,..,..,..,..,..,..,..,..,..,..,..,..,..,..,..,..,..,..,..,..,..,..,..,..,..,..,..,..,..,..,..,..,..,..,..,..,..,..,..,..,..,..,..,..,..,..,..,..,..,..,..,..,..,..,..,..,..,..,..
Latin America & Caribbean (IDA total),DLA,Credit to government and state-owned enterprises to GDP (%),GFDD.EI.08,..,..,..,..,..,..,..,..,..,..,..,..,..,..,..,..,..,..,..,..,..,..,..,..,..,..,..,..,..,..,..,..,..,..,..,..,..,..,..,..,..,..,..,..,..,..,..,..,..,..,..,..,..,..,..,..,..,..,..,..,..,..
Latin America & Caribbean (IDA total),DLA,Credit flows by fintech and bigtech companies to GDP (%),GFDD.DM.16,..,..,..,..,..,..,..,..,..,..,..,..,..,..,..,..,..,..,..,..,..,..,..,..,..,..,..,..,..,..,..,..,..,..,..,..,..,..,..,..,..,..,..,..,..,..,..,..,..,..,..,..,..,..,..,..,..,..,..,..,..,..
Latin America & Caribbean (IDA total),DLA,Deposit money bank assets to deposit money bank assets and central bank assets (%),GFDD.DI.04,..,..,..,..,..,..,..,..,..,..,..,..,..,..,..,..,..,..,..,..,..,..,..,..,..,..,..,..,..,..,..,..,..,..,..,..,..,..,..,..,..,..,..,..,..,..,..,..,..,..,..,..,..,..,..,..,..,..,..,..,..,..
Latin America & Caribbean (IDA total),DLA,Insurance company assets to GDP (%),GFDD.DI.11,..,..,..,..,..,..,..,..,..,..,..,..,..,..,..,..,..,..,..,..,..,..,..,..,..,..,..,..,..,..,..,..,..,..,..,..,..,..,..,..,..,..,..,..,..,..,..,..,..,..,..,..,..,..,..,..,..,..,..,..,..,..
Latin America & Caribbean (IDA total),DLA,Gross portfolio debt assets to GDP (%),GFDD.DM.11,..,..,..,..,..,..,..,..,..,..,..,..,..,..,..,..,..,..,..,..,..,..,..,..,..,..,..,..,..,..,..,..,..,..,..,..,..,..,..,..,..,..,..,..,..,..,..,..,..,..,..,..,..,..,..,..,..,..,..,..,..,..
Latin America & Caribbean (IDA total),DLA,Liquid liabilities to GDP (%),GFDD.DI.05,..,..,..,..,..,..,..,..,..,..,..,..,..,..,..,..,..,..,..,..,..,..,..,..,..,..,..,..,..,..,..,..,..,..,..,..,..,..,..,..,..,..,..,..,..,..,..,..,..,..,..,..,..,..,..,..,..,..,..,..,..,..
Latvia,LVA,Account at a formal financial institution (% age 15+),GFDD.AI.05,..,..,..,..,..,..,..,..,..,..,..,..,..,..,..,..,..,..,..,..,..,..,..,..,..,..,..,..,..,..,..,..,..,..,..,..,..,..,..,..,..,..,..,..,..,..,..,..,..,..,..,89.65883,..,..,90.21825,..,..,93.22248,..,..,..,96.61872
Latvia,LVA,"Bank accounts per 1,000 adults",GFDD.AI.01,..,..,..,..,..,..,..,..,..,..,..,..,..,..,..,..,..,..,..,..,..,..,..,..,..,..,..,..,..,..,..,..,..,..,..,..,..,..,..,..,..,..,..,..,943.71924,959.23665,1059.4016,1204.2822,1248.7056,1278.7728,1387.5066,1274.861,1326.9457,1373.7525,1348.9253,1326.7601,1262.3514,1395.5888,1343.9257,1252.1026,1265.4699,1282.1015
Latvia,LVA,Bank deposits to GDP (%),GFDD.OI.02,..,..,..,..,..,..,..,..,..,..,..,..,..,..,..,..,..,..,..,..,..,..,..,..,..,..,..,..,..,..,..,..,..,..,..,11.89326,11.75626,14.88066,14.60428,14.88616,18.37828,20.786,22.82573,25.43446,29.2993,34.0245,38.47549,34.3625,30.52503,..,44.54893,39.20797,36.82646,40.02372,39.63887,41.5715,43.58858,42.46893,41.61071,43.01532,51.1189,50.67773
Latvia,LVA,Central bank assets to GDP (%),GFDD.DI.06,..,..,..,..,..,..,..,..,..,..,..,..,..,..,..,..,..,..,..,..,..,..,..,..,..,..,..,..,..,..,..,..,..,..,..,1.380411,0.6785239,1.921779,1.916197,1.308924,1.522082,0.8251778,1.288603,0.9216461,1.192488,1.031045,..,..,..,..,..,..,..,..,..,2.120289,2.979742,3.820721,4.22933,4.878093,8.972457,10.91385
Latvia,LVA,Credit card (% age 15+),GFDD.AI.20,..,..,..,..,..,..,..,..,..,..,..,..,..,..,..,..,..,..,..,..,..,..,..,..,..,..,..,..,..,..,..,..,..,..,..,..,..,..,..,..,..,..,..,..,..,..,..,..,..,..,..,19.87316,..,..,21.95615,..,..,16.66719,..,..,..,17.0828
Latvia,LVA,Credit to government and state-owned enterprises to GDP (%),GFDD.EI.08,..,..,..,..,..,..,..,..,..,..,..,..,..,..,..,..,..,..,..,..,..,..,..,..,..,..,..,..,..,..,..,..,..,20.08596,2.877073,3.25967,3.323391,2.143613,1.260604,2.068972,2.54165,2.968866,2.653121,3.562551,2.829664,2.327576,1.941863,1.387431,4.819,..,4.433884,3.491224,3.59416,3.419929,3.132169,4.004537,4.280423,3.557607,2.462821,2.029548,3.307244,..
Latvia,LVA,Credit flows by fintech and bigtech companies to GDP (%),GFDD.DM.16,..,..,..,..,..,..,..,..,..,..,..,..,..,..,..,..,..,..,..,..,..,..,..,..,..,..,..,..,..,..,..,..,..,..,..,..,..,..,..,..,..,..,..,..,..,..,..,..,..,..,..,..,..,0,0,0,0,0,0,0,..,..
Latvia,LVA,Deposit money bank assets to deposit money bank assets and central bank assets (%),GFDD.DI.04,..,..,..,..,..,..,..,..,..,..,..,..,..,..,..,..,..,..,..,..,..,..,..,..,..,..,..,..,..,..,..,..,..,..,..,89.65866,94.39893,87.43931,89.04041,93.26032,93.67694,97.35419,96.49664,97.91597,97.77618,98.49818,..,..,..,..,..,..,..,..,..,96.10468,94.47813,92.2812,90.23212,88.18089,80.78796,76.42458
Latvia,LVA,Insurance company assets to GDP (%),GFDD.DI.11,..,..,..,..,..,..,..,..,..,..,..,..,..,..,..,..,..,..,..,..,..,..,..,..,..,..,..,..,..,..,..,..,..,..,..,..,..,1.2511231,1.4072728,1.5082282,1.5514982,1.5244051,1.4949434,1.5038771,1.397223,1.3783138,1.4160053,1.4533063,1.6066783,1.8954822,2.8484404,2.5693395,2.5276533,2.3319963,2.4426428,2.6195554,2.3738971,2.6152973,3.2017659,4.654097,5.0540587,..
Latvia,LVA,Gross portfolio debt assets to GDP (%),GFDD.DM.11,..,..,..,..,..,..,..,..,..,..,..,..,..,..,..,..,..,..,..,..,..,..,..,..,..,..,..,..,..,..,..,..,..,..,..,..,..,..,..,4.620597,5.743321,4.170205,5.598901,7.00524,6.120647,5.900168,5.6985,5.223616,4.607807,5.914522,6.462,6.612176,8.718017,9.40325,25.13153,38.25193,43.62995,50.49965,38.13227,37.9337,51.74907,..
Latvia,LVA,Liquid liabilities to GDP (%),GFDD.DI.05,..,..,..,..,..,..,..,..,..,..,..,..,..,..,..,..,..,..,..,..,..,..,..,..,..,..,..,..,..,..,..,..,..,..,..,..,..,..,..,..,..,..,..,..,..,..,..,..,..,..,50.87357,46.40292,43.5906,42.77549,60.5736,62.47729,64.36401,62.6287,64.16027,65.2392,76.39319,73.86546
Least developed countries: UN classification,LDC,Account at a formal financial institution (% age 15+),GFDD.AI.05,..,..,..,..,..,..,..,..,..,..,..,..,..,..,..,..,..,..,..,..,..,..,..,..,..,..,..,..,..,..,..,..,..,..,..,..,..,..,..,..,..,..,..,..,..,..,..,..,..,..,..,..,..,..,..,..,..,..,..,..,..,..
Least developed countries: UN classification,LDC,"Bank accounts per 1,000 adults",GFDD.AI.01,..,..,..,..,..,..,..,..,..,..,..,..,..,..,..,..,..,..,..,..,..,..,..,..,..,..,..,..,..,..,..,..,..,..,..,..,..,..,..,..,..,..,..,..,..,..,..,..,..,..,..,..,..,..,..,..,..,..,..,..,..,..
Least developed countries: UN classification,LDC,Bank deposits to GDP (%),GFDD.OI.02,..,..,..,..,..,..,..,..,..,..,..,..,..,..,..,..,..,..,..,..,..,..,..,..,..,..,..,..,..,..,..,..,..,..,..,..,..,..,..,..,..,..,..,..,..,..,..,..,..,..,..,..,..,..,..,..,..,..,..,..,..,..
Least developed countries: UN classification,LDC,Central bank assets to GDP (%),GFDD.DI.06,..,..,..,..,..,..,..,..,..,..,..,..,..,..,..,..,..,..,..,..,..,..,..,..,..,..,..,..,..,..,..,..,..,..,..,..,..,..,..,..,..,..,..,..,..,..,..,..,..,..,..,..,..,..,..,..,..,..,..,..,..,..
Least developed countries: UN classification,LDC,Credit card (% age 15+),GFDD.AI.20,..,..,..,..,..,..,..,..,..,..,..,..,..,..,..,..,..,..,..,..,..,..,..,..,..,..,..,..,..,..,..,..,..,..,..,..,..,..,..,..,..,..,..,..,..,..,..,..,..,..,..,..,..,..,..,..,..,..,..,..,..,..
Least developed countries: UN classification,LDC,Credit to government and state-owned enterprises to GDP (%),GFDD.EI.08,..,..,..,..,..,..,..,..,..,..,..,..,..,..,..,..,..,..,..,..,..,..,..,..,..,..,..,..,..,..,..,..,..,..,..,..,..,..,..,..,..,..,..,..,..,..,..,..,..,..,..,..,..,..,..,..,..,..,..,..,..,..
Least developed countries: UN classification,LDC,Credit flows by fintech and bigtech companies to GDP (%),GFDD.DM.16,..,..,..,..,..,..,..,..,..,..,..,..,..,..,..,..,..,..,..,..,..,..,..,..,..,..,..,..,..,..,..,..,..,..,..,..,..,..,..,..,..,..,..,..,..,..,..,..,..,..,..,..,..,..,..,..,..,..,..,..,..,..
Least developed countries: UN classification,LDC,Deposit money bank assets to deposit money bank assets and central bank assets (%),GFDD.DI.04,..,..,..,..,..,..,..,..,..,..,..,..,..,..,..,..,..,..,..,..,..,..,..,..,..,..,..,..,..,..,..,..,..,..,..,..,..,..,..,..,..,..,..,..,..,..,..,..,..,..,..,..,..,..,..,..,..,..,..,..,..,..
Least developed countries: UN classification,LDC,Insurance company assets to GDP (%),GFDD.DI.11,..,..,..,..,..,..,..,..,..,..,..,..,..,..,..,..,..,..,..,..,..,..,..,..,..,..,..,..,..,..,..,..,..,..,..,..,..,..,..,..,..,..,..,..,..,..,..,..,..,..,..,..,..,..,..,..,..,..,..,..,..,..
Least developed countries: UN classification,LDC,Gross portfolio debt assets to GDP (%),GFDD.DM.11,..,..,..,..,..,..,..,..,..,..,..,..,..,..,..,..,..,..,..,..,..,..,..,..,..,..,..,..,..,..,..,..,..,..,..,..,..,..,..,..,..,..,..,..,..,..,..,..,..,..,..,..,..,..,..,..,..,..,..,..,..,..
Least developed countries: UN classification,LDC,Liquid liabilities to GDP (%),GFDD.DI.05,..,..,..,..,..,..,..,..,..,..,..,..,..,..,..,..,..,..,..,..,..,..,..,..,..,..,..,..,..,..,..,..,..,..,..,..,..,..,..,..,..,..,..,..,..,..,..,..,..,..,..,..,..,..,..,..,..,..,..,..,..,..
Lebanon,LBN,Account at a formal financial institution (% age 15+),GFDD.AI.05,..,..,..,..,..,..,..,..,..,..,..,..,..,..,..,..,..,..,..,..,..,..,..,..,..,..,..,..,..,..,..,..,..,..,..,..,..,..,..,..,..,..,..,..,..,..,..,..,..,..,..,37.02733,..,..,46.92714,..,..,44.75142,..,..,..,20.7031
Lebanon,LBN,"Bank accounts per 1,000 adults",GFDD.AI.01,..,..,..,..,..,..,..,..,..,..,..,..,..,..,..,..,..,..,..,..,..,..,..,..,..,..,..,..,..,..,..,..,..,..,..,..,..,..,..,..,..,..,..,..,..,667.04341,678.97796,696.18007,736.9127,766.77053,773.42007,766.68847,711.86497,647.72012,625.3002,610.96876,583.0168,578.16942,558.51754,531.63593,492.665,468.92485
Lebanon,LBN,Bank deposits to GDP (%),GFDD.OI.02,..,..,..,..,..,..,..,..,..,..,..,..,..,..,..,..,..,..,..,..,..,..,..,..,..,..,..,..,151.7375,168.1886,176.7699,115.1199,109.5877,104.1923,115.8666,114.762,127.8522,137.3481,148.4775,165.1367,182.8678,192.5591,192.0566,204.1003,214.0178,221.0379,233.0369,232.3998,227.5971,223.7112,230.775,236.5598,229.1568,229.6451,237.0977,239.1392,250.1193,250.3682,..,..,..,..
Lebanon,LBN,Central bank assets to GDP (%),GFDD.DI.06,..,..,..,..,..,..,..,..,..,..,..,..,..,..,..,..,..,..,..,..,..,..,..,..,..,..,..,..,7.323307,11.69185,30.76148,6.261631,3.310659,3.414434,0.6487616,0.9323708,1.869904,3.886223,2.880695,2.769309,10.33666,28.30853,16.42893,43.06463,45.58859,47.20313,43.79828,37.27271,33.13391,30.04619,31.38311,33.77117,34.85646,30.51776,32.5703,39.91649,53.81608,56.89103,58.35919,..,..,..
Lebanon,LBN,Credit card (% age 15+),GFDD.AI.20,..,..,..,..,..,..,..,..,..,..,..,..,..,..,..,..,..,..,..,..,..,..,..,..,..,..,..,..,..,..,..,..,..,..,..,..,..,..,..,..,..,..,..,..,..,..,..,..,..,..,..,11.36648,..,..,10.70387,..,..,14.94045,..,..,..,2.991006
Lebanon,LBN,Credit to government and state-owned enterprises to GDP (%),GFDD.EI.08,..,..,..,..,..,..,..,..,..,..,..,..,..,..,..,..,..,..,..,..,14.67989,25.19847,..,..,54.84966,47.9437,34.83518,7.08308,22.60126,41.92517,35.37268,32.12658,33.06818,31.00747,45.76252,44.70134,59.8843,55.35249,69.39478,..,..,..,..,71.53183,..,..,..,..,..,..,..,73.19315,70.6952,..,..,..,67.81077,60.12164,0.3330711,..,..,..
Lebanon,LBN,Credit flows by fintech and bigtech companies to GDP (%),GFDD.DM.16,..,..,..,..,..,..,..,..,..,..,..,..,..,..,..,..,..,..,..,..,..,..,..,..,..,..,..,..,..,..,..,..,..,..,..,..,..,..,..,..,..,..,..,..,..,..,..,..,..,..,..,..,..,0,0,0,0,0,0,0,..,..
Lebanon,LBN,Deposit money bank assets to deposit money bank assets and central bank assets (%),GFDD.DI.04,..,..,..,..,..,..,..,..,..,..,..,..,..,..,..,..,..,..,..,..,..,..,..,..,..,..,..,..,91.28961,90.09924,78.65637,92.32745,95.97563,95.45237,99.29367,99.03958,98.4005,96.81918,97.98466,98.33294,94.42039,85.73228,91.25604,77.07811,76.81356,76.02036,78.87287,80.92562,82.80946,83.36983,83.17223,82.47324,81.79765,84.687,84.06729,81.11625,75.61615,73.95075,..,..,..,..
Lebanon,LBN,Insurance company assets to GDP (%),GFDD.DI.11,..,..,..,..,..,..,..,..,..,..,..,..,..,..,..,..,..,..,..,..,..,..,..,..,..,..,..,..,..,..,..,..,..,..,..,..,..,..,..,..,..,4.5071455,..,..,..,6.577185,7.0617295,7.681177,7.4126209,7.5865506,8.0116609,8.4866419,8.4732666,8.5565092,8.9084168,8.7941149,8.9804321,9.0795622,9.1024285,9.4355965,..,..
Lebanon,LBN,Gross portfolio debt assets to GDP (%),GFDD.DM.11,..,..,..,..,..,..,..,..,..,..,..,..,..,..,..,..,..,..,..,..,..,..,..,..,..,..,..,..,..,..,..,..,..,..,..,..,..,..,..,..,..,..,..,..,..,..,..,..,..,..,..,..,..,..,..,..,..,..,..,..,..,..
Lebanon,LBN,Liquid liabilities to GDP (%),GFDD.DI.05,..,..,..,..,..,..,..,..,..,..,..,..,..,..,..,..,..,..,..,..,..,..,..,..,..,..,..,..,160.3695,182.6081,193.7314,126.3158,117.6542,113.3705,121.8497,120.433,134.4088,142.5551,153.5003,170.9381,189.2191,198.8589,198.0379,213.4953,223.0827,229.4481,241.4366,240.7602,235.6071,231.8359,239.3183,243.035,235.7169,236.5073,244.1032,246.567,258.0722,259.166,..,..,..,..
Lesotho,LSO,Account at a formal financial institution (% age 15+),GFDD.AI.05,..,..,..,..,..,..,..,..,..,..,..,..,..,..,..,..,..,..,..,..,..,..,..,..,..,..,..,..,..,..,..,..,..,..,..,..,..,..,..,..,..,..,..,..,..,..,..,..,..,..,..,18.49702,..,..,..,..,..,33.32148,..,..,..,..
Lesotho,LSO,"Bank accounts per 1,000 adults",GFDD.AI.01,..,..,..,..,..,..,..,..,..,..,..,..,..,..,..,..,..,..,..,..,..,..,..,..,..,..,..,..,..,..,..,..,..,..,..,..,..,..,..,..,..,..,..,..,214.05303,258.23959,340.85752,210.07866,212.07655,223.38721,283.50575,354.85418,286.48241,316.09916,326.28626,348.96922,363.51315,385.38977,413.82558,391.91212,414.78143,..
Lesotho,LSO,Bank deposits to GDP (%),GFDD.OI.02,..,..,..,..,..,..,..,..,..,..,..,..,..,10.89504,10.08672,11.18631,12.60328,21.54409,25.5017,30.95729,33.2294,36.30236,45.64352,46.75832,47.7194,48.27901,44.70536,44.20221,42.92736,39.8766,36.76588,33.64368,30.57438,32.64717,31.56782,28.81046,30.49408,31.10695,31.61209,27.64763,24.98795,23.06327,22.33502,22.21012,20.29434,20.45504,24.66314,30.27459,29.73931,34.30525,35.83715,31.80134,31.25497,33.70553,30.21404,30.16596,27.59198,35.65599,36.97871,31.01095,34.38913,36.22596
Lesotho,LSO,Central bank assets to GDP (%),GFDD.DI.06,..,..,..,..,..,..,..,..,..,..,..,..,..,..,..,..,..,..,..,..,0.0002975,5.512336,7.603732,4.37861,1.097234,4.391263,5.153707,10.72008,24.34662,22.58542,19.15683,30.48218,5.793489,9.506873,7.653764,8.173516,8.077861,3.899684,3.068996,2.196493,1.930018,3.659838,2.504964,2.154958,2.360089,2.258656,2.277882,2.410636,3.80899,2.273441,1.694295,1.471518,2.565689,3.876745,3.437939,3.797354,3.785778,3.074827,2.485719,1.758544,2.56266,1.332822
Lesotho,LSO,Credit card (% age 15+),GFDD.AI.20,..,..,..,..,..,..,..,..,..,..,..,..,..,..,..,..,..,..,..,..,..,..,..,..,..,..,..,..,..,..,..,..,..,..,..,..,..,..,..,..,..,..,..,..,..,..,..,..,..,..,..,2.45253,..,..,..,..,..,3.441072,..,..,..,..
Lesotho,LSO,Credit to government and state-owned enterprises to GDP (%),GFDD.EI.08,..,..,..,..,..,..,..,..,..,..,..,..,..,..,..,..,..,..,..,..,13.85513,13.6005,16.1908,17.34588,14.31785,13.25313,17.92119,15.90205,13.42058,15.7144,11.06508,8.496593,5.837322,4.79176,4.371148,4.387015,5.425406,4.492884,5.578853,12.84543,11.18838,10.91133,11.32811,12.79916,6.796617,5.149897,5.689211,4.813018,3.359838,2.498788,2.725417,3.717165,3.920963,2.735476,2.187974,2.691835,2.65495,3.118779,4.106238,6.131154,6.957565,..
Lesotho,LSO,Credit flows by fintech and bigtech companies to GDP (%),GFDD.DM.16,..,..,..,..,..,..,..,..,..,..,..,..,..,..,..,..,..,..,..,..,..,..,..,..,..,..,..,..,..,..,..,..,..,..,..,..,..,..,..,..,..,..,..,..,..,..,..,..,..,..,..,..,..,..,..,..,..,..,..,..,..,..
Lesotho,LSO,Deposit money bank assets to deposit money bank assets and central bank assets (%),GFDD.DI.04,..,..,..,..,..,..,..,..,..,..,..,..,..,..,..,..,..,..,..,..,99.9986,81.83689,80.23396,87.33109,96.45615,87.08152,86.05241,74.97594,54.5403,58.11832,58.70227,44.80719,78.68749,70.48608,77.48863,73.16354,72.62713,86.74947,87.46516,92.45963,92.65657,86.09402,90.09657,88.71625,82.58266,83.7934,84.31691,86.12202,77.67924,86.8601,90.48627,92.45766,89.75795,85.37735,86.16226,84.55226,84.41969,88.17873,90.74504,93.81487,90.85007,95.41155
Lesotho,LSO,Insurance company assets to GDP (%),GFDD.DI.11,..,..,..,..,..,..,..,..,..,..,..,..,..,..,..,..,..,..,..,..,..,..,..,..,..,..,..,..,..,..,..,..,..,..,..,..,..,..,..,..,..,..,..,..,..,..,..,..,..,..,14.119211,13.988022,15.104125,15.709057,15.647257,15.984148,16.683237,18.80215,18.58282,..,..,..
Lesotho,LSO,Gross portfolio debt assets to GDP (%),GFDD.DM.11,..,..,..,..,..,..,..,..,..,..,..,..,..,..,..,..,..,..,..,..,..,..,..,..,..,..,..,..,..,..,..,..,..,..,..,..,..,..,..,..,..,..,..,..,..,..,..,..,..,..,..,..,..,..,..,..,..,..,..,..,..,..
Lesotho,LSO,Liquid liabilities to GDP (%),GFDD.DI.05,..,..,..,..,..,..,..,..,..,..,..,..,..,..,..,..,..,..,..,..,35.2886,39.09029,50.33521,52.13038,52.53559,52.49238,49.17337,48.24989,46.84206,43.98351,40.64073,35.54654,32.25624,34.24957,33.25348,31.33621,32.79573,33.2915,34.46143,30.08733,27.62254,28.03242,26.5147,26.23518,24.33468,24.23285,28.77828,34.44128,33.45796,38.95847,40.21169,35.67287,35.13456,37.92134,33.987,33.66181,30.75904,39.39849,40.2759,34.39148,38.13655,39.94633
Liberia,LBR,Account at a formal financial institution (% age 15+),GFDD.AI.05,..,..,..,..,..,..,..,..,..,..,..,..,..,..,..,..,..,..,..,..,..,..,..,..,..,..,..,..,..,..,..,..,..,..,..,..,..,..,..,..,..,..,..,..,..,..,..,..,..,..,..,18.80147,..,..,..,..,..,21.58344,..,..,..,28.58934
Liberia,LBR,"Bank accounts per 1,000 adults",GFDD.AI.01,..,..,..,..,..,..,..,..,..,..,..,..,..,..,..,..,..,..,..,..,..,..,..,..,..,..,..,..,..,..,..,..,..,..,..,..,..,..,..,..,..,..,..,..,..,..,..,..,..,..,..,..,..,..,..,..,..,..,..,..,..,..
Liberia,LBR,Bank deposits to GDP (%),GFDD.OI.02,..,..,..,..,..,..,..,..,..,..,..,..,..,..,..,..,..,..,..,..,..,..,..,..,..,..,..,..,..,..,..,..,..,..,..,..,..,..,..,..,3.653889,2.901406,3.182347,4.331192,5.952179,7.776118,9.171823,10.51736,12.55137,16.65298,18.63853,21.67038,18.77031,20.25052,17.94809,19.5396,18.24649,16.43019,17.53307,17.20292,17.91815,..
Liberia,LBR,Central bank assets to GDP (%),GFDD.DI.06,..,..,..,..,..,..,..,..,..,..,..,..,..,..,..,..,..,..,..,..,..,..,..,..,..,..,..,..,..,..,..,..,..,..,..,..,..,..,..,..,103.9041,94.98222,102.4922,119.3045,115.7309,104.7478,98.24866,85.25422,68.07961,67.54858,15.84279,13.95816,12.92079,12.76365,13.06979,14.06323,15.70925,14.20576,17.40295,16.91651,20.04823,..
Liberia,LBR,Credit card (% age 15+),GFDD.AI.20,..,..,..,..,..,..,..,..,..,..,..,..,..,..,..,..,..,..,..,..,..,..,..,..,..,..,..,..,..,..,..,..,..,..,..,..,..,..,..,..,..,..,..,..,..,..,..,..,..,..,..,2.706082,..,..,..,..,..,1.263606,..,..,..,3.473866
Liberia,LBR,Credit to government and state-owned enterprises to GDP (%),GFDD.EI.08,..,..,..,..,..,..,..,..,..,..,..,..,..,..,..,..,..,..,..,..,..,..,..,..,..,..,..,..,..,..,..,..,..,..,..,..,..,..,..,..,53.17509,71.27998,..,..,..,..,..,72.78925,41.84716,..,73.17574,..,..,..,..,..,..,..,..,..,..,..
Liberia,LBR,Credit flows by fintech and bigtech companies to GDP (%),GFDD.DM.16,..,..,..,..,..,..,..,..,..,..,..,..,..,..,..,..,..,..,..,..,..,..,..,..,..,..,..,..,..,..,..,..,..,..,..,..,..,..,..,..,..,..,..,..,..,..,..,..,..,..,..,..,..,0.0264384,0.0170508,0.0006198,0.0038253,0.0235939,0.0213278,..,..,..
Liberia,LBR,Deposit money bank assets to deposit money bank assets and central bank assets (%),GFDD.DI.04,..,..,..,..,..,..,..,..,..,..,..,..,..,..,..,..,..,..,..,..,..,..,..,..,..,..,..,..,..,..,..,..,..,..,..,..,..,..,..,..,2.982488,3.521963,3.448911,3.422887,4.032106,4.747081,5.710018,6.942932,9.068085,12.32309,39.1097,44.70761,46.77388,52.30963,51.4905,53.17356,51.25796,56.71008,53.14451,52.85371,45.60543,..
Liberia,LBR,Insurance company assets to GDP (%),GFDD.DI.11,..,..,..,..,..,..,..,..,..,..,..,..,..,..,..,..,..,..,..,..,..,..,..,..,..,..,..,..,..,..,..,..,..,..,..,..,..,..,..,..,..,..,..,..,..,..,..,..,..,..,..,..,..,..,1.240458,1.5171545,..,..,..,..,..,..
Liberia,LBR,Gross portfolio debt assets to GDP (%),GFDD.DM.11,..,..,..,..,..,..,..,..,..,..,..,..,..,..,..,..,..,..,..,..,..,..,..,..,..,..,..,..,..,..,..,..,..,..,..,..,..,..,..,..,..,..,..,..,..,..,..,..,..,..,..,..,..,..,..,..,..,..,..,..,..,..
Liberia,LBR,Liquid liabilities to GDP (%),GFDD.DI.05,..,..,..,..,..,..,..,..,..,..,..,..,..,..,..,..,..,..,..,..,..,..,..,..,..,..,..,..,..,..,..,..,..,..,..,..,..,..,..,..,7.14117,6.473869,5.121128,7.706813,9.658298,11.82918,13.33964,14.83887,16.45346,20.73838,22.88725,26.36205,22.64981,23.82678,22.1447,23.49035,22.21414,20.48672,21.47364,21.07223,21.88403,..
Libya,LBY,Account at a formal financial institution (% age 15+),GFDD.AI.05,..,..,..,..,..,..,..,..,..,..,..,..,..,..,..,..,..,..,..,..,..,..,..,..,..,..,..,..,..,..,..,..,..,..,..,..,..,..,..,..,..,..,..,..,..,..,..,..,..,..,..,..,..,..,..,..,..,65.66752,..,..,..,..
Libya,LBY,"Bank accounts per 1,000 adults",GFDD.AI.01,..,..,..,..,..,..,..,..,..,..,..,..,..,..,..,..,..,..,..,..,..,..,..,..,..,..,..,..,..,..,..,..,..,..,..,..,..,..,..,..,..,..,..,..,654.76805,640.62221,627.29416,616.37526,611.63048,625.51845,637.94716,791.94464,866.02547,..,..,..,..,..,..,..,..,..
Libya,LBY,Bank deposits to GDP (%),GFDD.OI.02,..,..,..,5.073774,3.478518,3.915173,3.570338,3.448165,3.232216,2.82441,4.232961,7.712656,8.776031,9.824659,12.76279,11.54811,12.63503,13.21152,12.78914,12.99921,16.12505,23.10878,19.62552,22.66007,25.30726,33.3056,36.95851,43.75942,39.71889,34.35531,33.46822,33.26598,36.73081,38.41448,44.30062,45.62994,40.55665,36.67509,39.92489,38.14557,33.2613,32.17885,28.1131,23.75732,21.72754,18.89143,19.01141,23.76149,35.84686,55.80672,41.8823,100.3396,46.68648,78.58273,154.3731,210.616,242.0947,174.9085,120.3822,118.7975,295.3071,32.90868
Libya,LBY,Central bank assets to GDP (%),GFDD.DI.06,..,..,..,0.9789249,1.20776,1.737175,2.240982,2.294609,2.616509,2.765007,0.6637887,0.8932934,2.147991,11.59836,17.24195,24.7005,18.55039,14.04591,31.50065,27.58574,16.80865,35.75308,36.71649,26.18686,31.55839,23.64616,21.85218,23.89961,19.93017,57.92789,61.92255,64.97645,58.3848,60.45325,63.56379,64.34153,57.73515,50.8294,53.50167,42.13877,47.99823,45.99186,31.73098,25.78987,6.23567,6.328898,6.319129,8.547548,4.468889,11.70577,10.8199,29.21899,9.15162,14.49047,103.2328,..,..,160.2282,125.5412,122.8641,..,54.08298
Libya,LBY,Credit card (% age 15+),GFDD.AI.20,..,..,..,..,..,..,..,..,..,..,..,..,..,..,..,..,..,..,..,..,..,..,..,..,..,..,..,..,..,..,..,..,..,..,..,..,..,..,..,..,..,..,..,..,..,..,..,..,..,..,..,..,..,..,..,..,..,10.29648,..,..,..,..
Libya,LBY,Credit to government and state-owned enterprises to GDP (%),GFDD.EI.08,..,..,..,..,..,..,..,..,..,..,..,..,..,..,..,..,..,..,..,..,7.704066,6.772468,5.111418,6.737596,13.71373,17.3653,22.47355,26.22964,23.41485,18.97607,17.40421,16.19607,15.36871,15.89342,15.12706,14.17997,13.68033,20.29158,20.5601,19.50099,16.16691,24.09986,14.28778,12.81938,5.499699,3.468493,3.717819,3.716442,3.287634,6.145949,4.93287,11.72935,5.352623,7.986738,18.50375,29.46564,26.9244,14.51864,10.00803,12.32977,33.16025,..
Libya,LBY,Credit flows by fintech and bigtech companies to GDP (%),GFDD.DM.16,..,..,..,..,..,..,..,..,..,..,..,..,..,..,..,..,..,..,..,..,..,..,..,..,..,..,..,..,..,..,..,..,..,..,..,..,..,..,..,..,..,..,..,..,..,..,..,..,..,..,..,..,..,..,..,..,..,..,..,..,..,..
Libya,LBY,Deposit money bank assets to deposit money bank assets and central bank assets (%),GFDD.DI.04,..,..,..,81.34147,73.1461,62.82137,56.35418,53.58712,48.92659,47.03383,85.26523,84.06817,73.51378,46.56466,42.38931,39.44294,46.20295,55.67656,37.14379,39.82122,50.47878,43.33657,34.29401,52.88221,53.89164,62.64462,68.50932,70.36799,73.342,45.82377,42.65417,39.80018,42.10045,43.34554,41.80186,41.06575,38.39736,45.59508,44.47969,50.7419,43.25905,48.70447,49.77883,49.78221,71.70915,63.10826,61.8881,53.63794,72.57574,62.46035,58.12059,53.03564,63.8355,65.80661,38.30496,..,..,21.34688,19.41467,21.19094,..,18.25556
Libya,LBY,Insurance company assets to GDP (%),GFDD.DI.11,..,..,..,..,..,..,..,..,..,..,..,..,..,..,..,..,..,..,..,..,..,..,..,..,..,..,..,..,..,..,..,..,..,..,..,..,..,..,..,..,..,..,..,..,..,..,..,..,..,..,..,..,..,..,..,..,..,..,..,..,..,..
Libya,LBY,Gross portfolio debt assets to GDP (%),GFDD.DM.11,..,..,..,..,..,..,..,..,..,..,..,..,..,..,..,..,..,..,..,..,..,..,..,..,..,..,..,..,..,..,..,..,..,..,..,..,..,..,..,..,..,..,..,..,..,..,..,..,..,..,..,..,..,..,..,..,..,..,..,..,..,..
Libya,LBY,Liquid liabilities to GDP (%),GFDD.DI.05,..,..,..,10.3267,8.794932,9.771217,9.41385,9.819374,9.275373,9.876724,11.92446,18.8854,20.8685,24.60975,29.33369,27.08236,27.19441,29.49056,34.2861,33.77159,30.8343,41.30923,38.16302,38.03377,40.68695,52.55241,56.74326,66.69261,58.75132,58.84247,64.31309,57.97489,63.58396,68.8684,73.50381,75.15748,66.57277,59.35155,61.31542,55.27269,48.51145,48.0597,40.46219,33.34359,29.61746,26.56471,25.99537,30.39245,42.78396,71.25803,51.64331,142.8431,62.60109,101.4612,216.1638,315.7433,355.424,252.3045,183.7452,188.7235,449.954,50.15396
Liechtenstein,LIE,Account at a formal financial institution (% age 15+),GFDD.AI.05,..,..,..,..,..,..,..,..,..,..,..,..,..,..,..,..,..,..,..,..,..,..,..,..,..,..,..,..,..,..,..,..,..,..,..,..,..,..,..,..,..,..,..,..,..,..,..,..,..,..,..,..,..,..,..,..,..,..,..,..,..,..
Liechtenstein,LIE,"Bank accounts per 1,000 adults",GFDD.AI.01,..,..,..,..,..,..,..,..,..,..,..,..,..,..,..,..,..,..,..,..,..,..,..,..,..,..,..,..,..,..,..,..,..,..,..,..,..,..,..,..,..,..,..,..,..,..,..,..,..,..,..,..,..,..,..,..,..,..,..,..,..,..
Liechtenstein,LIE,Bank deposits to GDP (%),GFDD.OI.02,..,..,..,..,..,..,..,..,..,..,..,..,..,..,..,..,..,..,..,..,..,..,..,..,..,..,..,..,..,..,..,..,..,..,..,..,..,..,..,..,..,..,..,..,..,..,..,..,..,..,..,..,..,..,..,..,..,..,..,..,..,..
Liechtenstein,LIE,Central bank assets to GDP (%),GFDD.DI.06,..,..,..,..,..,..,..,..,..,..,..,..,..,..,..,..,..,..,..,..,..,..,..,..,..,..,..,..,..,..,..,..,..,..,..,..,..,..,..,..,..,..,..,..,..,..,..,..,..,..,..,..,..,..,..,..,..,..,..,..,..,..
Liechtenstein,LIE,Credit card (% age 15+),GFDD.AI.20,..,..,..,..,..,..,..,..,..,..,..,..,..,..,..,..,..,..,..,..,..,..,..,..,..,..,..,..,..,..,..,..,..,..,..,..,..,..,..,..,..,..,..,..,..,..,..,..,..,..,..,..,..,..,..,..,..,..,..,..,..,..
Liechtenstein,LIE,Credit to government and state-owned enterprises to GDP (%),GFDD.EI.08,..,..,..,..,..,..,..,..,..,..,..,..,..,..,..,..,..,..,..,..,..,..,..,..,..,..,..,..,..,..,..,..,..,..,..,..,..,..,..,..,..,..,..,..,..,..,..,..,..,..,..,..,..,..,..,..,..,..,..,..,..,..
Liechtenstein,LIE,Credit flows by fintech and bigtech companies to GDP (%),GFDD.DM.16,..,..,..,..,..,..,..,..,..,..,..,..,..,..,..,..,..,..,..,..,..,..,..,..,..,..,..,..,..,..,..,..,..,..,..,..,..,..,..,..,..,..,..,..,..,..,..,..,..,..,..,..,..,..,..,..,..,..,..,..,..,..
Liechtenstein,LIE,Deposit money bank assets to deposit money bank assets and central bank assets (%),GFDD.DI.04,..,..,..,..,..,..,..,..,..,..,..,..,..,..,..,..,..,..,..,..,..,..,..,..,..,..,..,..,..,..,..,..,..,..,..,..,..,..,..,..,..,..,..,..,..,..,..,..,..,..,..,..,..,..,..,..,..,..,..,..,..,..
Liechtenstein,LIE,Insurance company assets to GDP (%),GFDD.DI.11,..,..,..,..,..,..,..,..,..,..,..,..,..,..,..,..,..,..,..,..,..,..,..,..,..,..,..,..,..,..,..,..,..,..,..,..,..,..,..,..,..,..,..,..,..,..,..,..,..,..,..,..,..,..,..,..,..,..,..,..,..,..
Liechtenstein,LIE,Gross portfolio debt assets to GDP (%),GFDD.DM.11,..,..,..,..,..,..,..,..,..,..,..,..,..,..,..,..,..,..,..,..,..,..,..,..,..,..,..,..,..,..,..,..,..,..,..,..,..,..,..,..,..,..,..,..,..,..,..,..,..,..,..,..,..,..,..,..,..,..,..,..,..,..
Liechtenstein,LIE,Liquid liabilities to GDP (%),GFDD.DI.05,..,..,..,..,..,..,..,..,..,..,..,..,..,..,..,..,..,..,..,..,..,..,..,..,..,..,..,..,..,..,..,..,..,..,..,..,..,..,..,..,..,..,..,..,..,..,..,..,..,..,..,..,..,..,..,..,..,..,..,..,..,..
Lithuania,LTU,Account at a formal financial institution (% age 15+),GFDD.AI.05,..,..,..,..,..,..,..,..,..,..,..,..,..,..,..,..,..,..,..,..,..,..,..,..,..,..,..,..,..,..,..,..,..,..,..,..,..,..,..,..,..,..,..,..,..,..,..,..,..,..,..,73.7552,..,..,77.90629,..,..,82.88385,..,..,..,93.53224
Lithuania,LTU,"Bank accounts per 1,000 adults",GFDD.AI.01,..,..,..,..,..,..,..,..,..,..,..,..,..,..,..,..,..,..,..,..,..,..,..,..,..,..,..,..,..,..,..,..,..,..,..,..,..,..,..,..,..,..,..,..,..,..,..,..,..,..,..,..,..,..,..,..,..,..,..,..,..,..
Lithuania,LTU,Bank deposits to GDP (%),GFDD.OI.02,..,..,..,..,..,..,..,..,..,..,..,..,..,..,..,..,..,..,..,..,..,..,..,..,..,..,..,..,..,..,..,..,..,..,..,13.63103,10.40123,11.60438,12.25095,14.18276,16.88811,19.9267,21.09506,22.42755,27.29027,32.51266,35.05669,36.08268,31.40056,..,41.12174,37.27668,37.30302,37.38634,41.37905,43.30619,44.91916,44.2754,46.53871,47.92276,60.44169,59.41521
Lithuania,LTU,Central bank assets to GDP (%),GFDD.DI.06,..,..,..,..,..,..,..,..,..,..,..,..,..,..,..,..,..,..,..,..,..,..,..,..,..,..,..,..,..,..,..,..,..,..,..,0.1179239,0.0387705,0.0667075,0.0306947,0.0749651,0.0266812,0.0269661,0.027851,0.0260919,0.031792,0.0248483,0.015653,0.0139762,0.0186222,..,0.0178356,0.2458715,0.2454343,0.1626734,0.1558173,2.310842,3.934187,4.070839,4.058021,4.826047,9.974302,11.71295
Lithuania,LTU,Credit card (% age 15+),GFDD.AI.20,..,..,..,..,..,..,..,..,..,..,..,..,..,..,..,..,..,..,..,..,..,..,..,..,..,..,..,..,..,..,..,..,..,..,..,..,..,..,..,..,..,..,..,..,..,..,..,..,..,..,..,13.40797,..,..,10.04441,..,..,16.28708,..,..,..,11.8925
Lithuania,LTU,Credit to government and state-owned enterprises to GDP (%),GFDD.EI.08,..,..,..,..,..,..,..,..,..,..,..,..,..,..,..,..,..,..,..,..,..,..,..,..,..,..,..,..,..,..,..,..,..,..,..,6.60874,9.245044,16.56567,16.0456,14.77667,18.15982,20.57485,21.42812,18.54895,17.4866,17.31656,13.52414,12.59513,11.82484,..,5.95352,6.009483,5.833554,7.18046,6.959838,6.011402,5.117015,3.590665,3.003419,2.799844,3.452021,..
Lithuania,LTU,Credit flows by fintech and bigtech companies to GDP (%),GFDD.DM.16,..,..,..,..,..,..,..,..,..,..,..,..,..,..,..,..,..,..,..,..,..,..,..,..,..,..,..,..,..,..,..,..,..,..,..,..,..,..,..,..,..,..,..,..,..,..,..,..,..,..,..,..,..,0,0,0,0,0,0,0,..,..
Lithuania,LTU,Deposit money bank assets to deposit money bank assets and central bank assets (%),GFDD.DI.04,..,..,..,..,..,..,..,..,..,..,..,..,..,..,..,..,..,..,..,..,..,..,..,..,..,..,..,..,..,..,..,..,..,..,..,99.29563,99.71653,99.57749,99.8209,99.59756,99.85458,99.86115,99.87478,99.90665,99.90573,99.94566,99.97092,99.97772,99.97153,..,99.97238,99.55891,99.53329,99.67693,99.6749,95.36694,92.39638,91.6306,91.44511,89.66061,80.46832,78.00122
Lithuania,LTU,Insurance company assets to GDP (%),GFDD.DI.11,..,..,..,..,..,..,..,..,..,..,..,..,..,..,..,..,..,..,..,..,..,..,..,..,..,..,..,..,..,..,..,..,..,..,..,..,..,..,..,..,..,1.9215611,2.2193476,2.4255261,2.6219468,2.7892382,3.2284148,3.4130245,3.0147214,3.5961241,2.8755253,2.5601613,2.5876557,2.454998,2.7975759,3.0621197,4.5320293,4.5207365,4.5431371,4.3944047,4.6983863,..
Lithuania,LTU,Gross portfolio debt assets to GDP (%),GFDD.DM.11,..,..,..,..,..,..,..,..,..,..,..,..,..,..,..,..,..,..,..,..,..,..,..,..,..,..,..,..,..,..,..,..,..,..,..,..,..,..,..,0.8390647,4.983727,3.758901,6.678868,4.723719,7.328276,13.77379,22.90409,22.84116,17.33967,28.94116,24.92619,12.6894,13.81992,18.00889,15.40141,11.4366,17.41406,25.31574,24.27774,20.96529,22.25309,..
Lithuania,LTU,Liquid liabilities to GDP (%),GFDD.DI.05,..,..,..,..,..,..,..,..,..,..,..,..,..,..,..,..,..,..,..,..,..,..,..,..,..,..,..,..,..,..,..,..,..,..,..,..,..,..,..,..,..,..,..,..,..,..,..,..,..,..,49.05501,46.00991,46.09676,46.282,44.85351,58.81267,60.65591,59.0662,61.12078,62.87164,78.03306,82.55404
Luxembourg,LUX,Account at a formal financial institution (% age 15+),GFDD.AI.05,..,..,..,..,..,..,..,..,..,..,..,..,..,..,..,..,..,..,..,..,..,..,..,..,..,..,..,..,..,..,..,..,..,..,..,..,..,..,..,..,..,..,..,..,..,..,..,..,..,..,..,94.5868,..,..,96.1687,..,..,98.76785,..,..,..,..
Luxembourg,LUX,"Bank accounts per 1,000 adults",GFDD.AI.01,..,..,..,..,..,..,..,..,..,..,..,..,..,..,..,..,..,..,..,..,..,..,..,..,..,..,..,..,..,..,..,..,..,..,..,..,..,..,..,..,..,..,..,..,..,..,..,..,..,..,..,..,..,..,..,..,..,..,..,..,..,..
Luxembourg,LUX,Bank deposits to GDP (%),GFDD.OI.02,47.67549,56.12475,60.09364,60.77301,31.06874,34.02775,35.108,39.72416,40.50834,46.17457,44.61497,52.77185,60.48772,69.01054,75.39733,93.9326,93.6683,99.69308,112.5754,113.8776,122.7607,133.023,131.114,132.7558,132.2985,162.2281,172.5699,214.1266,266.211,259.6298,276.7447,243.5865,297.8914,..,295.8978,284.6325,311.1121,319.6757,..,..,..,339.8484,338.9626,347.4321,354.3568,401.3839,419.1479,454.3368,462.1295,347.2303,329.394,331.8806,307.3663,327.3178,359.5931,386.9359,382.8632,388.9182,402.6625,413.207,428.7701,437.1502
Luxembourg,LUX,Central bank assets to GDP (%),GFDD.DI.06,..,..,..,..,..,..,..,..,..,..,..,..,..,..,..,..,..,..,..,..,..,..,..,..,..,0.8315614,0.8370677,0.8948765,0.8576272,0.7509013,0.8219443,0.721835,0.6473721,0.9964582,0.9269494,0.7905556,0.7419577,0.6744153,..,..,..,..,..,..,..,..,..,..,..,..,..,..,..,..,..,1.867301,2.503199,3.068656,3.172515,3.111436,4.808385,5.865225
Luxembourg,LUX,Credit card (% age 15+),GFDD.AI.20,..,..,..,..,..,..,..,..,..,..,..,..,..,..,..,..,..,..,..,..,..,..,..,..,..,..,..,..,..,..,..,..,..,..,..,..,..,..,..,..,..,..,..,..,..,..,..,..,..,..,..,72.40598,..,..,69.43932,..,..,69.79526,..,..,..,..
Luxembourg,LUX,Credit to government and state-owned enterprises to GDP (%),GFDD.EI.08,..,..,..,..,..,..,..,..,..,..,..,..,..,..,..,..,..,..,..,..,24.06183,29.23855,26.66624,30.34295,22.17813,20.038,20.12527,9.089736,8.270565,6.017461,9.446482,7.343732,24.6596,..,..,..,..,..,..,..,..,4.397005,4.106178,4.922355,4.217899,4.13791,4.283828,4.412635,6.808373,7.036998,7.674037,7.38435,7.516189,7.689254,7.862321,7.602189,6.682315,6.192325,5.637634,5.97249,5.481061,..
Luxembourg,LUX,Credit flows by fintech and bigtech companies to GDP (%),GFDD.DM.16,..,..,..,..,..,..,..,..,..,..,..,..,..,..,..,..,..,..,..,..,..,..,..,..,..,..,..,..,..,..,..,..,..,..,..,..,..,..,..,..,..,..,..,..,..,..,..,..,..,..,..,..,..,..,..,..,..,..,0.0056674,..,..,..
Luxembourg,LUX,Deposit money bank assets to deposit money bank assets and central bank assets (%),GFDD.DI.04,..,..,..,..,..,..,..,..,..,..,..,..,..,..,..,..,..,..,..,..,..,..,..,..,..,99.01099,99.05192,99.02003,99.09252,99.21002,99.22157,99.29057,99.44765,..,98.91799,99.1686,99.17213,99.26321,..,..,..,..,..,..,..,..,..,..,..,..,..,..,..,..,..,98.15568,97.63645,97.21542,97.23141,97.35791,95.85725,94.64548
Luxembourg,LUX,Insurance company assets to GDP (%),GFDD.DI.11,..,..,..,..,..,..,..,..,..,..,..,..,..,..,..,..,..,..,..,..,..,..,..,..,..,..,..,..,..,..,..,..,..,..,..,86.577977,115.7562,140.24845,158.53495,169.91633,178.75207,182.66836,175.34619,186.39747,198.68116,..,..,..,..,..,..,..,..,..,..,..,..,..,..,..,..,..
Luxembourg,LUX,Gross portfolio debt assets to GDP (%),GFDD.DM.11,..,..,..,..,..,..,..,..,..,..,..,..,..,..,..,..,..,..,..,..,..,..,..,..,..,..,..,..,..,..,..,..,..,..,..,..,..,..,..,..,..,..,..,..,..,..,..,..,..,..,..,..,..,..,..,..,..,..,..,..,..,..
Luxembourg,LUX,Liquid liabilities to GDP (%),GFDD.DI.05,31.62266,36.32771,39.59491,42.26809,31.06874,34.02775,35.108,39.72416,40.50834,46.17457,44.61497,52.77185,60.48772,69.01054,75.39733,93.9326,93.6683,99.69308,112.5754,113.8776,122.7607,133.023,131.114,132.7558,132.2985,163.0596,173.407,215.0215,267.0686,260.3807,277.5666,244.3083,298.5388,0.9964582,296.8248,285.4231,311.9917,320.4873,..,..,..,857.6883,862.7452,866.9102,857.5674,865.563,854.6236,927.4318,896.2333,747.7322,634.4688,708.8638,630.67,565.4647,576.3147,628.2961,636.4265,628.3061,634.1252,660.5718,688.5241,728.5128
"Macao SAR, China",MAC,Account at a formal financial institution (% age 15+),GFDD.AI.05,..,..,..,..,..,..,..,..,..,..,..,..,..,..,..,..,..,..,..,..,..,..,..,..,..,..,..,..,..,..,..,..,..,..,..,..,..,..,..,..,..,..,..,..,..,..,..,..,..,..,..,..,..,..,..,..,..,..,..,..,..,..
"Macao SAR, China",MAC,"Bank accounts per 1,000 adults",GFDD.AI.01,..,..,..,..,..,..,..,..,..,..,..,..,..,..,..,..,..,..,..,..,..,..,..,..,..,..,..,..,..,..,..,..,..,..,..,..,..,..,..,..,..,..,..,..,..,..,..,..,..,..,..,..,..,..,..,..,..,..,..,..,..,..
"Macao SAR, China",MAC,Bank deposits to GDP (%),GFDD.OI.02,..,..,..,..,..,..,..,..,..,..,..,..,..,..,..,..,..,..,..,..,..,..,..,..,72.89571,81.53465,86.7826,87.9727,105.8012,108.6815,114.9992,136.4653,127.1942,117.9252,119.46,121.4125,127.516,132.2693,145.7889,161.0551,153.0295,162.6763,163.6406,164.3758,138.4068,136.2046,139.0646,122.563,109.9326,120.285,105.151,98.69912,106.4279,105.0252,108.6871,128.066,143.9604,142.3718,142.3395,150.6664,346.5976,278.8793
"Macao SAR, China",MAC,Central bank assets to GDP (%),GFDD.DI.06,..,..,..,..,..,..,..,..,..,..,..,..,..,..,..,..,..,..,..,..,..,..,..,..,3.529243,2.825149,0.9025006,0.6000893,0.4330816,0.3137507,0.2069892,0.1974252,0.1271089,0.2937463,0.1337606,0.1232589,0.1495435,0.1984093,0.2642059,0.3648143,0.3468888,..,..,..,..,..,..,..,..,..,..,..,..,..,..,..,..,..,..,..,..,..
"Macao SAR, China",MAC,Credit card (% age 15+),GFDD.AI.20,..,..,..,..,..,..,..,..,..,..,..,..,..,..,..,..,..,..,..,..,..,..,..,..,..,..,..,..,..,..,..,..,..,..,..,..,..,..,..,..,..,..,..,..,..,..,..,..,..,..,..,..,..,..,..,..,..,..,..,..,..,..
"Macao SAR, China",MAC,Credit to government and state-owned enterprises to GDP (%),GFDD.EI.08,..,..,..,..,..,..,..,..,..,..,..,..,..,..,..,..,..,..,..,..,..,..,..,..,..,..,0.9352518,0.7771906,0.5172007,0.2919153,0.9534367,0.7623016,0.7180151,0.4785993,0.286689,0.1282727,..,0.0005213,0.0040854,..,..,..,..,..,..,..,..,..,..,..,..,..,..,..,..,..,..,..,..,..,..,..
"Macao SAR, China",MAC,Credit flows by fintech and bigtech companies to GDP (%),GFDD.DM.16,..,..,..,..,..,..,..,..,..,..,..,..,..,..,..,..,..,..,..,..,..,..,..,..,..,..,..,..,..,..,..,..,..,..,..,..,..,..,..,..,..,..,..,..,..,..,..,..,..,..,..,..,..,..,..,..,..,..,..,..,..,..
"Macao SAR, China",MAC,Deposit money bank assets to deposit money bank assets and central bank assets (%),GFDD.DI.04,..,..,..,..,..,..,..,..,..,..,..,..,..,..,..,..,..,..,..,..,..,..,..,..,93.69299,95.72036,98.5657,98.95434,99.28514,99.5113,99.67554,99.70334,99.81001,99.63515,99.83166,99.83459,99.8082,99.76534,99.66638,99.54872,99.5203,..,..,..,..,..,..,..,..,..,..,..,..,..,..,..,..,..,..,..,..,..
"Macao SAR, China",MAC,Insurance company assets to GDP (%),GFDD.DI.11,..,..,..,..,..,..,..,..,..,..,..,..,..,..,..,..,..,..,..,..,..,..,..,..,..,..,..,..,..,..,..,..,..,..,..,..,..,..,..,..,..,..,..,..,..,..,..,..,..,..,..,..,..,..,..,..,..,..,..,..,..,..
"Macao SAR, China",MAC,Gross portfolio debt assets to GDP (%),GFDD.DM.11,..,..,..,..,..,..,..,..,..,..,..,..,..,..,..,..,..,..,..,..,..,..,..,..,..,..,..,..,..,..,..,..,..,..,..,..,..,..,..,..,..,..,..,..,..,..,..,..,..,..,..,..,..,..,..,..,..,..,..,..,..,..
"Macao SAR, China",MAC,Liquid liabilities to GDP (%),GFDD.DI.05,..,..,..,..,..,..,..,..,..,..,..,..,..,..,..,..,..,..,..,..,..,..,..,..,75.88724,84.89534,90.20273,91.05256,108.6841,111.5675,117.6863,139.1954,129.6669,120.3196,121.8441,123.6927,130.0113,134.8887,148.6552,164.5321,156.1879,165.7869,166.7838,167.6352,141.3952,139.011,141.7023,125.0194,112.3536,122.9411,107.3979,100.7321,108.5357,107.1021,111.0562,131.2716,147.572,145.9103,145.7898,154.3154,355.8252,286.9243
Madagascar,MDG,Account at a formal financial institution (% age 15+),GFDD.AI.05,..,..,..,..,..,..,..,..,..,..,..,..,..,..,..,..,..,..,..,..,..,..,..,..,..,..,..,..,..,..,..,..,..,..,..,..,..,..,..,..,..,..,..,..,..,..,..,..,..,..,..,5.523223,..,..,5.727489,..,..,9.56967,..,..,..,..
Madagascar,MDG,"Bank accounts per 1,000 adults",GFDD.AI.01,..,..,..,..,..,..,..,..,..,..,..,..,..,..,..,..,..,..,..,..,..,..,..,..,..,..,..,..,..,..,..,..,..,..,..,..,..,..,..,..,..,..,..,..,18.486308,20.026301,21.79238,26.390253,36.853289,39.653695,106.32275,52.261377,53.900506,59.322584,60.12297,73.390048,72.222459,79.757549,86.140305,98.419483,106.78114,..
Madagascar,MDG,Bank deposits to GDP (%),GFDD.OI.02,..,..,5.43028,5.862997,6.183897,6.463602,7.073657,7.981387,8.302877,9.001835,9.232967,9.604072,10.51767,10.04374,9.946888,9.176656,10.9293,11.77833,13.1863,11.82305,9.044218,9.803164,8.257054,6.496614,7.370323,7.671562,8.636515,8.578786,8.051772,9.727751,8.992251,11.51767,12.63887,14.17768,15.22698,11.36006,11.05425,12.23697,11.41114,11.96374,11.70038,12.82343,13.56995,13.59527,14.74438,12.20539,13.52899,14.12424,14.01212,15.35965,14.88391,15.03958,15.08233,14.47769,14.56284,15.23206,15.94467,17.84226,17.24345,17.37362,19.78046,20.05327
Madagascar,MDG,Central bank assets to GDP (%),GFDD.DI.06,..,..,..,..,..,..,..,..,..,..,..,..,..,..,2.219471,3.500618,5.117476,8.090913,13.74734,19.51918,19.71104,21.31721,20.80619,22.25773,24.44797,25.07688,24.86997,25.37967,22.31194,22.00208,18.89783,18.51171,16.23649,14.66266,11.0085,7.887051,6.492584,5.846914,7.118862,6.96832,6.811778,6.622746,6.841612,6.057343,4.050514,3.459394,2.878904,2.502135,1.949453,2.304165,2.065224,2.219541,1.9941,2.049086,3.101592,3.845187,3.590119,3.195021,2.771511,2.260542,4.582173,4.668273
Madagascar,MDG,Credit card (% age 15+),GFDD.AI.20,..,..,..,..,..,..,..,..,..,..,..,..,..,..,..,..,..,..,..,..,..,..,..,..,..,..,..,..,..,..,..,..,..,..,..,..,..,..,..,..,..,..,..,..,..,..,..,..,..,..,..,0,..,..,0.1236636,..,..,0.9611798,..,..,..,..
Madagascar,MDG,Credit to government and state-owned enterprises to GDP (%),GFDD.EI.08,..,..,..,..,..,..,..,..,..,..,..,..,..,..,..,..,..,..,..,..,1.125898,1.315672,1.005272,0.448227,0.4191215,0.3885104,0.3639581,0.3101352,0.3351674,1.5445,1.03994,0.4332753,0.2740096,2.830817,2.319617,1.063058,1.029825,1.64275,1.822025,1.789219,1.935893,3.299978,4.175255,4.558849,2.864183,1.643094,2.948489,3.234608,3.074155,3.689028,3.452181,3.995405,4.591729,3.950236,3.309583,3.246098,3.743946,4.25569,4.510234,4.585709,5.177896,..
Madagascar,MDG,Credit flows by fintech and bigtech companies to GDP (%),GFDD.DM.16,..,..,..,..,..,..,..,..,..,..,..,..,..,..,..,..,..,..,..,..,..,..,..,..,..,..,..,..,..,..,..,..,..,..,..,..,..,..,..,..,..,..,..,..,..,..,..,..,..,..,..,..,..,0,0,0,0,0,0,0,..,..
Madagascar,MDG,Deposit money bank assets to deposit money bank assets and central bank assets (%),GFDD.DI.04,..,..,..,..,..,..,..,..,..,..,..,..,..,..,87.84989,81.74338,75.1189,67.26929,54.94751,48.13866,43.60081,40.66343,39.24923,36.19117,36.1971,37.09156,37.31512,36.90696,35.01601,37.10071,42.43602,44.24723,45.46858,52.92141,57.19474,57.18209,57.78262,62.93053,56.86789,56.35272,57.6901,60.81721,61.29292,66.63515,73.90465,74.55978,78.77698,81.29895,85.92503,84.98438,86.00847,84.7179,86.71094,86.68476,81.35757,78.43435,79.63161,84.08959,86.12075,88.90166,81.92842,82.51485
Madagascar,MDG,Insurance company assets to GDP (%),GFDD.DI.11,..,..,..,..,..,..,..,..,..,..,..,..,..,..,..,..,..,..,..,..,..,..,..,..,..,..,..,..,..,..,..,..,..,..,..,..,..,..,..,..,..,..,..,..,1.6758432,1.0041351,1.0096963,1.0221429,1.1111686,1.5942685,1.67425,1.5974931,1.4750897,1.7149136,1.7649431,1.5004989,1.3719895,1.3308321,1.3303737,..,..,..
Madagascar,MDG,Gross portfolio debt assets to GDP (%),GFDD.DM.11,..,..,..,..,..,..,..,..,..,..,..,..,..,..,..,..,..,..,..,..,..,..,..,..,..,..,..,..,..,..,..,..,..,..,..,..,..,..,..,..,..,..,..,..,..,..,..,..,..,..,..,..,..,..,..,..,..,..,..,..,..,..
Madagascar,MDG,Liquid liabilities to GDP (%),GFDD.DI.05,..,..,15.02505,15.279,15.90145,16.36312,16.4287,17.83825,17.79906,18.05215,18.4899,18.23348,19.97299,19.06129,18.42655,17.71033,19.22103,20.05904,21.18373,19.09069,15.4342,16.25471,13.67882,10.31567,16.13138,16.64434,17.37498,18.20538,16.93852,19.3394,13.95355,17.48402,18.29326,21.04267,22.8916,17.72189,18.01315,20.74053,21.17012,22.65378,22.43129,18.8513,19.94375,20.11014,20.99487,17.31274,18.75015,19.44711,19.12474,20.73451,20.51612,21.35745,21.05235,20.34306,20.60148,21.60253,15.94629,25.55287,25.20756,23.9142,26.9539,27.61478
Malawi,MWI,Account at a formal financial institution (% age 15+),GFDD.AI.05,..,..,..,..,..,..,..,..,..,..,..,..,..,..,..,..,..,..,..,..,..,..,..,..,..,..,..,..,..,..,..,..,..,..,..,..,..,..,..,..,..,..,..,..,..,..,..,..,..,..,..,16.54061,..,..,16.13567,..,..,22.99128,..,..,..,20.22171
Malawi,MWI,"Bank accounts per 1,000 adults",GFDD.AI.01,..,..,..,..,..,..,..,..,..,..,..,..,..,..,..,..,..,..,..,..,..,..,..,..,..,..,..,..,..,..,..,..,..,..,..,..,..,..,..,..,..,..,..,..,..,..,..,128.27364,..,165.2421,190.06419,192.18135,212.75847,247.04639,..,106.24317,181.70104,148.32464,178.87126,169.66832,..,..
Malawi,MWI,Bank deposits to GDP (%),GFDD.OI.02,..,..,..,..,..,9.993898,10.09677,10.86489,11.64464,12.69526,13.9653,13.43906,13.83963,16.90495,18.05612,17.04474,14.96029,15.76181,17.08992,15.76958,6.34788,7.413198,7.43193,6.742291,7.718374,6.633143,7.307193,8.416933,7.28018,6.240711,6.589524,6.051783,6.811628,6.669648,7.87456,6.04926,5.355738,4.242911,5.789053,5.069833,5.67067,6.136481,5.840311,6.354048,6.651844,6.897953,6.189285,7.472087,10.86466,11.90823,13.63359,15.42515,15.65701,15.74917,14.31802,14.83785,13.53119,..,..,..,..,..
Malawi,MWI,Central bank assets to GDP (%),GFDD.DI.06,..,..,..,..,..,0.2776083,0.9881721,0.9089048,1.820362,2.311061,1.081784,0.6182477,2.016897,1.83022,1.730444,9.059278,8.955392,5.838599,6.372923,8.621515,3.787001,6.752274,8.215718,8.834284,6.640634,7.306801,8.25531,9.067252,5.912403,5.636887,4.528121,3.918645,5.829901,4.834764,5.567515,2.671608,1.020514,0.995483,2.951058,1.482405,0.2996753,2.042199,3.552224,3.340603,3.562733,3.753479,1.857209,2.697751,8.30485,8.94846,6.980234,8.090053,6.556393,6.560851,2.984865,4.298368,8.248419,..,..,..,..,..
Malawi,MWI,Credit card (% age 15+),GFDD.AI.20,..,..,..,..,..,..,..,..,..,..,..,..,..,..,..,..,..,..,..,..,..,..,..,..,..,..,..,..,..,..,..,..,..,..,..,..,..,..,..,..,..,..,..,..,..,..,..,..,..,..,..,1.384186,..,..,1.527817,..,..,1.294422,..,..,..,0.965514
Malawi,MWI,Credit to government and state-owned enterprises to GDP (%),GFDD.EI.08,..,..,..,..,..,..,..,..,..,..,..,..,..,..,..,..,..,..,..,..,4.741916,4.275607,4.319444,3.639318,6.951389,7.437143,6.290708,5.642953,3.311538,2.583861,2.46306,2.517662,2.714383,5.370631,4.217895,4.917333,6.1408,3.699686,2.893205,3.647143,3.50348,2.66815,2.769771,3.596333,2.908472,2.92672,2.450967,3.877338,4.537632,3.924318,3.251671,5.143442,3.750891,4.145785,3.6052,4.171277,3.602009,..,..,..,..,..
Malawi,MWI,Credit flows by fintech and bigtech companies to GDP (%),GFDD.DM.16,..,..,..,..,..,..,..,..,..,..,..,..,..,..,..,..,..,..,..,..,..,..,..,..,..,..,..,..,..,..,..,..,..,..,..,..,..,..,..,..,..,..,..,..,..,..,..,..,..,..,..,..,..,0,0,0,0,0,0,0,..,..
Malawi,MWI,Deposit money bank assets to deposit money bank assets and central bank assets (%),GFDD.DI.04,..,..,..,..,..,96.55851,90.53211,93.1954,86.43295,83.4903,92.18816,95.57666,87.04438,87.3187,89.26743,63.50715,67.22187,75.89613,77.55363,75.23442,71.37158,56.69926,52.19965,49.75607,55.62587,50.73003,45.83657,38.30024,43.35524,46.21024,55.22119,57.9217,53.46362,53.82616,53.10332,62.30645,80.32079,75.17635,56.31573,69.87358,92.56343,61.30761,52.44876,58.87381,56.76894,56.87318,74.28358,71.12331,53.86263,54.01415,63.47693,62.61225,66.50012,64.24564,78.12414,72.99092,54.51242,..,..,..,..,..
Malawi,MWI,Insurance company assets to GDP (%),GFDD.DI.11,..,..,..,..,..,..,..,..,..,..,..,..,..,..,..,..,..,..,..,..,..,..,..,..,..,..,..,..,..,..,..,..,..,..,..,..,..,..,..,..,..,..,..,..,..,..,5.7935982,8.2394258,7.9520451,7.7832548,6.9345965,6.3364352,6.7692548,9.4187743,9.6690205,9.6081962,9.5059306,8.0434446,9.4386889,9.7227685,9.9707531,..
Malawi,MWI,Gross portfolio debt assets to GDP (%),GFDD.DM.11,..,..,..,..,..,..,..,..,..,..,..,..,..,..,..,..,..,..,..,..,..,..,..,..,..,..,..,..,..,..,..,..,..,..,..,..,..,..,..,..,..,..,..,..,..,..,..,..,..,..,..,..,..,..,..,..,..,..,..,..,..,..
Malawi,MWI,Liquid liabilities to GDP (%),GFDD.DI.05,..,..,..,..,20.75485,17.70104,18.24785,19.80092,20.65737,21.97517,23.24411,22.07839,22.898,27.26319,29.00737,27.31433,22.53529,24.54038,23.82078,22.37502,8.943765,10.11963,10.45508,9.932146,10.89271,8.59543,10.8306,12.49403,10.37118,8.974681,9.004799,8.944304,9.890676,9.947801,11.6679,8.684201,7.520563,6.129355,8.34999,8.343176,8.917638,9.542171,8.929534,9.830302,10.55238,11.17265,10.31099,12.6236,13.26409,14.14239,15.71295,17.82053,18.27604,18.43311,17.02965,17.29313,16.16093,..,..,..,..,..
Malaysia,MYS,Account at a formal financial institution (% age 15+),GFDD.AI.05,..,..,..,..,..,..,..,..,..,..,..,..,..,..,..,..,..,..,..,..,..,..,..,..,..,..,..,..,..,..,..,..,..,..,..,..,..,..,..,..,..,..,..,..,..,..,..,..,..,..,..,66.17381,..,..,80.67462,..,..,85.13003,..,..,..,88.16534
Malaysia,MYS,"Bank accounts per 1,000 adults",GFDD.AI.01,..,..,..,..,..,..,..,..,..,..,..,..,..,..,..,..,..,..,..,..,..,..,..,..,..,..,..,..,..,..,..,..,..,..,..,..,..,..,..,..,..,..,..,..,..,..,..,..,..,..,..,..,..,735.04465,766.63978,771.58949,755.22031,708.83829,705.24087,708.40943,705.85209,714.39716
Malaysia,MYS,Bank deposits to GDP (%),GFDD.OI.02,15.53017,17.31364,17.65954,16.78813,16.34298,17.59006,18.79248,20.78263,26.06474,29.49189,31.83278,33.73447,37.77074,37.70283,50.2428,60.57765,61.29607,61.43444,63.1959,64.57199,69.36314,80.19961,86.16982,90.31855,94.37524,106.0405,130.257,117.1111,111.2237,119.9782,54.88734,57.30137,91.19444,102.0156,98.52185,103.3107,104.5949,110.2482,114.0695,122.1386,112.8513,126.0609,119.8852,120.0191,117.6996,109.1722,111.4303,111.8813,107.8416,128.4448,120.1073,124.5906,127.8656,131.0874,127.98,124.3711,119.7394,113.3701,115.6057,114.0213,126.4027,122.5862
Malaysia,MYS,Central bank assets to GDP (%),GFDD.DI.06,0.1431981,0.1975266,0.2154399,0.4567933,0.4592647,0.7259668,0.8635561,1.445401,1.005395,1.092886,1.047426,0.9911231,1.203938,1.480532,1.107708,1.992208,1.155421,1.306122,1.017526,1.598311,3.152623,1.228369,3.196697,5.003407,6.044752,3.18562,2.874263,2.41845,2.342968,1.453061,2.251577,1.192238,0.6440716,1.016586,0.8091128,1.223339,6.062342,6.031299,7.04141,8.276888,8.786142,8.175417,2.240871,1.878159,1.655814,1.245569,0.9657356,0.9352255,0.4716984,0.5359823,0.3635635,0.2921688,0.2949859,0.2886051,0.2718249,0.2013112,0.3856537,0.3482644,0.2644749,0.1595873,0.8188756,0.8197618
Malaysia,MYS,Credit card (% age 15+),GFDD.AI.20,..,..,..,..,..,..,..,..,..,..,..,..,..,..,..,..,..,..,..,..,..,..,..,..,..,..,..,..,..,..,..,..,..,..,..,..,..,..,..,..,..,..,..,..,..,..,..,..,..,..,..,11.91618,..,..,20.15461,..,..,21.31486,..,..,..,7.889512
Malaysia,MYS,Credit to government and state-owned enterprises to GDP (%),GFDD.EI.08,..,..,..,..,..,..,..,..,..,..,..,..,..,..,..,..,..,..,..,..,23.78373,27.09892,29.21802,30.81058,31.0482,35.47388,42.74497,47.57453,46.74603,44.17094,9.275145,8.409437,9.464512,7.670881,6.640674,5.439226,5.805398,6.845293,9.553944,8.485868,7.949414,8.505836,7.84107,8.217636,8.335369,6.776632,6.462083,5.514824,9.385311,15.01279,13.995,13.48093,13.56968,14.42289,16.06389,15.25139,15.69619,16.20892,19.8101,19.5131,24.80686,..
Malaysia,MYS,Credit flows by fintech and bigtech companies to GDP (%),GFDD.DM.16,..,..,..,..,..,..,..,..,..,..,..,..,..,..,..,..,..,..,..,..,..,..,..,..,..,..,..,..,..,..,..,..,..,..,..,..,..,..,..,..,..,..,..,..,..,..,..,..,..,..,..,..,..,0,0,0,0.0003319,0.0342074,0.0702692,0.1463714,..,..
Malaysia,MYS,Deposit money bank assets to deposit money bank assets and central bank assets (%),GFDD.DI.04,98.55273,98.42358,98.34628,96.79188,96.52367,95.19491,95.40453,93.8481,96.41496,96.32726,96.69415,97.08235,96.7205,96.23743,97.9807,97.01556,98.22823,98.07903,98.51977,97.72308,96.01179,98.61356,96.73285,95.37469,94.73723,97.55178,98.09707,98.30924,98.31394,98.99438,97.24126,98.58256,99.45971,99.11662,99.30817,99.06834,95.97881,96.41802,95.86522,94.80048,93.90585,94.34898,98.30407,98.54878,98.6468,98.91347,99.13171,99.13511,99.55878,99.58031,99.701,99.76115,99.76974,99.78576,99.80173,99.85467,99.72057,99.73949,99.81155,99.88642,99.48733,99.46713
Malaysia,MYS,Insurance company assets to GDP (%),GFDD.DI.11,..,..,..,..,..,..,..,..,..,..,..,..,..,..,..,..,..,..,..,..,..,..,..,..,..,..,..,..,..,..,7.4338431,..,..,..,..,..,..,..,..,..,..,..,15.967458,16.840132,16.822015,16.972835,17.352904,17.565295,16.2361,19.906573,19.948434,19.283962,19.859499,20.582498,19.897573,20.311893,19.645506,19.326646,18.8264,19.4211,22.223295,..
Malaysia,MYS,Gross portfolio debt assets to GDP (%),GFDD.DM.11,..,..,..,..,..,..,..,..,..,..,..,..,..,..,..,..,..,..,..,..,..,..,..,..,..,..,..,..,..,..,..,..,..,..,..,..,..,..,..,..,..,0.6640521,1.090407,1.171905,1.171601,1.641725,1.618289,1.379006,1.908727,3.610224,4.192346,4.515265,5.59181,6.020532,6.526103,7.186598,7.811867,7.893044,5.61905,6.436369,7.481109,..
Malaysia,MYS,Liquid liabilities to GDP (%),GFDD.DI.05,28.20491,30.34181,30.60225,26.73217,26.25382,30.2895,28.69583,28.94489,34.38156,38.24033,40.90456,42.70938,47.75949,47.92768,59.84994,71.22291,71.31707,71.72542,73.25555,73.87881,80.64156,89.42738,95.76022,99.15067,102.1046,115.1362,140.7618,127.0272,121.0794,129.4822,64.37711,66.3088,102.2232,113.0341,111.039,115.6298,120.1252,125.5068,125.1519,132.1212,122.6989,135.3061,129.369,127.9944,126.3368,117.1615,118.9873,117.9045,113.4073,139.1656,129.6452,133.8901,136.8038,140.0929,137.1028,132.813,128.5837,122.5343,125.1048,123.0736,137.7731,133.2789
Maldives,MDV,Account at a formal financial institution (% age 15+),GFDD.AI.05,..,..,..,..,..,..,..,..,..,..,..,..,..,..,..,..,..,..,..,..,..,..,..,..,..,..,..,..,..,..,..,..,..,..,..,..,..,..,..,..,..,..,..,..,..,..,..,..,..,..,..,..,..,..,..,..,..,79.44497,..,..,..,..
Maldives,MDV,"Bank accounts per 1,000 adults",GFDD.AI.01,..,..,..,..,..,..,..,..,..,..,..,..,..,..,..,..,..,..,..,..,..,..,..,..,..,..,..,..,..,..,..,..,..,..,..,..,..,..,..,..,..,..,..,..,641.33221,713.40912,770.72104,850.16155,911.08779,973.77071,978.93358,1073.625,1003.3485,990.05394,1196.387,976.76008,984.93858,944.78917,971.70471,986.12565,975.75685,..
Maldives,MDV,Bank deposits to GDP (%),GFDD.OI.02,..,..,..,..,..,..,..,..,..,..,..,..,..,..,..,..,..,..,..,..,21.665,16.07128,17.86471,16.64655,12.6987,10.92335,14.4385,14.0813,14.42333,14.98173,14.25831,15.26283,13.64443,17.58598,19.03945,20.51937,25.25354,28.32813,33.80827,32.50087,31.65961,25.16928,28.89561,28.4184,32.61611,38.5012,34.43283,36.66777,36.95187,40.90046,43.17224,42.31988,40.32923,41.2243,43.10711,43.92109,41.22009,39.77084,36.8093,38.30955,65.95155,65.38271
Maldives,MDV,Central bank assets to GDP (%),GFDD.DI.06,..,..,..,..,..,..,..,..,..,..,..,..,..,..,..,..,..,..,..,..,44.58827,45.23898,45.45068,41.05617,23.99145,28.12107,28.56268,23.7372,16.41968,17.9871,15.71861,19.51101,20.85191,26.05373,24.37729,23.09321,18.77815,15.38201,16.16471,16.70615,19.19562,14.92815,14.89102,11.30735,8.259179,11.91668,7.97885,7.666129,11.56563,14.05034,11.85511,9.688252,11.30394,12.37837,11.33716,10.23729,12.62331,10.60666,8.536868,7.147593,16.33253,12.91721
Maldives,MDV,Credit card (% age 15+),GFDD.AI.20,..,..,..,..,..,..,..,..,..,..,..,..,..,..,..,..,..,..,..,..,..,..,..,..,..,..,..,..,..,..,..,..,..,..,..,..,..,..,..,..,..,..,..,..,..,..,..,..,..,..,..,..,..,..,..,..,..,13.82295,..,..,..,..
Maldives,MDV,Credit to government and state-owned enterprises to GDP (%),GFDD.EI.08,..,..,..,..,..,..,..,..,..,..,..,..,..,..,..,..,..,..,..,..,8.599505,11.08953,7.689337,9.423347,8.25663,9.405754,8.055728,7.615442,6.932771,10.66441,7.285297,6.328601,5.080668,4.778115,3.098659,2.935563,2.374137,1.351456,1.983755,2.176803,1.941555,..,..,0.8500625,1.718367,3.362578,4.477968,6.570695,7.484935,15.82465,18.50483,16.93477,14.23599,11.94754,12.7458,14.67419,17.15205,15.08389,13.76297,15.48861,31.89179,..
Maldives,MDV,Credit flows by fintech and bigtech companies to GDP (%),GFDD.DM.16,..,..,..,..,..,..,..,..,..,..,..,..,..,..,..,..,..,..,..,..,..,..,..,..,..,..,..,..,..,..,..,..,..,..,..,..,..,..,..,..,..,..,..,..,..,..,..,..,..,..,..,..,..,..,..,..,..,..,..,..,..,..
Maldives,MDV,Deposit money bank assets to deposit money bank assets and central bank assets (%),GFDD.DI.04,..,..,..,..,..,..,..,..,..,..,..,..,..,..,..,..,..,..,..,..,28.55358,42.39558,48.29782,53.07031,57.71225,51.85405,48.4391,47.97995,52.40793,55.82454,56.30073,46.0956,40.14053,38.64736,39.06528,42.93863,46.48658,54.46506,57.93176,56.3644,52.99336,55.8308,57.53708,60.83491,74.64166,77.1199,84.96962,88.25529,84.56297,82.79639,84.44138,85.39394,80.58895,76.74139,77.56686,80.13429,77.99986,80.33906,83.14143,86.13388,83.44756,84.6367
Maldives,MDV,Insurance company assets to GDP (%),GFDD.DI.11,..,..,..,..,..,..,..,..,..,..,..,..,..,..,..,..,..,..,..,..,..,..,..,..,..,..,..,..,..,..,..,..,..,..,..,..,..,..,..,..,..,..,..,..,..,..,..,..,..,..,..,..,..,..,..,..,..,..,..,..,..,..
Maldives,MDV,Gross portfolio debt assets to GDP (%),GFDD.DM.11,..,..,..,..,..,..,..,..,..,..,..,..,..,..,..,..,..,..,..,..,..,..,..,..,..,..,..,..,..,..,..,..,..,..,..,..,..,..,..,..,..,..,..,..,..,..,..,..,..,..,..,..,..,..,..,..,..,..,..,..,..,..
Maldives,MDV,Liquid liabilities to GDP (%),GFDD.DI.05,..,..,..,..,..,..,..,..,..,..,..,..,..,..,..,..,..,..,..,..,44.57642,46.38065,40.56474,33.63503,23.51295,26.0422,29.04958,25.32108,25.45522,26.37195,26.08787,26.67966,24.99286,28.94925,30.74333,31.16288,34.82154,38.05449,44.04418,41.79499,41.09112,30.91926,34.28008,33.47011,33.30608,39.1795,34.86461,37.86959,36.80858,40.56536,43.70816,43.07776,40.59979,41.50588,43.3202,43.74387,41.44748,39.67382,36.35865,37.72027,64.62844,64.04658
Mali,MLI,Account at a formal financial institution (% age 15+),GFDD.AI.05,..,..,..,..,..,..,..,..,..,..,..,..,..,..,..,..,..,..,..,..,..,..,..,..,..,..,..,..,..,..,..,..,..,..,..,..,..,..,..,..,..,..,..,..,..,..,..,..,..,..,..,8.213853,..,..,13.25341,..,..,18.15394,..,..,..,28.44291
Mali,MLI,"Bank accounts per 1,000 adults",GFDD.AI.01,..,..,..,..,..,..,..,..,..,..,..,..,..,..,..,..,..,..,..,..,..,..,..,..,..,..,..,..,..,..,..,..,..,..,..,..,..,..,..,..,..,..,..,..,54.865664,57.122695,84.035108,71.253845,90.428332,86.635773,97.399827,124.58427,154.72491,144.17794,146.01261,137.84696,142.98267,163.98375,173.66242,174.70309,180.98724,..
Mali,MLI,Bank deposits to GDP (%),GFDD.OI.02,..,..,..,..,..,..,..,3.563424,4.952659,4.342256,4.304008,4.158933,4.496865,4.680473,8.783611,7.319471,5.911001,5.397908,7.353848,6.32033,5.850128,5.583624,6.126221,7.415056,11.82152,10.15265,10.1775,10.43576,11.5978,11.40399,11.27658,10.93066,11.75722,12.17748,11.77747,10.37039,12.16951,12.83896,11.57867,11.30077,12.34787,12.11637,13.95977,16.26792,17.0769,15.02808,15.66705,17.01501,15.58817,17.4712,18.38775,17.46338,18.86505,19.9452,21.47984,23.5208,22.35688,21.77793,23.55886,23.28216,27.05879,30.5753
Mali,MLI,Central bank assets to GDP (%),GFDD.DI.06,..,..,..,..,..,..,..,28.64757,20.58027,20.88515,19.45854,19.05335,17.62461,19.22452,20.95713,17.72153,15.5684,17.99755,18.25233,15.85239,14.88488,14.55568,17.86757,18.8177,8.764744,8.189784,7.614569,7.446634,8.063836,6.055004,4.578127,4.066986,4.546242,4.736688,4.733758,4.598662,4.781247,5.955638,5.48105,5.329726,5.177462,5.351114,4.6206,4.30204,3.558174,2.673016,0.6907817,0.583836,0.7623719,1.706082,1.554591,1.710065,1.641288,1.770238,1.563798,1.375415,1.504214,1.502344,2.029606,1.901591,3.16496,4.482623
Mali,MLI,Credit card (% age 15+),GFDD.AI.20,..,..,..,..,..,..,..,..,..,..,..,..,..,..,..,..,..,..,..,..,..,..,..,..,..,..,..,..,..,..,..,..,..,..,..,..,..,..,..,..,..,..,..,..,..,..,..,..,..,..,..,0.6026066,..,..,0.6958239,..,..,6.660806,..,..,..,5.977247
Mali,MLI,Credit to government and state-owned enterprises to GDP (%),GFDD.EI.08,..,..,..,..,..,..,..,..,..,..,..,..,..,..,..,..,..,..,..,..,0.247024,0.2416819,0.2322512,0.2201951,0.4197556,0.4094164,0.4977963,0.4080473,0.607954,0.3208932,0.436725,0.2779064,0.3794667,0.3612941,1.996112,1.174556,1.382114,1.136729,0.6941991,0.6595443,0.8484406,2.371071,2.556881,3.051529,2.878765,4.291246,3.738584,4.001039,3.079153,3.290756,3.154489,3.554091,3.153553,4.220724,6.367249,6.691159,8.275904,7.666602,8.230922,9.063898,10.65371,..
Mali,MLI,Credit flows by fintech and bigtech companies to GDP (%),GFDD.DM.16,..,..,..,..,..,..,..,..,..,..,..,..,..,..,..,..,..,..,..,..,..,..,..,..,..,..,..,..,..,..,..,..,..,..,..,..,..,..,..,..,..,..,..,..,..,..,..,..,..,..,..,..,..,0,0,0,0,0,0,0,..,..
Mali,MLI,Deposit money bank assets to deposit money bank assets and central bank assets (%),GFDD.DI.04,..,..,..,..,..,..,..,6.253018,27.83272,38.73859,41.09948,42.85045,46.51937,49.04271,56.94187,62.36722,64.00703,53.72807,57.06167,58.85922,60.012,59.24148,55.1034,52.49423,60.67411,62.62386,67.81101,67.701,58.81576,67.26145,72.08947,72.01294,71.88821,70.3518,65.78036,69.67987,71.70739,68.4924,71.41418,72.69514,73.46375,74.96265,79.49063,82.90774,85.52599,87.69591,96.64066,97.17092,96.08325,91.66951,92.33565,92.05177,92.37011,92.72751,94.46266,95.47099,95.83913,95.71501,94.32228,94.63261,92.09,89.92728
Mali,MLI,Insurance company assets to GDP (%),GFDD.DI.11,..,..,..,..,..,..,..,..,..,..,..,..,..,..,..,..,..,..,..,..,..,..,..,..,..,..,..,..,..,..,..,..,..,..,..,..,..,..,..,..,..,..,..,0.56667239,0.59650939,0.49829162,0.50442966,0.47654165,0.45404824,0.45518825,0.49417492,0.51629599,0.53797187,0.54727867,0.64461028,0.62186047,0.63996842,0.69454262,0.61701794,..,..,..
Mali,MLI,Gross portfolio debt assets to GDP (%),GFDD.DM.11,..,..,..,..,..,..,..,..,..,..,..,..,..,..,..,..,..,..,..,..,..,..,..,..,..,..,..,..,..,..,..,..,..,..,..,..,..,..,..,1.426045,0.8998411,0.9973251,1.015049,2.061413,1.657362,0.9439093,1.698728,0.9231074,2.234546,2.762407,6.817224,2.994194,2.580968,3.083538,5.169346,7.254197,5.757716,6.106049,5.574127,..,..,..
Mali,MLI,Liquid liabilities to GDP (%),GFDD.DI.05,..,..,..,..,..,..,..,18.2133,13.83572,13.81102,13.71701,13.49172,13.38093,14.20896,20.92436,18.26919,16.15255,16.21505,18.66134,17.71166,16.891,15.47118,16.49596,17.6466,21.78982,20.39756,21.09554,20.67798,21.77093,20.40044,18.15668,17.99785,19.19291,19.69907,19.13097,17.97654,19.67644,20.58471,18.60398,17.14488,19.42005,19.17873,23.09817,28.75457,26.65899,25.50913,25.20444,25.32162,22.88604,23.814,24.29542,24.25126,26.96746,27.74384,27.64502,28.89003,27.80104,27.01606,29.02747,29.62491,36.7383,40.4065
Malta,MLT,Account at a formal financial institution (% age 15+),GFDD.AI.05,..,..,..,..,..,..,..,..,..,..,..,..,..,..,..,..,..,..,..,..,..,..,..,..,..,..,..,..,..,..,..,..,..,..,..,..,..,..,..,..,..,..,..,..,..,..,..,..,..,..,..,95.27007,..,..,96.328,..,..,97.36291,..,..,..,96.44681
Malta,MLT,"Bank accounts per 1,000 adults",GFDD.AI.01,..,..,..,..,..,..,..,..,..,..,..,..,..,..,..,..,..,..,..,..,..,..,..,..,..,..,..,..,..,..,..,..,..,..,..,..,..,..,..,..,..,..,..,..,..,..,..,..,..,..,907.00064,954.35618,1000.2118,1143.7067,1239.2943,1962.6204,1870.9184,1832.3734,1279.9393,1257.9984,1531.8396,1539.5542
Malta,MLT,Bank deposits to GDP (%),GFDD.OI.02,..,..,..,..,..,..,..,..,..,..,101.2354,109.6119,112.7499,101.7683,96.98672,90.6474,88.43774,78.85385,76.64631,70.22977,61.02876,58.33159,58.17707,62.87662,66.97726,73.04753,74.65434,76.41856,77.92326,81.89069,86.67858,87.35207,91.78198,96.58035,103.9091,101.6765,108.9595,114.635,118.468,124.765,119.9431,126.7915,134.109,129.1696,128.8506,115.3177,118.0101,132.1591,130.0531,129.6278,123.6094,124.1515,123.0677,124.0078,146.7725,145.4323,146.8404,138.056,69.14959,61.13752,147.221,140.6088
Malta,MLT,Central bank assets to GDP (%),GFDD.DI.06,..,..,..,..,..,..,..,..,..,..,6.866059,4.843479,1.821397,0.182015,0.2572903,0.0328542,3.907418,0.0140055,0.0127506,0.0055721,0.0358919,0.0374324,0.0459924,0.1231852,0.132291,0.0480531,0.0524861,0.6810926,0.2773262,0.3895248,2.743367,6.54352,6.464622,1.745396,3.46109,5.156257,5.391021,4.040643,1.561103,0.3742025,0.5147412,0.3152872,0.2212617,0.4766739,1.094374,0.5175167,1.405515,3.611745,4.453579,3.517133,4.116903,5.056612,4.190124,4.260137,4.629589,7.432446,10.62505,10.28391,9.594891,8.734908,11.11281,11.68558
Malta,MLT,Credit card (% age 15+),GFDD.AI.20,..,..,..,..,..,..,..,..,..,..,..,..,..,..,..,..,..,..,..,..,..,..,..,..,..,..,..,..,..,..,..,..,..,..,..,..,..,..,..,..,..,..,..,..,..,..,..,..,..,..,..,52.90827,..,..,41.82716,..,..,47.10956,..,..,..,42.47502
Malta,MLT,Credit to government and state-owned enterprises to GDP (%),GFDD.EI.08,..,..,..,..,..,..,..,..,..,..,..,..,..,..,..,..,..,..,..,..,1.754072,1.65688,1.600574,1.619629,1.637688,1.64395,1.532194,3.197237,4.741364,4.798184,4.971031,3.839324,3.485604,5.912689,5.14748,4.89594,6.122207,8.708249,10.79366,12.09058,11.22348,12.85525,12.19805,13.85307,13.50206,28.218,22.81507,22.81549,21.69617,27.3605,26.65479,29.01278,26.95228,27.01506,23.99092,21.84719,17.48916,14.60775,11.78771,11.17628,17.34211,..
Malta,MLT,Credit flows by fintech and bigtech companies to GDP (%),GFDD.DM.16,..,..,..,..,..,..,..,..,..,..,..,..,..,..,..,..,..,..,..,..,..,..,..,..,..,..,..,..,..,..,..,..,..,..,..,..,..,..,..,..,..,..,..,..,..,..,..,..,..,..,..,..,..,..,..,..,..,..,..,..,..,..
Malta,MLT,Deposit money bank assets to deposit money bank assets and central bank assets (%),GFDD.DI.04,..,..,..,..,..,..,..,..,..,..,89.29834,92.96455,97.19483,99.67565,99.51249,99.92053,90.03092,99.95454,99.9551,99.98041,99.88538,99.88603,99.87551,99.72288,99.73154,99.91084,99.90728,98.94019,99.60104,99.47726,96.78765,92.93978,93.17411,98.26224,96.62063,94.84811,95.15156,96.53335,98.72546,99.71091,99.60059,99.77099,99.83313,99.61994,99.16241,99.58936,98.92353,97.31959,96.84255,97.69975,97.18924,96.68964,97.03581,96.80632,96.30121,93.50741,90.32715,89.6408,89.77771,90.45061,89.93903,89.04354
Malta,MLT,Insurance company assets to GDP (%),GFDD.DI.11,..,..,..,..,..,..,..,..,..,..,..,..,..,..,..,..,..,..,..,..,..,..,..,..,..,..,..,..,..,..,..,..,..,..,..,..,..,..,..,..,..,..,..,..,..,..,..,..,..,..,..,..,..,..,..,..,92.280874,88.648243,79.837438,99.449676,110.56361,..
Malta,MLT,Gross portfolio debt assets to GDP (%),GFDD.DM.11,..,..,..,..,..,..,..,..,..,..,..,..,..,..,..,..,..,..,..,..,..,..,..,..,..,..,..,..,..,..,..,..,..,..,..,..,..,..,..,20.09096,27.95138,30.51357,38.93618,51.67354,64.24933,74.294,87.79889,77.64236,144.5756,197.4845,240.9424,247.1643,303.3261,269.2652,296.4112,240.5514,195.2163,180.6111,118.7446,102.8106,113.4018,..
Malta,MLT,Liquid liabilities to GDP (%),GFDD.DI.05,..,..,..,..,..,..,..,..,..,..,146.3343,163.0127,174.411,164.4144,157.701,150.2706,145.646,134.5282,132.4516,127.2782,114.535,113.9599,113.627,122.3247,126.1165,128.6161,127.1051,129.8775,127.779,127.2735,129.1831,128.2579,129.5607,132.9235,139.6115,134.6382,139.4132,141.8496,144.0681,150.5002,143.899,150.8474,157.9786,152.9056,153.1171,137.799,138.6092,143.1522,144.724,143.296,137.3976,139.64,142.0621,146.7952,167.7311,162.2543,168.6557,156.5889,151.8328,147.9879,172.2455,169.1319
Marshall Islands,MHL,Account at a formal financial institution (% age 15+),GFDD.AI.05,..,..,..,..,..,..,..,..,..,..,..,..,..,..,..,..,..,..,..,..,..,..,..,..,..,..,..,..,..,..,..,..,..,..,..,..,..,..,..,..,..,..,..,..,..,..,..,..,..,..,..,..,..,..,..,..,..,..,..,..,..,..
Marshall Islands,MHL,"Bank accounts per 1,000 adults",GFDD.AI.01,..,..,..,..,..,..,..,..,..,..,..,..,..,..,..,..,..,..,..,..,..,..,..,..,..,..,..,..,..,..,..,..,..,..,..,..,..,..,..,..,..,..,..,..,..,..,..,..,..,..,..,..,..,..,..,..,..,..,..,..,..,..
Marshall Islands,MHL,Bank deposits to GDP (%),GFDD.OI.02,..,..,..,..,..,..,..,..,..,..,..,..,..,..,..,..,..,..,..,..,..,..,..,..,..,..,..,..,..,..,..,..,..,..,..,..,..,..,..,..,..,..,..,..,..,..,..,..,..,..,..,..,..,..,..,..,..,..,..,..,..,..
Marshall Islands,MHL,Central bank assets to GDP (%),GFDD.DI.06,..,..,..,..,..,..,..,..,..,..,..,..,..,..,..,..,..,..,..,..,..,..,..,..,..,..,..,..,..,..,..,..,..,..,..,..,..,..,..,..,..,..,..,..,..,..,..,..,..,..,..,..,..,..,..,..,..,..,..,..,..,..
Marshall Islands,MHL,Credit card (% age 15+),GFDD.AI.20,..,..,..,..,..,..,..,..,..,..,..,..,..,..,..,..,..,..,..,..,..,..,..,..,..,..,..,..,..,..,..,..,..,..,..,..,..,..,..,..,..,..,..,..,..,..,..,..,..,..,..,..,..,..,..,..,..,..,..,..,..,..
Marshall Islands,MHL,Credit to government and state-owned enterprises to GDP (%),GFDD.EI.08,..,..,..,..,..,..,..,..,..,..,..,..,..,..,..,..,..,..,..,..,..,..,..,..,..,..,..,..,..,..,..,..,..,..,..,..,..,..,..,..,..,..,..,..,..,..,..,..,..,..,..,..,..,..,..,..,..,..,..,..,..,..
Marshall Islands,MHL,Credit flows by fintech and bigtech companies to GDP (%),GFDD.DM.16,..,..,..,..,..,..,..,..,..,..,..,..,..,..,..,..,..,..,..,..,..,..,..,..,..,..,..,..,..,..,..,..,..,..,..,..,..,..,..,..,..,..,..,..,..,..,..,..,..,..,..,..,..,..,..,..,..,..,..,..,..,..
Marshall Islands,MHL,Deposit money bank assets to deposit money bank assets and central bank assets (%),GFDD.DI.04,..,..,..,..,..,..,..,..,..,..,..,..,..,..,..,..,..,..,..,..,..,..,..,..,..,..,..,..,..,..,..,..,..,..,..,..,..,..,..,..,..,..,..,..,..,..,..,..,..,..,..,..,..,..,..,..,..,..,..,..,..,..
Marshall Islands,MHL,Insurance company assets to GDP (%),GFDD.DI.11,..,..,..,..,..,..,..,..,..,..,..,..,..,..,..,..,..,..,..,..,..,..,..,..,..,..,..,..,..,..,..,..,..,..,..,..,..,..,..,..,..,..,..,..,..,..,..,..,..,..,..,..,..,..,..,..,..,..,..,..,..,..
Marshall Islands,MHL,Gross portfolio debt assets to GDP (%),GFDD.DM.11,..,..,..,..,..,..,..,..,..,..,..,..,..,..,..,..,..,..,..,..,..,..,..,..,..,..,..,..,..,..,..,..,..,..,..,..,..,..,..,..,..,..,..,..,..,..,..,..,..,..,..,..,..,..,..,..,..,..,..,..,..,..
Marshall Islands,MHL,Liquid liabilities to GDP (%),GFDD.DI.05,..,..,..,..,..,..,..,..,..,..,..,..,..,..,..,..,..,..,..,..,..,..,..,..,..,..,..,..,..,..,..,..,..,..,..,..,..,..,..,..,..,..,..,..,..,..,..,..,..,..,..,..,..,..,..,..,..,..,..,..,..,..
Mauritania,MRT,Account at a formal financial institution (% age 15+),GFDD.AI.05,..,..,..,..,..,..,..,..,..,..,..,..,..,..,..,..,..,..,..,..,..,..,..,..,..,..,..,..,..,..,..,..,..,..,..,..,..,..,..,..,..,..,..,..,..,..,..,..,..,..,..,17.46182,..,..,20.44538,..,..,19.03106,..,..,..,..
Mauritania,MRT,"Bank accounts per 1,000 adults",GFDD.AI.01,..,..,..,..,..,..,..,..,..,..,..,..,..,..,..,..,..,..,..,..,..,..,..,..,..,..,..,..,..,..,..,..,..,..,..,..,..,..,..,..,..,..,..,..,..,..,..,..,..,..,..,..,87.779038,97.777369,113.64797,132.09608,143.54569,162.68037,168.15372,177.31578,173.60198,..
Mauritania,MRT,Bank deposits to GDP (%),GFDD.OI.02,..,13.99428,17.50909,23.00279,13.35338,14.75472,25.91434,29.17,33.98686,35.00587,43.20639,38.88845,43.89723,59.52047,75.60686,86.29693,91.67115,91.94671,87.52488,87.2059,91.29885,124.0139,112.9887,108.6104,110.4691,116.28,116.9797,119.531,113.0571,102.9004,134.2157,99.65786,..,..,..,..,..,..,..,..,..,..,..,..,..,134.264,105.8967,126.9133,137.595,157.5577,142.1863,143.6929,149.3922,15.95277,19.73926,19.91569,19.16906,21.3845,21.93735,21.9014,..,..
Mauritania,MRT,Central bank assets to GDP (%),GFDD.DI.06,..,..,..,..,..,..,..,..,0.0065047,..,0.005819,0.3172153,0.5056119,15.19962,0.9104057,55.07515,33.17448,69.04239,59.91052,57.6329,60.09576,68.41673,94.79838,85.52105,87.21529,61.20609,50.7157,48.43009,44.87728,79.97663,85.39661,67.18037,..,..,..,..,..,..,..,..,..,..,..,..,..,177.099,126.27,119.714,116.3137,130.4244,109.4132,92.99512,87.42284,8.417118,9.256317,10.30406,9.349127,9.005589,8.628553,7.230887,..,..
Mauritania,MRT,Credit card (% age 15+),GFDD.AI.20,..,..,..,..,..,..,..,..,..,..,..,..,..,..,..,..,..,..,..,..,..,..,..,..,..,..,..,..,..,..,..,..,..,..,..,..,..,..,..,..,..,..,..,..,..,..,..,..,..,..,..,4.242931,..,..,4.820815,..,..,3.310434,..,..,..,..
Mauritania,MRT,Credit to government and state-owned enterprises to GDP (%),GFDD.EI.08,..,..,..,..,..,..,..,..,..,..,..,..,..,..,..,..,..,..,..,..,0.0537856,0.0377691,0.1247143,0.0226286,0.0611637,0.1660259,0.2030677,0.1096139,0.1308175,0.119605,0.069447,0.0338547,..,..,..,..,..,..,..,..,..,..,..,..,..,6.072786,2.613226,3.148311,3.754612,3.935185,3.8463,2.236624,3.180247,1.652177,4.746178,4.122957,3.780093,3.111201,4.030157,3.909153,..,..
Mauritania,MRT,Credit flows by fintech and bigtech companies to GDP (%),GFDD.DM.16,..,..,..,..,..,..,..,..,..,..,..,..,..,..,..,..,..,..,..,..,..,..,..,..,..,..,..,..,..,..,..,..,..,..,..,..,..,..,..,..,..,..,..,..,..,..,..,..,..,..,..,..,..,..,..,..,..,..,..,..,..,..
Mauritania,MRT,Deposit money bank assets to deposit money bank assets and central bank assets (%),GFDD.DI.04,..,..,..,..,..,..,..,..,99.98769,..,99.99352,99.6208,99.47781,89.19914,99.19434,73.63626,82.86712,73.94804,77.73966,75.81367,75.47761,73.39148,67.89972,70.01334,69.93211,76.68896,79.55373,79.86963,81.29015,70.49569,73.76762,72.99136,..,..,..,..,..,..,..,..,..,..,..,..,..,57.56253,57.44314,61.64156,65.17908,63.52377,65.9444,66.00173,69.32604,70.16051,72.19327,70.81407,71.87176,72.70377,75.16936,78.48248,..,..
Mauritania,MRT,Insurance company assets to GDP (%),GFDD.DI.11,..,..,..,..,..,..,..,..,..,..,..,..,..,..,..,..,..,..,..,..,..,..,..,..,..,..,..,..,..,..,..,..,..,..,..,..,..,..,..,..,..,..,..,..,..,..,..,..,..,..,..,..,..,..,..,..,..,..,..,..,..,..
Mauritania,MRT,Gross portfolio debt assets to GDP (%),GFDD.DM.11,..,..,..,..,..,..,..,..,..,..,..,..,..,..,..,..,..,..,..,..,..,..,..,..,..,..,..,..,..,..,..,..,..,..,..,..,..,..,..,..,..,..,..,..,..,..,..,..,..,..,..,..,..,..,..,..,..,..,..,..,..,..
Mauritania,MRT,Liquid liabilities to GDP (%),GFDD.DI.05,..,..,68.80333,65.87709,46.28571,36.56949,47.26896,53.6814,57.15646,61.77085,72.86022,67.59912,80.30128,92.06184,113.171,131.2331,142.2525,143.817,143.7686,147.9932,153.6272,179.0553,169.1328,159.8591,166.5111,179.1519,169.7956,178.7841,170.1712,171.0051,191.1619,143.4875,..,..,..,..,..,..,..,..,..,..,..,..,..,197.2399,168.9951,188.2406,194.0291,224.7747,198.8313,197.4853,207.9991,24.68431,27.25281,27.08673,25.65969,27.72893,28.5371,28.43273,..,..
Mauritius,MUS,Account at a formal financial institution (% age 15+),GFDD.AI.05,..,..,..,..,..,..,..,..,..,..,..,..,..,..,..,..,..,..,..,..,..,..,..,..,..,..,..,..,..,..,..,..,..,..,..,..,..,..,..,..,..,..,..,..,..,..,..,..,..,..,..,80.12321,..,..,82.20827,..,..,89.49472,..,..,..,89.95587
Mauritius,MUS,"Bank accounts per 1,000 adults",GFDD.AI.01,..,..,..,..,..,..,..,..,..,..,..,..,..,..,..,..,..,..,..,..,..,..,..,..,..,..,..,..,..,..,..,..,..,..,..,..,..,..,..,..,..,..,..,..,..,..,..,..,..,..,..,..,..,..,..,1956.0402,1836.5098,1891.4111,1876.2064,1914.4782,1924.3712,..
Mauritius,MUS,Bank deposits to GDP (%),GFDD.OI.02,..,..,..,16.49216,18.08334,14.73897,17.31542,17.27207,17.32094,18.96932,22.32783,24.31808,28.82021,31.17734,41.74067,41.90763,31.70699,30.66355,32.60749,32.43245,33.69284,31.65406,34.35319,33.22648,35.55457,41.9659,46.81547,49.9483,53.47226,52.68852,54.70127,57.62575,59.83889,60.28047,60.38493,65.234,65.97758,70.22586,68.01836,71.17446,69.47917,70.20845,73.32442,81.06101,86.40851,87.58006,86.38333,87.479,90.22382,90.06367,90.83448,89.86082,91.63897,91.00375,94.03471,98.94362,101.6326,105.5446,104.1506,108.2892,142.1062,143.4849
Mauritius,MUS,Central bank assets to GDP (%),GFDD.DI.06,..,..,..,..,..,..,..,3.062106,2.923048,1.7714,0.1176606,1.19608,2.902338,1.006163,0.2852886,0.9086429,6.898249,12.21056,13.95804,15.49773,13.55171,19.51856,19.81265,21.65099,20.58593,20.20435,11.92005,3.235423,0.0010168,0.000872,0.0012431,6.056664,2.171733,1.328608,2.217133,0.5764681,0.8650407,1.581302,4.569111,1.915592,1.689225,1.547528,1.124646,0.5287604,1.05771,1.950099,3.214889,0.5848722,0.5822453,0.2173763,1.825243,2.815811,1.526456,1.871782,1.110855,0.7611573,0.1912962,0.1778598,0.0993569,0.0950369,3.54071,3.300115
Mauritius,MUS,Credit card (% age 15+),GFDD.AI.20,..,..,..,..,..,..,..,..,..,..,..,..,..,..,..,..,..,..,..,..,..,..,..,..,..,..,..,..,..,..,..,..,..,..,..,..,..,..,..,..,..,..,..,..,..,..,..,..,..,..,..,14.12033,..,..,17.29193,..,..,24.12075,..,..,..,20.06327
Mauritius,MUS,Credit to government and state-owned enterprises to GDP (%),GFDD.EI.08,..,..,..,..,..,..,..,..,..,..,..,..,..,..,..,..,..,..,..,..,11.98344,7.515917,10.40768,9.983547,10.62326,10.55602,14.85431,15.34101,18.28121,17.96808,19.42647,9.378108,13.0602,14.63018,16.35867,21.20499,18.50653,19.94734,14.09075,15.67516,13.95146,15.2801,20.7092,26.38325,27.12791,28.49722,23.69849,21.54095,21.75507,24.8091,21.73561,17.66527,18.32935,17.92068,20.69135,20.35295,24.02072,23.59377,23.11142,24.74477,31.29556,..
Mauritius,MUS,Credit flows by fintech and bigtech companies to GDP (%),GFDD.DM.16,..,..,..,..,..,..,..,..,..,..,..,..,..,..,..,..,..,..,..,..,..,..,..,..,..,..,..,..,..,..,..,..,..,..,..,..,..,..,..,..,..,..,..,..,..,..,..,..,..,..,..,..,..,..,..,..,..,..,..,..,..,..
Mauritius,MUS,Deposit money bank assets to deposit money bank assets and central bank assets (%),GFDD.DI.04,..,..,..,..,..,..,..,84.79554,85.84393,90.99929,99.41257,95.86852,91.21883,97.08067,99.23077,97.63166,81.47558,71.98645,69.87955,67.5543,69.97081,60.2659,60.89467,58.09232,61.51578,64.93891,77.89082,93.21685,99.9979,99.99823,99.99758,87.35806,95.74271,97.57697,96.27358,99.09225,98.58924,97.72686,93.74092,97.30116,97.5576,97.80894,98.52435,99.43389,98.88528,98.02953,96.63418,99.37647,99.44068,99.79311,98.32298,97.43409,98.71353,98.51508,99.07839,99.38512,99.84118,99.85897,99.90205,99.90954,97.29106,97.50882
Mauritius,MUS,Insurance company assets to GDP (%),GFDD.DI.11,..,..,..,..,..,..,..,..,..,..,..,..,..,..,..,..,..,..,..,..,..,..,..,..,..,..,..,..,..,..,..,..,..,..,..,..,..,..,..,17.033493,17.256231,17.83714,18.724065,20.082498,20.472481,22.017282,22.751466,24.161968,22.874249,26.318416,28.750483,29.004841,29.957596,26.346549,27.031932,18.840738,19.007376,20.089357,20.045275,21.084868,25.331169,..
Mauritius,MUS,Gross portfolio debt assets to GDP (%),GFDD.DM.11,..,..,..,..,..,..,..,..,..,..,..,..,..,..,..,..,..,..,..,..,..,..,..,..,..,..,..,..,..,..,..,..,..,..,..,..,..,..,..,..,..,..,..,..,..,..,..,12.1096,10.85993,497.0276,496.1049,59.46216,83.67009,43.14234,55.0862,93.29538,73.7327,115.5585,146.9122,97.94973,141.0755,..
Mauritius,MUS,Liquid liabilities to GDP (%),GFDD.DI.05,..,..,..,23.75376,25.59042,22.05736,24.69212,24.25727,25.58792,30.09985,33.83781,37.38906,41.37573,42.13538,53.59162,56.68295,43.81984,42.86532,45.35598,42.15734,41.84065,39.36992,41.60244,40.16252,42.02404,48.62389,53.35814,56.80589,60.32238,59.70742,61.81559,64.95156,67.17152,67.22508,66.80273,71.65183,72.19786,76.27425,73.70383,76.56441,74.7473,75.53643,78.86848,86.68571,92.23598,93.73217,92.50684,93.2452,96.02187,96.25406,97.4912,96.63992,98.56635,98.17721,101.4016,106.8569,109.8959,114.1911,115.301,120.8119,163.7436,164.6471
Mexico,MEX,Account at a formal financial institution (% age 15+),GFDD.AI.05,..,..,..,..,..,..,..,..,..,..,..,..,..,..,..,..,..,..,..,..,..,..,..,..,..,..,..,..,..,..,..,..,..,..,..,..,..,..,..,..,..,..,..,..,..,..,..,..,..,..,..,27.42938,..,..,38.69535,..,..,35.4404,..,..,..,..
Mexico,MEX,"Bank accounts per 1,000 adults",GFDD.AI.01,..,..,..,..,..,..,..,..,..,..,..,..,..,..,..,..,..,..,..,..,..,..,..,..,..,..,..,..,..,..,..,..,..,..,..,..,..,..,..,..,..,..,..,..,..,..,..,..,..,..,..,..,..,..,..,..,..,..,..,..,..,..
Mexico,MEX,Bank deposits to GDP (%),GFDD.OI.02,17.65031,18.81921,20.01053,20.83962,20.86056,21.13553,20.80921,21.52711,21.93733,23.74877,25.72297,26.55714,26.75044,27.10854,25.35222,26.36818,32.02407,24.48891,26.56825,27.71512,25.31686,27.91092,25.97975,23.7167,24.28921,20.90646,22.38885,21.70201,7.64326,13.09026,19.03996,22.63439,23.70018,20.03878,21.11911,21.79778,20.58396,25.89208,24.68065,24.17157,19.31949,20.36242,19.90175,20.87461,20.66711,20.93549,20.7747,21.95223,22.27879,25.31448,26.03177,26.08117,26.65409,28.0555,29.08953,30.34606,31.15693,31.87342,31.22583,32.28854,36.38177,34.99678
Mexico,MEX,Central bank assets to GDP (%),GFDD.DI.06,1.165644,0.779661,0.2210526,1,1.007968,2.945055,2.993421,1.039157,1.013624,4.229064,4,2.983674,6.80177,8.82055,10.64333,11.58818,9.773158,14.72688,14.32606,14.21447,12.23348,13.23178,23.99165,17.04104,13.37039,12.58176,12.45296,6.496488,7.927887,7.173871,6.046528,3.699256,2.713855,0.6611156,0.11227,0.5715435,0.3358127,2.52E-13,..,..,..,..,..,..,..,..,..,..,..,..,..,..,..,..,..,..,..,..,..,..,..,..
Mexico,MEX,Credit card (% age 15+),GFDD.AI.20,..,..,..,..,..,..,..,..,..,..,..,..,..,..,..,..,..,..,..,..,..,..,..,..,..,..,..,..,..,..,..,..,..,..,..,..,..,..,..,..,..,..,..,..,..,..,..,..,..,..,..,12.96561,..,..,17.82967,..,..,9.528539,..,..,..,..
Mexico,MEX,Credit to government and state-owned enterprises to GDP (%),GFDD.EI.08,..,..,..,..,..,..,..,..,..,..,..,..,..,..,..,..,..,..,..,..,10.15218,13.81784,28.17914,23.60472,20.91912,22.63122,36.5632,37.74848,20.63072,16.90234,13.12871,12.30694,7.851511,4.866953,7.753523,9.105853,6.306225,14.60311,13.32338,13.91564,14.22734,13.06451,12.65556,12.73898,12.10134,11.34473,12.33609,13.42936,13.94552,17.32952,16.10675,16.29425,16.54336,17.87405,18.00455,17.32432,16.25509,16.07547,15.67873,17.23382,19.94518,..
Mexico,MEX,Credit flows by fintech and bigtech companies to GDP (%),GFDD.DM.16,..,..,..,..,..,..,..,..,..,..,..,..,..,..,..,..,..,..,..,..,..,..,..,..,..,..,..,..,..,..,..,..,..,..,..,..,..,..,..,..,..,..,..,..,..,..,..,..,..,..,..,..,..,6.12E-05,0.0002129,0.0007859,0.0098221,0.010798,0.0186632,0.0296525,..,..
Mexico,MEX,Deposit money bank assets to deposit money bank assets and central bank assets (%),GFDD.DI.04,95.12571,96.93197,99.19909,96.45425,96.56483,90.74159,91.19326,97.13216,97.30864,89.68087,90.81981,93.3309,84.96655,79.88847,74.59084,73.48849,79.95272,68.85509,69.00287,69.19763,69.92183,70.91929,63.96423,67.61904,71.99756,73.51855,79.76869,88.50865,80.06384,81.95055,83.53566,90.00706,92.97606,97.87236,99.71028,98.26468,98.46262,100,..,..,..,..,..,..,..,..,..,..,..,..,..,..,..,..,..,..,..,..,..,..,..,..
Mexico,MEX,Insurance company assets to GDP (%),GFDD.DI.11,..,..,..,..,..,..,..,..,..,..,..,..,..,..,..,..,..,..,..,..,..,..,..,..,..,..,..,..,..,..,..,..,..,..,..,..,..,..,..,2.2425312,2.2667044,2.5667964,2.9632196,3.2852765,3.405277,3.5697864,3.5616396,3.8923043,4.3233887,4.8779157,4.9046447,5.1880335,5.2893549,5.6977247,5.9375762,6.2720149,6.624854,6.6391568,6.4731986,6.8828212,7.6496619,..
Mexico,MEX,Gross portfolio debt assets to GDP (%),GFDD.DM.11,..,..,..,..,..,..,..,..,..,..,..,..,..,..,..,..,..,..,..,..,..,..,..,..,..,..,..,..,..,..,..,..,..,..,..,..,..,..,..,..,..,2.049904,2.054824,1.971408,2.062592,4.190562,3.902738,4.963342,4.292397,3.390348,3.116723,2.197544,1.987695,1.838035,1.686544,1.822201,2.025736,2.114311,1.633618,1.528538,1.718386,..
Mexico,MEX,Liquid liabilities to GDP (%),GFDD.DI.05,22.93865,23.90396,25.20526,26.35849,26.00797,26.0989,25.55592,26.19277,26.66212,28.52709,30.45946,31.17959,31.62832,32.32996,30.27222,31.30091,38.73231,29.97837,32.02396,33.13233,29.77619,32.63644,31.29095,28.40352,29.13411,25.4985,26.56778,25.97513,11.13,16.51664,22.51342,26.11475,27.13845,22.85548,24.04065,24.4301,22.96455,28.38774,27.16523,27.15951,22.22858,22.26829,22.41793,23.84071,23.73133,24.42722,24.33454,25.63234,26.25896,25.79809,26.53908,26.44167,26.67931,28.12474,29.11349,30.25275,31.10536,31.98817,31.05299,32.2424,36.15517,34.92801
"Micronesia, Fed. Sts.",FSM,Account at a formal financial institution (% age 15+),GFDD.AI.05,..,..,..,..,..,..,..,..,..,..,..,..,..,..,..,..,..,..,..,..,..,..,..,..,..,..,..,..,..,..,..,..,..,..,..,..,..,..,..,..,..,..,..,..,..,..,..,..,..,..,..,..,..,..,..,..,..,..,..,..,..,..
"Micronesia, Fed. Sts.",FSM,"Bank accounts per 1,000 adults",GFDD.AI.01,..,..,..,..,..,..,..,..,..,..,..,..,..,..,..,..,..,..,..,..,..,..,..,..,..,..,..,..,..,..,..,..,..,..,..,..,..,..,..,..,..,..,..,..,..,..,..,..,..,..,..,..,..,..,..,..,..,..,..,..,..,..
"Micronesia, Fed. Sts.",FSM,Bank deposits to GDP (%),GFDD.OI.02,..,..,..,..,..,..,..,..,..,..,..,..,..,..,..,..,..,..,..,..,..,..,..,..,..,..,..,..,..,..,..,..,..,..,..,48.66155,46.49657,51.04598,48.52307,49.89414,46.62109,47.82573,41.84041,39.79747,40.63614,39.62525,35.81657,36.97079,37.24971,40.65715,38.35938,38.02859,41.20019,45.95681,60.8788,56.32638,65.47186,65.70193,61.34461,59.90834,69.90993,..
"Micronesia, Fed. Sts.",FSM,Central bank assets to GDP (%),GFDD.DI.06,..,..,..,..,..,..,..,..,..,..,..,..,..,..,..,..,..,..,..,..,..,..,..,..,..,..,..,..,..,..,..,..,..,..,..,..,..,..,..,..,..,..,..,..,..,..,..,..,..,..,..,..,..,..,..,..,..,..,..,..,..,..
"Micronesia, Fed. Sts.",FSM,Credit card (% age 15+),GFDD.AI.20,..,..,..,..,..,..,..,..,..,..,..,..,..,..,..,..,..,..,..,..,..,..,..,..,..,..,..,..,..,..,..,..,..,..,..,..,..,..,..,..,..,..,..,..,..,..,..,..,..,..,..,..,..,..,..,..,..,..,..,..,..,..
"Micronesia, Fed. Sts.",FSM,Credit to government and state-owned enterprises to GDP (%),GFDD.EI.08,..,..,..,..,..,..,..,..,..,..,..,..,..,..,..,..,..,..,..,..,..,..,..,..,..,..,..,..,..,..,..,..,..,..,..,0.3154683,0.0485049,..,..,0.3579533,0.1894785,0.0717929,0.048244,..,..,..,..,0.5319581,3.865168,1.99012,1.490853,1.055889,0.7123024,0.221932,0.0150342,0.2553004,0.2299368,0.1963636,1.314401,1.324142,1.26453,..
"Micronesia, Fed. Sts.",FSM,Credit flows by fintech and bigtech companies to GDP (%),GFDD.DM.16,..,..,..,..,..,..,..,..,..,..,..,..,..,..,..,..,..,..,..,..,..,..,..,..,..,..,..,..,..,..,..,..,..,..,..,..,..,..,..,..,..,..,..,..,..,..,..,..,..,..,..,..,..,..,..,..,..,..,..,..,..,..
"Micronesia, Fed. Sts.",FSM,Deposit money bank assets to deposit money bank assets and central bank assets (%),GFDD.DI.04,..,..,..,..,..,..,..,..,..,..,..,..,..,..,..,..,..,..,..,..,..,..,..,..,..,..,..,..,..,..,..,..,..,..,..,..,..,..,..,..,..,..,..,..,..,..,..,..,..,..,..,..,..,..,..,..,..,..,..,..,..,..
"Micronesia, Fed. Sts.",FSM,Insurance company assets to GDP (%),GFDD.DI.11,..,..,..,..,..,..,..,..,..,..,..,..,..,..,..,..,..,..,..,..,..,..,..,..,..,..,..,..,..,..,..,..,..,..,..,..,..,..,..,..,..,..,..,..,..,..,..,..,..,..,..,..,..,..,..,..,..,..,..,..,..,..
"Micronesia, Fed. Sts.",FSM,Gross portfolio debt assets to GDP (%),GFDD.DM.11,..,..,..,..,..,..,..,..,..,..,..,..,..,..,..,..,..,..,..,..,..,..,..,..,..,..,..,..,..,..,..,..,..,..,..,..,..,..,..,..,..,..,..,..,..,..,..,..,..,11.70745,9.30095,8.001972,7.921742,13.74316,14.66346,..,..,..,..,..,..,..
"Micronesia, Fed. Sts.",FSM,Liquid liabilities to GDP (%),GFDD.DI.05,..,..,..,..,..,..,..,..,..,..,..,..,..,..,..,..,..,..,..,..,..,..,..,..,..,..,..,..,..,..,..,..,..,..,..,48.66155,46.49657,51.04598,48.52307,49.89414,46.62109,47.82573,41.84041,39.79747,40.63614,39.62525,35.81657,36.97079,37.24971,40.65715,38.35938,38.02859,41.20019,45.95681,60.8788,56.32638,65.47186,65.70193,61.34461,59.90835,69.90993,..
Middle East & North Africa (IDA total),DMN,Account at a formal financial institution (% age 15+),GFDD.AI.05,..,..,..,..,..,..,..,..,..,..,..,..,..,..,..,..,..,..,..,..,..,..,..,..,..,..,..,..,..,..,..,..,..,..,..,..,..,..,..,..,..,..,..,..,..,..,..,..,..,..,..,..,..,..,..,..,..,..,..,..,..,..
Middle East & North Africa (IDA total),DMN,"Bank accounts per 1,000 adults",GFDD.AI.01,..,..,..,..,..,..,..,..,..,..,..,..,..,..,..,..,..,..,..,..,..,..,..,..,..,..,..,..,..,..,..,..,..,..,..,..,..,..,..,..,..,..,..,..,..,..,..,..,..,..,..,..,..,..,..,..,..,..,..,..,..,..
Middle East & North Africa (IDA total),DMN,Bank deposits to GDP (%),GFDD.OI.02,..,..,..,..,..,..,..,..,..,..,..,..,..,..,..,..,..,..,..,..,..,..,..,..,..,..,..,..,..,..,..,..,..,..,..,..,..,..,..,..,..,..,..,..,..,..,..,..,..,..,..,..,..,..,..,..,..,..,..,..,..,..
Middle East & North Africa (IDA total),DMN,Central bank assets to GDP (%),GFDD.DI.06,..,..,..,..,..,..,..,..,..,..,..,..,..,..,..,..,..,..,..,..,..,..,..,..,..,..,..,..,..,..,..,..,..,..,..,..,..,..,..,..,..,..,..,..,..,..,..,..,..,..,..,..,..,..,..,..,..,..,..,..,..,..
Middle East & North Africa (IDA total),DMN,Credit card (% age 15+),GFDD.AI.20,..,..,..,..,..,..,..,..,..,..,..,..,..,..,..,..,..,..,..,..,..,..,..,..,..,..,..,..,..,..,..,..,..,..,..,..,..,..,..,..,..,..,..,..,..,..,..,..,..,..,..,..,..,..,..,..,..,..,..,..,..,..
Middle East & North Africa (IDA total),DMN,Credit to government and state-owned enterprises to GDP (%),GFDD.EI.08,..,..,..,..,..,..,..,..,..,..,..,..,..,..,..,..,..,..,..,..,..,..,..,..,..,..,..,..,..,..,..,..,..,..,..,..,..,..,..,..,..,..,..,..,..,..,..,..,..,..,..,..,..,..,..,..,..,..,..,..,..,..
Middle East & North Africa (IDA total),DMN,Credit flows by fintech and bigtech companies to GDP (%),GFDD.DM.16,..,..,..,..,..,..,..,..,..,..,..,..,..,..,..,..,..,..,..,..,..,..,..,..,..,..,..,..,..,..,..,..,..,..,..,..,..,..,..,..,..,..,..,..,..,..,..,..,..,..,..,..,..,..,..,..,..,..,..,..,..,..
Middle East & North Africa (IDA total),DMN,Deposit money bank assets to deposit money bank assets and central bank assets (%),GFDD.DI.04,..,..,..,..,..,..,..,..,..,..,..,..,..,..,..,..,..,..,..,..,..,..,..,..,..,..,..,..,..,..,..,..,..,..,..,..,..,..,..,..,..,..,..,..,..,..,..,..,..,..,..,..,..,..,..,..,..,..,..,..,..,..
Middle East & North Africa (IDA total),DMN,Insurance company assets to GDP (%),GFDD.DI.11,..,..,..,..,..,..,..,..,..,..,..,..,..,..,..,..,..,..,..,..,..,..,..,..,..,..,..,..,..,..,..,..,..,..,..,..,..,..,..,..,..,..,..,..,..,..,..,..,..,..,..,..,..,..,..,..,..,..,..,..,..,..
Middle East & North Africa (IDA total),DMN,Gross portfolio debt assets to GDP (%),GFDD.DM.11,..,..,..,..,..,..,..,..,..,..,..,..,..,..,..,..,..,..,..,..,..,..,..,..,..,..,..,..,..,..,..,..,..,..,..,..,..,..,..,..,..,..,..,..,..,..,..,..,..,..,..,..,..,..,..,..,..,..,..,..,..,..
Middle East & North Africa (IDA total),DMN,Liquid liabilities to GDP (%),GFDD.DI.05,..,..,..,..,..,..,..,..,..,..,..,..,..,..,..,..,..,..,..,..,..,..,..,..,..,..,..,..,..,..,..,..,..,..,..,..,..,..,..,..,..,..,..,..,..,..,..,..,..,..,..,..,..,..,..,..,..,..,..,..,..,..
Moldova,MDA,Account at a formal financial institution (% age 15+),GFDD.AI.05,..,..,..,..,..,..,..,..,..,..,..,..,..,..,..,..,..,..,..,..,..,..,..,..,..,..,..,..,..,..,..,..,..,..,..,..,..,..,..,..,..,..,..,..,..,..,..,..,..,..,..,18.06632,..,..,17.75575,..,..,43.78565,..,..,..,64.24552
Moldova,MDA,"Bank accounts per 1,000 adults",GFDD.AI.01,..,..,..,..,..,..,..,..,..,..,..,..,..,..,..,..,..,..,..,..,..,..,..,..,..,..,..,..,..,..,..,..,..,..,..,..,..,..,..,..,..,..,..,..,976.08061,1049.1454,1120.8431,1260.7593,1362.5046,1409.4481,1501.4559,1446.4661,1529.2139,1659.9905,1541.9605,936.72261,1058.8634,1162.1449,1251.8198,1347.1402,1379.5009,..
Moldova,MDA,Bank deposits to GDP (%),GFDD.OI.02,..,..,..,..,..,..,..,..,..,..,..,..,..,..,..,..,..,..,..,..,..,..,..,..,..,..,..,..,..,..,..,..,..,..,..,9.302063,8.960545,10.65961,9.959151,11.34548,13.12144,15.5121,18.83916,20.93504,25.18655,29.89067,32.16842,38.67115,38.27249,39.43613,31.33501,30.59042,34.49649,37.83696,36.30717,33.27191,33.10221,32.42559,32.21372,31.8273,37.86628,36.3947
Moldova,MDA,Central bank assets to GDP (%),GFDD.DI.06,..,..,..,..,..,..,..,..,..,..,..,..,..,..,..,..,..,..,..,..,..,..,..,..,..,..,..,..,..,..,..,..,..,..,..,7.01736,6.399346,5.929713,15.50413,14.14997,10.8497,10.00644,9.596399,7.898659,8.57515,6.986585,5.634664,4.466583,3.671071,3.698367,2.60248,2.287879,1.98252,1.755555,1.572267,1.471326,9.707657,8.690706,8.046933,7.258933,7.330632,6.127141
Moldova,MDA,Credit card (% age 15+),GFDD.AI.20,..,..,..,..,..,..,..,..,..,..,..,..,..,..,..,..,..,..,..,..,..,..,..,..,..,..,..,..,..,..,..,..,..,..,..,..,..,..,..,..,..,..,..,..,..,..,..,..,..,..,..,2.41164,..,..,6.374098,..,..,17.02133,..,..,..,8.094104
Moldova,MDA,Credit to government and state-owned enterprises to GDP (%),GFDD.EI.08,..,..,..,..,..,..,..,..,..,..,..,..,..,..,..,..,..,..,..,..,..,..,..,..,..,..,..,..,..,..,..,..,33.85246,20.62817,11.57503,10.88415,11.27454,13.59292,3.964323,3.482556,3.64098,4.674254,4.830488,4.046741,4.435483,4.582403,4.257059,3.703115,2.65852,5.325019,3.694715,4.199455,5.3601,5.179242,4.763699,4.460905,4.380008,4.214419,4.048096,3.482872,6.349356,..
Moldova,MDA,Credit flows by fintech and bigtech companies to GDP (%),GFDD.DM.16,..,..,..,..,..,..,..,..,..,..,..,..,..,..,..,..,..,..,..,..,..,..,..,..,..,..,..,..,..,..,..,..,..,..,..,..,..,..,..,..,..,..,..,..,..,..,..,..,..,..,..,..,..,..,..,..,..,..,..,..,..,..
Moldova,MDA,Deposit money bank assets to deposit money bank assets and central bank assets (%),GFDD.DI.04,..,..,..,..,..,..,..,..,..,..,..,..,..,..,..,..,..,..,..,..,..,..,..,..,..,..,..,..,..,..,..,..,..,..,..,71.46666,74.78579,77.57513,53.50107,51.91354,60.01348,65.96593,69.60542,75.50018,74.94371,80.13486,84.91982,90.07761,91.41801,91.78397,92.38496,93.3907,94.94182,95.66145,95.50526,95.52582,73.4263,73.31747,74.22454,76.22897,79.84085,83.11768
Moldova,MDA,Insurance company assets to GDP (%),GFDD.DI.11,..,..,..,..,..,..,..,..,..,..,..,..,..,..,..,..,..,..,..,..,..,..,..,..,..,..,..,..,..,..,..,..,..,..,..,..,..,..,..,..,..,..,..,..,..,..,..,1.8988736,2.1199893,2.5406337,2.1864872,2.2257036,2.2346377,2.0521971,1.9431736,2.0171091,1.9965107,1.8578899,1.8087024,1.4725382,..,..
Moldova,MDA,Gross portfolio debt assets to GDP (%),GFDD.DM.11,..,..,..,..,..,..,..,..,..,..,..,..,..,..,..,..,..,..,..,..,..,..,..,..,..,..,..,..,..,..,..,..,..,..,..,..,..,..,..,..,..,0.2079866,0.1317591,0.0631129,0.0789089,0.0910207,0.0108559,0.0084069,0.0019819,0.0022061,0.0643729,0.11623,0.0300833,0.0277991,0.0264979,0.0325361,0.0312211,0.017167,0.0345627,0.0709284,0.0712677,..
Moldova,MDA,Liquid liabilities to GDP (%),GFDD.DI.05,..,..,..,..,..,..,..,..,..,..,..,..,..,..,..,..,..,..,..,..,..,..,..,..,..,..,..,..,..,..,..,..,..,..,..,19.21714,18.34012,21.564,19.33694,20.45212,22.29442,25.13984,28.98579,30.85863,36.75266,42.03444,43.66743,51.14568,50.32285,54.08666,29.95677,29.74824,33.77493,37.02534,35.45581,32.67801,32.52065,31.90893,31.89223,31.57188,37.50297,36.00092
Monaco,MCO,Account at a formal financial institution (% age 15+),GFDD.AI.05,..,..,..,..,..,..,..,..,..,..,..,..,..,..,..,..,..,..,..,..,..,..,..,..,..,..,..,..,..,..,..,..,..,..,..,..,..,..,..,..,..,..,..,..,..,..,..,..,..,..,..,..,..,..,..,..,..,..,..,..,..,..
Monaco,MCO,"Bank accounts per 1,000 adults",GFDD.AI.01,..,..,..,..,..,..,..,..,..,..,..,..,..,..,..,..,..,..,..,..,..,..,..,..,..,..,..,..,..,..,..,..,..,..,..,..,..,..,..,..,..,..,..,..,..,..,..,..,..,..,..,..,..,..,..,..,..,..,..,..,..,..
Monaco,MCO,Bank deposits to GDP (%),GFDD.OI.02,..,..,..,..,..,..,..,..,..,..,..,..,..,..,..,..,..,..,..,..,..,..,..,..,..,..,..,..,..,..,..,..,..,..,..,..,..,..,..,..,..,..,..,..,..,..,..,..,..,..,..,..,..,..,..,..,..,..,..,..,..,..
Monaco,MCO,Central bank assets to GDP (%),GFDD.DI.06,..,..,..,..,..,..,..,..,..,..,..,..,..,..,..,..,..,..,..,..,..,..,..,..,..,..,..,..,..,..,..,..,..,..,..,..,..,..,..,..,..,..,..,..,..,..,..,..,..,..,..,..,..,..,..,..,..,..,..,..,..,..
Monaco,MCO,Credit card (% age 15+),GFDD.AI.20,..,..,..,..,..,..,..,..,..,..,..,..,..,..,..,..,..,..,..,..,..,..,..,..,..,..,..,..,..,..,..,..,..,..,..,..,..,..,..,..,..,..,..,..,..,..,..,..,..,..,..,..,..,..,..,..,..,..,..,..,..,..
Monaco,MCO,Credit to government and state-owned enterprises to GDP (%),GFDD.EI.08,..,..,..,..,..,..,..,..,..,..,..,..,..,..,..,..,..,..,..,..,..,..,..,..,..,..,..,..,..,..,..,..,..,..,..,..,..,..,..,..,..,..,..,..,..,..,..,..,..,..,..,..,..,..,..,..,..,..,..,..,..,..
Monaco,MCO,Credit flows by fintech and bigtech companies to GDP (%),GFDD.DM.16,..,..,..,..,..,..,..,..,..,..,..,..,..,..,..,..,..,..,..,..,..,..,..,..,..,..,..,..,..,..,..,..,..,..,..,..,..,..,..,..,..,..,..,..,..,..,..,..,..,..,..,..,..,..,..,..,..,..,..,..,..,..
Monaco,MCO,Deposit money bank assets to deposit money bank assets and central bank assets (%),GFDD.DI.04,..,..,..,..,..,..,..,..,..,..,..,..,..,..,..,..,..,..,..,..,..,..,..,..,..,..,..,..,..,..,..,..,..,..,..,..,..,..,..,..,..,..,..,..,..,..,..,..,..,..,..,..,..,..,..,..,..,..,..,..,..,..
Monaco,MCO,Insurance company assets to GDP (%),GFDD.DI.11,..,..,..,..,..,..,..,..,..,..,..,..,..,..,..,..,..,..,..,..,..,..,..,..,..,..,..,..,..,..,..,..,..,..,..,..,..,..,..,..,..,..,..,..,..,..,..,..,..,..,..,..,..,..,..,..,..,..,..,..,..,..
Monaco,MCO,Gross portfolio debt assets to GDP (%),GFDD.DM.11,..,..,..,..,..,..,..,..,..,..,..,..,..,..,..,..,..,..,..,..,..,..,..,..,..,..,..,..,..,..,..,..,..,..,..,..,..,..,..,..,..,..,..,..,..,..,..,..,..,..,..,..,..,..,..,..,..,..,..,..,..,..
Monaco,MCO,Liquid liabilities to GDP (%),GFDD.DI.05,..,..,..,..,..,..,..,..,..,..,..,..,..,..,..,..,..,..,..,..,..,..,..,..,..,..,..,..,..,..,..,..,..,..,..,..,..,..,..,..,..,..,..,..,..,..,..,..,..,..,..,..,..,..,..,..,..,..,..,..,..,..
Mongolia,MNG,Account at a formal financial institution (% age 15+),GFDD.AI.05,..,..,..,..,..,..,..,..,..,..,..,..,..,..,..,..,..,..,..,..,..,..,..,..,..,..,..,..,..,..,..,..,..,..,..,..,..,..,..,..,..,..,..,..,..,..,..,..,..,..,..,77.71709,..,..,91.82178,..,..,92.97117,..,..,..,98.1656
Mongolia,MNG,"Bank accounts per 1,000 adults",GFDD.AI.01,..,..,..,..,..,..,..,..,..,..,..,..,..,..,..,..,..,..,..,..,..,..,..,..,..,..,..,..,..,..,..,..,..,..,..,..,..,..,..,..,..,..,..,..,..,..,..,..,..,..,..,..,..,..,..,..,..,..,..,..,..,..
Mongolia,MNG,Bank deposits to GDP (%),GFDD.OI.02,..,..,..,..,..,..,..,..,..,..,..,..,..,..,..,..,..,..,..,..,..,..,..,..,..,..,..,..,..,..,..,31.01488,17.07393,12.76564,12.98861,10.04046,9.211437,11.03189,10.02659,10.52157,11.03684,13.61773,19.25567,26.75424,25.56917,33.18925,33.1391,42.32165,28.88538,38.661,43.6918,44.33352,41.18513,45.20042,44.74965,40.70124,47.91312,54.1367,57.60616,53.96191,63.3097,62.60632
Mongolia,MNG,Central bank assets to GDP (%),GFDD.DI.06,..,..,..,..,..,..,..,..,..,..,..,..,..,..,..,..,..,..,..,..,..,..,..,..,..,..,..,..,..,..,..,1.997898,1.439918,2.80971,3.058765,0.5936103,4.515748,2.199055,2.362745,1.91102,1.498703,0.8327882,..,0.1996105,3.830275,3.267331,0.8600043,..,..,6.566206,3.191556,3.259135,0.9923899,..,2.545231,2.415479,5.60694,4.132345,3.127518,1.991197,3.24969,3.670269
Mongolia,MNG,Credit card (% age 15+),GFDD.AI.20,..,..,..,..,..,..,..,..,..,..,..,..,..,..,..,..,..,..,..,..,..,..,..,..,..,..,..,..,..,..,..,..,..,..,..,..,..,..,..,..,..,..,..,..,..,..,..,..,..,..,..,1.894245,..,..,1.115141,..,..,3.208104,..,..,..,6.957703
Mongolia,MNG,Credit to government and state-owned enterprises to GDP (%),GFDD.EI.08,..,..,..,..,..,..,..,..,..,..,..,..,..,..,..,..,..,..,..,..,..,..,..,..,..,..,..,..,..,..,..,41.10758,22.22632,6.557645,2.895225,1.513669,2.217926,3.981251,4.386896,3.478241,3.445721,2.590072,2.323814,2.940833,1.613283,1.227599,1.033623,1.037678,0.5689584,0.4493555,0.9849625,2.853524,4.250456,9.926165,10.21006,12.24184,15.2224,9.650549,5.054585,4.209834,6.326116,..
Mongolia,MNG,Credit flows by fintech and bigtech companies to GDP (%),GFDD.DM.16,..,..,..,..,..,..,..,..,..,..,..,..,..,..,..,..,..,..,..,..,..,..,..,..,..,..,..,..,..,..,..,..,..,..,..,..,..,..,..,..,..,..,..,..,..,..,..,..,..,..,..,..,..,0.0131933,0.0145585,0.0031842,0.0022359,..,0.2860049,..,..,..
Mongolia,MNG,Deposit money bank assets to deposit money bank assets and central bank assets (%),GFDD.DI.04,..,..,..,..,..,..,..,..,..,..,..,..,..,..,..,..,..,..,..,..,..,..,..,..,..,..,..,..,..,..,..,96.41891,95.86866,81.11977,79.7178,93.34143,66.94635,78.52229,82.80866,83.22577,86.13929,93.07066,..,99.16138,86.17094,89.92513,97.34378,..,..,86.12244,91.68168,93.42996,97.97325,..,96.38593,96.39447,92.51293,93.58754,94.94832,96.36677,94.10791,93.49681
Mongolia,MNG,Insurance company assets to GDP (%),GFDD.DI.11,..,..,..,..,..,..,..,..,..,..,..,..,..,..,..,..,..,..,..,..,..,..,..,..,..,..,..,..,..,..,..,..,..,..,..,..,..,..,..,..,..,..,..,..,..,..,..,..,0.52368112,0.62293979,0.56742777,0.57650969,0.64478872,0.56644617,0.68620367,0.74815215,0.87047524,0.87794986,1.0241545,0.99152412,1.0445216,..
Mongolia,MNG,Gross portfolio debt assets to GDP (%),GFDD.DM.11,..,..,..,..,..,..,..,..,..,..,..,..,..,..,..,..,..,..,..,..,..,..,..,..,..,..,..,..,..,..,..,..,..,..,..,..,..,..,..,..,..,..,..,..,..,..,..,..,..,..,0.7032253,0.055747,0.0488348,0.0454864,0.076814,0.0863077,0.1900497,0.1244147,0.1351132,0.2077245,0.2746696,..
Mongolia,MNG,Liquid liabilities to GDP (%),GFDD.DI.05,..,..,..,..,..,..,..,..,..,..,..,..,..,..,..,..,..,..,..,..,..,..,..,..,..,..,..,..,..,..,..,37.53222,19.89489,16.06911,17.23063,13.40133,13.86435,15.59595,15.13438,17.43234,18.08974,20.31488,25.91166,32.90624,30.78941,38.19906,37.7355,48.03769,33.89988,43.68969,47.95405,48.66614,45.6118,49.29827,47.84385,43.40746,50.78123,56.89851,60.08633,55.88293,65.53278,64.77078
Montenegro,MNE,Account at a formal financial institution (% age 15+),GFDD.AI.05,..,..,..,..,..,..,..,..,..,..,..,..,..,..,..,..,..,..,..,..,..,..,..,..,..,..,..,..,..,..,..,..,..,..,..,..,..,..,..,..,..,..,..,..,..,..,..,..,..,..,..,50.43802,..,..,59.82601,..,..,68.36179,..,..,..,..
Montenegro,MNE,"Bank accounts per 1,000 adults",GFDD.AI.01,..,..,..,..,..,..,..,..,..,..,..,..,..,..,..,..,..,..,..,..,..,..,..,..,..,..,..,..,..,..,..,..,..,..,..,..,..,..,..,..,..,..,..,..,..,..,..,..,..,..,..,..,..,..,..,..,..,..,..,..,..,..
Montenegro,MNE,Bank deposits to GDP (%),GFDD.OI.02,..,..,..,..,..,..,..,..,..,..,..,..,..,..,..,..,..,..,..,..,..,..,..,..,..,..,..,..,..,..,..,..,..,..,..,..,..,..,..,..,..,..,11.12645,12.00057,13.33353,22.4447,41.15633,65.99443,51.20242,48.22935,47.52961,46.26443,50.9973,50.06801,53.48319,56.85821,57.9216,60.10335,56.1908,50.95837,57.67763,56.6576
Montenegro,MNE,Central bank assets to GDP (%),GFDD.DI.06,..,..,..,..,..,..,..,..,..,..,..,..,..,..,..,..,..,..,..,..,..,..,..,..,..,..,..,..,..,..,..,..,..,..,..,..,..,..,..,..,..,..,1.285196,0.6856968,0.5949282,0.7217963,0.0956753,0.0451954,0.0935169,0.1310944,0.1277387,0.1221681,0.1239972,0.1189771,0.1168827,0.109192,0.1008793,0.070889,0.0748393,2.155899,1.303162,1.091551
Montenegro,MNE,Credit card (% age 15+),GFDD.AI.20,..,..,..,..,..,..,..,..,..,..,..,..,..,..,..,..,..,..,..,..,..,..,..,..,..,..,..,..,..,..,..,..,..,..,..,..,..,..,..,..,..,..,..,..,..,..,..,..,..,..,..,13.85956,..,..,15.27534,..,..,16.67637,..,..,..,..
Montenegro,MNE,Credit to government and state-owned enterprises to GDP (%),GFDD.EI.08,..,..,..,..,..,..,..,..,..,..,..,..,..,..,..,..,..,..,..,..,..,..,..,..,..,..,..,..,..,..,..,..,..,..,..,..,..,..,..,..,..,..,..,..,..,..,..,..,..,..,..,..,..,..,..,..,..,..,..,..,..,..
Montenegro,MNE,Credit flows by fintech and bigtech companies to GDP (%),GFDD.DM.16,..,..,..,..,..,..,..,..,..,..,..,..,..,..,..,..,..,..,..,..,..,..,..,..,..,..,..,..,..,..,..,..,..,..,..,..,..,..,..,..,..,..,..,..,..,..,..,..,..,..,..,..,..,..,..,..,..,..,..,..,..,..
Montenegro,MNE,Deposit money bank assets to deposit money bank assets and central bank assets (%),GFDD.DI.04,..,..,..,..,..,..,..,..,..,..,..,..,..,..,..,..,..,..,..,..,..,..,..,..,..,..,..,..,..,..,..,..,..,..,..,..,..,..,..,..,..,..,89.25712,95.52743,96.79488,96.75994,99.75897,99.94521,99.89461,99.83864,99.82094,99.80476,99.80155,99.80843,99.80554,99.82318,99.83965,99.88749,99.88287,96.79173,98.33693,98.45782
Montenegro,MNE,Insurance company assets to GDP (%),GFDD.DI.11,..,..,..,..,..,..,..,..,..,..,..,..,..,..,..,..,..,..,..,..,..,..,..,..,..,..,..,..,..,..,..,..,..,..,..,..,..,..,..,..,..,..,..,..,..,..,..,..,..,..,..,..,..,..,..,..,..,..,..,..,..,..
Montenegro,MNE,Gross portfolio debt assets to GDP (%),GFDD.DM.11,..,..,..,..,..,..,..,..,..,..,..,..,..,..,..,..,..,..,..,..,..,..,..,..,..,..,..,..,..,..,..,..,..,..,..,..,..,..,..,..,..,..,..,..,..,..,..,..,..,..,..,..,..,..,..,..,..,..,..,..,..,..
Montenegro,MNE,Liquid liabilities to GDP (%),GFDD.DI.05,..,..,..,..,..,..,..,..,..,..,..,..,..,..,..,..,..,..,..,..,..,..,..,..,..,..,..,..,..,..,..,..,..,..,..,..,..,..,..,..,..,..,11.27058,12.04745,13.34566,22.5153,41.2783,66.22309,51.58175,48.66301,48.12703,46.92437,51.96245,51.21878,54.80865,58.35925,59.57351,61.91298,58.53604,52.13717,59.35695,58.47884
Morocco,MAR,Account at a formal financial institution (% age 15+),GFDD.AI.05,..,..,..,..,..,..,..,..,..,..,..,..,..,..,..,..,..,..,..,..,..,..,..,..,..,..,..,..,..,..,..,..,..,..,..,..,..,..,..,..,..,..,..,..,..,..,..,..,..,..,..,..,..,..,..,..,..,28.41057,..,..,..,42.23934
Morocco,MAR,"Bank accounts per 1,000 adults",GFDD.AI.01,..,..,..,..,..,..,..,..,..,..,..,..,..,..,..,..,..,..,..,..,..,..,..,..,..,..,..,..,..,..,..,..,..,..,..,..,..,..,..,..,..,..,..,..,..,..,..,..,..,..,..,..,..,..,..,..,..,..,..,..,..,..
Morocco,MAR,Bank deposits to GDP (%),GFDD.OI.02,15.85023,15.72529,15.47085,14.06262,13.62898,13.98123,14.24842,14.3571,15.40664,14.75659,15.11778,15.99327,17.52337,19.24247,18.97021,22.84483,22.49393,23.19314,24.8556,24.85774,20.59814,22.75284,22.25241,25.50442,25.15625,25.16949,25.2817,27.17707,26.89589,28.29061,31.48257,32.77884,35.80681,38.29269,38.16613,40.54919,37.82255,48.30927,47.78822,51.51784,56.38838,59.50361,60.73378,62.24015,63.36499,69.3163,73.68073,80.8188,81.50926,81.25849,86.69134,87.83833,88.19445,86.54394,89.72926,88.92393,90.1588,89.94168,88.3634,87.02258,98.53936,95.02759
Morocco,MAR,Central bank assets to GDP (%),GFDD.DI.06,2.260161,1.980294,2.516194,4.112442,6.652073,6.347185,6.725749,8.160353,9.913923,10.22085,10.20379,8.938911,9.726322,10.0976,8.107901,10.08986,10.74424,11.72777,13.08261,13.70552,11.82682,13.69958,13.59324,15.92142,15.25701,14.68197,13.11981,11.99846,10.7964,10.07663,8.480684,8.726202,6.070353,5.9637,5.10308,8.255764,7.510549,7.480665,6.867093,5.187945,5.907524,3.600495,3.555706,3.644571,3.521333,2.550362,2.468808,2.017066,1.82493,1.343651,1.074218,0.806022,0.6713257,0.6977759,0.5738865,0.5719985,0.5504311,0.4738147,0.4094287,0.4344346,0.4116531,0.3595591
Morocco,MAR,Credit card (% age 15+),GFDD.AI.20,..,..,..,..,..,..,..,..,..,..,..,..,..,..,..,..,..,..,..,..,..,..,..,..,..,..,..,..,..,..,..,..,..,..,..,..,..,..,..,..,..,..,..,..,..,..,..,..,..,..,..,..,..,..,..,..,..,0.185727,..,..,..,1.050191
Morocco,MAR,Credit to government and state-owned enterprises to GDP (%),GFDD.EI.08,..,..,..,..,..,..,..,..,..,..,..,..,..,..,..,..,..,..,..,..,8.273452,8.743271,7.898585,10.47972,9.516411,11.21527,13.62783,15.72936,14.2855,15.19918,11.96606,10.06525,13.73925,15.16896,15.48716,14.89056,13.30388,15.71637,14.5979,13.45421,14.95021,19.87218,20.12354,18.92643,17.27354,18.83802,18.94875,17.94047,17.9353,18.32515,16.78762,18.67064,21.80206,23.95907,22.97884,22.55363,22.32552,23.54266,26.76823,26.5971,32.15887,..
Morocco,MAR,Credit flows by fintech and bigtech companies to GDP (%),GFDD.DM.16,..,..,..,..,..,..,..,..,..,..,..,..,..,..,..,..,..,..,..,..,..,..,..,..,..,..,..,..,..,..,..,..,..,..,..,..,..,..,..,..,..,..,..,..,..,..,..,..,..,..,..,..,..,0,0,0,0,0,0.0008468,0.0008342,..,..
Morocco,MAR,Deposit money bank assets to deposit money bank assets and central bank assets (%),GFDD.DI.04,86.35033,89.03296,86.74541,79.59409,69.36585,69.95558,69.68102,65.01533,63.33238,60.98642,59.60629,63.70483,63.66699,65.02068,70.57568,68.96493,67.90903,66.24165,66.29888,65.00164,64.27734,62.65085,63.16616,62.60019,62.96561,64.30248,51.46036,56.89176,57.18443,60.4861,75.16862,75.79104,84.61945,85.90617,87.87234,82.68524,83.26651,88.26346,89.13546,91.84359,91.46229,94.72268,94.77085,94.58869,94.65455,96.30582,96.57872,97.51984,97.93037,98.56067,98.73031,99.10246,99.28596,99.2478,99.37469,99.34141,99.36585,99.45507,99.54216,99.5173,99.59509,99.63191
Morocco,MAR,Insurance company assets to GDP (%),GFDD.DI.11,..,..,..,..,..,..,..,..,..,..,..,..,..,..,..,..,..,..,..,..,..,..,..,..,..,..,..,..,..,..,..,..,..,..,..,..,..,..,..,..,..,..,..,15.446893,14.959427,15.361765,15.172161,18.022275,16.104129,17.565323,18.096566,18.369007,18.271941,18.079627,18.486451,18.137156,18.60891,18.768315,19.177431,19.575864,..,..
Morocco,MAR,Gross portfolio debt assets to GDP (%),GFDD.DM.11,..,..,..,..,..,..,..,..,..,..,..,..,..,..,..,..,..,..,..,..,..,..,..,..,..,..,..,..,..,..,..,..,..,..,..,..,..,..,..,..,..,..,0.0069393,..,..,..,0.0115079,0.0111865,0.0821742,0.0181188,0.0136713,0.0659592,0.0398444,0.0097049,0.0094233,0.1145121,0.1986603,0.1054339,0.0984329,0.0789052,0.089165,..
Morocco,MAR,Liquid liabilities to GDP (%),GFDD.DI.05,27.83975,29.47029,28.9819,27.69391,26.71422,27.09786,27.55565,28.42041,29.82821,29.63207,29.50677,30.31412,33.76672,35.85532,35.43771,39.20304,39.80145,40.55646,43.05082,43.57138,35.02632,37.91893,36.36869,39.46402,38.48791,37.70517,37.52665,40.1731,39.9043,42.3101,46.15091,47.70328,50.9014,53.72425,53.1769,55.95726,52.84019,61.92704,60.99492,66.14434,70.90968,74.88302,76.37529,77.50388,78.75542,85.9023,92.01437,99.60294,99.68046,99.84542,87.10694,89.83559,89.56234,88.89582,92.66341,92.59618,94.04479,93.77357,93.67861,93.40655,103.4859,124.7023
Mozambique,MOZ,Account at a formal financial institution (% age 15+),GFDD.AI.05,..,..,..,..,..,..,..,..,..,..,..,..,..,..,..,..,..,..,..,..,..,..,..,..,..,..,..,..,..,..,..,..,..,..,..,..,..,..,..,..,..,..,..,..,..,..,..,..,..,..,..,..,..,..,..,..,..,33.003,..,..,..,38.63492
Mozambique,MOZ,"Bank accounts per 1,000 adults",GFDD.AI.01,..,..,..,..,..,..,..,..,..,..,..,..,..,..,..,..,..,..,..,..,..,..,..,..,..,..,..,..,..,..,..,..,..,..,..,..,..,..,..,..,..,..,..,..,..,..,..,..,..,..,..,..,..,..,..,..,..,..,..,..,..,..
Mozambique,MOZ,Bank deposits to GDP (%),GFDD.OI.02,..,..,..,..,..,..,..,..,..,..,..,..,..,..,..,..,..,..,..,..,..,..,..,..,..,..,..,..,7.970361,8.759107,6.544248,13.04873,18.97501,19.28227,17.96575,16.94207,12.139,12.43176,12.8609,13.86588,17.78861,15.49207,18.12737,18.59341,16.58944,18.18283,18.80987,20.52694,23.02774,28.49129,30.56936,29.96752,35.62156,37.65129,42.40243,47.27499,43.68794,41.34388,42.51832,44.27256,54.17466,51.18337
Mozambique,MOZ,Central bank assets to GDP (%),GFDD.DI.06,..,..,..,..,..,..,..,..,..,..,..,..,..,..,..,..,..,..,..,..,..,..,..,..,..,..,..,..,..,..,15.7151,4.87145,3.821493,5.169741,3.442885,2.731372,1.255032,0.7925613,0.2529005,0.1067493,0.008711,0.0067129,0.0092683,0.0039515,2.034369,0.8911561,1.490154,1.781211,1.686537,1.590249,1.333635,1.30355,1.264084,1.338987,1.961828,1.31003,6.013564,8.703395,8.580311,10.2411,17.49036,14.63892
Mozambique,MOZ,Credit card (% age 15+),GFDD.AI.20,..,..,..,..,..,..,..,..,..,..,..,..,..,..,..,..,..,..,..,..,..,..,..,..,..,..,..,..,..,..,..,..,..,..,..,..,..,..,..,..,..,..,..,..,..,..,..,..,..,..,..,..,..,..,..,..,..,8.948769,..,..,..,10.86717
Mozambique,MOZ,Credit to government and state-owned enterprises to GDP (%),GFDD.EI.08,..,..,..,..,..,..,..,..,..,..,..,..,..,..,..,..,..,..,..,..,..,..,..,..,..,..,..,..,..,..,1.986327,1.439636,1.540875,1.181174,0.9941549,0.420252,0.2794418,0.5691683,0.2869042,0.5698184,2.00771,2.952668,3.798949,4.489836,5.910105,7.663138,6.260472,7.002571,6.957721,9.009044,7.081697,10.11308,11.22152,13.1567,15.88755,15.92783,14.24975,19.23655,21.54287,20.37193,19.7149,..
Mozambique,MOZ,Credit flows by fintech and bigtech companies to GDP (%),GFDD.DM.16,..,..,..,..,..,..,..,..,..,..,..,..,..,..,..,..,..,..,..,..,..,..,..,..,..,..,..,..,..,..,..,..,..,..,..,..,..,..,..,..,..,..,..,..,..,..,..,..,..,..,..,..,..,0.0017674,0.0021449,0.0036988,0.0045238,0.0040094,0.0037049,0.0037037,..,..
Mozambique,MOZ,Deposit money bank assets to deposit money bank assets and central bank assets (%),GFDD.DI.04,..,..,..,..,..,..,..,..,..,..,..,..,..,..,..,..,..,..,..,..,..,..,..,..,..,..,..,..,..,..,23.70539,72.44411,79.09772,66.7821,74.618,77.66459,86.72613,92.75076,97.68088,99.1007,99.94089,99.94582,99.93034,99.96937,86.39244,94.93951,91.6561,90.64491,92.64973,94.80025,95.6299,95.98409,96.39767,96.72158,95.92832,97.3558,88.33265,83.33079,83.55903,80.16467,71.55787,75.62329
Mozambique,MOZ,Insurance company assets to GDP (%),GFDD.DI.11,..,..,..,..,..,..,..,..,..,..,..,..,..,..,..,..,..,..,..,..,..,..,..,..,..,..,..,..,..,..,..,..,..,..,..,..,..,..,..,..,..,..,..,..,..,2.1129617,2.2164829,2.0433425,2.0428607,2.4052112,2.5022972,2.8731891,3.0247151,3.5608256,3.5614555,3.6509053,4.4459439,4.1417386,3.4891204,3.9828031,4.9022366,..
Mozambique,MOZ,Gross portfolio debt assets to GDP (%),GFDD.DM.11,..,..,..,..,..,..,..,..,..,..,..,..,..,..,..,..,..,..,..,..,..,..,..,..,..,..,..,..,..,..,..,..,..,..,..,..,..,..,..,..,..,..,..,..,..,1.762868,0.7491001,1.932199,1.677709,0.0407839,0.0456698,0.2579936,0.1114562,0.4095967,0.323314,0.271764,0.1745666,0.0082045,0.0140901,0.0115244,0.021543,..
Mozambique,MOZ,Liquid liabilities to GDP (%),GFDD.DI.05,..,..,..,..,..,..,..,..,..,..,..,..,..,..,..,..,..,..,..,..,..,..,..,..,..,..,..,..,26.13082,25.78548,18.77756,17.10476,22.91541,24.0539,22.65931,21.59587,15.45727,15.54492,15.72526,16.96671,20.80233,18.41882,20.93117,21.67047,19.79989,21.5266,22.08269,24.06369,26.38932,32.65816,35.37701,34.39935,40.09584,42.35348,47.6139,52.28691,48.77973,45.9053,46.62655,48.63565,59.39861,56.4662
Myanmar,MMR,Account at a formal financial institution (% age 15+),GFDD.AI.05,..,..,..,..,..,..,..,..,..,..,..,..,..,..,..,..,..,..,..,..,..,..,..,..,..,..,..,..,..,..,..,..,..,..,..,..,..,..,..,..,..,..,..,..,..,..,..,..,..,..,..,..,..,..,22.6204,..,..,25.60925,..,..,..,36.14336
Myanmar,MMR,"Bank accounts per 1,000 adults",GFDD.AI.01,..,..,..,..,..,..,..,..,..,..,..,..,..,..,..,..,..,..,..,..,..,..,..,..,..,..,..,..,..,..,..,..,..,..,..,..,..,..,..,..,..,..,..,..,112.99356,114.50523,116.12754,119.93729,123.81732,126.19699,129.91314,122.21038,142.95662,155.56307,176.19873,197.7077,250.72783,185.64488,239.82014,341.11047,..,..
Myanmar,MMR,Bank deposits to GDP (%),GFDD.OI.02,..,9.967633,10.72658,8.238147,6.457046,5.792874,8.443448,8.097269,7.21861,5.743664,7.276333,7.600135,8.155028,7.808238,5.882125,4.646709,4.258997,4.021387,4.900843,6.122175,7.189419,8.742284,10.04114,11.37695,12.88145,13.86674,14.88302,15.06506,11.90001,10.80887,9.518907,11.37084,11.05781,10.2364,10.21368,12.68355,14.51564,13.74157,12.67402,13.40522,16.88515,18.87489,16.10533,6.193682,7.635215,7.411341,7.319624,7.331757,7.267103,9.104448,13.73329,16.58724,21.02329,26.03559,29.49785,35.2623,40.42411,45.16001,46.2417,47.86791,50.94155,..
Myanmar,MMR,Central bank assets to GDP (%),GFDD.DI.06,..,12.45954,11.32163,17.53283,24.1297,19.46239,17.58721,19.53021,18.74786,18.28002,22.21351,25.65976,32.05054,31.57471,29.64824,25.1167,21.65017,17.84569,12.66002,8.483288,3.039348,0.0024543,0.0022299,0.0020697,..,..,..,..,..,42.54689,37.46176,35.93867,34.25516,29.98087,27.87942,26.3615,26.12298,22.43194,18.00529,15.23149,16.48027,19.32258,16.99232,16.52711,17.53486,17.69795,16.55737,15.3602,13.34024,14.79259,16.22309,16.28478,13.69564,12.9656,11.62787,14.96664,15.86589,16.53531,15.46476,14.37787,15.07462,..
Myanmar,MMR,Credit card (% age 15+),GFDD.AI.20,..,..,..,..,..,..,..,..,..,..,..,..,..,..,..,..,..,..,..,..,..,..,..,..,..,..,..,..,..,..,..,..,..,..,..,..,..,..,..,..,..,..,..,..,..,..,..,..,..,..,..,..,..,..,0,..,..,0.0560869,..,..,..,2.004537
Myanmar,MMR,Credit to government and state-owned enterprises to GDP (%),GFDD.EI.08,..,..,..,..,..,..,..,..,..,..,..,..,..,..,..,..,..,..,..,..,22.74541,31.3861,39.36421,47.20326,54.31104,60.54642,65.86192,62.90072,62.63123,0.804141,0.7642484,5.362198,3.27406,2.598063,1.817863,1.36447,1.076036,1.17564,0.9056932,2.929957,3.819689,5.289497,3.428674,1.945463,1.537716,0.7077618,0.7255263,0.8127488,1.746934,2.986418,9.121147,8.833621,14.01579,19.59879,24.95971,22.68866,23.52516,23.8407,24.25599,25.48337,18.47448,..
Myanmar,MMR,Credit flows by fintech and bigtech companies to GDP (%),GFDD.DM.16,..,..,..,..,..,..,..,..,..,..,..,..,..,..,..,..,..,..,..,..,..,..,..,..,..,..,..,..,..,..,..,..,..,..,..,..,..,..,..,..,..,..,..,..,..,..,..,..,..,..,..,..,..,0,0,0,0,0.0392355,0.0649939,0.1088973,..,..
Myanmar,MMR,Deposit money bank assets to deposit money bank assets and central bank assets (%),GFDD.DI.04,..,36.15257,39.34563,21.83323,11.07087,9.379044,11.44378,9.177028,9.81898,10.97623,17.76285,16.07724,24.86183,28.12927,25.92622,26.51714,20.86624,32.94676,57.39793,72.02406,90.502,99.99363,99.99511,99.99609,..,..,..,..,..,8.912612,13.78484,21.46718,24.27425,24.56031,25.46512,27.62123,32.1336,37.1896,41.88775,41.10628,41.08397,46.05445,46.08967,26.93954,25.56292,23.34268,21.91127,21.82997,26.83842,30.73015,46.82178,49.79632,63.203,71.70773,78.08723,73.62627,74.82433,75.28551,77.26968,78.95063,74.15506,..
Myanmar,MMR,Insurance company assets to GDP (%),GFDD.DI.11,..,..,..,..,..,..,..,..,..,..,..,..,..,..,..,..,..,..,..,..,..,..,..,..,..,..,..,..,..,..,..,..,..,..,..,..,..,..,..,..,..,..,..,..,..,..,..,..,..,..,..,..,..,..,..,..,..,..,..,..,..,..
Myanmar,MMR,Gross portfolio debt assets to GDP (%),GFDD.DM.11,..,..,..,..,..,..,..,..,..,..,..,..,..,..,..,..,..,..,..,..,..,..,..,..,..,..,..,..,..,..,..,..,..,..,..,..,..,..,..,..,..,..,..,..,..,..,..,..,..,..,..,..,..,..,7.74E-08,6.46E-08,6.13E-08,0.0543718,0.038776,0.0059908,..,..
Myanmar,MMR,Liquid liabilities to GDP (%),GFDD.DI.05,..,26.76374,29.09488,35.63677,32.32734,29.40891,30.17971,29.98281,27.08404,24.89614,24.82578,25.31865,29.46862,33.49002,29.63582,25.52515,23.72702,22.08783,23.73246,25.3318,26.90487,29.39783,30.226,32.43165,35.65268,33.04984,41.35736,28.06007,32.12755,30.64472,30.63982,34.24949,35.69071,32.4192,31.60409,33.94923,36.41747,34.08128,27.86003,25.92002,29.58039,33.03135,29.78593,20.63064,21.64755,21.66431,20.22295,19.05023,17.31378,19.89412,25.2617,28.55667,32.8904,38.61351,41.86518,48.87698,53.36195,57.72479,58.94449,60.03848,64.88211,..
Namibia,NAM,Account at a formal financial institution (% age 15+),GFDD.AI.05,..,..,..,..,..,..,..,..,..,..,..,..,..,..,..,..,..,..,..,..,..,..,..,..,..,..,..,..,..,..,..,..,..,..,..,..,..,..,..,..,..,..,..,..,..,..,..,..,..,..,..,..,..,..,58.06324,..,..,77.3442,..,..,..,65.57416
Namibia,NAM,"Bank accounts per 1,000 adults",GFDD.AI.01,..,..,..,..,..,..,..,..,..,..,..,..,..,..,..,..,..,..,..,..,..,..,..,..,..,..,..,..,..,..,..,..,..,..,..,..,..,..,..,..,..,..,..,..,103.31599,99.539232,144.48324,154.82227,156.63876,170.08777,169.81434,455.68079,670.65439,747.53206,881.12335,934.49529,913.02698,937.01578,1070.6598,1154.4555,1220.9699,..
Namibia,NAM,Bank deposits to GDP (%),GFDD.OI.02,..,..,..,..,..,..,..,..,..,..,..,..,..,..,..,..,..,..,..,..,..,..,..,..,..,..,..,..,..,..,20.34601,23.11156,28.84679,30.85903,32.21724,35.85732,37.47873,36.13226,35.74644,38.75511,38.0829,35.94616,33.68014,34.99599,35.57673,36.1074,40.16491,38.94242,40.07456,61.55824,62.0761,63.27094,55.63821,56.90603,53.2663,53.48304,52.7329,55.36018,56.00627,62.05573,70.00619,70.12787
Namibia,NAM,Central bank assets to GDP (%),GFDD.DI.06,..,..,..,..,..,..,..,..,..,..,..,..,..,..,..,..,..,..,..,..,..,..,..,..,..,..,..,..,..,..,..,..,5.217286,5.832138,5.530634,5.431045,4.99615,4.18E-05,3.74E-05,3.38E-05,2.94E-05,2.61E-05,0.0468816,0.0510886,0.0318569,0.0290419,0.0292103,0.0282292,0.0334825,0.0306662,0.0280247,0.0293739,0.0335767,0.0341814,0.0292726,0.0285917,0.1352894,0.0305798,0.2616811,0.8007857,0.0572119,2.680574
Namibia,NAM,Credit card (% age 15+),GFDD.AI.20,..,..,..,..,..,..,..,..,..,..,..,..,..,..,..,..,..,..,..,..,..,..,..,..,..,..,..,..,..,..,..,..,..,..,..,..,..,..,..,..,..,..,..,..,..,..,..,..,..,..,..,..,..,..,8.133716,..,..,15.37878,..,..,..,13.25174
Namibia,NAM,Credit to government and state-owned enterprises to GDP (%),GFDD.EI.08,..,..,..,..,..,..,..,..,..,..,..,..,..,..,..,..,..,..,..,..,..,..,..,..,..,..,..,..,..,..,0.6471682,1.22588,2.484437,3.394061,2.731915,2.566236,4.141591,5.301682,4.860081,5.980718,5.380156,4.174349,4.459794,4.938438,5.700017,5.102724,5.198272,5.1714,4.527641,4.780013,4.696243,8.931521,7.412427,7.446905,6.745245,8.823302,9.21459,10.84768,11.66608,13.96921,17.93303,..
Namibia,NAM,Credit flows by fintech and bigtech companies to GDP (%),GFDD.DM.16,..,..,..,..,..,..,..,..,..,..,..,..,..,..,..,..,..,..,..,..,..,..,..,..,..,..,..,..,..,..,..,..,..,..,..,..,..,..,..,..,..,..,..,..,..,..,..,..,..,..,..,..,..,..,..,..,..,..,..,..,..,..
Namibia,NAM,Deposit money bank assets to deposit money bank assets and central bank assets (%),GFDD.DI.04,..,..,..,..,..,..,..,..,..,..,..,..,..,..,..,..,..,..,..,..,..,..,..,..,..,..,..,..,..,..,..,..,86.68737,87.17137,87.97587,89.42601,90.00661,99.99991,99.99992,99.99992,99.99993,99.99994,99.89919,99.89732,99.93946,99.94995,99.9481,99.94946,99.93591,99.94191,99.94794,99.94958,99.94009,99.94118,99.94964,99.9545,99.7873,99.95165,99.59818,98.88311,99.92753,96.71355
Namibia,NAM,Insurance company assets to GDP (%),GFDD.DI.11,..,..,..,..,..,..,..,..,..,..,..,..,..,..,..,..,..,..,..,..,..,..,..,..,..,..,..,..,..,..,..,..,..,..,..,..,..,..,..,..,19.985402,22.978586,29.168294,30.563378,..,36.437022,35.357347,37.125959,32.060772,32.491108,32.98863,32.878694,32.430223,33.967098,33.354268,34.470437,33.811475,35.068466,34.896085,36.900603,38.415493,..
Namibia,NAM,Gross portfolio debt assets to GDP (%),GFDD.DM.11,..,..,..,..,..,..,..,..,..,..,..,..,..,..,..,..,..,..,..,..,..,..,..,..,..,..,..,..,..,..,..,..,..,..,..,..,..,..,..,..,0.1763504,..,..,..,20.21095,15.61519,15.04651,27.25727,24.44731,36.31599,31.61107,18.75597,24.38142,23.36987,19.86475,13.66651,16.4058,17.02697,14.54166,16.85572,27.54179,..
Namibia,NAM,Liquid liabilities to GDP (%),GFDD.DI.05,..,..,..,..,..,..,..,..,..,..,..,..,..,..,..,..,..,..,..,..,..,..,..,..,..,..,..,..,..,..,20.46734,23.26233,28.84679,31.71231,33.88298,37.47421,39.12122,37.87912,37.44435,40.53541,39.84327,37.59607,35.22033,36.56474,37.0587,37.57858,41.57469,40.27455,41.70119,63.23488,63.63985,65.15421,57.21499,58.72601,55.15298,49.1875,48.57681,50.98611,51.2024,56.43633,63.94971,61.72775
Nauru,NRU,Account at a formal financial institution (% age 15+),GFDD.AI.05,..,..,..,..,..,..,..,..,..,..,..,..,..,..,..,..,..,..,..,..,..,..,..,..,..,..,..,..,..,..,..,..,..,..,..,..,..,..,..,..,..,..,..,..,..,..,..,..,..,..,..,..,..,..,..,..,..,..,..,..,..,..
Nauru,NRU,"Bank accounts per 1,000 adults",GFDD.AI.01,..,..,..,..,..,..,..,..,..,..,..,..,..,..,..,..,..,..,..,..,..,..,..,..,..,..,..,..,..,..,..,..,..,..,..,..,..,..,..,..,..,..,..,..,..,..,..,..,..,..,..,..,..,..,..,..,..,..,..,..,..,..
Nauru,NRU,Bank deposits to GDP (%),GFDD.OI.02,..,..,..,..,..,..,..,..,..,..,..,..,..,..,..,..,..,..,..,..,..,..,..,..,..,..,..,..,..,..,..,..,..,..,..,..,..,..,..,..,..,..,..,..,..,..,..,..,..,..,..,..,..,..,..,..,..,..,..,..,..,..
Nauru,NRU,Central bank assets to GDP (%),GFDD.DI.06,..,..,..,..,..,..,..,..,..,..,..,..,..,..,..,..,..,..,..,..,..,..,..,..,..,..,..,..,..,..,..,..,..,..,..,..,..,..,..,..,..,..,..,..,..,..,..,..,..,..,..,..,..,..,..,..,..,..,..,..,..,..
Nauru,NRU,Credit card (% age 15+),GFDD.AI.20,..,..,..,..,..,..,..,..,..,..,..,..,..,..,..,..,..,..,..,..,..,..,..,..,..,..,..,..,..,..,..,..,..,..,..,..,..,..,..,..,..,..,..,..,..,..,..,..,..,..,..,..,..,..,..,..,..,..,..,..,..,..
Nauru,NRU,Credit to government and state-owned enterprises to GDP (%),GFDD.EI.08,..,..,..,..,..,..,..,..,..,..,..,..,..,..,..,..,..,..,..,..,..,..,..,..,..,..,..,..,..,..,..,..,..,..,..,..,..,..,..,..,..,..,..,..,..,..,..,..,..,..,..,..,..,..,..,..,..,..,..,..,..,..
Nauru,NRU,Credit flows by fintech and bigtech companies to GDP (%),GFDD.DM.16,..,..,..,..,..,..,..,..,..,..,..,..,..,..,..,..,..,..,..,..,..,..,..,..,..,..,..,..,..,..,..,..,..,..,..,..,..,..,..,..,..,..,..,..,..,..,..,..,..,..,..,..,..,..,..,..,..,..,..,..,..,..
Nauru,NRU,Deposit money bank assets to deposit money bank assets and central bank assets (%),GFDD.DI.04,..,..,..,..,..,..,..,..,..,..,..,..,..,..,..,..,..,..,..,..,..,..,..,..,..,..,..,..,..,..,..,..,..,..,..,..,..,..,..,..,..,..,..,..,..,..,..,..,..,..,..,..,..,..,..,..,..,..,..,..,..,..
Nauru,NRU,Insurance company assets to GDP (%),GFDD.DI.11,..,..,..,..,..,..,..,..,..,..,..,..,..,..,..,..,..,..,..,..,..,..,..,..,..,..,..,..,..,..,..,..,..,..,..,..,..,..,..,..,..,..,..,..,..,..,..,..,..,..,..,..,..,..,..,..,..,..,..,..,..,..
Nauru,NRU,Gross portfolio debt assets to GDP (%),GFDD.DM.11,..,..,..,..,..,..,..,..,..,..,..,..,..,..,..,..,..,..,..,..,..,..,..,..,..,..,..,..,..,..,..,..,..,..,..,..,..,..,..,..,..,..,..,..,..,..,..,..,..,..,..,..,..,..,..,..,..,..,..,..,..,..
Nauru,NRU,Liquid liabilities to GDP (%),GFDD.DI.05,..,..,..,..,..,..,..,..,..,..,..,..,..,..,..,..,..,..,..,..,..,..,..,..,..,..,..,..,..,..,..,..,..,..,..,..,..,..,..,..,..,..,..,..,..,..,..,..,..,..,..,..,..,..,..,..,..,..,..,..,..,..
Nepal,NPL,Account at a formal financial institution (% age 15+),GFDD.AI.05,..,..,..,..,..,..,..,..,..,..,..,..,..,..,..,..,..,..,..,..,..,..,..,..,..,..,..,..,..,..,..,..,..,..,..,..,..,..,..,..,..,..,..,..,..,..,..,..,..,..,..,25.30856,..,..,33.80135,..,..,45.38558,..,..,..,52.80207
Nepal,NPL,"Bank accounts per 1,000 adults",GFDD.AI.01,..,..,..,..,..,..,..,..,..,..,..,..,..,..,..,..,..,..,..,..,..,..,..,..,..,..,..,..,..,..,..,..,..,..,..,..,..,..,..,..,..,..,..,..,..,..,..,..,..,..,..,..,..,..,..,..,..,..,..,..,..,..
Nepal,NPL,Bank deposits to GDP (%),GFDD.OI.02,1.884844,1.877622,1.847279,1.783391,1.839823,1.906062,1.693184,2.085526,2.448896,3.323585,3.342556,4.689954,5.620367,6.465454,5.946158,6.71848,9.300824,9.974957,10.7793,11.03271,12.64911,13.28433,15.05231,15.81873,14.81224,15.36523,14.96391,15.94103,16.74236,17.71247,17.9251,17.97032,18.06893,19.71861,20.49351,21.83678,21.85084,22.94595,27.1352,29.21849,31.59173,34.1222,33.89099,35.24701,36.42909,36.51479,38.91995,42.4034,46.42583,58.53296,53.46735,56.0286,57.04906,62.53307,64.11699,71.091,79.94035,76.38979,83.01885,85.80957,103.111,109.4767
Nepal,NPL,Central bank assets to GDP (%),GFDD.DI.06,1.642138,0.3133481,0.5486968,0.3406277,0.4240784,0.5816826,0.580588,0.1745158,0.3718918,0.1777497,0.1409284,0.1553547,0.1031581,0.1765742,0.5339231,1.12434,1.65716,1.524926,2.840786,3.034887,3.52243,3.438115,5.21924,7.309104,8.026839,8.708718,8.651034,7.235286,6.555645,7.539409,7.693059,5.77214,5.676425,5.478862,5.034961,6.413812,5.987321,6.008165,5.656601,4.927459,4.915331,4.205992,4.722242,2.347891,2.207,2.715074,2.237372,3.246923,2.506898,2.635271,2.650097,2.404724,1.73769,1.572856,1.262542,0.9020683,0.8263214,1.468733,2.10582,1.74701,1.793011,2.128395
Nepal,NPL,Credit card (% age 15+),GFDD.AI.20,..,..,..,..,..,..,..,..,..,..,..,..,..,..,..,..,..,..,..,..,..,..,..,..,..,..,..,..,..,..,..,..,..,..,..,..,..,..,..,..,..,..,..,..,..,..,..,..,..,..,..,0.593601,..,..,0.4207455,..,..,0.6733659,..,..,..,1.872311
Nepal,NPL,Credit to government and state-owned enterprises to GDP (%),GFDD.EI.08,..,..,..,..,..,..,..,..,..,..,..,..,..,..,..,..,..,..,..,..,4.911424,4.680033,5.518594,7.067905,6.21041,6.736025,6.1227,7.123081,6.952171,5.937494,5.764692,7.184172,6.600599,6.727121,4.859919,3.493022,3.48889,3.347143,3.080619,4.021842,4.266317,6.846417,9.851774,11.25783,10.64282,9.799219,10.70185,9.174145,11.02006,8.404363,9.405875,10.41299,11.00642,11.30248,9.707837,10.93862,10.2265,14.7247,12.89666,13.83137,20.48727,..
Nepal,NPL,Credit flows by fintech and bigtech companies to GDP (%),GFDD.DM.16,..,..,..,..,..,..,..,..,..,..,..,..,..,..,..,..,..,..,..,..,..,..,..,..,..,..,..,..,..,..,..,..,..,..,..,..,..,..,..,..,..,..,..,..,..,..,..,..,..,..,..,..,..,..,..,..,..,..,..,..,..,..
Nepal,NPL,Deposit money bank assets to deposit money bank assets and central bank assets (%),GFDD.DI.04,38.7873,79.48303,69.11197,75.66879,75.69316,73.24883,73.36956,91.39194,84.82896,92.71979,94.91988,95.96242,97.43701,96.40103,91.47823,85.77774,80.83762,84.87017,76.54591,75.7933,76.57578,77.47814,70.37529,63.64376,60.3088,60.74427,61.30851,66.71187,70.28789,67.47227,66.40216,74.47338,74.33408,76.16422,79.19066,76.9865,78.34498,78.52249,81.95062,84.41995,85.24866,88.1973,86.22871,93.08091,93.64329,92.40267,94.22669,92.40469,94.59135,95.70804,95.45441,95.8133,97.08885,97.4461,98.02805,98.65764,98.95822,98.22366,97.64938,98.12169,98.33886,98.30734
Nepal,NPL,Insurance company assets to GDP (%),GFDD.DI.11,..,..,..,..,..,..,..,..,..,..,..,..,..,..,..,..,..,..,..,..,..,..,..,..,..,..,..,..,..,..,..,..,..,..,..,..,..,..,..,..,..,..,..,..,..,..,0.57732635,0.60082964,0.68043208,3.7453574,3.9789612,4.4780874,4.8342036,4.7876146,5.1461013,5.8352712,7.0230871,6.9504769,8.5883742,10.020896,..,..
Nepal,NPL,Gross portfolio debt assets to GDP (%),GFDD.DM.11,..,..,..,..,..,..,..,..,..,..,..,..,..,..,..,..,..,..,..,..,..,..,..,..,..,..,..,..,..,..,..,..,..,..,..,..,..,..,..,..,..,..,..,..,..,..,..,..,..,..,..,..,0.0244858,..,..,..,..,..,..,..,..,..
Nepal,NPL,Liquid liabilities to GDP (%),GFDD.DI.05,5.411826,6.323711,6.097394,5.976144,6.74978,7.621348,6.586713,7.446009,8.726089,10.31172,8.713914,10.72534,11.21538,12.95771,11.90902,12.30544,15.62755,16.7105,17.50307,18.04291,20.17282,20.52878,22.79173,23.46839,22.46234,22.58705,22.5358,24.07224,24.42437,25.45032,26.08642,26.74269,26.1243,28.39062,29.53119,30.99204,30.61919,35.19676,36.48771,39.05156,41.8306,45.07238,44.46564,45.74445,47.13096,47.23496,49.65757,52.92443,58.21826,70.55984,64.06854,66.34244,67.71801,74.31578,75.36024,86.3804,94.20592,89.40509,95.33182,97.16994,116.9676,122.7795
Netherlands,NLD,Account at a formal financial institution (% age 15+),GFDD.AI.05,..,..,..,..,..,..,..,..,..,..,..,..,..,..,..,..,..,..,..,..,..,..,..,..,..,..,..,..,..,..,..,..,..,..,..,..,..,..,..,..,..,..,..,..,..,..,..,..,..,..,..,98.65853,..,..,99.2956,..,..,99.63762,..,..,..,99.73317
Netherlands,NLD,"Bank accounts per 1,000 adults",GFDD.AI.01,..,..,..,..,..,..,..,..,..,..,..,..,..,..,..,..,..,..,..,..,..,..,..,..,..,..,..,..,..,..,..,..,..,..,..,..,..,..,..,..,..,..,..,..,..,..,..,..,..,..,..,..,..,..,..,..,..,..,..,..,..,..
Netherlands,NLD,Bank deposits to GDP (%),GFDD.OI.02,43.5355,45.03325,46.28237,48.0476,44.98332,44.4739,44.22604,46.03765,48.02396,44.10352,44.37686,44.99644,46.12149,46.89297,46.32531,48.50336,49.79501,52.28813,54.1726,56.42806,55.20377,56.65625,57.78708,58.18323,58.86498,60.9763,62.42853,62.51726,64.43318,67.48618,68.50923,68.20847,68.98455,71.12925,67.81596,68.56612,69.48721,69.55276,..,..,..,76.00652,76.09156,81.76557,82.17996,91.52361,94.52242,90.24792,92.42102,96.28194,96.24461,97.25444,96.84486,94.0413,102.4711,99.85855,98.95586,98.31741,92.52159,92.29904,103.2301,104.328
Netherlands,NLD,Central bank assets to GDP (%),GFDD.DI.06,1.022473,1.080148,1.131598,0.9908513,0.8937573,0.8392294,0.8045492,0.8214324,0.77458,0.7296478,0.6731443,0.6747872,0.6395953,0.5835481,0.5355232,0.4780522,0.4683981,0.493369,0.5145033,0.6006822,0.5884038,0.6829319,0.7377517,0.7206513,0.8796808,0.7287963,0.9210997,0.909186,1.103796,1.448972,1.344763,1.391793,1.15856,0.7221568,0.6477944,0.6254252,0.6245281,0.6101292,0.589588,..,..,0.3938732,0.1434737,0.0805366,0.156815,0.0836838,0.0879315,0.1708739,0.2385669,0.1750843,0.1860175,0.2792304,0.1684621,0.1933492,0.4915421,3.677783,8.427203,11.30454,11.55872,10.52832,14.57077,18.05653
Netherlands,NLD,Credit card (% age 15+),GFDD.AI.20,..,..,..,..,..,..,..,..,..,..,..,..,..,..,..,..,..,..,..,..,..,..,..,..,..,..,..,..,..,..,..,..,..,..,..,..,..,..,..,..,..,..,..,..,..,..,..,..,..,..,..,41.38729,..,..,33.63199,..,..,39.10099,..,..,..,37.42832
Netherlands,NLD,Credit to government and state-owned enterprises to GDP (%),GFDD.EI.08,..,..,..,..,..,..,..,..,..,..,..,..,..,..,..,..,..,..,..,..,34.01107,33.92105,31.30142,33.35879,33.7702,36.13026,39.77996,38.75264,53.20808,48.26438,46.47872,42.96219,41.21019,41.92507,41.26101,40.55264,39.59521,38.03265,..,..,..,11.15358,11.15663,11.48613,11.11932,11.01668,9.843023,8.978794,9.552255,9.828884,12.73242,12.60273,15.25546,15.28534,15.52013,14.88925,13.36412,11.86987,10.0866,9.471684,8.713341,..
Netherlands,NLD,Credit flows by fintech and bigtech companies to GDP (%),GFDD.DM.16,..,..,..,..,..,..,..,..,..,..,..,..,..,..,..,..,..,..,..,..,..,..,..,..,..,..,..,..,..,..,..,..,..,..,..,..,..,..,..,..,..,..,..,..,..,..,..,..,..,..,..,..,..,0,0,0,0,0,0,0,..,..
Netherlands,NLD,Deposit money bank assets to deposit money bank assets and central bank assets (%),GFDD.DI.04,97.6427,97.64571,97.62658,98.01691,98.12856,98.28872,98.38823,98.4389,98.58341,98.53848,98.65845,98.6524,98.7711,98.90137,98.98231,99.11961,99.15581,99.19531,99.23663,99.16417,99.20432,99.07592,98.97855,99.01344,98.78487,99.01289,98.81988,98.86658,98.87029,98.4961,98.6011,98.55119,98.79236,99.26873,99.35498,99.40628,99.43539,99.46867,..,..,..,99.67719,99.88092,99.9331,99.87363,99.93434,99.92877,99.86053,99.80236,99.8624,99.85305,99.78079,99.87273,99.85049,99.62882,97.1746,93.81969,91.58372,90.90797,91.20323,88.26534,85.27889
Netherlands,NLD,Insurance company assets to GDP (%),GFDD.DI.11,..,..,..,..,..,..,..,..,..,..,..,..,..,..,..,..,..,..,..,..,..,..,..,..,..,..,..,..,..,..,..,..,..,..,..,49.654526,53.920929,57.760821,61.838471,63.66248,61.902139,59.227693,54.891976,57.123496,58.256217,63.474821,63.043456,61.381527,58.683896,61.468659,63.855804,66.73345,71.568198,67.463582,76.33242,70.597587,70.599164,64.892311,60.958776,63.64182,69.044176,..
Netherlands,NLD,Gross portfolio debt assets to GDP (%),GFDD.DM.11,..,..,..,..,..,..,..,..,..,..,..,..,..,..,..,..,..,..,..,..,..,..,..,..,..,..,..,..,..,..,..,..,..,..,..,..,..,..,..,45.55413,53.82524,58.0816,74.41322,89.39126,99.67629,99.54295,104.4705,106.065,84.37252,105.0463,99.35535,90.97228,112.697,109.7601,108.6758,118.1583,118.6477,123.6183,109.4064,117.565,133.1855,..
Netherlands,NLD,Liquid liabilities to GDP (%),GFDD.DI.05,54.7827,56.54739,57.9152,59.63534,55.91522,55.22734,54.81807,56.03909,57.23252,52.12802,51.93562,52.02367,52.96282,53.17905,52.14486,54.53503,55.5956,58.15274,60.01125,62.33306,61.13059,62.37046,63.74108,64.61429,65.32398,67.44715,68.95203,69.71217,71.67354,74.65073,75.45232,74.78332,75.24548,77.30353,73.76118,74.25553,74.98247,74.73591,..,..,..,81.31281,82.61572,89.02557,90.47188,99.68288,105.3113,101.5579,103.2642,109.3478,110.3776,113.0211,114.759,112.7362,125.2782,120.4051,120.4414,116.2105,110.3981,110.4854,122.8129,124.1216
New Caledonia,NCL,Account at a formal financial institution (% age 15+),GFDD.AI.05,..,..,..,..,..,..,..,..,..,..,..,..,..,..,..,..,..,..,..,..,..,..,..,..,..,..,..,..,..,..,..,..,..,..,..,..,..,..,..,..,..,..,..,..,..,..,..,..,..,..,..,..,..,..,..,..,..,..,..,..,..,..
New Caledonia,NCL,"Bank accounts per 1,000 adults",GFDD.AI.01,..,..,..,..,..,..,..,..,..,..,..,..,..,..,..,..,..,..,..,..,..,..,..,..,..,..,..,..,..,..,..,..,..,..,..,..,..,..,..,..,..,..,..,..,..,..,..,..,..,..,..,..,..,..,..,..,..,..,..,..,..,..
New Caledonia,NCL,Bank deposits to GDP (%),GFDD.OI.02,..,..,..,..,..,..,..,..,..,..,..,..,..,..,..,..,..,..,..,..,..,..,..,..,..,..,..,..,..,..,..,..,..,..,..,..,..,..,..,..,..,..,..,..,..,..,..,..,..,..,..,..,..,..,..,..,..,..,..,..,..,..
New Caledonia,NCL,Central bank assets to GDP (%),GFDD.DI.06,..,..,..,..,..,..,..,..,..,..,..,..,..,..,..,..,..,..,..,..,..,..,..,..,..,..,..,..,..,..,..,..,..,..,..,..,..,..,..,..,..,..,..,..,..,..,..,..,..,..,..,..,..,..,..,..,..,..,..,..,..,..
New Caledonia,NCL,Credit card (% age 15+),GFDD.AI.20,..,..,..,..,..,..,..,..,..,..,..,..,..,..,..,..,..,..,..,..,..,..,..,..,..,..,..,..,..,..,..,..,..,..,..,..,..,..,..,..,..,..,..,..,..,..,..,..,..,..,..,..,..,..,..,..,..,..,..,..,..,..
New Caledonia,NCL,Credit to government and state-owned enterprises to GDP (%),GFDD.EI.08,..,..,..,..,..,..,..,..,..,..,..,..,..,..,..,..,..,..,..,..,..,..,..,..,..,..,..,..,..,..,..,..,..,..,..,..,..,..,..,..,..,..,..,..,..,..,..,..,..,..,..,..,..,..,..,..,..,..,..,..,..,..
New Caledonia,NCL,Credit flows by fintech and bigtech companies to GDP (%),GFDD.DM.16,..,..,..,..,..,..,..,..,..,..,..,..,..,..,..,..,..,..,..,..,..,..,..,..,..,..,..,..,..,..,..,..,..,..,..,..,..,..,..,..,..,..,..,..,..,..,..,..,..,..,..,..,..,..,..,..,..,..,..,..,..,..
New Caledonia,NCL,Deposit money bank assets to deposit money bank assets and central bank assets (%),GFDD.DI.04,..,..,..,..,..,..,..,..,..,..,..,..,..,..,..,..,..,..,..,..,..,..,..,..,..,..,..,..,..,..,..,..,..,..,..,..,..,..,..,..,..,..,..,..,..,..,..,..,..,..,..,..,..,..,..,..,..,..,..,..,..,..
New Caledonia,NCL,Insurance company assets to GDP (%),GFDD.DI.11,..,..,..,..,..,..,..,..,..,..,..,..,..,..,..,..,..,..,..,..,..,..,..,..,..,..,..,..,..,..,..,..,..,..,..,..,..,..,..,..,..,..,..,..,..,..,..,..,..,..,..,..,..,..,..,..,..,..,..,..,..,..
New Caledonia,NCL,Gross portfolio debt assets to GDP (%),GFDD.DM.11,..,..,..,..,..,..,..,..,..,..,..,..,..,..,..,..,..,..,..,..,..,..,..,..,..,..,..,..,..,..,..,..,..,..,..,..,..,..,..,..,..,..,..,..,..,..,..,..,..,..,..,..,..,..,..,..,..,..,..,..,..,..
New Caledonia,NCL,Liquid liabilities to GDP (%),GFDD.DI.05,..,..,..,..,..,..,..,..,..,..,..,..,..,..,..,..,..,..,..,..,..,..,..,..,..,..,..,..,..,..,..,..,..,..,..,..,..,..,..,..,..,..,..,..,..,..,..,..,..,..,..,..,..,..,..,..,..,..,..,..,..,..
New Zealand,NZL,Account at a formal financial institution (% age 15+),GFDD.AI.05,..,..,..,..,..,..,..,..,..,..,..,..,..,..,..,..,..,..,..,..,..,..,..,..,..,..,..,..,..,..,..,..,..,..,..,..,..,..,..,..,..,..,..,..,..,..,..,..,..,..,..,99.43673,..,..,99.52554,..,..,99.17845,..,..,..,98.75238
New Zealand,NZL,"Bank accounts per 1,000 adults",GFDD.AI.01,..,..,..,..,..,..,..,..,..,..,..,..,..,..,..,..,..,..,..,..,..,..,..,..,..,..,..,..,..,..,..,..,..,..,..,..,..,..,..,..,..,..,..,..,..,..,..,..,..,..,..,..,..,..,..,..,..,..,..,..,..,..
New Zealand,NZL,Bank deposits to GDP (%),GFDD.OI.02,..,..,..,..,..,..,..,..,..,..,..,..,..,..,..,..,..,..,..,..,..,..,..,..,..,..,..,..,61.85211,63.94967,68.03939,70.35001,71.14335,70.57759,71.51733,73.46579,79.40655,81.87574,80.47347,81.88187,78.12801,79.88618,75.47609,78.12397,74.78587,77.8967,82.66346,84.841,90.5434,88.79797,91.68484,..,..,92.83057,93.7622,98.55534,100.2755,100.1336,100.9012,99.81349,110.576,109.3845
New Zealand,NZL,Central bank assets to GDP (%),GFDD.DI.06,8.927845,7.937554,7.851061,7.181289,6.995389,5.935835,6.048381,6.624846,4.063964,2.844521,..,1.246098,0.6111535,1.527769,5.051236,5.455831,6.424305,7.04283,5.872363,5.273241,4.388566,4.81666,4.381548,3.700559,5.828145,2.210367,2.843406,3.397238,4.66333,4.937973,3.818158,3.770797,2.770952,2.740775,3.274068,3.231566,3.637381,3.595886,3.587125,2.444474,2.725697,2.64097,2.686285,2.621969,3.081742,3.093886,2.977159,2.472466,2.743539,2.728308,2.685588,1.505995,3.479451,1.263199,1.878006,1.30449,1.233954,1.161949,2.001764,1.175542,18.0749,18.46306
New Zealand,NZL,Credit card (% age 15+),GFDD.AI.20,..,..,..,..,..,..,..,..,..,..,..,..,..,..,..,..,..,..,..,..,..,..,..,..,..,..,..,..,..,..,..,..,..,..,..,..,..,..,..,..,..,..,..,..,..,..,..,..,..,..,..,59.20004,..,..,61.41253,..,..,60.86561,..,..,..,57.20592
New Zealand,NZL,Credit to government and state-owned enterprises to GDP (%),GFDD.EI.08,..,..,..,..,..,..,..,..,..,..,..,..,..,..,..,..,..,..,..,..,5.818586,4.151798,5.189102,5.504737,6.902267,9.432087,7.973417,7.66732,9.923862,7.740555,9.289756,9.574423,10.9276,8.544546,6.65739,4.479483,3.286592,3.437428,4.141682,6.226482,6.037931,7.380091,6.973827,6.451729,4.553074,4.120198,2.272579,2.148921,2.834372,6.778076,8.317903,..,..,7.986375,7.24091,6.292805,8.660744,8.15224,8.81707,9.460238,13.57654,..
New Zealand,NZL,Credit flows by fintech and bigtech companies to GDP (%),GFDD.DM.16,..,..,..,..,..,..,..,..,..,..,..,..,..,..,..,..,..,..,..,..,..,..,..,..,..,..,..,..,..,..,..,..,..,..,..,..,..,..,..,..,..,..,..,..,..,..,..,..,..,..,..,..,..,0,0,0,0,0,0,0,..,..
New Zealand,NZL,Deposit money bank assets to deposit money bank assets and central bank assets (%),GFDD.DI.04,62.57066,66.34699,63.87588,64.57914,63.84615,68.25027,68.23022,64.79343,76.47868,84.5676,..,92.3621,96.50676,92.50912,77.58248,78.5832,75.19254,74.4828,80.17299,82.04999,84.15511,82.16451,84.12336,86.24244,81.44866,93.15575,91.93905,91.30019,94.46055,94.20838,95.53929,95.84411,97.12199,97.04733,96.50335,96.68492,96.40288,96.68008,96.84332,97.93331,97.69054,97.77611,97.60985,97.78234,97.41846,97.60963,97.82577,98.25749,98.17234,98.22137,98.26365,..,..,99.1722,98.75701,99.15041,99.2146,99.24215,98.70297,99.23592,89.81496,89.32471
New Zealand,NZL,Insurance company assets to GDP (%),GFDD.DI.11,..,..,..,..,..,..,..,..,..,..,..,..,..,..,..,..,..,..,..,..,..,..,..,..,..,..,..,..,..,..,..,..,..,..,..,..,..,..,..,..,..,..,..,..,..,..,..,..,..,9.3188377,9.1260642,..,16.272953,15.104381,13.106758,12.734715,8.1237889,7.3406845,6.3027331,6.2415414,6.797509,..
New Zealand,NZL,Gross portfolio debt assets to GDP (%),GFDD.DM.11,..,..,..,..,..,..,..,..,..,..,..,..,..,..,..,..,..,..,..,..,..,..,..,..,..,..,..,..,..,..,..,..,..,..,..,..,..,..,..,..,8.000553,8.530694,9.341735,6.857509,6.176103,4.841039,5.433312,6.336326,5.66675,8.776823,8.374364,8.54761,10.38888,11.2106,14.67093,16.17437,16.85123,16.24308,16.49619,17.99807,22.16484,..
New Zealand,NZL,Liquid liabilities to GDP (%),GFDD.DI.05,30.26099,28.61084,26.54982,24.89863,24.2606,22.37416,22.54241,21.15012,20.57903,20.80332,..,19.81853,23.49479,26.89273,25.94125,25.50518,24.60412,25.19172,27.72188,28.15752,26.42157,25.25736,25.46365,24.3501,25.94273,29.78538,30.97931,32.37088,63.68055,65.50726,69.38552,71.86397,72.69028,72.02441,73.06598,75.08914,80.89749,83.44772,82.10181,83.74983,79.87644,81.6368,77.31118,79.96072,76.57458,79.77501,84.47526,86.58309,92.40485,90.6638,93.53056,..,..,94.73689,83.26498,87.72226,89.1231,89.11774,89.49509,88.52181,99.34013,111.7803
Nicaragua,NIC,Account at a formal financial institution (% age 15+),GFDD.AI.05,..,..,..,..,..,..,..,..,..,..,..,..,..,..,..,..,..,..,..,..,..,..,..,..,..,..,..,..,..,..,..,..,..,..,..,..,..,..,..,..,..,..,..,..,..,..,..,..,..,..,..,14.21833,..,..,18.85481,..,..,28.43283,..,..,..,23.19142
Nicaragua,NIC,"Bank accounts per 1,000 adults",GFDD.AI.01,..,..,..,..,..,..,..,..,..,..,..,..,..,..,..,..,..,..,..,..,..,..,..,..,..,..,..,..,..,..,..,..,..,..,..,..,..,..,..,..,..,..,..,..,..,..,..,..,251.79929,228.18697,223.72431,242.67596,228.44069,240.83128,263.39981,282.48399,312.2557,373.05294,317.03714,317.68435,352.92693,399.67294
Nicaragua,NIC,Bank deposits to GDP (%),GFDD.OI.02,..,..,..,47.2635,43.9558,41.70391,34.77942,26.49763,18.20856,14.30993,12.84914,11.59237,11.28724,12.41998,11.32542,10.62779,12.77387,11.12307,10.29213,15.04705,13.93191,16.89004,17.93574,26.13239,30.33432,28.4992,25.0426,25.11132,33.18116,11.48189,11.21538,6.46625,6.263337,7.064551,11.20274,13.15329,17.9826,24.61249,27.72604,27.95011,26.53453,25.65866,28.11182,29.12413,29.55253,27.93543,26.73051,27.24586,24.6016,28.7234,31.67933,30.27218,30.97633,34.01056,34.37037,36.76317,36.67992,37.62008,30.19054,30.91165,33.68641,33.12598
Nicaragua,NIC,Central bank assets to GDP (%),GFDD.DI.06,1.73582,1.734303,3.058629,14.67406,10.18185,7.14108,5.319285,3.86549,6.362494,5.551043,4.229313,3.295787,2.570932,3.526216,2.324873,2.542288,2.499249,2.224196,6.58783,9.664077,14.28972,15.59487,21.65756,45.88853,49.03396,39.75297,22.99331,17.15692,19.21144,1.403458,11.15518,7.731996,106.1516,93.36626,91.05104,73.61118,50.73142,52.58968,49.33025,47.62626,44.41284,60.72089,60.37658,58.05977,50.57726,45.67813,39.69458,35.92072,30.92575,31.86101,28.60482,25.19177,22.76147,21.31601,18.08058,16.09078,14.74508,13.36448,13.45555,13.29529,12.8044,11.20683
Nicaragua,NIC,Credit card (% age 15+),GFDD.AI.20,..,..,..,..,..,..,..,..,..,..,..,..,..,..,..,..,..,..,..,..,..,..,..,..,..,..,..,..,..,..,..,..,..,..,..,..,..,..,..,..,..,..,..,..,..,..,..,..,..,..,..,2.486609,..,..,3.505794,..,..,4.936,..,..,..,2.886565
Nicaragua,NIC,Credit to government and state-owned enterprises to GDP (%),GFDD.EI.08,..,..,..,..,..,..,..,..,..,..,..,..,..,..,..,..,..,..,..,..,..,1.552369,0.7388165,18.7869,19.77368,14.04247,9.672705,14.12128,27.12,15.44537,20.0457,4.632565,0.1150458,0.0830319,0.1795028,0.0320742,1.574641,0.9273196,0.7522571,2.342748,2.572058,2.482194,3.303911,4.59174,5.690621,5.538657,4.818084,4.396241,2.896085,2.893313,3.801185,3.786662,3.001287,3.393173,2.810951,2.601811,3.073862,3.069163,1.561113,2.795052,3.801732,..
Nicaragua,NIC,Credit flows by fintech and bigtech companies to GDP (%),GFDD.DM.16,..,..,..,..,..,..,..,..,..,..,..,..,..,..,..,..,..,..,..,..,..,..,..,..,..,..,..,..,..,..,..,..,..,..,..,..,..,..,..,..,..,..,..,..,..,..,..,..,..,..,..,..,..,..,..,..,..,..,..,..,..,..
Nicaragua,NIC,Deposit money bank assets to deposit money bank assets and central bank assets (%),GFDD.DI.04,89.85579,89.5962,82.895,84.44735,87.21745,89.90919,91.88628,92.8802,87.12723,85.91591,86.84906,87.42307,88.21109,84.42629,89.6219,87.85616,88.32734,89.48162,76.23685,80.01822,77.32994,73.07795,66.72762,48.91492,43.04656,42.33674,51.09789,61.08742,70.30951,93.57575,73.5666,60.32021,9.054028,12.33307,14.84933,18.38239,22.15801,24.53613,29.41688,34.85682,37.00328,21.0122,23.34402,27.68103,33.31639,38.07784,44.01361,49.00447,50.09642,47.0188,49.52475,52.40315,56.64879,60.58327,65.27141,69.54663,72.9511,75.92741,73.61089,71.19557,71.21854,72.53479
Nicaragua,NIC,Insurance company assets to GDP (%),GFDD.DI.11,..,..,..,..,..,..,..,..,..,..,..,..,..,..,..,..,..,..,..,..,..,..,..,..,..,..,..,..,..,..,..,..,..,..,..,..,..,..,..,..,..,0.27347818,0.28074417,0.2874597,0.2777844,0.28571483,0.3367534,0.35117874,1.7374875,1.9383827,1.9605019,1.9131207,1.9934128,2.1334154,2.2032234,2.2597569,2.4371448,2.6870835,2.9141021,3.0991565,3.1397892,..
Nicaragua,NIC,Gross portfolio debt assets to GDP (%),GFDD.DM.11,..,..,..,..,..,..,..,..,..,..,..,..,..,..,..,..,..,..,..,..,..,..,..,..,..,..,..,..,..,..,..,..,..,..,..,..,..,..,..,..,..,..,..,..,..,..,..,..,0.0294223,0.1313458,0.8814193,2.900455,2.087919,0.8194492,0.4738517,0.4664217,1.506839,1.463815,1.053287,3.717788,4.761761,..
Nicaragua,NIC,Liquid liabilities to GDP (%),GFDD.DI.05,..,..,..,79.04262,67.6969,60.02971,51.07738,38.05404,26.52336,20.78038,18.5539,15.94476,15.71267,16.44398,14.77353,13.85325,17.03098,14.91888,14.32151,23.52169,21.28549,24.94267,26.88947,42.49469,53.84797,50.47161,44.71243,46.55947,50.81019,17.05069,17.24026,9.23077,8.940265,9.327382,13.92687,15.66342,20.49652,27.39477,30.61213,31.10921,30.10618,25.66119,28.11381,29.13082,29.5537,27.93816,26.73203,27.24761,24.62383,27.52616,29.82714,28.47997,29.16801,32.02602,32.54962,34.6953,35.20792,36.52973,28.9315,29.15167,31.78813,31.41491
Niger,NER,Account at a formal financial institution (% age 15+),GFDD.AI.05,..,..,..,..,..,..,..,..,..,..,..,..,..,..,..,..,..,..,..,..,..,..,..,..,..,..,..,..,..,..,..,..,..,..,..,..,..,..,..,..,..,..,..,..,..,..,..,..,..,..,..,1.521699,..,..,3.490045,..,..,9.516152,..,..,..,..
Niger,NER,"Bank accounts per 1,000 adults",GFDD.AI.01,..,..,..,..,..,..,..,..,..,..,..,..,..,..,..,..,..,..,..,..,..,..,..,..,..,..,..,..,..,..,..,..,..,..,..,..,..,..,..,..,..,..,..,..,16.247319,11.333884,13.491291,18.446513,21.764436,23.64102,26.201966,30.396059,34.938572,40.953236,50.310081,49.876041,59.001408,50.970636,53.380715,58.334005,67.152869,..
Niger,NER,Bank deposits to GDP (%),GFDD.OI.02,0.8074629,0.8393223,1.281827,1.503636,1.568563,1.333172,1.396785,1.9727,2.089554,2.474478,2.40371,2.971515,3.334384,3.936683,4.158367,5.44699,5.949278,6.90767,8.419665,8.077978,8.606792,9.84794,7.0273,7.265609,10.73391,11.29295,12,11.49754,12.95701,13.78844,9.863211,8.278045,8.895268,8.119477,7.199826,6.266484,5.245389,4.045365,3.374764,3.691238,4.426136,4.747654,4.907142,5.387251,6.662599,5.688796,5.915548,7.990923,7.655858,8.308096,8.949143,8.311367,9.647212,9.564295,11.14636,10.65989,9.923732,10.1688,9.080136,10.1569,11.84819,13.31892
Niger,NER,Central bank assets to GDP (%),GFDD.DI.06,..,..,0.0307024,0.0069613,0.014005,0.0121197,1.477927,4.146945,4.661652,5.027627,0.0055667,0.0015708,0.0016026,0.0009481,0.0004049,0.0017798,0.0007863,0.1853223,1.099911,1.016963,2.06283,2.07425,2.403771,4.054577,4.865623,6.004327,7.238246,6.250588,5.48881,5.447289,3.507405,3.521457,3.454951,3.815466,4.392097,4.571211,4.646812,5.062205,4.763325,4.448635,5.021126,4.774419,5.164898,5.548818,5.570538,4.572901,2.001518,2.026288,1.872944,2.828989,2.501513,2.371796,2.076555,1.881581,1.993856,2.203838,2.020541,2.080829,2.031418,2.097343,2.965595,4.208043
Niger,NER,Credit card (% age 15+),GFDD.AI.20,..,..,..,..,..,..,..,..,..,..,..,..,..,..,..,..,..,..,..,..,..,..,..,..,..,..,..,..,..,..,..,..,..,..,..,..,..,..,..,..,..,..,..,..,..,..,..,..,..,..,..,0.3673881,..,..,1.457283,..,..,2.052226,..,..,..,..
Niger,NER,Credit to government and state-owned enterprises to GDP (%),GFDD.EI.08,..,..,..,..,..,..,..,..,..,..,..,..,..,..,..,..,..,..,..,..,1.385127,2.275896,2.525081,2.451415,2.586105,2.363766,2.217963,2.050605,1.932067,1.738049,1.68568,1.773782,1.783984,0.3337563,1.241892,1.080781,1.1487,1.252928,0.8271472,0.776341,0.9608625,1.41494,0.7685834,0.8962407,0.8895503,0.7632597,0.7099035,1.015171,1.030807,1.085937,1.202196,1.353017,1.7409,1.433484,2.630984,3.728323,3.850281,5.49536,6.020927,3.612959,4.916969,..
Niger,NER,Credit flows by fintech and bigtech companies to GDP (%),GFDD.DM.16,..,..,..,..,..,..,..,..,..,..,..,..,..,..,..,..,..,..,..,..,..,..,..,..,..,..,..,..,..,..,..,..,..,..,..,..,..,..,..,..,..,..,..,..,..,..,..,..,..,..,..,..,..,..,..,..,..,..,..,..,..,..
Niger,NER,Deposit money bank assets to deposit money bank assets and central bank assets (%),GFDD.DI.04,..,..,99.15967,99.82332,99.69183,99.76581,79.08121,56.77913,58.14479,54.41119,99.90096,99.96922,99.97298,99.98486,99.99543,99.98723,99.99373,98.39922,92.90456,94.57542,90.10024,90.85733,89.44227,83.61303,80.90968,75.96859,73.8345,75.27991,77.11156,73.89174,74.72438,73.76614,74.05145,67.25899,64.20694,50.87167,50.11519,43.59198,45.60088,46.27265,48.97952,50.25966,47.86545,48.17766,51.85931,56.03603,78.02571,79.69961,83.01127,78.39743,80.65823,82.70056,85.70702,86.38936,87.09701,87.47252,88.2923,89.00426,88.85868,87.54769,84.79677,81.22875
Niger,NER,Insurance company assets to GDP (%),GFDD.DI.11,..,..,..,..,..,..,..,..,..,..,..,..,..,..,..,..,..,..,..,..,..,..,..,..,..,..,..,..,..,..,..,..,..,..,..,..,..,..,..,..,..,..,..,0.60044063,0.51406321,0.56060645,0.54147045,0.57074706,0.55668181,0.62615978,0.65598749,0.68394795,0.69754427,0.80954691,0.8304754,0.74672027,0.73654003,0.68691416,0.67155671,..,..,..
Niger,NER,Gross portfolio debt assets to GDP (%),GFDD.DM.11,..,..,..,..,..,..,..,..,..,..,..,..,..,..,..,..,..,..,..,..,..,..,..,..,..,..,..,..,..,..,..,..,..,..,..,..,..,..,..,0.3397586,0.2818405,0.2469559,0.3246661,0.1659891,0.0222536,0.2949181,0.4065013,0.136301,0.4925842,0.2740099,0.4197707,1.447652,0.6952847,0.9214571,1.788183,3.924225,2.591053,4.318724,2.886152,3.073292,..,..
Niger,NER,Liquid liabilities to GDP (%),GFDD.DI.05,..,..,3.837804,4.121075,4.054456,4.115259,4.285408,4.861514,5.068602,5.716621,5.395265,6.411666,6.949215,7.40688,8.281106,9.998309,11.57029,11.9347,13.60678,14.46124,14.80811,16.06018,12.62986,12.16431,15.97917,16.89679,18.60145,17.37267,19.79711,20.50281,13.9926,13.15654,13.47617,13.98352,11.98901,11.64562,10.1598,7.359792,5.1432,5.926219,6.53717,7.639037,7.051135,9.851739,11.75426,10.27381,11.12034,12.87217,12.25781,13.88306,15.20436,15.00543,17.10172,17.55795,20.55622,20.08464,19.64598,17.72396,15.8397,17.13144,19.17933,19.90312
Nigeria,NGA,Account at a formal financial institution (% age 15+),GFDD.AI.05,..,..,..,..,..,..,..,..,..,..,..,..,..,..,..,..,..,..,..,..,..,..,..,..,..,..,..,..,..,..,..,..,..,..,..,..,..,..,..,..,..,..,..,..,..,..,..,..,..,..,..,29.66754,..,..,44.1732,..,..,39.40545,..,..,..,45.13983
Nigeria,NGA,"Bank accounts per 1,000 adults",GFDD.AI.01,..,..,..,..,..,..,..,..,..,..,..,..,..,..,..,..,..,..,..,..,..,..,..,..,..,..,..,..,..,..,..,..,..,..,..,..,..,..,..,..,..,..,..,..,..,..,..,296.16687,311.85393,464.47974,472.64928,504.61356,644.44258,650.68814,653.35281,667.46451,813.92054,923.22698,1013.7128,1127.6791,1310.3917,..
Nigeria,NGA,Bank deposits to GDP (%),GFDD.OI.02,4.590846,4.819925,4.873507,5.16572,5.771004,6.301089,6.535028,6.505946,8.90175,8.462058,6.98209,6.33325,7.193671,7.141924,7.936135,11.75181,14.08145,15.1782,13.73034,15.76016,19.06724,7.318661,7.770763,8.423307,9.097821,8.689673,8.649527,8.867745,8.504571,6.374328,7.685022,8.565095,9.533768,10.3128,9.209805,6.348495,5.843586,6.484245,7.269561,9.280819,10.52494,11.61604,10.12907,9.983012,9.226208,8.834062,9.395164,14.75529,20.10144,21.31822,17.8054,17.72474,18.42491,18.95354,18.26403,17.44742,17.42893,16.5093,16.40908,16.46409,20.8361,21.83342
Nigeria,NGA,Central bank assets to GDP (%),GFDD.DI.06,0.2235368,0.720795,0.9296449,1.79689,1.860638,1.642001,2.530894,4.420707,5.370121,5.395881,3.035206,3.000366,2.116958,1.516537,0.1754744,1.755472,2.199473,5.948787,9.151249,6.099226,5.890193,4.420972,5.541056,7.534866,6.728327,6.182845,8.991334,7.885442,8.954803,8.57533,9.891103,14.33288,15.76749,17.10331,17.71835,14.27597,7.741971,9.240047,9.540471,9.738064,7.307691,9.020208,4.645158,4.382611,2.457786,1.478064,2.201064,3.761389,1.961031,0.9892603,1.357138,1.104851,1.042709,0.8821382,1.030189,3.171338,5.442805,5.556827,6.736984,9.3115,11.45141,13.18238
Nigeria,NGA,Credit card (% age 15+),GFDD.AI.20,..,..,..,..,..,..,..,..,..,..,..,..,..,..,..,..,..,..,..,..,..,..,..,..,..,..,..,..,..,..,..,..,..,..,..,..,..,..,..,..,..,..,..,..,..,..,..,..,..,..,..,0.791184,..,..,2.759445,..,..,2.589304,..,..,..,1.607578
Nigeria,NGA,Credit to government and state-owned enterprises to GDP (%),GFDD.EI.08,..,..,..,..,..,..,..,..,..,..,..,..,..,..,..,..,..,..,..,..,6.141801,1.737251,2.374809,3.760845,5.716722,5.902809,2.739644,3.54145,2.662574,1.08122,2.009781,1.336729,0.9152858,3.24236,2.83333,0.8912333,1.587578,1.159216,1.30347,3.850271,4.357133,2.992907,4.2808,2.995434,3.658544,3.077573,4.214456,4.827135,3.727635,4.960516,6.531022,8.496653,8.734476,6.654914,4.635052,5.52785,5.752481,4.446293,5.00589,4.724905,4.244239,..
Nigeria,NGA,Credit flows by fintech and bigtech companies to GDP (%),GFDD.DM.16,..,..,..,..,..,..,..,..,..,..,..,..,..,..,..,..,..,..,..,..,..,..,..,..,..,..,..,..,..,..,..,..,..,..,..,..,..,..,..,..,..,..,..,..,..,..,..,..,..,..,..,..,..,0.0006507,0.001264,0.001099,0.0026195,0.0006813,0.0027543,0.0061211,..,..
Nigeria,NGA,Deposit money bank assets to deposit money bank assets and central bank assets (%),GFDD.DI.04,94.66985,85.83743,85.85069,76.92308,78.68285,81.39346,75.41124,66.31126,68.47843,69.12955,75.82008,71.99532,80.971,85.90181,98.01558,85.06157,84.00396,68.82909,60.6683,72.62868,75.58179,62.85456,61.29423,56.90771,64.04735,65.90991,53.38201,56.25595,49.27801,41.70508,41.36646,30.67717,36.57027,37.32918,37.90937,33.8998,49.60005,46.68695,48.13263,54.9542,63.05745,58.66038,72.56738,72.97768,82.93831,88.51324,84.59599,85.14648,92.85603,96.14284,93.48738,94.56073,94.81187,95.32219,94.50291,85.29507,78.89775,75.60703,69.2689,61.94283,57.46729,55.43789
Nigeria,NGA,Insurance company assets to GDP (%),GFDD.DI.11,..,..,..,..,..,..,..,..,..,..,..,..,..,..,..,..,..,..,..,..,..,..,..,..,..,..,..,..,..,..,..,..,..,..,..,..,..,..,..,..,..,..,0.70506721,0.92620722,0.88965629,0.82757154,1.073006,1.2956262,1.4636962,1.3242665,1.0546649,0.9683464,0.97883036,0.97997785,0.9263433,0.9637255,0.99134467,0.98214121,1.0302718,1.047179,..,..
Nigeria,NGA,Gross portfolio debt assets to GDP (%),GFDD.DM.11,..,..,..,..,..,..,..,..,..,..,..,..,..,..,..,..,..,..,..,..,..,..,..,..,..,..,..,..,..,..,..,..,..,..,..,..,..,..,..,..,..,..,..,..,..,0.1646514,0.1912312,0.2152291,0.3804713,0.4457019,0.2625725,0.2335476,0.2102927,0.1877927,0.1696146,0.1979438,0.2170777,0.2676697,0.2428884,0.2240204,0.2248053,..
Nigeria,NGA,Liquid liabilities to GDP (%),GFDD.DI.05,9.208384,9.401673,9.490363,9.802941,10.86129,11.16513,11.4297,12.21547,14.05384,13.98244,10.92786,10.04202,10.91285,11.18303,13.22281,17.58566,19.94904,22.85336,20.86095,22.95116,28.62523,10.93876,11.19986,11.99005,12.80807,12.32651,11.91442,11.80947,12.16856,10.45432,11.63536,13.39987,14.24734,15.78776,15.09196,10.28188,9.06333,9.72526,10.93903,12.76341,14.66964,15.90092,13.52693,13.02655,11.75876,11.3005,11.72898,16.87414,22.3406,25.14409,20.70592,22.02159,24.54355,25.16313,22.41764,22.12669,27.37889,24.7815,25.36243,23.92965,25.22165,24.8862
North Macedonia,MKD,Account at a formal financial institution (% age 15+),GFDD.AI.05,..,..,..,..,..,..,..,..,..,..,..,..,..,..,..,..,..,..,..,..,..,..,..,..,..,..,..,..,..,..,..,..,..,..,..,..,..,..,..,..,..,..,..,..,..,..,..,..,..,..,..,73.69894,..,..,71.7985,..,..,76.56877,..,..,..,85.28869
North Macedonia,MKD,"Bank accounts per 1,000 adults",GFDD.AI.01,..,..,..,..,..,..,..,..,..,..,..,..,..,..,..,..,..,..,..,..,..,..,..,..,..,..,..,..,..,..,..,..,..,..,..,..,..,..,..,..,..,..,..,..,..,..,..,620.97607,774.16131,837.67314,881.93024,912.44254,939.54514,948.72252,971.74779,992.02375,1000.6534,1030.2736,1027.6446,1041.4998,1063.1324,1076.593
North Macedonia,MKD,Bank deposits to GDP (%),GFDD.OI.02,..,..,..,..,..,..,..,..,..,..,..,..,..,..,..,..,..,..,..,..,..,..,..,..,..,..,..,..,..,..,..,..,..,65.86698,9.614285,7.842477,7.277215,9.106475,10.19509,12.87441,14.15265,23.91826,21.01895,24.44081,28.07512,30.06189,35.19233,41.80038,42.29097,43.32246,46.47045,47.53214,48.92385,46.98938,48.51031,49.11585,48.65122,49.08098,50.18581,51.8868,58.56668,58.40352
North Macedonia,MKD,Central bank assets to GDP (%),GFDD.DI.06,..,..,..,..,..,..,..,..,..,..,..,..,..,..,..,..,..,..,..,..,..,..,..,..,..,..,..,..,..,..,..,..,..,1.203542,1.558442,1.343159,1.642842,4.449487,4.229871,3.691658,2.360384,3.485041,3.200158,1.447744,1.260747,1.495384,1.078557,0.7195171,0.6778609,0.6879061,1.588967,1.456621,1.43538,1.289927,1.293891,1.243795,1.181444,1.108614,1.052775,1.005372,1.033142,2.230057
North Macedonia,MKD,Credit card (% age 15+),GFDD.AI.20,..,..,..,..,..,..,..,..,..,..,..,..,..,..,..,..,..,..,..,..,..,..,..,..,..,..,..,..,..,..,..,..,..,..,..,..,..,..,..,..,..,..,..,..,..,..,..,..,..,..,..,16.54726,..,..,21.19625,..,..,17.37874,..,..,..,22.20278
North Macedonia,MKD,Credit to government and state-owned enterprises to GDP (%),GFDD.EI.08,..,..,..,..,..,..,..,..,..,..,..,..,..,..,..,..,..,..,..,..,..,..,..,..,..,..,..,..,..,..,..,..,..,..,31.78825,3.451267,3.472108,1.030852,0.7806352,0.7004859,3.175593,3.370135,3.51225,2.724293,2.861609,2.61698,4.183787,3.569425,2.298681,3.263496,4.232053,3.729778,6.955575,7.950036,6.596237,7.096167,6.050319,6.070706,5.937846,6.717152,11.11723,..
North Macedonia,MKD,Credit flows by fintech and bigtech companies to GDP (%),GFDD.DM.16,..,..,..,..,..,..,..,..,..,..,..,..,..,..,..,..,..,..,..,..,..,..,..,..,..,..,..,..,..,..,..,..,..,..,..,..,..,..,..,..,..,..,..,..,..,..,..,..,..,..,..,..,..,..,..,..,..,..,..,..,..,..
North Macedonia,MKD,Deposit money bank assets to deposit money bank assets and central bank assets (%),GFDD.DI.04,..,..,..,..,..,..,..,..,..,..,..,..,..,..,..,..,..,..,..,..,..,..,..,..,..,..,..,..,..,..,..,..,..,99.15233,97.96172,94.98219,94.5862,85.82869,80.63918,84.76355,89.50502,84.95202,86.31349,93.3371,94.95511,94.48193,96.72673,98.14898,98.48699,98.56166,96.84553,97.12233,97.4374,97.7123,97.73561,97.90201,97.85652,98.0097,98.1102,98.24058,98.4593,96.6697
North Macedonia,MKD,Insurance company assets to GDP (%),GFDD.DI.11,..,..,..,..,..,..,..,..,..,..,..,..,..,..,..,..,..,..,..,..,..,..,..,..,..,..,..,..,..,..,..,..,..,..,..,..,..,..,..,..,..,..,..,..,..,..,..,..,3.090652,2.943091,2.7393307,2.78634,2.7998144,2.7660727,3.1014478,3.141868,3.1069647,3.2405676,3.2742448,3.4692618,3.8665248,..
North Macedonia,MKD,Gross portfolio debt assets to GDP (%),GFDD.DM.11,..,..,..,..,..,..,..,..,..,..,..,..,..,..,..,..,..,..,..,..,..,..,..,..,..,..,..,..,..,..,..,..,..,..,..,..,..,..,..,..,..,..,0.0882698,..,..,..,..,..,..,..,0.0838157,..,..,..,..,0.1565104,0.209139,0.2541498,0.145111,0.3020028,0.3510832,..
North Macedonia,MKD,Liquid liabilities to GDP (%),GFDD.DI.05,..,..,..,..,..,..,..,..,..,..,..,..,..,..,..,..,..,..,..,..,..,..,..,..,..,..,..,..,..,..,..,..,..,70.21033,12.72208,11.18776,10.72616,12.60535,13.59068,16.63657,17.98219,29.51825,26.4857,30.44434,33.75285,35.60223,40.92551,48.03682,47.88691,48.63731,51.47223,52.81956,52.79654,51.9294,54.59118,55.07663,54.56553,54.98063,56.85134,59.03465,66.04521,64.85588
Norway,NOR,Account at a formal financial institution (% age 15+),GFDD.AI.05,..,..,..,..,..,..,..,..,..,..,..,..,..,..,..,..,..,..,..,..,..,..,..,..,..,..,..,..,..,..,..,..,..,..,..,..,..,..,..,..,..,..,..,..,..,..,..,..,..,..,..,..,..,..,100,..,..,99.74514,..,..,..,99.47777
Norway,NOR,"Bank accounts per 1,000 adults",GFDD.AI.01,..,..,..,..,..,..,..,..,..,..,..,..,..,..,..,..,..,..,..,..,..,..,..,..,..,..,..,..,..,..,..,..,..,..,..,..,..,..,..,..,..,..,..,..,..,..,..,..,..,..,..,..,..,..,..,..,..,..,..,..,..,..
Norway,NOR,Bank deposits to GDP (%),GFDD.OI.02,37.36062,36.00228,35.45908,35.13115,34.53376,34.55403,34.59567,34.85837,36.87424,37.49593,37.23369,37.61042,38.02837,38.09802,36.78705,36.8463,40.31481,42.31518,43.00457,44.96836,42.27643,42.17138,42.63847,42.66985,45.68201,47.50126,46.80149,51.75948,52.18993,53.25182,53.45771,52.06262,55.18827,51.482,51.71821,49.92566,48.96432,45.77785,52.52824,49.01406,45.12008,47.56615,51.60022,51.47961,50.39887,50.31292,52.8726,53.9669,51.04634,56.43316,56.4222,55.47549,54.96358,56.90012,59.39943,56.68092,63.61093,63.5361,62.20473,64.73318,75.95939,69.29677
Norway,NOR,Central bank assets to GDP (%),GFDD.DI.06,14.41546,13.30964,12.37902,11.59307,10.54219,9.49237,8.709287,7.942823,7.234296,7.414398,7.27521,6.146924,5.594516,5.100517,4.406865,4.694237,4.914363,5.910358,5.466444,5.591544,3.176459,3.131121,1.513139,2.704951,1.593529,3.484519,8.270823,3.835243,2.819071,3.512246,1.761529,1.090513,1.628227,3.493337,1.594328,1.936067,1.273763,1.014071,0.8849018,0.895875,0.9367204,0.7768281,0.8714759,1.447209,0.0275375,0.0242715,0.0213868,0.0188923,0.0187182,0.0199302,0.0304459,0.0317616,0.0208836,0.0243226,0.0250891,0.0178389,0.013266,0.0103782,0.0133375,0.0176793,0.0110251,0.012265
Norway,NOR,Credit card (% age 15+),GFDD.AI.20,..,..,..,..,..,..,..,..,..,..,..,..,..,..,..,..,..,..,..,..,..,..,..,..,..,..,..,..,..,..,..,..,..,..,..,..,..,..,..,..,..,..,..,..,..,..,..,..,..,..,..,..,..,..,67.20523,..,..,70.50043,..,..,..,66.73516
Norway,NOR,Credit to government and state-owned enterprises to GDP (%),GFDD.EI.08,..,..,..,..,..,..,..,..,..,..,..,..,..,..,..,..,..,..,..,..,18.36533,16.4164,15.87658,15.1044,17.62931,17.35164,18.12556,16.54751,16.59203,15.61326,14.4571,11.73554,11.45392,12.62555,10.52324,9.25537,9.641292,7.507578,10.82904,5.847803,4.283469,7.917696,8.18646,9.144907,10.00855,10.17201,9.471885,9.924972,11.16156,19.09502,17.03819,14.42376,14.858,14.27542,13.69295,14.21418,14.76789,14.5449,14.27007,13.88342,15.51301,..
Norway,NOR,Credit flows by fintech and bigtech companies to GDP (%),GFDD.DM.16,..,..,..,..,..,..,..,..,..,..,..,..,..,..,..,..,..,..,..,..,..,..,..,..,..,..,..,..,..,..,..,..,..,..,..,..,..,..,..,..,..,..,..,..,..,..,..,..,..,..,..,..,..,0,0,0,0,0.0008208,0.0034325,0.0074085,..,..
Norway,NOR,Deposit money bank assets to deposit money bank assets and central bank assets (%),GFDD.DI.04,71.64881,73.31249,74.62686,75.60641,76.98423,78.29506,80.14679,81.56294,83.16769,83.60155,83.65448,86.25747,87.6577,88.60694,89.59769,88.8895,89.98763,88.50028,89.38467,89.68517,93.8857,93.77088,96.90331,94.61113,97.13517,94.534,89.59718,95.20563,96.50074,95.6842,97.73547,98.41244,97.6091,94.978,97.56886,97.06463,98.12096,98.56272,98.90247,98.78734,98.65318,98.91651,98.85674,98.18399,99.96492,99.97048,99.97562,99.98273,99.98352,99.98447,99.97606,99.97404,99.9827,99.97996,99.97976,99.98653,99.99042,99.99252,99.9902,99.98753,99.99293,99.99083
Norway,NOR,Insurance company assets to GDP (%),GFDD.DI.11,..,..,..,..,..,..,..,..,..,..,..,..,..,..,..,..,..,..,..,..,..,..,..,..,..,..,..,..,..,..,..,..,..,..,..,..,..,31.771251,33.370215,36.641545,31.784409,32.824652,33.842806,36.360534,36.693643,37.36537,37.045603,38.649368,35.0579,40.111535,40.598245,39.391188,40.384635,42.562965,45.659724,49.115734,52.243953,52.936382,43.276401,47.44427,53.206108,..
Norway,NOR,Gross portfolio debt assets to GDP (%),GFDD.DM.11,..,..,..,..,..,..,..,..,..,..,..,..,..,..,..,..,..,..,..,..,..,..,..,..,..,..,..,..,..,..,..,..,..,..,..,..,..,..,..,18.77119,26.47688,33.84814,44.80154,47.377,57.66391,50.07659,75.0747,74.21826,69.22742,76.81982,75.48695,68.46316,77.63413,85.21283,89.19578,110.3263,114.964,112.2468,96.30428,108.3449,131.884,..
Norway,NOR,Liquid liabilities to GDP (%),GFDD.DI.05,51.19149,49.49704,49.08866,48.89489,47.90457,47.83014,48.0508,48.23816,50.66212,51.37688,51.01934,51.43882,52.08199,52.04344,49.93848,50.39075,47.80924,49.75653,50.07832,51.65777,48.29254,47.75117,47.8699,47.69947,50.45747,52.24768,51.88696,56.68344,56.84898,57.86237,57.71464,56.38316,59.44523,56.12684,56.1977,54.33229,53.04531,49.72409,56.33883,52.6561,48.04688,47.57056,51.59805,51.58749,50.48087,50.37714,49.58941,53.34167,50.54831,55.1909,54.95276,54.38969,52.93467,54.70757,57.28905,60.42775,64.44459,64.03298,61.74146,64.19118,75.09383,68.2789
Oman,OMN,Account at a formal financial institution (% age 15+),GFDD.AI.05,..,..,..,..,..,..,..,..,..,..,..,..,..,..,..,..,..,..,..,..,..,..,..,..,..,..,..,..,..,..,..,..,..,..,..,..,..,..,..,..,..,..,..,..,..,..,..,..,..,..,..,73.60241,..,..,..,..,..,..,..,..,..,..
Oman,OMN,"Bank accounts per 1,000 adults",GFDD.AI.01,..,..,..,..,..,..,..,..,..,..,..,..,..,..,..,..,..,..,..,..,..,..,..,..,..,..,..,..,..,..,..,..,..,..,..,..,..,..,..,..,..,..,..,..,..,..,..,..,..,..,..,..,..,..,..,..,..,..,..,..,..,..
Oman,OMN,Bank deposits to GDP (%),GFDD.OI.02,..,..,..,..,..,..,..,..,..,..,..,..,23.05682,18.55844,9.913105,10.97114,13.21181,16.0001,17.56313,13.33408,11.1422,13.3418,16.90258,20.59042,20.48128,21.94618,25.18537,24.60984,24.74275,24.48119,21.32037,23.39142,21.87623,22.53724,23.32279,24.04191,23.87803,29.42792,35.06187,33.2567,28.3612,31.41548,31.9346,30.39798,27.46608,26.66723,27.79545,34.28512,29.48431,39.05173,36.40073,34.19338,33.79435,35.59266,38.86876,52.26893,56.19124,54.22858,52.66985,56.24214,..,..
Oman,OMN,Central bank assets to GDP (%),GFDD.DI.06,..,..,..,..,..,..,..,..,..,..,..,..,..,..,..,0.9736263,2.075201,0.8820235,5.203486,0.0155099,..,..,1.288572,0.5182671,0.1940661,..,4.178325,..,3.772089,1.4165,..,0.7398183,0.8128198,1.025377,1.95267,1.685308,0.800555,0.5367928,2.965532,0.0685658,0.0659947,1.062399,0.3313019,0.0519103,0.0373887,0.0063593,0.0017541,0.0249138,0.0370916,0.8181769,0.6747092,0.0169404,0.3099432,0.0212436,0.5817208,2.533706,2.934661,2.116885,2.570684,2.701933,..,..
Oman,OMN,Credit card (% age 15+),GFDD.AI.20,..,..,..,..,..,..,..,..,..,..,..,..,..,..,..,..,..,..,..,..,..,..,..,..,..,..,..,..,..,..,..,..,..,..,..,..,..,..,..,..,..,..,..,..,..,..,..,..,..,..,..,26.62463,..,..,..,..,..,..,..,..,..,..
Oman,OMN,Credit to government and state-owned enterprises to GDP (%),GFDD.EI.08,..,..,..,..,..,..,..,..,..,..,..,..,..,..,..,..,..,..,..,..,0.1556072,0.0245284,0.3304974,0.622833,0.551577,1.907289,1.905887,3.101285,1.176182,1.013958,1.455407,3.085466,4.157877,3.558228,2.030741,1.790771,3.075311,2.594745,3.678593,5.651165,4.523602,6.083836,5.20551,5.850788,5.536752,3.061737,2.965904,3.190517,2.692869,4.265494,5.80927,7.298124,7.626961,7.825842,8.631506,15.02804,15.53501,15.90944,15.38848,18.21998,..,..
Oman,OMN,Credit flows by fintech and bigtech companies to GDP (%),GFDD.DM.16,..,..,..,..,..,..,..,..,..,..,..,..,..,..,..,..,..,..,..,..,..,..,..,..,..,..,..,..,..,..,..,..,..,..,..,..,..,..,..,..,..,..,..,..,..,..,..,..,..,..,..,..,..,..,..,..,..,..,..,..,..,..
Oman,OMN,Deposit money bank assets to deposit money bank assets and central bank assets (%),GFDD.DI.04,..,..,..,..,..,..,..,..,..,..,..,..,..,..,..,95.45261,91.95195,96.39178,81.63776,99.91181,..,..,91.98301,97.16104,98.99642,..,86.16222,..,86.84214,94.39983,..,97.07197,96.93065,96.23491,93.19416,94.19975,97.37657,98.61582,94.5355,99.86852,99.84306,97.75279,99.25443,99.8784,99.90606,99.98114,99.99479,99.93569,99.90198,98.41929,98.65336,99.96501,99.37907,99.95831,98.96696,96.99969,96.91289,97.72388,97.07735,97.18601,..,..
Oman,OMN,Insurance company assets to GDP (%),GFDD.DI.11,..,..,..,..,..,..,..,..,..,..,..,..,..,..,..,..,..,..,..,..,..,..,..,..,..,..,..,..,..,..,..,..,..,..,..,..,..,..,..,..,..,..,..,..,1.8424438,1.6778477,2.0545839,2.203594,1.8089909,2.3199059,2.2509634,2.0889576,2.0060502,2.3645376,2.4541869,2.9572454,3.4035496,3.8641252,3.6291207,3.8352994,4.5715257,..
Oman,OMN,Gross portfolio debt assets to GDP (%),GFDD.DM.11,..,..,..,..,..,..,..,..,..,..,..,..,..,..,..,..,..,..,..,..,..,..,..,..,..,..,..,..,..,..,..,..,..,..,..,..,..,..,..,..,..,..,..,..,..,..,..,..,..,..,..,..,..,..,..,..,..,..,..,..,..,..
Oman,OMN,Liquid liabilities to GDP (%),GFDD.DI.05,..,..,..,..,..,..,..,..,..,..,..,..,31.78906,27.51181,14.99367,16.29164,18.61269,21.81632,24.36492,19.09407,15.73036,17.97515,21.8774,25.71455,25.40297,27.1119,31.21986,30.61504,30.20933,29.57534,26.0862,28.34168,26.61083,27.38496,28.26594,28.48727,27.81424,33.40456,39.60023,37.81808,32.05146,35.61546,36.30466,34.62134,31.47996,30.51171,31.71324,37.76676,32.16836,42.40682,40.14421,37.68239,37.04163,39.07865,42.76413,57.57267,61.36,58.86717,56.71783,60.48338,..,..
Pakistan,PAK,Account at a formal financial institution (% age 15+),GFDD.AI.05,..,..,..,..,..,..,..,..,..,..,..,..,..,..,..,..,..,..,..,..,..,..,..,..,..,..,..,..,..,..,..,..,..,..,..,..,..,..,..,..,..,..,..,..,..,..,..,..,..,..,..,10.3063,..,..,8.706138,..,..,18.04938,..,..,..,16.2882
Pakistan,PAK,"Bank accounts per 1,000 adults",GFDD.AI.01,..,..,..,..,..,..,..,..,..,..,..,..,..,..,..,..,..,..,..,..,..,..,..,..,..,..,..,..,..,..,..,..,..,..,..,..,..,..,..,..,..,..,..,..,126.31144,137.33741,189.10424,205.18592,203.32743,208.37417,233.10447,250.54182,261.68001,279.64189,292.95265,323.03416,330.68161,354.20255,364.23535,375.8857,402.27302,..
Pakistan,PAK,Bank deposits to GDP (%),GFDD.OI.02,16.94858,14.87024,16.99683,19.79684,23.06867,22.9807,26.49565,25.05908,27.01248,27.23911,26.18102,28.96852,31.50074,29.5678,21.8827,22.74035,27.18757,27.30901,27.97129,29.38158,27.47834,26.4126,27.92851,31.01107,27.29092,28.0824,29.2258,30.88028,27.5554,25.1949,24.27153,24.40357,28.64977,31.46384,32.6887,30.82798,33.86945,36.71448,35.60282,32.99568,24.94313,26.13966,29.22688,31.54111,33.3714,34.34059,33.6855,36.19509,32.90426,30.46456,30.9591,28.7898,31.17128,32.20395,31.63031,31.61484,34.2329,33.87024,34.15339,34.42509,36.9067,31.95672
Pakistan,PAK,Central bank assets to GDP (%),GFDD.DI.06,18.02958,16.85255,17.10495,17.21507,15.89816,17.2197,18.20712,16.84852,15.18713,17.42729,17.14958,19.45993,20.42154,15.13204,10.61662,11.74347,11.5688,14.71248,16.4785,19.01126,18.16861,17.70162,18.92075,17.55608,16.67885,15.49062,16.89591,16.72645,14.46767,15.20283,16.03424,15.97168,14.94471,15.65537,13.43484,14.18189,14.85676,12.08753,14.0294,18.19479,13.73962,9.501766,5.052689,2.789662,6.228323,7.905861,7.074777,6.70354,13.71329,10.84747,10.77481,8.557927,8.523762,13.34636,10.92137,8.525552,10.38032,8.735223,15.08549,21.34165,17.46209,12.49681
Pakistan,PAK,Credit card (% age 15+),GFDD.AI.20,..,..,..,..,..,..,..,..,..,..,..,..,..,..,..,..,..,..,..,..,..,..,..,..,..,..,..,..,..,..,..,..,..,..,..,..,..,..,..,..,..,..,..,..,..,..,..,..,..,..,..,0.7090005,..,..,0.1259738,..,..,0.9727085,..,..,..,0.2225175
Pakistan,PAK,Credit to government and state-owned enterprises to GDP (%),GFDD.EI.08,..,..,..,..,..,..,..,..,..,..,..,..,..,..,..,..,..,..,..,..,8.174603,8.43819,8.520185,10.18264,6.519107,5.909564,7.014829,10.54617,8.98374,8.140258,7.560786,9.052936,12.50661,12.47727,12.8025,11.29858,12.52593,12.93417,11.67686,8.696012,8.947363,7.449602,12.80333,13.43086,9.2813,10.66471,9.717775,12.62553,11.05101,15.7957,16.85701,17.89643,22.64404,21.77828,24.11357,28.14941,28.59876,31.0349,27.20491,28.22391,32.7343,..
Pakistan,PAK,Credit flows by fintech and bigtech companies to GDP (%),GFDD.DM.16,..,..,..,..,..,..,..,..,..,..,..,..,..,..,..,..,..,..,..,..,..,..,..,..,..,..,..,..,..,..,..,..,..,..,..,..,..,..,..,..,..,..,..,..,..,..,..,..,..,..,..,..,..,0.0439152,0.0413323,0.0380143,0,0.0333809,0.0353244,0.0472875,..,..
Pakistan,PAK,Deposit money bank assets to deposit money bank assets and central bank assets (%),GFDD.DI.04,50.43117,53.5349,56.25233,58.86084,65.83094,63.36768,65.09084,65.71317,69.41324,66.32015,65.50928,63.46267,64.95823,70.46362,72.24342,69.51293,73.36655,68.02966,65.65745,63.60316,63.99329,64.84613,63.72414,67.91999,66.22859,69.60811,69.73047,71.21367,72.46186,70.01701,67.99452,68.07303,72.70136,72.18912,75.07683,73.33905,73.45273,77.4828,74.23126,66.95668,67.72789,74.70146,86.65917,92.78442,85.10004,82.43462,83.91457,85.83831,74.30353,77.98094,77.97481,80.76298,82.24569,73.90266,78.38364,83.59856,81.25892,84.612,75.29286,68.39427,74.01841,78.38854
Pakistan,PAK,Insurance company assets to GDP (%),GFDD.DI.11,..,..,..,..,..,..,..,..,..,..,..,..,..,..,..,..,..,..,..,..,..,..,..,..,..,..,..,..,..,..,..,..,..,..,..,..,..,..,..,..,..,..,..,2.7582127,2.7519539,..,2.5159155,1.3071176,1.0595706,0.95470559,1.0068323,0.87084131,2.9911005,3.070923,3.2123907,3.5783231,3.9999131,4.0661228,4.3592176,4.6981601,4.6454926,..
Pakistan,PAK,Gross portfolio debt assets to GDP (%),GFDD.DM.11,..,..,..,..,..,..,..,..,..,..,..,..,..,..,..,..,..,..,..,..,..,..,..,..,..,..,..,..,..,..,..,..,..,..,..,..,..,..,..,..,..,..,..,0.001099,0.0028749,0.0042478,0.0029343,0.009203,0.0092662,0.0204287,0.0330071,0.0434636,0.1030213,0.1296499,0.0707859,0.0723924,0.0844907,0.1129345,0.1014151,0.0651958,0.068185,..
Pakistan,PAK,Liquid liabilities to GDP (%),GFDD.DI.05,43.39196,38.04008,39.4553,42.68139,45.82224,44.73703,48.69959,44.13239,45.89931,46.49907,45.08199,48.40228,52.85809,48.81571,37.00256,35.25917,39.33947,40.26431,40.80149,43.7894,42.06837,39.3877,41.20817,44.30509,40.24421,41.05054,43.71953,45.85286,41.93006,39.69054,39.7634,39.72967,43.24092,46.00467,46.03905,44.23379,46.71053,48.97023,47.98936,45.75959,35.64836,36.51497,40.39062,43.58353,44.89158,45.21025,45.03344,47.82793,43.54556,40.27349,41.13944,37.49316,40.30898,41.50989,40.758,42.09197,45.90825,46.14016,47.21562,48.30021,51.75535,44.53286
Palau,PLW,Account at a formal financial institution (% age 15+),GFDD.AI.05,..,..,..,..,..,..,..,..,..,..,..,..,..,..,..,..,..,..,..,..,..,..,..,..,..,..,..,..,..,..,..,..,..,..,..,..,..,..,..,..,..,..,..,..,..,..,..,..,..,..,..,..,..,..,..,..,..,..,..,..,..,..
Palau,PLW,"Bank accounts per 1,000 adults",GFDD.AI.01,..,..,..,..,..,..,..,..,..,..,..,..,..,..,..,..,..,..,..,..,..,..,..,..,..,..,..,..,..,..,..,..,..,..,..,..,..,..,..,..,..,..,..,..,..,..,..,..,..,..,..,..,1247.6943,1272.495,1312.2918,1165.0996,1144.3009,1119.4269,..,..,..,..
Palau,PLW,Bank deposits to GDP (%),GFDD.OI.02,..,..,..,..,..,..,..,..,..,..,..,..,..,..,..,..,..,..,..,..,..,..,..,..,..,..,..,..,..,..,..,..,..,..,..,..,..,..,..,..,..,..,..,..,..,..,..,..,..,..,..,..,..,..,..,..,..,..,..,..,..,..
Palau,PLW,Central bank assets to GDP (%),GFDD.DI.06,..,..,..,..,..,..,..,..,..,..,..,..,..,..,..,..,..,..,..,..,..,..,..,..,..,..,..,..,..,..,..,..,..,..,..,..,..,..,..,..,..,..,..,..,..,..,..,..,..,..,..,..,..,..,..,..,..,..,..,..,..,..
Palau,PLW,Credit card (% age 15+),GFDD.AI.20,..,..,..,..,..,..,..,..,..,..,..,..,..,..,..,..,..,..,..,..,..,..,..,..,..,..,..,..,..,..,..,..,..,..,..,..,..,..,..,..,..,..,..,..,..,..,..,..,..,..,..,..,..,..,..,..,..,..,..,..,..,..
Palau,PLW,Credit to government and state-owned enterprises to GDP (%),GFDD.EI.08,..,..,..,..,..,..,..,..,..,..,..,..,..,..,..,..,..,..,..,..,..,..,..,..,..,..,..,..,..,..,..,..,..,..,..,..,..,..,..,..,..,..,..,..,..,..,..,..,..,..,..,..,..,..,..,..,..,..,..,..,..,..
Palau,PLW,Credit flows by fintech and bigtech companies to GDP (%),GFDD.DM.16,..,..,..,..,..,..,..,..,..,..,..,..,..,..,..,..,..,..,..,..,..,..,..,..,..,..,..,..,..,..,..,..,..,..,..,..,..,..,..,..,..,..,..,..,..,..,..,..,..,..,..,..,..,..,..,..,..,..,..,..,..,..
Palau,PLW,Deposit money bank assets to deposit money bank assets and central bank assets (%),GFDD.DI.04,..,..,..,..,..,..,..,..,..,..,..,..,..,..,..,..,..,..,..,..,..,..,..,..,..,..,..,..,..,..,..,..,..,..,..,..,..,..,..,..,..,..,..,..,..,..,..,..,..,..,..,..,..,..,..,..,..,..,..,..,..,..
Palau,PLW,Insurance company assets to GDP (%),GFDD.DI.11,..,..,..,..,..,..,..,..,..,..,..,..,..,..,..,..,..,..,..,..,..,..,..,..,..,..,..,..,..,..,..,..,..,..,..,..,..,..,..,..,..,..,..,..,..,..,..,..,..,..,..,..,..,..,..,..,..,..,..,..,..,..
Palau,PLW,Gross portfolio debt assets to GDP (%),GFDD.DM.11,..,..,..,..,..,..,..,..,..,..,..,..,..,..,..,..,..,..,..,..,..,..,..,..,..,..,..,..,..,..,..,..,..,..,..,..,..,..,..,..,..,..,..,..,..,..,..,..,..,..,..,..,..,..,..,..,..,..,..,..,..,..
Palau,PLW,Liquid liabilities to GDP (%),GFDD.DI.05,..,..,..,..,..,..,..,..,..,..,..,..,..,..,..,..,..,..,..,..,..,..,..,..,..,..,..,..,..,..,..,..,..,..,..,..,..,..,..,..,..,..,..,..,..,..,..,..,..,..,..,..,..,..,..,..,..,..,..,..,..,..
Panama,PAN,Account at a formal financial institution (% age 15+),GFDD.AI.05,..,..,..,..,..,..,..,..,..,..,..,..,..,..,..,..,..,..,..,..,..,..,..,..,..,..,..,..,..,..,..,..,..,..,..,..,..,..,..,..,..,..,..,..,..,..,..,..,..,..,..,24.9265,..,..,43.40355,..,..,45.82204,..,..,..,44.96703
Panama,PAN,"Bank accounts per 1,000 adults",GFDD.AI.01,..,..,..,..,..,..,..,..,..,..,..,..,..,..,..,..,..,..,..,..,..,..,..,..,..,..,..,..,..,..,..,..,..,..,..,..,..,..,..,..,..,..,..,..,..,..,..,..,..,..,..,..,..,..,..,..,..,..,..,..,..,..
Panama,PAN,Bank deposits to GDP (%),GFDD.OI.02,6.683458,6.777666,7.437271,8.48109,7.691936,8.868188,10.29249,11.69787,13.7582,13.91134,16.71346,17.57313,20.08472,20.49856,22.11298,24.50618,24.49282,26.81628,27.02679,29.35848,29.59849,31.11583,31.5628,31.00735,31.60727,31.5783,31.45708,30.57414,25.77259,25.02336,32.04866,39.13961,43.78453,48.02039,52.36059,55.59306,57.78642,60.81617,64.97187,67.54823,72.47115,76.19547,71.73065,70.46591,69.74397,69.68243,77.62933,76.51891,74.71487,76.56245,79.08722,73.11044,69.96818,54.64858,67.56476,65.14147,63.96612,62.49163,61.71369,60.74163,81.10844,57.36525
Panama,PAN,Central bank assets to GDP (%),GFDD.DI.06,8.861632,7.245091,7.115245,7.498777,7.782126,7.812451,7.557871,7.453766,6.820688,6.927012,5.921511,6.188,7.517576,7.984143,8.801322,9.80165,12.3063,10.5724,10.44518,12.55752,10.25338,13.13567,13.56727,15.39564,17.26723,17.61365,16.77152,17.60778,23.63969,26.28382,22.84904,19.42881,17.58444,15.63207,14.0363,13.2066,16.02647,12.86258,12.98428,13.44642,12.8982,14.14116,15.11994,15.76343,16.88713,14.34998,13.5063,12.10058,10.6621,10.78158,11.67546,12.09631,11.83327,11.35355,10.13037,10.3848,9.642248,9.486793,8.989838,9.686441,12.95016,..
Panama,PAN,Credit card (% age 15+),GFDD.AI.20,..,..,..,..,..,..,..,..,..,..,..,..,..,..,..,..,..,..,..,..,..,..,..,..,..,..,..,..,..,..,..,..,..,..,..,..,..,..,..,..,..,..,..,..,..,..,..,..,..,..,..,10.70264,..,..,9.76158,..,..,7.999732,..,..,..,7.197678
Panama,PAN,Credit to government and state-owned enterprises to GDP (%),GFDD.EI.08,..,..,..,..,..,..,..,..,..,..,..,..,..,..,..,..,..,..,..,..,4.633637,3.963679,5.157919,5.883092,6.100216,5.371842,5.379654,2.949764,2.869833,2.694953,2.447945,2.22625,2.06159,1.192735,0.7932802,0.6505663,0.8039922,0.6859983,0.7444698,1.178772,1.307888,1.086689,3.484413,4.22148,3.902334,3.036877,3.271295,3.195444,3.445472,3.59805,3.903953,4.871522,5.074473,4.649214,4.645669,4.6621,4.481905,4.29416,4.077979,4.332496,6.376771,..
Panama,PAN,Credit flows by fintech and bigtech companies to GDP (%),GFDD.DM.16,..,..,..,..,..,..,..,..,..,..,..,..,..,..,..,..,..,..,..,..,..,..,..,..,..,..,..,..,..,..,..,..,..,..,..,..,..,..,..,..,..,..,..,..,..,..,..,..,..,..,..,..,..,0,0,0,0,0,0,0,..,..
Panama,PAN,Deposit money bank assets to deposit money bank assets and central bank assets (%),GFDD.DI.04,50.31316,55.21156,56.4728,56.11337,57.70308,61.16618,64.27481,67.17752,71.20637,73.99324,80.88411,82.71944,82.84468,83.58578,85.17435,84.89528,81.52766,83.90683,82.3075,79.35747,82.03326,78.78526,77.24419,74.83513,72.28769,71.27615,72.60494,70.93116,62.65689,59.94954,61.92536,68.14191,71.93435,76.37075,79.79942,82.38808,80.2482,84.28745,85.81995,86.71884,87.64034,87.13915,84.23588,83.02453,81.70775,84.53394,85.61394,86.986,88.23179,87.5499,87.26243,86.8219,87.00527,84.9961,88.79143,88.8217,89.65693,89.82692,90.25097,89.51541,88.725,..
Panama,PAN,Insurance company assets to GDP (%),GFDD.DI.11,..,..,..,..,..,..,..,..,..,..,..,..,..,..,..,..,..,..,..,..,..,..,..,..,..,..,..,..,..,..,..,..,..,..,..,..,..,..,..,..,..,..,5.2223625,5.1424051,5.0969196,5.1120672,4.8772808,4.4330893,4.553407,4.9297046,4.7202643,4.5778437,4.6975648,5.2401104,5.2123099,5.0457399,4.9871607,5.0716597,4.922185,4.993266,6.6673762,..
Panama,PAN,Gross portfolio debt assets to GDP (%),GFDD.DM.11,..,..,..,..,..,..,..,..,..,..,..,..,..,..,..,..,..,..,..,..,..,..,..,..,..,..,..,..,..,..,..,..,..,..,..,..,..,..,..,20.64425,21.12464,26.56692,26.15376,25.41847,27.7619,31.70621,33.61323,35.51937,33.23039,21.41306,23.33809,21.05216,20.16931,19.28728,19.71457,20.27427,18.92592,18.73396,19.8496,18.42938,24.75607,..
Panama,PAN,Liquid liabilities to GDP (%),GFDD.DI.05,13.08766,12.5704,13.32575,15.31577,13.51565,14.62782,16.03087,17.46946,18.55694,16.08934,18.97104,19.83047,23.47898,23.22612,24.25619,26.53057,26.68361,29.22657,29.42465,31.73393,31.87846,33.49787,34.13655,33.95312,34.90643,34.70296,35.24652,33.87688,28.6492,27.98358,35.17581,42.28484,46.70657,50.87035,55.22169,58.5386,60.92911,64.06243,68.26484,70.65695,76.11344,80.81877,76.42931,75.07816,73.98968,73.65159,81.28588,80.32575,77.91727,80.43824,81.84753,75.41131,71.78146,56.34984,69.01048,66.57644,65.62223,64.08212,63.20723,62.38869,83.5274,..
Papua New Guinea,PNG,Account at a formal financial institution (% age 15+),GFDD.AI.05,..,..,..,..,..,..,..,..,..,..,..,..,..,..,..,..,..,..,..,..,..,..,..,..,..,..,..,..,..,..,..,..,..,..,..,..,..,..,..,..,..,..,..,..,..,..,..,..,..,..,..,..,..,..,..,..,..,..,..,..,..,..
Papua New Guinea,PNG,"Bank accounts per 1,000 adults",GFDD.AI.01,..,..,..,..,..,..,..,..,..,..,..,..,..,..,..,..,..,..,..,..,..,..,..,..,..,..,..,..,..,..,..,..,..,..,..,..,..,..,..,..,..,..,..,..,..,..,..,..,..,..,..,..,..,..,..,..,..,..,..,..,..,..
Papua New Guinea,PNG,Bank deposits to GDP (%),GFDD.OI.02,..,..,..,..,..,..,..,..,..,..,..,..,..,15.06144,23.75301,15.26739,18.9114,24.39638,22.70577,24.55372,22.10064,23.22633,23.02395,22.6463,25.06866,26.46904,28.89589,26.94994,26.823,29.7415,30.54109,31.31754,30.47315,31.30091,26.82142,27.3416,30.94683,34.06784,31.39533,29.68553,28.96967,29.41072,27.45148,24.00772,27.70284,30.56599,25.51122,29.61249,29.80778,34.27804,30.9522,32.90961,35.31793,35.07832,30.21994,31.12511,31.94479,28.42887,24.82335,24.64322,27.04981,..
Papua New Guinea,PNG,Central bank assets to GDP (%),GFDD.DI.06,..,..,..,..,..,..,..,..,..,..,..,..,..,0.3543238,0.3169324,0.7305799,1.852661,0.889796,0.9236006,1.846196,2.305837,3.138461,4.166533,1.284107,0.646074,2.611179,2.158326,2.831868,3.45538,5.79302,7.403192,7.005769,6.759578,8.664276,14.05342,9.57688,8.65298,12.45206,16.47445,6.830441,1.739446,1.711947,6.121012,2.838114,0.89616,0.9618112,0.7903587,0.8335855,0.7264286,1.148318,0.9736683,1.035468,1.184101,1.851794,4.156535,2.844714,5.573715,3.980561,3.369305,2.833071,3.534151,..
Papua New Guinea,PNG,Credit card (% age 15+),GFDD.AI.20,..,..,..,..,..,..,..,..,..,..,..,..,..,..,..,..,..,..,..,..,..,..,..,..,..,..,..,..,..,..,..,..,..,..,..,..,..,..,..,..,..,..,..,..,..,..,..,..,..,..,..,..,..,..,..,..,..,..,..,..,..,..
Papua New Guinea,PNG,Credit to government and state-owned enterprises to GDP (%),GFDD.EI.08,..,..,..,..,..,..,..,..,..,..,..,..,..,..,..,..,..,..,..,..,4.1539,4.184131,3.4866,3.872598,3.510677,2.598591,3.917143,3.932122,3.499989,3.583261,4.368491,7.02537,9.652244,11.17794,10.12355,11.5677,14.16981,13.45389,9.514094,7.286309,8.270715,7.64292,6.841381,6.793953,8.117201,9.200117,9.042308,8.426899,10.11123,9.199725,7.41742,8.14547,8.859339,12.50735,13.17113,15.76186,16.14224,14.95959,12.93064,12.72639,15.98094,..
Papua New Guinea,PNG,Credit flows by fintech and bigtech companies to GDP (%),GFDD.DM.16,..,..,..,..,..,..,..,..,..,..,..,..,..,..,..,..,..,..,..,..,..,..,..,..,..,..,..,..,..,..,..,..,..,..,..,..,..,..,..,..,..,..,..,..,..,..,..,..,..,..,..,..,..,..,..,..,..,..,..,..,..,..
Papua New Guinea,PNG,Deposit money bank assets to deposit money bank assets and central bank assets (%),GFDD.DI.04,..,..,..,..,..,..,..,..,..,..,..,..,..,98.01289,98.30274,96.22319,89.88512,95.18696,94.49892,90.41613,90.85789,89.36041,86.29884,95.15733,97.6401,91.10397,93.53106,91.29763,89.81613,85.60401,82.54347,83.88719,83.94559,79.38438,68.93825,76.75713,79.85744,74.89475,67.53669,80.59814,94.40502,94.17851,80.25127,89.46536,96.73325,96.67164,96.28158,96.41171,97.42003,95.99528,96.30509,96.13589,95.91568,94.72495,88.21671,92.15005,85.76148,88.29027,89.14395,90.59599,89.95472,..
Papua New Guinea,PNG,Insurance company assets to GDP (%),GFDD.DI.11,..,..,..,..,..,..,..,..,..,..,..,..,..,..,..,..,..,..,..,..,..,..,..,..,..,..,..,..,..,..,..,..,..,..,..,..,..,..,..,..,..,..,..,..,..,..,..,..,..,..,..,2.0998917,2.2354613,3.0239211,2.5142119,2.3018311,2.1203046,2.0746069,1.1771371,1.1784484,1.3242017,..
Papua New Guinea,PNG,Gross portfolio debt assets to GDP (%),GFDD.DM.11,..,..,..,..,..,..,..,..,..,..,..,..,..,..,..,..,..,..,..,..,..,..,..,..,..,..,..,..,..,..,..,..,..,..,..,..,..,..,..,..,..,..,..,..,..,..,..,..,..,..,..,..,..,..,..,..,..,..,..,..,..,..
Papua New Guinea,PNG,Liquid liabilities to GDP (%),GFDD.DI.05,..,..,..,..,..,..,..,..,..,..,..,..,..,21.38843,31.30578,23.68638,23.17846,32.9963,32.51735,35.01838,32.3837,32.99637,32.46358,30.34044,32.61193,33.83198,36.11398,33.04814,31.06684,34.06445,35.16046,35.29121,33.90253,34.65026,30.10386,30.56949,36.43721,37.66153,35.00832,33.78235,32.16746,32.00636,30.6224,27.13778,30.94187,33.58474,27.56673,31.77926,31.73251,30.22046,27.54285,29.81006,31.67758,31.19932,27.55298,28.61461,29.2117,26.18861,22.78618,23.04836,25.06545,..
Paraguay,PRY,Account at a formal financial institution (% age 15+),GFDD.AI.05,..,..,..,..,..,..,..,..,..,..,..,..,..,..,..,..,..,..,..,..,..,..,..,..,..,..,..,..,..,..,..,..,..,..,..,..,..,..,..,..,..,..,..,..,..,..,..,..,..,..,..,21.72015,..,..,..,..,..,31.07389,..,..,..,27.08383
Paraguay,PRY,"Bank accounts per 1,000 adults",GFDD.AI.01,..,..,..,..,..,..,..,..,..,..,..,..,..,..,..,..,..,..,..,..,..,..,..,..,..,..,..,..,..,..,..,..,..,..,..,..,..,..,..,..,..,..,..,..,..,53.349933,55.298178,64.297515,79.456812,108.23674,129.91124,154.56886,176.48745,193.79062,209.65219,241.6808,261.45172,314.34672,534.51339,519.46639,561.2549,..
Paraguay,PRY,Bank deposits to GDP (%),GFDD.OI.02,3.855998,4.605857,4.647069,5.763665,6.851046,7.552064,8.210963,9.403966,10.22722,10.96158,12.01292,12.50704,13.73533,13.74658,12.70364,14.24367,16.11742,17.30889,17.95186,15.63889,16.20709,15.80533,15.48893,16.21778,13.92905,11.8991,11.33133,11.49533,11.7386,13.40871,14.32116,16.64639,19.69609,21.65886,22.90496,20.49017,20.36543,19.85955,18.18739,18.98656,17.75569,17.78658,15.069,14.54072,14.36825,13.31524,12.1886,13.42313,13.08302,18.97449,19.09616,19.20656,20.26001,21.88745,23.18281,24.91047,24.9754,27.02604,27.70163,28.99692,35.83215,36.05442
Paraguay,PRY,Central bank assets to GDP (%),GFDD.DI.06,3.903776,4.115453,4.319222,8.078021,8.609772,8.185608,8.119144,12.30923,10.29529,10.33199,9.814605,9.100625,9.22476,7.057248,4.830852,4.446883,3.657886,2.89285,2.819881,2.172566,2.423549,2.032485,2.031436,3.91285,4.055603,4.193843,4.070345,4.491616,3.820022,5.646293,5.303985,2.918727,9.728635,9.41551,8.517045,7.304835,6.863934,10.32232,6.713972,7.611572,6.707635,7.291114,8.60829,5.059663,4.935445,4.348307,3.522181,3.001007,2.664559,2.525667,2.228837,2.104409,2.704966,0.1314046,0.1116359,0.1060608,0.1031656,0.0915802,0.0776267,0.1002131,0.1031691,0.0703362
Paraguay,PRY,Credit card (% age 15+),GFDD.AI.20,..,..,..,..,..,..,..,..,..,..,..,..,..,..,..,..,..,..,..,..,..,..,..,..,..,..,..,..,..,..,..,..,..,..,..,..,..,..,..,..,..,..,..,..,..,..,..,..,..,..,..,8.972316,..,..,..,..,..,6.551606,..,..,..,3.239209
Paraguay,PRY,Credit to government and state-owned enterprises to GDP (%),GFDD.EI.08,..,..,..,..,..,..,..,..,..,..,..,..,..,..,..,..,..,..,..,..,0.1811016,0.2178671,0.2926571,0.2181592,0.1233082,0.0559943,0.0329563,0.0497991,0.0208964,0.0779882,0.0287364,0.0224835,0.0194258,0.0172079,0.009785,0.3973761,0.5143909,0.9174355,1.298595,1.695473,1.2065,0.9395384,1.456103,1.403453,1.053256,0.7380947,0.9904391,1.112751,1.006002,1.600111,1.352597,0.8091893,1.070891,1.403288,1.603675,1.690049,1.232464,1.105806,1.068521,1.245947,1.960661,..
Paraguay,PRY,Credit flows by fintech and bigtech companies to GDP (%),GFDD.DM.16,..,..,..,..,..,..,..,..,..,..,..,..,..,..,..,..,..,..,..,..,..,..,..,..,..,..,..,..,..,..,..,..,..,..,..,..,..,..,..,..,..,..,..,..,..,..,..,..,..,..,..,..,..,0,0,0,0,0,0,0,..,..
Paraguay,PRY,Deposit money bank assets to deposit money bank assets and central bank assets (%),GFDD.DI.04,68.51768,52.78485,55.17242,43.52916,46.80652,52.57047,58.08585,53.4039,60.97019,64.42781,67.57462,69.22316,68.41404,72.78203,77.50173,79.35701,83.0495,86.40833,87.13226,89.41977,88.53522,89.61035,90.13503,81.55383,79.08025,75.29152,75.68848,71.6433,78.0031,70.24509,72.90156,85.26936,67.19594,71.01876,75.91479,76.84726,79.22451,73.04916,78.20728,76.28324,77.37804,75.6701,69.74286,73.44582,72.87086,74.84615,78.1343,83.08205,86.29852,90.14378,92.29775,93.38061,92.33389,99.63361,99.71951,99.76493,99.7582,99.7803,99.82773,99.7924,99.80199,99.86658
Paraguay,PRY,Insurance company assets to GDP (%),GFDD.DI.11,..,..,..,..,..,..,..,..,..,..,..,..,..,..,..,..,..,..,..,..,..,..,..,..,..,..,..,..,..,..,..,..,..,..,..,..,..,..,..,..,1.2450486,1.1629739,1.1524102,1.0381034,0.86482872,0.83455938,0.76164468,0.74921205,0.76792861,0.91841925,0.88817194,1.1554906,1.3208244,1.3623652,1.3891476,1.5154545,1.5042788,1.5454959,1.629391,1.7416925,1.8223887,..
Paraguay,PRY,Gross portfolio debt assets to GDP (%),GFDD.DM.11,..,..,..,..,..,..,..,..,..,..,..,..,..,..,..,..,..,..,..,..,..,..,..,..,..,..,..,..,..,..,..,..,..,..,..,..,..,..,..,0.0373427,0.0180675,0.0082393,0.0097273,..,..,..,..,..,..,..,..,..,..,..,..,..,..,..,..,..,..,..
Paraguay,PRY,Liquid liabilities to GDP (%),GFDD.DI.05,8.518607,9.692261,9.100511,10.18978,12.11615,13.02154,13.38285,16.65512,15.50212,16.91595,18.03019,18.20268,19.44385,19.37395,17.48646,19.47458,21.3711,22.81763,24.33596,22.64482,23.41955,22.12353,22.48005,23.35234,20.5913,18.86774,18.04301,17.69318,16.6886,18.85929,20.40617,23.59956,27.89362,30.30264,31.7521,26.90142,26.10121,25.4754,23.56657,24.36176,22.36723,21.68875,18.58315,18.26981,18.15693,17.28885,16.47029,17.96163,16.85775,29.25345,29.94516,31.7196,34.06722,36.46326,38.71552,41.8962,41.42206,42.81031,43.97205,46.93237,54.95988,53.78242
Peru,PER,Account at a formal financial institution (% age 15+),GFDD.AI.05,..,..,..,..,..,..,..,..,..,..,..,..,..,..,..,..,..,..,..,..,..,..,..,..,..,..,..,..,..,..,..,..,..,..,..,..,..,..,..,..,..,..,..,..,..,..,..,..,..,..,..,20.45868,..,..,28.97523,..,..,42.19042,..,..,..,56.26031
Peru,PER,"Bank accounts per 1,000 adults",GFDD.AI.01,..,..,..,..,..,..,..,..,..,..,..,..,..,..,..,..,..,..,..,..,..,..,..,..,..,..,..,..,..,..,..,..,..,..,..,..,..,..,..,..,..,..,..,..,336.18839,234.61701,266.43572,309.19944,370.13714,373.30209,426.37963,480.11848,547.09757,620.62765,708.28828,771.75964,840.33512,866.79171,910.55266,979.11359,1099.8211,..
Peru,PER,Bank deposits to GDP (%),GFDD.OI.02,11.82116,12.99692,13.05549,13.57433,14.3022,15.0211,14.64802,13.66292,12.07281,12.03272,14.15027,13.37253,15.26866,15.74683,17.24711,15.14209,14.49774,13.23878,13.7372,13.98818,17.39671,17.44284,19.78144,21.84637,23.21003,20.36428,16.07493,14.79657,17.92393,16.14542,15.70086,12.33987,14.33261,16.84403,16.93505,18.05934,22.68978,24.18205,26.71989,28.72777,26.49555,26.10176,25.42648,23.56557,21.72413,23.69787,23.14249,26.5342,30.27376,30.17585,31.31133,30.28199,31.54226,35.65889,36.0992,34.36677,36.60683,39.06675,38.62561,40.24722,46.66879,44.11514
Peru,PER,Central bank assets to GDP (%),GFDD.DI.06,4.557555,3.989152,3.178729,3.62673,4.025168,3.321974,4.089239,4.056179,4.279541,3.823104,3.302888,2.992455,2.78379,2.303267,1.808616,1.419114,1.11179,0.8243631,1.167381,0.9093017,3.542714,3.841429,3.429554,10.18617,5.327443,1.886901,1.695691,5.270945,1.477673,0.4909219,0.1262185,0.4652951,0.2165779,0.0913624,0.6226478,0.5103814,0.4526348,0.3962429,0.3775233,0.3166744,0.2352922,0.2169782,0.1818787,0.1161689,0.0171142,3.67E-06,3.17E-06,2.88E-06,2.61E-06,2.53E-06,2.21E-06,1.94E-06,0.1608645,0.2886818,0.4417798,0.5295723,0.4874399,0.3875013,0.3589516,0.3253067,0.509141,0.4714035
Peru,PER,Credit card (% age 15+),GFDD.AI.20,..,..,..,..,..,..,..,..,..,..,..,..,..,..,..,..,..,..,..,..,..,..,..,..,..,..,..,..,..,..,..,..,..,..,..,..,..,..,..,..,..,..,..,..,..,..,..,..,..,..,..,9.973643,..,..,11.65698,..,..,11.57357,..,..,..,12.89786
Peru,PER,Credit to government and state-owned enterprises to GDP (%),GFDD.EI.08,..,..,..,..,..,..,..,..,..,..,..,..,..,..,..,..,..,..,..,..,2.216435,2.27789,2.312185,2.732832,4.1328,4.57365,4.127175,5.0648,5.231043,4.341568,9.340473,3.27468,3.277336,2.861528,1.748641,0.9157141,0.8368626,1.790718,2.444625,3.237645,2.962692,3.823332,3.869219,3.495403,2.86089,2.753268,2.25647,2.185461,2.229128,3.004472,1.999493,1.966486,1.56429,2.088475,2.645118,3.575133,3.531198,4.391809,4.374141,4.024136,5.81711,..
Peru,PER,Credit flows by fintech and bigtech companies to GDP (%),GFDD.DM.16,..,..,..,..,..,..,..,..,..,..,..,..,..,..,..,..,..,..,..,..,..,..,..,..,..,..,..,..,..,..,..,..,..,..,..,..,..,..,..,..,..,..,..,..,..,..,..,..,..,..,..,..,..,0,0,0,0,0,0,0,..,..
Peru,PER,Deposit money bank assets to deposit money bank assets and central bank assets (%),GFDD.DI.04,69.81132,73.94958,78.62595,76.19048,74.31694,81.45161,76.15658,77.31344,74.04372,77.80374,80.08385,82.64014,85.46256,88.37486,89.22222,92.08163,94.29224,95.4971,93.12217,93.04756,78.0277,79.99431,81.72834,63.67664,77.89737,88.9916,89.08404,71.40681,90.75002,96.47747,99.2664,95.62463,98.26524,99.34779,96.0052,97.04371,97.9689,98.50684,98.77989,99.02366,99.20138,99.2085,99.30564,99.50745,99.91756,99.99998,99.99998,99.99998,99.99999,99.99999,99.99999,99.99999,99.46103,99.14776,98.80825,98.7023,98.77521,99.18002,99.26283,99.33723,99.17254,99.09933
Peru,PER,Insurance company assets to GDP (%),GFDD.DI.11,..,..,..,..,..,..,..,..,..,..,..,..,..,..,..,..,..,..,..,..,..,..,..,..,..,..,..,..,..,..,..,..,..,..,..,..,..,..,1.6795371,2.0351239,2.1933841,2.3925147,2.6400799,3.0745781,3.1730913,3.5913915,3.4303759,3.4279378,3.5791478,3.8642255,4.1256827,4.2014632,4.3758345,5.1582716,5.7989279,6.4613057,6.4294188,6.4683214,6.6000351,6.9720452,8.4298729,..
Peru,PER,Gross portfolio debt assets to GDP (%),GFDD.DM.11,..,..,..,..,..,..,..,..,..,..,..,..,..,..,..,..,..,..,..,..,..,..,..,..,..,..,..,..,..,..,..,..,..,..,..,..,..,..,..,0.6221665,0.8116649,0.8316267,0.7575641,1.15617,1.348772,1.43852,1.436934,1.350962,1.08161,1.158017,0.1196117,0.1111961,0.0426494,0.0417837,0.0428366,0.0464315,0.0468312,0.0435365,0.0413893,0.041367,..,..
Peru,PER,Liquid liabilities to GDP (%),GFDD.DI.05,16.66356,18.01553,18.16417,18.96262,19.78328,20.22071,19.77483,18.89326,17.02807,17.1436,20.44314,19.88736,22.35468,22.86815,24.12731,21.97432,20.84605,19.10727,19.53315,19.65598,23.91905,23.49922,25.32305,27.8894,30.00523,27.64383,22.95835,23.16323,26.28783,23.19941,24.71606,16.67763,18.43069,20.363,19.62173,20.77938,25.27978,28.93244,32.33667,35.41637,33.1795,33.01018,32.62238,30.10592,27.86835,29.66184,28.72295,32.36417,36.04541,35.85809,38.09527,36.76807,38.92796,43.32047,43.77177,41.76411,43.9591,47.57809,47.17846,49.02777,59.19195,55.66774
Philippines,PHL,Account at a formal financial institution (% age 15+),GFDD.AI.05,..,..,..,..,..,..,..,..,..,..,..,..,..,..,..,..,..,..,..,..,..,..,..,..,..,..,..,..,..,..,..,..,..,..,..,..,..,..,..,..,..,..,..,..,..,..,..,..,..,..,..,26.55593,..,..,28.06573,..,..,31.79707,..,..,..,45.98433
Philippines,PHL,"Bank accounts per 1,000 adults",GFDD.AI.01,..,..,..,..,..,..,..,..,..,..,..,..,..,..,..,..,..,..,..,..,..,..,..,..,..,..,..,..,..,..,..,..,..,..,..,..,..,..,..,..,..,..,..,..,..,..,..,..,365.76172,364.23513,376.71278,435.4414,434.70727,433.26234,452.18677,471.94682,485.27237,507.03578,576.09109,658.27899,686.504,..
Philippines,PHL,Bank deposits to GDP (%),GFDD.OI.02,11.6874,14.0799,15.52789,14.99282,14.6766,13.97785,15.26188,17.62239,17.91597,17.6196,16.53512,16.11758,15.66428,16.2115,13.44338,13.37993,14.83009,16.99009,18.46849,17.0944,17.48077,17.85948,19.07869,24.77127,20.64534,20.74614,19.12139,18.97996,20.6086,23.07183,24.48697,24.92358,26.34763,31.3078,34.57588,38.46587,42.15969,48.2171,48.15411,49.47725,49.09405,47.51242,47.94944,45.96351,45.0521,43.12402,46.24509,43.27505,50.03677,52.17052,51.21353,50.11267,49.08133,59.55819,60.73425,62.58,65.58286,66.43938,64.657,65.92215,77.23312,77.73965
Philippines,PHL,Central bank assets to GDP (%),GFDD.DI.06,7.071869,6.930899,6.561996,5.682072,5.289439,4.831508,4.683604,4.870049,5.012516,5.934901,5.664588,4.798333,5.565602,4.694532,4.479954,2.99599,3.159017,3.191279,3.542797,3.295158,3.01572,4.044962,5.435235,7.022403,5.760516,5.815642,9.059649,6.445992,5.049599,4.436399,3.834026,2.748944,5.350224,17.6164,12.23137,10.55769,9.756565,8.277351,6.514463,7.63768,5.520695,4.052157,4.722978,4.420441,2.957362,2.046717,3.994492,4.937985,4.248118,3.372235,2.898028,2.935333,2.540728,2.467257,2.333088,2.273722,2.521752,2.326639,2.110158,2.010045,8.608479,8.389505
Philippines,PHL,Credit card (% age 15+),GFDD.AI.20,..,..,..,..,..,..,..,..,..,..,..,..,..,..,..,..,..,..,..,..,..,..,..,..,..,..,..,..,..,..,..,..,..,..,..,..,..,..,..,..,..,..,..,..,..,..,..,..,..,..,..,3.157714,..,..,3.199278,..,..,1.938989,..,..,..,8.088184
Philippines,PHL,Credit to government and state-owned enterprises to GDP (%),GFDD.EI.08,..,..,..,..,..,..,..,..,..,..,..,..,..,..,..,..,..,..,..,..,4.932877,4.223411,5.449239,6.822812,6.241872,6.133056,5.747977,4.850485,5.713186,6.623339,6.444025,5.71774,6.889221,7.282898,8.64067,9.039533,10.51242,12.22453,11.53028,11.71883,13.7186,15.42868,16.0768,17.49532,18.73634,16.7846,14.25282,13.59454,13.62502,15.43565,15.09519,14.76433,14.59025,13.96314,14.35144,14.55896,13.58036,14.3791,14.52478,14.95918,18.15498,..
Philippines,PHL,Credit flows by fintech and bigtech companies to GDP (%),GFDD.DM.16,..,..,..,..,..,..,..,..,..,..,..,..,..,..,..,..,..,..,..,..,..,..,..,..,..,..,..,..,..,..,..,..,..,..,..,..,..,..,..,..,..,..,..,..,..,..,..,..,..,..,..,..,..,0,0,0,0,0.0067553,0.035656,0.1076579,..,..
Philippines,PHL,Deposit money bank assets to deposit money bank assets and central bank assets (%),GFDD.DI.04,62.74782,70.92018,72.36662,77.2841,79.95813,81.58741,82.10638,83.61037,83.08069,80.74199,80.64388,82.15963,80.42092,83.4482,84.7694,89.95343,89.75813,90.10329,89.86214,90.82737,91.53839,89.12064,86.51064,84.8366,82.81131,80.37337,67.48392,74.55141,79.73495,83.07996,85.85249,88.56638,82.26237,63.30888,73.59846,79.87541,84.54812,88.15875,89.14933,86.52593,89.93424,92.20054,90.61549,91.12811,93.9195,95.18173,90.19108,87.22971,90.71433,92.77965,93.74423,93.90973,94.81867,95.13995,95.7004,95.99248,95.72342,96.26608,96.71304,96.90484,89.08044,89.4368
Philippines,PHL,Insurance company assets to GDP (%),GFDD.DI.11,..,..,..,..,..,..,..,..,..,..,..,..,..,..,..,..,..,..,..,..,..,..,..,..,..,..,..,..,..,..,..,..,..,..,..,..,..,..,..,..,..,..,5.4016954,5.8844264,5.8420099,5.9082357,6.2938588,6.1781416,5.7329069,6.1675786,6.2282904,6.3458602,6.7842192,7.3773496,7.6050873,7.9513355,8.0965557,8.9327622,8.0754222,9.1451177,10.756878,..
Philippines,PHL,Gross portfolio debt assets to GDP (%),GFDD.DM.11,..,..,..,..,..,..,..,..,..,..,..,..,..,..,..,..,..,..,..,..,..,..,..,..,..,..,..,..,..,..,..,..,..,..,..,..,..,..,..,..,..,3.238675,3.769541,4.532446,5.091472,4.759822,6.076068,5.004135,3.479688,3.740355,3.861069,3.186184,3.20962,2.711945,3.417106,4.189281,4.243852,4.461821,5.539502,5.558608,7.380899,..
Philippines,PHL,Liquid liabilities to GDP (%),GFDD.DI.05,17.95766,20.43525,21.87548,21.32627,20.36708,19.79947,20.76672,23.45006,23.19551,23.29626,21.93488,21.03719,21.33885,20.68899,17.51259,17.26252,18.74951,21.06846,22.75553,21.081,21.1581,21.49332,22.60475,29.7066,24.6415,25.41472,24.26577,24.15465,25.42316,28.58216,30.04499,30.51925,31.86502,37.41401,41.27705,45.40147,49.27732,54.27538,53.64678,57.0587,55.85332,53.15202,54.28221,51.86093,50.51485,48.3702,52.24474,50.10392,56.99871,59.41169,58.81291,57.38415,56.3049,66.83659,68.53046,70.91615,74.10986,59.78715,57.47213,59.15186,69.50153,70.42349
Poland,POL,Account at a formal financial institution (% age 15+),GFDD.AI.05,..,..,..,..,..,..,..,..,..,..,..,..,..,..,..,..,..,..,..,..,..,..,..,..,..,..,..,..,..,..,..,..,..,..,..,..,..,..,..,..,..,..,..,..,..,..,..,..,..,..,..,70.19429,..,..,77.86217,..,..,86.73331,..,..,..,95.72017
Poland,POL,"Bank accounts per 1,000 adults",GFDD.AI.01,..,..,..,..,..,..,..,..,..,..,..,..,..,..,..,..,..,..,..,..,..,..,..,..,..,..,..,..,..,..,..,..,..,..,..,..,..,..,..,..,..,..,..,..,..,..,..,..,824.15138,922.2145,903.86412,969.33235,987.31347,1005.0575,1040.0452,1072.0905,1087.0455,1073.8432,1111.4159,1146.9115,1187.1122,1274.1761
Poland,POL,Bank deposits to GDP (%),GFDD.OI.02,..,..,..,..,..,..,..,..,..,..,..,..,..,..,..,..,..,..,..,..,..,..,..,..,..,..,..,..,..,..,23.81005,22.74273,25.66015,27.00941,26.41658,25.28633,26.96552,28.7234,32.33616,34.49728,35.8168,38.92134,36.60146,36.39048,35.79276,38.03833,40.10894,40.72193,44.7491,45.7079,47.4953,49.2543,49.88469,52.0508,53.97361,55.57806,58.32004,56.81728,58.13364,58.05429,63.79743,62.21244
Poland,POL,Central bank assets to GDP (%),GFDD.DI.06,..,..,..,..,..,..,..,..,..,..,..,..,..,..,..,..,..,..,..,..,..,..,..,..,..,..,..,..,..,..,0.9590953,4.847289,9.481547,9.040721,7.764863,3.348983,2.96828,3.225876,2.93607,2.798104,2.246251,2.36052,0.8128514,0.0481264,0.0255066,0.0247342,0.0102859,0.0067368,0.0061451,0.0019679,0.0018661,0.0017889,0.0016015,0.0015789,0.0014025,0.0012215,0.0011806,0.0010554,0.0010841,0.0010466,2.503335,3.316973
Poland,POL,Credit card (% age 15+),GFDD.AI.20,..,..,..,..,..,..,..,..,..,..,..,..,..,..,..,..,..,..,..,..,..,..,..,..,..,..,..,..,..,..,..,..,..,..,..,..,..,..,..,..,..,..,..,..,..,..,..,..,..,..,..,17.68904,..,..,16.75323,..,..,16.52087,..,..,..,24.43752
Poland,POL,Credit to government and state-owned enterprises to GDP (%),GFDD.EI.08,..,..,..,..,..,..,..,..,..,..,..,..,..,..,..,..,..,..,..,..,3.955411,4.433052,3.06167,2.076423,1.759157,2.565459,1.796784,2.429535,3.451551,4.149073,2.339896,8.228045,9.36062,11.0619,10.88138,11.38903,11.4723,10.06709,9.881263,9.933435,8.008175,13.12795,25.44461,27.45394,12.18595,11.42318,11.61889,10.54688,13.52162,14.36811,14.46901,13.91087,13.1244,14.22078,16.22632,16.25757,19.40507,18.69517,18.97052,19.34442,23.05648,..
Poland,POL,Credit flows by fintech and bigtech companies to GDP (%),GFDD.DM.16,..,..,..,..,..,..,..,..,..,..,..,..,..,..,..,..,..,..,..,..,..,..,..,..,..,..,..,..,..,..,..,..,..,..,..,..,..,..,..,..,..,..,..,..,..,..,..,..,..,..,..,..,..,0,0,0,0,0,0,0,..,..
Poland,POL,Deposit money bank assets to deposit money bank assets and central bank assets (%),GFDD.DI.04,..,..,..,..,..,..,..,..,..,..,..,..,..,..,..,..,..,..,..,..,..,..,..,..,..,..,..,..,..,..,95.67267,85.93636,75.17232,76.93412,77.99585,89.28025,91.07013,90.4629,91.64373,92.61885,93.87537,94.47026,98.49097,99.91408,99.93638,99.93842,99.97695,99.98643,99.99021,99.9968,99.99705,99.99727,99.99747,99.99759,99.99796,99.99825,99.9984,99.99852,99.99848,99.9985,96.67142,95.20164
Poland,POL,Insurance company assets to GDP (%),GFDD.DI.11,..,..,..,..,..,..,..,..,..,..,..,..,..,..,..,..,..,..,..,..,..,..,..,..,..,..,..,..,..,..,..,..,..,..,..,..,..,..,..,..,5.0671643,6.0448367,7.0797227,7.758118,8.3054721,9.0417979,10.153807,10.690347,10.727485,10.129939,10.033584,9.3361626,10.031439,10.177198,10.438649,10.009247,10.554815,9.6530865,9.0727986,8.4576649,8.8001219,..
Poland,POL,Gross portfolio debt assets to GDP (%),GFDD.DM.11,..,..,..,..,..,..,..,..,..,..,..,..,..,..,..,..,..,..,..,..,..,..,..,..,..,..,..,..,..,..,..,..,..,..,..,..,..,..,..,0.6557641,0.8872349,0.6301547,1.27593,1.796825,2.339016,2.318829,2.503289,2.31807,1.192467,1.208464,0.8127807,0.6869298,0.7690808,0.9542938,1.464413,1.691461,2.165319,2.461139,2.471872,2.578838,3.232219,..
Poland,POL,Liquid liabilities to GDP (%),GFDD.DI.05,..,..,..,..,..,..,..,..,..,..,..,..,..,..,..,..,..,..,..,..,..,..,..,..,..,..,..,..,..,..,31.19026,29.79368,32.63677,32.74897,31.2939,30.97287,32.47024,34.63303,37.31706,40.16589,40.38061,44.32345,41.79822,42.22619,41.35652,43.93486,46.7334,47.54393,52.31936,52.49375,54.16273,56.31675,56.75676,59.44562,61.88612,64.12656,67.90914,66.55661,68.14514,68.25484,77.91278,75.70113
Portugal,PRT,Account at a formal financial institution (% age 15+),GFDD.AI.05,..,..,..,..,..,..,..,..,..,..,..,..,..,..,..,..,..,..,..,..,..,..,..,..,..,..,..,..,..,..,..,..,..,..,..,..,..,..,..,..,..,..,..,..,..,..,..,..,..,..,..,81.22942,..,..,87.38635,..,..,92.34099,..,..,..,92.64951
Portugal,PRT,"Bank accounts per 1,000 adults",GFDD.AI.01,..,..,..,..,..,..,..,..,..,..,..,..,..,..,..,..,..,..,..,..,..,..,..,..,..,..,..,..,..,..,..,..,..,..,..,..,..,..,..,..,..,..,..,..,..,..,..,..,..,..,..,..,..,..,..,..,..,..,..,..,..,..
Portugal,PRT,Bank deposits to GDP (%),GFDD.OI.02,41.98297,38.51895,40.41042,44.82498,49.90724,51.03714,51.73988,53.09882,55.9378,55.11593,53.88567,59.9656,65.15284,70.92342,60.96214,55.34492,57.16622,52.04051,51.40971,66.25529,72.08129,78.83472,81.8017,79.91241,84.45094,84.34413,78.50296,76.28594,74.74511,71.63083,66.61926,72.29751,76.14269,80.35339,80.96983,81.52707,81.30591,80.88451,78.28394,..,..,85.24471,79.86517,79.86829,78.48576,81.30846,80.74943,80.63345,87.97395,83.81618,84.67856,85.98378,81.67098,82.06719,81.75743,81.58416,85.53904,86.72462,88.73611,91.40282,108.7847,114.6179
Portugal,PRT,Central bank assets to GDP (%),GFDD.DI.06,3.537953,3.716381,2.735475,2.775735,2.675525,2.634223,2.404459,1.999613,1.625749,4.666612,5.147902,4.608613,4.247239,4.075623,12.35743,24.87903,11.70296,16.38689,16.40995,21.79979,12.76734,15.97562,18.53081,19.81906,22.44934,23.71838,21.33149,17.70302,13.72351,11.62045,9.031075,2.545619,2.556139,2.286716,2.027867,1.713477,1.522447,1.260548,0.6147121,..,..,0.1377279,0.1346858,0.1362379,0.0840734,0.0826222,0.0787923,0.0757908,0.0658839,0.0684088,0.7020728,0.8915591,0.8942577,0.8152876,0.6633767,6.259425,11.95721,13.59704,15.28384,16.49772,26.5938,34.35142
Portugal,PRT,Credit card (% age 15+),GFDD.AI.20,..,..,..,..,..,..,..,..,..,..,..,..,..,..,..,..,..,..,..,..,..,..,..,..,..,..,..,..,..,..,..,..,..,..,..,..,..,..,..,..,..,..,..,..,..,..,..,..,..,..,..,29.64256,..,..,28.54169,..,..,33.59397,..,..,..,38.53851
Portugal,PRT,Credit to government and state-owned enterprises to GDP (%),GFDD.EI.08,..,..,..,..,..,..,..,..,..,..,..,..,..,..,..,..,..,..,..,..,..,..,..,..,..,..,..,..,..,..,..,..,..,..,..,..,..,..,..,..,..,6.689007,5.660301,5.424191,5.5751,5.857989,6.043529,5.044922,5.686121,9.528753,18.8374,18.35134,23.03507,22.69428,22.92842,21.11613,20.54202,21.48976,20.82813,18.23125,20.29531,..
Portugal,PRT,Credit flows by fintech and bigtech companies to GDP (%),GFDD.DM.16,..,..,..,..,..,..,..,..,..,..,..,..,..,..,..,..,..,..,..,..,..,..,..,..,..,..,..,..,..,..,..,..,..,..,..,..,..,..,..,..,..,..,..,..,..,..,..,..,..,..,..,..,..,0,0,0,0,0,0,0,..,..
Portugal,PRT,Deposit money bank assets to deposit money bank assets and central bank assets (%),GFDD.DI.04,92.98781,92.6691,94.55756,94.83364,95.36053,95.58018,95.98462,96.5625,97.22897,92.21871,91.56889,92.95544,93.90664,94.51656,83.40078,73.70435,86.40538,80.83059,79.72274,76.30976,84.65899,82.7765,81.00034,80.21654,77.96893,75.53137,75.62599,78.65321,82.65041,84.00139,87.10268,96.74517,96.73109,97.17406,97.57383,98.04426,98.34072,98.65095,99.38258,..,..,99.88683,99.892,99.89196,99.93368,99.93674,99.9435,99.94854,99.95808,99.95962,99.59899,99.49178,99.4942,99.51039,99.56715,95.74561,91.67673,90.11929,88.51059,86.79267,82.03401,76.94974
Portugal,PRT,Insurance company assets to GDP (%),GFDD.DI.11,..,..,..,..,..,..,..,..,..,..,..,..,..,..,..,..,..,..,..,..,..,..,..,..,..,..,..,..,..,..,..,..,..,..,..,9.7968568,11.992378,15.058981,16.664065,18.775401,19.696382,19.099979,19.831045,21.400327,22.042269,25.30452,30.150883,31.230303,31.6645,33.117763,32.672872,29.248222,30.989528,31.035425,31.811504,30.028342,27.598397,27.465181,25.808237,26.189462,27.041487,..
Portugal,PRT,Gross portfolio debt assets to GDP (%),GFDD.DM.11,..,..,..,..,..,..,..,..,..,..,..,..,..,..,..,..,..,..,..,..,..,..,..,..,..,..,..,..,..,..,..,..,..,..,..,..,..,..,..,23.71013,28.14443,31.64528,39.82701,52.26402,56.95683,53.73884,55.98796,55.67994,52.08353,67.21134,62.82771,45.26206,48.26376,46.02545,41.99462,42.09037,40.11303,50.00798,46.03757,51.86599,62.2841,..
Portugal,PRT,Liquid liabilities to GDP (%),GFDD.DI.05,20.85414,22.46255,23.8541,24.99959,26.06773,29.5033,29.41567,30.91523,31.80337,38.78529,41.09313,44.44266,48.88437,47.02102,51.59233,54.20248,75.13062,65.88272,63.22937,77.38554,82.20686,88.49436,91.00565,87.96117,91.78976,91.31299,85.59338,83.10164,81.12257,77.72794,72.184,77.60862,81.03198,85.2888,85.90893,86.24184,85.96394,..,..,..,..,93.05836,89.21741,90.95148,92.48463,95.14105,93.99555,95.56937,101.7655,99.38717,98.18051,99.29811,95.64458,96.60806,96.74445,97.14645,100.9811,101.9991,104.3092,106.3654,126.57,133.0358
Puerto Rico,PRI,Account at a formal financial institution (% age 15+),GFDD.AI.05,..,..,..,..,..,..,..,..,..,..,..,..,..,..,..,..,..,..,..,..,..,..,..,..,..,..,..,..,..,..,..,..,..,..,..,..,..,..,..,..,..,..,..,..,..,..,..,..,..,..,..,..,..,..,69.73526,..,..,..,..,..,..,..
Puerto Rico,PRI,"Bank accounts per 1,000 adults",GFDD.AI.01,..,..,..,..,..,..,..,..,..,..,..,..,..,..,..,..,..,..,..,..,..,..,..,..,..,..,..,..,..,..,..,..,..,..,..,..,..,..,..,..,..,..,..,..,..,..,..,..,..,..,..,..,..,..,..,..,..,..,..,..,..,..
Puerto Rico,PRI,Bank deposits to GDP (%),GFDD.OI.02,..,..,..,..,..,..,..,..,..,..,..,..,..,..,..,..,..,..,..,..,..,..,..,..,..,..,..,..,..,..,..,..,..,..,..,..,..,..,..,..,..,..,..,..,..,..,..,..,..,..,..,..,..,..,..,..,..,..,..,..,..,..
Puerto Rico,PRI,Central bank assets to GDP (%),GFDD.DI.06,..,..,..,..,..,..,..,..,..,..,..,..,..,..,..,..,..,..,..,..,..,..,..,..,..,..,..,..,..,..,..,..,..,..,..,..,..,..,..,..,..,..,..,..,..,..,..,..,..,..,..,..,..,..,..,..,..,..,..,..,..,..
Puerto Rico,PRI,Credit card (% age 15+),GFDD.AI.20,..,..,..,..,..,..,..,..,..,..,..,..,..,..,..,..,..,..,..,..,..,..,..,..,..,..,..,..,..,..,..,..,..,..,..,..,..,..,..,..,..,..,..,..,..,..,..,..,..,..,..,..,..,..,23.9404,..,..,..,..,..,..,..
Puerto Rico,PRI,Credit to government and state-owned enterprises to GDP (%),GFDD.EI.08,..,..,..,..,..,..,..,..,..,..,..,..,..,..,..,..,..,..,..,..,..,..,..,..,..,..,..,..,..,..,..,..,..,..,..,..,..,..,..,..,..,..,..,..,..,..,..,..,..,..,..,..,..,..,..,..,..,..,..,..,..,..
Puerto Rico,PRI,Credit flows by fintech and bigtech companies to GDP (%),GFDD.DM.16,..,..,..,..,..,..,..,..,..,..,..,..,..,..,..,..,..,..,..,..,..,..,..,..,..,..,..,..,..,..,..,..,..,..,..,..,..,..,..,..,..,..,..,..,..,..,..,..,..,..,..,..,..,..,..,..,..,..,..,..,..,..
Puerto Rico,PRI,Deposit money bank assets to deposit money bank assets and central bank assets (%),GFDD.DI.04,..,..,..,..,..,..,..,..,..,..,..,..,..,..,..,..,..,..,..,..,..,..,..,..,..,..,..,..,..,..,..,..,..,..,..,..,..,..,..,..,..,..,..,..,..,..,..,..,..,..,..,..,..,..,..,..,..,..,..,..,..,..
Puerto Rico,PRI,Insurance company assets to GDP (%),GFDD.DI.11,..,..,..,..,..,..,..,..,..,..,..,..,..,..,..,..,..,..,..,..,..,..,..,..,..,..,..,..,..,..,..,..,..,..,..,..,..,..,..,..,..,..,..,..,..,..,..,..,..,..,..,..,..,..,..,..,..,..,..,..,..,..
Puerto Rico,PRI,Gross portfolio debt assets to GDP (%),GFDD.DM.11,..,..,..,..,..,..,..,..,..,..,..,..,..,..,..,..,..,..,..,..,..,..,..,..,..,..,..,..,..,..,..,..,..,..,..,..,..,..,..,..,..,..,..,..,..,..,..,..,..,..,..,..,..,..,..,..,..,..,..,..,..,..
Puerto Rico,PRI,Liquid liabilities to GDP (%),GFDD.DI.05,..,..,..,..,..,..,..,..,..,..,..,..,..,..,..,..,..,..,..,..,..,..,..,..,..,..,..,..,..,..,..,..,..,..,..,..,..,..,..,..,..,..,..,..,..,..,..,..,..,..,..,..,..,..,..,..,..,..,..,..,..,..
Qatar,QAT,Account at a formal financial institution (% age 15+),GFDD.AI.05,..,..,..,..,..,..,..,..,..,..,..,..,..,..,..,..,..,..,..,..,..,..,..,..,..,..,..,..,..,..,..,..,..,..,..,..,..,..,..,..,..,..,..,..,..,..,..,..,..,..,..,65.87539,..,..,..,..,..,..,..,..,..,..
Qatar,QAT,"Bank accounts per 1,000 adults",GFDD.AI.01,..,..,..,..,..,..,..,..,..,..,..,..,..,..,..,..,..,..,..,..,..,..,..,..,..,..,..,..,..,..,..,..,..,..,..,..,..,..,..,..,..,..,..,..,685.14792,720.51737,683.22457,635.54865,620.78921,574.59641,563.40389,579.05715,580.68884,621.9291,614.10742,666.5436,701.36891,736.50384,753.24665,773.09999,777.90496,..
Qatar,QAT,Bank deposits to GDP (%),GFDD.OI.02,..,..,..,..,..,..,..,..,..,..,22.97961,21.86549,26.24665,21.0017,9.399746,15.27539,17.8903,21.38228,22.54844,17.8605,15.60896,20.56507,26.81795,31.51521,37.56597,45.4746,61.3336,62.55324,51.54793,55.06796,45.71798,50.45997,49.24173,59.64952,63.58864,58.11255,55.35268,48.73335,58.48834,53.79663,41.89416,59.63916,58.75834,50.87524,45.56818,46.90926,47.92824,51.43802,42.57495,58.83064,56.78415,49.60734,54.83095,61.72648,65.76927,86.6861,87.92241,100.9108,82.83118,88.49389,111.4977,91.15019
Qatar,QAT,Central bank assets to GDP (%),GFDD.DI.06,..,..,..,..,..,..,..,..,..,..,..,..,..,..,..,..,..,..,..,..,..,..,..,..,..,..,..,..,..,..,..,..,..,0.2272553,0.1199195,1.512052,1.697295,1.099115,0.0436646,3.268382,0.0298549,0.2263471,0.2210431,0.0424921,0.00606,0.0040101,0.0029331,0.0023091,0.0016207,0.0021349,0.0050061,0.0044703,0.0043084,0.0083251,0.0104984,0.0424569,0.0525288,0.1146158,0.1470703,0.241469,0.4381196,0.4346197
Qatar,QAT,Credit card (% age 15+),GFDD.AI.20,..,..,..,..,..,..,..,..,..,..,..,..,..,..,..,..,..,..,..,..,..,..,..,..,..,..,..,..,..,..,..,..,..,..,..,..,..,..,..,..,..,..,..,..,..,..,..,..,..,..,..,32.30785,..,..,..,..,..,..,..,..,..,..
Qatar,QAT,Credit to government and state-owned enterprises to GDP (%),GFDD.EI.08,..,..,..,..,..,..,..,..,..,..,..,..,..,..,..,..,..,..,..,..,..,..,..,..,..,..,..,..,..,..,..,..,..,35.55891,38.28966,35.14852,38.21353,33.41356,44.89684,43.44991,27.60571,30.39128,33.03516,29.18056,20.41885,14.40752,11.82787,13.98355,15.62329,28.78568,31.12524,41.61684,49.43126,51.10821,45.22129,60.72824,..,..,69.46414,..,..,..
Qatar,QAT,Credit flows by fintech and bigtech companies to GDP (%),GFDD.DM.16,..,..,..,..,..,..,..,..,..,..,..,..,..,..,..,..,..,..,..,..,..,..,..,..,..,..,..,..,..,..,..,..,..,..,..,..,..,..,..,..,..,..,..,..,..,..,..,..,..,..,..,..,..,..,..,..,..,..,..,..,..,..
Qatar,QAT,Deposit money bank assets to deposit money bank assets and central bank assets (%),GFDD.DI.04,..,..,..,..,..,..,..,..,..,..,..,..,..,..,..,..,..,..,..,..,..,..,..,..,..,..,..,..,..,..,..,..,..,99.70794,99.83787,97.87988,97.60932,98.30972,99.94781,95.98679,99.94518,99.65431,99.64294,99.92821,99.98773,99.99167,99.99387,99.99585,99.99712,99.99734,99.9934,99.99451,99.99502,99.99087,99.9885,99.96774,99.96606,99.93076,99.90189,99.86308,99.81419,99.79153
Qatar,QAT,Insurance company assets to GDP (%),GFDD.DI.11,..,..,..,..,..,..,..,..,..,..,..,..,..,..,..,..,..,..,..,..,..,..,..,..,..,..,..,..,..,..,..,..,..,..,..,..,..,..,..,..,..,..,..,..,3.3677175,4.4273751,2.8058521,3.2881955,2.7068552,3.4640389,3.1642583,1.900525,1.8924888,2.3285626,4.1690517,6.8624453,8.0216438,5.5381421,5.2982377,..,..,..
Qatar,QAT,Gross portfolio debt assets to GDP (%),GFDD.DM.11,..,..,..,..,..,..,..,..,..,..,..,..,..,..,..,..,..,..,..,..,..,..,..,..,..,..,..,..,..,..,..,..,..,..,..,..,..,..,..,..,..,..,..,..,..,..,..,..,..,..,..,..,..,..,..,..,..,..,..,..,..,..
Qatar,QAT,Liquid liabilities to GDP (%),GFDD.DI.05,..,..,..,..,..,..,..,..,..,..,26.75597,25.14613,29.67158,24.49221,11.06379,17.70598,20.78098,24.90818,26.19802,21.22503,18.43135,23.71012,30.98145,36.05361,42.42747,50.47504,68.33524,68.85175,56.90641,60.34007,50.75631,55.54949,53.98674,64.83301,68.61678,62.86375,59.61063,52.51508,62.50495,57.59615,44.48241,62.36553,61.48414,53.38213,47.81381,48.67714,49.71459,52.9843,43.85426,60.41866,58.12247,50.75569,56.03111,62.999,67.14446,88.56011,90.08571,102.8873,84.51593,90.30625,114.1213,93.09439
Romania,ROU,Account at a formal financial institution (% age 15+),GFDD.AI.05,..,..,..,..,..,..,..,..,..,..,..,..,..,..,..,..,..,..,..,..,..,..,..,..,..,..,..,..,..,..,..,..,..,..,..,..,..,..,..,..,..,..,..,..,..,..,..,..,..,..,..,44.59162,..,..,60.79454,..,..,57.63907,..,..,..,69.1155
Romania,ROU,"Bank accounts per 1,000 adults",GFDD.AI.01,..,..,..,..,..,..,..,..,..,..,..,..,..,..,..,..,..,..,..,..,..,..,..,..,..,..,..,..,..,..,..,..,..,..,..,..,..,..,..,..,..,..,..,..,..,..,..,..,..,..,..,..,..,..,..,..,..,..,..,..,..,..
Romania,ROU,Bank deposits to GDP (%),GFDD.OI.02,..,..,..,..,..,..,..,..,..,..,..,..,..,..,..,..,..,..,..,..,..,24.60077,24.15562,22.63185,22.83335,23.34373,23.88326,24.94888,26.00735,31.29387,49.06631,38.77354,22.8565,17.08761,16.97081,18.84621,21.89485,20.76278,21.88866,21.17729,19.69979,19.48659,20.72822,19.99975,22.12294,24.96288,27.80692,29.74033,27.49359,30.89964,32.69135,32.46619,32.16506,32.5163,33.10152,33.66132,33.96228,33.40521,32.92649,32.91,37.6955,39.62383
Romania,ROU,Central bank assets to GDP (%),GFDD.DI.06,..,..,..,..,..,..,..,..,..,..,..,..,..,..,..,..,..,..,..,..,..,26.95238,25.81963,25.28242,25.57309,27.74801,27.0917,30.84665,31.0965,41.43775,0.4439912,1.864694,4.362503,1.678495,3.558945,4.680577,..,1.282858,2.470243,3.884128,2.000183,0.7168237,0.1541658,0.0002712,..,..,8.75E-06,0.0006051,0.0004284,0.0004364,..,..,..,..,..,..,..,..,..,..,0.459288,0.3842054
Romania,ROU,Credit card (% age 15+),GFDD.AI.20,..,..,..,..,..,..,..,..,..,..,..,..,..,..,..,..,..,..,..,..,..,..,..,..,..,..,..,..,..,..,..,..,..,..,..,..,..,..,..,..,..,..,..,..,..,..,..,..,..,..,..,11.66296,..,..,11.58832,..,..,11.72495,..,..,..,17.77906
Romania,ROU,Credit to government and state-owned enterprises to GDP (%),GFDD.EI.08,..,..,..,..,..,..,..,..,..,..,..,..,..,..,..,..,..,..,..,..,..,..,..,..,..,..,..,..,..,..,..,62.39658,31.70505,26.45279,20.22927,23.56884,16.39567,9.35216,8.259632,7.088001,5.264074,4.653416,4.404307,3.041661,2.164617,1.95901,1.034464,2.248179,3.199128,8.818236,11.61263,12.49181,13.32611,12.63743,12.7738,12.59042,12.21211,11.43275,11.08682,10.97384,13.33217,..
Romania,ROU,Credit flows by fintech and bigtech companies to GDP (%),GFDD.DM.16,..,..,..,..,..,..,..,..,..,..,..,..,..,..,..,..,..,..,..,..,..,..,..,..,..,..,..,..,..,..,..,..,..,..,..,..,..,..,..,..,..,..,..,..,..,..,..,..,..,..,..,..,..,..,..,..,..,..,..,..,..,..
Romania,ROU,Deposit money bank assets to deposit money bank assets and central bank assets (%),GFDD.DI.04,..,..,..,..,..,..,..,..,..,..,..,..,..,..,..,..,..,..,..,..,..,63.53781,62.71619,64.28192,64.58398,65.93518,67.40215,66.30431,67.22478,59.09428,99.44617,97.09826,87.90463,94.03335,85.03905,83.43124,..,93.22224,88.97105,79.51335,86.09969,94.88847,98.94755,99.99842,..,..,99.99996,99.99833,99.99891,99.99905,..,..,..,..,..,..,..,..,..,..,98.84365,99.06718
Romania,ROU,Insurance company assets to GDP (%),GFDD.DI.11,..,..,..,..,..,..,..,..,..,..,..,..,..,..,..,..,..,..,..,..,..,..,..,..,..,..,..,..,..,..,..,..,..,..,..,..,..,..,..,..,..,..,..,..,..,2.2081678,2.4496908,2.7524967,2.7754471,3.0888418,3.1797786,3.0943413,3.2038615,2.8590949,2.7864813,2.9027098,2.4684002,2.3242919,2.1644828,2.0421044,2.1723598,..
Romania,ROU,Gross portfolio debt assets to GDP (%),GFDD.DM.11,..,..,..,..,..,..,..,..,..,..,..,..,..,..,..,..,..,..,..,..,..,..,..,..,..,..,..,..,..,..,..,..,..,..,..,..,..,..,..,0.0949521,0.0154657,0.0265187,0.0079197,0.0062193,0.7685945,0.5588664,0.8764535,0.4511963,0.344738,0.6531925,0.8023443,0.6231813,0.8846071,1.072013,0.9767833,1.049414,1.078587,1.28512,1.289858,1.77742,1.735388,..
Romania,ROU,Liquid liabilities to GDP (%),GFDD.DI.05,..,..,..,..,..,..,..,..,..,..,..,..,..,..,..,..,..,..,..,..,..,40.60173,39.70443,37.31443,37.354,38.34043,40.5279,41.79919,45.44609,51.27137,62.19815,49.39738,35.15541,28.79256,26.12977,28.98576,32.84377,31.30415,33.16375,33.4843,32.13879,25.60994,28.71169,27.38309,31.85477,32.65298,32.2211,34.74774,32.18354,35.75365,38.36296,38.62406,37.51308,38.03136,39.07278,40.20789,41.13583,40.79306,40.04028,39.90982,46.02287,47.75467
Russian Federation,RUS,Account at a formal financial institution (% age 15+),GFDD.AI.05,..,..,..,..,..,..,..,..,..,..,..,..,..,..,..,..,..,..,..,..,..,..,..,..,..,..,..,..,..,..,..,..,..,..,..,..,..,..,..,..,..,..,..,..,..,..,..,..,..,..,..,48.17849,..,..,67.38309,..,..,75.75889,..,..,..,88.70807
Russian Federation,RUS,"Bank accounts per 1,000 adults",GFDD.AI.01,..,..,..,..,..,..,..,..,..,..,..,..,..,..,..,..,..,..,..,..,..,..,..,..,..,..,..,..,..,..,..,..,..,..,..,..,..,..,..,..,..,..,..,..,..,..,..,..,..,..,..,..,..,..,..,..,..,..,..,..,..,..
Russian Federation,RUS,Bank deposits to GDP (%),GFDD.OI.02,..,..,..,..,..,..,..,..,..,..,..,..,..,..,..,..,..,..,..,..,..,..,..,..,..,..,..,..,..,..,..,..,..,..,..,..,..,..,..,..,..,17.12736,19.08868,19.56805,20.33102,22.23567,25.19093,29.28518,27.54358,35.73817,37.36572,37.71967,37.81632,41.34742,44.56116,52.33051,49.81369,49.85225,49.91624,50.16679,58.6422,53.92334
Russian Federation,RUS,Central bank assets to GDP (%),GFDD.DI.06,..,..,..,..,..,..,..,..,..,..,..,..,..,..,..,..,..,..,..,..,..,..,..,..,..,..,..,..,..,..,..,..,..,..,..,..,..,..,..,..,..,5.473198,5.10595,3.375649,2.338043,1.193405,0.8577872,0.9943743,0.8029737,0.8636698,0.702457,0.5571082,0.5469624,0.5018792,0.4740754,0.6392921,0.3660305,0.2410613,0.1730122,0.292875,0.2785451,0.1936774
Russian Federation,RUS,Credit card (% age 15+),GFDD.AI.20,..,..,..,..,..,..,..,..,..,..,..,..,..,..,..,..,..,..,..,..,..,..,..,..,..,..,..,..,..,..,..,..,..,..,..,..,..,..,..,..,..,..,..,..,..,..,..,..,..,..,..,9.677403,..,..,20.99686,..,..,20.08379,..,..,..,25.08245
Russian Federation,RUS,Credit to government and state-owned enterprises to GDP (%),GFDD.EI.08,..,..,..,..,..,..,..,..,..,..,..,..,..,..,..,..,..,..,..,..,..,..,..,..,..,..,..,..,..,..,..,..,..,..,..,..,..,..,..,..,..,7.041086,7.079738,6.289486,5.091313,3.737691,3.472136,3.247678,2.671487,4.005539,4.546993,5.099145,4.763635,5.435585,5.952491,7.216104,7.181446,6.871872,6.160589,5.683804,9.703269,..
Russian Federation,RUS,Credit flows by fintech and bigtech companies to GDP (%),GFDD.DM.16,..,..,..,..,..,..,..,..,..,..,..,..,..,..,..,..,..,..,..,..,..,..,..,..,..,..,..,..,..,..,..,..,..,..,..,..,..,..,..,..,..,..,..,..,..,..,..,..,..,..,..,..,..,0,0,0.1413588,0.0500358,0.0694855,0.1297943,0.1526903,..,..
Russian Federation,RUS,Deposit money bank assets to deposit money bank assets and central bank assets (%),GFDD.DI.04,..,..,..,..,..,..,..,..,..,..,..,..,..,..,..,..,..,..,..,..,..,..,..,..,..,..,..,..,..,..,..,..,..,..,..,..,..,..,..,..,..,81.66323,83.34638,88.52852,92.22107,95.89277,97.41078,97.47704,98.09519,98.16235,98.44328,98.82348,98.88878,99.0699,99.22601,98.99783,99.39647,99.59271,99.69974,99.50153,99.6022,99.70559
Russian Federation,RUS,Insurance company assets to GDP (%),GFDD.DI.11,..,..,..,..,..,..,..,..,..,..,..,..,..,..,..,..,..,..,..,..,..,..,..,..,..,..,..,..,..,..,..,..,..,..,..,..,..,..,..,..,..,..,..,..,..,2.4949168,2.189992,1.972106,1.7918167,2.0093875,1.7258175,1.5710244,1.5804579,1.6902332,1.8259449,1.8139083,2.0700552,2.3986966,2.5301912,2.6913628,3.1740129,..
Russian Federation,RUS,Gross portfolio debt assets to GDP (%),GFDD.DM.11,..,..,..,..,..,..,..,..,..,..,..,..,..,..,..,..,..,..,..,..,..,..,..,..,..,..,..,..,..,..,..,..,..,..,..,..,..,..,..,0.4069161,0.4387211,0.3680024,0.6626073,0.9283714,1.229537,2.128406,1.107464,1.134276,1.199439,2.71659,1.997566,1.853266,1.948488,2.203365,2.534745,4.789513,5.395446,4.402281,3.759987,4.22603,5.731408,..
Russian Federation,RUS,Liquid liabilities to GDP (%),GFDD.DI.05,..,..,..,..,..,..,..,..,..,..,..,..,..,..,..,..,..,..,..,..,..,..,..,..,..,..,..,..,..,..,..,..,..,..,..,..,..,..,..,..,..,23.90317,26.3949,27.8729,28.9177,31.07764,35.02677,39.86514,36.71282,45.8124,47.83141,47.83345,47.31981,51.0674,54.29533,61.82658,59.44583,48.71487,49.00445,49.14236,57.09182,64.03976
Rwanda,RWA,Account at a formal financial institution (% age 15+),GFDD.AI.05,..,..,..,..,..,..,..,..,..,..,..,..,..,..,..,..,..,..,..,..,..,..,..,..,..,..,..,..,..,..,..,..,..,..,..,..,..,..,..,..,..,..,..,..,..,..,..,..,..,..,..,32.76382,..,..,38.14489,..,..,36.65737,..,..,..,..
Rwanda,RWA,"Bank accounts per 1,000 adults",GFDD.AI.01,..,..,..,..,..,..,..,..,..,..,..,..,..,..,..,..,..,..,..,..,..,..,..,..,..,..,..,..,..,..,..,..,..,..,..,..,..,..,..,..,..,..,..,..,7.5966456,8.9331534,10.729439,24.313031,192.62558,221.00758,272.11712,173.25891,212.99097,216.87182,169.75129,148.01762,191.87108,206.56986,266.29232,261.17641,285.49228,..
Rwanda,RWA,Bank deposits to GDP (%),GFDD.OI.02,..,..,..,..,6.953846,6.439517,4.782489,4.297442,4.464576,5.155802,5.602092,6.289249,6.1163,7.838115,8.617503,5.425241,6.478423,7.541114,7.58544,7.780909,7.486156,6.872147,6.770567,7.287483,7.476666,8.342064,9.906657,10.97071,11.30323,10.8386,9.908414,9.807367,9.500746,9.224593,14.62533,13.20014,11.27726,11.99502,10.87397,12.45746,13.04186,13.52259,14.59474,13.45135,14.56304,14.2074,12.64743,14.11015,12.74788,11.90645,13.00011,14.89601,15.00982,15.71323,16.87862,18.47152,18.13945,17.60125,19.5,19.87505,23.63611,24.75055
Rwanda,RWA,Central bank assets to GDP (%),GFDD.DI.06,..,..,..,..,5.523077,7.32527,7.314611,5.753321,6.764227,6.913088,4.479309,5.20063,7.193392,8.783197,7.870293,3.073148,3.098271,2.102751,2.096977,1.727878,1.619317,1.511089,2.113197,2.919424,2.629862,2.179933,2.709186,4.301556,3.570633,5.107696,8.78479,8.667581,10.75988,12.3213,19.89445,10.17748,8.34135,7.584632,7.208916,8.447638,6.594822,6.102474,5.680134,4.667721,3.731142,3.13967,2.46036,2.066362,1.567659,1.750631,1.770657,1.146115,1.029351,0.9522625,0.9258193,0.886989,0.7309434,0.6530336,1.216752,1.047755,0.9714615,1.167136
Rwanda,RWA,Credit card (% age 15+),GFDD.AI.20,..,..,..,..,..,..,..,..,..,..,..,..,..,..,..,..,..,..,..,..,..,..,..,..,..,..,..,..,..,..,..,..,..,..,..,..,..,..,..,..,..,..,..,..,..,..,..,..,..,..,..,2.778872,..,..,1.225423,..,..,0.731856,..,..,..,..
Rwanda,RWA,Credit to government and state-owned enterprises to GDP (%),GFDD.EI.08,..,..,..,..,..,..,..,..,..,..,..,..,..,..,..,..,..,..,..,..,0.574078,0.7514452,1.23658,1.992138,2.173103,2.15499,2.54641,3.230415,4.341744,4.087078,3.725241,2.614875,2.56228,1.81882,2.95005,1.439071,1.219378,1.000648,1.193332,1.157374,0.9855976,0.9593393,1.920364,1.72395,1.891945,1.658928,1.570154,2.138595,1.225101,1.149337,2.489743,2.046067,1.498495,3.141918,3.483035,4.405578,4.25434,5.072228,5.472686,6.721755,9.121841,..
Rwanda,RWA,Credit flows by fintech and bigtech companies to GDP (%),GFDD.DM.16,..,..,..,..,..,..,..,..,..,..,..,..,..,..,..,..,..,..,..,..,..,..,..,..,..,..,..,..,..,..,..,..,..,..,..,..,..,..,..,..,..,..,..,..,..,..,..,..,..,..,..,..,..,0.0231577,0.0285376,0.0488323,0.0589123,0.1029955,0,0,..,..
Rwanda,RWA,Deposit money bank assets to deposit money bank assets and central bank assets (%),GFDD.DI.04,..,..,..,..,34.12844,34.19464,34.57023,35.11909,30.10082,32.72652,49.52859,51.18645,42.91957,43.25169,55.71078,65.43324,57.23878,73.8856,74.56602,72.53252,77.76322,80.16504,76.40609,70.80227,75.33118,81.0621,78.54649,71.17358,78.16078,70.86282,51.67271,45.86447,42.9069,38.96647,38.38055,48.80831,48.69854,54.40205,57.69154,56.80485,63.19726,64.87154,69.01753,71.17891,77.33371,80.20479,84.19303,87.10571,90.19932,87.37634,88.65165,92.94669,94.30299,95.26789,95.75275,96.59197,97.10777,97.50296,95.64147,96.39777,97.23375,96.79401
Rwanda,RWA,Insurance company assets to GDP (%),GFDD.DI.11,..,..,..,..,..,..,..,..,..,..,..,..,..,..,..,..,..,..,..,..,..,..,..,..,..,..,..,..,..,..,..,..,..,..,..,..,..,..,..,..,..,..,..,..,..,..,..,..,..,..,..,..,..,4.6123418,4.8372755,5.0292588,5.064992,5.1962568,5.7492171,5.8872786,6.5442233,..
Rwanda,RWA,Gross portfolio debt assets to GDP (%),GFDD.DM.11,..,..,..,..,..,..,..,..,..,..,..,..,..,..,..,..,..,..,..,..,..,..,..,..,..,..,..,..,..,..,..,..,..,..,..,..,..,..,..,..,..,..,..,..,..,..,..,..,..,..,0.0631658,0.0561841,0.0240996,0.0104541,0.0174784,0.0156558,..,..,0.0448617,0.1145366,0.1843106,..
Rwanda,RWA,Liquid liabilities to GDP (%),GFDD.DI.05,..,..,..,..,15.73846,17.79436,13.14152,10.77651,10.53484,11.23317,11.67985,13.14125,13.09559,16.51189,18.65516,11.36517,13.0055,14.15385,13.79469,14.64656,14.09955,12.99551,12.33556,12.6969,12.49511,13.4184,15.54882,17.04307,17.12947,15.59566,14.87096,14.00244,13.86146,13.58129,22.42756,18.58994,16.14489,15.8288,14.72461,16.2615,16.88343,17.13801,17.94153,16.61954,17.79121,17.57479,15.54009,17.0535,15.70282,14.33784,15.55662,17.33453,17.24325,17.98469,18.94754,20.81047,20.28319,19.70873,21.68008,22.28881,26.20288,27.21848
Samoa,WSM,Account at a formal financial institution (% age 15+),GFDD.AI.05,..,..,..,..,..,..,..,..,..,..,..,..,..,..,..,..,..,..,..,..,..,..,..,..,..,..,..,..,..,..,..,..,..,..,..,..,..,..,..,..,..,..,..,..,..,..,..,..,..,..,..,..,..,..,..,..,..,..,..,..,..,..
Samoa,WSM,"Bank accounts per 1,000 adults",GFDD.AI.01,..,..,..,..,..,..,..,..,..,..,..,..,..,..,..,..,..,..,..,..,..,..,..,..,..,..,..,..,..,..,..,..,..,..,..,..,..,..,..,..,..,..,..,..,403.1985,514.54262,567.84455,568.14805,675.74447,708.91647,713.73277,804.93148,868.56157,983.84428,948.6438,949.21439,951.55979,1020.1058,1113.7059,1164.1762,1344.9969,..
Samoa,WSM,Bank deposits to GDP (%),GFDD.OI.02,..,..,..,..,..,..,..,..,..,..,..,..,..,..,..,..,..,..,..,..,..,..,26.13992,18.9651,17.91361,20.48575,23.91236,29.58218,27.55474,31.91347,37.19653,34.78688,32.87263,31.39593,21.63488,26.98932,25.90971,25.61574,25.69305,28.72584,31.75421,30.42377,31.32129,33.21392,32.57452,33.70101,35.85838,32.11004,33.29485,38.71093,40.83054,36.86506,36.86167,38.73689,41.8046,40.27232,41.25375,47.6862,50.22976,50.55165,57.58814,59.17543
Samoa,WSM,Central bank assets to GDP (%),GFDD.DI.06,..,..,..,..,..,..,..,..,..,..,..,..,..,..,..,..,..,..,..,..,..,..,4.610836,3.909128,3.270476,3.201481,0.8684125,0.7931332,0.9076431,0.9003351,1.456325,0.6442629,0.5179929,0.494355,0.0124892,0.0125858,0.2229447,0.2393994,0.2251766,0.2205163,0.2189443,0.2366841,0.2391484,0.2254424,0.2162595,0.085895,0.1115559,0.1870454,0.1765101,0.1941054,0.1826588,0.1854331,0.1707866,0.3451909,2.445354,2.023277,1.448861,0.2219638,0.19711,0.1665924,0.1554942,0.1452104
Samoa,WSM,Credit card (% age 15+),GFDD.AI.20,..,..,..,..,..,..,..,..,..,..,..,..,..,..,..,..,..,..,..,..,..,..,..,..,..,..,..,..,..,..,..,..,..,..,..,..,..,..,..,..,..,..,..,..,..,..,..,..,..,..,..,..,..,..,..,..,..,..,..,..,..,..
Samoa,WSM,Credit to government and state-owned enterprises to GDP (%),GFDD.EI.08,..,..,..,..,..,..,..,..,..,..,..,..,..,..,..,..,..,..,..,..,11.20644,17.79598,19.43481,11.08122,7.234843,5.832872,5.993182,5.737394,3.806353,2.674383,1.552225,1.407827,1.156542,0.8427625,1.752457,0.8584012,0.7661431,0.4639765,0.4245444,3.003719,2.478935,2.898285,0.637729,2.232638,1.189427,2.026657,2.990417,3.941304,4.863232,5.416398,5.402944,5.440698,4.531079,4.004496,3.086423,3.034325,1.699013,1.294459,1.336556,0.5144889,1.005359,..
Samoa,WSM,Credit flows by fintech and bigtech companies to GDP (%),GFDD.DM.16,..,..,..,..,..,..,..,..,..,..,..,..,..,..,..,..,..,..,..,..,..,..,..,..,..,..,..,..,..,..,..,..,..,..,..,..,..,..,..,..,..,..,..,..,..,..,..,..,..,..,..,..,..,..,..,..,..,..,..,..,..,..
Samoa,WSM,Deposit money bank assets to deposit money bank assets and central bank assets (%),GFDD.DI.04,..,..,..,..,..,..,..,..,..,..,..,..,..,..,..,..,..,..,..,..,..,..,86.18714,83.70616,83.46427,83.9223,95.46507,96.17886,95.27486,95.28107,93.9049,97.26492,97.83222,98.06104,99.91504,99.93167,98.8539,98.82196,99.01049,99.22342,99.28952,99.26289,99.25308,99.30418,99.32367,99.76193,99.7421,99.50491,99.56738,99.56231,99.5806,99.59132,99.62859,99.23885,95.00994,95.6769,97.0968,99.55471,99.61392,99.67764,99.72997,99.75392
Samoa,WSM,Insurance company assets to GDP (%),GFDD.DI.11,..,..,..,..,..,..,..,..,..,..,..,..,..,..,..,..,..,..,..,..,..,..,..,..,..,..,..,..,..,..,..,..,..,..,..,..,..,..,..,..,..,..,..,..,..,..,..,..,..,..,..,..,..,..,..,..,..,..,..,..,..,..
Samoa,WSM,Gross portfolio debt assets to GDP (%),GFDD.DM.11,..,..,..,..,..,..,..,..,..,..,..,..,..,..,..,..,..,..,..,..,..,..,..,..,..,..,..,..,..,..,..,..,..,..,..,..,..,..,..,..,..,..,..,..,..,..,..,..,..,..,..,..,..,..,..,..,..,..,..,..,..,..
Samoa,WSM,Liquid liabilities to GDP (%),GFDD.DI.05,..,..,..,..,..,..,..,..,..,..,..,..,..,..,..,..,..,..,..,..,..,..,30.96599,23.10218,22.01904,25.13652,28.6842,34.7502,32.13274,37.64548,42.98051,42.22579,38.66863,36.2254,25.1051,30.87294,29.27152,29.9463,29.03969,32.52159,35.26583,33.70776,34.64994,36.59839,35.91624,37.45407,39.62465,28.05912,29.86748,33.53325,36.49523,32.09637,32.82431,34.44296,35.87755,34.20383,35.59744,40.39514,44.08633,45.16102,50.06888,51.93307
San Marino,SMR,Account at a formal financial institution (% age 15+),GFDD.AI.05,..,..,..,..,..,..,..,..,..,..,..,..,..,..,..,..,..,..,..,..,..,..,..,..,..,..,..,..,..,..,..,..,..,..,..,..,..,..,..,..,..,..,..,..,..,..,..,..,..,..,..,..,..,..,..,..,..,..,..,..,..,..
San Marino,SMR,"Bank accounts per 1,000 adults",GFDD.AI.01,..,..,..,..,..,..,..,..,..,..,..,..,..,..,..,..,..,..,..,..,..,..,..,..,..,..,..,..,..,..,..,..,..,..,..,..,..,..,..,..,..,..,..,..,..,..,..,..,..,..,377.76674,383.68593,..,..,399.66349,391.08802,397.58511,402.59026,402.09143,403.20579,382.14664,377.43163
San Marino,SMR,Bank deposits to GDP (%),GFDD.OI.02,..,..,..,..,..,..,..,..,..,..,..,..,..,..,..,..,..,..,..,..,..,..,..,..,..,..,..,..,..,..,..,..,..,..,..,..,..,..,..,..,..,86.94862,162.6472,146.2438,152.2239,147.7575,132.9018,117.1631,110.4904,114.5551,104.3794,96.13476,101.2741,104.9245,113.9441,110.2838,109.094,104.1676,101.8186,104.8206,120.0022,..
San Marino,SMR,Central bank assets to GDP (%),GFDD.DI.06,..,..,..,..,..,..,..,..,..,..,..,..,..,..,..,..,..,..,..,..,..,..,..,..,..,..,..,..,..,..,..,..,..,..,..,..,..,..,..,..,..,1.295933,1.370637,1.233751,1.224177,1.075562,0.8342296,1.180148,0.9831558,1.042758,0.9539044,0.8818409,2.899672,4.773095,4.476777,4.395978,3.826891,5.961177,7.565427,6.475574,6.481964,..
San Marino,SMR,Credit card (% age 15+),GFDD.AI.20,..,..,..,..,..,..,..,..,..,..,..,..,..,..,..,..,..,..,..,..,..,..,..,..,..,..,..,..,..,..,..,..,..,..,..,..,..,..,..,..,..,..,..,..,..,..,..,..,..,..,..,..,..,..,..,..,..,..,..,..,..,..
San Marino,SMR,Credit to government and state-owned enterprises to GDP (%),GFDD.EI.08,..,..,..,..,..,..,..,..,..,..,..,..,..,..,..,..,..,..,..,..,..,..,..,..,..,..,..,..,..,..,..,..,..,..,..,..,..,..,..,..,..,..,..,..,..,..,..,..,..,..,..,..,..,..,..,..,..,..,..,..,..,..
San Marino,SMR,Credit flows by fintech and bigtech companies to GDP (%),GFDD.DM.16,..,..,..,..,..,..,..,..,..,..,..,..,..,..,..,..,..,..,..,..,..,..,..,..,..,..,..,..,..,..,..,..,..,..,..,..,..,..,..,..,..,..,..,..,..,..,..,..,..,..,..,..,..,..,..,..,..,..,..,..,..,..
San Marino,SMR,Deposit money bank assets to deposit money bank assets and central bank assets (%),GFDD.DI.04,..,..,..,..,..,..,..,..,..,..,..,..,..,..,..,..,..,..,..,..,..,..,..,..,..,..,..,..,..,..,..,..,..,..,..,..,..,..,..,..,..,97.85625,97.9225,98.13248,98.5975,98.80952,99.34743,98.97017,99.21448,99.20719,99.25007,99.30722,97.77914,96.43294,96.80806,96.75978,96.9407,95.25732,93.50526,94.29034,95.64544,..
San Marino,SMR,Insurance company assets to GDP (%),GFDD.DI.11,..,..,..,..,..,..,..,..,..,..,..,..,..,..,..,..,..,..,..,..,..,..,..,..,..,..,..,..,..,..,..,..,..,..,..,..,..,..,..,..,..,..,..,..,..,..,..,..,..,..,..,..,..,..,..,..,..,..,..,..,..,..
San Marino,SMR,Gross portfolio debt assets to GDP (%),GFDD.DM.11,..,..,..,..,..,..,..,..,..,..,..,..,..,..,..,..,..,..,..,..,..,..,..,..,..,..,..,..,..,..,..,..,..,..,..,..,..,..,..,..,..,..,..,..,..,..,..,..,..,..,..,..,..,..,..,..,..,..,..,..,..,..
San Marino,SMR,Liquid liabilities to GDP (%),GFDD.DI.05,..,..,..,..,..,..,..,..,..,..,..,..,..,..,..,..,..,..,..,..,..,..,..,..,..,..,..,..,..,..,..,..,..,..,..,..,..,..,..,..,..,89.22595,165.9279,150.0348,156.3058,152.1643,137.1521,123.9278,113.236,118.0979,110.4444,99.76854,105.0974,109.575,117.5907,111.7765,110.5634,106.5386,104.1285,107.1196,122.6308,..
São Tomé and Principe,STP,Account at a formal financial institution (% age 15+),GFDD.AI.05,..,..,..,..,..,..,..,..,..,..,..,..,..,..,..,..,..,..,..,..,..,..,..,..,..,..,..,..,..,..,..,..,..,..,..,..,..,..,..,..,..,..,..,..,..,..,..,..,..,..,..,..,..,..,..,..,..,..,..,..,..,..
São Tomé and Principe,STP,"Bank accounts per 1,000 adults",GFDD.AI.01,..,..,..,..,..,..,..,..,..,..,..,..,..,..,..,..,..,..,..,..,..,..,..,..,..,..,..,..,..,..,..,..,..,..,..,..,..,..,..,..,..,..,..,..,..,..,..,271.23077,316.59644,357.93814,394.10653,443.73157,704.98573,728.36811,683.63935,877.51436,747.94497,775.50934,793.25809,..,..,..
São Tomé and Principe,STP,Bank deposits to GDP (%),GFDD.OI.02,..,..,..,..,..,..,..,..,..,..,..,..,..,..,..,..,..,..,..,..,..,..,..,..,..,..,..,..,..,..,..,..,..,..,..,..,..,..,..,..,..,..,..,..,..,..,..,..,..,32.23386,33.03972,32.43637,33.48449,34.2286,34.95527,36.71444,31.60236,29.26446,31.91876,28.46435,29.04135,..
São Tomé and Principe,STP,Central bank assets to GDP (%),GFDD.DI.06,..,..,..,..,..,..,..,..,..,..,..,..,..,..,..,..,..,..,..,..,..,..,..,..,..,..,..,..,..,..,..,..,..,..,..,..,..,..,..,..,..,..,..,..,..,..,..,..,..,5.834805,7.839336,7.198686,5.724622,5.413156,5.01853,4.706996,6.275711,4.430521,4.824747,4.344686,3.776131,..
São Tomé and Principe,STP,Credit card (% age 15+),GFDD.AI.20,..,..,..,..,..,..,..,..,..,..,..,..,..,..,..,..,..,..,..,..,..,..,..,..,..,..,..,..,..,..,..,..,..,..,..,..,..,..,..,..,..,..,..,..,..,..,..,..,..,..,..,..,..,..,..,..,..,..,..,..,..,..
São Tomé and Principe,STP,Credit to government and state-owned enterprises to GDP (%),GFDD.EI.08,..,..,..,..,..,..,..,..,..,..,..,..,..,..,..,..,..,..,..,..,..,..,..,..,..,..,..,..,..,..,..,..,..,..,..,..,..,..,..,..,..,..,..,..,..,..,..,..,..,0.8823783,2.205173,2.026142,1.341672,1.596276,1.398659,0.4879991,0.8112936,5.884468,9.035295,11.12048,8.771973,..
São Tomé and Principe,STP,Credit flows by fintech and bigtech companies to GDP (%),GFDD.DM.16,..,..,..,..,..,..,..,..,..,..,..,..,..,..,..,..,..,..,..,..,..,..,..,..,..,..,..,..,..,..,..,..,..,..,..,..,..,..,..,..,..,..,..,..,..,..,..,..,..,..,..,..,..,..,..,..,..,..,..,..,..,..
São Tomé and Principe,STP,Deposit money bank assets to deposit money bank assets and central bank assets (%),GFDD.DI.04,..,..,..,..,..,..,..,..,..,..,..,..,..,..,..,..,..,..,..,..,..,..,..,..,..,..,..,..,..,..,..,..,..,..,..,..,..,..,..,..,..,..,..,..,..,..,..,..,..,85.76295,83.36819,84.77756,86.90041,85.84403,84.81791,84.98684,80.6736,87.17487,86.48024,87.88338,87.87423,..
São Tomé and Principe,STP,Insurance company assets to GDP (%),GFDD.DI.11,..,..,..,..,..,..,..,..,..,..,..,..,..,..,..,..,..,..,..,..,..,..,..,..,..,..,..,..,..,..,..,..,..,..,..,..,..,..,..,..,..,..,..,..,..,..,..,..,..,..,..,..,..,..,..,..,..,..,..,..,..,..
São Tomé and Principe,STP,Gross portfolio debt assets to GDP (%),GFDD.DM.11,..,..,..,..,..,..,..,..,..,..,..,..,..,..,..,..,..,..,..,..,..,..,..,..,..,..,..,..,..,..,..,..,..,..,..,..,..,..,..,..,..,..,..,..,..,..,..,..,..,..,..,..,..,6.371204,4.871875,4.697331,4.333247,3.756931,3.392272,0.2259557,0.0859787,..
São Tomé and Principe,STP,Liquid liabilities to GDP (%),GFDD.DI.05,..,..,..,..,..,..,..,..,..,..,..,..,..,..,..,..,..,..,..,..,..,..,..,..,..,..,..,..,..,..,..,..,..,..,..,..,..,..,..,..,..,..,..,..,..,..,..,..,..,37.22655,37.60803,36.86844,37.18202,37.7353,38.5475,40.39315,35.11726,33.08074,36.04159,32.27669,32.83231,..
Saudi Arabia,SAU,Account at a formal financial institution (% age 15+),GFDD.AI.05,..,..,..,..,..,..,..,..,..,..,..,..,..,..,..,..,..,..,..,..,..,..,..,..,..,..,..,..,..,..,..,..,..,..,..,..,..,..,..,..,..,..,..,..,..,..,..,..,..,..,..,46.42066,..,..,69.40958,..,..,71.69812,..,..,..,74.32075
Saudi Arabia,SAU,"Bank accounts per 1,000 adults",GFDD.AI.01,..,..,..,..,..,..,..,..,..,..,..,..,..,..,..,..,..,..,..,..,..,..,..,..,..,..,..,..,..,..,..,..,..,..,..,..,..,..,..,..,..,..,..,..,69665.299,82359.255,98451.162,106486.14,122252.53,134632.67,133325.54,137190.72,137123.09,148394.21,166031.76,191738.52,206418.4,218936.88,223994.6,238656.64,254461.62,273253.87
Saudi Arabia,SAU,Bank deposits to GDP (%),GFDD.OI.02,..,..,..,..,..,..,..,..,3.969753,3.7957,3.198237,3.042773,3.393031,4.026938,1.97989,4.558932,6.056391,8.474181,11.0042,8.244707,6.079242,6.976978,9.392465,11.09374,11.35347,12.23932,14.73997,16.11033,17.39196,16.10543,12.97726,15.22363,15.52145,15.84196,15.94712,15.18592,15.15959,15.3601,17.33049,16.77927,16.13818,18.89168,21.1307,20.73179,21.00489,17.89806,17.2597,20.00981,17.59732,26.93895,26.77703,25.48549,27.33245,30.63141,34.89481,39.81891,40.35257,38.74525,..,..,..,..
Saudi Arabia,SAU,Central bank assets to GDP (%),GFDD.DI.06,..,..,..,..,..,..,..,..,..,..,..,..,..,..,..,..,..,..,..,..,..,..,..,..,..,..,..,..,..,..,..,..,..,..,..,..,..,..,..,..,..,..,..,..,..,..,..,..,..,..,..,..,..,..,..,..,..,..,..,..,..,..
Saudi Arabia,SAU,Credit card (% age 15+),GFDD.AI.20,..,..,..,..,..,..,..,..,..,..,..,..,..,..,..,..,..,..,..,..,..,..,..,..,..,..,..,..,..,..,..,..,..,..,..,..,..,..,..,..,..,..,..,..,..,..,..,..,..,..,..,16.9145,..,..,11.52635,..,..,16.26872,..,..,..,25.42314
Saudi Arabia,SAU,Credit to government and state-owned enterprises to GDP (%),GFDD.EI.08,..,..,..,..,..,..,..,..,..,..,..,..,..,..,..,..,..,..,..,..,0.0388578,0.03903,0.3758371,8.96E-05,4.74E-05,0.0001329,0.0246258,0.035989,2.348879,2.880655,3.025637,6.402954,12.19153,13.26655,15.20254,14.29432,13.7951,16.74402,20.52392,19.22915,17.54824,19.49991,19.04164,21.81776,18.11778,12.95759,11.20925,11.65063,12.41437,11.33068,10.82063,8.32825,7.861164,9.65809,11.41794,10.63741,10.84511,12.07113,..,..,..,..
Saudi Arabia,SAU,Credit flows by fintech and bigtech companies to GDP (%),GFDD.DM.16,..,..,..,..,..,..,..,..,..,..,..,..,..,..,..,..,..,..,..,..,..,..,..,..,..,..,..,..,..,..,..,..,..,..,..,..,..,..,..,..,..,..,..,..,..,..,..,..,..,..,..,..,..,0,0,0,0,0,0,0,..,..
Saudi Arabia,SAU,Deposit money bank assets to deposit money bank assets and central bank assets (%),GFDD.DI.04,..,..,..,..,..,..,..,..,..,..,..,..,..,..,..,..,..,..,..,..,..,..,..,..,..,..,..,..,..,..,..,..,..,..,..,..,..,..,..,..,..,..,..,..,..,..,..,..,..,..,..,..,..,..,..,..,..,..,..,..,..,..
Saudi Arabia,SAU,Insurance company assets to GDP (%),GFDD.DI.11,..,..,..,..,..,..,..,..,..,..,..,..,..,..,..,..,..,..,..,..,..,..,..,..,..,..,..,..,..,..,..,..,..,..,..,..,..,..,..,..,..,..,..,..,..,..,..,..,..,1.5190151,1.4704358,1.251254,1.2584866,1.5063377,1.6680075,2.2061448,2.3775942,2.2888331,1.9851069,2.1497436,2.5764241,..
Saudi Arabia,SAU,Gross portfolio debt assets to GDP (%),GFDD.DM.11,..,..,..,..,..,..,..,..,..,..,..,..,..,..,..,..,..,..,..,..,..,..,..,..,..,..,..,..,..,..,..,..,..,..,..,..,..,..,..,..,..,..,..,..,..,..,..,12.57862,9.310521,14.61884,12.79643,11.42564,10.23867,10.61014,11.6301,14.34301,13.91779,9.210861,9.312256,9.515157,9.114983,..
Saudi Arabia,SAU,Liquid liabilities to GDP (%),GFDD.DI.05,..,..,..,..,..,..,..,..,14.85911,14.69088,12.99172,11.12323,12.587,12.29145,6.063726,10.80692,13.10517,17.42052,21.26786,17.55164,14.14699,16.52188,23.56444,30.71784,34.47851,39.06455,49.85989,52.08716,53.82136,50.25533,42.6005,43.41445,42.73442,45.548,46.14207,44.97321,43.57945,43.83319,51.29467,49.73694,44.33705,47.95316,53.64811,51.13739,50.01013,44.64612,46.87479,50.99305,48.10367,64.5707,55.16817,49.1691,52.23903,55.79282,61.58918,73.26687,74.73403,70.10224,..,..,..,..
Senegal,SEN,Account at a formal financial institution (% age 15+),GFDD.AI.05,..,..,..,..,..,..,..,..,..,..,..,..,..,..,..,..,..,..,..,..,..,..,..,..,..,..,..,..,..,..,..,..,..,..,..,..,..,..,..,..,..,..,..,..,..,..,..,..,..,..,..,5.821141,..,..,11.92181,..,..,20.35672,..,..,..,28.13483
Senegal,SEN,"Bank accounts per 1,000 adults",GFDD.AI.01,..,..,..,..,..,..,..,..,..,..,..,..,..,..,..,..,..,..,..,..,..,..,..,..,..,..,..,..,..,..,..,..,..,..,..,..,..,..,..,..,..,..,..,..,84.132,79.689011,87.087088,92.503541,107.94882,95.42186,104.28641,135.45329,134.9063,153.23638,168.35705,165.31044,188.11809,192.99704,201.33788,223.99153,225.50107,..
Senegal,SEN,Bank deposits to GDP (%),GFDD.OI.02,4.644445,4.870548,5.812978,5.128343,4.349164,4.39404,4.393833,4.493936,4.862143,5.072101,5.584657,5.474803,6.048214,7.50485,9.177599,8.864491,11.28512,12.26804,14.70459,13.14115,12.77372,12.47243,13.04494,13.96181,13.465,12.24332,11.98642,11.69844,12.37706,12.93045,12.50599,13.22441,13.33225,11.51324,11.33092,10.91781,12.36472,12.30778,12.17287,13.03984,14.35381,14.24837,15.8926,18.26589,20.43123,20.08323,20.91139,21.84554,20.17979,22.70483,24.71463,25.17761,25.51473,26.72422,28.52213,29.63164,29.10798,29.28517,31.64952,32.104,34.25212,34.92543
Senegal,SEN,Central bank assets to GDP (%),GFDD.DI.06,..,..,..,..,0.0034326,..,0.0032644,0.0065224,0.0030849,..,0.0027886,0.0002711,0.0014688,0.0002408,..,0.0740205,0.4977143,1.127846,1.109248,1.901738,3.861921,5.356057,8.807442,9.724883,9.541021,9.217697,8.810946,8.724837,9.042458,8.565804,8.146896,8.084202,7.954996,7.591531,9.500087,8.593621,6.846302,8.328989,7.721662,6.877155,6.008509,6.314238,6.008345,5.155537,4.306742,3.546071,1.90218,1.603947,1.603305,3.116391,3.175784,2.95879,2.533813,2.206263,1.861237,1.426725,0.9641232,0.5766647,0.2533467,0.065857,1.911837,4.027781
Senegal,SEN,Credit card (% age 15+),GFDD.AI.20,..,..,..,..,..,..,..,..,..,..,..,..,..,..,..,..,..,..,..,..,..,..,..,..,..,..,..,..,..,..,..,..,..,..,..,..,..,..,..,..,..,..,..,..,..,..,..,..,..,..,..,0.7926028,..,..,1.081319,..,..,2.830153,..,..,..,4.806607
Senegal,SEN,Credit to government and state-owned enterprises to GDP (%),GFDD.EI.08,..,..,..,..,..,..,..,..,..,..,..,..,..,..,..,..,..,..,..,..,1.664504,1.329677,1.045883,1.005287,0.9971721,0.8608339,0.8358698,0.8182643,1.319653,1.091794,0.7861317,1.632394,1.13548,1.40707,2.122972,1.995208,3.657367,3.175594,3.259063,2.75918,2.22021,2.671946,1.471097,1.917928,1.932212,2.175713,3.198629,3.45464,3.048126,3.8189,4.481312,4.471936,4.772065,4.737117,5.882043,7.1045,9.62501,9.408302,10.05152,11.60319,14.32874,..
Senegal,SEN,Credit flows by fintech and bigtech companies to GDP (%),GFDD.DM.16,..,..,..,..,..,..,..,..,..,..,..,..,..,..,..,..,..,..,..,..,..,..,..,..,..,..,..,..,..,..,..,..,..,..,..,..,..,..,..,..,..,..,..,..,..,..,..,..,..,..,..,..,..,0,0,0,0,0,0,0,..,..
Senegal,SEN,Deposit money bank assets to deposit money bank assets and central bank assets (%),GFDD.DI.04,..,..,..,..,99.97149,..,99.96881,99.92855,99.97018,..,99.97496,99.99763,99.9883,99.99855,..,99.61701,97.5428,95.03731,96.17734,93.67409,88.5232,84.9817,75.97112,74.1855,72.70818,72.11745,71.11294,71.03364,72.52043,72.69582,72.19933,72.15778,72.90968,74.0922,60.55976,60.58661,69.80204,64.68423,65.37388,68.02387,73.55128,72.40303,72.31692,77.23887,80.82371,85.42999,92.00301,93.50343,93.44862,88.57674,88.8855,90.453,92.0508,93.3512,94.58133,95.87003,97.4855,98.54406,99.36458,99.84097,95.81676,91.63348
Senegal,SEN,Insurance company assets to GDP (%),GFDD.DI.11,..,..,..,..,..,..,..,..,..,..,..,..,..,..,..,..,..,..,..,..,..,..,..,..,..,..,..,..,..,..,..,..,..,..,..,..,..,..,..,..,..,..,1.8772655,1.8422352,1.8644631,1.8136844,1.7743152,1.650861,1.743357,2.0073859,2.0807213,2.0707909,3.0375706,3.1115838,3.0172718,2.9207369,3.1564927,3.3670504,3.3190161,..,..,..
Senegal,SEN,Gross portfolio debt assets to GDP (%),GFDD.DM.11,..,..,..,..,..,..,..,..,..,..,..,..,..,..,..,..,..,..,..,..,..,..,..,..,..,..,..,..,..,..,..,..,..,..,..,..,..,..,..,1.221047,1.276857,1.243447,1.748255,2.227045,3.057752,2.226522,2.648531,2.435935,1.64922,2.342299,2.966136,2.063935,1.96212,2.335249,3.461932,4.337672,6.934763,7.391662,7.718772,..,..,..
Senegal,SEN,Liquid liabilities to GDP (%),GFDD.DI.05,..,..,13.82932,11.72245,10.73732,10.23478,9.202239,8.625878,9.282217,9.325573,10.53547,10.46649,10.64649,12.78305,15.4592,14.19446,16.57317,18.14445,21.45735,18.7291,18.82413,19.64657,20.0295,20.20821,18.97685,17.60472,17.99483,17.19286,17.67847,18.35378,17.65899,18.1561,18.71787,16.12984,16.697,15.87718,16.6881,16.47359,16.41995,17.57132,18.48277,18.98251,19.96383,25.09833,27.15864,26.91055,28.61376,29.41282,26.689,29.42568,31.84651,32.30879,32.12257,33.46251,35.6285,37.54851,37.34264,37.75349,40.92492,41.64741,45.04223,47.75932
Serbia,SRB,Account at a formal financial institution (% age 15+),GFDD.AI.05,..,..,..,..,..,..,..,..,..,..,..,..,..,..,..,..,..,..,..,..,..,..,..,..,..,..,..,..,..,..,..,..,..,..,..,..,..,..,..,..,..,..,..,..,..,..,..,..,..,..,..,62.21622,..,..,83.09234,..,..,71.44105,..,..,..,89.41574
Serbia,SRB,"Bank accounts per 1,000 adults",GFDD.AI.01,..,..,..,..,..,..,..,..,..,..,..,..,..,..,..,..,..,..,..,..,..,..,..,..,..,..,..,..,..,..,..,..,..,..,..,..,..,..,..,..,..,..,..,..,..,..,..,..,..,..,..,..,..,..,..,..,..,..,..,..,..,..
Serbia,SRB,Bank deposits to GDP (%),GFDD.OI.02,..,..,..,..,..,..,..,..,..,..,..,..,..,..,..,..,..,..,..,..,..,..,..,..,..,..,..,..,..,..,..,..,..,..,..,..,..,6.72301,7.578172,8.064537,12.45974,11.5334,13.39347,15.42834,17.80025,21.5544,25.47306,32.34436,30.51856,35.9399,38.61277,37.94694,39.72554,37.92784,40.60579,41.68076,44.06151,43.31158,46.8532,47.54742,55.03342,54.74428
Serbia,SRB,Central bank assets to GDP (%),GFDD.DI.06,..,..,..,..,..,..,..,..,..,..,..,..,..,..,..,..,..,..,..,..,..,..,..,..,..,..,..,..,..,..,..,..,..,..,..,..,..,0.9235411,1.768121,2.569206,1.862916,2.841665,2.076349,1.686968,1.498925,0.9302813,0.8162611,0.495209,0.443021,0.4509197,0.1452787,0.1041008,0.1013974,0.0798433,0.0858949,0.0809683,0.1160221,0.1105126,0.1210051,0.0331226,2.209786,1.79819
Serbia,SRB,Credit card (% age 15+),GFDD.AI.20,..,..,..,..,..,..,..,..,..,..,..,..,..,..,..,..,..,..,..,..,..,..,..,..,..,..,..,..,..,..,..,..,..,..,..,..,..,..,..,..,..,..,..,..,..,..,..,..,..,..,..,22.55824,..,..,15.24308,..,..,17.6191,..,..,..,16.15886
Serbia,SRB,Credit to government and state-owned enterprises to GDP (%),GFDD.EI.08,..,..,..,..,..,..,..,..,..,..,..,..,..,..,..,..,..,..,..,..,..,..,..,..,..,..,..,..,..,..,..,..,..,..,..,..,..,0.6297465,1.021114,6.069413,11.74713,0.4620418,0.8144701,1.837994,2.542909,2.435158,1.849856,1.316448,1.512032,5.559183,8.622808,8.910793,11.24139,11.36424,15.87609,17.12644,17.35627,15.73177,15.286,15.40453,17.153,..
Serbia,SRB,Credit flows by fintech and bigtech companies to GDP (%),GFDD.DM.16,..,..,..,..,..,..,..,..,..,..,..,..,..,..,..,..,..,..,..,..,..,..,..,..,..,..,..,..,..,..,..,..,..,..,..,..,..,..,..,..,..,..,..,..,..,..,..,..,..,..,..,..,..,..,..,..,..,..,..,..,..,..
Serbia,SRB,Deposit money bank assets to deposit money bank assets and central bank assets (%),GFDD.DI.04,..,..,..,..,..,..,..,..,..,..,..,..,..,..,..,..,..,..,..,..,..,..,..,..,..,..,..,..,..,..,..,..,..,..,..,..,..,95.85452,93.11398,92.61909,96.73505,91.39213,88.54176,91.67509,93.95519,96.87356,97.17265,98.52424,98.85653,99.02144,99.73988,99.80656,99.82471,99.84754,99.84859,99.85998,99.80112,99.80303,99.78694,99.94231,96.59109,97.08506
Serbia,SRB,Insurance company assets to GDP (%),GFDD.DI.11,..,..,..,..,..,..,..,..,..,..,..,..,..,..,..,..,..,..,..,..,..,..,..,..,..,..,..,..,..,..,..,..,..,..,..,..,..,..,..,..,..,..,3.0111815,2.8347298,2.0180778,2.5123815,2.5721736,2.7977066,2.9156476,3.2501834,3.6024326,3.4798097,3.6876079,3.5863339,4.0355256,4.4449383,4.7612822,4.8942521,5.499778,5.527632,5.710426,..
Serbia,SRB,Gross portfolio debt assets to GDP (%),GFDD.DM.11,..,..,..,..,..,..,..,..,..,..,..,..,..,..,..,..,..,..,..,..,..,..,..,..,..,..,..,..,..,..,..,..,..,..,..,..,..,..,..,..,..,..,..,..,..,..,..,..,0.0243565,0.0267785,0.1632441,0.0196313,0.1002883,0.0928818,0.2708592,0.4713951,0.6521328,0.4212069,0.3333227,0.2962205,0.4948214,..
Serbia,SRB,Liquid liabilities to GDP (%),GFDD.DI.05,..,..,..,..,..,..,..,..,..,..,..,..,..,..,..,..,..,..,..,..,..,..,..,..,..,..,..,..,..,..,..,..,..,..,..,..,..,9.829586,10.16605,11.03091,14.97701,14.44678,17.35869,18.90288,21.15561,24.84604,29.09034,35.81819,34.12596,39.49917,41.86268,41.53732,43.09119,41.65971,44.83638,46.33976,48.51939,47.79622,51.36775,51.03222,60.60735,60.26838
Seychelles,SYC,Account at a formal financial institution (% age 15+),GFDD.AI.05,..,..,..,..,..,..,..,..,..,..,..,..,..,..,..,..,..,..,..,..,..,..,..,..,..,..,..,..,..,..,..,..,..,..,..,..,..,..,..,..,..,..,..,..,..,..,..,..,..,..,..,..,..,..,..,..,..,..,..,..,..,..
Seychelles,SYC,"Bank accounts per 1,000 adults",GFDD.AI.01,..,..,..,..,..,..,..,..,..,..,..,..,..,..,..,..,..,..,..,..,..,..,..,..,..,..,..,..,..,..,..,..,..,..,..,..,..,..,..,..,..,..,..,..,277.04288,497.05655,524.63035,573.06448,598.35867,672.98238,702.26,737.09011,1028.2037,1704.0791,1675.4889,1742.1976,1765.0624,1824.1751,1848.5898,2424.7549,3392.4275,..
Seychelles,SYC,Bank deposits to GDP (%),GFDD.OI.02,..,..,..,..,..,..,..,..,..,..,..,27.3029,29.2176,26.44422,22.11382,25.5814,29.32206,24.73642,23.62139,21.69003,24.98938,24.07407,22.31405,23.56495,24.91573,26.11618,28.17757,28.63181,32.29712,34.42185,34.56533,38.5404,39.75687,45.08958,54.25376,63.58471,70.51328,72.34241,74.5666,85.12605,84.24956,88.44646,94.26296,100.071,85.07276,80.46818,75.99327,59.75048,60.13996,51.16314,57.19847,55.29537,46.76862,53.59742,63.97478,61.28966,66.4664,70.81847,74.02756,82.14394,118.3747,112.5052
Seychelles,SYC,Central bank assets to GDP (%),GFDD.DI.06,..,..,..,..,..,..,..,..,..,..,..,1.493776,1.100245,0.747012,0.6097561,0.5206525,0.4102901,0.3041362,1.563551,0.5459734,0.1592357,1.91358,3.440083,5.840886,6.526217,8.821577,7.904984,9.97851,10.84424,6.002325,5.358414,5.60101,10.86898,12.29642,21.52094,27.40909,31.61847,32.74919,17.96428,19.23442,19.89197,21.30362,33.90147,26.62506,30.42093,26.61152,19.80499,16.44504,12.44887,8.653888,10.12433,9.398467,8.162083,7.399643,6.922442,6.461575,6.240733,5.681527,5.501638,5.34,5.919049,5.334457
Seychelles,SYC,Credit card (% age 15+),GFDD.AI.20,..,..,..,..,..,..,..,..,..,..,..,..,..,..,..,..,..,..,..,..,..,..,..,..,..,..,..,..,..,..,..,..,..,..,..,..,..,..,..,..,..,..,..,..,..,..,..,..,..,..,..,..,..,..,..,..,..,..,..,..,..,..
Seychelles,SYC,Credit to government and state-owned enterprises to GDP (%),GFDD.EI.08,..,..,..,..,..,..,..,..,..,..,..,..,..,..,..,..,..,..,..,..,3.917613,7.644819,11.41293,13.1131,16.92725,19.79417,25.32129,28.69833,32.80759,36.26961,33.05882,38.38695,34.84603,39.98208,38.93226,38.86699,41.38757,40.94886,67.55706,..,..,..,..,..,60.46984,53.68513,50.05745,36.502,28.69294,17.43289,19.79915,16.66461,18.14757,19.3498,19.27066,20.2124,22.38781,20.53541,16.39477,16.34844,24.15151,..
Seychelles,SYC,Credit flows by fintech and bigtech companies to GDP (%),GFDD.DM.16,..,..,..,..,..,..,..,..,..,..,..,..,..,..,..,..,..,..,..,..,..,..,..,..,..,..,..,..,..,..,..,..,..,..,..,..,..,..,..,..,..,..,..,..,..,..,..,..,..,..,..,..,..,..,..,..,..,..,..,..,..,..
Seychelles,SYC,Deposit money bank assets to deposit money bank assets and central bank assets (%),GFDD.DI.04,..,..,..,..,..,..,..,..,..,..,..,92.10526,95.12195,97.26278,97.41824,97.63033,98.42437,98.81797,93.96887,97.53502,99.24434,92.52412,88.44151,82.26299,81.30364,76.4875,80.5145,77.97281,78.41605,87.97999,88.27065,89.20786,79.57871,79.4334,69.13206,64.69968,63.05982,62.5239,82.01675,82.75903,82.98197,82.89916,75.35349,81.10059,73.80394,74.67652,78.6195,78.84762,82.49793,81.25329,81.3789,80.95337,82.91011,84.60164,86.51973,87.57244,88.77907,89.68568,89.73936,91.02574,92.62653,92.43841
Seychelles,SYC,Insurance company assets to GDP (%),GFDD.DI.11,..,..,..,..,..,..,..,..,..,..,..,..,..,..,..,..,..,..,..,..,..,..,..,..,..,..,..,..,..,..,..,..,..,..,..,..,..,..,..,..,..,..,..,..,..,..,..,..,..,..,..,..,..,..,..,..,..,..,..,..,..,..
Seychelles,SYC,Gross portfolio debt assets to GDP (%),GFDD.DM.11,..,..,..,..,..,..,..,..,..,..,..,..,..,..,..,..,..,..,..,..,..,..,..,..,..,..,..,..,..,..,..,..,..,..,..,..,..,..,..,..,..,..,..,..,..,..,..,..,..,..,..,..,22.14957,12.5235,10.97186,6.817816,2.762147,2.435939,0.2513289,0.3115872,4.800646,..
Seychelles,SYC,Liquid liabilities to GDP (%),GFDD.DI.05,..,..,..,..,..,..,..,..,..,..,..,37.59336,39.6088,35.85658,30.28455,33.46061,37.82874,32.86699,31.00202,28.949,33.63057,32.25309,30.32025,31.34945,32.31273,32.37345,34.16667,34.49141,38.46859,40.09297,39.8424,44.21717,45.15984,50.52931,59.94713,69.6814,77.09699,79.15824,81.03782,92.59868,91.79762,99.6265,104.8413,110.7774,104.2507,96.76917,89.83811,66.96642,64.8982,55.501,62.15379,60.24019,51.11797,58.32185,69.078,66.37157,71.87215,76.17108,79.4547,87.67939,125.6689,119.2191
Sierra Leone,SLE,Account at a formal financial institution (% age 15+),GFDD.AI.05,..,..,..,..,..,..,..,..,..,..,..,..,..,..,..,..,..,..,..,..,..,..,..,..,..,..,..,..,..,..,..,..,..,..,..,..,..,..,..,..,..,..,..,..,..,..,..,..,..,..,..,15.34176,..,..,14.14885,..,..,12.38697,..,..,..,13.77779
Sierra Leone,SLE,"Bank accounts per 1,000 adults",GFDD.AI.01,..,..,..,..,..,..,..,..,..,..,..,..,..,..,..,..,..,..,..,..,..,..,..,..,..,..,..,..,..,..,..,..,..,..,..,..,..,..,..,..,..,..,..,..,..,..,56.124366,58.405141,84.107238,100.29623,167.94181,137.03853,156.76604,..,..,..,..,..,..,..,..,..
Sierra Leone,SLE,Bank deposits to GDP (%),GFDD.OI.02,4.585185,5.360613,5.966505,5.969875,6.351259,5.722633,6.040268,6.65479,7.610502,7.319973,6.632441,7.682133,8.315695,8.560758,9.254853,8.626774,10.59781,10.55448,11.38956,12.0811,14.96668,13.84538,18.32596,18.61148,16.27551,17.56426,16.05172,10.47001,10.41525,10.89151,9.539111,6.79103,6.905836,6.579013,5.92014,5.465794,5.496706,7.444004,7.302219,8.817207,9.104687,7.642139,8.196959,7.873048,8.473548,9.904053,10.42659,11.49651,12.7317,14.86448,15.99553,15.90266,15.35821,13.83931,16.00868,18.53644,19.89653,18.07655,17.61351,17.40051,21.58981,23.66052
Sierra Leone,SLE,Central bank assets to GDP (%),GFDD.DI.06,2.028843,1.992793,1.448736,1.424523,2.077556,1.967277,2.852349,2.727633,0.9313043,0.375835,1.729241,2.257595,1.92396,2.994136,3.81008,7.084766,9.100883,8.747695,11.84089,18.47812,26.29511,33.17907,36.52914,38.49741,33.99158,46.70607,36.34927,19.60457,16.45976,15.17348,32.55041,15.35506,8.869769,5.834041,86.54462,62.23447,48.07014,56.76648,45.37383,43.52782,47.69004,30.11963,25.13748,21.12635,16.05574,12.51973,11.03977,2.79261,2.319149,3.967125,5.505004,2.972962,1.02594,2.691168,4.489118,5.361541,7.723773,8.928281,9.175486,7.930631,9.290014,10.51843
Sierra Leone,SLE,Credit card (% age 15+),GFDD.AI.20,..,..,..,..,..,..,..,..,..,..,..,..,..,..,..,..,..,..,..,..,..,..,..,..,..,..,..,..,..,..,..,..,..,..,..,..,..,..,..,..,..,..,..,..,..,..,..,..,..,..,..,2.154915,..,..,0.6489342,..,..,1.463317,..,..,..,0.5049454
Sierra Leone,SLE,Credit to government and state-owned enterprises to GDP (%),GFDD.EI.08,..,..,..,..,..,..,..,..,..,..,..,..,..,..,..,..,..,..,..,..,3.094625,2.671745,2.564183,3.729505,3.371585,4.708231,2.72668,2.080255,1.702697,1.208214,1.0071,0.5558641,0.5741264,1.353065,1.28106,1.332113,1.462106,0.8742058,2.686974,4.10105,3.72805,4.673376,4.978186,3.855743,3.955959,4.403408,4.292051,4.306584,5.722039,5.164955,5.255646,4.886615,5.548012,6.691547,8.189969,10.038,9.764408,10.60648,10.43991,10.86378,14.9229,..
Sierra Leone,SLE,Credit flows by fintech and bigtech companies to GDP (%),GFDD.DM.16,..,..,..,..,..,..,..,..,..,..,..,..,..,..,..,..,..,..,..,..,..,..,..,..,..,..,..,..,..,..,..,..,..,..,..,..,..,..,..,..,..,..,..,..,..,..,..,..,..,..,..,..,..,0,0,0,0,0,0,0,..,..
Sierra Leone,SLE,Deposit money bank assets to deposit money bank assets and central bank assets (%),GFDD.DI.04,57.7167,63.70236,76.65131,82.15962,77.18283,75.72116,69.38776,72.7668,89.6482,94.53692,79.82597,77.0487,80.73616,74.68035,71.99258,57.7039,55.64635,55.87918,50.03775,36.86219,31.20812,26.19257,23.03723,26.03762,23.32928,21.36691,24.82354,24.32177,27.51849,31.18724,12.41129,21.82686,30.31307,47.96321,5.42843,6.842413,8.597469,6.907871,12.4954,15.51134,13.54647,17.06287,21.53925,23.984,31.44562,37.87887,40.8712,73.66057,82.60672,75.20399,70.21556,80.74195,92.14915,80.91025,74.38074,73.99287,66.31054,63.51291,63.50837,68.2808,67.87735,67.48244
Sierra Leone,SLE,Insurance company assets to GDP (%),GFDD.DI.11,..,..,..,..,..,..,..,..,..,..,..,..,..,..,..,..,..,..,..,..,..,..,..,..,..,..,..,..,..,..,..,..,..,..,..,..,..,..,..,..,..,..,..,..,..,..,..,..,..,..,..,..,..,..,..,..,..,..,..,..,..,..
Sierra Leone,SLE,Gross portfolio debt assets to GDP (%),GFDD.DM.11,..,..,..,..,..,..,..,..,..,..,..,..,..,..,..,..,..,..,..,..,..,..,..,..,..,..,..,..,..,..,..,..,..,..,..,..,..,..,..,..,..,0.0222658,0.0703853,..,..,..,..,..,..,..,1.055727,1.356319,0.6198572,0.5409186,0.2800318,0.7849686,0.8654497,0.9767304,..,..,..,..
Sierra Leone,SLE,Liquid liabilities to GDP (%),GFDD.DI.05,10.94054,11.65784,12.19988,12.0241,12.40823,11.5037,11.50261,12.48614,14.19875,13.45078,11.94723,13.7808,15.1636,15.17724,15.23852,14.9153,16.90725,17.17514,17.82347,18.29562,22.56945,20.71119,26.15394,29.44246,25.9663,27.78121,28.96349,16.67506,17.13599,18.35037,18.11019,13.62957,12.31879,11.6902,10.37288,10.09474,9.925912,15.17492,13.40201,16.0767,16.35744,13.42968,14.32407,14.11188,14.09501,15.18432,15.75183,16.74088,17.68701,20.28129,21.80789,21.25196,20.27629,17.52057,20.39776,23.96384,25.09077,23.62231,22.94748,22.88587,28.40626,31.22051
Singapore,SGP,Account at a formal financial institution (% age 15+),GFDD.AI.05,..,..,..,..,..,..,..,..,..,..,..,..,..,..,..,..,..,..,..,..,..,..,..,..,..,..,..,..,..,..,..,..,..,..,..,..,..,..,..,..,..,..,..,..,..,..,..,..,..,..,..,98.22189,..,..,96.3526,..,..,97.81229,..,..,..,97.18949
Singapore,SGP,"Bank accounts per 1,000 adults",GFDD.AI.01,..,..,..,..,..,..,..,..,..,..,..,..,..,..,..,..,..,..,..,..,..,..,..,..,..,..,..,..,..,..,..,..,..,..,..,..,..,..,..,..,..,..,..,..,1980.3717,1973.6655,1984.6625,1999.2398,2003.2006,1997.0432,2040.6003,2079.4634,2105.9101,2144.1085,2176.4075,2185.4408,2200.8475,2226.8648,2268.1399,2316.978,2404.8742,..
Singapore,SGP,Bank deposits to GDP (%),GFDD.OI.02,..,..,..,38.44785,40.88119,39.54954,41.23465,47.20441,51.71386,53.43121,53.08455,49.04833,51.51584,47.98184,43.78322,47.53545,48.35571,46.24783,45.14817,47.10234,49.97371,53.66697,55.34825,55.67818,53.91992,57.28682,63.39029,69.48485,67.54529,73.29489,77.64819,78.99515,79.42634,74.74028,75.12772,73.96656,74.8713,75.83544,104.9925,111.5594,96.36362,105.0688,101.3579,106.9787,99.40904,96.46959,104.6265,103.0041,114.7736,124.2912,116.4588,119.1537,121.7642,121.3545,120.548,114.8199,118.8911,113.417,109.9155,114.2686,141.1438,..
Singapore,SGP,Central bank assets to GDP (%),GFDD.DI.06,..,..,..,..,..,1.139563,1.281134,1.081823,1.718449,1.51536,1.632847,0.1875929,..,..,..,..,..,..,..,..,..,..,..,..,..,..,..,..,..,..,..,..,..,..,..,..,..,..,..,..,3.169677,3.88536,3.505112,3.758979,3.620013,3.295177,2.7982,2.384212,2.504216,2.613928,2.287816,1.939192,1.899851,1.818276,1.754665,1.869267,2.016522,1.937441,1.945599,2.072863,2.456405,..
Singapore,SGP,Credit card (% age 15+),GFDD.AI.20,..,..,..,..,..,..,..,..,..,..,..,..,..,..,..,..,..,..,..,..,..,..,..,..,..,..,..,..,..,..,..,..,..,..,..,..,..,..,..,..,..,..,..,..,..,..,..,..,..,..,..,37.34978,..,..,35.41981,..,..,48.89768,..,..,..,41.73657
Singapore,SGP,Credit to government and state-owned enterprises to GDP (%),GFDD.EI.08,..,..,..,..,..,..,..,..,..,..,..,..,..,..,..,..,..,..,..,..,8.558309,8.523326,8.669499,9.209627,8.993443,9.837799,9.723007,11.60715,10.1287,11.13386,11.23952,12.43271,13.64457,13.02859,12.05451,12.65755,12.91675,12.70176,18.4541,21.16135,20.35773,25.18063,25.72208,26.77907,23.17405,20.56665,21.4847,21.97819,24.34679,28.79624,25.95051,26.01661,26.68733,25.51873,27.03436,26.6028,25.99529,26.29242,27.40302,31.34222,36.52421,..
Singapore,SGP,Credit flows by fintech and bigtech companies to GDP (%),GFDD.DM.16,..,..,..,..,..,..,..,..,..,..,..,..,..,..,..,..,..,..,..,..,..,..,..,..,..,..,..,..,..,..,..,..,..,..,..,..,..,..,..,..,..,..,..,..,..,..,..,..,..,..,..,..,..,0,0.0017056,0.0069252,0.031653,0.0401843,0.0893479,0.1722282,..,..
Singapore,SGP,Deposit money bank assets to deposit money bank assets and central bank assets (%),GFDD.DI.04,..,..,..,..,..,97.21995,96.9395,97.66116,96.95122,97.25978,97.21416,99.68246,..,..,..,..,..,..,..,..,..,..,..,..,..,..,..,..,..,..,..,..,..,..,..,..,..,..,..,..,97.34918,97.30341,97.32941,97.22216,97.04543,97.08611,97.42267,97.82689,97.99205,97.96219,98.14145,98.53822,98.65792,98.79904,98.8818,98.7612,98.67187,98.70034,98.67838,98.64741,98.56712,..
Singapore,SGP,Insurance company assets to GDP (%),GFDD.DI.11,..,..,..,..,..,..,..,..,..,..,..,..,..,..,..,..,..,..,..,..,..,..,..,..,..,..,..,..,..,..,11.860445,..,..,..,..,..,..,..,..,..,27.416012,37.105062,40.307645,45.501618,44.51554,44.341515,44.487269,43.586743,38.142401,43.763246,41.601309,40.703689,42.520375,41.984116,40.273912,40.034514,41.596331,45.051667,43.549979,50.316777,63.726688,..
Singapore,SGP,Gross portfolio debt assets to GDP (%),GFDD.DM.11,..,..,..,..,..,..,..,..,..,..,..,..,..,..,..,..,..,..,..,..,..,..,..,..,..,..,..,..,..,..,..,..,..,..,..,..,..,..,..,..,..,87.61021,105.7803,136.3096,131.1224,120.8598,134.3749,138.2051,98.06886,132.1983,122.129,108.6945,127.381,144.3768,150.8726,155.376,159.89,177.9995,163.9639,188.3083,218.6135,..
Singapore,SGP,Liquid liabilities to GDP (%),GFDD.DI.05,..,..,..,52.83019,56.91948,55.2688,56.36992,58.36565,63.19311,65.57377,65.44997,60.67908,63.62092,58.69791,53.96138,59.46666,61.33276,59.9638,59.23413,61.01357,62.09991,64.80957,67.1077,67.06869,64.98859,68.88417,75.70055,81.4279,78.76884,84.07643,87.73299,88.54027,89.17549,83.87194,83.49696,81.92636,82.45211,83.03558,112.0641,119.296,103.1793,112.4455,108.8173,114.5252,106.4521,103.3259,111.0989,109.1167,121.7082,131.4503,123.2788,126.1805,128.9125,128.851,128.4456,122.8592,127.6394,122.3473,118.8467,123.8486,152.6299,..
Sint Maarten (Dutch part),SXM,Account at a formal financial institution (% age 15+),GFDD.AI.05,..,..,..,..,..,..,..,..,..,..,..,..,..,..,..,..,..,..,..,..,..,..,..,..,..,..,..,..,..,..,..,..,..,..,..,..,..,..,..,..,..,..,..,..,..,..,..,..,..,..,..,..,..,..,..,..,..,..,..,..,..,..
Sint Maarten (Dutch part),SXM,"Bank accounts per 1,000 adults",GFDD.AI.01,..,..,..,..,..,..,..,..,..,..,..,..,..,..,..,..,..,..,..,..,..,..,..,..,..,..,..,..,..,..,..,..,..,..,..,..,..,..,..,..,..,..,..,..,..,..,..,..,..,..,..,..,..,..,..,..,..,..,..,..,..,..
Sint Maarten (Dutch part),SXM,Bank deposits to GDP (%),GFDD.OI.02,..,..,..,..,..,..,..,..,..,..,..,..,..,..,..,..,..,..,..,..,..,..,..,..,..,..,..,..,..,..,..,..,..,..,..,..,..,..,..,..,..,..,..,..,..,..,..,..,..,..,..,..,..,..,..,..,..,..,..,..,..,..
Sint Maarten (Dutch part),SXM,Central bank assets to GDP (%),GFDD.DI.06,..,..,..,..,..,..,..,..,..,..,..,..,..,..,..,..,..,..,..,..,..,..,..,..,..,..,..,..,..,..,..,..,..,..,..,..,..,..,..,..,..,..,..,..,..,..,..,..,..,..,..,..,..,..,..,..,..,..,..,..,..,..
Sint Maarten (Dutch part),SXM,Credit card (% age 15+),GFDD.AI.20,..,..,..,..,..,..,..,..,..,..,..,..,..,..,..,..,..,..,..,..,..,..,..,..,..,..,..,..,..,..,..,..,..,..,..,..,..,..,..,..,..,..,..,..,..,..,..,..,..,..,..,..,..,..,..,..,..,..,..,..,..,..
Sint Maarten (Dutch part),SXM,Credit to government and state-owned enterprises to GDP (%),GFDD.EI.08,..,..,..,..,..,..,..,..,..,..,..,..,..,..,..,..,..,..,..,..,..,..,..,..,..,..,..,..,..,..,..,..,..,..,..,..,..,..,..,..,..,..,..,..,..,..,..,..,..,..,..,..,..,..,..,..,..,..,..,..,..,..
Sint Maarten (Dutch part),SXM,Credit flows by fintech and bigtech companies to GDP (%),GFDD.DM.16,..,..,..,..,..,..,..,..,..,..,..,..,..,..,..,..,..,..,..,..,..,..,..,..,..,..,..,..,..,..,..,..,..,..,..,..,..,..,..,..,..,..,..,..,..,..,..,..,..,..,..,..,..,..,..,..,..,..,..,..,..,..
Sint Maarten (Dutch part),SXM,Deposit money bank assets to deposit money bank assets and central bank assets (%),GFDD.DI.04,..,..,..,..,..,..,..,..,..,..,..,..,..,..,..,..,..,..,..,..,..,..,..,..,..,..,..,..,..,..,..,..,..,..,..,..,..,..,..,..,..,..,..,..,..,..,..,..,..,..,..,..,..,..,..,..,..,..,..,..,..,..
Sint Maarten (Dutch part),SXM,Insurance company assets to GDP (%),GFDD.DI.11,..,..,..,..,..,..,..,..,..,..,..,..,..,..,..,..,..,..,..,..,..,..,..,..,..,..,..,..,..,..,..,..,..,..,..,..,..,..,..,..,..,..,..,..,..,..,..,..,..,..,..,..,..,..,..,..,..,..,..,..,..,..
Sint Maarten (Dutch part),SXM,Gross portfolio debt assets to GDP (%),GFDD.DM.11,..,..,..,..,..,..,..,..,..,..,..,..,..,..,..,..,..,..,..,..,..,..,..,..,..,..,..,..,..,..,..,..,..,..,..,..,..,..,..,..,..,..,..,..,..,..,..,..,..,..,..,..,..,..,..,..,..,..,..,..,..,..
Sint Maarten (Dutch part),SXM,Liquid liabilities to GDP (%),GFDD.DI.05,..,..,..,..,..,..,..,..,..,..,..,..,..,..,..,..,..,..,..,..,..,..,..,..,..,..,..,..,..,..,..,..,..,..,..,..,..,..,..,..,..,..,..,..,..,..,..,..,..,..,..,..,..,..,..,..,..,..,..,..,..,..
Slovak Republic,SVK,Account at a formal financial institution (% age 15+),GFDD.AI.05,..,..,..,..,..,..,..,..,..,..,..,..,..,..,..,..,..,..,..,..,..,..,..,..,..,..,..,..,..,..,..,..,..,..,..,..,..,..,..,..,..,..,..,..,..,..,..,..,..,..,..,79.58301,..,..,77.2414,..,..,84.18159,..,..,..,95.6197
Slovak Republic,SVK,"Bank accounts per 1,000 adults",GFDD.AI.01,..,..,..,..,..,..,..,..,..,..,..,..,..,..,..,..,..,..,..,..,..,..,..,..,..,..,..,..,..,..,..,..,..,..,..,..,..,..,..,..,..,..,..,..,..,..,..,..,..,..,..,..,..,..,..,..,..,..,..,..,..,..
Slovak Republic,SVK,Bank deposits to GDP (%),GFDD.OI.02,..,..,..,..,..,..,..,..,..,..,..,..,..,..,..,..,..,..,..,..,..,..,..,..,..,..,..,..,..,..,..,..,..,53.67513,52.60882,53.14782,55.16437,53.83632,51.95874,53.9289,55.9695,57.12802,54.68303,53.94509,51.60731,47.94576,46.83017,47.32447,50.17479,48.81557,46.30453,44.31807,46.63143,48.79726,49.01508,51.76406,53.74394,55.02759,55.32589,57.38645,62.62526,62.70656
Slovak Republic,SVK,Central bank assets to GDP (%),GFDD.DI.06,..,..,..,..,..,..,..,..,..,..,..,..,..,..,..,..,..,..,..,..,..,..,..,..,..,..,..,..,..,..,..,..,..,11.02067,9.132979,4.354498,4.579204,0.8022914,1.191028,0.2623365,0.0400494,0.0334204,0.0254315,1.465822,0.5515881,0.0209082,0.0204218,0.0220223,0.020134,0.022092,0.0828416,0.0826978,0.3038542,0.102685,0.0162828,5.198518,8.250401,9.959396,9.929551,10.12993,16.7964,19.44555
Slovak Republic,SVK,Credit card (% age 15+),GFDD.AI.20,..,..,..,..,..,..,..,..,..,..,..,..,..,..,..,..,..,..,..,..,..,..,..,..,..,..,..,..,..,..,..,..,..,..,..,..,..,..,..,..,..,..,..,..,..,..,..,..,..,..,..,20.3239,..,..,17.02765,..,..,22.13708,..,..,..,30.93812
Slovak Republic,SVK,Credit to government and state-owned enterprises to GDP (%),GFDD.EI.08,..,..,..,..,..,..,..,..,..,..,..,..,..,..,..,..,..,..,..,..,..,..,..,..,..,..,..,..,..,..,..,..,..,..,..,..,..,..,..,..,..,..,..,..,..,..,15.00546,13.75095,13.17545,19.0753,18.66921,16.8082,17.57605,15.97335,15.12575,14.31505,12.73349,10.1759,9.546861,8.923611,10.34395,..
Slovak Republic,SVK,Credit flows by fintech and bigtech companies to GDP (%),GFDD.DM.16,..,..,..,..,..,..,..,..,..,..,..,..,..,..,..,..,..,..,..,..,..,..,..,..,..,..,..,..,..,..,..,..,..,..,..,..,..,..,..,..,..,..,..,..,..,..,..,..,..,..,..,..,..,0,0,0,0,0,0,0,..,..
Slovak Republic,SVK,Deposit money bank assets to deposit money bank assets and central bank assets (%),GFDD.DI.04,..,..,..,..,..,..,..,..,..,..,..,..,..,..,..,..,..,..,..,..,..,..,..,..,..,..,..,..,..,..,..,..,..,84.88937,84.36594,91.69974,92.40905,98.85859,98.17101,99.58138,99.93558,99.94927,99.96053,97.23702,98.91796,99.96001,99.95812,99.95692,99.96262,99.96546,99.86898,99.86868,99.52708,99.8396,99.97492,92.79507,89.43157,87.60766,87.81561,87.61969,82.19639,80.28111
Slovak Republic,SVK,Insurance company assets to GDP (%),GFDD.DI.11,..,..,..,..,..,..,..,..,..,..,..,..,..,..,..,..,..,..,..,..,..,..,..,..,..,..,..,..,..,..,..,..,..,..,..,..,4.4388259,4.6777674,4.9609793,4.8454448,4.8608596,5.6335524,5.8157757,6.4923643,7.0015935,7.5764082,7.5122301,8.4289384,7.4704189,9.5778926,9.9695661,9.5782574,9.8851235,9.8150311,10.068036,8.6643235,9.545865,9.2200509,8.4875092,8.58637,8.2570177,..
Slovak Republic,SVK,Gross portfolio debt assets to GDP (%),GFDD.DM.11,..,..,..,..,..,..,..,..,..,..,..,..,..,..,..,..,..,..,..,..,..,..,..,..,..,..,..,..,..,..,..,..,..,..,..,..,..,..,..,17.02977,46.72594,117.9748,78.25435,118.9556,..,..,..,..,..,29.59924,31.12835,28.94706,26.73063,26.1078,23.22434,21.3187,24.76605,29.14145,28.98895,30.81464,38.51906,..
Slovak Republic,SVK,Liquid liabilities to GDP (%),GFDD.DI.05,..,..,..,..,..,..,..,..,..,..,..,..,..,..,..,..,..,..,..,..,..,..,..,..,..,..,..,..,..,..,..,..,..,..,..,..,..,..,..,..,..,..,..,..,..,..,54.46126,54.67644,52.29254,60.58129,58.14441,55.60661,57.75822,60.60268,62.40825,65.49921,68.37525,69.44907,69.59563,72.32749,79.9754,80.13683
Slovenia,SVN,Account at a formal financial institution (% age 15+),GFDD.AI.05,..,..,..,..,..,..,..,..,..,..,..,..,..,..,..,..,..,..,..,..,..,..,..,..,..,..,..,..,..,..,..,..,..,..,..,..,..,..,..,..,..,..,..,..,..,..,..,..,..,..,..,97.14372,..,..,97.24451,..,..,97.5334,..,..,..,99.04966
Slovenia,SVN,"Bank accounts per 1,000 adults",GFDD.AI.01,..,..,..,..,..,..,..,..,..,..,..,..,..,..,..,..,..,..,..,..,..,..,..,..,..,..,..,..,..,..,..,..,..,..,..,..,..,..,..,..,..,..,..,..,..,..,..,..,..,..,..,..,..,..,..,..,..,..,..,..,..,..
Slovenia,SVN,Bank deposits to GDP (%),GFDD.OI.02,..,..,..,..,..,..,..,..,..,..,..,..,..,..,..,..,..,..,..,..,..,..,..,..,..,..,..,..,..,..,..,..,..,..,..,30.88072,33.64092,36.5415,39.49313,40.01299,44.01591,51.31235,52.13235,50.82677,46.25743,47.34724,48.26414,48.60236,47.82625,50.31721,51.87841,52.16073,52.4844,51.79467,53.73009,54.73512,56.61009,56.69038,57.06962,57.83945,66.75753,65.23056
Slovenia,SVN,Central bank assets to GDP (%),GFDD.DI.06,..,..,..,..,..,..,..,..,..,..,..,..,..,..,..,..,..,..,..,..,..,..,..,..,..,..,..,..,..,..,..,..,..,..,..,0.6083647,0.5380998,0.4783486,0.4408618,0.4077194,0.3984676,0.1986683,0.1683005,0.4440075,0.3951399,0.2535588,0.2230672,0.1928239,0.1807218,0.4454015,0.3831821,0.2784241,0.6145377,0.643874,0.6954296,5.871853,11.2019,14.2874,15.3887,15.74772,24.90933,27.57283
Slovenia,SVN,Credit card (% age 15+),GFDD.AI.20,..,..,..,..,..,..,..,..,..,..,..,..,..,..,..,..,..,..,..,..,..,..,..,..,..,..,..,..,..,..,..,..,..,..,..,..,..,..,..,..,..,..,..,..,..,..,..,..,..,..,..,38.5989,..,..,35.18213,..,..,42.16511,..,..,..,45.04756
Slovenia,SVN,Credit to government and state-owned enterprises to GDP (%),GFDD.EI.08,..,..,..,..,..,..,..,..,..,..,..,..,..,..,..,..,..,..,..,..,..,..,..,..,..,..,..,..,..,..,..,..,..,..,..,..,..,..,..,..,..,..,..,..,11.54459,11.52222,10.62883,7.086983,6.259529,10.68462,10.84969,13.17625,15.63252,19.59679,21.05829,19.90246,16.94289,12.8126,11.52987,10.54857,10.58492,..
Slovenia,SVN,Credit flows by fintech and bigtech companies to GDP (%),GFDD.DM.16,..,..,..,..,..,..,..,..,..,..,..,..,..,..,..,..,..,..,..,..,..,..,..,..,..,..,..,..,..,..,..,..,..,..,..,..,..,..,..,..,..,..,..,..,..,..,..,..,..,..,..,..,..,0,0,0,0,0,0,0,..,..
Slovenia,SVN,Deposit money bank assets to deposit money bank assets and central bank assets (%),GFDD.DI.04,..,..,..,..,..,..,..,..,..,..,..,..,..,..,..,..,..,..,..,..,..,..,..,..,..,..,..,..,..,..,..,..,..,..,..,98.38583,98.5505,98.71123,98.92643,99.06302,99.13776,99.58842,99.65637,99.13704,99.30125,99.60419,99.6852,99.75385,99.78184,99.52718,99.60204,99.70783,99.3566,99.24765,99.08797,92.23872,85.02053,80.19974,78.08914,77.09335,68.41286,63.9142
Slovenia,SVN,Insurance company assets to GDP (%),GFDD.DI.11,..,..,..,..,..,..,..,..,..,..,..,..,..,..,..,..,..,..,..,..,..,..,..,..,..,..,..,..,..,..,..,..,..,..,..,..,..,..,..,..,..,6.993668,8.6799159,8.741558,9.4179172,10.562088,11.658596,12.973058,12.103666,14.040851,14.945312,15.361629,16.800414,16.946408,17.496542,17.060616,17.110804,16.686297,15.478286,15.941169,17.204467,..
Slovenia,SVN,Gross portfolio debt assets to GDP (%),GFDD.DM.11,..,..,..,..,..,..,..,..,..,..,..,..,..,..,..,..,..,..,..,..,..,..,..,..,..,..,..,..,..,..,..,..,..,..,..,..,..,..,..,103.4063,163.6871,263.5517,293.4159,367.3553,..,..,..,27.21285,22.16813,25.57184,25.24348,22.77369,25.77247,24.58464,22.29805,28.17519,31.08674,38.58419,33.33481,34.68003,39.46306,..
Slovenia,SVN,Liquid liabilities to GDP (%),GFDD.DI.05,..,..,..,..,..,..,..,..,..,..,..,..,..,..,..,..,..,..,..,..,..,..,..,..,..,..,..,..,..,..,..,..,..,..,..,33.49481,36.13887,39.20876,42.51439,43.6251,47.28324,54.76139,55.36329,54.07419,48.79675,49.9687,49.93807,57.4474,56.30084,59.9049,62.03082,62.71945,63.82321,63.26663,65.94444,67.26001,69.21101,68.92762,69.12437,70.13856,81.01244,79.3583
Small island developing states: UN classification,SID,Account at a formal financial institution (% age 15+),GFDD.AI.05,..,..,..,..,..,..,..,..,..,..,..,..,..,..,..,..,..,..,..,..,..,..,..,..,..,..,..,..,..,..,..,..,..,..,..,..,..,..,..,..,..,..,..,..,..,..,..,..,..,..,..,..,..,..,..,..,..,..,..,..,..,..
Small island developing states: UN classification,SID,"Bank accounts per 1,000 adults",GFDD.AI.01,..,..,..,..,..,..,..,..,..,..,..,..,..,..,..,..,..,..,..,..,..,..,..,..,..,..,..,..,..,..,..,..,..,..,..,..,..,..,..,..,..,..,..,..,..,..,..,..,..,..,..,..,..,..,..,..,..,..,..,..,..,..
Small island developing states: UN classification,SID,Bank deposits to GDP (%),GFDD.OI.02,..,..,..,..,..,..,..,..,..,..,..,..,..,..,..,..,..,..,..,..,..,..,..,..,..,..,..,..,..,..,..,..,..,..,..,..,..,..,..,..,..,..,..,..,..,..,..,..,..,..,..,..,..,..,..,..,..,..,..,..,..,..
Small island developing states: UN classification,SID,Central bank assets to GDP (%),GFDD.DI.06,..,..,..,..,..,..,..,..,..,..,..,..,..,..,..,..,..,..,..,..,..,..,..,..,..,..,..,..,..,..,..,..,..,..,..,..,..,..,..,..,..,..,..,..,..,..,..,..,..,..,..,..,..,..,..,..,..,..,..,..,..,..
Small island developing states: UN classification,SID,Credit card (% age 15+),GFDD.AI.20,..,..,..,..,..,..,..,..,..,..,..,..,..,..,..,..,..,..,..,..,..,..,..,..,..,..,..,..,..,..,..,..,..,..,..,..,..,..,..,..,..,..,..,..,..,..,..,..,..,..,..,..,..,..,..,..,..,..,..,..,..,..
Small island developing states: UN classification,SID,Credit to government and state-owned enterprises to GDP (%),GFDD.EI.08,..,..,..,..,..,..,..,..,..,..,..,..,..,..,..,..,..,..,..,..,..,..,..,..,..,..,..,..,..,..,..,..,..,..,..,..,..,..,..,..,..,..,..,..,..,..,..,..,..,..,..,..,..,..,..,..,..,..,..,..,..,..
Small island developing states: UN classification,SID,Credit flows by fintech and bigtech companies to GDP (%),GFDD.DM.16,..,..,..,..,..,..,..,..,..,..,..,..,..,..,..,..,..,..,..,..,..,..,..,..,..,..,..,..,..,..,..,..,..,..,..,..,..,..,..,..,..,..,..,..,..,..,..,..,..,..,..,..,..,..,..,..,..,..,..,..,..,..
Small island developing states: UN classification,SID,Deposit money bank assets to deposit money bank assets and central bank assets (%),GFDD.DI.04,..,..,..,..,..,..,..,..,..,..,..,..,..,..,..,..,..,..,..,..,..,..,..,..,..,..,..,..,..,..,..,..,..,..,..,..,..,..,..,..,..,..,..,..,..,..,..,..,..,..,..,..,..,..,..,..,..,..,..,..,..,..
Small island developing states: UN classification,SID,Insurance company assets to GDP (%),GFDD.DI.11,..,..,..,..,..,..,..,..,..,..,..,..,..,..,..,..,..,..,..,..,..,..,..,..,..,..,..,..,..,..,..,..,..,..,..,..,..,..,..,..,..,..,..,..,..,..,..,..,..,..,..,..,..,..,..,..,..,..,..,..,..,..
Small island developing states: UN classification,SID,Gross portfolio debt assets to GDP (%),GFDD.DM.11,..,..,..,..,..,..,..,..,..,..,..,..,..,..,..,..,..,..,..,..,..,..,..,..,..,..,..,..,..,..,..,..,..,..,..,..,..,..,..,..,..,..,..,..,..,..,..,..,..,..,..,..,..,..,..,..,..,..,..,..,..,..
Small island developing states: UN classification,SID,Liquid liabilities to GDP (%),GFDD.DI.05,..,..,..,..,..,..,..,..,..,..,..,..,..,..,..,..,..,..,..,..,..,..,..,..,..,..,..,..,..,..,..,..,..,..,..,..,..,..,..,..,..,..,..,..,..,..,..,..,..,..,..,..,..,..,..,..,..,..,..,..,..,..
Solomon Islands,SLB,Account at a formal financial institution (% age 15+),GFDD.AI.05,..,..,..,..,..,..,..,..,..,..,..,..,..,..,..,..,..,..,..,..,..,..,..,..,..,..,..,..,..,..,..,..,..,..,..,..,..,..,..,..,..,..,..,..,..,..,..,..,..,..,..,..,..,..,..,..,..,..,..,..,..,..
Solomon Islands,SLB,"Bank accounts per 1,000 adults",GFDD.AI.01,..,..,..,..,..,..,..,..,..,..,..,..,..,..,..,..,..,..,..,..,..,..,..,..,..,..,..,..,..,..,..,..,..,..,..,..,..,..,..,..,..,..,..,..,..,..,..,..,..,..,..,..,298.36772,248.87108,436.13857,451.41475,482.60911,510.22754,722.2507,819.15345,803.1511,..
Solomon Islands,SLB,Bank deposits to GDP (%),GFDD.OI.02,..,..,..,..,..,..,..,..,..,..,..,..,..,..,..,..,..,..,24.16701,26.50305,21.97704,15.26201,17.36527,18.398,22.25936,21.23018,22.73492,25.90359,29.60883,27.11413,21.68376,24.13619,24.26703,22.61586,20.54046,18.65016,19.10333,18.68135,16.63225,16.08813,18.45835,15.7869,15.336,14.23845,14.99423,17.74646,19.98905,21.52212,20.06367,23.29605,22.77866,25.66956,28.78656,30.92086,30.97565,33.97303,36.39733,34.82769,35.18642,33.05286,34.52121,32.87093
Solomon Islands,SLB,Central bank assets to GDP (%),GFDD.DI.06,..,..,..,..,..,..,..,..,..,..,..,..,..,..,..,..,..,..,..,..,0.0652277,0.2367462,1.61884,1.464469,1.586897,4.150335,2.289568,5.630972,7.036213,8.215347,7.783912,10.96379,6.343032,5.179451,5.181103,5.143077,4.245361,4.154474,3.647846,2.14957,2.278044,8.950532,8.233653,6.086719,5.376183,4.756741,3.465965,2.872756,2.353024,1.969909,1.663887,1.3263,1.00171,0.86929,0.7652133,0.1159418,0.1154832,0.1225241,0.1147206,0.1572263,0.6357844,1.55727
Solomon Islands,SLB,Credit card (% age 15+),GFDD.AI.20,..,..,..,..,..,..,..,..,..,..,..,..,..,..,..,..,..,..,..,..,..,..,..,..,..,..,..,..,..,..,..,..,..,..,..,..,..,..,..,..,..,..,..,..,..,..,..,..,..,..,..,..,..,..,..,..,..,..,..,..,..,..
Solomon Islands,SLB,Credit to government and state-owned enterprises to GDP (%),GFDD.EI.08,..,..,..,..,..,..,..,..,..,..,..,..,..,..,..,..,..,..,..,..,4.348536,4.563993,4.583793,5.435019,4.692857,4.001264,4.804418,8.590562,9.41388,8.753322,8.909349,12.76262,14.07891,14.43193,12.01713,10.27671,9.069896,8.32525,7.538846,7.636996,8.652033,6.778844,6.341909,6.284381,4.916992,3.949088,3.253745,2.751122,2.144837,2.115358,1.767521,1.263729,1.160578,0.8567535,0.8635926,0.4826876,0.4677993,0.376751,0.5520045,0.5677558,0.5061208,..
Solomon Islands,SLB,Credit flows by fintech and bigtech companies to GDP (%),GFDD.DM.16,..,..,..,..,..,..,..,..,..,..,..,..,..,..,..,..,..,..,..,..,..,..,..,..,..,..,..,..,..,..,..,..,..,..,..,..,..,..,..,..,..,..,..,..,..,..,..,..,..,..,..,..,..,..,..,..,..,..,..,..,..,..
Solomon Islands,SLB,Deposit money bank assets to deposit money bank assets and central bank assets (%),GFDD.DI.04,..,..,..,..,..,..,..,..,..,..,..,..,..,..,..,..,..,..,..,..,99.5846,98.63509,91.02734,91.18085,91.67045,84.7639,91.52736,82.25251,80.04195,79.81236,75.7922,69.67261,78.77084,82.01573,79.7486,78.12182,79.80174,79.73125,81.70044,88.53415,89.18334,62.65282,64.16041,67.75747,68.18009,73.60381,82.8173,88.09586,90.71747,91.28153,91.37743,92.40266,93.96915,94.96125,95.9415,99.41277,99.44624,99.40774,99.43534,99.253,97.07448,92.94366
Solomon Islands,SLB,Insurance company assets to GDP (%),GFDD.DI.11,..,..,..,..,..,..,..,..,..,..,..,..,..,..,..,..,..,..,..,..,..,..,..,..,..,..,..,..,..,..,..,..,..,..,..,..,..,..,..,..,..,..,..,..,..,..,..,..,..,..,..,..,..,..,..,..,..,..,..,..,..,..
Solomon Islands,SLB,Gross portfolio debt assets to GDP (%),GFDD.DM.11,..,..,..,..,..,..,..,..,..,..,..,..,..,..,..,..,..,..,..,..,..,..,..,..,..,..,..,..,..,..,..,..,..,..,..,..,..,..,..,..,..,..,..,..,..,..,..,..,..,..,..,..,..,..,..,..,..,..,..,..,..,..
Solomon Islands,SLB,Liquid liabilities to GDP (%),GFDD.DI.05,..,..,..,..,..,..,..,..,..,..,..,..,..,..,..,..,..,..,27.30618,27.44046,23.07039,17.00939,18.09714,18.91832,24.15974,23.80052,24.8401,27.37575,32.04684,30.59391,25.0685,26.81849,26.77325,26.77566,23.63025,21.59154,19.39993,19.48711,20.25828,20.5277,22.90087,18.2461,17.00708,15.51578,15.56248,17.70988,19.31773,21.87827,20.24218,17.04942,17.89282,20.00503,21.86363,24.83812,24.78091,26.2398,27.8538,27.46596,28.88674,26.77833,28.70623,27.31117
Somalia,SOM,Account at a formal financial institution (% age 15+),GFDD.AI.05,..,..,..,..,..,..,..,..,..,..,..,..,..,..,..,..,..,..,..,..,..,..,..,..,..,..,..,..,..,..,..,..,..,..,..,..,..,..,..,..,..,..,..,..,..,..,..,..,..,..,..,..,..,..,7.855717,..,..,..,..,..,..,..
Somalia,SOM,"Bank accounts per 1,000 adults",GFDD.AI.01,..,..,..,..,..,..,..,..,..,..,..,..,..,..,..,..,..,..,..,..,..,..,..,..,..,..,..,..,..,..,..,..,..,..,..,..,..,..,..,..,..,..,..,..,..,..,..,..,..,..,..,..,..,..,..,..,..,..,..,..,..,..
Somalia,SOM,Bank deposits to GDP (%),GFDD.OI.02,..,..,..,..,..,..,..,..,..,..,..,..,..,..,..,..,..,..,..,..,..,..,..,..,..,..,..,..,..,..,..,..,..,..,..,..,..,..,..,..,..,..,..,..,..,..,..,..,..,..,..,..,..,..,..,..,..,..,..,..,..,..
Somalia,SOM,Central bank assets to GDP (%),GFDD.DI.06,..,..,..,..,..,..,..,..,..,..,..,..,..,..,..,..,..,..,..,..,..,..,..,..,..,..,..,..,..,..,..,..,..,..,..,..,..,..,..,..,..,..,..,..,..,..,..,..,..,..,..,..,..,..,..,..,..,..,..,..,..,..
Somalia,SOM,Credit card (% age 15+),GFDD.AI.20,..,..,..,..,..,..,..,..,..,..,..,..,..,..,..,..,..,..,..,..,..,..,..,..,..,..,..,..,..,..,..,..,..,..,..,..,..,..,..,..,..,..,..,..,..,..,..,..,..,..,..,..,..,..,0.5901205,..,..,..,..,..,..,..
Somalia,SOM,Credit to government and state-owned enterprises to GDP (%),GFDD.EI.08,..,..,..,..,..,..,..,..,..,..,..,..,..,..,..,..,..,..,..,..,..,..,..,..,..,..,..,..,..,..,..,..,..,..,..,..,..,..,..,..,..,..,..,..,..,..,..,..,..,..,..,..,..,..,..,..,..,..,..,..,..,..
Somalia,SOM,Credit flows by fintech and bigtech companies to GDP (%),GFDD.DM.16,..,..,..,..,..,..,..,..,..,..,..,..,..,..,..,..,..,..,..,..,..,..,..,..,..,..,..,..,..,..,..,..,..,..,..,..,..,..,..,..,..,..,..,..,..,..,..,..,..,..,..,..,..,..,..,..,..,..,..,..,..,..
Somalia,SOM,Deposit money bank assets to deposit money bank assets and central bank assets (%),GFDD.DI.04,..,..,..,..,..,..,..,..,..,..,..,..,..,..,..,..,..,..,..,..,..,..,..,..,..,..,..,..,..,..,..,..,..,..,..,..,..,..,..,..,..,..,..,..,..,..,..,..,..,..,..,..,..,..,..,..,..,..,..,..,..,..
Somalia,SOM,Insurance company assets to GDP (%),GFDD.DI.11,..,..,..,..,..,..,..,..,..,..,..,..,..,..,..,..,..,..,..,..,..,..,..,..,..,..,..,..,..,..,..,..,..,..,..,..,..,..,..,..,..,..,..,..,..,..,..,..,..,..,..,..,..,..,..,..,..,..,..,..,..,..
Somalia,SOM,Gross portfolio debt assets to GDP (%),GFDD.DM.11,..,..,..,..,..,..,..,..,..,..,..,..,..,..,..,..,..,..,..,..,..,..,..,..,..,..,..,..,..,..,..,..,..,..,..,..,..,..,..,..,..,..,..,..,..,..,..,..,..,..,..,..,..,..,..,..,..,..,..,..,..,..
Somalia,SOM,Liquid liabilities to GDP (%),GFDD.DI.05,..,..,..,..,..,..,..,..,..,..,..,..,..,..,..,..,..,..,..,..,..,..,..,..,..,..,..,..,..,..,..,..,..,..,..,..,..,..,..,..,..,..,..,..,..,..,..,..,..,..,..,..,..,..,..,..,..,..,..,..,..,..
South Africa,ZAF,Account at a formal financial institution (% age 15+),GFDD.AI.05,..,..,..,..,..,..,..,..,..,..,..,..,..,..,..,..,..,..,..,..,..,..,..,..,..,..,..,..,..,..,..,..,..,..,..,..,..,..,..,..,..,..,..,..,..,..,..,..,..,..,..,53.64507,..,..,68.76723,..,..,67.43692,..,..,..,84.1122
South Africa,ZAF,"Bank accounts per 1,000 adults",GFDD.AI.01,..,..,..,..,..,..,..,..,..,..,..,..,..,..,..,..,..,..,..,..,..,..,..,..,..,..,..,..,..,..,..,..,..,..,..,..,..,..,..,..,..,..,..,..,..,..,..,..,..,..,..,..,..,..,..,..,..,..,..,..,..,..
South Africa,ZAF,Bank deposits to GDP (%),GFDD.OI.02,..,..,..,..,..,48.03214,48.1258,46.33395,48.83993,48.44347,48.02158,47.03297,49.37998,49.52411,47.35252,50.14592,48.45709,48.61757,49.65616,49.104,45.83167,45.60895,45.49681,45.11509,46.35579,46.39385,43.04863,43.88301,46.31047,46.64308,44.95496,..,41.99456,39.0948,41.00089,41.63599,42.24599,45.05609,47.39451,47.79051,45.09106,47.67999,43.80597,45.90955,44.85678,48.51344,52.67862,55.78071,57.92459,54.16007,53.13908,55.82035,55.24452,54.30928,55.1356,56.78458,54.54013,54.39217,54.25428,54.26377,63.21198,60.38076
South Africa,ZAF,Central bank assets to GDP (%),GFDD.DI.06,2.976476,2.549317,1.597718,0.9157745,0.9133489,1.423674,1.815585,1.944961,2.020111,2.23337,2.951307,2.887004,2.509286,4.074427,3.456957,4.391113,4.088254,3.117516,2.555486,2.428975,3.987248,4.189065,3.425318,2.92925,0.9457937,0.8018989,0.8966817,0.6729585,1.136437,1.131424,2.623868,2.481056,1.756815,1.864676,2.69,1.59897,2.021505,1.742257,1.573341,1.251586,1.046358,0.8600546,4.058071,2.73944,2.056292,0.8744559,0.7483898,0.5173731,0.5303122,0.3883869,0.3515103,1.028731,0.8829016,1.026592,1.163963,1.273414,1.391087,0.9879624,1.023578,0.7371444,1.115111,0.7652503
South Africa,ZAF,Credit card (% age 15+),GFDD.AI.20,..,..,..,..,..,..,..,..,..,..,..,..,..,..,..,..,..,..,..,..,..,..,..,..,..,..,..,..,..,..,..,..,..,..,..,..,..,..,..,..,..,..,..,..,..,..,..,..,..,..,..,7.750961,..,..,13.46219,..,..,8.872277,..,..,..,10.00759
South Africa,ZAF,Credit to government and state-owned enterprises to GDP (%),GFDD.EI.08,..,..,..,..,..,..,..,..,..,..,..,..,..,..,..,..,..,..,..,..,7.169945,5.051801,5.14748,4.562256,3.346283,3.936105,4.65537,4.662361,4.843289,5.190684,3.994238,..,3.213718,4.321775,3.944467,3.98346,3.909497,4.75326,5.463424,5.412177,5.084424,5.121802,5.625875,6.33859,6.280118,5.954491,5.71196,5.594363,7.906981,9.334202,9.835489,10.65208,10.64086,9.803787,10.90734,10.89705,12.39821,13.162,13.92834,14.82156,16.9375,..
South Africa,ZAF,Credit flows by fintech and bigtech companies to GDP (%),GFDD.DM.16,..,..,..,..,..,..,..,..,..,..,..,..,..,..,..,..,..,..,..,..,..,..,..,..,..,..,..,..,..,..,..,..,..,..,..,..,..,..,..,..,..,..,..,..,..,..,..,..,..,..,..,..,..,3.99E-05,3.67E-05,0.0029679,0.0037641,0.00248,0.0043103,0.0073028,..,..
South Africa,ZAF,Deposit money bank assets to deposit money bank assets and central bank assets (%),GFDD.DI.04,..,..,..,..,..,97.27518,96.56403,96.20661,96.16602,95.74374,94.45323,94.53136,95.30502,92.62743,93.38246,92.24277,92.66651,94.39991,95.31126,95.41478,91.99306,91.84307,93.37054,94.39706,98.18326,98.48323,98.22777,98.64031,97.84667,97.86669,95.0686,..,96.83656,96.6193,95.33387,97.22473,96.63908,97.20554,97.64762,98.11565,98.42976,98.81807,93.21492,95.66112,96.79661,98.66773,98.96456,99.32364,99.32013,99.49342,99.52148,98.59277,98.80911,98.5818,98.42285,98.29494,98.13993,98.66914,98.63303,99.02856,98.60509,98.98038
South Africa,ZAF,Insurance company assets to GDP (%),GFDD.DI.11,..,..,..,..,..,..,..,..,..,..,..,..,..,..,..,..,..,..,..,..,..,..,..,..,..,..,..,..,..,..,..,..,..,..,..,..,..,..,..,..,33.75512,35.584659,28.520755,27.545308,27.757657,32.690286,30.467431,..,53.585161,51.766762,52.583485,52.133152,54.918179,57.789491,60.04304,63.253387,59.967713,60.386358,58.663889,58.429619,60.139031,..
South Africa,ZAF,Gross portfolio debt assets to GDP (%),GFDD.DM.11,..,..,..,..,..,..,..,..,..,..,..,..,..,..,..,..,..,..,..,..,..,..,..,..,..,..,..,..,..,..,..,..,..,..,..,..,..,..,..,2.413805,2.476186,1.359321,2.012613,1.081863,1.297951,1.360418,1.499177,1.812715,1.734226,1.716932,1.863039,2.495208,3.049739,2.914954,2.379102,2.428981,2.503723,2.247879,2.362487,2.737925,4.447206,..
South Africa,ZAF,Liquid liabilities to GDP (%),GFDD.DI.05,..,..,..,..,..,51.08088,51.1521,49.29652,51.72907,51.39004,51.0316,50.0872,52.37424,52.46914,50.24055,53.185,51.32214,51.27207,52.23928,51.6251,48.34255,48.27096,48.01493,47.56366,48.77962,48.73022,45.43781,46.31455,48.9128,49.19176,47.81358,48.91386,44.81761,41.51644,43.34453,44.01101,44.64067,47.40248,49.60076,50.25916,47.36426,41.01798,36.68357,36.61849,34.85388,37.74976,38.78251,40.77366,41.87653,38.53476,36.20488,37.28197,37.2828,37.35147,38.43638,40.19689,39.9334,40.30432,40.65505,41.55374,47.63952,69.93548
South Asia (IDA total),DSA,Account at a formal financial institution (% age 15+),GFDD.AI.05,..,..,..,..,..,..,..,..,..,..,..,..,..,..,..,..,..,..,..,..,..,..,..,..,..,..,..,..,..,..,..,..,..,..,..,..,..,..,..,..,..,..,..,..,..,..,..,..,..,..,..,..,..,..,..,..,..,..,..,..,..,..
South Asia (IDA total),DSA,"Bank accounts per 1,000 adults",GFDD.AI.01,..,..,..,..,..,..,..,..,..,..,..,..,..,..,..,..,..,..,..,..,..,..,..,..,..,..,..,..,..,..,..,..,..,..,..,..,..,..,..,..,..,..,..,..,..,..,..,..,..,..,..,..,..,..,..,..,..,..,..,..,..,..
South Asia (IDA total),DSA,Bank deposits to GDP (%),GFDD.OI.02,..,..,..,..,..,..,..,..,..,..,..,..,..,..,..,..,..,..,..,..,..,..,..,..,..,..,..,..,..,..,..,..,..,..,..,..,..,..,..,..,..,..,..,..,..,..,..,..,..,..,..,..,..,..,..,..,..,..,..,..,..,..
South Asia (IDA total),DSA,Central bank assets to GDP (%),GFDD.DI.06,..,..,..,..,..,..,..,..,..,..,..,..,..,..,..,..,..,..,..,..,..,..,..,..,..,..,..,..,..,..,..,..,..,..,..,..,..,..,..,..,..,..,..,..,..,..,..,..,..,..,..,..,..,..,..,..,..,..,..,..,..,..
South Asia (IDA total),DSA,Credit card (% age 15+),GFDD.AI.20,..,..,..,..,..,..,..,..,..,..,..,..,..,..,..,..,..,..,..,..,..,..,..,..,..,..,..,..,..,..,..,..,..,..,..,..,..,..,..,..,..,..,..,..,..,..,..,..,..,..,..,..,..,..,..,..,..,..,..,..,..,..
South Asia (IDA total),DSA,Credit to government and state-owned enterprises to GDP (%),GFDD.EI.08,..,..,..,..,..,..,..,..,..,..,..,..,..,..,..,..,..,..,..,..,..,..,..,..,..,..,..,..,..,..,..,..,..,..,..,..,..,..,..,..,..,..,..,..,..,..,..,..,..,..,..,..,..,..,..,..,..,..,..,..,..,..
South Asia (IDA total),DSA,Credit flows by fintech and bigtech companies to GDP (%),GFDD.DM.16,..,..,..,..,..,..,..,..,..,..,..,..,..,..,..,..,..,..,..,..,..,..,..,..,..,..,..,..,..,..,..,..,..,..,..,..,..,..,..,..,..,..,..,..,..,..,..,..,..,..,..,..,..,..,..,..,..,..,..,..,..,..
South Asia (IDA total),DSA,Deposit money bank assets to deposit money bank assets and central bank assets (%),GFDD.DI.04,..,..,..,..,..,..,..,..,..,..,..,..,..,..,..,..,..,..,..,..,..,..,..,..,..,..,..,..,..,..,..,..,..,..,..,..,..,..,..,..,..,..,..,..,..,..,..,..,..,..,..,..,..,..,..,..,..,..,..,..,..,..
South Asia (IDA total),DSA,Insurance company assets to GDP (%),GFDD.DI.11,..,..,..,..,..,..,..,..,..,..,..,..,..,..,..,..,..,..,..,..,..,..,..,..,..,..,..,..,..,..,..,..,..,..,..,..,..,..,..,..,..,..,..,..,..,..,..,..,..,..,..,..,..,..,..,..,..,..,..,..,..,..
South Asia (IDA total),DSA,Gross portfolio debt assets to GDP (%),GFDD.DM.11,..,..,..,..,..,..,..,..,..,..,..,..,..,..,..,..,..,..,..,..,..,..,..,..,..,..,..,..,..,..,..,..,..,..,..,..,..,..,..,..,..,..,..,..,..,..,..,..,..,..,..,..,..,..,..,..,..,..,..,..,..,..
South Asia (IDA total),DSA,Liquid liabilities to GDP (%),GFDD.DI.05,..,..,..,..,..,..,..,..,..,..,..,..,..,..,..,..,..,..,..,..,..,..,..,..,..,..,..,..,..,..,..,..,..,..,..,..,..,..,..,..,..,..,..,..,..,..,..,..,..,..,..,..,..,..,..,..,..,..,..,..,..,..
South Sudan,SSD,Account at a formal financial institution (% age 15+),GFDD.AI.05,..,..,..,..,..,..,..,..,..,..,..,..,..,..,..,..,..,..,..,..,..,..,..,..,..,..,..,..,..,..,..,..,..,..,..,..,..,..,..,..,..,..,..,..,..,..,..,..,..,..,..,..,..,..,..,..,..,8.570004,..,..,..,5.482994
South Sudan,SSD,"Bank accounts per 1,000 adults",GFDD.AI.01,..,..,..,..,..,..,..,..,..,..,..,..,..,..,..,..,..,..,..,..,..,..,..,..,..,..,..,..,..,..,..,..,..,..,..,..,..,..,..,..,..,..,..,..,..,..,..,..,..,..,..,21.89189,29.361103,40.433444,57.240588,74.172173,79.671199,81.717507,81.824943,104.94633,81.471646,..
South Sudan,SSD,Bank deposits to GDP (%),GFDD.OI.02,..,..,..,..,..,..,..,..,..,..,..,..,..,..,..,..,..,..,..,..,..,..,..,..,..,..,..,..,..,..,..,..,..,..,..,..,..,..,..,..,..,..,..,..,..,..,..,..,..,..,..,4.657083,10.7156,9.326174,11.25789,23.72924,17.85185,11.42289,9.961302,11.02362,15.81931,..
South Sudan,SSD,Central bank assets to GDP (%),GFDD.DI.06,..,..,..,..,..,..,..,..,..,..,..,..,..,..,..,..,..,..,..,..,..,..,..,..,..,..,..,..,..,..,..,..,..,..,..,..,..,..,..,..,..,..,..,..,..,..,..,..,..,..,..,2.359946,7.170284,10.2098,17.99307,29.89277,12.15118,7.130744,5.856701,6.353219,18.59964,..
South Sudan,SSD,Credit card (% age 15+),GFDD.AI.20,..,..,..,..,..,..,..,..,..,..,..,..,..,..,..,..,..,..,..,..,..,..,..,..,..,..,..,..,..,..,..,..,..,..,..,..,..,..,..,..,..,..,..,..,..,..,..,..,..,..,..,..,..,..,..,..,..,1.441861,..,..,..,0.1532814
South Sudan,SSD,Credit to government and state-owned enterprises to GDP (%),GFDD.EI.08,..,..,..,..,..,..,..,..,..,..,..,..,..,..,..,..,..,..,..,..,..,..,..,..,..,..,..,..,..,..,..,..,..,..,..,..,..,..,..,..,..,..,..,..,..,..,..,..,..,..,..,..,3.184881,2.507991,2.426716,2.578803,30.14009,19.31507,15.24506,15.73063,17.98533,..
South Sudan,SSD,Credit flows by fintech and bigtech companies to GDP (%),GFDD.DM.16,..,..,..,..,..,..,..,..,..,..,..,..,..,..,..,..,..,..,..,..,..,..,..,..,..,..,..,..,..,..,..,..,..,..,..,..,..,..,..,..,..,..,..,..,..,..,..,..,..,..,..,..,..,..,..,..,..,..,..,..,..,..
South Sudan,SSD,Deposit money bank assets to deposit money bank assets and central bank assets (%),GFDD.DI.04,..,..,..,..,..,..,..,..,..,..,..,..,..,..,..,..,..,..,..,..,..,..,..,..,..,..,..,..,..,..,..,..,..,..,..,..,..,..,..,..,..,..,..,..,..,..,..,..,..,..,..,17.05868,37.88696,27.17171,18.11102,12.79692,72.36711,74.23619,73.53198,73.24732,51.86417,..
South Sudan,SSD,Insurance company assets to GDP (%),GFDD.DI.11,..,..,..,..,..,..,..,..,..,..,..,..,..,..,..,..,..,..,..,..,..,..,..,..,..,..,..,..,..,..,..,..,..,..,..,..,..,..,..,..,..,..,..,..,..,..,..,..,..,..,..,..,..,..,..,..,..,..,..,..,..,..
South Sudan,SSD,Gross portfolio debt assets to GDP (%),GFDD.DM.11,..,..,..,..,..,..,..,..,..,..,..,..,..,..,..,..,..,..,..,..,..,..,..,..,..,..,..,..,..,..,..,..,..,..,..,..,..,..,..,..,..,..,..,..,..,..,..,..,..,..,..,..,..,..,..,..,..,..,..,..,..,..
South Sudan,SSD,Liquid liabilities to GDP (%),GFDD.DI.05,..,..,..,..,..,..,..,..,..,..,..,..,..,..,..,..,..,..,..,..,..,..,..,..,..,..,..,..,..,..,..,..,..,..,..,..,..,..,..,..,..,..,..,..,..,..,..,..,..,..,..,9.480096,19.79317,14.68033,17.36545,32.27534,25.19822,17.4791,15.90786,18.36848,28.30548,..
Spain,ESP,Account at a formal financial institution (% age 15+),GFDD.AI.05,..,..,..,..,..,..,..,..,..,..,..,..,..,..,..,..,..,..,..,..,..,..,..,..,..,..,..,..,..,..,..,..,..,..,..,..,..,..,..,..,..,..,..,..,..,..,..,..,..,..,..,93.2776,..,..,97.57531,..,..,93.7557,..,..,..,98.29844
Spain,ESP,"Bank accounts per 1,000 adults",GFDD.AI.01,..,..,..,..,..,..,..,..,..,..,..,..,..,..,..,..,..,..,..,..,..,..,..,..,..,..,..,..,..,..,..,..,..,..,..,..,..,..,..,..,..,..,..,..,..,..,..,..,..,..,..,..,..,..,..,..,..,..,..,..,..,..
Spain,ESP,Bank deposits to GDP (%),GFDD.OI.02,42.59122,43.51503,46.07809,45.44101,49.82467,51.06646,50.01092,51.30581,54.61745,57.29435,58.98479,66.40385,69.68186,71.80202,70.10291,71.31627,70.36504,65.76711,63.71638,65.20286,65.75147,68.01785,69.123,58.05321,53.69197,53.8035,60.9908,58.77291,58.44985,57.90273,59.59768,60.84401,58.83175,62.64868,62.82378,62.22738,59.85931,56.79411,57.41478,..,..,78.44572,78.29343,77.43179,77.38252,81.45385,83.02663,87.21052,97.71708,100.033,97.52058,93.12909,96.49908,95.92856,97.35835,98.88009,101.3264,98.48976,98.81863,99.93378,121.6606,119.7247
Spain,ESP,Central bank assets to GDP (%),GFDD.DI.06,7.411011,6.252574,5.008712,4.256026,4.614913,4.197473,4.779303,5.384377,5.347008,5.452867,4.748294,3.662221,3.485646,2.902537,4.992024,5.556444,5.413831,6.038838,6.273793,7.433088,8.799113,11.08142,13.87119,16.0533,10.9755,11.72324,7.97516,8.095806,7.440138,5.730294,4.597701,5.098528,2.9668,..,4.22384,4.037038,3.780259,3.478284,3.290583,..,..,1.990319,1.890463,2.034113,2.034588,1.965263,1.588831,1.393254,1.525227,1.851176,2.116975,2.990712,3.308118,3.364728,3.547027,7.891591,15.10396,20.58148,22.04328,20.76801,32.02112,37.46444
Spain,ESP,Credit card (% age 15+),GFDD.AI.20,..,..,..,..,..,..,..,..,..,..,..,..,..,..,..,..,..,..,..,..,..,..,..,..,..,..,..,..,..,..,..,..,..,..,..,..,..,..,..,..,..,..,..,..,..,..,..,..,..,..,..,41.87814,..,..,54.38313,..,..,53.88131,..,..,..,56.60897
Spain,ESP,Credit to government and state-owned enterprises to GDP (%),GFDD.EI.08,..,..,..,..,..,..,..,..,..,..,..,..,..,..,..,..,..,..,..,..,..,..,..,..,..,..,..,..,..,..,..,..,..,..,..,..,..,..,..,..,..,19.09263,18.44061,18.41633,15.20111,13.9876,11.12427,11.08653,13.73235,20.24103,22.07812,26.53589,34.66922,34.10807,37.20806,30.86406,27.57281,23.95644,21.8091,19.63194,24.34007,..
Spain,ESP,Credit flows by fintech and bigtech companies to GDP (%),GFDD.DM.16,..,..,..,..,..,..,..,..,..,..,..,..,..,..,..,..,..,..,..,..,..,..,..,..,..,..,..,..,..,..,..,..,..,..,..,..,..,..,..,..,..,..,..,..,..,..,..,..,..,..,..,..,..,0,0,0,0,0,0,0,..,..
Spain,ESP,Deposit money bank assets to deposit money bank assets and central bank assets (%),GFDD.DI.04,68.08182,70.41049,71.88406,73.14922,71.3385,73.786,71.77229,69.93161,71.23288,71.06559,72.80873,78.66139,95.9271,96.68184,94.42601,94.03871,94.32619,93.38509,92.78441,91.55938,90.34792,88.81152,86.8736,83.78358,88.9419,88.43919,91.95926,92.03662,92.9117,94.65421,95.68852,95.12228,97.07707,..,95.95413,96.09449,96.37327,96.69746,96.97764,..,..,98.28447,98.42,98.39896,98.47308,98.70653,99.06248,99.22781,99.18195,99.05585,98.92107,98.48427,98.31335,98.17107,97.93,95.00534,90.20393,86.25003,84.52419,84.51633,80.45364,76.15401
Spain,ESP,Insurance company assets to GDP (%),GFDD.DI.11,..,..,..,..,..,..,..,..,..,..,..,..,..,..,..,..,..,..,..,..,..,..,..,..,..,..,..,..,..,7.2999068,7.4360553,8.2107915,8.6614561,9.8740049,11.363765,..,..,..,..,19.235954,19.638621,20.12702,21.180652,21.755004,23.004828,23.849823,23.002661,21.424328,21.072498,22.952934,22.763769,23.844127,25.551184,26.024356,28.858179,28.045175,28.121903,27.364406,26.780519,28.448659,32.618178,..
Spain,ESP,Gross portfolio debt assets to GDP (%),GFDD.DM.11,..,..,..,..,..,..,..,..,..,..,..,..,..,..,..,..,..,..,..,..,..,..,..,..,..,..,..,..,..,..,..,..,..,..,..,..,..,..,..,13.46597,17.06913,22.18614,30.56642,38.15214,38.64315,39.90331,39.21913,37.15857,30.66849,34.69315,25.75513,20.54234,23.05501,21.22787,21.01663,23.91816,24.71599,28.89208,28.13311,30.21024,40.78531,..
Spain,ESP,Liquid liabilities to GDP (%),GFDD.DI.05,53.37502,53.94923,57.22841,55.90589,60.70368,61.77994,60.72025,61.96747,64.96789,67.38627,68.62426,76.07014,78.88693,80.76015,78.47986,79.77517,78.62427,73.98035,71.95017,72.98134,73.46522,75.74617,76.8746,65.29338,60.75377,61.00595,68.26305,66.18981,66.24282,65.99023,68.12296,70.36459,68.32418,72.58588,73.09029,72.31216,69.83061,9.669573,9.09274,9.182959,8.417521,87.7682,86.74688,87.19053,86.5036,89.655,91.66812,96.1584,107.3866,111.6387,109.3649,104.5055,107.6722,108.0844,110.4305,111.9996,114.8834,111.6152,112.415,112.7428,138.3949,137.1568
Sri Lanka,LKA,Account at a formal financial institution (% age 15+),GFDD.AI.05,..,..,..,..,..,..,..,..,..,..,..,..,..,..,..,..,..,..,..,..,..,..,..,..,..,..,..,..,..,..,..,..,..,..,..,..,..,..,..,..,..,..,..,..,..,..,..,..,..,..,..,68.52617,..,..,82.69138,..,..,73.59152,..,..,..,88.92562
Sri Lanka,LKA,"Bank accounts per 1,000 adults",GFDD.AI.01,..,..,..,..,..,..,..,..,..,..,..,..,..,..,..,..,..,..,..,..,..,..,..,..,..,..,..,..,..,..,..,..,..,..,..,..,..,..,..,..,..,..,..,..,..,..,..,..,..,..,..,..,..,..,..,..,..,..,..,..,..,..
Sri Lanka,LKA,Bank deposits to GDP (%),GFDD.OI.02,14.20057,13.51273,14.54806,15.17204,16.20557,16.57595,15.75987,16.15802,14.83299,14.65755,15.4918,16.08256,17.68938,14.39089,12.45047,11.6281,13.75526,16.01011,19.42529,23.90841,25.19594,23.97482,25.64018,25.37504,23.20444,24.36539,22.53424,23.35228,22.96601,22.0144,21.10857,22.87123,24.09723,25.61212,26.35619,32.52523,32.02197,32.34121,32.01842,33.43904,33.45423,34.36073,34.59084,34.6911,36.29964,37.02718,36.39467,35.12005,31.00961,33.59277,29.2322,31.15155,30.66165,32.87316,34.22791,38.15165,51.7959,55.30343,57.69923,59.70695,..,..
Sri Lanka,LKA,Central bank assets to GDP (%),GFDD.DI.06,10.49024,12.32,14.72023,15.87646,16.71134,15.72566,17.20849,18.0493,18.08187,17.46486,16.07851,16.27308,15.53313,12.78655,10.29545,9.545579,12.44793,13.67241,13.75447,14.82781,27.57806,25.46402,25.68575,22.91963,14.91736,19.47081,19.20399,18.08391,21.2718,14.64503,11.99671,12.82469,9.560081,5.331698,5.19985,5.675156,5.005208,3.092336,2.892063,4.465303,7.546476,6.38334,5.306581,3.534948,5.628748,3.72562,3.966918,2.915504,5.054045,2.450706,1.544056,3.593283,2.977896,1.174863,2.570333,2.319248,3.612916,1.75023,1.9114,2.309294,..,..
Sri Lanka,LKA,Credit card (% age 15+),GFDD.AI.20,..,..,..,..,..,..,..,..,..,..,..,..,..,..,..,..,..,..,..,..,..,..,..,..,..,..,..,..,..,..,..,..,..,..,..,..,..,..,..,..,..,..,..,..,..,..,..,..,..,..,..,3.531403,..,..,3.752827,..,..,5.33665,..,..,..,10.03485
Sri Lanka,LKA,Credit to government and state-owned enterprises to GDP (%),GFDD.EI.08,..,..,..,..,..,..,..,..,..,..,..,..,..,..,..,..,..,..,..,..,1.130572,1.553445,1.46371,1.09712,1.581608,1.507443,1.296132,2.302612,2.992318,2.81126,3.859714,3.145117,2.758568,3.17644,3.069423,3.012147,3.253376,4.030206,4.441278,4.630667,4.657851,7.434031,6.884528,6.916039,5.332699,7.048097,8.097014,7.458917,7.769271,10.0642,9.343294,16.19895,17.15257,21.94809,23.04337,24.89849,22.60691,23.70114,24.49654,26.90865,..,..
Sri Lanka,LKA,Credit flows by fintech and bigtech companies to GDP (%),GFDD.DM.16,..,..,..,..,..,..,..,..,..,..,..,..,..,..,..,..,..,..,..,..,..,..,..,..,..,..,..,..,..,..,..,..,..,..,..,..,..,..,..,..,..,..,..,..,..,..,..,..,..,..,..,..,..,..,..,..,..,..,..,..,..,..
Sri Lanka,LKA,Deposit money bank assets to deposit money bank assets and central bank assets (%),GFDD.DI.04,53.89653,50.40984,47.59959,47.4675,46.95936,50.30759,47.48008,47.75609,46.01652,48.07405,50.4626,51.50213,54.72443,52.80252,59.35834,59.82967,55.56258,57.10833,61.73222,62.07911,40.10081,43.92945,45.28656,49.32775,58.65282,53.02648,52.53853,55.85628,54.33455,61.59436,66.82288,49.40132,56.2888,71.80543,73.54605,85.885,87.05585,91.6917,92.14753,88.6047,81.98004,85.69929,87.30895,91.06589,86.66826,91.58865,91.63194,93.50431,88.06542,93.64742,95.44008,91.59098,93.06129,97.29453,94.07215,95.56846,94.94261,97.59197,97.5032,97.07309,..,..
Sri Lanka,LKA,Insurance company assets to GDP (%),GFDD.DI.11,..,..,..,..,..,..,..,..,..,..,..,..,..,..,..,..,..,..,..,..,..,..,..,..,..,..,..,..,..,..,..,..,..,..,..,..,..,1.6379441,0.99425214,1.0625947,..,..,..,..,..,3.7476282,3.4984189,3.293148,3.0902887,3.2716246,3.4628702,3.8093498,3.7603595,3.8772535,4.0695189,4.2602059,4.3791707,4.3643495,4.3884337,4.6368967,4.6492713,..
Sri Lanka,LKA,Gross portfolio debt assets to GDP (%),GFDD.DM.11,..,..,..,..,..,..,..,..,..,..,..,..,..,..,..,..,..,..,..,..,..,..,..,..,..,..,..,..,..,..,..,..,..,..,..,..,..,..,..,..,..,..,..,..,..,..,..,..,..,..,..,0.0157529,..,0.0004186,0.0001145,0.0001409,0.0001317,3.16E-05,7.71E-05,8.1E-05,..,..
Sri Lanka,LKA,Liquid liabilities to GDP (%),GFDD.DI.05,23.15601,23.59273,24.80631,29.56651,28.61543,28.59105,27.16325,27.85438,25.58033,24.67892,22.89154,24.63132,26.24779,22.36416,19.38581,17.94634,20.92276,24.23627,27.17215,31.59352,32.02113,30.0407,32.25932,31.83493,29.21175,31.19661,29.41975,30.98413,31.53954,30.11581,28.25875,29.76299,30.43667,31.95,32.98347,38.85188,37.57915,37.47933,37.1067,38.72815,38.43887,39.01796,39.35153,39.44431,41.10925,41.7159,41.03543,39.27221,34.55271,37.40208,32.65665,34.54082,33.55022,35.63609,37.41034,41.69927,55.66259,58.81926,61.12323,63.01865,..,..
St. Kitts and Nevis,KNA,Account at a formal financial institution (% age 15+),GFDD.AI.05,..,..,..,..,..,..,..,..,..,..,..,..,..,..,..,..,..,..,..,..,..,..,..,..,..,..,..,..,..,..,..,..,..,..,..,..,..,..,..,..,..,..,..,..,..,..,..,..,..,..,..,..,..,..,..,..,..,..,..,..,..,..
St. Kitts and Nevis,KNA,"Bank accounts per 1,000 adults",GFDD.AI.01,..,..,..,..,..,..,..,..,..,..,..,..,..,..,..,..,..,..,..,..,..,..,..,..,..,..,..,..,..,..,..,..,..,..,..,..,..,..,..,..,..,..,..,..,..,..,..,..,..,..,..,..,..,..,..,..,..,..,..,..,..,..
St. Kitts and Nevis,KNA,Bank deposits to GDP (%),GFDD.OI.02,..,..,..,..,..,..,..,..,..,..,..,..,..,..,..,..,..,..,..,65.93789,61.88277,57.01591,56.18178,66.18378,57.50502,67.67798,68.64271,55.41529,58.62565,64.52164,63.47251,68.49596,73.44813,73.95565,70.69695,76.8704,75.71997,75.38732,80.87353,80.79711,93.5341,90.71878,91.31032,101.7372,110.7301,109.4348,106.5262,111.004,97.95312,102.9495,108.066,110.792,125.8332,131.2993,133.0678,138.662,130.7492,120.5187,114.9804,89.21587,96.30829,105.7825
St. Kitts and Nevis,KNA,Central bank assets to GDP (%),GFDD.DI.06,..,..,..,..,..,..,..,..,..,..,..,..,..,..,..,..,..,..,..,2.586419,2.150228,1.797707,2.771555,3.045684,5.75732,5.887383,5.005921,4.376167,3.435335,2.216814,2.677128,2.607199,1.302559,1.279276,0.6828858,0.5666999,0.482803,0.3426313,0.2634913,0.2685069,0.4600419,0.4920315,0.5439484,0.3327899,0.5297613,0.490756,0.4560984,0.4941255,0.4303193,1.252793,1.16665,1.187993,0.1718422,0.1621948,0.1488178,0.1481625,..,..,..,0.9989657,1.103268,..
St. Kitts and Nevis,KNA,Credit card (% age 15+),GFDD.AI.20,..,..,..,..,..,..,..,..,..,..,..,..,..,..,..,..,..,..,..,..,..,..,..,..,..,..,..,..,..,..,..,..,..,..,..,..,..,..,..,..,..,..,..,..,..,..,..,..,..,..,..,..,..,..,..,..,..,..,..,..,..,..
St. Kitts and Nevis,KNA,Credit to government and state-owned enterprises to GDP (%),GFDD.EI.08,..,..,..,..,..,..,..,..,..,..,..,..,..,..,..,..,..,..,..,..,16.94622,21.01499,23.93061,31.19458,29.25031,33.45511,30.95483,11.45697,14.35961,17.13148,17.82278,20.18915,17.84624,14.8875,15.30009,22.75373,27.47852,22.53464,27.89267,31.71288,38.60688,39.35219,38.91214,38.3104,50.31519,55.86178,56.38945,56.92789,54.45994,57.57206,61.90651,55.65077,53.38795,24.21289,46.81639,14.95956,14.67488,15.2793,15.61666,16.43673,18.50887,..
St. Kitts and Nevis,KNA,Credit flows by fintech and bigtech companies to GDP (%),GFDD.DM.16,..,..,..,..,..,..,..,..,..,..,..,..,..,..,..,..,..,..,..,..,..,..,..,..,..,..,..,..,..,..,..,..,..,..,..,..,..,..,..,..,..,..,..,..,..,..,..,..,..,..,..,..,..,..,..,..,..,..,..,..,..,..
St. Kitts and Nevis,KNA,Deposit money bank assets to deposit money bank assets and central bank assets (%),GFDD.DI.04,..,..,..,..,..,..,..,..,..,..,..,..,..,..,..,..,..,..,..,94.56496,95.93433,96.94761,95.54435,95.91702,91.54586,92.04788,92.63147,91.30943,93.95972,96.61935,95.73726,96.33015,98.25669,98.25832,99.06173,99.28396,99.41927,99.55974,99.69067,99.70208,99.53497,99.4791,99.39735,99.64172,99.49803,99.55713,99.5798,99.55946,99.60199,98.91725,99.04229,98.95838,99.84512,99.7939,99.84718,99.78329,..,..,..,98.3935,98.51681,..
St. Kitts and Nevis,KNA,Insurance company assets to GDP (%),GFDD.DI.11,..,..,..,..,..,..,..,..,..,..,..,..,..,..,..,..,..,..,..,..,..,..,..,..,..,..,..,..,..,..,..,..,..,..,..,..,..,..,..,..,..,..,..,..,..,..,..,..,..,..,..,..,..,..,..,..,..,..,..,..,..,..
St. Kitts and Nevis,KNA,Gross portfolio debt assets to GDP (%),GFDD.DM.11,..,..,..,..,..,..,..,..,..,..,..,..,..,..,..,..,..,..,..,..,..,..,..,..,..,..,..,..,..,..,..,..,..,..,..,..,..,..,..,..,..,..,..,..,..,..,..,..,..,..,..,..,..,18.5043,16.57159,21.10376,16.86335,19.3842,19.21459,26.88889,39.35547,..
St. Kitts and Nevis,KNA,Liquid liabilities to GDP (%),GFDD.DI.05,..,..,..,..,..,..,..,..,..,..,..,..,..,..,..,..,..,..,..,65.93789,61.88277,62.54822,61.38449,71.69989,62.75647,71.10878,72.44832,58.94346,62.32108,69.19695,67.3839,72.88155,77.27967,78.23815,74.55622,80.70792,79.56647,78.77078,84.60194,84.85233,97.20055,93.76051,94.29437,105.7554,114.0038,112.8121,109.6943,114.0247,101.2978,106.7009,112.8975,115.3108,130.6589,136.9333,139.0727,145.1661,137.2899,127.3775,122.0429,95.9119,104.6481,114.4749
St. Lucia,LCA,Account at a formal financial institution (% age 15+),GFDD.AI.05,..,..,..,..,..,..,..,..,..,..,..,..,..,..,..,..,..,..,..,..,..,..,..,..,..,..,..,..,..,..,..,..,..,..,..,..,..,..,..,..,..,..,..,..,..,..,..,..,..,..,..,..,..,..,..,..,..,..,..,..,..,..
St. Lucia,LCA,"Bank accounts per 1,000 adults",GFDD.AI.01,..,..,..,..,..,..,..,..,..,..,..,..,..,..,..,..,..,..,..,..,..,..,..,..,..,..,..,..,..,..,..,..,..,..,..,..,..,..,..,..,..,..,..,..,..,..,..,..,..,..,..,..,..,..,..,..,..,..,..,..,..,..
St. Lucia,LCA,Bank deposits to GDP (%),GFDD.OI.02,..,..,..,..,..,..,..,..,..,..,..,..,..,..,..,..,..,..,..,..,31.00565,32.14248,37.69212,40.51071,35.92857,38.49336,40.64924,42.13826,45.77664,47.00639,44.80658,45.71213,43.11467,45.09205,46.30825,47.91912,49.04173,50.19329,51.40136,52.88341,55.70667,61.12601,61.41666,62.02315,61.98253,65.64204,69.46356,70.36425,69.826,73.94965,71.3699,68.31075,70.72877,69.78232,68.90906,69.87021,68.95238,65.88207,66.75471,60.02044,67.42893,71.61509
St. Lucia,LCA,Central bank assets to GDP (%),GFDD.DI.06,..,..,..,..,..,..,..,..,..,..,..,..,..,..,..,..,..,..,..,..,2.479131,2.36019,2.503838,2.421993,4.728277,4.430338,3.927233,3.378698,2.64681,2.404871,2.212908,2.133494,1.026319,0.9091401,0.7892792,0.8997773,1.373112,0.8754165,0.7758904,0.7389793,0.6701599,0.4531325,0.4424401,0.3509507,0.3230669,0.3037521,0.2048766,0.3098973,0.1796978,0.065896,0.0393391,0.0460414,0.0493815,0.8243158,1.110336,..,..,0.4163638,..,0.0013288,2.874472,2.684291
St. Lucia,LCA,Credit card (% age 15+),GFDD.AI.20,..,..,..,..,..,..,..,..,..,..,..,..,..,..,..,..,..,..,..,..,..,..,..,..,..,..,..,..,..,..,..,..,..,..,..,..,..,..,..,..,..,..,..,..,..,..,..,..,..,..,..,..,..,..,..,..,..,..,..,..,..,..
St. Lucia,LCA,Credit to government and state-owned enterprises to GDP (%),GFDD.EI.08,..,..,..,..,..,..,..,..,..,..,..,..,..,..,..,..,..,..,..,..,3.728084,3.536599,4.489693,4.075131,3.593814,4.408203,4.782159,4.860919,3.588088,3.633902,3.198556,2.896227,4.88213,5.584866,5.556023,5.724121,5.513404,5.971834,6.694292,6.780782,7.789819,8.06968,8.55823,8.51641,9.637828,12.7136,11.67332,12.52414,11.50171,11.11028,10.18945,9.999578,11.76631,10.56351,8.61681,8.49025,8.247057,7.539287,7.537676,7.313213,9.048395,..
St. Lucia,LCA,Credit flows by fintech and bigtech companies to GDP (%),GFDD.DM.16,..,..,..,..,..,..,..,..,..,..,..,..,..,..,..,..,..,..,..,..,..,..,..,..,..,..,..,..,..,..,..,..,..,..,..,..,..,..,..,..,..,..,..,..,..,..,..,..,..,..,..,..,..,..,..,..,..,..,..,..,..,..
St. Lucia,LCA,Deposit money bank assets to deposit money bank assets and central bank assets (%),GFDD.DI.04,..,..,..,..,..,..,..,..,..,..,..,..,..,..,..,..,..,..,..,..,94.06249,94.26151,94.64754,94.68977,89.10499,89.37525,89.88059,91.35299,93.52048,94.72265,94.77777,95.00047,97.62856,98.18571,98.45224,98.28828,97.59861,98.55782,98.71922,98.83688,99.0043,99.37497,99.39333,99.46061,99.51974,99.59796,99.75064,99.68607,99.82046,99.93679,99.96113,99.95242,99.953,99.17919,98.75996,..,..,99.37653,..,99.99782,96.60419,96.52831
St. Lucia,LCA,Insurance company assets to GDP (%),GFDD.DI.11,..,..,..,..,..,..,..,..,..,..,..,..,..,..,..,..,..,..,..,..,..,..,..,..,..,..,..,..,..,..,..,..,..,..,..,..,..,..,..,..,..,..,..,..,..,..,..,..,..,..,..,..,..,..,..,..,..,..,..,..,..,..
St. Lucia,LCA,Gross portfolio debt assets to GDP (%),GFDD.DM.11,..,..,..,..,..,..,..,..,..,..,..,..,..,..,..,..,..,..,..,..,..,..,..,..,..,..,..,..,..,..,..,..,..,..,..,..,..,..,..,..,..,..,..,..,..,..,..,..,..,..,..,..,..,8.620911,10.77733,9.427715,11.77283,11.83902,13.95557,16.08296,26.63425,..
St. Lucia,LCA,Liquid liabilities to GDP (%),GFDD.DI.05,..,..,..,..,..,..,..,..,..,..,..,..,..,..,..,..,..,..,..,..,36.35565,37.41619,43.34384,46.19868,40.35803,42.79141,44.9025,47.27189,50.62819,52.12634,48.91093,49.8656,46.67808,48.74267,49.80978,51.61078,52.36661,53.40966,54.72886,56.3413,59.11584,64.53234,64.85666,65.44778,65.42573,69.11183,73.18661,73.9212,73.48164,77.69881,75.15816,72.15371,74.51978,73.33721,72.20464,73.01003,72.26762,68.83806,69.67204,62.73989,70.96291,75.26367
St. Vincent and the Grenadines,VCT,Account at a formal financial institution (% age 15+),GFDD.AI.05,..,..,..,..,..,..,..,..,..,..,..,..,..,..,..,..,..,..,..,..,..,..,..,..,..,..,..,..,..,..,..,..,..,..,..,..,..,..,..,..,..,..,..,..,..,..,..,..,..,..,..,..,..,..,..,..,..,..,..,..,..,..
St. Vincent and the Grenadines,VCT,"Bank accounts per 1,000 adults",GFDD.AI.01,..,..,..,..,..,..,..,..,..,..,..,..,..,..,..,..,..,..,..,..,..,..,..,..,..,..,..,..,..,..,..,..,..,..,..,..,..,..,..,..,..,..,..,..,..,..,..,..,..,..,..,..,..,..,..,..,..,..,..,..,..,..
St. Vincent and the Grenadines,VCT,Bank deposits to GDP (%),GFDD.OI.02,..,..,..,..,..,..,..,..,..,..,..,..,..,..,..,54.22641,53.96624,38.87927,40.86355,43.49079,39.69163,37.9569,38.25624,39.96099,35.19349,41.75569,42.76191,46.47268,52.03998,54.0943,56.75773,55.0795,53.14918,57.16686,60.13372,58.87356,60.29831,64.08369,67.68124,71.51354,69.09248,67.47196,66.8161,65.35877,63.02828,61.67108,58.08283,56.39761,57.82081,58.91925,60.72334,62.87326,64.74902,71.74602,72.08109,67.20311,68.01118,67.97394,66.76728,68.43717,63.84364,69.0576
St. Vincent and the Grenadines,VCT,Central bank assets to GDP (%),GFDD.DI.06,..,..,..,..,..,..,..,..,..,..,..,..,..,..,..,2.346155,3.433537,3.067086,2.487812,2.129087,2.059654,1.698994,2.287157,2.364511,4.671838,3.91524,3.565392,3.682385,1.950505,2.206407,1.838087,2.187954,1.496909,1.569021,1.492568,1.289444,1.247808,1.184905,0.9673738,1.736257,0.9535053,0.8826514,0.8928996,1.753403,0.6989266,0.6052287,0.4134339,0.2689581,0.3074211,0.2726941,0.1696504,0.568266,0.5598226,0.8456912,1.037012,1.068785,1.224704,1.471791,1.539048,1.062543,2.500741,2.610256
St. Vincent and the Grenadines,VCT,Credit card (% age 15+),GFDD.AI.20,..,..,..,..,..,..,..,..,..,..,..,..,..,..,..,..,..,..,..,..,..,..,..,..,..,..,..,..,..,..,..,..,..,..,..,..,..,..,..,..,..,..,..,..,..,..,..,..,..,..,..,..,..,..,..,..,..,..,..,..,..,..
St. Vincent and the Grenadines,VCT,Credit to government and state-owned enterprises to GDP (%),GFDD.EI.08,..,..,..,..,..,..,..,..,..,..,..,..,..,..,..,..,..,..,..,..,7.382602,3.892174,13.93717,14.55573,14.52862,13.88907,12.39218,12.76162,11.75327,11.73488,9.776731,8.398058,9.588396,10.4441,11.77919,11.45472,11.08567,10.69767,10.21987,10.98792,12.83958,13.26102,15.18559,13.2016,13.63925,17.39558,15.67672,15.96629,17.27182,17.82175,10.1295,8.671468,10.26142,8.432927,8.677443,8.141726,6.542688,7.654754,7.194489,6.038013,9.603387,..
St. Vincent and the Grenadines,VCT,Credit flows by fintech and bigtech companies to GDP (%),GFDD.DM.16,..,..,..,..,..,..,..,..,..,..,..,..,..,..,..,..,..,..,..,..,..,..,..,..,..,..,..,..,..,..,..,..,..,..,..,..,..,..,..,..,..,..,..,..,..,..,..,..,..,..,..,..,..,..,..,..,..,..,..,..,..,..
St. Vincent and the Grenadines,VCT,Deposit money bank assets to deposit money bank assets and central bank assets (%),GFDD.DI.04,..,..,..,..,..,..,..,..,..,..,..,..,..,..,..,95.2385,91.68244,91.72035,93.59274,94.72911,94.85638,95.46626,94.7499,94.91183,89.43601,91.31954,91.27573,91.68944,95.47618,95.27342,95.73518,95.16738,96.71172,96.61997,97.00021,97.58601,97.8068,98.00871,98.3716,97.30585,98.51213,98.57069,98.59091,97.10775,98.77303,98.9986,99.30988,99.56516,99.51286,99.58471,99.71127,99.03647,99.09409,98.67187,98.25253,98.03772,97.73837,97.33602,97.13057,97.94838,95.77346,95.35975
St. Vincent and the Grenadines,VCT,Insurance company assets to GDP (%),GFDD.DI.11,..,..,..,..,..,..,..,..,..,..,..,..,..,..,..,..,..,..,..,..,..,..,..,..,..,..,..,..,..,..,..,..,..,..,..,..,..,..,..,..,..,..,..,..,..,..,..,..,..,..,..,..,..,..,..,..,..,..,..,..,..,..
St. Vincent and the Grenadines,VCT,Gross portfolio debt assets to GDP (%),GFDD.DM.11,..,..,..,..,..,..,..,..,..,..,..,..,..,..,..,..,..,..,..,..,..,..,..,..,..,..,..,..,..,..,..,..,..,..,..,..,..,..,..,..,..,..,..,..,..,..,..,..,..,..,..,..,..,6.097569,5.632207,5.553844,5.799687,6.629382,5.827275,7.261548,8.482349,..
St. Vincent and the Grenadines,VCT,Liquid liabilities to GDP (%),GFDD.DI.05,..,..,..,..,..,..,..,..,..,..,..,..,..,..,..,65.32488,65.07042,46.01154,47.6014,50.23281,45.47297,43.5277,43.96486,46.06358,41.54101,49.90202,52.29941,51.45024,56.67998,59.63438,60.44916,57.85434,57.18673,60.81963,64.23261,62.25614,63.38261,67.70433,71.30012,76.96582,73.61362,71.60136,70.91842,69.48072,67.36523,66.42535,62.71611,61.06631,61.89883,62.21239,63.33222,65.30397,66.97475,74.30074,74.69536,70.03999,72.09116,72.17202,71.34538,73.94923,70.60332,77.15343
Sub-Saharan Africa (IDA total),DSS,Account at a formal financial institution (% age 15+),GFDD.AI.05,..,..,..,..,..,..,..,..,..,..,..,..,..,..,..,..,..,..,..,..,..,..,..,..,..,..,..,..,..,..,..,..,..,..,..,..,..,..,..,..,..,..,..,..,..,..,..,..,..,..,..,..,..,..,..,..,..,..,..,..,..,..
Sub-Saharan Africa (IDA total),DSS,"Bank accounts per 1,000 adults",GFDD.AI.01,..,..,..,..,..,..,..,..,..,..,..,..,..,..,..,..,..,..,..,..,..,..,..,..,..,..,..,..,..,..,..,..,..,..,..,..,..,..,..,..,..,..,..,..,..,..,..,..,..,..,..,..,..,..,..,..,..,..,..,..,..,..
Sub-Saharan Africa (IDA total),DSS,Bank deposits to GDP (%),GFDD.OI.02,..,..,..,..,..,..,..,..,..,..,..,..,..,..,..,..,..,..,..,..,..,..,..,..,..,..,..,..,..,..,..,..,..,..,..,..,..,..,..,..,..,..,..,..,..,..,..,..,..,..,..,..,..,..,..,..,..,..,..,..,..,..
Sub-Saharan Africa (IDA total),DSS,Central bank assets to GDP (%),GFDD.DI.06,..,..,..,..,..,..,..,..,..,..,..,..,..,..,..,..,..,..,..,..,..,..,..,..,..,..,..,..,..,..,..,..,..,..,..,..,..,..,..,..,..,..,..,..,..,..,..,..,..,..,..,..,..,..,..,..,..,..,..,..,..,..
Sub-Saharan Africa (IDA total),DSS,Credit card (% age 15+),GFDD.AI.20,..,..,..,..,..,..,..,..,..,..,..,..,..,..,..,..,..,..,..,..,..,..,..,..,..,..,..,..,..,..,..,..,..,..,..,..,..,..,..,..,..,..,..,..,..,..,..,..,..,..,..,..,..,..,..,..,..,..,..,..,..,..
Sub-Saharan Africa (IDA total),DSS,Credit to government and state-owned enterprises to GDP (%),GFDD.EI.08,..,..,..,..,..,..,..,..,..,..,..,..,..,..,..,..,..,..,..,..,..,..,..,..,..,..,..,..,..,..,..,..,..,..,..,..,..,..,..,..,..,..,..,..,..,..,..,..,..,..,..,..,..,..,..,..,..,..,..,..,..,..
Sub-Saharan Africa (IDA total),DSS,Credit flows by fintech and bigtech companies to GDP (%),GFDD.DM.16,..,..,..,..,..,..,..,..,..,..,..,..,..,..,..,..,..,..,..,..,..,..,..,..,..,..,..,..,..,..,..,..,..,..,..,..,..,..,..,..,..,..,..,..,..,..,..,..,..,..,..,..,..,..,..,..,..,..,..,..,..,..
Sub-Saharan Africa (IDA total),DSS,Deposit money bank assets to deposit money bank assets and central bank assets (%),GFDD.DI.04,..,..,..,..,..,..,..,..,..,..,..,..,..,..,..,..,..,..,..,..,..,..,..,..,..,..,..,..,..,..,..,..,..,..,..,..,..,..,..,..,..,..,..,..,..,..,..,..,..,..,..,..,..,..,..,..,..,..,..,..,..,..
Sub-Saharan Africa (IDA total),DSS,Insurance company assets to GDP (%),GFDD.DI.11,..,..,..,..,..,..,..,..,..,..,..,..,..,..,..,..,..,..,..,..,..,..,..,..,..,..,..,..,..,..,..,..,..,..,..,..,..,..,..,..,..,..,..,..,..,..,..,..,..,..,..,..,..,..,..,..,..,..,..,..,..,..
Sub-Saharan Africa (IDA total),DSS,Gross portfolio debt assets to GDP (%),GFDD.DM.11,..,..,..,..,..,..,..,..,..,..,..,..,..,..,..,..,..,..,..,..,..,..,..,..,..,..,..,..,..,..,..,..,..,..,..,..,..,..,..,..,..,..,..,..,..,..,..,..,..,..,..,..,..,..,..,..,..,..,..,..,..,..
Sub-Saharan Africa (IDA total),DSS,Liquid liabilities to GDP (%),GFDD.DI.05,..,..,..,..,..,..,..,..,..,..,..,..,..,..,..,..,..,..,..,..,..,..,..,..,..,..,..,..,..,..,..,..,..,..,..,..,..,..,..,..,..,..,..,..,..,..,..,..,..,..,..,..,..,..,..,..,..,..,..,..,..,..
Sudan,SDN,Account at a formal financial institution (% age 15+),GFDD.AI.05,..,..,..,..,..,..,..,..,..,..,..,..,..,..,..,..,..,..,..,..,..,..,..,..,..,..,..,..,..,..,..,..,..,..,..,..,..,..,..,..,..,..,..,..,..,..,..,..,..,..,..,6.899798,..,..,15.26843,..,..,..,..,..,..,..
Sudan,SDN,"Bank accounts per 1,000 adults",GFDD.AI.01,..,..,..,..,..,..,..,..,..,..,..,..,..,..,..,..,..,..,..,..,..,..,..,..,..,..,..,..,..,..,..,..,..,..,..,..,..,..,..,..,..,..,..,..,..,..,..,..,..,..,..,..,..,..,..,..,..,..,..,..,..,..
Sudan,SDN,Bank deposits to GDP (%),GFDD.OI.02,4.298827,4.722875,5.104865,9.028693,6.352917,7.66971,8.258851,8.881544,8.490243,8.600964,8.629837,8.561747,10.53898,10.36584,11.06347,10.75563,10.51533,12.76578,13.61613,15.25395,14.4444,15.6925,22.49,24.07375,21.784,29.13077,23.74,18.68441,17.44233,14.55671,15.66158,15.89972,26.50563,19.59414,13.40403,10.54835,6.369527,5.97044,5.456022,5.247274,5.651955,6.569615,7.496175,8.370276,9.245529,11.12232,12.32537,11.46322,11.55625,14.81362,14.47162,13.16337,17.34662,13.95515,12.06682,12.45472,10.57828,15.99229,22.19519,17.78997,13.28573,15.24505
Sudan,SDN,Central bank assets to GDP (%),GFDD.DI.06,..,..,..,..,0.1779065,0.8019055,0.4468949,0.01608,0.0154057,0.7352713,3.414467,4.725151,5.725191,4.562762,6.092129,9.53793,8.671793,6.91636,7.38283,7.848543,7.5356,8.903,13.26883,26.30375,25.672,31.08154,31.26684,24.87441,26.62814,25.62447,25.94198,21.82503,31.46358,17.01112,10.03541,6.873406,5.645457,4.15524,3.467086,4.092417,6.285678,5.804909,5.52988,5.845628,4.8689,3.337135,3.211689,3.385181,4.120633,4.893394,5.091566,6.891721,10.67661,10.00995,8.412364,8.302778,7.550831,8.793832,9.995402,11.04513,13.54641,11.65897
Sudan,SDN,Credit card (% age 15+),GFDD.AI.20,..,..,..,..,..,..,..,..,..,..,..,..,..,..,..,..,..,..,..,..,..,..,..,..,..,..,..,..,..,..,..,..,..,..,..,..,..,..,..,..,..,..,..,..,..,..,..,..,..,..,..,0.5524154,..,..,0.3959874,..,..,..,..,..,..,..
Sudan,SDN,Credit to government and state-owned enterprises to GDP (%),GFDD.EI.08,..,..,..,..,..,..,..,..,..,..,..,..,..,..,..,..,..,..,..,..,4.096559,4.847831,7.5446,1.111452,0.9268822,0.7856194,0.6075535,0.180297,0.1405316,0.3206879,0.0098971,..,5.859883,1.455445,0.8436683,0.3821532,0.1856532,0.1162891,0.1254245,0.1830827,0.2922078,0.416001,0.7070274,0.8544725,0.8918454,1.270064,2.276251,1.874596,2.627713,4.185679,4.395215,4.385418,4.642103,3.747071,3.587589,4.127936,4.104546,5.467143,4.621827,3.286767,2.058163,..
Sudan,SDN,Credit flows by fintech and bigtech companies to GDP (%),GFDD.DM.16,..,..,..,..,..,..,..,..,..,..,..,..,..,..,..,..,..,..,..,..,..,..,..,..,..,..,..,..,..,..,..,..,..,..,..,..,..,..,..,..,..,..,..,..,..,..,..,..,..,..,..,..,..,..,..,..,..,..,..,..,..,..
Sudan,SDN,Deposit money bank assets to deposit money bank assets and central bank assets (%),GFDD.DI.04,..,..,..,..,98.47002,93.3868,96.48563,99.88691,99.899,94.77348,78.52966,71.10071,69.63004,73.49704,67.87299,60.58078,62.59836,67.25236,67.75286,68.62441,67.40488,66.54286,66.88793,41.13714,39.91607,32.91606,31.64617,31.3029,28.52354,21.02501,22.66068,26.6685,31.84867,28.69492,37.24538,35.25882,36.39616,38.07492,38.23853,30.47396,27.7059,33.3407,44.55203,50.11138,59.04814,73.13268,79.91406,77.54092,74.45062,76.28888,74.52873,66.49471,60.83567,58.764,58.2525,59.87849,58.35514,60.80194,57.74902,52.29757,36.7678,40.29089
Sudan,SDN,Insurance company assets to GDP (%),GFDD.DI.11,..,..,..,..,..,..,..,..,..,..,..,..,..,..,..,..,..,..,..,..,..,..,..,..,..,..,..,..,..,..,..,..,..,..,..,..,..,..,..,..,..,..,..,..,..,..,0.53290247,0.50153013,0.56663734,0.59107526,0.53142531,0.46217695,0.61477034,0.54510109,0.48261598,0.51912875,0.56096461,0.62934903,0.66532524,..,..,..
Sudan,SDN,Gross portfolio debt assets to GDP (%),GFDD.DM.11,..,..,..,..,..,..,..,..,..,..,..,..,..,..,..,..,..,..,..,..,..,..,..,..,..,..,..,..,..,..,..,..,..,..,..,..,..,..,..,..,..,..,..,..,..,..,..,..,..,..,..,..,..,..,..,..,..,..,..,..,..,..
Sudan,SDN,Liquid liabilities to GDP (%),GFDD.DI.05,9.994901,11.09206,12.0973,17.89373,14.63591,14.605,16.04953,16.69645,16.76309,17.90766,17.76426,17.57028,19.21467,19.16286,20.14799,19.64154,19.68478,22.54902,24.46581,27.04752,25.2836,29.91717,42.23433,38.88,37.1895,46.98539,41.12,31.36324,32.93907,28.57303,31.98238,30.57757,42.97318,31.6561,23.17952,17.76896,10.91983,9.785047,9.352757,9.361285,10.26534,10.63024,11.79468,13.17127,13.97602,16.08024,18.18233,16.4512,16.92334,21.16377,20.97609,20.19574,26.0188,21.15114,17.63497,18.55226,16.19702,23.45765,31.63055,33.97453,25.41076,24.6327
Suriname,SUR,Account at a formal financial institution (% age 15+),GFDD.AI.05,..,..,..,..,..,..,..,..,..,..,..,..,..,..,..,..,..,..,..,..,..,..,..,..,..,..,..,..,..,..,..,..,..,..,..,..,..,..,..,..,..,..,..,..,..,..,..,..,..,..,..,..,..,..,..,..,..,..,..,..,..,..
Suriname,SUR,"Bank accounts per 1,000 adults",GFDD.AI.01,..,..,..,..,..,..,..,..,..,..,..,..,..,..,..,..,..,..,..,..,..,..,..,..,..,..,..,..,..,..,..,..,..,..,..,..,..,..,..,..,..,..,..,..,..,..,..,..,..,..,..,..,..,..,..,1082.6704,1255.5659,1153.0816,1310.0896,1477.4433,1130.4099,..
Suriname,SUR,Bank deposits to GDP (%),GFDD.OI.02,..,..,..,..,..,..,..,13.62483,14.93681,16.45099,17.4809,18.42691,20.42795,22.65429,20.09638,21.47798,28.37784,26.85659,27.28824,28.78658,29.61698,32.04443,32.91585,39.68364,49.64178,64.75773,80.24411,80.33623,81.52713,84.4143,68.72348,76.31667,68.57917,44.28083,20.92918,16.98086,22.51284,26.29718,28.6958,20.92831,21.74197,19.48651,37.98639,37.59084,41.04235,37.29694,31.46791,36.61975,34.01239,40.02556,38.80744,39.59096,42.11042,47.62726,49.21285,54.43287,72.1725,60.11749,58.86087,57.61822,76.29976,75.83771
Suriname,SUR,Central bank assets to GDP (%),GFDD.DI.06,..,..,..,..,..,..,..,0.8699592,0.868034,0.9358752,0.5274645,0.1893688,0.6507453,1.113566,2.114188,5.053706,12.36597,14.41933,3.934058,2.944409,1.672956,3.8982,9.228415,25.29202,40.64757,59.91065,82.79124,100.9189,106.3592,104.8257,67.34861,72.4528,57.33976,35.59494,6.50933,1.604996,1.969365,1.777618,9.967416,14.39865,23.95575,3.909974,10.62192,8.6747,7.86247,6.536297,4.068593,2.621423,1.805575,5.595108,3.673617,3.471735,2.511813,6.42027,3.781671,14.38614,11.85726,8.823305,7.947522,11.96085,26.07257,18.40382
Suriname,SUR,Credit card (% age 15+),GFDD.AI.20,..,..,..,..,..,..,..,..,..,..,..,..,..,..,..,..,..,..,..,..,..,..,..,..,..,..,..,..,..,..,..,..,..,..,..,..,..,..,..,..,..,..,..,..,..,..,..,..,..,..,..,..,..,..,..,..,..,..,..,..,..,..
Suriname,SUR,Credit to government and state-owned enterprises to GDP (%),GFDD.EI.08,..,..,..,..,..,..,..,..,..,..,..,..,..,..,..,..,..,..,..,..,0.8179489,1.157864,1.216641,3.067918,4.75799,5.295889,5.969134,4.697239,4.140731,3.866506,3.981083,3.758146,2.769511,1.364701,0.361324,0.138235,0.1974969,1.742149,3.494582,2.315452,3.825125,4.038606,3.118211,2.628855,3.37307,3.55172,3.327133,2.160405,1.324912,1.126736,2.332155,2.029143,2.253409,3.100703,6.359964,4.926008,7.553565,10.72134,11.43601,11.26603,15.44872,..
Suriname,SUR,Credit flows by fintech and bigtech companies to GDP (%),GFDD.DM.16,..,..,..,..,..,..,..,..,..,..,..,..,..,..,..,..,..,..,..,..,..,..,..,..,..,..,..,..,..,..,..,..,..,..,..,..,..,..,..,..,..,..,..,..,..,..,..,..,..,..,..,..,..,..,..,..,..,..,..,..,..,..
Suriname,SUR,Deposit money bank assets to deposit money bank assets and central bank assets (%),GFDD.DI.04,..,..,..,..,..,..,..,93.52991,94.00915,94.21841,96.9659,98.98558,96.80491,94.67381,90.46177,78.50813,66.95914,62.03648,86.72919,90.50308,94.72724,89.21933,79.24619,60.77707,51.21614,43.74798,37.09296,31.17906,29.88103,31.13528,38.83226,38.52794,43.58972,39.58151,57.12797,80.83067,87.21338,91.62015,69.28767,54.28017,34.42623,77.36232,64.80666,70.18526,74.40924,78.31752,83.07446,89.36434,92.90594,81.96286,87.72078,88.05651,91.30384,82.77051,90.49867,72.67615,78.54005,81.09283,81.11634,73.44515,58.59803,61.9719
Suriname,SUR,Insurance company assets to GDP (%),GFDD.DI.11,..,..,..,..,..,..,..,..,..,..,..,..,..,..,..,..,..,..,..,..,..,..,..,..,..,..,..,..,..,..,..,..,..,..,..,..,..,..,..,..,..,..,..,..,..,..,..,..,..,4.9675596,4.911025,5.5531872,5.799798,6.7346608,7.584353,9.949453,13.579101,11.554694,11.716073,..,..,..
Suriname,SUR,Gross portfolio debt assets to GDP (%),GFDD.DM.11,..,..,..,..,..,..,..,..,..,..,..,..,..,..,..,..,..,..,..,..,..,..,..,..,..,..,..,..,..,..,..,..,..,..,..,..,..,..,..,..,..,..,..,..,..,..,..,..,..,..,..,0.7987181,0.8256388,0.8208687,0.7958428,1.069185,2.888921,3.449135,4.891036,4.345041,4.805119,..
Suriname,SUR,Liquid liabilities to GDP (%),GFDD.DI.05,..,..,..,..,..,..,..,21.43407,22.42179,24.46563,25.58931,26.59801,29.0335,32.80012,29.11431,30.52417,38.52918,36.09821,36.57308,38.41597,40.77359,43.64567,47.14481,54.18789,66.78067,87.49714,107.4905,125.2816,130.7588,132.4342,96.41941,103.3767,91.18784,63.00796,34.59208,25.86454,31.71212,35.19112,40.50602,32.55047,35.80908,30.88602,47.69735,44.29255,47.58562,43.62128,36.67622,42.33521,42.62192,46.74932,45.91248,46.26848,49.37252,53.05958,54.92894,60.62263,78.27046,65.38924,64.32846,64.40472,85.69757,83.89305
Sweden,SWE,Account at a formal financial institution (% age 15+),GFDD.AI.05,..,..,..,..,..,..,..,..,..,..,..,..,..,..,..,..,..,..,..,..,..,..,..,..,..,..,..,..,..,..,..,..,..,..,..,..,..,..,..,..,..,..,..,..,..,..,..,..,..,..,..,98.99195,..,..,99.71992,..,..,99.74221,..,..,..,99.68876
Sweden,SWE,"Bank accounts per 1,000 adults",GFDD.AI.01,..,..,..,..,..,..,..,..,..,..,..,..,..,..,..,..,..,..,..,..,..,..,..,..,..,..,..,..,..,..,..,..,..,..,..,..,..,..,..,..,..,..,..,..,..,..,..,..,..,..,..,..,..,..,..,..,..,..,..,..,..,..
Sweden,SWE,Bank deposits to GDP (%),GFDD.OI.02,46.46347,45.46249,46.21744,46.55389,44.78877,43.33515,43.81879,45.79439,48.59777,47.21307,44.38955,45.11435,46.69828,48.00853,46.46631,43.94422,40.55108,40.61803,43.00598,45.18896,44.81603,46.77161,46.2425,42.51588,42.02362,39.97984,42.12304,40.77229,40.45744,40.36016,..,..,..,..,..,..,..,..,..,..,..,40.05959,40.22418,40.37173,39.53205,43.16893,45.71938,48.25503,52.00923,56.00745,56.81977,58.67601,60.1669,62.59923,63.7555,64.22375,67.7914,70.92802,70.87621,72.74699,86.43284,87.40426
Sweden,SWE,Central bank assets to GDP (%),GFDD.DI.06,7.369258,6.463036,4.934265,4.823771,4.032088,4.090516,4.475049,4.33672,4.82344,5.110744,5.160361,5.319497,4.653014,3.426235,5.688603,4.765271,4.592138,3.697229,4.441617,6.555571,5.522032,6.573144,7.021359,4.686548,7.439013,6.939044,8.294562,8.285486,7.360859,6.36941,3.434926,7.978412,8.816307,5.972248,4.952298,3.724885,3.017997,2.593112,1.52547,1.222748,0.840147,0.0136996,0.0103143,0.0021453,..,0.0023882,0.0022424,..,..,..,..,..,0.0856779,0.2624605,0.2902275,3.901518,6.847519,7.73786,8.207862,7.493831,7.573225,8.298141
Sweden,SWE,Credit card (% age 15+),GFDD.AI.20,..,..,..,..,..,..,..,..,..,..,..,..,..,..,..,..,..,..,..,..,..,..,..,..,..,..,..,..,..,..,..,..,..,..,..,..,..,..,..,..,..,..,..,..,..,..,..,..,..,..,..,53.53371,..,..,45.35931,..,..,44.97944,..,..,..,48.35307
Sweden,SWE,Credit to government and state-owned enterprises to GDP (%),GFDD.EI.08,..,..,..,..,..,..,..,..,..,..,..,..,..,..,..,..,..,..,..,..,9.029395,12.11546,10.81216,13.67227,12.24787,9.820681,9.022674,10.07606,9.628316,10.60899,6.95399,6.795404,5.1335,9.899302,10.17879,8.834297,7.823162,7.131403,9.545614,5.729095,6.452461,8.462212,7.084726,6.574538,6.701766,9.370318,9.430663,8.569012,7.666401,10.87734,9.050725,9.046314,8.859962,7.989963,8.377551,7.271851,6.841605,7.55083,8.057878,7.333782,11.06725,..
Sweden,SWE,Credit flows by fintech and bigtech companies to GDP (%),GFDD.DM.16,..,..,..,..,..,..,..,..,..,..,..,..,..,..,..,..,..,..,..,..,..,..,..,..,..,..,..,..,..,..,..,..,..,..,..,..,..,..,..,..,..,..,..,..,..,..,..,..,..,..,..,..,..,0,0,0,0,0,0,0,..,..
Sweden,SWE,Deposit money bank assets to deposit money bank assets and central bank assets (%),GFDD.DI.04,84.96773,86.22316,89.32285,89.72153,91.05733,90.84422,90.03877,90.55698,90.24292,89.53322,88.578,88.35065,90.12309,92.6973,87.97482,89.58737,89.47056,91.69175,90.77352,87.09011,89.17693,88.13548,87.43456,91.36224,86.59686,86.51283,84.78275,85.58491,88.29099,90.51769,94.40905,87.15908,85.62149,88.93322,89.96904,91.50618,92.9314,94.1671,96.74839,97.24716,98.21636,99.98634,99.98972,99.99787,..,99.99784,99.99805,..,..,..,..,..,99.93748,99.81071,99.78974,97.16871,95.18477,94.72058,94.45924,94.89262,95.18038,94.61647
Sweden,SWE,Insurance company assets to GDP (%),GFDD.DI.11,..,..,..,..,..,..,..,..,..,..,..,..,..,..,..,..,..,..,..,..,..,..,..,..,..,..,..,..,..,..,..,..,..,..,..,46.137479,53.400012,61.427345,66.957762,79.506018,77.377581,72.37351,64.117728,68.946915,69.818641,79.24922,69.423462,68.353915,78.075605,89.237521,83.991988,85.254015,87.426855,113.20307,104.27701,121.51813,103.04922,98.956431,93.489855,100.13465,112.52024,..
Sweden,SWE,Gross portfolio debt assets to GDP (%),GFDD.DM.11,..,..,..,..,..,..,..,..,..,..,..,..,..,..,..,..,..,..,..,..,..,..,..,..,..,..,..,..,..,..,..,..,..,..,..,..,..,..,..,12.55713,16.67443,16.53618,17.82226,20.4576,24.30342,24.42775,32.39806,34.91913,26.76271,34.62622,32.0676,25.01788,26.95121,26.36717,26.61438,25.20275,23.70943,27.2229,24.62607,25.71226,27.63281,..
Sweden,SWE,Liquid liabilities to GDP (%),GFDD.DI.05,54.43624,53.12267,53.73015,53.98949,51.9067,50.11369,50.44608,52.39917,55.10618,53.48347,50.17561,51.12987,52.76761,53.93786,52.37774,49.79853,46.25124,46.38838,48.851,51.04298,50.40894,52.27007,51.59452,49.37033,47.73983,45.36375,47.21609,46.2264,45.50054,45.57078,41.63522,40.52544,41.91857,43.62142,41.19741,39.36269,41.76377,40.35896,38.21107,39.42128,37.78149,43.92327,43.91227,44.0125,43.00171,46.59325,48.9472,51.28062,54.9227,63.89588,61.83323,63.21424,65.07885,66.15559,65.98392,65.94836,69.26974,72.77847,72.37709,74.08854,87.71589,88.67492
Switzerland,CHE,Account at a formal financial institution (% age 15+),GFDD.AI.05,..,..,..,..,..,..,..,..,..,..,..,..,..,..,..,..,..,..,..,..,..,..,..,..,..,..,..,..,..,..,..,..,..,..,..,..,..,..,..,..,..,..,..,..,..,..,..,..,..,..,..,..,..,..,97.98564,..,..,98.42967,..,..,..,99.49103
Switzerland,CHE,"Bank accounts per 1,000 adults",GFDD.AI.01,..,..,..,..,..,..,..,..,..,..,..,..,..,..,..,..,..,..,..,..,..,..,..,..,..,..,..,..,..,..,..,..,..,..,..,..,..,..,..,..,..,..,..,..,..,..,..,..,..,..,..,..,..,..,..,..,..,..,..,..,..,..
Switzerland,CHE,Bank deposits to GDP (%),GFDD.OI.02,80.63157,79.12282,81.68342,81.21426,82.60064,84.01363,84.23057,84.67804,89.38185,95.40267,..,..,..,..,..,..,..,..,..,..,75.26892,77.30686,87.96975,88.98522,95.51093,94.46906,92.90642,99.84026,99.10538,98.07294,91.11172,89.52605,90.16263,96.76797,98.37179,101.9309,111.1945,117.0886,119.7799,133.4624,104.1365,104.904,111.7591,120.2548,120.3186,123.9135,122.4061,118.8577,116.635,128.3671,131.3447,139.5582,150.2304,160.0031,163.6755,164.3278,167.3852,..,..,..,..,..
Switzerland,CHE,Central bank assets to GDP (%),GFDD.DI.06,1.279943,1.150575,1.179968,1.151827,1.10071,1.145871,1.277987,1.219446,1.416058,1.779302,..,..,..,..,..,..,..,..,..,..,1.312621,1.211836,1.229847,1.355307,1.344973,1.368904,1.3609,1.287367,1.291872,1.264942,1.250579,1.282101,1.266889,1.247156,1.242555,1.242879,1.250101,1.663491,1.639669,1.591321,1.630356,1.717388,1.935724,2.053636,1.946046,0.6411824,0.5109012,0.3895771,0.3186621,0.3619476,0.2722379,0.2717032,0.2717525,0.2362766,0.2754739,0.2791635,0.2683815,..,..,..,..,..
Switzerland,CHE,Credit card (% age 15+),GFDD.AI.20,..,..,..,..,..,..,..,..,..,..,..,..,..,..,..,..,..,..,..,..,..,..,..,..,..,..,..,..,..,..,..,..,..,..,..,..,..,..,..,..,..,..,..,..,..,..,..,..,..,..,..,..,..,..,53.99704,..,..,65.46534,..,..,..,69.20733
Switzerland,CHE,Credit to government and state-owned enterprises to GDP (%),GFDD.EI.08,..,..,..,..,..,..,..,..,..,..,..,..,..,..,..,..,..,..,..,..,9.895745,9.697418,9.518373,4.902186,11.55462,10.06232,8.940133,9.504251,8.282176,8.686436,8.459059,8.68216,9.180963,11.77308,12.01467,12.14141,12.51359,12.24441,11.72916,11.92073,12.54624,11.73391,12.79166,12.07783,11.64238,10.52873,10.10569,9.498985,12.5131,12.4137,12.22754,12.92061,14.11044,3.980784,4.3621,4.083402,4.01114,..,..,..,..,..
Switzerland,CHE,Credit flows by fintech and bigtech companies to GDP (%),GFDD.DM.16,..,..,..,..,..,..,..,..,..,..,..,..,..,..,..,..,..,..,..,..,..,..,..,..,..,..,..,..,..,..,..,..,..,..,..,..,..,..,..,..,..,..,..,..,..,..,..,..,..,..,..,..,..,0,0,0,0,0,0,0,..,..
Switzerland,CHE,Deposit money bank assets to deposit money bank assets and central bank assets (%),GFDD.DI.04,98.83804,98.96549,98.94432,98.96949,98.96396,98.94051,98.81545,98.87126,98.71975,98.4211,..,..,..,..,..,..,..,..,..,..,98.76701,98.87521,98.99889,98.89983,98.97665,98.98048,98.98672,99.08927,99.11742,99.17736,99.18739,99.16203,99.17516,99.19884,99.21024,99.22258,99.21021,98.96019,98.95996,99.03185,98.95304,98.85359,98.72522,98.67194,98.75031,99.59094,99.68081,99.76044,99.7982,99.78298,99.83527,99.83844,99.84495,99.85832,99.83602,99.83504,99.84466,..,..,..,..,..
Switzerland,CHE,Insurance company assets to GDP (%),GFDD.DI.11,..,..,..,..,..,..,..,..,..,..,..,..,..,..,..,..,..,..,..,..,..,..,..,..,..,..,..,..,..,..,..,..,..,..,..,..,..,..,..,80.830568,82.072015,86.621362,81.385627,85.313375,84.625116,82.191287,80.427352,77.767073,70.303024,70.729793,69.665339,69.766705,70.852298,71.995498,74.969571,74.918903,75.389052,100.42737,95.125685,97.936386,100.90527,..
Switzerland,CHE,Gross portfolio debt assets to GDP (%),GFDD.DM.11,..,..,..,..,..,..,..,..,..,..,..,..,..,..,..,..,..,..,..,..,..,..,..,..,..,..,..,..,..,..,..,..,..,..,..,..,..,..,..,82.11856,83.99074,84.52361,98.03233,100.8782,103.7566,97.06403,115.4674,125.2783,111.131,128.9645,119.1199,96.25213,106.9119,101.8408,92.34083,92.90418,92.60822,94.70667,86.46186,93.25855,98.93424,..
Switzerland,CHE,Liquid liabilities to GDP (%),GFDD.DI.05,98.92779,97.0133,99.57542,98.92403,97.84477,101.0333,101.355,101.6601,106.8272,113.7728,..,..,..,..,..,..,..,..,..,..,122.3462,127.7499,132.1831,109.9302,120.6579,119.5908,117.647,124.8568,126.7808,131.0744,124.6803,121.2674,121.7476,124.0728,124.8203,125.285,137.029,142.737,145.3815,159.6628,133.4319,133.5385,136.1592,141.9725,141.5398,148.3639,149.4072,146.8469,141.0757,147.991,147.8106,159.6241,176.1192,179.1617,183.4032,182.2398,185.5856,..,..,..,..,..
Syrian Arab Republic,SYR,Account at a formal financial institution (% age 15+),GFDD.AI.05,..,..,..,..,..,..,..,..,..,..,..,..,..,..,..,..,..,..,..,..,..,..,..,..,..,..,..,..,..,..,..,..,..,..,..,..,..,..,..,..,..,..,..,..,..,..,..,..,..,..,..,23.25309,..,..,..,..,..,..,..,..,..,..
Syrian Arab Republic,SYR,"Bank accounts per 1,000 adults",GFDD.AI.01,..,..,..,..,..,..,..,..,..,..,..,..,..,..,..,..,..,..,..,..,..,..,..,..,..,..,..,..,..,..,..,..,..,..,..,..,..,..,..,..,..,..,..,..,..,..,..,..,195.44623,207.52614,205.83497,208.81362,207.67509,212.05827,..,..,..,..,..,..,..,..
Syrian Arab Republic,SYR,Bank deposits to GDP (%),GFDD.OI.02,11.51573,8.856443,8.125048,6.10315,5.350878,5.872746,6.091061,5.41832,6.666759,7.472493,8.845225,9.695,10.83553,11.24718,14.46334,15.48046,15.18695,16.99359,18.75669,18.18468,18.49776,19.11276,21.05731,27.16909,32.53962,36.335,32.21948,26.7938,21.85609,24.09254,23.83002,23.26231,24.29944,30.91612,30.03314,29.73913,27.40205,28.24735,29.51746,34.40602,36.5898,44.8473,49.41786,55.0094,49.6699,46.20901,43.8648,44.26313,47.97145,51.37203,52.89407,37.43602,..,..,..,..,..,..,..,..,..,..
Syrian Arab Republic,SYR,Central bank assets to GDP (%),GFDD.DI.06,16.45942,20.78324,17.7802,19.14211,17.31109,21.06687,22.52482,24.95674,30.0013,29.89591,37.16569,37.3623,35.34314,24.61614,23.6439,22.20657,29.33241,29.35256,36.76954,32.15041,35.89838,34.55828,51.4866,56.87874,73.44216,89.12045,79.62775,65.32205,44.93467,42.5956,39.14649,36.80271,36.68433,37.13236,35.43759,35.82399,35.0692,35.72184,34.27416,33.11386,29.11332,29.91061,28.8045,28.46811,24.46819,20.76439,18.2716,15.73979,12.99298,12.62894,11.39674,19.81083,..,..,..,..,..,..,..,..,..,..
Syrian Arab Republic,SYR,Credit card (% age 15+),GFDD.AI.20,..,..,..,..,..,..,..,..,..,..,..,..,..,..,..,..,..,..,..,..,..,..,..,..,..,..,..,..,..,..,..,..,..,..,..,..,..,..,..,..,..,..,..,..,..,..,..,..,..,..,..,2.788568,..,..,..,..,..,..,..,..,..,..
Syrian Arab Republic,SYR,Credit to government and state-owned enterprises to GDP (%),GFDD.EI.08,..,..,..,..,..,..,..,..,..,..,..,..,..,..,..,..,..,..,..,..,29.4408,35.04903,32.71123,33.57029,29.7364,23.80342,22.70501,21.17146,28.34117,27.98145,24.61476,26.49292,27.35452,44.0118,29.02958,30.01357,26.45439,27.65036,26.44337,29.05481,27.10726,28.89278,25.52271,30.58754,23.31053,20.57186,19.05346,21.45657,24.36575,24.54464,24.70498,..,..,..,..,..,..,..,..,..,..,..
Syrian Arab Republic,SYR,Credit flows by fintech and bigtech companies to GDP (%),GFDD.DM.16,..,..,..,..,..,..,..,..,..,..,..,..,..,..,..,..,..,..,..,..,..,..,..,..,..,..,..,..,..,..,..,..,..,..,..,..,..,..,..,..,..,..,..,..,..,..,..,..,..,..,..,..,..,..,..,..,..,..,..,..,..,..
Syrian Arab Republic,SYR,Deposit money bank assets to deposit money bank assets and central bank assets (%),GFDD.DI.04,62.39024,53.18823,54.13507,54.18013,52.85767,48.65281,49.1804,44.31982,41.68011,40.66478,37.53086,36.29751,38.2365,48.76549,52.53994,56.18567,53.34975,55.47916,46.27104,50.99417,49.49606,53.86829,43.23372,42.28511,34.37504,26.4221,27.57075,30.14999,43.66437,45.57968,45.03312,48.8093,50.16159,59.58995,52.62965,53.46817,50.72374,51.2067,50.96994,53.6008,54.72924,55.0755,53.38943,58.83732,58.83082,62.98741,64.87834,69.89405,75.82396,77.77023,80.47632,66.36186,..,..,..,..,..,..,..,..,..,..
Syrian Arab Republic,SYR,Insurance company assets to GDP (%),GFDD.DI.11,..,..,..,..,..,..,..,..,..,..,..,..,..,..,..,..,..,..,..,..,..,..,..,..,..,..,..,..,..,..,..,..,..,..,..,..,..,..,..,..,..,..,..,..,..,..,..,0.49484422,..,..,0.98412587,..,..,..,..,..,..,..,..,..,..,..
Syrian Arab Republic,SYR,Gross portfolio debt assets to GDP (%),GFDD.DM.11,..,..,..,..,..,..,..,..,..,..,..,..,..,..,..,..,..,..,..,..,..,..,..,..,..,..,..,..,..,..,..,..,..,..,..,..,..,..,..,..,..,..,..,..,..,..,..,0.0458688,0.062973,0.1684341,0.2297249,..,..,..,..,..,..,..,..,..,..,..
Syrian Arab Republic,SYR,Liquid liabilities to GDP (%),GFDD.DI.05,29.89987,27.89322,24.81265,24.58813,22.43829,25.64663,27.27234,29.32771,34.45346,32.47632,37.60772,34.88587,35.94399,37.14259,39.35371,36.70702,37.3021,43.57807,46.23093,45.2966,46.27892,41.78816,48.13165,56.91994,69.35175,75.6912,70.49733,61.54574,51.53633,55.70821,54.69873,53.31585,53.38966,62.49785,57.34409,55.48632,50.53419,50.68156,52.82626,57.82782,59.49236,68.90967,73.78013,82.79576,77.7279,72.80409,68.15628,65.46535,67.64948,71.35807,73.10891,57.8482,..,..,..,..,..,..,..,..,..,..
"Taiwan, China",TWN,Account at a formal financial institution (% age 15+),GFDD.AI.05,..,..,..,..,..,..,..,..,..,..,..,..,..,..,..,..,..,..,..,..,..,..,..,..,..,..,..,..,..,..,..,..,..,..,..,..,..,..,..,..,..,..,..,..,..,..,..,..,..,..,..,87.31489,..,..,91.37632,..,..,94.17963,..,..,..,94.71104
"Taiwan, China",TWN,"Bank accounts per 1,000 adults",GFDD.AI.01,..,..,..,..,..,..,..,..,..,..,..,..,..,..,..,..,..,..,..,..,..,..,..,..,..,..,..,..,..,..,..,..,..,..,..,..,..,..,..,..,..,..,..,..,..,..,..,..,..,..,..,..,..,..,..,..,..,..,..,..,..,..
"Taiwan, China",TWN,Bank deposits to GDP (%),GFDD.OI.02,..,..,..,..,..,..,..,..,..,..,..,..,..,..,..,..,..,..,..,..,..,..,..,..,..,..,..,..,..,..,..,..,..,..,..,..,..,..,..,..,..,..,..,..,..,..,..,..,..,..,..,..,..,..,..,..,..,..,..,..,..,..
"Taiwan, China",TWN,Central bank assets to GDP (%),GFDD.DI.06,..,..,..,..,..,..,..,..,..,..,..,..,..,..,..,..,..,..,..,..,..,..,..,..,..,..,..,..,..,..,..,..,..,..,..,..,..,..,..,..,..,..,..,..,..,..,..,..,..,..,..,..,..,..,..,..,..,..,..,..,..,..
"Taiwan, China",TWN,Credit card (% age 15+),GFDD.AI.20,..,..,..,..,..,..,..,..,..,..,..,..,..,..,..,..,..,..,..,..,..,..,..,..,..,..,..,..,..,..,..,..,..,..,..,..,..,..,..,..,..,..,..,..,..,..,..,..,..,..,..,45.86416,..,..,54.88438,..,..,53.45517,..,..,..,63.77041
"Taiwan, China",TWN,Credit to government and state-owned enterprises to GDP (%),GFDD.EI.08,..,..,..,..,..,..,..,..,..,..,..,..,..,..,..,..,..,..,..,..,..,..,..,..,..,..,..,..,..,..,..,..,..,..,..,..,..,..,..,..,..,..,..,..,..,..,..,..,..,..,..,..,..,..,..,..,..,..,..,..,..,..
"Taiwan, China",TWN,Credit flows by fintech and bigtech companies to GDP (%),GFDD.DM.16,..,..,..,..,..,..,..,..,..,..,..,..,..,..,..,..,..,..,..,..,..,..,..,..,..,..,..,..,..,..,..,..,..,..,..,..,..,..,..,..,..,..,..,..,..,..,..,..,..,..,..,..,..,..,..,..,..,..,..,..,..,..
"Taiwan, China",TWN,Deposit money bank assets to deposit money bank assets and central bank assets (%),GFDD.DI.04,..,..,..,..,..,..,..,..,..,..,..,..,..,..,..,..,..,..,..,..,..,..,..,..,..,..,..,..,..,..,..,..,..,..,..,..,..,..,..,..,..,..,..,..,..,..,..,..,..,..,..,..,..,..,..,..,..,..,..,..,..,..
"Taiwan, China",TWN,Insurance company assets to GDP (%),GFDD.DI.11,..,..,..,..,..,..,..,..,..,..,..,..,..,..,..,..,..,..,..,..,..,..,..,..,..,..,..,..,..,..,..,..,..,..,..,..,..,..,..,..,..,..,..,43.611003,48.693611,55.599551,63.298803,67.015299,71.757836,85.434496,88.131227,93.444272,100.9092,110.83448,114.12239,120.74777,128.71262,137.96496,145.17352,157.27748,162.71949,..
"Taiwan, China",TWN,Gross portfolio debt assets to GDP (%),GFDD.DM.11,..,..,..,..,..,..,..,..,..,..,..,..,..,..,..,..,..,..,..,..,..,..,..,..,..,..,..,..,..,..,..,..,..,..,..,..,..,..,..,..,..,..,..,..,..,..,..,..,..,..,..,..,..,..,..,..,..,..,..,..,..,..
"Taiwan, China",TWN,Liquid liabilities to GDP (%),GFDD.DI.05,..,..,..,..,..,..,..,..,..,..,..,..,..,..,..,..,..,..,..,..,..,..,..,..,..,..,..,..,..,..,..,..,..,..,..,..,..,..,..,..,..,..,..,..,..,..,..,..,..,..,..,..,..,..,..,..,..,..,..,..,..,..
Tajikistan,TJK,Account at a formal financial institution (% age 15+),GFDD.AI.05,..,..,..,..,..,..,..,..,..,..,..,..,..,..,..,..,..,..,..,..,..,..,..,..,..,..,..,..,..,..,..,..,..,..,..,..,..,..,..,..,..,..,..,..,..,..,..,..,..,..,..,2.534857,..,..,11.45923,..,..,47.0244,..,..,..,38.90316
Tajikistan,TJK,"Bank accounts per 1,000 adults",GFDD.AI.01,..,..,..,..,..,..,..,..,..,..,..,..,..,..,..,..,..,..,..,..,..,..,..,..,..,..,..,..,..,..,..,..,..,..,..,..,..,..,..,..,..,..,..,..,171.8039,196.55352,323.2907,239.08055,237.36179,328.6991,370.30348,415.26011,558.57225,711.86805,998.56822,1209.2924,1053.8191,791.90395,804.41152,941.81637,987.98487,..
Tajikistan,TJK,Bank deposits to GDP (%),GFDD.OI.02,..,..,..,..,..,..,..,..,..,..,..,..,..,..,..,..,..,..,..,..,..,..,..,..,..,..,..,..,..,..,..,..,..,..,..,..,..,..,2.235163,1.983159,3.231361,3.409331,4.067633,4.625326,4.157948,5.370189,7.568792,16.43079,9.224115,9.60546,9.91958,10.72114,10.19074,10.6903,10.90125,12.44749,12.86443,11.22773,9.685406,8.618558,9.60218,7.129695
Tajikistan,TJK,Central bank assets to GDP (%),GFDD.DI.06,..,..,..,..,..,..,..,..,..,..,..,..,..,..,..,..,..,..,..,..,..,..,..,..,..,..,..,..,..,..,..,..,..,..,..,..,..,..,11.61546,12.00338,7.36005,12.28827,9.813304,6.219867,4.588439,3.902884,2.697813,1.973457,1.455439,1.622138,1.248623,1.420544,4.860879,4.953797,4.523877,4.623144,10.49567,10.45697,8.970757,7.778189,7.447382,5.550374
Tajikistan,TJK,Credit card (% age 15+),GFDD.AI.20,..,..,..,..,..,..,..,..,..,..,..,..,..,..,..,..,..,..,..,..,..,..,..,..,..,..,..,..,..,..,..,..,..,..,..,..,..,..,..,..,..,..,..,..,..,..,..,..,..,..,..,1.207707,..,..,0.7451749,..,..,5.676101,..,..,..,2.18761
Tajikistan,TJK,Credit to government and state-owned enterprises to GDP (%),GFDD.EI.08,..,..,..,..,..,..,..,..,..,..,..,..,..,..,..,..,..,..,..,..,..,..,..,..,..,..,..,..,..,..,..,..,..,..,..,..,..,..,0.1077317,0.0797496,0.071514,0.7231658,0.7248746,0.6262727,0.3436086,0.3987929,1.090445,0.4913045,..,0.9881632,..,2.400722,2.091201,2.328827,1.978887,3.45046,1.698465,3.559239,1.327684,1.720311,3.070286,..
Tajikistan,TJK,Credit flows by fintech and bigtech companies to GDP (%),GFDD.DM.16,..,..,..,..,..,..,..,..,..,..,..,..,..,..,..,..,..,..,..,..,..,..,..,..,..,..,..,..,..,..,..,..,..,..,..,..,..,..,..,..,..,..,..,..,..,..,..,..,..,..,..,..,..,..,..,..,..,..,..,..,..,..
Tajikistan,TJK,Deposit money bank assets to deposit money bank assets and central bank assets (%),GFDD.DI.04,..,..,..,..,..,..,..,..,..,..,..,..,..,..,..,..,..,..,..,..,..,..,..,..,..,..,..,..,..,..,..,..,..,..,..,..,..,..,49.52666,46.99278,64.93855,54.01674,58.19139,63.90612,76.94212,80.25783,85.66631,93.71989,90.71243,89.09557,91.56075,92.12967,74.52232,79.37737,82.84835,84.10384,66.64436,60.57085,61.87844,64.87511,66.98264,68.47687
Tajikistan,TJK,Insurance company assets to GDP (%),GFDD.DI.11,..,..,..,..,..,..,..,..,..,..,..,..,..,..,..,..,..,..,..,..,..,..,..,..,..,..,..,..,..,..,..,..,..,..,..,..,..,..,..,..,..,..,..,..,..,..,..,..,..,..,..,..,..,..,..,..,..,..,..,..,..,..
Tajikistan,TJK,Gross portfolio debt assets to GDP (%),GFDD.DM.11,..,..,..,..,..,..,..,..,..,..,..,..,..,..,..,..,..,..,..,..,..,..,..,..,..,..,..,..,..,..,..,..,..,..,..,..,..,..,..,..,..,..,..,..,..,..,..,..,..,..,0.0088626,0.0149375,0.006785,0.0206748,0.0125831,0.0113832,0.011508,0.0111957,0.0130933,0.0089945,0.0178181,..
Tajikistan,TJK,Liquid liabilities to GDP (%),GFDD.DI.05,..,..,..,..,..,..,..,..,..,..,..,..,..,..,..,..,..,..,..,..,..,..,..,..,..,..,..,..,..,..,..,..,..,..,..,..,..,..,7.079952,6.723581,8.171824,7.936222,8.372873,8.290935,7.036164,12.83426,16.48456,24.95846,7.119383,9.94559,10.42684,11.73453,11.42413,11.62994,13.84606,16.58904,15.11103,12.92437,11.73363,10.52768,11.62909,8.957262
Tanzania,TZA,Account at a formal financial institution (% age 15+),GFDD.AI.05,..,..,..,..,..,..,..,..,..,..,..,..,..,..,..,..,..,..,..,..,..,..,..,..,..,..,..,..,..,..,..,..,..,..,..,..,..,..,..,..,..,..,..,..,..,..,..,..,..,..,..,17.25777,..,..,19.04123,..,..,20.97223,..,..,..,23.32102
Tanzania,TZA,"Bank accounts per 1,000 adults",GFDD.AI.01,..,..,..,..,..,..,..,..,..,..,..,..,..,..,..,..,..,..,..,..,..,..,..,..,..,..,..,..,..,..,..,..,..,..,..,..,..,..,..,..,..,..,..,..,..,0,0,0,0,0,0,0,0,0,0,..,..,..,..,..,..,..
Tanzania,TZA,Bank deposits to GDP (%),GFDD.OI.02,..,..,..,..,..,..,..,..,..,..,..,..,..,..,..,..,..,..,..,..,..,..,..,..,..,..,..,..,11.16691,11.90532,12.93083,13.94306,15.10398,17.31549,17.11434,17.00023,14.96514,13.58983,8.818066,8.795704,9.389697,12.1948,13.37982,13.90392,13.46477,16.14256,17.66335,18.59592,17.9753,18.72569,20.25419,19.85279,19.43319,18.25625,18.39624,19.24841,16.78514,16.69519,15.93474,15.59524,15.53157,..
Tanzania,TZA,Central bank assets to GDP (%),GFDD.DI.06,..,..,..,..,..,..,..,..,..,..,..,..,..,..,..,..,..,..,..,..,..,..,..,..,..,..,..,..,6.669412,7.016901,15.57073,12.00196,13.07233,15.18954,11.77119,10.8052,7.945951,5.733929,2.870039,3.198422,2.771027,2.844281,2.123553,1.886132,2.037332,2.884232,3.085321,2.562773,2.20554,3.151143,2.66555,2.4522,2.908046,2.889904,2.917255,3.322979,2.857487,2.065622,2.728312,2.166456,4.444517,..
Tanzania,TZA,Credit card (% age 15+),GFDD.AI.20,..,..,..,..,..,..,..,..,..,..,..,..,..,..,..,..,..,..,..,..,..,..,..,..,..,..,..,..,..,..,..,..,..,..,..,..,..,..,..,..,..,..,..,..,..,..,..,..,..,..,..,3.650948,..,..,0.7235351,..,..,0.5414675,..,..,..,0.3104459
Tanzania,TZA,Credit to government and state-owned enterprises to GDP (%),GFDD.EI.08,..,..,..,..,..,..,..,..,..,..,..,..,..,..,..,..,..,..,..,..,18.3477,19.6559,19.97655,16.48401,17.08047,13.36146,9.636611,15.25365,7.374306,5.377956,5.418536,5.519607,5.682959,8.267054,7.899108,7.54577,7.412647,5.604683,3.872207,3.549027,3.799092,3.583492,4.456006,3.83766,3.706331,0.0056098,5.122943,6.154709,5.667069,5.657308,6.561941,5.025095,5.94366,6.361892,6.087656,5.426219,5.063735,5.576394,4.470818,4.885421,4.793903,..
Tanzania,TZA,Credit flows by fintech and bigtech companies to GDP (%),GFDD.DM.16,..,..,..,..,..,..,..,..,..,..,..,..,..,..,..,..,..,..,..,..,..,..,..,..,..,..,..,..,..,..,..,..,..,..,..,..,..,..,..,..,..,..,..,..,..,..,..,..,..,..,..,..,..,0.0043563,0.0049435,0.0032504,0.3056414,0.5657848,1.060176,0.9952586,..,..
Tanzania,TZA,Deposit money bank assets to deposit money bank assets and central bank assets (%),GFDD.DI.04,..,..,..,..,..,..,..,..,..,..,..,..,..,..,..,..,..,..,..,..,..,..,..,..,..,..,..,..,57.32176,73.47567,55.37356,61.96092,54.13209,55.65569,59.92073,56.78956,56.93766,61.47578,70.36072,67.82041,71.38232,72.0871,81.02205,83.49255,83.4557,81.88132,82.40269,87.07034,88.70335,84.09661,87.14281,87.54349,86.52488,86.69014,86.87775,85.68994,86.69748,89.98646,86.24231,88.94687,79.49639,..
Tanzania,TZA,Insurance company assets to GDP (%),GFDD.DI.11,..,..,..,..,..,..,..,..,..,..,..,..,..,..,..,..,..,..,..,..,..,..,..,..,..,..,..,..,..,..,..,..,..,..,..,..,..,..,..,..,..,..,..,0.73461709,0.72661531,0.78199703,0.7868963,0.78121869,0.86533383,0.83498756,0.79612998,0.7709344,0.72284609,0.7111591,0.75054915,0.77307007,0.77084938,0.72644883,0.72535546,0.74845414,0.82482471,..
Tanzania,TZA,Gross portfolio debt assets to GDP (%),GFDD.DM.11,..,..,..,..,..,..,..,..,..,..,..,..,..,..,..,..,..,..,..,..,..,..,..,..,..,..,..,..,..,..,..,..,..,..,..,..,..,..,..,..,..,0.007285,0.0052542,0.0094944,0.0080329,0.0111839,0.0116597,0.017194,0.007211,0.0100635,0.0094464,0.0107369,0.0030477,0.0096201,0.0135744,0.0062919,0.0100406,0.0054455,0.0011743,0.0019528,..,..
Tanzania,TZA,Liquid liabilities to GDP (%),GFDD.DI.05,..,..,..,..,..,..,..,..,..,..,..,..,..,..,..,..,..,..,..,..,..,..,..,..,..,..,..,..,17.4478,18.41436,19.9348,19.9692,22.13029,24.46011,24.85646,25.64575,22.2445,20.08362,12.81135,13.11859,13.32054,14.03734,15.2538,15.32688,15.87052,19.15348,20.16372,21.67527,22.29785,22.86668,24.648,24.12416,23.53002,22.071,22.53442,23.43981,21.11247,20.8131,20.01139,20.27549,20.14557,..
Thailand,THA,Account at a formal financial institution (% age 15+),GFDD.AI.05,..,..,..,..,..,..,..,..,..,..,..,..,..,..,..,..,..,..,..,..,..,..,..,..,..,..,..,..,..,..,..,..,..,..,..,..,..,..,..,..,..,..,..,..,..,..,..,..,..,..,..,72.66644,..,..,78.13655,..,..,80.9575,..,..,..,94.14621
Thailand,THA,"Bank accounts per 1,000 adults",GFDD.AI.01,..,..,..,..,..,..,..,..,..,..,..,..,..,..,..,..,..,..,..,..,..,..,..,..,..,..,..,..,..,..,..,..,..,..,..,..,..,..,..,..,..,..,..,..,..,..,960.03633,1009.4085,1023.6954,1036.3292,1071.5699,1127.8314,1118.5833,1149.9515,1171.4841,1188.672,1211.9122,1267.8073,1281.2147,1327.4284,1372.0105,..
Thailand,THA,Bank deposits to GDP (%),GFDD.OI.02,12.822,13.7967,15.20623,14.71661,15.47706,16.01163,16.97235,18.75853,20.16089,21.14388,22.81499,26.17334,29.92945,28.33147,28.02066,30.39687,32.56104,34.24377,33.73812,33.30369,34.94949,36.04387,40.80633,46.92222,53.2052,56.11923,59.49757,61.96084,61.08693,65.07262,67.56979,71.2276,72.13337,77.42273,75.47321,77.75383,78.46774,92.8509,103.5302,102.2253,103.5033,103.2677,98.66769,102.7948,98.03866,94.5902,91.81309,86.58662,88.19774,93.74232,91.12341,96.80398,108.9162,113.7968,115.7512,117.1749,114.7548,113.5236,112.9723,113.4294,134.9653,135.6318
Thailand,THA,Central bank assets to GDP (%),GFDD.DI.06,6.310108,4.914536,4.486895,3.891705,3.263534,2.913794,2.522585,1.986698,3.20117,5.69139,7.514247,8.244459,8.691359,7.23638,4.6053,4.102869,5.248485,6.077075,6.875051,7.565038,8.751936,9.085086,10.1451,10.66202,9.456212,9.867014,8.562489,6.849613,2.752654,1.663174,2.243095,1.813477,1.757709,1.230546,0.5407566,0.5645069,0.7566707,1.826254,4.847393,3.855992,2.692873,2.951677,2.266099,2.092954,1.713045,1.489496,1.692653,2.430894,2.761009,3.122078,2.791342,2.501463,2.233415,1.914799,1.697986,1.894107,2.072283,2.358589,2.54235,2.241822,2.826356,..
Thailand,THA,Credit card (% age 15+),GFDD.AI.20,..,..,..,..,..,..,..,..,..,..,..,..,..,..,..,..,..,..,..,..,..,..,..,..,..,..,..,..,..,..,..,..,..,..,..,..,..,..,..,..,..,..,..,..,..,..,..,..,..,..,..,4.50816,..,..,5.690708,..,..,9.799823,..,..,..,22.60916
Thailand,THA,Credit to government and state-owned enterprises to GDP (%),GFDD.EI.08,..,..,..,..,..,..,..,..,..,..,..,..,..,..,..,..,..,..,..,..,10.44971,10.49002,12.47188,11.98229,15.20975,15.62506,19.30839,18.43165,16.66366,14.52542,11.97802,10.31331,8.603077,8.254337,6.763873,5.870739,5.519228,4.862549,9.855046,14.47123,15.40021,16.26921,16.62834,16.13994,14.67516,13.00369,11.57741,10.59578,10.10506,12.39429,11.90634,11.67934,12.91775,12.41698,13.70392,14.63858,12.70231,12.98956,13.20228,12.98205,18.98038,..
Thailand,THA,Credit flows by fintech and bigtech companies to GDP (%),GFDD.DM.16,..,..,..,..,..,..,..,..,..,..,..,..,..,..,..,..,..,..,..,..,..,..,..,..,..,..,..,..,..,..,..,..,..,..,..,..,..,..,..,..,..,..,..,..,..,..,..,..,..,..,..,..,..,0,0,0,0,0.0335549,0.0572269,0.0931902,..,..
Thailand,THA,Deposit money bank assets to deposit money bank assets and central bank assets (%),GFDD.DI.04,67.83753,75.13462,79.29469,81.0711,84.87453,86.97739,89.10478,92.00878,88.05794,80.95933,78.08282,78.87409,79.82584,82.64897,88.23317,90.28273,89.67425,88.98405,88.24699,87.4429,85.40119,85.21922,84.91557,85.90126,88.38259,88.22036,89.88642,91.91551,96.7024,98.11189,97.61938,98.15452,98.32616,98.95268,99.59337,99.61127,99.50411,98.94554,97.11651,97.35972,97.81449,97.37161,98.04248,98.1374,98.46406,98.62493,98.34339,97.55081,97.25443,97.05067,97.35118,97.83629,98.16216,98.47852,98.68776,98.56929,98.38756,98.14911,98.01187,98.22749,98.08213,..
Thailand,THA,Insurance company assets to GDP (%),GFDD.DI.11,..,..,..,..,..,..,..,..,..,..,..,..,..,..,..,..,..,..,..,..,..,..,..,..,..,..,..,..,..,..,..,..,..,..,..,..,..,..,..,..,..,..,7.8948755,9.0193409,9.4173926,9.8837192,9.9551058,10.521852,10.642852,12.454807,13.296639,20.202574,18.691051,18.424029,20.646111,22.017628,23.030897,23.500733,23.72119,..,..,..
Thailand,THA,Gross portfolio debt assets to GDP (%),GFDD.DM.11,..,..,..,..,..,..,..,..,..,..,..,..,..,..,..,..,..,..,..,..,..,..,..,..,..,..,..,..,..,..,..,..,..,..,..,..,..,..,..,..,0.3441665,0.6176379,1.195078,1.576038,0.5384758,1.324866,1.378269,4.540473,3.873811,7.146492,5.276153,4.037992,5.521589,5.36256,6.25868,6.256632,5.303547,5.819921,5.286684,5.923813,5.276579,..
Thailand,THA,Liquid liabilities to GDP (%),GFDD.DI.05,23.33885,24.23617,25.0774,23.97805,24.62485,25.22404,25.64203,27.3704,29.46032,30.03116,32.04237,35.87093,39.88295,37.49455,35.88359,38.25322,40.3417,41.3886,40.74109,40.72178,42.01141,42.37002,47.21193,53.39629,59.56147,62.08992,65.76239,68.48051,67.32192,71.35033,73.47491,76.85921,78.13287,83.63287,81.88876,84.33568,84.8252,99.86541,110.1262,112.2031,111.2093,111.2387,106.9528,111.2216,106.3482,102.5569,99.25494,91.76361,92.80585,90.41679,87.26909,92.83801,103.1156,107.269,108.2961,110.8262,109.7174,109.0924,108.8852,109.5362,129.5129,..
Timor-Leste,TLS,Account at a formal financial institution (% age 15+),GFDD.AI.05,..,..,..,..,..,..,..,..,..,..,..,..,..,..,..,..,..,..,..,..,..,..,..,..,..,..,..,..,..,..,..,..,..,..,..,..,..,..,..,..,..,..,..,..,..,..,..,..,..,..,..,..,..,..,..,..,..,..,..,..,..,..
Timor-Leste,TLS,"Bank accounts per 1,000 adults",GFDD.AI.01,..,..,..,..,..,..,..,..,..,..,..,..,..,..,..,..,..,..,..,..,..,..,..,..,..,..,..,..,..,..,..,..,..,..,..,..,..,..,..,..,..,..,..,..,62.18419,69.554938,69.87889,81.11552,113.35409,135.19771,155.72933,261.05496,374.08218,377.36034,450.66053,543.18298,495.8478,543.99905,510.64485,535.99075,539.51208,..
Timor-Leste,TLS,Bank deposits to GDP (%),GFDD.OI.02,..,..,..,..,..,..,..,..,..,..,..,..,..,..,..,..,..,..,..,..,..,..,..,..,..,..,..,..,..,..,..,..,..,..,..,..,..,..,..,..,..,..,9.301988,12.44346,14.69668,16.47279,21.61374,26.05779,29.32992,36.53247,33.07453,30.56067,34.65857,35.35617,40.76847,39.52724,43.58228,49.99834,52.42862,37.49598,44.44756,55.79147
Timor-Leste,TLS,Central bank assets to GDP (%),GFDD.DI.06,..,..,..,..,..,..,..,..,..,..,..,..,..,..,..,..,..,..,..,..,..,..,..,..,..,..,..,..,..,..,..,..,..,..,..,..,..,..,..,..,..,..,..,0.0678269,0.005426,0.0058492,0.2180021,0.0407039,1.800428,0.1840694,2.569971,1.3184,0.3637539,0.2629882,0.3875493,0.2580281,0.2770508,0.2203481,0.2266529,0.2072876,0.1251803,0.1963582
Timor-Leste,TLS,Credit card (% age 15+),GFDD.AI.20,..,..,..,..,..,..,..,..,..,..,..,..,..,..,..,..,..,..,..,..,..,..,..,..,..,..,..,..,..,..,..,..,..,..,..,..,..,..,..,..,..,..,..,..,..,..,..,..,..,..,..,..,..,..,..,..,..,..,..,..,..,..
Timor-Leste,TLS,Credit to government and state-owned enterprises to GDP (%),GFDD.EI.08,..,..,..,..,..,..,..,..,..,..,..,..,..,..,..,..,..,..,..,..,..,..,..,..,..,..,..,..,..,..,..,..,..,..,..,..,..,..,..,..,..,..,..,..,..,..,..,..,..,..,..,..,..,..,..,..,..,..,..,..,..,..
Timor-Leste,TLS,Credit flows by fintech and bigtech companies to GDP (%),GFDD.DM.16,..,..,..,..,..,..,..,..,..,..,..,..,..,..,..,..,..,..,..,..,..,..,..,..,..,..,..,..,..,..,..,..,..,..,..,..,..,..,..,..,..,..,..,..,..,..,..,..,..,..,..,..,..,..,..,..,..,..,..,..,..,..
Timor-Leste,TLS,Deposit money bank assets to deposit money bank assets and central bank assets (%),GFDD.DI.04,..,..,..,..,..,..,..,..,..,..,..,..,..,..,..,..,..,..,..,..,..,..,..,..,..,..,..,..,..,..,..,..,..,..,..,..,..,..,..,..,..,..,..,98.74644,99.97294,99.97446,99.12005,99.78059,89.76472,98.72191,82.83675,90.57163,97.36289,97.98099,97.07504,98.05819,97.80097,98.62877,98.56319,98.3898,99.17982,98.73608
Timor-Leste,TLS,Insurance company assets to GDP (%),GFDD.DI.11,..,..,..,..,..,..,..,..,..,..,..,..,..,..,..,..,..,..,..,..,..,..,..,..,..,..,..,..,..,..,..,..,..,..,..,..,..,..,..,..,..,..,..,..,..,..,..,..,..,..,..,..,..,..,..,..,..,..,..,..,..,..
Timor-Leste,TLS,Gross portfolio debt assets to GDP (%),GFDD.DM.11,..,..,..,..,..,..,..,..,..,..,..,..,..,..,..,..,..,..,..,..,..,..,..,..,..,..,..,..,..,..,..,..,..,..,..,..,..,..,..,..,..,..,..,..,..,..,..,384.3004,..,..,..,..,..,..,..,..,..,..,..,..,..,..
Timor-Leste,TLS,Liquid liabilities to GDP (%),GFDD.DI.05,..,..,..,..,..,..,..,..,..,..,..,..,..,..,..,..,..,..,..,..,..,..,..,..,..,..,..,..,..,..,..,..,..,..,..,..,..,..,..,..,..,..,9.301988,12.56644,14.94725,16.85998,22.01277,26.47648,29.70828,36.9178,33.45715,30.93125,35.06955,35.84051,41.44421,40.28207,44.46129,50.93437,53.57576,38.49132,45.68012,57.09538
Togo,TGO,Account at a formal financial institution (% age 15+),GFDD.AI.05,..,..,..,..,..,..,..,..,..,..,..,..,..,..,..,..,..,..,..,..,..,..,..,..,..,..,..,..,..,..,..,..,..,..,..,..,..,..,..,..,..,..,..,..,..,..,..,..,..,..,..,10.18524,..,..,17.61492,..,..,34.06794,..,..,..,24.90015
Togo,TGO,"Bank accounts per 1,000 adults",GFDD.AI.01,..,..,..,..,..,..,..,..,..,..,..,..,..,..,..,..,..,..,..,..,..,..,..,..,..,..,..,..,..,..,..,..,..,..,..,..,..,..,..,..,..,..,..,..,81.37813,58.341679,64.036587,72.988929,213.33713,197.27122,158.82905,157.23477,156.92141,168.00026,248.41395,235.79711,219.65003,230.96151,216.34229,230.93217,239.75483,..
Togo,TGO,Bank deposits to GDP (%),GFDD.OI.02,3.367002,3.322579,4.074073,4.188032,4.815723,5.424838,5.348398,6.298245,7.767948,9.708349,11.17238,10.37263,9.60638,10.53863,16.07116,13.45427,17.875,16.50209,23.34462,23.34845,18.34611,18.77935,22.95074,24.42735,31.26036,29.97956,32.28797,30.51199,29.26704,28.63563,28.58512,28.22044,25.03926,29.16055,21.54207,19.13397,16.83177,15.35893,13.76731,13.39417,13.94531,13.92634,14.23217,17.00159,19.40887,20.67434,22.9591,25.246,26.73791,29.46365,30.941,34.19684,36.96392,37.04668,41.25766,42.73921,32.75859,33.83873,34.52346,33.96513,37.80123,40.61759
Togo,TGO,Central bank assets to GDP (%),GFDD.DI.06,..,..,0.0925926,0.08547,0.1474201,..,..,0.1403509,0.0166945,..,..,..,0.0035461,0.0011038,0.0074129,1.811791,1.662162,3.281676,5.563978,6.907749,5.330279,8.370555,8.382222,10.9695,10.74187,11.88847,11.65868,11.3772,10.34193,9.18531,9.449583,8.736785,8.926555,11.56636,9.132069,10.87099,9.364672,7.545836,8.172479,6.986634,6.316994,6.073246,4.622972,3.768639,3.111877,2.385733,1.970807,1.399551,2.324226,5.698773,6.497697,6.510893,5.830326,5.077476,4.288246,3.330694,1.770862,2.253716,2.641912,3.115395,4.684736,6.748073
Togo,TGO,Credit card (% age 15+),GFDD.AI.20,..,..,..,..,..,..,..,..,..,..,..,..,..,..,..,..,..,..,..,..,..,..,..,..,..,..,..,..,..,..,..,..,..,..,..,..,..,..,..,..,..,..,..,..,..,..,..,..,..,..,..,1.049148,..,..,0.5209802,..,..,3.512463,..,..,..,1.520405
Togo,TGO,Credit to government and state-owned enterprises to GDP (%),GFDD.EI.08,..,..,..,..,..,..,..,..,..,..,..,..,..,..,..,..,..,..,..,..,1.479203,1.145898,1.002522,0.8420758,0.5798715,0.1753202,0.2059552,0.174854,0.2239829,0.3136084,0.2779019,0.2371814,0.3710459,0.4160986,1.768774,1.478832,1.776119,1.614686,1.613053,1.301947,1.021185,2.661886,2.786245,2.467464,5.208176,6.296704,6.763704,2.800028,8.754283,9.200985,9.354149,8.083114,9.612185,10.25597,12.34538,10.79762,12.77015,16.18678,20.10098,21.10756,18.8669,..
Togo,TGO,Credit flows by fintech and bigtech companies to GDP (%),GFDD.DM.16,..,..,..,..,..,..,..,..,..,..,..,..,..,..,..,..,..,..,..,..,..,..,..,..,..,..,..,..,..,..,..,..,..,..,..,..,..,..,..,..,..,..,..,..,..,..,..,..,..,..,..,..,..,0,0,0,0,0,0,0,..,..
Togo,TGO,Deposit money bank assets to deposit money bank assets and central bank assets (%),GFDD.DI.04,..,..,99.07121,99.17582,98.50188,..,..,97.97826,99.82229,..,..,..,99.96924,99.99239,99.93753,91.02953,92.80576,87.4645,82.98283,82.13082,84.30637,75.03934,76.23039,68.75768,68.45179,63.37684,67.80972,69.47977,70.36512,70.98738,70.60796,74.15834,73.80591,71.98483,69.6248,66.75245,69.06253,72.2849,69.99503,70.31744,70.29802,72.02303,74.89447,81.25195,86.50335,90.40692,91.98897,94.52638,92.81483,85.29377,83.83435,84.75193,87.5104,89.3166,91.6876,93.49186,95.76198,94.8707,94.15344,93.18723,89.69524,85.52377
Togo,TGO,Insurance company assets to GDP (%),GFDD.DI.11,..,..,..,..,..,..,..,..,..,..,..,..,..,..,..,..,..,..,..,..,..,..,..,..,..,..,..,..,..,..,..,..,..,..,..,..,..,..,..,..,1.4957251,1.523025,..,..,1.7549044,1.9292545,1.8860946,1.7447913,1.5773429,2.2763895,2.577425,3.0292368,3.264228,3.5448942,3.8690399,3.8294935,3.743185,3.9240098,4.2378232,..,..,..
Togo,TGO,Gross portfolio debt assets to GDP (%),GFDD.DM.11,..,..,..,..,..,..,..,..,..,..,..,..,..,..,..,..,..,..,..,..,..,..,..,..,..,..,..,..,..,..,..,..,..,..,..,..,..,..,..,0.4376675,0.4340549,2.651834,2.7587,2.66833,4.205678,3.9499,4.232737,3.736386,3.457819,3.363364,3.9168,8.224034,8.580622,6.486273,12.43253,10.84601,22.04897,22.68379,22.65954,24.84814,..,..
Togo,TGO,Liquid liabilities to GDP (%),GFDD.DI.05,..,..,11.35802,11.11111,11.13022,11.87364,11.09228,12.22807,14.29549,16.51008,18.0627,17.88594,16.42907,17.56513,22.58562,21.37415,27.84527,25.17173,34.91613,35.0738,30.22491,38.45889,43.39667,40.35675,43.36425,41.80993,45.04273,43.63745,35.13744,33.80984,36.0501,36.47075,30.16565,32.43671,29.96439,30.58327,24.9706,22.5221,21.05509,22.02133,23.26793,22.09095,19.76352,21.1911,25.79738,26.07082,31.3349,35.26957,35.84811,38.80376,42.25584,45.41658,45.73066,45.35186,48.43481,53.22972,39.71268,42.04903,43.08395,42.03796,45.43344,47.56099
Tonga,TON,Account at a formal financial institution (% age 15+),GFDD.AI.05,..,..,..,..,..,..,..,..,..,..,..,..,..,..,..,..,..,..,..,..,..,..,..,..,..,..,..,..,..,..,..,..,..,..,..,..,..,..,..,..,..,..,..,..,..,..,..,..,..,..,..,..,..,..,..,..,..,..,..,..,..,..
Tonga,TON,"Bank accounts per 1,000 adults",GFDD.AI.01,..,..,..,..,..,..,..,..,..,..,..,..,..,..,..,..,..,..,..,..,..,..,..,..,..,..,..,..,..,..,..,..,..,..,..,..,..,..,..,..,..,..,..,..,..,..,..,..,..,..,..,..,..,..,..,..,988.90076,1120.3609,761.2153,..,..,..
Tonga,TON,Bank deposits to GDP (%),GFDD.OI.02,..,..,..,..,..,..,..,..,..,..,..,..,..,..,..,15.15389,20.10676,26.25792,23.9251,24.49755,24.24476,21.6587,22.61697,24.40237,25.29675,27.89832,27.74527,29.37747,26.20152,26.09557,28.91217,28.04121,24.61953,30.1033,23.64856,24.20335,24.94612,27.20422,29.47201,29.79921,33.57934,36.42807,35.15942,36.01442,38.35993,43.67176,39.78605,44.65928,40.78145,40.93316,39.91676,36.34166,39.07693,40.78899,43.07555,46.79543,48.49086,48.27801,49.58755,46.06188,54.26947,..
Tonga,TON,Central bank assets to GDP (%),GFDD.DI.06,..,..,..,..,..,..,..,..,..,..,..,..,..,..,..,..,..,..,..,..,..,..,..,..,..,..,..,..,..,3.986999,8.916389,6.071337,5.649852,5.862159,3.67772,2.069277,1.987897,2.00227,1.909596,1.713886,1.900066,2.470929,3.039748,4.090197,2.103144,3.200725,2.826915,2.678143,..,..,..,..,0.033103,0.0218925,0.121305,0.1823267,0.1870841,0.1509033,0.2045037,0.3537709,0.3787638,..
Tonga,TON,Credit card (% age 15+),GFDD.AI.20,..,..,..,..,..,..,..,..,..,..,..,..,..,..,..,..,..,..,..,..,..,..,..,..,..,..,..,..,..,..,..,..,..,..,..,..,..,..,..,..,..,..,..,..,..,..,..,..,..,..,..,..,..,..,..,..,..,..,..,..,..,..
Tonga,TON,Credit to government and state-owned enterprises to GDP (%),GFDD.EI.08,..,..,..,..,..,..,..,..,..,..,..,..,..,..,..,..,..,..,..,..,0.3206747,0.6282308,0.5563743,0.5036998,0.4651654,0.3959315,0.154907,0.1355104,1.927587,2.631664,2.011366,4.11401,4.032592,3.758391,4.661305,5.310504,5.155961,5.128814,4.996757,4.447369,4.424489,4.674478,4.361072,5.540801,5.70745,3.330625,1.54804,1.498411,3.007226,3.468475,5.668193,4.037536,4.316298,6.805099,7.917536,7.626595,7.426413,7.466776,7.776046,7.691442,8.177268,..
Tonga,TON,Credit flows by fintech and bigtech companies to GDP (%),GFDD.DM.16,..,..,..,..,..,..,..,..,..,..,..,..,..,..,..,..,..,..,..,..,..,..,..,..,..,..,..,..,..,..,..,..,..,..,..,..,..,..,..,..,..,..,..,..,..,..,..,..,..,..,..,..,..,..,..,..,..,..,..,..,..,..
Tonga,TON,Deposit money bank assets to deposit money bank assets and central bank assets (%),GFDD.DI.04,..,..,..,..,..,..,..,..,..,..,..,..,..,..,..,..,..,..,..,..,..,..,..,..,..,..,..,..,..,91.41252,81.85677,86.00777,86.18095,86.1991,90.48647,95.17497,95.3485,95.78809,96.11681,96.10172,95.9392,94.96468,94.09386,92.46318,95.65556,94.61018,94.62789,95.48135,..,..,..,..,99.90527,99.94161,99.69291,99.56288,99.58279,99.66805,99.56878,99.22132,99.20044,..
Tonga,TON,Insurance company assets to GDP (%),GFDD.DI.11,..,..,..,..,..,..,..,..,..,..,..,..,..,..,..,..,..,..,..,..,..,..,..,..,..,..,..,..,..,..,..,..,..,..,..,..,..,..,..,..,..,..,..,..,..,..,..,..,..,..,..,..,..,..,..,..,..,..,..,..,..,..
Tonga,TON,Gross portfolio debt assets to GDP (%),GFDD.DM.11,..,..,..,..,..,..,..,..,..,..,..,..,..,..,..,..,..,..,..,..,..,..,..,..,..,..,..,..,..,..,..,..,..,..,..,..,..,..,..,..,..,..,..,..,..,..,..,..,..,..,..,..,..,..,..,..,..,..,..,..,..,..
Tonga,TON,Liquid liabilities to GDP (%),GFDD.DI.05,..,..,..,..,..,..,..,..,..,..,..,..,..,..,..,..,..,..,..,..,..,..,..,..,..,..,..,..,..,30.48231,33.45973,32.19903,28.47943,34.22184,26.48762,26.96125,27.44972,29.5864,32.29863,32.79404,36.52032,39.57806,38.15089,39.18398,41.99229,47.69378,43.44905,48.41716,44.5261,44.86313,43.9286,40.29827,43.24722,45.54188,48.60497,53.01741,54.91709,55.08375,56.39577,51.73713,62.65209,..
Trinidad and Tobago,TTO,Account at a formal financial institution (% age 15+),GFDD.AI.05,..,..,..,..,..,..,..,..,..,..,..,..,..,..,..,..,..,..,..,..,..,..,..,..,..,..,..,..,..,..,..,..,..,..,..,..,..,..,..,..,..,..,..,..,..,..,..,..,..,..,..,75.92206,..,..,..,..,..,80.78335,..,..,..,..
Trinidad and Tobago,TTO,"Bank accounts per 1,000 adults",GFDD.AI.01,..,..,..,..,..,..,..,..,..,..,..,..,..,..,..,..,..,..,..,..,..,..,..,..,..,..,..,..,..,..,..,..,..,..,..,..,..,..,..,..,..,..,..,..,..,..,..,..,..,..,..,..,..,..,..,..,..,..,..,..,..,..
Trinidad and Tobago,TTO,Bank deposits to GDP (%),GFDD.OI.02,18.02245,18.62786,18.13132,19.68695,17.87121,18.01695,20.47231,20.61311,20.64831,23.39579,26.28825,30.35009,30.82873,28.9798,23.23324,23.58635,27.6841,28.26173,30.94531,30.81352,25.59602,29.34748,33.88391,37.96973,40.54573,42.42322,42.78679,44.48934,44.8707,45.11076,40.80645,40.00736,36.26941,39.08608,39.06256,37.50438,42.55841,45.5674,48.16962,44.23719,42.10254,42.28934,43.36959,33.47007,33.31993,35.18206,37.09148,34.51436,31.49738,59.14153,50.32195,44.37785,49.85661,49.23837,53.07526,59.40196,65.43884,60.61622,60.97414,64.08949,75.56866,76.92672
Trinidad and Tobago,TTO,Central bank assets to GDP (%),GFDD.DI.06,0.6098229,0.5584369,0.5274565,0.481638,0.4588664,0.5939653,1.829612,0.1963153,1.792068,2.970996,2.646468,1.309994,2.674993,3.602357,0.4913302,0.2188638,0.183893,0.3265718,0.3918312,0.1593366,0.5726313,0.2705441,0.1985975,0.4132453,0.9324811,1.21742,7.858054,9.144279,12.31472,13.28471,11.51493,12.4396,14.05652,8.607711,5.262403,3.424288,1.425044,3.194118,2.865301,2.972018,2.200826,2.362355,2.538174,2.010472,1.42155,2.378847,2.302182,1.453232,1.358314,0.7881333,16.40323,16.04305,19.58674,21.34456,23.97342,30.42947,26.72384,30.09475,32.47161,26.40426,31.38659,32.1816
Trinidad and Tobago,TTO,Credit card (% age 15+),GFDD.AI.20,..,..,..,..,..,..,..,..,..,..,..,..,..,..,..,..,..,..,..,..,..,..,..,..,..,..,..,..,..,..,..,..,..,..,..,..,..,..,..,..,..,..,..,..,..,..,..,..,..,..,..,15.34499,..,..,..,..,..,15.96163,..,..,..,..
Trinidad and Tobago,TTO,Credit to government and state-owned enterprises to GDP (%),GFDD.EI.08,..,..,..,..,..,..,..,..,..,..,..,..,..,..,..,..,..,..,..,..,2.959178,4.286957,5.441015,8.424003,6.333996,7.39784,8.255435,12.9931,13.44189,11.09941,8.74341,6.662725,5.351319,6.114666,4.290248,7.853838,8.140779,12.74735,8.262296,7.57922,5.282937,9.851496,10.61665,9.308487,8.208081,10.80088,7.483182,7.00492,5.982139,15.22817,14.93387,12.27165,15.25219,14.11086,16.61795,17.95815,22.10138,19.59271,19.18178,17.15744,21.15838,..
Trinidad and Tobago,TTO,Credit flows by fintech and bigtech companies to GDP (%),GFDD.DM.16,..,..,..,..,..,..,..,..,..,..,..,..,..,..,..,..,..,..,..,..,..,..,..,..,..,..,..,..,..,..,..,..,..,..,..,..,..,..,..,..,..,..,..,..,..,..,..,..,..,..,..,..,..,..,..,..,..,..,..,..,..,..
Trinidad and Tobago,TTO,Deposit money bank assets to deposit money bank assets and central bank assets (%),GFDD.DI.04,93.88646,94.84821,95.98279,96.14059,96.68639,96.00426,89.77937,98.91936,90.9454,87.51685,90.02065,95.40047,91.85822,88.9398,97.61601,98.91059,99.21288,98.74898,98.71169,99.42246,97.772,99.06113,99.35483,98.95169,97.66927,97.03645,84.45163,84.19494,79.51792,77.1826,77.08652,76.50457,73.40318,81.56857,85.23541,91.21638,96.23701,93.50198,93.84605,93.3193,94.41532,94.22514,93.99926,94.07592,95.74999,93.57516,93.717,95.91987,95.63406,98.37109,72.6267,70.45377,69.01668,66.27884,65.79159,63.32064,69.41341,65.62811,64.14484,68.70467,68.22643,68.3902
Trinidad and Tobago,TTO,Insurance company assets to GDP (%),GFDD.DI.11,..,..,..,..,..,..,..,..,..,..,..,..,..,..,..,..,..,..,..,..,..,..,..,..,..,..,..,..,..,..,..,..,..,..,..,..,..,..,..,..,19.577718,23.368943,27.996349,27.14573,30.933512,..,..,12.462192,9.6357192,15.110063,13.944627,12.964335,13.956166,14.114764,14.819252,17.028629,19.857591,20.826869,20.207857,21.886735,24.224907,..
Trinidad and Tobago,TTO,Gross portfolio debt assets to GDP (%),GFDD.DM.11,..,..,..,..,..,..,..,..,..,..,..,..,..,..,..,..,..,..,..,..,..,..,..,..,..,..,..,..,..,..,..,..,..,..,..,..,..,..,..,..,..,..,..,..,..,..,..,..,..,..,..,13.76454,16.88275,19.82537,22.44194,29.17862,31.5314,31.71953,30.32564,33.72767,32.21822,..
Trinidad and Tobago,TTO,Liquid liabilities to GDP (%),GFDD.DI.05,23.08615,23.74354,22.25678,23.51426,21.73879,21.61242,24.51842,24.44881,24.38398,27.20739,30.68097,35.01395,35.64977,32.90188,26.24505,28.68195,33.44586,34.45854,38.76342,38.40589,32.7377,37.87834,44.52369,51.29815,56.48736,59.78522,58.81644,60.54195,61.44305,60.3064,54.63166,53.45885,50.02522,53.18947,51.67015,50.02855,53.87151,57.39127,62.65128,59.23399,54.07042,55.23367,54.9944,43.48935,43.14367,43.8761,46.35809,42.77776,39.13158,67.12647,53.81471,47.00579,55.85311,54.33962,57.81663,64.47935,71.36366,67.51321,66.55465,68.45198,81.91619,83.20126
Tunisia,TUN,Account at a formal financial institution (% age 15+),GFDD.AI.05,..,..,..,..,..,..,..,..,..,..,..,..,..,..,..,..,..,..,..,..,..,..,..,..,..,..,..,..,..,..,..,..,..,..,..,..,..,..,..,..,..,..,..,..,..,..,..,..,..,..,..,..,..,..,27.26323,..,..,36.81644,..,..,..,35.71186
Tunisia,TUN,"Bank accounts per 1,000 adults",GFDD.AI.01,..,..,..,..,..,..,..,..,..,..,..,..,..,..,..,..,..,..,..,..,..,..,..,..,..,..,..,..,..,..,..,..,..,..,..,..,..,..,..,..,..,..,..,..,..,620.25646,615.16709,627.49865,644.26851,671.405,700.51009,752.70709,805.81715,836.28826,867.53825,951.83833,990.82512,1032.7328,1068.7014,..,..,..
Tunisia,TUN,Bank deposits to GDP (%),GFDD.OI.02,..,..,..,..,..,20.40899,21.70613,22.41772,22.71586,23.19979,23.25688,24.49194,23.52478,26.45523,25.36568,28.05116,29.15815,29.06,31.1492,31.70675,31.4559,32.15685,32.41553,32.21078,32.0732,33.68997,35.30466,36.58675,41.34815,43.91219,41.20787,38.51156,36.80674,37.18865,37.68892,36.69707,37.27398,37.07632,36.09768,38.78909,41.28507,42.43946,42.75777,42.53461,43.10186,43.85413,44.86751,46.69416,48.60355,51.57341,51.36544,52.76927,53.86591,53.45898,53.31404,52.81844,53.91339,55.58889,45.14317,45.53676,52.96856,51.4492
Tunisia,TUN,Central bank assets to GDP (%),GFDD.DI.06,..,..,..,..,..,8.979628,9.111254,8.034035,7.0817,7.42026,6.586951,5.693373,4.655082,4.221663,3.083279,2.713794,2.466788,2.114011,2.10089,1.563142,1.338907,1.151442,1.5184,1.046224,0.8669297,0.7115684,0.8653567,0.8857915,0.5657114,0.5639058,0.5938127,0.7925313,0.8549082,0.8327355,0.5902882,0.4977598,0.5423338,0.2540208,0.4013775,0.3764174,0.5338221,0.5427324,0.4680559,0.2152098,0.246727,0.2014028,0.5154446,0.2093302,0.1959244,0.1668739,0.1261953,0.1247169,0.8078241,1.171066,0.5999696,0.1647672,0.8817936,0.9995834,1.68322,1.813991,5.420606,4.670965
Tunisia,TUN,Credit card (% age 15+),GFDD.AI.20,..,..,..,..,..,..,..,..,..,..,..,..,..,..,..,..,..,..,..,..,..,..,..,..,..,..,..,..,..,..,..,..,..,..,..,..,..,..,..,..,..,..,..,..,..,..,..,..,..,..,..,..,..,..,6.827165,..,..,7.129961,..,..,..,2.384404
Tunisia,TUN,Credit to government and state-owned enterprises to GDP (%),GFDD.EI.08,..,..,..,..,..,..,..,..,..,..,..,..,..,..,..,..,..,..,..,..,5.265714,5.377813,5.408173,5.369679,5.752905,6.493425,7.302948,7.141531,6.868659,6.800421,6.441951,6.037417,3.564398,3.348697,3.153968,1.83509,1.405937,2.973439,2.239855,3.46049,5.304552,7.644661,7.202538,7.512429,8.412499,8.26282,8.27321,8.982554,8.783126,9.416412,10.43762,11.89959,11.0368,10.86859,11.77563,13.00537,14.1409,15.59882,14.53753,16.1911,22.33403,..
Tunisia,TUN,Credit flows by fintech and bigtech companies to GDP (%),GFDD.DM.16,..,..,..,..,..,..,..,..,..,..,..,..,..,..,..,..,..,..,..,..,..,..,..,..,..,..,..,..,..,..,..,..,..,..,..,..,..,..,..,..,..,..,..,..,..,..,..,..,..,..,..,..,..,..,..,..,..,..,..,..,..,..
Tunisia,TUN,Deposit money bank assets to deposit money bank assets and central bank assets (%),GFDD.DI.04,..,..,..,..,..,79.08058,80.48076,83.10577,84.68748,84.00217,85.21804,86.24767,88.24952,90.14795,92.23631,93.85834,94.55862,95.45894,95.55871,96.50301,97.0108,97.66115,97.15481,98.06797,98.40452,98.76129,98.58308,98.49162,99.04881,99.15719,99.05322,98.70377,98.5452,98.57442,98.97952,99.12496,98.94132,99.48334,99.18304,99.25202,99.09882,99.13467,99.25704,99.6562,99.61271,99.6842,99.18653,99.67384,99.70353,99.75642,99.82564,99.84451,98.98633,98.54479,99.26369,99.80084,98.98418,98.91003,97.86729,97.62068,94.31913,94.88238
Tunisia,TUN,Insurance company assets to GDP (%),GFDD.DI.11,..,..,..,..,..,..,..,..,..,..,..,..,..,..,..,..,..,..,..,..,..,..,..,..,..,..,..,..,..,..,..,..,..,..,..,..,..,..,..,..,..,0.43970339,0.52955517,0.62804611,0.63135806,0.60404576,0.59742724,0.58338096,0.8003879,0.88978344,0.88812059,4.4774407,4.4319877,3.8427489,4.5622665,4.8805517,5.0537283,5.0791133,..,..,..,..
Tunisia,TUN,Gross portfolio debt assets to GDP (%),GFDD.DM.11,..,..,..,..,..,..,..,..,..,..,..,..,..,..,..,..,..,..,..,..,..,..,..,..,..,..,..,..,..,..,..,..,..,..,..,..,..,..,..,..,..,..,..,..,..,..,..,..,..,..,..,..,..,..,..,..,..,..,..,..,..,..
Tunisia,TUN,Liquid liabilities to GDP (%),GFDD.DI.05,..,..,..,..,..,31.85393,34.30503,34.96316,35.21813,35.20688,34.40193,35.74603,34.96834,39.31877,38.15984,42.51498,44.51464,44.63625,47.4249,46.98755,45.48426,47.55375,49.5133,49.1545,48.68184,50.46434,52.80891,47.44887,51.7373,53.95196,51.49614,48.98956,49.00165,48.94213,48.98391,48.41747,48.99413,47.15489,46.52463,50.402,52.36296,53.89935,54.55374,53.9096,53.70141,54.95982,55.95304,57.81222,59.84559,63.6546,63.27806,67.52296,66.72764,66.51412,66.70938,66.96305,68.0222,70.7145,60.56416,61.4707,71.73914,69.77576
Turkey,TUR,Account at a formal financial institution (% age 15+),GFDD.AI.05,..,..,..,..,..,..,..,..,..,..,..,..,..,..,..,..,..,..,..,..,..,..,..,..,..,..,..,..,..,..,..,..,..,..,..,..,..,..,..,..,..,..,..,..,..,..,..,..,..,..,..,57.60143,..,..,56.51256,..,..,67.66003,..,..,..,73.36633
Turkey,TUR,"Bank accounts per 1,000 adults",GFDD.AI.01,..,..,..,..,..,..,..,..,..,..,..,..,..,..,..,..,..,..,..,..,..,..,..,..,..,..,..,..,..,..,..,..,..,..,..,..,..,..,..,..,..,..,..,..,..,1412.7087,1418.9568,1391.8983,1298.9977,1281.2727,881.63379,910.75341,919.74224,977.1536,966.15674,1031.0095,1208.1413,1345.6486,1463.0276,1593.9414,1872.5851,..
Turkey,TUR,Bank deposits to GDP (%),GFDD.OI.02,8.928047,9.388039,9.215442,9.238197,9.880715,11.82915,12.80536,13.04688,14.70222,14.71062,25.00356,26.22969,27.67554,28.28297,25.66983,26.06423,25.11431,25.6607,14.78987,13.74871,13.45534,18.03125,21.57565,20.92652,21.48192,21.3942,24.98155,26.09315,24.78415,23.51636,20.65697,24.23825,24.88518,22.40221,28.92355,29.58171,34.20695,34.6412,26.52432,36.31572,31.60902,41.55004,36.65332,31.77662,31.02407,35.97021,37.29372,38.88065,43.16295,48.2723,48.96656,46.36352,45.07828,47.20433,46.48883,47.30321,49.91357,48.76577,48.97559,54.48996,63.14733,68.56544
Turkey,TUR,Central bank assets to GDP (%),GFDD.DI.06,5.756241,8.178025,7.820673,7.864807,7.614314,7.864438,7.557132,7.443182,7.009524,7.071918,7.194402,8.328144,7.45194,6.120464,6.267247,8.330337,9.752933,14.38583,13.08736,13.42187,14.21986,14.02872,13.45514,12.37469,17.85826,17.02697,8.435707,6.486585,4.461228,2.597615,1.435098,2.79445,4.427439,5.294432,5.552703,6.477732,5.300565,3.303912,1.153315,0.8564996,0.8843836,14.03459,8.542157,5.948792,3.99672,2.872241,2.372499,1.91472,1.367411,1.099367,0.8925736,0.7613817,0.7075024,0.6664521,0.6061414,0.5381972,0.6969613,0.6314281,0.544704,0.6120955,1.956688,2.424553
Turkey,TUR,Credit card (% age 15+),GFDD.AI.20,..,..,..,..,..,..,..,..,..,..,..,..,..,..,..,..,..,..,..,..,..,..,..,..,..,..,..,..,..,..,..,..,..,..,..,..,..,..,..,..,..,..,..,..,..,..,..,..,..,..,..,45.08458,..,..,32.82475,..,..,41.59845,..,..,..,32.60971
Turkey,TUR,Credit to government and state-owned enterprises to GDP (%),GFDD.EI.08,..,..,..,..,..,..,..,..,..,..,..,..,..,..,..,..,..,..,..,..,9.839234,8.315834,9.069223,7.789555,7.414614,9.567609,9.189632,10.9994,10.41118,9.414453,7.565889,8.149693,7.532679,7.550819,7.560552,6.50652,10.53152,11.17677,12.21859,22.87067,21.56034,25.8647,25.61942,23.87355,21.52854,23.43226,20.35075,19.68715,20.29647,26.93737,24.76057,19.13424,16.88787,14.46758,13.52254,13.14456,12.7253,12.56234,13.79788,16.98972,22.01225,..
Turkey,TUR,Credit flows by fintech and bigtech companies to GDP (%),GFDD.DM.16,..,..,..,..,..,..,..,..,..,..,..,..,..,..,..,..,..,..,..,..,..,..,..,..,..,..,..,..,..,..,..,..,..,..,..,..,..,..,..,..,..,..,..,..,..,..,..,..,..,..,..,..,..,0,0,0,0,0,0,0,..,..
Turkey,TUR,Deposit money bank assets to deposit money bank assets and central bank assets (%),GFDD.DI.04,79.19321,67.44186,70.03817,69.39457,70.86344,72.21129,73.75478,74.58161,76.88926,77.94981,81.06762,77.61568,80.07745,83.22004,82.46266,79.35395,78.16372,70.90711,68.25716,63.3264,58.91042,62.03972,65.95258,68.6643,57.80967,60.18933,77.37171,82.9603,86.14642,90.9326,94.41058,90.06004,85.1932,82.90379,80.88836,79.41647,86.28939,91.89845,96.17391,97.85459,97.77213,74.39577,82.28368,86.42853,90.50607,93.95676,94.99966,96.14108,97.39839,98.243,98.67282,98.84735,98.93331,99.0725,99.17828,99.29443,99.11448,99.20204,99.29729,99.22942,97.93793,97.34333
Turkey,TUR,Insurance company assets to GDP (%),GFDD.DI.11,..,..,..,..,..,..,..,..,..,..,..,..,..,..,..,..,..,..,..,..,..,..,..,..,..,..,..,..,..,..,..,..,..,..,..,1.0899741,1.3217542,1.4520273,1.0734996,1.6103077,1.5483983,1.6368524,1.4996339,1.5986129,1.6813026,2.1278081,2.196533,2.4865233,1.4368622,1.6071807,3.0077133,2.9098296,3.2143956,3.4234489,3.8458434,4.0653657,4.5409233,4.7479003,4.6431515,5.3666359,5.6598872,..
Turkey,TUR,Gross portfolio debt assets to GDP (%),GFDD.DM.11,..,..,..,..,..,..,..,..,..,..,..,..,..,..,..,..,..,..,..,..,..,..,..,..,..,..,..,..,..,..,..,..,..,..,..,..,..,..,..,..,..,0.2463407,0.3180034,0.6023608,0.1985984,0.124231,0.5315253,0.2832732,0.2440135,0.2599765,0.2391349,0.1753726,0.1131104,0.0669243,0.1077818,0.1129219,0.0904927,0.0820733,0.0978835,0.1409983,0.116373,..
Turkey,TUR,Liquid liabilities to GDP (%),GFDD.DI.05,14.69897,15.27121,14.94396,14.59227,15.93439,17.68802,18.47124,19.25426,19.82857,20.86187,22.67328,23.54062,24.88551,25.38242,23.41751,23.05693,22.28474,23.23715,21.18478,19.50887,18.03386,22.48836,25.59554,25.0507,25.13286,24.44558,27.89643,29.23801,27.9064,26.81544,23.74023,27.08993,27.81157,25.19699,31.60052,32.15609,36.58959,37.07526,28.13243,38.0749,33.53152,43.58424,38.63881,33.90523,33.17869,38.60683,40.31871,41.64506,41.92469,46.94943,47.17281,44.94807,43.5291,45.27917,44.84821,45.46267,47.57592,46.36628,46.70411,52.4076,60.91684,66.23836
Turkmenistan,TKM,Account at a formal financial institution (% age 15+),GFDD.AI.05,..,..,..,..,..,..,..,..,..,..,..,..,..,..,..,..,..,..,..,..,..,..,..,..,..,..,..,..,..,..,..,..,..,..,..,..,..,..,..,..,..,..,..,..,..,..,..,..,..,..,..,0.4049115,..,..,..,..,..,40.57641,..,..,..,..
Turkmenistan,TKM,"Bank accounts per 1,000 adults",GFDD.AI.01,..,..,..,..,..,..,..,..,..,..,..,..,..,..,..,..,..,..,..,..,..,..,..,..,..,..,..,..,..,..,..,..,..,..,..,..,..,..,..,..,..,..,..,..,..,..,..,..,..,..,..,..,..,..,..,..,..,..,..,..,..,..
Turkmenistan,TKM,Bank deposits to GDP (%),GFDD.OI.02,..,..,..,..,..,..,..,..,..,..,..,..,..,..,..,..,..,..,..,..,..,..,..,..,..,..,..,..,..,..,..,..,..,..,..,..,..,..,..,..,..,..,..,..,..,..,..,..,..,..,..,..,..,..,..,..,..,..,..,..,..,..
Turkmenistan,TKM,Central bank assets to GDP (%),GFDD.DI.06,..,..,..,..,..,..,..,..,..,..,..,..,..,..,..,..,..,..,..,..,..,..,..,..,..,..,..,..,..,..,..,..,..,..,..,..,..,..,..,..,..,..,..,..,..,..,..,..,..,..,..,..,..,..,..,..,..,..,..,..,..,..
Turkmenistan,TKM,Credit card (% age 15+),GFDD.AI.20,..,..,..,..,..,..,..,..,..,..,..,..,..,..,..,..,..,..,..,..,..,..,..,..,..,..,..,..,..,..,..,..,..,..,..,..,..,..,..,..,..,..,..,..,..,..,..,..,..,..,..,0,..,..,..,..,..,0,..,..,..,..
Turkmenistan,TKM,Credit to government and state-owned enterprises to GDP (%),GFDD.EI.08,..,..,..,..,..,..,..,..,..,..,..,..,..,..,..,..,..,..,..,..,..,..,..,..,..,..,..,..,..,..,..,..,..,..,..,..,..,..,..,..,..,..,..,..,..,..,..,..,..,..,..,..,..,..,..,..,..,..,..,..,..,..
Turkmenistan,TKM,Credit flows by fintech and bigtech companies to GDP (%),GFDD.DM.16,..,..,..,..,..,..,..,..,..,..,..,..,..,..,..,..,..,..,..,..,..,..,..,..,..,..,..,..,..,..,..,..,..,..,..,..,..,..,..,..,..,..,..,..,..,..,..,..,..,..,..,..,..,..,..,..,..,..,..,..,..,..
Turkmenistan,TKM,Deposit money bank assets to deposit money bank assets and central bank assets (%),GFDD.DI.04,..,..,..,..,..,..,..,..,..,..,..,..,..,..,..,..,..,..,..,..,..,..,..,..,..,..,..,..,..,..,..,..,..,..,..,..,..,..,..,..,..,..,..,..,..,..,..,..,..,..,..,..,..,..,..,..,..,..,..,..,..,..
Turkmenistan,TKM,Insurance company assets to GDP (%),GFDD.DI.11,..,..,..,..,..,..,..,..,..,..,..,..,..,..,..,..,..,..,..,..,..,..,..,..,..,..,..,..,..,..,..,..,..,..,..,..,..,..,..,..,..,..,..,..,..,..,..,..,..,..,..,..,..,..,..,..,..,..,..,..,..,..
Turkmenistan,TKM,Gross portfolio debt assets to GDP (%),GFDD.DM.11,..,..,..,..,..,..,..,..,..,..,..,..,..,..,..,..,..,..,..,..,..,..,..,..,..,..,..,..,..,..,..,..,..,..,..,..,..,..,..,..,..,..,..,..,..,..,..,..,..,..,..,..,..,..,..,..,..,..,..,..,..,..
Turkmenistan,TKM,Liquid liabilities to GDP (%),GFDD.DI.05,..,..,..,..,..,..,..,..,..,..,..,..,..,..,..,..,..,..,..,..,..,..,..,..,..,..,..,..,..,..,..,..,..,..,..,..,..,..,..,..,..,..,..,..,..,..,..,..,..,..,..,..,..,..,..,..,..,..,..,..,..,..
Turks and Caicos Islands,TCA,Account at a formal financial institution (% age 15+),GFDD.AI.05,..,..,..,..,..,..,..,..,..,..,..,..,..,..,..,..,..,..,..,..,..,..,..,..,..,..,..,..,..,..,..,..,..,..,..,..,..,..,..,..,..,..,..,..,..,..,..,..,..,..,..,..,..,..,..,..,..,..,..,..,..,..
Turks and Caicos Islands,TCA,"Bank accounts per 1,000 adults",GFDD.AI.01,..,..,..,..,..,..,..,..,..,..,..,..,..,..,..,..,..,..,..,..,..,..,..,..,..,..,..,..,..,..,..,..,..,..,..,..,..,..,..,..,..,..,..,..,..,..,..,..,..,..,..,..,..,..,..,..,..,..,..,..,..,..
Turks and Caicos Islands,TCA,Bank deposits to GDP (%),GFDD.OI.02,..,..,..,..,..,..,..,..,..,..,..,..,..,..,..,..,..,..,..,..,..,..,..,..,..,..,..,..,..,..,..,..,..,..,..,..,..,..,..,..,..,..,..,..,..,..,..,..,..,..,..,..,..,..,..,..,..,..,..,..,..,..
Turks and Caicos Islands,TCA,Central bank assets to GDP (%),GFDD.DI.06,..,..,..,..,..,..,..,..,..,..,..,..,..,..,..,..,..,..,..,..,..,..,..,..,..,..,..,..,..,..,..,..,..,..,..,..,..,..,..,..,..,..,..,..,..,..,..,..,..,..,..,..,..,..,..,..,..,..,..,..,..,..
Turks and Caicos Islands,TCA,Credit card (% age 15+),GFDD.AI.20,..,..,..,..,..,..,..,..,..,..,..,..,..,..,..,..,..,..,..,..,..,..,..,..,..,..,..,..,..,..,..,..,..,..,..,..,..,..,..,..,..,..,..,..,..,..,..,..,..,..,..,..,..,..,..,..,..,..,..,..,..,..
Turks and Caicos Islands,TCA,Credit to government and state-owned enterprises to GDP (%),GFDD.EI.08,..,..,..,..,..,..,..,..,..,..,..,..,..,..,..,..,..,..,..,..,..,..,..,..,..,..,..,..,..,..,..,..,..,..,..,..,..,..,..,..,..,..,..,..,..,..,..,..,..,..,..,..,..,..,..,..,..,..,..,..,..,..
Turks and Caicos Islands,TCA,Credit flows by fintech and bigtech companies to GDP (%),GFDD.DM.16,..,..,..,..,..,..,..,..,..,..,..,..,..,..,..,..,..,..,..,..,..,..,..,..,..,..,..,..,..,..,..,..,..,..,..,..,..,..,..,..,..,..,..,..,..,..,..,..,..,..,..,..,..,..,..,..,..,..,..,..,..,..
Turks and Caicos Islands,TCA,Deposit money bank assets to deposit money bank assets and central bank assets (%),GFDD.DI.04,..,..,..,..,..,..,..,..,..,..,..,..,..,..,..,..,..,..,..,..,..,..,..,..,..,..,..,..,..,..,..,..,..,..,..,..,..,..,..,..,..,..,..,..,..,..,..,..,..,..,..,..,..,..,..,..,..,..,..,..,..,..
Turks and Caicos Islands,TCA,Insurance company assets to GDP (%),GFDD.DI.11,..,..,..,..,..,..,..,..,..,..,..,..,..,..,..,..,..,..,..,..,..,..,..,..,..,..,..,..,..,..,..,..,..,..,..,..,..,..,..,..,..,..,..,..,..,..,..,..,..,..,..,..,..,..,..,..,..,..,..,..,..,..
Turks and Caicos Islands,TCA,Gross portfolio debt assets to GDP (%),GFDD.DM.11,..,..,..,..,..,..,..,..,..,..,..,..,..,..,..,..,..,..,..,..,..,..,..,..,..,..,..,..,..,..,..,..,..,..,..,..,..,..,..,..,..,..,..,..,..,..,..,..,..,..,..,..,..,..,..,..,..,..,..,..,..,..
Turks and Caicos Islands,TCA,Liquid liabilities to GDP (%),GFDD.DI.05,..,..,..,..,..,..,..,..,..,..,..,..,..,..,..,..,..,..,..,..,..,..,..,..,..,..,..,..,..,..,..,..,..,..,..,..,..,..,..,..,..,..,..,..,..,..,..,..,..,..,..,..,..,..,..,..,..,..,..,..,..,..
Tuvalu,TUV,Account at a formal financial institution (% age 15+),GFDD.AI.05,..,..,..,..,..,..,..,..,..,..,..,..,..,..,..,..,..,..,..,..,..,..,..,..,..,..,..,..,..,..,..,..,..,..,..,..,..,..,..,..,..,..,..,..,..,..,..,..,..,..,..,..,..,..,..,..,..,..,..,..,..,..
Tuvalu,TUV,"Bank accounts per 1,000 adults",GFDD.AI.01,..,..,..,..,..,..,..,..,..,..,..,..,..,..,..,..,..,..,..,..,..,..,..,..,..,..,..,..,..,..,..,..,..,..,..,..,..,..,..,..,..,..,..,..,..,..,..,..,..,..,..,..,..,..,..,..,..,..,..,..,..,..
Tuvalu,TUV,Bank deposits to GDP (%),GFDD.OI.02,..,..,..,..,..,..,..,..,..,..,..,..,..,..,..,..,..,..,..,..,..,..,..,..,..,..,..,..,..,..,..,..,..,..,..,..,..,..,..,..,..,..,..,..,..,..,..,..,..,..,..,..,..,..,..,..,..,..,..,..,..,..
Tuvalu,TUV,Central bank assets to GDP (%),GFDD.DI.06,..,..,..,..,..,..,..,..,..,..,..,..,..,..,..,..,..,..,..,..,..,..,..,..,..,..,..,..,..,..,..,..,..,..,..,..,..,..,..,..,..,..,..,..,..,..,..,..,..,..,..,..,..,..,..,..,..,..,..,..,..,..
Tuvalu,TUV,Credit card (% age 15+),GFDD.AI.20,..,..,..,..,..,..,..,..,..,..,..,..,..,..,..,..,..,..,..,..,..,..,..,..,..,..,..,..,..,..,..,..,..,..,..,..,..,..,..,..,..,..,..,..,..,..,..,..,..,..,..,..,..,..,..,..,..,..,..,..,..,..
Tuvalu,TUV,Credit to government and state-owned enterprises to GDP (%),GFDD.EI.08,..,..,..,..,..,..,..,..,..,..,..,..,..,..,..,..,..,..,..,..,..,..,..,..,..,..,..,..,..,..,..,..,..,..,..,..,..,..,..,..,..,..,..,..,..,..,..,..,..,..,..,..,..,..,..,..,..,..,..,..,..,..
Tuvalu,TUV,Credit flows by fintech and bigtech companies to GDP (%),GFDD.DM.16,..,..,..,..,..,..,..,..,..,..,..,..,..,..,..,..,..,..,..,..,..,..,..,..,..,..,..,..,..,..,..,..,..,..,..,..,..,..,..,..,..,..,..,..,..,..,..,..,..,..,..,..,..,..,..,..,..,..,..,..,..,..
Tuvalu,TUV,Deposit money bank assets to deposit money bank assets and central bank assets (%),GFDD.DI.04,..,..,..,..,..,..,..,..,..,..,..,..,..,..,..,..,..,..,..,..,..,..,..,..,..,..,..,..,..,..,..,..,..,..,..,..,..,..,..,..,..,..,..,..,..,..,..,..,..,..,..,..,..,..,..,..,..,..,..,..,..,..
Tuvalu,TUV,Insurance company assets to GDP (%),GFDD.DI.11,..,..,..,..,..,..,..,..,..,..,..,..,..,..,..,..,..,..,..,..,..,..,..,..,..,..,..,..,..,..,..,..,..,..,..,..,..,..,..,..,..,..,..,..,..,..,..,..,..,..,..,..,..,..,..,..,..,..,..,..,..,..
Tuvalu,TUV,Gross portfolio debt assets to GDP (%),GFDD.DM.11,..,..,..,..,..,..,..,..,..,..,..,..,..,..,..,..,..,..,..,..,..,..,..,..,..,..,..,..,..,..,..,..,..,..,..,..,..,..,..,..,..,..,..,..,..,..,..,..,..,..,..,..,..,..,..,..,..,..,..,..,..,..
Tuvalu,TUV,Liquid liabilities to GDP (%),GFDD.DI.05,..,..,..,..,..,..,..,..,..,..,..,..,..,..,..,..,..,..,..,..,..,..,..,..,..,..,..,..,..,..,..,..,..,..,..,..,..,..,..,..,..,..,..,..,..,..,..,..,..,..,..,..,..,..,..,..,..,..,..,..,..,..
Uganda,UGA,Account at a formal financial institution (% age 15+),GFDD.AI.05,..,..,..,..,..,..,..,..,..,..,..,..,..,..,..,..,..,..,..,..,..,..,..,..,..,..,..,..,..,..,..,..,..,..,..,..,..,..,..,..,..,..,..,..,..,..,..,..,..,..,..,20.46142,..,..,27.78342,..,..,32.84405,..,..,..,36.56079
Uganda,UGA,"Bank accounts per 1,000 adults",GFDD.AI.01,..,..,..,..,..,..,..,..,..,..,..,..,..,..,..,..,..,..,..,..,..,..,..,..,..,..,..,..,..,..,..,..,..,..,..,..,..,..,..,..,..,..,..,..,90.842861,100.71185,115.9706,113.09083,156.68766,175.43203,194.33924,181.48635,205.20711,190.69884,201.22604,210.23205,252.8463,364.2517,292.26432,290.39552,318.51706,..
Uganda,UGA,Bank deposits to GDP (%),GFDD.OI.02,6.294139,6.766157,6.840073,6.742417,6.939996,7.565685,10.03026,9.77855,11.1026,10.52354,11.99511,10.43762,14.18404,17.08621,18.71077,15.50574,16.26282,9.004807,10.3097,9.127056,8.926732,8.525313,5.798416,5.120473,7.58927,8.423059,8.232365,7.620065,4.909818,4.620583,4.874428,5.98157,6.030097,7.2925,8.792914,8.150677,8.904053,10.16859,11.08257,11.5854,12.24715,12.27034,14.72784,15.16428,13.39696,14.89805,15.04926,16.05008,25.88237,13.14057,14.11487,14.15859,13.25512,19.11358,13.2747,14.82608,15.05768,15.71801,15.52333,16.32868,19.27315,18.62589
Uganda,UGA,Central bank assets to GDP (%),GFDD.DI.06,..,..,..,..,..,..,2.889561,3.357939,2.748988,2.889661,4.41147,7.459251,8.030047,10.68032,11.75248,11.37079,13.32285,7.957532,10.04024,8.650554,10.2689,8.744614,7.611038,26.44834,35.67802,38.46138,18.74825,..,..,..,..,..,29.91049,21.08815,22.44683,21.93596,20.46318,20.71014,21.3618,22.42667,21.0157,12.30458,14.71838,11.80331,11.13882,10.2061,8.92124,10.6545,15.69776,7.029846,7.983971,10.07073,9.422498,13.94872,1.940733,1.376597,1.576039,0.767675,0.3387766,2.06759,2.097094,2.385584
Uganda,UGA,Credit card (% age 15+),GFDD.AI.20,..,..,..,..,..,..,..,..,..,..,..,..,..,..,..,..,..,..,..,..,..,..,..,..,..,..,..,..,..,..,..,..,..,..,..,..,..,..,..,..,..,..,..,..,..,..,..,..,..,..,..,1.630899,..,..,1.646649,..,..,2.319258,..,..,..,3.511737
Uganda,UGA,Credit to government and state-owned enterprises to GDP (%),GFDD.EI.08,..,..,..,..,..,..,..,..,..,..,..,..,..,..,..,..,..,..,..,..,1.56098,2.675401,2.268249,1.230693,0.8816496,1.314356,2.375568,1.611865,0.69717,0.4372943,0.6239477,0.870876,0.8239849,0.9085001,1.406397,1.358636,1.630148,2.728923,2.574652,3.14731,4.08197,4.327327,5.775466,5.2399,4.944186,4.46611,4.060334,4.714905,4.025487,3.865965,4.76772,3.077114,4.01171,4.429569,5.02263,4.356453,4.985374,5.06084,4.87842,5.409965,7.613418,..
Uganda,UGA,Credit flows by fintech and bigtech companies to GDP (%),GFDD.DM.16,..,..,..,..,..,..,..,..,..,..,..,..,..,..,..,..,..,..,..,..,..,..,..,..,..,..,..,..,..,..,..,..,..,..,..,..,..,..,..,..,..,..,..,..,..,..,..,..,..,..,..,..,..,0.0104441,0.0144424,0.0121653,0.0304068,0.1190458,0.4411877,0.9172049,..,..
Uganda,UGA,Deposit money bank assets to deposit money bank assets and central bank assets (%),GFDD.DI.04,..,..,..,..,..,..,76.73569,73.08897,79.45235,80.74917,73.72334,60.5259,65.43529,63.27402,63.11032,54.4465,51.96033,52.9448,47.17541,42.67425,39.66858,46.64635,44.1986,15.28188,11.05342,13.3823,27.1965,..,..,..,..,..,14.48839,20.75364,21.88011,22.62073,26.63007,29.26695,29.83563,31.68987,34.83468,50.20002,51.72598,56.74623,55.47134,58.93157,63.79544,61.21346,64.20709,66.74146,65.03326,60.96886,61.53576,60.82554,88.79892,92.38078,91.51955,95.64742,98.05563,89.5183,91.09517,89.85748
Uganda,UGA,Insurance company assets to GDP (%),GFDD.DI.11,..,..,..,..,..,..,..,..,..,..,..,..,..,..,..,..,..,..,..,..,..,..,..,..,..,..,..,..,..,..,..,..,..,..,..,..,..,..,..,..,..,..,..,..,0.78024813,0.85519896,0.77885377,0.83225914,0.8204165,0.73389148,0.75871497,0.80524509,0.84851007,0.92527496,1.0128287,1.197931,1.155939,1.2388021,1.2057156,1.230893,1.361933,..
Uganda,UGA,Gross portfolio debt assets to GDP (%),GFDD.DM.11,..,..,..,..,..,..,..,..,..,..,..,..,..,..,..,..,..,..,..,..,..,..,..,..,..,..,..,..,..,..,..,..,..,..,..,..,..,..,..,..,..,..,..,..,..,..,..,..,..,..,..,..,0.0104398,0.5543789,0.865801,1.209961,1.447774,1.913382,2.269961,2.825948,2.977216,..
Uganda,UGA,Liquid liabilities to GDP (%),GFDD.DI.05,..,..,..,..,..,..,15.27988,15.09046,16.88398,16.72577,18.55396,16.29952,19.96526,23.6336,26.12824,21.94387,25.27357,14.79227,16.65325,15.92642,14.76021,12.77283,8.745671,7.935545,13.39519,14.29908,16.47338,14.28921,9.906899,7.287787,7.5966,8.66137,9.611756,10.7195,12.80453,11.96101,12.51547,13.79348,14.85896,15.63354,16.11554,16.09141,19.03213,19.55399,17.22849,19.32292,19.91416,20.87545,33.04828,16.33623,17.42179,12.64305,12.06346,17.35783,12.15042,14.00023,14.40071,15.01303,14.93323,15.71239,18.33752,17.71059
Ukraine,UKR,Account at a formal financial institution (% age 15+),GFDD.AI.05,..,..,..,..,..,..,..,..,..,..,..,..,..,..,..,..,..,..,..,..,..,..,..,..,..,..,..,..,..,..,..,..,..,..,..,..,..,..,..,..,..,..,..,..,..,..,..,..,..,..,..,41.26858,..,..,52.71481,..,..,62.90233,..,..,..,83.56481
Ukraine,UKR,"Bank accounts per 1,000 adults",GFDD.AI.01,..,..,..,..,..,..,..,..,..,..,..,..,..,..,..,..,..,..,..,..,..,..,..,..,..,..,..,..,..,..,..,..,..,..,..,..,..,..,..,..,..,..,..,..,..,2705.5477,2859.6857,3010.9798,3102.4299,3214.8276,3238.3348,3353.4359,3383.3573,1917.7791,1944.525,1823.1424,1618.266,1675.5241,1509.774,1657.5306,1727.1751,..
Ukraine,UKR,Bank deposits to GDP (%),GFDD.OI.02,..,..,..,..,..,..,..,..,..,..,..,..,..,..,..,..,..,..,..,..,..,..,..,..,..,..,..,..,..,..,..,..,40.37983,23.64949,20.06676,7.863441,6.31082,6.807567,8.133248,9.393325,10.65367,12.57665,16.72333,22.97049,24.08906,30.1353,33.85255,38.66658,37.42885,35.7784,38.21911,37.52813,40.32356,45.52443,42.30396,35.7411,33.01936,29.36485,25.5581,26.41914,31.75714,27.26308
Ukraine,UKR,Central bank assets to GDP (%),GFDD.DI.06,..,..,..,..,..,..,..,..,..,..,..,..,..,..,..,..,..,..,..,..,..,..,..,..,..,..,..,..,..,..,..,..,34.8,8.896655,11.76151,8.058393,7.620881,7.995643,14.79631,15.23035,11.95798,10.16463,8.81787,7.221844,5.301819,2.399735,1.834157,1.29368,2.542834,6.313477,6.674366,6.933885,8.387278,10.21654,21.33607,20.81615,16.91205,12.69687,10.29619,8.758093,8.043946,5.961495
Ukraine,UKR,Credit card (% age 15+),GFDD.AI.20,..,..,..,..,..,..,..,..,..,..,..,..,..,..,..,..,..,..,..,..,..,..,..,..,..,..,..,..,..,..,..,..,..,..,..,..,..,..,..,..,..,..,..,..,..,..,..,..,..,..,..,19.33232,..,..,27.49794,..,..,26.67763,..,..,..,37.02474
Ukraine,UKR,Credit to government and state-owned enterprises to GDP (%),GFDD.EI.08,..,..,..,..,..,..,..,..,..,..,..,..,..,..,..,..,..,..,..,..,..,..,..,..,..,..,..,..,..,..,..,..,53.15684,27.41652,11.85207,7.099499,7.000272,7.887746,2.896245,2.235219,1.599694,2.100684,2.805785,3.158364,2.673572,2.485091,2.559256,2.826953,5.948499,8.316593,11.43208,10.51383,10.33914,11.7691,12.96867,9.821999,16.41646,17.05135,14.3198,11.12326,16.41315,..
Ukraine,UKR,Credit flows by fintech and bigtech companies to GDP (%),GFDD.DM.16,..,..,..,..,..,..,..,..,..,..,..,..,..,..,..,..,..,..,..,..,..,..,..,..,..,..,..,..,..,..,..,..,..,..,..,..,..,..,..,..,..,..,..,..,..,..,..,..,..,..,..,..,..,..,..,..,..,..,..,..,..,..
Ukraine,UKR,Deposit money bank assets to deposit money bank assets and central bank assets (%),GFDD.DI.04,..,..,..,..,..,..,..,..,..,..,..,..,..,..,..,..,..,..,..,..,..,..,..,..,..,..,..,..,..,..,..,..,61.58733,76.41586,58.34612,51.5518,52.38465,56.31525,41.77979,41.2719,50.59229,59.88787,69.89523,79.32819,84.0112,93.53585,96.23502,97.91451,96.89125,92.83558,91.72675,90.63047,88.43596,87.33638,77.33231,73.19757,76.48727,79.145,80.32951,79.48842,82.31566,83.62441
Ukraine,UKR,Insurance company assets to GDP (%),GFDD.DI.11,..,..,..,..,..,..,..,..,..,..,..,..,..,..,..,..,..,..,..,..,..,..,..,..,..,..,..,..,..,..,..,..,..,..,..,..,..,..,..,0.25145275,..,..,..,..,..,2.7967933,3.2138388,2.6820825,4.4227873,4.5952077,4.1909267,3.7017718,4.002701,4.5309596,4.4275371,66.71261,60.066417,51.146136,..,..,..,..
Ukraine,UKR,Gross portfolio debt assets to GDP (%),GFDD.DM.11,..,..,..,..,..,..,..,..,..,..,..,..,..,..,..,..,..,..,..,..,..,..,..,..,..,..,..,..,..,..,..,..,..,..,..,..,..,..,..,..,0.0383858,0.0263096,0.0212301,0.0059841,0.0046239,0.0069653,0.0064963,0.0105102,0.0022223,0.0051183,0.0198511,0.0355478,0.0620091,0.0556434,0.089885,0.1076557,0.0996188,0.0864602,0.0940134,0.3353196,0.3807102,..
Ukraine,UKR,Liquid liabilities to GDP (%),GFDD.DI.05,..,..,..,..,..,..,..,..,..,..,..,..,..,..,..,..,..,..,..,..,..,..,..,..,..,..,..,..,..,..,..,..,50.10596,32.47094,26.71355,12.71169,11.48738,13.432,15.16301,16.76517,17.97182,22.21491,28.5537,35.41232,36.43673,43.84726,47.6665,54.08327,36.11221,34.5507,36.74693,36.03105,39.0229,43.93905,40.5556,34.36426,31.98133,28.45205,24.80684,25.67837,30.92684,37.93996
United Arab Emirates,ARE,Account at a formal financial institution (% age 15+),GFDD.AI.05,..,..,..,..,..,..,..,..,..,..,..,..,..,..,..,..,..,..,..,..,..,..,..,..,..,..,..,..,..,..,..,..,..,..,..,..,..,..,..,..,..,..,..,..,..,..,..,..,..,..,..,59.73237,..,..,83.20432,..,..,87.39085,..,..,..,84.56073
United Arab Emirates,ARE,"Bank accounts per 1,000 adults",GFDD.AI.01,..,..,..,..,..,..,..,..,..,..,..,..,..,..,..,..,..,..,..,..,..,..,..,..,..,..,..,..,..,..,..,..,..,..,..,..,..,..,..,..,..,..,..,..,..,..,..,..,..,..,..,..,..,..,886.34545,884.53473,1008.7947,1063.0947,1082.6723,1080.4016,1223.6495,..
United Arab Emirates,ARE,Bank deposits to GDP (%),GFDD.OI.02,..,..,..,..,..,..,..,..,..,..,..,..,..,..,..,13.94663,20.57208,14.5372,17.23362,13.64441,13.22944,14.53455,17.9118,21.29612,28.62996,31.34748,39.18745,38.50332,40.9684,39.13861,28.80645,32.63865,32.34511,30.7287,31.13652,31.05803,29.68565,30.21201,32.59605,32.18917,30.52151,38.45635,40.09621,40.90881,42.85033,46.21346,46.27269,56.98498,55.01067,75.54089,70.26874,60.89104,59.37129,70.24332,73.08919,87.2219,88.67218,85.29311,79.80027,87.08417,104.9666,..
United Arab Emirates,ARE,Central bank assets to GDP (%),GFDD.DI.06,..,..,..,..,..,..,..,..,..,..,..,..,..,..,..,0.7864456,1.8533,1.775406,1.685988,1.30041,0.9584998,0.8195336,0.875187,0.9546175,0.9746736,1.005126,1.790269,..,..,0.0085404,0.1955675,..,0.2134477,..,..,..,..,..,..,..,..,0.0076434,0.0153732,0.0164235,0.0125257,0.375235,0.083852,0.0055955,4.751418,11.46762,10.03261,7.669317,6.559302,3.870675,3.511469,3.938415,3.983832,3.688901,3.364203,3.013732,3.491938,..
United Arab Emirates,ARE,Credit card (% age 15+),GFDD.AI.20,..,..,..,..,..,..,..,..,..,..,..,..,..,..,..,..,..,..,..,..,..,..,..,..,..,..,..,..,..,..,..,..,..,..,..,..,..,..,..,..,..,..,..,..,..,..,..,..,..,..,..,29.98363,..,..,37.42399,..,..,45.44219,..,..,..,26.84163
United Arab Emirates,ARE,Credit to government and state-owned enterprises to GDP (%),GFDD.EI.08,..,..,..,..,..,..,..,..,..,..,..,..,..,..,..,..,..,..,..,..,1.945767,1.89533,2.662544,3.166147,3.250583,6.794021,5.219127,6.135179,5.942566,5.278611,5.070784,6.004288,6.140762,7.406951,8.464047,7.717994,5.723487,5.050133,6.460629,6.870108,4.791753,4.294275,5.646415,7.532264,8.410618,10.07843,10.81065,12.11617,12.5885,20.38215,19.68054,18.85223,20.09022,24.31914,25.31845,30.33353,33.37629,30.89731,28.90967,34.52945,44.65551,..
United Arab Emirates,ARE,Credit flows by fintech and bigtech companies to GDP (%),GFDD.DM.16,..,..,..,..,..,..,..,..,..,..,..,..,..,..,..,..,..,..,..,..,..,..,..,..,..,..,..,..,..,..,..,..,..,..,..,..,..,..,..,..,..,..,..,..,..,..,..,..,..,..,..,..,..,0,0,0,0,0,0,0,..,..
United Arab Emirates,ARE,Deposit money bank assets to deposit money bank assets and central bank assets (%),GFDD.DI.04,..,..,..,..,..,..,..,..,..,..,..,..,..,..,..,93.05099,89.10121,91.27486,93.36829,94.17768,94.81274,95.7373,96.03389,96.24451,96.24802,96.68926,95.03893,..,..,99.97598,99.35801,..,99.3596,..,..,..,..,..,..,..,..,99.98026,99.96319,99.96243,99.97285,99.3078,99.85588,99.99179,94.34487,90.14085,90.3658,91.49046,92.47507,95.61227,96.24865,96.52527,96.71435,96.72982,96.84272,97.34505,97.39766,..
United Arab Emirates,ARE,Insurance company assets to GDP (%),GFDD.DI.11,..,..,..,..,..,..,..,..,..,..,..,..,..,..,..,..,..,..,..,..,..,..,..,..,..,..,..,..,..,..,..,..,..,..,..,..,..,..,..,..,..,..,..,..,..,..,2.9850808,3.3612762,2.8308491,3.9806871,3.9034672,3.2159427,3.532581,4.1448983,4.3825153,5.5954398,6.8628455,7.3404236,6.7921828,7.2776778,..,..
United Arab Emirates,ARE,Gross portfolio debt assets to GDP (%),GFDD.DM.11,..,..,..,..,..,..,..,..,..,..,..,..,..,..,..,..,..,..,..,..,..,..,..,..,..,..,..,..,..,..,..,..,..,..,..,..,..,..,..,..,..,..,..,..,..,..,..,..,..,..,..,..,..,..,..,..,..,..,..,..,..,..
United Arab Emirates,ARE,Liquid liabilities to GDP (%),GFDD.DI.05,..,..,..,..,..,..,..,..,..,..,..,..,..,..,..,15.12562,22.05843,16.00657,19.09551,15.29405,14.55512,16.06467,19.65872,23.12841,30.53852,33.46829,41.79235,41.1323,43.67138,41.51152,31.16615,35.10949,34.9105,33.50392,33.90673,33.71149,32.1912,32.75712,35.54481,35.50138,33.13569,41.23354,43.05629,43.92746,45.75665,48.85502,48.94971,59.72369,58.20139,79.53777,73.89198,64.12061,62.68711,73.76157,77.07562,91.66166,89.24614,85.87569,79.46652,85.8258,103.6746,..
United Kingdom,GBR,Account at a formal financial institution (% age 15+),GFDD.AI.05,..,..,..,..,..,..,..,..,..,..,..,..,..,..,..,..,..,..,..,..,..,..,..,..,..,..,..,..,..,..,..,..,..,..,..,..,..,..,..,..,..,..,..,..,..,..,..,..,..,..,..,97.20129,..,..,98.93106,..,..,96.36632,..,..,..,99.76327
United Kingdom,GBR,"Bank accounts per 1,000 adults",GFDD.AI.01,..,..,..,..,..,..,..,..,..,..,..,..,..,..,..,..,..,..,..,..,..,..,..,..,..,..,..,..,..,..,..,..,..,..,..,..,..,..,..,..,..,..,..,..,..,..,..,..,..,..,..,..,..,..,..,..,..,..,..,..,..,..
United Kingdom,GBR,Bank deposits to GDP (%),GFDD.OI.02,..,..,..,..,..,..,..,..,..,..,..,..,..,..,..,..,..,..,..,..,..,..,..,..,..,..,..,..,..,..,..,..,..,..,..,..,..,..,..,..,..,..,..,..,..,..,..,..,..,..,..,..,..,..,..,..,..,..,..,..,..,..
United Kingdom,GBR,Central bank assets to GDP (%),GFDD.DI.06,..,..,..,..,..,..,..,..,..,..,..,..,..,..,..,..,..,..,..,..,..,..,..,..,..,..,..,..,..,..,..,..,..,..,..,..,..,..,0.6905615,0.5621083,0.7660446,0.4612879,0.6977838,0.5334254,0.4663592,0.505337,0.8278483,0.360329,1.01717,0.466438,0.2275772,0.0799037,0.1242041,0.012715,0.0043706,0.0443879,0.1830272,0.327589,0.2593843,0.2734472,0.5572503,0.4751732
United Kingdom,GBR,Credit card (% age 15+),GFDD.AI.20,..,..,..,..,..,..,..,..,..,..,..,..,..,..,..,..,..,..,..,..,..,..,..,..,..,..,..,..,..,..,..,..,..,..,..,..,..,..,..,..,..,..,..,..,..,..,..,..,..,..,..,51.55745,..,..,61.68694,..,..,65.36575,..,..,..,62.10731
United Kingdom,GBR,Credit to government and state-owned enterprises to GDP (%),GFDD.EI.08,..,..,..,..,..,..,..,..,..,..,..,..,..,..,..,..,..,..,..,..,22.34886,28.1689,23.08592,18.08351,18.21872,13.4367,3.455304,3.020111,2.10222,1.677272,2.168869,1.910999,0.8630568,1.174764,2.394544,2.983845,2.165079,1.567209,1.45074,1.043408,..,0.0387032,1.018788,0.4727891,1.114458,1.037469,..,..,..,1.661839,5.092093,6.582387,5.074778,6.441335,7.220504,7.010756,7.337014,7.546886,5.376567,5.439362,4.451056,..
United Kingdom,GBR,Credit flows by fintech and bigtech companies to GDP (%),GFDD.DM.16,..,..,..,..,..,..,..,..,..,..,..,..,..,..,..,..,..,..,..,..,..,..,..,..,..,..,..,..,..,..,..,..,..,..,..,..,..,..,..,..,..,..,..,..,..,..,..,..,..,..,..,..,..,0.0332181,0.1035296,0.1344796,0.3358211,0.266982,0.3242563,0.4025784,..,..
United Kingdom,GBR,Deposit money bank assets to deposit money bank assets and central bank assets (%),GFDD.DI.04,..,..,..,..,..,..,..,..,..,..,..,..,..,..,..,..,..,..,..,..,..,..,..,..,..,..,..,..,..,..,..,..,..,..,..,..,..,..,99.32654,99.46766,99.33356,99.61632,99.4417,99.58801,99.65988,99.64669,99.46108,99.78741,99.46622,99.75632,99.87643,99.9529,99.92239,99.99145,99.99676,99.96575,99.85997,99.75246,99.80441,99.79175,99.61258,99.65187
United Kingdom,GBR,Insurance company assets to GDP (%),GFDD.DI.11,..,..,..,..,..,..,..,..,..,..,..,..,..,..,..,..,..,..,..,..,21.113813,21.520139,26.708636,29.791587,32.892727,34.4804,39.889599,38.403261,38.546085,43.500891,38.140281,43.873928,50.688207,63.612947,56.48894,61.781376,66.030942,76.435069,83.344786,94.311928,89.393719,84.569838,77.645051,76.884291,79.050495,85.538947,100.96829,101.17754,86.178782,94.630985,97.760755,94.313358,95.021596,94.442533,94.825287,93.856952,116.65158,114.67449,105.67288,..,..,..
United Kingdom,GBR,Gross portfolio debt assets to GDP (%),GFDD.DM.11,..,..,..,..,..,..,..,..,..,..,..,..,..,..,..,..,..,..,..,..,..,..,..,..,..,..,..,..,..,..,..,..,..,..,..,..,..,..,..,36.84224,40.17399,48.91342,47.54211,48.14367,49.75811,46.65945,61.29534,62.18394,48.40171,64.44056,61.25623,54.4844,56.85159,53.1699,49.23956,48.48376,44.88906,49.83083,44.84261,51.40933,58.67252,..
United Kingdom,GBR,Liquid liabilities to GDP (%),GFDD.DI.05,39.84324,38.55574,36.1271,36.88501,35.6645,35.56619,34.5523,36.23047,35.42316,33.79562,32.95991,33.38482,38.18585,42.16988,42.44469,36.69766,34.56238,32.47998,32.0393,30.45399,30.76426,34.79012,36.08987,36.32032,37.70443,38.17013,43.46922,74.06029,77.00026,83.54315,84.9602,82.06726,56.4625,56.14299,57.40221,60.30709,64.66273,77.62856,89.51296,89.53368,94.32226,98.73383,99.45646,103.1667,107.9181,116.1168,125.5729,138.3318,158.2424,162.3677,163.0772,150.522,147.1122,144.1902,134.3185,132.7913,138.5369,144.2713,146.5208,139.3379,160.3196,163.2921
United States,USA,Account at a formal financial institution (% age 15+),GFDD.AI.05,..,..,..,..,..,..,..,..,..,..,..,..,..,..,..,..,..,..,..,..,..,..,..,..,..,..,..,..,..,..,..,..,..,..,..,..,..,..,..,..,..,..,..,..,..,..,..,..,..,..,..,87.95786,..,..,93.5838,..,..,93.12218,..,..,..,94.95323
United States,USA,"Bank accounts per 1,000 adults",GFDD.AI.01,..,..,..,..,..,..,..,..,..,..,..,..,..,..,..,..,..,..,..,..,..,..,..,..,..,..,..,..,..,..,..,..,..,..,..,..,..,..,..,..,..,..,..,..,..,..,..,..,..,..,..,..,..,..,..,..,..,..,..,..,..,..
United States,USA,Bank deposits to GDP (%),GFDD.OI.02,55.27248,57.93565,59.37158,61.12256,62.18811,62.46305,59.71756,62.50657,62.16041,57.74032,60.91306,64.28785,66.78964,66.17036,65.78389,66.13546,66.10149,66.64022,65.53036,64.38396,65.70966,65.91692,69.59181,69.24068,70.28866,70.77608,73.43914,71.92906,71.17738,69.57014,67.25205,65.80751,61.70872,58.6599,54.98425,56.11588,57.29144,58.27997,60.49124,61.83787,63.15723,65.73482,66.39241,66.0372,65.40208,66.50285,68.97102,74.33477,78.63197,84.44508,78.63602,80.34418,81.03249,81.28259,81.90596,81.38542,82.06911,82.21514,80.99707,84.52532,101.2169,..
United States,USA,Central bank assets to GDP (%),GFDD.DI.06,4.975091,5.108767,5.046679,5.268161,5.333532,5.453125,5.366886,5.695641,5.627722,5.616438,5.696583,5.920591,5.457544,5.504357,5.180943,5.146684,4.978515,4.847562,4.655469,4.426205,4.17522,3.98305,4.055488,4.142992,3.943496,4.097692,4.315305,4.508673,4.46223,4.019707,3.942386,4.327385,4.524479,4.840885,5.002154,4.950384,4.842081,5.021667,4.988966,4.962668,4.991737,5.213383,5.758992,5.819149,5.875479,5.70752,5.637938,5.116766,3.222865,5.39979,6.786497,10.75207,10.22598,13.14495,14.05425,13.5491,13.2056,12.62562,10.94119,10.9208,22.46667,24.60187
United States,USA,Credit card (% age 15+),GFDD.AI.20,..,..,..,..,..,..,..,..,..,..,..,..,..,..,..,..,..,..,..,..,..,..,..,..,..,..,..,..,..,..,..,..,..,..,..,..,..,..,..,..,..,..,..,..,..,..,..,..,..,..,..,61.93681,..,..,60.13275,..,..,65.60409,..,..,..,66.69784
United States,USA,Credit to government and state-owned enterprises to GDP (%),GFDD.EI.08,..,..,..,..,..,..,..,..,..,..,..,..,..,..,..,..,..,..,..,..,9.921405,9.714936,11.05123,11.53056,11.18235,12.12389,11.83512,10.43008,8.908383,7.538757,7.643652,8.866231,9.543983,9.61263,8.490558,7.963716,7.774488,7.603309,7.121703,7.025756,6.367888,6.078864,6.364316,5.576354,4.942766,4.776894,4.808035,6.031894,8.72074,8.862364,8.58306,8.801801,9.433348,9.112592,9.521067,9.723334,11.51065,10.39864,10.95883,11.79525,19.55927,..
United States,USA,Credit flows by fintech and bigtech companies to GDP (%),GFDD.DM.16,..,..,..,..,..,..,..,..,..,..,..,..,..,..,..,..,..,..,..,..,..,..,..,..,..,..,..,..,..,..,..,..,..,..,..,..,..,..,..,..,..,..,..,..,..,..,..,..,..,..,..,..,..,0.0227927,0.0613202,0.1916686,0.1783844,0.2107619,0.2859346,0.3670816,..,..
United States,USA,Deposit money bank assets to deposit money bank assets and central bank assets (%),GFDD.DI.04,91.77287,91.94571,92.19495,92.17013,92.22143,92.16495,92.01572,91.79704,91.90396,91.71544,91.7046,91.57706,92.47285,92.50864,92.92112,92.78557,92.98872,93.26571,93.49262,93.72447,93.96381,93.9613,93.89608,93.84448,94.25524,94.25065,94.07828,93.72026,93.68907,94.06071,93.86932,93.05173,92.42268,91.7699,91.37061,91.57375,91.77724,91.51826,91.59576,91.63035,91.72665,91.51775,90.78141,90.7459,90.84954,91.32962,91.66186,92.76603,95.50159,92.07595,89.9621,84.67224,85.29159,81.59375,80.82452,81.78303,82.88024,83.31174,85.24754,85.42486,76.75103,..
United States,USA,Insurance company assets to GDP (%),GFDD.DI.11,..,..,..,..,..,..,..,..,..,..,..,..,..,..,..,..,..,..,..,..,22.618289,21.888524,23.32327,23.882825,23.48266,25.228882,27.502693,29.046455,30.153128,30.994382,31.541698,33.294038,33.41573,34.845422,34.74302,36.554667,37.703156,39.652325,40.717353,43.494795,42.027698,43.621892,44.777276,48.065563,49.435496,48.701909,49.001593,49.14092,43.603042,48.666414,50.050133,50.681721,51.290075,51.325278,51.705355,49.551159,50.525807,51.86142,48.41303,52.265935,58.745591,..
United States,USA,Gross portfolio debt assets to GDP (%),GFDD.DM.11,..,..,..,..,..,..,..,..,..,..,..,..,..,..,..,..,..,..,..,..,..,..,..,..,..,..,..,..,..,..,..,..,..,..,..,..,..,..,..,6.718664,6.860049,6.65255,8.253241,9.572714,10.38083,10.05837,12.21981,13.9363,10.6872,14.27966,15.07545,15.25032,16.43578,16.2839,16.73747,15.42919,15.28427,17.67042,17.14567,18.14111,19.43823,..
United States,USA,Liquid liabilities to GDP (%),GFDD.DI.05,60.1493,62.78312,63.66832,65.93939,66.95697,67.06367,64.08827,66.84994,66.48073,62.04103,65.40124,68.67133,71.03611,70.2332,69.87199,70.60199,69.98041,70.55331,69.49907,68.29671,69.50628,69.39764,73.23695,72.96123,73.89916,74.46912,77.17086,75.74919,75.0042,73.31971,71.22355,70.00323,66.01337,63.13221,59.6588,60.81508,62.07712,63.10264,65.45844,67.45245,68.51381,62.56466,63.82831,64.28189,64.8205,66.03281,68.21897,71.07475,73.17924,75.04783,70.51166,72.42319,73.19552,73.33643,74.05231,74.76052,76.46603,74.43223,73.89122,76.90501,91.68888,..
Uruguay,URY,Account at a formal financial institution (% age 15+),GFDD.AI.05,..,..,..,..,..,..,..,..,..,..,..,..,..,..,..,..,..,..,..,..,..,..,..,..,..,..,..,..,..,..,..,..,..,..,..,..,..,..,..,..,..,..,..,..,..,..,..,..,..,..,..,23.5426,..,..,45.35541,..,..,63.868,..,..,..,74.12727
Uruguay,URY,"Bank accounts per 1,000 adults",GFDD.AI.01,..,..,..,..,..,..,..,..,..,..,..,..,..,..,..,..,..,..,..,..,..,..,..,..,..,..,..,..,..,..,..,..,..,..,..,..,..,..,..,..,..,..,..,..,..,339.48658,414.51774,444.07287,500.69713,535.49444,604.96458,627.39738,669.05044,741.91885,870.63731,866.60685,879.6375,958.30254,1044.3738,1086.7247,1101.7691,..
Uruguay,URY,Bank deposits to GDP (%),GFDD.OI.02,5.289655,4.875,3.448454,19.73391,19.00299,11.52823,9.539487,11.80083,8.237618,8.135587,9.248114,10.33352,12.15849,6.557975,8.882223,15.44685,21.4767,25.4243,31.3023,31.94638,34.08823,40.29206,57.39847,47.55038,53.89788,47.28603,49.33129,40.94101,42.4943,49.17963,51.95574,45.0726,38.98542,34.42181,32.82648,32.44535,32.94221,30.76626,33.61886,37.25409,40.59597,45.29408,55.88591,49.41892,43.20634,39.58766,40.24382,35.74839,41.11196,35.22158,38.05361,39.26524,37.89176,40.3282,42.80597,48.83353,42.07471,39.93914,41.26407,44.20905,53.42582,54.91127
Uruguay,URY,Central bank assets to GDP (%),GFDD.DI.06,13.57241,11.97159,14.33505,17.0515,18.39701,19.16393,17.11692,17.48062,11.25548,11.67793,14.26189,19.8555,21.72544,11.97964,19.04959,7.230439,8.116722,6.412302,5.071662,4.078986,4.387012,3.894405,13.5219,35.75415,50.95464,42.51304,51.85193,54.27701,46.58778,32.91166,28.13961,17.17184,17.03328,14.87199,13.23258,12.79716,11.49216,9.757995,12.71746,13.91354,16.49847,9.831065,38.62982,31.71468,25.01817,18.86173,8.875881,6.742178,10.70326,8.977753,10.18971,8.948886,9.989414,10.68152,10.43781,9.835085,8.969182,10.14675,9.38673,8.337694,7.182678,5.539187
Uruguay,URY,Credit card (% age 15+),GFDD.AI.20,..,..,..,..,..,..,..,..,..,..,..,..,..,..,..,..,..,..,..,..,..,..,..,..,..,..,..,..,..,..,..,..,..,..,..,..,..,..,..,..,..,..,..,..,..,..,..,..,..,..,..,27.11016,..,..,39.80666,..,..,40.59085,..,..,..,36.55003
Uruguay,URY,Credit to government and state-owned enterprises to GDP (%),GFDD.EI.08,..,..,..,..,..,..,..,..,..,..,..,..,..,..,..,..,..,..,..,..,2.181033,2.493124,10.61682,9.432424,17.70332,11.86512,7.752718,5.039988,6.157792,6.455249,7.589109,5.619602,4.452161,3.869385,4.899551,3.814577,3.633127,3.751927,5.227119,4.206518,4.018495,9.62169,13.29852,10.31792,8.491882,6.899338,6.48258,4.780169,4.334616,6.146586,3.760608,4.351698,4.060891,3.322828,4.043798,4.016477,3.445153,3.234478,3.343307,3.83079,4.133072,..
Uruguay,URY,Credit flows by fintech and bigtech companies to GDP (%),GFDD.DM.16,..,..,..,..,..,..,..,..,..,..,..,..,..,..,..,..,..,..,..,..,..,..,..,..,..,..,..,..,..,..,..,..,..,..,..,..,..,..,..,..,..,..,..,..,..,..,..,..,..,..,..,..,..,0,0,0,0,0,0,0,..,..
Uruguay,URY,Deposit money bank assets to deposit money bank assets and central bank assets (%),GFDD.DI.04,60.31458,62.91798,59.50787,53.93089,54.12728,43.67773,38.17057,39.4193,42.12738,40.07206,40.88129,32.67683,35.7766,36.04467,32.20536,77.29258,76.2904,82.09958,86.69033,89.8353,89.97695,91.67622,85.61424,61.55106,53.80423,57.33884,48.11189,40.82349,47.16081,56.35754,57.8942,64.09526,63.48466,65.70088,68.37351,70.18864,72.548,75.19805,78.18724,77.39372,74.78674,86.57024,68.41047,62.73112,56.56722,60.82769,77.37548,80.66741,75.00725,74.78562,71.85452,75.37032,73.34513,73.27328,74.83954,77.60973,76.50292,72.98694,75.27332,77.98248,81.65138,85.10913
Uruguay,URY,Insurance company assets to GDP (%),GFDD.DI.11,..,..,..,..,..,..,..,..,..,..,..,..,..,..,..,..,..,..,..,..,..,..,..,..,..,..,..,..,..,..,..,..,..,..,..,..,..,..,..,..,2.5003079,3.0336234,4.1966281,3.8685395,3.5971668,3.5939412,3.7395592,3.6514535,3.7218379,3.9195961,4.0548888,4.4244358,4.8849434,5.2960433,5.84689,6.6432009,6.7113999,7.6081395,8.1879726,9.0737425,10.46874,..
Uruguay,URY,Gross portfolio debt assets to GDP (%),GFDD.DM.11,..,..,..,..,..,..,..,..,..,..,..,..,..,..,..,..,..,..,..,..,..,..,..,..,..,..,..,..,..,..,..,..,..,..,..,..,..,..,..,3.511932,3.500813,5.758235,7.344275,14.55963,17.8908,10.70273,11.89386,9.917666,7.818201,8.599851,13.48884,12.2773,12.31144,12.54438,13.57533,17.86761,18.14179,14.31131,13.05181,17.28504,24.28697,..
Uruguay,URY,Liquid liabilities to GDP (%),GFDD.DI.05,27.29655,27.43182,26.37629,33.61803,32.46567,33.78871,23.14769,26.3709,18.54993,19.74452,21.92547,25.24117,25.41387,14.5103,18.29134,20.69271,26.91812,30.97361,38.33839,37.37555,39.51424,45.48544,63.88495,52.5032,58.41879,52.2506,54.35696,45.60123,46.83627,53.54207,55.84337,48.84357,42.66987,38.37694,36.60305,36.04285,36.2104,33.6634,36.29612,40.08146,43.24064,47.85002,58.59147,52.27645,46.082,42.9379,43.70522,39.38198,44.61614,39.07093,42.19961,43.43427,42.48968,44.74997,47.29501,53.51794,46.91105,44.80733,46.56721,49.57313,59.05056,60.15862
Uzbekistan,UZB,Account at a formal financial institution (% age 15+),GFDD.AI.05,..,..,..,..,..,..,..,..,..,..,..,..,..,..,..,..,..,..,..,..,..,..,..,..,..,..,..,..,..,..,..,..,..,..,..,..,..,..,..,..,..,..,..,..,..,..,..,..,..,..,..,22.50392,..,..,40.71001,..,..,37.08974,..,..,..,44.13479
Uzbekistan,UZB,"Bank accounts per 1,000 adults",GFDD.AI.01,..,..,..,..,..,..,..,..,..,..,..,..,..,..,..,..,..,..,..,..,..,..,..,..,..,..,..,..,..,..,..,..,..,..,..,..,..,..,..,..,..,..,..,..,244.51241,296.05748,310.53584,332.84639,384.78054,401.31495,441.83009,416.89269,441.11721,520.10099,592.02352,609.02323,701.12194,785.91373,819.49856,809.05726,849.30012,..
Uzbekistan,UZB,Bank deposits to GDP (%),GFDD.OI.02,..,..,..,..,..,..,..,..,..,..,..,..,..,..,..,..,..,..,..,..,..,..,..,..,..,..,..,..,..,..,..,..,..,..,..,..,..,..,..,..,..,..,..,..,..,..,..,..,..,..,..,..,..,13.24539,12.20138,12.95085,13.88938,15.89904,14.11151,12.27462,13.42755,15.11033
Uzbekistan,UZB,Central bank assets to GDP (%),GFDD.DI.06,..,..,..,..,..,..,..,..,..,..,..,..,..,..,..,..,..,..,..,..,..,..,..,..,..,..,..,..,..,..,..,..,..,..,..,..,..,..,..,..,..,..,..,..,..,..,..,..,..,..,..,..,..,0.0128182,0.0093928,0.0078013,0.0065135,0.0182912,0.0179764,0.0302575,0.0483076,0.0411831
Uzbekistan,UZB,Credit card (% age 15+),GFDD.AI.20,..,..,..,..,..,..,..,..,..,..,..,..,..,..,..,..,..,..,..,..,..,..,..,..,..,..,..,..,..,..,..,..,..,..,..,..,..,..,..,..,..,..,..,..,..,..,..,..,..,..,..,3.404487,..,..,1.396975,..,..,0.5907303,..,..,..,3.779174
Uzbekistan,UZB,Credit to government and state-owned enterprises to GDP (%),GFDD.EI.08,..,..,..,..,..,..,..,..,..,..,..,..,..,..,..,..,..,..,..,..,..,..,..,..,..,..,..,..,..,..,..,..,..,..,..,..,..,..,..,..,..,..,..,..,..,..,..,..,..,..,..,..,..,9.327025,8.924191,9.598615,10.60322,21.69774,19.01616,12.29622,12.72738,..
Uzbekistan,UZB,Credit flows by fintech and bigtech companies to GDP (%),GFDD.DM.16,..,..,..,..,..,..,..,..,..,..,..,..,..,..,..,..,..,..,..,..,..,..,..,..,..,..,..,..,..,..,..,..,..,..,..,..,..,..,..,..,..,..,..,..,..,..,..,..,..,..,..,..,..,..,..,..,..,..,..,..,..,..
Uzbekistan,UZB,Deposit money bank assets to deposit money bank assets and central bank assets (%),GFDD.DI.04,..,..,..,..,..,..,..,..,..,..,..,..,..,..,..,..,..,..,..,..,..,..,..,..,..,..,..,..,..,..,..,..,..,..,..,..,..,..,..,..,..,..,..,..,..,..,..,..,..,..,..,..,..,99.92946,99.9491,99.95919,99.96966,99.95006,99.95834,99.925,99.89794,99.91117
Uzbekistan,UZB,Insurance company assets to GDP (%),GFDD.DI.11,..,..,..,..,..,..,..,..,..,..,..,..,..,..,..,..,..,..,..,..,..,..,..,..,..,..,..,..,..,..,..,..,..,..,..,..,..,..,..,..,..,..,..,..,..,..,..,..,0.68594312,0.64671052,0.55292924,0.50015682,0.50556378,0.47734913,0.49194508,0.49647188,0.48805035,0.66428275,0.62316712,..,..,..
Uzbekistan,UZB,Gross portfolio debt assets to GDP (%),GFDD.DM.11,..,..,..,..,..,..,..,..,..,..,..,..,..,..,..,..,..,..,..,..,..,..,..,..,..,..,..,..,..,..,..,..,..,..,..,..,..,..,..,..,..,..,..,..,..,..,..,..,..,..,..,..,..,..,..,..,..,..,..,..,..,..
Uzbekistan,UZB,Liquid liabilities to GDP (%),GFDD.DI.05,..,..,..,..,..,..,..,..,..,..,..,..,..,..,..,..,..,..,..,..,..,..,..,..,..,..,..,..,..,..,..,..,..,..,..,..,..,..,..,..,..,..,..,..,..,..,..,..,..,..,..,..,..,18.54579,17.45746,18.06385,19.34229,22.39326,19.86332,16.97683,17.60436,19.08336
Vanuatu,VUT,Account at a formal financial institution (% age 15+),GFDD.AI.05,..,..,..,..,..,..,..,..,..,..,..,..,..,..,..,..,..,..,..,..,..,..,..,..,..,..,..,..,..,..,..,..,..,..,..,..,..,..,..,..,..,..,..,..,..,..,..,..,..,..,..,..,..,..,..,..,..,..,..,..,..,..
Vanuatu,VUT,"Bank accounts per 1,000 adults",GFDD.AI.01,..,..,..,..,..,..,..,..,..,..,..,..,..,..,..,..,..,..,..,..,..,..,..,..,..,..,..,..,..,..,..,..,..,..,..,..,..,..,..,..,..,..,..,..,..,..,..,..,..,..,..,..,..,..,662.35709,704.04315,719.15517,604.56496,596.02964,652.84337,667.52655,..
Vanuatu,VUT,Bank deposits to GDP (%),GFDD.OI.02,..,..,..,..,..,..,..,..,..,..,..,..,..,..,..,..,..,..,..,63.37806,54.8695,47.2821,67.8327,69.13759,71.54844,83.84164,111.0882,91.03263,89.28641,123.7953,118.9924,103.2399,94.33928,95.28434,87.41982,96.28572,101.916,93.61026,98.64436,85.78016,84.76577,89.69379,90.53247,84.89291,87.39024,92.40704,87.22124,93.26512,93.74101,88.88995,80.00288,76.04958,75.11938,67.95453,70.50652,73.78693,76.52023,74.64506,79.75867,79.90283,82.59239,85.37364
Vanuatu,VUT,Central bank assets to GDP (%),GFDD.DI.06,..,..,..,..,..,..,..,..,..,..,..,..,..,..,..,..,..,..,..,..,..,0.0979686,0.2078795,0.3302186,0.2686754,0.085187,..,0.2863577,0.8471214,1.043756,0.7035257,0.5113186,0.3855498,0.2990236,2.61627,3.122205,3.227569,4.323198,4.513618,4.95713,4.687482,4.706486,5.31372,4.830321,4.424714,3.529728,3.230787,3.108911,1.411461,1.274184,2.617384,2.691851,2.632969,2.902452,3.714989,3.433287,5.007328,3.555427,3.15452,2.672671,2.551826,2.539899
Vanuatu,VUT,Credit card (% age 15+),GFDD.AI.20,..,..,..,..,..,..,..,..,..,..,..,..,..,..,..,..,..,..,..,..,..,..,..,..,..,..,..,..,..,..,..,..,..,..,..,..,..,..,..,..,..,..,..,..,..,..,..,..,..,..,..,..,..,..,..,..,..,..,..,..,..,..
Vanuatu,VUT,Credit to government and state-owned enterprises to GDP (%),GFDD.EI.08,..,..,..,..,..,..,..,..,..,..,..,..,..,..,..,..,..,..,..,..,1.232405,1.030735,0.7707173,1.157304,1.582567,1.564218,2.439935,4.416363,4.93725,4.848294,4.289115,4.155257,3.810023,4.115471,2.361759,2.039762,1.791752,2.005449,3.705415,2.851588,4.060656,3.104479,3.355842,2.108734,2.135017,2.084152,1.719678,1.099084,0.9983022,0.8572383,1.321465,2.300588,1.649113,2.269773,2.517529,2.381654,2.756682,3.122833,2.380521,2.199238,1.918286,..
Vanuatu,VUT,Credit flows by fintech and bigtech companies to GDP (%),GFDD.DM.16,..,..,..,..,..,..,..,..,..,..,..,..,..,..,..,..,..,..,..,..,..,..,..,..,..,..,..,..,..,..,..,..,..,..,..,..,..,..,..,..,..,..,..,..,..,..,..,..,..,..,..,..,..,..,..,..,..,..,..,..,..,..
Vanuatu,VUT,Deposit money bank assets to deposit money bank assets and central bank assets (%),GFDD.DI.04,..,..,..,..,..,..,..,..,..,..,..,..,..,..,..,..,..,..,..,..,..,99.69859,99.31849,98.94921,99.10156,99.7062,..,99.1729,97.63896,97.11106,98.16138,98.51917,99.02865,99.24261,93.20802,91.70196,91.63152,88.20045,88.69505,88.4595,88.16698,88.41214,88.18098,89.22452,90.30885,92.7364,93.09879,93.44731,97.53145,98.09084,96.32523,96.36518,96.61404,96.26451,95.46049,95.60588,93.46597,94.99194,95.2812,95.72884,96.14453,96.03432
Vanuatu,VUT,Insurance company assets to GDP (%),GFDD.DI.11,..,..,..,..,..,..,..,..,..,..,..,..,..,..,..,..,..,..,..,..,..,..,..,..,..,..,..,..,..,..,..,..,..,..,..,..,..,..,..,..,..,..,..,..,..,..,..,..,..,..,..,..,..,..,..,..,..,..,..,..,..,..
Vanuatu,VUT,Gross portfolio debt assets to GDP (%),GFDD.DM.11,..,..,..,..,..,..,..,..,..,..,..,..,..,..,..,..,..,..,..,..,..,..,..,..,..,..,..,..,..,..,..,..,..,..,..,..,..,..,..,0.3473889,..,..,4.489565,3.876449,3.690548,3.534228,3.381438,3.260469,3.242951,3.607069,2.22917,1.519258,1.639169,1.936044,0.5960053,1.897938,4.884734,1.693815,0.6078574,0.1624748,1.766488,..
Vanuatu,VUT,Liquid liabilities to GDP (%),GFDD.DI.05,..,..,..,..,..,..,..,..,..,..,..,..,..,..,..,..,..,..,..,73.69513,63.56936,53.25838,73.43755,75.42083,77.73335,90.56327,117.5325,97.40862,94.94115,129.4486,123.6186,108.3136,98.01481,100.3044,92.45813,101.9482,107.424,98.90581,105.246,92.40274,90.10174,94.93545,95.77046,90.32244,93.48551,98.63439,93.70711,99.8533,100.0161,95.08146,86.98887,83.14003,82.17659,75.00452,77.88611,81.67583,84.96241,82.89933,88.27493,88.50857,92.77921,95.93295
"Venezuela, RB",VEN,Account at a formal financial institution (% age 15+),GFDD.AI.05,..,..,..,..,..,..,..,..,..,..,..,..,..,..,..,..,..,..,..,..,..,..,..,..,..,..,..,..,..,..,..,..,..,..,..,..,..,..,..,..,..,..,..,..,..,..,..,..,..,..,..,44.11666,..,..,56.85735,..,..,73.22065,..,..,..,84.03367
"Venezuela, RB",VEN,"Bank accounts per 1,000 adults",GFDD.AI.01,..,..,..,..,..,..,..,..,..,..,..,..,..,..,..,..,..,..,..,..,..,..,..,..,..,..,..,..,..,..,..,..,..,..,..,..,..,..,..,..,..,..,..,..,..,878.53627,1051.1319,1207.2469,1198.3396,1207.4717,1196.8259,1368.4271,1541.9081,1714.0097,1753.1649,1924.9788,..,..,..,..,..,..
"Venezuela, RB",VEN,Bank deposits to GDP (%),GFDD.OI.02,14.55339,14.40941,13.5072,14.95806,16.24548,16.19591,15.67188,17.18583,17.35555,19.04825,18.31639,19.74677,22.29846,22.72248,19.48117,27.72054,31.60084,34.54832,36.83438,31.65734,30.32219,31.13254,31.18036,39.95542,30.10398,30.78024,36.54034,30.74962,29.29096,24.19706,26.83343,30.1235,25.72207,24.46505,25.3426,21.78714,15.02165,16.833,16.45753,16.1228,15.1987,15.85058,14.13378,18.6308,17.16413,19.00837,26.89721,27.2992,25.23132,30.42598,27.40515,32.03321,38.72137,48.54738,62.48232,..,..,..,..,..,..,..
"Venezuela, RB",VEN,Central bank assets to GDP (%),GFDD.DI.06,0.724553,0.8992007,0.8331922,1.734916,1.089598,1.032037,1.009211,1.019099,1.162219,1.300478,1.085824,0.7098231,0.6390036,0.564755,0.4652779,0.7558976,0.7366917,1.012999,0.8360345,1.314258,0.9957082,0.8005736,1.618166,0.894448,1.380811,0.8843206,0.3761458,1.088623,1.305029,3.627146,12.17662,8.369899,6.942495,6.768437,7.401756,7.747554,5.636348,2.613357,2.014714,1.782409,1.389733,1.175997,1.537637,0.8314804,0.5460868,0.8616536,0.1786224,0.7726761,0.668678,0.5923519,2.844702,8.25545,11.75883,20.13813,..,..,..,..,..,..,..,..
"Venezuela, RB",VEN,Credit card (% age 15+),GFDD.AI.20,..,..,..,..,..,..,..,..,..,..,..,..,..,..,..,..,..,..,..,..,..,..,..,..,..,..,..,..,..,..,..,..,..,..,..,..,..,..,..,..,..,..,..,..,..,..,..,..,..,..,..,10.35491,..,..,21.47219,..,..,28.84812,..,..,..,18.53808
"Venezuela, RB",VEN,Credit to government and state-owned enterprises to GDP (%),GFDD.EI.08,..,..,..,..,..,..,..,..,..,..,..,..,..,..,..,..,..,..,..,..,0.8957085,2.842136,1.831921,2.550673,2.07543,3.17239,3.641296,3.465275,2.907534,2.392011,2.247,1.893536,1.623243,4.017563,6.669378,7.483322,2.482524,1.844796,1.575816,2.119353,3.307554,3.320809,4.135287,4.207633,4.687886,3.3862,6.248125,4.403612,2.518253,5.100668,5.355117,7.049449,11.84017,15.24598,14.70771,7.325304,..,..,..,..,..,..
"Venezuela, RB",VEN,Credit flows by fintech and bigtech companies to GDP (%),GFDD.DM.16,..,..,..,..,..,..,..,..,..,..,..,..,..,..,..,..,..,..,..,..,..,..,..,..,..,..,..,..,..,..,..,..,..,..,..,..,..,..,..,..,..,..,..,..,..,..,..,..,..,..,..,..,..,..,..,..,..,..,..,..,..,..
"Venezuela, RB",VEN,Deposit money bank assets to deposit money bank assets and central bank assets (%),GFDD.DI.04,95.68746,94.57468,94.65914,89.32538,93.09394,93.80598,93.77614,93.9361,93.36729,93.17303,94.11108,96.11769,96.78593,97.33825,97.47262,97.12428,97.61266,96.88072,97.65513,95.7376,96.58587,97.34615,95.0489,97.37685,95.09113,96.93845,98.91384,96.74565,96.18467,86.01729,60.64516,70.81318,74.43275,74.50777,68.19112,67.56544,65.30508,84.68589,87.1108,88.20849,90.84565,92.67048,89.91618,93.7942,96.53671,94.90279,99.2154,97.20943,97.19414,97.89478,89.37844,76.85143,75.84548,69.07484,..,..,..,..,..,..,..,..
"Venezuela, RB",VEN,Insurance company assets to GDP (%),GFDD.DI.11,..,..,..,..,..,..,..,..,..,..,..,..,..,..,..,..,..,..,..,..,..,..,..,..,..,..,..,..,..,..,..,..,..,..,..,..,..,..,..,1.7143558,1.5512529,1.763635,2.1650477,2.2144719,2.130983,2.0788008,2.2581317,2.6096684,2.6341783,3.075869,3.1752279,3.0924241,3.1472785,3.4738364,5.0777143,7.1210227,6.2903334,..,..,..,..,..
"Venezuela, RB",VEN,Gross portfolio debt assets to GDP (%),GFDD.DM.11,..,..,..,..,..,..,..,..,..,..,..,..,..,..,..,..,..,..,..,..,..,..,..,..,..,..,..,..,..,..,..,..,..,..,..,..,..,..,..,2.576224,3.254046,3.038783,5.536681,7.25256,5.532167,5.721119,9.219113,7.313643,4.381176,2.814349,2.168064,2.790678,2.655747,2.35526,1.172777,0.401231,0.1398091,..,..,..,..,..
"Venezuela, RB",VEN,Liquid liabilities to GDP (%),GFDD.DI.05,20.50953,19.71211,18.32345,19.88411,20.89963,21.22821,23.46037,25.44889,25.81242,29.32826,28.99875,32.59936,37.24659,39.95645,34.74945,47.78548,52.55418,57.43048,62.01715,56.15196,54.67634,57.06688,62.06195,75.68683,60.12288,58.04958,59.3416,47.27771,43.57816,37.27898,38.80593,42.7649,38.1729,35.66293,34.28246,29.16918,20.7697,22.94756,20.82082,21.5402,21.26508,18.99897,18.44139,24.23562,21.49551,22.97069,31.03652,31.73346,29.16497,36.0357,31.81077,36.61737,43.71228,54.8364,..,..,..,..,..,..,..,..
Vietnam,VNM,Account at a formal financial institution (% age 15+),GFDD.AI.05,..,..,..,..,..,..,..,..,..,..,..,..,..,..,..,..,..,..,..,..,..,..,..,..,..,..,..,..,..,..,..,..,..,..,..,..,..,..,..,..,..,..,..,..,..,..,..,..,..,..,..,21.36949,..,..,30.86435,..,..,30.02354,..,..,..,..
Vietnam,VNM,"Bank accounts per 1,000 adults",GFDD.AI.01,..,..,..,..,..,..,..,..,..,..,..,..,..,..,..,..,..,..,..,..,..,..,..,..,..,..,..,..,..,..,..,..,..,..,..,..,..,..,..,..,..,..,..,..,..,..,..,..,..,..,..,..,..,..,..,..,..,..,..,..,..,..
Vietnam,VNM,Bank deposits to GDP (%),GFDD.OI.02,..,..,..,..,..,..,..,..,..,..,..,..,..,..,..,..,..,..,..,..,..,..,..,..,..,..,..,..,..,..,..,..,3.592987,3.419291,..,3.001415,3.754099,4.681385,5.052602,6.777508,8.781015,9.575936,9.531546,10.83077,12.42703,12.12504,12.58538,17.17224,12.12778,15.02696,13.31032,11.33554,11.83477,13.47994,14.58294,16.42635,18.20969,19.41355,19.13357,20.36424,24.80127,23.33721
Vietnam,VNM,Central bank assets to GDP (%),GFDD.DI.06,..,..,..,..,..,..,..,..,..,..,..,..,..,..,..,..,..,..,..,..,..,..,..,..,..,..,..,..,..,..,..,..,4.642538,6.508356,..,2.120397,2.880659,2.755927,3.301544,2.822734,2.656358,2.580829,2.824015,2.481486,2.936502,1.854735,2.028991,1.033224,0.7844383,4.202674,3.806653,1.984899,1.326495,0.7705252,0.2822487,1.92005,0.6933689,0.215523,1.229188,0.1738063,0.1051262,0.1879431
Vietnam,VNM,Credit card (% age 15+),GFDD.AI.20,..,..,..,..,..,..,..,..,..,..,..,..,..,..,..,..,..,..,..,..,..,..,..,..,..,..,..,..,..,..,..,..,..,..,..,..,..,..,..,..,..,..,..,..,..,..,..,..,..,..,..,1.238515,..,..,1.928912,..,..,4.120339,..,..,..,..
Vietnam,VNM,Credit to government and state-owned enterprises to GDP (%),GFDD.EI.08,..,..,..,..,..,..,..,..,..,..,..,..,..,..,..,..,..,..,..,..,..,..,..,..,..,..,..,..,..,..,..,..,1.478291,1.224582,..,1.910248,0.7466131,1.11344,1.476922,1.58983,1.867029,2.131314,3.278695,5.570053,5.627456,7.749537,7.886686,8.764258,9.437791,8.737803,9.349342,9.312144,11.24115,13.40683,15.44305,16.09496,18.0652,17.06427,15.66462,13.89592,15.05365,..
Vietnam,VNM,Credit flows by fintech and bigtech companies to GDP (%),GFDD.DM.16,..,..,..,..,..,..,..,..,..,..,..,..,..,..,..,..,..,..,..,..,..,..,..,..,..,..,..,..,..,..,..,..,..,..,..,..,..,..,..,..,..,..,..,..,..,..,..,..,..,..,..,..,..,0,0,0,0,0.0279755,0.0502815,0.0840549,..,..
Vietnam,VNM,Deposit money bank assets to deposit money bank assets and central bank assets (%),GFDD.DI.04,..,..,..,..,..,..,..,..,..,..,..,..,..,..,..,..,..,..,..,..,..,..,..,..,..,..,..,..,..,..,..,..,76.5265,73.17515,..,90.58242,87.08068,88.38054,86.74207,91.34108,93.32278,94.13483,94.26402,95.60207,95.66825,97.35307,97.30843,98.91667,99.15575,96.38483,97.02515,98.24493,98.76399,99.30659,99.75662,98.52258,99.51434,99.85418,99.18116,99.88564,99.93545,99.86218
Vietnam,VNM,Insurance company assets to GDP (%),GFDD.DI.11,..,..,..,..,..,..,..,..,..,..,..,..,..,..,..,..,..,..,..,..,..,..,..,..,..,..,..,..,..,..,..,..,..,..,..,..,..,..,..,..,..,..,..,..,..,3.3909148,3.6548885,4.5179169,4.4450437,4.6971257,4.6032331,3.8219484,3.5145136,3.7345517,4.3578893,4.8267196,5.5132448,6.3221774,7.1308389,7.6630068,..,..
Vietnam,VNM,Gross portfolio debt assets to GDP (%),GFDD.DM.11,..,..,..,..,..,..,..,..,..,..,..,..,..,..,..,..,..,..,..,..,..,..,..,..,..,..,..,..,..,..,..,..,..,..,..,..,..,..,..,..,..,..,..,..,..,..,..,..,..,..,..,..,..,..,..,..,..,..,..,..,..,..
Vietnam,VNM,Liquid liabilities to GDP (%),GFDD.DI.05,..,..,..,..,..,..,..,..,..,..,..,..,..,..,..,..,..,..,..,..,..,..,..,..,..,..,..,..,..,..,..,..,22.50751,20.07458,..,19.56648,20.71005,22.50731,24.20798,36.37278,44.6045,52.11897,53.03549,61.6292,69.26354,70.95988,79.34066,100,93.20988,105.5249,114.8148,99.64029,106.4615,117.0391,127.4112,137.7088,151.1111,155.0898,158.1228,164.7351,179.6502,147.6436
Virgin Islands (U.S.),VIR,Account at a formal financial institution (% age 15+),GFDD.AI.05,..,..,..,..,..,..,..,..,..,..,..,..,..,..,..,..,..,..,..,..,..,..,..,..,..,..,..,..,..,..,..,..,..,..,..,..,..,..,..,..,..,..,..,..,..,..,..,..,..,..,..,..,..,..,..,..,..,..,..,..,..,..
Virgin Islands (U.S.),VIR,"Bank accounts per 1,000 adults",GFDD.AI.01,..,..,..,..,..,..,..,..,..,..,..,..,..,..,..,..,..,..,..,..,..,..,..,..,..,..,..,..,..,..,..,..,..,..,..,..,..,..,..,..,..,..,..,..,..,..,..,..,..,..,..,..,..,..,..,..,..,..,..,..,..,..
Virgin Islands (U.S.),VIR,Bank deposits to GDP (%),GFDD.OI.02,..,..,..,..,..,..,..,..,..,..,..,..,..,..,..,..,..,..,..,..,..,..,..,..,..,..,..,..,..,..,..,..,..,..,..,..,..,..,..,..,..,..,..,..,..,..,..,..,..,..,..,..,..,..,..,..,..,..,..,..,..,..
Virgin Islands (U.S.),VIR,Central bank assets to GDP (%),GFDD.DI.06,..,..,..,..,..,..,..,..,..,..,..,..,..,..,..,..,..,..,..,..,..,..,..,..,..,..,..,..,..,..,..,..,..,..,..,..,..,..,..,..,..,..,..,..,..,..,..,..,..,..,..,..,..,..,..,..,..,..,..,..,..,..
Virgin Islands (U.S.),VIR,Credit card (% age 15+),GFDD.AI.20,..,..,..,..,..,..,..,..,..,..,..,..,..,..,..,..,..,..,..,..,..,..,..,..,..,..,..,..,..,..,..,..,..,..,..,..,..,..,..,..,..,..,..,..,..,..,..,..,..,..,..,..,..,..,..,..,..,..,..,..,..,..
Virgin Islands (U.S.),VIR,Credit to government and state-owned enterprises to GDP (%),GFDD.EI.08,..,..,..,..,..,..,..,..,..,..,..,..,..,..,..,..,..,..,..,..,..,..,..,..,..,..,..,..,..,..,..,..,..,..,..,..,..,..,..,..,..,..,..,..,..,..,..,..,..,..,..,..,..,..,..,..,..,..,..,..,..,..
Virgin Islands (U.S.),VIR,Credit flows by fintech and bigtech companies to GDP (%),GFDD.DM.16,..,..,..,..,..,..,..,..,..,..,..,..,..,..,..,..,..,..,..,..,..,..,..,..,..,..,..,..,..,..,..,..,..,..,..,..,..,..,..,..,..,..,..,..,..,..,..,..,..,..,..,..,..,..,..,..,..,..,..,..,..,..
Virgin Islands (U.S.),VIR,Deposit money bank assets to deposit money bank assets and central bank assets (%),GFDD.DI.04,..,..,..,..,..,..,..,..,..,..,..,..,..,..,..,..,..,..,..,..,..,..,..,..,..,..,..,..,..,..,..,..,..,..,..,..,..,..,..,..,..,..,..,..,..,..,..,..,..,..,..,..,..,..,..,..,..,..,..,..,..,..
Virgin Islands (U.S.),VIR,Insurance company assets to GDP (%),GFDD.DI.11,..,..,..,..,..,..,..,..,..,..,..,..,..,..,..,..,..,..,..,..,..,..,..,..,..,..,..,..,..,..,..,..,..,..,..,..,..,..,..,..,..,..,..,..,..,..,..,..,..,..,..,..,..,..,..,..,..,..,..,..,..,..
Virgin Islands (U.S.),VIR,Gross portfolio debt assets to GDP (%),GFDD.DM.11,..,..,..,..,..,..,..,..,..,..,..,..,..,..,..,..,..,..,..,..,..,..,..,..,..,..,..,..,..,..,..,..,..,..,..,..,..,..,..,..,..,..,..,..,..,..,..,..,..,..,..,..,..,..,..,..,..,..,..,..,..,..
Virgin Islands (U.S.),VIR,Liquid liabilities to GDP (%),GFDD.DI.05,..,..,..,..,..,..,..,..,..,..,..,..,..,..,..,..,..,..,..,..,..,..,..,..,..,..,..,..,..,..,..,..,..,..,..,..,..,..,..,..,..,..,..,..,..,..,..,..,..,..,..,..,..,..,..,..,..,..,..,..,..,..
West Bank and Gaza,PSE,Account at a formal financial institution (% age 15+),GFDD.AI.05,..,..,..,..,..,..,..,..,..,..,..,..,..,..,..,..,..,..,..,..,..,..,..,..,..,..,..,..,..,..,..,..,..,..,..,..,..,..,..,..,..,..,..,..,..,..,..,..,..,..,..,19.42803,..,..,24.24381,..,..,25.02218,..,..,..,33.18041
West Bank and Gaza,PSE,"Bank accounts per 1,000 adults",GFDD.AI.01,..,..,..,..,..,..,..,..,..,..,..,..,..,..,..,..,..,..,..,..,..,..,..,..,..,..,..,..,..,..,..,..,..,..,..,..,..,..,..,..,..,..,..,..,..,..,..,..,..,18.406661,21.05041,20.786768,21.15838,20.499064,20.729178,20.419042,21.273089,22.00296,21.902816,23.365914,24.150878,28.906429
West Bank and Gaza,PSE,Bank deposits to GDP (%),GFDD.OI.02,..,..,..,..,..,..,..,..,..,..,..,..,..,..,..,..,..,..,..,..,..,..,..,..,..,..,..,..,..,..,..,..,..,..,..,..,48.03197,50.33405,55.45401,62.81555,77.35992,80.84209,86.50107,84.20688,78.28449,71.88869,73.96778,82.18929,73.90485,71.34231,62.96893,56.67504,55.43914,55.44415,57.28357,63.14137,63.18624,68.14044,69.9978,73.16188,91.9543,85.79536
West Bank and Gaza,PSE,Central bank assets to GDP (%),GFDD.DI.06,..,..,..,..,..,..,..,..,..,..,..,..,..,..,..,..,..,..,..,..,..,..,..,..,..,..,..,..,..,..,..,..,..,..,..,..,..,..,0.347616,0.3807351,0.3240462,0.4024387,0.5064074,0.345746,0.1771041,0.1456791,0.1388395,0.1181521,0.0834662,0.0690339,0.0410032,0.0353928,0.0329289,0.0511032,0.0464549,0.0469111,0.0361043,0.0380175,0.0466478,0.0418012,0.0517103,0.012841
West Bank and Gaza,PSE,Credit card (% age 15+),GFDD.AI.20,..,..,..,..,..,..,..,..,..,..,..,..,..,..,..,..,..,..,..,..,..,..,..,..,..,..,..,..,..,..,..,..,..,..,..,..,..,..,..,..,..,..,..,..,..,..,..,..,..,..,..,3.701172,..,..,1.213969,..,..,3.039311,..,..,..,3.579408
West Bank and Gaza,PSE,Credit to government and state-owned enterprises to GDP (%),GFDD.EI.08,..,..,..,..,..,..,..,..,..,..,..,..,..,..,..,..,..,..,..,..,..,..,..,..,..,..,..,..,..,..,..,..,..,..,..,..,..,..,..,..,..,..,..,..,..,..,..,..,..,..,..,..,..,..,..,..,..,..,..,..,..,..
West Bank and Gaza,PSE,Credit flows by fintech and bigtech companies to GDP (%),GFDD.DM.16,..,..,..,..,..,..,..,..,..,..,..,..,..,..,..,..,..,..,..,..,..,..,..,..,..,..,..,..,..,..,..,..,..,..,..,..,..,..,..,..,..,..,..,..,..,..,..,..,..,..,..,..,..,0.0130221,0.0155114,0.0222582,0.0253807,0.0260417,0.0212575,..,..,..
West Bank and Gaza,PSE,Deposit money bank assets to deposit money bank assets and central bank assets (%),GFDD.DI.04,..,..,..,..,..,..,..,..,..,..,..,..,..,..,..,..,..,..,..,..,..,..,..,..,..,..,..,..,..,..,..,..,..,..,..,..,..,..,98.3132,98.42357,98.97023,98.71158,98.23697,98.78178,99.47004,99.62468,99.61968,99.6224,99.67514,99.75764,99.86353,99.89219,99.90752,99.85116,99.8717,99.89102,99.92164,99.92567,99.91251,99.92337,99.92265,99.97934
West Bank and Gaza,PSE,Insurance company assets to GDP (%),GFDD.DI.11,..,..,..,..,..,..,..,..,..,..,..,..,..,..,..,..,..,..,..,..,..,..,..,..,..,..,..,..,..,..,..,..,..,..,..,..,..,..,..,..,..,..,..,..,..,..,..,..,..,..,..,..,..,..,..,..,..,..,..,..,..,..
West Bank and Gaza,PSE,Gross portfolio debt assets to GDP (%),GFDD.DM.11,..,..,..,..,..,..,..,..,..,..,..,..,..,..,..,..,..,..,..,..,..,..,..,..,..,..,..,..,..,..,..,..,..,..,..,..,..,..,..,..,..,..,..,..,..,..,..,..,..,..,..,..,..,..,..,..,..,..,..,..,..,..
West Bank and Gaza,PSE,Liquid liabilities to GDP (%),GFDD.DI.05,..,..,..,..,..,..,..,..,..,..,..,..,..,..,..,..,..,..,..,..,..,..,..,..,..,..,..,..,..,..,..,..,..,..,..,..,..,..,55.45401,62.81555,77.35992,80.8421,86.50107,84.20688,78.28449,71.88869,74.0308,82.19819,73.94254,71.38557,63.00567,56.69243,55.45844,55.47121,57.43898,63.46423,63.33522,68.2187,70.11212,73.26466,92.02801,85.79536
"Yemen, Rep.",YEM,Account at a formal financial institution (% age 15+),GFDD.AI.05,..,..,..,..,..,..,..,..,..,..,..,..,..,..,..,..,..,..,..,..,..,..,..,..,..,..,..,..,..,..,..,..,..,..,..,..,..,..,..,..,..,..,..,..,..,..,..,..,..,..,..,3.659954,..,..,6.448482,..,..,..,..,..,..,..
"Yemen, Rep.",YEM,"Bank accounts per 1,000 adults",GFDD.AI.01,..,..,..,..,..,..,..,..,..,..,..,..,..,..,..,..,..,..,..,..,..,..,..,..,..,..,..,..,..,..,..,..,..,..,..,..,..,..,..,..,..,..,..,..,56.064858,66.115738,75.072837,76.745626,85.757702,104.4667,85.291974,88.013188,114.90321,114.77064,118.53612,113.32252,..,..,..,..,..,..
"Yemen, Rep.",YEM,Bank deposits to GDP (%),GFDD.OI.02,..,..,..,..,..,..,..,..,..,..,..,..,..,..,..,..,..,..,..,..,..,..,..,..,..,..,..,..,..,..,17.1815,16.10616,15.45403,14.83971,13.29766,18.31945,15.63939,15.28477,18.88516,15.60098,15.72522,18.18077,20.1667,21.35704,21.64341,19.21669,21.17196,22.77835,21.19775,25.10098,21.83916,18.77586,23.05796,24.76777,..,..,..,..,..,..,..,..
"Yemen, Rep.",YEM,Central bank assets to GDP (%),GFDD.DI.06,..,..,..,..,..,..,..,..,..,..,..,..,..,..,..,..,..,..,..,..,..,..,..,..,..,..,..,..,..,..,50.74096,46.88024,48.63898,51.99606,53.68062,40.39386,26.84059,19.37182,23.0252,14.17366,1.266317,0.2179472,0.1170601,0.0858646,0.17058,0.0884089,0.1340975,0.247839,3.549939,8.058832,8.287917,12.53909,12.75842,11.19355,..,..,..,..,..,..,..,..
"Yemen, Rep.",YEM,Credit card (% age 15+),GFDD.AI.20,..,..,..,..,..,..,..,..,..,..,..,..,..,..,..,..,..,..,..,..,..,..,..,..,..,..,..,..,..,..,..,..,..,..,..,..,..,..,..,..,..,..,..,..,..,..,..,..,..,..,..,0.2739963,..,..,0.3734262,..,..,..,..,..,..,..
"Yemen, Rep.",YEM,Credit to government and state-owned enterprises to GDP (%),GFDD.EI.08,..,..,..,..,..,..,..,..,..,..,..,..,..,..,..,..,..,..,..,..,..,..,..,..,..,..,..,..,..,..,2.005772,2.38872,1.921953,1.407996,1.110296,2.37454,1.240476,4.129623,4.258297,3.413948,4.084191,3.338413,4.06179,5.265666,6.265778,5.71556,5.636509,7.038644,5.029509,10.70281,9.004592,9.191539,11.75762,14.77969,..,..,..,..,..,..,..,..
"Yemen, Rep.",YEM,Credit flows by fintech and bigtech companies to GDP (%),GFDD.DM.16,..,..,..,..,..,..,..,..,..,..,..,..,..,..,..,..,..,..,..,..,..,..,..,..,..,..,..,..,..,..,..,..,..,..,..,..,..,..,..,..,..,..,..,..,..,..,..,..,..,..,..,..,..,0.0020042,0.0027065,0.0008482,0.0002554,0.0005216,9.26E-05,..,..,..
"Yemen, Rep.",YEM,Deposit money bank assets to deposit money bank assets and central bank assets (%),GFDD.DI.04,..,..,..,..,..,..,..,..,..,..,..,..,..,..,..,..,..,..,..,..,..,..,..,..,..,..,..,..,..,..,12.46506,13.52535,11.91106,10.73768,9.006155,14.73269,13.68364,29.27335,29.4417,37.92766,87.59867,97.65424,98.82707,99.26723,98.74564,99.30624,98.94277,98.39799,78.20036,69.58601,64.85468,53.2112,56.24901,64.58849,..,..,..,..,..,..,..,..
"Yemen, Rep.",YEM,Insurance company assets to GDP (%),GFDD.DI.11,..,..,..,..,..,..,..,..,..,..,..,..,..,..,..,..,..,..,..,..,..,..,..,..,..,..,..,..,..,..,..,..,..,..,..,..,..,..,..,..,..,..,..,..,..,..,..,..,..,..,..,..,..,..,..,..,..,..,..,..,..,..
"Yemen, Rep.",YEM,Gross portfolio debt assets to GDP (%),GFDD.DM.11,..,..,..,..,..,..,..,..,..,..,..,..,..,..,..,..,..,..,..,..,..,..,..,..,..,..,..,..,..,..,..,..,..,..,..,..,..,..,..,..,..,..,..,..,..,..,..,..,..,..,..,..,..,..,..,..,..,..,..,..,..,..
"Yemen, Rep.",YEM,Liquid liabilities to GDP (%),GFDD.DI.05,..,..,..,..,..,..,..,..,..,..,..,..,..,..,..,..,..,..,..,..,..,..,..,..,..,..,..,..,..,..,47.10999,44.03237,43.45363,47.08093,48.38699,47.35438,35.75513,33.34671,38.3723,31.52547,30.149,33.57108,34.91094,36.30748,35.06084,32.04613,34.48208,35.20694,31.94936,38.00894,31.90984,31.07643,34.96873,34.74092,..,..,..,..,..,..,..,..
Zambia,ZMB,Account at a formal financial institution (% age 15+),GFDD.AI.05,..,..,..,..,..,..,..,..,..,..,..,..,..,..,..,..,..,..,..,..,..,..,..,..,..,..,..,..,..,..,..,..,..,..,..,..,..,..,..,..,..,..,..,..,..,..,..,..,..,..,..,21.36491,..,..,31.29242,..,..,35.83004,..,..,..,23.84446
Zambia,ZMB,"Bank accounts per 1,000 adults",GFDD.AI.01,..,..,..,..,..,..,..,..,..,..,..,..,..,..,..,..,..,..,..,..,..,..,..,..,..,..,..,..,..,..,..,..,..,..,..,..,..,..,..,..,..,..,..,..,12.770012,16.433852,21.980036,24.627045,27.315025,26.868529,133.06774,150.83612,189.04075,258.21026,288.98385,305.8964,317.84877,331.93618,297.13948,233.04538,216.33827,..
Zambia,ZMB,Bank deposits to GDP (%),GFDD.OI.02,..,..,..,..,..,..,..,..,..,..,..,..,..,..,..,..,..,..,..,..,..,..,..,..,..,..,..,..,..,..,..,..,..,..,..,..,..,..,..,..,..,..,..,..,..,..,..,..,..,15.76751,16.11508,16.65804,17.26424,18.22199,18.40766,23.18788,18.39616,19.64479,20.511,21.3152,26.49758,23.16045
Zambia,ZMB,Central bank assets to GDP (%),GFDD.DI.06,..,..,..,..,..,..,..,..,..,113.6834,..,..,..,..,..,..,..,..,..,..,..,..,..,..,..,..,..,..,..,..,..,..,..,..,..,..,..,..,..,..,..,..,..,..,..,..,..,..,..,4.66131,4.784265,3.704501,2.853723,3.617888,3.196454,4.805634,5.385761,5.385942,5.501214,6.362381,8.865687,6.967791
Zambia,ZMB,Credit card (% age 15+),GFDD.AI.20,..,..,..,..,..,..,..,..,..,..,..,..,..,..,..,..,..,..,..,..,..,..,..,..,..,..,..,..,..,..,..,..,..,..,..,..,..,..,..,..,..,..,..,..,..,..,..,..,..,..,..,3.722087,..,..,1.880665,..,..,4.26655,..,..,..,2.032739
Zambia,ZMB,Credit to government and state-owned enterprises to GDP (%),GFDD.EI.08,..,..,..,..,..,..,..,..,..,..,..,..,..,..,..,..,..,..,..,..,..,..,..,..,..,..,..,..,..,..,..,..,..,..,..,..,..,..,..,..,..,6.848075,6.927189,8.167506,6.5206,6.020167,5.531939,5.461408,3.977518,5.779881,5.215582,6.852437,6.810058,7.788323,6.882413,5.365119,5.107874,8.471202,8.298635,8.426365,12.22518,..
Zambia,ZMB,Credit flows by fintech and bigtech companies to GDP (%),GFDD.DM.16,..,..,..,..,..,..,..,..,..,..,..,..,..,..,..,..,..,..,..,..,..,..,..,..,..,..,..,..,..,..,..,..,..,..,..,..,..,..,..,..,..,..,..,..,..,..,..,..,..,..,..,..,..,0.0045297,0.0054898,0.008423,0.034974,0.0679071,0,0,..,..
Zambia,ZMB,Deposit money bank assets to deposit money bank assets and central bank assets (%),GFDD.DI.04,..,..,..,..,..,..,..,..,..,..,..,..,..,..,..,..,..,..,..,..,..,..,..,..,..,..,..,..,..,..,..,..,..,..,..,..,..,..,..,..,..,..,..,..,..,..,..,..,..,77.14445,75.01411,81.98976,86.78653,84.30277,86.34544,81.40849,76.11961,78.45544,78.55775,76.94057,73.16199,76.72729
Zambia,ZMB,Insurance company assets to GDP (%),GFDD.DI.11,..,..,..,..,..,..,..,..,..,..,..,..,..,..,..,..,..,..,..,..,..,..,..,..,..,..,..,..,..,..,..,..,..,..,..,..,..,..,..,..,..,..,1.2262379,1.3847327,1.2429033,1.1160675,1.1606351,1.2519278,1.3613301,1.1489277,1.0935225,1.1502655,1.221412,1.1758643,1.2181999,1.09645,1.3038285,1.3332122,1.2732719,1.311014,1.4678896,..
Zambia,ZMB,Gross portfolio debt assets to GDP (%),GFDD.DM.11,..,..,..,..,..,..,..,..,..,..,..,..,..,..,..,..,..,..,..,..,..,..,..,..,..,..,..,..,..,..,..,..,..,..,..,..,..,..,..,..,..,..,..,..,..,..,..,..,..,..,..,..,..,..,..,..,..,..,..,..,..,..
Zambia,ZMB,Liquid liabilities to GDP (%),GFDD.DI.05,..,..,..,..,..,..,..,..,..,..,..,..,..,..,..,..,..,..,..,..,..,..,..,..,..,..,..,..,..,..,..,..,..,..,..,..,..,..,..,..,..,..,..,..,..,..,..,..,..,17.83736,18.42963,16.21983,16.06931,17.35743,17.38848,22.45698,17.21022,18.70059,19.6758,20.47008,25.52849,25.35637
Zimbabwe,ZWE,Account at a formal financial institution (% age 15+),GFDD.AI.05,..,..,..,..,..,..,..,..,..,..,..,..,..,..,..,..,..,..,..,..,..,..,..,..,..,..,..,..,..,..,..,..,..,..,..,..,..,..,..,..,..,..,..,..,..,..,..,..,..,..,..,39.65121,..,..,17.18949,..,..,28.17998,..,..,..,29.24969
Zimbabwe,ZWE,"Bank accounts per 1,000 adults",GFDD.AI.01,..,..,..,..,..,..,..,..,..,..,..,..,..,..,..,..,..,..,..,..,..,..,..,..,..,..,..,..,..,..,..,..,..,..,..,..,..,..,..,..,..,..,..,..,518.42095,518.34654,514.22219,200.64727,218.14224,93.977163,167.40259,83.816363,90.271079,89.036822,100.2445,93.016457,287.24925,466.67746,517.12346,641.01364,501.77948,..
Zimbabwe,ZWE,Bank deposits to GDP (%),GFDD.OI.02,..,..,..,..,..,..,..,..,..,..,..,..,..,..,..,5.728272,6.233831,6.601163,7.28008,0.010706,0.0157347,0.0148751,0.0176048,0.0187196,0.0248641,0.0326435,0.029991,0.0364163,0.0379192,0.0444033,0.0409779,0.0434212,0.0611254,0.1059968,0.1450484,0.176563,0.1920164,0.2586077,0.2452657,0.3340577,0.6097381,1.380627,4.170696,..,..,..,..,..,..,14.27616,18.00103,20.27485,21.40109,19.93279,21.83512,23.46486,26.78586,33.47981,40.10917,20.65183,17.86878,15.8677
Zimbabwe,ZWE,Central bank assets to GDP (%),GFDD.DI.06,..,..,..,..,..,..,..,..,..,..,..,..,..,..,..,1.850708,2.065593,2.401256,3.042559,0.0015336,0.0018386,0.0053548,0.0047742,0.0110468,0.0075836,0.008865,0.0090637,0.0112442,0.0071143,0.0075901,0.0127509,0.0159966,0.0348853,0.0414342,0.0946253,0.1711534,0.2316839,0.3018715,0.4097266,0.5181968,0.8986038,0.3861457,0.6576173,..,..,..,..,..,..,9.397881,8.129003,8.0748,7.270041,6.535549,5.828234,7.589475,12.26699,20.1172,32.04514,8.484409,2.881772,2.707782
Zimbabwe,ZWE,Credit card (% age 15+),GFDD.AI.20,..,..,..,..,..,..,..,..,..,..,..,..,..,..,..,..,..,..,..,..,..,..,..,..,..,..,..,..,..,..,..,..,..,..,..,..,..,..,..,..,..,..,..,..,..,..,..,..,..,..,..,6.464674,..,..,1.828488,..,..,1.341555,..,..,..,0.4936995
Zimbabwe,ZWE,Credit to government and state-owned enterprises to GDP (%),GFDD.EI.08,..,..,..,..,..,..,..,..,..,..,..,..,..,..,..,..,..,..,..,..,..,..,..,..,..,..,..,..,..,..,..,..,..,..,..,..,..,..,..,..,..,..,..,..,..,..,..,..,..,..,..,..,..,..,..,..,..,..,..,..,..,..
Zimbabwe,ZWE,Credit flows by fintech and bigtech companies to GDP (%),GFDD.DM.16,..,..,..,..,..,..,..,..,..,..,..,..,..,..,..,..,..,..,..,..,..,..,..,..,..,..,..,..,..,..,..,..,..,..,..,..,..,..,..,..,..,..,..,..,..,..,..,..,..,..,..,..,..,0.0034571,0.0066169,0.0036067,0.0054991,0.0092125,0.0105434,..,..,..
Zimbabwe,ZWE,Deposit money bank assets to deposit money bank assets and central bank assets (%),GFDD.DI.04,..,..,..,..,..,..,..,..,..,..,..,..,..,..,..,..,..,..,..,52.65355,79.79598,53.58179,61.47922,39.84484,75.04575,77.14268,76.92454,74.14045,83.07843,84.93786,74.28857,77.50774,71.63303,78.77873,64.12903,60.59273,52.86055,53.01767,47.92498,47.64662,49.73634,80.17572,86.43031,82.9752,77.34774,..,..,..,..,43.437,62.87359,70.52141,74.83862,76.27381,79.32772,76.16954,66.65643,58.82729,49.10462,53.29511,72.93955,76.89014
Zimbabwe,ZWE,Insurance company assets to GDP (%),GFDD.DI.11,..,..,..,..,..,..,..,..,..,..,..,..,..,..,..,..,..,..,..,..,..,..,..,..,..,..,..,..,..,..,..,..,..,..,..,..,..,..,..,..,..,..,..,..,..,..,..,..,..,..,..,..,..,..,..,..,..,..,..,..,..,..
Zimbabwe,ZWE,Gross portfolio debt assets to GDP (%),GFDD.DM.11,..,..,..,..,..,..,..,..,..,..,..,..,..,..,..,..,..,..,..,..,..,..,..,..,..,..,..,..,..,..,..,..,..,..,..,..,..,..,..,..,..,..,..,..,..,..,..,..,..,..,..,..,..,..,..,..,..,..,..,..,..,..
Zimbabwe,ZWE,Liquid liabilities to GDP (%),GFDD.DI.05,..,..,..,..,..,..,..,..,..,..,..,..,..,..,..,..,..,..,..,0.0270229,0.0306205,0.0282711,0.0315433,0.0343377,0.0472818,0.0642736,0.0633881,0.0723579,0.0662808,0.0903103,0.0886287,0.1065566,0.1394136,0.2081847,0.271181,0.3360523,0.3780073,0.4774832,0.4450806,0.5985961,0.9749299,1.933075,5.581073,..,..,..,..,..,..,14.2815,18.46481,20.68582,21.72788,20.36551,22.45144,23.72458,27.43823,35.46699,42.56636,21.93558,18.23184,16.12596
,,,,,,,,,,,,,,,,,,,,,,,,,,,,,,,,,,,,,,,,,,,,,,,,,,,,,,,,,,,,,,,,,
,,,,,,,,,,,,,,,,,,,,,,,,,,,,,,,,,,,,,,,,,,,,,,,,,,,,,,,,,,,,,,,,,
,,,,,,,,,,,,,,,,,,,,,,,,,,,,,,,,,,,,,,,,,,,,,,,,,,,,,,,,,,,,,,,,,
Data from database: Global Financial Development,,,,,,,,,,,,,,,,,,,,,,,,,,,,,,,,,,,,,,,,,,,,,,,,,,,,,,,,,,,,,,,,,
Last Updated: 09/23/2022,,,,,,,,,,,,,,,,,,,,,,,,,,,,,,,,,,,,,,,,,,,,,,,,,,,,,,,,,,,,,,,,,
