Country Name,Country Code,Series Code,1990,1991,1992,1993,1994,1995,1996,1997,1998,1999,2000,2001,2002,2003,2004,2005,2006,2007,2008,2009,2010,2011,2012,2013,2014,2015,2016,2017,2018,2019,2020,Region,Income Group
Afghanistan,AFG,DT.TDS.DPPF.XP.ZS,,,,,,,,,,,,,,,,,,,0.402819292924976,0.487686262693032,0.344156289997136,0.313643499018774,0.553390349525131,1.55478392301891,1.87526084674456,2.80585396332281,3.73588202243344,3.54864769227737,2.59522269404553,2.39042205413598,2.2440821580961,South Asia,Low income
Afghanistan,AFG,EG.ELC.ACCS.ZS,,,,,,,,,,,1.61359095573425,4.07457399368286,9.40915775299072,14.7385063171387,20.0649681091309,25.3908939361572,30.7186908721924,36.0510101318359,42.4000015258789,46.7400512695313,42.7000007629395,43.2220191955566,69.0999984741211,68.2906494140625,89.5,71.5,97.6999969482422,97.6999969482422,96.6161346435547,97.6999969482422,97.6999969482422,South Asia,Low income
Afghanistan,AFG,GFDD.AI.01,,,,,,,,,,,,,,,,,,,36.402495,87.487134,105.88574,139.43751,166.11281,155.78115,172.80729,181.08728,182.14525,166.16705,174.29911,183.28731,,South Asia,Low income
Afghanistan,AFG,GFDD.DI.04,,,,,,,,,,,,,,,,,,,,82.58896,86.0317,77.96436,56.26987,59.72195,59.32874,60.26381,65.52003,73.74906,84.97005,97.7129,96.25589,South Asia,Low income
Afghanistan,AFG,GFDD.DI.05,,,,,,,,,,,,,,,,,23.49449,27.73951,29.28606,33.30402,36.06937,37.24286,32.76096,33.32521,34.01956,33.82253,37.22271,36.86128,36.60749,34.9591,37.20945,South Asia,Low income
Afghanistan,AFG,GFDD.DI.06,,,,,,,,,,,,,,,,,,,,2.248049,1.917891,1.425788,3.233945,2.826811,2.551267,2.497572,1.992255,1.323696,0.6103021,0.0750632,0.1159692,South Asia,Low income
Afghanistan,AFG,GFDD.DI.11,,,,,,,,,,,,,,,,,,,,,,,,,,,,,,,,South Asia,Low income
Afghanistan,AFG,GFDD.DM.11,,,,,,,,,,,,,,,,,,,,,,,,,,,,,,,,South Asia,Low income
Afghanistan,AFG,GFDD.EI.08,,,,,,,,,,,,,,,,,,,,,,,,,,,,,,,,South Asia,Low income
Afghanistan,AFG,GFDD.OI.02,,,,,,,,,,,,,,,,,9.212831,13.07231,15.5035,18.70725,19.14611,19.30889,18.08667,17.72008,17.20384,17.11684,18.96479,19.07627,18.88173,16.91687,17.64849,South Asia,Low income
Afghanistan,AFG,SH.STA.BRTC.ZS,,,,,,,,,,,12.4,,,14.3,,,18.9,,24,,34.3,38.6,39.9,,45.2,50.5,,53.4,58.8,,,South Asia,Low income
Afghanistan,AFG,SL.IND.EMPL.ZS,,12.4300003051758,12.210000038147,11.5699996948242,11.4799995422363,11.5100002288818,11.0799999237061,10.6899995803833,10.3299999237061,9.94999980926514,9.47999954223633,8.97999954223633,9.98999977111816,10.3500003814697,10.6099996566772,11.3299999237061,11.789999961853,12.1999998092651,12.4799995422363,13.6300001144409,14.6599998474121,14.75,15.7700004577637,16.3299999237061,16.7700004577637,17.1700000762939,17.3199996948242,18.0300006866455,18.4599990844727,18.5499992370605,,South Asia,Low income
Albania,ALB,DT.TDS.DPPF.XP.ZS,,4.29887168674699,2.17526038751346,3.17620015741834,6.63578141560799,1.97426736758052,4.36355304424004,13.7492488493594,8.36030479390681,4.32975848421053,4.08926321599045,4.10415419763616,6.47285588325464,5.01284692817012,4.74380409315947,4.44191909323202,4.37998012053594,3.65450734719358,3.14336489120975,4.82722888374752,6.83537687202513,7.55635667663239,7.91808193860457,5.09412886419534,6.32797011387068,16.9562909343761,7.23736770869135,6.82537209644591,13.1415021502343,7.51813931177903,17.8976526084543,Europe & Central Asia,Upper middle income
Albania,ALB,EG.ELC.ACCS.ZS,100,100,100,100,100,100,100,100,100,100,100,100,100,100,100,100,100,100,100,100,100,100,99.9000015258789,100,99.9499969482422,99.9800033569336,99.8899993896484,99.8899993896484,100,100,100,Europe & Central Asia,Upper middle income
Albania,ALB,GFDD.AI.01,,,,,,,,,,,,,,,,,,,,,,,,,,,1109.4239,1093.8435,1051.9623,1094.8483,1133.1195,Europe & Central Asia,Upper middle income
Albania,ALB,GFDD.DI.04,,,,,58.31802,70.58632,73.44514,56.80686,60.10012,68.82464,68.60171,71.69236,71.5622,75.49699,80.08146,82.29821,85.61717,87.34673,88.56968,89.38724,91.75062,92.35944,92.38214,92.63004,92.34568,91.71468,94.06599,94.19537,93.9041,94.23023,93.56905,Europe & Central Asia,Upper middle income
Albania,ALB,GFDD.DI.05,,,,,39.76496,48.44382,46.22337,59.92533,62.23912,66.02231,65.46322,69.82247,66.85226,65.44225,68.22042,71.41761,76.36533,78.46536,75.48072,59.0378,64.35965,68.69024,71.21796,72.56398,73.43582,72.90962,74.61969,71.45648,68.48411,69.82919,77.39526,Europe & Central Asia,Upper middle income
Albania,ALB,GFDD.DI.06,,,,,38.9519,22.53627,16.95704,28.48758,24.69372,17.07625,16.62397,14.50006,14.09178,11.97431,9.651939,9.189349,8.40533,8.215148,7.829318,7.326433,5.541931,5.343606,5.249811,5.082034,5.276285,5.354491,3.735874,3.518524,3.510658,3.389089,4.226071,Europe & Central Asia,Upper middle income
Albania,ALB,GFDD.DI.11,,,,,,,,,,,,,,,1.1387429,,1.3123111,1.3836992,1.436601,1.4185228,1.4551751,1.4891312,1.5263229,1.6176406,1.7523666,1.9249897,1.9981268,1.9720129,1.9253553,2.2937075,2.4027192,Europe & Central Asia,Upper middle income
Albania,ALB,GFDD.DM.11,,,,,,,,,,,,,,,,,,0.8419388,1.192739,1.233491,2.019677,2.462609,3.918897,5.083622,5.720746,4.51032,6.048731,5.143755,5.348466,6.262567,9.207189,Europe & Central Asia,Upper middle income
Albania,ALB,GFDD.EI.08,,,,,50.45245,50.31882,43.64244,33.54047,33.33377,33.59151,31.4507,30.52274,28.98522,29.23848,29.17292,27.34675,27.7209,26.78846,25.33599,24.92359,24.27309,25.2794,24.7477,26.00121,26.25305,23.90911,24.6394,24.53494,23.53838,24.00562,26.7647,Europe & Central Asia,Upper middle income
Albania,ALB,GFDD.OI.02,,,,,24.24287,29.55024,31.92305,37.97531,44.48563,47.68661,45.66356,48.68773,45.41947,46.96875,49.49909,52.80478,57.65782,62.41558,57.3421,57.90776,63.32483,67.28407,69.8149,70.35517,70.04085,68.59187,68.64949,64.34592,60.41314,60.71103,67.65973,Europe & Central Asia,Upper middle income
Albania,ALB,SH.STA.BRTC.ZS,93,92.6,86.4,87.2,89.1,89.1,91.2,98.8,99.1,99,99.1,99,98,98.8,99.3,99.8,99,,,99.3,,,,,,,,,99.8,,,Europe & Central Asia,Upper middle income
Albania,ALB,SL.IND.EMPL.ZS,,11.5799999237061,11.4499998092651,11.6300001144409,11.789999961853,12.0299997329712,11.7299995422363,11.6300001144409,11.7200002670288,12.1700000762939,12.8100004196167,13.6700000762939,14.460000038147,14.8100004196167,15.2299995422363,15.7600002288818,16.4799995422363,16.9500007629395,17.7800006866455,19.9400005340576,20.5900001525879,18.8700008392334,17.2800006866455,16.8799991607666,17.7399997711182,18.6700000762939,19.3799991607666,19.3799991607666,19.75,20.1499996185303,,Europe & Central Asia,Upper middle income
Algeria,DZA,DT.TDS.DPPF.XP.ZS,63.7561072560198,70.9107060359716,,,,,,,,,,,,,,11.3752453194881,22.111901264211,1.12933325064654,1.18114274342916,0.883621199195184,0.604873213157269,0.587429122747538,0.839000782722053,0.42095812143328,0.358222524465445,0.470750216340195,0.475646929851391,0.41848455358651,0.327380915985938,0.333320590291572,0.404673242814271,Middle East & North Africa,Lower middle income
Algeria,DZA,EG.ELC.ACCS.ZS,,,,,,,,,,,98.9730987548828,98.9668731689453,98.9530563354492,98.9340133666992,98.9120788574219,98.8896102905273,98.869010925293,98.8529357910156,99.3000030517578,98.8451843261719,98.8589324951172,98.8880310058594,98.7646636962891,99.0022048950195,99.0870132446289,99.1866607666016,99.3502502441406,99.6354904174805,99.6978378295898,99.5,99.8041305541992,Middle East & North Africa,Lower middle income
Algeria,DZA,GFDD.AI.01,,,,,,,,,,,,,,,,,,,,,,,,,,,,,,,,Middle East & North Africa,Lower middle income
Algeria,DZA,GFDD.DI.04,78.3101,80.79305,73.01772,65.53322,66.63146,74.76546,83.54134,85.0892,86.70982,89.46928,89.06787,92.72879,94.04404,93.94376,95.04723,95.57029,80.39911,99.76729,99.81059,99.81031,99.79201,99.80945,99.81128,99.89756,99.90615,99.92479,99.94191,81.51266,68.52157,66.8563,67.85996,Middle East & North Africa,Lower middle income
Algeria,DZA,GFDD.DI.05,61.92713,48.1069,50.66121,49.10256,45.4436,36.90268,33.00584,36.08158,42.37712,42.07777,37.82976,54.33134,60.30313,60.34156,56.6909,50.17707,53.80409,60.04026,58.82249,67.40389,62.92138,60.97169,59.63226,62.83195,70.8328,74.55348,72.23631,73.84113,76.15809,74.72868,87.61681,Middle East & North Africa,Lower middle income
Algeria,DZA,GFDD.DI.06,17.82918,11.66562,15.14804,23.01727,17.18489,12.14126,7.038949,6.393389,6.179602,5.051198,4.095623,3.466281,2.999089,2.740328,2.016596,1.654364,8.655043,0.0794927,0.0577167,0.0756455,0.0773756,0.0678238,0.0680435,0.0408433,0.0434778,0.0414629,0.0350779,13.20188,27.27703,32.01483,35.70337,Middle East & North Africa,Lower middle income
Algeria,DZA,GFDD.DI.11,,,,,,,,,,,1.3289681,1.3070427,,,,,0.76338248,0.82648286,,1.0963255,1.1518681,1.1421688,1.1135747,1.2059719,1.386642,1.5094342,1.5150759,1.4504262,,,,Middle East & North Africa,Lower middle income
Algeria,DZA,GFDD.DM.11,,,,,,,,,,,,,,,,,,,,,,,,,,,,,,,,Middle East & North Africa,Lower middle income
Algeria,DZA,GFDD.EI.08,8.08622,3.728315,33.92069,37.28133,27.81081,30.81173,30.36467,32.57956,35.76546,37.56185,27.4194,36.22748,35.1901,31.31682,27.72717,23.84563,23.39024,21.20873,17.63616,23.55731,21.93333,21.82791,21.97769,23.34778,27.95268,33.40324,37.49484,33.82284,34.39246,38.9275,45.65574,Middle East & North Africa,Lower middle income
Algeria,DZA,GFDD.OI.02,43.92749,33.45822,27.25068,32.59271,29.85962,24.50037,21.78938,23.91127,28.57152,28.67068,26.14624,40.59793,45.39818,45.21692,42.39005,37.78471,40.9648,46.19802,44.71291,48.66047,44.98983,43.06861,41.27208,43.42392,49.44395,49.87261,46.48419,48.7765,49.58972,48.01913,53.93711,Middle East & North Africa,Lower middle income
Algeria,DZA,SH.STA.BRTC.ZS,,,76.5,,,,,,,,92,,95.9,,,,95.2,,,,,,,96.6,,,,,,,,Middle East & North Africa,Lower middle income
Algeria,DZA,SL.IND.EMPL.ZS,,25.3999996185303,25.2600002288818,25.0300006866455,24.8199996948242,24.8199996948242,24.7800006866455,24.7000007629395,24.7700004577637,24.6700000762939,24.8999996185303,25.0100002288818,24.7999992370605,24.6900005340576,25.6399993896484,26.7600002288818,27.5200004577637,28.3799991607666,28.8899993896484,29.5699996948242,30.2000007629395,30.8600006103516,30.8099994659424,30.9599990844727,30.9599990844727,30.9200000762939,30.9500007629395,30.9899997711182,30.9099998474121,30.4200000762939,,Middle East & North Africa,Lower middle income
Andorra,AND,DT.TDS.DPPF.XP.ZS,,,,,,,,,,,,,,,,,,,,,,,,,,,,,,,,Europe & Central Asia,High income
Andorra,AND,EG.ELC.ACCS.ZS,100,100,100,100,100,100,100,100,100,100,100,100,100,100,100,100,100,100,100,100,100,100,100,100,100,100,100,100,100,100,100,Europe & Central Asia,High income
Andorra,AND,GFDD.AI.01,,,,,,,,,,,,,,,,,,,,,,,,,,,,,,,,Europe & Central Asia,High income
Andorra,AND,GFDD.DI.04,,,,,,,,,,,,,,,,,,,,,,,,,,,,,,,,Europe & Central Asia,High income
Andorra,AND,GFDD.DI.05,,,,,,,,,,,,,,,,,,,,,,,,,,,,,,,,Europe & Central Asia,High income
Andorra,AND,GFDD.DI.06,,,,,,,,,,,,,,,,,,,,,,,,,,,,,,,,Europe & Central Asia,High income
Andorra,AND,GFDD.DI.11,,,,,,,,,,,,,,,,,,,,,,,,,,,,,,,,Europe & Central Asia,High income
Andorra,AND,GFDD.DM.11,,,,,,,,,,,,,,,,,,,,,,,,,,,,,,,,Europe & Central Asia,High income
Andorra,AND,GFDD.EI.08,,,,,,,,,,,,,,,,,,,,,,,,,,,,,,,,Europe & Central Asia,High income
Andorra,AND,GFDD.OI.02,,,,,,,,,,,,,,,,,,,,,,,,,,,,,,,,Europe & Central Asia,High income
Andorra,AND,SH.STA.BRTC.ZS,,,,,,,,,,,,,,,,,,,,,,,,,,100,100,100,,,,Europe & Central Asia,High income
Andorra,AND,SL.IND.EMPL.ZS,,,,,,,,,,,,,,,,,,,,,,,,,,,,,,,,Europe & Central Asia,High income
Angola,AGO,DT.TDS.DPPF.XP.ZS,7.06505982762928,9.22874938387061,4.79205458001564,2.93441626789502,6.41967160827725,10.7701422388614,17.5217177750125,18.3461215631972,40.1984108164805,26.2099293204466,20.6168753180352,32.7930584219332,16.7392257570693,15.2473334885148,13.5688683961263,10.5212675193515,12.9751118227908,9.65587661135239,2.44356681376533,8.49582807984923,4.45216268102828,4.17887488590371,5.83176750954083,7.27373943006893,11.8603324625358,19.4562205871724,33.2082205873374,22.8244258476556,22.2601204673252,30.2779711173077,32.0748502489067,Sub-Saharan Africa,Lower middle income
Angola,AGO,EG.ELC.ACCS.ZS,,,,,,,,,,,24.2127437591553,20,26.3521175384521,27.4127769470215,28.4705505371094,29.5277862548828,30.5868949890137,37.5,38.4900016784668,33.802188873291,34.895637512207,34.5999984741211,37.1313209533691,38.2780303955078,32,42,41.8131294250488,43.0132598876953,45.2900009155273,45.6427993774414,46.8906097412109,Sub-Saharan Africa,Lower middle income
Angola,AGO,GFDD.AI.01,,,,,,,,,,,,,,,,,,,,,,,,,,,,,,,,Sub-Saharan Africa,Lower middle income
Angola,AGO,GFDD.DI.04,,,,,,12.61995,41.57405,52.83687,30.42027,9.799127,53.82946,78.9985,48.81592,73.09637,84.35313,89.55731,90.61388,95.1316,97.9822,96.91541,97.37198,89.06676,92.00002,94.3792,95.05722,95.86449,92.48722,88.5927,91.82606,91.30259,89.16698,Sub-Saharan Africa,Lower middle income
Angola,AGO,GFDD.DI.05,,,,,,36.48713,27.57757,22.61548,24.43704,22.84935,17.28056,20.99253,16.07836,13.38826,12.38609,12.1416,14.62271,17.03642,21.33171,41.30714,33.87183,33.38961,31.07845,33.1903,35.67548,38.08499,36.65786,29.97325,29.02633,31.44369,35.91101,Sub-Saharan Africa,Lower middle income
Angola,AGO,GFDD.DI.06,,,,,,48.1068,4.638174,4.912676,13.01777,27.14766,1.873905,1.048133,4.086266,2.033262,1.340757,0.8717156,0.8352115,0.7088328,0.5139657,1.27879,0.9009507,3.527955,2.527437,1.864215,1.69617,1.78418,3.255429,4.480846,2.891808,3.041789,4.102101,Sub-Saharan Africa,Lower middle income
Angola,AGO,GFDD.DI.11,,,,,,,,,,,6.4997124,3.9357375,,,,1.1498227,0.90299904,1.0048041,0.79163007,1.5789696,1.7763424,1.5246655,1.2892809,1.3444123,1.4472254,1.8404996,1.331796,1.509168,1.2579609,,,Sub-Saharan Africa,Lower middle income
Angola,AGO,GFDD.DM.11,,,,,,,,,,,,,,,,,,,,,,,0.0485466,0.0985245,0.0995673,0.0924345,0.0568023,,0.0001972,0.0043823,0.0253272,Sub-Saharan Africa,Lower middle income
Angola,AGO,GFDD.EI.08,,,,,,1.932988,0.1005012,0.2730568,1.773033,0.3501329,0.1784093,0.2743184,0.4632297,1.556458,2.83715,3.274846,1.639996,4.079614,12.97667,17.3223,9.437669,8.788699,7.731869,9.504602,12.7333,17.34805,20.13567,18.87967,17.8529,16.92577,20.7012,Sub-Saharan Africa,Lower middle income
Angola,AGO,GFDD.OI.02,,,,,,11.02488,15.52524,16.42821,17.66536,18.84872,13.94027,16.8162,12.91612,10.70298,9.946123,10.2368,12.89404,15.2673,19.40754,38.22892,31.10098,31.37027,29.04334,31.07033,33.2584,38.15775,36.74832,30.10038,29.15427,31.76875,36.41713,Sub-Saharan Africa,Lower middle income
Angola,AGO,SH.STA.BRTC.ZS,,,,,,,22.5,,,,,44.7,,,,,,47.3,,,,,,,,,46.6,,,,,Sub-Saharan Africa,Lower middle income
Angola,AGO,SL.IND.EMPL.ZS,,8.88000011444092,8.76000022888184,8.64999961853027,8.5600004196167,8.48999977111816,8.46000003814697,8.46000003814697,8.5,8.5,8.56999969482422,8.67000007629395,8.78999996185303,8.93000030517578,9.10000038146973,8.84000015258789,8.57999992370605,8.31999969482422,8.01000022888184,7.75,7.84999990463257,7.96000003814697,7.94000005722046,7.8600001335144,7.73000001907349,7.57000017166138,7.3899998664856,7.19000005722046,6.98999977111816,6.80000019073486,,Sub-Saharan Africa,Lower middle income
Antigua and Barbuda,ATG,DT.TDS.DPPF.XP.ZS,,,,,,,,,,,,,,,,,,,,,,,,,,,,,,,,Latin America & Caribbean,High income
Antigua and Barbuda,ATG,EG.ELC.ACCS.ZS,95.7630462646484,95.9406509399414,96.1181335449219,96.2949447631836,96.4703903198242,96.643798828125,96.8144836425781,96.9817733764648,97.1449813842773,97.303352355957,97.6892623901367,97.7852554321289,100,97.9568252563477,98.0371017456055,92.1999969482422,100,100,100,98.4812774658203,98.5972366333008,94.5520172119141,100,100,100,100,100,100,100,100,100,Latin America & Caribbean,High income
Antigua and Barbuda,ATG,GFDD.AI.01,,,,,,,,,,,,,,,,,,,,,,,,,,,,,,,,Latin America & Caribbean,High income
Antigua and Barbuda,ATG,GFDD.DI.04,92.87661,93.40933,95.17883,95.02234,95.02959,96.50962,97.27306,97.76413,98.10182,98.38683,97.87267,98.00859,98.59381,98.58626,98.83627,98.92703,99.15858,99.78204,99.38641,96.96188,96.32382,96.14239,96.32549,96.77686,96.59218,96.53182,97.14331,96.74314,97.05789,97.12909,94.53779,Latin America & Caribbean,High income
Antigua and Barbuda,ATG,GFDD.DI.05,50.17105,55.20625,58.63938,58.6608,57.9985,70.89125,63.21555,63.06691,67.70792,80.29391,78.95084,85.52397,88.56501,97.33987,96.19704,94.14052,92.82883,91.16595,90.23755,90.7937,97.32619,99.71274,96.97998,99.82199,95.68062,94.65948,86.98073,91.28931,89.46191,84.75455,95.27108,Latin America & Caribbean,High income
Antigua and Barbuda,ATG,GFDD.DI.06,3.690562,3.438002,2.677551,2.733828,2.458988,2.098003,1.712614,1.558974,1.362154,1.22284,1.635163,1.600032,1.184939,1.151713,0.8950353,0.8026604,0.6602126,0.1725256,0.5210768,2.998689,3.773339,3.913083,3.441777,2.986456,2.876562,2.483798,1.873888,2.081498,1.754039,1.646019,4.14262,Latin America & Caribbean,High income
Antigua and Barbuda,ATG,GFDD.DI.11,,,,,,,,,,,,,,,,,,,,,,,,,,,,,,,,Latin America & Caribbean,High income
Antigua and Barbuda,ATG,GFDD.DM.11,,,,,,,,,,,,,,,,,,,,,,,,3.881001,6.158255,8.789435,8.970002,9.049447,13.75194,15.62461,15.87312,Latin America & Caribbean,High income
Antigua and Barbuda,ATG,GFDD.EI.08,7.565576,6.635209,7.825176,8.913909,8.443568,12.65993,11.39449,12.28052,14.25767,16.76748,16.52571,16.33877,16.81157,15.81907,15.28802,13.70897,13.65034,14.56211,17.73754,21.51002,19.78739,20.89698,19.849,20.92076,19.71787,16.83392,14.97388,15.58815,14.774,12.96834,15.79314,Latin America & Caribbean,High income
Antigua and Barbuda,ATG,GFDD.OI.02,45.53455,50.75365,53.88372,54.44466,53.84791,65.93112,59.23294,59.4419,63.6456,76.18304,75.15763,81.90885,84.5531,93.06409,91.63269,89.71767,88.23092,87.38882,86.3748,86.38249,92.88503,95.47834,93.22255,95.54,91.25778,90.23624,82.66156,86.84058,85.12023,80.45354,89.53429,Latin America & Caribbean,High income
Antigua and Barbuda,ATG,SH.STA.BRTC.ZS,,,,,,100,100,,100,,99.9,100,99,99,100,99.9,99.9,100,100,100,100,,100,100,100,100,,100,,,,Latin America & Caribbean,High income
Antigua and Barbuda,ATG,SL.IND.EMPL.ZS,,,,,,,,,,,,,,,,,,,,,,,,,,,,,,,,Latin America & Caribbean,High income
Argentina,ARG,DT.TDS.DPPF.XP.ZS,34.8874220823826,31.0208227547731,24.2543244500791,26.685752251754,18.5040509379,20.5009776835245,23.4138917810621,27.6513301036485,28.1614219578564,37.5021736627477,40.2876017613837,31.8056957802838,15.5964927610336,34.9563582469504,19.900580316215,14.2054415594713,23.0847795196932,6.91209218283277,6.73971047343004,10.921743293299,10.4244736533813,7.75775017071539,6.31427835208963,8.07124726230915,11.9788124229574,15.9050054633809,23.8105810555445,38.6975972552592,32.2964621023348,34.1290386838088,15.6270492488584,Latin America & Caribbean,Upper middle income
Argentina,ARG,EG.ELC.ACCS.ZS,92.1548004150391,92.4921875,92.8294525146484,93.1660461425781,93.5012741088867,93.8344650268555,94.1649398803711,94.4920120239258,94.8150024414063,95.1331558227539,95.7832870483398,95.5110626220703,96.2288665771484,96.4426345825195,96.6535034179688,96.8638458251953,97.076057434082,97.2927932739258,97.5167541503906,97.7506561279297,98.8199996948242,99.0953521728516,99.22998046875,99.3426742553711,100,99.6253890991211,99.8495788574219,100,99.9895782470703,100,100,Latin America & Caribbean,Upper middle income
Argentina,ARG,GFDD.AI.01,,,,,,,,,,,,,,,477.33213,508.1048,549.85009,605.41936,616.11481,641.25257,674.73194,727.22693,807.35014,862.55471,908.46915,954.5852,1067.0536,1148.1804,1214.3665,1180.7575,1357.1925,Latin America & Caribbean,Upper middle income
Argentina,ARG,GFDD.DI.04,76.00864,74.85148,82.73595,82.59678,88.1969,88.64128,89.79807,91.39813,92.8978,93.81606,92.66087,80.35063,71.17622,68.30187,69.5024,74.39522,75.67504,77.11217,76.12947,73.02737,71.66055,68.78857,63.55997,59.4109,57.5713,52.80787,55.11782,59.13359,,,,Latin America & Caribbean,Upper middle income
Argentina,ARG,GFDD.DI.05,11.53333,10.61703,13.80395,19.38437,20.95711,20.24592,22.8161,26.57754,28.75975,31.54247,31.96427,27.18917,27.94328,30.11629,28.35122,28.69066,28.09301,27.91623,23.52055,25.38139,25.3695,24.3777,27.15824,27.17935,25.80884,27.67599,28.35506,28.47554,,,,Latin America & Caribbean,Upper middle income
Argentina,ARG,GFDD.DI.06,7.739184,6.013886,4.091106,4.833725,3.247589,3.293852,3.021462,2.686419,2.398412,2.239735,2.627652,7.627637,18.30924,16.64876,13.50976,9.533546,7.684721,6.489634,6.087299,7.793949,8.508353,9.456132,12.56017,14.93377,16.19815,20.30259,17.93329,16.70644,,,,Latin America & Caribbean,Upper middle income
Argentina,ARG,GFDD.DI.11,,,,,,,,,,,,,,3.1512904,,2.7800137,2.5514999,2.3670138,2.1588382,4.1934472,3.6718595,3.4627901,3.5141532,3.5788956,3.662619,3.723205,4.0729809,4.1231627,4.0716393,3.9256888,4.9763954,Latin America & Caribbean,Upper middle income
Argentina,ARG,GFDD.DM.11,,,,,,,,,,12.11959,12.36053,0.4397853,0.7970141,0.6755517,0.5685446,0.0573544,6.653821,4.940852,3.537721,4.286835,3.04032,2.380793,2.19554,2.201457,2.38094,2.220724,2.578762,3.200502,5.224435,6.579714,7.086075,Latin America & Caribbean,Upper middle income
Argentina,ARG,GFDD.EI.08,10.02583,5.873475,4.842083,5.566902,4.312179,6.024972,6.71905,6.987295,7.780574,9.842758,10.00827,11.03507,30.0964,25.2529,21.28682,17.28298,12.3748,9.252244,7.591312,9.102528,9.212341,7.300521,7.218622,6.672659,8.512298,8.637283,8.797899,8.794333,,,,Latin America & Caribbean,Upper middle income
Argentina,ARG,GFDD.OI.02,8.203477,7.670068,10.30013,14.96205,16.4086,15.81596,18.37803,21.91824,24.13389,26.59892,27.4253,23.75952,22.67097,23.01494,21.34349,21.15076,20.53297,20.38741,17.04823,18.42547,18.47964,17.38624,19.13465,19.42729,18.85372,20.49133,21.89971,21.84118,,,,Latin America & Caribbean,Upper middle income
Argentina,ARG,SH.STA.BRTC.ZS,96.9,,95.8,,,98.5,,97.2,97.5,97.5,99.1,98.4,98.9,98.7,99.1,99.1,99.4,99.4,94.8,97.9,95,97.1,98.2,97,99.6,99.6,98.4,93.9,,,,Latin America & Caribbean,Upper middle income
Argentina,ARG,SL.IND.EMPL.ZS,,32.9000015258789,32.3499984741211,29.7199993133545,28.6000003814697,27.0900001525879,25,25.5599994659424,24.8999996185303,23.6800003051758,22.7800006866455,22.0200004577637,20.2199993133545,21.7900009155273,22.6900005340576,23.2600002288818,23.6700000762939,23.9300003051758,24.0200004577637,23.1900005340576,23.3400001525879,23.9699993133545,23.6599998474121,23.9500007629395,24.1599998474121,23.6599998474121,22.8799991607666,22.4400005340576,21.9099998474121,21.8400001525879,,Latin America & Caribbean,Upper middle income
Armenia,ARM,DT.TDS.DPPF.XP.ZS,,,,1.12466507177033,1.93877045672867,3.15209367385766,9.52167213338737,4.91965872212414,12.8909536230376,12.6598740869907,8.23273861334131,8.18853256569916,7.93634873124106,8.79874325896394,6.55218690582062,3.3080825836882,2.75539974886242,1.90597200102888,1.786143520034,2.93825675735458,2.74213451522903,2.67109169059966,5.9265490351931,19.5230749039531,5.86451488414121,9.62644309124567,5.3077917999457,5.24610898761832,6.36303035158352,12.5361146428599,13.2956661265149,Europe & Central Asia,Upper middle income
Armenia,ARM,EG.ELC.ACCS.ZS,,,,,,,,,,,98.9000015258789,100,98,99.1901321411133,99.1892318725586,99.8000030517578,99.188232421875,99.1931838989258,99.2053756713867,99.2275009155273,99.8000030517578,99.6057968139648,99.6289672851563,99.4199981689453,99.7099990844727,100,99.8000030517578,99.6999969482422,99.9000015258789,100,100,Europe & Central Asia,Upper middle income
Armenia,ARM,GFDD.AI.01,,,,,,,,,,,,,,,,,,,,,,,,,,,,,,,,Europe & Central Asia,Upper middle income
Armenia,ARM,GFDD.DI.04,,,71.2442,27.41151,68.82557,78.28555,60.61339,77.76727,82.66435,84.18128,91.92784,91.55433,96.8248,98.63291,95.32157,96.53049,97.65753,98.4414,98.2949,95.18204,96.74907,96.68084,96.93913,97.10075,96.66087,95.78315,95.01034,95.34318,95.46054,95.90026,96.36973,Europe & Central Asia,Upper middle income
Armenia,ARM,GFDD.DI.05,,,79.87205,74.81403,13.09741,7.707154,8.222912,8.733553,10.05222,11.08458,14.70446,13.44959,15.55161,14.39199,14.98692,16.29842,18.28698,21.95241,19.84799,16.69308,17.14887,20.17364,22.17836,25.05049,26.95733,29.40799,34.51529,37.36695,36.79517,37.60079,41.53059,Europe & Central Asia,Upper middle income
Armenia,ARM,GFDD.DI.06,,,17.52407,37.5355,5.097693,2.034157,4.230324,2.050281,1.892713,1.873638,1.015706,0.9267392,0.3046139,0.1092835,0.4400731,0.3585918,0.2527305,0.2427824,0.3469448,1.398111,1.068146,1.335358,1.377574,1.393844,1.818699,2.168129,2.903821,2.835073,2.95718,2.869284,3.158039,Europe & Central Asia,Upper middle income
Armenia,ARM,GFDD.DI.11,,,,,,,,,,,,,,,,,0.31924609,,0.32738748,0.54055018,0.7402442,0.83226089,0.8989025,1.0976887,0.89923176,0.81548852,0.92110165,0.88975509,0.85901686,1.0226918,1.1029234,Europe & Central Asia,Upper middle income
Armenia,ARM,GFDD.DM.11,,,,,,,,,,0.0015822,0.8473122,0.2513933,0.0024786,0.0028463,0.0038059,0.0541573,0.0504649,0.028532,0.0007436,0.1185376,0.1299486,0.1128427,0.1097829,0.1443061,0.1318372,0.16238,0.1982349,0.2361709,0.1336541,0.2349519,0.0876051,Europe & Central Asia,Upper middle income
Armenia,ARM,GFDD.EI.08,,,2.97237,4.718245,0.1789965,0.0677518,0.8869739,1.143524,1.615684,1.242357,1.63772,2.533371,2.5647,2.247082,2.106334,2.039028,1.80014,1.854778,2.30224,3.403679,4.131875,4.604,4.770957,5.60254,5.421659,5.645603,9.064874,9.202452,9.563656,9.777077,14.76592,Europe & Central Asia,Upper middle income
Armenia,ARM,GFDD.OI.02,,,60.45182,52.00778,7.215638,2.870734,2.932779,4.025395,5.660985,6.727925,8.920513,7.90273,9.026091,8.686297,9.783193,9.830217,10.28022,11.56925,10.9683,16.89125,17.15008,20.40175,22.48065,25.408,27.37659,29.89857,34.99961,37.92698,37.32541,38.85471,43.03131,Europe & Central Asia,Upper middle income
Armenia,ARM,SH.STA.BRTC.ZS,99.7,99.7,98.3,95.5,93.3,93.1,95.7,96.4,97.4,98.8,96.8,98.4,98.8,99.2,99.5,97.8,99.7,99.9,99.9,100,99.5,100,100,100,100,,99.8,,,,,Europe & Central Asia,Upper middle income
Armenia,ARM,SL.IND.EMPL.ZS,,16.8999996185303,16.4300003051758,16.0799999237061,15.8699998855591,15.6899995803833,15.5500001907349,15.4399995803833,15.4099998474121,15.4200000762939,15.5600004196167,15.8199996948242,16.2700004577637,16.7999992370605,17.2700004577637,17.8700008392334,18.4899997711182,18.9699993133545,18.1900005340576,17.0799999237061,17.4099998474121,16.6800003051758,17.6800003051758,17,16.7299995422363,15.9099998474121,15.7799997329712,16.7099990844727,22.7900009155273,24.75,,Europe & Central Asia,Upper middle income
Aruba,ABW,DT.TDS.DPPF.XP.ZS,,,,,,,,,,,,,,,,,,,,,,,,,,,,,,,,Latin America & Caribbean,High income
Aruba,ABW,EG.ELC.ACCS.ZS,100,99.1536560058594,99.1971282958984,99.2399139404297,100,100,100,100,100,100,91.660400390625,100,100,100,100,100,100,100,100,100,93.3562927246094,100,100,100,100,100,100,100,100,100,100,Latin America & Caribbean,High income
Aruba,ABW,GFDD.AI.01,,,,,,,,,,,,,,,,,,,,,,,,,,,,,,,,Latin America & Caribbean,High income
Aruba,ABW,GFDD.DI.04,,,,,,,,,,,,,,,,,,,,,,,,,,,,,,,,Latin America & Caribbean,High income
Aruba,ABW,GFDD.DI.05,54.34376,56.63101,57.97995,54.25106,53.70507,52.81032,52.73498,49.4143,51.61959,54.98654,51.59887,54.20418,57.90205,60.5792,56.37475,57.3309,56.37428,53.54505,58.78377,69.20825,71.82883,66.89094,73.03748,67.3776,69.58105,71.73654,78.00833,76.60137,76.35977,84.86919,118.0107,Latin America & Caribbean,High income
Aruba,ABW,GFDD.DI.06,,,,,,,,,,,,,,,,,,,,,,,,,,,,,,,,Latin America & Caribbean,High income
Aruba,ABW,GFDD.DI.11,,,,,,,,,,,,,,,,,,,,,,,,,,,,,,,,Latin America & Caribbean,High income
Aruba,ABW,GFDD.DM.11,,,,,,,,,,5.35346,6.2645,5.728043,5.518045,5.353639,5.454069,5.600791,6.772841,4.053061,4.443766,6.162617,6.65132,4.824375,14.57472,11.62766,12.87479,14.65814,15.82555,18.3383,18.36735,21.13031,28.98771,Latin America & Caribbean,High income
Aruba,ABW,GFDD.EI.08,,,,,,1.560054,2.406194,2.169864,1.875893,1.992444,1.296258,1.814535,1.895412,2.313258,2.128216,3.003044,2.750536,2.756739,1.693161,2.75849,5.64868,6.069483,6.9048,6.888963,6.641898,6.974511,7.531773,9.94719,10.34001,9.415532,10.7687,Latin America & Caribbean,High income
Aruba,ABW,GFDD.OI.02,49.63587,51.45119,53.37284,49.85363,49.58435,48.18968,48.59514,45.50193,47.81631,50.73794,47.85699,49.85022,53.92677,57.02629,53.03474,53.6046,52.46921,49.86539,55.13926,65.35717,67.81293,62.99598,68.74087,62.98694,65.01788,67.19653,73.38168,71.77642,71.7943,80.60335,111.0538,Latin America & Caribbean,High income
Aruba,ABW,SH.STA.BRTC.ZS,,,,,,,,,,,,,96,,,,,,,,,,,,,,,,,,,Latin America & Caribbean,High income
Aruba,ABW,SL.IND.EMPL.ZS,,,,,,,,,,,,,,,,,,,,,,,,,,,,,,,,Latin America & Caribbean,High income
Australia,AUS,DT.TDS.DPPF.XP.ZS,,,,,,,,,,,,,,,,,,,,,,,,,,,,,,,,East Asia & Pacific,High income
Australia,AUS,EG.ELC.ACCS.ZS,100,100,100,100,100,100,100,100,100,100,100,100,100,100,100,100,100,100,100,100,100,100,100,100,100,100,100,100,100,100,100,East Asia & Pacific,High income
Australia,AUS,GFDD.AI.01,,,,,,,,,,,,,,,,,,,,,,,,,,,,,,,,East Asia & Pacific,High income
Australia,AUS,GFDD.DI.04,98.45472,98.07352,95.40834,95.68945,96.2251,95.52442,93.01648,96.02564,95.41187,97.43126,96.97637,96.97147,97.05864,98.49306,97.98875,97.66978,96.84608,95.70463,94.06898,97.02641,97.71706,97.25514,97.32871,99.56694,99.66566,99.55341,99.43216,99.79808,99.79701,99.57968,96.16393,East Asia & Pacific,High income
Australia,AUS,GFDD.DI.05,52.93701,53.1712,55.02199,55.24174,57.29232,58.59998,61.13884,62.13887,63.85616,67.67393,65.16219,69.4108,68.46848,72.77219,75.21812,75.80177,80.85426,96.33713,100.8554,99.17868,100.337,100.7246,104.5469,103.3396,107.5636,112.2473,115.3947,113.7333,110.7433,120.0056,138.2031,East Asia & Pacific,High income
Australia,AUS,GFDD.DI.06,1.03557,1.320874,3.30217,3.133325,2.791524,3.457167,5.640114,3.20614,3.919752,2.303778,2.742744,2.776591,2.719793,1.477025,2.048137,2.485448,3.569952,5.306197,7.724904,3.980875,2.94556,3.485947,3.457737,0.5465533,0.4422458,0.628998,0.8312989,0.2916736,0.2914547,0.6288911,6.530169,East Asia & Pacific,High income
Australia,AUS,GFDD.DI.11,22.253151,29.352359,29.495974,35.597507,32.432713,33.360287,34.3311,36.689327,40.038715,40.676507,40.318719,39.977482,38.694104,40.821606,41.128428,41.687021,41.797768,40.83767,31.955729,25.277375,24.174589,22.679142,23.06888,23.924442,24.418159,24.45516,19.809376,18.656916,18.008234,15.038173,12.587086,East Asia & Pacific,High income
Australia,AUS,GFDD.DM.11,,,,,,,,,,3.849459,4.269536,5.252617,6.290747,6.958555,8.134494,8.592144,11.94991,13.95636,9.519105,15.04455,15.21025,13.12955,14.68328,14.38993,16.04129,19.25297,19.68271,20.09402,19.42889,20.23037,23.00162,East Asia & Pacific,High income
Australia,AUS,GFDD.EI.08,6.693606,7.286759,8.018877,7.780036,6.579115,6.199163,5.453919,4.308003,4.426487,5.380105,3.494582,3.279795,1.541326,0.631914,0.6579282,0.0724713,0.3330462,0.5079235,1.326674,2.71856,2.669095,1.980783,2.682297,3.45871,4.483651,4.127151,6.411894,6.985651,7.18494,15.97972,20.52884,East Asia & Pacific,High income
Australia,AUS,GFDD.OI.02,49.45393,49.46559,51.22646,51.42921,53.4937,54.85179,57.46983,58.39319,60.02831,63.73865,61.20855,65.48318,64.64081,68.97218,71.54565,72.17911,77.21548,92.80511,97.17364,95.52926,96.82464,97.26168,100.9846,89.02343,91.76347,114.2654,99.57438,98.81499,96.86491,99.6646,119.3671,East Asia & Pacific,High income
Australia,AUS,SH.STA.BRTC.ZS,,99.6,99.3,99.3,99.4,99.3,99.3,99.3,99.3,99.3,99.3,99.3,99.3,99.3,99.3,99.4,99.3,99.2,99.1,99.1,99.1,99.1,99.2,99.3,99.7,99.7,97,96.7,,,,East Asia & Pacific,High income
Australia,AUS,SL.IND.EMPL.ZS,,23.5100002288818,23.2900009155273,23.2999992370605,23.1700000762939,22.6299991607666,22.1299991607666,21.8500003814697,21.5100002288818,21.1599998474121,21.6200008392334,20.7399997711182,20.9200000762939,20.8799991607666,21.2399997711182,21.1299991607666,21.2800006866455,21.1800003051758,21.6200008392334,21.1399993896484,20.9799995422363,20.8299999237061,20.7099990844727,20.4500007629395,20.2900009155273,19.3899993896484,19.3600006103516,19.4300003051758,19.8899993896484,19.0599994659424,,East Asia & Pacific,High income
Austria,AUT,DT.TDS.DPPF.XP.ZS,,,,,,,,,,,,,,,,,,,,,,,,,,,,,,,,Europe & Central Asia,High income
Austria,AUT,EG.ELC.ACCS.ZS,100,100,100,100,100,100,100,100,100,100,100,100,100,100,100,100,100,100,100,100,100,100,100,100,100,100,100,100,100,100,100,Europe & Central Asia,High income
Austria,AUT,GFDD.AI.01,,,,,,,,,,,,,,,,,,,,,,,,,,,,,,,,Europe & Central Asia,High income
Austria,AUT,GFDD.DI.04,99.66641,99.66095,99.65913,99.6599,99.66772,99.68716,99.66881,99.65756,,,,99.4696,99.40418,99.42455,99.45737,99.49312,99.48384,99.47858,99.5085,99.29803,99.24165,99.13289,99.01134,98.94111,99.02843,96.05431,91.79284,88.37923,87.62776,87.5593,83.08873,Europe & Central Asia,High income
Austria,AUT,GFDD.DI.05,86.0817,86.29119,87.25677,89.1459,89.48821,89.84735,89.33806,88.3004,,,,67.25785,66.40881,69.72639,70.50771,75.47496,77.84402,86.31971,93.08521,92.80804,89.42335,89.11066,89.23405,90.11607,91.55746,92.4315,94.41205,95.45703,98.30187,99.7585,113.84,Europe & Central Asia,High income
Austria,AUT,GFDD.DI.06,0.4035481,0.4113044,0.4110166,0.4153689,0.4146906,0.3954007,0.4234382,0.4471487,,,,0.5819359,0.6385233,0.6059639,0.5710796,0.556135,0.5593225,0.5468733,0.5272976,0.7866853,0.8651659,0.9712088,1.099943,1.157729,1.040084,4.245227,8.933805,12.9101,13.70257,13.76236,21.23953,Europe & Central Asia,High income
Austria,AUT,GFDD.DI.11,13.823467,14.348552,15.545346,17.185327,18.059288,22.387905,24.168833,25.226818,25.345994,26.04751,25.561022,25.872341,26.510752,27.397247,28.274094,30.177812,30.74142,30.928777,31.421334,33.747724,34.797494,33.52383,33.673019,33.826778,33.743818,32.657489,31.850782,30.77817,29.245375,28.610834,30.547854,Europe & Central Asia,High income
Austria,AUT,GFDD.DM.11,,,,,,,,,,,,,,,,69.79535,78.75837,78.31809,61.92836,71.0022,68.40191,56.98211,60.46493,58.83225,54.12861,54.62779,50.89294,53.28486,44.85585,47.27823,56.30671,Europe & Central Asia,High income
Austria,AUT,GFDD.EI.08,,,,,,,,,,,,19.82496,18.45545,17.24384,17.24378,15.16875,13.69367,11.73154,11.25673,13.87982,15.03025,15.31268,16.29264,16.01895,18.83438,17.89733,17.07428,14.44573,13.01943,11.29583,11.38536,Europe & Central Asia,High income
Austria,AUT,GFDD.OI.02,79.49242,79.71865,80.67113,82.38322,82.67746,82.9093,82.3022,81.41349,,,,59.85461,59.45619,62.35132,62.64009,66.70157,68.62267,76.13723,81.35735,80.91889,78.3188,77.50291,77.47205,78.45667,79.16259,80.6018,82.47103,83.49722,85.72352,86.65724,99.77829,Europe & Central Asia,High income
Austria,AUT,SH.STA.BRTC.ZS,,,,100,,,98.2,98.2,98.3,98.3,98.3,98.3,98.4,98.4,98.4,98.6,98.6,98.5,98.6,98.6,98.5,98.6,98.5,98.5,98.5,98.5,98.4,98.4,98.4,,,Europe & Central Asia,High income
Austria,AUT,SL.IND.EMPL.ZS,,33.8400001525879,33.4300003051758,32.8300018310547,32.4700012207031,32.0999984741211,30.2999992370605,29.6399993896484,29.5599994659424,29.7600002288818,30.0300006866455,29.3700008392334,28.8500003814697,28.9200000762939,26.7299995422363,27.5799999237061,28.1599998474121,27.3199996948242,26.2399997711182,24.9699993133545,24.9099998474121,26.0300006866455,26.0799999237061,25.9099998474121,25.75,25.7600002288818,25.5599994659424,24.9200000762939,25.4400005340576,25.3600006103516,,Europe & Central Asia,High income
Azerbaijan,AZE,DT.TDS.DPPF.XP.ZS,,,,,,1.23747372686511,1.14595134043994,6.59957010077308,2.03187016212316,4.66936262143656,5.54873484313586,5.00853428278511,4.55590215928988,5.36261167155249,3.26987994067702,1.57776204181323,1.03067944497486,0.804809293888976,0.777477993015196,1.2328368935953,1.08583919571674,0.93286287357526,1.02626957345353,2.30744841099838,2.0344709385197,3.72498651441265,5.37497850806123,7.51650634796689,7.6933829414735,6.4717257450788,7.8520295160071,Europe & Central Asia,Upper middle income
Azerbaijan,AZE,EG.ELC.ACCS.ZS,,,,,,,,,,97,98.9082260131836,98.6218032836914,100,98.9274673461914,99.0747985839844,99.2215957641602,99.5,99.5234527587891,99.6838684082031,99.8542251586914,99.9437942504883,99.9000015258789,100,100,100,100,100,100,100,100,100,Europe & Central Asia,Upper middle income
Azerbaijan,AZE,GFDD.AI.01,,,,,,,,,,,,,,,,93.215626,143.84426,194.29824,262.52724,303.95491,360.85831,401.75187,465.08815,542.1043,625.70853,,,,,,,Europe & Central Asia,Upper middle income
Azerbaijan,AZE,GFDD.DI.04,,,87.4907,72.68764,63.17562,81.85566,81.78465,84.90112,53.77463,47.80971,49.66913,53.95017,78.0393,83.82801,87.53172,91.24402,94.24583,96.40728,97.91605,95.2794,86.12627,82.80501,83.77941,85.88927,88.08544,84.3317,88.44109,99.40557,99.58922,99.76342,98.82471,Europe & Central Asia,Upper middle income
Azerbaijan,AZE,GFDD.DI.05,,,38.59422,54.84959,55.91758,12.31527,11.26034,13.77847,10.72909,11.7409,15.96689,12.82303,12.53423,13.56702,16.66343,13.80145,17.37833,19.71406,20.34392,23.47055,24.32229,26.69478,30.64335,33.11141,35.44669,39.14556,25.16847,23.38383,21.98402,24.90258,28.07302,Europe & Central Asia,Upper middle income
Azerbaijan,AZE,GFDD.DI.06,,,10.82866,16.47394,22.94589,3.204951,3.115428,2.336839,11.08779,13.59846,10.46353,7.148462,2.313797,1.769408,1.584919,1.09412,0.7722339,0.6154211,0.37788,1.194263,3.538318,4.133821,4.652788,4.328994,4.286025,7.616041,4.534999,0.1518342,0.0921676,0.056782,0.3399442,Europe & Central Asia,Upper middle income
Azerbaijan,AZE,GFDD.DI.11,,,,,,,,,,,,,,,,,,0.541598,0.6468453,0.76989955,0.57006947,0.69185131,0.92467262,0.98633598,1.1733128,1.9063368,2.7226499,2.4617307,2.589522,2.8998904,3.197114,Europe & Central Asia,Upper middle income
Azerbaijan,AZE,GFDD.DM.11,,,,,,,,,,,,,0.0064143,0.0054972,0.2350119,0.6387113,0.5671547,0.6956248,1.127298,,,,,,,,,,,,,Europe & Central Asia,Upper middle income
Azerbaijan,AZE,GFDD.EI.08,,,64.92545,34.23923,36.03192,13.27283,12.82183,10.6906,9.817388,9.491925,4.635789,3.186075,2.855133,2.353045,2.120757,2.395304,1.423688,2.94989,2.747998,5.493753,4.690172,2.71781,4.297389,1.225796,1.395864,2.572971,2.950193,4.244483,2.703968,2.088393,3.51905,Europe & Central Asia,Upper middle income
Azerbaijan,AZE,GFDD.OI.02,,,27.06712,27.12726,40.99598,6.625,4.895073,6.177396,5.031063,5.519832,10.35141,7.274234,7.131471,7.966603,11.21319,9.602674,10.6011,10.53083,10.30817,11.7887,11.66878,12.84193,13.5728,14.757,17.96975,30.1953,23.9799,21.29025,20.24986,23.34538,25.40542,Europe & Central Asia,Upper middle income
Azerbaijan,AZE,SH.STA.BRTC.ZS,97.3,97.2,96.5,96.3,99.6,91.5,87.9,90.4,91.5,92.4,80.7,88,94,95.8,95.9,94.4,88.6,93,98,99.8,99.4,97.2,99.8,99.9,99.9,99.8,99.8,99.8,99.39,,,Europe & Central Asia,Upper middle income
Azerbaijan,AZE,SL.IND.EMPL.ZS,,13.75,13.25,12.6599998474121,12.1400003433228,11.6700000762939,11.4499998092651,11.210000038147,11.1199998855591,11.1800003051758,10.8800001144409,10.8199996948242,11.5299997329712,11.710000038147,11.8999996185303,12.0799999237061,12.3500003814697,12.6300001144409,12.1300001144409,12.6599998474121,13.7200002670288,14.0799999237061,14.289999961853,14.3800001144409,14.3000001907349,14.0600004196167,14.3299999237061,14.3699998855591,14.7200002670288,14.789999961853,,Europe & Central Asia,Upper middle income
"Bahamas, The",BHS,DT.TDS.DPPF.XP.ZS,,,,,,,,,,,,,,,,,,,,,,,,,,,,,,,,Latin America & Caribbean,High income
"Bahamas, The",BHS,EG.ELC.ACCS.ZS,100,100,100,100,100,100,100,100,100,100,100,100,100,100,100,100,100,100,100,100,100,100,100,100,100,100,100,100,100,100,100,Latin America & Caribbean,High income
"Bahamas, The",BHS,GFDD.AI.01,,,,,,,,,,,,,,,,,,,,,,,,,,,,,,,,Latin America & Caribbean,High income
"Bahamas, The",BHS,GFDD.DI.04,92.15176,91.832,91.33274,93.78084,92.92924,93.31689,93.67868,95.28335,98.11723,97.98839,96.85882,95.75111,96.08155,97.47687,96.91307,97.31205,97.01983,95.14993,97.31296,97.3934,96.68356,96.40056,95.27803,93.92342,93.6199,94.24686,92.05479,95.26236,94.39702,95.03893,97.14808,Latin America & Caribbean,High income
"Bahamas, The",BHS,GFDD.DI.05,48.34175,51.9549,54.63493,59.6216,60.77017,62.33012,62.51316,39.58279,42.60509,42.13369,43.92266,44.61378,43.16776,44.93755,47.91124,48.88169,50.5525,53.029,56.23885,60.31681,61.25638,62.63575,58.73327,59.77039,56.83434,53.69928,56.58449,56.16923,59.57587,63.77687,86.28373,Latin America & Caribbean,High income
"Bahamas, The",BHS,GFDD.DI.06,3.521794,3.956723,4.396912,3.709573,4.40626,4.34529,4.236631,2.223501,0.9058686,0.9513431,1.59228,2.280642,2.053785,1.294238,1.650969,1.52193,1.874646,3.276406,1.933308,2.024652,2.811943,3.089491,3.878954,5.20635,5.172098,4.476914,6.03396,3.458488,4.205272,3.602228,2.737275,Latin America & Caribbean,High income
"Bahamas, The",BHS,GFDD.DI.11,,,,,,,,,,,,,,,8.4337442,,11.211488,11.559246,12.156565,3.5944845,13.666133,13.832351,14.043561,14.796279,15.024749,15.098286,19.326655,17.495656,15.78601,,,Latin America & Caribbean,High income
"Bahamas, The",BHS,GFDD.DM.11,,,,,,,,,,,,,,,,,,,,,,,,,,,,,,,,Latin America & Caribbean,High income
"Bahamas, The",BHS,GFDD.EI.08,9.248267,10.72269,10.63365,13.5317,11.31022,11.0907,10.95041,6.873902,8.575751,8.41893,7.182595,7.529606,8.438083,9.405771,8.916339,8.93028,8.519509,8.292255,11.40129,12.87923,20.44933,20.25251,19.95035,23.05642,21.10485,22.47167,22.72276,23.40347,21.28614,21.78745,26.94732,Latin America & Caribbean,High income
"Bahamas, The",BHS,GFDD.OI.02,35.5717,38.86332,41.00354,48.55434,50.16569,51.99184,52.24439,37.08522,40.02359,39.18857,40.8384,41.77771,40.283,41.85641,44.76722,45.69753,47.64316,50.56251,53.94928,57.86839,58.88211,60.19892,56.13358,57.18806,54.14372,51.04531,53.66023,53.71826,56.56495,60.85236,81.92503,Latin America & Caribbean,High income
"Bahamas, The",BHS,SH.STA.BRTC.ZS,99,,,,,99,,99,99,99,99,,99,99,98,,99,99,99,,99,99,,98,99.9,98,99,,,,,Latin America & Caribbean,High income
"Bahamas, The",BHS,SL.IND.EMPL.ZS,,15.3299999237061,15.3000001907349,12.25,12.9099998474121,14.2399997711182,14.8000001907349,14.6499996185303,15.3000001907349,16.7199993133545,17.0100002288818,17.0499992370605,16.6900005340576,15.8500003814697,16.0799999237061,17.8199996948242,18.3099994659424,17.9500007629395,16.25,16.0599994659424,16.1200008392334,15.9700002670288,15.960000038147,15.5200004577637,15.3800001144409,14.9399995803833,14.8699998855591,14.8400001525879,14.5900001525879,14.4799995422363,,Latin America & Caribbean,High income
Bahrain,BHR,DT.TDS.DPPF.XP.ZS,,,,,,,,,,,,,,,,,,,,,,,,,,,,,,,,Middle East & North Africa,High income
Bahrain,BHR,EG.ELC.ACCS.ZS,99.9413986206055,99.9673919677734,99.9871826171875,99.9971389770508,99.9997711181641,100,100,100,100,100,100,100,100,100,100,100,100,100,100,100,100,100,100,100,100,100,100,100,100,100,100,Middle East & North Africa,High income
Bahrain,BHR,GFDD.AI.01,,,,,,,,,,,,,,,,,,,,,,,,,,,,,,,,Middle East & North Africa,High income
Bahrain,BHR,GFDD.DI.04,,,97.3472,95.15516,96.17491,98.67948,98.53251,96.61266,97.17067,99.2433,98.79896,97.66583,94.41373,94.90619,95.47927,96.00123,,,,98.62959,,,,,,,,,,,,Middle East & North Africa,High income
Bahrain,BHR,GFDD.DI.05,58.52213,66.06821,67.31315,65.02112,55.90532,56.72131,56.22677,58.51451,71.41988,68.63206,63.28989,69.80629,72.06707,66.39626,58.23672,58.50413,58.00549,68.80865,69.59966,82.5448,81.37511,75.18573,73.21383,74.8606,77.70972,86.02027,,,,,,Middle East & North Africa,High income
Bahrain,BHR,GFDD.DI.06,,,1.270712,2.475323,1.738445,0.5760414,0.6291915,1.588744,1.535421,0.4349351,0.6074562,1.235536,3.14652,2.792898,2.57662,2.19678,,,,1.187278,,,,,,,,,,,,Middle East & North Africa,High income
Bahrain,BHR,GFDD.DI.11,,,,,,,,,,,2.2746607,2.4453961,2.5174226,2.496304,3.2536643,3.7682207,9.7852946,11.851448,9.8232807,13.328151,14.072237,13.524113,13.95358,13.881045,14.52055,17.544882,17.686899,17.619577,16.715386,17.34505,,Middle East & North Africa,High income
Bahrain,BHR,GFDD.DM.11,,,,,,,,,,143.9062,120.038,129.9223,166.0959,167.4168,155.395,158.129,181.453,184.5375,128.4322,121.8652,101.7185,47.00643,37.64603,49.03288,48.80492,57.04959,68.14159,60.92908,60.87937,66.81054,,Middle East & North Africa,High income
Bahrain,BHR,GFDD.EI.08,8.63559,5.004017,7.653484,5.868815,5.745576,5.905796,6.27878,6.25457,8.489397,11.35747,9.458067,9.652955,8.641095,9.910771,10.47611,9.055209,8.301355,7.326384,7.147808,14.01198,16.70632,19.53974,20.41905,26.06897,27.60766,33.42087,,,,,,Middle East & North Africa,High income
Bahrain,BHR,GFDD.OI.02,51.90411,60.36182,61.44201,59.20319,51.11194,51.89075,51.42793,53.85735,66.50957,62.97089,58.97607,64.97081,64.0789,61.54916,53.82614,54.43937,53.76995,64.651,65.49303,78.27917,76.92442,70.50736,69.02242,71.09186,73.78102,81.52178,,,,,,Middle East & North Africa,High income
Bahrain,BHR,SH.STA.BRTC.ZS,,,,,,97.6,,,,,97.7,97.5,97.6,97.8,97.7,97.5,97.5,97.4,97.5,99.4,99.3,99.6,99.8,99.8,99.8,99.9,99.7,99.9,,,,Middle East & North Africa,High income
Bahrain,BHR,SL.IND.EMPL.ZS,,28.5300006866455,28.4500007629395,28.7900009155273,28.6100006103516,28.4699993133545,28.3299999237061,28.2199993133545,28.0300006866455,28,28.4699993133545,28.5699996948242,28.6599998474121,29.0599994659424,29.9799995422363,31.0100002288818,32.2400016784668,33.4000015258789,34.5499992370605,34.5099983215332,35.7200012207031,35.2099990844727,34.9700012207031,35.0999984741211,35.2299995422363,35.1599998474121,35.3600006103516,35.4799995422363,35.4000015258789,35.25,,Middle East & North Africa,High income
Bangladesh,BGD,DT.TDS.DPPF.XP.ZS,33.7263358580019,26.6692522885583,19.3726906581175,16.0422085558822,14.3489116688513,15.7837922400755,13.5970948459162,11.8602389070274,10.2767419108144,10.6968323084173,10.2993502276537,9.41040588964907,10.0079896201209,8.09227442416867,6.82865283748165,7.28396621634927,5.00657158462558,6.37768535280657,4.80468409523044,5.42581349888465,4.45399151116508,4.92472546941832,5.10303754972587,5.11097472988986,4.82398270719794,3.47819387023182,3.01950370634328,3.47521870311027,3.60391934863929,4.13361528308642,5.03996053784916,South Asia,Lower middle income
Bangladesh,BGD,EG.ELC.ACCS.ZS,,14.29,9.90541934967041,12.7178802490234,17.8,18.3380451202393,21.1443862915039,22.4,26.7461929321289,29.5402145385742,32,35.0326461791992,37.8510704040527,40.6642608642578,40.5999984741211,44.2299995422363,50.5251007080078,46.5,54.7355155944824,57.56884765625,55.2599983215332,59.5999984741211,66.1555709838867,61.5,62.4000015258789,74.9037399291992,75.9199981689453,88,91.8000030517578,92.1999969482422,96.1999969482422,South Asia,Lower middle income
Bangladesh,BGD,GFDD.AI.01,,,,,,,,,,,,,,,255.65298,262.28147,266.90604,271.56614,277.08819,278.99003,334.16914,477.36768,547.78492,527.00144,535.31559,653.3247,696.00938,730.77505,788.38398,849.06388,903.42721,South Asia,Lower middle income
Bangladesh,BGD,GFDD.DI.04,93.43985,95.32542,96.4521,98.43931,98.49447,95.03131,92.55314,93.90641,92.69092,89.29983,89.6726,89.14167,91.7943,93.71122,94.3075,91.14528,88.80506,90.77077,92.18786,93.67905,95.08096,92.60442,94.41167,96.41362,98.37241,98.5688,98.47738,98.76415,98.1496,97.21804,98.0486,South Asia,Lower middle income
Bangladesh,BGD,GFDD.DI.05,20.04674,20.69315,21.4335,22.58621,24.95404,24.84682,25.23011,25.48523,25.63172,26.96741,29.82438,40.08464,42.64104,44.31238,45.72521,47.62464,51.04605,50.94307,51.81904,54.81114,58.67525,59.73845,60.67343,61.33604,63.27856,64.45402,65.7595,65.6082,64.23696,63.63551,66.79809,South Asia,Lower middle income
Bangladesh,BGD,GFDD.DI.06,1.352703,0.9365495,0.7028321,0.3185843,0.3109326,1.227035,1.931462,1.660975,2.060117,3.146513,3.212177,4.611857,3.690586,2.778259,2.635929,4.371535,5.854932,4.83223,4.229738,3.570472,2.966563,4.718326,3.505241,2.216336,1.051389,0.9186832,0.9889662,0.8308044,1.247303,1.881616,1.354722,South Asia,Lower middle income
Bangladesh,BGD,GFDD.DI.11,,,,,,,,,,,1.1884161,1.2780016,1.3565155,,,1.5441201,1.8415348,2.0959629,2.2619533,2.463508,2.6588428,2.8213701,2.8782452,2.9179937,2.9483025,2.7559143,2.5580812,,,,,South Asia,Lower middle income
Bangladesh,BGD,GFDD.DM.11,,,,,,,,,,,,,,,,0.6839333,0.8197045,0.6695654,0.5993691,0.4462419,0.764597,1.638533,1.736423,1.618868,1.898028,1.752862,1.282286,1.298381,1.22816,,,South Asia,Lower middle income
Bangladesh,BGD,GFDD.EI.08,4.911785,5.377009,6.570136,6.912101,6.317422,5.470331,5.391018,5.958159,6.098359,6.261103,6.912153,14.23135,15.64066,15.73672,16.32961,16.17217,15.57043,15.68102,16.09514,16.93049,16.57335,16.82197,16.44076,18.00069,20.03293,19.06716,18.86758,18.98326,19.38902,20.60188,22.84131,South Asia,Lower middle income
Bangladesh,BGD,GFDD.OI.02,17.58007,18.35002,18.79009,19.58475,21.39968,21.2944,21.79434,21.95865,22.25198,23.38269,25.66441,35.84621,38.51483,40.26582,41.41428,42.93893,44.9175,45.14507,45.92002,41.96027,44.91123,47.17822,49.13249,50.15551,51.09233,51.11006,50.47702,48.79554,46.7331,46.53048,48.76784,South Asia,Lower middle income
Bangladesh,BGD,SH.STA.BRTC.ZS,,,,,9.5,,,8,,,12.1,12,,13.9,13.2,,20.1,18,,24.4,26.5,31.7,,36.5,42.1,,49.8,67.8,52.7,,,South Asia,Lower middle income
Bangladesh,BGD,SL.IND.EMPL.ZS,,13.5799999237061,12.710000038147,11.8800001144409,11.0699996948242,10.3999996185303,9.77999973297119,9.9399995803833,10.1599998474121,10.3999996185303,10.6999998092651,11.210000038147,11.7200002670288,12.3100004196167,12.9799995422363,13.789999961853,14.5200004577637,15.289999961853,16.0400009155273,16.7900009155273,17.6299991607666,18.0799999237061,18.5599994659424,19.0200004577637,19.4500007629395,19.9599990844727,20.4599990844727,20.4200000762939,20.8400001525879,21.3199996948242,,South Asia,Lower middle income
Barbados,BRB,DT.TDS.DPPF.XP.ZS,,,,,,,,,,,,,,,,,,,,,,,,,,,,,,,,Latin America & Caribbean,High income
Barbados,BRB,EG.ELC.ACCS.ZS,99.9842529296875,99.9934387207031,99.9986877441406,100,100,100,100,100,100,100,100,100,100,100,99.9967422485352,99.9804534912109,100,100,100,100,100,100,100,100,100,100,100,100,100,100,100,Latin America & Caribbean,High income
Barbados,BRB,GFDD.AI.01,,,,,,,,,,,,,,,,,,,,,,,,,,,,,,,,Latin America & Caribbean,High income
Barbados,BRB,GFDD.DI.04,90.24504,88.10881,89.60338,90.45274,91.32721,95.90993,97.56243,98.03757,98.58968,97.80765,99.61121,98.90067,99.02224,99.24393,98.70425,96.92336,97.98856,98.33,96.38165,95.78736,,,95.01568,93.02109,91.86125,88.60627,83.33997,82.64384,93.30048,92.5553,,Latin America & Caribbean,High income
Barbados,BRB,GFDD.DI.05,50.9612,50.37549,55.09275,53.82193,55.51999,56.43822,62.43542,62.6995,60.01959,61.36533,65.25494,86.52385,97.93719,99.27486,103.5308,109.1843,101.967,116.0955,116.171,121.2188,,,103.7819,108.4377,109.7825,113.7079,113.4448,114.6653,115.6787,114.1525,,Latin America & Caribbean,High income
Barbados,BRB,GFDD.DI.06,5.06301,6.545276,6.117271,5.428433,5.024728,2.500112,1.523769,1.276219,0.8826333,1.39936,0.2552705,0.8492388,0.7833574,0.6379499,1.174626,2.938997,1.802903,1.52194,3.575896,4.508293,4.070618,5.964288,5.836004,8.650041,9.907532,14.36798,21.25071,22.95815,7.726316,8.280486,9.273196,Latin America & Caribbean,High income
Barbados,BRB,GFDD.DI.11,,,,,,,,,,,,,12.190302,13.309633,16.769107,22.860541,22.004288,,,27.491922,27.476705,27.953716,34.07738,32.283941,32.195255,34.390219,37.629343,35.688733,34.119513,35.025275,,Latin America & Caribbean,High income
Barbados,BRB,GFDD.DM.11,,,,,,,,,,,,,,,,,,,375.4042,348.8018,14.22906,6.430039,12.34126,12.64294,,,,,,,,Latin America & Caribbean,High income
Barbados,BRB,GFDD.EI.08,10.63488,10.87586,14.19117,14.50703,13.95578,16.12388,19.35646,19.55914,16.31802,14.86329,17.50242,19.26345,21.74988,24.43189,25.17143,22.57559,18.37264,18.32128,18.76655,21.03143,,,24.71353,28.52405,28.13044,29.30662,26.63265,26.39789,22.74956,21.35205,,Latin America & Caribbean,High income
Barbados,BRB,GFDD.OI.02,45.87176,45.39665,50.01635,49.07397,50.73631,51.4898,57.02125,57.30607,55.19979,56.16288,60.09103,82.41775,93.57251,95.063,98.47265,104.0113,97.42944,111.907,111.7023,115.7696,,,98.95639,103.9642,105.1426,108.9389,108.7425,109.9578,111.7019,111.1238,,Latin America & Caribbean,High income
Barbados,BRB,SH.STA.BRTC.ZS,,,,,,100,,,,91,98,,100,100,100,100,100,100,100,,,100,98.9,98.6,99.8,99,99.1,,,,,Latin America & Caribbean,High income
Barbados,BRB,SL.IND.EMPL.ZS,,20.1200008392334,19.6700000762939,19.0699996948242,18.8600006103516,19.5699996948242,18.5699996948242,19.7199993133545,20.8700008392334,21.4099998474121,20.6200008392334,19.6299991607666,18.7399997711182,17.6100006103516,17.3700008392334,17.0699996948242,16.6499996185303,17.1700000762939,17.6200008392334,17.9200000762939,18.8400001525879,18.5499992370605,18.5300006866455,18.9599990844727,19.4300003051758,19.3600006103516,19.3199996948242,19.3400001525879,19.1700000762939,18.9300003051758,,Latin America & Caribbean,High income
Belarus,BLR,DT.TDS.DPPF.XP.ZS,,,,0.643911029650596,4.15263581230312,3.3592420394612,1.60409022769558,1.70081556800996,1.92196108475338,3.37805479479791,3.61966729766028,2.97732701076308,2.32637499075102,1.91962637493414,1.62127797812944,1.36255317119183,1.0919471509312,1.18372626931974,1.00295836973764,2.36516894958034,2.20988392613295,3.94924021044744,7.42332685639181,7.49227500038971,9.22242879965975,10.0014805780485,9.99779424859883,6.80726171495423,10.305504099551,8.30524265423715,9.47979069593179,Europe & Central Asia,Upper middle income
Belarus,BLR,EG.ELC.ACCS.ZS,100,100,100,100,100,100,100,100,100,100,100,100,100,100,100,100,100,100,100,100,100,100,100,100,100,100,100,100,100,100,100,Europe & Central Asia,Upper middle income
Belarus,BLR,GFDD.AI.01,,,,,,,,,,,,,,,,,,,,,,,,,,,,,,,,Europe & Central Asia,Upper middle income
Belarus,BLR,GFDD.DI.04,,,,,,,,,,,,,,,,,,,,95.60116,94.7144,98.58722,99.15877,99.28654,98.38699,98.77394,98.79119,98.79064,99.14192,99.23248,99.40932,Europe & Central Asia,Upper middle income
Belarus,BLR,GFDD.DI.05,,,,,,,,,,,,,,,,,,20.66485,22.54037,24.88769,26.11179,32.85238,26.9957,26.96904,27.75102,33.70628,32.32192,33.14264,30.93448,31.24168,28.91986,Europe & Central Asia,Upper middle income
Belarus,BLR,GFDD.DI.06,,,,,,,,,,,,,,,,,,,,2.328644,3.156024,0.7860665,0.3528331,0.3221304,0.758571,0.6491838,0.6072966,0.572302,0.3953229,0.3429171,0.2859832,Europe & Central Asia,Upper middle income
Belarus,BLR,GFDD.DI.11,,,,,,,,,,,,,,,,,,0.29273767,,1.3128592,,,,,,,2.9653498,2.9900083,2.9114034,2.8834258,,Europe & Central Asia,Upper middle income
Belarus,BLR,GFDD.DM.11,,,,,,,,,,0.3788639,0.4626694,0.1885908,0.1062014,0.0813444,0.0380268,0.0695132,0.046264,0.1163979,0.0799971,0.0615745,0.1553329,0.1627205,0.1122006,0.1215451,0.1413472,0.2047657,0.0940835,0.0703512,0.1745764,0.2277591,0.2697535,Europe & Central Asia,Upper middle income
Belarus,BLR,GFDD.EI.08,,,,,,,,,,,,8.392394,8.615543,8.459955,8.267554,7.974661,10.74015,11.07707,13.63935,15.26897,15.70789,17.58544,20.84402,23.37587,24.15691,28.33255,27.95316,24.49895,22.58609,20.12579,22.42234,Europe & Central Asia,Upper middle income
Belarus,BLR,GFDD.OI.02,,,,,,,,,,,,,,,,,,,,23.8384,25.24876,32.0841,26.09104,25.79155,26.55436,32.74408,31.36436,32.70935,30.45471,31.08832,29.19949,Europe & Central Asia,Upper middle income
Belarus,BLR,SH.STA.BRTC.ZS,99.9,99.9,99.9,99.9,99.9,99.9,99.9,99.9,99.9,99.9,99.9,99.9,99.9,99.9,99.9,100,99.9,99.9,99.9,99.9,99.9,99.8,100,99.8,99.8,,,,,,,Europe & Central Asia,Upper middle income
Belarus,BLR,SL.IND.EMPL.ZS,,36.8800010681152,36.4599990844727,35.9000015258789,35.2999992370605,34.7400016784668,34.2299995422363,33.7900009155273,33.3600006103516,32.9099998474121,32.5699996948242,32.1500015258789,31.8999996185303,31.7299995422363,31.6900005340576,31.6700000762939,31.7600002288818,31.8400001525879,32,31.9699993133545,32.0099983215332,31.9699993133545,31.7999992370605,31.6499996185303,31.4899997711182,31.0699996948242,31.5300006866455,30.7700004577637,30.6299991607666,30.3799991607666,,Europe & Central Asia,Upper middle income
Belgium,BEL,DT.TDS.DPPF.XP.ZS,,,,,,,,,,,,,,,,,,,,,,,,,,,,,,,,Europe & Central Asia,High income
Belgium,BEL,EG.ELC.ACCS.ZS,100,100,100,100,100,100,100,100,100,100,100,100,100,100,100,100,100,100,100,100,100,100,100,100,100,100,100,100,100,100,100,Europe & Central Asia,High income
Belgium,BEL,GFDD.AI.01,,,,,,,,,,,,,,,,,,,,,,,,,,,,,,,,Europe & Central Asia,High income
Belgium,BEL,GFDD.DI.04,96.84579,98.63143,99.35111,99.20878,99.34789,99.30408,99.28848,99.28056,,,,99.5966,99.70982,99.75529,99.75146,99.70397,99.73101,99.31451,99.10935,99.07566,98.8034,98.52245,98.31083,98.39117,98.59158,94.69462,88.92266,84.19231,83.32774,83.91519,79.43978,Europe & Central Asia,High income
Belgium,BEL,GFDD.DI.05,46.05135,46.15724,73.7013,78.21349,76.26587,77.19726,83.02103,84.66024,,,,92.79399,96.04144,101.4456,106.7421,110.6519,111.4765,113.8101,113.1639,114.3518,113.7746,111.343,115.0137,118.063,121.4326,125.9479,123.4154,122.7514,126.5386,125.8869,142.5212,Europe & Central Asia,High income
Belgium,BEL,GFDD.DI.06,2.207911,0.9320479,0.9485402,1.16151,0.9678626,1.016358,1.052715,1.0409,0.500851,,,0.4388371,0.2953275,0.2375533,0.2301058,0.2751276,0.2478841,0.6108509,0.7431563,0.7408947,0.9459162,1.179356,1.335405,1.266799,1.14813,4.558424,10.15962,15.05719,16.31326,15.62315,22.82542,Europe & Central Asia,High income
Belgium,BEL,GFDD.DI.11,12.027856,12.58547,23.692693,25.962866,25.895724,27.524466,31.174999,35.450454,41.757336,43.546262,43.522609,45.075583,45.334208,50.133573,56.366578,61.114685,63.487297,64.201153,61.32055,68.155911,68.480238,68.000741,73.55565,72.520973,78.732405,76.208502,72.978381,70.130735,68.475775,74.984542,81.873191,Europe & Central Asia,High income
Belgium,BEL,GFDD.DM.11,,,,,,,,,,72.55024,72.85482,88.7021,95.52299,97.23251,98.02155,90.76277,96.74821,111.1897,103.0685,112.4544,102.8285,89.64553,90.75314,84.08769,75.84251,78.50517,75.51653,80.30531,70.95949,73.19505,88.30485,Europe & Central Asia,High income
Belgium,BEL,GFDD.EI.08,,,,,,,,,,,,42.04779,37.34412,34.3115,30.50876,29.0697,26.07462,20.05769,19.93927,20.73554,21.30307,23.21795,22.98338,21.0675,22.4812,20.72971,18.76976,16.47073,15.28337,13.41662,14.23375,Europe & Central Asia,High income
Belgium,BEL,GFDD.OI.02,39.54711,39.89582,67.7663,72.30561,71.0006,71.71033,77.39651,79.11726,,,,81.10958,82.81538,87.40114,91.24317,93.97816,94.80335,92.5528,93.0509,97.20815,98.45267,97.94769,100.4309,103.2137,106.5811,110.0686,110.0422,109.0978,111.9504,112.8722,126.7877,Europe & Central Asia,High income
Belgium,BEL,SH.STA.BRTC.ZS,,,,,,,,,,99.3,,,,,,,,,,,,,,,,,,,,,,Europe & Central Asia,High income
Belgium,BEL,SL.IND.EMPL.ZS,,31.2099990844727,30.6299991607666,29.4599990844727,28.8799991607666,28.25,27.6299991607666,27.5499992370605,27.25,25.7700004577637,25.8099994659424,25.4899997711182,25.7800006866455,24.9200000762939,24.9400005340576,24.6900005340576,24.6900005340576,24.4300003051758,24.6700000762939,23.4699993133545,23.3799991607666,23.2299995422363,21.7600002288818,21.7000007629395,21.3899993896484,21.4300003051758,21.2600002288818,20.7600002288818,21.0599994659424,20.8400001525879,,Europe & Central Asia,High income
Belize,BLZ,DT.TDS.DPPF.XP.ZS,7.01403088379385,6.19545355892649,5.42505812349086,5.99158651178918,8.5220104816571,11.7455147221718,12.1818567103616,10.281246242877,12.0277914682005,10.9073076382614,17.1417620525909,21.8100140911629,38.6791623982465,29.0733828659995,61.5160081058528,36.8493020363895,17.586848238792,78.9539216819878,11.6039820690158,13.1195225316872,11.5729599002046,9.34930317321407,9.28168483824913,10.8007288912074,6.89346010373868,7.39766834745657,8.69627184630559,8.28677021641383,7.91900807229792,8.44340936769688,10.4537147084637,Latin America & Caribbean,Upper middle income
Belize,BLZ,EG.ELC.ACCS.ZS,,67,72.2249145507813,73.1233291625977,74.0203857421875,74.915397644043,75.8076934814453,76.6965866088867,77.5814056396484,78.4613800048828,79,80.1969604492188,81.0294189453125,81.8566360473633,82.6809768676758,83.5047760009766,90.9885330200195,85.1606369018555,85.9980621337891,86.8454284667969,89.9172210693359,91.6817321777344,90.9959182739258,91.1861038208008,91.3642578125,91.8000030517578,93.2223129272461,94.1890106201172,91.7200012207031,92.7200012207031,97.1133346557617,Latin America & Caribbean,Upper middle income
Belize,BLZ,GFDD.AI.01,,,,,,,,,,,,,,,571.94472,761.45657,839.14206,937.83297,1045.0204,942.85814,968.07255,685.34096,678.08367,720.59393,692.39485,631.94986,730.2847,674.35788,650.78367,714.36224,760.38832,Latin America & Caribbean,Upper middle income
Belize,BLZ,GFDD.DI.04,98.60603,94.55779,93.25207,87.6158,87.10066,85.98183,82.29787,87.0639,87.72885,91.48255,92.5349,91.77264,93.74737,86.64875,88.06239,87.59281,85.82523,87.37827,89.39302,91.49268,92.21252,90.69306,91.49022,91.69091,92.25794,88.72224,84.66367,84.74863,86.03555,83.94191,81.72963,Latin America & Caribbean,Upper middle income
Belize,BLZ,GFDD.DI.05,40.1366,40.94659,39.69645,37.94872,39.64149,43.88611,45.64958,49.91095,50.18771,54.63257,54.08442,56.88237,54.74237,54.58051,57.67922,58.58825,62.18996,68.64228,73.96202,80.53963,75.90805,75.34196,80.22581,78.40179,80.12957,83.46701,82.44104,79.07785,78.74419,79.63006,103.5522,Latin America & Caribbean,Upper middle income
Belize,BLZ,GFDD.DI.06,0.560562,2.468066,3.02949,5.494248,5.846639,6.612615,8.730498,6.893399,6.889335,4.622766,3.766799,4.482081,3.420453,8.433267,7.864632,8.245638,9.633742,9.263356,8.005626,6.798565,5.859126,6.701236,6.010005,5.779326,5.247394,8.008322,11.3074,11.23131,10.39066,12.27666,17.39058,Latin America & Caribbean,Upper middle income
Belize,BLZ,GFDD.DI.11,,,,,,,,,,,,,,,,,,,,,,,,,,,,,,,,Latin America & Caribbean,Upper middle income
Belize,BLZ,GFDD.DM.11,,,,,,,,,,,,,,,,,,,,,,,,,,,,,,,,Latin America & Caribbean,Upper middle income
Belize,BLZ,GFDD.EI.08,7.092444,5.656584,5.97398,4.398345,4.593418,5.370478,3.322815,5.127964,4.93329,5.901404,5.847628,5.801598,3.911679,3.231067,4.49077,4.586533,2.9069,3.170966,3.991295,4.501973,6.22203,5.811849,6.256354,6.108533,5.424486,4.678367,6.710973,8.54288,10.42875,9.966115,12.40162,Latin America & Caribbean,Upper middle income
Belize,BLZ,GFDD.OI.02,34.48997,35.40064,34.69055,33.06346,34.70341,38.87531,40.59013,44.78039,45.04977,47.37405,47.99564,50.8513,49.01593,49.31928,52.19301,53.25891,56.49722,62.22898,67.06809,74.59431,70.18037,69.48018,73.88728,71.69941,73.01177,75.01041,73.74876,70.32964,69.99001,71.22198,90.88321,Latin America & Caribbean,Upper middle income
Belize,BLZ,SH.STA.BRTC.ZS,,76.9,,,,79,,,79,83.8,100,,97,,87.8,89.3,95.8,90.7,94.9,93.5,94,96.2,,94.2,,89,96.8,94,,,,Latin America & Caribbean,Upper middle income
Belize,BLZ,SL.IND.EMPL.ZS,,20.1100006103516,19.9300003051758,19.9699993133545,19.5300006866455,17.8099994659424,16.9599990844727,18.25,17.9899997711182,16.9799995422363,17.3899993896484,17.4400005340576,17.5200004577637,17.6000003814697,17.7399997711182,17.8799991607666,17.6499996185303,17.2900009155273,17.1399993896484,16.7399997711182,16.4099998474121,16.1800003051758,15.960000038147,15.7700004577637,15.6099996566772,15.4200000762939,15.710000038147,15.6999998092651,15.5900001525879,15.5900001525879,,Latin America & Caribbean,Upper middle income
Benin,BEN,DT.TDS.DPPF.XP.ZS,8.91022945923323,5.10605556005947,4.81882797295417,5.22276565430316,6.8604368265985,7.24729365294794,6.16138373594727,8.44515704905509,9.22838983577085,10.3810942681249,12.948759458952,8.29161326958087,8.68629344765671,6.62017291710172,4.93712502528177,5.8740083998645,4.13759098453714,2.14523346834355,1.5869002099435,2.93391845668299,2.28419870017756,2.44053726251977,2.87717514859286,3.10938459544134,2.48017315705767,2.74556098128809,2.97683458957438,3.01098797400616,5.84075319922411,13.8667654172127,,Sub-Saharan Africa,Lower middle income
Benin,BEN,EG.ELC.ACCS.ZS,,,,,,,14.5,18.5896263122559,19.578254699707,20.5620422363281,21.5310840606689,21.8999996185303,23.4159278869629,24.3493232727051,25.2798328399658,26.2098045349121,27.8999996185303,28.0780162811279,29.021614074707,29.9751510620117,34.2000007629395,36.9000015258789,38.4000015258789,34.691219329834,34.0999984741211,29.6200008392334,37.0952453613281,34.5,39.2469177246094,40.3286895751953,41.4109573364258,Sub-Saharan Africa,Lower middle income
Benin,BEN,GFDD.AI.01,,,,,,,,,,,,,,,46.713695,60.252205,59.994662,52.513786,77.36602,95.188373,110.91753,124.02385,134.03998,148.5426,162.25221,168.26407,182.62192,205.05106,237.05367,289.31587,322.96644,Sub-Saharan Africa,Lower middle income
Benin,BEN,GFDD.DI.04,79.21121,75.99036,72.51933,76.35696,80.82305,74.27617,77.46668,65.51231,71.57102,78.05248,80.6321,82.97392,85.58518,89.64495,90.7084,92.75204,99.29527,99.26912,98.27915,94.31998,93.91919,93.14261,92.42708,92.88351,93.53838,94.53963,95.52971,95.47689,95.47956,95.16484,89.4045,Sub-Saharan Africa,Lower middle income
Benin,BEN,GFDD.DI.05,25.11555,26.46792,29.62216,26.49092,28.44141,22.87366,23.18015,22.1286,19.50702,16.8263,19.18933,20.07253,17.30096,17.87354,15.39791,17.75765,19.75495,22.23381,25.20474,25.95146,26.98009,27.32708,25.71932,27.76973,30.85405,32.26706,29.77518,28.57687,27.884,27.77432,30.50236,Sub-Saharan Africa,Lower middle income
Benin,BEN,GFDD.DI.06,5.739,5.264925,4.834322,3.5993,3.192573,3.871128,3.529241,4.160307,3.588532,2.329559,2.112235,1.903883,1.565345,1.350358,1.168841,0.9808397,0.092962,0.1192181,0.3358162,1.205006,1.349523,1.651977,1.732808,1.649942,1.554917,1.369151,1.167158,1.244602,1.263612,1.309212,2.972865,Sub-Saharan Africa,Lower middle income
Benin,BEN,GFDD.DI.11,,,,,,,,,,,,,,1.1052794,1.1944129,1.3094701,1.2565038,1.4369119,1.285172,1.4165683,1.5351735,1.5511783,1.5284108,1.5180027,1.5510676,1.5745419,1.6388109,1.6177267,1.5393294,1.6884023,,Sub-Saharan Africa,Lower middle income
Benin,BEN,GFDD.DM.11,,,,,,,,,,2.166904,1.829798,1.684811,1.947558,1.758612,1.779245,1.491843,1.439571,2.234463,1.327271,2.047855,4.035896,5.7481,7.735112,9.535797,8.656089,13.60956,9.227218,15.02029,8.830556,13.11104,,Sub-Saharan Africa,Lower middle income
Benin,BEN,GFDD.EI.08,2.004541,0.9363282,0.7923734,0.8119475,3.660566,2.743365,2.674706,1.820178,1.551987,1.142339,1.032191,2.011819,1.507455,2.159592,1.86946,1.633654,1.831991,2.935793,4.470957,4.588809,4.84312,5.391041,4.849329,4.980235,6.046773,7.409131,7.546918,9.753648,10.00155,8.20487,9.592109,Sub-Saharan Africa,Lower middle income
Benin,BEN,GFDD.OI.02,16.49084,17.66937,20.31505,22.33795,19.4362,17.8936,16.9908,15.64499,14.27106,9.475783,10.45015,11.32045,11.15497,11.46623,11.15234,11.85633,12.60098,15.78373,16.68147,18.3308,19.40891,19.66478,18.61976,19.46883,21.17295,23.09321,22.157,21.33444,21.30742,21.01539,22.57111,Sub-Saharan Africa,Lower middle income
Benin,BEN,SH.STA.BRTC.ZS,,,,,,,59.8,,,,,65.5,,,,75,74,,,,,,80.9,,77.2,,,,78.1,,,Sub-Saharan Africa,Lower middle income
Benin,BEN,SL.IND.EMPL.ZS,,20.1200008392334,20.0900001525879,20.0100002288818,20.3999996185303,20.2800006866455,20.2399997711182,20.1800003051758,20.0599994659424,20.0100002288818,19.9099998474121,19.7999992370605,19.7099990844727,19.6000003814697,19.4400005340576,19.3700008392334,19.2399997711182,19.0499992370605,18.8600006103516,18.7600002288818,18.6499996185303,18.5499992370605,18.4599990844727,18.4400005340576,18.3899993896484,18.4300003051758,18.2800006866455,18.2800006866455,18.2800006866455,18.3099994659424,,Sub-Saharan Africa,Lower middle income
Bermuda,BMU,DT.TDS.DPPF.XP.ZS,,,,,,,,,,,,,,,,,,,,,,,,,,,,,,,,North America,High income
Bermuda,BMU,EG.ELC.ACCS.ZS,100,100,100,100,100,100,100,100,100,100,100,100,100,100,100,100,100,100,100,100,100,100,100,100,100,100,100,100,100,100,100,North America,High income
Bermuda,BMU,GFDD.AI.01,,,,,,,,,,,,,,,,,,,,,,,,,,,,,,,,North America,High income
Bermuda,BMU,GFDD.DI.04,,,,,,,,,,,,,,,,,,,,,,,,,,,,,,,,North America,High income
Bermuda,BMU,GFDD.DI.05,,,,,,,,,,,,,,,,,,,,,,,,,,,,,,,,North America,High income
Bermuda,BMU,GFDD.DI.06,,,,,,,,,,,,,,,,,,,,,,,,,,,,,,,,North America,High income
Bermuda,BMU,GFDD.DI.11,,,,,,,,,,,,,,,,,,,,,,,,,,,,,,,,North America,High income
Bermuda,BMU,GFDD.DM.11,,,,,,,,,,,,,,,,,,,,,,,,,,,,,,,,North America,High income
Bermuda,BMU,GFDD.EI.08,,,,,,,,,,,,,,,,,,,,,,,,,,,,,,,,North America,High income
Bermuda,BMU,GFDD.OI.02,,,,,,,,,,,,,,,,,,,,,,,,,,,,,,,,North America,High income
Bermuda,BMU,SH.STA.BRTC.ZS,,,,,,,,,,,,,,,,,,,,,,,,,,,,,,,,North America,High income
Bermuda,BMU,SL.IND.EMPL.ZS,,,,,,,,,,,,,,,,,,,,,,,,,,,,,,,,North America,High income
Bhutan,BTN,DT.TDS.DPPF.XP.ZS,,,,,,,,,,,,,,,,,2.53036545750162,4.69505966079551,11.8507099824423,12.6844892415372,14.4049539191019,11.190277888059,17.7811361333064,11.0070226583246,11.8356496463142,17.028472201436,11.3742444920148,10.1204811434009,10.3302058348266,6.67710961911913,5.73223504316178,South Asia,Lower middle income
Bhutan,BTN,EG.ELC.ACCS.ZS,,,,,,,,,,,31.1499996185303,40.0451316833496,43.9788780212402,41.0999984741211,51.8330116271973,59.8081130981445,59.6850547790527,71.8000030517578,67.5552520751953,71.5038986206055,73.2829132080078,81.76708984375,91.5,87.4511413574219,91.483512878418,95.5307159423828,99.5897903442383,97.6999969482422,99.974365234375,100,100,South Asia,Lower middle income
Bhutan,BTN,GFDD.AI.01,,,,,,,,,,,,,,,,,,,,,,,,,,,,,,,,South Asia,Lower middle income
Bhutan,BTN,GFDD.DI.04,,,,94.58247,,96.25973,,97.65311,,,,99.93259,96.99786,98.93375,99.55049,98.77773,99.90154,99.91243,99.90533,99.92576,99.93042,99.94962,96.35905,99.97342,99.9697,99.94119,99.93329,99.91544,99.39478,99.97595,99.98347,South Asia,Lower middle income
Bhutan,BTN,GFDD.DI.05,21.41796,25.57972,25.48828,28.18299,29.48287,34.48915,32.9243,43.98466,42.74722,49.23479,52.08484,49.20911,53.72124,49.2104,53.66944,52.83538,52.93232,49.07545,66.27062,74.57863,73.41113,65.40162,60.28546,57.85009,64.40611,60.58707,66.31364,70.73484,71.86925,75.72215,100.8737,South Asia,Lower middle income
Bhutan,BTN,GFDD.DI.06,,,,1.06956,,0.5307983,,0.3987305,,,,0.0086448,0.5062829,0.2053671,0.1219072,0.2858488,0.0250119,0.0237479,0.0314515,0.0286741,0.0319632,0.0258804,2.015387,0.0135942,0.015244,0.0320374,0.0366867,0.0518921,0.4011854,0.0165053,0.0129383,South Asia,Lower middle income
Bhutan,BTN,GFDD.DI.11,,,,,,,,,,,,,,,,,,,,,,,,,,,,,,,,South Asia,Lower middle income
Bhutan,BTN,GFDD.DM.11,,,,,,,,,,,,,,,,,,,,,,,,,,,,,,,,South Asia,Lower middle income
Bhutan,BTN,GFDD.EI.08,1.168796,1.255448,12.90516,11.87939,7.342769,5.953158,5.647283,5.383993,3.243315,2.549324,2.073552,2.900772,10.36633,6.366523,12.31311,5.468589,4.039426,4.182076,2.908309,5.693341,3.777092,3.682682,7.000877,4.580849,5.636981,8.432863,7.20953,10.5189,7.999402,4.423274,6.363952,South Asia,Lower middle income
Bhutan,BTN,GFDD.OI.02,17.56439,21.07825,19.94735,23.32425,25.20193,29.89775,28.99415,38.34771,37.62254,43.59804,45.42915,41.81621,47.21115,42.80479,46.97014,45.99398,45.96294,42.38682,44.45721,66.23997,65.48669,57.0659,54.76389,52.59466,59.53303,55.46214,60.57853,65.23962,66.3863,69.59005,94.09809,South Asia,Lower middle income
Bhutan,BTN,SH.STA.BRTC.ZS,,,,,12,,,,,,27.3,,,56.1,,52.3,57.1,71.4,66.3,66,64.5,70,81,89,89,89,89,97.2,96.2,,,South Asia,Lower middle income
Bhutan,BTN,SL.IND.EMPL.ZS,,5.84999990463257,5.90000009536743,5.90999984741211,5.96000003814697,6.01999998092651,6.07999992370605,6.11999988555908,6.17999982833862,6.34999990463257,6.61999988555908,6.94999980926514,7.26999998092651,7.38000011444092,7.53999996185303,7.6399998664856,7.55000019073486,7.25,6.82999992370605,6.67000007629395,6.63000011444092,9.19999980926514,9.90999984741211,10.960000038147,10.8299999237061,9.64999961853027,9.9399995803833,10.210000038147,10.2200002670288,10.1499996185303,,South Asia,Lower middle income
Bolivia,BOL,DT.TDS.DPPF.XP.ZS,34.1707331491713,29.7357390274976,34.3431776653598,34.3824901887209,25.7324828721454,25.7513491799382,25.60875197722,23.7766470463744,25.9624614191286,18.5535600449622,18.2090475950593,16.3978448843615,14.4015699509704,14.1969951429679,10.9151378875591,9.77565528015506,6.90095643518876,5.37549428587943,6.44883339720714,4.74882736759198,4.35691800523827,2.49980604877501,3.57036716917453,2.20659232052293,2.6308845741665,5.2460612915654,5.52978097587389,5.95107887512216,6.38915234592635,7.54675939945742,10.7336565402453,Latin America & Caribbean,Lower middle income
Bolivia,BOL,EG.ELC.ACCS.ZS,,,60.0279006958008,61.3840293884277,64.1,64.0915298461914,71,67.330431,71.2,70.929888,69.9630432128906,69.2585372924805,63.9968566894531,72.3000030517578,75.9453048706055,68.2882080078125,76.2112808227539,80.1565704345703,84.6749877929688,86.7655944824219,87.8863143920898,88.3359451293945,90.3873748779297,89.5056838989258,90.0387268066406,91.522819519043,91.8000030517578,91.8000030517578,92.8000030517578,95.0800018310547,97.5541229248047,Latin America & Caribbean,Lower middle income
Bolivia,BOL,GFDD.AI.01,,,,,,,,,,,,,,,,,,,,,,,,,,,,,,,,Latin America & Caribbean,Lower middle income
Bolivia,BOL,GFDD.DI.04,40.76212,45.88231,51.89217,66.85316,70.15092,78.39132,84.23229,88.1844,89.72296,88.57185,87.00362,84.78358,82.43694,81.24048,80.41053,80.28783,84.82677,85.17491,81.52901,82.20869,83.50028,82.15743,80.32726,79.67362,79.41183,79.17454,77.93884,76.83339,76.91054,75.84464,70.96565,Latin America & Caribbean,Lower middle income
Bolivia,BOL,GFDD.DI.05,24.4743,29.77766,34.80104,41.87865,46.03814,42.49232,51.0279,54.71792,55.19878,55.40371,52.17691,59.42245,54.10163,56.24498,46.34829,47.01136,48.19773,54.9079,57.52284,50.06073,50.09258,51.43656,56.96539,60.42595,64.96421,74.62669,71.61722,71.01839,69.79647,67.93766,106.0122,Latin America & Caribbean,Lower middle income
Bolivia,BOL,GFDD.DI.06,34.96051,33.85614,34.14555,22.62276,21.41193,13.77881,10.68295,8.350082,7.68873,8.567149,9.117255,10.27693,11.73033,11.97633,11.5253,10.63591,6.783144,6.323413,7.407983,7.832093,7.430601,8.109642,9.700411,10.65068,11.56183,13.75507,16.50117,17.90823,18.9793,21.40009,33.59229,Latin America & Caribbean,Lower middle income
Bolivia,BOL,GFDD.DI.11,,,,,,,,,,,,3.6837477,4.7725633,4.8318013,4.757698,4.8377242,4.1941062,3.9217087,3.7387184,3.9047295,3.513458,3.1135303,2.8562593,2.6546485,2.612873,2.8945276,2.9645949,2.7643991,2.6392948,2.7377744,,Latin America & Caribbean,Lower middle income
Bolivia,BOL,GFDD.DM.11,,,,,,,,,,8.669335,7.893562,8.42472,10.58746,4.929724,4.944742,6.149675,4.908816,3.69532,3.501461,5.107389,3.875117,2.275635,3.192327,5.460528,11.09657,13.2451,12.94214,11.27822,9.242919,7.799008,7.029217,Latin America & Caribbean,Lower middle income
Bolivia,BOL,GFDD.EI.08,0.0310818,0.0439052,0.5269372,0.129196,0.3853621,1.784392,4.337477,4.050117,3.078673,1.953338,2.319597,3.898201,4.319273,4.203778,4.881903,3.716905,2.746825,1.985976,1.205466,2.171691,1.580801,0.5914633,0.6446639,0.820675,0.8491351,0.8472638,0.8897776,0.7780208,0.5934172,1.355336,1.809741,Latin America & Caribbean,Lower middle income
Bolivia,BOL,GFDD.OI.02,17.48155,23.08839,28.18706,35.33014,34.86575,34.45417,44.23075,47.97299,48.6535,48.51228,46.14285,52.51477,47.15683,48.52057,38.01778,37.36742,35.54765,38.20628,38.83285,47.13047,44.70842,44.63985,47.92658,49.59624,54.0853,65.15614,65.48407,65.9612,65.63573,65.00511,80.59243,Latin America & Caribbean,Lower middle income
Bolivia,BOL,SH.STA.BRTC.ZS,,,,,47.2,,,,59.3,,67.3,,65.1,60.8,60.8,,,,71.1,,,84,84.8,73.5,,72.8,89.8,99.5,71.5,,,Latin America & Caribbean,Lower middle income
Bolivia,BOL,SL.IND.EMPL.ZS,,19.1599998474121,19.0900001525879,19.0400009155273,18.9899997711182,18.9899997711182,18.8799991607666,18.6399993896484,18.8500003814697,18.9099998474121,18.6200008392334,15.6899995803833,17.75,20.5100002288818,20.5100002288818,19.3899993896484,17.4599990844727,19.6700000762939,20.1000003814697,20.7099990844727,20.7399997711182,20.9400005340576,20.6000003814697,19.8299999237061,20.6299991607666,22.5300006866455,20.7900009155273,20.0300006866455,19.4799995422363,19.4099998474121,,Latin America & Caribbean,Lower middle income
Bosnia and Herzegovina,BIH,DT.TDS.DPPF.XP.ZS,,,,,,,,,,8.04184528452593,12.674192913103,11.9790009876501,5.93502806757307,5.22392903311675,4.11622860062373,3.58475320968733,3.34135602851968,3.14809828478084,2.70532142542834,3.28688729425924,3.62899875974874,3.68588964301355,4.45270271171034,7.05300035696868,7.73227454068449,7.28281426076188,6.4709641489053,7.41961195392865,6.81380625080855,6.05836767721025,6.20160823220982,Europe & Central Asia,Upper middle income
Bosnia and Herzegovina,BIH,EG.ELC.ACCS.ZS,100,100,100,100,100,100,100,100,100,100,100,99.4000015258789,98.5,100,100,100,99.3872756958008,99.6999969482422,100,100,100,99.7057800292969,100,99.5,100,99.6999969482422,100,100,100,100,100,Europe & Central Asia,Upper middle income
Bosnia and Herzegovina,BIH,GFDD.AI.01,,,,,,,,,,,,,,,,,,,,,,,,,,,,,,,,Europe & Central Asia,Upper middle income
Bosnia and Herzegovina,BIH,GFDD.DI.04,,,,,,,,,,,,,99.99988,99.98393,99.97568,99.97904,99.97953,99.98439,99.98824,99.98957,99.99065,99.99182,99.993,99.98886,99.99549,99.99651,99.99665,99.99736,99.9977,99.99822,99.99813,Europe & Central Asia,Upper middle income
Bosnia and Herzegovina,BIH,GFDD.DI.05,,,,,,,,23.47792,25.17838,27.03645,21.89266,38.77815,38.46235,39.99527,45.08358,48.50122,37.85415,41.49902,37.86814,40.62085,42.70626,43.1019,44.7509,47.38668,49.74284,51.41464,52.95043,55.52293,56.63028,58.56387,63.76482,Europe & Central Asia,Upper middle income
Bosnia and Herzegovina,BIH,GFDD.DI.06,,,,,,,,,,,,,3.56E-05,0.0055867,0.0090127,0.0089601,0.0097549,0.00846,0.0068289,0.0060459,0.0055046,0.0047379,0.0042622,0.0068732,0.0028444,0.0021808,0.0020664,0.0016506,0.0014208,0.001115,0.0012041,Europe & Central Asia,Upper middle income
Bosnia and Herzegovina,BIH,GFDD.DI.11,,,,,,,,,,,,,,,,,4.05839,4.3338482,3.9830983,4.3317102,4.2597753,4.4408844,4.7577083,4.9714785,5.3116541,5.4555847,5.6158845,5.4722943,5.43893,5.5729083,5.5811661,Europe & Central Asia,Upper middle income
Bosnia and Herzegovina,BIH,GFDD.DM.11,,,,,,,,,,,,,,,0.0857258,0.0737326,0.1221611,0.1370709,0.1664803,1.275393,1.727088,1.487832,1.737922,1.974687,1.799009,1.886804,2.022945,2.442015,2.835542,3.299994,3.612266,Europe & Central Asia,Upper middle income
Bosnia and Herzegovina,BIH,GFDD.EI.08,,,,,,,,2.07771,1.543091,0.4210098,0.2806232,0.259651,0.4338386,0.3097025,0.2851768,0.2837339,1.585849,1.768872,2.045291,2.514848,3.219698,4.822037,6.205194,6.837674,8.399793,8.958512,8.542915,8.296638,8.099772,8.673024,10.3859,Europe & Central Asia,Upper middle income
Bosnia and Herzegovina,BIH,GFDD.OI.02,,,,,,,,2.105372,2.022913,6.580654,6.178558,20.09061,21.07493,23.81002,28.9979,32.69999,37.1918,40.90617,36.13876,39.57167,41.38202,45.89889,47.59936,50.54539,52.695,54.35708,55.99293,58.61788,60.06128,61.8373,67.06705,Europe & Central Asia,Upper middle income
Bosnia and Herzegovina,BIH,SH.STA.BRTC.ZS,97,97.4,,,,,98.9,98.7,99.3,99.6,98.9,99.9,99.9,99.9,99.9,99.9,99.4,99.9,99.9,99.9,99.9,99.9,99.9,,99.9,99.9,99.9,99.9,99.9,,,Europe & Central Asia,Upper middle income
Bosnia and Herzegovina,BIH,SL.IND.EMPL.ZS,,27.6100006103516,27.5200004577637,27.4899997711182,27.6399993896484,27.9200000762939,28.6599998474121,29.1900005340576,29.7199993133545,29.7299995422363,29.8799991607666,29.75,29.8400001525879,29.9300003051758,30,30.3500003814697,30.7700004577637,32.5900001525879,32.4700012207031,31.4899997711182,30.8700008392334,28.8899993896484,30.3600006103516,29.8199996948242,30,30.6299991607666,31.2800006866455,31.7000007629395,32.1300010681152,31.7099990844727,,Europe & Central Asia,Upper middle income
Botswana,BWA,DT.TDS.DPPF.XP.ZS,4.34041726954126,3.43810354282637,3.89749680633476,3.61000084562456,4.00290329740842,3.14062000800815,5.23308008789792,2.78744239716636,2.58142280357106,2.1428863083622,2.00179606499067,1.6898114582487,1.92848117785137,1.21174848272408,1.01805752868997,0.913881012691869,0.944099925656214,0.715854390884894,1.15992792396316,1.01010635158965,1.331342525139,0.978402545687432,0.820123848131514,2.04105451620515,0.583334178216561,2.10707343751678,1.89256490526752,2.41682649391939,2.25422157224847,2.79626517189516,3.50175892050684,Sub-Saharan Africa,Upper middle income
Botswana,BWA,EG.ELC.ACCS.ZS,,10.1,9.39822673797607,11.6420764923096,13.8845663070679,16.1250171661377,18.3627471923828,20.5970783233643,22.8273296356201,25.0527400970459,26.4089794158936,24.7999992370605,27,33.0831069946289,35.2989120483398,37.5141792297363,39.7313194274902,41.9529800415039,44.5,43.3600006103516,52.0177803039551,53.2400016784668,56.0188140869141,57.9919204711914,59.952995300293,62.1300010681152,64.1750564575195,67.4000015258789,68.2292633056641,69.9597396850586,71.994758605957,Sub-Saharan Africa,Upper middle income
Botswana,BWA,GFDD.AI.01,,,,,,,,,,,,,,,361.71059,360.26697,353.64837,395.40019,442.08693,509.52078,510.29795,478.81252,591.96701,645.9196,671.52936,664.6815,636.29407,696.3352,750.34913,777.72178,815.31452,Sub-Saharan Africa,Upper middle income
Botswana,BWA,GFDD.DI.04,,,,,,,,,,,,99.59032,99.59937,98.68067,98.55597,98.74339,98.85143,99.03149,99.47956,99.45328,99.50066,99.69499,99.76808,99.82047,99.8493,99.85468,99.85763,99.85725,99.83352,99.80084,99.78565,Sub-Saharan Africa,Upper middle income
Botswana,BWA,GFDD.DI.05,21.92021,27.45639,28.33217,21.03786,20.92185,20.47826,19.79454,22.38968,28.26305,28.50095,24.81621,31.02552,28.7635,31.32009,31.54779,28.91228,41.56482,47.9887,52.24683,52.70282,49.3396,42.63999,44.81366,42.65789,39.74025,48.67065,42.90891,43.53278,45.4979,47.49757,52.02023,Sub-Saharan Africa,Upper middle income
Botswana,BWA,GFDD.DI.06,,,,,,,,,,,,0.0739369,0.0823382,0.3004799,0.3491811,0.2626759,0.245871,0.2258588,0.1530856,0.1700326,0.1417908,0.0912937,0.0793389,0.0619615,0.05252,0.0554824,0.0500128,0.052783,0.0622403,0.0782665,0.0937572,Sub-Saharan Africa,Upper middle income
Botswana,BWA,GFDD.DI.11,,,,,,,,,,,8.6393832,9.3351679,13.023347,17.543856,20.365978,18.933385,21.696837,,17.16728,21.83316,19.668884,16.600283,19.23613,16.222455,15.298139,15.450439,12.913296,13.995363,10.550227,,,Sub-Saharan Africa,Upper middle income
Botswana,BWA,GFDD.DM.11,,,,,,,,,,0.5292185,1.729313,1.874301,6.208693,7.868796,7.048832,8.245936,7.686397,6.47095,5.197072,5.064042,4.28223,4.938463,4.424486,4.274961,5.389275,5.224963,5.206712,7.809887,4.845569,7.259749,9.09615,Sub-Saharan Africa,Upper middle income
Botswana,BWA,GFDD.EI.08,0.84314,0.8087661,0.9216797,0.9946929,1.378193,0.7706715,0.4649645,0.3589138,1.441743,2.220859,1.618518,1.517,1.3202,2.592511,2.063503,1.002568,0.8021081,0.54319,3.708805,2.187725,1.195016,2.587291,2.448694,2.805406,2.634605,2.291916,2.424877,2.975892,2.404417,3.074762,4.280013,Sub-Saharan Africa,Upper middle income
Botswana,BWA,GFDD.OI.02,14.79294,19.31173,19.55921,18.87374,18.81596,18.41599,17.97188,20.5435,26.39404,26.2316,22.74949,29.51383,27.23219,29.72622,28.60784,27.35239,40.2617,46.6023,50.76321,50.60155,46.30608,41.07779,43.25923,40.86408,38.15852,47.38616,41.76079,42.32844,44.34291,46.38947,50.57888,Sub-Saharan Africa,Upper middle income
Botswana,BWA,SH.STA.BRTC.ZS,,,,,,,87,,,,98.5,92,96.5,96.1,97.3,94,99.3,94.6,98.3,99.5,99.1,99.8,99.8,99.9,99.5,99.7,99.7,99.8,,,,Sub-Saharan Africa,Upper middle income
Botswana,BWA,SL.IND.EMPL.ZS,,25.4599990844727,25.6000003814697,25.6499996185303,25.7999992370605,25.9699993133545,25.7900009155273,23.8299999237061,22.2900009155273,21.6399993896484,21.1599998474121,21.6399993896484,22.1200008392334,22.6399993896484,21.7399997711182,20.8600006103516,20.0699996948242,19.4400005340576,18.7900009155273,18.1100006103516,18.0699996948242,18.0699996948242,18.0499992370605,18.0300006866455,18.0100002288818,18.0100002288818,17.9400005340576,17.8600006103516,17.75,17.6200008392334,,Sub-Saharan Africa,Upper middle income
Brazil,BRA,DT.TDS.DPPF.XP.ZS,18.5978745566658,16.6366901685174,14.7261882460548,13.0744275574015,17.2321206340311,23.6497187193839,22.5986868464809,20.7094466758625,27.3205612091519,41.8337159426657,37.0146941966454,22.9153206153309,37.3860186473394,39.5031159,23.4856293559478,30.165756414293,19.535415437446,10.8218981771797,9.30401801573839,7.09766455076036,5.93633612882627,6.75741959971678,4.0366826175101,7.11510757003687,5.48262965238695,12.7576373130651,10.6470418820597,10.8512629296176,11.8401320894886,14.6947400773007,12.4261266939649,Latin America & Caribbean,Upper middle income
Brazil,BRA,EG.ELC.ACCS.ZS,87.475116,90.6065444946289,88.803833,89.999927,91.8837280273438,91.728598,92.867095,93.354139,94.193812,94.76296,94.391716003418,96.0165252685547,96.6529922485352,96.980094909668,96.7651062011719,97.0935134887695,97.5943145751953,98.1253814697266,98.5266265869141,98.8569412231445,98.5999984741211,99.3286895751953,99.5194931030273,99.5751495361328,99.6502456665039,99.7108993530273,99.6999969482422,99.8000030517578,99.6999969482422,99.8000030517578,100,Latin America & Caribbean,Upper middle income
Brazil,BRA,GFDD.AI.01,,,,,,,,,,,,,,,380.15115,418.74849,431.90515,441.78574,469.40139,477.88034,534.60536,617.75443,643.58689,624.48214,618.88236,586.14782,577.14126,657.8005,665.09264,662.72766,,Latin America & Caribbean,Upper middle income
Brazil,BRA,GFDD.DI.04,53.80668,55.02816,65.40832,73.94957,87.24103,91.57115,94.36089,92.77551,79.75381,84.56409,85.2905,81.0733,76.30099,79.26134,80.33974,84.4267,85.51279,85.72836,83.5093,81.44067,83.05053,84.57394,84.0678,84.686,83.82375,83.35758,81.48563,81.08772,81.01387,81.83381,83.632,Latin America & Caribbean,Upper middle income
Brazil,BRA,GFDD.DI.05,30.39451,35.0296,60.93241,93.65885,45.4613,32.44855,35.11847,36.96514,39.33177,42.81104,46.48666,47.24524,45.64573,48.31206,49.59469,53.44701,57.22883,60.1108,61.66891,67.061,66.61838,70.1004,73.85186,72.63609,76.08147,80.44244,86.46298,86.13297,87.52866,90.06297,105.7287,Latin America & Caribbean,Upper middle income
Brazil,BRA,GFDD.DI.06,51.64068,50.62788,57.01464,57.68814,11.80225,5.011392,3.357418,4.550415,14.09258,11.68593,11.35461,14.82231,19.1344,16.95486,15.95423,13.06655,12.71029,13.27814,16.05142,19.20823,18.09583,17.24133,18.90485,17.87579,19.26371,21.33497,24.21327,25.2422,25.63056,25.54062,25.77876,Latin America & Caribbean,Upper middle income
Brazil,BRA,GFDD.DI.11,,,,,,,,,,,3.3040835,3.5946195,4.174131,4.9468578,5.6272305,6.1675801,6.8810318,7.5353131,7.414432,8.7474753,8.9016142,8.560184,9.5356845,9.5816893,10.391957,11.780015,13.333735,14.635739,15.072053,16.075245,17.208749,Latin America & Caribbean,Upper middle income
Brazil,BRA,GFDD.DM.11,,,,,,,,,,,,0.6073899,0.6781144,0.7800461,1.046036,0.9001231,0.9638065,0.9105366,0.5783939,0.4725466,1.062653,0.4426896,0.3552336,0.3440142,0.4902504,0.447187,0.5053263,0.4391403,0.5301186,0.5332461,0.5212489,Latin America & Caribbean,Upper middle income
Brazil,BRA,GFDD.EI.08,18.06949,16.78967,23.34162,30.68388,14.83704,11.40703,15.40286,17.69418,25.98117,34.19332,34.69669,34.48816,31.95981,37.11432,37.36795,40.89092,41.08709,38.68527,34.55337,36.79398,35.90311,36.44764,37.23402,34.62202,33.79398,40.03166,44.37369,48.74338,49.14723,52.13695,61.87773,Latin America & Caribbean,Upper middle income
Brazil,BRA,GFDD.OI.02,27.30258,31.27094,56.49775,80.05889,40.86543,29.07896,31.17668,34.32053,36.43462,39.98574,43.53863,44.76563,42.78606,45.80084,46.92978,50.75538,54.36062,57.08057,58.68953,51.55722,50.26419,50.17903,53.67015,52.60246,54.7546,56.98655,62.6458,64.4621,66.60847,68.66895,76.00596,Latin America & Caribbean,Upper middle income
Brazil,BRA,SH.STA.BRTC.ZS,,69.5,,,,,87.6,98.6,98.6,98.6,98.6,98.3,98.5,98.4,98.6,98.6,97,98.6,98.8,98.9,98.9,99,99,99.1,99.1,99.1,99.1,99.1,,,,Latin America & Caribbean,Upper middle income
Brazil,BRA,SL.IND.EMPL.ZS,,23.4200000762939,23.0499992370605,22.9799995422363,23.0300006866455,22.7700004577637,22.8500003814697,22.8899993896484,22.7999992370605,22.0599994659424,21.8400001525879,21.5699996948242,22.0200004577637,21.4899997711182,21.6200008392334,21.9599990844727,21.9300003051758,22.4899997711182,23.2399997711182,22.7000007629395,22.5599994659424,22.3099994659424,23.0200004577637,22.9500007629395,22.8899993896484,22.1700000762939,20.8899993896484,20.4799995422363,20.1299991607666,19.9899997711182,,Latin America & Caribbean,Upper middle income
British Virgin Islands,VGB,DT.TDS.DPPF.XP.ZS,,,,,,,,,,,,,,,,,,,,,,,,,,,,,,,,Latin America & Caribbean,High income
British Virgin Islands,VGB,EG.ELC.ACCS.ZS,94.606559753418,94.8247375488281,95.0428009033203,95.2601928710938,95.4762191772461,95.6902008056641,95.9014739990234,96.1093368530273,96.3131256103516,96.512077331543,97.4126968383789,97.5228271484375,97.6253662109375,97.7226715087891,97.8170928955078,97.9109802246094,98.0067291259766,98.1070098876953,98.2145156860352,98.3319702148438,98.3000030517578,98.6572952270508,98.8501663208008,99.021110534668,99.1800231933594,100,100,100,100,100,100,Latin America & Caribbean,High income
British Virgin Islands,VGB,GFDD.AI.01,,,,,,,,,,,,,,,,,,,,,,,,,,,,,,,,Latin America & Caribbean,High income
British Virgin Islands,VGB,GFDD.DI.04,,,,,,,,,,,,,,,,,,,,,,,,,,,,,,,,Latin America & Caribbean,High income
British Virgin Islands,VGB,GFDD.DI.05,,,,,,,,,,,,,,,,,,,,,,,,,,,,,,,,Latin America & Caribbean,High income
British Virgin Islands,VGB,GFDD.DI.06,,,,,,,,,,,,,,,,,,,,,,,,,,,,,,,,Latin America & Caribbean,High income
British Virgin Islands,VGB,GFDD.DI.11,,,,,,,,,,,,,,,,,,,,,,,,,,,,,,,,Latin America & Caribbean,High income
British Virgin Islands,VGB,GFDD.DM.11,,,,,,,,,,,,,,,,,,,,,,,,,,,,,,,,Latin America & Caribbean,High income
British Virgin Islands,VGB,GFDD.EI.08,,,,,,,,,,,,,,,,,,,,,,,,,,,,,,,,Latin America & Caribbean,High income
British Virgin Islands,VGB,GFDD.OI.02,,,,,,,,,,,,,,,,,,,,,,,,,,,,,,,,Latin America & Caribbean,High income
British Virgin Islands,VGB,SH.STA.BRTC.ZS,,,,,,100,,,,100,,,,,,100,,,,,,,,,,,,,,,,Latin America & Caribbean,High income
British Virgin Islands,VGB,SL.IND.EMPL.ZS,,,,,,,,,,,,,,,,,,,,,,,,,,,,,,,,Latin America & Caribbean,High income
Brunei Darussalam,BRN,DT.TDS.DPPF.XP.ZS,,,,,,,,,,,,,,,,,,,,,,,,,,,,,,,,East Asia & Pacific,High income
Brunei Darussalam,BRN,EG.ELC.ACCS.ZS,100,100,100,100,100,100,100,100,100,100,100,100,100,100,100,100,100,100,100,100,100,100,100,100,100,100,100,100,100,100,100,East Asia & Pacific,High income
Brunei Darussalam,BRN,GFDD.AI.01,,,,,,,,,,,,,,,,,,,1334.6894,1401.388,1455.2212,1465.7183,1901.4955,1546.1209,1631.5538,1587.9143,1557.6597,1509.7446,1505.4363,1597.9421,,East Asia & Pacific,High income
Brunei Darussalam,BRN,GFDD.DI.04,,,,,,,,,,98.09126,98.29429,98.4093,98.45142,99.99568,99.99476,99.99487,99.9909,99.9929,99.99129,99.98824,99.98843,95.93537,99.98901,99.98602,99.98419,99.98404,99.9862,99.98016,99.98435,99.98425,99.98689,East Asia & Pacific,High income
Brunei Darussalam,BRN,GFDD.DI.05,,,,,,,,,,77.03516,85.72546,77.81887,76.03979,72.45576,72.08105,57.73515,46.99237,49.3299,49.27997,70.73135,62.09702,55.04142,54.02034,57.27173,61.50459,72.61214,82.92514,77.64883,73.28424,76.3353,83.27573,East Asia & Pacific,High income
Brunei Darussalam,BRN,GFDD.DI.06,,,,,,,,,,1.170963,0.8728021,0.8996273,0.8624498,0.0022526,0.0024888,0.0021101,0.0032826,0.0027444,0.0031843,0.0054823,0.004414,1.290688,0.0033745,0.0048288,0.0059103,0.0074461,0.0065997,0.0083007,0.0061734,0.0062076,0.0057236,East Asia & Pacific,High income
Brunei Darussalam,BRN,GFDD.DI.11,,,,,,,,,,,,,,,5.9086911,5.9726149,5.0176106,4.932143,4.4730077,,4.4544658,3.6518888,3.6929179,4.0328619,4.3982514,5.315275,6.4154673,6.4976515,6.4570895,,,East Asia & Pacific,High income
Brunei Darussalam,BRN,GFDD.DM.11,,,,,,,,,,,,,,,,,,,,,,,,,,,,,,,,East Asia & Pacific,High income
Brunei Darussalam,BRN,GFDD.EI.08,,,,,,,,,,,0.0034216,2.022624,1.154824,1.390733,1.019779,0.7615888,1.31643,1.364473,1.44535,2.251841,1.569383,2.590108,2.91455,3.621162,4.466772,5.516271,4.233033,3.025437,5.03248,4.441155,4.815499,East Asia & Pacific,High income
Brunei Darussalam,BRN,GFDD.OI.02,,,,,,,,,,69.5184,80.07755,72.11687,70.54864,67.52,67.75526,53.94827,47.80736,50.30594,50.00378,71.81771,62.85998,55.8131,54.766,58.25692,62.7854,74.76925,85.38962,80.16944,75.65695,78.98933,86.43212,East Asia & Pacific,High income
Brunei Darussalam,BRN,SH.STA.BRTC.ZS,,97.8,98,97.8,98.2,96.2,98.9,99.6,99.3,99.4,99.2,99.7,99.4,99.4,99.4,99.6,99.6,99.9,99.7,99.8,99.8,99.6,99.8,99.7,99.9,100,100,99.8,,,,East Asia & Pacific,High income
Brunei Darussalam,BRN,SL.IND.EMPL.ZS,,24.1499996185303,24.3899993896484,24.6299991607666,24.5100002288818,24.9300003051758,24.4300003051758,24.1700000762939,24.3999996185303,23.1599998474121,22.5100002288818,22.6700000762939,22.1499996185303,21.5699996948242,21.1499996185303,20.5300006866455,20.1800003051758,20.3199996948242,19.6000003814697,19.9699993133545,19.5200004577637,18.9599990844727,18.7800006866455,18.8099994659424,18.6299991607666,17.9200000762939,16.9799995422363,16.1299991607666,19.3999996185303,20.7600002288818,,East Asia & Pacific,High income
Bulgaria,BGR,DT.TDS.DPPF.XP.ZS,18.6206171018388,5.40316861538462,8.16673282347917,6.19162352917602,12.727136464769,16.1190966864469,18.4540313024296,18.338642867935,16.91006288385,13.9431499458501,13.0533730030959,15.1268294199536,10.4147123263168,7.10014548783866,10.3757465391453,14.6908281483481,5.48879393445649,3.97005551315555,3.23913269235501,2.51938396363976,1.72412652613307,1.29361037287689,1.27975281540063,5.09548809028892,1.1242060868943,1.19164216473713,1.45898612602423,4.00406932615434,1.27084797256408,1.18824276758004,1.35541468115821,Europe & Central Asia,Upper middle income
Bulgaria,BGR,EG.ELC.ACCS.ZS,100,100,100,100,100,100,100,100,100,100,100,100,100,100,100,100,100,100,100,100,100,100,100,100,100,100,100,100,100,100,99.6999969482422,Europe & Central Asia,Upper middle income
Bulgaria,BGR,GFDD.AI.01,,,,,,,,,,,,,,,,,,,,,,,,,,,,,,1571.8428,1374.2637,Europe & Central Asia,Upper middle income
Bulgaria,BGR,GFDD.DI.04,,94.4897,90.90684,91.61441,90.9584,85.10863,80.7319,69.9139,70.09921,65.05543,63.49753,71.51994,80.55222,85.69841,90.20021,94.80352,97.82136,99.80766,99.85062,99.86505,99.87227,99.87803,99.88295,99.88406,99.87976,99.88014,99.88425,99.88755,99.89295,99.89999,99.90541,Europe & Central Asia,Upper middle income
Bulgaria,BGR,GFDD.DI.05,,74.53058,76.38995,78.96789,79.70282,46.1268,60.23526,31.24949,25.11982,30.09081,35.04589,40.06624,40.94024,45.76097,50.462,55.03513,61.60971,68.36353,64.85475,65.22378,67.76514,70.16613,74.68211,81.75526,80.81518,82.55305,83.4401,83.4192,84.78331,85.10985,94.72285,Europe & Central Asia,Upper middle income
Bulgaria,BGR,GFDD.DI.06,,7.218128,11.68078,11.65507,10.31183,7.916894,18.80941,8.579037,6.301197,8.805777,9.113717,7.476965,5.86913,5.221857,4.2887,2.486322,1.083785,0.1244979,0.1085309,0.0987135,0.0937663,0.0865214,0.0849407,0.085358,0.0834222,0.0783484,0.0735922,0.0683174,0.06383,0.0582998,0.0585156,Europe & Central Asia,Upper middle income
Bulgaria,BGR,GFDD.DI.11,,,,,,,,,,2.1481347,2.1891648,2.2301125,2.3795617,2.185878,2.2982417,2.6067609,3.2742664,3.4135606,3.5018295,3.8083339,3.903305,3.6655438,3.752501,3.9954492,4.2078732,4.255856,4.1462572,4.7909372,5.0053685,5.2763214,5.7528933,Europe & Central Asia,Upper middle income
Bulgaria,BGR,GFDD.DM.11,,,,,,,,,,4.818474,5.281599,5.628393,4.064489,3.786337,3.383951,2.569185,3.151479,2.541854,2.552625,4.064075,5.163424,4.974281,9.81829,10.63482,9.516026,7.880057,8.460441,11.32661,9.843998,12.7727,15.65854,Europe & Central Asia,Upper middle income
Bulgaria,BGR,GFDD.EI.08,,40.97203,41.91139,60.88663,54.4892,17.73074,28.12537,11.39327,5.832686,4.923592,3.906263,4.445767,5.747176,5.597991,5.436309,5.826267,5.42284,5.184959,4.365812,4.193357,5.198145,5.659256,6.784087,7.426222,10.15551,10.58932,11.58082,10.97716,9.291206,8.751177,10.11996,Europe & Central Asia,Upper middle income
Bulgaria,BGR,GFDD.OI.02,,67.12454,66.78088,69.79291,72.20681,41.2751,54.27831,23.584,17.89986,21.26771,22.1452,26.95136,28.15723,31.05669,35.8848,41.47202,48.80761,55.38108,52.76523,53.7075,57.2035,59.32846,62.83661,68.76749,67.73366,69.13238,69.1833,68.93932,69.66728,70.24484,77.72247,Europe & Central Asia,Upper middle income
Bulgaria,BGR,SH.STA.BRTC.ZS,99.1,99.5,99.8,99,99,98.9,99.9,99.9,99.88003,99,99.8,98.9,99.2,99.2,99.4,99.4,99.4,99.6,99.6,99.6,99.5,,,99.7,99.7,99.8,,,,,,Europe & Central Asia,Upper middle income
Bulgaria,BGR,SL.IND.EMPL.ZS,,41.1199989318848,40.189998626709,39.1699981689453,38.3800010681152,37.5,37.0099983215332,35.3600006103516,35.1199989318848,33.7900009155273,32.8300018310547,32.7700004577637,32.6599998474121,32.1300010681152,32.9199981689453,34.2400016784668,34.4700012207031,35.5,36.4300003051758,35.2400016784668,32.9799995422363,31.4599990844727,31.3199996948242,30.1900005340576,30.1200008392334,29.8999996185303,29.7900009155273,29.8999996185303,30.1100006103516,30.0200004577637,,Europe & Central Asia,Upper middle income
Burkina Faso,BFA,DT.TDS.DPPF.XP.ZS,7.80425730607188,11.3773685523974,8.88572944702836,11.5152730764375,14.8810575493864,,,,,,18.4480783941929,13.0410915199703,13.657484864865,12.0323172497438,8.93994739142795,7.83050879506804,6.03362671961537,4.74886855359128,3.93964101452001,3.88132598276693,2.51140053533586,2.33860504538712,2.13284155313262,2.47184001006297,2.94925237314032,4.04830938282267,3.6639957137547,3.58017837883273,3.14769561706998,3.48380173823538,,Sub-Saharan Africa,Low income
Burkina Faso,BFA,EG.ELC.ACCS.ZS,,,,6.1,6.12501001358032,6.62533283233643,7.1229362487793,7.61713981628418,8.10726451873779,6.9,9.07501983642578,9.52135181427002,9.96009922027588,11.3999996185303,10.8242387771606,11.2543277740479,11.6862897872925,12.1227731704712,12.5664882659912,12.6300001144409,13.1000003814697,14.8084144592285,15.1179943084717,15.4056425094604,19.2000007629395,16.0769748687744,16.641056060791,17.2140426635742,14.3999996185303,18.3748550415039,18.957239151001,Sub-Saharan Africa,Low income
Burkina Faso,BFA,GFDD.AI.01,,,,,,,,,,,,,,,54.405219,108.44709,57.732311,61.502064,69.035531,71.013056,78.637539,90.510738,105.43404,112.24035,126.51052,141.16738,161.25051,174.15899,178.34627,181.78774,194.05963,Sub-Saharan Africa,Low income
Burkina Faso,BFA,GFDD.DI.04,89.27964,85.12743,82.80717,79.37549,70.58257,65.62128,66.18022,70.48595,69.70037,67.21937,69.59997,73.40678,76.28764,80.47023,82.63617,86.22851,93.64235,94.19405,94.71432,88.46713,89.98452,91.51023,91.17813,92.97349,94.3512,94.68638,94.6519,95.72402,96.41923,96.55524,94.6886,Sub-Saharan Africa,Low income
Burkina Faso,BFA,GFDD.DI.05,18.95532,18.88033,19.90649,19.86547,22.13045,23.97029,22.63044,24.67568,21.52618,17.51092,18.62895,16.8469,16.0226,23.15362,20.30356,17.2391,18.01961,20.9207,20.33834,23.5812,24.9989,24.97181,25.91504,27.74614,29.56335,34.45037,34.31491,38.75124,39.27293,40.69167,44.99454,Sub-Saharan Africa,Low income
Burkina Faso,BFA,GFDD.DI.06,2.291399,2.441832,2.543757,2.901581,4.261503,4.687764,4.479411,5.607381,5.612111,4.96949,4.951332,4.737013,4.477271,3.756893,3.30061,2.78787,1.255059,1.088622,1.057649,2.212165,2.09436,1.968013,2.216949,2.074372,1.910473,1.939177,1.830506,1.525248,1.294723,1.312943,2.192624,Sub-Saharan Africa,Low income
Burkina Faso,BFA,GFDD.DI.11,,,,,,,,,,,,0.52070929,0.48323189,0.57897701,0.61505117,0.72200094,0.77107708,1.1353342,1.1070755,1.1174908,1.796013,1.7447159,1.6546736,1.7885144,1.8730038,2.1785507,2.1978787,2.2353487,2.4506572,2.9024558,,Sub-Saharan Africa,Low income
Burkina Faso,BFA,GFDD.DM.11,,,,,,,,,,,,,,,,0.6628042,0.1515455,1.178941,1.685219,2.236104,5.600696,17.85294,8.422236,12.89377,19.36289,25.68794,24.30116,27.22718,23.72853,25.95474,,Sub-Saharan Africa,Low income
Burkina Faso,BFA,GFDD.EI.08,2.074426,1.528909,1.399915,1.327239,2.984776,2.043821,1.752569,1.749166,1.757412,1.249025,1.0147,2.525999,2.405176,3.157911,2.342461,2.789908,2.623504,2.75389,3.256344,1.899496,3.543234,4.502107,4.934707,4.977083,6.710266,7.396869,6.640066,6.743122,7.9762,8.556563,10.02587,Sub-Saharan Africa,Low income
Burkina Faso,BFA,GFDD.OI.02,10.88817,10.94618,11.05078,10.96846,12.58126,12.84274,11.40855,12.20183,11.1029,10.36349,11.5504,11.44273,12.40701,13.38256,13.893,12.38191,13.72274,15.22153,15.1119,17.7521,20.57537,21.50846,22.18998,24.51933,25.73665,30.06431,30.50852,33.18142,32.68209,33.59735,37.89609,Sub-Saharan Africa,Low income
Burkina Faso,BFA,SH.STA.BRTC.ZS,,,,41.5,,,,,,31,,,,37.8,,,53.5,,,,65.9,,,,,79.8,,,,,,Sub-Saharan Africa,Low income
Burkina Faso,BFA,SL.IND.EMPL.ZS,,3.16000008583069,3.21000003814697,3.25,3.32999992370605,3.6800000667572,4.07000017166138,4.55000019073486,5.07000017166138,5.67999982833862,6.34000015258789,7.1100001335144,8,9.05000019073486,10.1999998092651,11.4899997711182,13.0200004577637,14.6899995803833,16.4899997711182,18.5400009155273,20.7800006866455,23.2299995422363,25.8299999237061,28.6299991607666,31.5499992370605,29.8500003814697,28.2099990844727,26.6700000762939,25.25,25.1599998474121,,Sub-Saharan Africa,Low income
Burundi,BDI,DT.TDS.DPPF.XP.ZS,41.6755298051624,29.5711513976619,35.3360747039599,35.4754807624081,38.9776719964116,27.2720725420847,53.3579168020117,30.1662021305017,41.3075538452773,46.1689477609495,34.8363596220474,46.4068669624068,54.5656251297029,62.1181036087685,134.721955054621,40.4074816381618,20.3601868798412,18.4669461779781,11.8623439629039,16.4822208484971,2.32810336867458,4.20705572765574,8.86755036131289,13.5591978444016,13.5643574946178,13.9184942516758,16.0191368282633,9.55400797804711,9.93248139936809,,,Sub-Saharan Africa,Low income
Burundi,BDI,EG.ELC.ACCS.ZS,,,,,,,,,3.9,2.07094931602478,2.46323680877686,2.79742002487183,3.12401843070984,3.44538164138794,3.76385879516602,3.20731711387634,2.66000008583069,4.7259464263916,4.80000019073486,5.39901685714722,5.30000019073486,6.12268400192261,6.5,6.90000009536743,7,8.42765235900879,9.34840965270996,9.30000019073486,10.8849086761475,11.3565282821655,11.7355556488037,Sub-Saharan Africa,Low income
Burundi,BDI,GFDD.AI.01,,,,,,,,,,,,,,,12.876283,16.444567,18.553711,19.150565,19.663695,22.524978,30.422468,34.487498,36.357352,28.78398,33.067272,33.068497,,,,,,Sub-Saharan Africa,Low income
Burundi,BDI,GFDD.DI.04,61.14069,68.38263,71.10979,78.72889,82.15138,75.62788,76.77625,70.45902,70.08659,66.39867,64.6377,64.24706,68.36596,62.98625,59.19362,55.22187,51.42634,58.72907,66.41578,60.57411,68.95693,67.81869,64.15916,68.31496,68.94508,62.21891,62.73077,65.20552,71.26971,76.88815,77.19,Sub-Saharan Africa,Low income
Burundi,BDI,GFDD.DI.05,15.79613,17.03954,16.91961,17.74574,23.02166,19.81773,22.34989,18.60038,15.79847,19.11073,17.1748,17.03081,21.06034,23.77882,22.13838,22.9586,26.0736,26.68498,29.18002,25.39635,27.68697,26.3079,25.61012,25.41183,26.10657,22.37309,23.94111,27.05107,32.90134,39.33294,46.64942,Sub-Saharan Africa,Low income
Burundi,BDI,GFDD.DI.06,8.065702,6.490613,5.4271,4.222045,3.914683,4.811905,5.336772,6.395654,7.187663,8.693224,9.575106,9.670891,10.09341,12.41918,13.06384,12.96326,16.10082,12.60142,9.141973,11.66098,10.31095,11.64106,12.42407,10.66787,10.99611,13.45711,15.68379,14.76579,14.70587,13.86776,15.86025,Sub-Saharan Africa,Low income
Burundi,BDI,GFDD.DI.11,,,,,,,,,,,,,,,,,,,,,,,,,,,,,,,,Sub-Saharan Africa,Low income
Burundi,BDI,GFDD.DM.11,,,,,,,,,,,,,,,,,,,,,,,0.0109218,8.475638,5.698905,4.770326,4.791887,4.271671,4.35948,,,Sub-Saharan Africa,Low income
Burundi,BDI,GFDD.EI.08,4.202944,3.417106,2.773475,1.770196,3.451059,3.252353,3.992759,3.71846,3.59952,2.95681,0.5520341,1.237261,1.684759,1.184379,1.777791,1.627651,1.395977,2.961524,4.305877,3.435445,4.728955,3.191676,2.276676,3.697123,5.158222,5.800364,9.108393,12.03392,18.01376,25.05301,27.25154,Sub-Saharan Africa,Low income
Burundi,BDI,GFDD.OI.02,9.534809,11.14402,10.74366,10.91416,14.57714,11.77887,13.08951,11.46493,9.536612,12.38829,11.77503,12.28645,15.36408,18.32577,16.2726,17.11847,20.13199,19.67306,20.60315,19.49487,21.9427,20.71108,20.32934,20.39517,21.27775,18.05502,18.98583,21.35612,26.63407,31.91842,38.35304,Sub-Saharan Africa,Low income
Burundi,BDI,SH.STA.BRTC.ZS,,,,,,,,,,,25.2,,,,,31.8,,,,,60.3,,78.4,,,,,85.1,,,,Sub-Saharan Africa,Low income
Burundi,BDI,SL.IND.EMPL.ZS,,2.52999997138977,2.49000000953674,2.45000004768372,2.40000009536743,2.32999992370605,2.25999999046326,2.22000002861023,2.20000004768372,2.23000001907349,2.25999999046326,2.29999995231628,2.34999990463257,2.41000008583069,2.44000005722046,2.53999996185303,2.60999989509583,2.71000003814697,2.79999995231628,2.91000008583069,3.01999998092651,3.13000011444092,3.25,3.36999988555908,3.5,3.48000001907349,3.48000001907349,3.47000002861023,3.41000008583069,3.34999990463257,,Sub-Saharan Africa,Low income
Cabo Verde,CPV,DT.TDS.DPPF.XP.ZS,8.88855074637333,14.5134178431357,18.5858292547343,12.0857707691419,14.0277492734511,10.2774537281413,7.44872788242303,10.4547729112101,16.8771744797905,15.8809824365964,11.0784796322344,8.17406197555756,11.8701753444953,7.26942351599749,7.92735140030131,9.57361109861946,6.42939295654848,4.97784351300448,4.25007120802018,5.62593375520214,5.44163754809739,4.74452231715688,4.53406522726793,4.5762142446876,4.77824364903538,6.22653397691234,5.90718968888539,6.14104160448345,5.60759630079369,5.91425614906821,13.3503104662746,Sub-Saharan Africa,Lower middle income
Cabo Verde,CPV,EG.ELC.ACCS.ZS,,,,,,,,,,,58.4223289489746,60.1615180969238,58.5999984741211,63.619499206543,65.3429870605469,67,68.7907562255859,70.5201034545898,72.2566757202148,74.0031890869141,81.0999984741211,82.3562469482422,83.3587646484375,84.3393478393555,85.3079071044922,86.3578414916992,87.5449295043945,88.6909637451172,90.411750793457,91.4000015258789,94.1617431640625,Sub-Saharan Africa,Lower middle income
Cabo Verde,CPV,GFDD.AI.01,,,,,,,,,,,,,,,922.16373,1103.2228,1177.9974,1271.7523,1398.9676,1234.8752,1457.4302,1554.4673,1643.6058,1704.8856,1770.7972,1856.7504,1847.2463,2054.4767,2122.3711,2187.0674,2007.5202,Sub-Saharan Africa,Lower middle income
Cabo Verde,CPV,GFDD.DI.04,10.22946,8.656647,8.198141,39.28815,69.72569,74.13623,75.34109,76.91172,79.10414,79.71865,76.04236,75.50848,77.47833,78.49813,80.74543,82.53274,86.17918,87.72267,89.23232,90.40018,91.17022,92.67216,92.78534,93.11728,93.45097,93.87276,94.36377,94.04639,94.43408,94.52705,95.06696,Sub-Saharan Africa,Lower middle income
Cabo Verde,CPV,GFDD.DI.05,33.92381,34.9143,42.62973,49.78881,66.19643,67.1201,67.75697,67.5847,61.45459,59.9586,64.36928,65.69693,71.55587,71.0956,76.16769,83.99267,87.7357,77.57124,75.56386,77.50056,80.10378,78.47814,82.07926,89.44076,95.64868,98.88468,102.5702,104.6263,99.96299,102.0194,125.2991,Sub-Saharan Africa,Lower middle income
Cabo Verde,CPV,GFDD.DI.06,41.37543,46.94632,51.92074,23.42227,16.99129,16.33223,15.45857,15.71972,13.24564,11.6129,16.15221,17.04159,16.85641,16.00418,14.54673,13.69576,10.98587,8.669386,7.875944,7.623616,7.423839,6.547482,6.349699,6.162657,6.033865,5.659757,5.239188,5.695229,5.270842,4.869272,5.477985,Sub-Saharan Africa,Lower middle income
Cabo Verde,CPV,GFDD.DI.11,,,,,,1.3803499,1.5985698,1.3551111,1.4901683,1.3953454,1.4189457,1.3095801,1.3002394,1.4579622,1.4865972,1.471998,1.5273634,1.6914211,1.7194869,1.7484636,2.0233509,2.1940179,1.9787426,2.013886,2.0779556,1.9901457,3.0883373,3.66964,3.5449874,3.7730533,4.8748167,Sub-Saharan Africa,Lower middle income
Cabo Verde,CPV,GFDD.DM.11,,,,,,,,,,,,,,,,,,,,,,,1.069204,2.599491,3.150822,4.596292,7.182005,10.76901,11.43608,11.10908,14.19802,Sub-Saharan Africa,Lower middle income
Cabo Verde,CPV,GFDD.EI.08,,,,1.507624,17.88538,19.98041,20.74332,20.644,18.40447,5.771803,11.9117,21.30962,23.51726,22.25693,22.2983,24.09487,22.31115,17.34846,13.79232,14.64378,15.66773,17.5255,17.81552,19.69777,23.3102,25.33617,26.95839,27.97315,29.77688,25.92152,33.00285,Sub-Saharan Africa,Lower middle income
Cabo Verde,CPV,GFDD.OI.02,,,,40.78995,53.87157,54.45678,56.67137,56.96041,51.5779,49.98376,54.36146,56.03467,62.67659,62.9021,67.90031,75.1336,79.7942,70.68781,69.09548,71.34432,74.12022,72.8123,76.82008,84.22919,89.98112,93.22852,96.97839,99.21488,94.74351,96.87713,116.3371,Sub-Saharan Africa,Lower middle income
Cabo Verde,CPV,SH.STA.BRTC.ZS,,,,,,54,,,88.5,,,,,,,77.5,76.4,74.4,74.6,75.6,98.5,98.7,,92.3,95.6,91.4,92.6,92.4,,,,Sub-Saharan Africa,Lower middle income
Cabo Verde,CPV,SL.IND.EMPL.ZS,,17.9099998474121,18.0300006866455,18.1800003051758,18.3899993896484,18.6299991607666,18.9599990844727,19.2900009155273,19.6700000762939,20.0499992370605,20.4599990844727,20.8600006103516,21.2999992370605,21.6599998474121,21.9799995422363,22.3099994659424,22.5799999237061,22.7800006866455,22.9500007629395,23.0499992370605,23.0799999237061,22.9699993133545,22.8299999237061,22.6599998474121,22.4899997711182,22.3099994659424,22.0799999237061,21.9099998474121,21.8799991607666,21.7999992370605,,Sub-Saharan Africa,Lower middle income
Cambodia,KHM,DT.TDS.DPPF.XP.ZS,,,3.82814427116486,9.5880200073548,0.152266221408966,0.672619675145572,0.910412295482295,0.873125712406839,0.945278707239896,1.13509038949622,0.662388793123078,0.857886555846269,0.842480394908936,0.947244358304177,0.79836502109211,0.725559479970341,0.572510291730331,0.571139371609222,0.754555734349618,0.938051611821077,0.981413852265385,0.901285928469172,0.979829516030699,1.11615225966041,1.09271649657121,1.00176537236667,1.26849349039141,1.30453594128916,1.39997767024266,1.42820235728889,1.71516282509131,East Asia & Pacific,Lower middle income
Cambodia,KHM,EG.ELC.ACCS.ZS,,,,,,,,,18.67,8.82003688812256,16.6000003814697,14.6247777938843,18.1870994567871,19.2999992370605,25.2983837127686,20.5,32.4075813293457,35.9676361083984,26.3999996185303,43.1121520996094,31.1000003814697,50.3072624206543,53.9305648803711,57.5736961364746,56.0999984741211,64.9104232788086,69.5443115234375,89.0699996948242,81.0756530761719,84,86.4000015258789,East Asia & Pacific,Lower middle income
Cambodia,KHM,GFDD.AI.01,,,,,,,,,,,,,,,,,,,,,,,,,,,,,,,,East Asia & Pacific,Lower middle income
Cambodia,KHM,GFDD.DI.04,,,,43.82081,52.47509,57.91825,67.32549,75.26847,69.6046,73.21471,76.83113,77.66178,80.37395,84.124,87.39041,89.21528,92.3344,95.40965,97.24627,97.40571,97.8603,98.13457,98.7139,99.12984,98.92728,99.3142,99.29736,99.39925,99.7942,99.96933,99.98479,East Asia & Pacific,Lower middle income
Cambodia,KHM,GFDD.DI.05,,,,4.894462,6.362329,7.696566,9.906824,10.47648,10.49521,10.78416,12.99838,14.11234,17.23495,18.0113,19.9868,19.26878,23.36605,32.21116,28.36015,37.47942,41.60581,39.07434,50.09768,55.53484,67.07474,72.40213,79.17479,88.17651,100.6989,107.6554,131.9093,East Asia & Pacific,Lower middle income
Cambodia,KHM,GFDD.DI.06,,,,3.085119,3.064346,2.5743,2.320994,2.082551,2.461959,2.116043,1.930219,1.734411,1.603373,1.453391,1.358448,1.110967,0.9982443,0.8761359,0.6642147,0.6548249,0.6022917,0.5370111,0.5053641,0.4502834,0.6739287,0.5124709,0.5765929,0.5227267,0.2050414,0.0350424,0.0217356,East Asia & Pacific,Lower middle income
Cambodia,KHM,GFDD.DI.11,,,,,,,,,,,,,,,,0.42135396,0.438856,0.57429845,,,,,,,,,,,,,,East Asia & Pacific,Lower middle income
Cambodia,KHM,GFDD.DM.11,,,,,,,,,,,,,,,,455.1721,432.1273,385.0497,334.0952,341.6998,,468.4827,,,,,,460.4241,,,,East Asia & Pacific,Lower middle income
Cambodia,KHM,GFDD.EI.08,,,,,,64.14735,60.04182,61.42728,52.62656,,20.96198,41.96267,,,,,70.47976,33.11015,17.39476,19.72165,16.10887,15.39883,32.67829,44.64109,43.15219,41.73762,54.93142,60.44763,58.28218,60.47823,,East Asia & Pacific,Lower middle income
Cambodia,KHM,GFDD.OI.02,,,,2.075694,3.818515,4.718054,6.648406,6.966861,6.151796,7.121964,9.486244,10.4015,12.64826,13.06021,14.67744,14.25699,17.93482,26.4732,22.80032,30.40718,34.9007,31.64308,43.22687,48.10421,58.33368,64.00486,71.00856,78.89191,91.57049,96.71732,118.8404,East Asia & Pacific,Lower middle income
Cambodia,KHM,SH.STA.BRTC.ZS,,,,,,43.3,,,34,,31.8,,,,16.3,43.8,43.8,,,,71,71.7,74,,89,,,,,,,East Asia & Pacific,Lower middle income
Cambodia,KHM,SL.IND.EMPL.ZS,,6.01999998092651,6.17999982833862,6.28000020980835,5.76999998092651,6.09000015258789,6.34000015258789,6.6100001335144,6.88000011444092,7.6100001335144,8.53999996185303,11,11.5,11.8999996185303,12.539999961853,13.2799997329712,14,14.7200002670288,15.1300001144409,15.6199998855591,16.0400009155273,16.4699993133545,17.7600002288818,19.2800006866455,23.7700004577637,24.9200000762939,25.7600002288818,25.4899997711182,27.0200004577637,27.9099998474121,,East Asia & Pacific,Lower middle income
Cameroon,CMR,DT.TDS.DPPF.XP.ZS,13.0022289271631,12.3319504094522,11.2239652603358,18.5681814002186,16.7842418749248,17.2304215517138,18.4248926809392,17.27385964139,17.960948113675,16.5756999046865,14.257030201503,7.16561219276751,8.84210144976527,9.77539205690514,12.8478161161505,14.3545039550013,10.7256062166918,3.9504633561356,2.64669954093021,2.59460857638424,2.62882560450498,2.49660277851276,1.54614374928199,1.85566310281944,5.57397531255722,6.02422978542499,7.36909386673476,6.58223493160915,8.49241625021731,8.79220016077388,14.092933912335,Sub-Saharan Africa,Lower middle income
Cameroon,CMR,EG.ELC.ACCS.ZS,,29,32.6975250244141,33.849193572998,34.9995040893555,36.1477737426758,37.2933235168457,38.435474395752,40.7,40.7067756652832,41,46.2000007629395,44.0404014587402,45.1230125427246,47.0999984741211,47.2819328308105,49,48.2000007629395,50.5413970947266,51.6441535949707,52.7595558166504,53.7000007629395,55.0391540527344,56.2078132629395,56.7999992370605,58.5955924987793,59.8087768554688,61.0308647155762,62.2000007629395,63.4898796081543,64.7213668823242,Sub-Saharan Africa,Lower middle income
Cameroon,CMR,GFDD.AI.01,,,,,,,,,,,,,,,1.1695061,,,,45.995037,43.481787,53.41382,49.844877,52.689372,59.733883,66.566575,83.675344,87.385182,82.983405,132.49035,130.65542,118.91853,Sub-Saharan Africa,Lower middle income
Cameroon,CMR,GFDD.DI.04,89.77522,78.40406,64.52682,64.33394,63.59177,63.99319,63.07828,62.29698,64.66811,63.76596,64.86813,63.07514,63.91969,66.57909,68.76229,75.91519,86.23465,92.65385,98.951,94.54632,94.64049,95.49688,92.27476,93.57099,93.91071,91.1077,90.10432,81.08862,81.65408,,,Sub-Saharan Africa,Lower middle income
Cameroon,CMR,GFDD.DI.05,21.23368,21.62894,18.82931,11.91882,13.98185,11.95887,10.27385,10.97817,11.17856,11.85882,13.40121,14.4315,15.57579,14.67832,14.57244,14.75284,15.31709,16.783,17.68142,17.68937,19.27321,19.87766,17.82026,18.35454,19.27258,19.78317,19.7406,19.89719,21.40187,,,Sub-Saharan Africa,Lower middle income
Cameroon,CMR,GFDD.DI.06,3.916696,9.59212,10.37693,6.963868,6.889157,6.236804,6.001607,5.376944,5.38067,5.664891,5.785778,6.230201,6.016664,5.293409,4.461299,3.238376,1.57282,0.7756289,0.1124019,0.6227135,0.6436601,0.6351248,1.267695,1.113803,1.08619,1.722598,2.014597,4.218059,4.334167,,,Sub-Saharan Africa,Lower middle income
Cameroon,CMR,GFDD.DI.11,,,,,,,,,,,,1.4467451,1.6092851,1.6226745,1.6003154,1.6079038,1.5597834,1.5715333,1.4965904,1.5810039,1.6683767,1.7324784,1.7331849,1.7541206,1.7488335,1.7836856,1.8591552,1.8755029,1.8804945,,,Sub-Saharan Africa,Lower middle income
Cameroon,CMR,GFDD.DM.11,,,,,,,,,,,,,,,,,,,,,,,0.0005736,0.0005393,0.000968,0.000982,0.0009009,0.0009557,0.0006045,,,Sub-Saharan Africa,Lower middle income
Cameroon,CMR,GFDD.EI.08,6.592082,6.916055,5.22953,5.391707,5.265967,4.74961,3.757726,3.71696,3.676093,3.462993,3.59007,3.690404,3.386313,3.168858,2.784417,2.633511,2.457049,2.259367,2.145193,2.134745,1.981553,2.110215,2.870795,3.426822,3.181321,3.641401,4.154845,4.188035,4.796144,5.365594,,Sub-Saharan Africa,Lower middle income
Cameroon,CMR,GFDD.OI.02,16.48109,16.49575,14.09151,9.356668,11.18577,10.01763,8.499506,8.021796,7.964491,8.441657,9.815643,10.67886,11.62545,11.3491,11.16971,12.00297,12.53872,13.34762,13.99379,14.19867,15.50872,16.30733,14.05192,14.86866,15.61419,15.4436,15.12112,15.1638,16.53209,16.80967,,Sub-Saharan Africa,Lower middle income
Cameroon,CMR,SH.STA.BRTC.ZS,,58.4,,,,,,,55,,56,,,,58.9,,58.9,,,,,56.1,,,64.7,,,,69,,,Sub-Saharan Africa,Lower middle income
Cameroon,CMR,SL.IND.EMPL.ZS,,9.9399995803833,9.82999992370605,9.71000003814697,9.64000034332275,9.56999969482422,9.52000045776367,9.5,9.53999996185303,9.60000038146973,9.68000030517578,9.80000019073486,10.0200004577637,10.2399997711182,10.4499998092651,10.6700000762939,10.9200000762939,11.1700000762939,11.5100002288818,11.9300003051758,12.289999961853,12.710000038147,13.1700000762939,13.6199998855591,14.0799999237061,14.2299995422363,14.3299999237061,14.4200000762939,14.4200000762939,14.4200000762939,,Sub-Saharan Africa,Lower middle income
Canada,CAN,DT.TDS.DPPF.XP.ZS,,,,,,,,,,,,,,,,,,,,,,,,,,,,,,,,North America,High income
Canada,CAN,EG.ELC.ACCS.ZS,100,100,100,100,100,100,100,100,100,100,100,100,100,100,100,100,100,100,100,100,100,100,100,100,100,100,100,100,100,100,100,North America,High income
Canada,CAN,GFDD.AI.01,,,,,,,,,,,,,,,,,,,,,,,,,,,,,,,,North America,High income
Canada,CAN,GFDD.DI.04,96.48109,96.35506,96.52557,96.53608,96.50233,96.8616,96.84644,96.85777,96.81952,96.40812,96.57081,97.50715,97.45016,97.42857,97.49424,97.59113,97.83566,97.70211,98.2791,,,,,,,,,,,,,North America,High income
Canada,CAN,GFDD.DI.05,72.9894,75.17018,78.13626,76.53128,75.51555,75.257,75.73799,74.95606,74.02822,72.73273,70.56787,128.2576,126.2773,120.9755,122.0104,124.2081,132.7943,111.2439,121.8902,,,,,,,,,,,,,North America,High income
Canada,CAN,GFDD.DI.06,2.875481,3.148596,3.113291,3.137462,3.166274,2.809453,2.951732,2.980397,2.949982,3.225621,2.962832,3.390962,3.378858,3.281607,3.233498,3.264727,3.22515,3.148844,2.473641,2.906609,3.508826,3.500477,4.119418,4.639193,4.535302,4.72795,4.771214,4.693083,4.656212,4.452665,17.73122,North America,High income
Canada,CAN,GFDD.DI.11,,,,,,,,,,,,,,25.76113,26.279094,26.922038,28.421346,28.469804,30.256185,37.532609,36.900808,60.916555,62.328364,66.003403,70.105939,77.080522,77.848845,73.648028,70.195773,74.100149,83.683272,North America,High income
Canada,CAN,GFDD.DM.11,,,,,,,,,,3.327921,3.352099,3.421185,4.732056,5.159701,6.018244,7.46666,9.997709,11.05771,7.714804,9.868706,10.09027,9.130762,10.99281,11.77182,13.86561,17.66142,20.59826,22.11705,23.16806,26.7983,30.47927,North America,High income
Canada,CAN,GFDD.EI.08,5.771667,8.245116,9.963726,11.90597,12.60739,12.75858,12.01523,10.34098,9.941049,9.328453,9.450208,11.28351,11.29482,11.0963,10.3669,10.60509,11.6687,10.34997,17.16981,,,,,,,,,,,,,North America,High income
Canada,CAN,GFDD.OI.02,,,,,,,,,,,,149.5473,147.141,140.6113,139.415,143.9293,154.1476,108.4083,118.9572,,,,,,,,,,,,,North America,High income
Canada,CAN,SH.STA.BRTC.ZS,,99.1,99.6,99.4,99.3,99.4,99.2,99.3,99.3,99.2,99.3,99.3,99.3,98.9,99,98.8,98.8,98.8,98.7,98.6,98.5,98.4,98.1,98,97.9,97.9,97.8,97.9,98,,,North America,High income
Canada,CAN,SL.IND.EMPL.ZS,,23.8799991607666,23.1800003051758,22.5100002288818,22.6700000762939,22.9300003051758,22.75,23.0599994659424,23.1200008392334,23.1200008392334,23.2900009155273,23.0599994659424,23.2299995422363,22.9699993133545,23.0499992370605,22.6900005340576,22.1100006103516,21.6700000762939,21.4599990844727,20.2900009155273,20.1499996185303,20.2900009155273,20.4599990844727,20.3299999237061,20.1800003051758,19.9200000762939,19.6700000762939,19.5300006866455,19.5699996948242,19.25,,North America,High income
Cayman Islands,CYM,DT.TDS.DPPF.XP.ZS,,,,,,,,,,,,,,,,,,,,,,,,,,,,,,,,Latin America & Caribbean,High income
Cayman Islands,CYM,EG.ELC.ACCS.ZS,99.846923828125,99.8788146972656,99.9102401733398,100,100,100,100,100,100,100,100,100,100,100,100,100,100,100,100,100,100,100,100,100,100,100,100,100,100,100,100,Latin America & Caribbean,High income
Cayman Islands,CYM,GFDD.AI.01,,,,,,,,,,,,,,,,,,,,,,,,,,,,,,,,Latin America & Caribbean,High income
Cayman Islands,CYM,GFDD.DI.04,,,,,,,,,,,,,,,,,,,,,,,,,,,,,,,,Latin America & Caribbean,High income
Cayman Islands,CYM,GFDD.DI.05,,,,,,,,,,,,,,,,,,,,,,,,,,,,,,,,Latin America & Caribbean,High income
Cayman Islands,CYM,GFDD.DI.06,,,,,,,,,,,,,,,,,,,,,,,,,,,,,,,,Latin America & Caribbean,High income
Cayman Islands,CYM,GFDD.DI.11,,,,,,,,,,,,,,,,,,,,,,,,,,,,,,,,Latin America & Caribbean,High income
Cayman Islands,CYM,GFDD.DM.11,,,,,,,,,,,,,,,,,,,,,,,,,,,,,,,,Latin America & Caribbean,High income
Cayman Islands,CYM,GFDD.EI.08,,,,,,,,,,,,,,,,,,,,,,,,,,,,,,,,Latin America & Caribbean,High income
Cayman Islands,CYM,GFDD.OI.02,,,,,,,,,,,,,,,,,,,,,,,,,,,,,,,,Latin America & Caribbean,High income
Cayman Islands,CYM,SH.STA.BRTC.ZS,,,,,,,,,,,,,,,,100,,,,,,,,,,,,,,,,Latin America & Caribbean,High income
Cayman Islands,CYM,SL.IND.EMPL.ZS,,,,,,,,,,,,,,,,,,,,,,,,,,,,,,,,Latin America & Caribbean,High income
Central African Republic,CAF,DT.TDS.DPPF.XP.ZS,12.4936589093978,7.41990439341161,8.18090051786241,3.78226748080099,11.8260131176747,,,,,,,,,,,,,,,,,,,,,,,,,,,Sub-Saharan Africa,Low income
Central African Republic,CAF,EG.ELC.ACCS.ZS,,,,,,3,3.33491563796997,3.83021020889282,4.32142543792725,4.80779838562012,6,5.7360520362854,6.17705392837524,6.61282014846802,7.04570055007935,7.4780445098877,7.80516910552979,8.35099792480469,7.48000001907349,9.25287532806396,9.80000019073486,10.2466478347778,10.8688611984253,11.4691410064697,12.0573968887329,12.727029800415,13.5338163375854,14.2995414733887,14.8423757553101,14.3000001907349,15.4650840759277,Sub-Saharan Africa,Low income
Central African Republic,CAF,GFDD.AI.01,,,,,,,,,,,,,,,,,,,,22.700122,,36.906277,39.01711,63.636427,43.146657,53.479591,56.244966,53.621124,,,,Sub-Saharan Africa,Low income
Central African Republic,CAF,GFDD.DI.04,70.64031,58.77109,47.28488,47.53795,41.356,48.74454,47.21576,51.66079,54.98264,55.08635,54.35465,54.97629,55.35177,53.23368,50.48568,47.79976,48.36728,48.48006,48.60931,44.08332,48.28069,52.68312,50.59113,46.37244,47.98701,47.45807,47.37188,43.86196,43.44924,42.00106,,Sub-Saharan Africa,Low income
Central African Republic,CAF,GFDD.DI.05,15.76653,15.24113,15.31669,17.8347,24.39586,21.59301,24.45348,21.25368,17.0925,17.60497,17.0348,16.05839,15.18555,14.56978,16.42815,18.20486,16.10212,14.56415,15.5291,16.14428,16.90645,17.94099,15.78459,25.57295,26.16564,25.7139,25.20795,24.99069,27.80098,28.70137,,Sub-Saharan Africa,Low income
Central African Republic,CAF,GFDD.DI.06,4.438439,7.117949,7.553723,7.826502,8.884285,6.640024,7.310616,5.985226,5.655854,6.152972,6.392848,6.5049,6.735885,7.62274,9.070977,9.812224,9.894423,9.740691,10.11687,10.40301,10.60228,10.11454,12.09838,18.29486,17.5981,17.48192,17.31304,17.06404,19.15632,19.22481,,Sub-Saharan Africa,Low income
Central African Republic,CAF,GFDD.DI.11,,,,,,,,,,,,,,,,,,,,,,,,,,,,,,,,Sub-Saharan Africa,Low income
Central African Republic,CAF,GFDD.DM.11,,,,,,,,,,,,,,,,,,,,,,,,,,,,,,,,Sub-Saharan Africa,Low income
Central African Republic,CAF,GFDD.EI.08,3.286948,3.30895,2.243176,2.662154,2.303328,2.142357,2.026143,1.914366,1.89149,2.923277,3.029629,2.77351,2.1794,2.178481,1.761497,1.807007,2.24891,2.340921,2.533563,1.905735,1.686661,2.349473,1.745293,2.447293,3.646197,4.288284,3.509979,2.365697,2.556274,2.408337,,Sub-Saharan Africa,Low income
Central African Republic,CAF,GFDD.OI.02,5.098979,4.366042,3.713445,3.429963,5.662158,3.81611,4.279801,4.268532,3.906021,4.423139,3.42327,3.970752,3.979388,3.946102,4.305446,5.466703,5.505471,7.309729,7.237869,8.12002,8.001207,8.764558,7.581307,11.18806,11.38793,12.26753,11.92081,11.50251,12.90993,13.90412,,Sub-Saharan Africa,Low income
Central African Republic,CAF,SH.STA.BRTC.ZS,,,,,,45.9,,,,,31.7,,,,,,41.4,,43.7,43.7,40,,,,,,,,,,,Sub-Saharan Africa,Low income
Central African Republic,CAF,SL.IND.EMPL.ZS,,9.22000026702881,9.11999988555908,9.02000045776367,8.90999984741211,8.82999992370605,8.65999984741211,8.51000022888184,8.42000007629395,8.3100004196167,8.1899995803833,8.06999969482422,7.96999979019165,7.84999990463257,7.76999998092651,7.69000005722046,7.67000007629395,7.6399998664856,7.63000011444092,7.53999996185303,7.42000007629395,7.26000022888184,7.09000015258789,6.94999980926514,6.75,6.55999994277954,6.46000003814697,6.36999988555908,6.30000019073486,6.26000022888184,,Sub-Saharan Africa,Low income
Chad,TCD,DT.TDS.DPPF.XP.ZS,3.7095539101584,3.64299369649446,3.61927685864282,6.21032119151562,7.83153009511347,,,,,,,,,,,,,,,,,,,,,,,,,,,Sub-Saharan Africa,Low income
Chad,TCD,EG.ELC.ACCS.ZS,,,,,,,,2.3,2.42038726806641,2.80621337890625,3.17988133430481,3.5271143913269,3.86676287651062,4.20117616653442,3.5,4.86369371414185,5.19655656814575,5.53394079208374,5.87855625152588,6.23311138153076,6.40000009536743,8.97999954223633,7.8354058265686,8.12655830383301,8.40568542480469,7.69999980926514,9.26384735107422,10.8999996185303,10.1140403747559,8.39999961853027,11.080117225647,Sub-Saharan Africa,Low income
Chad,TCD,GFDD.AI.01,,,,,,,,,,,,,,,,,,,,,,,,24.613973,26.774554,29.92221,31.299014,29.750479,42.418252,39.160294,37.891999,Sub-Saharan Africa,Low income
Chad,TCD,GFDD.DI.04,78.09752,81.66464,62.08995,50.11073,44.49597,46.52041,44.37419,44.43079,46.28769,40.59977,38.78096,41.80543,45.12959,53.92689,52.24733,54.65639,69.40665,64.60791,72.89282,55.11079,53.84843,58.01332,60.23448,64.00127,70.82214,59.18782,61.36265,58.85468,56.87725,55.59082,,Sub-Saharan Africa,Low income
Chad,TCD,GFDD.DI.05,14.09399,14.19094,13.31847,10.21469,8.452313,11.41124,12.81371,11.207,9.058521,9.535121,10.9123,10.48026,12.00478,10.13147,7.150327,7.043705,9.693167,9.96534,10.11362,10.85143,11.34179,11.7854,12.38514,13.27745,15.59076,15.86405,15.67745,15.50411,14.90776,17.50227,,Sub-Saharan Africa,Low income
Chad,TCD,GFDD.DI.06,2.700642,2.610006,5.991438,7.240492,6.539188,6.085661,6.656185,6.425561,5.56517,6.914927,8.045198,7.132652,6.809951,5.19585,4.00607,3.462133,1.875967,1.846838,1.584734,4.292816,4.897242,4.322652,4.457359,4.101553,3.925633,8.242774,10.05761,10.49763,11.44265,11.70686,,Sub-Saharan Africa,Low income
Chad,TCD,GFDD.DI.11,,,,,,,,,,,0.32617401,0.25387902,0.22069796,0.25389097,0.16924827,0.12506673,0.11843774,0.10318885,0.10188322,0.11857242,0.10711945,0.13921921,0.1581207,0.20853749,0.2010753,0.22071206,0.23301075,0.23856379,0.2382194,,,Sub-Saharan Africa,Low income
Chad,TCD,GFDD.DM.11,,,,,,,,,,,,,,,,,,,,,,,,,,,,,,,,Sub-Saharan Africa,Low income
Chad,TCD,GFDD.EI.08,3.458575,5.452979,3.738136,2.802769,2.038446,1.891262,2.091127,2.27963,1.874279,1.557455,2.02192,2.447535,1.922943,2.298855,1.579613,1.642325,2.051542,1.115618,1.235968,1.447639,1.664024,1.344994,0.9893647,1.267035,1.804747,3.658609,6.398523,5.420908,5.230217,5.130349,,Sub-Saharan Africa,Low income
Chad,TCD,GFDD.OI.02,4.662661,4.483896,3.879971,2.440639,2.912316,3.495413,3.045342,3.232383,2.673431,3.094706,3.54445,3.761989,4.554234,3.967126,2.977926,2.663297,4.11241,3.784694,3.930732,4.46333,5.028947,5.58089,6.054403,6.288522,7.78838,8.412111,9.051818,8.560082,8.131843,10.13551,,Sub-Saharan Africa,Low income
Chad,TCD,SH.STA.BRTC.ZS,,,,,,,,15,,,13.7,,,,14.4,,,,,,16.6,,,,,24.3,,,,,,Sub-Saharan Africa,Low income
Chad,TCD,SL.IND.EMPL.ZS,,2.16000008583069,2.11999988555908,2.05999994277954,2.01999998092651,1.98000001907349,1.94000005722046,1.91999995708466,1.88999998569489,1.87000000476837,1.86000001430511,1.88999998569489,1.91999995708466,1.95000004768372,1.99000000953674,2.02999997138977,2.0699999332428,2.08999991416931,2.10999989509583,2.13000011444092,2.14000010490417,2.13000011444092,2.14000010490417,2.10999989509583,2.08999991416931,2.05999994277954,2.00999999046326,1.97000002861023,1.9099999666214,1.87999999523163,,Sub-Saharan Africa,Low income
Channel Islands,CHI,DT.TDS.DPPF.XP.ZS,,,,,,,,,,,,,,,,,,,,,,,,,,,,,,,,Europe & Central Asia,High income
Channel Islands,CHI,EG.ELC.ACCS.ZS,100,100,100,100,100,100,100,100,100,100,100,100,100,100,100,100,100,100,100,100,100,100,100,100,100,100,100,100,100,100,100,Europe & Central Asia,High income
Channel Islands,CHI,GFDD.AI.01,,,,,,,,,,,,,,,,,,,,,,,,,,,,,,,,Europe & Central Asia,High income
Channel Islands,CHI,GFDD.DI.04,,,,,,,,,,,,,,,,,,,,,,,,,,,,,,,,Europe & Central Asia,High income
Channel Islands,CHI,GFDD.DI.05,,,,,,,,,,,,,,,,,,,,,,,,,,,,,,,,Europe & Central Asia,High income
Channel Islands,CHI,GFDD.DI.06,,,,,,,,,,,,,,,,,,,,,,,,,,,,,,,,Europe & Central Asia,High income
Channel Islands,CHI,GFDD.DI.11,,,,,,,,,,,,,,,,,,,,,,,,,,,,,,,,Europe & Central Asia,High income
Channel Islands,CHI,GFDD.DM.11,,,,,,,,,,,,,,,,,,,,,,,,,,,,,,,,Europe & Central Asia,High income
Channel Islands,CHI,GFDD.EI.08,,,,,,,,,,,,,,,,,,,,,,,,,,,,,,,,Europe & Central Asia,High income
Channel Islands,CHI,GFDD.OI.02,,,,,,,,,,,,,,,,,,,,,,,,,,,,,,,,Europe & Central Asia,High income
Channel Islands,CHI,SH.STA.BRTC.ZS,,,,,,,,,,,,,,,,,,,,,,,,,,,,,,,,Europe & Central Asia,High income
Channel Islands,CHI,SL.IND.EMPL.ZS,,36.8600006103516,36.6399993896484,36.4799995422363,36.3899993896484,36.189998626709,35.9500007629395,35.7200012207031,35.4500007629395,35.1699981689453,35.0499992370605,34.25,33.4799995422363,32.6399993896484,32.0800018310547,31.6399993896484,31.4200000762939,31.2199993133545,30.4599990844727,29.2800006866455,28.7800006866455,28.2700004577637,27.7900009155273,27.3799991607666,27.0200004577637,26.6200008392334,26.1599998474121,25.6700000762939,25.1499996185303,24.6399993896484,,Europe & Central Asia,High income
Chile,CHL,DT.TDS.DPPF.XP.ZS,,,,,,,,,,,,,,,,,,,,,,,,,,,,,,,,Latin America & Caribbean,High income
Chile,CHL,EG.ELC.ACCS.ZS,92.257427,94.781623840332,94.560057,95.2737274169922,95.5180740356445,95.760383605957,95.617315,96.2361679077148,97.241124,96.6955490112305,97.9386901855469,97.1158065795898,97.2836837768555,98.7823257446289,97.606086730957,97.7653121948242,99.3681106567383,98.0920181274414,98.2648696899414,99.5936584472656,99.5383911132813,99.5881958007813,100,99.5999984741211,100,99.71484375,100,99.6999969482422,100,100,100,Latin America & Caribbean,High income
Chile,CHL,GFDD.AI.01,,,,,,,,,,,,,,,,,,,,,,,,,,,,,,,,Latin America & Caribbean,High income
Chile,CHL,GFDD.DI.04,61.21324,63.01088,67.23643,70.56431,74.62733,77.81561,80.69849,80.52744,82.09673,82.07552,82.87656,83.09551,84.10467,86.95187,90.06458,93.39172,95.74967,97.2407,97.63156,97.40868,97.57485,97.88009,98.10561,98.31971,99.30659,99.43129,99.53316,99.64202,99.75323,99.82146,99.83375,Latin America & Caribbean,High income
Chile,CHL,GFDD.DI.05,37.32183,36.21222,36.19664,37.70525,35.02296,35.79729,38.67426,43.37886,46.80883,51.89668,51.5819,36.52396,33.9912,33.67431,31.83743,31.90824,31.79394,31.9821,41.40503,40.00562,38.28874,42.25497,45.39296,49.19343,50.84251,54.06845,53.64056,49.34144,51.47602,55.31775,63.0835,Latin America & Caribbean,High income
Chile,CHL,GFDD.DI.06,28.74588,24.75005,21.47547,19.98631,15.80422,13.74642,12.47902,13.08412,12.5569,12.90966,12.85573,13.05853,12.31108,9.475911,7.052023,4.646541,2.830875,1.994133,1.950775,1.928252,1.692466,1.560215,1.458503,1.35353,0.5754195,0.4806277,0.3911054,0.3020924,0.2144095,0.1659987,0.163695,Latin America & Caribbean,High income
Chile,CHL,GFDD.DI.11,5.5988595,6.7160405,7.2708558,8.4283725,10.294969,9.6940569,10.880378,11.605328,12.850874,14.695802,15.707493,17.427464,18.185517,22.409075,20.304325,19.627566,16.436025,17.783375,15.377866,20.867446,19.527537,16.721771,18.625205,17.779015,18.458854,18.993315,21.865943,23.33728,20.824097,22.462775,27.258022,Latin America & Caribbean,High income
Chile,CHL,GFDD.DM.11,,,,,,,,,,4.964808,3.808423,3.793267,3.351594,3.474464,4.290882,3.523274,7.976597,11.12984,13.41271,10.94951,10.46699,11.09669,12.72966,12.52357,14.13086,15.00357,16.57692,15.739,13.43075,14.2009,14.78612,Latin America & Caribbean,High income
Chile,CHL,GFDD.EI.08,3.246466,2.070876,1.217329,1.114904,0.7582054,0.6175984,0.702791,1.274709,2.170844,0.9824817,0.924919,1.294651,1.183854,0.9429893,0.9277077,0.9795411,0.7027398,1.012624,1.929438,2.509266,2.238307,2.275961,2.555445,2.685546,3.433899,2.870255,3.33961,5.255822,4.590586,5.560892,9.633647,Latin America & Caribbean,High income
Chile,CHL,GFDD.OI.02,28.86135,31.16022,31.585,33.34779,31.15535,32.72477,35.82591,40.60091,44.19012,48.80331,48.89816,48.04718,48.47106,44.49008,45.95288,48.47657,47.25979,50.6502,56.37972,41.03934,39.19497,42.99328,45.92777,49.75086,51.5858,55.29425,54.52404,50.26846,52.29836,57.0317,65.87315,Latin America & Caribbean,High income
Chile,CHL,SH.STA.BRTC.ZS,,,,99,99.5,99.5,99.6,99.4,99.6,99.4,99,99.8,99.8,97.7,99.8,99.8,99.8,99.7,99.8,99.8,99.8,99.8,99.8,99.8,99.8,99.7,99.7,99.8,,,,Latin America & Caribbean,High income
Chile,CHL,SL.IND.EMPL.ZS,,26.2999992370605,26.4699993133545,27.2299995422363,26.0499992370605,26.0599994659424,26.5900001525879,27.2900009155273,25.5300006866455,23.4200000762939,23.3899993896484,23.9200000762939,23.8600006103516,23.3999996185303,23.6000003814697,22.9500007629395,23.2900009155273,23.3799991607666,23.5400009155273,23.0900001525879,22.9599990844727,23.3799991607666,23.8299999237061,23.8799991607666,23.4899997711182,23.2800006866455,23.0100002288818,22.7399997711182,22.3299999237061,22.25,,Latin America & Caribbean,High income
China,CHN,DT.TDS.DPPF.XP.ZS,10.61087782865,10.8471167581194,9.38499580272947,10.2438423904561,8.13551420499848,8.98416222815204,8.32007878237502,11.5008838660312,8.70650426239214,9.17566978181451,7.10409203458801,6.09541913731877,5.08872214798298,3.02754497292796,1.27992613666205,1.0966182611331,0.850360108265305,0.645770522431796,0.58683872726785,0.64123788133237,0.769034112701346,0.657232720922183,0.445864720993073,0.479938491118378,0.544561381336237,1.34013127931385,0.763811107953444,0.691518567773786,0.73428497804743,1.01222201202008,1.11765480345813,East Asia & Pacific,Upper middle income
China,CHN,EG.ELC.ACCS.ZS,,,,,,,,,,,97.0217971801758,97.2727890014648,97.5162048339844,97.7543792724609,97.9896697998047,98.2244262695313,98.461051940918,98.7022018432617,98.9505767822266,99.2089004516602,99.6999969482422,99.8487243652344,99.9619293212891,99.9964447021484,100,100,100,100,100,100,100,East Asia & Pacific,Upper middle income
China,CHN,GFDD.AI.01,,,,,,,,,,,,,,,,,6.5154193,7.3628589,8.155753,9.110844,10.347676,11.822186,13.295952,14.998466,17.048802,19.333343,22.25229,25.547598,29.179049,33.210889,36.445787,East Asia & Pacific,Upper middle income
China,CHN,GFDD.DI.04,92.92426,92.605,92.82243,93.7475,94.50122,95.83198,96.68649,97.81338,98.24657,98.43507,98.59397,97.77951,98.07411,98.37174,98.54504,98.72575,98.89748,95.05175,95.63484,96.77693,97.33936,97.68305,97.997,98.24535,98.45026,98.69251,98.86553,98.98994,99.11705,99.21959,99.31686,East Asia & Pacific,Upper middle income
China,CHN,GFDD.DI.05,77.79369,84.51884,89.45669,100.021,96.46959,99.02772,105.9621,115.2452,123.9033,133.6531,135.5804,141.0858,145.3905,153.5511,149.7936,151.0856,157.4943,149.3721,148.8409,175.0914,176.1268,174.5278,180.8736,186.6103,190.8702,202.1142,207.6742,201.406,195.0361,197.8865,211.8906,East Asia & Pacific,Upper middle income
China,CHN,GFDD.DI.06,6.399663,6.893237,6.527055,6.349287,4.967371,3.689116,3.121271,2.200135,1.979717,1.859817,1.688273,2.72126,2.52268,2.261115,1.919099,1.579744,1.331919,6.065078,5.087039,4.506498,3.747968,3.161186,2.847987,2.586618,2.381169,2.233325,2.057239,1.848002,1.661955,1.545866,1.504603,East Asia & Pacific,Upper middle income
China,CHN,GFDD.DI.11,,,,,,,,,,,,,,,7.3462252,8.1136991,8.9852207,10.722361,10.506711,11.6884,12.357636,12.422422,13.643837,13.899172,15.712906,17.858531,20.264493,20.204204,19.776581,20.705029,22.739479,East Asia & Pacific,Upper middle income
China,CHN,GFDD.DM.11,,,,,,,,,,,,,,,4.720613,5.097582,9.575663,7.452237,5.049161,3.698158,3.216998,1.574747,1.297504,1.096007,0.9618162,0.8935813,1.351679,1.588309,1.646753,1.890058,1.990252,East Asia & Pacific,Upper middle income
China,CHN,GFDD.EI.08,,,,0.209411,0.9878059,1.731849,2.548172,1.913737,5.882643,6.747724,7.408003,10.00563,11.17112,11.1065,11.464,10.56822,10.33916,10.72504,9.495605,10.94571,10.6389,10.26582,10.41172,10.45394,10.98288,15.9174,23.0757,26.32673,28.86659,30.88473,35.48773,East Asia & Pacific,Upper middle income
China,CHN,GFDD.OI.02,19.86344,22.97685,24.60571,27.1713,25.47402,24.78256,26.12997,29.86925,31.08814,35.72732,38.36139,39.81499,44.00544,46.80051,45.98566,44.38909,45.02509,45.17979,41.34693,52.56515,53.86623,49.00172,47.16198,47.00411,44.71932,49.02853,56.03642,56.86593,52.04916,50.56386,53.40194,East Asia & Pacific,Upper middle income
China,CHN,SH.STA.BRTC.ZS,94,93.7,84.1,83.6,90.4,89.3,93.1,93.8,,96.8,96.6,97.3,96.7,95.9,97.3,97.5,97.8,98.4,99.1,99.3,99.6,99.7,99.8,99.9,99.9,99.9,99.9,,,,,East Asia & Pacific,Upper middle income
China,CHN,SL.IND.EMPL.ZS,,21.3999996185303,21.7000007629395,22.3999996185303,22.7000007629395,23,23.5,23.7000007629395,23.5,23,22.5,22.2999992370605,21.3999996185303,21.6000003814697,22.5,23.7999992370605,25.2000007629395,26.7999992370605,27.2000007629395,27.7999992370605,28.7000007629395,29.5,30.2999992370605,30.1000003814697,29.8999996185303,29.1800003051758,28.7999992370605,28.1100006103516,28.3199996948242,27.4200000762939,,East Asia & Pacific,Upper middle income
Colombia,COL,DT.TDS.DPPF.XP.ZS,34.5227164214491,32.8085728451909,35.6459809910365,26.7570962519982,29.2738920705062,24.6105934893741,20.8322893346405,18.153015370799,20.331985971916,32.3196957791707,20.9313279503128,27.7967364971197,32.7777249325323,34.2033035031191,18.4109326089783,25.9984870556046,16.8067960562258,13.2019183018255,9.58053589881654,9.42921209273227,9.12400746391076,6.54458847233012,6.91722194285466,5.92614596206117,7.63452095611922,9.41437593839333,12.2677403774765,18.5454719083206,17.2554029170747,14.5454202539024,16.6234086203052,Latin America & Caribbean,Upper middle income
Colombia,COL,EG.ELC.ACCS.ZS,89.9,91.8366546630859,92.1326599121094,92.4279937744141,92.7219619750977,91.2,93.3031005859375,93.5889129638672,93.8706436157227,94.1475296020508,95.1999969482422,98.4700012207031,94.9055023193359,95.1293487548828,95.3503112792969,96.8000030517578,95.7930297851563,96.0198440551758,96.8067626953125,96.0572280883789,96.7889938354492,96.693603515625,97.0321731567383,97.7794189453125,97.7909393310547,98.186897277832,98.4000015258789,98.5,98.5,99.7559204101563,100,Latin America & Caribbean,Upper middle income
Colombia,COL,GFDD.AI.01,,,,,,,,,,,,,,,,,,,,1069.2147,1036.7236,1098.5008,1165.6719,1216.4968,1297.3877,1375.5233,1400.5868,1487.3994,1549.1373,1649.7477,1803.5108,Latin America & Caribbean,Upper middle income
Colombia,COL,GFDD.DI.04,89.79442,91.87959,93.73521,96.11072,96.93756,98.04852,97.98778,98.66187,97.52966,95.13069,94.69727,97.01541,96.28647,95.97594,98.91377,97.72356,98.19167,99.1179,99.4594,98.08108,99.33274,99.49546,99.65018,99.89854,99.94333,99.93157,98.08977,97.82337,98.77438,97.60358,96.80173,Latin America & Caribbean,Upper middle income
Colombia,COL,GFDD.DI.05,24.11664,24.72969,26.93984,28.46436,32.10822,32.92965,33.41469,34.25343,33.04599,34.27401,25.82,14.35721,14.98082,14.86754,15.75162,17.41708,18.56482,18.43869,17.60384,18.53005,19.84744,20.84607,21.75836,24.06549,24.09153,48.99142,48.91998,49.02414,48.01613,48.70585,58.26393,Latin America & Caribbean,Upper middle income
Colombia,COL,GFDD.DI.06,3.37921,2.481803,1.99216,1.329783,1.130265,0.7657589,0.8249316,0.5772718,1.060883,1.938818,1.517845,0.9950339,1.059589,1.257107,0.3760672,0.8220169,0.6880801,0.3498714,0.219492,0.7482188,0.2743186,0.2175019,0.1613227,0.0487261,0.028872,0.0372073,1.051124,1.27154,0.7077638,1.45563,2.13498,Latin America & Caribbean,Upper middle income
Colombia,COL,GFDD.DI.11,,,,,,,,4.0525905,2.9936409,3.1634961,2.6286123,2.9609559,3.3139884,3.4340994,3.4893934,4.121083,3.8086585,3.8149135,6.0695307,6.4684839,5.5731535,5.4367861,5.7020916,6.0047694,6.2381445,6.3079702,6.7439384,7.0515649,7.8423024,7.961646,9.120571,Latin America & Caribbean,Upper middle income
Colombia,COL,GFDD.DM.11,,,,,,,,,,4.975116,4.827779,7.280865,6.678177,8.584157,8.317104,8.039492,9.431706,8.492246,6.824025,7.082678,6.507321,5.899069,6.067168,6.548823,7.306448,9.034929,10.94949,10.59623,10.19713,10.81493,14.04118,Latin America & Caribbean,Upper middle income
Colombia,COL,GFDD.EI.08,3.853016,4.702466,4.590117,4.214384,4.795214,4.922255,4.967717,6.210972,7.070183,6.601222,6.368396,10.56454,6.166342,9.094069,10.18412,10.8616,7.370832,6.22847,5.939812,8.211659,8.526448,7.97201,8.24229,8.522915,8.565029,7.456527,6.939772,7.361378,7.55778,7.732117,10.2996,Latin America & Caribbean,Upper middle income
Colombia,COL,GFDD.OI.02,20.72436,21.43294,23.41939,25.14363,28.82611,29.63236,30.28337,30.96177,29.8671,30.33036,22.3912,13.01283,13.81905,13.76258,14.88829,16.62461,17.57469,17.52505,17.09643,18.12708,19.83674,20.79417,21.9598,24.17408,24.12132,25.22206,22.86373,22.88914,22.80209,23.19053,30.46985,Latin America & Caribbean,Upper middle income
Colombia,COL,SH.STA.BRTC.ZS,80.6,,,,,83.6,,,91.3,92.1,86.1,93.1,94.5,95,95.6,90.7,97.1,97.8,98.1,98.6,94.8,99.2,98.7,98.7,98.9,95.9,95.5,99.3,98.4,99.1,,Latin America & Caribbean,Upper middle income
Colombia,COL,SL.IND.EMPL.ZS,,19.7399997711182,19.6900005340576,19.6900005340576,19.6900005340576,19.6499996185303,19.5200004577637,19.4400005340576,19.2199993133545,18.7700004577637,18.5699996948242,18.4300003051758,18.4599990844727,18.5699996948242,18.7700004577637,18.9200000762939,19.2199993133545,19.5200004577637,19.6599998474121,19.8299999237061,20,20.6599998474121,20.6599998474121,19.6399993896484,19.7900009155273,19.8299999237061,19.4099998474121,19.4200000762939,19.9899997711182,20.1200008392334,,Latin America & Caribbean,Upper middle income
Comoros,COM,DT.TDS.DPPF.XP.ZS,2.51475793512729,15.6713123828478,11.0122346295314,3.79134677318144,6.5083102577074,1.78516104693982,,,,,,,,4.63350003208726,5.40340776454644,6.51372594050412,5.56011313280068,33.7947181265748,15.3994423484582,14.6104456844715,4.73668498079385,3.80520271470168,13.1986815735188,0.541588419712518,0.591865638475941,7.24707079946107,5.54648763813543,2.98082051223683,3.88710601982862,2.89097960853206,10.4431704445956,Sub-Saharan Africa,Lower middle income
Comoros,COM,EG.ELC.ACCS.ZS,,,,,,,28.9,32.7624130249023,35.0945281982422,37.421802520752,39.7153549194336,42.0186653137207,44.7999992370605,46.6048812866211,48.8924865722656,51.1795539855957,53.4684944152832,55.7619552612305,58.0626487731934,60.3732833862305,69.8077087402344,69.4258041381836,69.3000030517578,69.7684478759766,72.1627960205078,74.5719833374023,76.9930419921875,79.4230041503906,81.8589096069336,84.2977752685547,86.7371368408203,Sub-Saharan Africa,Lower middle income
Comoros,COM,GFDD.AI.01,,,,,,,,,,,,,,,71.545474,62.16811,52.847878,46.005367,49.324205,62.724934,60.767407,80.283042,93.055766,106.11452,119.5526,124.32149,129.64879,126.656,126.69628,138.21231,135.29833,Sub-Saharan Africa,Lower middle income
Comoros,COM,GFDD.DI.04,83.3012,79.54884,79.93284,76.92777,71.12419,72.4791,66.63239,70.10986,65.4132,70.32343,71.37644,72.8733,71.3226,77.36993,77.2445,74.94102,71.22844,73.59698,74.82343,76.35954,76.66993,74.61126,77.21178,77.19485,78.71265,85.18887,83.61482,82.39209,83.40684,79.00416,74.13563,Sub-Saharan Africa,Lower middle income
Comoros,COM,GFDD.DI.05,13.35129,13.35724,13.86103,13.39073,13.32029,11.07819,12.50543,11.98107,9.871944,10.48763,11.42032,14.45105,14.46713,13.06697,11.81328,13.61707,14.85637,15.43751,16.17819,18.02856,20.40282,20.8318,22.46175,21.73335,22.81784,26.55774,27.86371,27.21747,27.97217,27.93607,,Sub-Saharan Africa,Lower middle income
Comoros,COM,GFDD.DI.06,1.5551,2.068654,2.07325,2.06491,2.62057,2.406028,2.348799,2.285392,2.358983,2.18733,2.096934,1.615071,1.759875,1.498523,1.266064,1.796427,2.185768,2.133019,2.583246,2.94669,3.503792,3.764794,3.603191,3.853825,3.762814,2.791853,3.416381,3.676809,3.243286,4.310306,5.39472,Sub-Saharan Africa,Lower middle income
Comoros,COM,GFDD.DI.11,,,,,,,,,,,,,,,,,,,,,,,,,,,,,,,,Sub-Saharan Africa,Lower middle income
Comoros,COM,GFDD.DM.11,,,,,,,,,,,,,,,,,,,,,,,,,,,,,,,,Sub-Saharan Africa,Lower middle income
Comoros,COM,GFDD.EI.08,0.0467012,,,,,,0.2759353,0.0592638,0.2226434,0.3229395,0.1660168,0.1515411,0.041806,0.4059076,0.2681624,0.2306028,0.5425327,0.6338124,1.374521,0.7965707,1.139106,0.5461127,0.3507444,0.4710298,0.4551339,0.4465476,1.501653,0.9450518,0.7143999,0.9203989,0.7369422,Sub-Saharan Africa,Lower middle income
Comoros,COM,GFDD.OI.02,3.628281,2.896116,3.1933,2.893058,2.974945,2.795524,2.952945,2.83198,2.595309,2.483466,3.007993,8.872549,9.756708,9.10918,8.28178,9.272939,10.39794,10.77088,12.4011,13.40037,14.87633,15.20417,16.73811,16.36124,16.78083,18.98779,21.00926,19.55628,20.20429,20.52533,22.92402,Sub-Saharan Africa,Lower middle income
Comoros,COM,SH.STA.BRTC.ZS,,,,,,,51.6,,,,61.8,,,,,,,,,,,,82.2,,,,,,,,,Sub-Saharan Africa,Lower middle income
Comoros,COM,SL.IND.EMPL.ZS,,15.5699996948242,15.4499998092651,15.3100004196167,15.1499996185303,14.9899997711182,14.8299999237061,14.6899995803833,14.5600004196167,14.4499998092651,14.3800001144409,14.3199996948242,14.2799997329712,14.25,14.2600002288818,14.6599998474121,15.0699996948242,15.5900001525879,16.0200004577637,16.5,16.9899997711182,17.5,17.9899997711182,18.5200004577637,19.0300006866455,19.0699996948242,19.0499992370605,19.0200004577637,18.9300003051758,18.8299999237061,,Sub-Saharan Africa,Lower middle income
"Congo, Dem. Rep.",COD,DT.TDS.DPPF.XP.ZS,,,,,,,,,,,,,,,,7.78468774814008,9.03712813678573,7.52906837792973,7.59888896290728,12.3337277814104,3.0542060966034,2.44067188928518,3.05352464039058,3.28723054070434,3.21189130082075,3.72882835301419,4.00455631008133,3.36889597860628,2.30546911501304,7.13686058086679,2.2698874865157,Sub-Saharan Africa,Low income
"Congo, Dem. Rep.",COD,EG.ELC.ACCS.ZS,,,,,,,,,,,6.69999980926514,7.31436443328857,7.91584491729736,8.51208972930908,9.10544872283936,6,10.2929649353027,15.1999998092651,11.4986276626587,12.1150150299072,12.7440509796143,13.3884449005127,15.3999996185303,14.7332000732422,13.5,16.1482429504395,17.0418376922607,17.9165096282959,18.5682907104492,19.1000003814697,19.1000003814697,Sub-Saharan Africa,Low income
"Congo, Dem. Rep.",COD,GFDD.AI.01,,,,,,,,,,,,,,,0.4727955,0.78408693,1.5291837,2.9173116,4.8545093,11.88567,12.014654,15.996963,26.646823,33.906707,44.561429,48.875011,36.803474,38.803127,44.614974,,,Sub-Saharan Africa,Low income
"Congo, Dem. Rep.",COD,GFDD.DI.04,,,,,,,,,,,39.5,32.49708,47.82838,50.32782,35.28682,45.56689,59.7958,69.20348,79.06999,87.16932,99.40019,44.01296,51.17,59.08074,63.33313,66.39299,69.48547,71.21363,76.06107,73.48149,75.55465,Sub-Saharan Africa,Low income
"Congo, Dem. Rep.",COD,GFDD.DI.05,,,,,,,,,,,3.423069,3.055431,3.085167,3.436224,5.118278,4.676291,6.09399,7.347021,8.895054,9.833059,9.94605,9.71043,10.3261,11.44923,11.87404,12.29035,14.00665,12.6728,12.52593,15.53951,20.84375,Sub-Saharan Africa,Low income
"Congo, Dem. Rep.",COD,GFDD.DI.06,,,,,,,,,,,1.313183,1.051164,0.4780699,0.8796797,2.49352,1.690419,1.379272,1.119323,1.189071,0.6998904,0.0263471,5.28314,4.658638,4.186861,3.802654,3.60363,3.786379,2.527571,2.13827,2.689413,2.778349,Sub-Saharan Africa,Low income
"Congo, Dem. Rep.",COD,GFDD.DI.11,,,,,,,,,,,,,,,,0.16807567,0.19503483,0.16188595,0.16430718,,,,,,,,,,,,,Sub-Saharan Africa,Low income
"Congo, Dem. Rep.",COD,GFDD.DM.11,,,,,,,,,,,,,,,,,,,,,,,,0.0612,0.1641818,0.6066568,,0.228845,0.4207496,0.4029409,,Sub-Saharan Africa,Low income
"Congo, Dem. Rep.",COD,GFDD.EI.08,,,,,0.0831234,0.0142338,,,,,0.1251595,0.0433456,0.0501171,0.4147534,0.4382989,0.3230387,0.3749988,0.3441186,0.3538581,0.4052537,0.514572,0.7654987,0.732969,0.8205275,0.8827845,0.8678814,1.261032,0.8200758,0.9717541,1.330875,1.160232,Sub-Saharan Africa,Low income
"Congo, Dem. Rep.",COD,GFDD.OI.02,,,,,,,,,,,2.080477,1.22797,1.282903,1.574139,2.49808,2.458991,3.33108,4.61567,6.104351,7.23583,7.395767,7.057013,8.077475,9.136002,9.637972,10.08148,11.14368,10.22988,10.48693,12.79336,18.34319,Sub-Saharan Africa,Low income
"Congo, Dem. Rep.",COD,SH.STA.BRTC.ZS,,,,,,,,,,,,60.7,,,,,,64.4,,,74.1,,,,80.1,,,,,,,Sub-Saharan Africa,Low income
"Congo, Dem. Rep.",COD,SL.IND.EMPL.ZS,,9.47999954223633,9.31999969482422,9.14999961853027,8.97999954223633,8.86999988555908,8.77999973297119,8.56999969482422,8.43000030517578,8.23999977111816,8.07999992370605,8.11999988555908,8.10999965667725,8.09000015258789,8.15999984741211,8.21000003814697,8.27999973297119,8.39999961853027,8.47999954223633,8.59000015258789,8.6899995803833,8.8100004196167,8.96000003814697,9.14000034332275,9.34000015258789,9.52000045776367,9.59000015258789,9.65999984741211,9.73999977111816,9.84000015258789,,Sub-Saharan Africa,Low income
"Congo, Rep.",COG,DT.TDS.DPPF.XP.ZS,31.3777490463385,23.0009420755166,11.9326001077908,10.811667604978,52.1840990890519,10.934300861225,19.7184947092667,6.78254319899317,1.97475551274802,0.37913906915817,0.559970690572041,3.82209439406991,0.992536796984244,2.28588431897534,5.80004394728439,2.24710932547136,1.34457676784253,1.75787599114008,1.97925196565222,2.82765509332457,1.4453599795355,1.16962244647029,1.75834143185129,4.87995007206167,5.23823854473148,8.26286633398458,8.08247374142936,,,,,Sub-Saharan Africa,Lower middle income
"Congo, Rep.",COG,EG.ELC.ACCS.ZS,,,,,,,,,,,29.090015411377,30.063591003418,31.0295829772949,31.9903373718262,32.9482078552246,33.7999992370605,34.86474609375,35.8284721374512,36.799430847168,37.0999984741211,39.7886199951172,40.7216911315918,41.5999984741211,42.5439720153809,43.4321212768555,44.4016494750977,45.5083274841309,46.5739479064941,47.416675567627,48.4074745178223,49.5171012878418,Sub-Saharan Africa,Lower middle income
"Congo, Rep.",COG,GFDD.AI.01,,,,,,,,,,,,,,,14.589314,20.622188,20.67603,38.639591,41.578003,49.047078,54.760702,65.173227,88.908326,91.813065,117.26349,137.34556,137.83953,153.79005,,,,Sub-Saharan Africa,Lower middle income
"Congo, Rep.",COG,GFDD.DI.04,,,,,,,,,,,,,,,,,,,91.36007,79.81203,85.97841,96.18183,97.51698,98.15482,74.08542,67.55666,70.94675,70.42989,69.24878,68.35351,,Sub-Saharan Africa,Lower middle income
"Congo, Rep.",COG,GFDD.DI.05,20.61903,18.15681,19.48297,14.60769,13.86977,12.9792,12.67545,13.45755,13.31396,12.96005,12.95523,11.58611,12.56832,12.70036,12.42052,13.06887,15.82816,17.00079,18.85922,22.49344,21.74953,25.7903,24.37522,25.08622,28.59306,31.87551,31.61629,26.09356,20.88572,22.75024,,Sub-Saharan Africa,Lower middle income
"Congo, Rep.",COG,GFDD.DI.06,6.968588,6.029807,8.436418,8.53722,6.727278,6.583936,6.364531,7.356984,9.319452,7.421978,4.988392,7.775473,7.395664,8.715643,7.240644,5.351042,3.535419,4.055927,0.3655601,1.36927,0.878838,0.2593398,0.2020651,0.1731491,4.115458,8.312664,9.692692,9.036097,7.673272,8.090718,,Sub-Saharan Africa,Lower middle income
"Congo, Rep.",COG,GFDD.DI.11,,,,,,,,,,,,,,,,,,,,0.41817003,0.380511,0.45543405,0.43063233,0.53214248,0.72134173,0.91754075,1.1391633,0.86933136,0.7660654,,,Sub-Saharan Africa,Lower middle income
"Congo, Rep.",COG,GFDD.DM.11,,,,,,,,,,,,,,,,,,,,,,,,,,,,,,,,Sub-Saharan Africa,Lower middle income
"Congo, Rep.",COG,GFDD.EI.08,8.463715,7.54196,7.320678,3.423825,3.564097,3.478103,2.987833,2.60818,3.397595,2.095632,1.437022,0.9676693,1.307921,0.9111003,1.23423,0.3269287,0.3572056,0.5983065,0.6439964,0.5887197,0.3023171,0.1576534,0.5572537,0.3680915,0.6439614,1.447211,4.474371,4.823844,3.346832,4.333676,,Sub-Saharan Africa,Lower middle income
"Congo, Rep.",COG,GFDD.OI.02,12.1682,11.91468,12.35208,8.279729,7.432401,5.993134,6.337001,6.937777,7.592958,6.361993,7.613312,4.548655,6.473032,6.200526,6.175051,6.331885,8.439455,10.27906,11.03833,13.60121,14.11765,18.51874,17.91487,17.96434,20.97856,22.87346,22.87646,18.7823,14.9619,15.82234,,Sub-Saharan Africa,Lower middle income
"Congo, Rep.",COG,SH.STA.BRTC.ZS,,,,,,,,,,,,,,,,83.4,,,,,,,92.5,,,91.2,,,,,,Sub-Saharan Africa,Lower middle income
"Congo, Rep.",COG,SL.IND.EMPL.ZS,,25.6599998474121,25.4799995422363,25.3299999237061,25.1700000762939,25.0100002288818,24.7800006866455,24.5400009155273,24.4500007629395,24.2099990844727,23.9200000762939,23.8500003814697,23.7900009155273,23.7299995422363,23.5599994659424,23.4099998474121,23.3299999237061,23.2999992370605,23.2199993133545,23.3199996948242,23.1000003814697,23.0799999237061,22.9599990844727,22.8500003814697,22.7299995422363,22.6800003051758,22.4799995422363,22.1900005340576,21.8099994659424,21.4699993133545,,Sub-Saharan Africa,Lower middle income
Costa Rica,CRI,DT.TDS.DPPF.XP.ZS,22.6208051588249,15.8152126081099,18.3798509134116,15.2230720114009,12.2815012530245,15.4281425242162,13.002900721271,11.4050920549356,8.84779750228595,7.6308232585932,8.30308045184784,9.282873270102,9.03383583859502,10.2299184439361,7.55897325067731,5.18965190939626,3.60052745431982,3.31903287319317,8.71258663173745,7.15738599852264,4.3432298406726,5.85099991866028,6.11901777294901,8.58696141827389,6.76148757721641,6.53532610046211,5.49398897379058,5.67277377244114,7.19318128471433,7.66943743246795,8.1320070388609,Latin America & Caribbean,Upper middle income
Costa Rica,CRI,EG.ELC.ACCS.ZS,,,,,,,,,,,96.9400024414063,98.2497787475586,98.5091857910156,98.6958999633789,98.9547805786133,99.0530548095703,99.1475219726563,99.2179946899414,99.2639389038086,99.4098052978516,98.995735168457,99.2323455810547,99.5032958984375,99.5635147094727,99.3592910766602,99.4098052978516,99.5,99.5999984741211,99.6999969482422,99.7099990844727,99.9000015258789,Latin America & Caribbean,Upper middle income
Costa Rica,CRI,GFDD.AI.01,,,,,,,,,,,,,,,642.39967,712.74667,721.42984,1053.7907,1014.0503,950.14721,973.56498,987.92722,988.92531,993.02527,1031.1597,1091.4001,1181.2306,1247.8883,1337.9449,1447.4634,1456.1285,Latin America & Caribbean,Upper middle income
Costa Rica,CRI,GFDD.DI.04,60.81371,59.36222,66.72024,71.77719,73.81511,67.24984,57.75082,61.45642,66.11735,77.07251,85.19215,94.16295,95.34698,95.94235,96.58676,96.84854,97.45584,98.37091,98.86838,99.07797,99.24316,99.43481,99.6009,99.74731,99.87698,99.99992,,,,,99.99309,Latin America & Caribbean,Upper middle income
Costa Rica,CRI,GFDD.DI.05,42.8222,33.96974,32.25953,31.40259,31.6844,26.26826,33.24071,14.98446,15.02982,16.90524,18.45476,20.54327,21.68643,22.95819,24.11799,23.34025,24.57966,24.84617,26.22709,26.20137,25.84562,25.57528,24.68511,25.58084,25.96547,27.14953,27.96755,27.10869,27.71032,28.18321,38.68738,Latin America & Caribbean,Upper middle income
Costa Rica,CRI,GFDD.DI.06,13.24477,8.905497,6.687356,5.925089,5.771893,5.941169,12.73011,12.21808,11.80511,7.732895,5.129121,2.002549,1.775556,1.627504,1.494,1.386741,1.129279,0.7755054,0.5949146,0.4812734,0.3769258,0.2911351,0.2113798,0.1398924,0.0724465,5.33E-05,,,,,0.0049666,Latin America & Caribbean,Upper middle income
Costa Rica,CRI,GFDD.DI.11,,,,,,,,,,,,,,1.2446337,1.2370343,1.4429329,1.5091292,1.7068118,1.7894407,2.1780709,5.837252,6.2019874,6.2497461,6.4205298,6.6131964,6.4502312,6.6389822,6.5921846,6.6708633,6.7886449,7.0979882,Latin America & Caribbean,Upper middle income
Costa Rica,CRI,GFDD.DM.11,,,,,,,,,,,,,,,,4.58617,5.426238,6.111649,4.071989,6.488152,6.354541,5.401598,4.933228,5.168166,5.573997,5.437421,5.100834,6.31585,6.468935,6.541062,6.758834,Latin America & Caribbean,Upper middle income
Costa Rica,CRI,GFDD.EI.08,4.717816,2.003201,0.9524117,0.732304,2.294605,1.47803,3.800925,4.681266,3.981136,3.542376,4.005446,4.066012,6.00577,6.893314,10.43707,7.277065,5.823123,3.531217,3.240797,4.728057,5.769893,5.748963,5.832541,6.099562,6.32493,7.585245,8.064272,8.599882,7.948285,8.778778,12.53163,Latin America & Caribbean,Upper middle income
Costa Rica,CRI,GFDD.OI.02,35.55622,29.16054,27.25771,26.73351,26.84231,21.9597,29.08576,11.06059,11.04857,12.30671,14.92545,16.94464,18.57645,19.86881,21.02791,22.18225,23.69852,23.61982,22.69653,24.87585,24.82702,24.36503,23.58974,24.53415,25.12701,26.24996,26.88132,25.83607,26.59702,27.3827,37.64637,Latin America & Caribbean,Upper middle income
Costa Rica,CRI,SH.STA.BRTC.ZS,,,98,97,,,,,98,98.2,96.6,98,98.5,98.2,98.5,98.5,98.6,98.7,99.1,99.1,95.3,98.4,98.9,99,99.2,90,98.8,98.7,99,,,Latin America & Caribbean,Upper middle income
Costa Rica,CRI,SL.IND.EMPL.ZS,,26.3299999237061,26.1700000762939,25.6800003051758,26.1000003814697,24.0599994659424,23.3199996948242,23.6399993896484,23.0200004577637,23.2700004577637,22.4300003051758,23.4200000762939,22.5799999237061,22.2800006866455,22.0799999237061,21.6299991607666,21.7600002288818,22.2600002288818,21.6599998474121,20.0799999237061,19.6399993896484,19.25,18.1700000762939,16.4899997711182,17.6800003051758,19.1499996185303,18.6100006103516,18.4500007629395,19.6700000762939,18.7999992370605,,Latin America & Caribbean,Upper middle income
Cote d'Ivoire,CIV,DT.TDS.DPPF.XP.ZS,19.0614300490244,22.3531743414911,18.7130666005544,19.3741896542523,22.0540051754875,19.113458110876,17.4202459768683,12.0639230990803,16.4852333836803,18.5756414051402,15.8482527415337,8.01111403755853,9.91383921317293,6.17344195168014,2.85497826763722,1.3486194625525,0.808709416488684,2.07032710151061,7.00588519878839,7.29916552254285,3.96507851502547,3.12466687405742,2.44011929557869,4.04514064904741,4.25516866831027,3.55845378701499,9.14931843921513,14.1927778327143,9.45029705474155,18.5776932182706,,Sub-Saharan Africa,Lower middle income
Cote d'Ivoire,CIV,EG.ELC.ACCS.ZS,,,,,36.5,43.6312522888184,44.6482124328613,45.6617698669434,46.6712455749512,48.2,48.6894683837891,49.6558570861816,51.4000015258789,51.5682334899902,52.5189170837402,58.9000015258789,60.1710510253906,55.3776245117188,60.2999992370605,57.3151054382324,58.3014678955078,55.7999992370605,55.7999992370605,61.3625907897949,61.9000015258789,62.5999984741211,64.3000030517578,65.5999984741211,67.1473922729492,68.4595565795898,69.6791229248047,Sub-Saharan Africa,Lower middle income
Cote d'Ivoire,CIV,GFDD.AI.01,,,,,,,,,,,,,,,75.564307,78.331171,71.032416,72.503359,79.999418,101.87059,127.1056,213.77932,178.79214,181.86902,198.63105,188.55438,211.67517,262.77194,259.95229,262.30815,298.13198,Sub-Saharan Africa,Lower middle income
Cote d'Ivoire,CIV,GFDD.DI.04,81.98565,82.26702,82.85598,80.15338,72.51703,78.14841,76.47279,77.67629,73.64685,71.09915,73.08384,76.24429,75.73724,76.76562,80.63503,82.6518,86.43839,88.33548,88.48934,81.5101,83.56438,80.72835,80.79613,82.6884,84.75285,86.58772,86.62654,87.87676,88.70501,89.21744,86.7733,Sub-Saharan Africa,Lower middle income
Cote d'Ivoire,CIV,GFDD.DI.05,28.76196,28.59367,28.33075,26.37548,26.23423,26.04146,16.0747,15.262,14.72537,14.42251,13.98276,14.94575,19.17695,14.27981,15.58773,16.4194,17.37447,20.60644,19.72084,22.03555,24.02026,26.57638,26.49321,25.91066,26.31898,27.91562,27.63579,28.63335,30.18369,31.40684,37.06646,Sub-Saharan Africa,Lower middle income
Cote d'Ivoire,CIV,GFDD.DI.06,8.516907,8.278157,8.100267,8.733414,9.385457,6.967593,4.756974,4.265239,4.944071,5.133338,4.572006,3.988881,3.973072,3.510441,2.962173,2.532212,2.029495,1.918024,1.766626,3.23441,3.070863,3.835726,4.038894,3.785027,3.57925,3.47158,3.840413,3.789175,3.653362,3.572784,5.188136,Sub-Saharan Africa,Lower middle income
Cote d'Ivoire,CIV,GFDD.DI.11,,,,,,,,,,,,2.0014267,1.9218082,1.7456735,2.1466247,2.3326567,2.3069996,2.6030715,2.513894,2.4915849,2.5992606,2.8883661,2.6858739,2.5615958,2.4513991,2.3793024,2.4232156,2.5217708,2.4964113,,,Sub-Saharan Africa,Lower middle income
Cote d'Ivoire,CIV,GFDD.DM.11,,,,,,,,,,,,,,,,1.665506,1.888177,2.00704,1.663901,1.778062,1.676027,,,,,,,0.177334,2.189471,2.659889,,Sub-Saharan Africa,Lower middle income
Cote d'Ivoire,CIV,GFDD.EI.08,1.885297,2.031169,5.557475,5.196623,4.935209,4.889909,4.81561,4.397986,4.011479,3.633834,3.085235,2.972165,2.639861,2.657175,2.591812,3.71279,3.210081,3.14892,2.416421,2.706864,3.679676,4.212845,4.262613,4.636397,5.50181,5.715312,7.14436,7.903727,9.322234,9.934478,12.80385,Sub-Saharan Africa,Lower middle income
Cote d'Ivoire,CIV,GFDD.OI.02,19.50649,19.81093,19.69503,17.59062,17.66493,17.77635,10.91027,9.782409,9.046545,9.075431,8.629765,8.309958,9.764173,9.558873,10.09178,10.35212,11.01191,12.7497,12.44942,13.41341,14.50069,17.402,17.53925,17.38276,18.32971,19.68866,19.61902,20.92923,22.59575,23.53886,27.70216,Sub-Saharan Africa,Lower middle income
Cote d'Ivoire,CIV,SH.STA.BRTC.ZS,,,,,45.4,,,,,47.1,62.8,,,,68,55.1,56.8,,,,,,59.4,,,,73.6,,,,,Sub-Saharan Africa,Lower middle income
Cote d'Ivoire,CIV,SL.IND.EMPL.ZS,,13.4300003051758,13.3599996566772,13.2700004577637,13.1700000762939,13.1000003814697,13.039999961853,13.0699996948242,12.9099998474121,12.789999961853,12.6400003433228,12.2799997329712,12.0699996948242,11.8699998855591,11.7399997711182,11.5799999237061,11.4300003051758,11.3699998855591,11.2799997329712,11.3299999237061,11.2600002288818,11.3199996948242,11.5200004577637,11.8199996948242,11.9799995422363,12.1000003814697,12.2600002288818,12.5200004577637,12.7299995422363,12.8599996566772,,Sub-Saharan Africa,Lower middle income
Croatia,HRV,DT.TDS.DPPF.XP.ZS,,,,,,,,,,,,,,,,,,,,,,,,,,,,,,,,Europe & Central Asia,High income
Croatia,HRV,EG.ELC.ACCS.ZS,100,100,100,100,100,100,100,100,100,100,100,100,100,100,100,100,100,100,100,100,100,100,100,100,100,100,100,100,100,100,100,Europe & Central Asia,High income
Croatia,HRV,GFDD.AI.01,,,,,,,,,,,,,,,,,,,,,1484.9108,1488.1889,1400.7963,1414.5924,1411.0057,1433.141,1449.0522,1437.7393,1441.371,1449.3704,1437.4441,Europe & Central Asia,High income
Croatia,HRV,GFDD.DI.04,,,,,,99.22259,99.56542,99.96178,99.99355,99.58285,99.6368,99.92012,99.97412,99.97612,99.97749,99.9794,99.98262,99.98673,99.98856,99.98878,99.99041,99.91312,99.9921,99.99412,99.99375,99.99332,99.99288,99.99256,99.99239,99.99194,94.24574,Europe & Central Asia,High income
Croatia,HRV,GFDD.DI.05,,,,,,20.65251,27.99379,34.15481,34.89725,33.38886,40.1494,54.58334,54.44956,54.88196,55.58426,57.13494,61.82072,66.78736,64.84647,67.71067,76.51668,76.47139,69.02257,67.73973,68.47822,69.87071,70.62149,70.09493,72.32484,71.24456,86.56371,Europe & Central Asia,High income
Croatia,HRV,GFDD.DI.06,,,,,,0.3290582,0.1680912,0.0164403,0.0029246,0.1782798,0.1601376,0.0388106,0.0143465,0.0134299,0.0131691,0.0134335,0.0123254,0.0097377,0.0089035,0.0093917,0.0087545,0.0831688,0.0080492,0.0056555,0.0059649,0.006104,0.0061812,0.0059083,0.0058845,0.0060646,5.255577,Europe & Central Asia,High income
Croatia,HRV,GFDD.DI.11,,,,,,,,,,,4.7656504,4.9810514,5.2067847,5.4090915,5.6899246,6.0814007,6.6223717,7.1573461,7.3577434,8.3759091,9.0645996,9.4782989,10.176556,10.27241,10.929617,11.005917,11.064185,10.967599,10.730192,11.040473,12.558197,Europe & Central Asia,High income
Croatia,HRV,GFDD.DM.11,,,,,,,,,,0.2231109,0.3329386,0.8623192,3.067177,2.129771,4.310894,4.607592,4.873082,3.529768,3.948949,5.494102,5.056361,3.443018,4.285425,4.152698,4.256758,4.345495,4.130125,4.427869,4.194506,5.564444,7.048028,Europe & Central Asia,High income
Croatia,HRV,GFDD.EI.08,,,,,19.02758,16.18427,14.35667,11.94625,10.85132,11.26228,12.52544,13.28952,13.40822,12.25721,11.84121,14.40861,13.56812,13.01351,14.78574,17.41961,23.66004,26.42017,31.81655,27.41169,28.16648,27.72019,27.44294,23.05274,22.64568,22.12027,26.31539,Europe & Central Asia,High income
Croatia,HRV,GFDD.OI.02,,,,,,17.77982,24.62133,30.52279,31.35596,29.845,36.47415,50.19317,49.89643,50.37452,51.25132,52.66854,56.90014,61.85882,59.96301,62.8955,71.81773,71.20052,63.75419,62.55451,62.95468,63.9245,64.15093,63.09194,64.97176,63.58835,77.28134,Europe & Central Asia,High income
Croatia,HRV,SH.STA.BRTC.ZS,99.8,99.8,99.8,99.8,99.8,99.9,99.8,99.9,99.9,99.9,99.9,99.9,99.9,99.9,99.9,99.9,99.9,99.9,99.9,99.9,99.9,99.9,99.9,99.9,99.9,99.9,99.9,99.9,,,,Europe & Central Asia,High income
Croatia,HRV,SL.IND.EMPL.ZS,,29.9899997711182,29.1200008392334,28.7900009155273,29.0400009155273,29.0100002288818,29.1499996185303,29.5400009155273,29.4899997711182,29.0900001525879,29.1700000762939,29.6900005340576,29.8199996948242,30.25,29.6399993896484,28.6299991607666,29.3500003814697,30.6399993896484,30.8500003814697,29.0100002288818,27.4500007629395,27.9500007629395,27.9099998474121,27.6299991607666,26.9799995422363,26.7099990844727,26.9699993133545,26.4200000762939,27.4200000762939,27.6700000762939,,Europe & Central Asia,High income
Cuba,CUB,DT.TDS.DPPF.XP.ZS,,,,,,,,,,,,,,,,,,,,,,,,,,,,,,,,Latin America & Caribbean,Upper middle income
Cuba,CUB,EG.ELC.ACCS.ZS,,,,,,,,,,,97,96.2262573242188,95.5,96.5130310058594,96.6509094238281,96.7882537841797,96.9274749755859,97.0712127685547,97.2221832275391,97.3830947875977,97.5566482543945,97.7455673217773,97.9525527954102,98.1793670654297,98.4239883422852,98.6834564208984,98.9547882080078,99.2350311279297,99.5212097167969,99.8000030517578,100,Latin America & Caribbean,Upper middle income
Cuba,CUB,GFDD.AI.01,,,,,,,,,,,,,,,,,,,,,,,,,,,,,,,,Latin America & Caribbean,Upper middle income
Cuba,CUB,GFDD.DI.04,,,,,,,,,,,,,,,,,,,,,,,,,,,,,,,,Latin America & Caribbean,Upper middle income
Cuba,CUB,GFDD.DI.05,,,,,,,,,,,,,,,,,,,,,,,,,,,,,,,,Latin America & Caribbean,Upper middle income
Cuba,CUB,GFDD.DI.06,,,,,,,,,,,,,,,,,,,,,,,,,,,,,,,,Latin America & Caribbean,Upper middle income
Cuba,CUB,GFDD.DI.11,,,,,,,,,,,,,,,,,,,,,,,,,,,,,,,,Latin America & Caribbean,Upper middle income
Cuba,CUB,GFDD.DM.11,,,,,,,,,,,,,,,,,,,,,,,,,,,,,,,,Latin America & Caribbean,Upper middle income
Cuba,CUB,GFDD.EI.08,,,,,,,,,,,,,,,,,,,,,,,,,,,,,,,,Latin America & Caribbean,Upper middle income
Cuba,CUB,GFDD.OI.02,,,,,,,,,,,,,,,,,,,,,,,,,,,,,,,,Latin America & Caribbean,Upper middle income
Cuba,CUB,SH.STA.BRTC.ZS,99.8,99.8,99.8,99.8,99.8,99.8,99.8,99.9,99.9,99.9,99.9,99.9,99.9,99.9,99.9,99.9,99.9,99.9,99.9,99.9,99.9,99.9,99.9,99.9,99.4,99.9,99.9,99.9,99.9,,,Latin America & Caribbean,Upper middle income
Cuba,CUB,SL.IND.EMPL.ZS,,29.25,28.9400005340576,27.5300006866455,25.6399993896484,22.8999996185303,22.8999996185303,22.8999996185303,20.7999992370605,19.0900001525879,19.0900001525879,18.8199996948242,18.5300006866455,18.2999992370605,18.1800003051758,18.1499996185303,18.1599998474121,18.0300006866455,18.0900001525879,17.5699996948242,17.0699996948242,17.1499996185303,19.1800003051758,17.2000007629395,16.8999996185303,17.1000003814697,17.0799999237061,17.0300006866455,17.1200008392334,17.1100006103516,,Latin America & Caribbean,Upper middle income
Cyprus,CYP,DT.TDS.DPPF.XP.ZS,,,,,,,,,,,,,,,,,,,,,,,,,,,,,,,,Europe & Central Asia,High income
Cyprus,CYP,EG.ELC.ACCS.ZS,100,100,100,100,100,100,100,100,100,100,100,100,100,100,100,100,100,100,100,100,100,100,100,100,100,100,100,100,100,100,100,Europe & Central Asia,High income
Cyprus,CYP,GFDD.AI.01,,,,,,,,,,,,,,,,,,,,,,,,,,864.81759,897.04679,1411.4647,1414.6508,1513.2597,1438.4814,Europe & Central Asia,High income
Cyprus,CYP,GFDD.DI.04,93.86288,93.11131,90.124,91.56674,92.61479,90.22336,91.989,92.90258,93.11594,94.64204,93.04092,93.91378,92.06989,92.74888,92.93951,93.76865,94.49487,95.46116,99.39989,99.52153,99.46809,99.5648,99.63437,99.61269,99.53846,99.41555,99.38857,99.5127,99.7097,99.66804,99.6964,Europe & Central Asia,High income
Cyprus,CYP,GFDD.DI.05,,,,,,,,,,,,,,,,,,,,,,,,,,,,,,,,Europe & Central Asia,High income
Cyprus,CYP,GFDD.DI.06,7.282544,9.003627,13.38168,12.43747,10.91626,13.5114,12.21577,11.39442,11.25891,9.392426,12.42804,6.353389,8.662709,7.899154,7.566612,12.25181,10.99375,9.799219,0.115731,0.1178014,0.1236476,0.116144,0.1234517,0.1166991,0.1204805,0.1118318,0.1056563,0.0938489,0.0786578,0.0738812,0.0740127,Europe & Central Asia,High income
Cyprus,CYP,GFDD.DI.11,,,,,,,,,,,,,,,,,,15.543773,13.040691,14.781726,14.272198,15.408347,13.465871,13.444243,14.440866,13.822566,18.485482,17.187967,16.138104,16.275781,17.325978,Europe & Central Asia,High income
Cyprus,CYP,GFDD.DM.11,,,,,,,,,,,6.391289,8.229427,21.46542,21.63199,28.64314,34.45564,63.11472,51.15197,165.69,250.4999,201.846,129.2592,109.8818,50.03636,38.60239,41.7794,44.6604,51.04207,49.08899,56.04269,66.0588,Europe & Central Asia,High income
Cyprus,CYP,GFDD.EI.08,6.857807,6.945345,6.575538,9.425472,9.180997,6.128222,9.185351,10.08894,9.616427,10.28485,8.683263,13.51156,13.08079,14.88842,13.36808,27.82968,25.89997,25.53739,19.16929,24.5027,23.12213,26.57169,33.64063,30.01395,25.9837,19.02263,17.1744,19.16498,27.01665,22.18172,24.38235,Europe & Central Asia,High income
Cyprus,CYP,GFDD.OI.02,107.686,118.5361,116.9853,129.2891,131.3834,119.7778,127.8239,135.5882,137.0162,148.3403,150.4484,89.56311,94.89113,93.50822,91.54167,145.3418,151.275,166.7066,,,,,,,,,,,,,,Europe & Central Asia,High income
Cyprus,CYP,SH.STA.BRTC.ZS,100,100,100,100,100,100,100,100,100,100,97.9,,,99,95.7,99.3,98.5,98.3,97.2,98.3,98.6,98.3,98.7,99.9,97.4,97.1,95.6,96,98.3,,,Europe & Central Asia,High income
Cyprus,CYP,SL.IND.EMPL.ZS,,29.3400001525879,28.5,27.1399993896484,26.1499996185303,25.5300006866455,25.0300006866455,24.5400009155273,24.3700008392334,24.1100006103516,23.7700004577637,23.6900005340576,23.1800003051758,22.8799991607666,23.3799991607666,24.0499992370605,22.6499996185303,22.5200004577637,23.0499992370605,21.8199996948242,20.3999996185303,20.8999996185303,20.1700000762939,17.5599994659424,16.5200004577637,16.2299995422363,17.0499992370605,17.0499992370605,16.6599998474121,18.4400005340576,,Europe & Central Asia,High income
Czech Republic,CZE,DT.TDS.DPPF.XP.ZS,,,,,,,,,,,,,,,,,,,,,,,,,,,,,,,,Europe & Central Asia,High income
Czech Republic,CZE,EG.ELC.ACCS.ZS,100,100,100,100,100,100,100,100,100,100,100,100,100,100,100,100,100,100,100,100,100,100,100,100,100,100,100,100,100,100,100,Europe & Central Asia,High income
Czech Republic,CZE,GFDD.AI.01,,,,,,,,,,,,,,,,,,,,,,,,,,,,,,,,Europe & Central Asia,High income
Czech Republic,CZE,GFDD.DI.04,,,,94.49942,96.05205,98.80339,99.57085,98.34122,96.26485,95.12422,96.43495,95.77119,95.98451,96.6114,96.82385,98.06194,99.51176,99.59836,99.646,99.97806,99.97815,99.98511,99.98646,99.99436,99.99464,99.99406,99.99545,99.99512,99.99442,99.99336,99.99319,Europe & Central Asia,High income
Czech Republic,CZE,GFDD.DI.05,,,,58.53045,60.9585,68.0106,63.17254,59.60518,56.30709,55.3134,60.5794,62.3183,63.84997,65.34842,62.57579,63.55582,64.99854,67.08485,69.5238,68.51064,69.12246,69.81207,72.68074,75.90307,76.64165,77.73394,79.8479,82.70602,83.06735,82.54061,92.28802,Europe & Central Asia,High income
Czech Republic,CZE,GFDD.DI.06,,,,3.956644,2.98083,0.8857929,0.2963493,1.123175,2.248797,2.712408,1.778158,2.03243,1.828702,1.64933,1.441019,0.9098186,0.2458311,0.2250274,0.2138585,0.0130996,0.0135992,0.009822,0.0093913,0.0039104,0.0036587,0.00387,0.0028977,0.0029546,0.0034383,0.0039721,0.0046361,Europe & Central Asia,High income
Czech Republic,CZE,GFDD.DI.11,,,,,,,,,,,4.6870266,5.2279338,7.3830669,9.158824,7.8148367,9.4506606,9.1438369,8.941758,9.1317595,10.025336,10.678892,10.720432,11.470985,11.56517,11.215742,10.444138,10.252712,10.011334,9.6140317,8.4121488,8.6568227,Europe & Central Asia,High income
Czech Republic,CZE,GFDD.DM.11,,,,,,,,,,1.621721,3.773247,4.736823,7.583525,11.55231,11.05053,9.514925,10.11109,10.52444,6.885053,7.086251,6.281837,5.718298,7.379395,7.042097,7.427739,8.20814,7.689966,7.678155,5.955519,5.696495,6.498708,Europe & Central Asia,High income
Czech Republic,CZE,GFDD.EI.08,,,,6.561841,6.870712,8.202563,5.67794,3.148308,3.415732,4.161519,4.940696,10.49906,16.93385,19.3104,15.12828,13.25937,12.92074,12.1069,12.26548,14.71464,15.89799,17.61143,19.94802,18.84114,18.92449,15.52749,12.71143,9.777561,10.17179,9.571671,14.97599,Europe & Central Asia,High income
Czech Republic,CZE,GFDD.OI.02,,,,52.89417,53.29534,57.18125,53.64098,53.42371,50.32032,48.22129,53.32428,55.26976,56.36382,57.4489,54.79139,55.45819,56.56075,58.60817,60.39635,59.42612,60.0408,60.34586,63.03112,66.03354,66.67345,67.61345,69.06567,71.94994,72.37445,72.14381,80.49432,Europe & Central Asia,High income
Czech Republic,CZE,SH.STA.BRTC.ZS,100,100,100,100,100,100,100,100,99.9,99.9,99.8,99.8,99.8,99.8,99.8,99.8,99.7,99.7,99.6,99.6,99.7,99.9,99.9,99.8,99.8,,,99.8,,,,Europe & Central Asia,High income
Czech Republic,CZE,SL.IND.EMPL.ZS,,44.9300003051758,44.0999984741211,43.5400009155273,42.689998626709,42.25,42.0099983215332,41.560001373291,41.5099983215332,40.560001373291,39.9500007629395,40.5299987792969,40.1300010681152,39.8800010681152,39.2999992370605,39.4900016784668,39.9700012207031,40.2200012207031,40.5299987792969,38.5699996948242,37.9900016784668,38.4500007629395,38.1199989318848,37.5099983215332,38.0400009155273,38.0299987792969,38.0699996948242,38.060001373291,37.5,37.25,,Europe & Central Asia,High income
Denmark,DNK,DT.TDS.DPPF.XP.ZS,,,,,,,,,,,,,,,,,,,,,,,,,,,,,,,,Europe & Central Asia,High income
Denmark,DNK,EG.ELC.ACCS.ZS,100,100,100,100,100,100,100,100,100,100,100,100,100,100,100,100,100,100,100,100,100,100,100,100,100,100,100,100,100,100,100,Europe & Central Asia,High income
Denmark,DNK,GFDD.AI.01,,,,,,,,,,,,,,,,,,,,,,,,,,,,,,,,Europe & Central Asia,High income
Denmark,DNK,GFDD.DI.04,97.74876,96.47434,98.27049,97.41791,94.85309,96.15936,95.0667,95.82592,96.52164,96.56339,99.12093,99.12151,99.15682,99.23851,99.36088,99.61736,99.64,99.85809,99.9005,99.92581,99.96674,99.98143,99.97823,99.98701,99.99565,99.99654,99.99831,99.99883,99.99946,,,Europe & Central Asia,High income
Denmark,DNK,GFDD.DI.05,56.88926,56.80214,54.39885,64.73667,54.49035,55.46378,57.13921,57.94081,57.85555,54.77479,48.60277,48.69795,49.36906,51.38472,54.42351,60.00473,62.01657,67.2847,70.00894,67.9097,69.66752,64.25752,63.90765,56.87627,63.21145,67.59315,60.59702,61.25009,60.50406,62.23059,68.01585,Europe & Central Asia,High income
Denmark,DNK,GFDD.DI.06,1.37653,1.952499,0.8870938,1.107203,2.30719,1.589225,1.985993,1.624859,1.447904,1.393131,1.267682,1.34113,1.315776,1.228606,1.056242,0.6807147,0.6810482,0.2922046,0.2182107,0.157943,0.0673687,0.0366029,0.041847,0.0241491,0.0079751,0.0062366,0.0029889,0.0020064,0.000932,,,Europe & Central Asia,High income
Denmark,DNK,GFDD.DI.11,,,,,42.072554,44.700704,48.508689,51.442535,54.471485,58.94392,58.103875,56.240994,55.761765,59.643727,62.623342,68.698166,68.801542,69.052781,69.606548,104.98214,110.33921,120.71698,98.765687,97.665723,107.10728,104.41857,113.01972,108.20407,107.33163,121.42952,127.82273,Europe & Central Asia,High income
Denmark,DNK,GFDD.DM.11,,,,,,,,,,11.59197,17.35714,22.90974,28.34162,34.34956,37.96032,40.97206,42.36279,45.22513,41.96584,53.44899,58.5238,52.88655,63.2228,58.49862,61.02738,60.34634,58.99366,59.00802,53.55726,62.89396,70.19769,Europe & Central Asia,High income
Denmark,DNK,GFDD.EI.08,9.60532,11.66099,11.21164,7.558359,12.54391,9.602266,7.843386,6.090209,5.998296,5.26542,11.11137,12.63308,13.14776,12.33394,10.26533,9.874185,8.432227,8.074899,8.317596,11.48081,9.42275,9.861799,10.00152,8.93336,10.04273,10.06376,9.689544,8.983931,9.452113,9.731909,11.50496,Europe & Central Asia,High income
Denmark,DNK,GFDD.OI.02,52.37605,53.97366,51.5574,61.76801,51.39567,52.36396,53.60701,54.48675,54.54186,51.11541,45.63068,45.66105,46.59002,48.50037,51.49608,56.98678,58.98417,64.27599,67.17631,56.68361,53.11166,50.48299,50.85557,51.28306,53.31664,54.19263,56.06312,57.24577,56.59733,58.51832,64.05716,Europe & Central Asia,High income
Denmark,DNK,SH.STA.BRTC.ZS,,,,,,,,98.3,98.8,98.7,98.8,98.9,98.8,98.9,98.6,98.8,98.7,97.8,,98.7,98.5,98.5,98.2,96.3,95.9,95.4,94.4,94.7,95.3,,,Europe & Central Asia,High income
Denmark,DNK,SL.IND.EMPL.ZS,,26.8999996185303,26.6800003051758,26.1000003814697,26.5100002288818,27.0799999237061,26.3999996185303,26.2399997711182,26.4500007629395,26.9300003051758,25.3400001525879,25.3899993896484,23.4899997711182,23.1499996185303,23.6900005340576,23.8899993896484,23.3299999237061,23.5100002288818,23.2600002288818,20.5699996948242,19.8700008392334,20.0400009155273,19.7700004577637,19.6399993896484,19.3700008392334,19.4200000762939,19.0499992370605,18.9400005340576,18.9099998474121,18.5499992370605,,Europe & Central Asia,High income
Djibouti,DJI,DT.TDS.DPPF.XP.ZS,,4.69049079753788,4.7101091154467,3.6162191632017,4.66656510460862,5.04864328597201,5.41984567860677,3.13166938782578,2.2028007878572,4.3584812192874,6.10220303078853,4.46861061863998,4.93729307929419,5.64237624690839,6.34920104133841,4.91809691183202,6.91606800207332,7.87366498928573,7.33245098218477,7.46797162830164,7.50014968180379,8.44492953048618,8.07576733208029,1.24219168228365,1.03585166561381,1.2388851062496,2.12336906217323,1.5569744514317,1.42246547820411,1.31880253655145,1.58685153059372,Middle East & North Africa,Lower middle income
Djibouti,DJI,EG.ELC.ACCS.ZS,,,,,,,62,56.2944946289063,56.3222541809082,56.3451690673828,56.3799514770508,56.3651428222656,49.7000007629395,56.3151168823242,56.2845993041992,56.253547668457,55.5,56.19970703125,56.1822776794434,56.1747894287109,56.1799507141113,56.2004699707031,54.5999984741211,56.2974739074707,56.618839263916,57.5785636901855,58.6754455566406,60.2000007629395,60.5641860961914,61.2119293212891,61.7670822143555,Middle East & North Africa,Lower middle income
Djibouti,DJI,GFDD.AI.01,,,,,,,,,,,,,,,,,,,41.271303,57.047663,67.778692,78.86915,90.057815,112.78402,123.12713,124.75677,105.55514,148.07878,227.52728,249.69459,203.09021,Middle East & North Africa,Lower middle income
Djibouti,DJI,GFDD.DI.04,,,,99.07788,98.55128,98.69518,96.9836,96.49391,95.38132,91.11166,91.95684,89.88237,89.96462,86.41255,85.4621,85.88228,87.63043,91.02245,92.22693,94.31654,96.02059,95.20358,91.368,92.94439,93.98147,95.06095,95.51318,96.80468,97.81761,98.72649,94.21892,Middle East & North Africa,Lower middle income
Djibouti,DJI,GFDD.DI.05,52.14894,53.03553,48.58927,50.29922,49.41972,51.40016,47.9789,44.99282,42.16914,38.56264,37.92934,39.25677,44.00605,49.2377,52.80024,55.26527,56.6684,55.80709,57.99104,66.0312,68.43816,57.99676,61.05153,60.6987,59.60269,64.29913,65.30812,75.36404,65.34909,63.99883,74.32652,Middle East & North Africa,Lower middle income
Djibouti,DJI,GFDD.DI.06,,,,0.2639725,0.4352078,0.4299517,1.034903,1.185805,1.696025,2.170497,2.085076,2.244275,2.136516,2.767412,2.779783,2.573529,2.20342,1.753883,1.610423,1.444991,1.09902,1.219323,2.211089,1.863189,1.599863,1.304496,1.115297,0.8084375,0.5536795,0.3168135,1.554106,Middle East & North Africa,Lower middle income
Djibouti,DJI,GFDD.DI.11,,,,,,,,,,,,,,,,,,,,,,,,,,,,,,,,Middle East & North Africa,Lower middle income
Djibouti,DJI,GFDD.DM.11,,,,,,,,,,,,,,,,,,,,,,,,,,,,,,,,Middle East & North Africa,Lower middle income
Djibouti,DJI,GFDD.EI.08,0.5069463,0.4239259,0.3723245,0.7991056,2.400306,2.100577,1.759332,1.958665,2.213073,1.870866,1.190607,1.271732,1.917295,1.645873,1.30487,1.35573,1.230658,1.735939,1.499527,2.369243,2.289419,2.173417,2.794537,2.383221,2.805094,3.613429,4.256155,3.369484,3.895094,3.928329,6.050906,Middle East & North Africa,Lower middle income
Djibouti,DJI,GFDD.OI.02,43.79965,43.60052,37.36882,38.09372,36.54768,38.64573,34.02841,33.05343,35.06703,31.6768,31.29128,32.75434,37.15467,42.13674,45.36462,47.75848,48.72539,48.47826,50.80917,58.27888,61.11073,51.41089,54.52831,53.8816,52.67294,57.20819,58.22241,68.13545,58.50815,57.66521,67.15524,Middle East & North Africa,Lower middle income
Djibouti,DJI,SH.STA.BRTC.ZS,,,,,,,,,,,,,,60.6,,,78.4,,,,,,87.4,,,,,,,,,Middle East & North Africa,Lower middle income
Djibouti,DJI,SL.IND.EMPL.ZS,,16.25,16.0400009155273,15.8100004196167,15.5600004196167,15.3100004196167,15.0600004196167,14.8100004196167,14.5699996948242,14.3299999237061,14.1099996566772,13.9099998474121,13.7299995422363,13.5799999237061,13.4399995803833,13.3400001525879,13.2700004577637,13.210000038147,13.1599998474121,13.1400003433228,13.1300001144409,13.1300001144409,13.1499996185303,13.1800003051758,13.25,13.3000001907349,13.3500003814697,13.3999996185303,13.4200000762939,13.4399995803833,,Middle East & North Africa,Lower middle income
Dominica,DMA,DT.TDS.DPPF.XP.ZS,6.47296506596934,6.25361200077399,5.88005389108657,7.38653359745258,7.31846119928188,5.98273732860679,4.89448200017824,7.12868045257204,6.50891063335545,6.25895432583111,6.66724754716982,13.4531769961397,9.70726562362568,12.0296223099846,11.9359108652044,11.8141526096064,12.7081053441069,12.2785578481103,11.2222583840074,13.8117884706527,9.10904442106771,9.04265662229327,12.5595408911106,11.281622697625,6.98426038706538,8.27081321993557,9.58178120382487,12.443562621033,17.2757643075249,12.39951977447,23.5437938733902,Latin America & Caribbean,Upper middle income
Dominica,DMA,EG.ELC.ACCS.ZS,,,,,,,,,75,79.6219177246094,80.9518127441406,82.2792129516602,87.6999969482422,84.9136199951172,86.2253112792969,87.5364761352539,88.8495101928711,90.1670608520508,90.9000015258789,92.8265686035156,94.173942565918,95.5366744995117,96.91748046875,98.3181076049805,99.7365493774414,99.8290176391602,99.9835357666016,100,100,100,100,Latin America & Caribbean,Upper middle income
Dominica,DMA,GFDD.AI.01,,,,,,,,,,,,,,,,,,,,,,,,,,,,,,,,Latin America & Caribbean,Upper middle income
Dominica,DMA,GFDD.DI.04,91.53873,92.41112,94.83924,95.92526,95.44743,96.749,97.32995,97.50796,97.88753,97.97463,98.08067,98.18814,98.34112,98.31337,98.66258,98.75037,99.3632,99.38026,99.44247,99.77443,99.79475,99.80277,100,100,99.79436,,,99.93653,,,,Latin America & Caribbean,Upper middle income
Dominica,DMA,GFDD.DI.05,50.03843,52.4486,56.15245,52.93475,51.64806,60.0275,59.95865,60.64802,58.79569,62.0914,59.7941,61.69018,68.93839,72.53323,72.25747,76.82289,79.72905,81.34755,79.00105,81.47893,82.8232,83.79288,96.14722,96.62723,97.11554,96.75922,96.35272,124.7715,119.1375,95.34226,102.037,Latin America & Caribbean,Upper middle income
Dominica,DMA,GFDD.DI.06,4.378149,4.101557,2.82059,2.367556,2.728566,2.048169,1.589534,1.548429,1.291195,1.242126,1.270881,1.153327,1.050985,0.9890602,0.7246644,0.7305773,0.3756613,0.3511876,0.3151051,0.1250043,0.1238021,0.122024,1.78E-06,4.46E-09,0.1315225,,,0.0384506,,,,Latin America & Caribbean,Upper middle income
Dominica,DMA,GFDD.DI.11,,,,,,,,,,,,,,,,,,,,,,,,,,,,,,,,Latin America & Caribbean,Upper middle income
Dominica,DMA,GFDD.DM.11,,,,,,,,,,,,,,,,,,,,,,,,15.778,20.90634,15.43583,12.11519,13.13621,12.96544,12.75334,16.21784,Latin America & Caribbean,Upper middle income
Dominica,DMA,GFDD.EI.08,8.544516,10.43665,10.06081,12.05416,13.42926,14.45704,12.51717,13.35985,12.73603,13.22345,14.51088,14.64531,14.13564,12.27492,8.004336,9.146522,8.201577,7.194773,7.2459,6.374779,7.089415,6.133349,9.220813,9.979311,10.08955,8.960702,9.062185,9.503012,16.81097,20.0716,29.23327,Latin America & Caribbean,Upper middle income
Dominica,DMA,GFDD.OI.02,45.44865,47.27434,51.2072,48.72308,48.20555,55.96457,56.20665,57.09242,55.33629,58.16388,55.7563,57.82505,64.89301,68.74187,68.36732,72.75011,75.31756,76.90572,75.33089,77.63764,79.33677,80.31741,92.67043,93.53471,93.77516,93.56441,92.96866,119.578,113.046,89.94616,95.71721,Latin America & Caribbean,Upper middle income
Dominica,DMA,SH.STA.BRTC.ZS,,,,,,100,,,95,99.9,100,100,100,100,100,99,,94,100,100,100,100,100,100,100,100,100,100,,,,Latin America & Caribbean,Upper middle income
Dominica,DMA,SL.IND.EMPL.ZS,,,,,,,,,,,,,,,,,,,,,,,,,,,,,,,,Latin America & Caribbean,Upper middle income
Dominican Republic,DOM,DT.TDS.DPPF.XP.ZS,11.0614604171011,12.0645613002778,16.038704873334,5.99393914091968,8.89967239132877,9.82418102629325,9.8565246935453,9.05242866847826,7.04930918678654,6.3914411059393,7.73208417802145,9.94655277463388,10.1001150072442,10.2302382819214,10.5379880839822,8.5400316338959,14.2111473382844,13.2115847692457,13.5132633485023,15.1066373103571,10.1317989534829,9.78028607629794,7.63082912911007,9.93330874570646,12.9480960005484,22.268479889441,10.1903520907261,7.83420301324367,8.81246775579314,9.79681669366378,30.3706786659294,Latin America & Caribbean,Upper middle income
Dominican Republic,DOM,EG.ELC.ACCS.ZS,,78.2,82.4854049682617,83.2554931640625,84.0242233276367,84.7909088134766,85.5548782348633,86.3154449462891,87.0719375610352,91,88.7649307250977,89.7913589477539,89.7498168945313,89.1738052368164,90.3165664672852,90.141227722168,90.1181488037109,96.8763427734375,97.5761947631836,97.8577575683594,98.1454162597656,97.8988723754883,97.8670501708984,98.385856628418,98.4709777832031,98.5603637695313,98.9000015258789,100,98.9000015258789,99,100,Latin America & Caribbean,Upper middle income
Dominican Republic,DOM,GFDD.AI.01,,,,,,,,,,,,,,,,,,,,,,583.52991,688.21679,664.05429,711.87421,736.60635,753.52619,802.38449,873.5145,794.46583,772.01523,Latin America & Caribbean,Upper middle income
Dominican Republic,DOM,GFDD.DI.04,92.05057,86.31767,90.08208,93.51245,91.17507,95.00597,94.65994,95.27362,95.59489,95.27746,94.77853,94.63873,95.23714,85.12262,73.50903,63.61205,54.14947,56.42132,57.81174,60.65397,61.96223,63.0486,63.69603,65.53043,65.94669,67.2932,67.38007,67.74879,68.19598,69.61589,70.10981,Latin America & Caribbean,Upper middle income
Dominican Republic,DOM,GFDD.DI.05,29.06517,19.22019,20.77252,22.03988,21.73723,21.87983,23.3263,24.29364,25.16312,27.8847,29.02597,21.38533,21.97244,28.13648,17.91097,19.14772,18.70136,19.62274,17.94432,19.74044,20.43904,20.96348,21.26064,22.06056,20.95209,21.65046,21.86575,21.99613,21.4599,23.08625,30.22039,Latin America & Caribbean,Upper middle income
Dominican Republic,DOM,GFDD.DI.06,2.624599,2.823963,2.128543,1.36128,1.9277,1.055141,1.238427,1.158034,1.137543,1.409426,1.693203,1.987347,1.828659,6.078682,7.981166,12.26898,17.16108,16.7094,16.48514,16.44183,15.53682,14.73286,15.03824,14.67996,14.36071,14.56423,14.94866,14.80715,14.22444,13.9945,15.28805,Latin America & Caribbean,Upper middle income
Dominican Republic,DOM,GFDD.DI.11,,,,,,,,,,,,0.5234014,2.2809759,1.9436375,1.7247254,1.3332375,1.3569212,1.3889928,1.3357313,1.4694171,1.4177228,1.4217913,1.4480291,1.4547113,1.4491323,1.4632331,1.4966194,1.5552322,1.8401503,1.9977626,,Latin America & Caribbean,Upper middle income
Dominican Republic,DOM,GFDD.DM.11,,,,,,,,,,,,,0.3080615,0.4518023,0.4573883,0.5179224,1.403649,0.8163227,0.5005963,0.4075748,0.3830287,0.2982951,0.3081662,0.3141245,0.3233107,0.3555127,0.4254693,0.2006299,0.1616497,0.1561703,0.0871334,Latin America & Caribbean,Upper middle income
Dominican Republic,DOM,GFDD.EI.08,2.416722,1.66551,1.48336,1.392831,1.282669,1.298203,1.422723,1.683144,1.920653,2.402159,2.123701,3.66348,4.16157,3.862025,3.181334,2.901782,2.772552,2.22456,3.456773,4.817154,3.571553,3.168409,4.860099,5.343412,3.648612,5.108719,5.250098,5.206314,4.643959,5.202981,6.888523,Latin America & Caribbean,Upper middle income
Dominican Republic,DOM,GFDD.OI.02,22.37298,15.42633,16.62966,17.78241,17.55478,17.70858,19.20944,20.14837,21.19823,23.04753,25.17267,17.54842,18.22803,23.46845,17.20122,18.28384,18.25501,19.46512,17.27872,19.61053,20.14961,20.67632,21.11814,21.98308,20.70678,21.47626,21.7035,21.86977,21.36171,23.0601,30.41332,Latin America & Caribbean,Upper middle income
Dominican Republic,DOM,SH.STA.BRTC.ZS,,92.4,,,,,95.5,,,96.6,97.6,,97.8,,,,95.5,97.8,,,97.8,98.7,98.8,98.6,97.7,99.6,99.8,,,,,Latin America & Caribbean,Upper middle income
Dominican Republic,DOM,SL.IND.EMPL.ZS,,26.7900009155273,26.6800003051758,26.5499992370605,26.3999996185303,26.2099990844727,26,25.5300006866455,26.1200008392334,25.2999992370605,24.6399993896484,23.6299991607666,21.5499992370605,22.2099990844727,23.1599998474121,22.5799999237061,22.3600006103516,22.4699993133545,21.4500007629395,18.2099990844727,18.4799995422363,18.1700000762939,18.5699996948242,17.0900001525879,17.7900009155273,18.3700008392334,19.0100002288818,19.4300003051758,19.5900001525879,18.8199996948242,,Latin America & Caribbean,Upper middle income
Ecuador,ECU,DT.TDS.DPPF.XP.ZS,31.2265672071798,30.8142219546248,24.0820663069544,20.9332184527284,19.0830475752297,29.028449040995,22.567278400208,32.9722090369221,33.9136707547464,29.8433553989805,38.1163475334034,25.0274464856371,28.2873588676293,20.1311647833859,23.8916363167433,16.4233010052297,17.8477067424902,12.1009858509177,8.21554124243649,44.0157588477482,4.9220393200962,5.77821068709683,6.47729982717854,6.67278059714215,6.99078709016646,14.7059046595917,15.1091631288411,20.5375913458129,21.245194593675,24.2115284262633,23.2931805765266,Latin America & Caribbean,Upper middle income
Ecuador,ECU,EG.ELC.ACCS.ZS,,,,,,89.830167,92.0513763427734,92.429817199707,92.726642,93.071434,93.7322616577148,94.0246200561523,94.3093872070313,94.9730453491211,94.8655700683594,95.832649230957,96.3152618408203,96.812614440918,97.2065734863281,96.4708633422852,97.4621429443359,96.8726959228516,97.1949310302734,98.0346755981445,98.9760665893555,98.8258819580078,98.6999969482422,99.1999969482422,98.6999969482422,99.0899963378906,98.8499984741211,Latin America & Caribbean,Upper middle income
Ecuador,ECU,GFDD.AI.01,,,,,,,,,,,,,,,,339.56824,355.62301,363.19739,421.18854,390.32089,519.6492,605.82483,590.14013,619.75521,717.15858,744.50685,761.7363,799.8859,813.78308,944.31225,,Latin America & Caribbean,Upper middle income
Ecuador,ECU,GFDD.DI.04,64.71887,67.12502,72.22597,42.61996,53.82489,96.48817,97.08765,98.12612,95.62185,76.75588,78.33657,83.37893,83.0135,82.04195,84.39733,86.96575,89.45029,90.38808,99.60452,98.68084,98.91117,99.09776,99.18845,99.30981,96.63847,95.16816,87.29526,91.87886,92.74413,93.67745,91.64909,Latin America & Caribbean,Upper middle income
Ecuador,ECU,GFDD.DI.05,13.92098,13.23601,12.97917,18.19934,21.11283,20.95181,22.81495,22.29257,18.76309,13.14566,20.7137,20.4327,17.00855,17.6555,20.3533,21.49288,21.53669,23.44903,23.58575,25.1528,27.41668,28.37453,29.60847,30.92267,32.18516,29.47552,34.98362,37.05909,37.62827,40.76303,48.81113,Latin America & Caribbean,Upper middle income
Ecuador,ECU,GFDD.DI.06,5.01475,4.501606,3.790558,20.81073,17.81072,0.822235,0.691561,0.4836094,1.149108,7.542735,7.798248,5.238089,4.069507,3.887966,3.606504,3.146788,2.543201,2.376089,0.0904106,0.299816,0.2724788,0.234893,0.2219651,0.1921997,0.9944262,1.431086,4.415837,2.994714,2.906514,2.792604,4.197207,Latin America & Caribbean,Upper middle income
Ecuador,ECU,GFDD.DI.11,,,,,,,,,,,,,0.46376494,0.43607012,0.44616724,0.43566055,0.43109229,0.46726208,1.0539705,1.152277,1.2198484,1.3181559,1.5416741,1.7291979,1.8218292,2.0316368,2.3220868,2.2038267,2.0065356,1.9939226,,Latin America & Caribbean,Upper middle income
Ecuador,ECU,GFDD.DM.11,,,,,,,,,,,,,1.500673,2.281832,2.543539,2.79264,3.845822,3.755336,2.750309,2.960273,3.697304,3.183879,2.712966,3.457211,3.716485,3.177361,2.753635,2.460934,2.403841,2.735026,4.025596,Latin America & Caribbean,Upper middle income
Ecuador,ECU,GFDD.EI.08,0.376651,0.2103436,0.1335559,0.312251,0.3039608,0.5630835,0.9206977,1.435646,3.249849,2.482828,2.178223,2.321287,1.848527,1.117539,0.7899614,0.6907737,0.4661335,0.344026,0.2619707,0.2576948,0.267341,0.5209351,1.04634,1.164043,1.462325,0.9803971,1.60478,1.612355,1.184861,1.469632,1.39181,Latin America & Caribbean,Upper middle income
Ecuador,ECU,GFDD.OI.02,10.25698,10.15952,10.36085,14.18878,17.10643,17.90402,19.85168,19.52013,16.63421,9.442411,18.72971,18.96309,16.47235,17.21797,20.10627,20.90224,20.89988,22.48377,22.81047,24.7516,26.69303,27.34638,28.48008,29.89789,30.82629,28.00867,32.85527,34.36172,35.01731,37.85196,46.1083,Latin America & Caribbean,Upper middle income
Ecuador,ECU,SH.STA.BRTC.ZS,,,,,98.7,,,,,99.1,,,,,98.2,78.5,80.6,82,84,85.6,87.4,89.7,91.7,93.3,94.7,94.2,95.9,96.4,96,,,Latin America & Caribbean,Upper middle income
Ecuador,ECU,SL.IND.EMPL.ZS,,23.0100002288818,22.8400001525879,22.7399997711182,22.6299991607666,22.4300003051758,22.1399993896484,22.0200004577637,21.75,20.9699993133545,20.4599990844727,20.1599998474121,19.3700008392334,18.6000003814697,17.9699993133545,17.6000003814697,18.6000003814697,18.6399993896484,18.7600002288818,18.8099994659424,18.4899997711182,17.9500007629395,17.5200004577637,19.0799999237061,19.9599990844727,19.6599998474121,18.6299991607666,18.5499992370605,18.5300006866455,17.2099990844727,,Latin America & Caribbean,Upper middle income
"Egypt, Arab Rep.",EGY,DT.TDS.DPPF.XP.ZS,23.7288195535507,18.0734995062251,17.8909800121941,14.9572393227092,13.9508018298126,14.5781374585524,12.5196738543038,10.3939129666935,11.1926594757788,9.96940006114542,8.52051339097945,9.53516886048952,11.0021066788826,11.1460601069835,7.28024240302122,6.84397627188779,6.0438984946675,5.69829312448907,5.47538689748436,6.23825098638188,5.89921918083497,7.50417665502799,6.02464777735002,7.33977677838357,12.3525220604753,9.43677778279456,18.0223489943306,14.1817196366371,14.0596423097692,14.9653817981711,27.880792468037,Middle East & North Africa,Lower middle income
"Egypt, Arab Rep.",EGY,EG.ELC.ACCS.ZS,,,93.4,95.3922424316406,95.6485366821289,95.5,96.1543273925781,96.4024658203125,96.6465225219727,96.8857345581055,97.6999969482422,97.3440780639648,97.5361785888672,98.8000030517578,97.9070281982422,99.4000015258789,99.0400009155273,98.4656295776367,99.8000030517578,98.8697128295898,99.3945541381836,99.4521636962891,99.6999969482422,99.8503875732422,99.8000030517578,99.3000030517578,100,100,100,100,100,Middle East & North Africa,Lower middle income
"Egypt, Arab Rep.",EGY,GFDD.AI.01,,,,,,,,,,,,,,,,,,,,,,351.8498,364.37335,370.83563,355.85316,366.59243,379.76392,382.18541,391.93706,411.86842,479.85232,Middle East & North Africa,Lower middle income
"Egypt, Arab Rep.",EGY,GFDD.DI.04,50.59142,55.25013,62.31093,66.68572,70.07172,73.01756,77.89656,81.45995,77.99483,76.01926,73.01057,71.41367,71.30371,66.91157,62.72284,69.64931,70.62376,71.62595,80.69238,80.9286,82.13814,80.23346,78.5097,74.81851,72.8138,72.394,77.9664,80.30665,82.13274,82.74233,87.21756,Middle East & North Africa,Lower middle income
"Egypt, Arab Rep.",EGY,GFDD.DI.05,81.65289,84.21188,80.40066,80.62893,80.49052,75.88123,74.79156,73.89329,73.25493,72.32047,72.98486,78.3455,83.53657,91.94585,91.90211,92.34166,92.58072,91.46205,84.04636,79.05772,76.7679,72.05968,69.69367,74.59094,75.42253,77.96799,98.11987,92.29539,81.77491,77.23492,84.21943,Middle East & North Africa,Lower middle income
"Egypt, Arab Rep.",EGY,GFDD.DI.06,52.41043,48.99496,39.5295,32.49338,28.13852,24.43538,19.86419,16.71947,20.52525,23.64505,27.09472,31.21247,33.31508,40.85696,49.16336,34.8408,30.70402,26.80205,16.87406,16.14828,13.90848,16.21794,17.78417,22.52435,26.1901,29.10321,29.61417,22.04861,18.03821,15.49317,13.09362,Middle East & North Africa,Lower middle income
"Egypt, Arab Rep.",EGY,GFDD.DI.11,,,,,,,,,,3.9205972,3.8529371,3.8647664,3.8618375,3.8816388,3.647848,3.552702,3.4307073,3.1847174,3.5455421,3.0113665,2.9071247,2.7870988,2.5686989,2.564986,2.5816432,2.449084,2.4292148,2.4783862,2.2400505,1.9165367,,Middle East & North Africa,Lower middle income
"Egypt, Arab Rep.",EGY,GFDD.DM.11,,,,,,,,,,,,,,,1.223751,1.277423,1.366434,1.209712,0.5978888,1.596051,3.868637,1.058641,0.9461438,0.8237816,0.6130273,0.230936,0.2210517,0.2474693,0.2295085,0.1919978,0.1872959,Middle East & North Africa,Lower middle income
"Egypt, Arab Rep.",EGY,GFDD.EI.08,29.46496,39.26727,44.17337,42.71117,39.34361,34.99363,35.25932,34.43376,28.47352,25.49896,23.88561,25.73223,30.80068,31.36198,31.32539,31.29268,26.93805,24.37077,29.81947,34.19884,32.50519,36.19987,37.58177,40.70128,44.53928,50.00402,70.65548,61.39112,57.37053,50.25787,62.42291,Middle East & North Africa,Lower middle income
"Egypt, Arab Rep.",EGY,GFDD.OI.02,66.45531,70.84012,68.88178,68.74075,68.32822,64.54861,63.75795,62.81852,60.17542,60.35831,61.56714,66.6999,71.05004,78.56944,80.25642,80.16269,79.79333,79.11732,71.93548,67.49898,65.44672,59.8116,57.45149,61.09643,62.41075,65.48553,84.04134,80.54346,71.8155,67.70634,73.75814,Middle East & North Africa,Lower middle income
"Egypt, Arab Rep.",EGY,SH.STA.BRTC.ZS,,36.5,40.7,40.7,,46.3,46.3,56.4,55.2,,60.9,,,69.4,,74.2,,,78.9,,,,,,91.5,,,,,,,Middle East & North Africa,Lower middle income
"Egypt, Arab Rep.",EGY,SL.IND.EMPL.ZS,,21.3400001525879,21.4699993133545,21.6800003051758,21.4899997711182,21.8899993896484,22.0900001525879,22.3099994659424,22.25,22.5799999237061,21.2999992370605,21.2700004577637,20.5599994659424,19.75,19.9599990844727,21.5100002288818,22.1100006103516,22.1599998474121,22.9099998474121,23.7600002288818,25.3799991607666,23.5699996948242,24.8600006103516,24.1100006103516,24.3999996185303,25.0799999237061,25.5,26.5599994659424,26.8700008392334,26.9400005340576,,Middle East & North Africa,Lower middle income
El Salvador,SLV,DT.TDS.DPPF.XP.ZS,19.0906110716137,25.6597307176047,22.7346108826425,21.1054507685877,20.1611575201816,16.3008902351723,16.7246909431834,10.6999002562067,16.2201281202632,10.9274786017403,10.0023821522904,11.8928263798732,14.2173354120018,17.4631592840351,19.3466512022043,15.0412932214523,20.5191117982957,15.3935483286382,14.4368910683504,21.7721485714376,16.6384485493774,16.9328278281363,13.9422024388843,12.655286971025,12.9963211571731,12.7826676085465,13.8464113844754,13.2910843418594,13.1636500800845,22.6617273636707,16.2543957206425,Latin America & Caribbean,Lower middle income
El Salvador,SLV,EG.ELC.ACCS.ZS,,69.60788,75.3321914672852,76.2761383056641,77.2187194824219,76.995504,77.883,80.0315170288086,81.637983,79.129592,84.5192489624023,87.0638275146484,87.5490570068359,86.9611511230469,87.357048034668,87.5258407592773,89.2014694213867,91.1095581054688,91.0002288818359,91.0840225219727,91.5802383422852,92.5746841430664,93.6805725097656,95.0431060791016,95.1254196166992,95.4000015258789,96,96.8000030517578,97,97.3600006103516,100,Latin America & Caribbean,Lower middle income
El Salvador,SLV,GFDD.AI.01,,,,,,,,,,,,,,,,,,,,782.84189,424.30845,655.82046,622.383,618.68781,968.00531,1028.2366,1058.0124,771.67831,790.1211,762.13136,746.20843,Latin America & Caribbean,Lower middle income
El Salvador,SLV,GFDD.DI.04,57.77352,56.98494,62.43888,67.1265,78.64441,83.02976,85.65131,87.68292,89.26587,89.76514,90.18148,88.54494,88.2576,89.20467,89.71687,90.50436,91.11142,91.82865,91.56583,91.76393,91.75433,92.1404,92.46375,92.89809,93.10545,93.63903,93.8947,94.11417,94.47746,94.81264,95.21053,Latin America & Caribbean,Lower middle income
El Salvador,SLV,GFDD.DI.05,28.75414,31.34811,32.72213,38.00705,46.43381,44.74296,47.38897,49.13377,50.04366,52.77175,51.31958,51.78255,50.25628,48.68801,48.39768,46.72637,47.26361,52.13707,49.29904,51.1842,51.24882,46.24878,45.17608,45.1482,43.82914,45.17957,45.33421,48.55053,49.22879,53.00062,63.38292,Latin America & Caribbean,Lower middle income
El Salvador,SLV,GFDD.DI.06,13.37914,14.96433,12.92768,11.80429,9.413107,7.952079,6.938208,6.366583,5.631029,5.65422,5.814,6.476049,6.40356,6.113905,5.943375,5.558069,5.08001,4.774323,4.841515,4.750983,4.517046,4.106025,3.89179,3.7825,3.678067,3.539711,3.427425,3.317402,3.207724,3.101575,3.384754,Latin America & Caribbean,Lower middle income
El Salvador,SLV,GFDD.DI.11,,,,,,,,,,,,,2.5189135,2.6221481,2.5465385,2.6212403,2.382205,2.6052846,2.8921733,3.2212419,3.3896378,3.0985947,3.1021617,3.293876,3.430728,3.5865512,3.3777965,3.4243179,3.4306856,3.4649658,3.9420035,Latin America & Caribbean,Lower middle income
El Salvador,SLV,GFDD.DM.11,,,,,,,,,,0.0186248,0.0933347,1.096924,2.65086,4.524123,5.911273,4.610394,3.843233,4.029359,2.703498,0.6449522,1.276782,0.6574052,0.5803022,0.4664987,3.569898,3.421468,2.79966,2.802614,2.706675,3.199654,5.753482,Latin America & Caribbean,Lower middle income
El Salvador,SLV,GFDD.EI.08,1.471635,1.826625,1.434283,1.742293,2.048349,1.759725,1.777567,1.428182,0.8517967,1.248981,3.095659,4.982092,3.412924,3.713057,4.482401,3.914075,2.654121,3.000758,2.608991,3.874863,3.407336,3.371002,3.588126,3.085824,2.442749,4.352713,3.974011,3.250708,3.827833,4.38544,8.919997,Latin America & Caribbean,Lower middle income
El Salvador,SLV,GFDD.OI.02,22.30562,24.43912,26.61152,31.72869,40.24148,39.42574,43.17908,45.28629,46.24721,47.87632,47.34811,49.61174,47.93426,46.38006,46.20869,44.94587,46.00048,50.79533,48.06897,52.14613,52.27635,47.16739,45.68819,45.86017,44.51315,45.71971,45.77403,49.11341,49.95323,53.89667,64.81977,Latin America & Caribbean,Lower middle income
El Salvador,SLV,SH.STA.BRTC.ZS,,,,87.4,,,,,90.4,,,,,92.4,,87.2,89.6,93.1,95.5,97.5,98,99,99.5,99.8,98,99.9,99.9,99.9,99.9,,,Latin America & Caribbean,Lower middle income
El Salvador,SLV,SL.IND.EMPL.ZS,,24.5699996948242,24.7900009155273,24.9300003051758,24.9799995422363,25.0599994659424,24.7800006866455,24.6499996185303,24.6000003814697,24.9799995422363,24.2399997711182,23.6200008392334,24.3400001525879,24.5699996948242,23.6900005340576,22.2199993133545,22.9799995422363,23.3999996185303,23.4699993133545,20.6599998474121,21.3500003814697,21.2700004577637,20.9799995422363,20.3600006103516,20.8899993896484,22.1800003051758,21.1000003814697,21.8899993896484,22.2000007629395,22.5100002288818,,Latin America & Caribbean,Lower middle income
Equatorial Guinea,GNQ,DT.TDS.DPPF.XP.ZS,,,,,,,,,,,,,,,,,,,,,,,,,,,,,,,,Sub-Saharan Africa,Upper middle income
Equatorial Guinea,GNQ,EG.ELC.ACCS.ZS,,,,,,,,,,,65.5595626831055,65.5711898803711,65.5752334594727,65.5740432739258,65.5699691772461,65.5653533935547,65.562614440918,65.5643920898438,65.5734100341797,65.5923614501953,66.1572647094727,66.0999984741211,65.7359466552734,65.8208084106445,65.923469543457,66.0409774780273,66.1703567504883,66.3086395263672,66.4528579711914,66.6000442504883,66.7477264404297,Sub-Saharan Africa,Upper middle income
Equatorial Guinea,GNQ,GFDD.AI.01,,,,,,,,,,,,,,,,,,,,,,,,172.31543,189.45031,200.36327,270.87636,280.0707,292.76219,307.39752,294.94305,Sub-Saharan Africa,Upper middle income
Equatorial Guinea,GNQ,GFDD.DI.04,75.05939,58.53615,52.23249,16.91678,15.21718,20.01837,30.65504,47.65504,52.94749,51.03327,67.02788,90.50597,95.90016,97.39037,98.86195,99.72649,,,99.88329,99.84489,99.8379,99.82455,99.65427,99.67334,70.44064,65.72521,62.29368,62.74888,63.6901,63.24781,,Sub-Saharan Africa,Upper middle income
Equatorial Guinea,GNQ,GFDD.DI.05,12.3992,10.66565,12.19153,8.410413,13.86672,16.32633,13.88027,6.988173,9.533681,9.194562,6.432835,6.043296,7.868236,10.74983,8.891184,6.438123,6.039362,7.18162,6.618902,9.799519,12.82288,10.9127,12.67801,14.20054,12.05343,15.44997,14.2751,12.72682,12.30639,12.41293,,Sub-Saharan Africa,Upper middle income
Equatorial Guinea,GNQ,GFDD.DI.06,10.10676,29.62219,27.24375,31.61692,31.87506,24.60247,14.57319,6.143023,6.416452,5.464909,1.912112,0.3642148,0.1981293,0.0996444,0.0339035,0.00616,,,0.0051107,0.0093152,0.0113475,0.0128385,0.0171384,0.0228403,3.462766,6.670442,9.325769,8.648127,8.417307,9.501668,,Sub-Saharan Africa,Upper middle income
Equatorial Guinea,GNQ,GFDD.DI.11,,,,,,,,,,,,,,,,,,,,0.18784713,0.21488207,,,,,,,,,,,Sub-Saharan Africa,Upper middle income
Equatorial Guinea,GNQ,GFDD.DM.11,,,,,,,,,,,,,,,,,,,,,,,,,,,,,,,,Sub-Saharan Africa,Upper middle income
Equatorial Guinea,GNQ,GFDD.EI.08,3.909459,3.018122,7.213315,1.070486,1.431548,1.144642,1.036827,0.7895249,0.6384612,0.1087169,0.229568,0.0572602,0.3892823,0.1347457,0.2084971,0.1150898,0.1644437,0.1674105,0.2787732,0.3350517,0.3267597,0.3141401,0.1227942,0.1271802,0.1672397,0.3015232,0.5070583,0.4959247,0.5962554,1.184646,,Sub-Saharan Africa,Upper middle income
Equatorial Guinea,GNQ,GFDD.OI.02,9.470563,7.073145,7.648106,5.269487,7.130794,6.750852,6.732426,4.435681,6.884242,6.041236,4.392487,4.322588,5.743925,8.2628,6.924821,5.105043,4.732649,5.877133,5.592354,7.993185,10.72535,8.669295,10.38322,11.62827,9.400925,12.51694,11.56839,10.23848,9.932877,9.662605,,Sub-Saharan Africa,Upper middle income
Equatorial Guinea,GNQ,SH.STA.BRTC.ZS,,,,,5,,,,,,64.6,,,,,,,,,,,68.3,,,,,,,,,,Sub-Saharan Africa,Upper middle income
Equatorial Guinea,GNQ,SL.IND.EMPL.ZS,,10.3900003433228,10.5699996948242,10.8100004196167,11.1599998474121,11.6400003433228,12.5299997329712,13.2200002670288,14.25,15.4300003051758,16.8700008392334,18.3899993896484,19.9599990844727,21.4899997711182,22.8299999237061,23.9500007629395,24.8700008392334,25.8400001525879,26.4899997711182,26.4799995422363,26.4200000762939,26.1499996185303,25.4500007629395,24.7299995422363,23.8700008392334,22.7900009155273,21.8199996948242,21.1000003814697,20.3600006103516,19.3500003814697,,Sub-Saharan Africa,Upper middle income
Eritrea,ERI,DT.TDS.DPPF.XP.ZS,,,,,0,0.105442803141601,0,0.226757893765627,2.92491409478567,5.299090060889,3.59393624487437,,,,,,,,,,,,,,,,,,,,,Sub-Saharan Africa,Low income
Eritrea,ERI,EG.ELC.ACCS.ZS,,,,,,22.9,24.7554473876953,25.8746109008789,26.9896945953369,28.0999355316162,29.2545108795166,30.3525619506836,32.2000007629395,32.5282592773438,33.6106033325195,34.6924095153809,35.7760925292969,36.8642921447754,37.9597244262695,39.0650978088379,40.1831207275391,41.3165016174316,42.4679489135742,43.6392288208008,44.828311920166,46.0322418212891,47.2480392456055,48.4727439880371,49.7033843994141,50.9369926452637,52.1710968017578,Sub-Saharan Africa,Low income
Eritrea,ERI,GFDD.AI.01,,,,,,,,,,,,,,,,,,,,,,,,,,,,,,,,Sub-Saharan Africa,Low income
Eritrea,ERI,GFDD.DI.04,,,,,,50.02109,50.62204,50.58108,72.86257,59.35418,61.39841,65.76077,61.70948,55.48497,59.82698,60.57708,62.78378,61.80173,60.63626,57.1293,54.3456,56.85471,53.97248,49.51974,45.97987,,,,,,,Sub-Saharan Africa,Low income
Eritrea,ERI,GFDD.DI.05,,,,,,105.4556,105.777,120.5745,130.4143,163.4104,182.3722,192.906,194.7158,188.8325,166.5884,166.9992,160.1134,164.9601,211.3066,173.9998,164.0688,144.7623,151.6589,203.4175,172.6781,,,,,,,Sub-Saharan Africa,Low income
Eritrea,ERI,GFDD.DI.06,,,,,,34.4861,51.03313,50.99231,40.40952,77.64714,82.02478,63.23688,71.96465,81.09136,66.99564,69.47184,63.68563,64.25662,83.58585,73.94317,74.35104,60.64137,66.575,99.72994,88.40185,,,,,,,Sub-Saharan Africa,Low income
Eritrea,ERI,GFDD.DI.11,,,,,,,,,,,,,,,,,,,,,,,,,,,,,,,,Sub-Saharan Africa,Low income
Eritrea,ERI,GFDD.DM.11,,,,,,,,,,,,,,,,,,,,,,,,,,,,,,,,Sub-Saharan Africa,Low income
Eritrea,ERI,GFDD.EI.08,,,,,,15.10514,12.46667,12.58635,54.81342,,,,,65.33466,66.75675,73.0812,74.99862,,,,69.19858,62.68372,59.20139,74.56719,56.68748,,,,,,,Sub-Saharan Africa,Low income
Eritrea,ERI,GFDD.OI.02,,,,,,,,,,,,,,,,,,,,,,,,,,,,,,,,Sub-Saharan Africa,Low income
Eritrea,ERI,SH.STA.BRTC.ZS,,,,,,20.6,20.6,,,,,,28.3,,,,,,,,34.1,,,,,,,,,,,Sub-Saharan Africa,Low income
Eritrea,ERI,SL.IND.EMPL.ZS,,8.48999977111816,8.57999992370605,8.71000003814697,8.84000015258789,9,9.14000034332275,9.27999973297119,9.32999992370605,9.35999965667725,9.35999965667725,9.27999973297119,9.17000007629395,8.97000026702881,8.78999996185303,8.56999969482422,8.38000011444092,8.21000003814697,8.09000015258789,7.94000005722046,7.84999990463257,7.78000020980835,7.69999980926514,7.61999988555908,7.57999992370605,7.48999977111816,7.42999982833862,7.34999990463257,7.32000017166138,7.28999996185303,,Sub-Saharan Africa,Low income
Estonia,EST,DT.TDS.DPPF.XP.ZS,,,,,,,,,,,,,,,,,,,,,,,,,,,,,,,,Europe & Central Asia,High income
Estonia,EST,EG.ELC.ACCS.ZS,100,100,100,100,100,100,100,100,100,100,100,100,100,100,100,100,100,100,100,100,100,100,100,100,100,100,100,100,100,100,100,Europe & Central Asia,High income
Estonia,EST,GFDD.AI.01,,,,,,,,,,,,,,,,,,,1698.6589,2094.5356,2005.8806,2059.9465,2147.5934,2240.3572,2314.6971,2092.3582,2158.1876,2168.4956,2140.6768,2008.198,2050.7145,Europe & Central Asia,High income
Estonia,EST,GFDD.DI.04,,,,,,99.76174,98.53765,99.35863,99.76814,99.74956,99.79737,99.82809,99.86079,99.89462,99.9173,99.95609,99.97511,99.9797,99.98032,99.97282,99.96475,99.96301,99.95599,99.95634,99.95747,99.6359,99.54995,99.56003,99.97605,99.97659,98.97337,Europe & Central Asia,High income
Estonia,EST,GFDD.DI.05,,,,,,,,,,,,,,,37.80542,46.44067,49.5255,46.71419,49.037,57.90464,56.88177,66.29388,65.58134,66.03639,69.08841,74.29951,76.43493,73.60612,74.61168,75.98003,92.66795,Europe & Central Asia,High income
Estonia,EST,GFDD.DI.06,,,,,,0.0408264,0.340303,0.211764,0.075863,0.0826322,0.0757671,0.0696797,0.0646468,0.0554139,0.0348761,0.0255658,0.0193088,0.0172547,0.0180526,0.0283048,0.0339188,0.029981,0.0334883,0.0317279,0.0299278,0.2617375,0.3264681,0.2937028,0.0154933,0.0144236,0.7154963,Europe & Central Asia,High income
Estonia,EST,GFDD.DI.11,,,,,,,,,,,1.8957668,2.0609502,2.2754641,2.6645546,3.1654441,3.6188861,4.1292866,4.6551092,4.457258,8.0563377,9.1333738,8.0015502,7.9351357,7.6768732,7.7443209,8.1439997,8.3525267,7.4793521,7.3488412,7.2009918,6.6622545,Europe & Central Asia,High income
Estonia,EST,GFDD.DM.11,,,,,,,,,,79.49844,67.47024,59.94127,167.1854,214.3244,219.8452,215.4143,278.8698,242.3681,169.7736,289.5599,273.3636,14.35449,15.8139,17.03396,16.21102,18.25119,26.25083,38.15669,34.90597,34.69384,53.26924,Europe & Central Asia,High income
Estonia,EST,GFDD.EI.08,,,,19.48858,19.51571,22.69015,21.03009,24.23644,18.72597,21.677,20.54928,24.93711,31.18226,32.59241,1.867049,1.628984,1.334667,1.260202,2.070036,2.766799,3.425795,3.034072,3.164648,3.183369,3.112495,2.917888,2.740493,2.622347,2.486668,1.817376,4.143916,Europe & Central Asia,High income
Estonia,EST,GFDD.OI.02,,,,,,15.66987,18.37557,22.1165,21.03313,24.37936,27.70078,30.93833,31.31229,31.50162,32.79472,41.55689,44.83294,42.95742,45.4024,54.50806,55.16548,52.76647,52.57112,53.27119,54.94252,59.54042,62.07493,59.5881,60.65999,60.56117,73.46507,Europe & Central Asia,High income
Estonia,EST,SH.STA.BRTC.ZS,,,98.9,99.1,99.1,99.3,99.4,99.3,99.5,99.5,99.5,99.6,99.5,99.4,99.7,99.6,99.5,99.4,99.3,99.2,99.3,99.4,99.3,99.4,99.4,99.5,99.4,99.2,99.1,,,Europe & Central Asia,High income
Estonia,EST,SL.IND.EMPL.ZS,,37.0499992370605,36,33.25,32.5,34.2299995422363,33.6500015258789,33.439998626709,32.9500007629395,31.6399993896484,34.9900016784668,33.75,29.7999992370605,30.7000007629395,33.9500007629395,34.0699996948242,33.5400009155273,35.1300010681152,35.2700004577637,31.4400005340576,30.3199996948242,32.4300003051758,31.1000003814697,30.2700004577637,30.1499996185303,30.6599998474121,29.7199993133545,29.9599990844727,29.6499996185303,28.7000007629395,,Europe & Central Asia,High income
Eswatini,SWZ,DT.TDS.DPPF.XP.ZS,5.33949841708569,2.9802321533658,2.2848507171724,2.23518501805829,2.19321282349291,1.50196466377765,2.5771788566363,1.68477712893407,2.11270353662413,2.89338359764877,2.18221164342712,1.98066159196518,1.62574122867129,1.64005411914242,2.19062120910097,1.71376998932789,1.95060930346374,2.14879244630201,2.89472650951457,2.67562229374412,2.26443759462001,2.72173256325651,2.36007424701025,1.84796077457695,1.67375890967756,1.75188971640388,2.19887137626354,2.11867228281729,2.25090350463944,2.55600923117053,3.27751086423347,Sub-Saharan Africa,Lower middle income
Eswatini,SWZ,EG.ELC.ACCS.ZS,,,,,,,,,,,20.1957626342773,26.8999996185303,25.8086700439453,28.6060962677002,31.4006366729736,34.1946411132813,35.2000007629395,39.7909126281738,42.5985412597656,38.5999984741211,45.5523376464844,51.148006439209,54.3662261962891,57.5625152587891,65,64.0124130249023,63.4300003051758,73.5,73.9157791137695,76.8694381713867,79.7304992675781,Sub-Saharan Africa,Lower middle income
Eswatini,SWZ,GFDD.AI.01,,,,,,,,,,,,,,,361.11881,380.53806,396.86869,400.37161,473.46981,515.90553,513.8067,525.38232,572.80329,507.97146,553.03906,584.67163,556.74245,611.92461,472.41372,174.56268,179.48647,Sub-Saharan Africa,Lower middle income
Eswatini,SWZ,GFDD.DI.04,98.51672,98.60717,98.59065,98.86041,94.89297,96.68035,98.66454,98.87482,98.99516,98.81853,98.81927,98.82436,96.37443,96.38462,96.53757,97.23267,98.39905,99.60122,99.83253,99.81955,99.68272,92.22637,99.19042,99.33746,99.83486,99.7952,92.56988,91.80915,88.81926,84.50414,85.72806,Sub-Saharan Africa,Lower middle income
Eswatini,SWZ,GFDD.DI.05,22.35534,24.25378,25.61454,24.03333,23.44943,19.91804,20.72218,21.55404,22.07631,23.53122,17.86996,16.9151,18.61767,18.0782,18.11231,18.65444,18.32277,19.88594,22.07972,25.07471,26.36947,25.1552,24.84779,26.30858,24.02892,24.65326,29.22679,28.74934,29.79191,27.77357,31.10539,Sub-Saharan Africa,Lower middle income
Eswatini,SWZ,GFDD.DI.06,0.2432672,0.2896204,0.2627892,0.1999123,1.004558,0.5379091,0.2043175,0.1650327,0.1411398,0.1610164,0.1405159,0.114931,0.5067984,0.5790311,0.6448399,0.5883979,0.3190445,0.0839673,0.0359213,0.0392753,0.0702651,2.18258,0.191823,0.1748554,0.0408431,0.0482286,2.016202,2.27403,3.357262,4.664649,4.570798,Sub-Saharan Africa,Lower middle income
Eswatini,SWZ,GFDD.DI.11,,,,,,,,,,,,,,,,,,,,,,,,,,,,,,,,Sub-Saharan Africa,Lower middle income
Eswatini,SWZ,GFDD.DM.11,,,,,,,,,,0.5819149,0.5229057,0.6105264,0.5913581,0.5164386,0.5290457,0.2924474,0.5409651,0.395054,0.2670754,19.98255,4.077984,7.254986,7.773761,5.244142,5.016467,4.026741,5.193428,5.489738,4.492614,4.899898,2.856902,Sub-Saharan Africa,Lower middle income
Eswatini,SWZ,GFDD.EI.08,,,,0.6764458,0.754024,0.8079509,0.9919245,0.6595114,0.6048912,0.5309089,0.4931822,1.119363,2.226336,2.503465,2.272295,1.904732,1.863577,1.56829,1.405136,1.466727,2.380154,3.481865,3.621912,4.319997,3.788621,3.932364,4.582981,5.367548,5.317522,5.210651,7.379725,Sub-Saharan Africa,Lower middle income
Eswatini,SWZ,GFDD.OI.02,19.91605,21.84635,23.38636,21.34211,21.3315,17.75712,18.62524,19.19423,20.29189,21.55266,16.00966,15.47597,16.99194,16.29396,16.75182,17.31724,17.25841,18.94501,21.05815,24.00441,25.23491,23.06672,22.83116,24.26123,22.89828,23.59529,27.51932,27.26587,28.61394,26.65489,29.74851,Sub-Saharan Africa,Lower middle income
Eswatini,SWZ,SH.STA.BRTC.ZS,,,,,56,,,,,,65.4,,74,,,,,69,,,82,,,,88.3,,,,,,,Sub-Saharan Africa,Lower middle income
Eswatini,SWZ,SL.IND.EMPL.ZS,,29.0799999237061,29.0400009155273,29.0799999237061,28.9899997711182,28.9899997711182,28.8500003814697,28.7600002288818,28.5200004577637,28.2399997711182,28.0799999237061,27.8400001525879,27.5499992370605,27.2700004577637,27.1100006103516,26.9200000762939,26.7299995422363,26.5799999237061,26.4300003051758,26.3099994659424,26.0300006866455,25.8199996948242,25.5900001525879,25.2900009155273,25.1000003814697,24.8700008392334,24.5300006866455,24.1200008392334,23.7299995422363,23.3899993896484,,Sub-Saharan Africa,Lower middle income
Ethiopia,ETH,DT.TDS.DPPF.XP.ZS,37.6459741643541,29.0271058233212,22.716381328813,17.9275773275965,15.2160679246941,18.3341303032772,41.4983617028131,9.86367172066359,12.085159703852,16.1726445471657,13.6316985552788,18.3897311331012,7.90545047703554,7.16333021865149,5.50917477310888,4.29923075832474,5.80116771403063,4.62067160287382,2.91661050579193,2.78313952666124,3.77537523952486,5.85057083628359,7.13169780752351,10.6721261398837,11.8159320249646,18.1639049440248,20.6220213610167,22.0104305949628,21.1644240759086,28.0924873007495,25.7651360160719,Sub-Saharan Africa,Low income
Ethiopia,ETH,EG.ELC.ACCS.ZS,,,,,,,,,,,12.6999998092651,10.1624908447266,11.8548336029053,13.5419406890869,15.2261619567871,14,18.5954036712646,20.2854804992676,21.9827899932861,23.6900386810303,25.4099369049072,23,28.8985195159912,30.6716728210449,27.2000007629395,29,42.9000015258789,44.2999992370605,44.940601348877,48.063591003418,51.0939826965332,Sub-Saharan Africa,Low income
Ethiopia,ETH,GFDD.AI.01,,,,,,,,,,,,,,,,,66.654219,75.200898,78.278897,91.078746,103.45328,111.17705,136.6832,,,,,,,,,Sub-Saharan Africa,Low income
Ethiopia,ETH,GFDD.DI.04,51.44486,44.68249,41.53582,39.93882,42.4778,49.77549,58.52066,58.31049,58.38883,62.60867,56.6607,62.11837,59.24041,61.25602,50.39177,52.28694,59.75595,61.75084,57.8855,,,,,,,,,,,,,Sub-Saharan Africa,Low income
Ethiopia,ETH,GFDD.DI.05,29.80062,30.99511,33.21855,28.01984,32.76006,29.27015,28.25446,33.16003,34.85739,36.73047,36.262,38.81366,45.92443,46.62012,46.88916,45.1911,43.68571,40.44942,34.571,,,,,,,,,,,,,Sub-Saharan Africa,Low income
Ethiopia,ETH,GFDD.DI.06,14.35524,16.94065,19.46525,21.85464,21.07386,17.073,14.24701,15.31686,17.1329,17.80954,21.05967,18.59641,22.91581,21.54708,26.48738,26.705,21.61038,18.78969,17.47058,,,,,,,,,,,,,Sub-Saharan Africa,Low income
Ethiopia,ETH,GFDD.DI.11,,,,,,,,,,,,,,,,,0.98756813,0.88028012,0.91969581,0.79718854,0.83457095,0.77859778,0.74680879,0.78463315,0.76804158,0.74378169,0.74535584,0.74018462,,,,Sub-Saharan Africa,Low income
Ethiopia,ETH,GFDD.DM.11,,,,,,,,,,,,,,,,,,,,,,,,,,,,,,,,Sub-Saharan Africa,Low income
Ethiopia,ETH,GFDD.EI.08,13.13519,11.80256,11.31578,10.58973,10.24711,8.88116,7.888466,6.826403,7.621179,10.08696,9.432327,12.1821,14.74584,15.97689,9.898116,9.888489,11.07959,11.28342,5.950608,,,,,,,,,,,,,Sub-Saharan Africa,Low income
Ethiopia,ETH,GFDD.OI.02,16.20036,15.42078,16.52676,14.93302,18.57152,17.23779,18.20318,23.66504,26.12408,27.00324,27.28771,29.83568,35.14944,36.13599,36.39396,35.21286,34.15053,31.80042,27.36531,,,,,,,,,,,,,Sub-Saharan Africa,Low income
Ethiopia,ETH,SH.STA.BRTC.ZS,,,,,,,,,6.5,,5.6,,,,6.4,5.7,,,,,,10,,23.1,15.5,,27.7,,,,,Sub-Saharan Africa,Low income
Ethiopia,ETH,SL.IND.EMPL.ZS,,6.78999996185303,6.73000001907349,6.69000005722046,6.6399998664856,6.59999990463257,6.57000017166138,6.53999996185303,6.51000022888184,6.51000022888184,6.59999990463257,6.71999979019165,6.84000015258789,6.98999977111816,7.19000005722046,7.3600001335144,7.42000007629395,7.51999998092651,7.63000011444092,7.76000022888184,7.92999982833862,8.09000015258789,8.25,8.40999984741211,8.59000015258789,8.77000045776367,8.96000003814697,9.11999988555908,9.22000026702881,9.31999969482422,,Sub-Saharan Africa,Low income
Faroe Islands,FRO,DT.TDS.DPPF.XP.ZS,,,,,,,,,,,,,,,,,,,,,,,,,,,,,,,,Europe & Central Asia,High income
Faroe Islands,FRO,EG.ELC.ACCS.ZS,100,100,100,100,100,100,100,100,100,100,100,100,100,100,100,100,100,100,100,100,100,100,100,100,100,100,100,100,100,100,100,Europe & Central Asia,High income
Faroe Islands,FRO,GFDD.AI.01,,,,,,,,,,,,,,,,,,,,,,,,,,,,,,,,Europe & Central Asia,High income
Faroe Islands,FRO,GFDD.DI.04,,,,,,,,,,,,,,,,,,,,,,,,,,,,,,,,Europe & Central Asia,High income
Faroe Islands,FRO,GFDD.DI.05,,,,,,,,,,,,,,,,,,,,,,,,,,,,,,,,Europe & Central Asia,High income
Faroe Islands,FRO,GFDD.DI.06,,,,,,,,,,,,,,,,,,,,,,,,,,,,,,,,Europe & Central Asia,High income
Faroe Islands,FRO,GFDD.DI.11,,,,,,,,,,,,,,,,,,,,,,,,,,,,,,,,Europe & Central Asia,High income
Faroe Islands,FRO,GFDD.DM.11,,,,,,,,,,,,,,,,,,,,,,,,,,,,,,,,Europe & Central Asia,High income
Faroe Islands,FRO,GFDD.EI.08,,,,,,,,,,,,,,,,,,,,,,,,,,,,,,,,Europe & Central Asia,High income
Faroe Islands,FRO,GFDD.OI.02,,,,,,,,,,,,,,,,,,,,,,,,,,,,,,,,Europe & Central Asia,High income
Faroe Islands,FRO,SH.STA.BRTC.ZS,,,,,,,,,,,,,,,,,,,,,,,,,,,,,,,,Europe & Central Asia,High income
Faroe Islands,FRO,SL.IND.EMPL.ZS,,,,,,,,,,,,,,,,,,,,,,,,,,,,,,,,Europe & Central Asia,High income
Fiji,FJI,DT.TDS.DPPF.XP.ZS,9.01059699666226,9.33037834638428,6.95080014438027,5.84757271065956,6.17067576924323,3.73141165358509,2.1283346128554,1.5367111721001,2.20785266600346,2.62160987114282,2.52791400923146,1.80353906470578,1.73497789921929,1.25141678385584,0.766375898523822,0.846829798759239,0.872410362897455,1.61698159580411,1.19251454894217,1.82092925038677,1.30914499032591,8.13647882306279,1.60623380402478,1.8436671037533,1.94364315694459,13.4357587446381,3.00195932780974,2.23359266336623,2.41588018882166,6.83652011171499,19.781910402013,East Asia & Pacific,Upper middle income
Fiji,FJI,EG.ELC.ACCS.ZS,,,,,,,66.9,71.7715148925781,73.0895843505859,74.4028167724609,75.7249221801758,77.0006790161133,79.629997253418,80,80.7918395996094,82.0513534545898,83.3127365112305,88.9000015258789,86.1600036621094,87.1348648071289,89.2485809326172,90.146125793457,91.0708312988281,91.75,93.7866058349609,95.1682434082031,96.5617446899414,96,99.3725051879883,99.7158813476563,100,East Asia & Pacific,Upper middle income
Fiji,FJI,GFDD.AI.01,,,,,,,,,,,,,,,,,,,,,,,,,,,,,,,,East Asia & Pacific,Upper middle income
Fiji,FJI,GFDD.DI.04,99.97809,99.9763,99.98991,99.28242,99.99234,99.9924,,,,96.11147,96.09252,95.26276,95.95359,94.80245,95.88711,94.201,93.3461,94.19461,95.05242,93.36885,94.37718,96.05135,96.6561,97.47121,98.32368,98.60656,98.77103,98.94625,99.03156,98.72116,95.96799,East Asia & Pacific,Upper middle income
Fiji,FJI,GFDD.DI.05,49.4603,54.93448,55.80223,54.17891,52.42561,52.84665,49.44242,44.67106,40.82107,39.9484,41.99309,34.41516,33.34467,36.71787,40.8056,44.53071,49.35296,48.78448,46.3075,50.9866,48.85921,47.42681,46.97656,49.63305,46.39396,50.64286,52.38726,52.85963,52.83906,55.91058,71.98848,East Asia & Pacific,Upper middle income
Fiji,FJI,GFDD.DI.06,0.0089899,0.0114104,0.004776,0.3510406,0.003741,0.0036089,,,,1.327994,1.570725,1.76034,1.470443,2.07338,1.716835,2.819063,3.738833,3.306988,2.88193,4.038077,3.1753,2.57306,2.169369,1.685705,1.098118,0.9720847,0.8891754,0.7693194,0.7206346,0.9775681,3.837135,East Asia & Pacific,Upper middle income
Fiji,FJI,GFDD.DI.11,,,,,,,,,,,,,,,,,13.941282,15.18043,14.322015,16.4104,15.595707,15.421147,17.086983,17.008191,14.692129,14.776882,15.190096,14.980807,14.973207,15.791513,19.757234,East Asia & Pacific,Upper middle income
Fiji,FJI,GFDD.DM.11,,,,,,,,,,,,,,,,,,,,,,,,,,,,,,,,East Asia & Pacific,Upper middle income
Fiji,FJI,GFDD.EI.08,6.867949,8.798712,9.118338,9.148521,8.419437,7.328169,7.518347,8.333905,7.957221,6.683974,6.549974,5.692834,5.627205,6.950058,6.421934,7.030283,6.449126,6.324922,5.739718,8.520065,6.541574,4.647558,4.012276,5.917017,7.007612,7.598757,5.762671,5.225816,5.396632,5.379088,8.862902,East Asia & Pacific,Upper middle income
Fiji,FJI,GFDD.OI.02,45.10879,50.46357,51.3275,49.72253,48.09794,48.59439,45.16996,40.23012,35.78883,34.78619,37.0103,33.6614,33.68535,39.51687,40.38875,43.85435,50.70422,55.35229,49.26743,52.58787,50.7137,58.21017,58.93444,66.90522,62.25871,66.4376,66.09325,66.93884,65.5748,65.95886,81.1143,East Asia & Pacific,Upper middle income
Fiji,FJI,SH.STA.BRTC.ZS,95.3,94.5,,97.6,96.2,96.2,96.3,96.2,96.7,96.4,96.9,98.4,96.9,96.7,97,97.2,99.3,99,98.8,99.8,99.7,99.6,99.3,99.7,99.7,99.9,99.8,,,,,East Asia & Pacific,Upper middle income
Fiji,FJI,SL.IND.EMPL.ZS,,22.3400001525879,22.4599990844727,22.4599990844727,22.4799995422363,22.4699993133545,22.5200004577637,22.3700008392334,22.2999992370605,22.3799991607666,22.1299991607666,21.9899997711182,21.7600002288818,21.4099998474121,21.2199993133545,20.8500003814697,20.0400009155273,18.9799995422363,18.2099990844727,17.3299999237061,16.7399997711182,16.1399993896484,15.460000038147,15.1000003814697,14.8400001525879,14.5500001907349,14.1700000762939,14.2200002670288,14.2299995422363,14.1400003433228,,East Asia & Pacific,Upper middle income
Finland,FIN,DT.TDS.DPPF.XP.ZS,,,,,,,,,,,,,,,,,,,,,,,,,,,,,,,,Europe & Central Asia,High income
Finland,FIN,EG.ELC.ACCS.ZS,100,100,100,100,100,100,100,100,100,100,100,100,100,100,100,100,100,100,100,100,100,100,100,100,100,100,100,100,100,100,100,Europe & Central Asia,High income
Finland,FIN,GFDD.AI.01,,,,,,,,,,,,,,,,,,,,,,,,,,,,,,,,Europe & Central Asia,High income
Finland,FIN,GFDD.DI.04,98.88233,99.06884,98.80717,98.51235,98.49207,98.6797,98.85912,98.97292,99.10402,,,99.87672,99.96234,99.99287,99.99347,99.99419,99.7625,99.71548,99.75014,99.61282,99.70544,99.77837,99.87708,99.85541,99.73482,96.60957,92.03465,90.10016,89.49015,89.65027,86.52656,Europe & Central Asia,High income
Finland,FIN,GFDD.DI.05,53.31351,58.37628,59.14728,59.27509,56.54135,55.09657,51.67012,48.80783,46.47023,,,46.53991,51.06879,54.29492,56.00097,58.48427,60.84721,64.8082,65.62891,70.88865,71.97504,72.42093,70.87254,71.55603,73.08128,77.91518,76.7771,77.89227,78.08608,78.13652,89.36196,Europe & Central Asia,High income
Finland,FIN,GFDD.DI.06,0.9443478,0.8572264,1.064709,1.215118,1.067,0.8847919,0.7197862,0.5906848,0.5046867,,,0.0732915,0.0228978,0.0046129,0.0044092,0.0042505,0.1839245,0.2282544,0.2100224,0.3521378,0.2774485,0.2121233,0.1208733,0.1448701,0.2687328,3.612366,8.855819,11.04635,11.94339,11.92235,16.9054,Europe & Central Asia,High income
Finland,FIN,GFDD.DI.11,,,,,,12.754061,15.557928,19.265931,21.195445,32.589272,29.795811,25.355395,24.601646,25.741191,24.504592,26.802358,27.498453,25.437799,22.030216,26.381178,28.233843,25.824751,28.013607,30.10029,31.856121,33.243715,33.634861,32.031048,30.100165,31.498559,33.247625,Europe & Central Asia,High income
Finland,FIN,GFDD.DM.11,,,,,,,,,,14.74993,24.48977,27.59771,37.81948,41.29985,47.12516,43.84282,54.20779,52.14622,41.59349,59.65664,62.26199,57.65845,68.46666,67.14261,64.41652,70.5741,65.5765,61.08292,57.12436,55.18644,58.25501,Europe & Central Asia,High income
Finland,FIN,GFDD.EI.08,2.190547,3.942163,8.926305,12.97055,17.22289,37.99359,30.16722,34.05715,34.0876,,,6.805044,5.391081,4.442863,3.779967,3.981492,3.863572,3.723166,3.747458,4.415479,5.973116,6.211174,6.50726,7.181346,8.233082,8.541759,8.422291,7.44451,7.852039,8.255414,8.827578,Europe & Central Asia,High income
Finland,FIN,GFDD.OI.02,48.78036,54.19855,55.60228,55.92326,53.60148,52.26269,48.79267,46.09864,43.99992,,,44.60479,46.91419,49.6425,50.43777,52.35689,54.42316,58.33422,58.53499,62.82304,63.53679,63.42286,61.41755,62.19429,63.39918,67.17458,67.21742,68.03593,67.15054,67.08887,77.40709,Europe & Central Asia,High income
Finland,FIN,SH.STA.BRTC.ZS,98.8,,98.6,98.6,98.5,98.5,98.4,98.4,98.3,98.4,98.4,98.5,99.8,99.8,99.8,99.8,99.8,99.8,99.8,99.8,99.8,99.7,99.8,,99.7,99.9,99.9,99.9,100,,,Europe & Central Asia,High income
Finland,FIN,SL.IND.EMPL.ZS,,28.7800006866455,28.1599998474121,27.7800006866455,27.7099990844727,27.6000003814697,27.0900001525879,27.4200000762939,28.2600002288818,27.7299995422363,27.9500007629395,27.0799999237061,27.1499996185303,26.7000007629395,26.0699996948242,25.8099994659424,25.6900005340576,25.7199993133545,25.1499996185303,23.9500007629395,23.2999992370605,23,22.7900009155273,22.8500003814697,21.8999996185303,21.7000007629395,22.1599998474121,22.1599998474121,22.3400001525879,21.6399993896484,,Europe & Central Asia,High income
France,FRA,DT.TDS.DPPF.XP.ZS,,,,,,,,,,,,,,,,,,,,,,,,,,,,,,,,Europe & Central Asia,High income
France,FRA,EG.ELC.ACCS.ZS,100,100,100,100,100,100,100,100,100,100,100,100,100,100,100,100,100,100,100,100,100,100,100,100,100,100,100,100,100,100,100,Europe & Central Asia,High income
France,FRA,GFDD.AI.01,,,,,,,,,,,,,,,,,,,,,,,,,,,,,,,,Europe & Central Asia,High income
France,FRA,GFDD.DI.04,98.81942,98.94688,98.71629,98.9539,99.02179,99.19975,99.08493,99.16486,,,,99.72333,99.75595,99.65365,99.63038,99.59086,99.58302,99.53164,99.31638,99.22137,99.00138,98.17341,97.55823,98.07339,98.28148,95.00817,90.13938,86.71548,85.77752,86.54259,83.9122,Europe & Central Asia,High income
France,FRA,GFDD.DI.05,61.09971,58.4976,57.17815,58.87624,60.73696,65.18942,65.94555,68.52883,,,,62.48667,64.81972,69.85399,72.04398,74.7849,77.91884,82.14067,88.04816,90.80576,90.71884,88.16899,90.94854,90.00297,91.38085,92.96784,96.44778,101.4104,102.6403,106.202,131.1224,Europe & Central Asia,High income
France,FRA,GFDD.DI.06,1.21693,1.083625,1.337154,1.059823,0.9781069,0.8096278,0.9239925,0.8455108,0.8085357,,,0.2621246,0.2290547,0.3264303,0.3484701,0.4035313,0.4225306,0.4949623,0.7484015,0.8899413,1.152314,2.115363,2.882995,2.248499,1.976304,5.934963,12.42488,17.66729,19.32163,18.55528,26.31672,Europe & Central Asia,High income
France,FRA,GFDD.DI.11,,,,,32.826158,39.377053,45.627766,53.432881,57.58224,65.763002,68.292049,65.951177,63.331505,66.062455,77.830764,84.065961,83.502933,85.503446,79.336417,90.915782,95.001441,91.077465,99.396703,103.08984,111.58535,112.3382,120.27864,121.064,116.90352,122.28127,132.04159,Europe & Central Asia,High income
France,FRA,GFDD.DM.11,,,,,,,,,,26.75746,33.22135,38.23477,48.73973,55.80346,61.71188,61.37487,74.16101,80.36328,72.70901,86.53185,80.91695,66.12387,73.56334,73.28344,69.40326,73.85466,71.51211,74.62008,67.41327,71.43633,85.71889,Europe & Central Asia,High income
France,FRA,GFDD.EI.08,64.66733,57.72622,61.76043,69.90515,,,,,,,,17.52223,17.57897,18.36728,17.3285,18.09067,16.68668,16.40561,16.23224,18.37017,18.38701,16.90066,18.64555,18.45244,18.94835,17.88111,16.9189,15.80573,14.71371,14.5868,17.78575,Europe & Central Asia,High income
France,FRA,GFDD.OI.02,57.13637,54.67699,53.48211,55.26564,57.20181,61.70189,62.51618,65.14561,,,,58.96171,58.9975,63.23683,64.49737,66.37388,68.27644,70.94336,76.45665,77.9569,76.74533,76.15035,77.81932,76.67371,76.99005,78.21719,80.93669,84.08621,85.38626,87.96909,,Europe & Central Asia,High income
France,FRA,SH.STA.BRTC.ZS,,,,99,,,,,,,,99.6,,,98,97.9,98.3,98.1,98,97.9,97.5,96.2,97.1,98.3,98.3,97.7,97.4,98,98.1,,,Europe & Central Asia,High income
France,FRA,SL.IND.EMPL.ZS,,28.3899993896484,28.0900001525879,27.5100002288818,26.8299999237061,26.9400005340576,26.5100002288818,26.5599994659424,26.3299999237061,26.2999992370605,26.2700004577637,26.0300006866455,25.3999996185303,24.1399993896484,24.25,23.7800006866455,23.7999992370605,23.3199996948242,23.25,22.6700000762939,22.25,22.1700000762939,21.7600002288818,21.3099994659424,20.5300006866455,20.3199996948242,20.2299995422363,20.4099998474121,20.2399997711182,20.4300003051758,,Europe & Central Asia,High income
French Polynesia,PYF,DT.TDS.DPPF.XP.ZS,,,,,,,,,,,,,,,,,,,,,,,,,,,,,,,,East Asia & Pacific,High income
French Polynesia,PYF,EG.ELC.ACCS.ZS,100,100,100,100,100,100,100,100,100,100,100,100,100,100,100,100,100,100,100,100,100,100,100,100,100,100,100,100,100,100,100,East Asia & Pacific,High income
French Polynesia,PYF,GFDD.AI.01,,,,,,,,,,,,,,,,,,,,,,,,,,,,,,,,East Asia & Pacific,High income
French Polynesia,PYF,GFDD.DI.04,,,,,,,,,,,,,,,,,,,,,,,,,,,,,,,,East Asia & Pacific,High income
French Polynesia,PYF,GFDD.DI.05,,,,,,,,,,,,,,,,,,,,,,,,,,,,,,,,East Asia & Pacific,High income
French Polynesia,PYF,GFDD.DI.06,,,,,,,,,,,,,,,,,,,,,,,,,,,,,,,,East Asia & Pacific,High income
French Polynesia,PYF,GFDD.DI.11,,,,,,,,,,,,,,,,,,,,,,,,,,,,,,,,East Asia & Pacific,High income
French Polynesia,PYF,GFDD.DM.11,,,,,,,,,,,,,,,,,,,,,,,,,,,,,,,,East Asia & Pacific,High income
French Polynesia,PYF,GFDD.EI.08,,,,,,,,,,,,,,,,,,,,,,,,,,,,,,,,East Asia & Pacific,High income
French Polynesia,PYF,GFDD.OI.02,,,,,,,,,,,,,,,,,,,,,,,,,,,,,,,,East Asia & Pacific,High income
French Polynesia,PYF,SH.STA.BRTC.ZS,,,,,,,,,,,99,,,,,,,,,,,,,,,,,,,,,East Asia & Pacific,High income
French Polynesia,PYF,SL.IND.EMPL.ZS,,15.4899997711182,15.5200004577637,15.5,15.4799995422363,15.4700002670288,15.5299997329712,16,16.4200000762939,16.75,17.0799999237061,17.5300006866455,17.9400005340576,17.9099998474121,17.6700000762939,17.5599994659424,17.3700008392334,17.2999992370605,17.3099994659424,17.1100006103516,16.8199996948242,16.4899997711182,16.3600006103516,16.3400001525879,16.3700008392334,16.3899993896484,16.4300003051758,16.5,16.5599994659424,16.6399993896484,,East Asia & Pacific,High income
Gabon,GAB,DT.TDS.DPPF.XP.ZS,4.75503943316353,10.1230094844622,14.4262712693591,4.18896676986541,8.64249184616786,14.7369754156347,10.3296391170195,12.5684053985893,12.935603581526,18.0217259094308,9.22793558487686,15.8310508401372,14.9873464732762,10.9479368813716,5.63093443690686,3.47481832351412,,12.1298775690683,28.5199636113714,6.15559461971952,4.77783536906894,3.91158517733882,4.15178474910969,11.997792972759,6.06602838352295,8.49922098218233,,,,,,Sub-Saharan Africa,Upper middle income
Gabon,GAB,EG.ELC.ACCS.ZS,,,,,,,,,,,73.5999984741211,77.1408004760742,77.8424377441406,78.5388412475586,79.2323532104492,81.5999984741211,80.6201782226563,81.3195495605469,82.0261535644531,82.7426986694336,89.4617233276367,88.8595657348633,89.3000030517578,86.4000015258789,86.9643096923828,87.3768615722656,88.2038269042969,86.2699966430664,89.8815155029297,90.7262954711914,91.5715637207031,Sub-Saharan Africa,Upper middle income
Gabon,GAB,GFDD.AI.01,,,,,,,,,,,,,,,,,,,141.70926,143.1018,156.82799,171.11222,163.39561,205.12053,,,,,,,,Sub-Saharan Africa,Upper middle income
Gabon,GAB,GFDD.DI.04,89.11732,88.82754,82.64111,81.04155,78.02816,78.25181,74.33095,83.42255,67.77666,68.97491,72.92688,66.15363,69.77079,71.52879,69.02067,73.3372,86.25404,88.67364,99.84499,87.29791,75.37022,80.97614,84.46909,86.67754,87.34655,78.95454,80.49271,71.63184,72.522,70.73192,,Sub-Saharan Africa,Upper middle income
Gabon,GAB,GFDD.DI.05,16.33852,18.81228,16.31186,15.50195,14.01015,14.50226,14.44579,15.05973,17.37561,15.52839,14.61413,15.40334,16.18418,15.67083,16.08173,16.84435,18.41698,17.53975,16.42869,20.3055,19.53442,20.87746,22.287,24.93171,23.47029,24.8971,24.45479,19.36199,23.86972,22.92761,,Sub-Saharan Africa,Upper middle income
Gabon,GAB,GFDD.DI.06,2.483957,2.790446,3.918433,4.080766,4.118426,4.117809,4.243237,2.813837,7.982117,6.993278,4.360429,6.746643,6.253722,5.211138,4.812105,3.489126,1.693581,1.851936,0.0146153,1.582423,3.454742,2.843293,2.793874,2.993786,2.896009,5.356881,5.481649,6.544751,7.291977,7.681842,,Sub-Saharan Africa,Upper middle income
Gabon,GAB,GFDD.DI.11,,,,,,,,,,,,,,1.5936504,1.5434413,1.3149445,1.4160417,1.3628772,1.2620856,1.596173,1.3246194,1.2946329,1.4198957,1.6960284,1.5520768,1.7776103,1.8501413,1.8240275,,,,Sub-Saharan Africa,Upper middle income
Gabon,GAB,GFDD.DM.11,,,,,,,,,,,,,,,,,,,,,,,,,,,,,,,,Sub-Saharan Africa,Upper middle income
Gabon,GAB,GFDD.EI.08,6.96655,7.091375,7.240345,6.694285,7.3899,6.474234,5.350709,5.145503,5.643332,5.243452,2.86338,3.113594,3.329125,2.993165,2.643323,1.955941,1.789508,2.064704,1.311293,1.587681,3.070164,3.476515,3.917669,4.493507,5.478106,5.611797,8.823941,6.272151,6.191171,5.215149,,Sub-Saharan Africa,Upper middle income
Gabon,GAB,GFDD.OI.02,12.51561,14.68232,12.41822,12.2018,10.6989,10.41419,10.43299,11.07684,12.60699,11.80979,11.37304,11.91085,12.60638,12.37156,12.67998,12.79805,14.25451,13.61609,12.93323,15.76874,16.3103,17.39159,18.20478,20.19083,18.91319,20.04554,19.6378,14.85432,19.28909,18.66837,,Sub-Saharan Africa,Upper middle income
Gabon,GAB,SH.STA.BRTC.ZS,,,,,,,,,,,85.5,85.5,,,,,,,,,,,89.3,,,,,,,,,Sub-Saharan Africa,Upper middle income
Gabon,GAB,SL.IND.EMPL.ZS,,9.4399995803833,9.52999973297119,9.57999992370605,9.59000015258789,9.61999988555908,9.64000034332275,9.64000034332275,9.67000007629395,9.77000045776367,9.81999969482422,9.84000015258789,9.89000034332275,9.90999984741211,9.94999980926514,9.97000026702881,10.0500001907349,10.0699996948242,10.1499996185303,10.2299995422363,10.2600002288818,10.3000001907349,10.3599996566772,10.4099998474121,10.4700002670288,10.5200004577637,10.5900001525879,10.6499996185303,10.710000038147,10.7399997711182,,Sub-Saharan Africa,Upper middle income
"Gambia, The",GMB,DT.TDS.DPPF.XP.ZS,21.785778948063,13.216906013891,12.3591757235331,11.1364897376063,13.3864850393948,15.0859244994497,12.0600605342433,11.2896848400612,,,,,,14.4990141693131,20.5353649690349,14.6435131959447,14.3499778047192,12.9801906863864,5.13643667209764,6.71964286416283,8.41266697717588,10.4673874521159,9.38408789591121,10.977563555542,18.2605906792781,18.7420553639647,22.2508978370317,15.7755159426845,12.591583878162,12.6994991689198,17.638857315413,Sub-Saharan Africa,Low income
"Gambia, The",GMB,EG.ELC.ACCS.ZS,,,,17.7,18.2500495910645,19.921443939209,21.5901184082031,23.255392074585,24.9165878295898,26.572940826416,34.2999992370605,29.8700199127197,31.5175647735596,27.7999992370605,34.7993011474609,30.4562683105469,38.0789451599121,39.7242279052734,41.3767395019531,43.039192199707,46.6552772521973,48.2470855712891,49.8279304504395,51.5,52.9337272644043,54.5619888305664,56.3274078369141,56.2000007629395,60.2999992370605,62.0999984741211,62.2730674743652,Sub-Saharan Africa,Low income
"Gambia, The",GMB,GFDD.AI.01,,,,,,,,,,,,,,,,,,,,,,,,,,,,,,,,Sub-Saharan Africa,Low income
"Gambia, The",GMB,GFDD.DI.04,91.07559,92.89047,58.94673,63.52456,60.67513,67.54232,71.26556,76.91203,79.42136,81.86147,85.68476,88.07249,83.60802,67.27187,66.94464,74.20968,92.11153,93.52559,94.64738,97.18181,82.67496,82.82881,82.66233,74.51854,67.72026,,,61.41403,64.57436,68.09075,62.83005,Sub-Saharan Africa,Low income
"Gambia, The",GMB,GFDD.DI.05,20.65765,10.76107,11.62013,12.09792,11.1988,12.19602,11.6456,14.51802,14.6656,15.83717,19.80051,21.95304,27.80646,33.05418,18.80485,20.92553,26.22195,25.99354,28.26478,30.26802,30.74717,35.5232,34.36472,36.14175,37.97905,,,38.28397,39.4721,44.42,52.41172,Sub-Saharan Africa,Low income
"Gambia, The",GMB,GFDD.DI.06,1.567872,0.5501269,4.289847,4.152166,4.403188,3.653574,3.384574,3.19519,2.915725,2.814539,2.456248,2.546916,3.730387,8.643957,4.62777,4.228639,1.290146,1.117559,1.043212,0.6013539,4.750478,5.489135,5.671822,9.280563,13.49898,,,17.09993,14.66492,13.35637,17.85191,Sub-Saharan Africa,Low income
"Gambia, The",GMB,GFDD.DI.11,,,,,,,,,,,,,,,,,,,,,1.0794411,1.1821568,1.1318505,1.0677206,1.1639266,0.9015422,0.87189555,0.80731158,0.73263492,,,Sub-Saharan Africa,Low income
"Gambia, The",GMB,GFDD.DM.11,,,,,,,,,,,,,,,,,,,,,,,,,,,,,,,,Sub-Saharan Africa,Low income
"Gambia, The",GMB,GFDD.EI.08,2.574974,2.187598,2.33128,1.743238,1.207175,2.629935,3.830992,4.471596,4.844363,5.057145,6.441104,7.825194,6.48369,4.579866,5.063897,7.347467,9.164756,9.386777,10.79297,13.44814,15.2997,18.18494,17.17587,17.36286,19.74466,,,21.77339,20.2831,20.70189,21.81423,Sub-Saharan Africa,Low income
"Gambia, The",GMB,GFDD.OI.02,14.32174,7.737472,8.360978,8.835821,8.299763,8.890544,8.576776,10.12005,10.77943,11.74706,14.40418,16.38203,20.88318,24.5414,13.90188,16.07586,19.67357,20.68665,22.97641,25.07933,25.97135,29.80147,28.15338,29.5601,31.14166,,,30.1973,31.30602,35.7788,41.72429,Sub-Saharan Africa,Low income
"Gambia, The",GMB,SH.STA.BRTC.ZS,44.1,,,,,,,,,,51.6,,,,,,52.1,,,,56.1,,,57.2,,,,,82.7,,,Sub-Saharan Africa,Low income
"Gambia, The",GMB,SL.IND.EMPL.ZS,,18.0200004577637,17.9599990844727,17.8999996185303,17.8299999237061,17.7700004577637,17.6900005340576,17.6399993896484,17.5799999237061,17.5100002288818,17.4500007629395,17.3799991607666,17.3500003814697,17.2199993133545,17.0900001525879,17.0200004577637,16.9099998474121,16.7600002288818,16.5599994659424,16.3600006103516,16.1700000762939,16.0900001525879,15.9099998474121,15.7299995422363,15.6300001144409,15.4799995422363,15.3400001525879,15.1899995803833,15.0900001525879,15.0100002288818,,Sub-Saharan Africa,Low income
Georgia,GEO,DT.TDS.DPPF.XP.ZS,,,,,,,,6.00763146761267,23.2555337001981,15.0392643441541,12.2125008643105,7.24011550002088,9.16572330691471,10.3207793069009,11.8382736321055,6.87752217802373,8.83440938354583,4.3759839663012,4.77017805946143,6.84971064562939,6.29376562303332,11.9778268820896,6.32919502572813,9.23271163498605,7.59137228176148,9.71406812347272,5.97398605897148,7.18037024492765,5.17908080068613,5.15892422609576,13.6272216891868,Europe & Central Asia,Upper middle income
Georgia,GEO,EG.ELC.ACCS.ZS,,,,,,,,,,,99.8118133544922,99.8053283691406,99.9000015258789,100,99.9300003051758,97.9350509643555,100,100,100,100,100,100,100,100,100,100,100,100,99.9000015258789,100,100,Europe & Central Asia,Upper middle income
Georgia,GEO,GFDD.AI.01,,,,,,,,,,,,,,,207.14057,353.86781,441.51374,495.2883,554.808,598.70416,683.4663,732.45499,823.49174,806.19293,871.56933,897.68435,977.55636,1063.5962,1182.5175,902.36373,868.7907,Europe & Central Asia,Upper middle income
Georgia,GEO,GFDD.DI.04,,,,,,57.18406,30.31356,27.50694,28.37755,29.94798,33.95824,39.11836,44.22741,47.60235,52.09121,65.82896,75.833,84.80012,89.16477,88.46867,90.8152,92.55289,94.76012,95.66048,96.54788,97.14445,97.5489,98.03918,97.77654,96.99255,96.86845,Europe & Central Asia,Upper middle income
Georgia,GEO,GFDD.DI.05,,,,,,7.738744,6.82303,8.273599,7.444932,7.952803,10.38249,11.0577,11.67139,12.4806,15.48786,16.56422,19.50619,23.69967,17.65216,19.99203,22.54067,22.94646,23.93006,28.60258,30.77206,31.8106,36.27499,36.53757,39.04015,41.252,50.60801,Europe & Central Asia,Upper middle income
Georgia,GEO,GFDD.DI.06,,,,,,4.623174,7.670154,10.41039,12.11544,14.08927,14.56822,12.70355,11.7186,10.89108,9.710095,8.000341,6.47054,5.184177,4.108122,4.250592,3.29507,2.708268,1.955922,1.840611,1.683208,1.486042,1.414737,1.171434,1.449953,2.130487,2.781114,Europe & Central Asia,Upper middle income
Georgia,GEO,GFDD.DI.11,,,,,,,,,,,,,,,,,,,1.3123016,1.8430314,2.0549238,1.9785007,2.3146552,1.8762002,1.579744,1.5334328,1.513271,1.4234444,1.6664371,1.6222477,1.8535684,Europe & Central Asia,Upper middle income
Georgia,GEO,GFDD.DM.11,,,,,,,,,,,,,,,0.2548716,2.77E-17,2.29E-17,0.0744936,0.0007115,0.0008455,0.0007436,0.0012597,0.0137916,0.0248636,0.2744228,0.7441596,1.184101,2.252957,3.055131,2.837875,2.947068,Europe & Central Asia,Upper middle income
Georgia,GEO,GFDD.EI.08,,,,,,0.06057,0.0327823,0.1067674,0.0223049,0.0299956,0.0945875,0.629542,1.032312,1.080139,0.6738473,0.6095174,0.7980449,0.506466,0.4341355,1.660451,2.294835,2.392015,2.208129,3.123134,4.653961,5.004501,5.586808,5.945399,6.284306,5.786084,9.217632,Europe & Central Asia,Upper middle income
Georgia,GEO,GFDD.OI.02,,,,,,2.608253,2.253866,3.007543,3.219731,3.648509,5.166928,5.802689,6.409193,7.312376,9.203269,10.22363,13.48142,16.8477,16.88709,19.64954,22.11576,22.20984,23.33578,27.75847,29.71092,32.82736,37.71312,38.06121,40.15095,42.37172,54.08721,Europe & Central Asia,Upper middle income
Georgia,GEO,SH.STA.BRTC.ZS,96.6,91.3,91.1,90.8,,,,,96,96.4,95.5,96.6,97.4,97.2,97.5,98.3,98.8,99.4,99.6,99.7,99.6,99.8,99.8,99.9,99.9,99.9,99.9,,99.4,,,Europe & Central Asia,Upper middle income
Georgia,GEO,SL.IND.EMPL.ZS,,13.0600004196167,12.5,11.960000038147,11.5,11.1099996566772,10.8400001525879,10.5500001907349,10.1899995803833,9.44999980926514,9.80000019073486,9.27999973297119,8.22000026702881,8.35000038146973,8.84000015258789,9.28999996185303,9.05000019073486,10.3699998855591,10.2600002288818,10.210000038147,10.6000003814697,10.9399995803833,10.8299999237061,10.8199996948242,11.1000003814697,11.0200004577637,11.9099998474121,13.1700000762939,14.3900003433228,14.2600002288818,,Europe & Central Asia,Upper middle income
Germany,DEU,DT.TDS.DPPF.XP.ZS,,,,,,,,,,,,,,,,,,,,,,,,,,,,,,,,Europe & Central Asia,High income
Germany,DEU,EG.ELC.ACCS.ZS,100,100,100,100,100,100,100,100,100,100,100,100,100,100,100,100,100,100,100,100,100,100,100,100,100,100,100,100,100,100,100,Europe & Central Asia,High income
Germany,DEU,GFDD.AI.01,,,,,,,,,,,,,,,,,,,,,,,,,,,,,,,,Europe & Central Asia,High income
Germany,DEU,GFDD.DI.04,99.14592,99.19733,99.10661,99.32133,99.3976,99.47796,99.52735,99.54993,99.57674,,,99.85368,99.85395,99.85306,99.85281,99.85191,99.85143,99.84888,99.84953,99.84769,99.84726,99.84427,99.84682,99.83942,99.83978,97.05894,92.44248,89.20719,88.12473,88.26871,84.57683,Europe & Central Asia,High income
Germany,DEU,GFDD.DI.05,68.45734,59.96447,60.24873,64.97749,63.73443,64.27882,68.08082,68.30053,70.35909,,,64.38013,67.26721,69.72816,69.91889,72.83078,73.82436,77.39293,82.25055,84.62185,84.09027,85.11446,89.35013,90.03059,90.24042,94.53046,96.05406,96.11733,97.5297,99.21805,111.4447,Europe & Central Asia,High income
Germany,DEU,GFDD.DI.06,1.029447,0.8700151,0.9979453,0.8092703,0.7433162,0.6669483,0.6396404,0.6319355,0.6175088,,,0.2043691,0.2019908,0.2007624,0.1962413,0.1940297,0.1861573,0.177632,0.1743577,0.1815409,0.1731789,0.1649119,0.1617668,0.1655433,0.1589449,2.942588,7.724755,11.11693,12.19971,12.11248,17.77955,Europe & Central Asia,High income
Germany,DEU,GFDD.DI.11,,,,,,33.738817,36.886353,42.067052,45.213957,51.888778,52.65048,53.662763,54.069523,57.940965,58.314402,59.957873,58.805491,57.750155,54.605791,57.851889,58.16924,56.677408,59.574474,61.206538,63.189897,63.012643,63.136241,61.362253,59.825854,63.289591,67.872079,Europe & Central Asia,High income
Germany,DEU,GFDD.DM.11,,,,,,,,,,17.59563,21.70889,24.92757,30.87808,32.20214,35.82511,36.76095,46.15277,48.77363,41.64282,52.78919,53.41604,46.22659,57.06393,57.95714,54.92215,58.1848,56.70966,60.91978,54.51298,59.48856,68.48472,Europe & Central Asia,High income
Germany,DEU,GFDD.EI.08,46.53045,40.05297,43.84281,48.50859,51.23435,56.93478,60.44687,62.3991,62.1431,,,27.0563,26.67712,26.48105,26.68507,25.37532,23.03831,20.2346,18.69746,20.24087,24.71506,20.82957,21.63661,20.83732,19.74496,18.99464,17.18567,14.74216,12.87702,11.97559,12.25353,Europe & Central Asia,High income
Germany,DEU,GFDD.OI.02,61.37436,53.65786,53.39634,57.98412,56.70179,57.14745,60.70911,61.06994,63.45535,,,60.11213,61.91441,63.60712,63.186,65.42558,65.89095,68.77578,72.54626,75.23013,74.64646,75.19116,78.25276,79.53912,80.17319,82.58025,83.75291,84.31528,85.68807,87.36482,97.11584,Europe & Central Asia,High income
Germany,DEU,SH.STA.BRTC.ZS,,,,,,,,,,98.7,98.6,98.6,98.6,98.6,98.2,98.2,98.4,98.4,98.5,98.3,98.4,98.4,98.5,98.5,98.6,98.8,97.8,98.8,,,,Europe & Central Asia,High income
Germany,DEU,SL.IND.EMPL.ZS,,37.7200012207031,37.3699989318848,36.7400016784668,36.4199981689453,36,35.2700004577637,34.6699981689453,34.3899993896484,33.8300018310547,33.5299987792969,32.7799987792969,32.3699989318848,31.3799991607666,31.25,29.8400001525879,29.6499996185303,29.8999996185303,29.3400001525879,28.7999992370605,28.3099994659424,28.2399997711182,28.1900005340576,27.7800006866455,28.0499992370605,27.6900005340576,27.3799991607666,27.3999996185303,27.3400001525879,27.1800003051758,,Europe & Central Asia,High income
Ghana,GHA,DT.TDS.DPPF.XP.ZS,36.4502790999157,25.5820065148404,25.8817323291567,23.1952324349056,24.3311802271741,23.2676377311188,25.0742080900417,30.375285858718,20.5388051594747,18.92521142949,16.9559292186715,11.3433574382535,7.25771033199955,7.12912382018488,7.47068551706729,7.93043145697718,5.01881172116839,3.35816850623115,2.85357910520994,2.87995973360789,2.83240663519594,2.19753902779949,2.68348212051776,3.84586444345476,4.8646843526077,5.8499302203888,9.21304113004359,9.73074161470923,11.3982641742152,9.45349382637113,11.6118263856914,Sub-Saharan Africa,Lower middle income
Ghana,GHA,EG.ELC.ACCS.ZS,,,,30.6,30.36940574646,32.4504508972168,34.5287704467773,36.6036949157715,42.6,40.7405395507813,43.7000007629395,44.8375129699707,46.8580703735352,48.2999992370605,50.8858299255371,41.25,55.093448638916,56.9297943115234,60.5,60.990779876709,64.1999969482422,64.0625610351563,56.5099983215332,70.6999969482422,78.3000030517578,74.0788421630859,79.3000030517578,79,80.4000015258789,83.5,85.8735504150391,Sub-Saharan Africa,Lower middle income
Ghana,GHA,GFDD.AI.01,,,,,,,,,,,,,,,,176.62109,206.65536,217.52904,244.01385,267.81107,278.5231,340.57667,447.62767,448.25228,491.92966,583.90783,543.56841,614.09398,725.21319,766.70379,762.37444,Sub-Saharan Africa,Lower middle income
Ghana,GHA,GFDD.DI.04,32.20737,25.47179,30.81306,20.56036,22.5359,21.95227,32.47801,49.74975,22.97515,25.83403,24.47522,80.89967,28.32315,67.78349,60.894,67.83469,70.13602,69.33827,68.1912,79.94498,80.57096,80.46362,77.16936,74.43192,69.11932,76.82106,75.93989,77.80069,78.15968,81.4419,70.70362,Sub-Saharan Africa,Lower middle income
Ghana,GHA,GFDD.DI.05,14.14209,15.56278,20.52588,19.83546,22.51312,21.643,20.59611,23.84196,22.85738,24.09283,28.16617,26.45448,30.6809,30.41668,32.10081,28.83154,21.41047,25.71681,28.40728,30.90863,32.46592,33.30241,33.35636,24.91595,27.05351,29.55554,30.64055,30.01614,29.07536,29.13986,33.36398,Sub-Saharan Africa,Lower middle income
Ghana,GHA,GFDD.DI.06,13.33309,15.01424,17.35424,23.12553,20.01454,20.09094,14.89635,14.69211,63.96812,74.48846,89.66957,6.6651,64.04907,11.47797,15.86151,12.92037,8.212716,10.29436,11.63943,7.420828,6.95496,6.618078,8.307329,8.02017,10.92763,7.709504,8.079956,6.980395,7.146616,6.085746,12.07094,Sub-Saharan Africa,Lower middle income
Ghana,GHA,GFDD.DI.11,,,,,,,,,,,,,,0.41877094,0.48190507,0.42033217,0.43665785,1.3268708,1.4742974,1.4760354,1.5403527,1.4016139,1.2527793,1.3987222,1.4657505,1.6987566,2.0841048,2.2518633,,,,Sub-Saharan Africa,Lower middle income
Ghana,GHA,GFDD.DM.11,,,,,,,,,,,,,,,,,0.2282223,1.289937,1.136944,1.38319,1.215443,2.02048,0.5877193,0.0906883,0.0603628,0.0052298,0.0222339,0.0009837,0.0516172,0.0444772,0.0397049,Sub-Saharan Africa,Lower middle income
Ghana,GHA,GFDD.EI.08,0.5556499,0.5838154,1.084724,0.5116301,0.2534934,0.2566158,0.5202886,2.772424,4.308128,5.885902,6.624215,6.632545,6.117596,5.226851,5.449413,5.014025,5.646553,6.463975,6.228079,7.866827,8.583083,7.58851,7.873374,8.319769,8.003354,7.721549,8.073333,8.351744,12.02939,12.97807,15.87875,Sub-Saharan Africa,Lower middle income
Ghana,GHA,GFDD.OI.02,9.158727,11.28963,13.89463,13.99817,15.35296,14.49335,14.12641,16.82226,16.04542,15.66765,16.39338,18.21994,20.97625,20.49841,21.96956,20.40564,15.84206,19.84027,22.64411,24.91915,25.81193,26.83125,26.61497,20.2104,22.19787,24.32533,25.26495,24.89446,24.33982,24.33401,27.2572,Sub-Saharan Africa,Lower middle income
Ghana,GHA,SH.STA.BRTC.ZS,,,,43.8,43.8,,,,44.3,44.3,,,,47.1,,,49.7,55.2,54.7,,,67.2,,,70.8,,,78.1,,,,Sub-Saharan Africa,Lower middle income
Ghana,GHA,SL.IND.EMPL.ZS,,14.0100002288818,14,14.0600004196167,14.0299997329712,14.0100002288818,13.9700002670288,13.9799995422363,13.9700002670288,13.9899997711182,14,14.0100002288818,14.039999961853,14.0699996948242,14.1099996566772,14.1800003051758,14.2299995422363,14.0699996948242,13.9499998092651,13.8699998855591,13.9099998474121,13.9799995422363,14,14.0699996948242,16.2000007629395,18.6900005340576,19.1299991607666,19.6200008392334,20.4699993133545,21.0499992370605,,Sub-Saharan Africa,Lower middle income
Gibraltar,GIB,DT.TDS.DPPF.XP.ZS,,,,,,,,,,,,,,,,,,,,,,,,,,,,,,,,Europe & Central Asia,High income
Gibraltar,GIB,EG.ELC.ACCS.ZS,100,100,100,100,100,100,100,100,100,100,100,100,100,100,100,100,100,100,100,100,100,100,100,100,100,100,100,100,100,100,100,Europe & Central Asia,High income
Gibraltar,GIB,GFDD.AI.01,,,,,,,,,,,,,,,,,,,,,,,,,,,,,,,,Europe & Central Asia,High income
Gibraltar,GIB,GFDD.DI.04,,,,,,,,,,,,,,,,,,,,,,,,,,,,,,,,Europe & Central Asia,High income
Gibraltar,GIB,GFDD.DI.05,,,,,,,,,,,,,,,,,,,,,,,,,,,,,,,,Europe & Central Asia,High income
Gibraltar,GIB,GFDD.DI.06,,,,,,,,,,,,,,,,,,,,,,,,,,,,,,,,Europe & Central Asia,High income
Gibraltar,GIB,GFDD.DI.11,,,,,,,,,,,,,,,,,,,,,,,,,,,,,,,,Europe & Central Asia,High income
Gibraltar,GIB,GFDD.DM.11,,,,,,,,,,,,,,,,,,,,,,,,,,,,,,,,Europe & Central Asia,High income
Gibraltar,GIB,GFDD.EI.08,,,,,,,,,,,,,,,,,,,,,,,,,,,,,,,,Europe & Central Asia,High income
Gibraltar,GIB,GFDD.OI.02,,,,,,,,,,,,,,,,,,,,,,,,,,,,,,,,Europe & Central Asia,High income
Gibraltar,GIB,SH.STA.BRTC.ZS,,,,,,,,,,,,,,,,,,,,,,,,,,,,,,,,Europe & Central Asia,High income
Gibraltar,GIB,SL.IND.EMPL.ZS,,,,,,,,,,,,,,,,,,,,,,,,,,,,,,,,Europe & Central Asia,High income
Greece,GRC,DT.TDS.DPPF.XP.ZS,,,,,,,,,,,,,,,,,,,,,,,,,,,,,,,,Europe & Central Asia,High income
Greece,GRC,EG.ELC.ACCS.ZS,100,100,100,100,100,100,100,100,100,100,100,100,100,100,100,100,100,100,100,100,100,100,100,100,100,100,100,100,100,100,100,Europe & Central Asia,High income
Greece,GRC,GFDD.AI.01,,,,,,,,,,,,,,,,,,,,,,,,,,,,,,,,Europe & Central Asia,High income
Greece,GRC,GFDD.DI.04,76.07033,75.25513,74.60379,66.18874,69.8619,73.47298,76.8087,79.54675,81.26085,,,87.51927,88.48204,89.98524,91.28918,93.01857,93.89479,94.90884,95.49775,95.30002,95.29167,95.10698,94.91497,94.88621,94.78778,95.07643,94.16267,94.10172,93.84731,93.56525,85.90166,Europe & Central Asia,High income
Greece,GRC,GFDD.DI.05,62.2084,55.02093,52.15744,50.4803,54.48127,55.71393,56.85025,55.92664,51.99325,,,94.42817,86.26094,83.34144,83.95538,87.9433,88.64648,95.19284,103.0088,109.9464,103.9032,97.98384,99.93682,107.4203,108.6777,89.82552,90.21686,94.09112,96.70914,98.61665,122.7496,Europe & Central Asia,High income
Greece,GRC,GFDD.DI.06,20.60881,19.4572,20.58343,31.95028,26.0069,22.30581,18.44921,15.43697,13.54762,,,11.42489,10.53095,8.646488,7.629726,7.012578,6.164453,5.367971,4.916732,5.202203,6.942585,7.624392,7.144032,7.033978,7.158816,6.524956,7.394523,6.981792,6.664699,6.294679,16.19527,Europe & Central Asia,High income
Greece,GRC,GFDD.DI.11,,,,,,2.9732355,3.2279779,3.1740307,3.4703108,4.9510895,5.0592124,4.78863,4.2725849,4.2927833,4.6908919,5.5195605,5.6668096,5.9812735,5.5873706,6.0385413,6.5416011,6.8397137,7.7971919,8.5155812,8.6582312,8.827919,8.8827036,9.0860901,9.1373985,9.9687637,11.819224,Europe & Central Asia,High income
Greece,GRC,GFDD.DM.11,,,,,,,,,,,,5.00102,9.674564,14.86054,19.28313,24.87229,27.46884,33.62996,29.99805,34.83962,27.9652,24.9013,58.05462,59.33749,56.64023,58.08372,61.7982,56.61262,51.99517,66.66828,100.1659,Europe & Central Asia,High income
Greece,GRC,GFDD.EI.08,,,,,,,,,,,,30.13985,27.67453,20.6579,17.79153,21.56118,18.66369,15.66517,15.13903,17.61515,28.13085,29.08933,14.99039,12.12723,13.2947,13.44795,10.91899,10.69963,10.13825,10.74595,16.5884,Europe & Central Asia,High income
Greece,GRC,GFDD.OI.02,53.42592,47.34201,44.9098,43.64343,47.88116,49.06566,50.35426,49.64184,46.08015,,,88.33463,80.62902,77.74349,77.59245,81.39197,81.97713,88.45957,95.32047,101.0276,93.98904,86.71474,87.30233,93.43633,93.02962,72.33491,71.83857,73.64771,77.45687,80.6794,100.7277,Europe & Central Asia,High income
Greece,GRC,SH.STA.BRTC.ZS,99.82,99.78,99.78,99.81,99.87,99.88,99.86,99.89,99.9,99.93,99.94,99.95,99.96,99.98,99.97,99.97,99.99,99.98,99.97,99.95,99.96,99.96,99.91,99.91,99.93,99.94,99.94,99.93,99.9,,,Europe & Central Asia,High income
Greece,GRC,SL.IND.EMPL.ZS,,25.1599998474121,24.7900009155273,24.2000007629395,23.6200008392334,23.2000007629395,22.8700008392334,22.4599990844727,23.2399997711182,22.9599990844727,22.6000003814697,23.0599994659424,22.7999992370605,22.5400009155273,22.4599990844727,22.3899993896484,22.0200004577637,22.4400005340576,22.2199993133545,21.1299991607666,19.5900001525879,17.6900005340576,16.5400009155273,15.5600004196167,14.9799995422363,14.9399995803833,15.25,15.4099998474121,15.25,15.3400001525879,,Europe & Central Asia,High income
Greenland,GRL,DT.TDS.DPPF.XP.ZS,,,,,,,,,,,,,,,,,,,,,,,,,,,,,,,,Europe & Central Asia,High income
Greenland,GRL,EG.ELC.ACCS.ZS,100,100,100,100,100,100,100,100,100,100,100,100,100,100,100,100,100,100,100,100,100,100,100,100,100,100,100,100,100,100,100,Europe & Central Asia,High income
Greenland,GRL,GFDD.AI.01,,,,,,,,,,,,,,,,,,,,,,,,,,,,,,,,Europe & Central Asia,High income
Greenland,GRL,GFDD.DI.04,,,,,,,,,,,,,,,,,,,,,,,,,,,,,,,,Europe & Central Asia,High income
Greenland,GRL,GFDD.DI.05,,,,,,,,,,,,,,,,,,,,,,,,,,,,,,,,Europe & Central Asia,High income
Greenland,GRL,GFDD.DI.06,,,,,,,,,,,,,,,,,,,,,,,,,,,,,,,,Europe & Central Asia,High income
Greenland,GRL,GFDD.DI.11,,,,,,,,,,,,,,,,,,,,,,,,,,,,,,,,Europe & Central Asia,High income
Greenland,GRL,GFDD.DM.11,,,,,,,,,,,,,,,,,,,,,,,,,,,,,,,,Europe & Central Asia,High income
Greenland,GRL,GFDD.EI.08,,,,,,,,,,,,,,,,,,,,,,,,,,,,,,,,Europe & Central Asia,High income
Greenland,GRL,GFDD.OI.02,,,,,,,,,,,,,,,,,,,,,,,,,,,,,,,,Europe & Central Asia,High income
Greenland,GRL,SH.STA.BRTC.ZS,,,,,,,,,,,,,,,,,,,,,,,,,,,,,,,,Europe & Central Asia,High income
Greenland,GRL,SL.IND.EMPL.ZS,,,,,,,,,,,,,,,,,,,,,,,,,,,,,,,,Europe & Central Asia,High income
Grenada,GRD,DT.TDS.DPPF.XP.ZS,3.94916349372385,3.6082251198466,5.9414731863468,6.80138575919319,6.24336317359313,5.80529523357222,5.53752963586958,4.81691939201731,5.71238022677714,4.33553954925541,5.63711402656703,7.96854808534699,15.4852111874922,16.5379748214524,13.5427086336306,5.81471101556371,8.12770264412927,8.06122675534688,9.29823380842055,11.4690708500305,13.4610323731038,12.3435182372329,6.83616835517068,10.4076840275624,4.22041474775876,5.12035402798189,9.65578809790756,10.0378253453358,8.68072677811571,8.45295360966927,10.3591053176754,Latin America & Caribbean,Upper middle income
Grenada,GRD,EG.ELC.ACCS.ZS,,,,,,,,,85.04,85.5294647216797,86.0422286987305,86.3716583251953,86.6935119628906,87.010124206543,87.323844909668,87.6370391845703,87.9521026611328,88.2716827392578,90,88.9352569580078,89.2846603393555,88.8000030517578,90.0322494506836,90.4349060058594,90.8553771972656,91.2906875610352,91.7378692626953,92.1939544677734,92.3000030517578,93.120964050293,93.5864486694336,Latin America & Caribbean,Upper middle income
Grenada,GRD,GFDD.AI.01,,,,,,,,,,,,,,,,,,,,,,,,,,,,,,,,Latin America & Caribbean,Upper middle income
Grenada,GRD,GFDD.DI.04,89.87128,90.07945,91.11227,94.21859,95.01107,95.74496,96.4343,97.33458,97.6852,98.11017,98.648,98.9624,99.49061,98.66257,99.82258,99.83398,99.8531,99.59586,99.53869,99.78013,99.79664,98.46214,98.4039,98.93544,98.58352,99.50017,,,,,,Latin America & Caribbean,Upper middle income
Grenada,GRD,GFDD.DI.05,48.27848,47.0419,48.63898,60.01019,64.30756,67.51416,69.22208,71.27226,70.38326,74.11226,78.17453,86.73017,92.34041,89.56809,106.2251,85.80358,87.34953,90.23644,87.10652,96.39755,99.47254,98.85296,91.42506,90.06226,88.37897,86.72172,85.09318,82.64388,87.10397,83.79324,95.73363,Latin America & Caribbean,Upper middle income
Grenada,GRD,GFDD.DI.06,4.858519,4.643578,4.181945,3.387357,2.777661,2.356351,2.117266,1.766759,1.556959,1.271276,0.9858165,0.7891123,0.3817116,0.941484,0.1256586,0.108276,0.1077708,0.3130541,0.3702291,0.1992999,0.1921193,1.486548,1.476606,0.8722719,1.017937,0.3091103,,,,,,Latin America & Caribbean,Upper middle income
Grenada,GRD,GFDD.DI.11,,,,,,,,,,,,,,,,,,,,,,,,,,,,,,,,Latin America & Caribbean,Upper middle income
Grenada,GRD,GFDD.DM.11,,,,,,,,,,,,,,,,,,,,,,,,6.536028,7.31147,11.02896,14.6724,15.18178,16.87051,16.61897,16.56678,Latin America & Caribbean,Upper middle income
Grenada,GRD,GFDD.EI.08,7.051718,6.757004,5.253792,5.753665,5.66711,5.689246,7.268279,8.993927,8.834661,6.995945,9.371492,12.18275,13.12151,10.98863,9.079018,7.1453,8.376615,8.356806,9.80916,11.06788,10.29917,10.3009,8.232285,6.803483,5.64428,4.211678,3.902694,3.637718,3.914048,3.470257,4.049493,Latin America & Caribbean,Upper middle income
Grenada,GRD,GFDD.OI.02,43.21087,42.07482,43.06469,54.44398,58.25859,61.66123,63.85232,65.76025,65.06098,69.13689,73.10059,81.73022,87.15884,84.25838,99.89596,80.1968,81.80981,84.97503,82.46993,91.27547,94.70174,93.67752,86.19846,84.97693,83.33706,81.83498,80.36039,77.66853,82.54256,79.47792,89.94455,Latin America & Caribbean,Upper middle income
Grenada,GRD,SH.STA.BRTC.ZS,,,,,,100,,,99,99,100,,100,100,,100,,98.8,,100,,100,99,99,99,99,99.3,100,,,,Latin America & Caribbean,Upper middle income
Grenada,GRD,SL.IND.EMPL.ZS,,,,,,,,,,,,,,,,,,,,,,,,,,,,,,,,Latin America & Caribbean,Upper middle income
Guam,GUM,DT.TDS.DPPF.XP.ZS,,,,,,,,,,,,,,,,,,,,,,,,,,,,,,,,East Asia & Pacific,High income
Guam,GUM,EG.ELC.ACCS.ZS,99.8443069458008,99.8758163452148,99.906867980957,99.937255859375,99.9650802612305,100,100,100,100,100,100,100,100,100,100,100,100,100,100,100,100,100,100,100,100,100,100,100,100,100,100,East Asia & Pacific,High income
Guam,GUM,GFDD.AI.01,,,,,,,,,,,,,,,,,,,,,,,,,,,,,,,,East Asia & Pacific,High income
Guam,GUM,GFDD.DI.04,,,,,,,,,,,,,,,,,,,,,,,,,,,,,,,,East Asia & Pacific,High income
Guam,GUM,GFDD.DI.05,,,,,,,,,,,,,,,,,,,,,,,,,,,,,,,,East Asia & Pacific,High income
Guam,GUM,GFDD.DI.06,,,,,,,,,,,,,,,,,,,,,,,,,,,,,,,,East Asia & Pacific,High income
Guam,GUM,GFDD.DI.11,,,,,,,,,,,,,,,,,,,,,,,,,,,,,,,,East Asia & Pacific,High income
Guam,GUM,GFDD.DM.11,,,,,,,,,,,,,,,,,,,,,,,,,,,,,,,,East Asia & Pacific,High income
Guam,GUM,GFDD.EI.08,,,,,,,,,,,,,,,,,,,,,,,,,,,,,,,,East Asia & Pacific,High income
Guam,GUM,GFDD.OI.02,,,,,,,,,,,,,,,,,,,,,,,,,,,,,,,,East Asia & Pacific,High income
Guam,GUM,SH.STA.BRTC.ZS,,,,,,,,,,,,99.4,,,,,,,,,,,,,,,,,,,,East Asia & Pacific,High income
Guam,GUM,SL.IND.EMPL.ZS,,12.1800003051758,12.1999998092651,12.2299995422363,12.289999961853,12.3299999237061,12.3800001144409,12.4399995803833,12.5200004577637,12.5600004196167,12.6300001144409,12.8599996566772,13.0500001907349,13.2200002670288,13.4499998092651,13.6499996185303,13.8400001525879,14.1099996566772,14.3900003433228,14.6099996566772,14.8299999237061,14.9200000762939,15.0100002288818,15.0900001525879,15.1700000762939,15.210000038147,15.2600002288818,15.3100004196167,15.4099998474121,15.539999961853,,East Asia & Pacific,High income
Guatemala,GTM,DT.TDS.DPPF.XP.ZS,13.595801536137,17.0272904204941,25.6017539912548,13.8575270542524,11.9515808411215,10.8025637944251,11.3541864737195,9.28404684292761,8.23101888379632,8.62434715856368,7.54102470250509,8.24951852833389,8.8802394280757,9.56732043680023,7.62283031562237,5.71760444912857,5.89714235278013,6.58876166184846,5.40473872685307,5.97724661458156,5.50352257386408,7.41897613278833,4.62649023785192,7.07028145935294,4.53337328929437,4.95693036998039,5.39069499666429,5.94272049047069,4.27668168638495,5.51333745170037,6.78490966564167,Latin America & Caribbean,Upper middle income
Guatemala,GTM,EG.ELC.ACCS.ZS,,,,,,60.8,67.6799392700195,68.9040756225586,70.1241302490234,70.9,73.3182067871094,73.7327270507813,78.667839050293,78.51220703125,77.2282409667969,78.3892059326172,83.7309951782227,80.7194061279297,81.8939971923828,83.0785293579102,84.2757110595703,84.0264129638672,86.7188568115234,87.9692916870117,85.4943695068359,90.520622253418,91.8155822753906,93.3000030517578,94.4292373657227,95.7420043945313,97.0552673339844,Latin America & Caribbean,Upper middle income
Guatemala,GTM,GFDD.AI.01,,,,,,,,,,,,,,,,,,,,,,,,,,,,,,,,Latin America & Caribbean,Upper middle income
Guatemala,GTM,GFDD.DI.04,53.23361,53.58031,56.3123,57.31966,61.33821,65.27805,63.99807,67.86994,71.61969,72.69678,70.59847,68.88234,72.06373,77.39962,77.67369,79.64548,82.71008,83.95599,84.91122,85.23885,85.97153,87.0146,87.86016,88.34101,88.60605,88.96062,89.1629,89.12837,89.52213,89.89394,87.76895,Latin America & Caribbean,Upper middle income
Guatemala,GTM,GFDD.DI.05,21.24607,22.89422,24.19635,21.61006,19.30395,19.55982,18.44414,20.4652,21.26727,21.19413,23.25457,23.14202,23.58744,34.50477,35.57598,37.31131,37.79436,36.79,36.08619,38.66477,39.17897,37.95157,39.34474,40.43417,40.51632,41.1728,41.73071,42.00894,43.35259,43.01485,49.50069,Latin America & Caribbean,Upper middle income
Guatemala,GTM,GFDD.DI.06,13.09208,14.20353,13.7702,12.46497,11.92781,11.08463,11.71928,10.10843,8.93886,8.446711,9.220396,11.60036,9.450361,8.824978,9.055954,8.867549,8.313647,7.609442,6.738583,6.488258,5.991619,5.46977,5.40306,5.359986,5.327021,5.365171,5.372591,5.37914,5.391243,5.11267,6.872183,Latin America & Caribbean,Upper middle income
Guatemala,GTM,GFDD.DI.11,,,,,,,,,,,,1.4013109,1.4198949,1.4510552,1.4439703,1.5257937,1.4973118,1.3952676,1.3324782,1.4122112,1.4234084,1.8253965,1.7171884,1.7672631,1.7635511,1.8246218,1.8190225,1.894227,1.9323763,1.8636179,1.9556575,Latin America & Caribbean,Upper middle income
Guatemala,GTM,GFDD.DM.11,,,,,,,,,,,,,,,,0.6117224,0.7513386,0.610614,0.7484992,0.8549231,0.9337069,0.6777455,0.6248749,0.6098522,0.6361043,0.5628271,0.5787742,0.5299094,0.4644242,0.467281,0.447774,Latin America & Caribbean,Upper middle income
Guatemala,GTM,GFDD.EI.08,0.7247151,4.446082,3.275699,2.849016,3.908038,1.567816,1.873091,2.81951,2.035356,1.811187,2.374134,3.581229,3.464109,4.20617,5.500812,9.57462,11.574,11.77004,10.69696,12.2099,12.98593,13.24259,7.467452,8.043701,8.48091,8.58052,9.059452,9.533439,11.56075,11.92151,14.04348,Latin America & Caribbean,Upper middle income
Guatemala,GTM,GFDD.OI.02,15.7179,18.47732,19.17166,16.77873,14.31554,14.82996,14.05551,15.71491,16.68108,15.42336,18.22509,23.46895,23.98241,34.82519,35.80744,37.48986,38.05795,37.10326,36.44322,39.18597,39.80902,38.5327,39.85648,41.07889,41.19663,41.9382,42.17865,42.79897,44.88989,44.94372,51.92645,Latin America & Caribbean,Upper middle income
Guatemala,GTM,SH.STA.BRTC.ZS,,,,,,34.8,,,,40.6,,,41.4,,,,,31.4,,51.5,52.3,,58.7,62.8,67,65.5,69.8,,,,,Latin America & Caribbean,Upper middle income
Guatemala,GTM,SL.IND.EMPL.ZS,,23.25,23.2399997711182,23.2000007629395,23.1800003051758,23.1900005340576,23.0599994659424,23.1200008392334,23.2199993133545,22.8700008392334,22.4899997711182,22.9200000762939,23.3099994659424,23.6399993896484,20.1700000762939,21.3999996185303,22.8099994659424,22.9099998474121,22.7099990844727,22.1800003051758,22.0100002288818,20.7399997711182,19.5,18.1599998474121,19.4599990844727,18.8999996185303,21.0100002288818,19,18.7099990844727,18.7299995422363,,Latin America & Caribbean,Upper middle income
Guinea,GIN,DT.TDS.DPPF.XP.ZS,19.7383707489867,15.6473586687124,12.120662976971,11.0311625480433,14.8151970520702,24.1274386797943,14.6351798762987,19.9209082662327,18.5269713684573,16.4369300060189,20.7351420875494,12.6381564490514,12.9391001270674,14.7453038571041,21.255287599459,18.071391570675,14.8803317236289,12.1238523627445,8.68789966042509,10.4721297142807,5.15078607729812,11.6392507460928,5.99847198787644,1.90971450766555,2.38255404660947,4.001124137497,2.26522819674977,1.69657599117301,2.67626200757548,2.62861613418259,1.49280635028582,Sub-Saharan Africa,Low income
Guinea,GIN,EG.ELC.ACCS.ZS,,,,,,,,,,16.4,15.1462574005127,16.4323844909668,17.7109260559082,18.9842319488525,20.2546520233154,20.2000007629395,22.7962913513184,24.0725688934326,25.3560771942139,26.6495265960693,27.955623626709,29.2770805358887,26.2000007629395,31.9759578704834,33.3531188964844,34.7451210021973,33.5,35.4000015258789,45,42.2000007629395,44.6686782836914,Sub-Saharan Africa,Low income
Guinea,GIN,GFDD.AI.01,,,,,,,,,,,,,,,18.763868,19.891735,28.758312,33.565084,36.290978,43.150716,50.039,55.871144,64.564731,67.287367,75.285614,71.855634,69.947651,82.940476,86.201581,94.468801,95.165138,Sub-Saharan Africa,Low income
Guinea,GIN,GFDD.DI.04,,34.97677,38.40784,43.4258,40.77077,38.58984,34.40188,29.9378,22.28175,,20.85101,14.90757,29.17881,31.85022,33.11887,26.9431,24.63411,28.80674,32.10413,16.17183,26.03639,35.08916,43.27631,49.73734,56.11242,55.96154,56.7833,56.30307,56.65246,59.46056,61.01243,Sub-Saharan Africa,Low income
Guinea,GIN,GFDD.DI.05,,9.174429,8.676755,10.07448,9.223887,9.259317,9.040397,10.01587,9.973487,,11.68128,12.49814,14.16214,16.06999,18.3897,18.69013,17.89689,12.93418,14.73199,17.36858,26.44139,27.15819,20.85625,22.87167,24.1405,27.01541,25.37311,23.99133,25.30811,26.91808,27.78418,Sub-Saharan Africa,Low income
Guinea,GIN,GFDD.DI.06,,6.496956,5.768088,5.947762,6.930734,9.194871,11.15274,13.04867,15.77372,,16.07608,26.59676,14.96022,17.05993,16.41355,24.75311,21.26426,10.37016,11.30423,20.9159,25.82787,22.31704,12.28066,10.95879,10.26227,12.14346,10.80263,9.569602,11.09363,10.58386,10.54933,Sub-Saharan Africa,Low income
Guinea,GIN,GFDD.DI.11,,,,,,,,,,,,,,,,,,,,,,,,,,,,,,,,Sub-Saharan Africa,Low income
Guinea,GIN,GFDD.DM.11,,,,,,,,,,,,,,,,,,,,,,0.0016212,0.0431834,,,0.0123946,0.0117778,0.0097942,0.0091129,,,Sub-Saharan Africa,Low income
Guinea,GIN,GFDD.EI.08,0.0080018,0.00117,0.0019165,0.2917914,0.2875746,0.5923364,0.7294037,0.8234944,0.7164198,0.5910115,0.2582738,0.633788,1.812881,3.067622,3.433788,3.062978,3.18565,1.396255,2.578918,1.407797,5.165637,5.268363,3.689923,3.653746,3.389198,4.933619,4.407073,3.931037,4.217632,4.870983,6.603525,Sub-Saharan Africa,Low income
Guinea,GIN,GFDD.OI.02,3.267878,3.47882,3.891307,4.518048,4.437279,4.615254,4.898947,5.160236,5.074245,4.986643,5.529587,6.447278,7.631017,8.663124,10.73019,11.18071,12.43969,7.475068,9.486848,9.761229,16.17352,17.65522,13.15415,14.85836,16.14458,18.23103,16.99413,15.92402,17.38563,18.63651,18.88813,Sub-Saharan Africa,Low income
Guinea,GIN,SH.STA.BRTC.ZS,,,30.5,,,,,,,34.8,,,,48.7,,38,,46.1,,,,,45.3,,,,62.7,,55.3,,,Sub-Saharan Africa,Low income
Guinea,GIN,SL.IND.EMPL.ZS,,5.67999982833862,5.65999984741211,5.65999984741211,5.6399998664856,5.63000011444092,5.61999988555908,5.6100001335144,5.59000015258789,5.59000015258789,5.53999996185303,5.51999998092651,5.5,5.55000019073486,5.51000022888184,5.48999977111816,5.46999979019165,5.46000003814697,5.46000003814697,5.44000005722046,5.42000007629395,5.42999982833862,5.44999980926514,5.48999977111816,5.53000020980835,5.59000015258789,5.6399998664856,5.69000005722046,5.73999977111816,5.78999996185303,,Sub-Saharan Africa,Low income
Guinea-Bissau,GNB,DT.TDS.DPPF.XP.ZS,22.0985429118774,64.6898417910448,34.6948485856905,13.9498716951788,19.1445030911901,51.0847438323758,37.2899040952048,14.4599368624692,,,,6.42255296769809,5.4338955893307,10.5391339620694,11.5888271567777,6.58480045894697,12.4965704060397,7.35137131879014,8.64745952471631,12.9395952203701,9.77459278729936,1.99414165332427,3.9826813972491,1.18919968935653,1.42614868008756,1.31300376629306,2.78135278636098,2.5688600304696,2.52858026955817,3.31914847703811,,Sub-Saharan Africa,Low income
Guinea-Bissau,GNB,EG.ELC.ACCS.ZS,,,,,,,,,,,,,1.25370573997498,2.59146237373352,3.92633271217346,5.26066637039185,14.5361995697021,7.93760061264038,9.28555965423584,4.69999980926514,6,13.3999118804932,14.8038854598999,16.227689743042,17.2000007629395,20.0531539916992,22.9687919616699,26,28.4950561523438,30.9615573883057,33.3354682922363,Sub-Saharan Africa,Low income
Guinea-Bissau,GNB,GFDD.AI.01,,,,,,,,,,,,,,,9.5127585,13.793993,25.844704,34.884877,44.437513,61.334224,48.035903,63.086873,76.035103,63.861599,79.02805,97.747464,94.89457,118.42912,142.11096,147.11748,155.81461,Sub-Saharan Africa,Low income
Guinea-Bissau,GNB,GFDD.DI.04,49.41672,53.12472,45.39328,51.55471,55.61526,52.27678,41.20792,41.78466,44.24017,43.02967,37.28182,18.008,18.07825,14.88212,17.03259,30.30073,45.85711,65.3279,69.70815,62.37715,67.89063,72.96012,77.30167,82.37228,79.76927,83.05962,75.45535,73.45277,74.6953,77.98578,79.27096,Sub-Saharan Africa,Low income
Guinea-Bissau,GNB,GFDD.DI.05,68.86858,12.74749,16.11738,14.87558,17.36739,16.43591,15.68671,9.266267,9.62149,11.43053,23.58045,23.27282,26.66907,9.49592,14.1827,15.52849,16.63066,19.10619,20.98635,22.76168,25.47672,33.88633,30.37623,34.10574,43.57867,45.4645,45.37202,40.32544,43.66451,43.38777,48.4484,Sub-Saharan Africa,Low income
Guinea-Bissau,GNB,GFDD.DI.06,24.46319,13.69454,11.83568,8.701079,8.867177,6.695392,6.99863,2.623422,3.571564,3.667157,7.336735,6.713579,6.242515,5.570894,5.204301,4.345781,3.773559,2.894789,2.740947,4.684852,3.611322,4.256799,4.252656,3.311272,3.700953,3.517498,5.613359,5.394817,5.765565,5.650719,5.534404,Sub-Saharan Africa,Low income
Guinea-Bissau,GNB,GFDD.DI.11,,,,,,,,,,,,,,,,,,,,,,,,,,,,,,,,Sub-Saharan Africa,Low income
Guinea-Bissau,GNB,GFDD.DM.11,,,,,,,,,,,,,,,,0.9838668,1.107016,2.08357,0.9454337,0.0034949,0.0236097,0.7610064,0.8556172,1.881355,1.401633,2.825279,3.83439,5.464148,8.470516,10.25403,,Sub-Saharan Africa,Low income
Guinea-Bissau,GNB,GFDD.EI.08,0.2980202,0.2114805,0.2857217,0.2976142,0.287481,0.1473134,0.0204505,0.005252,0.0061374,0.0059992,,0.0728006,0.0772065,0.6155,1.068077,2.298362,1.782126,1.872455,1.347644,3.081406,2.196867,3.567776,4.50555,3.719767,5.206602,10.27575,10.6583,3.595442,3.202223,5.767794,5.496464,Sub-Saharan Africa,Low income
Guinea-Bissau,GNB,GFDD.OI.02,9.627353,6.840893,9.466378,9.282686,10.83075,10.30256,9.867924,4.310221,4.540154,4.437912,7.563656,5.643707,4.911877,2.766945,3.535505,3.464887,4.622075,7.02407,8.393231,9.233948,11.61681,17.84162,14.78488,17.46856,16.46793,16.86433,14.96157,13.6939,15.54127,15.47574,18.5034,Sub-Saharan Africa,Low income
Guinea-Bissau,GNB,SH.STA.BRTC.ZS,,,,,,25,,,,,31.8,,,,,,31,,,,43,,,,45,,,,,,,Sub-Saharan Africa,Low income
Guinea-Bissau,GNB,SL.IND.EMPL.ZS,,10.9499998092651,10.9099998474121,10.8800001144409,10.8800001144409,10.8100004196167,10.6899995803833,10.6700000762939,10.539999961853,10.3299999237061,10.0600004196167,9.82999992370605,9.64999961853027,9.51000022888184,9.36999988555908,9.25,9.15999984741211,9.05000019073486,9.02999973297119,8.96000003814697,8.90999984741211,8.85999965667725,8.84000015258789,8.81999969482422,8.77999973297119,8.72000026702881,8.71000003814697,8.67000007629395,8.64000034332275,8.60999965667725,,Sub-Saharan Africa,Low income
Guyana,GUY,DT.TDS.DPPF.XP.ZS,,,18.6609387360607,17.1884836575694,16.3235027030674,16.900878546203,14.264157679558,17.1852924387646,18.9754211791643,11.3150908449669,9.71463958181021,6.48471158052434,9.35627696210087,8.51169356235997,6.28099376808517,4.83847853699353,4.15768902020571,3.06361898973607,2.54570073488367,1.95748881948558,2.42142228555674,2.74505675382329,8.16686830630275,2.93113845297019,3.62114973431688,4.00715384734392,3.11485582276392,3.39932843124508,4.77545497644251,4.19308206006241,2.67538839124065,Latin America & Caribbean,Upper middle income
Guyana,GUY,EG.ELC.ACCS.ZS,,,,72.376631,70.713981628418,71.3519821166992,71.9872665405273,72.6191558837891,73.246955871582,73.8699188232422,74.5172805786133,75.1007385253906,75.6766128540039,76.2472534179688,76.8150100708008,77.5,73.3825912475586,78.5249252319336,79.1057662963867,77.5999984741211,83.0916290283203,84.0845413208008,85.0664825439453,86.0264892578125,86.9000015258789,88.0038375854492,89.1703567504883,90.2958145141602,91.1983795166016,91.9157562255859,92.5405426025391,Latin America & Caribbean,Upper middle income
Guyana,GUY,GFDD.AI.01,,,,,,,,,,,,,,,,,,,,,,,,,,,,,,,,Latin America & Caribbean,Upper middle income
Guyana,GUY,GFDD.DI.04,,18.4007,,23.68169,22.06952,24.66755,38.13044,47.22735,52.50801,51.36875,54.34913,64.7621,66.43309,66.35503,68.42703,70.56003,71.65756,74.18658,76.76729,78.17995,81.07031,83.42795,84.85576,85.85882,86.76237,84.82626,80.25342,80.47146,74.4133,75.09949,67.05375,Latin America & Caribbean,Upper middle income
Guyana,GUY,GFDD.DI.05,75.71272,52.22869,70.35049,67.17648,61.37193,64.51879,69.60559,71.65775,76.28164,73.31934,76.58512,85.17899,88.55247,92.47834,92.73025,94.61161,38.60923,37.65325,37.94691,34.03894,36.16464,37.29669,38.70962,39.85272,40.52845,40.3311,40.14122,36.36152,37.32312,39.86744,40.9982,Latin America & Caribbean,Upper middle income
Guyana,GUY,GFDD.DI.06,,177.6366,,185.7819,160.3506,143.5675,99.63023,75.17738,65.94734,61.77584,59.16167,40.40079,38.75918,37.82326,33.89881,31.2962,11.54895,9.400926,8.523809,8.117352,7.266366,6.666451,5.946629,5.940504,5.597615,6.695643,8.997743,8.46288,12.39037,11.77094,17.1188,Latin America & Caribbean,Upper middle income
Guyana,GUY,GFDD.DI.11,,,,,,,,,,,,,,8.3763941,10.334573,8.4291806,7.3468279,7.5942355,7.7399814,4.8923378,4.5127016,4.427676,4.3901301,4.7990969,5.7441797,5.5030111,5.4032994,5.5811435,7.2700091,7.5880235,7.5809134,Latin America & Caribbean,Upper middle income
Guyana,GUY,GFDD.DM.11,,,,,,,,,,,,,,,,,,,,,,,,,,,7.32095,7.692424,9.673992,10.07462,7.221237,Latin America & Caribbean,Upper middle income
Guyana,GUY,GFDD.EI.08,16.25015,10.37786,14.88628,18.16226,11.6624,9.794732,10.40631,10.31383,9.735649,7.091392,9.503653,10.16619,11.00856,13.8659,15.42149,16.0379,15.75605,12.69794,12.7284,13.27347,13.77741,13.39731,9.969873,10.02678,7.989261,8.115679,8.039694,7.372556,7.8199,7.442046,7.654043,Latin America & Caribbean,Upper middle income
Guyana,GUY,GFDD.OI.02,61.6167,42.71037,59.45825,56.43172,50.46432,54.38116,59.54474,61.1678,65.82199,62.45482,65.68083,76.44306,80.36876,83.78881,84.87793,84.68397,34.14151,33.1067,33.14029,34.88223,37.07809,38.40006,39.75786,41.24748,41.66631,41.5823,41.51966,37.94367,39.12623,41.31914,43.10662,Latin America & Caribbean,Upper middle income
Guyana,GUY,SH.STA.BRTC.ZS,,,,,,93,,95,94,,82.9,93.8,,94,95.9,96.7,80.9,93.3,96,87.4,,,,98.3,85.7,95.8,,,,,,Latin America & Caribbean,Upper middle income
Guyana,GUY,SL.IND.EMPL.ZS,,20.9899997711182,21.2399997711182,21.3999996185303,21.75,22.0599994659424,22.5100002288818,22.9799995422363,23.3500003814697,23.9599990844727,24.3799991607666,24.9300003051758,25.3799991607666,25.2399997711182,25.1399993896484,24.7800006866455,24.6399993896484,24.9099998474121,24.8799991607666,24.8899993896484,24.9300003051758,25.0200004577637,25.0599994659424,25.1299991607666,25.2199993133545,25.0900001525879,25.0699996948242,24.9200000762939,24.8999996185303,24.9699993133545,,Latin America & Caribbean,Upper middle income
Haiti,HTI,DT.TDS.DPPF.XP.ZS,9.86719489073561,10.5018555575206,3.16637041629761,2.65537765732193,4.65546798029557,53.8800511021002,15.0759893528184,9.33512384595094,8.26440369799692,9.2538077400896,8.29405078419694,5.49433377605691,6.30811460460698,11.1919194832283,19.1086922941865,9.34877353407814,8.06756839595069,10.0094551715011,6.13785680337004,4.22492960750332,12.5125667581076,0.385024518600319,0.381964798926397,0.802542246960615,1.39542949483461,1.93259323611786,5.33012957345534,1.02016856728489,0.978657419401679,1.18346780995518,,Latin America & Caribbean,Lower middle income
Haiti,HTI,EG.ELC.ACCS.ZS,,,,,,31.3,30.0130176544189,30.5570373535156,31.0969753265381,31.6320724487305,33.7000007629395,31.5423812866211,33.152473449707,31.6000003814697,34.1108131408691,34.588005065918,33.9000015258789,35.550651550293,36.0414657592773,36.5422210693359,37.0556221008301,37.5843849182129,37.9000015258789,38.6978759765625,39.496410369873,40.8362846374512,40.4000015258789,43.7492713928223,44.962345123291,45.990234375,46.9255332946777,Latin America & Caribbean,Lower middle income
Haiti,HTI,GFDD.AI.01,,,,,,,,,,,,,,,208.81624,239.33585,273.74384,302.77623,328.52701,349.27105,336.26701,334.16423,329.51395,302.92329,217.56514,264.85246,281.46536,279.36691,274.96978,267.46405,252.99175,Latin America & Caribbean,Lower middle income
Haiti,HTI,GFDD.DI.04,33.86636,33.73418,32.76239,34.36573,35.23718,41.298,43.82876,53.7855,52.12738,50.01517,49.29794,45.49337,46.62155,48.04473,45.94328,51.4409,48.5681,45.77156,44.9944,44.64754,42.18253,45.86128,50.43938,59.08207,60.66716,59.40988,62.13487,57.94337,57.34141,54.0121,47.34351,Latin America & Caribbean,Lower middle income
Haiti,HTI,GFDD.DI.05,54.80568,56.87842,76.00529,64.91122,25.688,20.97609,18.52149,19.2192,17.99949,20.2494,21.74627,22.23503,25.1706,29.37277,25.24162,25.43878,24.06729,23.40109,23.39663,22.71236,28.35555,28.03878,27.69284,26.40826,26.84555,30.85865,30.89799,28.66314,30.90124,30.40964,27.19351,Latin America & Caribbean,Lower middle income
Haiti,HTI,GFDD.DI.06,41.51381,40.04082,48.28446,35.51656,13.72594,10.29543,9.297262,8.478683,7.918903,8.959512,10.45805,10.80674,12.57339,13.08625,11.57894,10.36927,9.719904,9.864655,11.00468,10.71171,12.4141,10.90706,11.07269,7.819181,7.896169,8.291269,7.255571,8.353068,9.451279,10.39959,11.93658,Latin America & Caribbean,Lower middle income
Haiti,HTI,GFDD.DI.11,,,,,,,,,,,,,,,,,,,,,,,,,,,,,,,,Latin America & Caribbean,Lower middle income
Haiti,HTI,GFDD.DM.11,,,,,,,,,,,,,,,,,,,,,,,,,,,,,,,,Latin America & Caribbean,Lower middle income
Haiti,HTI,GFDD.EI.08,0.2485566,0.2193201,0.2207963,0.1015617,0.4360905,0.0276389,0.0140174,1.618662,1.093703,1.425896,2.444986,1.730817,2.183233,3.763874,3.258238,4.519678,2.201103,1.653988,1.414148,1.534521,3.159801,2.069621,1.625081,1.767642,2.218689,3.200523,3.314658,3.719769,3.342817,3.572296,4.496441,Latin America & Caribbean,Lower middle income
Haiti,HTI,GFDD.OI.02,38.59628,41.62897,54.2774,46.95956,17.88665,14.80527,14.02709,14.95919,14.38316,16.09244,17.36822,17.62028,19.54309,24.19086,20.56781,20.70024,19.57565,18.86155,18.7997,18.51698,22.90742,22.24195,21.9959,20.92509,21.45687,25.07632,25.45016,23.5071,24.90975,24.23067,20.70943,Latin America & Caribbean,Lower middle income
Haiti,HTI,SH.STA.BRTC.ZS,,,,,,20.6,,,,,23.8,,,,,,26.1,,,,,,37.3,48.6,,,,41.6,,,,Latin America & Caribbean,Lower middle income
Haiti,HTI,SL.IND.EMPL.ZS,,7.46000003814697,7.17999982833862,7.03999996185303,6.73000001907349,6.96000003814697,7.73999977111816,7.73000001907349,8.09000015258789,7.8600001335144,7.55999994277954,7.3600001335144,7.21000003814697,7.11999988555908,6.84999990463257,6.82999992370605,7.07999992370605,7.23999977111816,7.11999988555908,7,6.3600001335144,6.73999977111816,6.8899998664856,6.98999977111816,7.07999992370605,7.17999982833862,6.92999982833862,6.71999979019165,6.69999980926514,6.65999984741211,,Latin America & Caribbean,Lower middle income
Honduras,HND,DT.TDS.DPPF.XP.ZS,34.3707216862894,28.0520439169983,33.6135660288383,29.2997541327312,32.9337891073909,31.528815553956,27.4009216148066,20.4473451578668,17.5333347675589,13.4695982387814,6.67260143706382,5.21655085722881,7.58822443281163,8.36295880710133,6.5636983986726,5.80336500227721,3.81155954208534,3.42443639458366,2.07048715131606,3.78320001196756,2.23248129881425,2.06587456256377,2.04806809369056,3.18378131466109,4.37353012131705,4.80469348777044,5.83503150384587,5.66575287701203,7.11864814365154,7.83838815605306,17.6083729462923,Latin America & Caribbean,Lower middle income
Honduras,HND,EG.ELC.ACCS.ZS,,54.781937,58.913112,61.100156,64.733947,66.122022,61.68112,64.794754,66.859519,67.394103,67.3833541870117,64.1999969482422,63.1411361694336,65.090461730957,67.113525390625,68.9033126831055,71.2664489746094,73.5481872558594,76.3968963623047,78.2696838378906,80.9846649169922,82.1952972412109,83.6077270507813,87.1848831176758,88.6537704467773,89.9817123413086,91.5999984741211,86.5,91.5999984741211,91.0999984741211,93.2067108154297,Latin America & Caribbean,Lower middle income
Honduras,HND,GFDD.AI.01,,,,,,,,,,,,,,,,,,,,,,,,,,,,,,,,Latin America & Caribbean,Lower middle income
Honduras,HND,GFDD.DI.04,71.29108,79.42072,79.67439,77.11842,84.82126,88.41241,90.85846,93.14932,94.47536,96.11242,96.99334,87.05663,86.92782,84.84359,85.25079,86.32091,89.023,91.3119,91.46812,89.74577,87.4852,88.16464,89.26477,90.40507,91.36411,92.17244,93.0676,93.73395,94.65665,95.21497,93.31982,Latin America & Caribbean,Lower middle income
Honduras,HND,GFDD.DI.05,21.0014,20.39645,23.13064,21.81568,23.01362,22.57849,26.03669,34.34206,36.14999,40.42348,40.26611,38.11088,39.33993,39.6533,41.30725,41.8717,45.74326,48.51114,45.87393,43.98292,43.78888,44.52613,44.32557,45.69726,46.69395,45.06076,49.88264,49.33889,50.5327,51.78723,63.76956,Latin America & Caribbean,Lower middle income
Honduras,HND,GFDD.DI.06,9.946445,5.933505,6.122891,6.682852,4.175632,2.730978,2.216988,2.002966,1.832814,1.418827,1.076716,5.508921,5.525298,6.70855,6.714856,6.343919,5.721068,5.122083,5.005123,6.086025,7.25928,7.010858,6.813018,6.492576,5.842559,5.194645,4.714871,4.21876,3.864997,3.519701,5.580161,Latin America & Caribbean,Lower middle income
Honduras,HND,GFDD.DI.11,,,,,,,,,4.501378,2.942617,2.8762129,3.0646566,3.1912445,3.3032946,2.9159431,2.7935575,2.7532141,2.8714167,3.0407242,3.1555642,3.0511029,2.8626244,3.0368237,3.0865295,3.0090794,2.910596,3.0066193,3.0477352,2.8439029,2.6706451,4.2952118,Latin America & Caribbean,Lower middle income
Honduras,HND,GFDD.DM.11,,,,,,,,,,,,,,,1.305326,1.816846,1.860368,1.872226,1.805995,1.65811,1.629135,1.203472,1.214011,1.221675,1.070739,1.13328,1.19832,1.22308,1.313441,1.349291,1.452915,Latin America & Caribbean,Lower middle income
Honduras,HND,GFDD.EI.08,5.59046,5.637336,4.420534,3.515553,3.800081,2.817558,1.8351,1.005577,0.5026262,0.5187935,0.6205732,0.7633248,0.9764905,1.185506,1.462952,1.558454,2.26148,2.10696,2.287327,3.729312,3.888753,5.524536,5.956638,7.018741,7.328653,7.20664,6.846579,6.718797,7.612739,8.08794,10.82274,Latin America & Caribbean,Lower middle income
Honduras,HND,GFDD.OI.02,15.66979,16.17118,18.39774,16.9448,17.45312,17.45447,20.85675,28.30787,30.28568,34.14732,35.22403,37.70398,39.29294,39.70128,41.33658,42.64969,46.96014,49.90221,47.09433,45.22319,45.25714,45.75613,45.64654,47.65389,49.01834,47.60007,52.52943,52.80378,54.08372,55.92024,68.76589,Latin America & Caribbean,Lower middle income
Honduras,HND,SH.STA.BRTC.ZS,,,46.9,,,,54.9,,,,,55.7,,,,,66.3,,,,,,82.8,,,72,79,74,,,,Latin America & Caribbean,Lower middle income
Honduras,HND,SL.IND.EMPL.ZS,,21.25,20.1200008392334,22.2700004577637,24.0699996948242,24.2600002288818,22.3099994659424,22.0200004577637,22.9699993133545,22.0300006866455,22.2700004577637,22.1800003051758,21.8299999237061,21.4099998474121,22.3799991607666,23.5200004577637,22.1000003814697,22.3299999237061,22,20.8199996948242,19.0799999237061,19.7700004577637,19.9300003051758,19.0400009155273,22.0200004577637,21.8099994659424,21.5799999237061,20.6800003051758,20.2099990844727,21.3899993896484,,Latin America & Caribbean,Lower middle income
"Hong Kong SAR, China",HKG,DT.TDS.DPPF.XP.ZS,,,,,,,,,,,,,,,,,,,,,,,,,,,,,,,,East Asia & Pacific,High income
"Hong Kong SAR, China",HKG,EG.ELC.ACCS.ZS,100,100,100,100,100,100,100,100,100,100,100,100,100,100,100,100,100,100,100,100,100,100,100,100,100,100,100,100,100,100,100,East Asia & Pacific,High income
"Hong Kong SAR, China",HKG,GFDD.AI.01,,,,,,,,,,,,,,,,,,,,,,,,,,,,,,,,East Asia & Pacific,High income
"Hong Kong SAR, China",HKG,GFDD.DI.04,,,,,,,,,,,,,,,,,,,,,,,,,,,,,,,,East Asia & Pacific,High income
"Hong Kong SAR, China",HKG,GFDD.DI.05,,175.7341,163.2885,162.024,160.5854,166.6652,169.8332,166.1112,193.7694,213.4671,224.3851,226.5347,231.9585,254.4956,260.6667,251.7134,274.8023,297.3582,299.6041,324.4363,325.4221,328.2326,336.0667,350.5675,361.34,362.8822,376.551,387.5155,386.1566,403.3127,454.6501,East Asia & Pacific,High income
"Hong Kong SAR, China",HKG,GFDD.DI.06,,,,,,,,,,,,,,,,,,,,,,,,,,,,,,,,East Asia & Pacific,High income
"Hong Kong SAR, China",HKG,GFDD.DI.11,,,,,,,,,,,,11.565873,14.07559,19.740982,23.376646,25.798389,30.340074,45.009487,43.422831,53.535265,54.015809,53.792849,,,,,,,,,,East Asia & Pacific,High income
"Hong Kong SAR, China",HKG,GFDD.DM.11,,,,,,,,,,,52.73278,65.51425,89.1781,112.8238,118.9859,114.9698,124.8621,124.7825,128.5939,146.1087,152.078,139.5658,145.3455,155.042,148.2484,149.9182,153.6349,152.7481,164.6306,180.1322,214.5129,East Asia & Pacific,High income
"Hong Kong SAR, China",HKG,GFDD.EI.08,2.967012,2.587792,3.682183,6.097679,10.17187,5.116237,8.4785,10.45902,10.72845,12.95855,15.04193,16.10375,18.04609,17.56017,20.69434,18.07655,17.13411,14.51581,7.203172,10.20973,12.16424,10.74146,9.743398,10.07379,8.56914,7.758819,8.762774,8.725553,10.36211,10.65146,7.710086,East Asia & Pacific,High income
"Hong Kong SAR, China",HKG,GFDD.OI.02,,169.6396,156.8834,155.2701,154.1719,160.332,163.6768,160.2598,187.5831,205.7482,217.5433,218.8617,223.25,244.3406,249.9942,241.6539,264.8259,287.8014,289.6346,312.7404,313.1183,315.4102,322.2423,335.9006,346.746,348.3264,360.8833,371.0277,353.0639,370.4936,415.7495,East Asia & Pacific,High income
"Hong Kong SAR, China",HKG,SH.STA.BRTC.ZS,,,,,,,,,,,,,,,,100,,,,,,,,,,,,,,,,East Asia & Pacific,High income
"Hong Kong SAR, China",HKG,SL.IND.EMPL.ZS,,34.8899993896484,32.9599990844727,29.7999992370605,27.9300003051758,27,25.5599994659424,24.1900005340576,22.5499992370605,21.1399993896484,20.3299999237061,19.3600006103516,18.2600002288818,17.1100006103516,15.5799999237061,15.0699996948242,14.7299995422363,14.1400003433228,13.460000038147,13.1400003433228,12.8299999237061,12.5799999237061,12.3599996566772,12.1899995803833,12.0500001907349,11.8999996185303,11.8100004196167,11.5699996948242,11.3199996948242,11.0799999237061,,East Asia & Pacific,High income
Hungary,HUN,DT.TDS.DPPF.XP.ZS,,,,,,,,,,,,,,,,,,,,,,,,,,,,,,,,Europe & Central Asia,High income
Hungary,HUN,EG.ELC.ACCS.ZS,100,100,100,100,100,100,100,100,100,100,100,100,100,100,100,100,100,100,100,100,100,100,100,100,100,100,100,100,100,100,100,Europe & Central Asia,High income
Hungary,HUN,GFDD.AI.01,,,,,,,,,,,,,,,,,,,,,,,1031.6229,979.97952,1015.0943,1024.2834,1036.9754,1050.2882,1092.3626,1243.6341,1266.2334,Europe & Central Asia,High income
Hungary,HUN,GFDD.DI.04,,41.27429,40.49302,42.85473,41.92681,39.498,46.20134,51.95346,55.42856,62.39858,71.38687,79.85163,86.93985,92.59101,95.648,98.15418,98.52985,99.17751,98.40491,98.58907,98.78339,99.1675,99.22112,99.22205,99.20767,99.72807,99.72869,99.74168,99.73946,99.65284,95.91093,Europe & Central Asia,High income
Hungary,HUN,GFDD.DI.05,,45.54562,54.6344,53.32364,49.49628,46.52136,46.6016,44.97915,43.98772,45.65843,44.90645,45.14537,45.49332,46.61248,46.01216,48.77678,51.66735,53.52901,55.34314,60.35002,60.71274,62.37172,58.54349,60.29569,57.18143,56.69801,58.72216,58.35255,59.06588,58.31822,69.52569,Europe & Central Asia,High income
Hungary,HUN,GFDD.DI.06,,62.5309,60.32943,58.85991,56.47441,53.94453,40.76658,32.31308,28.0648,21.38721,16.53483,10.81481,6.980755,4.289383,2.551042,1.148553,1.004603,0.6158124,1.359135,1.087565,0.9417603,0.6234825,0.5230381,0.488448,0.4714126,0.1494512,0.1497787,0.1426502,0.1382293,0.1811465,2.620663,Europe & Central Asia,High income
Hungary,HUN,GFDD.DI.11,1.8735801,2.0555899,1.9372638,2.5940047,3.2144533,3.2455504,3.9262009,4.0741135,4.2798314,5.0636535,5.54155,5.5290057,5.8119831,5.9427991,6.5538151,7.3470892,8.0795156,8.7631796,7.829265,9.0297858,8.7790013,8.2511033,7.9958314,7.7765663,7.4783234,6.8379809,7.2496145,7.0649903,6.3976823,6.4141616,6.8416937,Europe & Central Asia,High income
Hungary,HUN,GFDD.DM.11,,,,,,,,,,0.599626,0.9456641,1.01046,0.8520617,0.7264605,0.6485071,1.004089,1.502939,1.577631,1.402874,1.694095,1.347764,1.074472,1.254825,1.291576,1.902588,2.034636,2.783019,3.840242,2.952864,2.910534,2.916487,Europe & Central Asia,High income
Hungary,HUN,GFDD.EI.08,1.591272,6.349382,9.029887,16.92833,15.36614,13.5747,13.65783,11.43193,11.53174,9.987431,9.373717,10.22292,12.11626,11.8066,10.99869,11.20316,13.32172,13.57737,15.91227,16.26678,16.33159,15.97352,16.39751,16.26387,16.52522,19.74182,21.68973,22.68789,20.58077,18.63831,23.88147,Europe & Central Asia,High income
Hungary,HUN,GFDD.OI.02,,35.00331,43.69627,42.66753,40.10664,38.68976,39.38948,38.46395,37.36393,38.12932,38.1562,38.3459,38.65991,39.51024,39.61339,41.67336,44.09783,45.49811,47.50249,50.79005,49.11575,49.5654,47.66258,47.00251,45.97534,44.70366,46.46088,45.85539,45.82058,45.19668,55.01208,Europe & Central Asia,High income
Hungary,HUN,SH.STA.BRTC.ZS,99.4,99.4,99.5,99.4,99.4,99.4,99.5,99.5,99.5,99.5,99.5,99.6,99.6,99.6,99.6,99.6,99.7,99.6,99.5,99.6,99.1,99,99,99.1,99.2,99.6,99.7,99.7,,,,Europe & Central Asia,High income
Hungary,HUN,SL.IND.EMPL.ZS,,35.6399993896484,35.0800018310547,34.0699996948242,33.3899993896484,33.0800018310547,33.2400016784668,33.2299995422363,34.7799987792969,34.3499984741211,33.7700004577637,34.4199981689453,34.1399993896484,33.4000015258789,32.9500007629395,32.4799995422363,32.3199996948242,32.5200004577637,32.2200012207031,31.1599998474121,30.7000007629395,30.8400001525879,29.7900009155273,29.8999996185303,30.5,30.3299999237061,30.4400005340576,31.5200004577637,32.4199981689453,32.0900001525879,,Europe & Central Asia,High income
IBRD only,IBD,DT.TDS.DPPF.XP.ZS,20.0354438012568,18.7973786068728,17.4016513032675,15.8111798614642,13.0265432275253,14.7140378944448,15.1003660341728,15.2700850026094,14.139185904577,15.5446860719953,13.8820765046006,13.361889097321,13.2446925556894,11.980782353339,8.36136276715894,8.39900092419715,7.5091721835179,4.39452677588507,4.00781444066644,4.08996479114013,3.61453237098254,3.04416258719249,2.97011983536002,3.28583604863991,3.80522647363583,4.99212517146415,5.07241870548769,4.39287792431533,4.83723235531123,4.92903806284058,5.26287127210195,,
IBRD only,IBD,EG.ELC.ACCS.ZS,,,,,,,,,,,84.3117109204085,83.7409311066892,85.8305928920931,86.4068413110415,86.9175073888646,87.6237499406879,88.3578743301031,89.1422350993509,89.9567447963772,90.7685116888337,91.4597041187166,89.1974921552317,92.7899866046313,93.4911011286849,94.0601143778238,95.2149875196826,95.7785636381204,96.7257542128197,97.7826100874021,98.317338005068,98.7784470650345,,
IBRD only,IBD,GFDD.AI.01,,,,,,,,,,,,,,,,,,,,,,,,,,,,,,,,,
IBRD only,IBD,GFDD.DI.04,,,,,,,,,,,,,,,,,,,,,,,,,,,,,,,,,
IBRD only,IBD,GFDD.DI.05,,,,,,,,,,,,,,,,,,,,,,,,,,,,,,,,,
IBRD only,IBD,GFDD.DI.06,,,,,,,,,,,,,,,,,,,,,,,,,,,,,,,,,
IBRD only,IBD,GFDD.DI.11,,,,,,,,,,,,,,,,,,,,,,,,,,,,,,,,,
IBRD only,IBD,GFDD.DM.11,,,,,,,,,,,,,,,,,,,,,,,,,,,,,,,,,
IBRD only,IBD,GFDD.EI.08,,,,,,,,,,,,,,,,,,,,,,,,,,,,,,,,,
IBRD only,IBD,GFDD.OI.02,,,,,,,,,,,,,,,,,,,,,,,,,,,,,,,,,
IBRD only,IBD,SH.STA.BRTC.ZS,,,,,,,,,,,70.5182406744703,,,,,,,,,,78.7705105580376,,,,,,,,90.7560007925322,,,,
IBRD only,IBD,SL.IND.EMPL.ZS,,21.2814854944359,21.2743648442718,21.4996486293398,21.6035741571374,21.5704038639374,21.7449428488534,21.7019599259664,21.4060353202343,21.17694860829,20.9912771459849,21.0095989568186,20.7115739531379,20.8973532053573,21.4991883064036,22.2234938199205,22.9982791762205,23.8647884962487,24.0722949525105,24.2694967554699,24.8025654821151,25.3837566906754,26.0541916478884,25.9586978860123,26.037597185213,25.787308850211,25.6712818698124,25.4747622035924,25.5929306336643,25.2390097306853,,,
IDA total,IDA,DT.TDS.DPPF.XP.ZS,21.4056728994931,21.0366052920382,17.5499615135505,15.8883163963099,19.4465504616422,17.2666420235086,16.6626264324489,16.2434167858719,13.4356582074391,11.7566792798151,10.9387590783083,11.186799237585,9.61330335128597,8.91396538800807,8.48769892712207,9.29580668879866,6.72558491656464,3.90308904424598,3.37061837093395,4.07393372125038,3.11722205917591,2.64976052242151,3.4482496014757,4.48821429261618,4.18274307366573,4.86913738834538,5.74510178782061,6.26542175346091,6.44245231063115,8.68371071337384,9.60959689364646,,
IDA total,IDA,EG.ELC.ACCS.ZS,,,,,,,,,36.6143924926027,37.9591928365061,34.9900453116856,35.7837142137396,36.9637246857658,38.7863938497876,38.7438766049216,39.5224225504527,41.5725746302423,42.1471981475465,43.2128960546117,44.0297593516904,44.2131180405359,46.6485323894008,48.4953794158634,49.1813741348396,49.8339715815519,51.4121936506039,55.2706241315303,57.0811618432459,58.8797489293883,59.8345781257574,61.2261731828994,,
IDA total,IDA,GFDD.AI.01,,,,,,,,,,,,,,,,,,,,,,,,,,,,,,,,,
IDA total,IDA,GFDD.DI.04,,,,,,,,,,,,,,,,,,,,,,,,,,,,,,,,,
IDA total,IDA,GFDD.DI.05,,,,,,,,,,,,,,,,,,,,,,,,,,,,,,,,,
IDA total,IDA,GFDD.DI.06,,,,,,,,,,,,,,,,,,,,,,,,,,,,,,,,,
IDA total,IDA,GFDD.DI.11,,,,,,,,,,,,,,,,,,,,,,,,,,,,,,,,,
IDA total,IDA,GFDD.DM.11,,,,,,,,,,,,,,,,,,,,,,,,,,,,,,,,,
IDA total,IDA,GFDD.EI.08,,,,,,,,,,,,,,,,,,,,,,,,,,,,,,,,,
IDA total,IDA,GFDD.OI.02,,,,,,,,,,,,,,,,,,,,,,,,,,,,,,,,,
IDA total,IDA,SH.STA.BRTC.ZS,,,,,,,,,,,34.470290470384,,,,,,,,,,48.7551670858933,,,,,,,,62.088421066958,,,,
IDA total,IDA,SL.IND.EMPL.ZS,,11.8025919877369,11.6811181008086,11.5706030939098,11.4576094379416,11.3931996015473,11.3129147069752,11.340325434107,11.3425759868806,11.3654693693682,11.3577920204421,11.4138117426238,11.4966601971128,11.6378840517107,11.7412918483575,11.8542937745578,12.0858196225691,12.2842383766925,12.3544589330215,12.6445379030237,12.9021817122025,13.0708002167941,13.3724352072434,13.6287870198322,13.8748024010828,14.1447086980512,14.1304287226531,14.2358229553452,14.4186448095745,14.4899653435513,,,
Iceland,ISL,DT.TDS.DPPF.XP.ZS,,,,,,,,,,,,,,,,,,,,,,,,,,,,,,,,Europe & Central Asia,High income
Iceland,ISL,EG.ELC.ACCS.ZS,100,100,100,100,100,100,100,100,100,100,100,100,100,100,100,100,100,100,100,100,100,100,100,100,100,100,100,100,100,100,100,Europe & Central Asia,High income
Iceland,ISL,GFDD.AI.01,,,,,,,,,,,,,,,,,,,,,,,,,,,,,,,,Europe & Central Asia,High income
Iceland,ISL,GFDD.DI.04,96.81029,94.49881,96.68893,94.35101,89.61934,92.10664,95.77684,96.51147,98.67824,99.1375,99.3113,99.68093,99.77907,99.92412,99.98949,99.99487,99.98389,99.87634,92.11348,94.93519,94.55534,93.32223,92.96156,92.94328,93.66005,95.92826,98.3012,97.79109,,99.95055,99.76255,Europe & Central Asia,High income
Iceland,ISL,GFDD.DI.05,33.92423,36.3676,37.80098,39.03344,37.46552,37.2485,36.91139,37.13803,38.05187,41.43853,42.01851,42.69224,46.11516,54.98344,56.39408,66.68221,92.46811,86.42777,99.7056,99.85981,86.93552,87.50941,79.88412,78.2981,78.21564,74.55222,65.40236,65.31666,64.90977,64.67306,72.15372,Europe & Central Asia,High income
Iceland,ISL,GFDD.DI.06,1.534038,2.770465,1.750136,3.138741,5.583577,4.098832,2.231869,2.420834,0.849175,0.6270422,0.6525874,0.3143081,0.2249923,0.0965192,0.0166267,0.0123143,0.0491806,0.3104716,16.9854,10.16964,10.14444,10.87274,10.00168,9.112555,7.350697,4.258721,1.624786,2.101301,,0.0454302,0.2653386,Europe & Central Asia,High income
Iceland,ISL,GFDD.DI.11,,,,,,,,,,,,,3.447736,4.2017995,4.354919,6.8578182,6.7301716,5.2832261,7.8874898,8.0563007,8.2403569,8.2579557,8.3039141,8.1818428,7.9714673,7.1403494,5.8160219,5.7747891,5.4060184,5.69302,,Europe & Central Asia,High income
Iceland,ISL,GFDD.DM.11,,,,,,,,,,1.748338,0.9495419,1.416999,1.38345,1.988492,3.288435,9.977764,29.91567,48.70194,9.919302,9.094597,14.87177,18.60031,23.4643,29.45841,24.95433,4.930585,2.679031,3.632005,5.202105,6.003776,6.656251,Europe & Central Asia,High income
Iceland,ISL,GFDD.EI.08,4.884589,4.623591,5.0498,6.362096,4.289036,2.480688,2.681263,1.970853,1.041916,1.119099,0.581486,1.900069,1.058058,1.958212,0.4733571,0.7241393,0.6691414,7.618517,5.564828,18.03425,16.59049,15.55981,14.26281,12.84542,14.35698,13.0997,9.82908,6.202568,4.229894,3.559765,11.15739,Europe & Central Asia,High income
Iceland,ISL,GFDD.OI.02,33.1134,35.57304,36.91922,38.10431,36.42704,36.12685,35.80272,36.06653,37.00415,40.3419,41.01071,41.7691,45.21758,54.02649,55.45089,65.69308,91.53233,86.79649,98.14743,96.10069,82.67703,84.48988,76.8626,75.25823,76.10508,72.43608,63.20869,63.03479,62.6474,62.48023,69.6366,Europe & Central Asia,High income
Iceland,ISL,SH.STA.BRTC.ZS,100,99.9,99.8,99.8,99.8,99.8,99.8,99.8,99.9,99.6,99.3,99.5,99.4,99.4,99.4,99,98.9,98.9,98.7,98.8,98.2,97.9,97.8,98.1,97.8,98.2,97.9,98,98.2,,,Europe & Central Asia,High income
Iceland,ISL,SL.IND.EMPL.ZS,,25.9599990844727,24.6800003051758,25.2399997711182,25.8700008392334,24.9400005340576,23.5100002288818,24.6800003051758,26.6299991607666,23.1399993896484,22.1000003814697,22.9099998474121,22.5499992370605,21.6599998474121,23.3600006103516,21.6900005340576,21.5499992370605,20.8999996185303,22,19.5,18.4400005340576,18.5499992370605,18.2199993133545,18.6399993896484,18.4300003051758,17.8400001525879,17.4599990844727,17.4799995422363,16.7900009155273,17.4699993133545,,Europe & Central Asia,High income
India,IND,DT.TDS.DPPF.XP.ZS,27.1649347717067,26.7618728355772,25.4384275810079,25.1974013511108,29.7222092147053,30.5446476375183,25.4117956076489,24.5403661403625,22.4906010281906,15.5898678884257,15.3785252750562,12.7873723803292,16.0936630679547,20.4370578603135,7.72064797144166,9.68673187832864,3.04097340030301,4.08674197262603,4.67088966817266,2.42993180000253,1.74480879947485,1.7610880638326,1.68118836519349,2.25526710697942,2.70826109311248,3.08580557711602,5.06404418855236,2.78303096184464,4.2326382695859,2.90798200390062,5.09392740905058,South Asia,Lower middle income
India,IND,EG.ELC.ACCS.ZS,,,,50.9,49.8113098144531,51.4087753295898,53.0035209655762,54.5948638916016,56.1821327209473,60.1,58.7214736938477,55.7999992370605,62.2999992370605,64.0474853515625,64.4000015258789,67.5798110961914,67.9000015258789,71.1198654174805,72.8993835449219,75,76.3000030517578,67.5999984741211,79.9000015258789,81.9993286132813,83.8724975585938,88,89.2177963256836,92.1249465942383,95.6999969482422,97.3082656860352,99,South Asia,Lower middle income
India,IND,GFDD.AI.01,,,,,,,,,,,,,,,,,,,,,,,,,,,,,,,,South Asia,Lower middle income
India,IND,GFDD.DI.04,68.433,67.5156,72.12787,72.25532,77.92448,78.02466,77.95024,80.11988,80.37145,82.74776,85.9329,87.33465,91.69994,96.41181,95.567,96.58757,96.26299,96.93966,97.46688,96.45397,93.51624,93.20222,91.84429,92.29584,94.31419,94.667,93.24832,94.43917,93.99767,93.15603,92.11465,South Asia,Lower middle income
India,IND,GFDD.DI.05,42.18384,43.41781,44.14449,44.88349,46.02148,43.54533,44.68941,47.45997,48.90128,51.06471,54.64497,57.73908,62.61941,63.17927,64.63577,68.1039,71.52599,75.10877,78.19485,84.0507,81.30788,80.41277,79.36308,80.58845,79.51778,80.23255,76.67645,76.20414,74.95651,78.41638,90.73869,South Asia,Lower middle income
India,IND,GFDD.DI.06,15.5608,15.94509,13.40824,13.19281,10.07172,9.356389,9.754835,8.889894,8.866178,8.203095,7.189449,6.70759,4.775148,2.024519,2.690573,2.176591,2.491973,2.11507,1.82338,2.726453,5.064973,5.277175,6.561759,6.218432,4.403048,4.144668,5.402875,4.147094,4.397985,5.212558,6.820492,South Asia,Lower middle income
India,IND,GFDD.DI.11,,,,,,,,,,,,,,,12.432958,13.434681,15.335242,15.210616,17.542277,15.929858,18.322739,18.492995,18.128568,16.418171,16.704008,17.356624,17.369482,17.75884,18.308873,18.905566,,South Asia,Lower middle income
India,IND,GFDD.DM.11,,,,,,,,,,0.0220337,0.0499504,0.0658214,0.0799507,0.032141,0.032737,0.0578029,0.0502623,0.0131878,0.00156,0.0031651,0.0030812,0.0011045,0.0042685,0.0079602,0.0184819,0.0066248,0.0001463,0.0367062,0.0463385,0.0763281,0.1420201,South Asia,Lower middle income
India,IND,GFDD.EI.08,8.944772,9.453308,10.14441,10.67812,12.07706,10.86448,11.24311,12.44978,12.80848,14.12341,15.80456,17.88816,20.74562,23.10036,22.12734,19.50567,17.96801,18.65901,19.61765,21.21007,18.90792,19.05075,19.6368,19.81741,19.70851,19.68013,23.60148,19.72254,17.7578,18.67956,22.78893,South Asia,Lower middle income
India,IND,GFDD.OI.02,33.22512,34.3531,35.54656,35.75488,36.44267,33.61379,35.07918,37.84238,39.50991,41.21827,45.01665,47.70963,52.04452,52.28664,53.75902,56.68687,59.99541,63.67175,66.48245,71.64175,69.34904,68.97489,68.02185,69.42916,68.59116,68.92553,71.32292,66.48294,64.37984,67.1951,76.54307,South Asia,Lower middle income
India,IND,SH.STA.BRTC.ZS,,,,34.2,,,,,,42.3,42.5,,,,,,46.6,,52.3,,,,,,81.4,,81.4,,,,,South Asia,Lower middle income
India,IND,SL.IND.EMPL.ZS,,15.1800003051758,15.2399997711182,15.2700004577637,15.4300003051758,15.6000003814697,15.7700004577637,15.7700004577637,15.8900003433228,16.1800003051758,16.3199996948242,16.6299991607666,16.9200000762939,17.5,18.2600002288818,18.7999992370605,19.4200000762939,20.0900001525879,20.4200000762939,21.0900001525879,21.8099994659424,23.1000003814697,24.3600006103516,24.3700008392334,24.4500007629395,24.5400009155273,24.7399997711182,24.8600006103516,24.9500007629395,25.1200008392334,,South Asia,Lower middle income
Indonesia,IDN,DT.TDS.DPPF.XP.ZS,25.6218926104228,23.7620315491101,21.9530471385344,21.4484962840794,19.0847682562733,17.5004938289476,20.2586849145645,13.7017454496574,12.8895787560231,16.6782277452005,11.227183166785,13.7803138198683,13.7203395928128,12.8200534741682,14.4107928415373,9.94175764695041,15.8095200964367,8.59431892216327,6.34870002224967,7.75821165040955,6.59423329718766,4.44029135155168,4.61368368359901,5.57991575271324,14.1069060235632,8.16927912482956,9.30509918152032,9.18262429149772,7.8576519978475,10.184348074798,15.1721279440777,East Asia & Pacific,Lower middle income
Indonesia,IDN,EG.ELC.ACCS.ZS,,48.9,66.6965637207031,55.43,62.8,66.86,72.39,80.3,80.94,83.73,86.3000030517578,86.2600021362305,87.5999984741211,87.9400024414063,89.0100021362305,85.0383224487305,90.620002746582,91.0999984741211,92.7300033569336,93.5500030517578,94.1500015258789,94.8300018310547,96,96.4642562866211,97.0100021362305,97.5373687744141,97.620002746582,98.1399993896484,98.5100021362305,98.8499984741211,96.9499969482422,East Asia & Pacific,Lower middle income
Indonesia,IDN,GFDD.AI.01,,,,,,,,,,,,,,,,,,,,,,,,,,,,,,,,East Asia & Pacific,Lower middle income
Indonesia,IDN,GFDD.DI.04,93.30963,95.18436,94.53174,94.88051,96.42617,98.12364,98.58189,98.60673,93.69257,67.24493,75.00114,70.61464,69.01656,72.85104,74.40116,76.48757,78.36567,82.26376,84.84242,85.79187,87.34805,87.9329,89.34583,90.86077,91.52706,92.44251,93.07801,93.17408,93.61275,93.55871,86.65504,East Asia & Pacific,Lower middle income
Indonesia,IDN,GFDD.DI.05,43.63738,44.10328,46.17282,43.68513,45.30562,48.58573,52.69393,55.9991,59.86042,58.38761,53.88266,50.88549,48.17114,47.04136,44.86403,43.25445,41.32706,41.76271,34.93531,30.44925,31.63265,32.69476,34.22274,35.07853,35,34.86956,35.8871,35.22059,34.59459,34.17722,38.96104,East Asia & Pacific,Lower middle income
Indonesia,IDN,GFDD.DI.06,3.942388,2.843699,3.095991,2.81464,2.018211,1.076754,0.8385783,0.9041004,3.763,22.67144,17.27273,18.54887,18.77615,14.84063,13.59078,11.60388,9.396811,7.3778,5.473228,4.881184,4.246792,4.294741,4.150346,3.800576,3.537125,3.20416,2.967889,2.896007,2.761581,2.778192,6.816917,East Asia & Pacific,Lower middle income
Indonesia,IDN,GFDD.DI.11,,,,,,,,,,,,2.0302307,2.0725675,2.2370723,2.5507277,2.4770696,2.5944517,3.0174879,2.5015505,2.9882394,3.4111806,3.5075415,3.8255562,3.9454689,4.3595313,4.3555919,4.6624146,5.0108811,4.7528916,4.6690565,4.6065377,East Asia & Pacific,Lower middle income
Indonesia,IDN,GFDD.DM.11,,,,,,,,,,,,1.084828,1.100708,1.112142,0.9790116,0.7724004,0.8498174,0.5778979,0.6848048,0.5774516,0.7789077,0.7569287,1.281415,1.350645,1.008683,1.10218,0.9803017,1.115645,1.430953,1.254866,1.341481,East Asia & Pacific,Lower middle income
Indonesia,IDN,GFDD.EI.08,3.683267,4.298376,3.718109,2.979715,2.348503,2.586622,2.619546,2.897252,2.45529,23.81895,29.58517,24.14397,20.54704,17.02959,13.50626,11.15784,9.294394,8.276459,6.600156,6.17775,4.972486,4.347137,4.87679,5.430912,5.394246,6.048709,6.762259,7.10947,7.616445,7.805068,10.98182,East Asia & Pacific,Lower middle income
Indonesia,IDN,GFDD.OI.02,38.88844,39.88495,41.06324,39.23302,40.39954,43.98015,48.41879,51.45041,55.50961,53.00138,48.20732,46.17863,43.69329,42.31125,40.14598,38.78883,36.72322,37.12437,31.17172,31.84147,32.12651,32.56705,34.10673,34.65968,35.18868,35.3913,36.12903,35.44118,34.5946,34.55696,39.74026,East Asia & Pacific,Lower middle income
Indonesia,IDN,SH.STA.BRTC.ZS,40.7,31.7,40.7,,36.5,49.7,,43.2,56,,66.9,,68.4,66.3,71.5,,,73,74.86,,82.2,,83.1,87.4,,,92.6,93.25,93.6,94.7,,East Asia & Pacific,Lower middle income
Indonesia,IDN,SL.IND.EMPL.ZS,,15.1899995803833,15.3400001525879,16.4500007629395,19.6800003051758,18.4099998474121,18.7900009155273,18.7999992370605,17.7800006866455,17.5699996948242,17.4400005340576,18.7399997711182,18.7600002288818,17.7099990844727,18.0100002288818,18.7600002288818,18.5900001525879,18.8199996948242,18.4400005340576,18.2999992370605,18.6499996185303,19.9899997711182,21.0699996948242,20.9500007629395,21.3999996185303,22.0400009155273,21.7199993133545,22.0200004577637,22.2900009155273,22.3600006103516,,East Asia & Pacific,Lower middle income
"Iran, Islamic Rep.",IRN,DT.TDS.DPPF.XP.ZS,1.24551643362876,1.15112509876164,1.37949659602201,2.96931906859953,13.1653164334966,27.133501406923,26.1238455764775,30.2149466460402,16.7259434720296,16.3559808244527,9.15988923202018,3.58727055721458,4.6808753271028,4.53962358547291,4.48398113071571,4.31610924187797,3.12749680850163,3.02137888636147,2.48598558982925,2.05099368356864,1.70548083602367,1.21880767527287,0.306038385918916,0.3965967403183,0.480552870237836,0.670805998874071,2.13467454782707,0.378148934754733,0.149266094560002,0.177580694113862,0.279099305072573,Middle East & North Africa,Lower middle income
"Iran, Islamic Rep.",IRN,EG.ELC.ACCS.ZS,,,,,,,,,,,97.9000015258789,98.1293029785156,98.2332763671875,98.3320236206055,98.4278793334961,98.523193359375,98.4000015258789,98.7220993041992,98.8310470581055,99.7099990844727,99.4910430908203,99.5726470947266,99.6432800292969,99.8300018310547,100,99.9599990844727,99.9499969482422,99.9400024414063,100,100,100,Middle East & North Africa,Lower middle income
"Iran, Islamic Rep.",IRN,GFDD.AI.01,,,,,,,,,,,,,,,,,,,,,,,,,,,,,,,,Middle East & North Africa,Lower middle income
"Iran, Islamic Rep.",IRN,GFDD.DI.04,44.00802,48.42734,55.13903,59.35349,50.5248,51.56952,50.23767,56.06855,54.0527,60.15456,74.07891,78.06528,75.23642,79.45369,84.9059,88.70312,91.21494,93.80124,94.83205,95.91993,94.63208,96.02296,96.13426,97.00483,97.2976,96.76356,96.61697,,,,,Middle East & North Africa,Lower middle income
"Iran, Islamic Rep.",IRN,GFDD.DI.05,55.57758,49.39106,45.79411,40.51675,41.05019,38.11742,37.007,39.74945,43.41507,39.38517,37.15509,40.87213,37.8564,39.19694,38.7646,41.5309,47.08846,47.42395,44.24183,53.31754,54.21172,47.4188,58.76841,54.75248,61.73554,77.41667,88.14815,,,,,Middle East & North Africa,Lower middle income
"Iran, Islamic Rep.",IRN,GFDD.DI.06,33.74432,26.52521,20.38805,15.0771,20.15936,16.54161,15.70127,13.46142,15.75739,12.99673,9.586081,8.759657,9.934614,8.84973,6.572504,5.094616,4.488841,3.298675,2.608673,2.236447,3.229807,2.240575,2.384418,1.658802,1.591413,2.2075,2.627407,,,,,Middle East & North Africa,Lower middle income
"Iran, Islamic Rep.",IRN,GFDD.DI.11,,,,,,,,,,,,,,,,0.91131543,,,,,,,,2.2405909,2.6211682,3.0844296,,,,,,Middle East & North Africa,Lower middle income
"Iran, Islamic Rep.",IRN,GFDD.DM.11,,,,,,,,,,,,,,,,,,,,,,,,,,,,,,,,Middle East & North Africa,Lower middle income
"Iran, Islamic Rep.",IRN,GFDD.EI.08,3.508373,2.429104,1.847936,1.13895,0.8539715,0.902164,0.6604648,0.5586109,0.4967431,1.541101,1.120651,1.066521,1.071962,1.774752,1.906923,1.630003,1.940289,2.78686,2.594331,3.427338,4.95618,5.193593,6.993911,6.970703,8.285711,9.895739,11.34416,,,,,Middle East & North Africa,Lower middle income
"Iran, Islamic Rep.",IRN,GFDD.OI.02,43.93925,39.40193,37.85561,33.63653,33.99144,31.39913,30.71207,32.82768,34.8384,31.67122,32.74307,37.32903,34.82429,36.24255,36.18383,39.09754,44.59011,45.0102,40.70699,49.31897,50.21272,44.36137,54.11264,51.81504,58.96588,74.5575,85.25926,,,,,Middle East & North Africa,Lower middle income
"Iran, Islamic Rep.",IRN,SH.STA.BRTC.ZS,,,,,,,,86.1,,,89.6,,,,,97.3,,,,97.7,96.4,98.5,98.8,98.8,99,,,,,,,Middle East & North Africa,Lower middle income
"Iran, Islamic Rep.",IRN,SL.IND.EMPL.ZS,,31.6399993896484,31.6100006103516,31.1299991607666,30.8500003814697,30.7299995422363,31.3199996948242,30.6599998474121,30.1299991607666,29.9699993133545,30,29.9699993133545,30.3400001525879,30.6299991607666,30.5100002288818,30.3700008392334,31.7099990844727,32.0699996948242,32.2700004577637,31.7900009155273,32.2000007629395,33.0299987792969,33.1800003051758,33.2900009155273,33.7599983215332,32.5299987792969,31.8799991607666,32.0400009155273,32.0400009155273,31.3899993896484,,Middle East & North Africa,Lower middle income
Iraq,IRQ,DT.TDS.DPPF.XP.ZS,,,,,,,,,,,,,,,,,,,,,,,,,,,,,,,,Middle East & North Africa,Upper middle income
Iraq,IRQ,EG.ELC.ACCS.ZS,,,,,,,,,,,96.9216766357422,97.0627975463867,97.1963348388672,97.3246307373047,97.4500427246094,97.5749206542969,97.6221084594727,98.0999984741211,97.971435546875,98.1198806762695,98.2809677124023,98,99.3000030517578,98.8662796020508,99.0984344482422,99.3454284667969,99.6043014526367,99.8720703125,99.9000015258789,99.9920043945313,100,Middle East & North Africa,Upper middle income
Iraq,IRQ,GFDD.AI.01,,,,,,,,,,,,,,,,,,,,,,,,,,,,,,,,Middle East & North Africa,Upper middle income
Iraq,IRQ,GFDD.DI.04,,,,,,,,,,,,,,,22.26825,31.9372,43.4988,51.89468,64.58532,68.26001,79.33561,87.04797,91.02171,92.14793,93.99419,84.02988,70.28749,72.28081,73.52382,76.71047,56.9308,Middle East & North Africa,Upper middle income
Iraq,IRQ,GFDD.DI.05,,,,,,,,,,,,,,,26.96683,20.24653,20.83975,24.50626,23.51808,35.81635,37.88177,34.09517,30.31067,32.66196,33.92799,40.73469,45.63474,40.77885,35.51717,37.35214,59.34509,Middle East & North Africa,Upper middle income
Iraq,IRQ,GFDD.DI.06,,,,,,,,,,,,,,,12.03361,8.851885,6.784755,5.280053,2.532246,3.042454,2.773463,1.666198,1.241231,1.007179,0.9087875,4.246246,10.22381,8.802238,6.865093,5.864725,21.13671,Middle East & North Africa,Upper middle income
Iraq,IRQ,GFDD.DI.11,,,,,,,,,,,,,,,,,,,,,,,,,,,,,,,,Middle East & North Africa,Upper middle income
Iraq,IRQ,GFDD.DM.11,,,,,,,,,,,,,,,,,,,,,,,,,,,,,,,,Middle East & North Africa,Upper middle income
Iraq,IRQ,GFDD.EI.08,,,,,,,,,,,,,,,,,,,,,,,,,,,,,,,,Middle East & North Africa,Upper middle income
Iraq,IRQ,GFDD.OI.02,,,,,,,,,,,,,,,13.7254,7.430562,8.325438,11.61768,11.57426,19.10383,22.82594,21.04455,18.27656,19.87064,20.74067,23.84146,24.37699,23.03335,20.41497,20.12508,29.62305,Middle East & North Africa,Upper middle income
Iraq,IRQ,SH.STA.BRTC.ZS,,,,,,,,,,,65.2,,,,,,88.5,79.7,,,,90.9,70.4,,,,,,95.6,,,Middle East & North Africa,Upper middle income
Iraq,IRQ,SL.IND.EMPL.ZS,,18.2299995422363,18.2999992370605,18.2700004577637,18.2299995422363,18.2199993133545,18.6000003814697,19.1200008392334,19.7099990844727,20.7800006866455,20.7399997711182,20.5300006866455,19.6299991607666,19.7700004577637,19.0300006866455,19.7399997711182,20.5599994659424,20.4500007629395,21.0599994659424,20.8199996948242,21.6499996185303,22.0200004577637,23.1299991607666,23.3700008392334,23.3899993896484,22.7199993133545,23.6100006103516,23.2199993133545,22.8099994659424,22.9300003051758,,Middle East & North Africa,Upper middle income
Ireland,IRL,DT.TDS.DPPF.XP.ZS,,,,,,,,,,,,,,,,,,,,,,,,,,,,,,,,Europe & Central Asia,High income
Ireland,IRL,EG.ELC.ACCS.ZS,100,100,100,100,100,100,100,100,100,100,100,100,100,100,100,100,100,100,100,100,100,100,100,100,100,100,100,100,100,100,100,Europe & Central Asia,High income
Ireland,IRL,GFDD.AI.01,,,,,,,,,,,,,,,,,,,,,,,,,,,,,,,,Europe & Central Asia,High income
Ireland,IRL,GFDD.DI.04,97.06508,97.80479,97.98629,98.28245,98.75623,99.46177,99.65486,99.72733,99.77562,,,99.96883,,99.97848,99.99644,99.98801,99.9849,99.97,99.84148,99.66682,99.06905,98.94883,98.99563,86.18245,82.87333,79.12068,75.56145,75.7206,77.13502,77.09964,71.99678,Europe & Central Asia,High income
Ireland,IRL,GFDD.DI.05,42.36727,42.85978,42.99538,49.49839,50.53489,68.1591,72.12024,74.47831,75.69728,,,84.85859,86.80936,88.7454,95.53628,101.3258,118.4586,128.0146,136.3562,151.9538,147.5063,132.4115,126.7826,130.2908,129.747,98.77283,104.3135,98.17092,93.93086,98.67864,116.5852,Europe & Central Asia,High income
Ireland,IRL,GFDD.DI.06,1.662148,1.165406,1.099291,0.8876433,0.6647828,0.4234103,0.2780237,0.2415038,0.2083846,,,0.0237532,,0.0192339,0.0038398,0.0152665,0.0221722,0.047699,0.2669756,0.5845917,1.496747,1.49345,1.404454,18.5847,18.87049,15.96005,17.85431,16.01684,13.6709,11.98819,14.64858,Europe & Central Asia,High income
Ireland,IRL,GFDD.DI.11,,,,,,,,,,,,,53.733613,60.314602,69.315547,81.034626,91.58706,94.912304,100.9184,125.91349,134.50571,125.21359,125.27613,120.57986,124.4094,98.124151,100.10953,95.322318,86.337811,90.977621,91.415365,Europe & Central Asia,High income
Ireland,IRL,GFDD.DM.11,,,,,,,,,,,,,,,,377.1324,450.9502,489.2249,433.1812,,,,,,,,,,490.5669,,,Europe & Central Asia,High income
Ireland,IRL,GFDD.EI.08,7.324778,7.091949,7.810576,7.09084,7.387793,8.467781,6.731777,6.080628,5.813692,,,4.392691,3.689037,3.626274,3.04044,2.705119,2.256697,0.8550287,1.839996,5.621175,25.94061,24.88069,27.09433,11.51544,10.66824,7.363773,6.785947,5.686954,5.29317,4.359847,5.219535,Europe & Central Asia,High income
Ireland,IRL,GFDD.OI.02,37.1668,37.79018,38.11383,44.49677,45.54064,63.3075,67.29145,69.68666,70.89812,,,68.79325,67.15835,71.43417,73.7028,77.58284,91.93147,96.45048,99.60327,109.987,102.1636,96.34618,93.48481,99.55689,86.45901,71.55974,75.21125,71.71946,66.43479,69.70039,75.6523,Europe & Central Asia,High income
Ireland,IRL,SH.STA.BRTC.ZS,,,,,,,,,,99.5,99.6,99.6,99.5,99.6,99.7,99.7,99.7,99.7,99.8,99.8,99.8,99.8,99.8,99.8,99.7,99.7,99.7,,,,,Europe & Central Asia,High income
Ireland,IRL,SL.IND.EMPL.ZS,,27.4699993133545,27.2900009155273,27.1499996185303,27.8400001525879,27.7800006866455,27.3299999237061,28.5499992370605,28.6800003051758,28.2999992370605,28.4599990844727,28.9300003051758,27.6200008392334,27.7399997711182,27.6000003814697,27.6000003814697,27.7700004577637,25.7700004577637,23.2900009155273,19.8500003814697,18.0900001525879,17.4500007629395,16.9799995422363,17.2299995422363,17.2999992370605,18.1100006103516,18.5499992370605,18.8400001525879,18.8099994659424,18.7700004577637,,Europe & Central Asia,High income
Isle of Man,IMN,DT.TDS.DPPF.XP.ZS,,,,,,,,,,,,,,,,,,,,,,,,,,,,,,,,Europe & Central Asia,High income
Isle of Man,IMN,EG.ELC.ACCS.ZS,100,100,100,100,100,100,100,100,100,100,100,100,100,100,100,100,100,100,100,100,100,100,100,100,100,100,100,100,100,100,100,Europe & Central Asia,High income
Isle of Man,IMN,GFDD.AI.01,,,,,,,,,,,,,,,,,,,,,,,,,,,,,,,,Europe & Central Asia,High income
Isle of Man,IMN,GFDD.DI.04,,,,,,,,,,,,,,,,,,,,,,,,,,,,,,,,Europe & Central Asia,High income
Isle of Man,IMN,GFDD.DI.05,,,,,,,,,,,,,,,,,,,,,,,,,,,,,,,,Europe & Central Asia,High income
Isle of Man,IMN,GFDD.DI.06,,,,,,,,,,,,,,,,,,,,,,,,,,,,,,,,Europe & Central Asia,High income
Isle of Man,IMN,GFDD.DI.11,,,,,,,,,,,,,,,,,,,,,,,,,,,,,,,,Europe & Central Asia,High income
Isle of Man,IMN,GFDD.DM.11,,,,,,,,,,,,,,,,,,,,,,,,,,,,,,,,Europe & Central Asia,High income
Isle of Man,IMN,GFDD.EI.08,,,,,,,,,,,,,,,,,,,,,,,,,,,,,,,,Europe & Central Asia,High income
Isle of Man,IMN,GFDD.OI.02,,,,,,,,,,,,,,,,,,,,,,,,,,,,,,,,Europe & Central Asia,High income
Isle of Man,IMN,SH.STA.BRTC.ZS,47.7476605124,,,,,,,,,,71.5020540718,,,,,,,,,,81.4306770819,,,,,,,,,,,Europe & Central Asia,High income
Isle of Man,IMN,SL.IND.EMPL.ZS,,,,,,,,,,,,,,,,,,,,,,,,,,,,,,,,Europe & Central Asia,High income
Israel,ISR,DT.TDS.DPPF.XP.ZS,,,,,,,,,,,,,,,,,,,,,,,,,,,,,,,,Middle East & North Africa,High income
Israel,ISR,EG.ELC.ACCS.ZS,100,100,100,100,100,100,100,100,100,100,100,100,100,100,100,100,100,100,100,100,100,100,100,100,100,100,100,100,100,100,100,Middle East & North Africa,High income
Israel,ISR,GFDD.AI.01,,,,,,,,,,,,,,,,,,,1026.2845,1024.4703,1066.9326,1055.1358,944.02276,951.71994,931.47947,1004.4164,989.80897,1119.5158,1108.1028,1072.7017,1075.1089,Middle East & North Africa,High income
Israel,ISR,GFDD.DI.04,,,,,,95.93156,96.02698,96.33907,96.7623,97.0563,97.20271,97.53611,97.94148,98.07637,98.40057,98.87816,99.05363,98.67132,99.51765,97.40236,97.80639,97.94814,97.78143,98.09148,98.54955,98.84306,99.04104,99.29774,99.53901,99.78915,95.98202,Middle East & North Africa,High income
Israel,ISR,GFDD.DI.05,,,,,,67.5173,72.69785,74.24406,79.77078,83.76255,81.26156,87.3111,89.48651,88.6452,87.44993,92.27196,90.42342,93.13547,97.45152,97.93931,73.79617,76.85198,77.21221,78.54609,84.0474,83.58838,84.12719,84.76588,84.18358,85.38827,105.0306,Middle East & North Africa,High income
Israel,ISR,GFDD.DI.06,,,,,,3.570863,3.498824,3.081871,2.787608,2.559826,2.320108,2.218207,1.92621,1.736657,1.441338,1.067165,0.8659925,1.376874,0.4977102,2.640342,2.255518,2.101351,1.728735,1.441375,1.094804,0.8830923,0.7233756,0.5160813,0.3414645,0.1536376,3.366824,Middle East & North Africa,High income
Israel,ISR,GFDD.DI.11,,,,,,,,,,,,,,25.081281,26.067848,27.852348,27.929151,28.500233,26.006127,30.794226,32.230375,31.140173,32.957976,34.256907,35.574993,35.98802,36.304616,38.512172,38.666133,41.301422,44.422625,Middle East & North Africa,High income
Israel,ISR,GFDD.DM.11,,,,,,,,,,3.079998,3.70195,4.652963,7.385118,9.025659,10.01212,11.99122,14.28899,14.06013,9.471499,11.58371,12.10796,11.16023,13.36455,13.37796,14.7161,17.82262,17.99381,18.22975,17.1438,17.98504,17.75142,Middle East & North Africa,High income
Israel,ISR,GFDD.EI.08,42.4278,37.75136,34.20823,30.99611,25.9956,23.09272,22.05032,16.70806,14.47477,12.77932,8.233208,7.976209,7.938128,8.529293,9.206094,9.682112,9.030177,10.22495,10.00459,9.379133,8.973198,9.509804,8.599981,8.469697,8.602102,8.993052,9.395989,7.757751,7.784083,7.831706,11.85867,Middle East & North Africa,High income
Israel,ISR,GFDD.OI.02,,,,,,59.86265,65.21742,67.01062,73.02422,76.38679,74.05857,79.16677,82.52421,80.54523,79.89665,83.5083,81.71545,84.25166,86.69511,85.75643,84.60584,88.1966,66.44505,68.46842,71.71886,72.77036,74.92051,75.8693,73.96048,74.90937,93.53629,Middle East & North Africa,High income
Israel,ISR,SH.STA.BRTC.ZS,,,,,,,,,,,,,,,,,,,,,,,,,,,,,,,,Middle East & North Africa,High income
Israel,ISR,SL.IND.EMPL.ZS,,25.7600002288818,25.5100002288818,25.5499992370605,25.6200008392334,25.0799999237061,24.5499992370605,24,23.4300003051758,22.8500003814697,22.4200000762939,21.7000007629395,21.0799999237061,20.5900001525879,20.1700000762939,19.7700004577637,19.4699993133545,19.1900005340576,18.8099994659424,18.3299999237061,18.0799999237061,17.8299999237061,17.4899997711182,17.7399997711182,17.6800003051758,17.5799999237061,17.5,17.3799991607666,17.2900009155273,17.2299995422363,,Middle East & North Africa,High income
Italy,ITA,DT.TDS.DPPF.XP.ZS,,,,,,,,,,,,,,,,,,,,,,,,,,,,,,,,Europe & Central Asia,High income
Italy,ITA,EG.ELC.ACCS.ZS,100,100,100,100,100,100,100,100,100,100,100,100,100,100,100,100,100,100,100,100,100,100,100,100,100,100,100,100,100,100,100,Europe & Central Asia,High income
Italy,ITA,GFDD.AI.01,,,,,,,,,,,,,,,684.60395,679.60304,687.19147,696.96591,,,,,626.49676,659.09747,665.72969,684.80913,698.50391,667.59729,720.6049,690.96865,715.30464,Europe & Central Asia,High income
Italy,ITA,GFDD.DI.04,87.29253,89.07185,88.91977,88.72752,87.83554,87.881,89.89481,89.77052,91.17426,,,93.57073,95.66901,95.22144,94.82542,94.66906,94.96537,96.1114,96.46008,96.31368,96.53104,95.98164,95.32596,95.06961,94.50266,91.34827,86.84013,82.48066,81.86433,80.55035,75.51385,Europe & Central Asia,High income
Italy,ITA,GFDD.DI.05,60.46838,60.56327,60.62091,63.27462,60.89945,57.75809,55.79761,50.40773,48.69423,,,55.1795,58.67033,62.32812,62.61774,64.14076,65.27504,74.59953,77.79075,84.24299,81.24292,78.87115,83.16267,85.74751,87.98667,90.33267,92.41309,93.96059,94.89255,98.79563,118.61,Europe & Central Asia,High income
Italy,ITA,GFDD.DI.06,9.910702,9.081506,9.947176,10.4172,11.08278,10.40269,8.342606,8.234442,7.091249,,,5.222007,3.478058,4.059755,4.487441,4.803902,4.744218,4.269835,3.962509,4.426283,4.44783,5.206822,6.459344,6.848613,7.603185,12.11857,18.60779,24.25524,24.80289,26.23373,39.89299,Europe & Central Asia,High income
Italy,ITA,GFDD.DI.11,,,,,,,,,,21.761742,23.744417,24.554557,25.339808,27.763811,30.712467,35.803253,35.159507,31.408813,29.513658,33.64844,31.57162,30.207992,31.978958,36.302437,42.041455,46.274122,48.378725,48.927015,49.500245,53.287114,61.710452,Europe & Central Asia,High income
Italy,ITA,GFDD.DM.11,,,,,,,,,,26.96862,26.77666,27.04835,27.6598,29.62453,30.47495,32.00238,33.94825,32.94398,29.14524,36.10057,33.70319,27.89559,28.09216,26.82522,25.39889,28.50319,28.71822,32.78164,29.73741,33.8341,41.76245,Europe & Central Asia,High income
Italy,ITA,GFDD.EI.08,,,,,,,,,,,,15.88422,14.9495,15.77221,14.82567,14.75387,14.02491,24.01749,24.43556,28.271,30.88564,30.44756,38.13154,41.35343,42.21627,40.75663,38.26029,34.27551,36.25399,35.62998,40.88288,Europe & Central Asia,High income
Italy,ITA,GFDD.OI.02,52.96332,53.0626,52.67703,55.185,52.4839,49.51959,47.81316,42.13656,40.31045,,,50.36836,53.85667,56.9571,56.46614,57.40004,58.05222,67.36761,69.84607,75.70375,72.48293,69.96178,73.86164,75.6204,77.56994,79.22766,80.86927,82.14697,82.53496,85.3179,102.9492,Europe & Central Asia,High income
Italy,ITA,SH.STA.BRTC.ZS,,,,,,,,,,,99.8,,99.6,99.6,99.8,99.8,99.8,99.6,99.8,99.8,99.9,99.9,,99.9,99.9,99.9,99.9,,,,,Europe & Central Asia,High income
Italy,ITA,SL.IND.EMPL.ZS,,34.9599990844727,34.6300010681152,34.1100006103516,33.7599983215332,33.6599998474121,33.3499984741211,32.6199989318848,32.7299995422363,32.3800010681152,31.7900009155273,31.7399997711182,31.6000003814697,31.7700004577637,30.8400001525879,30.6800003051758,30.0499992370605,30.1299991607666,29.7999992370605,29.2399997711182,28.6100006103516,28.2900009155273,27.5799999237061,27.0499992370605,26.8999996185303,26.6000003814697,26.1200008392334,26,26.1000003814697,25.8700008392334,,Europe & Central Asia,High income
Jamaica,JAM,DT.TDS.DPPF.XP.ZS,27.0745324084828,29.7653650789415,28.8117932650839,20.9073982618431,18.0357487391471,17.8119303714165,17.8422626345715,16.3645025828281,12.3486492669699,14.9839099387918,15.4250810556378,19.4540298913043,23.7323350027307,21.8253130585175,19.6156379442864,20.99002373865,14.2726219461474,18.7770223010838,15.7512328285454,29.2683204402822,19.6156362034008,27.2971434009455,22.8356882398732,22.8188241418479,28.4817840696023,27.5415195975974,37.2880324310085,24.4511841112056,18.1236447907846,32.5451201509825,32.8726918566032,Latin America & Caribbean,Upper middle income
Jamaica,JAM,EG.ELC.ACCS.ZS,70.334586,77.2288665771484,78.0329208374023,78.836296081543,79.638313293457,80.4382934570313,85.706045,82.0294036865234,82.8191757202148,84.554112,84.3941345214844,87.7081146240234,86.6812896728516,86.6085662841797,87.3378067016602,88.0665054321289,88.7970809936523,89.5321807861328,92,91.0267791748047,92.1999969482422,91.0999984741211,93.0999984741211,93.9000015258789,93.3000030517578,94.9000015258789,96.7379837036133,97.6095809936523,98.4871215820313,99.3676223754883,100,Latin America & Caribbean,Upper middle income
Jamaica,JAM,GFDD.AI.01,,,,,,,,,,,,,,,,,,,,,,,,,,,,,,,,Latin America & Caribbean,Upper middle income
Jamaica,JAM,GFDD.DI.04,79.65476,86.87115,92.10523,84.67424,88.58222,81.84238,80.73552,69.85442,68.16915,68.72406,73.14236,75.83383,77.5457,76.02031,75.49889,78.60619,79.56181,84.76453,81.37135,78.65957,84.48009,84.77187,86.30932,84.94082,79.31819,83.20788,84.68874,85.31631,84.8265,85.37044,81.23933,Latin America & Caribbean,Upper middle income
Jamaica,JAM,GFDD.DI.05,61.95185,60.5216,57.27366,44.47975,43.02819,42.98067,44.30478,47.5933,47.80834,48.30654,40.28453,52.12532,49.08501,46.48216,47.35321,45.67271,47.24047,47.11426,44.20428,44.76186,43.67598,42.54211,43.65915,45.19733,44.81114,47.20844,50.46861,52.3932,53.79356,56.50223,71.28474,Latin America & Caribbean,Upper middle income
Jamaica,JAM,GFDD.DI.06,9.760838,5.138094,3.037436,5.12967,4.103675,6.791526,7.558609,13.37299,15.94477,16.50127,14.18419,13.24122,12.16382,14.35183,13.67213,11.61791,11.06554,8.328146,10.73795,12.44931,7.775292,7.49481,7.123853,7.807066,10.78572,8.484588,8.044497,8.963499,9.670992,9.993373,15.82128,Latin America & Caribbean,Upper middle income
Jamaica,JAM,GFDD.DI.11,,,,,,,,,,,,10.204176,11.746833,13.424807,17.382351,15.97856,16.532943,16.773065,17.101046,18.602977,19.414235,19.470668,21.27842,21.438088,20.86632,20.78343,20.886149,20.58548,19.948195,20.398662,23.422316,Latin America & Caribbean,Upper middle income
Jamaica,JAM,GFDD.DM.11,,,,,,,,,,,,,,,,,,,,2.518607,4.874493,4.871529,8.298081,9.687684,13.4487,15.0097,18.50014,17.85726,16.26283,15.11901,16.67422,Latin America & Caribbean,Upper middle income
Jamaica,JAM,GFDD.EI.08,6.66279,5.11437,12.25125,7.483225,12.25773,9.27762,11.77601,12.5235,10.78003,12.40049,13.06396,28.59923,27.2838,27.14592,22.12414,21.70908,19.63687,19.02799,16.71276,17.28399,15.91847,14.93078,15.92709,14.2758,12.0435,11.95908,12.47735,11.50096,11.58445,10.44714,12.7142,Latin America & Caribbean,Upper middle income
Jamaica,JAM,GFDD.OI.02,42.78174,39.94679,45.13099,35.61552,35.88614,35.91398,33.38746,34.48211,33.85491,33.89948,34.28861,42.15087,43.58853,41.78871,42.53273,40.41769,41.46744,42.1404,39.43148,40.69068,39.59758,38.39086,39.58786,41.21451,40.79214,42.86073,45.6677,47.33302,48.3191,50.73663,63.7403,Latin America & Caribbean,Upper middle income
Jamaica,JAM,SH.STA.BRTC.ZS,,,,93.4,,,90,94.6,,,95.9,98.5,96.9,97.4,,96.7,94.5,93,98.3,98.3,90.1,99.1,,,,99.9,99.7,,,,,Latin America & Caribbean,Upper middle income
Jamaica,JAM,SL.IND.EMPL.ZS,,19.1800003051758,19.0799999237061,19.2099990844727,19.0100002288818,20.2099990844727,20.3199996948242,18.6599998474121,18.2700004577637,17.9799995422363,16.9899997711182,17.1399993896484,17.3099994659424,17.4500007629395,18.2600002288818,17.7700004577637,17.7600002288818,17.0499992370605,16.7800006866455,16.3700008392334,16.2299995422363,16.0599994659424,15.460000038147,15.2200002670288,14.9399995803833,14.9300003051758,15.6599998474121,15.6999998092651,16.1000003814697,16.1800003051758,,Latin America & Caribbean,Upper middle income
Japan,JPN,DT.TDS.DPPF.XP.ZS,,,,,,,,,,,,,,,,,,,,,,,,,,,,,,,,East Asia & Pacific,High income
Japan,JPN,EG.ELC.ACCS.ZS,100,100,100,100,100,100,100,100,100,100,100,100,100,100,100,100,100,100,100,100,100,100,100,100,100,100,100,100,100,100,100,East Asia & Pacific,High income
Japan,JPN,GFDD.AI.01,,,,,,,,,,,,,,,,,,,,,,,,,,,,,,,,East Asia & Pacific,High income
Japan,JPN,GFDD.DI.04,97.96806,98.6126,98.34931,98.20838,98.21733,98.03183,97.63126,97.1346,94.46829,94.90136,95.70247,90.80458,89.80464,89.06247,88.76794,88.77928,90.75845,91.68465,92.68887,92.15414,91.98896,90.69849,88.90327,83.62617,78.62007,73.52792,68.70506,67.63463,66.05379,65.28902,64.88221,East Asia & Pacific,High income
Japan,JPN,GFDD.DI.05,185.6204,184.0579,185.4249,193.5276,195.4646,199.3811,201.6573,209.7343,219.9453,229.1363,229.7271,187.8577,192.5721,192.7595,192.6706,191.5435,190.5936,190.9947,195.1408,197.9957,197.7058,207.0564,209.8007,214.2713,215.8782,213.7419,216.7663,244.0907,248.0703,252.466,280.6681,East Asia & Pacific,High income
Japan,JPN,GFDD.DI.06,4.701852,3.161882,3.863605,4.321096,4.302468,4.807769,5.844328,6.04789,12.66059,11.92601,10.11832,14.73009,16.11599,17.88476,18.29558,18.79942,15.17576,13.32449,12.30293,15.00022,15.50259,18.76283,22.93072,35.20663,47.2687,57.83535,71.62448,74.66866,78.18503,81.42499,92.23851,East Asia & Pacific,High income
Japan,JPN,GFDD.DI.11,38.954295,34.379534,35.571747,38.038244,36.640067,39.339458,39.155132,38.911202,62.050637,65.843569,64.827891,65.587783,66.408799,67.427704,68.284748,74.157468,73.864351,72.522408,69.341321,70.392014,69.001298,71.169614,74.438778,74.441179,76.607525,73.820367,74.661862,74.630189,73.898688,76.215299,80.195119,East Asia & Pacific,High income
Japan,JPN,GFDD.DM.11,,,,,,,,,,21.63751,21.01762,24.2851,28.29899,32.01324,33.61816,35.31671,39.83482,42.58088,38.81166,42.57146,45.60971,43.53246,45.79782,42.82143,43.07553,48.20229,47.43287,49.2859,48.38345,51.23099,59.36826,East Asia & Pacific,High income
Japan,JPN,GFDD.EI.08,56.18832,55.48587,57.65067,61.93046,63.94299,67.50475,69.89387,23.69276,27.95427,34.12094,43.62405,40.16631,43.99203,51.83325,53.91707,54.12353,56.19104,55.39683,62.00869,74.43904,,,,,71.16193,59.83912,54.94907,51.29782,47.00379,45.30879,52.04136,East Asia & Pacific,High income
Japan,JPN,GFDD.OI.02,177.41,176.1953,177.7297,185.2816,187.1764,190.3917,192.2827,200.3199,209.3307,217.9546,217.5075,178.1529,181.7295,182.6421,181.8625,181.2075,179.0667,178.9086,184.3094,200.119,199.3458,208.4471,211.6501,215.402,216.8568,214.4757,218.6006,221.335,224.3427,228.3845,254.1537,East Asia & Pacific,High income
Japan,JPN,SH.STA.BRTC.ZS,99.9,,,,,99.9,100,,,,99.8,99.8,99.8,99.8,99.8,99.8,99.8,99.8,99.8,99.8,99.8,99.8,99.8,,99.8,99.9,99.8,99.9,99.9,,,East Asia & Pacific,High income
Japan,JPN,SL.IND.EMPL.ZS,,34.5900001525879,34.7700004577637,34.439998626709,34.189998626709,33.7000007629395,33.4300003051758,33.2599983215332,32.2200012207031,31.8600006103516,31.4200000762939,30.7000007629395,29.9400005340576,29.1499996185303,28.4300003051758,27.9799995422363,27.7399997711182,27.5,27.1900005340576,26.1499996185303,25.5599994659424,25.3400001525879,25.2700004577637,25.2600002288818,25.0799999237061,24.9699993133545,24.7000007629395,24.6299991607666,24.4300003051758,24.2199993133545,,East Asia & Pacific,High income
Jordan,JOR,DT.TDS.DPPF.XP.ZS,22.1161295247876,24.5940116415527,24.4569079901405,19.4400347430674,17.3774973716388,15.4910684055033,24.9825376642654,21.6783876041531,21.2949269404123,13.0279310541878,14.3493564039132,13.6321955465009,11.453373441014,21.1427918326546,10.2324646408378,7.85360252358817,7.02187700834955,6.69665314364385,19.4032335986237,4.66987005650318,4.61611682726593,5.09320911617854,4.98882018754343,4.81116387512906,6.92641762120626,12.5964927842475,15.0520411889658,9.66368027077474,10.0033104094981,14.646048799236,22.2393581559375,Middle East & North Africa,Upper middle income
Jordan,JOR,EG.ELC.ACCS.ZS,96.8,97.8546829223633,97.9748611450195,98.0943603515625,98.2125015258789,98.3285980224609,98.4419784545898,98.9,98.6578521728516,98.7589111328125,98.9342727661133,98.9780654907227,99.5,99.0452499389648,99.1734390258789,99.1008911132813,100,98.8000030517578,100,99.4000015258789,100,99.6515655517578,99.5,99.7014389038086,99.7484970092773,99.8981704711914,99.9588241577148,100,99.9000015258789,100,99.9000015258789,Middle East & North Africa,Upper middle income
Jordan,JOR,GFDD.AI.01,,,,,,,,,,,,,,,,,,,,,,,,,,,,,,,,Middle East & North Africa,Upper middle income
Jordan,JOR,GFDD.DI.04,73.70753,76.65959,78.09494,81.01155,81.3143,84.98346,85.57761,86.00543,86.97232,88.44742,87.07101,88.36697,90.44392,90.77181,92.10705,91.52959,94.88749,95.79732,93.05247,93.68671,94.57979,94.77357,92.33108,94.35056,96.03242,96.71165,97.05648,98.50607,98.8506,98.74845,98.54861,Middle East & North Africa,Upper middle income
Jordan,JOR,GFDD.DI.05,122.981,132.8506,111.334,109.3489,100.5227,97.88634,93.10679,95.74898,93.38086,105.061,108.1501,111.2252,113.126,123.9873,122.3672,134.6772,127.0525,125.6955,118.4167,135.8447,134.179,126.6423,115.7801,121.3521,121.8073,122.4455,118.0949,108.5389,104.8505,106.3393,114.5103,Middle East & North Africa,Upper middle income
Jordan,JOR,GFDD.DI.06,26.37053,22.60859,18.42094,17.59049,17.65476,13.96049,13.4582,12.82286,12.0605,11.04755,12.86947,12.01889,9.465702,8.549473,7.805856,9.763074,5.917894,4.970313,7.868524,6.946146,5.769374,5.90326,9.250802,6.777924,4.556639,3.748579,3.394011,1.664973,1.31392,1.465605,1.835272,Middle East & North Africa,Upper middle income
Jordan,JOR,GFDD.DI.11,,,,,,,,,,,3.5734725,3.6055922,3.7182254,4.1385144,4.3784036,5.7171008,4.9770049,5.0886972,4.2163805,3.9921036,3.7305992,3.4301831,3.4017438,3.2622791,3.2193089,3.1746063,3.2326626,3.2395578,,,,Middle East & North Africa,Upper middle income
Jordan,JOR,GFDD.DM.11,,,,,,,,,,1.089284,1.466276,3.477507,5.01997,5.893202,6.913409,4.830536,5.414854,1.924851,1.255754,3.554149,3.075525,1.839983,1.011107,0.9725029,1.127215,1.257812,1.292204,1.276871,1.309632,1.306767,1.249624,Middle East & North Africa,Upper middle income
Jordan,JOR,GFDD.EI.08,13.65391,13.90271,12.16786,16.36453,14.4376,12.38557,12.75933,11.09922,13.64484,15.54585,16.97612,18.08587,19.2577,15.63916,18.87041,20.26814,21.00537,24.57978,27.0714,29.86708,29.51606,35.31442,40.17647,42.75444,42.10471,42.02703,39.1409,35.00868,36.68032,38.81001,41.5462,Middle East & North Africa,Upper middle income
Jordan,JOR,GFDD.OI.02,73.29132,98.3947,83.2903,79.37967,76.72784,76.21042,74.77719,77.49137,75.76395,81.75301,87.71775,89.17365,92.05498,100.1802,103.6029,112.6656,108.2209,106.2118,93.98741,97.0646,98.022,97.92828,93.47924,93.39211,94.16964,97.27351,97.88265,93.72793,90.7304,91.6461,95.25914,Middle East & North Africa,Upper middle income
Jordan,JOR,SH.STA.BRTC.ZS,87.2,,,,,,,96.7,,,,,99.5,,,,,99.1,,,,,99.6,,,,,,99.7,,,Middle East & North Africa,Upper middle income
Jordan,JOR,SL.IND.EMPL.ZS,,21.3500003814697,21.6000003814697,21.5400009155273,21.4699993133545,21.4099998474121,21.1900005340576,21.0699996948242,21,20.9400005340576,20.9099998474121,21,21.1200008392334,23.1800003051758,25.8099994659424,26.1200008392334,26.1800003051758,26.3999996185303,26.3999996185303,26.5599994659424,26.2999992370605,25.8500003814697,25.6000003814697,25.3999996185303,25.1100006103516,24.8899993896484,24.6200008392334,24.4300003051758,24.25,24.4500007629395,,Middle East & North Africa,Upper middle income
Kazakhstan,KAZ,DT.TDS.DPPF.XP.ZS,,,,,,3.52613184876323,3.81609258262492,4.42807043889955,7.49795571372429,12.0044480298159,8.82008654053395,4.88476765649276,7.46231184748854,3.11668142277573,3.84873699216716,3.98702060462185,0.823331803475913,1.35541003410765,0.251948074169426,0.372721852149262,0.489770743365204,0.21341165704395,0.350928306226669,0.597451088158546,0.979392297413493,1.60005739081958,2.78327591446083,3.38080508680819,2.12509628523252,3.67866956196494,3.87173352053898,Europe & Central Asia,Upper middle income
Kazakhstan,KAZ,EG.ELC.ACCS.ZS,,,,,,99.9,99.1921157836914,99.2694702148438,99.3427505493164,97,99.5095596313477,99.6500015258789,99.8099975585938,99.9199981689453,99.9599990844727,100,99.7665481567383,100,100,100,100,99.7974700927734,100,100,100,100,100,100,100,100,100,Europe & Central Asia,Upper middle income
Kazakhstan,KAZ,GFDD.AI.01,,,,,,,,,,,,,,,,,,,,,,,,,,,,,,,,Europe & Central Asia,Upper middle income
Kazakhstan,KAZ,GFDD.DI.04,,,,88.6762,84.23357,65.95204,59.09184,58.86079,56.58158,60.68903,88.85088,96.41675,97.24158,99.45143,99.24811,99.20341,99.55529,99.69667,99.01608,97.86981,99.85378,99.85347,99.16843,98.08212,96.68279,92.77534,93.14763,93.56013,93.15189,92.55727,93.51999,Europe & Central Asia,Upper middle income
Kazakhstan,KAZ,GFDD.DI.05,,,,27.43518,13.08644,11.37696,9.850045,10.34596,8.570498,13.58222,15.2704,17.12385,19.17032,21.0701,27.84794,27.20935,36.00615,36.03037,39.04092,44.02306,38.88442,34.52964,33.92788,32.21784,32.26526,34.32679,34.52243,29.1626,26.81856,24.20433,27.84678,Europe & Central Asia,Upper middle income
Kazakhstan,KAZ,GFDD.DI.06,,,,6.335057,4.958096,3.924216,3.967579,4.64665,5.492967,6.048269,1.681361,0.6989619,0.6167513,0.1375735,0.2196461,0.3036617,0.2207596,0.1837577,0.5103821,1.149935,0.0660849,0.0589564,0.3435558,0.7692951,1.298453,2.8711,2.381167,2.084406,1.998075,2.040509,1.911452,Europe & Central Asia,Upper middle income
Kazakhstan,KAZ,GFDD.DI.11,,,,,,,,,,,,,0.54964188,0.4491785,0.75117536,0.96627484,1.3265476,1.7397633,1.6757077,1.7521529,1.5840909,1.372727,1.4271975,1.4501398,1.4899404,2.0084663,1.8423041,1.7040686,1.696082,1.7101484,2.0956726,Europe & Central Asia,Upper middle income
Kazakhstan,KAZ,GFDD.DM.11,,,,,,,,,,0.0059274,0.3624927,6.390314,8.472075,12.71988,11.18879,16.54226,20.78129,19.01847,21.05743,20.53275,19.4845,21.72521,26.80974,26.01592,29.53334,30.20694,39.02822,30.98464,28.02036,30.64438,29.17182,Europe & Central Asia,Upper middle income
Kazakhstan,KAZ,GFDD.EI.08,,,,1.720137,0.1005977,0.5032588,0.6138796,1.513182,1.222228,1.723401,2.289025,2.941498,3.23098,3.022049,2.513701,2.137169,1.647392,1.458374,1.717083,2.567031,5.837245,5.04091,5.096062,4.479921,4.331398,2.863848,2.743419,4.451821,4.57252,4.177488,5.63297,Europe & Central Asia,Upper middle income
Kazakhstan,KAZ,GFDD.OI.02,,,,18.71737,7.767747,6.303553,5.081264,4.788553,4.573921,8.326174,11.01096,13.00936,14.86209,15.85965,19.42388,21.55674,29.89142,29.77456,28.57394,34.805,30.95074,27.6754,27.28997,27.3312,28.02376,37.65747,36.45721,30.03757,26.96785,25.25296,29.65814,Europe & Central Asia,Upper middle income
Kazakhstan,KAZ,SH.STA.BRTC.ZS,99,98.1,98.9,98.6,98.3,99.6,98.1,97.6,98,99.1,98.3,98.5,98.9,99.4,99.4,99.4,99.8,99.5,99.3,99.4,99.4,99.9,99.99,99.99,99.99,99.4,99.9,99.9,99.9,,,Europe & Central Asia,Upper middle income
Kazakhstan,KAZ,SL.IND.EMPL.ZS,,18.1200008392334,17.8199996948242,17.5,17.1800003051758,16.8400001525879,16.6000003814697,16.4200000762939,16.2399997711182,16.1700000762939,16.2399997711182,16.3299999237061,16.2800006866455,16.9599990844727,17.4099998474121,18,18.4300003051758,18.9300003051758,18.9300003051758,18.6399993896484,18.7099990844727,18.9699993133545,19.3899993896484,19.8199996948242,20.2399997711182,20.5599994659424,20.5799999237061,20.6499996185303,20.8199996948242,20.9799995422363,,Europe & Central Asia,Upper middle income
Kenya,KEN,DT.TDS.DPPF.XP.ZS,28.5813419110829,26.2800116959086,23.5000716291414,12.8271578640278,16.9775869322693,20.7266272332593,18.8671524700379,12.938105522293,12.3955275871434,13.0427811195199,17.3021745578641,12.4322904425072,13.6615458898483,14.4781446997628,7.38752998043337,9.46287965934956,6.75630201040244,5.92230900845077,4.63597699712061,4.82997541099341,4.13007657171077,4.00883558618274,4.3549986968959,4.39151558934772,10.9782574254852,6.97779606941198,8.36637801592027,12.2164435469764,20.8883759978072,35.3585296404729,25.4913369610674,Sub-Saharan Africa,Lower middle income
Kenya,KEN,EG.ELC.ACCS.ZS,,,,10.9,3.47343683242798,5.42734336853027,7.37853050231934,9.32631778717041,14.5,13.2088918685913,15.1311712265015,17.0330848693848,18.9274139404297,16,22.7027149200439,24.5883865356445,26.4759292602539,28.3679943084717,30.2672901153564,23,19.2000007629395,36.0356559753418,37.990966796875,39.9661064147949,36,41.5999984741211,53.0999984741211,55.9764099121094,61.2845726013184,69.6999969482422,71.4379425048828,Sub-Saharan Africa,Lower middle income
Kenya,KEN,GFDD.AI.01,,,,,,,,,,,,,,,,,,,,,,,,,,,,,,,,Sub-Saharan Africa,Lower middle income
Kenya,KEN,GFDD.DI.04,70.23097,70.78791,83.39825,63.82723,69.54376,60.3371,77.05431,83.10567,86.21481,88.64253,89.56541,89.36316,89.03391,90.347,89.83627,91.31887,92.23785,94.47962,94.24014,94.19661,94.84554,96.12911,96.95114,96.96015,97.80985,97.81481,98.42989,98.25309,97.86606,98.08482,96.81491,Sub-Saharan Africa,Lower middle income
Kenya,KEN,GFDD.DI.05,29.57702,30.98193,36.5178,37.06529,38.01598,42.23228,35.79168,38.42269,35.80713,35.77077,35.1647,35.23923,38.15765,39.01865,39.32328,38.89399,34.59731,36.05668,36.10548,31.87345,35.51032,36.56949,36.52654,37.79342,42.3013,42.81935,40.32757,39.35203,39.35983,38.00374,41.05729,Sub-Saharan Africa,Lower middle income
Kenya,KEN,GFDD.DI.06,10.67168,11.10458,6.077901,14.77007,13.44221,21.33047,8.493943,6.355637,5.27446,4.455468,3.939536,4.144199,4.475103,4.068446,4.181187,3.457692,2.72804,1.913932,2.110473,1.957878,1.994974,1.492265,1.209196,1.259009,1.038653,1.087935,0.7764578,0.8277624,0.9799046,0.8730138,1.583926,Sub-Saharan Africa,Lower middle income
Kenya,KEN,GFDD.DI.11,,,,,,,,,,,,6.4885222,6.9875105,7.7003499,7.225074,7.3791626,6.6991861,6.8113984,6.2197814,5.6146504,6.409241,5.9769928,6.6347189,6.9837969,7.2212196,6.9141151,6.8565656,6.5880075,6.5138077,6.6395879,,Sub-Saharan Africa,Lower middle income
Kenya,KEN,GFDD.DM.11,,,,,,,,,,,,,,,,,,,0.0178207,0.0361353,0.039842,0.0114305,0.0150024,0.0195277,0.0121505,0.0143693,0.0037459,0.0849996,0.121769,,,Sub-Saharan Africa,Lower middle income
Kenya,KEN,GFDD.EI.08,4.598744,4.926859,6.08148,5.529864,8.238987,5.161907,6.224166,6.263862,8.216541,7.508209,7.369823,8.706251,9.468059,11.61016,8.754522,9.137217,9.650245,9.823188,9.248855,11.42077,14.53608,10.9797,13.53271,13.31676,13.25083,13.20198,14.21991,13.96977,14.47183,14.70565,16.49438,Sub-Saharan Africa,Lower middle income
Kenya,KEN,GFDD.OI.02,24.10153,25.40217,28.97223,29.3743,31.15284,35.7112,30.57358,32.60964,30.30424,29.96478,29.6099,30.78716,32.93837,34.10048,34.39645,34.1988,30.48418,31.58995,32.32663,28.75601,31.75802,32.95835,33.12192,33.40884,38.53749,39.21786,36.89449,36.26152,36.18499,35.41241,37.99851,Sub-Saharan Africa,Lower middle income
Kenya,KEN,SH.STA.BRTC.ZS,,,,45.4,,,,,44.3,,42.6,,,41.6,,,,,,43.8,,,,,61.8,,,,,,,Sub-Saharan Africa,Lower middle income
Kenya,KEN,SL.IND.EMPL.ZS,,16.6399993896484,16.4699993133545,16.2399997711182,16.0100002288818,15.6400003433228,15.2299995422363,14.6400003433228,13.960000038147,13.1300001144409,11.5699996948242,10.1899995803833,9.05000019073486,8.09000015258789,7.34000015258789,6.69999980926514,6.46000003814697,6.28999996185303,6.13000011444092,6.03999996185303,6.01000022888184,6.01000022888184,6.01000022888184,6.03000020980835,6.05999994277954,6.09000015258789,6.13000011444092,6.15999984741211,6.19000005722046,6.21999979019165,,Sub-Saharan Africa,Lower middle income
Kiribati,KIR,DT.TDS.DPPF.XP.ZS,,,,,,,,,,,,,,,,,,,,,,,,,,,,,,,,East Asia & Pacific,Lower middle income
Kiribati,KIR,EG.ELC.ACCS.ZS,,,,,,,,,,,55.1248970031738,56.9190254211426,58.70556640625,60.4868774414063,62.2652969360352,69.6764068603516,68.8000030517578,67.6072235107422,69.3987274169922,64.1900024414063,63.1677360534668,74.8437347412109,76.6912612915039,78.9310607910156,83.4539489746094,90.5581817626953,92.7996139526367,86.1764450073242,88.1031646728516,90.0328521728516,91.9630279541016,East Asia & Pacific,Lower middle income
Kiribati,KIR,GFDD.AI.01,,,,,,,,,,,,,,,,,,,,,,162.35389,177.65686,197.02144,,,,,,,,East Asia & Pacific,Lower middle income
Kiribati,KIR,GFDD.DI.04,,,,,,,,,,,,,,,,,,,,,,,,,,,,,,,,East Asia & Pacific,Lower middle income
Kiribati,KIR,GFDD.DI.05,,,,,,,,,,,,,,,,,,,,,,,,,,,,,,,,East Asia & Pacific,Lower middle income
Kiribati,KIR,GFDD.DI.06,,,,,,,,,,,,,,,,,,,,,,,,,,,,,,,,East Asia & Pacific,Lower middle income
Kiribati,KIR,GFDD.DI.11,,,,,,,,,,,,,,,,,,,,,,,,,,,,,,,,East Asia & Pacific,Lower middle income
Kiribati,KIR,GFDD.DM.11,,,,,,,,,,,,,,,,,,,,,,,,,,,,,,,,East Asia & Pacific,Lower middle income
Kiribati,KIR,GFDD.EI.08,,,,,,,,,,,,,,,,,,,,,,,,,,,,,,,,East Asia & Pacific,Lower middle income
Kiribati,KIR,GFDD.OI.02,,,,,,,,,,,,,,,,,,,,,,,,,,,,,,,,East Asia & Pacific,Lower middle income
Kiribati,KIR,SH.STA.BRTC.ZS,60,,,,72,,,,85,,85,,76,,,63,,,65,79.8,98.3,,,,,,,,,,,East Asia & Pacific,Lower middle income
Kiribati,KIR,SL.IND.EMPL.ZS,,,,,,,,,,,,,,,,,,,,,,,,,,,,,,,,East Asia & Pacific,Lower middle income
"Korea, Rep.",KOR,DT.TDS.DPPF.XP.ZS,,,,,,,,,,,,,,,,,,,,,,,,,,,,,,,,East Asia & Pacific,High income
"Korea, Rep.",KOR,EG.ELC.ACCS.ZS,99.8828430175781,99.9126739501953,99.9422149658203,99.9694366455078,99.9891204833984,100,100,100,100,100,100,100,100,100,100,100,100,100,100,100,100,100,100,100,100,100,100,100,100,100,100,East Asia & Pacific,High income
"Korea, Rep.",KOR,GFDD.AI.01,,,,,,,,,,,,,,,,,,,,,,,,,,,,,,,,East Asia & Pacific,High income
"Korea, Rep.",KOR,GFDD.DI.04,97.25935,97.50159,97.87906,97.90316,98.25596,98.79903,98.95752,97.44063,95.80887,97.89246,98.50318,98.59366,98.88786,98.97349,99.3916,99.10635,98.92302,98.7522,98.8424,98.76901,98.7335,98.80247,98.42911,98.99679,98.97115,99.17084,99.30843,99.32404,99.30785,99.35988,99.09432,East Asia & Pacific,High income
"Korea, Rep.",KOR,GFDD.DI.05,34.25851,34.53706,34.68269,35.60462,35.75343,35.22881,36.32711,37.55189,48.12561,55.67932,63.38665,66.13339,66.12424,66.11012,60.54639,59.2052,58.59584,54.4755,59.86243,63.83694,67.21432,69.5254,70.83333,128,133.3333,135.5422,138.5058,137.5,142.1053,151.5625,164.9485,East Asia & Pacific,High income
"Korea, Rep.",KOR,GFDD.DI.06,1.399659,1.265089,1.045827,1.024522,0.8587276,0.5769024,0.5306702,1.4635,2.717832,1.479746,1.124558,1.122975,0.9507533,0.8933297,0.4968798,0.7564698,0.996537,1.193413,1.202426,1.255504,1.233606,1.158597,1.494292,1.39548,1.469673,1.183006,1.005328,0.983413,1.035016,1.027891,1.584778,East Asia & Pacific,High income
"Korea, Rep.",KOR,GFDD.DI.11,,,,,,,,,,,,,29.296278,31.503581,32.209087,32.53441,34.725486,36.277366,38.121095,42.402698,44.200442,47.151159,53.093116,55.60963,59.689211,61.157271,63.821978,65.097843,65.69407,69.316776,73.610338,East Asia & Pacific,High income
"Korea, Rep.",KOR,GFDD.DM.11,,,,,,,,,,1.379055,0.7793991,1.236456,1.556215,2.295472,3.038022,4.089021,5.790092,4.584232,2.595772,3.054598,2.649422,2.536046,3.018208,3.282068,4.205388,5.521797,8.529561,10.72218,11.82586,13.96356,14.76509,East Asia & Pacific,High income
"Korea, Rep.",KOR,GFDD.EI.08,2.635619,2.382866,2.061499,1.885042,1.692728,1.51608,1.288375,1.509829,2.811051,3.827151,3.834221,10.04167,8.458773,8.223095,9.026439,9.174001,9.844719,8.554102,8.437292,9.537729,9.040387,8.361244,8.465289,9.033665,9.306308,9.574617,9.300247,8.10643,7.456513,7.968985,8.996579,East Asia & Pacific,High income
"Korea, Rep.",KOR,GFDD.OI.02,30.92298,31.34006,31.65014,31.89333,32.28539,31.75,33.20555,34.65168,45.51165,52.42258,60.6527,63.49864,63.58856,63.68911,58.23169,56.88091,56.2724,52.2123,57.33775,61.15065,64.39145,66.50169,67.22956,118.1551,121.8836,124.2235,126.9369,125.7076,130.0977,140.5416,152.5773,East Asia & Pacific,High income
"Korea, Rep.",KOR,SH.STA.BRTC.ZS,98,97.9,,,98.4,,,99.6,,,99.9,,,99.9,,,,,,99.9,,,99.8,,,100,,,,,,East Asia & Pacific,High income
"Korea, Rep.",KOR,SL.IND.EMPL.ZS,,36.8199996948242,35.75,34.0200004577637,33.6300010681152,33.439998626709,32.6399993896484,31.4300003051758,27.9799995422363,27.5100002288818,28.1499996185303,27.4799995422363,27.3199996948242,27.6100006103516,27.1599998474121,26.6599998474121,26.1499996185303,25.7900009155273,25.3099994659424,24.5,25.0200004577637,24.8500003814697,24.5799999237061,27.5799999237061,25,25.3899993896484,25.2000007629395,25.2700004577637,25.2000007629395,24.5799999237061,,East Asia & Pacific,High income
Kosovo,XKX,DT.TDS.DPPF.XP.ZS,,,,,,,,,,,,,,,0.312478828052054,0.396517925758443,0.441448400624058,0.29225547890838,0.0628277723925868,18.7783005902547,1.8580159061383,1.49413793226642,1.47259675321269,1.75758148603902,2.19918016442589,2.61124270473845,4.65625380381153,3.51513699509758,1.56958416873669,2.75981436122952,5.74054398792503,Europe & Central Asia,Upper middle income
Kosovo,XKX,EG.ELC.ACCS.ZS,100,100,100,100,100,100,100,100,100,100,,,,,,,,,,,99,,99.75,99.75,99.6800003051758,99.8600006103516,99.8000030517578,99.8000030517578,,100,,Europe & Central Asia,Upper middle income
Kosovo,XKX,GFDD.AI.01,,,,,,,,,,,,,,,,,,,,,,,,,,,,,,,,Europe & Central Asia,Upper middle income
Kosovo,XKX,GFDD.DI.04,,,,,,,,,,,,,,,,,,,,,98.49631,98.77371,94.03058,94.63647,95.31018,93.5356,90.98951,88.47227,89.59681,91.28122,91.77525,Europe & Central Asia,Upper middle income
Kosovo,XKX,GFDD.DI.05,,,,,,,,,,,,,,,,,,,38.21554,40.00032,43.26905,42.44073,43.28762,44.86415,44.2984,44.53898,45.46844,45.50902,46.82975,49.65929,59.27787,Europe & Central Asia,Upper middle income
Kosovo,XKX,GFDD.DI.06,,,,,,,,,,,,,,,,,,,,,0.5480909,0.4491718,2.356719,2.08492,1.910416,2.724148,4.036469,5.582565,5.231145,4.482453,4.621336,Europe & Central Asia,Upper middle income
Kosovo,XKX,GFDD.DI.11,,,,,,,,,,,,,,,,,,,,,,,,,,,,,,,,Europe & Central Asia,Upper middle income
Kosovo,XKX,GFDD.DM.11,,,,,,,,,,,,,,,,,,,,,,,,,,,,,,,,Europe & Central Asia,Upper middle income
Kosovo,XKX,GFDD.EI.08,,,,,,,,,,,,,,,,,,,,,,,,,,,,,,,,Europe & Central Asia,Upper middle income
Kosovo,XKX,GFDD.OI.02,,,,,,,,,,,,,,,,,,,37.41856,38.97796,42.22213,40.8821,41.3807,42.35099,42.05847,41.33004,42.8127,42.7252,43.87266,47.72496,56.18782,Europe & Central Asia,Upper middle income
Kosovo,XKX,SH.STA.BRTC.ZS,,,,,,,,,,,,,,,,,,,,,,,,,99,,,,,,,Europe & Central Asia,Upper middle income
Kosovo,XKX,SL.IND.EMPL.ZS,,,,,,,,,,,,,,,,,,,,,,,,,,,,,,,,Europe & Central Asia,Upper middle income
Kuwait,KWT,DT.TDS.DPPF.XP.ZS,,,,,,,,,,,,,,,,,,,,,,,,,,,,,,,,Middle East & North Africa,High income
Kuwait,KWT,EG.ELC.ACCS.ZS,100,100,100,100,100,100,100,100,100,100,100,100,100,100,100,100,100,100,100,100,100,100,100,100,100,100,100,100,100,100,100,Middle East & North Africa,High income
Kuwait,KWT,GFDD.AI.01,,,,,,,,,,,,,,,1082.6276,1206.7124,1299.2632,1340.2346,1303.4433,1205.5436,1160.4222,1227.1738,1200.6257,1142.8953,1166.2542,1210.5046,1257.2694,1298.6403,1283.692,1263.3527,1252.9998,Middle East & North Africa,High income
Kuwait,KWT,GFDD.DI.04,,99.34323,98.01225,98.77367,99.19965,99.97063,99.47096,99.54962,99.99888,99.50562,,,,,,99.89973,,,,,,,,,,,,,,,,Middle East & North Africa,High income
Kuwait,KWT,GFDD.DI.05,,192.2391,103.9818,88.46797,91.36722,90.89094,77.74761,82.72237,95.57326,83.73229,70.55305,86.06095,83.22959,72.90321,66.70901,55.46619,54.02392,58.27777,55.4021,81.6356,77.49359,65.26839,60.63085,65.64569,72.63691,99.31934,107.4772,100.454,91.70341,,,Middle East & North Africa,High income
Kuwait,KWT,GFDD.DI.06,,1.39945,2.624217,1.204653,0.8021681,0.0283464,0.4369452,0.426863,0.0012648,0.4918373,,,,,,0.0616025,,,,,,,,,,,,,,,,Middle East & North Africa,High income
Kuwait,KWT,GFDD.DI.11,,,,,,,,,,,,,,,,,,,1.8234569,,,1.655552,,,,,,,,,,Middle East & North Africa,High income
Kuwait,KWT,GFDD.DM.11,,,,,,,,,,,,9.666942,11.12652,11.26386,9.30717,13.14881,15.82044,19.08673,5.619357,6.49753,5.061907,3.481973,3.870948,1.943929,2.596934,4.878856,5.728686,6.34762,5.812685,7.645824,10.11739,Middle East & North Africa,High income
Kuwait,KWT,GFDD.EI.08,,,,,,66.44608,48.50293,47.38495,52.36618,44.3004,31.35205,31.8028,28.02976,21.39525,15.69936,10.43899,7.346888,5.867823,5.038874,6.301342,5.774809,4.438921,3.457011,3.04181,3.376057,4.582077,9.94355,13.81871,9.092269,,,Middle East & North Africa,High income
Kuwait,KWT,GFDD.OI.02,,178.0018,97.47533,83.55531,86.60705,87.05185,74.03464,78.97183,91.16296,78.90225,66.95245,82.31139,79.41446,69.43967,63.67773,53.01336,51.79674,56.30873,53.61568,79.09199,74.94539,62.87099,58.33058,63.27149,70.17309,95.85227,103.2592,96.69605,88.34519,,,Middle East & North Africa,High income
Kuwait,KWT,SH.STA.BRTC.ZS,,,,,,,98.2,,,,,,100,,98.3,98.6,98.7,98.7,98.7,98.7,98.6,98.8,98.8,98.7,98.7,99.9,99.9,,,,,Middle East & North Africa,High income
Kuwait,KWT,SL.IND.EMPL.ZS,,19.6000003814697,20.7999992370605,22.7199993133545,22.9799995422363,23.1100006103516,23.1399993896484,22.7600002288818,21.8700008392334,21.6599998474121,21.9200000762939,21.0499992370605,20.4500007629395,20.6599998474121,20.8600006103516,20.7000007629395,22,23.2999992370605,25.1399993896484,23.9500007629395,23.6900005340576,23.9200000762939,24.0300006866455,23.7800006866455,23.4799995422363,22.5900001525879,22.3799991607666,22.0400009155273,22.1200008392334,22.1499996185303,,Middle East & North Africa,High income
Kyrgyz Republic,KGZ,DT.TDS.DPPF.XP.ZS,,,,0.405348150147288,4.39361612653907,13.2264553297538,8.89320902918614,6.20627085469835,8.90194064740776,5.76888670627241,9.82739548304191,12.3661604365947,11.2452383330578,8.37866542022957,6.55590483807956,6.68325306746717,5.11823762491265,3.42954132143838,2.86439639153413,3.59684191445502,3.66530873361719,3.36529565903299,2.65740396217184,2.47626670244129,3.61441148880455,5.4096635654526,6.32985155002358,6.06252197855773,6.66158163329674,6.49851691410312,8.40577063122728,Europe & Central Asia,Lower middle income
Kyrgyz Republic,KGZ,EG.ELC.ACCS.ZS,,,,,,,,99.8,99.553825378418,99.5655822753906,99.6102447509766,99.5810089111328,100,99.5021209716797,99.4571838378906,99.4423065185547,98.8899993896484,99.5400009155273,99.5100021362305,99.5,99,98.3199996948242,99.8000030517578,98.9300003051758,99.8000030517578,98.6900024414063,99.7099990844727,100,100,99.8742370605469,99.9810485839844,Europe & Central Asia,Lower middle income
Kyrgyz Republic,KGZ,GFDD.AI.01,,,,,,,,,,,,,,,,,,,,74.269305,100.69243,153.3077,202.04582,252.49651,327.8166,474.96889,513.83801,526.96311,592.62702,677.6512,699.61813,Europe & Central Asia,Lower middle income
Kyrgyz Republic,KGZ,GFDD.DI.04,,,,,,50.70774,35.13967,23.45701,30.63636,30.98145,31.92134,34.38224,34.10432,40.90591,52.99367,58.39859,67.70676,78.8002,82.91084,79.3889,80.16009,86.15978,94.1997,96.66903,97.64793,98.17688,99.10658,99.26024,99.38103,99.20903,97.87565,Europe & Central Asia,Lower middle income
Kyrgyz Republic,KGZ,GFDD.DI.05,,,,,,17.20189,13.62569,13.73389,14.49054,13.58331,11.31799,11.1446,14.62655,17.52856,20.57881,21.16029,28.42474,30.35997,25.62315,28.99631,31.40539,27.80799,31.72047,34.0289,32.37259,33.24313,34.42816,36.45179,35.83808,37.19026,47.66798,Europe & Central Asia,Lower middle income
Kyrgyz Republic,KGZ,GFDD.DI.06,,,,,,12.69128,16.71371,14.57624,14.45213,11.87182,9.400547,8.438984,9.474703,8.110315,7.117551,6.535926,5.4546,4.346959,3.060381,3.714501,3.573202,2.088663,0.9342313,0.5996736,0.5341293,0.4463426,0.1990123,0.1735673,0.1569519,0.2139946,0.6537377,Europe & Central Asia,Lower middle income
Kyrgyz Republic,KGZ,GFDD.DI.11,,,,,,,,,,,,,,,,,,0.29063191,,,0.33421625,0.29626305,0.37327442,0.40238696,0.56730822,0.68238613,0.57319362,0.6588611,0.70128219,0.82350018,,Europe & Central Asia,Lower middle income
Kyrgyz Republic,KGZ,GFDD.DM.11,,,,,,,,,,0.0160051,0.2262647,0.2422719,0.3855544,0.3937456,0.7855761,0.6064273,0.6823661,0.5997085,0.625554,1.147322,0.6566586,0.5981154,0.4766375,0.3418033,0.335713,2.322062,2.349399,2.402116,2.355701,2.011085,2.103286,Europe & Central Asia,Lower middle income
Kyrgyz Republic,KGZ,GFDD.EI.08,,,,,,0.5165654,0.3957383,1.053911,1.106187,0.3068501,0.3090675,0.6591476,0.7927468,0.8895836,0.9937506,1.241773,1.012045,1.141278,1.279675,1.677777,1.728477,1.57271,1.877526,1.767572,1.283617,1.341383,1.59617,2.0137,1.949075,2.53933,1.902019,Europe & Central Asia,Lower middle income
Kyrgyz Republic,KGZ,GFDD.OI.02,,,,,,5.199794,3.301112,5.007707,6.213496,6.242021,5.041776,4.355517,5.516241,6.43772,8.80417,8.219374,11.38431,11.59315,9.992105,12.15811,12.58642,11.29702,14.15967,16.60485,18.12861,20.91434,19.87856,20.53925,20.94632,21.68808,26.92419,Europe & Central Asia,Lower middle income
Kyrgyz Republic,KGZ,SH.STA.BRTC.ZS,98.9,98.9,98.7,98.3,98.2,98,98.1,98.1,98.5,98.5,98.6,98.7,98.8,98.9,98.2,97.9,97.6,98.4,98.5,98.5,98.3,98.6,99.1,99,98.4,,,,99.8,,,Europe & Central Asia,Lower middle income
Kyrgyz Republic,KGZ,SL.IND.EMPL.ZS,,26.5499992370605,22.5300006866455,21.3500003814697,19.3400001525879,16.7199993133545,14.5799999237061,13.5299997329712,13.0500001907349,11.5500001907349,10.4700002670288,10.3500003814697,11.9799995422363,15.0100002288818,17.5699996948242,17.5799999237061,19.3999996185303,20.2800006866455,20.6499996185303,20.9300003051758,21.0799999237061,21.3999996185303,21.7099990844727,20.2000007629395,20.4300003051758,20.8999996185303,22.0900001525879,23.1499996185303,24.6299991607666,25.3600006103516,,Europe & Central Asia,Lower middle income
Lao PDR,LAO,DT.TDS.DPPF.XP.ZS,8.59852896749522,6.17754582425563,4.77797359719439,8.31442876792508,4.94734650988241,7.60201570789866,8.05872121896163,6.3378419212963,6.30722060630889,9.46839721659919,7.93557916065931,8.96835459152081,9.38373565745422,10.9046914167053,9.95866247952164,8.06070314466916,4.90925783204148,4.89242442094496,5.15959409740225,6.39452721345903,4.00705539797385,6.69247718423012,5.42857003022472,5.7842351397012,5.34389366114338,5.3856616303859,7.18657685278973,8.21036065433287,9.8745834845659,6.65490581886981,15.0614280243495,East Asia & Pacific,Lower middle income
Lao PDR,LAO,EG.ELC.ACCS.ZS,,,,31,25.6057929992676,25,31.2476997375488,34.0638961791992,36.8760108947754,39.6832847595215,42.4961395263672,45.2667083740234,46.2999992370605,48,53.542308807373,57.2000007629395,57.0410575866699,54.9599990844727,66,67.3593978881836,70.1499404907227,70,76.3666305541992,79.5762557983398,83.1340408325195,89.6999969482422,90.5495300292969,93.5999984741211,97.7971572875977,99.0920867919922,100,East Asia & Pacific,Lower middle income
Lao PDR,LAO,GFDD.AI.01,,,,,,,,,,,,,,,,,,,,,,,,334.97968,392.57001,447.42574,502.8243,540.07933,599.43587,638.53725,601.23259,East Asia & Pacific,Lower middle income
Lao PDR,LAO,GFDD.DI.04,77.45467,83.4296,79.78959,86.23516,86.57439,87.99638,87.70642,77.30426,68.81725,62.96024,68.0384,69.88081,66.68024,69.19269,71.61369,82.91962,77.11454,78.2611,77.89048,74.72921,76.47556,,,,,,,,,,,East Asia & Pacific,Lower middle income
Lao PDR,LAO,GFDD.DI.05,7.237839,7.10931,9.467806,13.23323,14.98763,13.61891,14.19311,18.44448,20.50781,14.95246,16.53862,16.33564,19.96043,19.91759,20.57884,19.07634,20.08524,24.10189,24.29268,30.82413,36.1878,,,,,,,,,,,East Asia & Pacific,Lower middle income
Lao PDR,LAO,GFDD.DI.06,1.895854,1.092962,1.660352,1.348896,1.881477,1.523853,1.681589,4.654915,6.539404,5.477432,4.750096,5.249653,5.552488,4.281187,3.651164,2.112576,2.469793,2.632874,3.48282,6.517208,7.292209,,,,,,,,,,,East Asia & Pacific,Lower middle income
Lao PDR,LAO,GFDD.DI.11,,,,,,,,,,,,,,,,,,,,,,,,,,0.83454489,0.87577673,0.73199779,1.2461112,0.85367674,,East Asia & Pacific,Lower middle income
Lao PDR,LAO,GFDD.DM.11,,,,,,,,,,,,,,,,,,,,,,,,,,,,,,,,East Asia & Pacific,Lower middle income
Lao PDR,LAO,GFDD.EI.08,2.916674,1.304459,0.9716517,0.9186532,1.913443,1.412645,1.890819,2.31056,3.377828,2.349115,2.152346,3.346871,3.22718,3.073655,2.777339,2.992671,2.340533,2.60767,2.477247,1.840862,2.646267,,,,,,,,,,,East Asia & Pacific,Lower middle income
Lao PDR,LAO,GFDD.OI.02,4.091903,4.385148,6.608346,9.73733,11.5019,10.66218,11.70292,16.02249,19.01186,14.1994,16.00982,15.6035,18.66618,18.04117,17.90511,15.82173,16.5772,19.56969,19.62132,24.3422,29.42151,,,,,,,,,,,East Asia & Pacific,Lower middle income
Lao PDR,LAO,SH.STA.BRTC.ZS,,,,,,,,,,,16.7,19.4,,,,14.6,18.9,,,,37,,40.1,,,,,64.4,,,,East Asia & Pacific,Lower middle income
Lao PDR,LAO,SL.IND.EMPL.ZS,,2.79999995231628,2.91000008583069,3.07999992370605,3.30999994277954,3.51999998092651,3.82999992370605,3.85999989509583,4.1399998664856,4.3899998664856,4.55999994277954,4.84000015258789,5.13000011444092,5.40000009536743,5.67999982833862,6.05000019073486,6.28999996185303,6.92999982833862,7.30000019073486,7.90000009536743,8.31999969482422,8.86999988555908,9.5600004196167,10.1599998474121,10.4399995803833,10.9899997711182,11.3500003814697,11.9300003051758,12.6499996185303,12.9399995803833,,East Asia & Pacific,Lower middle income
Latvia,LVA,DT.TDS.DPPF.XP.ZS,,,,,,,,,,,,,,,,,,,,,,,,,,,,,,,,Europe & Central Asia,High income
Latvia,LVA,EG.ELC.ACCS.ZS,100,100,100,100,100,100,100,100,100,100,100,100,100,100,100,100,100,100,100,100,100,100,100,100,100,100,100,100,100,100,100,Europe & Central Asia,High income
Latvia,LVA,GFDD.AI.01,,,,,,,,,,,,,,,943.71924,959.23665,1059.4016,1204.2822,1248.7056,1278.7728,1387.5066,1274.861,1326.9457,1373.7525,1348.9253,1326.7601,1262.3514,1395.5888,1343.9257,1252.1026,1265.4699,Europe & Central Asia,High income
Latvia,LVA,GFDD.DI.04,,,,,,89.65866,94.39893,87.43931,89.04041,93.26032,93.67694,97.35419,96.49664,97.91597,97.77618,98.49818,,,,,,,,,,96.10468,94.47813,92.2812,90.23212,88.18089,80.78796,Europe & Central Asia,High income
Latvia,LVA,GFDD.DI.05,,,,,,,,,,,,,,,,,,,,,50.87357,46.40292,43.5906,42.77549,60.5736,62.47729,64.36401,62.6287,64.16027,65.2392,76.39319,Europe & Central Asia,High income
Latvia,LVA,GFDD.DI.06,,,,,,1.380411,0.6785239,1.921779,1.916197,1.308924,1.522082,0.8251778,1.288603,0.9216461,1.192488,1.031045,,,,,,,,,,2.120289,2.979742,3.820721,4.22933,4.878093,8.972457,Europe & Central Asia,High income
Latvia,LVA,GFDD.DI.11,,,,,,,,1.2511231,1.4072728,1.5082282,1.5514982,1.5244051,1.4949434,1.5038771,1.397223,1.3783138,1.4160053,1.4533063,1.6066783,1.8954822,2.8484404,2.5693395,2.5276533,2.3319963,2.4426428,2.6195554,2.3738971,2.6152973,3.2017659,4.654097,5.0540587,Europe & Central Asia,High income
Latvia,LVA,GFDD.DM.11,,,,,,,,,,4.620597,5.743321,4.170205,5.598901,7.00524,6.120647,5.900168,5.6985,5.223616,4.607807,5.914522,6.462,6.612176,8.718017,9.40325,25.13153,38.25193,43.62995,50.49965,38.13227,37.9337,51.74907,Europe & Central Asia,High income
Latvia,LVA,GFDD.EI.08,,,,20.08596,2.877073,3.25967,3.323391,2.143613,1.260604,2.068972,2.54165,2.968866,2.653121,3.562551,2.829664,2.327576,1.941863,1.387431,4.819,,4.433884,3.491224,3.59416,3.419929,3.132169,4.004537,4.280423,3.557607,2.462821,2.029548,3.307244,Europe & Central Asia,High income
Latvia,LVA,GFDD.OI.02,,,,,,11.89326,11.75626,14.88066,14.60428,14.88616,18.37828,20.786,22.82573,25.43446,29.2993,34.0245,38.47549,34.3625,30.52503,,44.54893,39.20797,36.82646,40.02372,39.63887,41.5715,43.58858,42.46893,41.61071,43.01532,51.1189,Europe & Central Asia,High income
Latvia,LVA,SH.STA.BRTC.ZS,100,100,100,100,100,100,100,100,100,100,100,99,100,99,100,100,100,99.4,99.1,98.9,98.8,98.6,98.6,98.4,98.1,99.9,99.9,99.9,,,,Europe & Central Asia,High income
Latvia,LVA,SL.IND.EMPL.ZS,,30.7299995422363,29.1599998474121,28.2000007629395,28.1499996185303,27.6399993896484,27.25,25.8299999237061,27.0499992370605,25.7600002288818,26.7600002288818,26.2700004577637,25.5400009155273,27.0699996948242,26.9400005340576,26.4799995422363,27.3700008392334,28.6299991607666,29.3999996185303,24.3400001525879,23.0699996948242,22.9099998474121,23.4799995422363,23.9200000762939,23.8500003814697,23.6499996185303,24.1100006103516,23.3099994659424,23.6599998474121,23.7199993133545,,Europe & Central Asia,High income
Least developed countries: UN classification,LDC,DT.TDS.DPPF.XP.ZS,17.5558995270776,18.3814282608156,12.2268115408847,11.7771801344778,12.2209129212624,13.8299899013949,14.5332374725007,13.2411862224882,15.7598536392574,13.8705287161458,12.4764242570636,13.4745866855662,9.75219272935299,9.90457913454327,9.02622697190178,7.06723213914589,7.00808706560755,6.28309797540634,3.5309703630931,5.39898302818067,3.55154057157146,3.50598800877637,4.56634764598907,5.57599135013361,6.04414782427928,7.45938829067436,9.41350984792847,8.10104288737803,8.34634083623438,9.96694160109707,10.2497318156996,,
Least developed countries: UN classification,LDC,EG.ELC.ACCS.ZS,,,,,,,,,,,20.0751191549465,20.8913199082663,22.9113736154831,24.4036585824387,25.0303842836556,26.2055037369201,28.8460572857294,29.5784576385991,30.8661327706677,32.5119587662897,33.0881755132663,34.8124077044345,38.2963875067201,38.3772135407499,39.618098971667,42.5340263288604,46.4522752203525,50.3420612549504,52.1893993583102,52.9290034230591,54.6963805479401,,
Least developed countries: UN classification,LDC,GFDD.AI.01,,,,,,,,,,,,,,,,,,,,,,,,,,,,,,,,,
Least developed countries: UN classification,LDC,GFDD.DI.04,,,,,,,,,,,,,,,,,,,,,,,,,,,,,,,,,
Least developed countries: UN classification,LDC,GFDD.DI.05,,,,,,,,,,,,,,,,,,,,,,,,,,,,,,,,,
Least developed countries: UN classification,LDC,GFDD.DI.06,,,,,,,,,,,,,,,,,,,,,,,,,,,,,,,,,
Least developed countries: UN classification,LDC,GFDD.DI.11,,,,,,,,,,,,,,,,,,,,,,,,,,,,,,,,,
Least developed countries: UN classification,LDC,GFDD.DM.11,,,,,,,,,,,,,,,,,,,,,,,,,,,,,,,,,
Least developed countries: UN classification,LDC,GFDD.EI.08,,,,,,,,,,,,,,,,,,,,,,,,,,,,,,,,,
Least developed countries: UN classification,LDC,GFDD.OI.02,,,,,,,,,,,,,,,,,,,,,,,,,,,,,,,,,
Least developed countries: UN classification,LDC,SH.STA.BRTC.ZS,,,,,,,,,,,30.1432556836471,,,,,,,,,,45.4773010581097,,,,,,,,61.3281880191363,,,,
Least developed countries: UN classification,LDC,SL.IND.EMPL.ZS,,8.44101586497166,8.33716543452891,8.22988846544067,8.08801572317116,8.07485378704479,8.06724709175694,8.19857840831322,8.32602290625212,8.46438866880967,8.61880693770074,8.83404672197431,9.06664906095304,9.31677046181751,9.53100598538712,9.79203052494216,10.101816833689,10.3671381164262,10.6310430645509,10.90984149605,11.245691220203,11.4468117388668,11.7277247100148,11.9450261785959,12.2420755633662,12.365920094125,12.3923019561232,12.4298738449648,12.5912954932033,12.6513951704892,,,
Lebanon,LBN,DT.TDS.DPPF.XP.ZS,,,,,,,,,,,,,28.8384976095013,23.3677818431758,31.5499783396254,20.7506410739166,23.8860811868952,21.5360232162318,17.1811424723479,19.6283666071053,17.6069268239252,21.0058165424884,17.6249553940751,15.576077323149,18.531508400936,17.9068121285831,20.3551378939086,21.7126205423396,21.5666617233206,23.7848996195216,3.51608377748699,Middle East & North Africa,Lower middle income
Lebanon,LBN,EG.ELC.ACCS.ZS,,,,,,,,,,,99.3515930175781,99.346565246582,99.3339538574219,99.3161087036133,99.9000015258789,99.2741088867188,99.3838195800781,97.8000030517578,99.9000015258789,99.234489440918,99.4744110107422,99.6840133666992,99.5067596435547,99.4955139160156,99.4823226928711,99.5831756591797,99.7256240844727,99.8798294067383,99.6999969482422,99.9748687744141,100,Middle East & North Africa,Lower middle income
Lebanon,LBN,GFDD.AI.01,,,,,,,,,,,,,,,,667.04341,678.97796,696.18007,736.9127,766.77053,773.42007,766.68847,711.86497,647.72012,625.3002,610.96876,583.0168,578.16942,558.51754,531.63593,492.665,Middle East & North Africa,Lower middle income
Lebanon,LBN,GFDD.DI.04,78.65637,92.32745,95.97563,95.45237,99.29367,99.03958,98.4005,96.81918,97.98466,98.33294,94.42039,85.73228,91.25604,77.07811,76.81356,76.02036,78.87287,80.92562,82.80946,83.36983,83.17223,82.47324,81.79765,84.687,84.06729,81.11625,75.61615,73.95075,,,,Middle East & North Africa,Lower middle income
Lebanon,LBN,GFDD.DI.05,193.7314,126.3158,117.6542,113.3705,121.8497,120.433,134.4088,142.5551,153.5003,170.9381,189.2191,198.8589,198.0379,213.4953,223.0827,229.4481,241.4366,240.7602,235.6071,231.8359,239.3183,243.035,235.7169,236.5073,244.1032,246.567,258.0722,259.166,,,,Middle East & North Africa,Lower middle income
Lebanon,LBN,GFDD.DI.06,30.76148,6.261631,3.310659,3.414434,0.6487616,0.9323708,1.869904,3.886223,2.880695,2.769309,10.33666,28.30853,16.42893,43.06463,45.58859,47.20313,43.79828,37.27271,33.13391,30.04619,31.38311,33.77117,34.85646,30.51776,32.5703,39.91649,53.81608,56.89103,58.35919,,,Middle East & North Africa,Lower middle income
Lebanon,LBN,GFDD.DI.11,,,,,,,,,,,,4.5071455,,,,6.577185,7.0617295,7.681177,7.4126209,7.5865506,8.0116609,8.4866419,8.4732666,8.5565092,8.9084168,8.7941149,8.9804321,9.0795622,9.1024285,9.4355965,,Middle East & North Africa,Lower middle income
Lebanon,LBN,GFDD.DM.11,,,,,,,,,,,,,,,,,,,,,,,,,,,,,,,,Middle East & North Africa,Lower middle income
Lebanon,LBN,GFDD.EI.08,35.37268,32.12658,33.06818,31.00747,45.76252,44.70134,59.8843,55.35249,69.39478,,,,,71.53183,,,,,,,,73.19315,70.6952,,,,67.81077,60.12164,0.3330711,,,Middle East & North Africa,Lower middle income
Lebanon,LBN,GFDD.OI.02,176.7699,115.1199,109.5877,104.1923,115.8666,114.762,127.8522,137.3481,148.4775,165.1367,182.8678,192.5591,192.0566,204.1003,214.0178,221.0379,233.0369,232.3998,227.5971,223.7112,230.775,236.5598,229.1568,229.6451,237.0977,239.1392,250.1193,250.3682,,,,Middle East & North Africa,Lower middle income
Lebanon,LBN,SH.STA.BRTC.ZS,,,,,,,89,,,,99.9,,,,98.2,,,,,,,,,,,,,,,,,Middle East & North Africa,Lower middle income
Lebanon,LBN,SL.IND.EMPL.ZS,,24.3600006103516,24.8700008392334,25.2000007629395,25.2900009155273,25.3799991607666,25.3400001525879,24.9400005340576,25,24.6499996185303,24.4300003051758,24.3799991607666,24.2700004577637,24.2099990844727,24.5599994659424,24.4799995422363,24.3899993896484,25.0300006866455,25.5400009155273,26.2000007629395,26.2800006866455,26.1299991607666,26.0100002288818,26.1200008392334,25.8299999237061,25.3299999237061,25.0599994659424,24.7000007629395,24.2399997711182,23.5900001525879,,Middle East & North Africa,Lower middle income
Lesotho,LSO,DT.TDS.DPPF.XP.ZS,4.15966988545244,4.47328433940095,5.18913123358132,5.27385507656356,5.36712197154274,6.0645000914516,5.55996553692832,6.50338690850176,8.5169421124082,10.1192968479073,7.47327215544411,8.14670234518429,7.72955634544963,5.4555974663409,3.66056416530727,5.70195074704916,3.04488114333505,5.90461718764834,2.23142049163033,2.59596002350365,2.09216952745051,2.09085359667524,2.44042763656672,2.93882139882607,3.0870269245678,3.68770793446756,3.89256115777749,3.33694060427079,3.73666594201616,4.44975818343629,5.15806266523957,Sub-Saharan Africa,Lower middle income
Lesotho,LSO,EG.ELC.ACCS.ZS,,,,,,,,,,,4.25875997543335,1.25226926803589,3.36165857315063,5.46581268310547,6.80000019073486,9.66781139373779,9.69999980926514,13.8775405883789,15.9918966293335,17,17,22.4054412841797,20.5599994659424,26.7660140991211,27.7999992370605,31.6773338317871,35.071590423584,33.7000007629395,47,44.5002098083496,47.3527374267578,Sub-Saharan Africa,Lower middle income
Lesotho,LSO,GFDD.AI.01,,,,,,,,,,,,,,,214.05303,258.23959,340.85752,210.07866,212.07655,223.38721,283.50575,354.85418,286.48241,316.09916,326.28626,348.96922,363.51315,385.38977,413.82558,391.91212,414.78143,Sub-Saharan Africa,Lower middle income
Lesotho,LSO,GFDD.DI.04,58.70227,44.80719,78.68749,70.48608,77.48863,73.16354,72.62713,86.74947,87.46516,92.45963,92.65657,86.09402,90.09657,88.71625,82.58266,83.7934,84.31691,86.12202,77.67924,86.8601,90.48627,92.45766,89.75795,85.37735,86.16226,84.55226,84.41969,88.17873,90.74504,93.81487,90.85007,Sub-Saharan Africa,Lower middle income
Lesotho,LSO,GFDD.DI.05,40.64073,35.54654,32.25624,34.24957,33.25348,31.33621,32.79573,33.2915,34.46143,30.08733,27.62254,28.03242,26.5147,26.23518,24.33468,24.23285,28.77828,34.44128,33.45796,38.95847,40.21169,35.67287,35.13456,37.92134,33.987,33.66181,30.75904,39.39849,40.2759,34.39148,38.13655,Sub-Saharan Africa,Lower middle income
Lesotho,LSO,GFDD.DI.06,19.15683,30.48218,5.793489,9.506873,7.653764,8.173516,8.077861,3.899684,3.068996,2.196493,1.930018,3.659838,2.504964,2.154958,2.360089,2.258656,2.277882,2.410636,3.80899,2.273441,1.694295,1.471518,2.565689,3.876745,3.437939,3.797354,3.785778,3.074827,2.485719,1.758544,2.56266,Sub-Saharan Africa,Lower middle income
Lesotho,LSO,GFDD.DI.11,,,,,,,,,,,,,,,,,,,,,14.119211,13.988022,15.104125,15.709057,15.647257,15.984148,16.683237,18.80215,18.58282,,,Sub-Saharan Africa,Lower middle income
Lesotho,LSO,GFDD.DM.11,,,,,,,,,,,,,,,,,,,,,,,,,,,,,,,,Sub-Saharan Africa,Lower middle income
Lesotho,LSO,GFDD.EI.08,11.06508,8.496593,5.837322,4.79176,4.371148,4.387015,5.425406,4.492884,5.578853,12.84543,11.18838,10.91133,11.32811,12.79916,6.796617,5.149897,5.689211,4.813018,3.359838,2.498788,2.725417,3.717165,3.920963,2.735476,2.187974,2.691835,2.65495,3.118779,4.106238,6.131154,6.957565,Sub-Saharan Africa,Lower middle income
Lesotho,LSO,GFDD.OI.02,36.76588,33.64368,30.57438,32.64717,31.56782,28.81046,30.49408,31.10695,31.61209,27.64763,24.98795,23.06327,22.33502,22.21012,20.29434,20.45504,24.66314,30.27459,29.73931,34.30525,35.83715,31.80134,31.25497,33.70553,30.21404,30.16596,27.59198,35.65599,36.97871,31.01095,34.38913,Sub-Saharan Africa,Lower middle income
Lesotho,LSO,SH.STA.BRTC.ZS,,,,60.9,37.6,,,,,,48.1,,,,55.4,55.4,,,,61.5,,,,,77.9,,,,86.6,,,Sub-Saharan Africa,Lower middle income
Lesotho,LSO,SL.IND.EMPL.ZS,,12.9700002670288,12.9899997711182,13.0200004577637,13.0100002288818,13.0100002288818,13.0299997329712,13.0500001907349,13.039999961853,13,13.0600004196167,13.289999961853,13.460000038147,13.4300003051758,13.5100002288818,13.460000038147,13.6099996566772,13.6000003814697,13.6599998474121,13.5900001525879,13.5100002288818,13.5699996948242,13.5699996948242,13.5900001525879,13.6400003433228,13.7299995422363,13.6999998092651,13.5100002288818,13.4399995803833,13.3100004196167,,Sub-Saharan Africa,Lower middle income
Liberia,LBR,DT.TDS.DPPF.XP.ZS,,,,,,,,,,,,,,,0.431179349436464,0.519694451413844,0.411316797187544,114.386759324615,119.680066158754,5.81178084488622,1.70997861340934,0.746069405439398,1.17284409501421,0.937120230886139,2.39825869845501,7.9253062664569,1.20138522585248,1.74239653385406,2.80245978901414,5.52056128453745,9.64837905089899,Sub-Saharan Africa,Low income
Liberia,LBR,EG.ELC.ACCS.ZS,,,,,,,,,,,,,,,,,,3,1.27928960323334,1.89999997615814,5.16266441345215,4.09999990463257,9.10747241973877,9.80000019073486,9.39999961853027,15.161735534668,17.7000007629395,24.2000007629395,22.8791332244873,23.1000003814697,27.5347099304199,Sub-Saharan Africa,Low income
Liberia,LBR,GFDD.AI.01,,,,,,,,,,,,,,,,,,,,,,,,,,,,,,,,Sub-Saharan Africa,Low income
Liberia,LBR,GFDD.DI.04,,,,,,,,,,,2.982488,3.521963,3.448911,3.422887,4.032106,4.747081,5.710018,6.942932,9.068085,12.32309,39.1097,44.70761,46.77388,52.30963,51.4905,53.17356,51.25796,56.71008,53.14451,52.85371,45.60543,Sub-Saharan Africa,Low income
Liberia,LBR,GFDD.DI.05,,,,,,,,,,,7.14117,6.473869,5.121128,7.706813,9.658298,11.82918,13.33964,14.83887,16.45346,20.73838,22.88725,26.36205,22.64981,23.82678,22.1447,23.49035,22.21414,20.48672,21.47364,21.07223,21.88403,Sub-Saharan Africa,Low income
Liberia,LBR,GFDD.DI.06,,,,,,,,,,,103.9041,94.98222,102.4922,119.3045,115.7309,104.7478,98.24866,85.25422,68.07961,67.54858,15.84279,13.95816,12.92079,12.76365,13.06979,14.06323,15.70925,14.20576,17.40295,16.91651,20.04823,Sub-Saharan Africa,Low income
Liberia,LBR,GFDD.DI.11,,,,,,,,,,,,,,,,,,,,,,,,,1.240458,1.5171545,,,,,,Sub-Saharan Africa,Low income
Liberia,LBR,GFDD.DM.11,,,,,,,,,,,,,,,,,,,,,,,,,,,,,,,,Sub-Saharan Africa,Low income
Liberia,LBR,GFDD.EI.08,,,,,,,,,,,53.17509,71.27998,,,,,,72.78925,41.84716,,73.17574,,,,,,,,,,,Sub-Saharan Africa,Low income
Liberia,LBR,GFDD.OI.02,,,,,,,,,,,3.653889,2.901406,3.182347,4.331192,5.952179,7.776118,9.171823,10.51736,12.55137,16.65298,18.63853,21.67038,18.77031,20.25052,17.94809,19.5396,18.24649,16.43019,17.53307,17.20292,17.91815,Sub-Saharan Africa,Low income
Liberia,LBR,SH.STA.BRTC.ZS,,,,,,,,,,,50.9,,,,,,,46.3,,,,,,61.1,,,,,,,84.4,Sub-Saharan Africa,Low income
Liberia,LBR,SL.IND.EMPL.ZS,,12.1700000762939,11.5600004196167,10.9899997711182,10.4899997711182,10.039999961853,9.78999996185303,9.9399995803833,10.1499996185303,10.3900003433228,10.6499996185303,10.9399995803833,11,10.8800001144409,10.8599996566772,10.8199996948242,10.8100004196167,10.789999961853,10.7700004577637,10.7700004577637,10.789999961853,10.8100004196167,10.8199996948242,10.8100004196167,10.75,10.6400003433228,10.4799995422363,10.3900003433228,10.2799997329712,10.1499996185303,,Sub-Saharan Africa,Low income
Libya,LBY,DT.TDS.DPPF.XP.ZS,,,,,,,,,,,,,,,,,,,,,,,,,,,,,,,,Middle East & North Africa,Upper middle income
Libya,LBY,EG.ELC.ACCS.ZS,,,,,,,,,,,99.8000030517578,97.1470565795898,95.4233703613281,93.6944427490234,91.9626388549805,90.2302856445313,88.4998168945313,86.7738647460938,85.0551376342773,83.3463592529297,81.6502227783203,79.9694519042969,78.3067474365234,76.6638717651367,75.0388031005859,73.4285736083984,71.8302230834961,70.2407684326172,67,68.6424026489258,69.7073516845703,Middle East & North Africa,Upper middle income
Libya,LBY,GFDD.AI.01,,,,,,,,,,,,,,,654.76805,640.62221,627.29416,616.37526,611.63048,625.51845,637.94716,791.94464,866.02547,,,,,,,,,Middle East & North Africa,Upper middle income
Libya,LBY,GFDD.DI.04,42.65417,39.80018,42.10045,43.34554,41.80186,41.06575,38.39736,45.59508,44.47969,50.7419,43.25905,48.70447,49.77883,49.78221,71.70915,63.10826,61.8881,53.63794,72.57574,62.46035,58.12059,53.03564,63.8355,65.80661,38.30496,,,21.34688,19.41467,21.19094,,Middle East & North Africa,Upper middle income
Libya,LBY,GFDD.DI.05,64.31309,57.97489,63.58396,68.8684,73.50381,75.15748,66.57277,59.35155,61.31542,55.27269,48.51145,48.0597,40.46219,33.34359,29.61746,26.56471,25.99537,30.39245,42.78396,71.25803,51.64331,142.8431,62.60109,101.4612,216.1638,315.7433,355.424,252.3045,183.7452,188.7235,449.954,Middle East & North Africa,Upper middle income
Libya,LBY,GFDD.DI.06,61.92255,64.97645,58.3848,60.45325,63.56379,64.34153,57.73515,50.8294,53.50167,42.13877,47.99823,45.99186,31.73098,25.78987,6.23567,6.328898,6.319129,8.547548,4.468889,11.70577,10.8199,29.21899,9.15162,14.49047,103.2328,,,160.2282,125.5412,122.8641,,Middle East & North Africa,Upper middle income
Libya,LBY,GFDD.DI.11,,,,,,,,,,,,,,,,,,,,,,,,,,,,,,,,Middle East & North Africa,Upper middle income
Libya,LBY,GFDD.DM.11,,,,,,,,,,,,,,,,,,,,,,,,,,,,,,,,Middle East & North Africa,Upper middle income
Libya,LBY,GFDD.EI.08,17.40421,16.19607,15.36871,15.89342,15.12706,14.17997,13.68033,20.29158,20.5601,19.50099,16.16691,24.09986,14.28778,12.81938,5.499699,3.468493,3.717819,3.716442,3.287634,6.145949,4.93287,11.72935,5.352623,7.986738,18.50375,29.46564,26.9244,14.51864,10.00803,12.32977,33.16025,Middle East & North Africa,Upper middle income
Libya,LBY,GFDD.OI.02,33.46822,33.26598,36.73081,38.41448,44.30062,45.62994,40.55665,36.67509,39.92489,38.14557,33.2613,32.17885,28.1131,23.75732,21.72754,18.89143,19.01141,23.76149,35.84686,55.80672,41.8823,100.3396,46.68648,78.58273,154.3731,210.616,242.0947,174.9085,120.3822,118.7975,295.3071,Middle East & North Africa,Upper middle income
Libya,LBY,SH.STA.BRTC.ZS,,,,,,94.4,,,,99,,,,,,,,98.3,99.8,,99.9,99.9,99.9,99.9,,,,,,,,Middle East & North Africa,Upper middle income
Libya,LBY,SL.IND.EMPL.ZS,,27.6900005340576,27.4599990844727,27.4699993133545,27.4099998474121,26.8600006103516,26.8700008392334,26.7000007629395,26.3899993896484,26.8199996948242,27,26.6499996185303,26.6900005340576,27.4699993133545,27.5900001525879,28.4099998474121,28.7900009155273,29.0599994659424,29.4899997711182,29.5699996948242,29.4799995422363,27.75,26.8299999237061,25.25,23.8199996948242,22.8799991607666,22.4400005340576,23.6200008392334,24.3899993896484,24.4300003051758,,Middle East & North Africa,Upper middle income
Liechtenstein,LIE,DT.TDS.DPPF.XP.ZS,,,,,,,,,,,,,,,,,,,,,,,,,,,,,,,,Europe & Central Asia,High income
Liechtenstein,LIE,EG.ELC.ACCS.ZS,100,100,100,100,100,100,100,100,100,100,100,100,100,100,100,100,100,100,100,100,100,100,100,100,100,100,100,100,100,100,100,Europe & Central Asia,High income
Liechtenstein,LIE,GFDD.AI.01,,,,,,,,,,,,,,,,,,,,,,,,,,,,,,,,Europe & Central Asia,High income
Liechtenstein,LIE,GFDD.DI.04,,,,,,,,,,,,,,,,,,,,,,,,,,,,,,,,Europe & Central Asia,High income
Liechtenstein,LIE,GFDD.DI.05,,,,,,,,,,,,,,,,,,,,,,,,,,,,,,,,Europe & Central Asia,High income
Liechtenstein,LIE,GFDD.DI.06,,,,,,,,,,,,,,,,,,,,,,,,,,,,,,,,Europe & Central Asia,High income
Liechtenstein,LIE,GFDD.DI.11,,,,,,,,,,,,,,,,,,,,,,,,,,,,,,,,Europe & Central Asia,High income
Liechtenstein,LIE,GFDD.DM.11,,,,,,,,,,,,,,,,,,,,,,,,,,,,,,,,Europe & Central Asia,High income
Liechtenstein,LIE,GFDD.EI.08,,,,,,,,,,,,,,,,,,,,,,,,,,,,,,,,Europe & Central Asia,High income
Liechtenstein,LIE,GFDD.OI.02,,,,,,,,,,,,,,,,,,,,,,,,,,,,,,,,Europe & Central Asia,High income
Liechtenstein,LIE,SH.STA.BRTC.ZS,,,,,,,,,,,,,,,,,,,,,,,,,,,,,,,,Europe & Central Asia,High income
Liechtenstein,LIE,SL.IND.EMPL.ZS,,,,,,,,,,,,,,,,,,,,,,,,,,,,,,,,Europe & Central Asia,High income
Lithuania,LTU,DT.TDS.DPPF.XP.ZS,,,,,,,,,,,,,,,,,,,,,,,,,,,,,,,,Europe & Central Asia,High income
Lithuania,LTU,EG.ELC.ACCS.ZS,100,100,100,100,100,100,100,100,100,100,100,100,100,100,100,100,100,100,100,100,100,100,100,100,100,100,100,100,100,100,100,Europe & Central Asia,High income
Lithuania,LTU,GFDD.AI.01,,,,,,,,,,,,,,,,,,,,,,,,,,,,,,,,Europe & Central Asia,High income
Lithuania,LTU,GFDD.DI.04,,,,,,99.29563,99.71653,99.57749,99.8209,99.59756,99.85458,99.86115,99.87478,99.90665,99.90573,99.94566,99.97092,99.97772,99.97153,,99.97238,99.55891,99.53329,99.67693,99.6749,95.36694,92.39638,91.6306,91.44511,89.66061,80.46832,Europe & Central Asia,High income
Lithuania,LTU,GFDD.DI.05,,,,,,,,,,,,,,,,,,,,,49.05501,46.00991,46.09676,46.282,44.85351,58.81267,60.65591,59.0662,61.12078,62.87164,78.03306,Europe & Central Asia,High income
Lithuania,LTU,GFDD.DI.06,,,,,,0.1179239,0.0387705,0.0667075,0.0306947,0.0749651,0.0266812,0.0269661,0.027851,0.0260919,0.031792,0.0248483,0.015653,0.0139762,0.0186222,,0.0178356,0.2458715,0.2454343,0.1626734,0.1558173,2.310842,3.934187,4.070839,4.058021,4.826047,9.974302,Europe & Central Asia,High income
Lithuania,LTU,GFDD.DI.11,,,,,,,,,,,,1.9215611,2.2193476,2.4255261,2.6219468,2.7892382,3.2284148,3.4130245,3.0147214,3.5961241,2.8755253,2.5601613,2.5876557,2.454998,2.7975759,3.0621197,4.5320293,4.5207365,4.5431371,4.3944047,4.6983863,Europe & Central Asia,High income
Lithuania,LTU,GFDD.DM.11,,,,,,,,,,0.8390647,4.983727,3.758901,6.678868,4.723719,7.328276,13.77379,22.90409,22.84116,17.33967,28.94116,24.92619,12.6894,13.81992,18.00889,15.40141,11.4366,17.41406,25.31574,24.27774,20.96529,22.25309,Europe & Central Asia,High income
Lithuania,LTU,GFDD.EI.08,,,,,,6.60874,9.245044,16.56567,16.0456,14.77667,18.15982,20.57485,21.42812,18.54895,17.4866,17.31656,13.52414,12.59513,11.82484,,5.95352,6.009483,5.833554,7.18046,6.959838,6.011402,5.117015,3.590665,3.003419,2.799844,3.452021,Europe & Central Asia,High income
Lithuania,LTU,GFDD.OI.02,,,,,,13.63103,10.40123,11.60438,12.25095,14.18276,16.88811,19.9267,21.09506,22.42755,27.29027,32.51266,35.05669,36.08268,31.40056,,41.12174,37.27668,37.30302,37.38634,41.37905,43.30619,44.91916,44.2754,46.53871,47.92276,60.44169,Europe & Central Asia,High income
Lithuania,LTU,SH.STA.BRTC.ZS,100,100,100,100,100,100,100,100,100,100,100,100,100,100,100,100,100,100,100,100,100,100,100,100,100,,,,,,,Europe & Central Asia,High income
Lithuania,LTU,SL.IND.EMPL.ZS,,30.5499992370605,29.4500007629395,28.7900009155273,28.3199996948242,28.2199993133545,28.1100006103516,28.5200004577637,29.0699996948242,27.0699996948242,26.7800006866455,26.6399993896484,27.3700008392334,27.2399997711182,28.2000007629395,29.0599994659424,29.5699996948242,30.5499992370605,30.5200004577637,26.8500003814697,24.5599994659424,24.5599994659424,25.0799999237061,25.5300006866455,24.7199993133545,25.0699996948242,25.1399993896484,25.1299991607666,25.7700004577637,25.7000007629395,,Europe & Central Asia,High income
Luxembourg,LUX,DT.TDS.DPPF.XP.ZS,,,,,,,,,,,,,,,,,,,,,,,,,,,,,,,,Europe & Central Asia,High income
Luxembourg,LUX,EG.ELC.ACCS.ZS,100,100,100,100,100,100,100,100,100,100,100,100,100,100,100,100,100,100,100,100,100,100,100,100,100,100,100,100,100,100,100,Europe & Central Asia,High income
Luxembourg,LUX,GFDD.AI.01,,,,,,,,,,,,,,,,,,,,,,,,,,,,,,,,Europe & Central Asia,High income
Luxembourg,LUX,GFDD.DI.04,99.22157,99.29057,99.44765,,98.91799,99.1686,99.17213,99.26321,,,,,,,,,,,,,,,,,,98.15568,97.63645,97.21542,97.23141,97.35791,95.85725,Europe & Central Asia,High income
Luxembourg,LUX,GFDD.DI.05,277.5666,244.3083,298.5388,0.9964582,296.8248,285.4231,311.9917,320.4873,,,,857.6883,862.7452,866.9102,857.5674,865.563,854.6236,927.4318,896.2333,747.7322,634.4688,708.8638,630.67,565.4647,576.3147,628.2961,636.4265,628.3061,634.1252,660.5718,688.5241,Europe & Central Asia,High income
Luxembourg,LUX,GFDD.DI.06,0.8219443,0.721835,0.6473721,0.9964582,0.9269494,0.7905556,0.7419577,0.6744153,,,,,,,,,,,,,,,,,,1.867301,2.503199,3.068656,3.172515,3.111436,4.808385,Europe & Central Asia,High income
Luxembourg,LUX,GFDD.DI.11,,,,,,86.577977,115.7562,140.24845,158.53495,169.91633,178.75207,182.66836,175.34619,186.39747,198.68116,,,,,,,,,,,,,,,,,Europe & Central Asia,High income
Luxembourg,LUX,GFDD.DM.11,,,,,,,,,,,,,,,,,,,,,,,,,,,,,,,,Europe & Central Asia,High income
Luxembourg,LUX,GFDD.EI.08,9.446482,7.343732,24.6596,,,,,,,,,4.397005,4.106178,4.922355,4.217899,4.13791,4.283828,4.412635,6.808373,7.036998,7.674037,7.38435,7.516189,7.689254,7.862321,7.602189,6.682315,6.192325,5.637634,5.97249,5.481061,Europe & Central Asia,High income
Luxembourg,LUX,GFDD.OI.02,276.7447,243.5865,297.8914,,295.8978,284.6325,311.1121,319.6757,,,,339.8484,338.9626,347.4321,354.3568,401.3839,419.1479,454.3368,462.1295,347.2303,329.394,331.8806,307.3663,327.3178,359.5931,386.9359,382.8632,388.9182,402.6625,413.207,428.7701,Europe & Central Asia,High income
Luxembourg,LUX,SH.STA.BRTC.ZS,,,,,,,,,,,,,99.9,99.9,,,,,,99.9,,,,,,,,,,,,Europe & Central Asia,High income
Luxembourg,LUX,SL.IND.EMPL.ZS,,27.1100006103516,26.5900001525879,26.4200000762939,26.9799995422363,25.2600002288818,22.9400005340576,23.3199996948242,21.6100006103516,21.9799995422363,20.7900009155273,21.4300003051758,20.0900001525879,19.2900009155273,18.8500003814697,17.2999992370605,16.6900005340576,16.9200000762939,15.2799997329712,12.9099998474121,13.3500003814697,13.3599996566772,12.6700000762939,12.039999961853,10.9799995422363,12.5200004577637,12.0500001907349,10.7600002288818,11.75,10.8100004196167,,Europe & Central Asia,High income
"Macao SAR, China",MAC,DT.TDS.DPPF.XP.ZS,,,,,,,,,,,,,,,,,,,,,,,,,,,,,,,,East Asia & Pacific,High income
"Macao SAR, China",MAC,EG.ELC.ACCS.ZS,99.8492813110352,99.8805847167969,99.9114303588867,99.9416198730469,100,100,100,100,100,100,100,100,100,100,100,100,100,100,100,100,100,100,100,100,100,100,100,100,100,100,100,East Asia & Pacific,High income
"Macao SAR, China",MAC,GFDD.AI.01,,,,,,,,,,,,,,,,,,,,,,,,,,,,,,,,East Asia & Pacific,High income
"Macao SAR, China",MAC,GFDD.DI.04,99.67554,99.70334,99.81001,99.63515,99.83166,99.83459,99.8082,99.76534,99.66638,99.54872,99.5203,,,,,,,,,,,,,,,,,,,,,East Asia & Pacific,High income
"Macao SAR, China",MAC,GFDD.DI.05,117.6863,139.1954,129.6669,120.3196,121.8441,123.6927,130.0113,134.8887,148.6552,164.5321,156.1879,165.7869,166.7838,167.6352,141.3952,139.011,141.7023,125.0194,112.3536,122.9411,107.3979,100.7321,108.5357,107.1021,111.0562,131.2716,147.572,145.9103,145.7898,154.3154,355.8252,East Asia & Pacific,High income
"Macao SAR, China",MAC,GFDD.DI.06,0.2069892,0.1974252,0.1271089,0.2937463,0.1337606,0.1232589,0.1495435,0.1984093,0.2642059,0.3648143,0.3468888,,,,,,,,,,,,,,,,,,,,,East Asia & Pacific,High income
"Macao SAR, China",MAC,GFDD.DI.11,,,,,,,,,,,,,,,,,,,,,,,,,,,,,,,,East Asia & Pacific,High income
"Macao SAR, China",MAC,GFDD.DM.11,,,,,,,,,,,,,,,,,,,,,,,,,,,,,,,,East Asia & Pacific,High income
"Macao SAR, China",MAC,GFDD.EI.08,0.9534367,0.7623016,0.7180151,0.4785993,0.286689,0.1282727,,0.0005213,0.0040854,,,,,,,,,,,,,,,,,,,,,,,East Asia & Pacific,High income
"Macao SAR, China",MAC,GFDD.OI.02,114.9992,136.4653,127.1942,117.9252,119.46,121.4125,127.516,132.2693,145.7889,161.0551,153.0295,162.6763,163.6406,164.3758,138.4068,136.2046,139.0646,122.563,109.9326,120.285,105.151,98.69912,106.4279,105.0252,108.6871,128.066,143.9604,142.3718,142.3395,150.6664,346.5976,East Asia & Pacific,High income
"Macao SAR, China",MAC,SH.STA.BRTC.ZS,,,,,,,,,,,,,,,100,,,,,,,,,,,,,,,,,East Asia & Pacific,High income
"Macao SAR, China",MAC,SL.IND.EMPL.ZS,,38.0499992370605,37.4099998474121,36.6399993896484,35.7900009155273,34.8600006103516,33.8199996948242,32.9799995422363,32.0400009155273,30.4799995422363,28.0499992370605,30.4599990844727,28.4400005340576,26.8600006103516,25.1399993896484,24.9099998474121,23.0300006866455,18.0200004577637,19.6900005340576,15.6800003051758,13.6700000762939,12.8599996566772,12.8000001907349,12.6400003433228,15.6599998474121,15.8000001907349,13.6700000762939,10.5699996948242,9.97999954223633,9.65999984741211,,East Asia & Pacific,High income
Madagascar,MDG,DT.TDS.DPPF.XP.ZS,44.3543853904638,31.882052069765,18.3585581638049,14.3574435657434,9.55283140357571,7.26341917197568,10.0415162167677,32.0039006325505,17.6980841734259,20.5047354286317,12.8625466574445,6.17161192905305,5.42076644519722,8.40530331640906,8.88385975214938,5.83842503791217,3.52711260926713,0.859275998645628,0.958270121576824,2.14398519663064,2.52994323133275,1.64871102283708,2.28452459376978,2.17232795761491,2.64189182938381,4.29268683187334,3.24459915549812,3.01253100140206,2.44647224615614,2.46766585369729,4.26169083942184,Sub-Saharan Africa,Low income
Madagascar,MDG,EG.ELC.ACCS.ZS,,,9.2,10.1056232452393,10.5616483688354,11.0156345367432,11.4669008255005,10.9,12.3585548400879,12.7975006103516,12.7241897583008,14.8000001907349,14.0465755462646,20.2999992370605,15.3480186462402,15.9967613220215,16.6473751068115,17.30251121521,17.964879989624,17.3999996185303,12.3000001907349,14.3000001907349,18.7000007629395,12.8999996185303,22.2350730895996,23.0059337615967,22.8999996185303,24.1000003814697,36.5,31.0400009155273,33.7350769042969,Sub-Saharan Africa,Low income
Madagascar,MDG,GFDD.AI.01,,,,,,,,,,,,,,,18.486308,20.026301,21.79238,26.390253,36.853289,39.653695,106.32275,52.261377,53.900506,59.322584,60.12297,73.390048,72.222459,79.757549,86.140305,98.419483,106.78114,Sub-Saharan Africa,Low income
Madagascar,MDG,GFDD.DI.04,42.43602,44.24723,45.46858,52.92141,57.19474,57.18209,57.78262,62.93053,56.86789,56.35272,57.6901,60.81721,61.29292,66.63515,73.90465,74.55978,78.77698,81.29895,85.92503,84.98438,86.00847,84.7179,86.71094,86.68476,81.35757,78.43435,79.63161,84.08959,86.12075,88.90166,81.92842,Sub-Saharan Africa,Low income
Madagascar,MDG,GFDD.DI.05,13.95355,17.48402,18.29326,21.04267,22.8916,17.72189,18.01315,20.74053,21.17012,22.65378,22.43129,18.8513,19.94375,20.11014,20.99487,17.31274,18.75015,19.44711,19.12474,20.73451,20.51612,21.35745,21.05235,20.34306,20.60148,21.60253,15.94629,25.55287,25.20756,23.9142,26.9539,Sub-Saharan Africa,Low income
Madagascar,MDG,GFDD.DI.06,18.89783,18.51171,16.23649,14.66266,11.0085,7.887051,6.492584,5.846914,7.118862,6.96832,6.811778,6.622746,6.841612,6.057343,4.050514,3.459394,2.878904,2.502135,1.949453,2.304165,2.065224,2.219541,1.9941,2.049086,3.101592,3.845187,3.590119,3.195021,2.771511,2.260542,4.582173,Sub-Saharan Africa,Low income
Madagascar,MDG,GFDD.DI.11,,,,,,,,,,,,,,,1.6758432,1.0041351,1.0096963,1.0221429,1.1111686,1.5942685,1.67425,1.5974931,1.4750897,1.7149136,1.7649431,1.5004989,1.3719895,1.3308321,1.3303737,,,Sub-Saharan Africa,Low income
Madagascar,MDG,GFDD.DM.11,,,,,,,,,,,,,,,,,,,,,,,,,,,,,,,,Sub-Saharan Africa,Low income
Madagascar,MDG,GFDD.EI.08,1.03994,0.4332753,0.2740096,2.830817,2.319617,1.063058,1.029825,1.64275,1.822025,1.789219,1.935893,3.299978,4.175255,4.558849,2.864183,1.643094,2.948489,3.234608,3.074155,3.689028,3.452181,3.995405,4.591729,3.950236,3.309583,3.246098,3.743946,4.25569,4.510234,4.585709,5.177896,Sub-Saharan Africa,Low income
Madagascar,MDG,GFDD.OI.02,8.992251,11.51767,12.63887,14.17768,15.22698,11.36006,11.05425,12.23697,11.41114,11.96374,11.70038,12.82343,13.56995,13.59527,14.74438,12.20539,13.52899,14.12424,14.01212,15.35965,14.88391,15.03958,15.08233,14.47769,14.56284,15.23206,15.94467,17.84226,17.24345,17.37362,19.78046,Sub-Saharan Africa,Low income
Madagascar,MDG,SH.STA.BRTC.ZS,,,57,,,,,47.3,,,47,,,,51.3,,,,,43.9,,,,44.3,,,,,46,,,Sub-Saharan Africa,Low income
Madagascar,MDG,SL.IND.EMPL.ZS,,10.2200002670288,10.1400003433228,10.039999961853,9.90999984741211,9.77000045776367,9.59000015258789,9.35999965667725,9.10999965667725,8.82999992370605,8.3100004196167,7.57999992370605,7.1100001335144,6.71000003814697,4.73000001907349,3.42000007629395,3.80999994277954,4.26000022888184,4.78999996185303,5.32999992370605,5.98999977111816,6.76000022888184,7.69000005722046,7.96999979019165,8.18000030517578,8.34000015258789,8.53999996185303,8.59000015258789,8.68000030517578,8.72999954223633,,Sub-Saharan Africa,Low income
Malawi,MWI,DT.TDS.DPPF.XP.ZS,28.0313369246806,24.1044097226607,23.4865502096511,22.2041537048522,22.3450014272105,24.4067139943039,15.169201012859,13.8932511702426,14.6807245816476,13.7957091413805,12.8986708054408,9.32231518274918,7.50967974266526,6.62697483236789,10.4460469925845,12.4261886781968,8.63938237811566,3.63110385313163,3.12144207294522,2.82820699435979,1.64050213121809,1.37880200622551,2.03380584920707,3.1341815287103,4.08958834868558,5.51722444029349,6.31157165401315,6.60935300863246,7.12915474349617,7.30286904416746,8.66942828122717,Sub-Saharan Africa,Low income
Malawi,MWI,EG.ELC.ACCS.ZS,,,3.2,1.55355584621429,2.01366138458252,2.47172713279724,2.92707347869873,3.37902021408081,3.82688760757446,4.26991271972656,4.80000019073486,5.13952016830444,5.53415966033936,6.19999980926514,6.90000009536743,6.69606304168701,3.65322732925415,7.4762921333313,7.87589836120605,8.28544425964355,8.69999980926514,7.59999990463257,7.40000009536743,9,11.8999996185303,10.8000001907349,11,12.6999998092651,18.0200004577637,11.1999998092651,14.8667688369751,Sub-Saharan Africa,Low income
Malawi,MWI,GFDD.AI.01,,,,,,,,,,,,,,,,,,128.27364,,165.2421,190.06419,192.18135,212.75847,247.04639,,106.24317,181.70104,148.32464,178.87126,169.66832,,Sub-Saharan Africa,Low income
Malawi,MWI,GFDD.DI.04,55.22119,57.9217,53.46362,53.82616,53.10332,62.30645,80.32079,75.17635,56.31573,69.87358,92.56343,61.30761,52.44876,58.87381,56.76894,56.87318,74.28358,71.12331,53.86263,54.01415,63.47693,62.61225,66.50012,64.24564,78.12414,72.99092,54.51242,,,,,Sub-Saharan Africa,Low income
Malawi,MWI,GFDD.DI.05,9.004799,8.944304,9.890676,9.947801,11.6679,8.684201,7.520563,6.129355,8.34999,8.343176,8.917638,9.542171,8.929534,9.830302,10.55238,11.17265,10.31099,12.6236,13.26409,14.14239,15.71295,17.82053,18.27604,18.43311,17.02965,17.29313,16.16093,,,,,Sub-Saharan Africa,Low income
Malawi,MWI,GFDD.DI.06,4.528121,3.918645,5.829901,4.834764,5.567515,2.671608,1.020514,0.995483,2.951058,1.482405,0.2996753,2.042199,3.552224,3.340603,3.562733,3.753479,1.857209,2.697751,8.30485,8.94846,6.980234,8.090053,6.556393,6.560851,2.984865,4.298368,8.248419,,,,,Sub-Saharan Africa,Low income
Malawi,MWI,GFDD.DI.11,,,,,,,,,,,,,,,,,5.7935982,8.2394258,7.9520451,7.7832548,6.9345965,6.3364352,6.7692548,9.4187743,9.6690205,9.6081962,9.5059306,8.0434446,9.4386889,9.7227685,9.9707531,Sub-Saharan Africa,Low income
Malawi,MWI,GFDD.DM.11,,,,,,,,,,,,,,,,,,,,,,,,,,,,,,,,Sub-Saharan Africa,Low income
Malawi,MWI,GFDD.EI.08,2.46306,2.517662,2.714383,5.370631,4.217895,4.917333,6.1408,3.699686,2.893205,3.647143,3.50348,2.66815,2.769771,3.596333,2.908472,2.92672,2.450967,3.877338,4.537632,3.924318,3.251671,5.143442,3.750891,4.145785,3.6052,4.171277,3.602009,,,,,Sub-Saharan Africa,Low income
Malawi,MWI,GFDD.OI.02,6.589524,6.051783,6.811628,6.669648,7.87456,6.04926,5.355738,4.242911,5.789053,5.069833,5.67067,6.136481,5.840311,6.354048,6.651844,6.897953,6.189285,7.472087,10.86466,11.90823,13.63359,15.42515,15.65701,15.74917,14.31802,14.83785,13.53119,,,,,Sub-Saharan Africa,Low income
Malawi,MWI,SH.STA.BRTC.ZS,,,54.8,,,,,,,,55.6,,60.5,,56.1,56.1,53.6,,68,,71.4,,,,87.4,,89.8,,,,,Sub-Saharan Africa,Low income
Malawi,MWI,SL.IND.EMPL.ZS,,6.75,6.75,6.65999984741211,6.65000009536743,6.6100001335144,6.55999994277954,6.51000022888184,6.46999979019165,6.3899998664856,6.28999996185303,6.15999984741211,6.05999994277954,6.01999998092651,5.92000007629395,5.84999990463257,5.86999988555908,5.8899998664856,5.82999992370605,5.80000019073486,5.78000020980835,5.78000020980835,5.73999977111816,5.71000003814697,5.67000007629395,5.61999988555908,5.55999994277954,5.5,5.42999982833862,5.36999988555908,,Sub-Saharan Africa,Low income
Malaysia,MYS,DT.TDS.DPPF.XP.ZS,,,,,,,,,,,,,,,,,,,,,,,,,,,,,,,,East Asia & Pacific,Upper middle income
Malaysia,MYS,EG.ELC.ACCS.ZS,,,,,,,,,,,99.1039733886719,99.1256713867188,99.1397857666016,99.1486587524414,99.154655456543,99.1601104736328,99.1674346923828,99.1792831420898,99.1983642578125,99.3000030517578,99.3740539550781,99.4654693603516,99.8000030517578,99.6044464111328,99.6509399414063,99.7788162231445,99.9000015258789,99.9524841308594,99.9922409057617,100,100,East Asia & Pacific,Upper middle income
Malaysia,MYS,GFDD.AI.01,,,,,,,,,,,,,,,,,,,,,,,,735.04465,766.63978,771.58949,755.22031,708.83829,705.24087,708.40943,705.85209,East Asia & Pacific,Upper middle income
Malaysia,MYS,GFDD.DI.04,97.24126,98.58256,99.45971,99.11662,99.30817,99.06834,95.97881,96.41802,95.86522,94.80048,93.90585,94.34898,98.30407,98.54878,98.6468,98.91347,99.13171,99.13511,99.55878,99.58031,99.701,99.76115,99.76974,99.78576,99.80173,99.85467,99.72057,99.73949,99.81155,99.88642,99.48733,East Asia & Pacific,Upper middle income
Malaysia,MYS,GFDD.DI.05,64.37711,66.3088,102.2232,113.0341,111.039,115.6298,120.1252,125.5068,125.1519,132.1212,122.6989,135.3061,129.369,127.9944,126.3368,117.1615,118.9873,117.9045,113.4073,139.1656,129.6452,133.8901,136.8038,140.0929,137.1028,132.813,128.5837,122.5343,125.1048,123.0736,137.7731,East Asia & Pacific,Upper middle income
Malaysia,MYS,GFDD.DI.06,2.251577,1.192238,0.6440716,1.016586,0.8091128,1.223339,6.062342,6.031299,7.04141,8.276888,8.786142,8.175417,2.240871,1.878159,1.655814,1.245569,0.9657356,0.9352255,0.4716984,0.5359823,0.3635635,0.2921688,0.2949859,0.2886051,0.2718249,0.2013112,0.3856537,0.3482644,0.2644749,0.1595873,0.8188756,East Asia & Pacific,Upper middle income
Malaysia,MYS,GFDD.DI.11,7.4338431,,,,,,,,,,,,15.967458,16.840132,16.822015,16.972835,17.352904,17.565295,16.2361,19.906573,19.948434,19.283962,19.859499,20.582498,19.897573,20.311893,19.645506,19.326646,18.8264,19.4211,22.223295,East Asia & Pacific,Upper middle income
Malaysia,MYS,GFDD.DM.11,,,,,,,,,,,,0.6640521,1.090407,1.171905,1.171601,1.641725,1.618289,1.379006,1.908727,3.610224,4.192346,4.515265,5.59181,6.020532,6.526103,7.186598,7.811867,7.893044,5.61905,6.436369,7.481109,East Asia & Pacific,Upper middle income
Malaysia,MYS,GFDD.EI.08,9.275145,8.409437,9.464512,7.670881,6.640674,5.439226,5.805398,6.845293,9.553944,8.485868,7.949414,8.505836,7.84107,8.217636,8.335369,6.776632,6.462083,5.514824,9.385311,15.01279,13.995,13.48093,13.56968,14.42289,16.06389,15.25139,15.69619,16.20892,19.8101,19.5131,24.80686,East Asia & Pacific,Upper middle income
Malaysia,MYS,GFDD.OI.02,54.88734,57.30137,91.19444,102.0156,98.52185,103.3107,104.5949,110.2482,114.0695,122.1386,112.8513,126.0609,119.8852,120.0191,117.6996,109.1722,111.4303,111.8813,107.8416,128.4448,120.1073,124.5906,127.8656,131.0874,127.98,124.3711,119.7394,113.3701,115.6057,114.0213,126.4027,East Asia & Pacific,Upper middle income
Malaysia,MYS,SH.STA.BRTC.ZS,92.8,,,,,95.1,,,96.2,,96.6,96.8,97,97.6,98,98.1,98.4,98.6,98.6,98.6,98.6,98.6,98.7,98.8,98.97,99.4,99.5,99.6,,,,East Asia & Pacific,Upper middle income
Malaysia,MYS,SL.IND.EMPL.ZS,,31.3400001525879,31.6200008392334,32.0200004577637,32.1500015258789,32.3400001525879,32.2299995422363,33.6599998474121,31.7600002288818,31.7000007629395,32.1800003051758,33.1100006103516,31.9799995422363,32.0200004577637,30.1299991607666,29.7199993133545,30.2600002288818,28.4599990844727,28.6700000762939,27.0100002288818,27.6200008392334,28.4500007629395,27.5699996948242,27.9400005340576,27.7399997711182,27.5200004577637,27.4899997711182,27.7199993133545,27.1100006103516,27.0100002288818,,East Asia & Pacific,Upper middle income
Maldives,MDV,DT.TDS.DPPF.XP.ZS,3.98661860718172,3.63956771346512,3.0451966425915,3.73771902676875,3.37546289643745,3.31127758668881,3.07086208851607,6.90058193109631,3.56075905492217,3.77877822991067,3.99435070221955,4.31409679914775,4.18031548323895,3.52016005998741,4.03882414659536,5.91932514538726,3.73289191768362,2.13224698730998,2.67940349427773,3.47600946720588,3.03429770176069,3.14313721679841,3.10573761439921,2.42962482954585,5.21906992486405,3.04572490372699,3.10772781532156,3.53980035014363,10.796396974248,10.9517041583074,15.208211920009,South Asia,Upper middle income
Maldives,MDV,EG.ELC.ACCS.ZS,,,,,,,,,,,83.8000030517578,87.4862899780273,88.3574981689453,89.2234649658203,90.0865478515625,90.949089050293,91.8135070800781,92.6824493408203,93.5586242675781,99.9000015258789,99.1568603515625,99.2772521972656,99.3866729736328,99.4741668701172,100,99.7064743041992,100,99.8000030517578,100,100,100,South Asia,Upper middle income
Maldives,MDV,GFDD.AI.01,,,,,,,,,,,,,,,641.33221,713.40912,770.72104,850.16155,911.08779,973.77071,978.93358,1073.625,1003.3485,990.05394,1196.387,976.76008,984.93858,944.78917,971.70471,986.12565,975.75685,South Asia,Upper middle income
Maldives,MDV,GFDD.DI.04,56.30073,46.0956,40.14053,38.64736,39.06528,42.93863,46.48658,54.46506,57.93176,56.3644,52.99336,55.8308,57.53708,60.83491,74.64166,77.1199,84.96962,88.25529,84.56297,82.79639,84.44138,85.39394,80.58895,76.74139,77.56686,80.13429,77.99986,80.33906,83.14143,86.13388,83.44756,South Asia,Upper middle income
Maldives,MDV,GFDD.DI.05,26.08787,26.67966,24.99286,28.94925,30.74333,31.16288,34.82154,38.05449,44.04418,41.79499,41.09112,30.91926,34.28008,33.47011,33.30608,39.1795,34.86461,37.86959,36.80858,40.56536,43.70816,43.07776,40.59979,41.50588,43.3202,43.74387,41.44748,39.67382,36.35865,37.72027,64.62844,South Asia,Upper middle income
Maldives,MDV,GFDD.DI.06,15.71861,19.51101,20.85191,26.05373,24.37729,23.09321,18.77815,15.38201,16.16471,16.70615,19.19562,14.92815,14.89102,11.30735,8.259179,11.91668,7.97885,7.666129,11.56563,14.05034,11.85511,9.688252,11.30394,12.37837,11.33716,10.23729,12.62331,10.60666,8.536868,7.147593,16.33253,South Asia,Upper middle income
Maldives,MDV,GFDD.DI.11,,,,,,,,,,,,,,,,,,,,,,,,,,,,,,,,South Asia,Upper middle income
Maldives,MDV,GFDD.DM.11,,,,,,,,,,,,,,,,,,,,,,,,,,,,,,,,South Asia,Upper middle income
Maldives,MDV,GFDD.EI.08,7.285297,6.328601,5.080668,4.778115,3.098659,2.935563,2.374137,1.351456,1.983755,2.176803,1.941555,,,0.8500625,1.718367,3.362578,4.477968,6.570695,7.484935,15.82465,18.50483,16.93477,14.23599,11.94754,12.7458,14.67419,17.15205,15.08389,13.76297,15.48861,31.89179,South Asia,Upper middle income
Maldives,MDV,GFDD.OI.02,14.25831,15.26283,13.64443,17.58598,19.03945,20.51937,25.25354,28.32813,33.80827,32.50087,31.65961,25.16928,28.89561,28.4184,32.61611,38.5012,34.43283,36.66777,36.95187,40.90046,43.17224,42.31988,40.32923,41.2243,43.10711,43.92109,41.22009,39.77084,36.8093,38.30955,65.95155,South Asia,Upper middle income
Maldives,MDV,SH.STA.BRTC.ZS,,,,,90,,,,,,,70.3,,,84,91.6,94.2,96.3,98.3,94.8,98.2,98.8,95.5,95.6,95.6,,,99.5,,,,South Asia,Upper middle income
Maldives,MDV,SL.IND.EMPL.ZS,,27.2099990844727,27.1599998474121,27.0900001525879,27.0599994659424,27.0200004577637,26.9500007629395,26.9200000762939,26.8199996948242,26.5900001525879,26.0400009155273,24.9699993133545,24.4099998474121,23.9899997711182,22.3999996185303,20.2700004577637,19.3500003814697,18.1599998474121,17.4099998474121,16.3099994659424,16.6800003051758,17.1499996185303,17.2999992370605,17.5400009155273,17.9500007629395,18.3899993896484,18.7600002288818,18.8500003814697,19.1200008392334,19.1299991607666,,South Asia,Upper middle income
Mali,MLI,DT.TDS.DPPF.XP.ZS,14.6554171255966,9.18308407142934,11.939216054574,16.0819875979268,21.1427522176895,15.7947389941454,20.7600307169034,10.623503059276,11.0690045960457,13.8488710600425,12.9134071634254,8.71608022528261,7.35327199257637,6.31447996066806,7.82614068119378,6.66192871528599,4.25988905880542,3.14375594611363,2.60524654645576,3.08576251376129,2.44693142568115,2.34212178711579,1.74026905769515,3.09327773482284,2.97235027206675,3.2305716317941,3.48323697017165,3.9759603074416,4.34396845560428,,,Sub-Saharan Africa,Low income
Mali,MLI,EG.ELC.ACCS.ZS,,,,,,,6.2,4.28854084014893,6.06686353683472,7.84034395217896,9.59319972991943,10.8000001907349,13.0597648620605,14.7840194702148,16.5053882598877,18.2262191772461,16.6000003814697,21.6761512756348,23.4106063842773,24.0308952331543,26.9120502471924,28.6844539642334,25.6000003814697,32.285228729248,34.113338470459,37.5999984741211,38.7898216247559,34.7799987792969,50.9000015258789,47.8362770080566,50.5614166259766,Sub-Saharan Africa,Low income
Mali,MLI,GFDD.AI.01,,,,,,,,,,,,,,,54.865664,57.122695,84.035108,71.253845,90.428332,86.635773,97.399827,124.58427,154.72491,144.17794,146.01261,137.84696,142.98267,163.98375,173.66242,174.70309,180.98724,Sub-Saharan Africa,Low income
Mali,MLI,GFDD.DI.04,72.08947,72.01294,71.88821,70.3518,65.78036,69.67987,71.70739,68.4924,71.41418,72.69514,73.46375,74.96265,79.49063,82.90774,85.52599,87.69591,96.64066,97.17092,96.08325,91.66951,92.33565,92.05177,92.37011,92.72751,94.46266,95.47099,95.83913,95.71501,94.32228,94.63261,92.09,Sub-Saharan Africa,Low income
Mali,MLI,GFDD.DI.05,18.15668,17.99785,19.19291,19.69907,19.13097,17.97654,19.67644,20.58471,18.60398,17.14488,19.42005,19.17873,23.09817,28.75457,26.65899,25.50913,25.20444,25.32162,22.88604,23.814,24.29542,24.25126,26.96746,27.74384,27.64502,28.89003,27.80104,27.01606,29.02747,29.62491,36.7383,Sub-Saharan Africa,Low income
Mali,MLI,GFDD.DI.06,4.578127,4.066986,4.546242,4.736688,4.733758,4.598662,4.781247,5.955638,5.48105,5.329726,5.177462,5.351114,4.6206,4.30204,3.558174,2.673016,0.6907817,0.583836,0.7623719,1.706082,1.554591,1.710065,1.641288,1.770238,1.563798,1.375415,1.504214,1.502344,2.029606,1.901591,3.16496,Sub-Saharan Africa,Low income
Mali,MLI,GFDD.DI.11,,,,,,,,,,,,,,0.56667239,0.59650939,0.49829162,0.50442966,0.47654165,0.45404824,0.45518825,0.49417492,0.51629599,0.53797187,0.54727867,0.64461028,0.62186047,0.63996842,0.69454262,0.61701794,,,Sub-Saharan Africa,Low income
Mali,MLI,GFDD.DM.11,,,,,,,,,,1.426045,0.8998411,0.9973251,1.015049,2.061413,1.657362,0.9439093,1.698728,0.9231074,2.234546,2.762407,6.817224,2.994194,2.580968,3.083538,5.169346,7.254197,5.757716,6.106049,5.574127,,,Sub-Saharan Africa,Low income
Mali,MLI,GFDD.EI.08,0.436725,0.2779064,0.3794667,0.3612941,1.996112,1.174556,1.382114,1.136729,0.6941991,0.6595443,0.8484406,2.371071,2.556881,3.051529,2.878765,4.291246,3.738584,4.001039,3.079153,3.290756,3.154489,3.554091,3.153553,4.220724,6.367249,6.691159,8.275904,7.666602,8.230922,9.063898,10.65371,Sub-Saharan Africa,Low income
Mali,MLI,GFDD.OI.02,11.27658,10.93066,11.75722,12.17748,11.77747,10.37039,12.16951,12.83896,11.57867,11.30077,12.34787,12.11637,13.95977,16.26792,17.0769,15.02808,15.66705,17.01501,15.58817,17.4712,18.38775,17.46338,18.86505,19.9452,21.47984,23.5208,22.35688,21.77793,23.55886,23.28216,27.05879,Sub-Saharan Africa,Low income
Mali,MLI,SH.STA.BRTC.ZS,,,,,,,40,,,,,40.6,,,,,49,,,,28.1,,,58.6,,43.7,,,67.3,,,Sub-Saharan Africa,Low income
Mali,MLI,SL.IND.EMPL.ZS,,7.98000001907349,7.94999980926514,7.92999982833862,7.90000009536743,7.8899998664856,7.88000011444092,7.90000009536743,7.92000007629395,7.94999980926514,8.01000022888184,8.10000038146973,8.13000011444092,8.17000007629395,8.17000007629395,8.18000030517578,8.28999996185303,8.22999954223633,8.19999980926514,8.23999977111816,8.19999980926514,8.14000034332275,8.05000019073486,7.98000001907349,8,8.26000022888184,6.71999979019165,8.23999977111816,7.65999984741211,7.55999994277954,,Sub-Saharan Africa,Low income
Malta,MLT,DT.TDS.DPPF.XP.ZS,,,,,,,,,,,,,,,,,,,,,,,,,,,,,,,,Middle East & North Africa,High income
Malta,MLT,EG.ELC.ACCS.ZS,100,100,100,100,100,100,100,100,100,100,100,100,100,100,100,100,100,100,100,100,100,100,100,100,100,100,100,100,100,100,100,Middle East & North Africa,High income
Malta,MLT,GFDD.AI.01,,,,,,,,,,,,,,,,,,,,,907.00064,954.35618,1000.2118,1143.7067,1239.2943,1962.6204,1870.9184,1832.3734,1279.9393,1257.9984,1531.8396,Middle East & North Africa,High income
Malta,MLT,GFDD.DI.04,96.78765,92.93978,93.17411,98.26224,96.62063,94.84811,95.15156,96.53335,98.72546,99.71091,99.60059,99.77099,99.83313,99.61994,99.16241,99.58936,98.92353,97.31959,96.84255,97.69975,97.18924,96.68964,97.03581,96.80632,96.30121,93.50741,90.32715,89.6408,89.77771,90.45061,89.93903,Middle East & North Africa,High income
Malta,MLT,GFDD.DI.05,129.1831,128.2579,129.5607,132.9235,139.6115,134.6382,139.4132,141.8496,144.0681,150.5002,143.899,150.8474,157.9786,152.9056,153.1171,137.799,138.6092,143.1522,144.724,143.296,137.3976,139.64,142.0621,146.7952,167.7311,162.2543,168.6557,156.5889,151.8328,147.9879,172.2455,Middle East & North Africa,High income
Malta,MLT,GFDD.DI.06,2.743367,6.54352,6.464622,1.745396,3.46109,5.156257,5.391021,4.040643,1.561103,0.3742025,0.5147412,0.3152872,0.2212617,0.4766739,1.094374,0.5175167,1.405515,3.611745,4.453579,3.517133,4.116903,5.056612,4.190124,4.260137,4.629589,7.432446,10.62505,10.28391,9.594891,8.734908,11.11281,Middle East & North Africa,High income
Malta,MLT,GFDD.DI.11,,,,,,,,,,,,,,,,,,,,,,,,,,,92.280874,88.648243,79.837438,99.449676,110.56361,Middle East & North Africa,High income
Malta,MLT,GFDD.DM.11,,,,,,,,,,20.09096,27.95138,30.51357,38.93618,51.67354,64.24933,74.294,87.79889,77.64236,144.5756,197.4845,240.9424,247.1643,303.3261,269.2652,296.4112,240.5514,195.2163,180.6111,118.7446,102.8106,113.4018,Middle East & North Africa,High income
Malta,MLT,GFDD.EI.08,4.971031,3.839324,3.485604,5.912689,5.14748,4.89594,6.122207,8.708249,10.79366,12.09058,11.22348,12.85525,12.19805,13.85307,13.50206,28.218,22.81507,22.81549,21.69617,27.3605,26.65479,29.01278,26.95228,27.01506,23.99092,21.84719,17.48916,14.60775,11.78771,11.17628,17.34211,Middle East & North Africa,High income
Malta,MLT,GFDD.OI.02,86.67858,87.35207,91.78198,96.58035,103.9091,101.6765,108.9595,114.635,118.468,124.765,119.9431,126.7915,134.109,129.1696,128.8506,115.3177,118.0101,132.1591,130.0531,129.6278,123.6094,124.1515,123.0677,124.0078,146.7725,145.4323,146.8404,138.056,69.14959,61.13752,147.221,Middle East & North Africa,High income
Malta,MLT,SH.STA.BRTC.ZS,,,,98,,,,,,,,99.9,99.5,99.5,99.9,99.7,98.8,99.8,99.9,99.8,99.8,99.8,99.5,99.9,99.9,99.8,99.8,99.7,,,,Middle East & North Africa,High income
Malta,MLT,SL.IND.EMPL.ZS,,35.2400016784668,35.0499992370605,34.8699989318848,34.6800003051758,34.5099983215332,34.1500015258789,33.8400001525879,33.5499992370605,33.1599998474121,32.75,30.9300003051758,31.5300006866455,29.8799991607666,29.4500007629395,29.8500003814697,28.3400001525879,26.3199996948242,25.5599994659424,25.0200004577637,25.5200004577637,24.5200004577637,22.1700000762939,21.5699996948242,20.7199993133545,20.0100002288818,19.8600006103516,19.8099994659424,18.6000003814697,18.9200000762939,,Middle East & North Africa,High income
Marshall Islands,MHL,DT.TDS.DPPF.XP.ZS,,,,,,,,,,,,,,,,,,,,,,,,,,,,,,,,East Asia & Pacific,Upper middle income
Marshall Islands,MHL,EG.ELC.ACCS.ZS,,,,,,,,,,68.5242358752702,68.4779739379883,69.9643249511719,71.4430923461914,72.9166259765625,74.3872756958008,75.8573837280273,77.3293685913086,72.3000030517578,80.2896118164063,81.7832794189453,89.23388671875,89.9196090698242,90.5608062744141,91.1968536376953,91.8208770751953,92.5262756347656,93.3688278198242,94.2973480224609,95.9162902832031,97.538200378418,99.1606063842773,East Asia & Pacific,Upper middle income
Marshall Islands,MHL,GFDD.AI.01,,,,,,,,,,,,,,,,,,,,,,,,,,,,,,,,East Asia & Pacific,Upper middle income
Marshall Islands,MHL,GFDD.DI.04,,,,,,,,,,,,,,,,,,,,,,,,,,,,,,,,East Asia & Pacific,Upper middle income
Marshall Islands,MHL,GFDD.DI.05,,,,,,,,,,,,,,,,,,,,,,,,,,,,,,,,East Asia & Pacific,Upper middle income
Marshall Islands,MHL,GFDD.DI.06,,,,,,,,,,,,,,,,,,,,,,,,,,,,,,,,East Asia & Pacific,Upper middle income
Marshall Islands,MHL,GFDD.DI.11,,,,,,,,,,,,,,,,,,,,,,,,,,,,,,,,East Asia & Pacific,Upper middle income
Marshall Islands,MHL,GFDD.DM.11,,,,,,,,,,,,,,,,,,,,,,,,,,,,,,,,East Asia & Pacific,Upper middle income
Marshall Islands,MHL,GFDD.EI.08,,,,,,,,,,,,,,,,,,,,,,,,,,,,,,,,East Asia & Pacific,Upper middle income
Marshall Islands,MHL,GFDD.OI.02,,,,,,,,,,,,,,,,,,,,,,,,,,,,,,,,East Asia & Pacific,Upper middle income
Marshall Islands,MHL,SH.STA.BRTC.ZS,,,,,,,,,94.9,,,,95,,,,,86.2,,86.5,90,90.1,,,,,,92.4,,,,East Asia & Pacific,Upper middle income
Marshall Islands,MHL,SL.IND.EMPL.ZS,,,,,,,,,,,,,,,,,,,,,,,,,,,,,,,,East Asia & Pacific,Upper middle income
Mauritania,MRT,DT.TDS.DPPF.XP.ZS,28.7825550773423,18.827249507171,18.9949219076087,29.2329332465244,23.8398400501934,22.0552369981404,21.9262851405163,22.9295582326818,25.7062700139883,,,,,,,,5.53360109366058,7.14172585899564,2.88650905597977,4.71178308957952,4.88034909808343,3.97919373139107,5.12688266247739,5.73152909774993,10.8120896535177,14.0246053229575,14.90583212524,15.589019740547,17.2093902706411,13.8694690546986,9.84427948865077,Sub-Saharan Africa,Lower middle income
Mauritania,MRT,EG.ELC.ACCS.ZS,,,,,,,,,,,18.7461318969727,22.2000007629395,21.5032196044922,22.8727340698242,24.2393646240234,18.2000007629395,26.9734230041504,33.0405387878418,30,31.1152858734131,33.9595146179199,35.1663208007813,36.3621597290039,37.5360641479492,38.7999992370605,39.5,41.3216171264648,42.9000015258789,44.3121376037598,45.8300323486328,47.3484191894531,Sub-Saharan Africa,Lower middle income
Mauritania,MRT,GFDD.AI.01,,,,,,,,,,,,,,,,,,,,,,,87.779038,97.777369,113.64797,132.09608,143.54569,162.68037,168.15372,177.31578,173.60198,Sub-Saharan Africa,Lower middle income
Mauritania,MRT,GFDD.DI.04,73.76762,72.99136,,,,,,,,,,,,,,57.56253,57.44314,61.64156,65.17908,63.52377,65.9444,66.00173,69.32604,70.16051,72.19327,70.81407,71.87176,72.70377,75.16936,78.48248,,Sub-Saharan Africa,Lower middle income
Mauritania,MRT,GFDD.DI.05,191.1619,143.4875,,,,,,,,,,,,,,197.2399,168.9951,188.2406,194.0291,224.7747,198.8313,197.4853,207.9991,24.68431,27.25281,27.08673,25.65969,27.72893,28.5371,28.43273,,Sub-Saharan Africa,Lower middle income
Mauritania,MRT,GFDD.DI.06,85.39661,67.18037,,,,,,,,,,,,,,177.099,126.27,119.714,116.3137,130.4244,109.4132,92.99512,87.42284,8.417118,9.256317,10.30406,9.349127,9.005589,8.628553,7.230887,,Sub-Saharan Africa,Lower middle income
Mauritania,MRT,GFDD.DI.11,,,,,,,,,,,,,,,,,,,,,,,,,,,,,,,,Sub-Saharan Africa,Lower middle income
Mauritania,MRT,GFDD.DM.11,,,,,,,,,,,,,,,,,,,,,,,,,,,,,,,,Sub-Saharan Africa,Lower middle income
Mauritania,MRT,GFDD.EI.08,0.069447,0.0338547,,,,,,,,,,,,,,6.072786,2.613226,3.148311,3.754612,3.935185,3.8463,2.236624,3.180247,1.652177,4.746178,4.122957,3.780093,3.111201,4.030157,3.909153,,Sub-Saharan Africa,Lower middle income
Mauritania,MRT,GFDD.OI.02,134.2157,99.65786,,,,,,,,,,,,,,134.264,105.8967,126.9133,137.595,157.5577,142.1863,143.6929,149.3922,15.95277,19.73926,19.91569,19.16906,21.3845,21.93735,21.9014,,Sub-Saharan Africa,Lower middle income
Mauritania,MRT,SH.STA.BRTC.ZS,,40,,,,,,,,,,53.4,,,,,,57.1,,,,65.1,,,,69.3,,,,,,Sub-Saharan Africa,Lower middle income
Mauritania,MRT,SL.IND.EMPL.ZS,,19.7800006866455,19.6800003051758,19.5799999237061,19.4099998474121,19.2600002288818,19.1100006103516,18.9099998474121,18.6700000762939,18.5200004577637,18.2099990844727,18.0599994659424,18.0100002288818,17.9400005340576,17.9699993133545,17.9699993133545,17.9099998474121,17.9400005340576,17.9500007629395,17.9500007629395,17.8899993896484,17.8799991607666,17.8999996185303,17.8600006103516,17.8600006103516,17.8400001525879,17.7700004577637,17.7700004577637,17.6700000762939,17.6100006103516,,Sub-Saharan Africa,Lower middle income
Mauritius,MUS,DT.TDS.DPPF.XP.ZS,7.25624284323884,7.07733093042017,7.92396235985988,5.44311535681584,5.72944136040354,5.98257236699643,4.95160668102545,6.81423115664449,6.73066120992696,5.61827428340051,16.3784119448173,4.71790218648607,6.53185279684831,5.12069154324555,5.289691266825,5.28194612228437,5.35706814649236,2.54565193839535,2.37242104111198,2.26832690872435,0.849862679643212,1.34200037441445,1.05324764820972,0.698610576304517,0.958528038202043,0.908184875717125,0.989760985439785,1.58565276062958,1.21884559068749,1.22735991910829,3.6971807468376,Sub-Saharan Africa,Upper middle income
Mauritius,MUS,EG.ELC.ACCS.ZS,99.0415649414063,99.0706787109375,99.0996780395508,99.1280059814453,99.1549682617188,99.1798858642578,99.2020950317383,99.2208938598633,99.2356185913086,99.2455062866211,99,99.2647247314453,99.4000015258789,99.1855163574219,99.1404113769531,99.0947647094727,99.0509872436523,99.0117416381836,98.9797210693359,98.957633972168,99.6900024414063,99.5999984741211,99.5686187744141,99.4805068969727,99.38037109375,99.3616104125977,99.4800109863281,99.6100006103516,99.448844909668,100,99.6616516113281,Sub-Saharan Africa,Upper middle income
Mauritius,MUS,GFDD.AI.01,,,,,,,,,,,,,,,,,,,,,,,,,,1956.0402,1836.5098,1891.4111,1876.2064,1914.4782,1924.3712,Sub-Saharan Africa,Upper middle income
Mauritius,MUS,GFDD.DI.04,99.99758,87.35806,95.74271,97.57697,96.27358,99.09225,98.58924,97.72686,93.74092,97.30116,97.5576,97.80894,98.52435,99.43389,98.88528,98.02953,96.63418,99.37647,99.44068,99.79311,98.32298,97.43409,98.71353,98.51508,99.07839,99.38512,99.84118,99.85897,99.90205,99.90954,97.29106,Sub-Saharan Africa,Upper middle income
Mauritius,MUS,GFDD.DI.05,61.81559,64.95156,67.17152,67.22508,66.80273,71.65183,72.19786,76.27425,73.70383,76.56441,74.7473,75.53643,78.86848,86.68571,92.23598,93.73217,92.50684,93.2452,96.02187,96.25406,97.4912,96.63992,98.56635,98.17721,101.4016,106.8569,109.8959,114.1911,115.301,120.8119,163.7436,Sub-Saharan Africa,Upper middle income
Mauritius,MUS,GFDD.DI.06,0.0012431,6.056664,2.171733,1.328608,2.217133,0.5764681,0.8650407,1.581302,4.569111,1.915592,1.689225,1.547528,1.124646,0.5287604,1.05771,1.950099,3.214889,0.5848722,0.5822453,0.2173763,1.825243,2.815811,1.526456,1.871782,1.110855,0.7611573,0.1912962,0.1778598,0.0993569,0.0950369,3.54071,Sub-Saharan Africa,Upper middle income
Mauritius,MUS,GFDD.DI.11,,,,,,,,,,17.033493,17.256231,17.83714,18.724065,20.082498,20.472481,22.017282,22.751466,24.161968,22.874249,26.318416,28.750483,29.004841,29.957596,26.346549,27.031932,18.840738,19.007376,20.089357,20.045275,21.084868,25.331169,Sub-Saharan Africa,Upper middle income
Mauritius,MUS,GFDD.DM.11,,,,,,,,,,,,,,,,,,12.1096,10.85993,497.0276,496.1049,59.46216,83.67009,43.14234,55.0862,93.29538,73.7327,115.5585,146.9122,97.94973,141.0755,Sub-Saharan Africa,Upper middle income
Mauritius,MUS,GFDD.EI.08,19.42647,9.378108,13.0602,14.63018,16.35867,21.20499,18.50653,19.94734,14.09075,15.67516,13.95146,15.2801,20.7092,26.38325,27.12791,28.49722,23.69849,21.54095,21.75507,24.8091,21.73561,17.66527,18.32935,17.92068,20.69135,20.35295,24.02072,23.59377,23.11142,24.74477,31.29556,Sub-Saharan Africa,Upper middle income
Mauritius,MUS,GFDD.OI.02,54.70127,57.62575,59.83889,60.28047,60.38493,65.234,65.97758,70.22586,68.01836,71.17446,69.47917,70.20845,73.32442,81.06101,86.40851,87.58006,86.38333,87.479,90.22382,90.06367,90.83448,89.86082,91.63897,91.00375,94.03471,98.94362,101.6326,105.5446,104.1506,108.2892,142.1062,Sub-Saharan Africa,Upper middle income
Mauritius,MUS,SH.STA.BRTC.ZS,91.1,94.5,96.5,96.3,97.7,98.1,97.5,97.8,98.5,99.8,99.7,,,98.4,,99.2,,,99.5,99.4,99.5,,99.5,,99.8,99.8,99.8,99.8,,,,Sub-Saharan Africa,Upper middle income
Mauritius,MUS,SL.IND.EMPL.ZS,,40.2900009155273,39.9799995422363,39.5999984741211,39.2099990844727,39.8300018310547,38.1800003051758,37.6800003051758,38.2700004577637,38.4900016784668,39.25,36.560001373291,36.6199989318848,34.0800018310547,33.5800018310547,32.439998626709,32.1399993896484,31.9400005340576,31.7700004577637,29.6800003051758,28.7099990844727,28.1399993896484,27.9899997711182,27.3999996185303,26.7600002288818,26.1100006103516,25.4200000762939,24.7299995422363,24.1100006103516,23.6800003051758,,Sub-Saharan Africa,Upper middle income
Mexico,MEX,DT.TDS.DPPF.XP.ZS,18.3876075961058,19.835567251221,28.7004909231033,19.042065507364,17.7280303037864,25.6923690261673,37.100870643352,36.3091042926226,14.2488416075729,14.0605786932158,16.390474219348,13.8350656155547,10.9296746081799,12.1685231508857,12.1075417012904,9.88268605333978,14.1457718614499,7.19392677573386,6.91484384245028,7.13405612436604,6.11527922228637,5.24008336679925,9.36024745037858,5.49383488024094,4.49123546682178,6.3674162635691,10.0336242159755,8.11329992698153,6.27707964863801,8.3479942651576,9.46696796556713,Latin America & Caribbean,Upper middle income
Mexico,MEX,EG.ELC.ACCS.ZS,,,93.145981,95.4484634399414,95.238294,95.8944625854492,96.093624,96.3295822143555,96.092755,96.7482986450195,98.0071334838867,97.1383209228516,97.897087097168,97.4008560180664,98.5977020263672,98.932731628418,99.1141586303711,97.9105682373047,98.9140396118164,98.1982116699219,99.2366943359375,99.0281524658203,99.1116333007813,99.1476974487305,99.1729278564453,99,99.5,100,99.5,99.5999984741211,99.4000015258789,Latin America & Caribbean,Upper middle income
Mexico,MEX,GFDD.AI.01,,,,,,,,,,,,,,,,,,,,,,,,,,,,,,,,Latin America & Caribbean,Upper middle income
Mexico,MEX,GFDD.DI.04,83.53566,90.00706,92.97606,97.87236,99.71028,98.26468,98.46262,100,,,,,,,,,,,,,,,,,,,,,,,,Latin America & Caribbean,Upper middle income
Mexico,MEX,GFDD.DI.05,22.51342,26.11475,27.13845,22.85548,24.04065,24.4301,22.96455,28.38774,27.16523,27.15951,22.22858,22.26829,22.41793,23.84071,23.73133,24.42722,24.33454,25.63234,26.25896,25.79809,26.53908,26.44167,26.67931,28.12474,29.11349,30.25275,31.10536,31.98817,31.05299,32.2424,36.15517,Latin America & Caribbean,Upper middle income
Mexico,MEX,GFDD.DI.06,6.046528,3.699256,2.713855,0.6611156,0.11227,0.5715435,0.3358127,2.52E-13,,,,,,,,,,,,,,,,,,,,,,,,Latin America & Caribbean,Upper middle income
Mexico,MEX,GFDD.DI.11,,,,,,,,,,2.2425312,2.2667044,2.5667964,2.9632196,3.2852765,3.405277,3.5697864,3.5616396,3.8923043,4.3233887,4.8779157,4.9046447,5.1880335,5.2893549,5.6977247,5.9375762,6.2720149,6.624854,6.6391568,6.4731986,6.8828212,7.6496619,Latin America & Caribbean,Upper middle income
Mexico,MEX,GFDD.DM.11,,,,,,,,,,,,2.049904,2.054824,1.971408,2.062592,4.190562,3.902738,4.963342,4.292397,3.390348,3.116723,2.197544,1.987695,1.838035,1.686544,1.822201,2.025736,2.114311,1.633618,1.528538,1.718386,Latin America & Caribbean,Upper middle income
Mexico,MEX,GFDD.EI.08,13.12871,12.30694,7.851511,4.866953,7.753523,9.105853,6.306225,14.60311,13.32338,13.91564,14.22734,13.06451,12.65556,12.73898,12.10134,11.34473,12.33609,13.42936,13.94552,17.32952,16.10675,16.29425,16.54336,17.87405,18.00455,17.32432,16.25509,16.07547,15.67873,17.23382,19.94518,Latin America & Caribbean,Upper middle income
Mexico,MEX,GFDD.OI.02,19.03996,22.63439,23.70018,20.03878,21.11911,21.79778,20.58396,25.89208,24.68065,24.17157,19.31949,20.36242,19.90175,20.87461,20.66711,20.93549,20.7747,21.95223,22.27879,25.31448,26.03177,26.08117,26.65409,28.0555,29.08953,30.34606,31.15693,31.87342,31.22583,32.28854,36.38177,Latin America & Caribbean,Upper middle income
Mexico,MEX,SH.STA.BRTC.ZS,83.8,,,,,,,85.7,,,88.6,,,95,,,93.4,93.7,,95.3,94.08,,99.6,,95.6,97.7,96.4,,,,,Latin America & Caribbean,Upper middle income
Mexico,MEX,SL.IND.EMPL.ZS,,25.4699993133545,25.3500003814697,25.2000007629395,25.1299991607666,24.8199996948242,24.9300003051758,24.8899993896484,24.9099998474121,25.9599990844727,27.0699996948242,26.0799999237061,25.9599990844727,25.9300003051758,26.0599994659424,26.0900001525879,26.1900005340576,26.2000007629395,25.5799999237061,24.2999992370605,24.3999996185303,24.2999992370605,24.0599994659424,24.3099994659424,24.8099994659424,25.1599998474121,25.75,26.0100002288818,26.1299991607666,25.5499992370605,,Latin America & Caribbean,Upper middle income
"Micronesia, Fed. Sts.",FSM,DT.TDS.DPPF.XP.ZS,,,,,,,,,,,,,,,,,,,,,,,,,,,,,,,,East Asia & Pacific,Lower middle income
"Micronesia, Fed. Sts.",FSM,EG.ELC.ACCS.ZS,,,,,,,,,,,46,48.3374671936035,50.1000328063965,51.857364654541,53.6118087768555,55.3657188415527,57.1214981079102,58.8818016052246,60.6493339538574,62.4268074035645,64.5315170288086,66.5939865112305,68.4323654174805,70.2488174438477,72.0532455444336,73.9390563964844,75.9620132446289,77.9439086914063,79.7029113769531,81.2767333984375,82.9259185791016,East Asia & Pacific,Lower middle income
"Micronesia, Fed. Sts.",FSM,GFDD.AI.01,,,,,,,,,,,,,,,,,,,,,,,,,,,,,,,,East Asia & Pacific,Lower middle income
"Micronesia, Fed. Sts.",FSM,GFDD.DI.04,,,,,,,,,,,,,,,,,,,,,,,,,,,,,,,,East Asia & Pacific,Lower middle income
"Micronesia, Fed. Sts.",FSM,GFDD.DI.05,,,,,,48.66155,46.49657,51.04598,48.52307,49.89414,46.62109,47.82573,41.84041,39.79747,40.63614,39.62525,35.81657,36.97079,37.24971,40.65715,38.35938,38.02859,41.20019,45.95681,60.8788,56.32638,65.47186,65.70193,61.34461,59.90835,69.90993,East Asia & Pacific,Lower middle income
"Micronesia, Fed. Sts.",FSM,GFDD.DI.06,,,,,,,,,,,,,,,,,,,,,,,,,,,,,,,,East Asia & Pacific,Lower middle income
"Micronesia, Fed. Sts.",FSM,GFDD.DI.11,,,,,,,,,,,,,,,,,,,,,,,,,,,,,,,,East Asia & Pacific,Lower middle income
"Micronesia, Fed. Sts.",FSM,GFDD.DM.11,,,,,,,,,,,,,,,,,,,,11.70745,9.30095,8.001972,7.921742,13.74316,14.66346,,,,,,,East Asia & Pacific,Lower middle income
"Micronesia, Fed. Sts.",FSM,GFDD.EI.08,,,,,,0.3154683,0.0485049,,,0.3579533,0.1894785,0.0717929,0.048244,,,,,0.5319581,3.865168,1.99012,1.490853,1.055889,0.7123024,0.221932,0.0150342,0.2553004,0.2299368,0.1963636,1.314401,1.324142,1.26453,East Asia & Pacific,Lower middle income
"Micronesia, Fed. Sts.",FSM,GFDD.OI.02,,,,,,48.66155,46.49657,51.04598,48.52307,49.89414,46.62109,47.82573,41.84041,39.79747,40.63614,39.62525,35.81657,36.97079,37.24971,40.65715,38.35938,38.02859,41.20019,45.95681,60.8788,56.32638,65.47186,65.70193,61.34461,59.90834,69.90993,East Asia & Pacific,Lower middle income
"Micronesia, Fed. Sts.",FSM,SH.STA.BRTC.ZS,,,,,,,,,88,83.8,82.8,85.7,81.6,84.6,,82.7,85.3,,90,100,,,,,,,,,,,,East Asia & Pacific,Lower middle income
"Micronesia, Fed. Sts.",FSM,SL.IND.EMPL.ZS,,,,,,,,,,,,,,,,,,,,,,,,,,,,,,,,East Asia & Pacific,Lower middle income
Moldova,MDA,DT.TDS.DPPF.XP.ZS,,,,,2.05154570444659,7.61476820166644,7.73305253073452,10.3957584511696,21.0227067894893,26.5417561745396,15.6211325165127,12.3497185360911,13.7335706812664,7.32934965757445,8.3817103920685,5.0149541808933,5.40418365526256,3.72856627516778,2.8974344933654,4.06002026042912,2.97380277493781,2.58646914800886,2.65857578122295,2.96873733970126,2.70478504679779,2.97989200876349,3.77724523618159,4.00838863284561,4.56920267710059,4.50002574584173,5.38033507999755,Europe & Central Asia,Upper middle income
Moldova,MDA,EG.ELC.ACCS.ZS,100,100,100,100,100,100,100,100,100,100,100,100,99,100,99.0999984741211,98.5999984741211,100,100,100,100,100,100,100,100,100,100,100,99.9800033569336,99.9899978637695,100,100,Europe & Central Asia,Upper middle income
Moldova,MDA,GFDD.AI.01,,,,,,,,,,,,,,,976.08061,1049.1454,1120.8431,1260.7593,1362.5046,1409.4481,1501.4559,1446.4661,1529.2139,1659.9905,1541.9605,936.72261,1058.8634,1162.1449,1251.8198,1347.1402,1379.5009,Europe & Central Asia,Upper middle income
Moldova,MDA,GFDD.DI.04,,,,,,71.46666,74.78579,77.57513,53.50107,51.91354,60.01348,65.96593,69.60542,75.50018,74.94371,80.13486,84.91982,90.07761,91.41801,91.78397,92.38496,93.3907,94.94182,95.66145,95.50526,95.52582,73.4263,73.31747,74.22454,76.22897,79.84085,Europe & Central Asia,Upper middle income
Moldova,MDA,GFDD.DI.05,,,,,,19.21714,18.34012,21.564,19.33694,20.45212,22.29442,25.13984,28.98579,30.85863,36.75266,42.03444,43.66743,51.14568,50.32285,54.08666,29.95677,29.74824,33.77493,37.02534,35.45581,32.67801,32.52065,31.90893,31.89223,31.57188,37.50297,Europe & Central Asia,Upper middle income
Moldova,MDA,GFDD.DI.06,,,,,,7.01736,6.399346,5.929713,15.50413,14.14997,10.8497,10.00644,9.596399,7.898659,8.57515,6.986585,5.634664,4.466583,3.671071,3.698367,2.60248,2.287879,1.98252,1.755555,1.572267,1.471326,9.707657,8.690706,8.046933,7.258933,7.330632,Europe & Central Asia,Upper middle income
Moldova,MDA,GFDD.DI.11,,,,,,,,,,,,,,,,,,1.8988736,2.1199893,2.5406337,2.1864872,2.2257036,2.2346377,2.0521971,1.9431736,2.0171091,1.9965107,1.8578899,1.8087024,1.4725382,,Europe & Central Asia,Upper middle income
Moldova,MDA,GFDD.DM.11,,,,,,,,,,,,0.2079866,0.1317591,0.0631129,0.0789089,0.0910207,0.0108559,0.0084069,0.0019819,0.0022061,0.0643729,0.11623,0.0300833,0.0277991,0.0264979,0.0325361,0.0312211,0.017167,0.0345627,0.0709284,0.0712677,Europe & Central Asia,Upper middle income
Moldova,MDA,GFDD.EI.08,,,33.85246,20.62817,11.57503,10.88415,11.27454,13.59292,3.964323,3.482556,3.64098,4.674254,4.830488,4.046741,4.435483,4.582403,4.257059,3.703115,2.65852,5.325019,3.694715,4.199455,5.3601,5.179242,4.763699,4.460905,4.380008,4.214419,4.048096,3.482872,6.349356,Europe & Central Asia,Upper middle income
Moldova,MDA,GFDD.OI.02,,,,,,9.302063,8.960545,10.65961,9.959151,11.34548,13.12144,15.5121,18.83916,20.93504,25.18655,29.89067,32.16842,38.67115,38.27249,39.43613,31.33501,30.59042,34.49649,37.83696,36.30717,33.27191,33.10221,32.42559,32.21372,31.8273,37.86628,Europe & Central Asia,Upper middle income
Moldova,MDA,SH.STA.BRTC.ZS,100,100,100,100,100,100,100,99.1,98,98,98,99,99.6,99.4,99.3,99.5,99.6,99.6,99.5,99.7,99.2,99.4,99.2,99.8,99.7,99.7,99.7,99.7,99.7,,,Europe & Central Asia,Upper middle income
Moldova,MDA,SL.IND.EMPL.ZS,,24.7399997711182,26.5100002288818,20.7700004577637,19.0100002288818,16.9200000762939,15.0600004196167,14.7700004577637,14.6099996566772,13.6400003433228,13.8900003433228,13.8999996185303,14.4399995803833,16.0499992370605,16.25,16.0100002288818,18.1900005340576,18.7399997711182,19.6800003051758,19.2800006866455,18.6499996185303,18.75,19.2800006866455,17.6900005340576,17.8999996185303,17.8500003814697,17.1399993896484,16.6499996185303,19.4099998474121,21.7199993133545,,Europe & Central Asia,Upper middle income
Monaco,MCO,DT.TDS.DPPF.XP.ZS,,,,,,,,,,,,,,,,,,,,,,,,,,,,,,,,Europe & Central Asia,High income
Monaco,MCO,EG.ELC.ACCS.ZS,100,100,100,100,100,100,100,100,100,100,100,100,100,100,100,100,100,100,100,100,100,100,100,100,100,100,100,100,100,100,100,Europe & Central Asia,High income
Monaco,MCO,GFDD.AI.01,,,,,,,,,,,,,,,,,,,,,,,,,,,,,,,,Europe & Central Asia,High income
Monaco,MCO,GFDD.DI.04,,,,,,,,,,,,,,,,,,,,,,,,,,,,,,,,Europe & Central Asia,High income
Monaco,MCO,GFDD.DI.05,,,,,,,,,,,,,,,,,,,,,,,,,,,,,,,,Europe & Central Asia,High income
Monaco,MCO,GFDD.DI.06,,,,,,,,,,,,,,,,,,,,,,,,,,,,,,,,Europe & Central Asia,High income
Monaco,MCO,GFDD.DI.11,,,,,,,,,,,,,,,,,,,,,,,,,,,,,,,,Europe & Central Asia,High income
Monaco,MCO,GFDD.DM.11,,,,,,,,,,,,,,,,,,,,,,,,,,,,,,,,Europe & Central Asia,High income
Monaco,MCO,GFDD.EI.08,,,,,,,,,,,,,,,,,,,,,,,,,,,,,,,,Europe & Central Asia,High income
Monaco,MCO,GFDD.OI.02,,,,,,,,,,,,,,,,,,,,,,,,,,,,,,,,Europe & Central Asia,High income
Monaco,MCO,SH.STA.BRTC.ZS,,,,,,,,,,,,,,,,,,,,,,,,,,,,,,,,Europe & Central Asia,High income
Monaco,MCO,SL.IND.EMPL.ZS,,,,,,,,,,,,,,,,,,,,,,,,,,,,,,,,Europe & Central Asia,High income
Mongolia,MNG,DT.TDS.DPPF.XP.ZS,,,17.1244588536336,5.94667727967397,10.6313733397498,10.0989228828476,10.6809993299492,9.93704546468994,5.37639545702344,4.27698019199932,6.48798731524479,7.11132691958387,7.35236324123802,33.8393484135785,2.92911290997543,2.69809880479081,2.41299760370303,2.12437421255996,2.30140162494088,4.07727957092054,4.32694477750379,1.74973811246682,2.80517835892441,5.04167491013811,3.62873362272904,3.05609606785937,3.45593573206737,4.15278347487062,11.0471721565898,5.43759936797373,9.63350136260322,East Asia & Pacific,Lower middle income
Mongolia,MNG,EG.ELC.ACCS.ZS,,,,,,,,,,,67.3000030517578,71.0765762329102,72.2844696044922,76.3000030517578,74.6868896484375,86.1999969482422,77.0872192382813,78.2928466796875,79.5056991577148,80.7285003662109,78.502082824707,72.0570755004883,84.4836120605469,81.1999969482422,87.0788269042969,88.4001770019531,89.8384094238281,92.512565612793,98.0999984741211,97.2299118041992,98.0999984741211,East Asia & Pacific,Lower middle income
Mongolia,MNG,GFDD.AI.01,,,,,,,,,,,,,,,,,,,,,,,,,,,,,,,,East Asia & Pacific,Lower middle income
Mongolia,MNG,GFDD.DI.04,,96.41891,95.86866,81.11977,79.7178,93.34143,66.94635,78.52229,82.80866,83.22577,86.13929,93.07066,,99.16138,86.17094,89.92513,97.34378,,,86.12244,91.68168,93.42996,97.97325,,96.38593,96.39447,92.51293,93.58754,94.94832,96.36677,94.10791,East Asia & Pacific,Lower middle income
Mongolia,MNG,GFDD.DI.05,,37.53222,19.89489,16.06911,17.23063,13.40133,13.86435,15.59595,15.13438,17.43234,18.08974,20.31488,25.91166,32.90624,30.78941,38.19906,37.7355,48.03769,33.89988,43.68969,47.95405,48.66614,45.6118,49.29827,47.84385,43.40746,50.78123,56.89851,60.08633,55.88293,65.53278,East Asia & Pacific,Lower middle income
Mongolia,MNG,GFDD.DI.06,,1.997898,1.439918,2.80971,3.058765,0.5936103,4.515748,2.199055,2.362745,1.91102,1.498703,0.8327882,,0.1996105,3.830275,3.267331,0.8600043,,,6.566206,3.191556,3.259135,0.9923899,,2.545231,2.415479,5.60694,4.132345,3.127518,1.991197,3.24969,East Asia & Pacific,Lower middle income
Mongolia,MNG,GFDD.DI.11,,,,,,,,,,,,,,,,,,,0.52368112,0.62293979,0.56742777,0.57650969,0.64478872,0.56644617,0.68620367,0.74815215,0.87047524,0.87794986,1.0241545,0.99152412,1.0445216,East Asia & Pacific,Lower middle income
Mongolia,MNG,GFDD.DM.11,,,,,,,,,,,,,,,,,,,,,0.7032253,0.055747,0.0488348,0.0454864,0.076814,0.0863077,0.1900497,0.1244147,0.1351132,0.2077245,0.2746696,East Asia & Pacific,Lower middle income
Mongolia,MNG,GFDD.EI.08,,41.10758,22.22632,6.557645,2.895225,1.513669,2.217926,3.981251,4.386896,3.478241,3.445721,2.590072,2.323814,2.940833,1.613283,1.227599,1.033623,1.037678,0.5689584,0.4493555,0.9849625,2.853524,4.250456,9.926165,10.21006,12.24184,15.2224,9.650549,5.054585,4.209834,6.326116,East Asia & Pacific,Lower middle income
Mongolia,MNG,GFDD.OI.02,,31.01488,17.07393,12.76564,12.98861,10.04046,9.211437,11.03189,10.02659,10.52157,11.03684,13.61773,19.25567,26.75424,25.56917,33.18925,33.1391,42.32165,28.88538,38.661,43.6918,44.33352,41.18513,45.20042,44.74965,40.70124,47.91312,54.1367,57.60616,53.96191,63.3097,East Asia & Pacific,Lower middle income
Mongolia,MNG,SH.STA.BRTC.ZS,,,,,,,,,97.1,,96.6,,,98.6,99.7,99.2,,,99.4,,98.8,,,98.9,98.9,,,,99.3,,,East Asia & Pacific,Lower middle income
Mongolia,MNG,SL.IND.EMPL.ZS,,19.3899993896484,17.9300003051758,17.0200004577637,16.7399997711182,17.9300003051758,17.4599990844727,16.7000007629395,15.8199996948242,15.5299997329712,14.1400003433228,13.6599998474121,14.3199996948242,11.9200000762939,16.1399993896484,16.8099994659424,17.3400001525879,13.6800003051758,15.2299995422363,14.9399995803833,16.2399997711182,17.3400001525879,18.1700000762939,20.4200000762939,20.7199993133545,20.2900009155273,18.9899997711182,19.2199993133545,20.6100006103516,21.5799999237061,,East Asia & Pacific,Lower middle income
Montenegro,MNE,DT.TDS.DPPF.XP.ZS,,,,,,,,,,,,,,,,,,8.17069978015712,2.54473633728353,3.0894851085175,5.40536502139006,9.19131211870487,12.8398602765517,16.5369531119763,12.613253921845,23.9132014958207,22.4133713362068,12.5477081795999,25.6407768903893,19.8610091646219,39.9106441184699,Europe & Central Asia,Upper middle income
Montenegro,MNE,EG.ELC.ACCS.ZS,100,100,100,100,100,100,100,100,100,100,100,100,100,100,100,99.8302230834961,100,100,100,100,100,99,100,99.6999969482422,97.6999969482422,100,100,100,100,100,100,Europe & Central Asia,Upper middle income
Montenegro,MNE,GFDD.AI.01,,,,,,,,,,,,,,,,,,,,,,,,,,,,,,,,Europe & Central Asia,Upper middle income
Montenegro,MNE,GFDD.DI.04,,,,,,,,,,,,,89.25712,95.52743,96.79488,96.75994,99.75897,99.94521,99.89461,99.83864,99.82094,99.80476,99.80155,99.80843,99.80554,99.82318,99.83965,99.88749,99.88287,96.79173,98.33693,Europe & Central Asia,Upper middle income
Montenegro,MNE,GFDD.DI.05,,,,,,,,,,,,,11.27058,12.04745,13.34566,22.5153,41.2783,66.22309,51.58175,48.66301,48.12703,46.92437,51.96245,51.21878,54.80865,58.35925,59.57351,61.91298,58.53604,52.13717,59.35695,Europe & Central Asia,Upper middle income
Montenegro,MNE,GFDD.DI.06,,,,,,,,,,,,,1.285196,0.6856968,0.5949282,0.7217963,0.0956753,0.0451954,0.0935169,0.1310944,0.1277387,0.1221681,0.1239972,0.1189771,0.1168827,0.109192,0.1008793,0.070889,0.0748393,2.155899,1.303162,Europe & Central Asia,Upper middle income
Montenegro,MNE,GFDD.DI.11,,,,,,,,,,,,,,,,,,,,,,,,,,,,,,,,Europe & Central Asia,Upper middle income
Montenegro,MNE,GFDD.DM.11,,,,,,,,,,,,,,,,,,,,,,,,,,,,,,,,Europe & Central Asia,Upper middle income
Montenegro,MNE,GFDD.EI.08,,,,,,,,,,,,,,,,,,,,,,,,,,,,,,,,Europe & Central Asia,Upper middle income
Montenegro,MNE,GFDD.OI.02,,,,,,,,,,,,,11.12645,12.00057,13.33353,22.4447,41.15633,65.99443,51.20242,48.22935,47.52961,46.26443,50.9973,50.06801,53.48319,56.85821,57.9216,60.10335,56.1908,50.95837,57.67763,Europe & Central Asia,Upper middle income
Montenegro,MNE,SH.STA.BRTC.ZS,,,,,,,,,,,99.1,96.6,98,98.9,98.3,99,87.2,99.7,99.9,99.5,,,,99,,,,,98.8,,,Europe & Central Asia,Upper middle income
Montenegro,MNE,SL.IND.EMPL.ZS,,25.2399997711182,24.8400001525879,24.3299999237061,24.3500003814697,24.6599998474121,25.1700000762939,25.4099998474121,25.5300006866455,24.8700008392334,24.7600002288818,24.4699993133545,24.0200004577637,23.3799991607666,21.25,19.2299995422363,18.2900009155273,17.5400009155273,18.2399997711182,18.1200008392334,18.75,19.5499992370605,17.9200000762939,17.7700004577637,17.5599994659424,17.4599990844727,17.4699993133545,17.0799999237061,18.8999996185303,19.4099998474121,,Europe & Central Asia,Upper middle income
Morocco,MAR,DT.TDS.DPPF.XP.ZS,27.8907841245393,34.1973677086707,52.0696609542591,45.3942249930842,46.5246104022208,47.3983708534644,39.4790428738826,36.709002542777,31.856948990482,32.853677067743,27.1205098813131,25.2452840549091,27.7291944167079,29.6349227469003,17.4079478607181,13.8424524250704,10.1240961311589,9.74015893044632,7.77158311757225,7.0289387064564,7.50951288570833,6.73368519309815,7.06720674250716,8.83217663982189,7.55067735631208,7.54324049886462,8.62367732325985,8.36178534470762,6.77387600381971,6.66811357038991,11.0057210243578,Middle East & North Africa,Lower middle income
Morocco,MAR,EG.ELC.ACCS.ZS,,,49.2,56.7726516723633,58.6088981628418,56.5,62.2745933532715,64.1026840209961,65.9266891479492,67.7458572387695,69.5673828125,71.347900390625,73.1208343505859,74.8885269165039,78.1999969482422,78.4176177978516,96.5,81.9544296264648,83.7323303222656,85.5201644897461,92.6713790893555,93.4464340209961,94.2105178833008,97.1999969482422,91.5999984741211,97.3000030517578,97.8000030517578,100,98.0999984741211,99.5999984741211,100,Middle East & North Africa,Lower middle income
Morocco,MAR,GFDD.AI.01,,,,,,,,,,,,,,,,,,,,,,,,,,,,,,,,Middle East & North Africa,Lower middle income
Morocco,MAR,GFDD.DI.04,75.16862,75.79104,84.61945,85.90617,87.87234,82.68524,83.26651,88.26346,89.13546,91.84359,91.46229,94.72268,94.77085,94.58869,94.65455,96.30582,96.57872,97.51984,97.93037,98.56067,98.73031,99.10246,99.28596,99.2478,99.37469,99.34141,99.36585,99.45507,99.54216,99.5173,99.59509,Middle East & North Africa,Lower middle income
Morocco,MAR,GFDD.DI.05,46.15091,47.70328,50.9014,53.72425,53.1769,55.95726,52.84019,61.92704,60.99492,66.14434,70.90968,74.88302,76.37529,77.50388,78.75542,85.9023,92.01437,99.60294,99.68046,99.84542,87.10694,89.83559,89.56234,88.89582,92.66341,92.59618,94.04479,93.77357,93.67861,93.40655,103.4859,Middle East & North Africa,Lower middle income
Morocco,MAR,GFDD.DI.06,8.480684,8.726202,6.070353,5.9637,5.10308,8.255764,7.510549,7.480665,6.867093,5.187945,5.907524,3.600495,3.555706,3.644571,3.521333,2.550362,2.468808,2.017066,1.82493,1.343651,1.074218,0.806022,0.6713257,0.6977759,0.5738865,0.5719985,0.5504311,0.4738147,0.4094287,0.4344346,0.4116531,Middle East & North Africa,Lower middle income
Morocco,MAR,GFDD.DI.11,,,,,,,,,,,,,,15.446893,14.959427,15.361765,15.172161,18.022275,16.104129,17.565323,18.096566,18.369007,18.271941,18.079627,18.486451,18.137156,18.60891,18.768315,19.177431,19.575864,,Middle East & North Africa,Lower middle income
Morocco,MAR,GFDD.DM.11,,,,,,,,,,,,,0.0069393,,,,0.0115079,0.0111865,0.0821742,0.0181188,0.0136713,0.0659592,0.0398444,0.0097049,0.0094233,0.1145121,0.1986603,0.1054339,0.0984329,0.0789052,0.089165,Middle East & North Africa,Lower middle income
Morocco,MAR,GFDD.EI.08,11.96606,10.06525,13.73925,15.16896,15.48716,14.89056,13.30388,15.71637,14.5979,13.45421,14.95021,19.87218,20.12354,18.92643,17.27354,18.83802,18.94875,17.94047,17.9353,18.32515,16.78762,18.67064,21.80206,23.95907,22.97884,22.55363,22.32552,23.54266,26.76823,26.5971,32.15887,Middle East & North Africa,Lower middle income
Morocco,MAR,GFDD.OI.02,31.48257,32.77884,35.80681,38.29269,38.16613,40.54919,37.82255,48.30927,47.78822,51.51784,56.38838,59.50361,60.73378,62.24015,63.36499,69.3163,73.68073,80.8188,81.50926,81.25849,86.69134,87.83833,88.19445,86.54394,89.72926,88.92393,90.1588,89.94168,88.3634,87.02258,98.53936,Middle East & North Africa,Lower middle income
Morocco,MAR,SH.STA.BRTC.ZS,,,31,,,39.6,,45.6,,,,,,,62.6,,,,,,74.1,73.6,,,,,,,86.6,,,Middle East & North Africa,Lower middle income
Morocco,MAR,SL.IND.EMPL.ZS,,20.1000003814697,19.8600006103516,19.6200008392334,19.8999996185303,19.4400005340576,19.9699993133545,19.6599998474121,19.9699993133545,19.7700004577637,19.7099990844727,20.0599994659424,20.1200008392334,20.1800003051758,19.4799995422363,19.5100002288818,20.2999992370605,20.5599994659424,21.0499992370605,21.2099990844727,21.4899997711182,21.8500003814697,21.3899993896484,21.6499996185303,21.8700008392334,22.2600002288818,22.25,22.6599998474121,22.8799991607666,23.0900001525879,,Middle East & North Africa,Lower middle income
Mozambique,MOZ,DT.TDS.DPPF.XP.ZS,17.2969424949967,19.7811070391673,20.7890141475546,31.472715285253,30.3757541224077,33.4455226403061,25.0336781232648,17.9450552332693,15.6206957719633,14.3433460270101,8.05024105632887,5.09566716138079,3.93982518282015,4.33510692190085,2.71586384626025,2.82454173838686,1.47546738982949,1.01344690187457,1.06846855093073,1.46267880205793,3.43057592934274,2.27080165598218,2.04481614262343,3.80043867185959,5.42806447887853,9.43406698695106,9.72545090399833,6.8798421616488,7.27375475837691,13.241298469602,31.329197135758,Sub-Saharan Africa,Low income
Mozambique,MOZ,EG.ELC.ACCS.ZS,,,,,,,,6.6,3.66317558288574,4.87912368774414,6.09631109237671,5.69999980926514,8.44392108917236,8.10000038146973,10.7705898284912,11.9319448471069,13.0951719284058,12.3999996185303,13.5712242126465,15,18.8027362823486,20.2000007629395,21.2326068878174,22.4201278686523,24.7999992370605,24,26.2465209960938,24.2999992370605,31.1000003814697,29.6744499206543,30.603832244873,Sub-Saharan Africa,Low income
Mozambique,MOZ,GFDD.AI.01,,,,,,,,,,,,,,,,,,,,,,,,,,,,,,,,Sub-Saharan Africa,Low income
Mozambique,MOZ,GFDD.DI.04,23.70539,72.44411,79.09772,66.7821,74.618,77.66459,86.72613,92.75076,97.68088,99.1007,99.94089,99.94582,99.93034,99.96937,86.39244,94.93951,91.6561,90.64491,92.64973,94.80025,95.6299,95.98409,96.39767,96.72158,95.92832,97.3558,88.33265,83.33079,83.55903,80.16467,71.55787,Sub-Saharan Africa,Low income
Mozambique,MOZ,GFDD.DI.05,18.77756,17.10476,22.91541,24.0539,22.65931,21.59587,15.45727,15.54492,15.72526,16.96671,20.80233,18.41882,20.93117,21.67047,19.79989,21.5266,22.08269,24.06369,26.38932,32.65816,35.37701,34.39935,40.09584,42.35348,47.6139,52.28691,48.77973,45.9053,46.62655,48.63565,59.39861,Sub-Saharan Africa,Low income
Mozambique,MOZ,GFDD.DI.06,15.7151,4.87145,3.821493,5.169741,3.442885,2.731372,1.255032,0.7925613,0.2529005,0.1067493,0.008711,0.0067129,0.0092683,0.0039515,2.034369,0.8911561,1.490154,1.781211,1.686537,1.590249,1.333635,1.30355,1.264084,1.338987,1.961828,1.31003,6.013564,8.703395,8.580311,10.2411,17.49036,Sub-Saharan Africa,Low income
Mozambique,MOZ,GFDD.DI.11,,,,,,,,,,,,,,,,2.1129617,2.2164829,2.0433425,2.0428607,2.4052112,2.5022972,2.8731891,3.0247151,3.5608256,3.5614555,3.6509053,4.4459439,4.1417386,3.4891204,3.9828031,4.9022366,Sub-Saharan Africa,Low income
Mozambique,MOZ,GFDD.DM.11,,,,,,,,,,,,,,,,1.762868,0.7491001,1.932199,1.677709,0.0407839,0.0456698,0.2579936,0.1114562,0.4095967,0.323314,0.271764,0.1745666,0.0082045,0.0140901,0.0115244,0.021543,Sub-Saharan Africa,Low income
Mozambique,MOZ,GFDD.EI.08,1.986327,1.439636,1.540875,1.181174,0.9941549,0.420252,0.2794418,0.5691683,0.2869042,0.5698184,2.00771,2.952668,3.798949,4.489836,5.910105,7.663138,6.260472,7.002571,6.957721,9.009044,7.081697,10.11308,11.22152,13.1567,15.88755,15.92783,14.24975,19.23655,21.54287,20.37193,19.7149,Sub-Saharan Africa,Low income
Mozambique,MOZ,GFDD.OI.02,6.544248,13.04873,18.97501,19.28227,17.96575,16.94207,12.139,12.43176,12.8609,13.86588,17.78861,15.49207,18.12737,18.59341,16.58944,18.18283,18.80987,20.52694,23.02774,28.49129,30.56936,29.96752,35.62156,37.65129,42.40243,47.27499,43.68794,41.34388,42.51832,44.27256,54.17466,Sub-Saharan Africa,Low income
Mozambique,MOZ,SH.STA.BRTC.ZS,,,,,,,,44.2,,,,,,47.7,,,,,55.3,,,54.3,,,,73,,,,,,Sub-Saharan Africa,Low income
Mozambique,MOZ,SL.IND.EMPL.ZS,,2.5,2.50999999046326,2.51999998092651,2.53999996185303,2.55999994277954,2.60999989509583,2.6800000667572,2.75999999046326,2.84999990463257,2.95000004768372,3.09999990463257,3.23000001907349,3.39000010490417,3.60999989509583,3.83999991416931,4.1100001335144,4.38000011444092,4.67999982833862,5,5.3600001335144,5.76000022888184,6.17999982833862,6.65000009536743,7.15000009536743,7.75,8.02999973297119,8.25,8.44999980926514,8.59000015258789,,Sub-Saharan Africa,Low income
Myanmar,MMR,DT.TDS.DPPF.XP.ZS,18.7736180641683,27.6942396573146,8.47489097909341,13.2574295550181,14.7306767982882,20.089315183637,12.573163235605,8.43460918488382,5.74731650157907,5.53053871688058,0.968683710796229,0.634869536662928,0.731178085762148,0.735903365760651,0.735160714043514,0.648443595864671,1.22286319378873,1.33163787779431,1.37498655529822,1.75654433044979,3.11102025954906,2.62906832705822,12.002675090996,19.6673695265018,4.62048941119918,3.46353670588607,5.399549436121,4.3023478485883,4.84337558989208,3.39787785213217,,East Asia & Pacific,Lower middle income
Myanmar,MMR,EG.ELC.ACCS.ZS,,,,,,,,,,,41.8337898254395,42.9418983459473,47,45.1377143859863,46.2301177978516,47.3219833374023,48.4157218933105,49.5139846801758,50.6194763183594,51.7349090576172,48.7999992370605,54.0064277648926,55.1679344177246,56.3492736816406,52,60.5,55.5999984741211,69.8148345947266,66.2272796630859,68.358528137207,70.3971939086914,East Asia & Pacific,Lower middle income
Myanmar,MMR,GFDD.AI.01,,,,,,,,,,,,,,,112.99356,114.50523,116.12754,119.93729,123.81732,126.19699,129.91314,122.21038,142.95662,155.56307,176.19873,197.7077,250.72783,185.64488,239.82014,341.11047,,East Asia & Pacific,Lower middle income
Myanmar,MMR,GFDD.DI.04,13.78484,21.46718,24.27425,24.56031,25.46512,27.62123,32.1336,37.1896,41.88775,41.10628,41.08397,46.05445,46.08967,26.93954,25.56292,23.34268,21.91127,21.82997,26.83842,30.73015,46.82178,49.79632,63.203,71.70773,78.08723,73.62627,74.82433,75.28551,77.26968,78.95063,74.15506,East Asia & Pacific,Lower middle income
Myanmar,MMR,GFDD.DI.05,30.63982,34.24949,35.69071,32.4192,31.60409,33.94923,36.41747,34.08128,27.86003,25.92002,29.58039,33.03135,29.78593,20.63064,21.64755,21.66431,20.22295,19.05023,17.31378,19.89412,25.2617,28.55667,32.8904,38.61351,41.86518,48.87698,53.36195,57.72479,58.94449,60.03848,64.88211,East Asia & Pacific,Lower middle income
Myanmar,MMR,GFDD.DI.06,37.46176,35.93867,34.25516,29.98087,27.87942,26.3615,26.12298,22.43194,18.00529,15.23149,16.48027,19.32258,16.99232,16.52711,17.53486,17.69795,16.55737,15.3602,13.34024,14.79259,16.22309,16.28478,13.69564,12.9656,11.62787,14.96664,15.86589,16.53531,15.46476,14.37787,15.07462,East Asia & Pacific,Lower middle income
Myanmar,MMR,GFDD.DI.11,,,,,,,,,,,,,,,,,,,,,,,,,,,,,,,,East Asia & Pacific,Lower middle income
Myanmar,MMR,GFDD.DM.11,,,,,,,,,,,,,,,,,,,,,,,,,7.74E-08,6.46E-08,6.13E-08,0.0543718,0.038776,0.0059908,,East Asia & Pacific,Lower middle income
Myanmar,MMR,GFDD.EI.08,0.7642484,5.362198,3.27406,2.598063,1.817863,1.36447,1.076036,1.17564,0.9056932,2.929957,3.819689,5.289497,3.428674,1.945463,1.537716,0.7077618,0.7255263,0.8127488,1.746934,2.986418,9.121147,8.833621,14.01579,19.59879,24.95971,22.68866,23.52516,23.8407,24.25599,25.48337,18.47448,East Asia & Pacific,Lower middle income
Myanmar,MMR,GFDD.OI.02,9.518907,11.37084,11.05781,10.2364,10.21368,12.68355,14.51564,13.74157,12.67402,13.40522,16.88515,18.87489,16.10533,6.193682,7.635215,7.411341,7.319624,7.331757,7.267103,9.104448,13.73329,16.58724,21.02329,26.03559,29.49785,35.2623,40.42411,45.16001,46.2417,47.86791,50.94155,East Asia & Pacific,Lower middle income
Myanmar,MMR,SH.STA.BRTC.ZS,,46.3,,,,,,56.4,,,,57,,67.5,,,,63.9,,,70.6,,,,,,60.2,,,,,East Asia & Pacific,Lower middle income
Myanmar,MMR,SL.IND.EMPL.ZS,,8.36999988555908,8.98999977111816,9.61999988555908,9.78999996185303,10.5299997329712,11.0900001525879,11.710000038147,12.0600004196167,12.3400001525879,12.9099998474121,13.2299995422363,13.8299999237061,14.4700002670288,14.960000038147,15.3299999237061,15.75,15.9099998474121,16.1499996185303,16.3500003814697,16.5200004577637,16.4699993133545,16.4799995422363,16.5400009155273,16.7000007629395,16.7700004577637,16.3600006103516,15.9399995803833,17.2700004577637,16.9400005340576,,East Asia & Pacific,Lower middle income
Namibia,NAM,DT.TDS.DPPF.XP.ZS,,,,,,,,,,,,,,,,,,,,,,,,,,,,,,,,Sub-Saharan Africa,Upper middle income
Namibia,NAM,EG.ELC.ACCS.ZS,,,26.4,27,28.9325885772705,29.9521484375,30.9689884185791,31.9824295043945,32.9917907714844,33.9963111877441,36.5,35.9668617248535,36.9254760742188,37.8788528442383,38.8293418884277,39.779296875,40.7311248779297,43.7000007629395,42.651050567627,44.0999984741211,44.6107368469238,42.2999992370605,46.6318588256836,47.4000015258789,48.728515625,51.5999984741211,49.7000007629395,52.5,54.0028953552246,55.1770896911621,56.2586936950684,Sub-Saharan Africa,Upper middle income
Namibia,NAM,GFDD.AI.01,,,,,,,,,,,,,,,103.31599,99.539232,144.48324,154.82227,156.63876,170.08777,169.81434,455.68079,670.65439,747.53206,881.12335,934.49529,913.02698,937.01578,1070.6598,1154.4555,1220.9699,Sub-Saharan Africa,Upper middle income
Namibia,NAM,GFDD.DI.04,,,86.68737,87.17137,87.97587,89.42601,90.00661,99.99991,99.99992,99.99992,99.99993,99.99994,99.89919,99.89732,99.93946,99.94995,99.9481,99.94946,99.93591,99.94191,99.94794,99.94958,99.94009,99.94118,99.94964,99.9545,99.7873,99.95165,99.59818,98.88311,99.92753,Sub-Saharan Africa,Upper middle income
Namibia,NAM,GFDD.DI.05,20.46734,23.26233,28.84679,31.71231,33.88298,37.47421,39.12122,37.87912,37.44435,40.53541,39.84327,37.59607,35.22033,36.56474,37.0587,37.57858,41.57469,40.27455,41.70119,63.23488,63.63985,65.15421,57.21499,58.72601,55.15298,49.1875,48.57681,50.98611,51.2024,56.43633,63.94971,Sub-Saharan Africa,Upper middle income
Namibia,NAM,GFDD.DI.06,,,5.217286,5.832138,5.530634,5.431045,4.99615,4.18E-05,3.74E-05,3.38E-05,2.94E-05,2.61E-05,0.0468816,0.0510886,0.0318569,0.0290419,0.0292103,0.0282292,0.0334825,0.0306662,0.0280247,0.0293739,0.0335767,0.0341814,0.0292726,0.0285917,0.1352894,0.0305798,0.2616811,0.8007857,0.0572119,Sub-Saharan Africa,Upper middle income
Namibia,NAM,GFDD.DI.11,,,,,,,,,,,19.985402,22.978586,29.168294,30.563378,,36.437022,35.357347,37.125959,32.060772,32.491108,32.98863,32.878694,32.430223,33.967098,33.354268,34.470437,33.811475,35.068466,34.896085,36.900603,38.415493,Sub-Saharan Africa,Upper middle income
Namibia,NAM,GFDD.DM.11,,,,,,,,,,,0.1763504,,,,20.21095,15.61519,15.04651,27.25727,24.44731,36.31599,31.61107,18.75597,24.38142,23.36987,19.86475,13.66651,16.4058,17.02697,14.54166,16.85572,27.54179,Sub-Saharan Africa,Upper middle income
Namibia,NAM,GFDD.EI.08,0.6471682,1.22588,2.484437,3.394061,2.731915,2.566236,4.141591,5.301682,4.860081,5.980718,5.380156,4.174349,4.459794,4.938438,5.700017,5.102724,5.198272,5.1714,4.527641,4.780013,4.696243,8.931521,7.412427,7.446905,6.745245,8.823302,9.21459,10.84768,11.66608,13.96921,17.93303,Sub-Saharan Africa,Upper middle income
Namibia,NAM,GFDD.OI.02,20.34601,23.11156,28.84679,30.85903,32.21724,35.85732,37.47873,36.13226,35.74644,38.75511,38.0829,35.94616,33.68014,34.99599,35.57673,36.1074,40.16491,38.94242,40.07456,61.55824,62.0761,63.27094,55.63821,56.90603,53.2663,53.48304,52.7329,55.36018,56.00627,62.05573,70.00619,Sub-Saharan Africa,Upper middle income
Namibia,NAM,SH.STA.BRTC.ZS,,,68.2,,,,,,,,75.5,,,,,,,81.4,,,,,,88.2,,,,,,,,Sub-Saharan Africa,Upper middle income
Namibia,NAM,SL.IND.EMPL.ZS,,15.0500001907349,14.9099998474121,14.7700004577637,14.6199998855591,14.5200004577637,14.3699998855591,14.2700004577637,13.6000003814697,12.9200000762939,12.3100004196167,12.7799997329712,13.3699998855591,14.1000003814697,14.8299999237061,14.6599998474121,14.5699996948242,14.4499998092651,14.2700004577637,14.1800003051758,14.0500001907349,13.960000038147,13.8800001144409,14.4399995803833,14.8299999237061,16.9899997711182,19.3299999237061,17.6599998474121,16.2199993133545,16.3999996185303,,Sub-Saharan Africa,Upper middle income
Nauru,NRU,DT.TDS.DPPF.XP.ZS,,,,,,,,,,,,,,,,,,,,,,,,,,,,,,,,East Asia & Pacific,High income
Nauru,NRU,EG.ELC.ACCS.ZS,98.9990844726563,99.0413055419922,99.0834197998047,99.1248550415039,99.164924621582,99.2029571533203,99.2382659912109,99.2701797485352,99.2980117797852,99.3210067749023,99.4370880126953,99.4156341552734,99.386589050293,99.3523178100586,99.3151550292969,99.2774505615234,99.2416305541992,99.8000030517578,99.1862487792969,99.1721115112305,99.1706314086914,99,99.2164459228516,99.2682113647461,99.3377914428711,99,99.7128829956055,99.8700408935547,99.92822265625,100,100,East Asia & Pacific,High income
Nauru,NRU,GFDD.AI.01,,,,,,,,,,,,,,,,,,,,,,,,,,,,,,,,East Asia & Pacific,High income
Nauru,NRU,GFDD.DI.04,,,,,,,,,,,,,,,,,,,,,,,,,,,,,,,,East Asia & Pacific,High income
Nauru,NRU,GFDD.DI.05,,,,,,,,,,,,,,,,,,,,,,,,,,,,,,,,East Asia & Pacific,High income
Nauru,NRU,GFDD.DI.06,,,,,,,,,,,,,,,,,,,,,,,,,,,,,,,,East Asia & Pacific,High income
Nauru,NRU,GFDD.DI.11,,,,,,,,,,,,,,,,,,,,,,,,,,,,,,,,East Asia & Pacific,High income
Nauru,NRU,GFDD.DM.11,,,,,,,,,,,,,,,,,,,,,,,,,,,,,,,,East Asia & Pacific,High income
Nauru,NRU,GFDD.EI.08,,,,,,,,,,,,,,,,,,,,,,,,,,,,,,,,East Asia & Pacific,High income
Nauru,NRU,GFDD.OI.02,,,,,,,,,,,,,,,,,,,,,,,,,,,,,,,,East Asia & Pacific,High income
Nauru,NRU,SH.STA.BRTC.ZS,,,,,,,,,,,,,,,,,,97.4,,,,,,,,,,,,,,East Asia & Pacific,High income
Nauru,NRU,SL.IND.EMPL.ZS,,,,,,,,,,,,,,,,,,,,,,,,,,,,,,,,East Asia & Pacific,High income
Nepal,NPL,DT.TDS.DPPF.XP.ZS,14.5305466538726,11.174427829884,9.18188494567217,8.61470212605132,7.81418117397582,7.68681651501022,6.52556162103125,6.92983413179939,7.93818128253091,7.99556078534268,7.39802455027777,7.70428008839903,10.1935211592947,10.0475411360316,8.9637800148073,8.1801645541717,9.68185903035934,8.60646489495267,8.24005463218328,9.97209566513944,10.4126541799057,8.99735950964327,10.0288654400737,8.59027441500856,7.82253912782235,7.88550976659134,8.65970032207813,7.37838552402807,6.59805769677337,7.42330901362848,11.6330533930538,South Asia,Lower middle income
Nepal,NPL,EG.ELC.ACCS.ZS,,,,,,,17.9,18.1328678131104,21.7325325012207,25.3273544311523,29.0462665557861,24.6000003814697,35.8874092102051,39.2989501953125,37.2000007629395,46.1157302856445,51.2000007629395,52.9402351379395,56.3619804382324,59.7936668395996,68.5999984741211,67.2600021362305,74.9659729003906,77.466194152832,84.9000015258789,82.5239562988281,90.6999969482422,87.8963470458984,93.9199981689453,89.9000015258789,89.9000015258789,South Asia,Lower middle income
Nepal,NPL,GFDD.AI.01,,,,,,,,,,,,,,,,,,,,,,,,,,,,,,,,South Asia,Lower middle income
Nepal,NPL,GFDD.DI.04,66.40216,74.47338,74.33408,76.16422,79.19066,76.9865,78.34498,78.52249,81.95062,84.41995,85.24866,88.1973,86.22871,93.08091,93.64329,92.40267,94.22669,92.40469,94.59135,95.70804,95.45441,95.8133,97.08885,97.4461,98.02805,98.65764,98.95822,98.22366,97.64938,98.12169,98.33886,South Asia,Lower middle income
Nepal,NPL,GFDD.DI.05,26.08642,26.74269,26.1243,28.39062,29.53119,30.99204,30.61919,35.19676,36.48771,39.05156,41.8306,45.07238,44.46564,45.74445,47.13096,47.23496,49.65757,52.92443,58.21826,70.55984,64.06854,66.34244,67.71801,74.31578,75.36024,86.3804,94.20592,89.40509,95.33182,97.16994,116.9676,South Asia,Lower middle income
Nepal,NPL,GFDD.DI.06,7.693059,5.77214,5.676425,5.478862,5.034961,6.413812,5.987321,6.008165,5.656601,4.927459,4.915331,4.205992,4.722242,2.347891,2.207,2.715074,2.237372,3.246923,2.506898,2.635271,2.650097,2.404724,1.73769,1.572856,1.262542,0.9020683,0.8263214,1.468733,2.10582,1.74701,1.793011,South Asia,Lower middle income
Nepal,NPL,GFDD.DI.11,,,,,,,,,,,,,,,,,0.57732635,0.60082964,0.68043208,3.7453574,3.9789612,4.4780874,4.8342036,4.7876146,5.1461013,5.8352712,7.0230871,6.9504769,8.5883742,10.020896,,South Asia,Lower middle income
Nepal,NPL,GFDD.DM.11,,,,,,,,,,,,,,,,,,,,,,,0.0244858,,,,,,,,,South Asia,Lower middle income
Nepal,NPL,GFDD.EI.08,5.764692,7.184172,6.600599,6.727121,4.859919,3.493022,3.48889,3.347143,3.080619,4.021842,4.266317,6.846417,9.851774,11.25783,10.64282,9.799219,10.70185,9.174145,11.02006,8.404363,9.405875,10.41299,11.00642,11.30248,9.707837,10.93862,10.2265,14.7247,12.89666,13.83137,20.48727,South Asia,Lower middle income
Nepal,NPL,GFDD.OI.02,17.9251,17.97032,18.06893,19.71861,20.49351,21.83678,21.85084,22.94595,27.1352,29.21849,31.59173,34.1222,33.89099,35.24701,36.42909,36.51479,38.91995,42.4034,46.42583,58.53296,53.46735,56.0286,57.04906,62.53307,64.11699,71.091,79.94035,76.38979,83.01885,85.80957,103.111,South Asia,Lower middle income
Nepal,NPL,SH.STA.BRTC.ZS,,7.4,,,,,9,,,,11.9,10.9,,,15.8,,18.7,,,,,36,,,55.6,,58,58,,,,South Asia,Lower middle income
Nepal,NPL,SL.IND.EMPL.ZS,,2.75999999046326,3.21000003814697,3.74000000953674,4.44999980926514,5.19999980926514,6.11999988555908,7.19999980926514,8.38000011444092,9.84000015258789,10.5200004577637,10.9799995422363,11.210000038147,11.539999961853,11.8000001907349,11.9700002670288,12.1199998855591,12.25,12.5699996948242,12.7399997711182,12.9899997711182,13.1599998474121,13.4099998474121,13.6499996185303,13.9799995422363,14.1400003433228,14.0500001907349,14.4799995422363,14.8100004196167,15.1099996566772,,South Asia,Lower middle income
Netherlands,NLD,DT.TDS.DPPF.XP.ZS,,,,,,,,,,,,,,,,,,,,,,,,,,,,,,,,Europe & Central Asia,High income
Netherlands,NLD,EG.ELC.ACCS.ZS,100,100,100,100,100,100,100,100,100,100,100,100,100,100,100,100,100,100,100,100,100,100,100,100,100,100,100,100,100,100,100,Europe & Central Asia,High income
Netherlands,NLD,GFDD.AI.01,,,,,,,,,,,,,,,,,,,,,,,,,,,,,,,,Europe & Central Asia,High income
Netherlands,NLD,GFDD.DI.04,98.6011,98.55119,98.79236,99.26873,99.35498,99.40628,99.43539,99.46867,,,,99.67719,99.88092,99.9331,99.87363,99.93434,99.92877,99.86053,99.80236,99.8624,99.85305,99.78079,99.87273,99.85049,99.62882,97.1746,93.81969,91.58372,90.90797,91.20323,88.26534,Europe & Central Asia,High income
Netherlands,NLD,GFDD.DI.05,75.45232,74.78332,75.24548,77.30353,73.76118,74.25553,74.98247,74.73591,,,,81.31281,82.61572,89.02557,90.47188,99.68288,105.3113,101.5579,103.2642,109.3478,110.3776,113.0211,114.759,112.7362,125.2782,120.4051,120.4414,116.2105,110.3981,110.4854,122.8129,Europe & Central Asia,High income
Netherlands,NLD,GFDD.DI.06,1.344763,1.391793,1.15856,0.7221568,0.6477944,0.6254252,0.6245281,0.6101292,0.589588,,,0.3938732,0.1434737,0.0805366,0.156815,0.0836838,0.0879315,0.1708739,0.2385669,0.1750843,0.1860175,0.2792304,0.1684621,0.1933492,0.4915421,3.677783,8.427203,11.30454,11.55872,10.52832,14.57077,Europe & Central Asia,High income
Netherlands,NLD,GFDD.DI.11,,,,,,49.654526,53.920929,57.760821,61.838471,63.66248,61.902139,59.227693,54.891976,57.123496,58.256217,63.474821,63.043456,61.381527,58.683896,61.468659,63.855804,66.73345,71.568198,67.463582,76.33242,70.597587,70.599164,64.892311,60.958776,63.64182,69.044176,Europe & Central Asia,High income
Netherlands,NLD,GFDD.DM.11,,,,,,,,,,45.55413,53.82524,58.0816,74.41322,89.39126,99.67629,99.54295,104.4705,106.065,84.37252,105.0463,99.35535,90.97228,112.697,109.7601,108.6758,118.1583,118.6477,123.6183,109.4064,117.565,133.1855,Europe & Central Asia,High income
Netherlands,NLD,GFDD.EI.08,46.47872,42.96219,41.21019,41.92507,41.26101,40.55264,39.59521,38.03265,,,,11.15358,11.15663,11.48613,11.11932,11.01668,9.843023,8.978794,9.552255,9.828884,12.73242,12.60273,15.25546,15.28534,15.52013,14.88925,13.36412,11.86987,10.0866,9.471684,8.713341,Europe & Central Asia,High income
Netherlands,NLD,GFDD.OI.02,68.50923,68.20847,68.98455,71.12925,67.81596,68.56612,69.48721,69.55276,,,,76.00652,76.09156,81.76557,82.17996,91.52361,94.52242,90.24792,92.42102,96.28194,96.24461,97.25444,96.84486,94.0413,102.4711,99.85855,98.95586,98.31741,92.52159,92.29904,103.2301,Europe & Central Asia,High income
Netherlands,NLD,SH.STA.BRTC.ZS,,,,,,,,,100,,,,,100,,,,,,,,,,,,,,,,,,Europe & Central Asia,High income
Netherlands,NLD,SL.IND.EMPL.ZS,,25.0699996948242,24.6700000762939,24.1399993896484,23.3500003814697,23.3500003814697,23.1599998474121,22.8799991607666,22.7600002288818,22.3299999237061,21.5799999237061,21.5699996948242,20.9799995422363,19.9099998474121,20.0799999237061,21.0400009155273,20.6299991607666,19.7800006866455,19.1299991607666,18.5200004577637,17.7000007629395,17.1700000762939,17.2099990844727,16.5200004577637,16.2299995422363,16.4300003051758,16.4799995422363,16.5200004577637,16.1700000762939,16.1100006103516,,Europe & Central Asia,High income
New Caledonia,NCL,DT.TDS.DPPF.XP.ZS,,,,,,,,,,,,,,,,,,,,,,,,,,,,,,,,East Asia & Pacific,High income
New Caledonia,NCL,EG.ELC.ACCS.ZS,99.8443069458008,99.8758163452148,99.906867980957,99.937255859375,99.9650802612305,100,100,100,100,100,100,100,100,100,100,100,100,100,100,100,100,100,100,100,100,100,100,100,100,100,100,East Asia & Pacific,High income
New Caledonia,NCL,GFDD.AI.01,,,,,,,,,,,,,,,,,,,,,,,,,,,,,,,,East Asia & Pacific,High income
New Caledonia,NCL,GFDD.DI.04,,,,,,,,,,,,,,,,,,,,,,,,,,,,,,,,East Asia & Pacific,High income
New Caledonia,NCL,GFDD.DI.05,,,,,,,,,,,,,,,,,,,,,,,,,,,,,,,,East Asia & Pacific,High income
New Caledonia,NCL,GFDD.DI.06,,,,,,,,,,,,,,,,,,,,,,,,,,,,,,,,East Asia & Pacific,High income
New Caledonia,NCL,GFDD.DI.11,,,,,,,,,,,,,,,,,,,,,,,,,,,,,,,,East Asia & Pacific,High income
New Caledonia,NCL,GFDD.DM.11,,,,,,,,,,,,,,,,,,,,,,,,,,,,,,,,East Asia & Pacific,High income
New Caledonia,NCL,GFDD.EI.08,,,,,,,,,,,,,,,,,,,,,,,,,,,,,,,,East Asia & Pacific,High income
New Caledonia,NCL,GFDD.OI.02,,,,,,,,,,,,,,,,,,,,,,,,,,,,,,,,East Asia & Pacific,High income
New Caledonia,NCL,SH.STA.BRTC.ZS,,,,,,,,,,,,,,,,,,,,,,,,,,,,,,,,East Asia & Pacific,High income
New Caledonia,NCL,SL.IND.EMPL.ZS,,23.2299995422363,23.2600002288818,23.3799991607666,23.4200000762939,23.5100002288818,23.3999996185303,24.1399993896484,24.2299995422363,23.8199996948242,23.3799991607666,23.0400009155273,22.6399993896484,22.1599998474121,21.5699996948242,21.3099994659424,21.3999996185303,21.9899997711182,22.3700008392334,22.1700000762939,22.0699996948242,22.5699996948242,22.8199996948242,22.9400005340576,22.5699996948242,22.7000007629395,22.7900009155273,22.7099990844727,22.75,22.8700008392334,,East Asia & Pacific,High income
New Zealand,NZL,DT.TDS.DPPF.XP.ZS,,,,,,,,,,,,,,,,,,,,,,,,,,,,,,,,East Asia & Pacific,High income
New Zealand,NZL,EG.ELC.ACCS.ZS,100,100,100,100,100,100,100,100,100,100,100,100,100,100,100,100,100,100,100,100,100,100,100,100,100,100,100,100,100,100,100,East Asia & Pacific,High income
New Zealand,NZL,GFDD.AI.01,,,,,,,,,,,,,,,,,,,,,,,,,,,,,,,,East Asia & Pacific,High income
New Zealand,NZL,GFDD.DI.04,95.53929,95.84411,97.12199,97.04733,96.50335,96.68492,96.40288,96.68008,96.84332,97.93331,97.69054,97.77611,97.60985,97.78234,97.41846,97.60963,97.82577,98.25749,98.17234,98.22137,98.26365,,,99.1722,98.75701,99.15041,99.2146,99.24215,98.70297,99.23592,89.81496,East Asia & Pacific,High income
New Zealand,NZL,GFDD.DI.05,69.38552,71.86397,72.69028,72.02441,73.06598,75.08914,80.89749,83.44772,82.10181,83.74983,79.87644,81.6368,77.31118,79.96072,76.57458,79.77501,84.47526,86.58309,92.40485,90.6638,93.53056,,,94.73689,83.26498,87.72226,89.1231,89.11774,89.49509,88.52181,99.34013,East Asia & Pacific,High income
New Zealand,NZL,GFDD.DI.06,3.818158,3.770797,2.770952,2.740775,3.274068,3.231566,3.637381,3.595886,3.587125,2.444474,2.725697,2.64097,2.686285,2.621969,3.081742,3.093886,2.977159,2.472466,2.743539,2.728308,2.685588,1.505995,3.479451,1.263199,1.878006,1.30449,1.233954,1.161949,2.001764,1.175542,18.0749,East Asia & Pacific,High income
New Zealand,NZL,GFDD.DI.11,,,,,,,,,,,,,,,,,,,,9.3188377,9.1260642,,16.272953,15.104381,13.106758,12.734715,8.1237889,7.3406845,6.3027331,6.2415414,6.797509,East Asia & Pacific,High income
New Zealand,NZL,GFDD.DM.11,,,,,,,,,,,8.000553,8.530694,9.341735,6.857509,6.176103,4.841039,5.433312,6.336326,5.66675,8.776823,8.374364,8.54761,10.38888,11.2106,14.67093,16.17437,16.85123,16.24308,16.49619,17.99807,22.16484,East Asia & Pacific,High income
New Zealand,NZL,GFDD.EI.08,9.289756,9.574423,10.9276,8.544546,6.65739,4.479483,3.286592,3.437428,4.141682,6.226482,6.037931,7.380091,6.973827,6.451729,4.553074,4.120198,2.272579,2.148921,2.834372,6.778076,8.317903,,,7.986375,7.24091,6.292805,8.660744,8.15224,8.81707,9.460238,13.57654,East Asia & Pacific,High income
New Zealand,NZL,GFDD.OI.02,68.03939,70.35001,71.14335,70.57759,71.51733,73.46579,79.40655,81.87574,80.47347,81.88187,78.12801,79.88618,75.47609,78.12397,74.78587,77.8967,82.66346,84.841,90.5434,88.79797,91.68484,,,92.83057,93.7622,98.55534,100.2755,100.1336,100.9012,99.81349,110.576,East Asia & Pacific,High income
New Zealand,NZL,SH.STA.BRTC.ZS,,,,,95,100,,,,92,97.3,96.6,99.2,98.2,94,96.6,96.8,96.7,96.7,96.7,96.7,96.7,96.9,96.6,96.6,96.3,,96.6,,,,East Asia & Pacific,High income
New Zealand,NZL,SL.IND.EMPL.ZS,,25.5499992370605,25.2900009155273,25.2000007629395,25.2600002288818,24.8899993896484,24.4400005340576,24.0400009155273,24.2399997711182,23.1000003814697,23.3299999237061,22.8799991607666,22.7399997711182,22.5599994659424,22.9400005340576,22.3700008392334,22.6700000762939,22.2399997711182,21.8600006103516,20.8799991607666,20.6399993896484,20.0499992370605,19.8400001525879,19.8099994659424,20.4699993133545,21.5900001525879,20.1299991607666,20.4500007629395,19.7900009155273,19.2900009155273,,East Asia & Pacific,High income
Nicaragua,NIC,DT.TDS.DPPF.XP.ZS,3.44529702970297,155.429415718391,27.189787594697,33.3820855877617,40.8816444440855,45.3956849437392,31.6100905477974,38.5772277761804,20.7792488905257,16.3040964095882,15.9481410748755,13.9484779964033,11.9267676225919,12.7771543403629,6.20996277845282,8.20403154488329,4.60435441722346,9.79572981944555,3.10020027917928,3.53366039725787,2.52497242317946,2.3766618072507,2.08395308153072,2.2827159167963,2.61408260304975,3.09988229423529,3.68365365610946,3.91107595668992,4.37865195370567,5.34633931019045,6.57421789262568,Latin America & Caribbean,Lower middle income
Nicaragua,NIC,EG.ELC.ACCS.ZS,,,,72.064174,69.2538299560547,69.8499069213867,70.4432601928711,71.0332107543945,69.047103,72.2001266479492,72.7815704345703,72.2215805053711,73.8582916259766,74.3876266479492,74.9140777587891,73.8218154907227,75.9677734375,76.5000762939453,77.0396118164063,77.9163131713867,78.1512145996094,78.7286987304688,79.63916015625,80.8234405517578,81.8530731201172,83.2493286132813,84.6401138305664,85.9898376464844,87.1166763305664,88.0583267211914,88.9073791503906,Latin America & Caribbean,Lower middle income
Nicaragua,NIC,GFDD.AI.01,,,,,,,,,,,,,,,,,,,251.79929,228.18697,223.72431,242.67596,228.44069,240.83128,263.39981,282.48399,312.2557,373.05294,317.03714,317.68435,352.92693,Latin America & Caribbean,Lower middle income
Nicaragua,NIC,GFDD.DI.04,73.5666,60.32021,9.054028,12.33307,14.84933,18.38239,22.15801,24.53613,29.41688,34.85682,37.00328,21.0122,23.34402,27.68103,33.31639,38.07784,44.01361,49.00447,50.09642,47.0188,49.52475,52.40315,56.64879,60.58327,65.27141,69.54663,72.9511,75.92741,73.61089,71.19557,71.21854,Latin America & Caribbean,Lower middle income
Nicaragua,NIC,GFDD.DI.05,17.24026,9.23077,8.940265,9.327382,13.92687,15.66342,20.49652,27.39477,30.61213,31.10921,30.10618,25.66119,28.11381,29.13082,29.5537,27.93816,26.73203,27.24761,24.62383,27.52616,29.82714,28.47997,29.16801,32.02602,32.54962,34.6953,35.20792,36.52973,28.9315,29.15167,31.78813,Latin America & Caribbean,Lower middle income
Nicaragua,NIC,GFDD.DI.06,11.15518,7.731996,106.1516,93.36626,91.05104,73.61118,50.73142,52.58968,49.33025,47.62626,44.41284,60.72089,60.37658,58.05977,50.57726,45.67813,39.69458,35.92072,30.92575,31.86101,28.60482,25.19177,22.76147,21.31601,18.08058,16.09078,14.74508,13.36448,13.45555,13.29529,12.8044,Latin America & Caribbean,Lower middle income
Nicaragua,NIC,GFDD.DI.11,,,,,,,,,,,,0.27347818,0.28074417,0.2874597,0.2777844,0.28571483,0.3367534,0.35117874,1.7374875,1.9383827,1.9605019,1.9131207,1.9934128,2.1334154,2.2032234,2.2597569,2.4371448,2.6870835,2.9141021,3.0991565,3.1397892,Latin America & Caribbean,Lower middle income
Nicaragua,NIC,GFDD.DM.11,,,,,,,,,,,,,,,,,,,0.0294223,0.1313458,0.8814193,2.900455,2.087919,0.8194492,0.4738517,0.4664217,1.506839,1.463815,1.053287,3.717788,4.761761,Latin America & Caribbean,Lower middle income
Nicaragua,NIC,GFDD.EI.08,20.0457,4.632565,0.1150458,0.0830319,0.1795028,0.0320742,1.574641,0.9273196,0.7522571,2.342748,2.572058,2.482194,3.303911,4.59174,5.690621,5.538657,4.818084,4.396241,2.896085,2.893313,3.801185,3.786662,3.001287,3.393173,2.810951,2.601811,3.073862,3.069163,1.561113,2.795052,3.801732,Latin America & Caribbean,Lower middle income
Nicaragua,NIC,GFDD.OI.02,11.21538,6.46625,6.263337,7.064551,11.20274,13.15329,17.9826,24.61249,27.72604,27.95011,26.53453,25.65866,28.11182,29.12413,29.55253,27.93543,26.73051,27.24586,24.6016,28.7234,31.67933,30.27218,30.97633,34.01056,34.37037,36.76317,36.67992,37.62008,30.19054,30.91165,33.68641,Latin America & Caribbean,Lower middle income
Nicaragua,NIC,SH.STA.BRTC.ZS,,,,61,,,,,64.6,,,66.9,,,,,,73.7,,,74,74,88,93.8,95,95,95,96,,,,Latin America & Caribbean,Lower middle income
Nicaragua,NIC,SL.IND.EMPL.ZS,,17.6800003051758,17.5200004577637,17.3400001525879,17.4500007629395,17.5400009155273,17.6700000762939,17.6800003051758,17.6900005340576,17.9899997711182,18.0200004577637,18.0900001525879,17.9799995422363,17.9599990844727,18.3700008392334,19.6800003051758,19.2900009155273,20.3099994659424,19.6200008392334,18.6299991607666,18.3099994659424,18.2000007629395,18.1200008392334,17.8700008392334,17.6700000762939,17.7000007629395,17.7000007629395,17.6900005340576,16.9300003051758,16.2399997711182,,Latin America & Caribbean,Lower middle income
Niger,NER,DT.TDS.DPPF.XP.ZS,6.59421176849636,12.2687430440298,5.40958073426661,15.9658252388455,12.6082857464529,7.7953800053515,7.06512916056101,14.324323221146,9.42732352279845,8.67168651555765,6.80460860802328,6.10620033217677,4.99535343442582,6.68444208376971,5.74136074334221,5.34545661273765,25.1400194391796,2.0855066295241,1.56474247882748,2.48937624475613,1.34310764557589,2.13305534072708,2.42685689663201,4.03493001701514,6.14334352853732,6.17057422324047,8.29740013102778,8.53450448394606,7.80594376630358,9.13204390950798,,Sub-Saharan Africa,Low income
Niger,NER,EG.ELC.ACCS.ZS,,,4.4,4.01213979721069,4.57177639007568,6.2,7,6.23572778701782,6.7,7.32568216323853,6.48148155212402,8.36194133758545,8.85894775390625,9.3507194519043,9.8396053314209,7.09999990463257,9.30000019073486,11.3129186630249,11.8148918151855,12.3268060684204,13.2774925231934,14.3000001907349,14.3999996185303,15.1700057983398,15.7705421447754,16.6000003814697,17.271520614624,18.0495262145996,17.6000003814697,18.9745712280273,19.2519092559814,Sub-Saharan Africa,Low income
Niger,NER,GFDD.AI.01,,,,,,,,,,,,,,,16.247319,11.333884,13.491291,18.446513,21.764436,23.64102,26.201966,30.396059,34.938572,40.953236,50.310081,49.876041,59.001408,50.970636,53.380715,58.334005,67.152869,Sub-Saharan Africa,Low income
Niger,NER,GFDD.DI.04,74.72438,73.76614,74.05145,67.25899,64.20694,50.87167,50.11519,43.59198,45.60088,46.27265,48.97952,50.25966,47.86545,48.17766,51.85931,56.03603,78.02571,79.69961,83.01127,78.39743,80.65823,82.70056,85.70702,86.38936,87.09701,87.47252,88.2923,89.00426,88.85868,87.54769,84.79677,Sub-Saharan Africa,Low income
Niger,NER,GFDD.DI.05,13.9926,13.15654,13.47617,13.98352,11.98901,11.64562,10.1598,7.359792,5.1432,5.926219,6.53717,7.639037,7.051135,9.851739,11.75426,10.27381,11.12034,12.87217,12.25781,13.88306,15.20436,15.00543,17.10172,17.55795,20.55622,20.08464,19.64598,17.72396,15.8397,17.13144,19.17933,Sub-Saharan Africa,Low income
Niger,NER,GFDD.DI.06,3.507405,3.521457,3.454951,3.815466,4.392097,4.571211,4.646812,5.062205,4.763325,4.448635,5.021126,4.774419,5.164898,5.548818,5.570538,4.572901,2.001518,2.026288,1.872944,2.828989,2.501513,2.371796,2.076555,1.881581,1.993856,2.203838,2.020541,2.080829,2.031418,2.097343,2.965595,Sub-Saharan Africa,Low income
Niger,NER,GFDD.DI.11,,,,,,,,,,,,,,0.60044063,0.51406321,0.56060645,0.54147045,0.57074706,0.55668181,0.62615978,0.65598749,0.68394795,0.69754427,0.80954691,0.8304754,0.74672027,0.73654003,0.68691416,0.67155671,,,Sub-Saharan Africa,Low income
Niger,NER,GFDD.DM.11,,,,,,,,,,0.3397586,0.2818405,0.2469559,0.3246661,0.1659891,0.0222536,0.2949181,0.4065013,0.136301,0.4925842,0.2740099,0.4197707,1.447652,0.6952847,0.9214571,1.788183,3.924225,2.591053,4.318724,2.886152,3.073292,,Sub-Saharan Africa,Low income
Niger,NER,GFDD.EI.08,1.68568,1.773782,1.783984,0.3337563,1.241892,1.080781,1.1487,1.252928,0.8271472,0.776341,0.9608625,1.41494,0.7685834,0.8962407,0.8895503,0.7632597,0.7099035,1.015171,1.030807,1.085937,1.202196,1.353017,1.7409,1.433484,2.630984,3.728323,3.850281,5.49536,6.020927,3.612959,4.916969,Sub-Saharan Africa,Low income
Niger,NER,GFDD.OI.02,9.863211,8.278045,8.895268,8.119477,7.199826,6.266484,5.245389,4.045365,3.374764,3.691238,4.426136,4.747654,4.907142,5.387251,6.662599,5.688796,5.915548,7.990923,7.655858,8.308096,8.949143,8.311367,9.647212,9.564295,11.14636,10.65989,9.923732,10.1688,9.080136,10.1569,11.84819,Sub-Saharan Africa,Low income
Niger,NER,SH.STA.BRTC.ZS,,,14.9,,,,,,17.6,,15.7,,,,,,17.7,,,,,,29.3,,,39.7,39.1,,,,,Sub-Saharan Africa,Low income
Niger,NER,SL.IND.EMPL.ZS,,9.38000011444092,9.30000019073486,9.21000003814697,9.10000038146973,9.01000022888184,8.89999961853027,8.77999973297119,8.65999984741211,8.53999996185303,8.38000011444092,8.23999977111816,8.09000015258789,7.96000003814697,7.84000015258789,7.71000003814697,7.59999990463257,7.5,7.40000009536743,7.32999992370605,7.25,7.17999982833862,7.15999984741211,7.13000011444092,7.05999994277954,6.98000001907349,6.90999984741211,6.84999990463257,6.78000020980835,6.71000003814697,,Sub-Saharan Africa,Low income
Nigeria,NGA,DT.TDS.DPPF.XP.ZS,22.255004768733,21.3939966417063,18.1548939840379,12.837839538058,18.3191854692215,14.0457198036604,12.6900580521051,8.37683690417149,12.5160827198878,6.97141661561635,8.20590766795106,12.4597644319012,7.82801221056347,5.92562799725576,4.47019555979303,15.4107430443099,10.980778826887,1.44236928447311,0.47532000762737,0.728729341787334,0.376472989338741,0.342972497923575,0.253796968434743,0.395409007556741,0.307681291911202,0.796938691391486,0.898684298653299,0.6596546360873,2.10981404661271,1.95729398505081,3.81417001723553,Sub-Saharan Africa,Lower middle income
Nigeria,NGA,EG.ELC.ACCS.ZS,27.3,35.2346000671387,36.0994606018066,36.9636459350586,37.8264694213867,38.6872520446777,39.5453186035156,40.3999824523926,41.2505683898926,44.9,43.1214599609375,43.880672454834,44.6323013305664,52.2000007629395,46.122200012207,46.8651695251465,47.6100158691406,50.1309204101563,50.2999992370605,49.8825073242188,48,55.9000015258789,53.2312431335449,55.5999984741211,54.0482292175293,52.5,59.2999992370605,54.4000015258789,56.5,55.4000015258789,55.4000015258789,Sub-Saharan Africa,Lower middle income
Nigeria,NGA,GFDD.AI.01,,,,,,,,,,,,,,,,,,296.16687,311.85393,464.47974,472.64928,504.61356,644.44258,650.68814,653.35281,667.46451,813.92054,923.22698,1013.7128,1127.6791,1310.3917,Sub-Saharan Africa,Lower middle income
Nigeria,NGA,GFDD.DI.04,41.36646,30.67717,36.57027,37.32918,37.90937,33.8998,49.60005,46.68695,48.13263,54.9542,63.05745,58.66038,72.56738,72.97768,82.93831,88.51324,84.59599,85.14648,92.85603,96.14284,93.48738,94.56073,94.81187,95.32219,94.50291,85.29507,78.89775,75.60703,69.2689,61.94283,57.46729,Sub-Saharan Africa,Lower middle income
Nigeria,NGA,GFDD.DI.05,11.63536,13.39987,14.24734,15.78776,15.09196,10.28188,9.06333,9.72526,10.93903,12.76341,14.66964,15.90092,13.52693,13.02655,11.75876,11.3005,11.72898,16.87414,22.3406,25.14409,20.70592,22.02159,24.54355,25.16313,22.41764,22.12669,27.37889,24.7815,25.36243,23.92965,25.22165,Sub-Saharan Africa,Lower middle income
Nigeria,NGA,GFDD.DI.06,9.891103,14.33288,15.76749,17.10331,17.71835,14.27597,7.741971,9.240047,9.540471,9.738064,7.307691,9.020208,4.645158,4.382611,2.457786,1.478064,2.201064,3.761389,1.961031,0.9892603,1.357138,1.104851,1.042709,0.8821382,1.030189,3.171338,5.442805,5.556827,6.736984,9.3115,11.45141,Sub-Saharan Africa,Lower middle income
Nigeria,NGA,GFDD.DI.11,,,,,,,,,,,,,0.70506721,0.92620722,0.88965629,0.82757154,1.073006,1.2956262,1.4636962,1.3242665,1.0546649,0.9683464,0.97883036,0.97997785,0.9263433,0.9637255,0.99134467,0.98214121,1.0302718,1.047179,,Sub-Saharan Africa,Lower middle income
Nigeria,NGA,GFDD.DM.11,,,,,,,,,,,,,,,,0.1646514,0.1912312,0.2152291,0.3804713,0.4457019,0.2625725,0.2335476,0.2102927,0.1877927,0.1696146,0.1979438,0.2170777,0.2676697,0.2428884,0.2240204,0.2248053,Sub-Saharan Africa,Lower middle income
Nigeria,NGA,GFDD.EI.08,2.009781,1.336729,0.9152858,3.24236,2.83333,0.8912333,1.587578,1.159216,1.30347,3.850271,4.357133,2.992907,4.2808,2.995434,3.658544,3.077573,4.214456,4.827135,3.727635,4.960516,6.531022,8.496653,8.734476,6.654914,4.635052,5.52785,5.752481,4.446293,5.00589,4.724905,4.244239,Sub-Saharan Africa,Lower middle income
Nigeria,NGA,GFDD.OI.02,7.685022,8.565095,9.533768,10.3128,9.209805,6.348495,5.843586,6.484245,7.269561,9.280819,10.52494,11.61604,10.12907,9.983012,9.226208,8.834062,9.395164,14.75529,20.10144,21.31822,17.8054,17.72474,18.42491,18.95354,18.26403,17.44742,17.42893,16.5093,16.40908,16.46409,20.8361,Sub-Saharan Africa,Lower middle income
Nigeria,NGA,SH.STA.BRTC.ZS,30.8,,,,,,,,,41.6,,,,35.2,,,,,34.4,,,47.3,,35.2,,,,43,43.3,,,Sub-Saharan Africa,Lower middle income
Nigeria,NGA,SL.IND.EMPL.ZS,,13.4200000762939,13.3299999237061,13.2700004577637,13.2399997711182,13.1199998855591,12.9899997711182,12.8900003433228,12.7200002670288,12.5600004196167,12.3599996566772,12.2700004577637,12.0699996948242,11.9700002670288,11.789999961853,11.4399995803833,11.1199998855591,10.8599996566772,10.6400003433228,10.4499998092651,10.25,10.1499996185303,10.9499998092651,11.8100004196167,11.8900003433228,11.9399995803833,12.0299997329712,12.0500001907349,12.0200004577637,12,,Sub-Saharan Africa,Lower middle income
North Macedonia,MKD,DT.TDS.DPPF.XP.ZS,,,,,,,4.95951446032257,9.77874084716473,10.0151434994687,8.82371672313747,6.6292446520098,14.0183669654463,15.3545953884489,11.2154912791441,8.02558814600084,6.14856545161779,13.8636517137688,10.5504834335549,2.93049257011998,4.25611706675265,4.0836467983065,3.75327774573904,5.22255259117389,10.7565667145723,6.47759160562326,11.3806560362992,7.0534057143791,5.84358411059756,6.56607047796313,4.20771075490612,10.0526667110359,Europe & Central Asia,Upper middle income
North Macedonia,MKD,EG.ELC.ACCS.ZS,100,100,100,100,100,100,100,100,100,100,100,100,100,100,99.4199981689453,100,99,100,99.1999969482422,99.1999969482422,100,99.7261657714844,100,100,100,100,100,100,99.8000030517578,100,100,Europe & Central Asia,Upper middle income
North Macedonia,MKD,GFDD.AI.01,,,,,,,,,,,,,,,,,,620.97607,774.16131,837.67314,881.93024,912.44254,939.54514,948.72252,971.74779,992.02375,1000.6534,1030.2736,1027.6446,1041.4998,1063.1324,Europe & Central Asia,Upper middle income
North Macedonia,MKD,GFDD.DI.04,,,,99.15233,97.96172,94.98219,94.5862,85.82869,80.63918,84.76355,89.50502,84.95202,86.31349,93.3371,94.95511,94.48193,96.72673,98.14898,98.48699,98.56166,96.84553,97.12233,97.4374,97.7123,97.73561,97.90201,97.85652,98.0097,98.1102,98.24058,98.4593,Europe & Central Asia,Upper middle income
North Macedonia,MKD,GFDD.DI.05,,,,70.21033,12.72208,11.18776,10.72616,12.60535,13.59068,16.63657,17.98219,29.51825,26.4857,30.44434,33.75285,35.60223,40.92551,48.03682,47.88691,48.63731,51.47223,52.81956,52.79654,51.9294,54.59118,55.07663,54.56553,54.98063,56.85134,59.03465,66.04521,Europe & Central Asia,Upper middle income
North Macedonia,MKD,GFDD.DI.06,,,,1.203542,1.558442,1.343159,1.642842,4.449487,4.229871,3.691658,2.360384,3.485041,3.200158,1.447744,1.260747,1.495384,1.078557,0.7195171,0.6778609,0.6879061,1.588967,1.456621,1.43538,1.289927,1.293891,1.243795,1.181444,1.108614,1.052775,1.005372,1.033142,Europe & Central Asia,Upper middle income
North Macedonia,MKD,GFDD.DI.11,,,,,,,,,,,,,,,,,,,3.090652,2.943091,2.7393307,2.78634,2.7998144,2.7660727,3.1014478,3.141868,3.1069647,3.2405676,3.2742448,3.4692618,3.8665248,Europe & Central Asia,Upper middle income
North Macedonia,MKD,GFDD.DM.11,,,,,,,,,,,,,0.0882698,,,,,,,,0.0838157,,,,,0.1565104,0.209139,0.2541498,0.145111,0.3020028,0.3510832,Europe & Central Asia,Upper middle income
North Macedonia,MKD,GFDD.EI.08,,,,,31.78825,3.451267,3.472108,1.030852,0.7806352,0.7004859,3.175593,3.370135,3.51225,2.724293,2.861609,2.61698,4.183787,3.569425,2.298681,3.263496,4.232053,3.729778,6.955575,7.950036,6.596237,7.096167,6.050319,6.070706,5.937846,6.717152,11.11723,Europe & Central Asia,Upper middle income
North Macedonia,MKD,GFDD.OI.02,,,,65.86698,9.614285,7.842477,7.277215,9.106475,10.19509,12.87441,14.15265,23.91826,21.01895,24.44081,28.07512,30.06189,35.19233,41.80038,42.29097,43.32246,46.47045,47.53214,48.92385,46.98938,48.51031,49.11585,48.65122,49.08098,50.18581,51.8868,58.56668,Europe & Central Asia,Upper middle income
North Macedonia,MKD,SH.STA.BRTC.ZS,88.9,89.3,90.9,93.3,93.4,94.1,95,95.6,96.6,97,97.7,97.6,98.2,99,99,99.1,97.8,99.6,99.7,99.8,99.9,89.1,99.9,99.9,99.9,99.9,99.9,99.9,99.9,,,Europe & Central Asia,Upper middle income
North Macedonia,MKD,SL.IND.EMPL.ZS,,36.8300018310547,36.6199989318848,36.1199989318848,35.8300018310547,35.6800003051758,35.4099998474121,35.1500015258789,34.9300003051758,34.7799987792969,34.6800003051758,33.7400016784668,33.2999992370605,33.9099998474121,33.4900016784668,32.9300003051758,32.6300010681152,31.3299999237061,31.1299991607666,30.5,30.3099994659424,30,29.8700008392334,30.3799991607666,30.3600006103516,30.5,30.3099994659424,30.5499992370605,31.3600006103516,31.1299991607666,,Europe & Central Asia,Upper middle income
Norway,NOR,DT.TDS.DPPF.XP.ZS,,,,,,,,,,,,,,,,,,,,,,,,,,,,,,,,Europe & Central Asia,High income
Norway,NOR,EG.ELC.ACCS.ZS,100,100,100,100,100,100,100,100,100,100,100,100,100,100,100,100,100,100,100,100,100,100,100,100,100,100,100,100,100,100,100,Europe & Central Asia,High income
Norway,NOR,GFDD.AI.01,,,,,,,,,,,,,,,,,,,,,,,,,,,,,,,,Europe & Central Asia,High income
Norway,NOR,GFDD.DI.04,97.73547,98.41244,97.6091,94.978,97.56886,97.06463,98.12096,98.56272,98.90247,98.78734,98.65318,98.91651,98.85674,98.18399,99.96492,99.97048,99.97562,99.98273,99.98352,99.98447,99.97606,99.97404,99.9827,99.97996,99.97976,99.98653,99.99042,99.99252,99.9902,99.98753,99.99293,Europe & Central Asia,High income
Norway,NOR,GFDD.DI.05,57.71464,56.38316,59.44523,56.12684,56.1977,54.33229,53.04531,49.72409,56.33883,52.6561,48.04688,47.57056,51.59805,51.58749,50.48087,50.37714,49.58941,53.34167,50.54831,55.1909,54.95276,54.38969,52.93467,54.70757,57.28905,60.42775,64.44459,64.03298,61.74146,64.19118,75.09383,Europe & Central Asia,High income
Norway,NOR,GFDD.DI.06,1.761529,1.090513,1.628227,3.493337,1.594328,1.936067,1.273763,1.014071,0.8849018,0.895875,0.9367204,0.7768281,0.8714759,1.447209,0.0275375,0.0242715,0.0213868,0.0188923,0.0187182,0.0199302,0.0304459,0.0317616,0.0208836,0.0243226,0.0250891,0.0178389,0.013266,0.0103782,0.0133375,0.0176793,0.0110251,Europe & Central Asia,High income
Norway,NOR,GFDD.DI.11,,,,,,,,31.771251,33.370215,36.641545,31.784409,32.824652,33.842806,36.360534,36.693643,37.36537,37.045603,38.649368,35.0579,40.111535,40.598245,39.391188,40.384635,42.562965,45.659724,49.115734,52.243953,52.936382,43.276401,47.44427,53.206108,Europe & Central Asia,High income
Norway,NOR,GFDD.DM.11,,,,,,,,,,18.77119,26.47688,33.84814,44.80154,47.377,57.66391,50.07659,75.0747,74.21826,69.22742,76.81982,75.48695,68.46316,77.63413,85.21283,89.19578,110.3263,114.964,112.2468,96.30428,108.3449,131.884,Europe & Central Asia,High income
Norway,NOR,GFDD.EI.08,14.4571,11.73554,11.45392,12.62555,10.52324,9.25537,9.641292,7.507578,10.82904,5.847803,4.283469,7.917696,8.18646,9.144907,10.00855,10.17201,9.471885,9.924972,11.16156,19.09502,17.03819,14.42376,14.858,14.27542,13.69295,14.21418,14.76789,14.5449,14.27007,13.88342,15.51301,Europe & Central Asia,High income
Norway,NOR,GFDD.OI.02,53.45771,52.06262,55.18827,51.482,51.71821,49.92566,48.96432,45.77785,52.52824,49.01406,45.12008,47.56615,51.60022,51.47961,50.39887,50.31292,52.8726,53.9669,51.04634,56.43316,56.4222,55.47549,54.96358,56.90012,59.39943,56.68092,63.61093,63.5361,62.20473,64.73318,75.95939,Europe & Central Asia,High income
Norway,NOR,SH.STA.BRTC.ZS,99.4,99.3,99.3,99.4,99.3,99.2,99.2,99.1,99.1,99.1,99,99.1,99.1,99,99.1,99.2,99.2,99.1,99.2,99.2,99.1,99.2,99.2,99.1,99.1,99.1,99.1,99.2,99.2,,,Europe & Central Asia,High income
Norway,NOR,SL.IND.EMPL.ZS,,23.6499996185303,23.5100002288818,23.3099994659424,23.2800006866455,23.0599994659424,23.0300006866455,23.4599990844727,22.8099994659424,22.2600002288818,21.7900009155273,21.75,21.6800003051758,21.6700000762939,20.7900009155273,20.8500003814697,20.8199996948242,21.1800003051758,21.1000003814697,20.2199993133545,19.7000007629395,20.25,20.2299995422363,20.3199996948242,20.4400005340576,20.1200008392334,19.4699993133545,19.4099998474121,19.4699993133545,19.4200000762939,,Europe & Central Asia,High income
Oman,OMN,DT.TDS.DPPF.XP.ZS,,,,,,,,,,,,,,,,,,,,,,,,,,,,,,,,Middle East & North Africa,High income
Oman,OMN,EG.ELC.ACCS.ZS,100,100,100,100,100,100,100,100,100,100,100,100,100,100,100,100,100,100,100,100,100,100,100,100,100,100,100,100,100,100,100,Middle East & North Africa,High income
Oman,OMN,GFDD.AI.01,,,,,,,,,,,,,,,,,,,,,,,,,,,,,,,,Middle East & North Africa,High income
Oman,OMN,GFDD.DI.04,,97.07197,96.93065,96.23491,93.19416,94.19975,97.37657,98.61582,94.5355,99.86852,99.84306,97.75279,99.25443,99.8784,99.90606,99.98114,99.99479,99.93569,99.90198,98.41929,98.65336,99.96501,99.37907,99.95831,98.96696,96.99969,96.91289,97.72388,97.07735,97.18601,,Middle East & North Africa,High income
Oman,OMN,GFDD.DI.05,26.0862,28.34168,26.61083,27.38496,28.26594,28.48727,27.81424,33.40456,39.60023,37.81808,32.05146,35.61546,36.30466,34.62134,31.47996,30.51171,31.71324,37.76676,32.16836,42.40682,40.14421,37.68239,37.04163,39.07865,42.76413,57.57267,61.36,58.86717,56.71783,60.48338,,Middle East & North Africa,High income
Oman,OMN,GFDD.DI.06,,0.7398183,0.8128198,1.025377,1.95267,1.685308,0.800555,0.5367928,2.965532,0.0685658,0.0659947,1.062399,0.3313019,0.0519103,0.0373887,0.0063593,0.0017541,0.0249138,0.0370916,0.8181769,0.6747092,0.0169404,0.3099432,0.0212436,0.5817208,2.533706,2.934661,2.116885,2.570684,2.701933,,Middle East & North Africa,High income
Oman,OMN,GFDD.DI.11,,,,,,,,,,,,,,,1.8424438,1.6778477,2.0545839,2.203594,1.8089909,2.3199059,2.2509634,2.0889576,2.0060502,2.3645376,2.4541869,2.9572454,3.4035496,3.8641252,3.6291207,3.8352994,4.5715257,Middle East & North Africa,High income
Oman,OMN,GFDD.DM.11,,,,,,,,,,,,,,,,,,,,,,,,,,,,,,,,Middle East & North Africa,High income
Oman,OMN,GFDD.EI.08,1.455407,3.085466,4.157877,3.558228,2.030741,1.790771,3.075311,2.594745,3.678593,5.651165,4.523602,6.083836,5.20551,5.850788,5.536752,3.061737,2.965904,3.190517,2.692869,4.265494,5.80927,7.298124,7.626961,7.825842,8.631506,15.02804,15.53501,15.90944,15.38848,18.21998,,Middle East & North Africa,High income
Oman,OMN,GFDD.OI.02,21.32037,23.39142,21.87623,22.53724,23.32279,24.04191,23.87803,29.42792,35.06187,33.2567,28.3612,31.41548,31.9346,30.39798,27.46608,26.66723,27.79545,34.28512,29.48431,39.05173,36.40073,34.19338,33.79435,35.59266,38.86876,52.26893,56.19124,54.22858,52.66985,56.24214,,Middle East & North Africa,High income
Oman,OMN,SH.STA.BRTC.ZS,,,,,,91.1,,,,,94.7,,,,,98,98,99,98.6,98.6,98.6,98.6,98.6,98.6,99.1,98.65,98.68,98.68,98.6,,,Middle East & North Africa,High income
Oman,OMN,SL.IND.EMPL.ZS,,7.40000009536743,7.5,7.57999992370605,7.55000019073486,7.61999988555908,7.67999982833862,8.47999954223633,9.1899995803833,10.0500001907349,11.1899995803833,12.4200000762939,13.6999998092651,15.1099996566772,16.75,18.8199996948242,21.1499996185303,23.5900001525879,26.1900005340576,30.8400001525879,36.8800010681152,35.9900016784668,35.6800003051758,34.8300018310547,34,33.2299995422363,32.5299987792969,32.1399993896484,32.4799995422363,32.0099983215332,,Middle East & North Africa,High income
Pakistan,PAK,DT.TDS.DPPF.XP.ZS,22.7014140100662,20.4669095844706,22.7878198042904,24.5294639034986,32.9059270787145,24.3709488033728,24.8193630021064,32.9211472431058,18.8984594869019,21.9946722561783,21.0734673860603,21.368125707672,19.7005322708774,17.1545232684721,22.8734924904835,10.1629342129231,9.0947131963193,9.17671845054709,8.94451953551759,11.9634024472077,11.5398127769078,7.90382619040243,14.0690822723149,20.4348650507465,14.4562228796064,12.3375984378524,13.7522747952671,19.9458409748658,15.8201950013172,31.0886656878838,26.6378504228069,South Asia,Lower middle income
Pakistan,PAK,EG.ELC.ACCS.ZS,,,,,,,,,70.46,70.2653503417969,70.3106002807617,70.3615341186523,70.4048767089844,70.4429931640625,70.4782180786133,70.5129013061523,70.5494689941406,70.5905456542969,70.6388626098633,70.6971130371094,70.7680206298828,70.8542785644531,70.958610534668,71.0827713012695,71.224739074707,71.3815460205078,71.5502243041992,70.7900009155273,72.7831039428711,74.1276931762695,75.3796920776367,South Asia,Lower middle income
Pakistan,PAK,GFDD.AI.01,,,,,,,,,,,,,,,126.31144,137.33741,189.10424,205.18592,203.32743,208.37417,233.10447,250.54182,261.68001,279.64189,292.95265,323.03416,330.68161,354.20255,364.23535,375.8857,402.27302,South Asia,Lower middle income
Pakistan,PAK,GFDD.DI.04,67.99452,68.07303,72.70136,72.18912,75.07683,73.33905,73.45273,77.4828,74.23126,66.95668,67.72789,74.70146,86.65917,92.78442,85.10004,82.43462,83.91457,85.83831,74.30353,77.98094,77.97481,80.76298,82.24569,73.90266,78.38364,83.59856,81.25892,84.612,75.29286,68.39427,74.01841,South Asia,Lower middle income
Pakistan,PAK,GFDD.DI.05,39.7634,39.72967,43.24092,46.00467,46.03905,44.23379,46.71053,48.97023,47.98936,45.75959,35.64836,36.51497,40.39062,43.58353,44.89158,45.21025,45.03344,47.82793,43.54556,40.27349,41.13944,37.49316,40.30898,41.50989,40.758,42.09197,45.90825,46.14016,47.21562,48.30021,51.75535,South Asia,Lower middle income
Pakistan,PAK,GFDD.DI.06,16.03424,15.97168,14.94471,15.65537,13.43484,14.18189,14.85676,12.08753,14.0294,18.19479,13.73962,9.501766,5.052689,2.789662,6.228323,7.905861,7.074777,6.70354,13.71329,10.84747,10.77481,8.557927,8.523762,13.34636,10.92137,8.525552,10.38032,8.735223,15.08549,21.34165,17.46209,South Asia,Lower middle income
Pakistan,PAK,GFDD.DI.11,,,,,,,,,,,,,,2.7582127,2.7519539,,2.5159155,1.3071176,1.0595706,0.95470559,1.0068323,0.87084131,2.9911005,3.070923,3.2123907,3.5783231,3.9999131,4.0661228,4.3592176,4.6981601,4.6454926,South Asia,Lower middle income
Pakistan,PAK,GFDD.DM.11,,,,,,,,,,,,,,0.001099,0.0028749,0.0042478,0.0029343,0.009203,0.0092662,0.0204287,0.0330071,0.0434636,0.1030213,0.1296499,0.0707859,0.0723924,0.0844907,0.1129345,0.1014151,0.0651958,0.068185,South Asia,Lower middle income
Pakistan,PAK,GFDD.EI.08,7.560786,9.052936,12.50661,12.47727,12.8025,11.29858,12.52593,12.93417,11.67686,8.696012,8.947363,7.449602,12.80333,13.43086,9.2813,10.66471,9.717775,12.62553,11.05101,15.7957,16.85701,17.89643,22.64404,21.77828,24.11357,28.14941,28.59876,31.0349,27.20491,28.22391,32.7343,South Asia,Lower middle income
Pakistan,PAK,GFDD.OI.02,24.27153,24.40357,28.64977,31.46384,32.6887,30.82798,33.86945,36.71448,35.60282,32.99568,24.94313,26.13966,29.22688,31.54111,33.3714,34.34059,33.6855,36.19509,32.90426,30.46456,30.9591,28.7898,31.17128,32.20395,31.63031,31.61484,34.2329,33.87024,34.15339,34.42509,36.9067,South Asia,Lower middle income
Pakistan,PAK,SH.STA.BRTC.ZS,,18.8,,,,,,18,,18,,23,23,,,31,56,38.8,38,41,,43,51,52.1,,,,,69.3,,,South Asia,Lower middle income
Pakistan,PAK,SL.IND.EMPL.ZS,,21.6000003814697,21.6599998474121,21.5499992370605,21.4899997711182,21.4699993133545,21.4500007629395,21.2299995422363,21.0900001525879,20.9799995422363,20.9300003051758,20.8199996948242,20.6700000762939,20.7600002288818,20.5499992370605,20.3199996948242,20.7299995422363,20.9799995422363,20.1100006103516,20.9899997711182,21.4200000762939,21.7700004577637,22.3199996948242,22.9200000762939,22.8700008392334,24.0200004577637,23.5900001525879,24.2900009155273,24.9899997711182,24.9599990844727,,South Asia,Lower middle income
Palau,PLW,DT.TDS.DPPF.XP.ZS,,,,,,,,,,,,,,,,,,,,,,,,,,,,,,,,East Asia & Pacific,Upper middle income
Palau,PLW,EG.ELC.ACCS.ZS,96.6253509521484,96.7627029418945,96.8999328613281,97.036491394043,97.1716842651367,97.3048400878906,97.4352722167969,97.5623092651367,97.6852645874023,97.8033752441406,98.1689987182617,98.2285537719727,98.280517578125,98.3272476196289,98.37109375,98.91650390625,98.459587097168,98.5092926025391,98.5662231445313,98.6330947875977,98.7126159667969,98.807502746582,97.6304244995117,99.0532302856445,99.810302734375,99.3692398071289,100,100,100,100,100,East Asia & Pacific,Upper middle income
Palau,PLW,GFDD.AI.01,,,,,,,,,,,,,,,,,,,,,,,1247.6943,1272.495,1312.2918,1165.0996,1144.3009,1119.4269,,,,East Asia & Pacific,Upper middle income
Palau,PLW,GFDD.DI.04,,,,,,,,,,,,,,,,,,,,,,,,,,,,,,,,East Asia & Pacific,Upper middle income
Palau,PLW,GFDD.DI.05,,,,,,,,,,,,,,,,,,,,,,,,,,,,,,,,East Asia & Pacific,Upper middle income
Palau,PLW,GFDD.DI.06,,,,,,,,,,,,,,,,,,,,,,,,,,,,,,,,East Asia & Pacific,Upper middle income
Palau,PLW,GFDD.DI.11,,,,,,,,,,,,,,,,,,,,,,,,,,,,,,,,East Asia & Pacific,Upper middle income
Palau,PLW,GFDD.DM.11,,,,,,,,,,,,,,,,,,,,,,,,,,,,,,,,East Asia & Pacific,Upper middle income
Palau,PLW,GFDD.EI.08,,,,,,,,,,,,,,,,,,,,,,,,,,,,,,,,East Asia & Pacific,Upper middle income
Palau,PLW,GFDD.OI.02,,,,,,,,,,,,,,,,,,,,,,,,,,,,,,,,East Asia & Pacific,Upper middle income
Palau,PLW,SH.STA.BRTC.ZS,100,,,,,100,,,100,,100,,100,,,,100,100,100,99.3,99.6,100,97.4,99.1,100,100,100,100,100,,,East Asia & Pacific,Upper middle income
Palau,PLW,SL.IND.EMPL.ZS,,,,,,,,,,,,,,,,,,,,,,,,,,,,,,,,East Asia & Pacific,Upper middle income
Panama,PAN,DT.TDS.DPPF.XP.ZS,,,,,,,,,,,,,,,,,,,,,3.82473074737077,4.18154379712676,4.92005346165569,4.43160590659001,2.99759506282801,5.32320077816263,4.64584011800071,6.1665765220803,4.51800741255724,5.01771600222864,13.1669343244736,Latin America & Caribbean,High income
Panama,PAN,EG.ELC.ACCS.ZS,70.19,73.4431304931641,74.2556381225586,75.0674591064453,75.8779220581055,76.6863403320313,77.4920425415039,78.2943496704102,79.0925750732422,79.8859558105469,81.4014129638672,81.4562530517578,82.2009201049805,87.8000030517578,83.6769027709961,84.4129104614258,85.1507949829102,85.893196105957,86.6428375244141,87.4024124145508,86.8499984741211,88.9622192382813,89.7678680419922,89.0999984741211,91.436637878418,92.2947692871094,93.1647720336914,93.6999969482422,94.9285202026367,95.8163299560547,96.7046356201172,Latin America & Caribbean,High income
Panama,PAN,GFDD.AI.01,,,,,,,,,,,,,,,,,,,,,,,,,,,,,,,,Latin America & Caribbean,High income
Panama,PAN,GFDD.DI.04,61.92536,68.14191,71.93435,76.37075,79.79942,82.38808,80.2482,84.28745,85.81995,86.71884,87.64034,87.13915,84.23588,83.02453,81.70775,84.53394,85.61394,86.986,88.23179,87.5499,87.26243,86.8219,87.00527,84.9961,88.79143,88.8217,89.65693,89.82692,90.25097,89.51541,88.725,Latin America & Caribbean,High income
Panama,PAN,GFDD.DI.05,35.17581,42.28484,46.70657,50.87035,55.22169,58.5386,60.92911,64.06243,68.26484,70.65695,76.11344,80.81877,76.42931,75.07816,73.98968,73.65159,81.28588,80.32575,77.91727,80.43824,81.84753,75.41131,71.78146,56.34984,69.01048,66.57644,65.62223,64.08212,63.20723,62.38869,83.5274,Latin America & Caribbean,High income
Panama,PAN,GFDD.DI.06,22.84904,19.42881,17.58444,15.63207,14.0363,13.2066,16.02647,12.86258,12.98428,13.44642,12.8982,14.14116,15.11994,15.76343,16.88713,14.34998,13.5063,12.10058,10.6621,10.78158,11.67546,12.09631,11.83327,11.35355,10.13037,10.3848,9.642248,9.486793,8.989838,9.686441,12.95016,Latin America & Caribbean,High income
Panama,PAN,GFDD.DI.11,,,,,,,,,,,,,5.2223625,5.1424051,5.0969196,5.1120672,4.8772808,4.4330893,4.553407,4.9297046,4.7202643,4.5778437,4.6975648,5.2401104,5.2123099,5.0457399,4.9871607,5.0716597,4.922185,4.993266,6.6673762,Latin America & Caribbean,High income
Panama,PAN,GFDD.DM.11,,,,,,,,,,20.64425,21.12464,26.56692,26.15376,25.41847,27.7619,31.70621,33.61323,35.51937,33.23039,21.41306,23.33809,21.05216,20.16931,19.28728,19.71457,20.27427,18.92592,18.73396,19.8496,18.42938,24.75607,Latin America & Caribbean,High income
Panama,PAN,GFDD.EI.08,2.447945,2.22625,2.06159,1.192735,0.7932802,0.6505663,0.8039922,0.6859983,0.7444698,1.178772,1.307888,1.086689,3.484413,4.22148,3.902334,3.036877,3.271295,3.195444,3.445472,3.59805,3.903953,4.871522,5.074473,4.649214,4.645669,4.6621,4.481905,4.29416,4.077979,4.332496,6.376771,Latin America & Caribbean,High income
Panama,PAN,GFDD.OI.02,32.04866,39.13961,43.78453,48.02039,52.36059,55.59306,57.78642,60.81617,64.97187,67.54823,72.47115,76.19547,71.73065,70.46591,69.74397,69.68243,77.62933,76.51891,74.71487,76.56245,79.08722,73.11044,69.96818,54.64858,67.56476,65.14147,63.96612,62.49163,61.71369,60.74163,81.10844,Latin America & Caribbean,High income
Panama,PAN,SH.STA.BRTC.ZS,,,85.8,86.9,88,88.3,89.9,89.5,90,90.1,90.5,92.1,94.2,92.5,91.3,91.1,91,91.5,91.8,88.6,92.7,93.5,94.3,91.4,93.9,95,94.6,94.2,92.9,,,Latin America & Caribbean,High income
Panama,PAN,SL.IND.EMPL.ZS,,14.4499998092651,16.9799995422363,17.6200008392334,18.3799991607666,18.0699996948242,18.3700008392334,18.3600006103516,18.0699996948242,18.1900005340576,17.3700008392334,17.3099994659424,17,17.2199993133545,17.6399993896484,17.1800003051758,18.0699996948242,19.2800006866455,19.0799999237061,19.1700000762939,18.7099990844727,18.7399997711182,18.25,20.1399993896484,20.0799999237061,18.7199993133545,18.3899993896484,18.5499992370605,18.7600002288818,17.7199993133545,,Latin America & Caribbean,High income
Papua New Guinea,PNG,DT.TDS.DPPF.XP.ZS,18.3753751675133,12.9148687672278,8.69290634132382,9.31293688029927,12.4572840561607,10.0661714622337,8.33313468549889,10.5664503449135,8.34070827669183,8.46879502449507,8.03667717442951,7.08632115445047,7.78231339443077,7.29530019343644,8.3893127402629,5.88044677662238,3.46083444316613,4.05114425872108,3.12153272571563,1.80600249574768,1.38379059316188,1.33752599886707,1.40368538170763,1.44775427180165,1.03222810094098,1.01493556605935,1.18148394474327,1.30776387982064,1.70360430202301,3.67945223698187,10.7689684255328,East Asia & Pacific,Lower middle income
Papua New Guinea,PNG,EG.ELC.ACCS.ZS,,,,,,,11,2.15848255157471,4.29508972167969,6.42685508728027,7.57701396942139,9.88218402862549,12.1797695159912,14.4721202850342,16.7615833282471,19.0505123138428,12.3999996185303,23.6366329193115,25.9391860961914,17.2000007629395,19.5,32.9173202514648,35.2758865356445,37.6542854309082,40.0504913330078,42.8782196044922,49.4000015258789,54.4000015258789,55.7273864746094,59.6629753112793,60.4000015258789,East Asia & Pacific,Lower middle income
Papua New Guinea,PNG,GFDD.AI.01,,,,,,,,,,,,,,,,,,,,,,,,,,,,,,,,East Asia & Pacific,Lower middle income
Papua New Guinea,PNG,GFDD.DI.04,82.54347,83.88719,83.94559,79.38438,68.93825,76.75713,79.85744,74.89475,67.53669,80.59814,94.40502,94.17851,80.25127,89.46536,96.73325,96.67164,96.28158,96.41171,97.42003,95.99528,96.30509,96.13589,95.91568,94.72495,88.21671,92.15005,85.76148,88.29027,89.14395,90.59599,89.95472,East Asia & Pacific,Lower middle income
Papua New Guinea,PNG,GFDD.DI.05,35.16046,35.29121,33.90253,34.65026,30.10386,30.56949,36.43721,37.66153,35.00832,33.78235,32.16746,32.00636,30.6224,27.13778,30.94187,33.58474,27.56673,31.77926,31.73251,30.22046,27.54285,29.81006,31.67758,31.19932,27.55298,28.61461,29.2117,26.18861,22.78618,23.04836,25.06545,East Asia & Pacific,Lower middle income
Papua New Guinea,PNG,GFDD.DI.06,7.403192,7.005769,6.759578,8.664276,14.05342,9.57688,8.65298,12.45206,16.47445,6.830441,1.739446,1.711947,6.121012,2.838114,0.89616,0.9618112,0.7903587,0.8335855,0.7264286,1.148318,0.9736683,1.035468,1.184101,1.851794,4.156535,2.844714,5.573715,3.980561,3.369305,2.833071,3.534151,East Asia & Pacific,Lower middle income
Papua New Guinea,PNG,GFDD.DI.11,,,,,,,,,,,,,,,,,,,,,,2.0998917,2.2354613,3.0239211,2.5142119,2.3018311,2.1203046,2.0746069,1.1771371,1.1784484,1.3242017,East Asia & Pacific,Lower middle income
Papua New Guinea,PNG,GFDD.DM.11,,,,,,,,,,,,,,,,,,,,,,,,,,,,,,,,East Asia & Pacific,Lower middle income
Papua New Guinea,PNG,GFDD.EI.08,4.368491,7.02537,9.652244,11.17794,10.12355,11.5677,14.16981,13.45389,9.514094,7.286309,8.270715,7.64292,6.841381,6.793953,8.117201,9.200117,9.042308,8.426899,10.11123,9.199725,7.41742,8.14547,8.859339,12.50735,13.17113,15.76186,16.14224,14.95959,12.93064,12.72639,15.98094,East Asia & Pacific,Lower middle income
Papua New Guinea,PNG,GFDD.OI.02,30.54109,31.31754,30.47315,31.30091,26.82142,27.3416,30.94683,34.06784,31.39533,29.68553,28.96967,29.41072,27.45148,24.00772,27.70284,30.56599,25.51122,29.61249,29.80778,34.27804,30.9522,32.90961,35.31793,35.07832,30.21994,31.12511,31.94479,28.42887,24.82335,24.64322,27.04981,East Asia & Pacific,Lower middle income
Papua New Guinea,PNG,SH.STA.BRTC.ZS,,,,,,42,51.3,,,,41,39,,,39,,53,,,,,,,,,,,,56.4,,,East Asia & Pacific,Lower middle income
Papua New Guinea,PNG,SL.IND.EMPL.ZS,,3.00999999046326,3.09999990463257,3.20000004768372,3.26999998092651,3.22000002861023,3.50999999046326,3.48000001907349,3.45000004768372,3.5,3.69000005722046,3.91000008583069,4.17999982833862,4.38000011444092,4.63000011444092,4.86999988555908,5.28000020980835,5.71999979019165,5.92000007629395,6.61999988555908,7.8899998664856,8.21000003814697,9,9.89999961853027,10.3299999237061,11.1199998855591,11.4099998474121,11.9200000762939,12.5699996948242,13.2299995422363,,East Asia & Pacific,Lower middle income
Paraguay,PRY,DT.TDS.DPPF.XP.ZS,7.61278221005816,9.61229182639434,24.3932163153507,7.91350468834921,5.76235328937584,4.38391432237886,3.66359522557312,3.7727537794305,3.46360224338759,5.09890789356847,5.3955679166639,6.46973137806078,5.85769325166707,5.91719353744809,7.98846214535189,6.12126194304782,5.0586859648703,3.90071387828091,3.25211344488128,4.30070150216896,2.74302645731717,2.33164850014809,2.43359913431591,1.91286597707563,1.96914771519319,2.68598142443811,3.21524381302003,2.95314860487799,3.18306669457194,3.99889375680569,4.82379239039445,Latin America & Caribbean,Upper middle income
Paraguay,PRY,EG.ELC.ACCS.ZS,,,,,,77.469114,86.2600555419922,86.412854,87.7623672485352,88.518177,89.421142578125,91.0420684814453,91.6664428710938,92.5583953857422,93.2498779296875,94.6868896484375,96.7490463256836,96.4527740478516,96.6778945922852,96.8913345336914,97.4308624267578,98.2365570068359,97.8356170654297,99.0158843994141,99.0007171630859,99.3315353393555,98.4000015258789,99.3000030517578,99.5999984741211,99.6999969482422,100,Latin America & Caribbean,Upper middle income
Paraguay,PRY,GFDD.AI.01,,,,,,,,,,,,,,,,53.349933,55.298178,64.297515,79.456812,108.23674,129.91124,154.56886,176.48745,193.79062,209.65219,241.6808,261.45172,314.34672,534.51339,519.46639,561.2549,Latin America & Caribbean,Upper middle income
Paraguay,PRY,GFDD.DI.04,72.90156,85.26936,67.19594,71.01876,75.91479,76.84726,79.22451,73.04916,78.20728,76.28324,77.37804,75.6701,69.74286,73.44582,72.87086,74.84615,78.1343,83.08205,86.29852,90.14378,92.29775,93.38061,92.33389,99.63361,99.71951,99.76493,99.7582,99.7803,99.82773,99.7924,99.80199,Latin America & Caribbean,Upper middle income
Paraguay,PRY,GFDD.DI.05,20.40617,23.59956,27.89362,30.30264,31.7521,26.90142,26.10121,25.4754,23.56657,24.36176,22.36723,21.68875,18.58315,18.26981,18.15693,17.28885,16.47029,17.96163,16.85775,29.25345,29.94516,31.7196,34.06722,36.46326,38.71552,41.8962,41.42206,42.81031,43.97205,46.93237,54.95988,Latin America & Caribbean,Upper middle income
Paraguay,PRY,GFDD.DI.06,5.303985,2.918727,9.728635,9.41551,8.517045,7.304835,6.863934,10.32232,6.713972,7.611572,6.707635,7.291114,8.60829,5.059663,4.935445,4.348307,3.522181,3.001007,2.664559,2.525667,2.228837,2.104409,2.704966,0.1314046,0.1116359,0.1060608,0.1031656,0.0915802,0.0776267,0.1002131,0.1031691,Latin America & Caribbean,Upper middle income
Paraguay,PRY,GFDD.DI.11,,,,,,,,,,,1.2450486,1.1629739,1.1524102,1.0381034,0.86482872,0.83455938,0.76164468,0.74921205,0.76792861,0.91841925,0.88817194,1.1554906,1.3208244,1.3623652,1.3891476,1.5154545,1.5042788,1.5454959,1.629391,1.7416925,1.8223887,Latin America & Caribbean,Upper middle income
Paraguay,PRY,GFDD.DM.11,,,,,,,,,,0.0373427,0.0180675,0.0082393,0.0097273,,,,,,,,,,,,,,,,,,,Latin America & Caribbean,Upper middle income
Paraguay,PRY,GFDD.EI.08,0.0287364,0.0224835,0.0194258,0.0172079,0.009785,0.3973761,0.5143909,0.9174355,1.298595,1.695473,1.2065,0.9395384,1.456103,1.403453,1.053256,0.7380947,0.9904391,1.112751,1.006002,1.600111,1.352597,0.8091893,1.070891,1.403288,1.603675,1.690049,1.232464,1.105806,1.068521,1.245947,1.960661,Latin America & Caribbean,Upper middle income
Paraguay,PRY,GFDD.OI.02,14.32116,16.64639,19.69609,21.65886,22.90496,20.49017,20.36543,19.85955,18.18739,18.98656,17.75569,17.78658,15.069,14.54072,14.36825,13.31524,12.1886,13.42313,13.08302,18.97449,19.09616,19.20656,20.26001,21.88745,23.18281,24.91047,24.9754,27.02604,27.70163,28.99692,35.83215,Latin America & Caribbean,Upper middle income
Paraguay,PRY,SH.STA.BRTC.ZS,66,,,,,,60.8,,60.8,85.6,,,85.8,86.3,77.2,87.5,90.5,,87.2,93.8,95.6,96.3,95.7,,96.4,96.3,95.5,97.3,97.7,,,Latin America & Caribbean,Upper middle income
Paraguay,PRY,SL.IND.EMPL.ZS,,17.7199993133545,17.6100006103516,17.5900001525879,17.5699996948242,17.5900001525879,17.4500007629395,17.3700008392334,17.0900001525879,16.7800006866455,16.4599990844727,16.0300006866455,15.5900001525879,15.9899997711182,16.6399993896484,15.7799997329712,16.8700008392334,18.25,19.0499992370605,17.6800003051758,19.2000007629395,17.8199996948242,16.8799991607666,17.4699993133545,19.1299991607666,19.7399997711182,19.4300003051758,20.0900001525879,18.5900001525879,18.1399993896484,,Latin America & Caribbean,Upper middle income
Peru,PER,DT.TDS.DPPF.XP.ZS,7.32981529779838,21.9901353986077,17.9895941178974,59.0614832707849,17.0092113559807,13.8770936826027,31.5642416754022,33.420234542709,21.7863254532352,26.9882289332469,25.4011069364018,21.8929953729453,35.4216011430383,21.3530604145179,16.7116331207998,22.4253529786561,9.51406423404294,22.7753811516576,10.5242471808371,9.17860555692852,11.4084430660518,3.71152799784862,4.39714996664778,7.72263205694796,4.07325349425366,4.14990678469364,4.18757764718305,8.72400413129559,3.87446096889743,4.02825385075318,2.51689397409053,Latin America & Caribbean,Upper middle income
Peru,PER,EG.ELC.ACCS.ZS,,,70.1,64.7489929199219,66.0529327392578,67.3548355102539,67,69.16024,72.072063,74.078523,72.4964981079102,72.1131134033203,74.3826904296875,74.3809661865234,75.6923599243164,77.1736450195313,80.1572723388672,81.9881286621094,84.6783447265625,86.42431640625,88.1230621337891,89.7074890136719,91.0995101928711,92.135368347168,92.9199905395508,93.852180480957,94.1999969482422,94.8000030517578,95.1999969482422,95.5513610839844,99.3118133544922,Latin America & Caribbean,Upper middle income
Peru,PER,GFDD.AI.01,,,,,,,,,,,,,,,336.18839,234.61701,266.43572,309.19944,370.13714,373.30209,426.37963,480.11848,547.09757,620.62765,708.28828,771.75964,840.33512,866.79171,910.55266,979.11359,1099.8211,Latin America & Caribbean,Upper middle income
Peru,PER,GFDD.DI.04,99.2664,95.62463,98.26524,99.34779,96.0052,97.04371,97.9689,98.50684,98.77989,99.02366,99.20138,99.2085,99.30564,99.50745,99.91756,99.99998,99.99998,99.99998,99.99999,99.99999,99.99999,99.99999,99.46103,99.14776,98.80825,98.7023,98.77521,99.18002,99.26283,99.33723,99.17254,Latin America & Caribbean,Upper middle income
Peru,PER,GFDD.DI.05,24.71606,16.67763,18.43069,20.363,19.62173,20.77938,25.27978,28.93244,32.33667,35.41637,33.1795,33.01018,32.62238,30.10592,27.86835,29.66184,28.72295,32.36417,36.04541,35.85809,38.09527,36.76807,38.92796,43.32047,43.77177,41.76411,43.9591,47.57809,47.17846,49.02777,59.19195,Latin America & Caribbean,Upper middle income
Peru,PER,GFDD.DI.06,0.1262185,0.4652951,0.2165779,0.0913624,0.6226478,0.5103814,0.4526348,0.3962429,0.3775233,0.3166744,0.2352922,0.2169782,0.1818787,0.1161689,0.0171142,3.67E-06,3.17E-06,2.88E-06,2.61E-06,2.53E-06,2.21E-06,1.94E-06,0.1608645,0.2886818,0.4417798,0.5295723,0.4874399,0.3875013,0.3589516,0.3253067,0.509141,Latin America & Caribbean,Upper middle income
Peru,PER,GFDD.DI.11,,,,,,,,,1.6795371,2.0351239,2.1933841,2.3925147,2.6400799,3.0745781,3.1730913,3.5913915,3.4303759,3.4279378,3.5791478,3.8642255,4.1256827,4.2014632,4.3758345,5.1582716,5.7989279,6.4613057,6.4294188,6.4683214,6.6000351,6.9720452,8.4298729,Latin America & Caribbean,Upper middle income
Peru,PER,GFDD.DM.11,,,,,,,,,,0.6221665,0.8116649,0.8316267,0.7575641,1.15617,1.348772,1.43852,1.436934,1.350962,1.08161,1.158017,0.1196117,0.1111961,0.0426494,0.0417837,0.0428366,0.0464315,0.0468312,0.0435365,0.0413893,0.041367,,Latin America & Caribbean,Upper middle income
Peru,PER,GFDD.EI.08,9.340473,3.27468,3.277336,2.861528,1.748641,0.9157141,0.8368626,1.790718,2.444625,3.237645,2.962692,3.823332,3.869219,3.495403,2.86089,2.753268,2.25647,2.185461,2.229128,3.004472,1.999493,1.966486,1.56429,2.088475,2.645118,3.575133,3.531198,4.391809,4.374141,4.024136,5.81711,Latin America & Caribbean,Upper middle income
Peru,PER,GFDD.OI.02,15.70086,12.33987,14.33261,16.84403,16.93505,18.05934,22.68978,24.18205,26.71989,28.72777,26.49555,26.10176,25.42648,23.56557,21.72413,23.69787,23.14249,26.5342,30.27376,30.17585,31.31133,30.28199,31.54226,35.65889,36.0992,34.36677,36.60683,39.06675,38.62561,40.24722,46.66879,Latin America & Caribbean,Upper middle income
Peru,PER,SH.STA.BRTC.ZS,,,52.5,,,,56.4,,,,59.3,,,,71.1,,71,,79.4,82.5,83.8,85,86.7,89.1,90,91.6,92.4,93.6,93.1,92.1,,Latin America & Caribbean,Upper middle income
Peru,PER,SL.IND.EMPL.ZS,,15.2700004577637,15.1400003433228,15.1400003433228,15.3199996948242,15.3800001144409,15.2600002288818,15.2799997329712,15.0500001907349,14.7299995422363,14.5500001907349,14.4200000762939,14.4099998474121,13.3500003814697,14.3999996185303,14.0699996948242,14.8500003814697,16.2900009155273,16.4400005340576,16.4400005340576,16.8600006103516,16.4799995422363,17.0300006866455,17.0200004577637,16.3700008392334,16.5699996948242,16.2199993133545,15.6499996185303,15.3900003433228,15.1999998092651,,Latin America & Caribbean,Upper middle income
Philippines,PHL,DT.TDS.DPPF.XP.ZS,25.6431651611913,21.7651026066515,23.2520104041337,23.2719664041967,16.4888850601257,14.3358259348183,11.0433621975271,7.32398485487797,8.59075535553866,16.6724871557296,14.6280960778647,19.9259716361622,19.7273417591433,19.2996230318397,20.2490951100945,15.850013161073,18.5904378589908,9.46970238092381,11.7992415995864,13.4691282919165,15.9928940367656,11.9438620418218,7.29688339170604,7.12827273288176,6.12363077367059,6.828714066376,7.79764204498899,5.41227052881264,4.56368948555009,5.94007715403766,6.14805831276692,East Asia & Pacific,Lower middle income
Philippines,PHL,EG.ELC.ACCS.ZS,,,,65.4,68.0185546875,69.1331176757813,70.2449569702148,71.3533935546875,71.3,71.8741709275167,74.6616897583008,75.7229461669922,76.7766189575195,76.5999984741211,87.5999984741211,79.9156188964844,80.1800003051758,82.0139083862305,83.3000030517578,84.3000030517578,85.3976440429688,87.1999969482422,87.0800018310547,87.5,89.7203674316406,89.0800018310547,92.0665054321289,93,94.4482650756836,95.6450805664063,96.8423843383789,East Asia & Pacific,Lower middle income
Philippines,PHL,GFDD.AI.01,,,,,,,,,,,,,,,,,,,365.76172,364.23513,376.71278,435.4414,434.70727,433.26234,452.18677,471.94682,485.27237,507.03578,576.09109,658.27899,686.504,East Asia & Pacific,Lower middle income
Philippines,PHL,GFDD.DI.04,85.85249,88.56638,82.26237,63.30888,73.59846,79.87541,84.54812,88.15875,89.14933,86.52593,89.93424,92.20054,90.61549,91.12811,93.9195,95.18173,90.19108,87.22971,90.71433,92.77965,93.74423,93.90973,94.81867,95.13995,95.7004,95.99248,95.72342,96.26608,96.71304,96.90484,89.08044,East Asia & Pacific,Lower middle income
Philippines,PHL,GFDD.DI.05,30.04499,30.51925,31.86502,37.41401,41.27705,45.40147,49.27732,54.27538,53.64678,57.0587,55.85332,53.15202,54.28221,51.86093,50.51485,48.3702,52.24474,50.10392,56.99871,59.41169,58.81291,57.38415,56.3049,66.83659,68.53046,70.91615,74.10986,59.78715,57.47213,59.15186,69.50153,East Asia & Pacific,Lower middle income
Philippines,PHL,GFDD.DI.06,3.834026,2.748944,5.350224,17.6164,12.23137,10.55769,9.756565,8.277351,6.514463,7.63768,5.520695,4.052157,4.722978,4.420441,2.957362,2.046717,3.994492,4.937985,4.248118,3.372235,2.898028,2.935333,2.540728,2.467257,2.333088,2.273722,2.521752,2.326639,2.110158,2.010045,8.608479,East Asia & Pacific,Lower middle income
Philippines,PHL,GFDD.DI.11,,,,,,,,,,,,,5.4016954,5.8844264,5.8420099,5.9082357,6.2938588,6.1781416,5.7329069,6.1675786,6.2282904,6.3458602,6.7842192,7.3773496,7.6050873,7.9513355,8.0965557,8.9327622,8.0754222,9.1451177,10.756878,East Asia & Pacific,Lower middle income
Philippines,PHL,GFDD.DM.11,,,,,,,,,,,,3.238675,3.769541,4.532446,5.091472,4.759822,6.076068,5.004135,3.479688,3.740355,3.861069,3.186184,3.20962,2.711945,3.417106,4.189281,4.243852,4.461821,5.539502,5.558608,7.380899,East Asia & Pacific,Lower middle income
Philippines,PHL,GFDD.EI.08,6.444025,5.71774,6.889221,7.282898,8.64067,9.039533,10.51242,12.22453,11.53028,11.71883,13.7186,15.42868,16.0768,17.49532,18.73634,16.7846,14.25282,13.59454,13.62502,15.43565,15.09519,14.76433,14.59025,13.96314,14.35144,14.55896,13.58036,14.3791,14.52478,14.95918,18.15498,East Asia & Pacific,Lower middle income
Philippines,PHL,GFDD.OI.02,24.48697,24.92358,26.34763,31.3078,34.57588,38.46587,42.15969,48.2171,48.15411,49.47725,49.09405,47.51242,47.94944,45.96351,45.0521,43.12402,46.24509,43.27505,50.03677,52.17052,51.21353,50.11267,49.08133,59.55819,60.73425,62.58,65.58286,66.43938,64.657,65.92215,77.23312,East Asia & Pacific,Lower middle income
Philippines,PHL,SH.STA.BRTC.ZS,,,,52.8,,,,,56.4,58,58,,,59.8,,,,,62.2,,,72.2,,72.8,,,,84.4,,,,East Asia & Pacific,Lower middle income
Philippines,PHL,SL.IND.EMPL.ZS,,14.3999996185303,14.6899995803833,14.25,14.5,14.8100004196167,14.8000001907349,15.789999961853,15.8199996948242,15.3500003814697,15.8599996566772,15.6899995803833,15.6099996566772,15.6000003814697,15.5900001525879,15.4799995422363,15.5299997329712,15.6700000762939,15.5799999237061,15.5100002288818,15.7200002670288,15.2799997329712,15.2700004577637,15.5799999237061,15.9399995803833,16.1900005340576,17.3600006103516,18.2700004577637,19.0599994659424,19.1200008392334,,East Asia & Pacific,Lower middle income
Poland,POL,DT.TDS.DPPF.XP.ZS,,,,,,,,,,,,,,,,,,,,,,,,,,,,,,,,Europe & Central Asia,High income
Poland,POL,EG.ELC.ACCS.ZS,100,100,100,100,100,100,100,100,100,100,100,100,100,100,100,100,100,100,100,100,100,100,100,100,100,100,100,100,100,100,100,Europe & Central Asia,High income
Poland,POL,GFDD.AI.01,,,,,,,,,,,,,,,,,,,824.15138,922.2145,903.86412,969.33235,987.31347,1005.0575,1040.0452,1072.0905,1087.0455,1073.8432,1111.4159,1146.9115,1187.1122,Europe & Central Asia,High income
Poland,POL,GFDD.DI.04,95.67267,85.93636,75.17232,76.93412,77.99585,89.28025,91.07013,90.4629,91.64373,92.61885,93.87537,94.47026,98.49097,99.91408,99.93638,99.93842,99.97695,99.98643,99.99021,99.9968,99.99705,99.99727,99.99747,99.99759,99.99796,99.99825,99.9984,99.99852,99.99848,99.9985,96.67142,Europe & Central Asia,High income
Poland,POL,GFDD.DI.05,31.19026,29.79368,32.63677,32.74897,31.2939,30.97287,32.47024,34.63303,37.31706,40.16589,40.38061,44.32345,41.79822,42.22619,41.35652,43.93486,46.7334,47.54393,52.31936,52.49375,54.16273,56.31675,56.75676,59.44562,61.88612,64.12656,67.90914,66.55661,68.14514,68.25484,77.91278,Europe & Central Asia,High income
Poland,POL,GFDD.DI.06,0.9590953,4.847289,9.481547,9.040721,7.764863,3.348983,2.96828,3.225876,2.93607,2.798104,2.246251,2.36052,0.8128514,0.0481264,0.0255066,0.0247342,0.0102859,0.0067368,0.0061451,0.0019679,0.0018661,0.0017889,0.0016015,0.0015789,0.0014025,0.0012215,0.0011806,0.0010554,0.0010841,0.0010466,2.503335,Europe & Central Asia,High income
Poland,POL,GFDD.DI.11,,,,,,,,,,,5.0671643,6.0448367,7.0797227,7.758118,8.3054721,9.0417979,10.153807,10.690347,10.727485,10.129939,10.033584,9.3361626,10.031439,10.177198,10.438649,10.009247,10.554815,9.6530865,9.0727986,8.4576649,8.8001219,Europe & Central Asia,High income
Poland,POL,GFDD.DM.11,,,,,,,,,,0.6557641,0.8872349,0.6301547,1.27593,1.796825,2.339016,2.318829,2.503289,2.31807,1.192467,1.208464,0.8127807,0.6869298,0.7690808,0.9542938,1.464413,1.691461,2.165319,2.461139,2.471872,2.578838,3.232219,Europe & Central Asia,High income
Poland,POL,GFDD.EI.08,2.339896,8.228045,9.36062,11.0619,10.88138,11.38903,11.4723,10.06709,9.881263,9.933435,8.008175,13.12795,25.44461,27.45394,12.18595,11.42318,11.61889,10.54688,13.52162,14.36811,14.46901,13.91087,13.1244,14.22078,16.22632,16.25757,19.40507,18.69517,18.97052,19.34442,23.05648,Europe & Central Asia,High income
Poland,POL,GFDD.OI.02,23.81005,22.74273,25.66015,27.00941,26.41658,25.28633,26.96552,28.7234,32.33616,34.49728,35.8168,38.92134,36.60146,36.39048,35.79276,38.03833,40.10894,40.72193,44.7491,45.7079,47.4953,49.2543,49.88469,52.0508,53.97361,55.57806,58.32004,56.81728,58.13364,58.05429,63.79743,Europe & Central Asia,High income
Poland,POL,SH.STA.BRTC.ZS,97.8,99.6,99.6,99.6,99.6,99.6,99.7,99.7,99.7,99.7,99.4,99.8,99.8,99.8,99.8,99.3,99.4,99.4,99.4,99.7,99.8,99.8,99.8,99.8,99.8,99.8,99.8,99.8,99.8,,,Europe & Central Asia,High income
Poland,POL,SL.IND.EMPL.ZS,,36.189998626709,34.8199996948242,34.0400009155273,33.4599990844727,33.1300010681152,32.7700004577637,32.4799995422363,32.1300010681152,31.5599994659424,31.0599994659424,30.7299995422363,28.5400009155273,28.5499992370605,29.0400009155273,29.25,29.9799995422363,30.7199993133545,31.8899993896484,31.1100006103516,30.2999992370605,30.6700000762939,30.4200000762939,30.5400009155273,30.5400009155273,30.5400009155273,31.4500007629395,31.6700000762939,31.8199996948242,32.1300010681152,,Europe & Central Asia,High income
Portugal,PRT,DT.TDS.DPPF.XP.ZS,,,,,,,,,,,,,,,,,,,,,,,,,,,,,,,,Europe & Central Asia,High income
Portugal,PRT,EG.ELC.ACCS.ZS,100,100,100,100,100,100,100,100,100,100,100,100,100,100,100,100,100,100,100,100,100,100,100,100,100,100,100,100,100,100,100,Europe & Central Asia,High income
Portugal,PRT,GFDD.AI.01,,,,,,,,,,,,,,,,,,,,,,,,,,,,,,,,Europe & Central Asia,High income
Portugal,PRT,GFDD.DI.04,87.10268,96.74517,96.73109,97.17406,97.57383,98.04426,98.34072,98.65095,99.38258,,,99.88683,99.892,99.89196,99.93368,99.93674,99.9435,99.94854,99.95808,99.95962,99.59899,99.49178,99.4942,99.51039,99.56715,95.74561,91.67673,90.11929,88.51059,86.79267,82.03401,Europe & Central Asia,High income
Portugal,PRT,GFDD.DI.05,72.184,77.60862,81.03198,85.2888,85.90893,86.24184,85.96394,,,,,93.05836,89.21741,90.95148,92.48463,95.14105,93.99555,95.56937,101.7655,99.38717,98.18051,99.29811,95.64458,96.60806,96.74445,97.14645,100.9811,101.9991,104.3092,106.3654,126.57,Europe & Central Asia,High income
Portugal,PRT,GFDD.DI.06,9.031075,2.545619,2.556139,2.286716,2.027867,1.713477,1.522447,1.260548,0.6147121,,,0.1377279,0.1346858,0.1362379,0.0840734,0.0826222,0.0787923,0.0757908,0.0658839,0.0684088,0.7020728,0.8915591,0.8942577,0.8152876,0.6633767,6.259425,11.95721,13.59704,15.28384,16.49772,26.5938,Europe & Central Asia,High income
Portugal,PRT,GFDD.DI.11,,,,,,9.7968568,11.992378,15.058981,16.664065,18.775401,19.696382,19.099979,19.831045,21.400327,22.042269,25.30452,30.150883,31.230303,31.6645,33.117763,32.672872,29.248222,30.989528,31.035425,31.811504,30.028342,27.598397,27.465181,25.808237,26.189462,27.041487,Europe & Central Asia,High income
Portugal,PRT,GFDD.DM.11,,,,,,,,,,23.71013,28.14443,31.64528,39.82701,52.26402,56.95683,53.73884,55.98796,55.67994,52.08353,67.21134,62.82771,45.26206,48.26376,46.02545,41.99462,42.09037,40.11303,50.00798,46.03757,51.86599,62.2841,Europe & Central Asia,High income
Portugal,PRT,GFDD.EI.08,,,,,,,,,,,,6.689007,5.660301,5.424191,5.5751,5.857989,6.043529,5.044922,5.686121,9.528753,18.8374,18.35134,23.03507,22.69428,22.92842,21.11613,20.54202,21.48976,20.82813,18.23125,20.29531,Europe & Central Asia,High income
Portugal,PRT,GFDD.OI.02,66.61926,72.29751,76.14269,80.35339,80.96983,81.52707,81.30591,80.88451,78.28394,,,85.24471,79.86517,79.86829,78.48576,81.30846,80.74943,80.63345,87.97395,83.81618,84.67856,85.98378,81.67098,82.06719,81.75743,81.58416,85.53904,86.72462,88.73611,91.40282,108.7847,Europe & Central Asia,High income
Portugal,PRT,SH.STA.BRTC.ZS,,,,,,,,,99.7,,99.7,99.9,,,,,,,,,,,,99,98.9,98.9,98.8,98.8,98.7,,,Europe & Central Asia,High income
Portugal,PRT,SL.IND.EMPL.ZS,,34,33.6300010681152,32.8600006103516,32.4700012207031,32.1800003051758,31.2700004577637,31.0200004577637,35.2099990844727,34.3499984741211,34.439998626709,33.4500007629395,33.3300018310547,32.6599998474121,31.0599994659424,30.3899993896484,30.3099994659424,30.2399997711182,28.9899997711182,27.8099994659424,27.2600002288818,26.8600006103516,25.1499996185303,23.7000007629395,23.8600006103516,24.3500003814697,24.5,24.7399997711182,24.8500003814697,24.6800003051758,,Europe & Central Asia,High income
Puerto Rico,PRI,DT.TDS.DPPF.XP.ZS,,,,,,,,,,,,,,,,,,,,,,,,,,,,,,,,Latin America & Caribbean,High income
Puerto Rico,PRI,EG.ELC.ACCS.ZS,99.9834289550781,99.9930953979492,99.9986190795898,100,100,100,100,100,100,100,100,100,100,100,100,100,100,100,100,100,100,100,100,100,100,100,100,100,100,100,100,Latin America & Caribbean,High income
Puerto Rico,PRI,GFDD.AI.01,,,,,,,,,,,,,,,,,,,,,,,,,,,,,,,,Latin America & Caribbean,High income
Puerto Rico,PRI,GFDD.DI.04,,,,,,,,,,,,,,,,,,,,,,,,,,,,,,,,Latin America & Caribbean,High income
Puerto Rico,PRI,GFDD.DI.05,,,,,,,,,,,,,,,,,,,,,,,,,,,,,,,,Latin America & Caribbean,High income
Puerto Rico,PRI,GFDD.DI.06,,,,,,,,,,,,,,,,,,,,,,,,,,,,,,,,Latin America & Caribbean,High income
Puerto Rico,PRI,GFDD.DI.11,,,,,,,,,,,,,,,,,,,,,,,,,,,,,,,,Latin America & Caribbean,High income
Puerto Rico,PRI,GFDD.DM.11,,,,,,,,,,,,,,,,,,,,,,,,,,,,,,,,Latin America & Caribbean,High income
Puerto Rico,PRI,GFDD.EI.08,,,,,,,,,,,,,,,,,,,,,,,,,,,,,,,,Latin America & Caribbean,High income
Puerto Rico,PRI,GFDD.OI.02,,,,,,,,,,,,,,,,,,,,,,,,,,,,,,,,Latin America & Caribbean,High income
Puerto Rico,PRI,SH.STA.BRTC.ZS,,,,,,,,,,,,,,,99.8,,,,,,,,,,,,,,,,,Latin America & Caribbean,High income
Puerto Rico,PRI,SL.IND.EMPL.ZS,,24.0100002288818,24.0100002288818,23.8999996185303,23.1800003051758,22.7700004577637,21.6700000762939,21.6499996185303,21.8799991607666,22.2099990844727,22.2700004577637,21.6599998474121,19.9599990844727,19.5900001525879,19.3899993896484,19.0100002288818,19.4699993133545,19.1800003051758,18.1200008392334,17.6800003051758,17.4500007629395,17.2000007629395,16.9500007629395,16.7099990844727,16.4799995422363,16.2299995422363,15.9700002670288,15.6800003051758,15.3900003433228,15.210000038147,,Latin America & Caribbean,High income
Qatar,QAT,DT.TDS.DPPF.XP.ZS,,,,,,,,,,,,,,,,,,,,,,,,,,,,,,,,Middle East & North Africa,High income
Qatar,QAT,EG.ELC.ACCS.ZS,100,100,100,100,100,100,100,100,100,100,100,100,100,100,100,100,100,100,100,100,100,100,100,100,100,100,100,100,100,100,100,Middle East & North Africa,High income
Qatar,QAT,GFDD.AI.01,,,,,,,,,,,,,,,685.14792,720.51737,683.22457,635.54865,620.78921,574.59641,563.40389,579.05715,580.68884,621.9291,614.10742,666.5436,701.36891,736.50384,753.24665,773.09999,777.90496,Middle East & North Africa,High income
Qatar,QAT,GFDD.DI.04,,,,99.70794,99.83787,97.87988,97.60932,98.30972,99.94781,95.98679,99.94518,99.65431,99.64294,99.92821,99.98773,99.99167,99.99387,99.99585,99.99712,99.99734,99.9934,99.99451,99.99502,99.99087,99.9885,99.96774,99.96606,99.93076,99.90189,99.86308,99.81419,Middle East & North Africa,High income
Qatar,QAT,GFDD.DI.05,50.75631,55.54949,53.98674,64.83301,68.61678,62.86375,59.61063,52.51508,62.50495,57.59615,44.48241,62.36553,61.48414,53.38213,47.81381,48.67714,49.71459,52.9843,43.85426,60.41866,58.12247,50.75569,56.03111,62.999,67.14446,88.56011,90.08571,102.8873,84.51593,90.30625,114.1213,Middle East & North Africa,High income
Qatar,QAT,GFDD.DI.06,,,,0.2272553,0.1199195,1.512052,1.697295,1.099115,0.0436646,3.268382,0.0298549,0.2263471,0.2210431,0.0424921,0.00606,0.0040101,0.0029331,0.0023091,0.0016207,0.0021349,0.0050061,0.0044703,0.0043084,0.0083251,0.0104984,0.0424569,0.0525288,0.1146158,0.1470703,0.241469,0.4381196,Middle East & North Africa,High income
Qatar,QAT,GFDD.DI.11,,,,,,,,,,,,,,,3.3677175,4.4273751,2.8058521,3.2881955,2.7068552,3.4640389,3.1642583,1.900525,1.8924888,2.3285626,4.1690517,6.8624453,8.0216438,5.5381421,5.2982377,,,Middle East & North Africa,High income
Qatar,QAT,GFDD.DM.11,,,,,,,,,,,,,,,,,,,,,,,,,,,,,,,,Middle East & North Africa,High income
Qatar,QAT,GFDD.EI.08,,,,35.55891,38.28966,35.14852,38.21353,33.41356,44.89684,43.44991,27.60571,30.39128,33.03516,29.18056,20.41885,14.40752,11.82787,13.98355,15.62329,28.78568,31.12524,41.61684,49.43126,51.10821,45.22129,60.72824,,,69.46414,,,Middle East & North Africa,High income
Qatar,QAT,GFDD.OI.02,45.71798,50.45997,49.24173,59.64952,63.58864,58.11255,55.35268,48.73335,58.48834,53.79663,41.89416,59.63916,58.75834,50.87524,45.56818,46.90926,47.92824,51.43802,42.57495,58.83064,56.78415,49.60734,54.83095,61.72648,65.76927,86.6861,87.92241,100.9108,82.83118,88.49389,111.4977,Middle East & North Africa,High income
Qatar,QAT,SH.STA.BRTC.ZS,100,100,100,100,,100,100,100,98,100,100,100,100,100,100,100,100,100,100,100,100,100,100,,99.9,99.9,100,100,,,,Middle East & North Africa,High income
Qatar,QAT,SL.IND.EMPL.ZS,,30.8199996948242,31.1700000762939,30.8899993896484,31.3500003814697,31.7099990844727,31.9200000762939,33.1800003051758,34.0299987792969,35.3499984741211,36.9799995422363,38.4000015258789,39.060001373291,39.810001373291,41.0099983215332,41.0999984741211,41.560001373291,51.8600006103516,59.5800018310547,58.4500007629395,56.3300018310547,54.1100006103516,51.7900009155273,51.7099990844727,52.9599990844727,54.1399993896484,54.5499992370605,54.5099983215332,54.3199996948242,53.7000007629395,,Middle East & North Africa,High income
Romania,ROU,DT.TDS.DPPF.XP.ZS,0,0.91605584950495,7.37321372857987,4.42412405630865,8.01264811243332,8.83259881590046,24.9193521671126,20.5163648403941,21.1108835200327,21.0023732879358,12.6573491504497,13.4298315063937,11.9962441623232,10.4234215457009,8.70688887930064,9.92765268909647,7.19469319934763,5.17091665750248,5.73750179259248,4.6913773375009,5.52382446481341,3.53236417010704,8.37420524498557,11.1603874112373,9.76494178044935,9.91730847997547,4.93884679929518,3.75762475787383,5.5544194659193,4.53523313615225,4.42501312938851,Europe & Central Asia,High income
Romania,ROU,EG.ELC.ACCS.ZS,100,100,100,100,100,100,100,100,100,100,100,100,100,100,100,100,100,100,100,100,100,100,100,100,100,100,99.0999984741211,100,100,100,100,Europe & Central Asia,High income
Romania,ROU,GFDD.AI.01,,,,,,,,,,,,,,,,,,,,,,,,,,,,,,,,Europe & Central Asia,High income
Romania,ROU,GFDD.DI.04,99.44617,97.09826,87.90463,94.03335,85.03905,83.43124,,93.22224,88.97105,79.51335,86.09969,94.88847,98.94755,99.99842,,,99.99996,99.99833,99.99891,99.99905,,,,,,,,,,,98.84365,Europe & Central Asia,High income
Romania,ROU,GFDD.DI.05,62.19815,49.39738,35.15541,28.79256,26.12977,28.98576,32.84377,31.30415,33.16375,33.4843,32.13879,25.60994,28.71169,27.38309,31.85477,32.65298,32.2211,34.74774,32.18354,35.75365,38.36296,38.62406,37.51308,38.03136,39.07278,40.20789,41.13583,40.79306,40.04028,39.90982,46.02287,Europe & Central Asia,High income
Romania,ROU,GFDD.DI.06,0.4439912,1.864694,4.362503,1.678495,3.558945,4.680577,,1.282858,2.470243,3.884128,2.000183,0.7168237,0.1541658,0.0002712,,,8.75E-06,0.0006051,0.0004284,0.0004364,,,,,,,,,,,0.459288,Europe & Central Asia,High income
Romania,ROU,GFDD.DI.11,,,,,,,,,,,,,,,,2.2081678,2.4496908,2.7524967,2.7754471,3.0888418,3.1797786,3.0943413,3.2038615,2.8590949,2.7864813,2.9027098,2.4684002,2.3242919,2.1644828,2.0421044,2.1723598,Europe & Central Asia,High income
Romania,ROU,GFDD.DM.11,,,,,,,,,,0.0949521,0.0154657,0.0265187,0.0079197,0.0062193,0.7685945,0.5588664,0.8764535,0.4511963,0.344738,0.6531925,0.8023443,0.6231813,0.8846071,1.072013,0.9767833,1.049414,1.078587,1.28512,1.289858,1.77742,1.735388,Europe & Central Asia,High income
Romania,ROU,GFDD.EI.08,,62.39658,31.70505,26.45279,20.22927,23.56884,16.39567,9.35216,8.259632,7.088001,5.264074,4.653416,4.404307,3.041661,2.164617,1.95901,1.034464,2.248179,3.199128,8.818236,11.61263,12.49181,13.32611,12.63743,12.7738,12.59042,12.21211,11.43275,11.08682,10.97384,13.33217,Europe & Central Asia,High income
Romania,ROU,GFDD.OI.02,49.06631,38.77354,22.8565,17.08761,16.97081,18.84621,21.89485,20.76278,21.88866,21.17729,19.69979,19.48659,20.72822,19.99975,22.12294,24.96288,27.80692,29.74033,27.49359,30.89964,32.69135,32.46619,32.16506,32.5163,33.10152,33.66132,33.96228,33.40521,32.92649,32.91,37.6955,Europe & Central Asia,High income
Romania,ROU,SH.STA.BRTC.ZS,99.8,99.9,99.7,98.9,99,99.1,99,98.3,99,98,99,99,99.1,99.2,98.9,98.1,98.2,98.8,99.4,99.5,99.5,99.4,99.5,98.5,98.5,94.6,95.3,95.6,97.1,,,Europe & Central Asia,High income
Romania,ROU,SL.IND.EMPL.ZS,,39.9000015258789,37.1100006103516,35.8199996948242,32.8499984741211,30.9599990844727,31.5200004577637,30.2999992370605,28.7700004577637,27.0599994659424,25.7900009155273,25.8500003814697,29.5900001525879,29.1399993896484,31.0599994659424,30.4599990844727,30.7099990844727,31.4099998474121,31.6000003814697,30.0200004577637,28.3199996948242,28.5599994659424,28.2099990844727,28.2900009155273,28.9300003051758,28.4599990844727,29.8799991607666,30.1200008392334,30.0300006866455,30.0699996948242,,Europe & Central Asia,High income
Russian Federation,RUS,DT.TDS.DPPF.XP.ZS,,,,,4.37524946262674,6.33164963097484,6.81739112907681,6.73682054051216,9.71117991254416,11.2378758261541,7.47464808622591,11.7438293058616,7.85792735375363,8.05513599637599,5.771266754409,10.9448438264622,9.97114168831444,3.76886902407682,5.64305447365445,5.76494690724694,6.61309570312272,3.88532718387664,2.58497367392003,3.53196728770046,8.36851857569018,10.9591485537661,14.029689194556,5.9278409765869,11.0402508710167,7.53652331530371,11.2817207843677,Europe & Central Asia,Upper middle income
Russian Federation,RUS,EG.ELC.ACCS.ZS,100,100,100,100,100,100,100,100,100,100,100,100,100,100,100,100,100,100,100,100,100,100,100,100,100,95.5,100,100,100,100,100,Europe & Central Asia,Upper middle income
Russian Federation,RUS,GFDD.AI.01,,,,,,,,,,,,,,,,,,,,,,,,,,,,,,,,Europe & Central Asia,Upper middle income
Russian Federation,RUS,GFDD.DI.04,,,,,,,,,,,,81.66323,83.34638,88.52852,92.22107,95.89277,97.41078,97.47704,98.09519,98.16235,98.44328,98.82348,98.88878,99.0699,99.22601,98.99783,99.39647,99.59271,99.69974,99.50153,99.6022,Europe & Central Asia,Upper middle income
Russian Federation,RUS,GFDD.DI.05,,,,,,,,,,,,23.90317,26.3949,27.8729,28.9177,31.07764,35.02677,39.86514,36.71282,45.8124,47.83141,47.83345,47.31981,51.0674,54.29533,61.82658,59.44583,48.71487,49.00445,49.14236,57.09182,Europe & Central Asia,Upper middle income
Russian Federation,RUS,GFDD.DI.06,,,,,,,,,,,,5.473198,5.10595,3.375649,2.338043,1.193405,0.8577872,0.9943743,0.8029737,0.8636698,0.702457,0.5571082,0.5469624,0.5018792,0.4740754,0.6392921,0.3660305,0.2410613,0.1730122,0.292875,0.2785451,Europe & Central Asia,Upper middle income
Russian Federation,RUS,GFDD.DI.11,,,,,,,,,,,,,,,,2.4949168,2.189992,1.972106,1.7918167,2.0093875,1.7258175,1.5710244,1.5804579,1.6902332,1.8259449,1.8139083,2.0700552,2.3986966,2.5301912,2.6913628,3.1740129,Europe & Central Asia,Upper middle income
Russian Federation,RUS,GFDD.DM.11,,,,,,,,,,0.4069161,0.4387211,0.3680024,0.6626073,0.9283714,1.229537,2.128406,1.107464,1.134276,1.199439,2.71659,1.997566,1.853266,1.948488,2.203365,2.534745,4.789513,5.395446,4.402281,3.759987,4.22603,5.731408,Europe & Central Asia,Upper middle income
Russian Federation,RUS,GFDD.EI.08,,,,,,,,,,,,7.041086,7.079738,6.289486,5.091313,3.737691,3.472136,3.247678,2.671487,4.005539,4.546993,5.099145,4.763635,5.435585,5.952491,7.216104,7.181446,6.871872,6.160589,5.683804,9.703269,Europe & Central Asia,Upper middle income
Russian Federation,RUS,GFDD.OI.02,,,,,,,,,,,,17.12736,19.08868,19.56805,20.33102,22.23567,25.19093,29.28518,27.54358,35.73817,37.36572,37.71967,37.81632,41.34742,44.56116,52.33051,49.81369,49.85225,49.91624,50.16679,58.6422,Europe & Central Asia,Upper middle income
Russian Federation,RUS,SH.STA.BRTC.ZS,99.2,99.2,99.1,99.1,99.1,99.1,99.1,99.1,99.1,99.1,99.2,99.3,99.3,99.4,99.4,99.4,99.5,99.6,99.6,99.7,99.7,98.7,99.7,99.7,99.7,,,,,,,Europe & Central Asia,Upper middle income
Russian Federation,RUS,SL.IND.EMPL.ZS,,39.9599990844727,38.9000015258789,38.1500015258789,35.9900016784668,34.0800018310547,32.5499992370605,30.0100002288818,29.1299991607666,29,29.2399997711182,30.1800003051758,30.1700000762939,30.2299995422363,29.7299995422363,29.2600002288818,28.9099998474121,29.1900005340576,28.6700000762939,27.5,27.7600002288818,27.4500007629395,27.8099994659424,27.7900009155273,27.6000003814697,27.2800006866455,27.0200004577637,26.9699993133545,26.8099994659424,26.7900009155273,,Europe & Central Asia,Upper middle income
Rwanda,RWA,DT.TDS.DPPF.XP.ZS,10.737201166699,12.5164675532181,14.5564901571147,14.7612500946585,6.50943303133607,19.9980858676018,19.2437399653884,13.535872747226,15.4052979646012,25.6870157115678,24.6735166638235,11.4114926030718,14.173681877052,15.1796745974201,12.906649464154,10.7716459426038,6.66103678071629,4.9526206665809,1.99418988868058,1.88716011559098,2.00309710430281,1.95912260017165,1.91612707591106,2.98919088992321,4.14342260550194,4.05806636258338,4.37973886267828,3.893601983233,3.95465154379702,3.90925110224549,7.29514377616856,Sub-Saharan Africa,Low income
Rwanda,RWA,EG.ELC.ACCS.ZS,,,2.3,,,,,1.02783596515656,2.17412757873535,3.31557703018188,6.19999980926514,4.57231616973877,5.93285799026489,7.2881646156311,8.64058494567871,4.80000019073486,11.3462257385254,12.7045030593872,6,15.4454612731934,9.69999980926514,10.8000001907349,17.5,15.1999998092651,19.7999992370605,22.7999992370605,29.3700008392334,34.0999984741211,36.9681510925293,40.3686065673828,46.5999984741211,Sub-Saharan Africa,Low income
Rwanda,RWA,GFDD.AI.01,,,,,,,,,,,,,,,7.5966456,8.9331534,10.729439,24.313031,192.62558,221.00758,272.11712,173.25891,212.99097,216.87182,169.75129,148.01762,191.87108,206.56986,266.29232,261.17641,285.49228,Sub-Saharan Africa,Low income
Rwanda,RWA,GFDD.DI.04,51.67271,45.86447,42.9069,38.96647,38.38055,48.80831,48.69854,54.40205,57.69154,56.80485,63.19726,64.87154,69.01753,71.17891,77.33371,80.20479,84.19303,87.10571,90.19932,87.37634,88.65165,92.94669,94.30299,95.26789,95.75275,96.59197,97.10777,97.50296,95.64147,96.39777,97.23375,Sub-Saharan Africa,Low income
Rwanda,RWA,GFDD.DI.05,14.87096,14.00244,13.86146,13.58129,22.42756,18.58994,16.14489,15.8288,14.72461,16.2615,16.88343,17.13801,17.94153,16.61954,17.79121,17.57479,15.54009,17.0535,15.70282,14.33784,15.55662,17.33453,17.24325,17.98469,18.94754,20.81047,20.28319,19.70873,21.68008,22.28881,26.20288,Sub-Saharan Africa,Low income
Rwanda,RWA,GFDD.DI.06,8.78479,8.667581,10.75988,12.3213,19.89445,10.17748,8.34135,7.584632,7.208916,8.447638,6.594822,6.102474,5.680134,4.667721,3.731142,3.13967,2.46036,2.066362,1.567659,1.750631,1.770657,1.146115,1.029351,0.9522625,0.9258193,0.886989,0.7309434,0.6530336,1.216752,1.047755,0.9714615,Sub-Saharan Africa,Low income
Rwanda,RWA,GFDD.DI.11,,,,,,,,,,,,,,,,,,,,,,,,4.6123418,4.8372755,5.0292588,5.064992,5.1962568,5.7492171,5.8872786,6.5442233,Sub-Saharan Africa,Low income
Rwanda,RWA,GFDD.DM.11,,,,,,,,,,,,,,,,,,,,,0.0631658,0.0561841,0.0240996,0.0104541,0.0174784,0.0156558,,,0.0448617,0.1145366,0.1843106,Sub-Saharan Africa,Low income
Rwanda,RWA,GFDD.EI.08,3.725241,2.614875,2.56228,1.81882,2.95005,1.439071,1.219378,1.000648,1.193332,1.157374,0.9855976,0.9593393,1.920364,1.72395,1.891945,1.658928,1.570154,2.138595,1.225101,1.149337,2.489743,2.046067,1.498495,3.141918,3.483035,4.405578,4.25434,5.072228,5.472686,6.721755,9.121841,Sub-Saharan Africa,Low income
Rwanda,RWA,GFDD.OI.02,9.908414,9.807367,9.500746,9.224593,14.62533,13.20014,11.27726,11.99502,10.87397,12.45746,13.04186,13.52259,14.59474,13.45135,14.56304,14.2074,12.64743,14.11015,12.74788,11.90645,13.00011,14.89601,15.00982,15.71323,16.87862,18.47152,18.13945,17.60125,19.5,19.87505,23.63611,Sub-Saharan Africa,Low income
Rwanda,RWA,SH.STA.BRTC.ZS,,,25.8,,,,,,,,21.9,,,,,38.6,,,52.1,,69,69,,,,90.7,,,,,,Sub-Saharan Africa,Low income
Rwanda,RWA,SL.IND.EMPL.ZS,,2.57999992370605,2.55999994277954,2.53999996185303,2.51999998092651,2.47000002861023,2.47000002861023,2.48000001907349,2.48000001907349,2.5,2.54999995231628,2.64000010490417,2.76999998092651,3.01999998092651,3.29999995231628,3.63000011444092,3.99000000953674,4.36999988555908,4.80999994277954,5.26000022888184,5.76000022888184,6.28000020980835,6.86999988555908,7.32000017166138,7.90999984741211,8.11999988555908,8.23999977111816,8.31999969482422,8.47000026702881,8.63000011444092,,Sub-Saharan Africa,Low income
Samoa,WSM,DT.TDS.DPPF.XP.ZS,10.6216408356106,10.749514709726,9.86317687678924,8.72074578247331,10.0736503329736,6.57196551449048,5.76400592278988,5.4357406486447,4.64077069951633,5.74386821922357,,,,,5.50090865871196,3.949780855983,4.55877785835219,3.70067593748432,4.16689853754651,4.695398960619,5.03271857082246,5.55376780725447,5.82086137341328,5.98268673737457,7.80895889681369,8.76453644366657,8.95265277567305,9.0112119035571,9.92836645191259,8.8228125030091,18.6836703955324,East Asia & Pacific,Lower middle income
Samoa,WSM,EG.ELC.ACCS.ZS,,78.8,81.6401672363281,82.4245910644531,80,83.9886932373047,84.7669982910156,85.5419082641602,86.312744140625,87.078727722168,87.8578262329102,88.5846481323242,89.3038787841797,90.0178833007813,90.7289962768555,91.439567565918,96.3717269897461,92.8689880371094,98.0999984741211,97.9000015258789,96.3610534667969,96.668571472168,96.8269348144531,97.4165344238281,97.9000015258789,99.0670852661133,99.623291015625,96.8000030517578,99.9944763183594,99.1999969482422,100,East Asia & Pacific,Lower middle income
Samoa,WSM,GFDD.AI.01,,,,,,,,,,,,,,,403.1985,514.54262,567.84455,568.14805,675.74447,708.91647,713.73277,804.93148,868.56157,983.84428,948.6438,949.21439,951.55979,1020.1058,1113.7059,1164.1762,1344.9969,East Asia & Pacific,Lower middle income
Samoa,WSM,GFDD.DI.04,93.9049,97.26492,97.83222,98.06104,99.91504,99.93167,98.8539,98.82196,99.01049,99.22342,99.28952,99.26289,99.25308,99.30418,99.32367,99.76193,99.7421,99.50491,99.56738,99.56231,99.5806,99.59132,99.62859,99.23885,95.00994,95.6769,97.0968,99.55471,99.61392,99.67764,99.72997,East Asia & Pacific,Lower middle income
Samoa,WSM,GFDD.DI.05,42.98051,42.22579,38.66863,36.2254,25.1051,30.87294,29.27152,29.9463,29.03969,32.52159,35.26583,33.70776,34.64994,36.59839,35.91624,37.45407,39.62465,28.05912,29.86748,33.53325,36.49523,32.09637,32.82431,34.44296,35.87755,34.20383,35.59744,40.39514,44.08633,45.16102,50.06888,East Asia & Pacific,Lower middle income
Samoa,WSM,GFDD.DI.06,1.456325,0.6442629,0.5179929,0.494355,0.0124892,0.0125858,0.2229447,0.2393994,0.2251766,0.2205163,0.2189443,0.2366841,0.2391484,0.2254424,0.2162595,0.085895,0.1115559,0.1870454,0.1765101,0.1941054,0.1826588,0.1854331,0.1707866,0.3451909,2.445354,2.023277,1.448861,0.2219638,0.19711,0.1665924,0.1554942,East Asia & Pacific,Lower middle income
Samoa,WSM,GFDD.DI.11,,,,,,,,,,,,,,,,,,,,,,,,,,,,,,,,East Asia & Pacific,Lower middle income
Samoa,WSM,GFDD.DM.11,,,,,,,,,,,,,,,,,,,,,,,,,,,,,,,,East Asia & Pacific,Lower middle income
Samoa,WSM,GFDD.EI.08,1.552225,1.407827,1.156542,0.8427625,1.752457,0.8584012,0.7661431,0.4639765,0.4245444,3.003719,2.478935,2.898285,0.637729,2.232638,1.189427,2.026657,2.990417,3.941304,4.863232,5.416398,5.402944,5.440698,4.531079,4.004496,3.086423,3.034325,1.699013,1.294459,1.336556,0.5144889,1.005359,East Asia & Pacific,Lower middle income
Samoa,WSM,GFDD.OI.02,37.19653,34.78688,32.87263,31.39593,21.63488,26.98932,25.90971,25.61574,25.69305,28.72584,31.75421,30.42377,31.32129,33.21392,32.57452,33.70101,35.85838,32.11004,33.29485,38.71093,40.83054,36.86506,36.86167,38.73689,41.8046,40.27232,41.25375,47.6862,50.22976,50.55165,57.58814,East Asia & Pacific,Lower middle income
Samoa,WSM,SH.STA.BRTC.ZS,76,,,,,,,,100,,80,,,,100,,,,,80.8,,,,,82.5,,,,,,,East Asia & Pacific,Lower middle income
Samoa,WSM,SL.IND.EMPL.ZS,,17.7700004577637,17.9699993133545,18.1399993896484,17.8899993896484,18.1900005340576,18.4200000762939,18.3600006103516,18.8099994659424,19,19.4699993133545,20.0100002288818,20.4500007629395,21.0900001525879,21.7800006866455,22.2999992370605,22.8500003814697,23.2099990844727,23.4200000762939,22.8600006103516,23.4400005340576,23.9200000762939,23.7800006866455,23.8299999237061,24.0100002288818,24.6299991607666,24.6900005340576,24.5400009155273,24.6100006103516,24.8899993896484,,East Asia & Pacific,Lower middle income
San Marino,SMR,DT.TDS.DPPF.XP.ZS,,,,,,,,,,,,,,,,,,,,,,,,,,,,,,,,Europe & Central Asia,High income
San Marino,SMR,EG.ELC.ACCS.ZS,100,100,100,100,100,100,100,100,100,100,100,100,100,100,100,100,100,100,100,100,100,100,100,100,100,100,100,100,100,100,100,Europe & Central Asia,High income
San Marino,SMR,GFDD.AI.01,,,,,,,,,,,,,,,,,,,,,377.76674,383.68593,,,399.66349,391.08802,397.58511,402.59026,402.09143,403.20579,382.14664,Europe & Central Asia,High income
San Marino,SMR,GFDD.DI.04,,,,,,,,,,,,97.85625,97.9225,98.13248,98.5975,98.80952,99.34743,98.97017,99.21448,99.20719,99.25007,99.30722,97.77914,96.43294,96.80806,96.75978,96.9407,95.25732,93.50526,94.29034,95.64544,Europe & Central Asia,High income
San Marino,SMR,GFDD.DI.05,,,,,,,,,,,,89.22595,165.9279,150.0348,156.3058,152.1643,137.1521,123.9278,113.236,118.0979,110.4444,99.76854,105.0974,109.575,117.5907,111.7765,110.5634,106.5386,104.1285,107.1196,122.6308,Europe & Central Asia,High income
San Marino,SMR,GFDD.DI.06,,,,,,,,,,,,1.295933,1.370637,1.233751,1.224177,1.075562,0.8342296,1.180148,0.9831558,1.042758,0.9539044,0.8818409,2.899672,4.773095,4.476777,4.395978,3.826891,5.961177,7.565427,6.475574,6.481964,Europe & Central Asia,High income
San Marino,SMR,GFDD.DI.11,,,,,,,,,,,,,,,,,,,,,,,,,,,,,,,,Europe & Central Asia,High income
San Marino,SMR,GFDD.DM.11,,,,,,,,,,,,,,,,,,,,,,,,,,,,,,,,Europe & Central Asia,High income
San Marino,SMR,GFDD.EI.08,,,,,,,,,,,,,,,,,,,,,,,,,,,,,,,,Europe & Central Asia,High income
San Marino,SMR,GFDD.OI.02,,,,,,,,,,,,86.94862,162.6472,146.2438,152.2239,147.7575,132.9018,117.1631,110.4904,114.5551,104.3794,96.13476,101.2741,104.9245,113.9441,110.2838,109.094,104.1676,101.8186,104.8206,120.0022,Europe & Central Asia,High income
San Marino,SMR,SH.STA.BRTC.ZS,,,,,,,,,,,,,,,,,,,,,,,,,,,,,,,,Europe & Central Asia,High income
San Marino,SMR,SL.IND.EMPL.ZS,,,,,,,,,,,,,,,,,,,,,,,,,,,,,,,,Europe & Central Asia,High income
Saudi Arabia,SAU,DT.TDS.DPPF.XP.ZS,,,,,,,,,,,,,,,,,,,,,,,,,,,,,,,,Middle East & North Africa,High income
Saudi Arabia,SAU,EG.ELC.ACCS.ZS,100,100,100,100,100,100,100,100,100,100,100,100,100,100,100,100,100,100,100,100,100,100,100,100,100,100,99.9000015258789,99.9300003051758,100,100,100,Middle East & North Africa,High income
Saudi Arabia,SAU,GFDD.AI.01,,,,,,,,,,,,,,,69665.299,82359.255,98451.162,106486.14,122252.53,134632.67,133325.54,137190.72,137123.09,148394.21,166031.76,191738.52,206418.4,218936.88,223994.6,238656.64,254461.62,Middle East & North Africa,High income
Saudi Arabia,SAU,GFDD.DI.04,,,,,,,,,,,,,,,,,,,,,,,,,,,,,,,,Middle East & North Africa,High income
Saudi Arabia,SAU,GFDD.DI.05,42.6005,43.41445,42.73442,45.548,46.14207,44.97321,43.57945,43.83319,51.29467,49.73694,44.33705,47.95316,53.64811,51.13739,50.01013,44.64612,46.87479,50.99305,48.10367,64.5707,55.16817,49.1691,52.23903,55.79282,61.58918,73.26687,74.73403,70.10224,,,,Middle East & North Africa,High income
Saudi Arabia,SAU,GFDD.DI.06,,,,,,,,,,,,,,,,,,,,,,,,,,,,,,,,Middle East & North Africa,High income
Saudi Arabia,SAU,GFDD.DI.11,,,,,,,,,,,,,,,,,,,,1.5190151,1.4704358,1.251254,1.2584866,1.5063377,1.6680075,2.2061448,2.3775942,2.2888331,1.9851069,2.1497436,2.5764241,Middle East & North Africa,High income
Saudi Arabia,SAU,GFDD.DM.11,,,,,,,,,,,,,,,,,,12.57862,9.310521,14.61884,12.79643,11.42564,10.23867,10.61014,11.6301,14.34301,13.91779,9.210861,9.312256,9.515157,9.114983,Middle East & North Africa,High income
Saudi Arabia,SAU,GFDD.EI.08,3.025637,6.402954,12.19153,13.26655,15.20254,14.29432,13.7951,16.74402,20.52392,19.22915,17.54824,19.49991,19.04164,21.81776,18.11778,12.95759,11.20925,11.65063,12.41437,11.33068,10.82063,8.32825,7.861164,9.65809,11.41794,10.63741,10.84511,12.07113,,,,Middle East & North Africa,High income
Saudi Arabia,SAU,GFDD.OI.02,12.97726,15.22363,15.52145,15.84196,15.94712,15.18592,15.15959,15.3601,17.33049,16.77927,16.13818,18.89168,21.1307,20.73179,21.00489,17.89806,17.2597,20.00981,17.59732,26.93895,26.77703,25.48549,27.33245,30.63141,34.89481,39.81891,40.35257,38.74525,,,,Middle East & North Africa,High income
Saudi Arabia,SAU,SH.STA.BRTC.ZS,88,,,,,91.4,91.4,,,,91,,,,96,96,96,97,97,97,97,,,98,,,,99.7,99.4,,,Middle East & North Africa,High income
Saudi Arabia,SAU,SL.IND.EMPL.ZS,,25.5699996948242,25.9300003051758,25.4699993133545,24.8899993896484,24.0699996948242,23.2600002288818,22.2999992370605,21.6200008392334,20.9699993133545,19.8600006103516,21.0200004577637,20.9500007629395,20.9200000762939,20.7900009155273,20.4899997711182,20.2399997711182,20.8400001525879,19.7700004577637,20.4300003051758,21.2900009155273,22.2800006866455,22.9799995422363,23.7600002288818,23.0300006866455,22.7299995422363,24.4899997711182,24.7299995422363,24.7900009155273,24.7999992370605,,Middle East & North Africa,High income
Senegal,SEN,DT.TDS.DPPF.XP.ZS,18.280946245733,20.0528264128741,12.5422782987365,8.69490845590072,16.3282934780044,16.4652265909821,19.3946867924845,17.4998308652758,19.8121203673345,14.2486964940291,14.7418216119392,12.5972704634783,12.7147490699756,11.5058789481997,13.4645193456573,6.36258554861703,6.18478421063162,3.50246804075491,3.25880264201935,4.21237974360734,4.36778357629626,6.16786226447813,5.54364634350954,5.73874439798274,6.56047781634563,6.34381405325096,7.40051876657073,10.5715641285652,12.073696517944,,,Sub-Saharan Africa,Lower middle income
Senegal,SEN,EG.ELC.ACCS.ZS,,,,26,27.190486907959,28.8571910858154,30.5211772918701,32.2,33.8382682800293,36.2,37.7400016784668,38.7576179504395,36.7999992370605,41.9641342163086,36.7999992370605,47.0999984741211,49.9000015258789,48.3618087768555,49.9726524353027,53.5,56.5,56.5,56.5,57,61,60.5,64.5,61.7000007629395,66,70.4000015258789,70.3689422607422,Sub-Saharan Africa,Lower middle income
Senegal,SEN,GFDD.AI.01,,,,,,,,,,,,,,,84.132,79.689011,87.087088,92.503541,107.94882,95.42186,104.28641,135.45329,134.9063,153.23638,168.35705,165.31044,188.11809,192.99704,201.33788,223.99153,225.50107,Sub-Saharan Africa,Lower middle income
Senegal,SEN,GFDD.DI.04,72.19933,72.15778,72.90968,74.0922,60.55976,60.58661,69.80204,64.68423,65.37388,68.02387,73.55128,72.40303,72.31692,77.23887,80.82371,85.42999,92.00301,93.50343,93.44862,88.57674,88.8855,90.453,92.0508,93.3512,94.58133,95.87003,97.4855,98.54406,99.36458,99.84097,95.81676,Sub-Saharan Africa,Lower middle income
Senegal,SEN,GFDD.DI.05,17.65899,18.1561,18.71787,16.12984,16.697,15.87718,16.6881,16.47359,16.41995,17.57132,18.48277,18.98251,19.96383,25.09833,27.15864,26.91055,28.61376,29.41282,26.689,29.42568,31.84651,32.30879,32.12257,33.46251,35.6285,37.54851,37.34264,37.75349,40.92492,41.64741,45.04223,Sub-Saharan Africa,Lower middle income
Senegal,SEN,GFDD.DI.06,8.146896,8.084202,7.954996,7.591531,9.500087,8.593621,6.846302,8.328989,7.721662,6.877155,6.008509,6.314238,6.008345,5.155537,4.306742,3.546071,1.90218,1.603947,1.603305,3.116391,3.175784,2.95879,2.533813,2.206263,1.861237,1.426725,0.9641232,0.5766647,0.2533467,0.065857,1.911837,Sub-Saharan Africa,Lower middle income
Senegal,SEN,GFDD.DI.11,,,,,,,,,,,,,1.8772655,1.8422352,1.8644631,1.8136844,1.7743152,1.650861,1.743357,2.0073859,2.0807213,2.0707909,3.0375706,3.1115838,3.0172718,2.9207369,3.1564927,3.3670504,3.3190161,,,Sub-Saharan Africa,Lower middle income
Senegal,SEN,GFDD.DM.11,,,,,,,,,,1.221047,1.276857,1.243447,1.748255,2.227045,3.057752,2.226522,2.648531,2.435935,1.64922,2.342299,2.966136,2.063935,1.96212,2.335249,3.461932,4.337672,6.934763,7.391662,7.718772,,,Sub-Saharan Africa,Lower middle income
Senegal,SEN,GFDD.EI.08,0.7861317,1.632394,1.13548,1.40707,2.122972,1.995208,3.657367,3.175594,3.259063,2.75918,2.22021,2.671946,1.471097,1.917928,1.932212,2.175713,3.198629,3.45464,3.048126,3.8189,4.481312,4.471936,4.772065,4.737117,5.882043,7.1045,9.62501,9.408302,10.05152,11.60319,14.32874,Sub-Saharan Africa,Lower middle income
Senegal,SEN,GFDD.OI.02,12.50599,13.22441,13.33225,11.51324,11.33092,10.91781,12.36472,12.30778,12.17287,13.03984,14.35381,14.24837,15.8926,18.26589,20.43123,20.08323,20.91139,21.84554,20.17979,22.70483,24.71463,25.17761,25.51473,26.72422,28.52213,29.63164,29.10798,29.28517,31.64952,32.104,34.25212,Sub-Saharan Africa,Lower middle income
Senegal,SEN,SH.STA.BRTC.ZS,,,,47.2,,,,46.6,,48.3,57.8,,58,,58,51.9,,,,,,65.1,,50.5,59.1,53.2,58.6,68.4,74.2,74.5,,Sub-Saharan Africa,Lower middle income
Senegal,SEN,SL.IND.EMPL.ZS,,13.1099996566772,13.0200004577637,12.9399995803833,12.8900003433228,12.7700004577637,12.6700000762939,12.5799999237061,12.5,12.4300003051758,12.3299999237061,12.3800001144409,12.4499998092651,12.460000038147,12.5500001907349,12.5799999237061,12.6199998855591,12.6700000762939,12.6999998092651,12.7200002670288,12.75,12.8199996948242,12.8400001525879,12.8900003433228,12.9499998092651,12.9899997711182,13.0100002288818,13.0299997329712,13.0699996948242,13.1199998855591,,Sub-Saharan Africa,Lower middle income
Serbia,SRB,DT.TDS.DPPF.XP.ZS,,,,,,,,,,,,,,,,,,5.07813162956256,3.58276269535556,4.31505694175393,5.27676567489823,5.11114049128951,8.62092070858665,13.7079990547781,11.5214579304379,8.70631238093696,8.20215235041679,12.3186159548701,11.8959444131866,12.1765870462298,10.3310436039814,Europe & Central Asia,Upper middle income
Serbia,SRB,EG.ELC.ACCS.ZS,100,100,100,100,100,100,100,100,100,100,100,100,100,100,100,99.6907196044922,100,100,100,100,99.7183990478516,100,100,99.9199981689453,99.6607971191406,99.9000015258789,100,100,100,99.8000030517578,100,Europe & Central Asia,Upper middle income
Serbia,SRB,GFDD.AI.01,,,,,,,,,,,,,,,,,,,,,,,,,,,,,,,,Europe & Central Asia,Upper middle income
Serbia,SRB,GFDD.DI.04,,,,,,,,95.85452,93.11398,92.61909,96.73505,91.39213,88.54176,91.67509,93.95519,96.87356,97.17265,98.52424,98.85653,99.02144,99.73988,99.80656,99.82471,99.84754,99.84859,99.85998,99.80112,99.80303,99.78694,99.94231,96.59109,Europe & Central Asia,Upper middle income
Serbia,SRB,GFDD.DI.05,,,,,,,,9.829586,10.16605,11.03091,14.97701,14.44678,17.35869,18.90288,21.15561,24.84604,29.09034,35.81819,34.12596,39.49917,41.86268,41.53732,43.09119,41.65971,44.83638,46.33976,48.51939,47.79622,51.36775,51.03222,60.60735,Europe & Central Asia,Upper middle income
Serbia,SRB,GFDD.DI.06,,,,,,,,0.9235411,1.768121,2.569206,1.862916,2.841665,2.076349,1.686968,1.498925,0.9302813,0.8162611,0.495209,0.443021,0.4509197,0.1452787,0.1041008,0.1013974,0.0798433,0.0858949,0.0809683,0.1160221,0.1105126,0.1210051,0.0331226,2.209786,Europe & Central Asia,Upper middle income
Serbia,SRB,GFDD.DI.11,,,,,,,,,,,,,3.0111815,2.8347298,2.0180778,2.5123815,2.5721736,2.7977066,2.9156476,3.2501834,3.6024326,3.4798097,3.6876079,3.5863339,4.0355256,4.4449383,4.7612822,4.8942521,5.499778,5.527632,5.710426,Europe & Central Asia,Upper middle income
Serbia,SRB,GFDD.DM.11,,,,,,,,,,,,,,,,,,,0.0243565,0.0267785,0.1632441,0.0196313,0.1002883,0.0928818,0.2708592,0.4713951,0.6521328,0.4212069,0.3333227,0.2962205,0.4948214,Europe & Central Asia,Upper middle income
Serbia,SRB,GFDD.EI.08,,,,,,,,0.6297465,1.021114,6.069413,11.74713,0.4620418,0.8144701,1.837994,2.542909,2.435158,1.849856,1.316448,1.512032,5.559183,8.622808,8.910793,11.24139,11.36424,15.87609,17.12644,17.35627,15.73177,15.286,15.40453,17.153,Europe & Central Asia,Upper middle income
Serbia,SRB,GFDD.OI.02,,,,,,,,6.72301,7.578172,8.064537,12.45974,11.5334,13.39347,15.42834,17.80025,21.5544,25.47306,32.34436,30.51856,35.9399,38.61277,37.94694,39.72554,37.92784,40.60579,41.68076,44.06151,43.31158,46.8532,47.54742,55.03342,Europe & Central Asia,Upper middle income
Serbia,SRB,SH.STA.BRTC.ZS,,,,,,98.7,98.8,,,,98,98.2,99.2,98.5,98.7,99.7,88.9,99.8,99.7,99.8,99.7,99,99,99.9,98.4,,,,,,,Europe & Central Asia,Upper middle income
Serbia,SRB,SL.IND.EMPL.ZS,,27.8600006103516,27.2000007629395,26.4899997711182,26.3700008392334,26.9400005340576,27,27.0100002288818,26.9400005340576,26.0799999237061,26.4799995422363,26.6299991607666,26.7999992370605,26.9099998474121,26.9500007629395,27.5799999237061,29.2999992370605,29.4599990844727,26.2199993133545,25.3299999237061,25.6000003814697,26.7999992370605,26.4599990844727,25.8600006103516,24.6599998474121,24.4599990844727,24.4300003051758,25.2999992370605,26.8999996185303,27.4300003051758,,Europe & Central Asia,Upper middle income
Seychelles,SYC,DT.TDS.DPPF.XP.ZS,,,,,,,,,,,,,,,,,,,,,,,,,,,,,,,,Sub-Saharan Africa,High income
Seychelles,SYC,EG.ELC.ACCS.ZS,,,,,90,92.1736526489258,92.552490234375,92,93.2992935180664,93.6658096313477,94.0893402099609,94.4017639160156,96.0999984741211,95.0061950683594,95.3029098510742,95.5990905761719,99,96.1997146606445,96.509521484375,96.8292617797852,97,98.1479644775391,98.3913650512695,98,100,100,100,100,100,100,100,Sub-Saharan Africa,High income
Seychelles,SYC,GFDD.AI.01,,,,,,,,,,,,,,,277.04288,497.05655,524.63035,573.06448,598.35867,672.98238,702.26,737.09011,1028.2037,1704.0791,1675.4889,1742.1976,1765.0624,1824.1751,1848.5898,2424.7549,3392.4275,Sub-Saharan Africa,High income
Seychelles,SYC,GFDD.DI.04,88.27065,89.20786,79.57871,79.4334,69.13206,64.69968,63.05982,62.5239,82.01675,82.75903,82.98197,82.89916,75.35349,81.10059,73.80394,74.67652,78.6195,78.84762,82.49793,81.25329,81.3789,80.95337,82.91011,84.60164,86.51973,87.57244,88.77907,89.68568,89.73936,91.02574,92.62653,Sub-Saharan Africa,High income
Seychelles,SYC,GFDD.DI.05,39.8424,44.21717,45.15984,50.52931,59.94713,69.6814,77.09699,79.15824,81.03782,92.59868,91.79762,99.6265,104.8413,110.7774,104.2507,96.76917,89.83811,66.96642,64.8982,55.501,62.15379,60.24019,51.11797,58.32185,69.078,66.37157,71.87215,76.17108,79.4547,87.67939,125.6689,Sub-Saharan Africa,High income
Seychelles,SYC,GFDD.DI.06,5.358414,5.60101,10.86898,12.29642,21.52094,27.40909,31.61847,32.74919,17.96428,19.23442,19.89197,21.30362,33.90147,26.62506,30.42093,26.61152,19.80499,16.44504,12.44887,8.653888,10.12433,9.398467,8.162083,7.399643,6.922442,6.461575,6.240733,5.681527,5.501638,5.34,5.919049,Sub-Saharan Africa,High income
Seychelles,SYC,GFDD.DI.11,,,,,,,,,,,,,,,,,,,,,,,,,,,,,,,,Sub-Saharan Africa,High income
Seychelles,SYC,GFDD.DM.11,,,,,,,,,,,,,,,,,,,,,,,22.14957,12.5235,10.97186,6.817816,2.762147,2.435939,0.2513289,0.3115872,4.800646,Sub-Saharan Africa,High income
Seychelles,SYC,GFDD.EI.08,33.05882,38.38695,34.84603,39.98208,38.93226,38.86699,41.38757,40.94886,67.55706,,,,,,60.46984,53.68513,50.05745,36.502,28.69294,17.43289,19.79915,16.66461,18.14757,19.3498,19.27066,20.2124,22.38781,20.53541,16.39477,16.34844,24.15151,Sub-Saharan Africa,High income
Seychelles,SYC,GFDD.OI.02,34.56533,38.5404,39.75687,45.08958,54.25376,63.58471,70.51328,72.34241,74.5666,85.12605,84.24956,88.44646,94.26296,100.071,85.07276,80.46818,75.99327,59.75048,60.13996,51.16314,57.19847,55.29537,46.76862,53.59742,63.97478,61.28966,66.4664,70.81847,74.02756,82.14394,118.3747,Sub-Saharan Africa,High income
Seychelles,SYC,SH.STA.BRTC.ZS,98,,,,,99,,,,,99,,,,,99,99,100,100,99,99,99,99,,,,,,,,,Sub-Saharan Africa,High income
Seychelles,SYC,SL.IND.EMPL.ZS,,,,,,,,,,,,,,,,,,,,,,,,,,,,,,,,Sub-Saharan Africa,High income
Sierra Leone,SLE,DT.TDS.DPPF.XP.ZS,10.1174994352054,6.83466345665561,16.9754582854437,17.480828760408,73.0329939634746,63.1870911141935,58.4030276816612,30.7071207216911,43.8975280865164,86.3024874534728,75.6565725817056,112.302643515559,13.0510400601682,10.224704137839,10.0423706681369,6.72078326994134,7.83609623227349,2.81675808874765,1.64918959742208,2.04054346072588,2.68167440556604,3.35217645924789,1.65094509783524,1.37134000633281,2.30670188644333,6.5031429693943,4.51697344200428,7.07703581802145,7.30800903295693,8.08778509479454,,Sub-Saharan Africa,Low income
Sierra Leone,SLE,EG.ELC.ACCS.ZS,,,,,,,,,,,7.78814268112183,8.55077075958252,9.30581474304199,10.0556230545044,16.7999992370605,11.3324851989746,12.2971878051758,13.0499677658081,12.1000003814697,14.579927444458,11.4621734619141,14.1999998092651,16.9765110015869,13.5,18.6660308837891,19.5345363616943,20.2999992370605,23.3999996185303,26.1000003814697,22.7000007629395,26.2008857727051,Sub-Saharan Africa,Low income
Sierra Leone,SLE,GFDD.AI.01,,,,,,,,,,,,,,,,,56.124366,58.405141,84.107238,100.29623,167.94181,137.03853,156.76604,,,,,,,,,Sub-Saharan Africa,Low income
Sierra Leone,SLE,GFDD.DI.04,12.41129,21.82686,30.31307,47.96321,5.42843,6.842413,8.597469,6.907871,12.4954,15.51134,13.54647,17.06287,21.53925,23.984,31.44562,37.87887,40.8712,73.66057,82.60672,75.20399,70.21556,80.74195,92.14915,80.91025,74.38074,73.99287,66.31054,63.51291,63.50837,68.2808,67.87735,Sub-Saharan Africa,Low income
Sierra Leone,SLE,GFDD.DI.05,18.11019,13.62957,12.31879,11.6902,10.37288,10.09474,9.925912,15.17492,13.40201,16.0767,16.35744,13.42968,14.32407,14.11188,14.09501,15.18432,15.75183,16.74088,17.68701,20.28129,21.80789,21.25196,20.27629,17.52057,20.39776,23.96384,25.09077,23.62231,22.94748,22.88587,28.40626,Sub-Saharan Africa,Low income
Sierra Leone,SLE,GFDD.DI.06,32.55041,15.35506,8.869769,5.834041,86.54462,62.23447,48.07014,56.76648,45.37383,43.52782,47.69004,30.11963,25.13748,21.12635,16.05574,12.51973,11.03977,2.79261,2.319149,3.967125,5.505004,2.972962,1.02594,2.691168,4.489118,5.361541,7.723773,8.928281,9.175486,7.930631,9.290014,Sub-Saharan Africa,Low income
Sierra Leone,SLE,GFDD.DI.11,,,,,,,,,,,,,,,,,,,,,,,,,,,,,,,,Sub-Saharan Africa,Low income
Sierra Leone,SLE,GFDD.DM.11,,,,,,,,,,,,0.0222658,0.0703853,,,,,,,,1.055727,1.356319,0.6198572,0.5409186,0.2800318,0.7849686,0.8654497,0.9767304,,,,Sub-Saharan Africa,Low income
Sierra Leone,SLE,GFDD.EI.08,1.0071,0.5558641,0.5741264,1.353065,1.28106,1.332113,1.462106,0.8742058,2.686974,4.10105,3.72805,4.673376,4.978186,3.855743,3.955959,4.403408,4.292051,4.306584,5.722039,5.164955,5.255646,4.886615,5.548012,6.691547,8.189969,10.038,9.764408,10.60648,10.43991,10.86378,14.9229,Sub-Saharan Africa,Low income
Sierra Leone,SLE,GFDD.OI.02,9.539111,6.79103,6.905836,6.579013,5.92014,5.465794,5.496706,7.444004,7.302219,8.817207,9.104687,7.642139,8.196959,7.873048,8.473548,9.904053,10.42659,11.49651,12.7317,14.86448,15.99553,15.90266,15.35821,13.83931,16.00868,18.53644,19.89653,18.07655,17.61351,17.40051,21.58981,Sub-Saharan Africa,Low income
Sierra Leone,SLE,SH.STA.BRTC.ZS,,,,,,,,,,,37.1,,,,,40,,,42.4,,60.8,,,59.7,,,,81.6,,86.9,,Sub-Saharan Africa,Low income
Sierra Leone,SLE,SL.IND.EMPL.ZS,,6.38000011444092,6.26000022888184,6.23000001907349,6.17000007629395,6.07000017166138,6.05000019073486,5.96000003814697,5.94999980926514,5.90999984741211,6,5.90000009536743,6.19999980926514,6.36999988555908,6.51000022888184,6.21999979019165,5.98000001907349,5.82999992370605,5.69000005722046,5.57999992370605,5.55000019073486,5.57999992370605,5.69000005722046,5.8600001335144,6.07000017166138,6.19999980926514,6.3899998664856,6.55000019073486,6.67000007629395,6.76000022888184,,Sub-Saharan Africa,Low income
Singapore,SGP,DT.TDS.DPPF.XP.ZS,,,,,,,,,,,,,,,,,,,,,,,,,,,,,,,,East Asia & Pacific,High income
Singapore,SGP,EG.ELC.ACCS.ZS,100,100,100,100,100,100,100,100,100,100,100,100,100,100,100,100,100,100,100,100,100,100,100,100,100,100,100,100,100,100,100,East Asia & Pacific,High income
Singapore,SGP,GFDD.AI.01,,,,,,,,,,,,,,,1980.3717,1973.6655,1984.6625,1999.2398,2003.2006,1997.0432,2040.6003,2079.4634,2105.9101,2144.1085,2176.4075,2185.4408,2200.8475,2226.8648,2268.1399,2316.978,2404.8742,East Asia & Pacific,High income
Singapore,SGP,GFDD.DI.04,,,,,,,,,,,97.34918,97.30341,97.32941,97.22216,97.04543,97.08611,97.42267,97.82689,97.99205,97.96219,98.14145,98.53822,98.65792,98.79904,98.8818,98.7612,98.67187,98.70034,98.67838,98.64741,98.56712,East Asia & Pacific,High income
Singapore,SGP,GFDD.DI.05,87.73299,88.54027,89.17549,83.87194,83.49696,81.92636,82.45211,83.03558,112.0641,119.296,103.1793,112.4455,108.8173,114.5252,106.4521,103.3259,111.0989,109.1167,121.7082,131.4503,123.2788,126.1805,128.9125,128.851,128.4456,122.8592,127.6394,122.3473,118.8467,123.8486,152.6299,East Asia & Pacific,High income
Singapore,SGP,GFDD.DI.06,,,,,,,,,,,3.169677,3.88536,3.505112,3.758979,3.620013,3.295177,2.7982,2.384212,2.504216,2.613928,2.287816,1.939192,1.899851,1.818276,1.754665,1.869267,2.016522,1.937441,1.945599,2.072863,2.456405,East Asia & Pacific,High income
Singapore,SGP,GFDD.DI.11,11.860445,,,,,,,,,,27.416012,37.105062,40.307645,45.501618,44.51554,44.341515,44.487269,43.586743,38.142401,43.763246,41.601309,40.703689,42.520375,41.984116,40.273912,40.034514,41.596331,45.051667,43.549979,50.316777,63.726688,East Asia & Pacific,High income
Singapore,SGP,GFDD.DM.11,,,,,,,,,,,,87.61021,105.7803,136.3096,131.1224,120.8598,134.3749,138.2051,98.06886,132.1983,122.129,108.6945,127.381,144.3768,150.8726,155.376,159.89,177.9995,163.9639,188.3083,218.6135,East Asia & Pacific,High income
Singapore,SGP,GFDD.EI.08,11.23952,12.43271,13.64457,13.02859,12.05451,12.65755,12.91675,12.70176,18.4541,21.16135,20.35773,25.18063,25.72208,26.77907,23.17405,20.56665,21.4847,21.97819,24.34679,28.79624,25.95051,26.01661,26.68733,25.51873,27.03436,26.6028,25.99529,26.29242,27.40302,31.34222,36.52421,East Asia & Pacific,High income
Singapore,SGP,GFDD.OI.02,77.64819,78.99515,79.42634,74.74028,75.12772,73.96656,74.8713,75.83544,104.9925,111.5594,96.36362,105.0688,101.3579,106.9787,99.40904,96.46959,104.6265,103.0041,114.7736,124.2912,116.4588,119.1537,121.7642,121.3545,120.548,114.8199,118.8911,113.417,109.9155,114.2686,141.1438,East Asia & Pacific,High income
Singapore,SGP,SH.STA.BRTC.ZS,,,,,,,99.7,99.7,99.7,99.7,99.7,99.6,99.7,99.7,99.7,99.7,99.7,99.7,99.8,99.7,99.7,99.7,99.7,99.6,99.7,99.6,99.6,99.5,99.5,,,East Asia & Pacific,High income
Singapore,SGP,SL.IND.EMPL.ZS,,35.1599998474121,34.6300010681152,33.8800010681152,32.75,30.9599990844727,30.25,30.7999992370605,30.1399993896484,29.5300006866455,27.9500007629395,26.5799999237061,25.9799995422363,25.8999996185303,24.9099998474121,22.7399997711182,23.2999992370605,23.6000003814697,23.7399997711182,23.2399997711182,21.8600006103516,20.8700008392334,20.5400009155273,19.8799991607666,17.7399997711182,17.3899993896484,16.8799991607666,16.4300003051758,16,15.5500001907349,,East Asia & Pacific,High income
Sint Maarten (Dutch part),SXM,DT.TDS.DPPF.XP.ZS,,,,,,,,,,,,,,,,,,,,,,,,,,,,,,,,Latin America & Caribbean,High income
Sint Maarten (Dutch part),SXM,EG.ELC.ACCS.ZS,100,100,100,100,100,100,100,100,100,100,100,100,100,100,100,100,100,99.9974060058594,99.9841156005859,99.9549026489258,100,100,100,100,100,100,100,100,100,100,100,Latin America & Caribbean,High income
Sint Maarten (Dutch part),SXM,GFDD.AI.01,,,,,,,,,,,,,,,,,,,,,,,,,,,,,,,,Latin America & Caribbean,High income
Sint Maarten (Dutch part),SXM,GFDD.DI.04,,,,,,,,,,,,,,,,,,,,,,,,,,,,,,,,Latin America & Caribbean,High income
Sint Maarten (Dutch part),SXM,GFDD.DI.05,,,,,,,,,,,,,,,,,,,,,,,,,,,,,,,,Latin America & Caribbean,High income
Sint Maarten (Dutch part),SXM,GFDD.DI.06,,,,,,,,,,,,,,,,,,,,,,,,,,,,,,,,Latin America & Caribbean,High income
Sint Maarten (Dutch part),SXM,GFDD.DI.11,,,,,,,,,,,,,,,,,,,,,,,,,,,,,,,,Latin America & Caribbean,High income
Sint Maarten (Dutch part),SXM,GFDD.DM.11,,,,,,,,,,,,,,,,,,,,,,,,,,,,,,,,Latin America & Caribbean,High income
Sint Maarten (Dutch part),SXM,GFDD.EI.08,,,,,,,,,,,,,,,,,,,,,,,,,,,,,,,,Latin America & Caribbean,High income
Sint Maarten (Dutch part),SXM,GFDD.OI.02,,,,,,,,,,,,,,,,,,,,,,,,,,,,,,,,Latin America & Caribbean,High income
Sint Maarten (Dutch part),SXM,SH.STA.BRTC.ZS,,,,,,,,,,,,,,,,,,,,,,,,,,,,,,,,Latin America & Caribbean,High income
Sint Maarten (Dutch part),SXM,SL.IND.EMPL.ZS,,,,,,,,,,,,,,,,,,,,,,,,,,,,,,,,Latin America & Caribbean,High income
Slovak Republic,SVK,DT.TDS.DPPF.XP.ZS,,,,,,,,,,,,,,,,,,,,,,,,,,,,,,,,Europe & Central Asia,High income
Slovak Republic,SVK,EG.ELC.ACCS.ZS,100,100,100,100,100,100,100,100,100,100,100,100,100,100,100,100,100,100,100,100,100,100,100,100,100,100,100,100,100,100,100,Europe & Central Asia,High income
Slovak Republic,SVK,GFDD.AI.01,,,,,,,,,,,,,,,,,,,,,,,,,,,,,,,,Europe & Central Asia,High income
Slovak Republic,SVK,GFDD.DI.04,,,,84.88937,84.36594,91.69974,92.40905,98.85859,98.17101,99.58138,99.93558,99.94927,99.96053,97.23702,98.91796,99.96001,99.95812,99.95692,99.96262,99.96546,99.86898,99.86868,99.52708,99.8396,99.97492,92.79507,89.43157,87.60766,87.81561,87.61969,82.19639,Europe & Central Asia,High income
Slovak Republic,SVK,GFDD.DI.05,,,,,,,,,,,,,,,,,54.46126,54.67644,52.29254,60.58129,58.14441,55.60661,57.75822,60.60268,62.40825,65.49921,68.37525,69.44907,69.59563,72.32749,79.9754,Europe & Central Asia,High income
Slovak Republic,SVK,GFDD.DI.06,,,,11.02067,9.132979,4.354498,4.579204,0.8022914,1.191028,0.2623365,0.0400494,0.0334204,0.0254315,1.465822,0.5515881,0.0209082,0.0204218,0.0220223,0.020134,0.022092,0.0828416,0.0826978,0.3038542,0.102685,0.0162828,5.198518,8.250401,9.959396,9.929551,10.12993,16.7964,Europe & Central Asia,High income
Slovak Republic,SVK,GFDD.DI.11,,,,,,,4.4388259,4.6777674,4.9609793,4.8454448,4.8608596,5.6335524,5.8157757,6.4923643,7.0015935,7.5764082,7.5122301,8.4289384,7.4704189,9.5778926,9.9695661,9.5782574,9.8851235,9.8150311,10.068036,8.6643235,9.545865,9.2200509,8.4875092,8.58637,8.2570177,Europe & Central Asia,High income
Slovak Republic,SVK,GFDD.DM.11,,,,,,,,,,17.02977,46.72594,117.9748,78.25435,118.9556,,,,,,29.59924,31.12835,28.94706,26.73063,26.1078,23.22434,21.3187,24.76605,29.14145,28.98895,30.81464,38.51906,Europe & Central Asia,High income
Slovak Republic,SVK,GFDD.EI.08,,,,,,,,,,,,,,,,,15.00546,13.75095,13.17545,19.0753,18.66921,16.8082,17.57605,15.97335,15.12575,14.31505,12.73349,10.1759,9.546861,8.923611,10.34395,Europe & Central Asia,High income
Slovak Republic,SVK,GFDD.OI.02,,,,53.67513,52.60882,53.14782,55.16437,53.83632,51.95874,53.9289,55.9695,57.12802,54.68303,53.94509,51.60731,47.94576,46.83017,47.32447,50.17479,48.81557,46.30453,44.31807,46.63143,48.79726,49.01508,51.76406,53.74394,55.02759,55.32589,57.38645,62.62526,Europe & Central Asia,High income
Slovak Republic,SVK,SH.STA.BRTC.ZS,100,100,100,100,100,100,100,100,100,100,100,99.43,99.43,99.46,99.51,99.51,99.52,99.22,99.51,99.52,99.21,99,99.5,98.6,98.3,97,98.1,98.8,98,,,Europe & Central Asia,High income
Slovak Republic,SVK,SL.IND.EMPL.ZS,,41.9599990844727,40.2099990844727,39.6500015258789,39.7000007629395,38.9099998474121,39.5400009155273,39.2799987792969,39.439998626709,38.4300003051758,37.25,37.060001373291,38.1500015258789,38.1300010681152,39.2099990844727,38.8199996948242,38.8199996948242,39.3800010681152,40.1300010681152,37.9300003051758,37.1199989318848,37.4900016784668,37.5400009155273,35.8199996948242,35.4500007629395,36.1100006103516,36.4700012207031,37.1599998474121,36.5200004577637,36.0900001525879,,Europe & Central Asia,High income
Slovenia,SVN,DT.TDS.DPPF.XP.ZS,,,,,,,,,,,,,,,,,,,,,,,,,,,,,,,,Europe & Central Asia,High income
Slovenia,SVN,EG.ELC.ACCS.ZS,100,100,100,100,100,100,100,100,100,100,100,100,100,100,100,100,100,100,100,100,100,100,100,100,100,100,100,100,100,100,100,Europe & Central Asia,High income
Slovenia,SVN,GFDD.AI.01,,,,,,,,,,,,,,,,,,,,,,,,,,,,,,,,Europe & Central Asia,High income
Slovenia,SVN,GFDD.DI.04,,,,,,98.38583,98.5505,98.71123,98.92643,99.06302,99.13776,99.58842,99.65637,99.13704,99.30125,99.60419,99.6852,99.75385,99.78184,99.52718,99.60204,99.70783,99.3566,99.24765,99.08797,92.23872,85.02053,80.19974,78.08914,77.09335,68.41286,Europe & Central Asia,High income
Slovenia,SVN,GFDD.DI.05,,,,,,33.49481,36.13887,39.20876,42.51439,43.6251,47.28324,54.76139,55.36329,54.07419,48.79675,49.9687,49.93807,57.4474,56.30084,59.9049,62.03082,62.71945,63.82321,63.26663,65.94444,67.26001,69.21101,68.92762,69.12437,70.13856,81.01244,Europe & Central Asia,High income
Slovenia,SVN,GFDD.DI.06,,,,,,0.6083647,0.5380998,0.4783486,0.4408618,0.4077194,0.3984676,0.1986683,0.1683005,0.4440075,0.3951399,0.2535588,0.2230672,0.1928239,0.1807218,0.4454015,0.3831821,0.2784241,0.6145377,0.643874,0.6954296,5.871853,11.2019,14.2874,15.3887,15.74772,24.90933,Europe & Central Asia,High income
Slovenia,SVN,GFDD.DI.11,,,,,,,,,,,,6.993668,8.6799159,8.741558,9.4179172,10.562088,11.658596,12.973058,12.103666,14.040851,14.945312,15.361629,16.800414,16.946408,17.496542,17.060616,17.110804,16.686297,15.478286,15.941169,17.204467,Europe & Central Asia,High income
Slovenia,SVN,GFDD.DM.11,,,,,,,,,,103.4063,163.6871,263.5517,293.4159,367.3553,,,,27.21285,22.16813,25.57184,25.24348,22.77369,25.77247,24.58464,22.29805,28.17519,31.08674,38.58419,33.33481,34.68003,39.46306,Europe & Central Asia,High income
Slovenia,SVN,GFDD.EI.08,,,,,,,,,,,,,,,11.54459,11.52222,10.62883,7.086983,6.259529,10.68462,10.84969,13.17625,15.63252,19.59679,21.05829,19.90246,16.94289,12.8126,11.52987,10.54857,10.58492,Europe & Central Asia,High income
Slovenia,SVN,GFDD.OI.02,,,,,,30.88072,33.64092,36.5415,39.49313,40.01299,44.01591,51.31235,52.13235,50.82677,46.25743,47.34724,48.26414,48.60236,47.82625,50.31721,51.87841,52.16073,52.4844,51.79467,53.73009,54.73512,56.61009,56.69038,57.06962,57.83945,66.75753,Europe & Central Asia,High income
Slovenia,SVN,SH.STA.BRTC.ZS,99.9,99.9,99.9,99.9,99.9,99.9,99.9,99.9,99.8,99.9,99.9,99.9,99.9,99.9,99.9,99.9,99.9,99.9,99.9,99.9,99.9,99.9,99.8,,,,,,,,,Europe & Central Asia,High income
Slovenia,SVN,SL.IND.EMPL.ZS,,45.7999992370605,44.9000015258789,44.189998626709,42.3899993896484,43.1300010681152,41.9599990844727,40.5,39.5200004577637,37.7999992370605,37.6500015258789,38.6300010681152,38.75,37.1300010681152,36.3499984741211,37.060001373291,35.4900016784668,35.2400016784668,35.1199989318848,33.1599998474121,32.5800018310547,31.6599998474121,30.9699993133545,31.0300006866455,30.9300003051758,32.0099983215332,33.1699981689453,33.25,33.3499984741211,34.0999984741211,,Europe & Central Asia,High income
Solomon Islands,SLB,DT.TDS.DPPF.XP.ZS,11.3363902757353,10.2940346661472,4.84438203682746,5.66171261480536,4.1966356748606,1.28227468864944,2.13709140638045,0.461545806379347,3.25757461993652,2.54715575163272,2.80119720123937,1.78947447361354,2.8366482335051,5.59623399908271,3.79622302186118,4.81222153065791,2.35016781121134,4.94247066350467,5.39880963213412,3.51939974288265,3.10009451232259,1.46273564480739,1.23567817184978,1.28931594961574,1.53121860877681,1.62202968646304,1.92457458394632,1.58736532101121,1.30206274878647,1.31002004883622,1.35400292336518,East Asia & Pacific,Lower middle income
Solomon Islands,SLB,EG.ELC.ACCS.ZS,,,,,,,,,,15.7,4.51702928543091,7.47523641586304,10.4258584976196,13.3712463378906,16.3137474060059,19.2557106018066,14.3999996185303,12.8999996185303,28.1034965515137,21.2000007629395,34.7748069763184,38.6799926757813,42.5742111206055,44.7000007629395,50.3067588806152,55.0999984741211,58.3271942138672,62.9000015258789,66.1797637939453,69.8094177246094,73.3464813232422,East Asia & Pacific,Lower middle income
Solomon Islands,SLB,GFDD.AI.01,,,,,,,,,,,,,,,,,,,,,,,298.36772,248.87108,436.13857,451.41475,482.60911,510.22754,722.2507,819.15345,803.1511,East Asia & Pacific,Lower middle income
Solomon Islands,SLB,GFDD.DI.04,75.7922,69.67261,78.77084,82.01573,79.7486,78.12182,79.80174,79.73125,81.70044,88.53415,89.18334,62.65282,64.16041,67.75747,68.18009,73.60381,82.8173,88.09586,90.71747,91.28153,91.37743,92.40266,93.96915,94.96125,95.9415,99.41277,99.44624,99.40774,99.43534,99.253,97.07448,East Asia & Pacific,Lower middle income
Solomon Islands,SLB,GFDD.DI.05,25.0685,26.81849,26.77325,26.77566,23.63025,21.59154,19.39993,19.48711,20.25828,20.5277,22.90087,18.2461,17.00708,15.51578,15.56248,17.70988,19.31773,21.87827,20.24218,17.04942,17.89282,20.00503,21.86363,24.83812,24.78091,26.2398,27.8538,27.46596,28.88674,26.77833,28.70623,East Asia & Pacific,Lower middle income
Solomon Islands,SLB,GFDD.DI.06,7.783912,10.96379,6.343032,5.179451,5.181103,5.143077,4.245361,4.154474,3.647846,2.14957,2.278044,8.950532,8.233653,6.086719,5.376183,4.756741,3.465965,2.872756,2.353024,1.969909,1.663887,1.3263,1.00171,0.86929,0.7652133,0.1159418,0.1154832,0.1225241,0.1147206,0.1572263,0.6357844,East Asia & Pacific,Lower middle income
Solomon Islands,SLB,GFDD.DI.11,,,,,,,,,,,,,,,,,,,,,,,,,,,,,,,,East Asia & Pacific,Lower middle income
Solomon Islands,SLB,GFDD.DM.11,,,,,,,,,,,,,,,,,,,,,,,,,,,,,,,,East Asia & Pacific,Lower middle income
Solomon Islands,SLB,GFDD.EI.08,8.909349,12.76262,14.07891,14.43193,12.01713,10.27671,9.069896,8.32525,7.538846,7.636996,8.652033,6.778844,6.341909,6.284381,4.916992,3.949088,3.253745,2.751122,2.144837,2.115358,1.767521,1.263729,1.160578,0.8567535,0.8635926,0.4826876,0.4677993,0.376751,0.5520045,0.5677558,0.5061208,East Asia & Pacific,Lower middle income
Solomon Islands,SLB,GFDD.OI.02,21.68376,24.13619,24.26703,22.61586,20.54046,18.65016,19.10333,18.68135,16.63225,16.08813,18.45835,15.7869,15.336,14.23845,14.99423,17.74646,19.98905,21.52212,20.06367,23.29605,22.77866,25.66956,28.78656,30.92086,30.97565,33.97303,36.39733,34.82769,35.18642,33.05286,34.52121,East Asia & Pacific,Lower middle income
Solomon Islands,SLB,SH.STA.BRTC.ZS,85,,,,83.5,,,,,85,,,,,,,,85.5,,,,,,,,86.2,,,,,,East Asia & Pacific,Lower middle income
Solomon Islands,SLB,SL.IND.EMPL.ZS,,4.80000019073486,4.92999982833862,5.01000022888184,5.21000003814697,5.42999982833862,5.59000015258789,5.53999996185303,5.65000009536743,5.73999977111816,5.42999982833862,5.34000015258789,5.21999979019165,5.44999980926514,5.63000011444092,6.09999990463257,6.53999996185303,7,7.59999990463257,7.57999992370605,8.0600004196167,8.43000030517578,8.77999973297119,9.32999992370605,9.77000045776367,10.25,10.6300001144409,11.0500001907349,11.6300001144409,12.1300001144409,,East Asia & Pacific,Lower middle income
Somalia,SOM,DT.TDS.DPPF.XP.ZS,,,,,,,,,,,,,,,,,,,,,,,,,,,0.00494637773722628,0.00327061320754717,0.00535729148753224,0.0542342990654206,,Sub-Saharan Africa,Low income
Somalia,SOM,EG.ELC.ACCS.ZS,,,,,,,,,,,1.89250123500824,4.50461578369141,7.40000009536743,9.70844078063965,12.3048496246338,14.9007215499878,15.2337856292725,20.1007328033447,22.7102298736572,25.3296661376953,52.1633453369141,51.9681129455566,51.7619171142578,51.5337905883789,51.2936363220215,51.1348609924316,51.1132354736328,52.0999984741211,50.7649765014648,49.2000007629395,49.7308692932129,Sub-Saharan Africa,Low income
Somalia,SOM,GFDD.AI.01,,,,,,,,,,,,,,,,,,,,,,,,,,,,,,,,Sub-Saharan Africa,Low income
Somalia,SOM,GFDD.DI.04,,,,,,,,,,,,,,,,,,,,,,,,,,,,,,,,Sub-Saharan Africa,Low income
Somalia,SOM,GFDD.DI.05,,,,,,,,,,,,,,,,,,,,,,,,,,,,,,,,Sub-Saharan Africa,Low income
Somalia,SOM,GFDD.DI.06,,,,,,,,,,,,,,,,,,,,,,,,,,,,,,,,Sub-Saharan Africa,Low income
Somalia,SOM,GFDD.DI.11,,,,,,,,,,,,,,,,,,,,,,,,,,,,,,,,Sub-Saharan Africa,Low income
Somalia,SOM,GFDD.DM.11,,,,,,,,,,,,,,,,,,,,,,,,,,,,,,,,Sub-Saharan Africa,Low income
Somalia,SOM,GFDD.EI.08,,,,,,,,,,,,,,,,,,,,,,,,,,,,,,,,Sub-Saharan Africa,Low income
Somalia,SOM,GFDD.OI.02,,,,,,,,,,,,,,,,,,,,,,,,,,,,,,,,Sub-Saharan Africa,Low income
Somalia,SOM,SH.STA.BRTC.ZS,,,,,,,,,,19.3,19.3,,24.8,,,,9.4,,,,,,,,,,,,,,,Sub-Saharan Africa,Low income
Somalia,SOM,SL.IND.EMPL.ZS,,3.53999996185303,3.48000001907349,3.42000007629395,3.33999991416931,3.26999998092651,3.20000004768372,3.13000011444092,3.0699999332428,3.00999999046326,2.96000003814697,2.91000008583069,2.86999988555908,2.83999991416931,2.80999994277954,2.78999996185303,2.75999999046326,2.65000009536743,2.64000010490417,2.64000010490417,2.64000010490417,2.64000010490417,2.60999989509583,2.57999992370605,2.54999995231628,2.51999998092651,2.49000000953674,2.46000003814697,2.44000005722046,2.41000008583069,,Sub-Saharan Africa,Low income
South Africa,ZAF,DT.TDS.DPPF.XP.ZS,,,,,4.91402785788154,5.10877883602173,6.21934394405755,6.86511839032442,8.56312986432096,3.36863230484873,5.91054673142331,6.95796675429875,4.90680103483733,4.65571070457247,3.25379698879923,5.62608365664964,5.10605953097299,2.72592198464523,2.9036815095782,3.6356199719853,2.88255304460934,2.85531223106866,4.82637017571844,7.01086005266931,3.75386306379353,15.2443688231224,5.84174966406757,5.01711334256313,13.1808806285215,7.5063941148995,11.4429909526136,Sub-Saharan Africa,Upper middle income
South Africa,ZAF,EG.ELC.ACCS.ZS,,,,,,,57.6,69.4833526611328,64.9,71.331787109375,72.2824630737305,70.1999969482422,76.6999969482422,78.8000030517578,80.9000015258789,80.8000030517578,80.6999969482422,82,81.9000015258789,82.5999984741211,82.9000015258789,83.5999984741211,85.3000030517578,85.1999969482422,85.9000015258789,85.3000030517578,83.9000015258789,84.4000015258789,84.6999969482422,85,84.3855361938477,Sub-Saharan Africa,Upper middle income
South Africa,ZAF,GFDD.AI.01,,,,,,,,,,,,,,,,,,,,,,,,,,,,,,,,Sub-Saharan Africa,Upper middle income
South Africa,ZAF,GFDD.DI.04,95.0686,,96.83656,96.6193,95.33387,97.22473,96.63908,97.20554,97.64762,98.11565,98.42976,98.81807,93.21492,95.66112,96.79661,98.66773,98.96456,99.32364,99.32013,99.49342,99.52148,98.59277,98.80911,98.5818,98.42285,98.29494,98.13993,98.66914,98.63303,99.02856,98.60509,Sub-Saharan Africa,Upper middle income
South Africa,ZAF,GFDD.DI.05,47.81358,48.91386,44.81761,41.51644,43.34453,44.01101,44.64067,47.40248,49.60076,50.25916,47.36426,41.01798,36.68357,36.61849,34.85388,37.74976,38.78251,40.77366,41.87653,38.53476,36.20488,37.28197,37.2828,37.35147,38.43638,40.19689,39.9334,40.30432,40.65505,41.55374,47.63952,Sub-Saharan Africa,Upper middle income
South Africa,ZAF,GFDD.DI.06,2.623868,2.481056,1.756815,1.864676,2.69,1.59897,2.021505,1.742257,1.573341,1.251586,1.046358,0.8600546,4.058071,2.73944,2.056292,0.8744559,0.7483898,0.5173731,0.5303122,0.3883869,0.3515103,1.028731,0.8829016,1.026592,1.163963,1.273414,1.391087,0.9879624,1.023578,0.7371444,1.115111,Sub-Saharan Africa,Upper middle income
South Africa,ZAF,GFDD.DI.11,,,,,,,,,,,33.75512,35.584659,28.520755,27.545308,27.757657,32.690286,30.467431,,53.585161,51.766762,52.583485,52.133152,54.918179,57.789491,60.04304,63.253387,59.967713,60.386358,58.663889,58.429619,60.139031,Sub-Saharan Africa,Upper middle income
South Africa,ZAF,GFDD.DM.11,,,,,,,,,,2.413805,2.476186,1.359321,2.012613,1.081863,1.297951,1.360418,1.499177,1.812715,1.734226,1.716932,1.863039,2.495208,3.049739,2.914954,2.379102,2.428981,2.503723,2.247879,2.362487,2.737925,4.447206,Sub-Saharan Africa,Upper middle income
South Africa,ZAF,GFDD.EI.08,3.994238,,3.213718,4.321775,3.944467,3.98346,3.909497,4.75326,5.463424,5.412177,5.084424,5.121802,5.625875,6.33859,6.280118,5.954491,5.71196,5.594363,7.906981,9.334202,9.835489,10.65208,10.64086,9.803787,10.90734,10.89705,12.39821,13.162,13.92834,14.82156,16.9375,Sub-Saharan Africa,Upper middle income
South Africa,ZAF,GFDD.OI.02,44.95496,,41.99456,39.0948,41.00089,41.63599,42.24599,45.05609,47.39451,47.79051,45.09106,47.67999,43.80597,45.90955,44.85678,48.51344,52.67862,55.78071,57.92459,54.16007,53.13908,55.82035,55.24452,54.30928,55.1356,56.78458,54.54013,54.39217,54.25428,54.26377,63.21198,Sub-Saharan Africa,Upper middle income
South Africa,ZAF,SH.STA.BRTC.ZS,,,,,82,82,,,84.4,,,,,91.2,91.2,,,,94.3,,,,,,,,96.7,,,,,Sub-Saharan Africa,Upper middle income
South Africa,ZAF,SL.IND.EMPL.ZS,,28.5499992370605,28.3999996185303,28.2399997711182,28.0900001525879,27.9400005340576,27.7600002288818,27.6200008392334,27.4899997711182,27.3299999237061,27.25,26.9899997711182,26.7700004577637,26.6000003814697,26.4200000762939,26.25,26.0400009155273,25.8899993896484,25.7700004577637,25.25,24.3999996185303,24.1700000762939,23.4400005340576,23.5100002288818,23.4200000762939,23.8299999237061,23.3299999237061,23.3400001525879,23.1299991607666,22.3099994659424,,Sub-Saharan Africa,Upper middle income
South Sudan,SSD,DT.TDS.DPPF.XP.ZS,,,,,,,,,,,,,,,,,,,,,,,,,,,,,,,,Sub-Saharan Africa,Low income
South Sudan,SSD,EG.ELC.ACCS.ZS,,,,,,,,,,,,,,,,,0.643131792545319,1.03156232833862,1.42722380161285,3,1.5,2.68468475341797,3.13636112213135,3.60786819458008,4.09718370437622,4.60133981704712,5.1173677444458,4.19999980926514,6.17316961288452,6.70700693130493,7.24133825302124,Sub-Saharan Africa,Low income
South Sudan,SSD,GFDD.AI.01,,,,,,,,,,,,,,,,,,,,,,21.89189,29.361103,40.433444,57.240588,74.172173,79.671199,81.717507,81.824943,104.94633,81.471646,Sub-Saharan Africa,Low income
South Sudan,SSD,GFDD.DI.04,,,,,,,,,,,,,,,,,,,,,,17.05868,37.88696,27.17171,18.11102,12.79692,72.36711,74.23619,73.53198,73.24732,51.86417,Sub-Saharan Africa,Low income
South Sudan,SSD,GFDD.DI.05,,,,,,,,,,,,,,,,,,,,,,9.480096,19.79317,14.68033,17.36545,32.27534,25.19822,17.4791,15.90786,18.36848,28.30548,Sub-Saharan Africa,Low income
South Sudan,SSD,GFDD.DI.06,,,,,,,,,,,,,,,,,,,,,,2.359946,7.170284,10.2098,17.99307,29.89277,12.15118,7.130744,5.856701,6.353219,18.59964,Sub-Saharan Africa,Low income
South Sudan,SSD,GFDD.DI.11,,,,,,,,,,,,,,,,,,,,,,,,,,,,,,,,Sub-Saharan Africa,Low income
South Sudan,SSD,GFDD.DM.11,,,,,,,,,,,,,,,,,,,,,,,,,,,,,,,,Sub-Saharan Africa,Low income
South Sudan,SSD,GFDD.EI.08,,,,,,,,,,,,,,,,,,,,,,,3.184881,2.507991,2.426716,2.578803,30.14009,19.31507,15.24506,15.73063,17.98533,Sub-Saharan Africa,Low income
South Sudan,SSD,GFDD.OI.02,,,,,,,,,,,,,,,,,,,,,,4.657083,10.7156,9.326174,11.25789,23.72924,17.85185,11.42289,9.961302,11.02362,15.81931,Sub-Saharan Africa,Low income
South Sudan,SSD,SH.STA.BRTC.ZS,,,,,,,,,,,,,,,,,9.7,,,,19.4,,,,,,,,,,,Sub-Saharan Africa,Low income
South Sudan,SSD,SL.IND.EMPL.ZS,,14.1700000762939,14.3400001525879,14.4899997711182,14.5500001907349,14.7299995422363,14.8900003433228,15.1999998092651,15.25,15.2399997711182,15.4099998474121,15.6400003433228,15.8900003433228,16.2199993133545,16.3199996948242,16.6200008392334,17.0799999237061,17.6399993896484,17.9699993133545,17.6900005340576,17.7399997711182,17.8899993896484,17.7299995422363,18.8899993896484,18.7199993133545,17.3400001525879,16.4599990844727,16.0799999237061,16.3299999237061,16.3899993896484,,Sub-Saharan Africa,Low income
Spain,ESP,DT.TDS.DPPF.XP.ZS,,,,,,,,,,,,,,,,,,,,,,,,,,,,,,,,Europe & Central Asia,High income
Spain,ESP,EG.ELC.ACCS.ZS,100,100,100,100,100,100,100,100,100,100,100,100,100,100,100,100,100,100,100,100,100,100,100,100,100,100,100,100,100,100,100,Europe & Central Asia,High income
Spain,ESP,GFDD.AI.01,,,,,,,,,,,,,,,,,,,,,,,,,,,,,,,,Europe & Central Asia,High income
Spain,ESP,GFDD.DI.04,95.68852,95.12228,97.07707,,95.95413,96.09449,96.37327,96.69746,96.97764,,,98.28447,98.42,98.39896,98.47308,98.70653,99.06248,99.22781,99.18195,99.05585,98.92107,98.48427,98.31335,98.17107,97.93,95.00534,90.20393,86.25003,84.52419,84.51633,80.45364,Europe & Central Asia,High income
Spain,ESP,GFDD.DI.05,68.12296,70.36459,68.32418,72.58588,73.09029,72.31216,69.83061,9.669573,9.09274,9.182959,8.417521,87.7682,86.74688,87.19053,86.5036,89.655,91.66812,96.1584,107.3866,111.6387,109.3649,104.5055,107.6722,108.0844,110.4305,111.9996,114.8834,111.6152,112.415,112.7428,138.3949,Europe & Central Asia,High income
Spain,ESP,GFDD.DI.06,4.597701,5.098528,2.9668,,4.22384,4.037038,3.780259,3.478284,3.290583,,,1.990319,1.890463,2.034113,2.034588,1.965263,1.588831,1.393254,1.525227,1.851176,2.116975,2.990712,3.308118,3.364728,3.547027,7.891591,15.10396,20.58148,22.04328,20.76801,32.02112,Europe & Central Asia,High income
Spain,ESP,GFDD.DI.11,7.4360553,8.2107915,8.6614561,9.8740049,11.363765,,,,,19.235954,19.638621,20.12702,21.180652,21.755004,23.004828,23.849823,23.002661,21.424328,21.072498,22.952934,22.763769,23.844127,25.551184,26.024356,28.858179,28.045175,28.121903,27.364406,26.780519,28.448659,32.618178,Europe & Central Asia,High income
Spain,ESP,GFDD.DM.11,,,,,,,,,,13.46597,17.06913,22.18614,30.56642,38.15214,38.64315,39.90331,39.21913,37.15857,30.66849,34.69315,25.75513,20.54234,23.05501,21.22787,21.01663,23.91816,24.71599,28.89208,28.13311,30.21024,40.78531,Europe & Central Asia,High income
Spain,ESP,GFDD.EI.08,,,,,,,,,,,,19.09263,18.44061,18.41633,15.20111,13.9876,11.12427,11.08653,13.73235,20.24103,22.07812,26.53589,34.66922,34.10807,37.20806,30.86406,27.57281,23.95644,21.8091,19.63194,24.34007,Europe & Central Asia,High income
Spain,ESP,GFDD.OI.02,59.59768,60.84401,58.83175,62.64868,62.82378,62.22738,59.85931,56.79411,57.41478,,,78.44572,78.29343,77.43179,77.38252,81.45385,83.02663,87.21052,97.71708,100.033,97.52058,93.12909,96.49908,95.92856,97.35835,98.88009,101.3264,98.48976,98.81863,99.93378,121.6606,Europe & Central Asia,High income
Spain,ESP,SH.STA.BRTC.ZS,,,,,,,,,,,,,,,,,,,,,,,,,,,,,,,,Europe & Central Asia,High income
Spain,ESP,SL.IND.EMPL.ZS,,32.3400001525879,31.7800006866455,31.0400009155273,30.2600002288818,30.2099990844727,29.4699993133545,29.9099998474121,30.5100002288818,30.6800003051758,30.8299999237061,31.4599990844727,31.0400009155273,30.7099990844727,30.2099990844727,29.5699996948242,29.3999996185303,29.1100006103516,27.8299999237061,24.5900001525879,22.9799995422363,21.7600002288818,20.6700000762939,19.75,19.4500007629395,19.8999996185303,19.6100006103516,20.0599994659424,20.3299999237061,20.4300003051758,,Europe & Central Asia,High income
Sri Lanka,LKA,DT.TDS.DPPF.XP.ZS,14.8160036716774,15.1336666335862,14.5632590883056,11.1639207375451,9.62680146982744,8.77610837225482,8.66918759401828,8.29368364311752,8.78048380390758,11.7206595580653,10.8516151112974,9.62718040797999,9.43213892304357,7.78961006605945,8.95593048775899,4.56480595715227,9.7455171491814,7.59210200800281,10.5788441482313,13.2981651166113,10.7175368922061,7.83025580289369,13.3250294484073,11.9314185549206,24.2622029093443,17.374069235489,14.6319443804729,19.2245772495233,21.7093990504939,25.3897610125403,33.0296751307039,South Asia,Lower middle income
Sri Lanka,LKA,EG.ELC.ACCS.ZS,,,,,,,,,,,70.2628021240234,63.5999984741211,80.6999969482422,74.9988174438477,76.5685806274414,78.137809753418,82.0500030517578,80,82.8673934936523,87.0899963378906,85.3000030517578,87.7600021362305,87,90.1999969482422,92.660514831543,94.3518676757813,97.5,97.5,99.5648727416992,99.7585678100586,100,South Asia,Lower middle income
Sri Lanka,LKA,GFDD.AI.01,,,,,,,,,,,,,,,,,,,,,,,,,,,,,,,,South Asia,Lower middle income
Sri Lanka,LKA,GFDD.DI.04,66.82288,49.40132,56.2888,71.80543,73.54605,85.885,87.05585,91.6917,92.14753,88.6047,81.98004,85.69929,87.30895,91.06589,86.66826,91.58865,91.63194,93.50431,88.06542,93.64742,95.44008,91.59098,93.06129,97.29453,94.07215,95.56846,94.94261,97.59197,97.5032,97.07309,,South Asia,Lower middle income
Sri Lanka,LKA,GFDD.DI.05,28.25875,29.76299,30.43667,31.95,32.98347,38.85188,37.57915,37.47933,37.1067,38.72815,38.43887,39.01796,39.35153,39.44431,41.10925,41.7159,41.03543,39.27221,34.55271,37.40208,32.65665,34.54082,33.55022,35.63609,37.41034,41.69927,55.66259,58.81926,61.12323,63.01865,,South Asia,Lower middle income
Sri Lanka,LKA,GFDD.DI.06,11.99671,12.82469,9.560081,5.331698,5.19985,5.675156,5.005208,3.092336,2.892063,4.465303,7.546476,6.38334,5.306581,3.534948,5.628748,3.72562,3.966918,2.915504,5.054045,2.450706,1.544056,3.593283,2.977896,1.174863,2.570333,2.319248,3.612916,1.75023,1.9114,2.309294,,South Asia,Lower middle income
Sri Lanka,LKA,GFDD.DI.11,,,,,,,,1.6379441,0.99425214,1.0625947,,,,,,3.7476282,3.4984189,3.293148,3.0902887,3.2716246,3.4628702,3.8093498,3.7603595,3.8772535,4.0695189,4.2602059,4.3791707,4.3643495,4.3884337,4.6368967,4.6492713,South Asia,Lower middle income
Sri Lanka,LKA,GFDD.DM.11,,,,,,,,,,,,,,,,,,,,,,0.0157529,,0.0004186,0.0001145,0.0001409,0.0001317,3.16E-05,7.71E-05,8.1E-05,,South Asia,Lower middle income
Sri Lanka,LKA,GFDD.EI.08,3.859714,3.145117,2.758568,3.17644,3.069423,3.012147,3.253376,4.030206,4.441278,4.630667,4.657851,7.434031,6.884528,6.916039,5.332699,7.048097,8.097014,7.458917,7.769271,10.0642,9.343294,16.19895,17.15257,21.94809,23.04337,24.89849,22.60691,23.70114,24.49654,26.90865,,South Asia,Lower middle income
Sri Lanka,LKA,GFDD.OI.02,21.10857,22.87123,24.09723,25.61212,26.35619,32.52523,32.02197,32.34121,32.01842,33.43904,33.45423,34.36073,34.59084,34.6911,36.29964,37.02718,36.39467,35.12005,31.00961,33.59277,29.2322,31.15155,30.66165,32.87316,34.22791,38.15165,51.7959,55.30343,57.69923,59.70695,,South Asia,Lower middle income
Sri Lanka,LKA,SH.STA.BRTC.ZS,,,,94.1,,,,,,,96,,,,,,,98.6,,,,,,,99.95,,99.5,,,,,South Asia,Lower middle income
Sri Lanka,LKA,SL.IND.EMPL.ZS,,26.5799999237061,20.0200004577637,21.1499996185303,20.1200008392334,24.8199996948242,23.2700004577637,24.3199996948242,23.0799999237061,23.2800006866455,23.6100006103516,23.3799991607666,23.4099998474121,23.7000007629395,23.9899997711182,24.3999996185303,24.8799991607666,25.25,25.5900001525879,25.8400001525879,25.5499992370605,25.7900009155273,26.0699996948242,26,26.3299999237061,25.7700004577637,26.3899993896484,28.4099998474121,27.9400005340576,27.8700008392334,,South Asia,Lower middle income
St. Kitts and Nevis,KNA,DT.TDS.DPPF.XP.ZS,,,,,,,,,,,,,,,,,,,,,,,,,,,,,,,,Latin America & Caribbean,High income
St. Kitts and Nevis,KNA,EG.ELC.ACCS.ZS,91.3068161010742,91.6711730957031,92.0354309082031,92.3990020751953,92.7612075805664,93.1213836669922,93.4788360595703,93.8328857421875,94.182861328125,94.5279922485352,95.2815399169922,93.5299987792969,95.8031845092773,96.0549850463867,96.3038940429688,96.5522689819336,96.8025207519531,97.0572891235352,97.3192901611328,97.5912246704102,99.843391418457,100,100,100,100,100,100,100,100,100,100,Latin America & Caribbean,High income
St. Kitts and Nevis,KNA,GFDD.AI.01,,,,,,,,,,,,,,,,,,,,,,,,,,,,,,,,Latin America & Caribbean,High income
St. Kitts and Nevis,KNA,GFDD.DI.04,95.73726,96.33015,98.25669,98.25832,99.06173,99.28396,99.41927,99.55974,99.69067,99.70208,99.53497,99.4791,99.39735,99.64172,99.49803,99.55713,99.5798,99.55946,99.60199,98.91725,99.04229,98.95838,99.84512,99.7939,99.84718,99.78329,,,,98.3935,98.51681,Latin America & Caribbean,High income
St. Kitts and Nevis,KNA,GFDD.DI.05,67.3839,72.88155,77.27967,78.23815,74.55622,80.70792,79.56647,78.77078,84.60194,84.85233,97.20055,93.76051,94.29437,105.7554,114.0038,112.8121,109.6943,114.0247,101.2978,106.7009,112.8975,115.3108,130.6589,136.9333,139.0727,145.1661,137.2899,127.3775,122.0429,95.9119,104.6481,Latin America & Caribbean,High income
St. Kitts and Nevis,KNA,GFDD.DI.06,2.677128,2.607199,1.302559,1.279276,0.6828858,0.5666999,0.482803,0.3426313,0.2634913,0.2685069,0.4600419,0.4920315,0.5439484,0.3327899,0.5297613,0.490756,0.4560984,0.4941255,0.4303193,1.252793,1.16665,1.187993,0.1718422,0.1621948,0.1488178,0.1481625,,,,0.9989657,1.103268,Latin America & Caribbean,High income
St. Kitts and Nevis,KNA,GFDD.DI.11,,,,,,,,,,,,,,,,,,,,,,,,,,,,,,,,Latin America & Caribbean,High income
St. Kitts and Nevis,KNA,GFDD.DM.11,,,,,,,,,,,,,,,,,,,,,,,,18.5043,16.57159,21.10376,16.86335,19.3842,19.21459,26.88889,39.35547,Latin America & Caribbean,High income
St. Kitts and Nevis,KNA,GFDD.EI.08,17.82278,20.18915,17.84624,14.8875,15.30009,22.75373,27.47852,22.53464,27.89267,31.71288,38.60688,39.35219,38.91214,38.3104,50.31519,55.86178,56.38945,56.92789,54.45994,57.57206,61.90651,55.65077,53.38795,24.21289,46.81639,14.95956,14.67488,15.2793,15.61666,16.43673,18.50887,Latin America & Caribbean,High income
St. Kitts and Nevis,KNA,GFDD.OI.02,63.47251,68.49596,73.44813,73.95565,70.69695,76.8704,75.71997,75.38732,80.87353,80.79711,93.5341,90.71878,91.31032,101.7372,110.7301,109.4348,106.5262,111.004,97.95312,102.9495,108.066,110.792,125.8332,131.2993,133.0678,138.662,130.7492,120.5187,114.9804,89.21587,96.30829,Latin America & Caribbean,High income
St. Kitts and Nevis,KNA,SH.STA.BRTC.ZS,,,,,,100,,,99.4,,99.4,,99.5,,100,100,,100,100,100,100,100,100,100,100,100,,,,,,Latin America & Caribbean,High income
St. Kitts and Nevis,KNA,SL.IND.EMPL.ZS,,,,,,,,,,,,,,,,,,,,,,,,,,,,,,,,Latin America & Caribbean,High income
St. Lucia,LCA,DT.TDS.DPPF.XP.ZS,2.09451643456193,3.36063679530138,3.43991120308617,3.30636736625056,3.01992889484724,2.8392053965234,3.3329302247296,3.34863489921211,3.55020683462046,4.23583138141128,7.19385840000001,6.6045123456721,5.29301775132095,6.71179539392268,4.2745403698604,5.13167790449827,6.84062845300185,8.95924761726935,8.88351639821288,7.50927612547694,6.5959956586695,7.35105200269894,7.01032376118934,5.5717227973984,3.75439579107618,6.89813308554792,4.98842479830866,4.20950072233378,4.03994700144718,3.86012253198207,8.90940849535884,Latin America & Caribbean,Upper middle income
St. Lucia,LCA,EG.ELC.ACCS.ZS,,,,,,,,,,,89.3874359130859,89.9000015258789,90.3582916259766,90.8346939086914,91.3082122802734,91.7811889648438,92.2560424804688,92.7354202270508,93.2220230102539,93.7185668945313,94.1999969482422,94.7525177001953,95.3434219360352,95.8573837280273,96.4376373291016,97.0327377319336,97.6397094726563,98.2798080444336,98.8773956298828,99.5021820068359,100,Latin America & Caribbean,Upper middle income
St. Lucia,LCA,GFDD.AI.01,,,,,,,,,,,,,,,,,,,,,,,,,,,,,,,,Latin America & Caribbean,Upper middle income
St. Lucia,LCA,GFDD.DI.04,94.77777,95.00047,97.62856,98.18571,98.45224,98.28828,97.59861,98.55782,98.71922,98.83688,99.0043,99.37497,99.39333,99.46061,99.51974,99.59796,99.75064,99.68607,99.82046,99.93679,99.96113,99.95242,99.953,99.17919,98.75996,,,99.37653,,99.99782,96.60419,Latin America & Caribbean,Upper middle income
St. Lucia,LCA,GFDD.DI.05,48.91093,49.8656,46.67808,48.74267,49.80978,51.61078,52.36661,53.40966,54.72886,56.3413,59.11584,64.53234,64.85666,65.44778,65.42573,69.11183,73.18661,73.9212,73.48164,77.69881,75.15816,72.15371,74.51978,73.33721,72.20464,73.01003,72.26762,68.83806,69.67204,62.73989,70.96291,Latin America & Caribbean,Upper middle income
St. Lucia,LCA,GFDD.DI.06,2.212908,2.133494,1.026319,0.9091401,0.7892792,0.8997773,1.373112,0.8754165,0.7758904,0.7389793,0.6701599,0.4531325,0.4424401,0.3509507,0.3230669,0.3037521,0.2048766,0.3098973,0.1796978,0.065896,0.0393391,0.0460414,0.0493815,0.8243158,1.110336,,,0.4163638,,0.0013288,2.874472,Latin America & Caribbean,Upper middle income
St. Lucia,LCA,GFDD.DI.11,,,,,,,,,,,,,,,,,,,,,,,,,,,,,,,,Latin America & Caribbean,Upper middle income
St. Lucia,LCA,GFDD.DM.11,,,,,,,,,,,,,,,,,,,,,,,,8.620911,10.77733,9.427715,11.77283,11.83902,13.95557,16.08296,26.63425,Latin America & Caribbean,Upper middle income
St. Lucia,LCA,GFDD.EI.08,3.198556,2.896227,4.88213,5.584866,5.556023,5.724121,5.513404,5.971834,6.694292,6.780782,7.789819,8.06968,8.55823,8.51641,9.637828,12.7136,11.67332,12.52414,11.50171,11.11028,10.18945,9.999578,11.76631,10.56351,8.61681,8.49025,8.247057,7.539287,7.537676,7.313213,9.048395,Latin America & Caribbean,Upper middle income
St. Lucia,LCA,GFDD.OI.02,44.80658,45.71213,43.11467,45.09205,46.30825,47.91912,49.04173,50.19329,51.40136,52.88341,55.70667,61.12601,61.41666,62.02315,61.98253,65.64204,69.46356,70.36425,69.826,73.94965,71.3699,68.31075,70.72877,69.78232,68.90906,69.87021,68.95238,65.88207,66.75471,60.02044,67.42893,Latin America & Caribbean,Upper middle income
St. Lucia,LCA,SH.STA.BRTC.ZS,,,,,,100,,99.7,,,100,,98,99,100,100,97.9,100,100,,98.5,,98.7,,99.1,99.1,,100,,,,Latin America & Caribbean,Upper middle income
St. Lucia,LCA,SL.IND.EMPL.ZS,,22.8199996948242,22.6700000762939,22.4599990844727,21.5400009155273,25.6100006103516,22.5799999237061,20.2700004577637,18.75,19.2299995422363,20.5699996948242,18.8799991607666,17.4899997711182,16.6000003814697,16.8400001525879,19.5,19.7800006866455,18.7099990844727,18.8500003814697,18.4799995422363,17.9899997711182,17.9099998474121,17.6299991607666,17.1399993896484,16.8700008392334,16.7199993133545,16.6000003814697,16.3400001525879,14.8199996948242,14.6899995803833,,Latin America & Caribbean,Upper middle income
St. Vincent and the Grenadines,VCT,DT.TDS.DPPF.XP.ZS,3.13752812628802,4.05420172789539,4.13513774964983,6.30611006325475,6.23192294353045,5.09590672772381,5.48261393185115,6.55037597469469,6.24039176438003,6.980982940053,6.15481370026983,6.72394921809281,6.50876203858227,7.80059877114814,10.1994978477984,11.3201370408429,14.7795742218091,12.3195317652872,13.9419676189988,17.5509865551345,18.5200856939351,18.2460158822413,18.069964058705,15.6587216263432,11.5957006734626,11.575132475035,10.3748902147162,11.6430014076639,13.0036002660827,11.7372958454073,19.1128527185791,Latin America & Caribbean,Upper middle income
St. Vincent and the Grenadines,VCT,EG.ELC.ACCS.ZS,,66.8,69.1144332885742,70.46484375,71.8138961791992,73.1609039306641,74.5052032470703,75.8460922241211,77.1829071044922,78.5148773193359,79.8817749023438,82.4100036621094,82.4681243896484,83.7522735595703,85.0335311889648,86.3142623901367,87.5968551635742,88.7900009155273,90.1783294677734,91.4826202392578,92.799560546875,94.1318588256836,95.4822235107422,96.8524169921875,98.2404251098633,99.6432723999023,99.8008422851563,99.9777069091797,100,100,100,Latin America & Caribbean,Upper middle income
St. Vincent and the Grenadines,VCT,GFDD.AI.01,,,,,,,,,,,,,,,,,,,,,,,,,,,,,,,,Latin America & Caribbean,Upper middle income
St. Vincent and the Grenadines,VCT,GFDD.DI.04,95.73518,95.16738,96.71172,96.61997,97.00021,97.58601,97.8068,98.00871,98.3716,97.30585,98.51213,98.57069,98.59091,97.10775,98.77303,98.9986,99.30988,99.56516,99.51286,99.58471,99.71127,99.03647,99.09409,98.67187,98.25253,98.03772,97.73837,97.33602,97.13057,97.94838,95.77346,Latin America & Caribbean,Upper middle income
St. Vincent and the Grenadines,VCT,GFDD.DI.05,60.44916,57.85434,57.18673,60.81963,64.23261,62.25614,63.38261,67.70433,71.30012,76.96582,73.61362,71.60136,70.91842,69.48072,67.36523,66.42535,62.71611,61.06631,61.89883,62.21239,63.33222,65.30397,66.97475,74.30074,74.69536,70.03999,72.09116,72.17202,71.34538,73.94923,70.60332,Latin America & Caribbean,Upper middle income
St. Vincent and the Grenadines,VCT,GFDD.DI.06,1.838087,2.187954,1.496909,1.569021,1.492568,1.289444,1.247808,1.184905,0.9673738,1.736257,0.9535053,0.8826514,0.8928996,1.753403,0.6989266,0.6052287,0.4134339,0.2689581,0.3074211,0.2726941,0.1696504,0.568266,0.5598226,0.8456912,1.037012,1.068785,1.224704,1.471791,1.539048,1.062543,2.500741,Latin America & Caribbean,Upper middle income
St. Vincent and the Grenadines,VCT,GFDD.DI.11,,,,,,,,,,,,,,,,,,,,,,,,,,,,,,,,Latin America & Caribbean,Upper middle income
St. Vincent and the Grenadines,VCT,GFDD.DM.11,,,,,,,,,,,,,,,,,,,,,,,,6.097569,5.632207,5.553844,5.799687,6.629382,5.827275,7.261548,8.482349,Latin America & Caribbean,Upper middle income
St. Vincent and the Grenadines,VCT,GFDD.EI.08,9.776731,8.398058,9.588396,10.4441,11.77919,11.45472,11.08567,10.69767,10.21987,10.98792,12.83958,13.26102,15.18559,13.2016,13.63925,17.39558,15.67672,15.96629,17.27182,17.82175,10.1295,8.671468,10.26142,8.432927,8.677443,8.141726,6.542688,7.654754,7.194489,6.038013,9.603387,Latin America & Caribbean,Upper middle income
St. Vincent and the Grenadines,VCT,GFDD.OI.02,56.75773,55.0795,53.14918,57.16686,60.13372,58.87356,60.29831,64.08369,67.68124,71.51354,69.09248,67.47196,66.8161,65.35877,63.02828,61.67108,58.08283,56.39761,57.82081,58.91925,60.72334,62.87326,64.74902,71.74602,72.08109,67.20311,68.01118,67.97394,66.76728,68.43717,63.84364,Latin America & Caribbean,Upper middle income
St. Vincent and the Grenadines,VCT,SH.STA.BRTC.ZS,,,,,,100,,,98,99.3,100,100,100,,100,100,,100,99.2,98.9,98.3,98.8,99.2,99,99.9,98.7,98.6,,,,,Latin America & Caribbean,Upper middle income
St. Vincent and the Grenadines,VCT,SL.IND.EMPL.ZS,,21.25,21.3299999237061,21.4200000762939,21.1900005340576,21.2399997711182,20.9699993133545,21.1900005340576,21.3799991607666,21.0599994659424,20.6599998474121,20.5699996948242,20.5400009155273,20.7700004577637,20.8299999237061,20.7199993133545,21.1000003814697,21.3199996948242,21.0499992370605,20.7999992370605,20.5,20.3500003814697,20.2199993133545,20.25,20.0100002288818,20.0400009155273,19.9799995422363,19.9899997711182,19.9599990844727,19.8799991607666,,Latin America & Caribbean,Upper middle income
Sudan,SDN,DT.TDS.DPPF.XP.ZS,4.82234489636292,5.79746402407117,7.20693114665221,5.38441248671626,0.536239670932358,10.1026772733929,7.06708855489281,8.95297763772176,9.78863558861164,6.76966779064487,13.1788949529559,13.5582076309861,6.75015067590939,10.5837468033654,8.23573749840649,7.75748018342716,4.8548141113099,3.85544908416409,2.91535871679986,5.6963744337078,4.16364886245748,4.8097248741649,7.02836514699424,4.85684756835576,4.28112728686312,10.6234963618295,6.30710507655385,3.96363102300726,4.07612203153392,3.68691321421104,2.82952073124108,Sub-Saharan Africa,Low income
Sudan,SDN,EG.ELC.ACCS.ZS,32.8,26.9192943572998,27.4086132049561,27.897253036499,28.3845348358154,28.8697834014893,29.35231590271,29.8314571380615,30.3065280914307,30.7767562866211,23,29.2552261352539,29.5256023406982,29.7905673980713,30.0523929595947,30.313346862793,30.5757923126221,30.8424415588379,19.9699993133545,29,38.0397758483887,39.8208045959473,41.5919952392578,43.3435173034668,44.9000015258789,46.9031066894531,48.8494033813477,50.7547187805176,52.4470024108887,53.9625396728516,55.3897018432617,Sub-Saharan Africa,Low income
Sudan,SDN,GFDD.AI.01,,,,,,,,,,,,,,,,,,,,,,,,,,,,,,,,Sub-Saharan Africa,Low income
Sudan,SDN,GFDD.DI.04,22.66068,26.6685,31.84867,28.69492,37.24538,35.25882,36.39616,38.07492,38.23853,30.47396,27.7059,33.3407,44.55203,50.11138,59.04814,73.13268,79.91406,77.54092,74.45062,76.28888,74.52873,66.49471,60.83567,58.764,58.2525,59.87849,58.35514,60.80194,57.74902,52.29757,36.7678,Sub-Saharan Africa,Low income
Sudan,SDN,GFDD.DI.05,31.98238,30.57757,42.97318,31.6561,23.17952,17.76896,10.91983,9.785047,9.352757,9.361285,10.26534,10.63024,11.79468,13.17127,13.97602,16.08024,18.18233,16.4512,16.92334,21.16377,20.97609,20.19574,26.0188,21.15114,17.63497,18.55226,16.19702,23.45765,31.63055,33.97453,25.41076,Sub-Saharan Africa,Low income
Sudan,SDN,GFDD.DI.06,25.94198,21.82503,31.46358,17.01112,10.03541,6.873406,5.645457,4.15524,3.467086,4.092417,6.285678,5.804909,5.52988,5.845628,4.8689,3.337135,3.211689,3.385181,4.120633,4.893394,5.091566,6.891721,10.67661,10.00995,8.412364,8.302778,7.550831,8.793832,9.995402,11.04513,13.54641,Sub-Saharan Africa,Low income
Sudan,SDN,GFDD.DI.11,,,,,,,,,,,,,,,,,0.53290247,0.50153013,0.56663734,0.59107526,0.53142531,0.46217695,0.61477034,0.54510109,0.48261598,0.51912875,0.56096461,0.62934903,0.66532524,,,Sub-Saharan Africa,Low income
Sudan,SDN,GFDD.DM.11,,,,,,,,,,,,,,,,,,,,,,,,,,,,,,,,Sub-Saharan Africa,Low income
Sudan,SDN,GFDD.EI.08,0.0098971,,5.859883,1.455445,0.8436683,0.3821532,0.1856532,0.1162891,0.1254245,0.1830827,0.2922078,0.416001,0.7070274,0.8544725,0.8918454,1.270064,2.276251,1.874596,2.627713,4.185679,4.395215,4.385418,4.642103,3.747071,3.587589,4.127936,4.104546,5.467143,4.621827,3.286767,2.058163,Sub-Saharan Africa,Low income
Sudan,SDN,GFDD.OI.02,15.66158,15.89972,26.50563,19.59414,13.40403,10.54835,6.369527,5.97044,5.456022,5.247274,5.651955,6.569615,7.496175,8.370276,9.245529,11.12232,12.32537,11.46322,11.55625,14.81362,14.47162,13.16337,17.34662,13.95515,12.06682,12.45472,10.57828,15.99229,22.19519,17.78997,13.28573,Sub-Saharan Africa,Low income
Sudan,SDN,SH.STA.BRTC.ZS,68.5,,,,,,,,,,,,,,,,49.2,,,,72.5,,,,77.7,,,,,,,Sub-Saharan Africa,Low income
Sudan,SDN,SL.IND.EMPL.ZS,,10.8299999237061,10.8900003433228,10.9099998474121,10.8299999237061,10.8699998855591,11.0100002288818,11.25,11.2700004577637,11.2399997711182,11.3299999237061,11.4700002670288,11.6899995803833,11.9200000762939,11.8900003433228,12.2700004577637,12.7600002288818,13.3900003433228,13.9399995803833,14.1599998474121,14.2299995422363,15.3400001525879,16.0599994659424,16.4599990844727,16.6299991607666,17.1000003814697,17.4099998474121,17.6800003051758,17.2299995422363,16.8199996948242,,Sub-Saharan Africa,Low income
Suriname,SUR,DT.TDS.DPPF.XP.ZS,,,,,,,,,,,,,,,,,,,,,,,,,,,,,,,,Latin America & Caribbean,Upper middle income
Suriname,SUR,EG.ELC.ACCS.ZS,,,,,,,,,,99.62406,95.4943771362305,95.3973846435547,95.2928161621094,95.1830062866211,95.0703125,94.9570770263672,91.0198364257813,94.738883972168,94.639274597168,94.5496139526367,91.1975173950195,94.4109344482422,94.3673400878906,94.3435821533203,94.3376312255859,94.8952331542969,95.8163146972656,96.6963348388672,97.4000015258789,97.8254165649414,98.2047729492188,Latin America & Caribbean,Upper middle income
Suriname,SUR,GFDD.AI.01,,,,,,,,,,,,,,,,,,,,,,,,,,1082.6704,1255.5659,1153.0816,1310.0896,1477.4433,1130.4099,Latin America & Caribbean,Upper middle income
Suriname,SUR,GFDD.DI.04,38.83226,38.52794,43.58972,39.58151,57.12797,80.83067,87.21338,91.62015,69.28767,54.28017,34.42623,77.36232,64.80666,70.18526,74.40924,78.31752,83.07446,89.36434,92.90594,81.96286,87.72078,88.05651,91.30384,82.77051,90.49867,72.67615,78.54005,81.09283,81.11634,73.44515,58.59803,Latin America & Caribbean,Upper middle income
Suriname,SUR,GFDD.DI.05,96.41941,103.3767,91.18784,63.00796,34.59208,25.86454,31.71212,35.19112,40.50602,32.55047,35.80908,30.88602,47.69735,44.29255,47.58562,43.62128,36.67622,42.33521,42.62192,46.74932,45.91248,46.26848,49.37252,53.05958,54.92894,60.62263,78.27046,65.38924,64.32846,64.40472,85.69757,Latin America & Caribbean,Upper middle income
Suriname,SUR,GFDD.DI.06,67.34861,72.4528,57.33976,35.59494,6.50933,1.604996,1.969365,1.777618,9.967416,14.39865,23.95575,3.909974,10.62192,8.6747,7.86247,6.536297,4.068593,2.621423,1.805575,5.595108,3.673617,3.471735,2.511813,6.42027,3.781671,14.38614,11.85726,8.823305,7.947522,11.96085,26.07257,Latin America & Caribbean,Upper middle income
Suriname,SUR,GFDD.DI.11,,,,,,,,,,,,,,,,,,,,4.9675596,4.911025,5.5531872,5.799798,6.7346608,7.584353,9.949453,13.579101,11.554694,11.716073,,,Latin America & Caribbean,Upper middle income
Suriname,SUR,GFDD.DM.11,,,,,,,,,,,,,,,,,,,,,,0.7987181,0.8256388,0.8208687,0.7958428,1.069185,2.888921,3.449135,4.891036,4.345041,4.805119,Latin America & Caribbean,Upper middle income
Suriname,SUR,GFDD.EI.08,3.981083,3.758146,2.769511,1.364701,0.361324,0.138235,0.1974969,1.742149,3.494582,2.315452,3.825125,4.038606,3.118211,2.628855,3.37307,3.55172,3.327133,2.160405,1.324912,1.126736,2.332155,2.029143,2.253409,3.100703,6.359964,4.926008,7.553565,10.72134,11.43601,11.26603,15.44872,Latin America & Caribbean,Upper middle income
Suriname,SUR,GFDD.OI.02,68.72348,76.31667,68.57917,44.28083,20.92918,16.98086,22.51284,26.29718,28.6958,20.92831,21.74197,19.48651,37.98639,37.59084,41.04235,37.29694,31.46791,36.61975,34.01239,40.02556,38.80744,39.59096,42.11042,47.62726,49.21285,54.43287,72.1725,60.11749,58.86087,57.61822,76.29976,Latin America & Caribbean,Upper middle income
Suriname,SUR,SH.STA.BRTC.ZS,,,,,,80,,,,,70.9,,90,,90,,86.5,90,90,90,90,,,,,90,,,98.4,,,Latin America & Caribbean,Upper middle income
Suriname,SUR,SL.IND.EMPL.ZS,,19.1900005340576,19.1299991607666,19.3299999237061,19.7099990844727,22.25,24.7000007629395,23.2600002288818,25.9799995422363,25.2999992370605,24.9099998474121,24.7600002288818,24.4400005340576,24.3299999237061,24.1000003814697,24.1200008392334,24.3099994659424,24.3899993896484,24.5300006866455,24.5400009155273,24.6700000762939,24.9599990844727,24.9200000762939,25.0499992370605,25.1000003814697,25.0799999237061,24.4500007629395,24.4300003051758,24.4899997711182,24.3299999237061,,Latin America & Caribbean,Upper middle income
Sweden,SWE,DT.TDS.DPPF.XP.ZS,,,,,,,,,,,,,,,,,,,,,,,,,,,,,,,,Europe & Central Asia,High income
Sweden,SWE,EG.ELC.ACCS.ZS,100,100,100,100,100,100,100,100,100,100,100,100,100,100,100,100,100,100,100,100,100,100,100,100,100,100,100,100,100,100,100,Europe & Central Asia,High income
Sweden,SWE,GFDD.AI.01,,,,,,,,,,,,,,,,,,,,,,,,,,,,,,,,Europe & Central Asia,High income
Sweden,SWE,GFDD.DI.04,94.40905,87.15908,85.62149,88.93322,89.96904,91.50618,92.9314,94.1671,96.74839,97.24716,98.21636,99.98634,99.98972,99.99787,,99.99784,99.99805,,,,,,99.93748,99.81071,99.78974,97.16871,95.18477,94.72058,94.45924,94.89262,95.18038,Europe & Central Asia,High income
Sweden,SWE,GFDD.DI.05,41.63522,40.52544,41.91857,43.62142,41.19741,39.36269,41.76377,40.35896,38.21107,39.42128,37.78149,43.92327,43.91227,44.0125,43.00171,46.59325,48.9472,51.28062,54.9227,63.89588,61.83323,63.21424,65.07885,66.15559,65.98392,65.94836,69.26974,72.77847,72.37709,74.08854,87.71589,Europe & Central Asia,High income
Sweden,SWE,GFDD.DI.06,3.434926,7.978412,8.816307,5.972248,4.952298,3.724885,3.017997,2.593112,1.52547,1.222748,0.840147,0.0136996,0.0103143,0.0021453,,0.0023882,0.0022424,,,,,,0.0856779,0.2624605,0.2902275,3.901518,6.847519,7.73786,8.207862,7.493831,7.573225,Europe & Central Asia,High income
Sweden,SWE,GFDD.DI.11,,,,,,46.137479,53.400012,61.427345,66.957762,79.506018,77.377581,72.37351,64.117728,68.946915,69.818641,79.24922,69.423462,68.353915,78.075605,89.237521,83.991988,85.254015,87.426855,113.20307,104.27701,121.51813,103.04922,98.956431,93.489855,100.13465,112.52024,Europe & Central Asia,High income
Sweden,SWE,GFDD.DM.11,,,,,,,,,,12.55713,16.67443,16.53618,17.82226,20.4576,24.30342,24.42775,32.39806,34.91913,26.76271,34.62622,32.0676,25.01788,26.95121,26.36717,26.61438,25.20275,23.70943,27.2229,24.62607,25.71226,27.63281,Europe & Central Asia,High income
Sweden,SWE,GFDD.EI.08,6.95399,6.795404,5.1335,9.899302,10.17879,8.834297,7.823162,7.131403,9.545614,5.729095,6.452461,8.462212,7.084726,6.574538,6.701766,9.370318,9.430663,8.569012,7.666401,10.87734,9.050725,9.046314,8.859962,7.989963,8.377551,7.271851,6.841605,7.55083,8.057878,7.333782,11.06725,Europe & Central Asia,High income
Sweden,SWE,GFDD.OI.02,,,,,,,,,,,,40.05959,40.22418,40.37173,39.53205,43.16893,45.71938,48.25503,52.00923,56.00745,56.81977,58.67601,60.1669,62.59923,63.7555,64.22375,67.7914,70.92802,70.87621,72.74699,86.43284,Europe & Central Asia,High income
Sweden,SWE,SH.STA.BRTC.ZS,,,,,,,,,,,,,,,,,,,,,,,,,,,,,,,,Europe & Central Asia,High income
Sweden,SWE,SL.IND.EMPL.ZS,,26.6100006103516,26.1499996185303,25.6399993896484,25.5200004577637,25.4799995422363,25.8700008392334,25.5499992370605,25.8899993896484,24.9899997711182,24.3600006103516,23.7399997711182,22.9599990844727,22.6000003814697,22.3700008392334,22.0400009155273,21.9099998474121,21.6499996185303,21.3299999237061,20.1599998474121,19.8999996185303,19.9300003051758,19.6499996185303,19.1599998474121,18.6000003814697,18.2900009155273,18.2000007629395,18.1599998474121,18.1800003051758,18.4200000762939,,Europe & Central Asia,High income
Switzerland,CHE,DT.TDS.DPPF.XP.ZS,,,,,,,,,,,,,,,,,,,,,,,,,,,,,,,,Europe & Central Asia,High income
Switzerland,CHE,EG.ELC.ACCS.ZS,100,100,100,100,100,100,100,100,100,100,100,100,100,100,100,100,100,100,100,100,100,100,100,100,100,100,100,100,100,100,100,Europe & Central Asia,High income
Switzerland,CHE,GFDD.AI.01,,,,,,,,,,,,,,,,,,,,,,,,,,,,,,,,Europe & Central Asia,High income
Switzerland,CHE,GFDD.DI.04,99.18739,99.16203,99.17516,99.19884,99.21024,99.22258,99.21021,98.96019,98.95996,99.03185,98.95304,98.85359,98.72522,98.67194,98.75031,99.59094,99.68081,99.76044,99.7982,99.78298,99.83527,99.83844,99.84495,99.85832,99.83602,99.83504,99.84466,,,,,Europe & Central Asia,High income
Switzerland,CHE,GFDD.DI.05,124.6803,121.2674,121.7476,124.0728,124.8203,125.285,137.029,142.737,145.3815,159.6628,133.4319,133.5385,136.1592,141.9725,141.5398,148.3639,149.4072,146.8469,141.0757,147.991,147.8106,159.6241,176.1192,179.1617,183.4032,182.2398,185.5856,,,,,Europe & Central Asia,High income
Switzerland,CHE,GFDD.DI.06,1.250579,1.282101,1.266889,1.247156,1.242555,1.242879,1.250101,1.663491,1.639669,1.591321,1.630356,1.717388,1.935724,2.053636,1.946046,0.6411824,0.5109012,0.3895771,0.3186621,0.3619476,0.2722379,0.2717032,0.2717525,0.2362766,0.2754739,0.2791635,0.2683815,,,,,Europe & Central Asia,High income
Switzerland,CHE,GFDD.DI.11,,,,,,,,,,80.830568,82.072015,86.621362,81.385627,85.313375,84.625116,82.191287,80.427352,77.767073,70.303024,70.729793,69.665339,69.766705,70.852298,71.995498,74.969571,74.918903,75.389052,100.42737,95.125685,97.936386,100.90527,Europe & Central Asia,High income
Switzerland,CHE,GFDD.DM.11,,,,,,,,,,82.11856,83.99074,84.52361,98.03233,100.8782,103.7566,97.06403,115.4674,125.2783,111.131,128.9645,119.1199,96.25213,106.9119,101.8408,92.34083,92.90418,92.60822,94.70667,86.46186,93.25855,98.93424,Europe & Central Asia,High income
Switzerland,CHE,GFDD.EI.08,8.459059,8.68216,9.180963,11.77308,12.01467,12.14141,12.51359,12.24441,11.72916,11.92073,12.54624,11.73391,12.79166,12.07783,11.64238,10.52873,10.10569,9.498985,12.5131,12.4137,12.22754,12.92061,14.11044,3.980784,4.3621,4.083402,4.01114,,,,,Europe & Central Asia,High income
Switzerland,CHE,GFDD.OI.02,91.11172,89.52605,90.16263,96.76797,98.37179,101.9309,111.1945,117.0886,119.7799,133.4624,104.1365,104.904,111.7591,120.2548,120.3186,123.9135,122.4061,118.8577,116.635,128.3671,131.3447,139.5582,150.2304,160.0031,163.6755,164.3278,167.3852,,,,,Europe & Central Asia,High income
Switzerland,CHE,SH.STA.BRTC.ZS,,,,,,,,,,,,,,,,,100,,,,,,,,,,,,,,,Europe & Central Asia,High income
Switzerland,CHE,SL.IND.EMPL.ZS,,29.2199993133545,28.0499992370605,27.2600002288818,27.3899993896484,28.4200000762939,26.4799995422363,25.3899993896484,25.1499996185303,24.6900005340576,25,24.4500007629395,23.4099998474121,22.4400005340576,22.2999992370605,22.4599990844727,22.6499996185303,22.5400009155273,22.8799991607666,22.1399993896484,22.4500007629395,22.2800006866455,21.6100006103516,21.7900009155273,21.2900009155273,20.75,20.5900001525879,20.5200004577637,20.4599990844727,20.3400001525879,,Europe & Central Asia,High income
Syrian Arab Republic,SYR,DT.TDS.DPPF.XP.ZS,,,,,,,,,,,,,,,,,,,3.37753311650247,3.86442475439785,3.11939822388479,,,,,,,,,,,Middle East & North Africa,Low income
Syrian Arab Republic,SYR,EG.ELC.ACCS.ZS,,,,,,,,,,,93.4835891723633,93.2186508178711,86.5999984741211,92.6683578491211,92.3877105712891,92.1065292358398,99.5057601928711,91.5524215698242,91.2848663330078,91.0272445678711,92.6999969482422,91.5147247314453,90.7931900024414,90.1493988037109,89.9754943847656,89.8164291381836,89.6692352294922,89.5309448242188,86,89.2692108154297,89.1403198242188,Middle East & North Africa,Low income
Syrian Arab Republic,SYR,GFDD.AI.01,,,,,,,,,,,,,,,,,,,195.44623,207.52614,205.83497,208.81362,207.67509,212.05827,,,,,,,,Middle East & North Africa,Low income
Syrian Arab Republic,SYR,GFDD.DI.04,45.03312,48.8093,50.16159,59.58995,52.62965,53.46817,50.72374,51.2067,50.96994,53.6008,54.72924,55.0755,53.38943,58.83732,58.83082,62.98741,64.87834,69.89405,75.82396,77.77023,80.47632,66.36186,,,,,,,,,,Middle East & North Africa,Low income
Syrian Arab Republic,SYR,GFDD.DI.05,54.69873,53.31585,53.38966,62.49785,57.34409,55.48632,50.53419,50.68156,52.82626,57.82782,59.49236,68.90967,73.78013,82.79576,77.7279,72.80409,68.15628,65.46535,67.64948,71.35807,73.10891,57.8482,,,,,,,,,,Middle East & North Africa,Low income
Syrian Arab Republic,SYR,GFDD.DI.06,39.14649,36.80271,36.68433,37.13236,35.43759,35.82399,35.0692,35.72184,34.27416,33.11386,29.11332,29.91061,28.8045,28.46811,24.46819,20.76439,18.2716,15.73979,12.99298,12.62894,11.39674,19.81083,,,,,,,,,,Middle East & North Africa,Low income
Syrian Arab Republic,SYR,GFDD.DI.11,,,,,,,,,,,,,,,,,,0.49484422,,,0.98412587,,,,,,,,,,,Middle East & North Africa,Low income
Syrian Arab Republic,SYR,GFDD.DM.11,,,,,,,,,,,,,,,,,,0.0458688,0.062973,0.1684341,0.2297249,,,,,,,,,,,Middle East & North Africa,Low income
Syrian Arab Republic,SYR,GFDD.EI.08,24.61476,26.49292,27.35452,44.0118,29.02958,30.01357,26.45439,27.65036,26.44337,29.05481,27.10726,28.89278,25.52271,30.58754,23.31053,20.57186,19.05346,21.45657,24.36575,24.54464,24.70498,,,,,,,,,,,Middle East & North Africa,Low income
Syrian Arab Republic,SYR,GFDD.OI.02,23.83002,23.26231,24.29944,30.91612,30.03314,29.73913,27.40205,28.24735,29.51746,34.40602,36.5898,44.8473,49.41786,55.0094,49.6699,46.20901,43.8648,44.26313,47.97145,51.37203,52.89407,37.43602,,,,,,,,,,Middle East & North Africa,Low income
Syrian Arab Republic,SYR,SH.STA.BRTC.ZS,,,,76.9,,,,,,,,,,,89.7,,91.5,,,96.2,,,,,,,,,,,,Middle East & North Africa,Low income
Syrian Arab Republic,SYR,SL.IND.EMPL.ZS,,24.9899997711182,25.7900009155273,26.6299991607666,28.6100006103516,30.5100002288818,29.9799995422363,29.1399993896484,28.9400005340576,28.2900009155273,26.1000003814697,25.7299995422363,25.9099998474121,25.6000003814697,26.1499996185303,27.25,28.2600002288818,29.0599994659424,29.9699993133545,30.6800003051758,31.2900009155273,31.4300003051758,28.2399997711182,25.0300006866455,23.3500003814697,22.7700004577637,22.5599994659424,22.4200000762939,22.8199996948242,23.1900005340576,,Middle East & North Africa,Low income
Tajikistan,TJK,DT.TDS.DPPF.XP.ZS,,,,,,,,,,,,,9.14846925558982,5.61847974568755,5.82502943623963,7.25105082600181,5.15328526785451,3.28461697151427,5.17453255916964,4.47433649644928,2.68488484102513,2.14718918328945,2.95576527913515,3.45860696327497,4.27607518377198,5.34751941978946,7.44134279538509,6.49234693329942,8.63017554547789,7.9822805853644,6.38047873225203,Europe & Central Asia,Lower middle income
Tajikistan,TJK,EG.ELC.ACCS.ZS,,,,,,,,,,97,98.4677429199219,98.6331024169922,99,100,98.6270904541016,99.3000030517578,98.6165390014648,98.6167221069336,98.624137878418,99,98.671501159668,98.7168579101563,99.0999984741211,98.8635482788086,98.9646224975586,98,99.2083129882813,99.3000030517578,99.3000030517578,99.6332092285156,99.779296875,Europe & Central Asia,Lower middle income
Tajikistan,TJK,GFDD.AI.01,,,,,,,,,,,,,,,171.8039,196.55352,323.2907,239.08055,237.36179,328.6991,370.30348,415.26011,558.57225,711.86805,998.56822,1209.2924,1053.8191,791.90395,804.41152,941.81637,987.98487,Europe & Central Asia,Lower middle income
Tajikistan,TJK,GFDD.DI.04,,,,,,,,,49.52666,46.99278,64.93855,54.01674,58.19139,63.90612,76.94212,80.25783,85.66631,93.71989,90.71243,89.09557,91.56075,92.12967,74.52232,79.37737,82.84835,84.10384,66.64436,60.57085,61.87844,64.87511,66.98264,Europe & Central Asia,Lower middle income
Tajikistan,TJK,GFDD.DI.05,,,,,,,,,7.079952,6.723581,8.171824,7.936222,8.372873,8.290935,7.036164,12.83426,16.48456,24.95846,7.119383,9.94559,10.42684,11.73453,11.42413,11.62994,13.84606,16.58904,15.11103,12.92437,11.73363,10.52768,11.62909,Europe & Central Asia,Lower middle income
Tajikistan,TJK,GFDD.DI.06,,,,,,,,,11.61546,12.00338,7.36005,12.28827,9.813304,6.219867,4.588439,3.902884,2.697813,1.973457,1.455439,1.622138,1.248623,1.420544,4.860879,4.953797,4.523877,4.623144,10.49567,10.45697,8.970757,7.778189,7.447382,Europe & Central Asia,Lower middle income
Tajikistan,TJK,GFDD.DI.11,,,,,,,,,,,,,,,,,,,,,,,,,,,,,,,,Europe & Central Asia,Lower middle income
Tajikistan,TJK,GFDD.DM.11,,,,,,,,,,,,,,,,,,,,,0.0088626,0.0149375,0.006785,0.0206748,0.0125831,0.0113832,0.011508,0.0111957,0.0130933,0.0089945,0.0178181,Europe & Central Asia,Lower middle income
Tajikistan,TJK,GFDD.EI.08,,,,,,,,,0.1077317,0.0797496,0.071514,0.7231658,0.7248746,0.6262727,0.3436086,0.3987929,1.090445,0.4913045,,0.9881632,,2.400722,2.091201,2.328827,1.978887,3.45046,1.698465,3.559239,1.327684,1.720311,3.070286,Europe & Central Asia,Lower middle income
Tajikistan,TJK,GFDD.OI.02,,,,,,,,,2.235163,1.983159,3.231361,3.409331,4.067633,4.625326,4.157948,5.370189,7.568792,16.43079,9.224115,9.60546,9.91958,10.72114,10.19074,10.6903,10.90125,12.44749,12.86443,11.22773,9.685406,8.618558,9.60218,Europe & Central Asia,Lower middle income
Tajikistan,TJK,SH.STA.BRTC.ZS,,90.3,,,82.6,80.9,79,72.6,74.1,66.6,70.7,81.1,88.7,88.1,75.1,82.4,78.3,88.4,85,87.1,87.7,89,87.4,90.8,90.3,98,,94.8,,,,Europe & Central Asia,Lower middle income
Tajikistan,TJK,SL.IND.EMPL.ZS,,23.9099998474121,22.7600002288818,21.6200008392334,20.4400005340576,19.2000007629395,18.1200008392334,17.3999996185303,16.9300003051758,16.6000003814697,16.5300006866455,16.7600002288818,17.1200008392334,17.6100006103516,17.9899997711182,17.3600006103516,16.8600006103516,16.4300003051758,16.0300006866455,15.6899995803833,15.6400003433228,15.5100002288818,15.5,15.539999961853,15.5100002288818,15.5,15.5299997329712,15.4399995803833,15.5,15.789999961853,,Europe & Central Asia,Lower middle income
Tanzania,TZA,DT.TDS.DPPF.XP.ZS,31.2953544571693,39.4310042942342,39.2695945538079,26.3432203895257,18.4356453317086,17.1614394247189,18.4457688433852,12.1760365091171,18.3929354926969,17.2666465625665,11.2312048456707,7.47097769869557,5.0376058092848,3.69039168826443,4.22879586402728,3.91759767434914,2.10016915431928,1.0435208014763,0.619234969072619,1.0485192864976,1.32953745018411,1.04059200156338,1.02733198660457,2.51567474308681,2.52605805316814,4.85937081973756,7.91252937930689,9.77644394849644,11.6602604521515,12.1732112018384,14.2640758174308,Sub-Saharan Africa,Lower middle income
Tanzania,TZA,EG.ELC.ACCS.ZS,,,6.8,2.33018779754639,3.30064725875854,4.26906728744507,9.4,6.1970682144165,7.15528964996338,8,8.91672611236572,9.861008644104,10.7977066040039,11.1000003814697,11.3999996185303,13.5857858657837,14.5156984329224,15.4501323699951,11.5,11.1999998092651,14.8000001907349,14.1999998092651,15.3000001907349,16.3999996185303,23.5,26.1706371307373,32.7999992370605,32.2511749267578,35.048023223877,37.6596870422363,39.9000015258789,Sub-Saharan Africa,Lower middle income
Tanzania,TZA,GFDD.AI.01,,,,,,,,,,,,,,,,0,0,0,0,0,0,0,0,0,0,,,,,,,Sub-Saharan Africa,Lower middle income
Tanzania,TZA,GFDD.DI.04,55.37356,61.96092,54.13209,55.65569,59.92073,56.78956,56.93766,61.47578,70.36072,67.82041,71.38232,72.0871,81.02205,83.49255,83.4557,81.88132,82.40269,87.07034,88.70335,84.09661,87.14281,87.54349,86.52488,86.69014,86.87775,85.68994,86.69748,89.98646,86.24231,88.94687,79.49639,Sub-Saharan Africa,Lower middle income
Tanzania,TZA,GFDD.DI.05,19.9348,19.9692,22.13029,24.46011,24.85646,25.64575,22.2445,20.08362,12.81135,13.11859,13.32054,14.03734,15.2538,15.32688,15.87052,19.15348,20.16372,21.67527,22.29785,22.86668,24.648,24.12416,23.53002,22.071,22.53442,23.43981,21.11247,20.8131,20.01139,20.27549,20.14557,Sub-Saharan Africa,Lower middle income
Tanzania,TZA,GFDD.DI.06,15.57073,12.00196,13.07233,15.18954,11.77119,10.8052,7.945951,5.733929,2.870039,3.198422,2.771027,2.844281,2.123553,1.886132,2.037332,2.884232,3.085321,2.562773,2.20554,3.151143,2.66555,2.4522,2.908046,2.889904,2.917255,3.322979,2.857487,2.065622,2.728312,2.166456,4.444517,Sub-Saharan Africa,Lower middle income
Tanzania,TZA,GFDD.DI.11,,,,,,,,,,,,,,0.73461709,0.72661531,0.78199703,0.7868963,0.78121869,0.86533383,0.83498756,0.79612998,0.7709344,0.72284609,0.7111591,0.75054915,0.77307007,0.77084938,0.72644883,0.72535546,0.74845414,0.82482471,Sub-Saharan Africa,Lower middle income
Tanzania,TZA,GFDD.DM.11,,,,,,,,,,,,0.007285,0.0052542,0.0094944,0.0080329,0.0111839,0.0116597,0.017194,0.007211,0.0100635,0.0094464,0.0107369,0.0030477,0.0096201,0.0135744,0.0062919,0.0100406,0.0054455,0.0011743,0.0019528,,Sub-Saharan Africa,Lower middle income
Tanzania,TZA,GFDD.EI.08,5.418536,5.519607,5.682959,8.267054,7.899108,7.54577,7.412647,5.604683,3.872207,3.549027,3.799092,3.583492,4.456006,3.83766,3.706331,0.0056098,5.122943,6.154709,5.667069,5.657308,6.561941,5.025095,5.94366,6.361892,6.087656,5.426219,5.063735,5.576394,4.470818,4.885421,4.793903,Sub-Saharan Africa,Lower middle income
Tanzania,TZA,GFDD.OI.02,12.93083,13.94306,15.10398,17.31549,17.11434,17.00023,14.96514,13.58983,8.818066,8.795704,9.389697,12.1948,13.37982,13.90392,13.46477,16.14256,17.66335,18.59592,17.9753,18.72569,20.25419,19.85279,19.43319,18.25625,18.39624,19.24841,16.78514,16.69519,15.93474,15.59524,15.53157,Sub-Saharan Africa,Lower middle income
Tanzania,TZA,SH.STA.BRTC.ZS,,,43.9,,,,38.2,,,35.8,,,,,43.4,45.1,,,,,48.9,,61.4,,,,63.5,,,,,Sub-Saharan Africa,Lower middle income
Tanzania,TZA,SL.IND.EMPL.ZS,,2.65000009536743,2.64000010490417,2.63000011444092,2.61999988555908,2.61999988555908,2.63000011444092,2.64000010490417,2.6800000667572,2.74000000953674,2.82999992370605,2.96000003814697,3.3199999332428,3.75999999046326,4.26000022888184,4.84000015258789,5.48999977111816,5.55999994277954,5.63000011444092,5.71999979019165,5.80999994277954,5.92000007629395,6.01999998092651,6.13000011444092,6.25,6.28999996185303,6.34000015258789,6.38000011444092,6.42999982833862,6.46999979019165,,Sub-Saharan Africa,Lower middle income
Thailand,THA,DT.TDS.DPPF.XP.ZS,11.4207920509859,4.84010955697244,4.88440548290423,4.35740798118562,4.53379240797889,3.74209974658897,2.91699159795703,2.66092858113325,3.47791111815266,5.67804053650553,5.78491796025034,8.19395003873669,10.6243907676214,7.9642236919515,4.18549215945366,2.36736107272531,2.03018400355028,1.09639019717685,1.13019106006892,0.555350169821129,0.432337224212024,0.529266090849719,0.369800169491103,0.516235831668453,0.243457588556692,0.502827156935006,0.279379132625849,0.250899029613799,0.476947108814259,0.590533666323395,0.509482750901748,East Asia & Pacific,Upper middle income
Thailand,THA,EG.ELC.ACCS.ZS,,,,,,,,,,,82.0999984741211,90.4513778686523,91.0802230834961,91.7038269042969,92.3245468139648,92.9447326660156,99.1462020874023,94.1933670043945,94.8271713256836,98.9599990844727,99.6999969482422,99.3518371582031,99.1086273193359,99.4405746459961,99.4619445800781,99.5999984741211,99.8499603271484,99.9000015258789,99.8199996948242,99.9000015258789,100,East Asia & Pacific,Upper middle income
Thailand,THA,GFDD.AI.01,,,,,,,,,,,,,,,,,960.03633,1009.4085,1023.6954,1036.3292,1071.5699,1127.8314,1118.5833,1149.9515,1171.4841,1188.672,1211.9122,1267.8073,1281.2147,1327.4284,1372.0105,East Asia & Pacific,Upper middle income
Thailand,THA,GFDD.DI.04,97.61938,98.15452,98.32616,98.95268,99.59337,99.61127,99.50411,98.94554,97.11651,97.35972,97.81449,97.37161,98.04248,98.1374,98.46406,98.62493,98.34339,97.55081,97.25443,97.05067,97.35118,97.83629,98.16216,98.47852,98.68776,98.56929,98.38756,98.14911,98.01187,98.22749,98.08213,East Asia & Pacific,Upper middle income
Thailand,THA,GFDD.DI.05,73.47491,76.85921,78.13287,83.63287,81.88876,84.33568,84.8252,99.86541,110.1262,112.2031,111.2093,111.2387,106.9528,111.2216,106.3482,102.5569,99.25494,91.76361,92.80585,90.41679,87.26909,92.83801,103.1156,107.269,108.2961,110.8262,109.7174,109.0924,108.8852,109.5362,129.5129,East Asia & Pacific,Upper middle income
Thailand,THA,GFDD.DI.06,2.243095,1.813477,1.757709,1.230546,0.5407566,0.5645069,0.7566707,1.826254,4.847393,3.855992,2.692873,2.951677,2.266099,2.092954,1.713045,1.489496,1.692653,2.430894,2.761009,3.122078,2.791342,2.501463,2.233415,1.914799,1.697986,1.894107,2.072283,2.358589,2.54235,2.241822,2.826356,East Asia & Pacific,Upper middle income
Thailand,THA,GFDD.DI.11,,,,,,,,,,,,,7.8948755,9.0193409,9.4173926,9.8837192,9.9551058,10.521852,10.642852,12.454807,13.296639,20.202574,18.691051,18.424029,20.646111,22.017628,23.030897,23.500733,23.72119,,,East Asia & Pacific,Upper middle income
Thailand,THA,GFDD.DM.11,,,,,,,,,,,0.3441665,0.6176379,1.195078,1.576038,0.5384758,1.324866,1.378269,4.540473,3.873811,7.146492,5.276153,4.037992,5.521589,5.36256,6.25868,6.256632,5.303547,5.819921,5.286684,5.923813,5.276579,East Asia & Pacific,Upper middle income
Thailand,THA,GFDD.EI.08,11.97802,10.31331,8.603077,8.254337,6.763873,5.870739,5.519228,4.862549,9.855046,14.47123,15.40021,16.26921,16.62834,16.13994,14.67516,13.00369,11.57741,10.59578,10.10506,12.39429,11.90634,11.67934,12.91775,12.41698,13.70392,14.63858,12.70231,12.98956,13.20228,12.98205,18.98038,East Asia & Pacific,Upper middle income
Thailand,THA,GFDD.OI.02,67.56979,71.2276,72.13337,77.42273,75.47321,77.75383,78.46774,92.8509,103.5302,102.2253,103.5033,103.2677,98.66769,102.7948,98.03866,94.5902,91.81309,86.58662,88.19774,93.74232,91.12341,96.80398,108.9162,113.7968,115.7512,117.1749,114.7548,113.5236,112.9723,113.4294,134.9653,East Asia & Pacific,Upper middle income
Thailand,THA,SH.STA.BRTC.ZS,,,,,,,,,,,99.3,,,,,,96.9,,,99.4,,,99.6,99.6,,,99.1,,,,,East Asia & Pacific,Upper middle income
Thailand,THA,SL.IND.EMPL.ZS,,15.4499998092651,15.7700004577637,17.5499992370605,18.0300006866455,19.7700004577637,20.7900009155273,19.7199993133545,17.7099990844727,18.3700008392334,19.0300006866455,18.8299999237061,19.9200000762939,21.0699996948242,22.2099990844727,22.3799991607666,21.9500007629395,21.9200000762939,21.1800003051758,20.7800006866455,20.6399993896484,19.4400005340576,19.8199996948242,20.2399997711182,23.5200004577637,23.6800003051758,23.6800003051758,22.8500003814697,22.8099994659424,22.8400001525879,,East Asia & Pacific,Upper middle income
Timor-Leste,TLS,DT.TDS.DPPF.XP.ZS,,,,,,,,,,,,,,,,,0,0,0,0,0,0,7.66676639063935E-05,0.00181548079837052,0.00811650970415891,0.0219925896256461,0.124179938344076,0.197780762888086,0.31464587033047,0.545983923250178,1.07770551556988,East Asia & Pacific,Lower middle income
Timor-Leste,TLS,EG.ELC.ACCS.ZS,,,,,,,,,,,17.5928115844727,25.6000003814697,23.9636135101318,27.7000007629395,30.3134727478027,33.4864234924316,36.6612434387207,36.5999984741211,43.0271644592285,46.2236785888672,38,52.6573677062988,55.8999557495117,59.1623764038086,62.4426078796387,67.2815322875977,76.5,79.7789611816406,85.3814010620117,90.7986526489258,96.1233139038086,East Asia & Pacific,Lower middle income
Timor-Leste,TLS,GFDD.AI.01,,,,,,,,,,,,,,,62.18419,69.554938,69.87889,81.11552,113.35409,135.19771,155.72933,261.05496,374.08218,377.36034,450.66053,543.18298,495.8478,543.99905,510.64485,535.99075,539.51208,East Asia & Pacific,Lower middle income
Timor-Leste,TLS,GFDD.DI.04,,,,,,,,,,,,,,98.74644,99.97294,99.97446,99.12005,99.78059,89.76472,98.72191,82.83675,90.57163,97.36289,97.98099,97.07504,98.05819,97.80097,98.62877,98.56319,98.3898,99.17982,East Asia & Pacific,Lower middle income
Timor-Leste,TLS,GFDD.DI.05,,,,,,,,,,,,,9.301988,12.56644,14.94725,16.85998,22.01277,26.47648,29.70828,36.9178,33.45715,30.93125,35.06955,35.84051,41.44421,40.28207,44.46129,50.93437,53.57576,38.49132,45.68012,East Asia & Pacific,Lower middle income
Timor-Leste,TLS,GFDD.DI.06,,,,,,,,,,,,,,0.0678269,0.005426,0.0058492,0.2180021,0.0407039,1.800428,0.1840694,2.569971,1.3184,0.3637539,0.2629882,0.3875493,0.2580281,0.2770508,0.2203481,0.2266529,0.2072876,0.1251803,East Asia & Pacific,Lower middle income
Timor-Leste,TLS,GFDD.DI.11,,,,,,,,,,,,,,,,,,,,,,,,,,,,,,,,East Asia & Pacific,Lower middle income
Timor-Leste,TLS,GFDD.DM.11,,,,,,,,,,,,,,,,,,384.3004,,,,,,,,,,,,,,East Asia & Pacific,Lower middle income
Timor-Leste,TLS,GFDD.EI.08,,,,,,,,,,,,,,,,,,,,,,,,,,,,,,,,East Asia & Pacific,Lower middle income
Timor-Leste,TLS,GFDD.OI.02,,,,,,,,,,,,,9.301988,12.44346,14.69668,16.47279,21.61374,26.05779,29.32992,36.53247,33.07453,30.56067,34.65857,35.35617,40.76847,39.52724,43.58228,49.99834,52.42862,37.49598,44.44756,East Asia & Pacific,Lower middle income
Timor-Leste,TLS,SH.STA.BRTC.ZS,,,,,,,,25.8,,,,,24,18.4,,,,,,,29.3,,,,,,56.7,,,,,East Asia & Pacific,Lower middle income
Timor-Leste,TLS,SL.IND.EMPL.ZS,,7.75,8,8.28999996185303,8.5600004196167,8.85000038146973,9.0600004196167,8.86999988555908,7.42999982833862,7.01999998092651,8.72000026702881,9.27000045776367,10,6.8899998664856,5.84000015258789,6.01999998092651,6.21999979019165,7.32999992370605,8.36999988555908,9.4399995803833,9.30000019073486,9.5600004196167,9.86999988555908,10.8999996185303,11.6400003433228,13.4499998092651,15.3699998855591,13.4499998092651,14.3500003814697,16.3199996948242,,East Asia & Pacific,Lower middle income
Togo,TGO,DT.TDS.DPPF.XP.ZS,11.4780784656253,7.51989456229816,5.43265783281391,6.01372507107777,4.71434259082997,5.42374716332886,9.26610318203339,9.82054994083626,6.97756305733723,7.62146802189591,5.45166361706621,6.48497687535425,2.30276831476213,2.38775016860439,2.64696924128311,2.34305783676302,2.76670385397024,1.28858293732271,15.8231518807728,4.18896506896308,2.5875824267729,0.717128862411546,1.12598469339171,2.22633020863737,2.78930570468494,3.21818959608865,4.80885715323903,5.43210374581405,5.55763460154787,5.40410514983464,,Sub-Saharan Africa,Low income
Togo,TGO,EG.ELC.ACCS.ZS,,,,,,,,,15.3,16.0729999542236,16.9562339782715,19.6003665924072,21.3528614044189,23.100118637085,24.8444919586182,26.5883274078369,27.8999996185303,30.0842666625977,31.8417263031006,33.6091270446777,30.7917442321777,39.7000007629395,38.9980621337891,40.8313674926758,45.7000007629395,44.647590637207,46.7650108337402,48,50,52.363109588623,53.9974327087402,Sub-Saharan Africa,Low income
Togo,TGO,GFDD.AI.01,,,,,,,,,,,,,,,81.37813,58.341679,64.036587,72.988929,213.33713,197.27122,158.82905,157.23477,156.92141,168.00026,248.41395,235.79711,219.65003,230.96151,216.34229,230.93217,239.75483,Sub-Saharan Africa,Low income
Togo,TGO,GFDD.DI.04,70.60796,74.15834,73.80591,71.98483,69.6248,66.75245,69.06253,72.2849,69.99503,70.31744,70.29802,72.02303,74.89447,81.25195,86.50335,90.40692,91.98897,94.52638,92.81483,85.29377,83.83435,84.75193,87.5104,89.3166,91.6876,93.49186,95.76198,94.8707,94.15344,93.18723,89.69524,Sub-Saharan Africa,Low income
Togo,TGO,GFDD.DI.05,36.0501,36.47075,30.16565,32.43671,29.96439,30.58327,24.9706,22.5221,21.05509,22.02133,23.26793,22.09095,19.76352,21.1911,25.79738,26.07082,31.3349,35.26957,35.84811,38.80376,42.25584,45.41658,45.73066,45.35186,48.43481,53.22972,39.71268,42.04903,43.08395,42.03796,45.43344,Sub-Saharan Africa,Low income
Togo,TGO,GFDD.DI.06,9.449583,8.736785,8.926555,11.56636,9.132069,10.87099,9.364672,7.545836,8.172479,6.986634,6.316994,6.073246,4.622972,3.768639,3.111877,2.385733,1.970807,1.399551,2.324226,5.698773,6.497697,6.510893,5.830326,5.077476,4.288246,3.330694,1.770862,2.253716,2.641912,3.115395,4.684736,Sub-Saharan Africa,Low income
Togo,TGO,GFDD.DI.11,,,,,,,,,,,1.4957251,1.523025,,,1.7549044,1.9292545,1.8860946,1.7447913,1.5773429,2.2763895,2.577425,3.0292368,3.264228,3.5448942,3.8690399,3.8294935,3.743185,3.9240098,4.2378232,,,Sub-Saharan Africa,Low income
Togo,TGO,GFDD.DM.11,,,,,,,,,,0.4376675,0.4340549,2.651834,2.7587,2.66833,4.205678,3.9499,4.232737,3.736386,3.457819,3.363364,3.9168,8.224034,8.580622,6.486273,12.43253,10.84601,22.04897,22.68379,22.65954,24.84814,,Sub-Saharan Africa,Low income
Togo,TGO,GFDD.EI.08,0.2779019,0.2371814,0.3710459,0.4160986,1.768774,1.478832,1.776119,1.614686,1.613053,1.301947,1.021185,2.661886,2.786245,2.467464,5.208176,6.296704,6.763704,2.800028,8.754283,9.200985,9.354149,8.083114,9.612185,10.25597,12.34538,10.79762,12.77015,16.18678,20.10098,21.10756,18.8669,Sub-Saharan Africa,Low income
Togo,TGO,GFDD.OI.02,28.58512,28.22044,25.03926,29.16055,21.54207,19.13397,16.83177,15.35893,13.76731,13.39417,13.94531,13.92634,14.23217,17.00159,19.40887,20.67434,22.9591,25.246,26.73791,29.46365,30.941,34.19684,36.96392,37.04668,41.25766,42.73921,32.75859,33.83873,34.52346,33.96513,37.80123,Sub-Saharan Africa,Low income
Togo,TGO,SH.STA.BRTC.ZS,,,,,,,,,50.5,,35.4,,,60.8,,,52.4,,,,43.9,,,,44.6,,,69.4,,,,Sub-Saharan Africa,Low income
Togo,TGO,SL.IND.EMPL.ZS,,15.1300001144409,15.0500001907349,14.9099998474121,14.8199996948242,14.7700004577637,14.6800003051758,14.5699996948242,14.4300003051758,14.289999961853,14.2700004577637,14.1000003814697,13.9300003051758,13.7700004577637,13.5200004577637,13.2799997329712,13.1199998855591,13.0100002288818,12.8100004196167,12.7700004577637,12.6999998092651,12.6700000762939,12.6400003433228,12.7200002670288,12.7200002670288,14.6999998092651,16.9200000762939,19.3299999237061,19.2800006866455,19.2099990844727,,Sub-Saharan Africa,Low income
Tonga,TON,DT.TDS.DPPF.XP.ZS,3.48060407803101,4.34706176631093,4.69420911219932,4.45614468021251,,,,,,,,9.7863351796489,8.88656486575984,8.2303447362457,8.63191861862221,9.76109877204958,8.57950659181652,10.6316183584491,8.74869673351477,7.16532314498449,9.31865502614687,6.54672791514245,6.14716763336035,5.68209492116941,6.72905938039869,7.27734557591789,5.06743454512647,3.99747791990995,6.57792794922837,3.30986563391315,3.94656260668078,East Asia & Pacific,Upper middle income
Tonga,TON,EG.ELC.ACCS.ZS,,,,,80,81.7884750366211,82.5543670654297,83.3168563842773,84.0752716064453,84.8288421630859,85.5786285400391,86.2936248779297,87.0010375976563,87.7032165527344,88.4025115966797,89.1012649536133,92.3000030517578,90.5070419311523,91.2194290161133,91.9417495727539,92.6767196655273,92.1754531860352,92.8000030517578,94.9836654663086,95.7897033691406,100,97.0199966430664,98.361572265625,99.132568359375,98.4000015258789,100,East Asia & Pacific,Upper middle income
Tonga,TON,GFDD.AI.01,,,,,,,,,,,,,,,,,,,,,,,,,,,988.90076,1120.3609,761.2153,,,East Asia & Pacific,Upper middle income
Tonga,TON,GFDD.DI.04,81.85677,86.00777,86.18095,86.1991,90.48647,95.17497,95.3485,95.78809,96.11681,96.10172,95.9392,94.96468,94.09386,92.46318,95.65556,94.61018,94.62789,95.48135,,,,,99.90527,99.94161,99.69291,99.56288,99.58279,99.66805,99.56878,99.22132,99.20044,East Asia & Pacific,Upper middle income
Tonga,TON,GFDD.DI.05,33.45973,32.19903,28.47943,34.22184,26.48762,26.96125,27.44972,29.5864,32.29863,32.79404,36.52032,39.57806,38.15089,39.18398,41.99229,47.69378,43.44905,48.41716,44.5261,44.86313,43.9286,40.29827,43.24722,45.54188,48.60497,53.01741,54.91709,55.08375,56.39577,51.73713,62.65209,East Asia & Pacific,Upper middle income
Tonga,TON,GFDD.DI.06,8.916389,6.071337,5.649852,5.862159,3.67772,2.069277,1.987897,2.00227,1.909596,1.713886,1.900066,2.470929,3.039748,4.090197,2.103144,3.200725,2.826915,2.678143,,,,,0.033103,0.0218925,0.121305,0.1823267,0.1870841,0.1509033,0.2045037,0.3537709,0.3787638,East Asia & Pacific,Upper middle income
Tonga,TON,GFDD.DI.11,,,,,,,,,,,,,,,,,,,,,,,,,,,,,,,,East Asia & Pacific,Upper middle income
Tonga,TON,GFDD.DM.11,,,,,,,,,,,,,,,,,,,,,,,,,,,,,,,,East Asia & Pacific,Upper middle income
Tonga,TON,GFDD.EI.08,2.011366,4.11401,4.032592,3.758391,4.661305,5.310504,5.155961,5.128814,4.996757,4.447369,4.424489,4.674478,4.361072,5.540801,5.70745,3.330625,1.54804,1.498411,3.007226,3.468475,5.668193,4.037536,4.316298,6.805099,7.917536,7.626595,7.426413,7.466776,7.776046,7.691442,8.177268,East Asia & Pacific,Upper middle income
Tonga,TON,GFDD.OI.02,28.91217,28.04121,24.61953,30.1033,23.64856,24.20335,24.94612,27.20422,29.47201,29.79921,33.57934,36.42807,35.15942,36.01442,38.35993,43.67176,39.78605,44.65928,40.78145,40.93316,39.91676,36.34166,39.07693,40.78899,43.07555,46.79543,48.49086,48.27801,49.58755,46.06188,54.26947,East Asia & Pacific,Upper middle income
Tonga,TON,SH.STA.BRTC.ZS,94,92,,,,,,,,96,95,95.3,95.1,97,98,96.1,98,98,97,98.1,99,,95.5,,,,,,,,,East Asia & Pacific,Upper middle income
Tonga,TON,SL.IND.EMPL.ZS,,28.0200004577637,28,27.9400005340576,28.9799995422363,29.4200000762939,29.3999996185303,29.1800003051758,29.2900009155273,29.5200004577637,29.9899997711182,30.5599994659424,30.6299991607666,30.5799999237061,30.2399997711182,30.4799995422363,30.7800006866455,30.3400001525879,30.6200008392334,31.0799999237061,31.4500007629395,31.6800003051758,31.3799991607666,29.6100006103516,29.6200008392334,29.6900005340576,30.0799999237061,30.3899993896484,30.3600006103516,30.8700008392334,,East Asia & Pacific,Upper middle income
Trinidad and Tobago,TTO,DT.TDS.DPPF.XP.ZS,,,,,,,,,,,,,,,,,,,,,,,,,,,,,,,,Latin America & Caribbean,High income
Trinidad and Tobago,TTO,EG.ELC.ACCS.ZS,,,,,,,,,,,91.2900009155273,96.9320220947266,97.1231460571289,97.3090209960938,97.4920196533203,97.6744766235352,100,100,100,99,100,100,100,100,100,100,100,100,100,100,100,Latin America & Caribbean,High income
Trinidad and Tobago,TTO,GFDD.AI.01,,,,,,,,,,,,,,,,,,,,,,,,,,,,,,,,Latin America & Caribbean,High income
Trinidad and Tobago,TTO,GFDD.DI.04,77.08652,76.50457,73.40318,81.56857,85.23541,91.21638,96.23701,93.50198,93.84605,93.3193,94.41532,94.22514,93.99926,94.07592,95.74999,93.57516,93.717,95.91987,95.63406,98.37109,72.6267,70.45377,69.01668,66.27884,65.79159,63.32064,69.41341,65.62811,64.14484,68.70467,68.22643,Latin America & Caribbean,High income
Trinidad and Tobago,TTO,GFDD.DI.05,54.63166,53.45885,50.02522,53.18947,51.67015,50.02855,53.87151,57.39127,62.65128,59.23399,54.07042,55.23367,54.9944,43.48935,43.14367,43.8761,46.35809,42.77776,39.13158,67.12647,53.81471,47.00579,55.85311,54.33962,57.81663,64.47935,71.36366,67.51321,66.55465,68.45198,81.91619,Latin America & Caribbean,High income
Trinidad and Tobago,TTO,GFDD.DI.06,11.51493,12.4396,14.05652,8.607711,5.262403,3.424288,1.425044,3.194118,2.865301,2.972018,2.200826,2.362355,2.538174,2.010472,1.42155,2.378847,2.302182,1.453232,1.358314,0.7881333,16.40323,16.04305,19.58674,21.34456,23.97342,30.42947,26.72384,30.09475,32.47161,26.40426,31.38659,Latin America & Caribbean,High income
Trinidad and Tobago,TTO,GFDD.DI.11,,,,,,,,,,,19.577718,23.368943,27.996349,27.14573,30.933512,,,12.462192,9.6357192,15.110063,13.944627,12.964335,13.956166,14.114764,14.819252,17.028629,19.857591,20.826869,20.207857,21.886735,24.224907,Latin America & Caribbean,High income
Trinidad and Tobago,TTO,GFDD.DM.11,,,,,,,,,,,,,,,,,,,,,,13.76454,16.88275,19.82537,22.44194,29.17862,31.5314,31.71953,30.32564,33.72767,32.21822,Latin America & Caribbean,High income
Trinidad and Tobago,TTO,GFDD.EI.08,8.74341,6.662725,5.351319,6.114666,4.290248,7.853838,8.140779,12.74735,8.262296,7.57922,5.282937,9.851496,10.61665,9.308487,8.208081,10.80088,7.483182,7.00492,5.982139,15.22817,14.93387,12.27165,15.25219,14.11086,16.61795,17.95815,22.10138,19.59271,19.18178,17.15744,21.15838,Latin America & Caribbean,High income
Trinidad and Tobago,TTO,GFDD.OI.02,40.80645,40.00736,36.26941,39.08608,39.06256,37.50438,42.55841,45.5674,48.16962,44.23719,42.10254,42.28934,43.36959,33.47007,33.31993,35.18206,37.09148,34.51436,31.49738,59.14153,50.32195,44.37785,49.85661,49.23837,53.07526,59.40196,65.43884,60.61622,60.97414,64.08949,75.56866,Latin America & Caribbean,High income
Trinidad and Tobago,TTO,SH.STA.BRTC.ZS,,,,98.3,98,97.5,98,98.4,98.2,98.4,96,99.2,98.7,99.2,99,,96.9,,99.5,,,98,100,100,100,99.9,100,100,,,,Latin America & Caribbean,High income
Trinidad and Tobago,TTO,SL.IND.EMPL.ZS,,28.7999992370605,26.9799995422363,26.3899993896484,25.4099998474121,25.5200004577637,25.5300006866455,26.3899993896484,28.2000007629395,27.7299995422363,28.0799999237061,28.8700008392334,28.5,28.5699996948242,30.3199996948242,31.1100006103516,30.8500003814697,31.8400001525879,32.2700004577637,30.4599990844727,29.7600002288818,28.5799999237061,28.5200004577637,28.7399997711182,28.1200008392334,27.9400005340576,27.3799991607666,27.0699996948242,26.8600006103516,26.6399993896484,,Latin America & Caribbean,High income
Tunisia,TUN,DT.TDS.DPPF.XP.ZS,25.5590700581919,24.8590348410836,20.6400359923381,21.2185116555522,19.5195700610652,17.2747464990237,16.8397143629234,15.9943812686997,15.6290771809121,16.1596298683783,20.6686272498974,13.2137140365077,14.2321927902287,13.5661719787952,13.9056775354084,11.5682322913366,13.4820244612762,10.375261915898,6.65910440109227,9.17984231212394,8.69092316246781,10.1752568867256,9.41237326039564,8.38927353590505,8.03832955744718,8.92054631913821,9.86645890701904,14.2859502595648,12.5969984767395,14.8655097772882,15.7760710990311,Middle East & North Africa,Lower middle income
Tunisia,TUN,EG.ELC.ACCS.ZS,,,,,86.8,88.7,90.4,92,93.2,94.2,94.8000030517578,97.3000030517578,97.8000030517578,98.4000015258789,99,99.3000030517578,99.4000015258789,99.4000015258789,99.4000015258789,99.5,99.5,99.5,99.5,99.6999969482422,99.8000030517578,99.9000015258789,100,100,99.8000030517578,100,100,Middle East & North Africa,Lower middle income
Tunisia,TUN,GFDD.AI.01,,,,,,,,,,,,,,,,620.25646,615.16709,627.49865,644.26851,671.405,700.51009,752.70709,805.81715,836.28826,867.53825,951.83833,990.82512,1032.7328,1068.7014,,,Middle East & North Africa,Lower middle income
Tunisia,TUN,GFDD.DI.04,99.05322,98.70377,98.5452,98.57442,98.97952,99.12496,98.94132,99.48334,99.18304,99.25202,99.09882,99.13467,99.25704,99.6562,99.61271,99.6842,99.18653,99.67384,99.70353,99.75642,99.82564,99.84451,98.98633,98.54479,99.26369,99.80084,98.98418,98.91003,97.86729,97.62068,94.31913,Middle East & North Africa,Lower middle income
Tunisia,TUN,GFDD.DI.05,51.49614,48.98956,49.00165,48.94213,48.98391,48.41747,48.99413,47.15489,46.52463,50.402,52.36296,53.89935,54.55374,53.9096,53.70141,54.95982,55.95304,57.81222,59.84559,63.6546,63.27806,67.52296,66.72764,66.51412,66.70938,66.96305,68.0222,70.7145,60.56416,61.4707,71.73914,Middle East & North Africa,Lower middle income
Tunisia,TUN,GFDD.DI.06,0.5938127,0.7925313,0.8549082,0.8327355,0.5902882,0.4977598,0.5423338,0.2540208,0.4013775,0.3764174,0.5338221,0.5427324,0.4680559,0.2152098,0.246727,0.2014028,0.5154446,0.2093302,0.1959244,0.1668739,0.1261953,0.1247169,0.8078241,1.171066,0.5999696,0.1647672,0.8817936,0.9995834,1.68322,1.813991,5.420606,Middle East & North Africa,Lower middle income
Tunisia,TUN,GFDD.DI.11,,,,,,,,,,,,0.43970339,0.52955517,0.62804611,0.63135806,0.60404576,0.59742724,0.58338096,0.8003879,0.88978344,0.88812059,4.4774407,4.4319877,3.8427489,4.5622665,4.8805517,5.0537283,5.0791133,,,,Middle East & North Africa,Lower middle income
Tunisia,TUN,GFDD.DM.11,,,,,,,,,,,,,,,,,,,,,,,,,,,,,,,,Middle East & North Africa,Lower middle income
Tunisia,TUN,GFDD.EI.08,6.441951,6.037417,3.564398,3.348697,3.153968,1.83509,1.405937,2.973439,2.239855,3.46049,5.304552,7.644661,7.202538,7.512429,8.412499,8.26282,8.27321,8.982554,8.783126,9.416412,10.43762,11.89959,11.0368,10.86859,11.77563,13.00537,14.1409,15.59882,14.53753,16.1911,22.33403,Middle East & North Africa,Lower middle income
Tunisia,TUN,GFDD.OI.02,41.20787,38.51156,36.80674,37.18865,37.68892,36.69707,37.27398,37.07632,36.09768,38.78909,41.28507,42.43946,42.75777,42.53461,43.10186,43.85413,44.86751,46.69416,48.60355,51.57341,51.36544,52.76927,53.86591,53.45898,53.31404,52.81844,53.91339,55.58889,45.14317,45.53676,52.96856,Middle East & North Africa,Lower middle income
Tunisia,TUN,SH.STA.BRTC.ZS,,,,,,81,,,,,89.9,89.9,,,,,94.6,,,,,,73.6,,,,,,99.5,,,Middle East & North Africa,Lower middle income
Tunisia,TUN,SL.IND.EMPL.ZS,,30.6399993896484,30.8700008392334,30.7900009155273,30.7600002288818,30.6499996185303,30.8999996185303,31.0200004577637,31.1900005340576,31.4899997711182,31.6599998474121,31.8500003814697,31.6399993896484,31.9099998474121,32.4099998474121,32.4199981689453,32.2999992370605,32.8499984741211,33.5299987792969,32.3300018310547,33.4199981689453,33.7299995422363,33.1399993896484,33.3800010681152,33.5499992370605,33.0999984741211,33.3499984741211,33.2900009155273,33.5,33.4599990844727,,Middle East & North Africa,Lower middle income
Turkey,TUR,DT.TDS.DPPF.XP.ZS,29.8758242652216,30.5183540611126,29.493263737258,25.2256314986495,25.4578551148566,24.0014589978986,17.9876621139812,16.3943829022236,19.0697175553906,18.4360930222445,18.5770131446352,24.7588346968662,30.1417344054441,20.3006764919998,18.8141948625871,19.3117911161005,15.231368692629,11.5289044868855,8.31948529576494,8.14484013839253,8.00886700906307,7.5262832396214,5.90761927891214,4.53130105840488,4.88501588012957,5.08644715779038,6.33150663581863,7.12243889639541,6.44332567467076,7.32345719677858,8.55455644275418,Europe & Central Asia,Upper middle income
Turkey,TUR,EG.ELC.ACCS.ZS,,,,,,,,,,,100,100,100,100,99.9979934692383,99.9870300292969,99.9607238769531,99.9231719970703,99.880859375,99.8508758544922,100,100,100,100,100,100,100,100,100,100,100,Europe & Central Asia,Upper middle income
Turkey,TUR,GFDD.AI.01,,,,,,,,,,,,,,,,1412.7087,1418.9568,1391.8983,1298.9977,1281.2727,881.63379,910.75341,919.74224,977.1536,966.15674,1031.0095,1208.1413,1345.6486,1463.0276,1593.9414,1872.5851,Europe & Central Asia,Upper middle income
Turkey,TUR,GFDD.DI.04,94.41058,90.06004,85.1932,82.90379,80.88836,79.41647,86.28939,91.89845,96.17391,97.85459,97.77213,74.39577,82.28368,86.42853,90.50607,93.95676,94.99966,96.14108,97.39839,98.243,98.67282,98.84735,98.93331,99.0725,99.17828,99.29443,99.11448,99.20204,99.29729,99.22942,97.93793,Europe & Central Asia,Upper middle income
Turkey,TUR,GFDD.DI.05,23.74023,27.08993,27.81157,25.19699,31.60052,32.15609,36.58959,37.07526,28.13243,38.0749,33.53152,43.58424,38.63881,33.90523,33.17869,38.60683,40.31871,41.64506,41.92469,46.94943,47.17281,44.94807,43.5291,45.27917,44.84821,45.46267,47.57592,46.36628,46.70411,52.4076,60.91684,Europe & Central Asia,Upper middle income
Turkey,TUR,GFDD.DI.06,1.435098,2.79445,4.427439,5.294432,5.552703,6.477732,5.300565,3.303912,1.153315,0.8564996,0.8843836,14.03459,8.542157,5.948792,3.99672,2.872241,2.372499,1.91472,1.367411,1.099367,0.8925736,0.7613817,0.7075024,0.6664521,0.6061414,0.5381972,0.6969613,0.6314281,0.544704,0.6120955,1.956688,Europe & Central Asia,Upper middle income
Turkey,TUR,GFDD.DI.11,,,,,,1.0899741,1.3217542,1.4520273,1.0734996,1.6103077,1.5483983,1.6368524,1.4996339,1.5986129,1.6813026,2.1278081,2.196533,2.4865233,1.4368622,1.6071807,3.0077133,2.9098296,3.2143956,3.4234489,3.8458434,4.0653657,4.5409233,4.7479003,4.6431515,5.3666359,5.6598872,Europe & Central Asia,Upper middle income
Turkey,TUR,GFDD.DM.11,,,,,,,,,,,,0.2463407,0.3180034,0.6023608,0.1985984,0.124231,0.5315253,0.2832732,0.2440135,0.2599765,0.2391349,0.1753726,0.1131104,0.0669243,0.1077818,0.1129219,0.0904927,0.0820733,0.0978835,0.1409983,0.116373,Europe & Central Asia,Upper middle income
Turkey,TUR,GFDD.EI.08,7.565889,8.149693,7.532679,7.550819,7.560552,6.50652,10.53152,11.17677,12.21859,22.87067,21.56034,25.8647,25.61942,23.87355,21.52854,23.43226,20.35075,19.68715,20.29647,26.93737,24.76057,19.13424,16.88787,14.46758,13.52254,13.14456,12.7253,12.56234,13.79788,16.98972,22.01225,Europe & Central Asia,Upper middle income
Turkey,TUR,GFDD.OI.02,20.65697,24.23825,24.88518,22.40221,28.92355,29.58171,34.20695,34.6412,26.52432,36.31572,31.60902,41.55004,36.65332,31.77662,31.02407,35.97021,37.29372,38.88065,43.16295,48.2723,48.96656,46.36352,45.07828,47.20433,46.48883,47.30321,49.91357,48.76577,48.97559,54.48996,63.14733,Europe & Central Asia,Upper middle income
Turkey,TUR,SH.STA.BRTC.ZS,,,,75.9,,,,,80.6,,,,,83,83,,,89.3,91.3,95,,,,97.4,97.4,99,,98,98,,,Europe & Central Asia,Upper middle income
Turkey,TUR,SL.IND.EMPL.ZS,,29.6599998474121,29.5599994659424,29.5400009155273,29.0699996948242,28.9899997711182,28.9200000762939,28.9699993133545,28.4899997711182,27.7199993133545,27.6200008392334,26.5100002288818,26.3500003814697,26.2399997711182,26.4799995422363,26.6299991607666,26.7700004577637,26.75,26.1900005340576,25.2999992370605,26.2199993133545,26.4599990844727,26.0300006866455,26.3899993896484,27.8600006103516,27.2299995422363,26.7800006866455,26.5400009155273,26.6599998474121,25.3199996948242,,Europe & Central Asia,Upper middle income
Turkmenistan,TKM,DT.TDS.DPPF.XP.ZS,,,,,,,9.55183093192264,20.300322509041,,,,,,,,,,,,,,,,,,,,,,,,Europe & Central Asia,Upper middle income
Turkmenistan,TKM,EG.ELC.ACCS.ZS,,,,,,,,,,,99.5999984741211,99.7351837158203,99.7191925048828,99.6979675292969,99.6738510131836,99.6492004394531,99.8413314819336,99.6081619262695,99.5971374511719,99.5960540771484,100,99.8774108886719,99.8958358764648,99.9120941162109,99.9351043701172,100,99.9898986816406,99.9962463378906,100,99.9000015258789,100,Europe & Central Asia,Upper middle income
Turkmenistan,TKM,GFDD.AI.01,,,,,,,,,,,,,,,,,,,,,,,,,,,,,,,,Europe & Central Asia,Upper middle income
Turkmenistan,TKM,GFDD.DI.04,,,,,,,,,,,,,,,,,,,,,,,,,,,,,,,,Europe & Central Asia,Upper middle income
Turkmenistan,TKM,GFDD.DI.05,,,,,,,,,,,,,,,,,,,,,,,,,,,,,,,,Europe & Central Asia,Upper middle income
Turkmenistan,TKM,GFDD.DI.06,,,,,,,,,,,,,,,,,,,,,,,,,,,,,,,,Europe & Central Asia,Upper middle income
Turkmenistan,TKM,GFDD.DI.11,,,,,,,,,,,,,,,,,,,,,,,,,,,,,,,,Europe & Central Asia,Upper middle income
Turkmenistan,TKM,GFDD.DM.11,,,,,,,,,,,,,,,,,,,,,,,,,,,,,,,,Europe & Central Asia,Upper middle income
Turkmenistan,TKM,GFDD.EI.08,,,,,,,,,,,,,,,,,,,,,,,,,,,,,,,,Europe & Central Asia,Upper middle income
Turkmenistan,TKM,GFDD.OI.02,,,,,,,,,,,,,,,,,,,,,,,,,,,,,,,,Europe & Central Asia,Upper middle income
Turkmenistan,TKM,SH.STA.BRTC.ZS,,,,,,,95.8,,,,97.2,,97.2,99.5,98.5,99.7,99.5,,,,,,,,,,100,,,,,Europe & Central Asia,Upper middle income
Turkmenistan,TKM,SL.IND.EMPL.ZS,,39.189998626709,38.75,38.2999992370605,37.6599998474121,37.0699996948242,36.6500015258789,35.9599990844727,35.5299987792969,35.2299995422363,34.7700004577637,34.4099998474121,34.1100006103516,33.8600006103516,33.7299995422363,33.7900009155273,33.939998626709,34.1699981689453,34.5800018310547,34.8300018310547,35.189998626709,35.7000007629395,36.2000007629395,36.689998626709,37.2099990844727,37.6699981689453,38.2000007629395,38.7299995422363,39.2599983215332,39.8300018310547,,Europe & Central Asia,Upper middle income
Turks and Caicos Islands,TCA,DT.TDS.DPPF.XP.ZS,,,,,,,,,,,,,,,,,,,,,,,,,,,,,,,,Latin America & Caribbean,High income
Turks and Caicos Islands,TCA,EG.ELC.ACCS.ZS,88.7,91.0539093017578,91.4391174316406,91.8236465454102,92.2068176269531,92.5879440307617,92.9663467407227,93.3413619995117,93.712287902832,94.0783767700195,95.5999984741211,94.870361328125,95.1637191772461,95.4518432617188,95.7370758056641,96.0217742919922,96.308349609375,96.5994415283203,96.8977661132813,100,100,100,93.0999984741211,100,100,100,100,100,100,100,99.4000015258789,Latin America & Caribbean,High income
Turks and Caicos Islands,TCA,GFDD.AI.01,,,,,,,,,,,,,,,,,,,,,,,,,,,,,,,,Latin America & Caribbean,High income
Turks and Caicos Islands,TCA,GFDD.DI.04,,,,,,,,,,,,,,,,,,,,,,,,,,,,,,,,Latin America & Caribbean,High income
Turks and Caicos Islands,TCA,GFDD.DI.05,,,,,,,,,,,,,,,,,,,,,,,,,,,,,,,,Latin America & Caribbean,High income
Turks and Caicos Islands,TCA,GFDD.DI.06,,,,,,,,,,,,,,,,,,,,,,,,,,,,,,,,Latin America & Caribbean,High income
Turks and Caicos Islands,TCA,GFDD.DI.11,,,,,,,,,,,,,,,,,,,,,,,,,,,,,,,,Latin America & Caribbean,High income
Turks and Caicos Islands,TCA,GFDD.DM.11,,,,,,,,,,,,,,,,,,,,,,,,,,,,,,,,Latin America & Caribbean,High income
Turks and Caicos Islands,TCA,GFDD.EI.08,,,,,,,,,,,,,,,,,,,,,,,,,,,,,,,,Latin America & Caribbean,High income
Turks and Caicos Islands,TCA,GFDD.OI.02,,,,,,,,,,,,,,,,,,,,,,,,,,,,,,,,Latin America & Caribbean,High income
Turks and Caicos Islands,TCA,SH.STA.BRTC.ZS,,,,,,,,,100,88.2,,,,,100,99.1,100,,,,,,,,,,,,,,,Latin America & Caribbean,High income
Turks and Caicos Islands,TCA,SL.IND.EMPL.ZS,,,,,,,,,,,,,,,,,,,,,,,,,,,,,,,,Latin America & Caribbean,High income
Tuvalu,TUV,DT.TDS.DPPF.XP.ZS,,,,,,,,,,,,,,,,,,,,,,,,,,,,,,,,East Asia & Pacific,Upper middle income
Tuvalu,TUV,EG.ELC.ACCS.ZS,,,,,,,,,,,94.6306762695313,94.835823059082,94.6297836303711,95.225715637207,95.4151611328125,95.6040725708008,95.7948455810547,96.6999969482422,96.1926803588867,96.4051513671875,96.6302719116211,96.8707504272461,97.6717758178711,97.4076766967773,97.703857421875,98.0148849487305,97.3000030517578,98.8538360595703,99.0653839111328,99.6999969482422,99.6892318725586,East Asia & Pacific,Upper middle income
Tuvalu,TUV,GFDD.AI.01,,,,,,,,,,,,,,,,,,,,,,,,,,,,,,,,East Asia & Pacific,Upper middle income
Tuvalu,TUV,GFDD.DI.04,,,,,,,,,,,,,,,,,,,,,,,,,,,,,,,,East Asia & Pacific,Upper middle income
Tuvalu,TUV,GFDD.DI.05,,,,,,,,,,,,,,,,,,,,,,,,,,,,,,,,East Asia & Pacific,Upper middle income
Tuvalu,TUV,GFDD.DI.06,,,,,,,,,,,,,,,,,,,,,,,,,,,,,,,,East Asia & Pacific,Upper middle income
Tuvalu,TUV,GFDD.DI.11,,,,,,,,,,,,,,,,,,,,,,,,,,,,,,,,East Asia & Pacific,Upper middle income
Tuvalu,TUV,GFDD.DM.11,,,,,,,,,,,,,,,,,,,,,,,,,,,,,,,,East Asia & Pacific,Upper middle income
Tuvalu,TUV,GFDD.EI.08,,,,,,,,,,,,,,,,,,,,,,,,,,,,,,,,East Asia & Pacific,Upper middle income
Tuvalu,TUV,GFDD.OI.02,,,,,,,,,,,,,,,,,,,,,,,,,,,,,,,,East Asia & Pacific,Upper middle income
Tuvalu,TUV,SH.STA.BRTC.ZS,95,,,,,,,99,,,100,,100,,,,,93.1,,,,,,,,,,,,,,East Asia & Pacific,Upper middle income
Tuvalu,TUV,SL.IND.EMPL.ZS,,,,,,,,,,,,,,,,,,,,,,,,,,,,,,,,East Asia & Pacific,Upper middle income
Uganda,UGA,DT.TDS.DPPF.XP.ZS,78.6351670416198,72.2615152669817,56.935606691254,45.0055753908724,27.0071801811795,19.5381733431085,17.8758051196343,19.7010680664369,20.2480259088443,17.9005350265883,10.0030381038816,6.55499000452324,9.60768024331564,10.4343631394698,8.68129095231909,10.617352420456,5.28811111299795,2.50764114757869,2.13634238619812,1.99588596036596,1.7611915508063,1.47435270011901,1.35791346743914,1.63641714306749,1.97688810821637,1.84504826098026,2.09903933103527,3.45792021482809,5.25429555961499,4.4543032833863,5.46648880582705,Sub-Saharan Africa,Low income
Uganda,UGA,EG.ELC.ACCS.ZS,,5.6,,,0.533898532390594,6.8,2.81110429763794,3.94494771957397,5.07471179962158,6.19963407516479,7.35113048553467,8.60000038146973,7.80000019073486,10.5635538101196,11.6254568099976,8.89999961853027,9,14.8178224563599,15.8928136825562,10,12.1000003814697,14.6000003814697,20.3192710876465,13.8999996185303,20.3999996185303,18.5,26.7000007629395,32.5211524963379,41.9199981689453,41.2999992370605,42.0744171142578,Sub-Saharan Africa,Low income
Uganda,UGA,GFDD.AI.01,,,,,,,,,,,,,,,90.842861,100.71185,115.9706,113.09083,156.68766,175.43203,194.33924,181.48635,205.20711,190.69884,201.22604,210.23205,252.8463,364.2517,292.26432,290.39552,318.51706,Sub-Saharan Africa,Low income
Uganda,UGA,GFDD.DI.04,,,14.48839,20.75364,21.88011,22.62073,26.63007,29.26695,29.83563,31.68987,34.83468,50.20002,51.72598,56.74623,55.47134,58.93157,63.79544,61.21346,64.20709,66.74146,65.03326,60.96886,61.53576,60.82554,88.79892,92.38078,91.51955,95.64742,98.05563,89.5183,91.09517,Sub-Saharan Africa,Low income
Uganda,UGA,GFDD.DI.05,7.5966,8.66137,9.611756,10.7195,12.80453,11.96101,12.51547,13.79348,14.85896,15.63354,16.11554,16.09141,19.03213,19.55399,17.22849,19.32292,19.91416,20.87545,33.04828,16.33623,17.42179,12.64305,12.06346,17.35783,12.15042,14.00023,14.40071,15.01303,14.93323,15.71239,18.33752,Sub-Saharan Africa,Low income
Uganda,UGA,GFDD.DI.06,,,29.91049,21.08815,22.44683,21.93596,20.46318,20.71014,21.3618,22.42667,21.0157,12.30458,14.71838,11.80331,11.13882,10.2061,8.92124,10.6545,15.69776,7.029846,7.983971,10.07073,9.422498,13.94872,1.940733,1.376597,1.576039,0.767675,0.3387766,2.06759,2.097094,Sub-Saharan Africa,Low income
Uganda,UGA,GFDD.DI.11,,,,,,,,,,,,,,,0.78024813,0.85519896,0.77885377,0.83225914,0.8204165,0.73389148,0.75871497,0.80524509,0.84851007,0.92527496,1.0128287,1.197931,1.155939,1.2388021,1.2057156,1.230893,1.361933,Sub-Saharan Africa,Low income
Uganda,UGA,GFDD.DM.11,,,,,,,,,,,,,,,,,,,,,,,0.0104398,0.5543789,0.865801,1.209961,1.447774,1.913382,2.269961,2.825948,2.977216,Sub-Saharan Africa,Low income
Uganda,UGA,GFDD.EI.08,0.6239477,0.870876,0.8239849,0.9085001,1.406397,1.358636,1.630148,2.728923,2.574652,3.14731,4.08197,4.327327,5.775466,5.2399,4.944186,4.46611,4.060334,4.714905,4.025487,3.865965,4.76772,3.077114,4.01171,4.429569,5.02263,4.356453,4.985374,5.06084,4.87842,5.409965,7.613418,Sub-Saharan Africa,Low income
Uganda,UGA,GFDD.OI.02,4.874428,5.98157,6.030097,7.2925,8.792914,8.150677,8.904053,10.16859,11.08257,11.5854,12.24715,12.27034,14.72784,15.16428,13.39696,14.89805,15.04926,16.05008,25.88237,13.14057,14.11487,14.15859,13.25512,19.11358,13.2747,14.82608,15.05768,15.71801,15.52333,16.32868,19.27315,Sub-Saharan Africa,Low income
Uganda,UGA,SH.STA.BRTC.ZS,,,,,,37.8,,,,,36,39,,,,,41.9,,,,,57.4,,,,,74.2,,,,,Sub-Saharan Africa,Low income
Uganda,UGA,SL.IND.EMPL.ZS,,7.86999988555908,7.8600001335144,7.8600001335144,7.8600001335144,7.86999988555908,7.8899998664856,7.8899998664856,7.88000011444092,7.88000011444092,7.84999990463257,7.84000015258789,7.82000017166138,7.80000019073486,7.76999998092651,7.75,7.76000022888184,7.78000020980835,7.82000017166138,7.80000019073486,7.88000011444092,7.94000005722046,8.02000045776367,7,6.84000015258789,6.80000019073486,6.73000001907349,6.59000015258789,6.53999996185303,6.51000022888184,,Sub-Saharan Africa,Low income
Ukraine,UKR,DT.TDS.DPPF.XP.ZS,,,,,1.52995790800743,6.5959526134068,6.10157305045141,5.85232475893336,9.0827186734877,12.4640900995917,15.1615953548457,7.23747771260705,6.37220030914826,5.904649547531,4.85968423161857,5.07684096694634,4.90607981403586,3.72784117553944,2.66188154825425,5.45503501269752,3.25055271776062,3.17394300357876,7.63203462381675,15.0139169610889,10.5985879571181,30.5210612231584,6.71198132654026,9.69659073036993,10.5588306001239,8.62437692235625,11.1657112536187,Europe & Central Asia,Lower middle income
Ukraine,UKR,EG.ELC.ACCS.ZS,100,100,100,100,100,100,100,100,100,100,100,100,100,100,100,99.8855590820313,100,99.8000030517578,100,100,100,100,99.8674926757813,100,100,100,100,100,100,100,100,Europe & Central Asia,Lower middle income
Ukraine,UKR,GFDD.AI.01,,,,,,,,,,,,,,,,2705.5477,2859.6857,3010.9798,3102.4299,3214.8276,3238.3348,3353.4359,3383.3573,1917.7791,1944.525,1823.1424,1618.266,1675.5241,1509.774,1657.5306,1727.1751,Europe & Central Asia,Lower middle income
Ukraine,UKR,GFDD.DI.04,,,61.58733,76.41586,58.34612,51.5518,52.38465,56.31525,41.77979,41.2719,50.59229,59.88787,69.89523,79.32819,84.0112,93.53585,96.23502,97.91451,96.89125,92.83558,91.72675,90.63047,88.43596,87.33638,77.33231,73.19757,76.48727,79.145,80.32951,79.48842,82.31566,Europe & Central Asia,Lower middle income
Ukraine,UKR,GFDD.DI.05,,,50.10596,32.47094,26.71355,12.71169,11.48738,13.432,15.16301,16.76517,17.97182,22.21491,28.5537,35.41232,36.43673,43.84726,47.6665,54.08327,36.11221,34.5507,36.74693,36.03105,39.0229,43.93905,40.5556,34.36426,31.98133,28.45205,24.80684,25.67837,30.92684,Europe & Central Asia,Lower middle income
Ukraine,UKR,GFDD.DI.06,,,34.8,8.896655,11.76151,8.058393,7.620881,7.995643,14.79631,15.23035,11.95798,10.16463,8.81787,7.221844,5.301819,2.399735,1.834157,1.29368,2.542834,6.313477,6.674366,6.933885,8.387278,10.21654,21.33607,20.81615,16.91205,12.69687,10.29619,8.758093,8.043946,Europe & Central Asia,Lower middle income
Ukraine,UKR,GFDD.DI.11,,,,,,,,,,0.25145275,,,,,,2.7967933,3.2138388,2.6820825,4.4227873,4.5952077,4.1909267,3.7017718,4.002701,4.5309596,4.4275371,66.71261,60.066417,51.146136,,,,Europe & Central Asia,Lower middle income
Ukraine,UKR,GFDD.DM.11,,,,,,,,,,,0.0383858,0.0263096,0.0212301,0.0059841,0.0046239,0.0069653,0.0064963,0.0105102,0.0022223,0.0051183,0.0198511,0.0355478,0.0620091,0.0556434,0.089885,0.1076557,0.0996188,0.0864602,0.0940134,0.3353196,0.3807102,Europe & Central Asia,Lower middle income
Ukraine,UKR,GFDD.EI.08,,,53.15684,27.41652,11.85207,7.099499,7.000272,7.887746,2.896245,2.235219,1.599694,2.100684,2.805785,3.158364,2.673572,2.485091,2.559256,2.826953,5.948499,8.316593,11.43208,10.51383,10.33914,11.7691,12.96867,9.821999,16.41646,17.05135,14.3198,11.12326,16.41315,Europe & Central Asia,Lower middle income
Ukraine,UKR,GFDD.OI.02,,,40.37983,23.64949,20.06676,7.863441,6.31082,6.807567,8.133248,9.393325,10.65367,12.57665,16.72333,22.97049,24.08906,30.1353,33.85255,38.66658,37.42885,35.7784,38.21911,37.52813,40.32356,45.52443,42.30396,35.7411,33.01936,29.36485,25.5581,26.41914,31.75714,Europe & Central Asia,Lower middle income
Ukraine,UKR,SH.STA.BRTC.ZS,99.9,99.9,99.9,99.9,99.88,99.89,99.9,99.9,99.9,99.1,99.9,99.9,99.9,99.9,99.9,99.8,99.9,98.7,99.9,99.9,99.9,99.9,99,99.9,99.9,,,,,,,Europe & Central Asia,Lower middle income
Ukraine,UKR,SL.IND.EMPL.ZS,,29.3899993896484,28.7900009155273,28.1499996185303,27.4300003051758,26.7399997711182,26.0799999237061,25.4699993133545,25.0400009155273,24.7399997711182,24.5100002288818,24.5100002288818,24.5499992370605,24.7199993133545,25,25.1700000762939,25.4300003051758,25.6499996185303,25.75,25.5300006866455,25.6800003051758,25.6599998474121,25.8799991607666,24.8099994659424,26.1499996185303,24.6900005340576,24.25,24.2999992370605,24.6100006103516,24.9599990844727,,Europe & Central Asia,Lower middle income
United Arab Emirates,ARE,DT.TDS.DPPF.XP.ZS,,,,,,,,,,,,,,,,,,,,,,,,,,,,,,,,Middle East & North Africa,High income
United Arab Emirates,ARE,EG.ELC.ACCS.ZS,100,100,100,100,100,100,100,100,100,100,100,100,100,100,100,100,100,100,100,100,100,100,100,100,100,100,100,100,100,100,100,Middle East & North Africa,High income
United Arab Emirates,ARE,GFDD.AI.01,,,,,,,,,,,,,,,,,,,,,,,,,886.34545,884.53473,1008.7947,1063.0947,1082.6723,1080.4016,1223.6495,Middle East & North Africa,High income
United Arab Emirates,ARE,GFDD.DI.04,99.35801,,99.3596,,,,,,,,,99.98026,99.96319,99.96243,99.97285,99.3078,99.85588,99.99179,94.34487,90.14085,90.3658,91.49046,92.47507,95.61227,96.24865,96.52527,96.71435,96.72982,96.84272,97.34505,97.39766,Middle East & North Africa,High income
United Arab Emirates,ARE,GFDD.DI.05,31.16615,35.10949,34.9105,33.50392,33.90673,33.71149,32.1912,32.75712,35.54481,35.50138,33.13569,41.23354,43.05629,43.92746,45.75665,48.85502,48.94971,59.72369,58.20139,79.53777,73.89198,64.12061,62.68711,73.76157,77.07562,91.66166,89.24614,85.87569,79.46652,85.8258,103.6746,Middle East & North Africa,High income
United Arab Emirates,ARE,GFDD.DI.06,0.1955675,,0.2134477,,,,,,,,,0.0076434,0.0153732,0.0164235,0.0125257,0.375235,0.083852,0.0055955,4.751418,11.46762,10.03261,7.669317,6.559302,3.870675,3.511469,3.938415,3.983832,3.688901,3.364203,3.013732,3.491938,Middle East & North Africa,High income
United Arab Emirates,ARE,GFDD.DI.11,,,,,,,,,,,,,,,,,2.9850808,3.3612762,2.8308491,3.9806871,3.9034672,3.2159427,3.532581,4.1448983,4.3825153,5.5954398,6.8628455,7.3404236,6.7921828,7.2776778,,Middle East & North Africa,High income
United Arab Emirates,ARE,GFDD.DM.11,,,,,,,,,,,,,,,,,,,,,,,,,,,,,,,,Middle East & North Africa,High income
United Arab Emirates,ARE,GFDD.EI.08,5.070784,6.004288,6.140762,7.406951,8.464047,7.717994,5.723487,5.050133,6.460629,6.870108,4.791753,4.294275,5.646415,7.532264,8.410618,10.07843,10.81065,12.11617,12.5885,20.38215,19.68054,18.85223,20.09022,24.31914,25.31845,30.33353,33.37629,30.89731,28.90967,34.52945,44.65551,Middle East & North Africa,High income
United Arab Emirates,ARE,GFDD.OI.02,28.80645,32.63865,32.34511,30.7287,31.13652,31.05803,29.68565,30.21201,32.59605,32.18917,30.52151,38.45635,40.09621,40.90881,42.85033,46.21346,46.27269,56.98498,55.01067,75.54089,70.26874,60.89104,59.37129,70.24332,73.08919,87.2219,88.67218,85.29311,79.80027,87.08417,104.9666,Middle East & North Africa,High income
United Arab Emirates,ARE,SH.STA.BRTC.ZS,99.1,,,,,99.2,,,,,,,,100,100,,,,100,,,,,99.9,99.9,99.9,,,,,,Middle East & North Africa,High income
United Arab Emirates,ARE,SL.IND.EMPL.ZS,,33.3300018310547,33.3600006103516,33.4700012207031,33.4900016784668,33.6300010681152,33.6500015258789,33.7299995422363,33.6399993896484,33.4300003051758,33.3800010681152,33.439998626709,33.4199981689453,33.8400001525879,34.189998626709,34.5400009155273,35.2000007629395,35.7299995422363,35.9500007629395,35.8600006103516,35.4799995422363,35.1199989318848,34.939998626709,34.7400016784668,34.7999992370605,34.9900016784668,34.8699989318848,34.6100006103516,34.5999984741211,34.2200012207031,,Middle East & North Africa,High income
United Kingdom,GBR,DT.TDS.DPPF.XP.ZS,,,,,,,,,,,,,,,,,,,,,,,,,,,,,,,,Europe & Central Asia,High income
United Kingdom,GBR,EG.ELC.ACCS.ZS,100,100,100,100,100,100,100,100,100,100,100,100,100,100,100,100,100,100,100,100,100,100,100,100,100,100,100,100,100,100,100,Europe & Central Asia,High income
United Kingdom,GBR,GFDD.AI.01,,,,,,,,,,,,,,,,,,,,,,,,,,,,,,,,Europe & Central Asia,High income
United Kingdom,GBR,GFDD.DI.04,,,,,,,,,99.32654,99.46766,99.33356,99.61632,99.4417,99.58801,99.65988,99.64669,99.46108,99.78741,99.46622,99.75632,99.87643,99.9529,99.92239,99.99145,99.99676,99.96575,99.85997,99.75246,99.80441,99.79175,99.61258,Europe & Central Asia,High income
United Kingdom,GBR,GFDD.DI.05,84.9602,82.06726,56.4625,56.14299,57.40221,60.30709,64.66273,77.62856,89.51296,89.53368,94.32226,98.73383,99.45646,103.1667,107.9181,116.1168,125.5729,138.3318,158.2424,162.3677,163.0772,150.522,147.1122,144.1902,134.3185,132.7913,138.5369,144.2713,146.5208,139.3379,160.3196,Europe & Central Asia,High income
United Kingdom,GBR,GFDD.DI.06,,,,,,,,,0.6905615,0.5621083,0.7660446,0.4612879,0.6977838,0.5334254,0.4663592,0.505337,0.8278483,0.360329,1.01717,0.466438,0.2275772,0.0799037,0.1242041,0.012715,0.0043706,0.0443879,0.1830272,0.327589,0.2593843,0.2734472,0.5572503,Europe & Central Asia,High income
United Kingdom,GBR,GFDD.DI.11,38.140281,43.873928,50.688207,63.612947,56.48894,61.781376,66.030942,76.435069,83.344786,94.311928,89.393719,84.569838,77.645051,76.884291,79.050495,85.538947,100.96829,101.17754,86.178782,94.630985,97.760755,94.313358,95.021596,94.442533,94.825287,93.856952,116.65158,114.67449,105.67288,,,Europe & Central Asia,High income
United Kingdom,GBR,GFDD.DM.11,,,,,,,,,,36.84224,40.17399,48.91342,47.54211,48.14367,49.75811,46.65945,61.29534,62.18394,48.40171,64.44056,61.25623,54.4844,56.85159,53.1699,49.23956,48.48376,44.88906,49.83083,44.84261,51.40933,58.67252,Europe & Central Asia,High income
United Kingdom,GBR,GFDD.EI.08,2.168869,1.910999,0.8630568,1.174764,2.394544,2.983845,2.165079,1.567209,1.45074,1.043408,,0.0387032,1.018788,0.4727891,1.114458,1.037469,,,,1.661839,5.092093,6.582387,5.074778,6.441335,7.220504,7.010756,7.337014,7.546886,5.376567,5.439362,4.451056,Europe & Central Asia,High income
United Kingdom,GBR,GFDD.OI.02,,,,,,,,,,,,,,,,,,,,,,,,,,,,,,,,Europe & Central Asia,High income
United Kingdom,GBR,SH.STA.BRTC.ZS,,,,,,,,,99,,,,,,,,,,,,,,,,,,,,,,,Europe & Central Asia,High income
United Kingdom,GBR,SL.IND.EMPL.ZS,,30.4200000762939,29.8600006103516,29.3899993896484,27.7800006866455,27.4200000762939,27.4200000762939,26.8600006103516,26.6700000762939,25.8099994659424,25.1700000762939,24.6399993896484,23.9099998474121,23.3400001525879,22.2999992370605,22.2199993133545,22.0599994659424,22.1900005340576,22,19.6100006103516,19.2099990844727,19.1800003051758,19.0699996948242,18.8700008392334,18.9699993133545,18.6599998474121,18.4699993133545,18.2600002288818,18.1299991607666,18.1200008392334,,Europe & Central Asia,High income
United States,USA,DT.TDS.DPPF.XP.ZS,,,,,,,,,,,,,,,,,,,,,,,,,,,,,,,,North America,High income
United States,USA,EG.ELC.ACCS.ZS,100,100,100,100,100,100,100,100,100,100,100,100,100,100,100,100,100,100,100,100,100,100,100,100,100,100,100,100,100,100,100,North America,High income
United States,USA,GFDD.AI.01,,,,,,,,,,,,,,,,,,,,,,,,,,,,,,,,North America,High income
United States,USA,GFDD.DI.04,93.86932,93.05173,92.42268,91.7699,91.37061,91.57375,91.77724,91.51826,91.59576,91.63035,91.72665,91.51775,90.78141,90.7459,90.84954,91.32962,91.66186,92.76603,95.50159,92.07595,89.9621,84.67224,85.29159,81.59375,80.82452,81.78303,82.88024,83.31174,85.24754,85.42486,76.75103,North America,High income
United States,USA,GFDD.DI.05,71.22355,70.00323,66.01337,63.13221,59.6588,60.81508,62.07712,63.10264,65.45844,67.45245,68.51381,62.56466,63.82831,64.28189,64.8205,66.03281,68.21897,71.07475,73.17924,75.04783,70.51166,72.42319,73.19552,73.33643,74.05231,74.76052,76.46603,74.43223,73.89122,76.90501,91.68888,North America,High income
United States,USA,GFDD.DI.06,3.942386,4.327385,4.524479,4.840885,5.002154,4.950384,4.842081,5.021667,4.988966,4.962668,4.991737,5.213383,5.758992,5.819149,5.875479,5.70752,5.637938,5.116766,3.222865,5.39979,6.786497,10.75207,10.22598,13.14495,14.05425,13.5491,13.2056,12.62562,10.94119,10.9208,22.46667,North America,High income
United States,USA,GFDD.DI.11,31.541698,33.294038,33.41573,34.845422,34.74302,36.554667,37.703156,39.652325,40.717353,43.494795,42.027698,43.621892,44.777276,48.065563,49.435496,48.701909,49.001593,49.14092,43.603042,48.666414,50.050133,50.681721,51.290075,51.325278,51.705355,49.551159,50.525807,51.86142,48.41303,52.265935,58.745591,North America,High income
United States,USA,GFDD.DM.11,,,,,,,,,,6.718664,6.860049,6.65255,8.253241,9.572714,10.38083,10.05837,12.21981,13.9363,10.6872,14.27966,15.07545,15.25032,16.43578,16.2839,16.73747,15.42919,15.28427,17.67042,17.14567,18.14111,19.43823,North America,High income
United States,USA,GFDD.EI.08,7.643652,8.866231,9.543983,9.61263,8.490558,7.963716,7.774488,7.603309,7.121703,7.025756,6.367888,6.078864,6.364316,5.576354,4.942766,4.776894,4.808035,6.031894,8.72074,8.862364,8.58306,8.801801,9.433348,9.112592,9.521067,9.723334,11.51065,10.39864,10.95883,11.79525,19.55927,North America,High income
United States,USA,GFDD.OI.02,67.25205,65.80751,61.70872,58.6599,54.98425,56.11588,57.29144,58.27997,60.49124,61.83787,63.15723,65.73482,66.39241,66.0372,65.40208,66.50285,68.97102,74.33477,78.63197,84.44508,78.63602,80.34418,81.03249,81.28259,81.90596,81.38542,82.06911,82.21514,80.99707,84.52532,101.2169,North America,High income
United States,USA,SH.STA.BRTC.ZS,99.2,99.2,99.3,99.4,99.4,99.4,99.4,99.4,99.4,99.4,99.4,99.4,99.5,99.3,99.3,99.4,99.4,99.3,99.3,99.3,99.4,99.3,99.3,99.2,98.5,99.1,99.1,99.1,99.1,,,North America,High income
United States,USA,SL.IND.EMPL.ZS,,25.9599990844727,25.8299999237061,25.7099990844727,25.6399993896484,25.4899997711182,25.3099994659424,25.1299991607666,24.9200000762939,24.6900005340576,24.4400005340576,23.7399997711182,22.75,22.4500007629395,22.3899993896484,22.2600002288818,22.3500003814697,22.1399993896484,21.4599990844727,20,19.6399993896484,19.7099990844727,19.7399997711182,19.9500007629395,19.9799995422363,19.8600006103516,19.7800006866455,19.7299995422363,19.8700008392334,19.9099998474121,,North America,High income
Uruguay,URY,DT.TDS.DPPF.XP.ZS,,,,,,,,,,,,,,,,,,,,,,,,,,,,,,,,Latin America & Caribbean,High income
Uruguay,URY,EG.ELC.ACCS.ZS,,,96.1823120117188,96.3630599975586,96.5424499511719,96.7197952270508,95.9,97.0656509399414,97.2328033447266,97.3951110839844,97.6768646240234,97.7853927612305,97.8863296508789,97.9820404052734,98.0748596191406,98.1671447753906,98.5054244995117,98.6926345825195,98.7843551635742,99.0999984741211,99.3000030517578,99.1699981689453,99.5999984741211,99.6118087768555,99.6570816040039,99.7094802856445,99.6999969482422,99.8000030517578,99.8000030517578,99.9000015258789,100,Latin America & Caribbean,High income
Uruguay,URY,GFDD.AI.01,,,,,,,,,,,,,,,,339.48658,414.51774,444.07287,500.69713,535.49444,604.96458,627.39738,669.05044,741.91885,870.63731,866.60685,879.6375,958.30254,1044.3738,1086.7247,1101.7691,Latin America & Caribbean,High income
Uruguay,URY,GFDD.DI.04,57.8942,64.09526,63.48466,65.70088,68.37351,70.18864,72.548,75.19805,78.18724,77.39372,74.78674,86.57024,68.41047,62.73112,56.56722,60.82769,77.37548,80.66741,75.00725,74.78562,71.85452,75.37032,73.34513,73.27328,74.83954,77.60973,76.50292,72.98694,75.27332,77.98248,81.65138,Latin America & Caribbean,High income
Uruguay,URY,GFDD.DI.05,55.84337,48.84357,42.66987,38.37694,36.60305,36.04285,36.2104,33.6634,36.29612,40.08146,43.24064,47.85002,58.59147,52.27645,46.082,42.9379,43.70522,39.38198,44.61614,39.07093,42.19961,43.43427,42.48968,44.74997,47.29501,53.51794,46.91105,44.80733,46.56721,49.57313,59.05056,Latin America & Caribbean,High income
Uruguay,URY,GFDD.DI.06,28.13961,17.17184,17.03328,14.87199,13.23258,12.79716,11.49216,9.757995,12.71746,13.91354,16.49847,9.831065,38.62982,31.71468,25.01817,18.86173,8.875881,6.742178,10.70326,8.977753,10.18971,8.948886,9.989414,10.68152,10.43781,9.835085,8.969182,10.14675,9.38673,8.337694,7.182678,Latin America & Caribbean,High income
Uruguay,URY,GFDD.DI.11,,,,,,,,,,,2.5003079,3.0336234,4.1966281,3.8685395,3.5971668,3.5939412,3.7395592,3.6514535,3.7218379,3.9195961,4.0548888,4.4244358,4.8849434,5.2960433,5.84689,6.6432009,6.7113999,7.6081395,8.1879726,9.0737425,10.46874,Latin America & Caribbean,High income
Uruguay,URY,GFDD.DM.11,,,,,,,,,,3.511932,3.500813,5.758235,7.344275,14.55963,17.8908,10.70273,11.89386,9.917666,7.818201,8.599851,13.48884,12.2773,12.31144,12.54438,13.57533,17.86761,18.14179,14.31131,13.05181,17.28504,24.28697,Latin America & Caribbean,High income
Uruguay,URY,GFDD.EI.08,7.589109,5.619602,4.452161,3.869385,4.899551,3.814577,3.633127,3.751927,5.227119,4.206518,4.018495,9.62169,13.29852,10.31792,8.491882,6.899338,6.48258,4.780169,4.334616,6.146586,3.760608,4.351698,4.060891,3.322828,4.043798,4.016477,3.445153,3.234478,3.343307,3.83079,4.133072,Latin America & Caribbean,High income
Uruguay,URY,GFDD.OI.02,51.95574,45.0726,38.98542,34.42181,32.82648,32.44535,32.94221,30.76626,33.61886,37.25409,40.59597,45.29408,55.88591,49.41892,43.20634,39.58766,40.24382,35.74839,41.11196,35.22158,38.05361,39.26524,37.89176,40.3282,42.80597,48.83353,42.07471,39.93914,41.26407,44.20905,53.42582,Latin America & Caribbean,High income
Uruguay,URY,SH.STA.BRTC.ZS,99.4,99.3,99,98.3,98.2,98,98,98.4,99,99.8,99.7,99.6,99.7,99.7,99.5,99.9,99.9,98.6,99.6,99.7,99.8,99.5,99.9,98.2,99.9,99.9,100,100,,,,Latin America & Caribbean,High income
Uruguay,URY,SL.IND.EMPL.ZS,,24.1599998474121,24.2399997711182,24.0900001525879,24.0799999237061,23.7399997711182,23.6000003814697,23.7299995422363,23.6800003051758,23.2700004577637,22.6800003051758,21.9799995422363,21.0900001525879,20.7999992370605,20.8899993896484,21.1399993896484,21.1900005340576,21.6800003051758,21.5599994659424,20.9599990844727,21.4099998474121,20.7800006866455,21.1299991607666,21.5799999237061,21.0100002288818,20.4599990844727,20.0499992370605,19.7399997711182,19.2000007629395,18.8299999237061,,Latin America & Caribbean,High income
Uzbekistan,UZB,DT.TDS.DPPF.XP.ZS,,,,,,,,,,,,,,,,,,,,,3.2930618897618,2.31047357623511,2.56793942161892,2.29176100516345,2.57746685394999,2.58478401499905,3.38986298142385,3.06112763213374,3.03950864130834,3.46152754323791,5.5839976052193,Europe & Central Asia,Lower middle income
Uzbekistan,UZB,EG.ELC.ACCS.ZS,,,,,,,99.6,99.3797454833984,99.449348449707,99.5141143798828,99.5932693481445,99.6301040649414,99.6999969482422,99.6833648681641,99.7044982910156,99.7250823974609,99.4900970458984,99.7745361328125,99.8087463378906,99.8529052734375,99.9128875732422,99.9614410400391,99.9898223876953,99.9988708496094,100,100,100,100,100,100,100,Europe & Central Asia,Lower middle income
Uzbekistan,UZB,GFDD.AI.01,,,,,,,,,,,,,,,244.51241,296.05748,310.53584,332.84639,384.78054,401.31495,441.83009,416.89269,441.11721,520.10099,592.02352,609.02323,701.12194,785.91373,819.49856,809.05726,849.30012,Europe & Central Asia,Lower middle income
Uzbekistan,UZB,GFDD.DI.04,,,,,,,,,,,,,,,,,,,,,,,,99.92946,99.9491,99.95919,99.96966,99.95006,99.95834,99.925,99.89794,Europe & Central Asia,Lower middle income
Uzbekistan,UZB,GFDD.DI.05,,,,,,,,,,,,,,,,,,,,,,,,18.54579,17.45746,18.06385,19.34229,22.39326,19.86332,16.97683,17.60436,Europe & Central Asia,Lower middle income
Uzbekistan,UZB,GFDD.DI.06,,,,,,,,,,,,,,,,,,,,,,,,0.0128182,0.0093928,0.0078013,0.0065135,0.0182912,0.0179764,0.0302575,0.0483076,Europe & Central Asia,Lower middle income
Uzbekistan,UZB,GFDD.DI.11,,,,,,,,,,,,,,,,,,,0.68594312,0.64671052,0.55292924,0.50015682,0.50556378,0.47734913,0.49194508,0.49647188,0.48805035,0.66428275,0.62316712,,,Europe & Central Asia,Lower middle income
Uzbekistan,UZB,GFDD.DM.11,,,,,,,,,,,,,,,,,,,,,,,,,,,,,,,,Europe & Central Asia,Lower middle income
Uzbekistan,UZB,GFDD.EI.08,,,,,,,,,,,,,,,,,,,,,,,,9.327025,8.924191,9.598615,10.60322,21.69774,19.01616,12.29622,12.72738,Europe & Central Asia,Lower middle income
Uzbekistan,UZB,GFDD.OI.02,,,,,,,,,,,,,,,,,,,,,,,,13.24539,12.20138,12.95085,13.88938,15.89904,14.11151,12.27462,13.42755,Europe & Central Asia,Lower middle income
Uzbekistan,UZB,SH.STA.BRTC.ZS,,,,,,,97.5,100,100,100,94.9,100,100,100,100,100,99.6,100,100,100,100,100,100,100,100,100,100,100,100,,,Europe & Central Asia,Lower middle income
Uzbekistan,UZB,SL.IND.EMPL.ZS,,25.7999992370605,24.9300003051758,24.6399993896484,24.2700004577637,23.8999996185303,22.8299999237061,22.4400005340576,21.8199996948242,21.8600006103516,21.5100002288818,21.2800006866455,21.1200008392334,21.0799999237061,21.1700000762939,21.3099994659424,21.5200004577637,21.8199996948242,22.1299991607666,22.4799995422363,22.7000007629395,22.7399997711182,22.7099990844727,22.7299995422363,22.7800006866455,22.8999996185303,23.0599994659424,23.0499992370605,22.6599998474121,23.0200004577637,,Europe & Central Asia,Lower middle income
Vanuatu,VUT,DT.TDS.DPPF.XP.ZS,1.60117166469126,1.12320043161043,1.36001848330111,1.37922266595389,1.19473952318074,1.06521398746734,0.964976893323612,0.828220671731248,0.531954537560591,1.3617708874179,1.40147019011619,1.23195582737754,1.45123741788955,1.32832507190499,1.57430246500162,1.24062083900077,1.90355553171349,1.5159471333935,1.23686044351104,1.50102730026177,1.44471639679013,1.25213272173843,1.2273895727298,1.50264811795156,1.64039395763016,1.76115984215078,1.98816934779135,2.01627633907681,3.92105951399892,3.12177673268434,7.06071361301278,East Asia & Pacific,Lower middle income
Vanuatu,VUT,EG.ELC.ACCS.ZS,,,,,18,12.9416437149048,14.7923612594604,16.6396789550781,18.4829177856445,19.1,22.1430797576904,23.9438800811768,25.7370986938477,27.5250797271729,29.3101749420166,31.0947341918945,26.4400005340576,33.6246185302734,36.4703025817871,33.2911148071289,44.0999984741211,41.9353294372559,43.7895278930664,31.7000007629395,49.057445526123,52.2051010131836,57.8199996948242,62.7999992370605,61.7545127868652,64.5901870727539,67.3332672119141,East Asia & Pacific,Lower middle income
Vanuatu,VUT,GFDD.AI.01,,,,,,,,,,,,,,,,,,,,,,,,,662.35709,704.04315,719.15517,604.56496,596.02964,652.84337,667.52655,East Asia & Pacific,Lower middle income
Vanuatu,VUT,GFDD.DI.04,98.16138,98.51917,99.02865,99.24261,93.20802,91.70196,91.63152,88.20045,88.69505,88.4595,88.16698,88.41214,88.18098,89.22452,90.30885,92.7364,93.09879,93.44731,97.53145,98.09084,96.32523,96.36518,96.61404,96.26451,95.46049,95.60588,93.46597,94.99194,95.2812,95.72884,96.14453,East Asia & Pacific,Lower middle income
Vanuatu,VUT,GFDD.DI.05,123.6186,108.3136,98.01481,100.3044,92.45813,101.9482,107.424,98.90581,105.246,92.40274,90.10174,94.93545,95.77046,90.32244,93.48551,98.63439,93.70711,99.8533,100.0161,95.08146,86.98887,83.14003,82.17659,75.00452,77.88611,81.67583,84.96241,82.89933,88.27493,88.50857,92.77921,East Asia & Pacific,Lower middle income
Vanuatu,VUT,GFDD.DI.06,0.7035257,0.5113186,0.3855498,0.2990236,2.61627,3.122205,3.227569,4.323198,4.513618,4.95713,4.687482,4.706486,5.31372,4.830321,4.424714,3.529728,3.230787,3.108911,1.411461,1.274184,2.617384,2.691851,2.632969,2.902452,3.714989,3.433287,5.007328,3.555427,3.15452,2.672671,2.551826,East Asia & Pacific,Lower middle income
Vanuatu,VUT,GFDD.DI.11,,,,,,,,,,,,,,,,,,,,,,,,,,,,,,,,East Asia & Pacific,Lower middle income
Vanuatu,VUT,GFDD.DM.11,,,,,,,,,,0.3473889,,,4.489565,3.876449,3.690548,3.534228,3.381438,3.260469,3.242951,3.607069,2.22917,1.519258,1.639169,1.936044,0.5960053,1.897938,4.884734,1.693815,0.6078574,0.1624748,1.766488,East Asia & Pacific,Lower middle income
Vanuatu,VUT,GFDD.EI.08,4.289115,4.155257,3.810023,4.115471,2.361759,2.039762,1.791752,2.005449,3.705415,2.851588,4.060656,3.104479,3.355842,2.108734,2.135017,2.084152,1.719678,1.099084,0.9983022,0.8572383,1.321465,2.300588,1.649113,2.269773,2.517529,2.381654,2.756682,3.122833,2.380521,2.199238,1.918286,East Asia & Pacific,Lower middle income
Vanuatu,VUT,GFDD.OI.02,118.9924,103.2399,94.33928,95.28434,87.41982,96.28572,101.916,93.61026,98.64436,85.78016,84.76577,89.69379,90.53247,84.89291,87.39024,92.40704,87.22124,93.26512,93.74101,88.88995,80.00288,76.04958,75.11938,67.95453,70.50652,73.78693,76.52023,74.64506,79.75867,79.90283,82.59239,East Asia & Pacific,Lower middle income
Vanuatu,VUT,SH.STA.BRTC.ZS,79,,,,87,89.1,,,,88,88,,,84,,92,92.9,74,,,,,,89.4,,,,,,,,East Asia & Pacific,Lower middle income
Vanuatu,VUT,SL.IND.EMPL.ZS,,0.280000001192093,0.28999999165535,0.300000011920929,0.310000002384186,0.319999992847443,0.340000003576279,0.319999992847443,0.340000003576279,0.360000014305115,0.389999985694885,0.409999996423721,0.419999986886978,0.469999998807907,0.540000021457672,0.639999985694885,0.790000021457672,1.33000004291534,2.75999999046326,7.03000020980835,6.8600001335144,6.92000007629395,7.3899998664856,8.5,9,10.9099998474121,11.8900003433228,12.6700000762939,13.3900003433228,14.0799999237061,,East Asia & Pacific,Lower middle income
"Venezuela, RB",VEN,DT.TDS.DPPF.XP.ZS,19.595303772363,13.6722600749084,13.0791319700952,15.4796157907213,12.7727175200704,19.2963654062776,15.3564170047284,15.1909022107513,27.9309859799158,23.2539068231179,14.6128713087924,22.3619388758729,23.9055505541889,27.5752850916647,18.1809286260273,10.0447719959809,6.75066005547593,9.17008394710591,5.78272137125516,6.52634595425304,6.37607948652828,7.05598768105408,6.06080834024163,8.52427701077392,10.7471810427372,24.2345935621129,17.0073921597078,,,,,Latin America & Caribbean,
"Venezuela, RB",VEN,EG.ELC.ACCS.ZS,,,97.820203,98.2395324707031,98.3233337402344,99,98.484130859375,98.7,98.4,98.9,98.9000015258789,99.9000015258789,99.8000030517578,95.6999969482422,99.0999984741211,98.8561630249023,99.3000030517578,98.8881759643555,98.9136734008789,98.949104309082,99.0549468994141,98.8399963378906,99.2080764770508,99.2572174072266,100,100,99.4000015258789,99.1999969482422,99.9112014770508,99.9768142700195,100,Latin America & Caribbean,
"Venezuela, RB",VEN,GFDD.AI.01,,,,,,,,,,,,,,,,878.53627,1051.1319,1207.2469,1198.3396,1207.4717,1196.8259,1368.4271,1541.9081,1714.0097,1753.1649,1924.9788,,,,,,Latin America & Caribbean,
"Venezuela, RB",VEN,GFDD.DI.04,60.64516,70.81318,74.43275,74.50777,68.19112,67.56544,65.30508,84.68589,87.1108,88.20849,90.84565,92.67048,89.91618,93.7942,96.53671,94.90279,99.2154,97.20943,97.19414,97.89478,89.37844,76.85143,75.84548,69.07484,,,,,,,,Latin America & Caribbean,
"Venezuela, RB",VEN,GFDD.DI.05,38.80593,42.7649,38.1729,35.66293,34.28246,29.16918,20.7697,22.94756,20.82082,21.5402,21.26508,18.99897,18.44139,24.23562,21.49551,22.97069,31.03652,31.73346,29.16497,36.0357,31.81077,36.61737,43.71228,54.8364,,,,,,,,Latin America & Caribbean,
"Venezuela, RB",VEN,GFDD.DI.06,12.17662,8.369899,6.942495,6.768437,7.401756,7.747554,5.636348,2.613357,2.014714,1.782409,1.389733,1.175997,1.537637,0.8314804,0.5460868,0.8616536,0.1786224,0.7726761,0.668678,0.5923519,2.844702,8.25545,11.75883,20.13813,,,,,,,,Latin America & Caribbean,
"Venezuela, RB",VEN,GFDD.DI.11,,,,,,,,,,1.7143558,1.5512529,1.763635,2.1650477,2.2144719,2.130983,2.0788008,2.2581317,2.6096684,2.6341783,3.075869,3.1752279,3.0924241,3.1472785,3.4738364,5.0777143,7.1210227,6.2903334,,,,,Latin America & Caribbean,
"Venezuela, RB",VEN,GFDD.DM.11,,,,,,,,,,2.576224,3.254046,3.038783,5.536681,7.25256,5.532167,5.721119,9.219113,7.313643,4.381176,2.814349,2.168064,2.790678,2.655747,2.35526,1.172777,0.401231,0.1398091,,,,,Latin America & Caribbean,
"Venezuela, RB",VEN,GFDD.EI.08,2.247,1.893536,1.623243,4.017563,6.669378,7.483322,2.482524,1.844796,1.575816,2.119353,3.307554,3.320809,4.135287,4.207633,4.687886,3.3862,6.248125,4.403612,2.518253,5.100668,5.355117,7.049449,11.84017,15.24598,14.70771,7.325304,,,,,,Latin America & Caribbean,
"Venezuela, RB",VEN,GFDD.OI.02,26.83343,30.1235,25.72207,24.46505,25.3426,21.78714,15.02165,16.833,16.45753,16.1228,15.1987,15.85058,14.13378,18.6308,17.16413,19.00837,26.89721,27.2992,25.23132,30.42598,27.40515,32.03321,38.72137,48.54738,62.48232,,,,,,,Latin America & Caribbean,
"Venezuela, RB",VEN,SH.STA.BRTC.ZS,,,,,,,,95.3,,,94,,,95,,,,,,,,98.1,96,99.2,99.5,99.3,99.3,99.1,,,,Latin America & Caribbean,
"Venezuela, RB",VEN,SL.IND.EMPL.ZS,,26.0499992370605,26.6299991607666,26.2800006866455,23.6499996185303,23.5599994659424,22.3899993896484,23.8799991607666,24.5,22.7099990844727,22.8299999237061,22.0900001525879,20.6900005340576,19.8299999237061,20.3199996948242,20.6499996185303,22.1800003051758,23.1299991607666,22.8700008392334,22.3799991607666,21.6299991607666,21.4799995422363,21.6200008392334,21.3299999237061,20.7000007629395,19.8299999237061,18.8099994659424,17.75,16.6599998474121,15.3400001525879,,Latin America & Caribbean,
Vietnam,VNM,DT.TDS.DPPF.XP.ZS,,,,,,,3.2296583616933,7.06136696987596,8.75438648876404,9.74608371216931,7.21295552142326,6.5683529820986,6.00950252106352,3.48121944151873,2.54716209201048,2.31849251439695,1.85006547001798,1.91453095808598,1.79937278178133,2.25426181199403,2.06828806732125,1.81023910717649,1.79130300018458,1.86401173830965,2.17368852721194,1.55768652937247,1.79706213570792,1.42805480985786,1.38543423142799,1.35706994700826,1.56169863188609,East Asia & Pacific,Lower middle income
Vietnam,VNM,EG.ELC.ACCS.ZS,,,,,,,,78.4,86.1759872436523,86.9944381713867,87.8284149169922,88.6074752807617,89.0999984741211,90.1451950073242,90.9085464477539,96.0999984741211,96,93.2052688598633,93.9817123413086,96.0999984741211,97.4300003051758,99,97.8899993896484,98.5549621582031,99.1999969482422,99.8213043212891,99.1999969482422,100,100,99.4000015258789,100,East Asia & Pacific,Lower middle income
Vietnam,VNM,GFDD.AI.01,,,,,,,,,,,,,,,,,,,,,,,,,,,,,,,,East Asia & Pacific,Lower middle income
Vietnam,VNM,GFDD.DI.04,,,76.5265,73.17515,,90.58242,87.08068,88.38054,86.74207,91.34108,93.32278,94.13483,94.26402,95.60207,95.66825,97.35307,97.30843,98.91667,99.15575,96.38483,97.02515,98.24493,98.76399,99.30659,99.75662,98.52258,99.51434,99.85418,99.18116,99.88564,99.93545,East Asia & Pacific,Lower middle income
Vietnam,VNM,GFDD.DI.05,,,22.50751,20.07458,,19.56648,20.71005,22.50731,24.20798,36.37278,44.6045,52.11897,53.03549,61.6292,69.26354,70.95988,79.34066,100,93.20988,105.5249,114.8148,99.64029,106.4615,117.0391,127.4112,137.7088,151.1111,155.0898,158.1228,164.7351,179.6502,East Asia & Pacific,Lower middle income
Vietnam,VNM,GFDD.DI.06,,,4.642538,6.508356,,2.120397,2.880659,2.755927,3.301544,2.822734,2.656358,2.580829,2.824015,2.481486,2.936502,1.854735,2.028991,1.033224,0.7844383,4.202674,3.806653,1.984899,1.326495,0.7705252,0.2822487,1.92005,0.6933689,0.215523,1.229188,0.1738063,0.1051262,East Asia & Pacific,Lower middle income
Vietnam,VNM,GFDD.DI.11,,,,,,,,,,,,,,,,3.3909148,3.6548885,4.5179169,4.4450437,4.6971257,4.6032331,3.8219484,3.5145136,3.7345517,4.3578893,4.8267196,5.5132448,6.3221774,7.1308389,7.6630068,,East Asia & Pacific,Lower middle income
Vietnam,VNM,GFDD.DM.11,,,,,,,,,,,,,,,,,,,,,,,,,,,,,,,,East Asia & Pacific,Lower middle income
Vietnam,VNM,GFDD.EI.08,,,1.478291,1.224582,,1.910248,0.7466131,1.11344,1.476922,1.58983,1.867029,2.131314,3.278695,5.570053,5.627456,7.749537,7.886686,8.764258,9.437791,8.737803,9.349342,9.312144,11.24115,13.40683,15.44305,16.09496,18.0652,17.06427,15.66462,13.89592,15.05365,East Asia & Pacific,Lower middle income
Vietnam,VNM,GFDD.OI.02,,,3.592987,3.419291,,3.001415,3.754099,4.681385,5.052602,6.777508,8.781015,9.575936,9.531546,10.83077,12.42703,12.12504,12.58538,17.17224,12.12778,15.02696,13.31032,11.33554,11.83477,13.47994,14.58294,16.42635,18.20969,19.41355,19.13357,20.36424,24.80127,East Asia & Pacific,Lower middle income
Vietnam,VNM,SH.STA.BRTC.ZS,,,,,,,,77.1,,,58.8,,85,,,,83.8,,,,,91.9,,,93.8,,,,,,,East Asia & Pacific,Lower middle income
Vietnam,VNM,SL.IND.EMPL.ZS,,10.1199998855591,10.5799999237061,11.0900001525879,11.4700002670288,11.8199996948242,12.25,12.6800003051758,11.5799999237061,11.9899997711182,12.4399995803833,13.8999996185303,14.6999998092651,16.4099998474121,17.3500003814697,18.7399997711182,20.1900005340576,20.3899993896484,21,21.8500003814697,21.6800003051758,21.2800006866455,21.1900005340576,21.1800003051758,21.4500007629395,22.7399997711182,24.7600002288818,25.7800006866455,26.6399993896484,27.4400005340576,,East Asia & Pacific,Lower middle income
Virgin Islands (U.S.),VIR,DT.TDS.DPPF.XP.ZS,,,,,,,,,,,,,,,,,,,,,,,,,,,,,,,,Latin America & Caribbean,High income
Virgin Islands (U.S.),VIR,EG.ELC.ACCS.ZS,100,100,100,100,100,100,100,100,100,100,100,100,100,100,100,100,100,100,100,100,100,100,100,100,100,100,100,100,100,100,100,Latin America & Caribbean,High income
Virgin Islands (U.S.),VIR,GFDD.AI.01,,,,,,,,,,,,,,,,,,,,,,,,,,,,,,,,Latin America & Caribbean,High income
Virgin Islands (U.S.),VIR,GFDD.DI.04,,,,,,,,,,,,,,,,,,,,,,,,,,,,,,,,Latin America & Caribbean,High income
Virgin Islands (U.S.),VIR,GFDD.DI.05,,,,,,,,,,,,,,,,,,,,,,,,,,,,,,,,Latin America & Caribbean,High income
Virgin Islands (U.S.),VIR,GFDD.DI.06,,,,,,,,,,,,,,,,,,,,,,,,,,,,,,,,Latin America & Caribbean,High income
Virgin Islands (U.S.),VIR,GFDD.DI.11,,,,,,,,,,,,,,,,,,,,,,,,,,,,,,,,Latin America & Caribbean,High income
Virgin Islands (U.S.),VIR,GFDD.DM.11,,,,,,,,,,,,,,,,,,,,,,,,,,,,,,,,Latin America & Caribbean,High income
Virgin Islands (U.S.),VIR,GFDD.EI.08,,,,,,,,,,,,,,,,,,,,,,,,,,,,,,,,Latin America & Caribbean,High income
Virgin Islands (U.S.),VIR,GFDD.OI.02,,,,,,,,,,,,,,,,,,,,,,,,,,,,,,,,Latin America & Caribbean,High income
Virgin Islands (U.S.),VIR,SH.STA.BRTC.ZS,,,,,,,,,,,,,98.3,98.5,,,,,,,,,,,,,,,,,,Latin America & Caribbean,High income
Virgin Islands (U.S.),VIR,SL.IND.EMPL.ZS,,26.3099994659424,26.1800003051758,26.0300006866455,25.9899997711182,25.8500003814697,25.7099990844727,25.6100006103516,25.4200000762939,25.1900005340576,25.0699996948242,24.75,24.4099998474121,24.1000003814697,24.0200004577637,23.9899997711182,23.9699993133545,23.9699993133545,23.7700004577637,22.9400005340576,22.7000007629395,21.8500003814697,20.7199993133545,20.1299991607666,19.8700008392334,19.6599998474121,19.4899997711182,19.1599998474121,18.9699993133545,18.7399997711182,,Latin America & Caribbean,High income
West Bank and Gaza,PSE,DT.TDS.DPPF.XP.ZS,,,,,,,,,,,,,,,,,,,,,,,,,,,,,,,,Middle East & North Africa,Lower middle income
West Bank and Gaza,PSE,EG.ELC.ACCS.ZS,,,,,,,,97.9,98.5392990112305,98.6231536865234,99.6999969482422,99.0999984741211,99.2368545532227,99.0999984741211,99.5,99.5999984741211,99.6999969482422,98.8000030517578,99.8000030517578,99.9000015258789,99.9000015258789,99.6999969482422,99.8000030517578,99.9000015258789,99.9000015258789,99.9000015258789,100,99.6999969482422,100,100,100,Middle East & North Africa,Lower middle income
West Bank and Gaza,PSE,GFDD.AI.01,,,,,,,,,,,,,,,,,,,,18.406661,21.05041,20.786768,21.15838,20.499064,20.729178,20.419042,21.273089,22.00296,21.902816,23.365914,24.150878,Middle East & North Africa,Lower middle income
West Bank and Gaza,PSE,GFDD.DI.04,,,,,,,,,98.3132,98.42357,98.97023,98.71158,98.23697,98.78178,99.47004,99.62468,99.61968,99.6224,99.67514,99.75764,99.86353,99.89219,99.90752,99.85116,99.8717,99.89102,99.92164,99.92567,99.91251,99.92337,99.92265,Middle East & North Africa,Lower middle income
West Bank and Gaza,PSE,GFDD.DI.05,,,,,,,,,55.45401,62.81555,77.35992,80.8421,86.50107,84.20688,78.28449,71.88869,74.0308,82.19819,73.94254,71.38557,63.00567,56.69243,55.45844,55.47121,57.43898,63.46423,63.33522,68.2187,70.11212,73.26466,92.02801,Middle East & North Africa,Lower middle income
West Bank and Gaza,PSE,GFDD.DI.06,,,,,,,,,0.347616,0.3807351,0.3240462,0.4024387,0.5064074,0.345746,0.1771041,0.1456791,0.1388395,0.1181521,0.0834662,0.0690339,0.0410032,0.0353928,0.0329289,0.0511032,0.0464549,0.0469111,0.0361043,0.0380175,0.0466478,0.0418012,0.0517103,Middle East & North Africa,Lower middle income
West Bank and Gaza,PSE,GFDD.DI.11,,,,,,,,,,,,,,,,,,,,,,,,,,,,,,,,Middle East & North Africa,Lower middle income
West Bank and Gaza,PSE,GFDD.DM.11,,,,,,,,,,,,,,,,,,,,,,,,,,,,,,,,Middle East & North Africa,Lower middle income
West Bank and Gaza,PSE,GFDD.EI.08,,,,,,,,,,,,,,,,,,,,,,,,,,,,,,,,Middle East & North Africa,Lower middle income
West Bank and Gaza,PSE,GFDD.OI.02,,,,,,,48.03197,50.33405,55.45401,62.81555,77.35992,80.84209,86.50107,84.20688,78.28449,71.88869,73.96778,82.18929,73.90485,71.34231,62.96893,56.67504,55.43914,55.44415,57.28357,63.14137,63.18624,68.14044,69.9978,73.16188,91.9543,Middle East & North Africa,Lower middle income
West Bank and Gaza,PSE,SH.STA.BRTC.ZS,,,,,,,94.9,,,,97.4,,,,98.3,97,96.6,,,,99,,,,99.6,,,,,,,Middle East & North Africa,Lower middle income
West Bank and Gaza,PSE,SL.IND.EMPL.ZS,,33.0900001525879,34.0299987792969,34.560001373291,35.9300003051758,35.9000015258789,35.189998626709,35.8400001525879,36.9000015258789,38.060001373291,34.1199989318848,28.2800006866455,23.7099990844727,25.5799999237061,24.4200000762939,26.0699996948242,23.6800003051758,23.7600002288818,23.0799999237061,23.5300006866455,24.6800003051758,25.9300003051758,26.7000007629395,28.0699996948242,28.0200004577637,28.7299995422363,30.2299995422363,30.8600006103516,31.3099994659424,30.3700008392334,,Middle East & North Africa,Lower middle income
"Yemen, Rep.",YEM,DT.TDS.DPPF.XP.ZS,7.14022127520293,11.165803610988,8.08833335165698,7.22211402635432,4.11414841318279,4.12790948154217,3.26706270439243,3.64202641894011,10.8345916075218,6.13375701656055,5.03818359218604,6.47302965070425,4.12939905866326,3.99159047807483,4.29776820171761,3.00159629561989,2.84031565547301,3.28968846458869,2.6373257857336,3.55445155028791,2.75557071670601,2.63495345635786,2.70163553744928,2.81263524678909,3.81984003892162,18.8468772797404,14.5053683530225,,,,,Middle East & North Africa,Low income
"Yemen, Rep.",YEM,EG.ELC.ACCS.ZS,,,44.1,40.774715423584,41.9851341247559,43.1935119628906,44.399169921875,42.6,46.7996101379395,47.9929466247559,49.187255859375,50.3412399291992,51.4876365661621,52.6288032531738,49.5900001525879,54.9048194885254,55.8003349304199,57.1885681152344,58.3399314880371,59.5012397766113,60.6751937866211,61.8645057678223,52.4099998474121,75.5999984741211,66.0999984741211,67.3109283447266,68.859504699707,79.1999969482422,62,72.7510757446289,73.757926940918,Middle East & North Africa,Low income
"Yemen, Rep.",YEM,GFDD.AI.01,,,,,,,,,,,,,,,56.064858,66.115738,75.072837,76.745626,85.757702,104.4667,85.291974,88.013188,114.90321,114.77064,118.53612,113.32252,,,,,,Middle East & North Africa,Low income
"Yemen, Rep.",YEM,GFDD.DI.04,12.46506,13.52535,11.91106,10.73768,9.006155,14.73269,13.68364,29.27335,29.4417,37.92766,87.59867,97.65424,98.82707,99.26723,98.74564,99.30624,98.94277,98.39799,78.20036,69.58601,64.85468,53.2112,56.24901,64.58849,,,,,,,,Middle East & North Africa,Low income
"Yemen, Rep.",YEM,GFDD.DI.05,47.10999,44.03237,43.45363,47.08093,48.38699,47.35438,35.75513,33.34671,38.3723,31.52547,30.149,33.57108,34.91094,36.30748,35.06084,32.04613,34.48208,35.20694,31.94936,38.00894,31.90984,31.07643,34.96873,34.74092,,,,,,,,Middle East & North Africa,Low income
"Yemen, Rep.",YEM,GFDD.DI.06,50.74096,46.88024,48.63898,51.99606,53.68062,40.39386,26.84059,19.37182,23.0252,14.17366,1.266317,0.2179472,0.1170601,0.0858646,0.17058,0.0884089,0.1340975,0.247839,3.549939,8.058832,8.287917,12.53909,12.75842,11.19355,,,,,,,,Middle East & North Africa,Low income
"Yemen, Rep.",YEM,GFDD.DI.11,,,,,,,,,,,,,,,,,,,,,,,,,,,,,,,,Middle East & North Africa,Low income
"Yemen, Rep.",YEM,GFDD.DM.11,,,,,,,,,,,,,,,,,,,,,,,,,,,,,,,,Middle East & North Africa,Low income
"Yemen, Rep.",YEM,GFDD.EI.08,2.005772,2.38872,1.921953,1.407996,1.110296,2.37454,1.240476,4.129623,4.258297,3.413948,4.084191,3.338413,4.06179,5.265666,6.265778,5.71556,5.636509,7.038644,5.029509,10.70281,9.004592,9.191539,11.75762,14.77969,,,,,,,,Middle East & North Africa,Low income
"Yemen, Rep.",YEM,GFDD.OI.02,17.1815,16.10616,15.45403,14.83971,13.29766,18.31945,15.63939,15.28477,18.88516,15.60098,15.72522,18.18077,20.1667,21.35704,21.64341,19.21669,21.17196,22.77835,21.19775,25.10098,21.83916,18.77586,23.05796,24.76777,,,,,,,,Middle East & North Africa,Low income
"Yemen, Rep.",YEM,SH.STA.BRTC.ZS,,,15.9,,,,,21.6,,,,,,26.8,,,35.7,,,,,,34.4,44.7,,,,,,,,Middle East & North Africa,Low income
"Yemen, Rep.",YEM,SL.IND.EMPL.ZS,,11.7600002288818,11.710000038147,11.2299995422363,11.039999961853,11.789999961853,12.2700004577637,12.75,13.3699998855591,13.8000001907349,14.3999996185303,14.7299995422363,15.1300001144409,15.6999998092651,16.2600002288818,16.7800006866455,16.9300003051758,17.0900001525879,17.8099994659424,18.4300003051758,19.0300006866455,16.2999992370605,15.6999998092651,15.5100002288818,14.4799995422363,12.3599996566772,11.2799997329712,10.4499998092651,10.1800003051758,10.1999998092651,,Middle East & North Africa,Low income
Zambia,ZMB,DT.TDS.DPPF.XP.ZS,14.5124022909171,46.6535336309759,,,,,,18.3009978171789,19.6310413760799,14.6164684552846,18.5072680256235,16.2574074473275,18.5983506577702,40.2045674190525,17.8868765207707,6.53006708408875,1.66473509875865,0.862808126956002,1.35310302685022,1.50718342563215,0.757974132992051,0.786979315991574,1.43719951610412,2.11812400077327,1.87389288754752,4.2130427406803,7.2289423894832,6.10934090211034,7.87276170677512,11.7232743695036,7.1513900600625,Sub-Saharan Africa,Low income
Zambia,ZMB,EG.ELC.ACCS.ZS,13.9,12.7527027130127,19.2,14.213207244873,14.9417591094971,15.6682720184326,17.3,17.1124591827393,19,18.5402450561523,16.7000007629395,20.1723861694336,17.3999996185303,18.5,20.2999992370605,23.3213081359863,24.1072578430176,18.5,25.6954288482666,26.5030708312988,22,28.1590099334717,29.0127258300781,29.8862724304199,27.8999996185303,31.1000003814697,35.4254531860352,40.2999992370605,40.3178901672363,43,44.5244750976563,Sub-Saharan Africa,Low income
Zambia,ZMB,GFDD.AI.01,,,,,,,,,,,,,,,12.770012,16.433852,21.980036,24.627045,27.315025,26.868529,133.06774,150.83612,189.04075,258.21026,288.98385,305.8964,317.84877,331.93618,297.13948,233.04538,216.33827,Sub-Saharan Africa,Low income
Zambia,ZMB,GFDD.DI.04,,,,,,,,,,,,,,,,,,,,77.14445,75.01411,81.98976,86.78653,84.30277,86.34544,81.40849,76.11961,78.45544,78.55775,76.94057,73.16199,Sub-Saharan Africa,Low income
Zambia,ZMB,GFDD.DI.05,,,,,,,,,,,,,,,,,,,,17.83736,18.42963,16.21983,16.06931,17.35743,17.38848,22.45698,17.21022,18.70059,19.6758,20.47008,25.52849,Sub-Saharan Africa,Low income
Zambia,ZMB,GFDD.DI.06,,,,,,,,,,,,,,,,,,,,4.66131,4.784265,3.704501,2.853723,3.617888,3.196454,4.805634,5.385761,5.385942,5.501214,6.362381,8.865687,Sub-Saharan Africa,Low income
Zambia,ZMB,GFDD.DI.11,,,,,,,,,,,,,1.2262379,1.3847327,1.2429033,1.1160675,1.1606351,1.2519278,1.3613301,1.1489277,1.0935225,1.1502655,1.221412,1.1758643,1.2181999,1.09645,1.3038285,1.3332122,1.2732719,1.311014,1.4678896,Sub-Saharan Africa,Low income
Zambia,ZMB,GFDD.DM.11,,,,,,,,,,,,,,,,,,,,,,,,,,,,,,,,Sub-Saharan Africa,Low income
Zambia,ZMB,GFDD.EI.08,,,,,,,,,,,,6.848075,6.927189,8.167506,6.5206,6.020167,5.531939,5.461408,3.977518,5.779881,5.215582,6.852437,6.810058,7.788323,6.882413,5.365119,5.107874,8.471202,8.298635,8.426365,12.22518,Sub-Saharan Africa,Low income
Zambia,ZMB,GFDD.OI.02,,,,,,,,,,,,,,,,,,,,15.76751,16.11508,16.65804,17.26424,18.22199,18.40766,23.18788,18.39616,19.64479,20.511,21.3152,26.49758,Sub-Saharan Africa,Low income
Zambia,ZMB,SH.STA.BRTC.ZS,,,50.5,,,,46.5,46.5,,45.3,,,42.1,,,,,45.2,,,,,,,63.3,,,,80.4,,,Sub-Saharan Africa,Low income
Zambia,ZMB,SL.IND.EMPL.ZS,,7.8600001335144,7.76999998092651,7.6100001335144,7.28000020980835,7.19999980926514,7.17999982833862,7.11999988555908,7.05000019073486,6.96999979019165,6.90000009536743,6.90000009536743,6.94999980926514,7.03000020980835,7.1100001335144,7.13000011444092,7.23000001907349,7.36999988555908,7.53999996185303,8.10000038146973,8.71000003814697,9.35999965667725,10.1000003814697,10.3299999237061,10.4899997711182,10.6000003814697,10.6800003051758,10.6899995803833,10.6099996566772,10.5299997329712,,Sub-Saharan Africa,Low income
Zimbabwe,ZWE,DT.TDS.DPPF.XP.ZS,19.539947884211,18.480157264191,25.8537260197139,24.4693678057418,18.7404217093514,,,,,,,,,,,,,,,0.762995305940982,0.589659217842817,0.463397333390967,0.657740549404177,2.95963512936197,3.38738788212339,3.93246699955856,5.88555514245422,2.98943667154859,1.7407163281666,1.30768536023995,0.748035122748019,Sub-Saharan Africa,Lower middle income
Zimbabwe,ZWE,EG.ELC.ACCS.ZS,,,28.2,31.163667678833,28.1,31.948579788208,32.3372955322266,32.7226104736328,33.1038475036621,38.4,33.6548881530762,34.1728439331055,34.2000007629395,35.1883506774902,35.690601348877,36.1923141479492,37.2000007629395,37.2040100097656,37.7193450927734,43.369083404541,38.7825508117676,36.9000015258789,44,40.4983749389648,32.2999992370605,33.7000007629395,42.5617294311523,44.1786346435547,45.5726470947266,46.7814750671387,52.7476692199707,Sub-Saharan Africa,Lower middle income
Zimbabwe,ZWE,GFDD.AI.01,,,,,,,,,,,,,,,518.42095,518.34654,514.22219,200.64727,218.14224,93.977163,167.40259,83.816363,90.271079,89.036822,100.2445,93.016457,287.24925,466.67746,517.12346,641.01364,501.77948,Sub-Saharan Africa,Lower middle income
Zimbabwe,ZWE,GFDD.DI.04,74.28857,77.50774,71.63303,78.77873,64.12903,60.59273,52.86055,53.01767,47.92498,47.64662,49.73634,80.17572,86.43031,82.9752,77.34774,,,,,43.437,62.87359,70.52141,74.83862,76.27381,79.32772,76.16954,66.65643,58.82729,49.10462,53.29511,72.93955,Sub-Saharan Africa,Lower middle income
Zimbabwe,ZWE,GFDD.DI.05,0.0886287,0.1065566,0.1394136,0.2081847,0.271181,0.3360523,0.3780073,0.4774832,0.4450806,0.5985961,0.9749299,1.933075,5.581073,,,,,,,14.2815,18.46481,20.68582,21.72788,20.36551,22.45144,23.72458,27.43823,35.46699,42.56636,21.93558,18.23184,Sub-Saharan Africa,Lower middle income
Zimbabwe,ZWE,GFDD.DI.06,0.0127509,0.0159966,0.0348853,0.0414342,0.0946253,0.1711534,0.2316839,0.3018715,0.4097266,0.5181968,0.8986038,0.3861457,0.6576173,,,,,,,9.397881,8.129003,8.0748,7.270041,6.535549,5.828234,7.589475,12.26699,20.1172,32.04514,8.484409,2.881772,Sub-Saharan Africa,Lower middle income
Zimbabwe,ZWE,GFDD.DI.11,,,,,,,,,,,,,,,,,,,,,,,,,,,,,,,,Sub-Saharan Africa,Lower middle income
Zimbabwe,ZWE,GFDD.DM.11,,,,,,,,,,,,,,,,,,,,,,,,,,,,,,,,Sub-Saharan Africa,Lower middle income
Zimbabwe,ZWE,GFDD.EI.08,,,,,,,,,,,,,,,,,,,,,,,,,,,,,,,,Sub-Saharan Africa,Lower middle income
Zimbabwe,ZWE,GFDD.OI.02,0.0409779,0.0434212,0.0611254,0.1059968,0.1450484,0.176563,0.1920164,0.2586077,0.2452657,0.3340577,0.6097381,1.380627,4.170696,,,,,,,14.27616,18.00103,20.27485,21.40109,19.93279,21.83512,23.46486,26.78586,33.47981,40.10917,20.65183,17.86878,Sub-Saharan Africa,Lower middle income
Zimbabwe,ZWE,SH.STA.BRTC.ZS,,,,,69.2,,,,,72.5,,,,,,,68.5,,,60.2,,66.2,,,80,78.1,,,,86,,Sub-Saharan Africa,Lower middle income
Zimbabwe,ZWE,SL.IND.EMPL.ZS,,12.6300001144409,12.6099996566772,12.4799995422363,12.4399995803833,12.3900003433228,12.3100004196167,12.1899995803833,12.039999961853,11.8299999237061,11.5699996948242,11.3000001907349,10.8999996185303,10.5500001907349,10.1800003051758,9.64999961853027,9.85000038146973,9.21000003814697,9.06999969482422,9.18000030517578,9.23999977111816,9.09000015258789,8.60000038146973,7.92000007629395,7.3600001335144,7.21000003814697,7.05000019073486,6.90000009536743,6.75,6.57000017166138,,Sub-Saharan Africa,Lower middle income
