Country Name,Country Code,Series Name,Series Code,1990 [YR1990],1991 [YR1991],1992 [YR1992],1993 [YR1993],1994 [YR1994],1995 [YR1995],1996 [YR1996],1997 [YR1997],1998 [YR1998],1999 [YR1999],2000 [YR2000],2001 [YR2001],2002 [YR2002],2003 [YR2003],2004 [YR2004],2005 [YR2005],2006 [YR2006],2007 [YR2007],2008 [YR2008],2009 [YR2009],2010 [YR2010],2011 [YR2011],2012 [YR2012],2013 [YR2013],2014 [YR2014],2015 [YR2015],2016 [YR2016],2017 [YR2017],2018 [YR2018],2019 [YR2019],2020 [YR2020]
Afghanistan,AFG,Access to electricity (% of population),EG.ELC.ACCS.ZS,..,..,..,..,..,..,..,..,..,..,1.61359095573425,4.07457399368286,9.40915775299072,14.7385063171387,20.0649681091309,25.3908939361572,30.7186908721924,36.0510101318359,42.4000015258789,46.7400512695313,42.7000007629395,43.2220191955566,69.0999984741211,68.2906494140625,89.5,71.5,97.6999969482422,97.6999969482422,96.6161346435547,97.6999969482422,97.6999969482422
Afghanistan,AFG,"Annualized average growth rate in per capita real survey mean consumption or income, total population (%)",SI.SPR.PCAP.ZG,..,..,..,..,..,..,..,..,..,..,..,..,..,..,..,..,..,..,..,..,..,..,..,..,..,..,..,..,..,..,..
Afghanistan,AFG,Births attended by skilled health staff (% of total),SH.STA.BRTC.ZS,..,..,..,..,..,..,..,..,..,..,12.4,..,..,14.3,..,..,18.9,..,24,..,34.3,38.6,39.9,..,45.2,50.5,..,53.4,58.8,..,..
Afghanistan,AFG,Coverage of social insurance programs (% of population),per_si_allsi.cov_pop_tot,..,..,..,..,..,..,..,..,..,..,..,..,..,..,..,..,..,0.539036879650045,..,..,..,..,..,..,..,..,..,..,..,..,..
Afghanistan,AFG,"Debt service (PPG and IMF only, % of exports of goods, services and primary income)",DT.TDS.DPPF.XP.ZS,..,..,..,..,..,..,..,..,..,..,..,..,..,..,..,..,..,..,0.402819292924976,0.487686262693032,0.344156289997136,0.313643499018774,0.553390349525131,1.55478392301891,1.87526084674456,2.80585396332281,3.73588202243344,3.54864769227737,2.59522269404553,2.39042205413598,2.2440821580961
Afghanistan,AFG,Employment in industry (% of total employment) (modeled ILO estimate),SL.IND.EMPL.ZS,..,12.4300003051758,12.210000038147,11.5699996948242,11.4799995422363,11.5100002288818,11.0799999237061,10.6899995803833,10.3299999237061,9.94999980926514,9.47999954223633,8.97999954223633,9.98999977111816,10.3500003814697,10.6099996566772,11.3299999237061,11.789999961853,12.1999998092651,12.4799995422363,13.6300001144409,14.6599998474121,14.75,15.7700004577637,16.3299999237061,16.7700004577637,17.1700000762939,17.3199996948242,18.0300006866455,18.4599990844727,18.5499992370605,..
Albania,ALB,Access to electricity (% of population),EG.ELC.ACCS.ZS,100,100,100,100,100,100,100,100,100,100,100,100,100,100,100,100,100,100,100,100,100,100,99.9000015258789,100,99.9499969482422,99.9800033569336,99.8899993896484,99.8899993896484,100,100,100
Albania,ALB,"Annualized average growth rate in per capita real survey mean consumption or income, total population (%)",SI.SPR.PCAP.ZG,..,..,..,..,..,..,..,..,..,..,..,..,..,..,..,..,..,..,..,..,..,..,..,..,..,..,..,6.96,..,..,..
Albania,ALB,Births attended by skilled health staff (% of total),SH.STA.BRTC.ZS,93,92.6,86.4,87.2,89.1,89.1,91.2,98.8,99.1,99,99.1,99,98,98.8,99.3,99.8,99,..,..,99.3,..,..,..,..,..,..,..,..,99.8,..,..
Albania,ALB,Coverage of social insurance programs (% of population),per_si_allsi.cov_pop_tot,..,..,..,..,..,..,..,..,..,..,..,..,..,..,..,..,..,..,45.9388082961143,..,..,..,36.2550631549433,..,..,..,..,..,..,..,..
Albania,ALB,"Debt service (PPG and IMF only, % of exports of goods, services and primary income)",DT.TDS.DPPF.XP.ZS,..,4.29887168674699,2.17526038751346,3.17620015741834,6.63578141560799,1.97426736758052,4.36355304424004,13.7492488493594,8.36030479390681,4.32975848421053,4.08926321599045,4.10415419763616,6.47285588325464,5.01284692817012,4.74380409315947,4.44191909323202,4.37998012053594,3.65450734719358,3.14336489120975,4.82722888374752,6.83537687202513,7.55635667663239,7.91808193860457,5.09412886419534,6.32797011387068,16.9562909343761,7.23736770869135,6.82537209644591,13.1415021502343,7.51813931177903,17.8976526084543
Albania,ALB,Employment in industry (% of total employment) (modeled ILO estimate),SL.IND.EMPL.ZS,..,11.5799999237061,11.4499998092651,11.6300001144409,11.789999961853,12.0299997329712,11.7299995422363,11.6300001144409,11.7200002670288,12.1700000762939,12.8100004196167,13.6700000762939,14.460000038147,14.8100004196167,15.2299995422363,15.7600002288818,16.4799995422363,16.9500007629395,17.7800006866455,19.9400005340576,20.5900001525879,18.8700008392334,17.2800006866455,16.8799991607666,17.7399997711182,18.6700000762939,19.3799991607666,19.3799991607666,19.75,20.1499996185303,..
Algeria,DZA,Access to electricity (% of population),EG.ELC.ACCS.ZS,..,..,..,..,..,..,..,..,..,..,98.9730987548828,98.9668731689453,98.9530563354492,98.9340133666992,98.9120788574219,98.8896102905273,98.869010925293,98.8529357910156,99.3000030517578,98.8451843261719,98.8589324951172,98.8880310058594,98.7646636962891,99.0022048950195,99.0870132446289,99.1866607666016,99.3502502441406,99.6354904174805,99.6978378295898,99.5,99.8041305541992
Algeria,DZA,"Annualized average growth rate in per capita real survey mean consumption or income, total population (%)",SI.SPR.PCAP.ZG,..,..,..,..,..,..,..,..,..,..,..,..,..,..,..,..,..,..,..,..,..,..,..,..,..,..,..,..,..,..,..
Algeria,DZA,Births attended by skilled health staff (% of total),SH.STA.BRTC.ZS,..,..,76.5,..,..,..,..,..,..,..,92,..,95.9,..,..,..,95.2,..,..,..,..,..,..,96.6,..,..,..,..,..,..,..
Algeria,DZA,Coverage of social insurance programs (% of population),per_si_allsi.cov_pop_tot,..,..,..,..,..,..,..,..,..,..,..,..,..,..,..,..,..,..,..,..,..,..,..,..,..,..,..,..,..,..,..
Algeria,DZA,"Debt service (PPG and IMF only, % of exports of goods, services and primary income)",DT.TDS.DPPF.XP.ZS,63.7561072560198,70.9107060359716,..,..,..,..,..,..,..,..,..,..,..,..,..,11.3752453194881,22.111901264211,1.12933325064654,1.18114274342916,0.883621199195184,0.604873213157269,0.587429122747538,0.839000782722053,0.42095812143328,0.358222524465445,0.470750216340195,0.475646929851391,0.41848455358651,0.327380915985938,0.333320590291572,0.404673242814271
Algeria,DZA,Employment in industry (% of total employment) (modeled ILO estimate),SL.IND.EMPL.ZS,..,25.3999996185303,25.2600002288818,25.0300006866455,24.8199996948242,24.8199996948242,24.7800006866455,24.7000007629395,24.7700004577637,24.6700000762939,24.8999996185303,25.0100002288818,24.7999992370605,24.6900005340576,25.6399993896484,26.7600002288818,27.5200004577637,28.3799991607666,28.8899993896484,29.5699996948242,30.2000007629395,30.8600006103516,30.8099994659424,30.9599990844727,30.9599990844727,30.9200000762939,30.9500007629395,30.9899997711182,30.9099998474121,30.4200000762939,..
American Samoa,ASM,Access to electricity (% of population),EG.ELC.ACCS.ZS,..,..,..,..,..,..,..,..,..,..,..,..,..,..,..,..,..,..,..,..,..,..,..,..,..,..,..,..,..,..,..
American Samoa,ASM,"Annualized average growth rate in per capita real survey mean consumption or income, total population (%)",SI.SPR.PCAP.ZG,..,..,..,..,..,..,..,..,..,..,..,..,..,..,..,..,..,..,..,..,..,..,..,..,..,..,..,..,..,..,..
American Samoa,ASM,Births attended by skilled health staff (% of total),SH.STA.BRTC.ZS,..,..,..,..,..,..,..,..,..,..,..,..,100,..,..,..,..,..,..,..,..,..,..,..,..,..,..,..,..,..,..
American Samoa,ASM,Coverage of social insurance programs (% of population),per_si_allsi.cov_pop_tot,..,..,..,..,..,..,..,..,..,..,..,..,..,..,..,..,..,..,..,..,..,..,..,..,..,..,..,..,..,..,..
American Samoa,ASM,"Debt service (PPG and IMF only, % of exports of goods, services and primary income)",DT.TDS.DPPF.XP.ZS,..,..,..,..,..,..,..,..,..,..,..,..,..,..,..,..,..,..,..,..,..,..,..,..,..,..,..,..,..,..,..
American Samoa,ASM,Employment in industry (% of total employment) (modeled ILO estimate),SL.IND.EMPL.ZS,..,..,..,..,..,..,..,..,..,..,..,..,..,..,..,..,..,..,..,..,..,..,..,..,..,..,..,..,..,..,..
Andorra,AND,Access to electricity (% of population),EG.ELC.ACCS.ZS,100,100,100,100,100,100,100,100,100,100,100,100,100,100,100,100,100,100,100,100,100,100,100,100,100,100,100,100,100,100,100
Andorra,AND,"Annualized average growth rate in per capita real survey mean consumption or income, total population (%)",SI.SPR.PCAP.ZG,..,..,..,..,..,..,..,..,..,..,..,..,..,..,..,..,..,..,..,..,..,..,..,..,..,..,..,..,..,..,..
Andorra,AND,Births attended by skilled health staff (% of total),SH.STA.BRTC.ZS,..,..,..,..,..,..,..,..,..,..,..,..,..,..,..,..,..,..,..,..,..,..,..,..,..,100,100,100,..,..,..
Andorra,AND,Coverage of social insurance programs (% of population),per_si_allsi.cov_pop_tot,..,..,..,..,..,..,..,..,..,..,..,..,..,..,..,..,..,..,..,..,..,..,..,..,..,..,..,..,..,..,..
Andorra,AND,"Debt service (PPG and IMF only, % of exports of goods, services and primary income)",DT.TDS.DPPF.XP.ZS,..,..,..,..,..,..,..,..,..,..,..,..,..,..,..,..,..,..,..,..,..,..,..,..,..,..,..,..,..,..,..
Andorra,AND,Employment in industry (% of total employment) (modeled ILO estimate),SL.IND.EMPL.ZS,..,..,..,..,..,..,..,..,..,..,..,..,..,..,..,..,..,..,..,..,..,..,..,..,..,..,..,..,..,..,..
Angola,AGO,Access to electricity (% of population),EG.ELC.ACCS.ZS,..,..,..,..,..,..,..,..,..,..,24.2127437591553,20,26.3521175384521,27.4127769470215,28.4705505371094,29.5277862548828,30.5868949890137,37.5,38.4900016784668,33.802188873291,34.895637512207,34.5999984741211,37.1313209533691,38.2780303955078,32,42,41.8131294250488,43.0132598876953,45.2900009155273,45.6427993774414,46.8906097412109
Angola,AGO,"Annualized average growth rate in per capita real survey mean consumption or income, total population (%)",SI.SPR.PCAP.ZG,..,..,..,..,..,..,..,..,..,..,..,..,..,..,..,..,..,..,..,..,..,..,..,..,..,..,..,..,..,..,..
Angola,AGO,Births attended by skilled health staff (% of total),SH.STA.BRTC.ZS,..,..,..,..,..,..,22.5,..,..,..,..,44.7,..,..,..,..,..,47.3,..,..,..,..,..,..,..,..,46.6,..,..,..,..
Angola,AGO,Coverage of social insurance programs (% of population),per_si_allsi.cov_pop_tot,..,..,..,..,..,..,..,..,..,..,..,..,..,..,..,..,..,..,..,..,..,..,..,..,..,..,..,..,3.632174659,..,..
Angola,AGO,"Debt service (PPG and IMF only, % of exports of goods, services and primary income)",DT.TDS.DPPF.XP.ZS,7.06505982762928,9.22874938387061,4.79205458001564,2.93441626789502,6.41967160827725,10.7701422388614,17.5217177750125,18.3461215631972,40.1984108164805,26.2099293204466,20.6168753180352,32.7930584219332,16.7392257570693,15.2473334885148,13.5688683961263,10.5212675193515,12.9751118227908,9.65587661135239,2.44356681376533,8.49582807984923,4.45216268102828,4.17887488590371,5.83176750954083,7.27373943006893,11.8603324625358,19.4562205871724,33.2082205873374,22.8244258476556,22.2601204673252,30.2779711173077,32.0748502489067
Angola,AGO,Employment in industry (% of total employment) (modeled ILO estimate),SL.IND.EMPL.ZS,..,8.88000011444092,8.76000022888184,8.64999961853027,8.5600004196167,8.48999977111816,8.46000003814697,8.46000003814697,8.5,8.5,8.56999969482422,8.67000007629395,8.78999996185303,8.93000030517578,9.10000038146973,8.84000015258789,8.57999992370605,8.31999969482422,8.01000022888184,7.75,7.84999990463257,7.96000003814697,7.94000005722046,7.8600001335144,7.73000001907349,7.57000017166138,7.3899998664856,7.19000005722046,6.98999977111816,6.80000019073486,..
Antigua and Barbuda,ATG,Access to electricity (% of population),EG.ELC.ACCS.ZS,95.7630462646484,95.9406509399414,96.1181335449219,96.2949447631836,96.4703903198242,96.643798828125,96.8144836425781,96.9817733764648,97.1449813842773,97.303352355957,97.6892623901367,97.7852554321289,100,97.9568252563477,98.0371017456055,92.1999969482422,100,100,100,98.4812774658203,98.5972366333008,94.5520172119141,100,100,100,100,100,100,100,100,100
Antigua and Barbuda,ATG,"Annualized average growth rate in per capita real survey mean consumption or income, total population (%)",SI.SPR.PCAP.ZG,..,..,..,..,..,..,..,..,..,..,..,..,..,..,..,..,..,..,..,..,..,..,..,..,..,..,..,..,..,..,..
Antigua and Barbuda,ATG,Births attended by skilled health staff (% of total),SH.STA.BRTC.ZS,..,..,..,..,..,100,100,..,100,..,99.9,100,99,99,100,99.9,99.9,100,100,100,100,..,100,100,100,100,..,100,..,..,..
Antigua and Barbuda,ATG,Coverage of social insurance programs (% of population),per_si_allsi.cov_pop_tot,..,..,..,..,..,..,..,..,..,..,..,..,..,..,..,..,..,..,..,..,..,..,..,..,..,..,..,..,..,..,..
Antigua and Barbuda,ATG,"Debt service (PPG and IMF only, % of exports of goods, services and primary income)",DT.TDS.DPPF.XP.ZS,..,..,..,..,..,..,..,..,..,..,..,..,..,..,..,..,..,..,..,..,..,..,..,..,..,..,..,..,..,..,..
Antigua and Barbuda,ATG,Employment in industry (% of total employment) (modeled ILO estimate),SL.IND.EMPL.ZS,..,..,..,..,..,..,..,..,..,..,..,..,..,..,..,..,..,..,..,..,..,..,..,..,..,..,..,..,..,..,..
Arab World,ARB,Access to electricity (% of population),EG.ELC.ACCS.ZS,..,..,..,..,..,..,76.6110737791623,77.2536211377942,78.1115759676919,78.6910612811744,80.7361412102573,81.5862313733706,81.5402220305207,82.5081594773798,82.5036847543415,83.212981627025,85.4590032669433,83.7644399861418,83.3869896540748,84.3134837956566,87.114862814597,87.3326612400273,87.0395883900211,88.992619805618,88.0153561759997,88.681885670696,89.195062354407,90.3246594905463,88.9107494038454,89.9999455504114,90.2777350826821
Arab World,ARB,"Annualized average growth rate in per capita real survey mean consumption or income, total population (%)",SI.SPR.PCAP.ZG,..,..,..,..,..,..,..,..,..,..,..,..,..,..,..,..,..,..,..,..,..,..,..,..,..,..,..,..,..,..,..
Arab World,ARB,Births attended by skilled health staff (% of total),SH.STA.BRTC.ZS,51.9764909938579,..,..,..,..,..,..,..,..,..,70.2553694239458,..,..,..,..,..,..,..,..,..,78.8113200422024,..,..,..,..,..,..,..,90.2764542047366,..,..
Arab World,ARB,Coverage of social insurance programs (% of population),per_si_allsi.cov_pop_tot,..,..,..,..,..,..,..,..,..,..,..,..,..,..,..,..,..,..,..,..,..,..,..,..,..,..,..,..,..,..,..
Arab World,ARB,"Debt service (PPG and IMF only, % of exports of goods, services and primary income)",DT.TDS.DPPF.XP.ZS,..,..,..,..,..,..,..,..,..,..,..,..,..,..,..,..,..,..,..,..,..,..,..,..,..,..,..,..,..,..,..
Arab World,ARB,Employment in industry (% of total employment) (modeled ILO estimate),SL.IND.EMPL.ZS,..,20.946838869178,21.0431185734225,21.0202325066304,21.0251301183672,21.1337854166503,21.2410888373937,21.2416093404323,21.2828389490504,21.3819523754159,20.8664642711896,20.9666996553123,20.7484819672033,20.7215063241453,20.9313867778713,21.7096227791696,22.3378182588351,22.9141332347574,23.6117243543987,24.1436474845604,25.0064036410271,24.6982090773859,24.9235780267987,24.7516759325783,24.6122576251376,24.5956738216351,24.8974033378999,25.114454256812,25.1111266241987,25.0055282504284,..
Argentina,ARG,Access to electricity (% of population),EG.ELC.ACCS.ZS,92.1548004150391,92.4921875,92.8294525146484,93.1660461425781,93.5012741088867,93.8344650268555,94.1649398803711,94.4920120239258,94.8150024414063,95.1331558227539,95.7832870483398,95.5110626220703,96.2288665771484,96.4426345825195,96.6535034179688,96.8638458251953,97.076057434082,97.2927932739258,97.5167541503906,97.7506561279297,98.8199996948242,99.0953521728516,99.22998046875,99.3426742553711,100,99.6253890991211,99.8495788574219,100,99.9895782470703,100,100
Argentina,ARG,"Annualized average growth rate in per capita real survey mean consumption or income, total population (%)",SI.SPR.PCAP.ZG,..,..,..,..,..,..,..,..,..,..,..,..,..,..,..,..,..,..,..,..,..,..,..,..,..,..,..,..,..,..,-5.08
Argentina,ARG,Births attended by skilled health staff (% of total),SH.STA.BRTC.ZS,96.9,..,95.8,..,..,98.5,..,97.2,97.5,97.5,99.1,98.4,98.9,98.7,99.1,99.1,99.4,99.4,94.8,97.9,95,97.1,98.2,97,99.6,99.6,98.4,93.9,..,..,..
Argentina,ARG,Coverage of social insurance programs (% of population),per_si_allsi.cov_pop_tot,..,..,..,..,..,..,..,..,..,..,..,..,..,..,..,..,22.338095336173,..,..,..,29.5752810172894,29.3321188100386,28.9695600571713,30.5905578010903,31.44235611,..,34.6782292,35.36281278,33.90985047,34.30033785,..
Argentina,ARG,"Debt service (PPG and IMF only, % of exports of goods, services and primary income)",DT.TDS.DPPF.XP.ZS,34.8874220823826,31.0208227547731,24.2543244500791,26.685752251754,18.5040509379,20.5009776835245,23.4138917810621,27.6513301036485,28.1614219578564,37.5021736627477,40.2876017613837,31.8056957802838,15.5964927610336,34.9563582469504,19.900580316215,14.2054415594713,23.0847795196932,6.91209218283277,6.73971047343004,10.921743293299,10.4244736533813,7.75775017071539,6.31427835208963,8.07124726230915,11.9788124229574,15.9050054633809,23.8105810555445,38.6975972552592,32.2964621023348,34.1290386838088,15.6270492488584
Argentina,ARG,Employment in industry (% of total employment) (modeled ILO estimate),SL.IND.EMPL.ZS,..,32.9000015258789,32.3499984741211,29.7199993133545,28.6000003814697,27.0900001525879,25,25.5599994659424,24.8999996185303,23.6800003051758,22.7800006866455,22.0200004577637,20.2199993133545,21.7900009155273,22.6900005340576,23.2600002288818,23.6700000762939,23.9300003051758,24.0200004577637,23.1900005340576,23.3400001525879,23.9699993133545,23.6599998474121,23.9500007629395,24.1599998474121,23.6599998474121,22.8799991607666,22.4400005340576,21.9099998474121,21.8400001525879,..
Armenia,ARM,Access to electricity (% of population),EG.ELC.ACCS.ZS,..,..,..,..,..,..,..,..,..,..,98.9000015258789,100,98,99.1901321411133,99.1892318725586,99.8000030517578,99.188232421875,99.1931838989258,99.2053756713867,99.2275009155273,99.8000030517578,99.6057968139648,99.6289672851563,99.4199981689453,99.7099990844727,100,99.8000030517578,99.6999969482422,99.9000015258789,100,100
Armenia,ARM,"Annualized average growth rate in per capita real survey mean consumption or income, total population (%)",SI.SPR.PCAP.ZG,..,..,..,..,..,..,..,..,..,..,..,..,..,..,..,..,..,..,..,..,..,..,..,..,..,..,..,..,2.4,..,..
Armenia,ARM,Births attended by skilled health staff (% of total),SH.STA.BRTC.ZS,99.7,99.7,98.3,95.5,93.3,93.1,95.7,96.4,97.4,98.8,96.8,98.4,98.8,99.2,99.5,97.8,99.7,99.9,99.9,100,99.5,100,100,100,100,..,99.8,..,..,..,..
Armenia,ARM,Coverage of social insurance programs (% of population),per_si_allsi.cov_pop_tot,..,..,..,..,..,..,..,..,..,..,..,..,..,..,..,..,..,..,49.9908614973932,51.2840018602521,52.106110189312,52.8797109236421,53.3627593750861,53.0315119460687,54.7513338154784,53.4184288139101,51.891755326253,55.0573689244771,52.3299844343251,..,..
Armenia,ARM,"Debt service (PPG and IMF only, % of exports of goods, services and primary income)",DT.TDS.DPPF.XP.ZS,..,..,..,1.12466507177033,1.93877045672867,3.15209367385766,9.52167213338737,4.91965872212414,12.8909536230376,12.6598740869907,8.23273861334131,8.18853256569916,7.93634873124106,8.79874325896394,6.55218690582062,3.3080825836882,2.75539974886242,1.90597200102888,1.786143520034,2.93825675735458,2.74213451522903,2.67109169059966,5.9265490351931,19.5230749039531,5.86451488414121,9.62644309124567,5.3077917999457,5.24610898761832,6.36303035158352,12.5361146428599,13.2956661265149
Armenia,ARM,Employment in industry (% of total employment) (modeled ILO estimate),SL.IND.EMPL.ZS,..,16.8999996185303,16.4300003051758,16.0799999237061,15.8699998855591,15.6899995803833,15.5500001907349,15.4399995803833,15.4099998474121,15.4200000762939,15.5600004196167,15.8199996948242,16.2700004577637,16.7999992370605,17.2700004577637,17.8700008392334,18.4899997711182,18.9699993133545,18.1900005340576,17.0799999237061,17.4099998474121,16.6800003051758,17.6800003051758,17,16.7299995422363,15.9099998474121,15.7799997329712,16.7099990844727,22.7900009155273,24.75,..
Aruba,ABW,Access to electricity (% of population),EG.ELC.ACCS.ZS,100,99.1536560058594,99.1971282958984,99.2399139404297,100,100,100,100,100,100,91.660400390625,100,100,100,100,100,100,100,100,100,93.3562927246094,100,100,100,100,100,100,100,100,100,100
Aruba,ABW,"Annualized average growth rate in per capita real survey mean consumption or income, total population (%)",SI.SPR.PCAP.ZG,..,..,..,..,..,..,..,..,..,..,..,..,..,..,..,..,..,..,..,..,..,..,..,..,..,..,..,..,..,..,..
Aruba,ABW,Births attended by skilled health staff (% of total),SH.STA.BRTC.ZS,..,..,..,..,..,..,..,..,..,..,..,..,96,..,..,..,..,..,..,..,..,..,..,..,..,..,..,..,..,..,..
Aruba,ABW,Coverage of social insurance programs (% of population),per_si_allsi.cov_pop_tot,..,..,..,..,..,..,..,..,..,..,..,..,..,..,..,..,..,..,..,..,..,..,..,..,..,..,..,..,..,..,..
Aruba,ABW,"Debt service (PPG and IMF only, % of exports of goods, services and primary income)",DT.TDS.DPPF.XP.ZS,..,..,..,..,..,..,..,..,..,..,..,..,..,..,..,..,..,..,..,..,..,..,..,..,..,..,..,..,..,..,..
Aruba,ABW,Employment in industry (% of total employment) (modeled ILO estimate),SL.IND.EMPL.ZS,..,..,..,..,..,..,..,..,..,..,..,..,..,..,..,..,..,..,..,..,..,..,..,..,..,..,..,..,..,..,..
Australia,AUS,Access to electricity (% of population),EG.ELC.ACCS.ZS,100,100,100,100,100,100,100,100,100,100,100,100,100,100,100,100,100,100,100,100,100,100,100,100,100,100,100,100,100,100,100
Australia,AUS,"Annualized average growth rate in per capita real survey mean consumption or income, total population (%)",SI.SPR.PCAP.ZG,..,..,..,..,..,..,..,..,..,..,..,..,..,..,..,..,..,..,..,..,4.61,..,..,..,..,..,..,..,..,..,..
Australia,AUS,Births attended by skilled health staff (% of total),SH.STA.BRTC.ZS,..,99.6,99.3,99.3,99.4,99.3,99.3,99.3,99.3,99.3,99.3,99.3,99.3,99.3,99.3,99.4,99.3,99.2,99.1,99.1,99.1,99.1,99.2,99.3,99.7,99.7,97,96.7,..,..,..
Australia,AUS,Coverage of social insurance programs (% of population),per_si_allsi.cov_pop_tot,..,..,..,..,..,..,..,..,..,..,..,..,..,..,..,..,..,..,..,..,..,..,..,..,..,..,..,..,..,..,..
Australia,AUS,"Debt service (PPG and IMF only, % of exports of goods, services and primary income)",DT.TDS.DPPF.XP.ZS,..,..,..,..,..,..,..,..,..,..,..,..,..,..,..,..,..,..,..,..,..,..,..,..,..,..,..,..,..,..,..
Australia,AUS,Employment in industry (% of total employment) (modeled ILO estimate),SL.IND.EMPL.ZS,..,23.5100002288818,23.2900009155273,23.2999992370605,23.1700000762939,22.6299991607666,22.1299991607666,21.8500003814697,21.5100002288818,21.1599998474121,21.6200008392334,20.7399997711182,20.9200000762939,20.8799991607666,21.2399997711182,21.1299991607666,21.2800006866455,21.1800003051758,21.6200008392334,21.1399993896484,20.9799995422363,20.8299999237061,20.7099990844727,20.4500007629395,20.2900009155273,19.3899993896484,19.3600006103516,19.4300003051758,19.8899993896484,19.0599994659424,..
Austria,AUT,Access to electricity (% of population),EG.ELC.ACCS.ZS,100,100,100,100,100,100,100,100,100,100,100,100,100,100,100,100,100,100,100,100,100,100,100,100,100,100,100,100,100,100,100
Austria,AUT,"Annualized average growth rate in per capita real survey mean consumption or income, total population (%)",SI.SPR.PCAP.ZG,..,..,..,..,..,..,..,..,..,..,..,..,..,..,..,..,..,..,..,..,..,..,..,..,..,..,..,..,..,1.14,..
Austria,AUT,Births attended by skilled health staff (% of total),SH.STA.BRTC.ZS,..,..,..,100,..,..,98.2,98.2,98.3,98.3,98.3,98.3,98.4,98.4,98.4,98.6,98.6,98.5,98.6,98.6,98.5,98.6,98.5,98.5,98.5,98.5,98.4,98.4,98.4,..,..
Austria,AUT,Coverage of social insurance programs (% of population),per_si_allsi.cov_pop_tot,..,..,..,..,..,..,..,..,..,..,..,..,..,..,..,..,..,..,..,..,..,..,..,..,..,..,..,..,..,..,..
Austria,AUT,"Debt service (PPG and IMF only, % of exports of goods, services and primary income)",DT.TDS.DPPF.XP.ZS,..,..,..,..,..,..,..,..,..,..,..,..,..,..,..,..,..,..,..,..,..,..,..,..,..,..,..,..,..,..,..
Austria,AUT,Employment in industry (% of total employment) (modeled ILO estimate),SL.IND.EMPL.ZS,..,33.8400001525879,33.4300003051758,32.8300018310547,32.4700012207031,32.0999984741211,30.2999992370605,29.6399993896484,29.5599994659424,29.7600002288818,30.0300006866455,29.3700008392334,28.8500003814697,28.9200000762939,26.7299995422363,27.5799999237061,28.1599998474121,27.3199996948242,26.2399997711182,24.9699993133545,24.9099998474121,26.0300006866455,26.0799999237061,25.9099998474121,25.75,25.7600002288818,25.5599994659424,24.9200000762939,25.4400005340576,25.3600006103516,..
Azerbaijan,AZE,Access to electricity (% of population),EG.ELC.ACCS.ZS,..,..,..,..,..,..,..,..,..,97,98.9082260131836,98.6218032836914,100,98.9274673461914,99.0747985839844,99.2215957641602,99.5,99.5234527587891,99.6838684082031,99.8542251586914,99.9437942504883,99.9000015258789,100,100,100,100,100,100,100,100,100
Azerbaijan,AZE,"Annualized average growth rate in per capita real survey mean consumption or income, total population (%)",SI.SPR.PCAP.ZG,..,..,..,..,..,..,..,..,..,..,..,..,..,..,..,..,..,..,..,..,..,..,..,..,..,..,..,..,..,..,..
Azerbaijan,AZE,Births attended by skilled health staff (% of total),SH.STA.BRTC.ZS,97.3,97.2,96.5,96.3,99.6,91.5,87.9,90.4,91.5,92.4,80.7,88,94,95.8,95.9,94.4,88.6,93,98,99.8,99.4,97.2,99.8,99.9,99.9,99.8,99.8,99.8,99.39,..,..
Azerbaijan,AZE,Coverage of social insurance programs (% of population),per_si_allsi.cov_pop_tot,..,..,..,..,..,..,..,..,..,..,..,..,..,..,..,..,..,..,..,..,..,..,..,..,..,50.6120971907671,..,..,..,..,..
Azerbaijan,AZE,"Debt service (PPG and IMF only, % of exports of goods, services and primary income)",DT.TDS.DPPF.XP.ZS,..,..,..,..,..,1.23747372686511,1.14595134043994,6.59957010077308,2.03187016212316,4.66936262143656,5.54873484313586,5.00853428278511,4.55590215928988,5.36261167155249,3.26987994067702,1.57776204181323,1.03067944497486,0.804809293888976,0.777477993015196,1.2328368935953,1.08583919571674,0.93286287357526,1.02626957345353,2.30744841099838,2.0344709385197,3.72498651441265,5.37497850806123,7.51650634796689,7.6933829414735,6.4717257450788,7.8520295160071
Azerbaijan,AZE,Employment in industry (% of total employment) (modeled ILO estimate),SL.IND.EMPL.ZS,..,13.75,13.25,12.6599998474121,12.1400003433228,11.6700000762939,11.4499998092651,11.210000038147,11.1199998855591,11.1800003051758,10.8800001144409,10.8199996948242,11.5299997329712,11.710000038147,11.8999996185303,12.0799999237061,12.3500003814697,12.6300001144409,12.1300001144409,12.6599998474121,13.7200002670288,14.0799999237061,14.289999961853,14.3800001144409,14.3000001907349,14.0600004196167,14.3299999237061,14.3699998855591,14.7200002670288,14.789999961853,..
"Bahamas, The",BHS,Access to electricity (% of population),EG.ELC.ACCS.ZS,100,100,100,100,100,100,100,100,100,100,100,100,100,100,100,100,100,100,100,100,100,100,100,100,100,100,100,100,100,100,100
"Bahamas, The",BHS,"Annualized average growth rate in per capita real survey mean consumption or income, total population (%)",SI.SPR.PCAP.ZG,..,..,..,..,..,..,..,..,..,..,..,..,..,..,..,..,..,..,..,..,..,..,..,..,..,..,..,..,..,..,..
"Bahamas, The",BHS,Births attended by skilled health staff (% of total),SH.STA.BRTC.ZS,99,..,..,..,..,99,..,99,99,99,99,..,99,99,98,..,99,99,99,..,99,99,..,98,99.9,98,99,..,..,..,..
"Bahamas, The",BHS,Coverage of social insurance programs (% of population),per_si_allsi.cov_pop_tot,..,..,..,..,..,..,..,..,..,..,..,..,..,..,..,..,..,..,..,..,..,..,..,..,..,..,..,..,..,..,..
"Bahamas, The",BHS,"Debt service (PPG and IMF only, % of exports of goods, services and primary income)",DT.TDS.DPPF.XP.ZS,..,..,..,..,..,..,..,..,..,..,..,..,..,..,..,..,..,..,..,..,..,..,..,..,..,..,..,..,..,..,..
"Bahamas, The",BHS,Employment in industry (% of total employment) (modeled ILO estimate),SL.IND.EMPL.ZS,..,15.3299999237061,15.3000001907349,12.25,12.9099998474121,14.2399997711182,14.8000001907349,14.6499996185303,15.3000001907349,16.7199993133545,17.0100002288818,17.0499992370605,16.6900005340576,15.8500003814697,16.0799999237061,17.8199996948242,18.3099994659424,17.9500007629395,16.25,16.0599994659424,16.1200008392334,15.9700002670288,15.960000038147,15.5200004577637,15.3800001144409,14.9399995803833,14.8699998855591,14.8400001525879,14.5900001525879,14.4799995422363,..
Bahrain,BHR,Access to electricity (% of population),EG.ELC.ACCS.ZS,99.9413986206055,99.9673919677734,99.9871826171875,99.9971389770508,99.9997711181641,100,100,100,100,100,100,100,100,100,100,100,100,100,100,100,100,100,100,100,100,100,100,100,100,100,100
Bahrain,BHR,"Annualized average growth rate in per capita real survey mean consumption or income, total population (%)",SI.SPR.PCAP.ZG,..,..,..,..,..,..,..,..,..,..,..,..,..,..,..,..,..,..,..,..,..,..,..,..,..,..,..,..,..,..,..
Bahrain,BHR,Births attended by skilled health staff (% of total),SH.STA.BRTC.ZS,..,..,..,..,..,97.6,..,..,..,..,97.7,97.5,97.6,97.8,97.7,97.5,97.5,97.4,97.5,99.4,99.3,99.6,99.8,99.8,99.8,99.9,99.7,99.9,..,..,..
Bahrain,BHR,Coverage of social insurance programs (% of population),per_si_allsi.cov_pop_tot,..,..,..,..,..,..,..,..,..,..,..,..,..,..,..,..,..,..,..,..,..,..,..,..,..,..,..,..,..,..,..
Bahrain,BHR,"Debt service (PPG and IMF only, % of exports of goods, services and primary income)",DT.TDS.DPPF.XP.ZS,..,..,..,..,..,..,..,..,..,..,..,..,..,..,..,..,..,..,..,..,..,..,..,..,..,..,..,..,..,..,..
Bahrain,BHR,Employment in industry (% of total employment) (modeled ILO estimate),SL.IND.EMPL.ZS,..,28.5300006866455,28.4500007629395,28.7900009155273,28.6100006103516,28.4699993133545,28.3299999237061,28.2199993133545,28.0300006866455,28,28.4699993133545,28.5699996948242,28.6599998474121,29.0599994659424,29.9799995422363,31.0100002288818,32.2400016784668,33.4000015258789,34.5499992370605,34.5099983215332,35.7200012207031,35.2099990844727,34.9700012207031,35.0999984741211,35.2299995422363,35.1599998474121,35.3600006103516,35.4799995422363,35.4000015258789,35.25,..
Bangladesh,BGD,Access to electricity (% of population),EG.ELC.ACCS.ZS,..,14.29,9.90541934967041,12.7178802490234,17.8,18.3380451202393,21.1443862915039,22.4,26.7461929321289,29.5402145385742,32,35.0326461791992,37.8510704040527,40.6642608642578,40.5999984741211,44.2299995422363,50.5251007080078,46.5,54.7355155944824,57.56884765625,55.2599983215332,59.5999984741211,66.1555709838867,61.5,62.4000015258789,74.9037399291992,75.9199981689453,88,91.8000030517578,92.1999969482422,96.1999969482422
Bangladesh,BGD,"Annualized average growth rate in per capita real survey mean consumption or income, total population (%)",SI.SPR.PCAP.ZG,..,..,..,..,..,..,..,..,..,..,..,..,..,..,..,..,..,..,..,..,..,..,..,..,..,..,1.54,..,..,..,..
Bangladesh,BGD,Births attended by skilled health staff (% of total),SH.STA.BRTC.ZS,..,..,..,..,9.5,..,..,8,..,..,12.1,12,..,13.9,13.2,..,20.1,18,..,24.4,26.5,31.7,..,36.5,42.1,..,49.8,67.8,52.7,..,..
Bangladesh,BGD,Coverage of social insurance programs (% of population),per_si_allsi.cov_pop_tot,..,..,..,..,..,..,..,..,..,..,..,..,..,..,..,1.64764635332953,..,..,..,..,1.498691912,..,..,..,..,..,0.950573298991893,..,..,..,..
Bangladesh,BGD,"Debt service (PPG and IMF only, % of exports of goods, services and primary income)",DT.TDS.DPPF.XP.ZS,33.7263358580019,26.6692522885583,19.3726906581175,16.0422085558822,14.3489116688513,15.7837922400755,13.5970948459162,11.8602389070274,10.2767419108144,10.6968323084173,10.2993502276537,9.41040588964907,10.0079896201209,8.09227442416867,6.82865283748165,7.28396621634927,5.00657158462558,6.37768535280657,4.80468409523044,5.42581349888465,4.45399151116508,4.92472546941832,5.10303754972587,5.11097472988986,4.82398270719794,3.47819387023182,3.01950370634328,3.47521870311027,3.60391934863929,4.13361528308642,5.03996053784916
Bangladesh,BGD,Employment in industry (% of total employment) (modeled ILO estimate),SL.IND.EMPL.ZS,..,13.5799999237061,12.710000038147,11.8800001144409,11.0699996948242,10.3999996185303,9.77999973297119,9.9399995803833,10.1599998474121,10.3999996185303,10.6999998092651,11.210000038147,11.7200002670288,12.3100004196167,12.9799995422363,13.789999961853,14.5200004577637,15.289999961853,16.0400009155273,16.7900009155273,17.6299991607666,18.0799999237061,18.5599994659424,19.0200004577637,19.4500007629395,19.9599990844727,20.4599990844727,20.4200000762939,20.8400001525879,21.3199996948242,..
Barbados,BRB,Access to electricity (% of population),EG.ELC.ACCS.ZS,99.9842529296875,99.9934387207031,99.9986877441406,100,100,100,100,100,100,100,100,100,100,100,99.9967422485352,99.9804534912109,100,100,100,100,100,100,100,100,100,100,100,100,100,100,100
Barbados,BRB,"Annualized average growth rate in per capita real survey mean consumption or income, total population (%)",SI.SPR.PCAP.ZG,..,..,..,..,..,..,..,..,..,..,..,..,..,..,..,..,..,..,..,..,..,..,..,..,..,..,..,..,..,..,..
Barbados,BRB,Births attended by skilled health staff (% of total),SH.STA.BRTC.ZS,..,..,..,..,..,100,..,..,..,91,98,..,100,100,100,100,100,100,100,..,..,100,98.9,98.6,99.8,99,99.1,..,..,..,..
Barbados,BRB,Coverage of social insurance programs (% of population),per_si_allsi.cov_pop_tot,..,..,..,..,..,..,..,..,..,..,..,..,..,..,..,..,..,..,..,..,..,..,..,..,..,..,..,..,..,..,..
Barbados,BRB,"Debt service (PPG and IMF only, % of exports of goods, services and primary income)",DT.TDS.DPPF.XP.ZS,..,..,..,..,..,..,..,..,..,..,..,..,..,..,..,..,..,..,..,..,..,..,..,..,..,..,..,..,..,..,..
Barbados,BRB,Employment in industry (% of total employment) (modeled ILO estimate),SL.IND.EMPL.ZS,..,20.1200008392334,19.6700000762939,19.0699996948242,18.8600006103516,19.5699996948242,18.5699996948242,19.7199993133545,20.8700008392334,21.4099998474121,20.6200008392334,19.6299991607666,18.7399997711182,17.6100006103516,17.3700008392334,17.0699996948242,16.6499996185303,17.1700000762939,17.6200008392334,17.9200000762939,18.8400001525879,18.5499992370605,18.5300006866455,18.9599990844727,19.4300003051758,19.3600006103516,19.3199996948242,19.3400001525879,19.1700000762939,18.9300003051758,..
Belarus,BLR,Access to electricity (% of population),EG.ELC.ACCS.ZS,100,100,100,100,100,100,100,100,100,100,100,100,100,100,100,100,100,100,100,100,100,100,100,100,100,100,100,100,100,100,100
Belarus,BLR,"Annualized average growth rate in per capita real survey mean consumption or income, total population (%)",SI.SPR.PCAP.ZG,..,..,..,..,..,..,..,..,..,..,..,..,..,..,..,..,..,..,..,..,..,..,..,..,..,..,..,..,..,0.23,..
Belarus,BLR,Births attended by skilled health staff (% of total),SH.STA.BRTC.ZS,99.9,99.9,99.9,99.9,99.9,99.9,99.9,99.9,99.9,99.9,99.9,99.9,99.9,99.9,99.9,100,99.9,99.9,99.9,99.9,99.9,99.8,100,99.8,99.8,..,..,..,..,..,..
Belarus,BLR,Coverage of social insurance programs (% of population),per_si_allsi.cov_pop_tot,..,..,..,..,..,..,..,..,..,..,..,..,..,..,..,..,..,..,43.085328577589,40.8850369141459,42.3895135052547,..,47.9254706372092,48.687496151917,47.1448030325561,49.6906123078658,49.9879494759897,50.6654789940766,48.9162725309144,47.4754519364206,..
Belarus,BLR,"Debt service (PPG and IMF only, % of exports of goods, services and primary income)",DT.TDS.DPPF.XP.ZS,..,..,..,0.643911029650596,4.15263581230312,3.3592420394612,1.60409022769558,1.70081556800996,1.92196108475338,3.37805479479791,3.61966729766028,2.97732701076308,2.32637499075102,1.91962637493414,1.62127797812944,1.36255317119183,1.0919471509312,1.18372626931974,1.00295836973764,2.36516894958034,2.20988392613295,3.94924021044744,7.42332685639181,7.49227500038971,9.22242879965975,10.0014805780485,9.99779424859883,6.80726171495423,10.305504099551,8.30524265423715,9.47979069593179
Belarus,BLR,Employment in industry (% of total employment) (modeled ILO estimate),SL.IND.EMPL.ZS,..,36.8800010681152,36.4599990844727,35.9000015258789,35.2999992370605,34.7400016784668,34.2299995422363,33.7900009155273,33.3600006103516,32.9099998474121,32.5699996948242,32.1500015258789,31.8999996185303,31.7299995422363,31.6900005340576,31.6700000762939,31.7600002288818,31.8400001525879,32,31.9699993133545,32.0099983215332,31.9699993133545,31.7999992370605,31.6499996185303,31.4899997711182,31.0699996948242,31.5300006866455,30.7700004577637,30.6299991607666,30.3799991607666,..
Belgium,BEL,Access to electricity (% of population),EG.ELC.ACCS.ZS,100,100,100,100,100,100,100,100,100,100,100,100,100,100,100,100,100,100,100,100,100,100,100,100,100,100,100,100,100,100,100
Belgium,BEL,"Annualized average growth rate in per capita real survey mean consumption or income, total population (%)",SI.SPR.PCAP.ZG,..,..,..,..,..,..,..,..,..,..,..,..,..,..,..,..,..,..,..,..,..,..,..,..,..,..,..,..,..,1.41,..
Belgium,BEL,Births attended by skilled health staff (% of total),SH.STA.BRTC.ZS,..,..,..,..,..,..,..,..,..,99.3,..,..,..,..,..,..,..,..,..,..,..,..,..,..,..,..,..,..,..,..,..
Belgium,BEL,Coverage of social insurance programs (% of population),per_si_allsi.cov_pop_tot,..,..,..,..,..,..,..,..,..,..,..,..,..,..,..,..,..,..,..,..,..,..,..,..,..,..,..,..,..,..,..
Belgium,BEL,"Debt service (PPG and IMF only, % of exports of goods, services and primary income)",DT.TDS.DPPF.XP.ZS,..,..,..,..,..,..,..,..,..,..,..,..,..,..,..,..,..,..,..,..,..,..,..,..,..,..,..,..,..,..,..
Belgium,BEL,Employment in industry (% of total employment) (modeled ILO estimate),SL.IND.EMPL.ZS,..,31.2099990844727,30.6299991607666,29.4599990844727,28.8799991607666,28.25,27.6299991607666,27.5499992370605,27.25,25.7700004577637,25.8099994659424,25.4899997711182,25.7800006866455,24.9200000762939,24.9400005340576,24.6900005340576,24.6900005340576,24.4300003051758,24.6700000762939,23.4699993133545,23.3799991607666,23.2299995422363,21.7600002288818,21.7000007629395,21.3899993896484,21.4300003051758,21.2600002288818,20.7600002288818,21.0599994659424,20.8400001525879,..
Belize,BLZ,Access to electricity (% of population),EG.ELC.ACCS.ZS,..,67,72.2249145507813,73.1233291625977,74.0203857421875,74.915397644043,75.8076934814453,76.6965866088867,77.5814056396484,78.4613800048828,79,80.1969604492188,81.0294189453125,81.8566360473633,82.6809768676758,83.5047760009766,90.9885330200195,85.1606369018555,85.9980621337891,86.8454284667969,89.9172210693359,91.6817321777344,90.9959182739258,91.1861038208008,91.3642578125,91.8000030517578,93.2223129272461,94.1890106201172,91.7200012207031,92.7200012207031,97.1133346557617
Belize,BLZ,"Annualized average growth rate in per capita real survey mean consumption or income, total population (%)",SI.SPR.PCAP.ZG,..,..,..,..,..,..,..,..,..,..,..,..,..,..,..,..,..,..,..,..,..,..,..,..,..,..,..,..,..,..,..
Belize,BLZ,Births attended by skilled health staff (% of total),SH.STA.BRTC.ZS,..,76.9,..,..,..,79,..,..,79,83.8,100,..,97,..,87.8,89.3,95.8,90.7,94.9,93.5,94,96.2,..,94.2,..,89,96.8,94,..,..,..
Belize,BLZ,Coverage of social insurance programs (% of population),per_si_allsi.cov_pop_tot,..,..,..,..,..,..,..,..,..,..,..,..,..,..,..,..,..,..,..,28.1895386619671,..,..,..,..,..,..,..,..,..,..,..
Belize,BLZ,"Debt service (PPG and IMF only, % of exports of goods, services and primary income)",DT.TDS.DPPF.XP.ZS,7.01403088379385,6.19545355892649,5.42505812349086,5.99158651178918,8.5220104816571,11.7455147221718,12.1818567103616,10.281246242877,12.0277914682005,10.9073076382614,17.1417620525909,21.8100140911629,38.6791623982465,29.0733828659995,61.5160081058528,36.8493020363895,17.586848238792,78.9539216819878,11.6039820690158,13.1195225316872,11.5729599002046,9.34930317321407,9.28168483824913,10.8007288912074,6.89346010373868,7.39766834745657,8.69627184630559,8.28677021641383,7.91900807229792,8.44340936769688,10.4537147084637
Belize,BLZ,Employment in industry (% of total employment) (modeled ILO estimate),SL.IND.EMPL.ZS,..,20.1100006103516,19.9300003051758,19.9699993133545,19.5300006866455,17.8099994659424,16.9599990844727,18.25,17.9899997711182,16.9799995422363,17.3899993896484,17.4400005340576,17.5200004577637,17.6000003814697,17.7399997711182,17.8799991607666,17.6499996185303,17.2900009155273,17.1399993896484,16.7399997711182,16.4099998474121,16.1800003051758,15.960000038147,15.7700004577637,15.6099996566772,15.4200000762939,15.710000038147,15.6999998092651,15.5900001525879,15.5900001525879,..
Benin,BEN,Access to electricity (% of population),EG.ELC.ACCS.ZS,..,..,..,..,..,..,14.5,18.5896263122559,19.578254699707,20.5620422363281,21.5310840606689,21.8999996185303,23.4159278869629,24.3493232727051,25.2798328399658,26.2098045349121,27.8999996185303,28.0780162811279,29.021614074707,29.9751510620117,34.2000007629395,36.9000015258789,38.4000015258789,34.691219329834,34.0999984741211,29.6200008392334,37.0952453613281,34.5,39.2469177246094,40.3286895751953,41.4109573364258
Benin,BEN,"Annualized average growth rate in per capita real survey mean consumption or income, total population (%)",SI.SPR.PCAP.ZG,..,..,..,..,..,..,..,..,..,..,..,..,..,..,..,..,..,..,..,..,..,..,..,..,..,0.07,..,..,..,..,..
Benin,BEN,Births attended by skilled health staff (% of total),SH.STA.BRTC.ZS,..,..,..,..,..,..,59.8,..,..,..,..,65.5,..,..,..,75,74,..,..,..,..,..,80.9,..,77.2,..,..,..,78.1,..,..
Benin,BEN,Coverage of social insurance programs (% of population),per_si_allsi.cov_pop_tot,..,..,..,..,..,..,..,..,..,..,..,..,..,6.62698090721438,..,..,..,..,..,..,..,..,..,..,..,..,..,..,..,..,..
Benin,BEN,"Debt service (PPG and IMF only, % of exports of goods, services and primary income)",DT.TDS.DPPF.XP.ZS,8.91022945923323,5.10605556005947,4.81882797295417,5.22276565430316,6.8604368265985,7.24729365294794,6.16138373594727,8.44515704905509,9.22838983577085,10.3810942681249,12.948759458952,8.29161326958087,8.68629344765671,6.62017291710172,4.93712502528177,5.8740083998645,4.13759098453714,2.14523346834355,1.5869002099435,2.93391845668299,2.28419870017756,2.44053726251977,2.87717514859286,3.10938459544134,2.48017315705767,2.74556098128809,2.97683458957438,3.01098797400616,5.84075319922411,13.8667654172127,..
Benin,BEN,Employment in industry (% of total employment) (modeled ILO estimate),SL.IND.EMPL.ZS,..,20.1200008392334,20.0900001525879,20.0100002288818,20.3999996185303,20.2800006866455,20.2399997711182,20.1800003051758,20.0599994659424,20.0100002288818,19.9099998474121,19.7999992370605,19.7099990844727,19.6000003814697,19.4400005340576,19.3700008392334,19.2399997711182,19.0499992370605,18.8600006103516,18.7600002288818,18.6499996185303,18.5499992370605,18.4599990844727,18.4400005340576,18.3899993896484,18.4300003051758,18.2800006866455,18.2800006866455,18.2800006866455,18.3099994659424,..
Bermuda,BMU,Access to electricity (% of population),EG.ELC.ACCS.ZS,100,100,100,100,100,100,100,100,100,100,100,100,100,100,100,100,100,100,100,100,100,100,100,100,100,100,100,100,100,100,100
Bermuda,BMU,"Annualized average growth rate in per capita real survey mean consumption or income, total population (%)",SI.SPR.PCAP.ZG,..,..,..,..,..,..,..,..,..,..,..,..,..,..,..,..,..,..,..,..,..,..,..,..,..,..,..,..,..,..,..
Bermuda,BMU,Births attended by skilled health staff (% of total),SH.STA.BRTC.ZS,..,..,..,..,..,..,..,..,..,..,..,..,..,..,..,..,..,..,..,..,..,..,..,..,..,..,..,..,..,..,..
Bermuda,BMU,Coverage of social insurance programs (% of population),per_si_allsi.cov_pop_tot,..,..,..,..,..,..,..,..,..,..,..,..,..,..,..,..,..,..,..,..,..,..,..,..,..,..,..,..,..,..,..
Bermuda,BMU,"Debt service (PPG and IMF only, % of exports of goods, services and primary income)",DT.TDS.DPPF.XP.ZS,..,..,..,..,..,..,..,..,..,..,..,..,..,..,..,..,..,..,..,..,..,..,..,..,..,..,..,..,..,..,..
Bermuda,BMU,Employment in industry (% of total employment) (modeled ILO estimate),SL.IND.EMPL.ZS,..,..,..,..,..,..,..,..,..,..,..,..,..,..,..,..,..,..,..,..,..,..,..,..,..,..,..,..,..,..,..
Bhutan,BTN,Access to electricity (% of population),EG.ELC.ACCS.ZS,..,..,..,..,..,..,..,..,..,..,31.1499996185303,40.0451316833496,43.9788780212402,41.0999984741211,51.8330116271973,59.8081130981445,59.6850547790527,71.8000030517578,67.5552520751953,71.5038986206055,73.2829132080078,81.76708984375,91.5,87.4511413574219,91.483512878418,95.5307159423828,99.5897903442383,97.6999969482422,99.974365234375,100,100
Bhutan,BTN,"Annualized average growth rate in per capita real survey mean consumption or income, total population (%)",SI.SPR.PCAP.ZG,..,..,..,..,..,..,..,..,..,..,..,..,..,..,..,..,..,..,..,..,..,..,..,..,..,..,..,1.67,..,..,..
Bhutan,BTN,Births attended by skilled health staff (% of total),SH.STA.BRTC.ZS,..,..,..,..,12,..,..,..,..,..,27.3,..,..,56.1,..,52.3,57.1,71.4,66.3,66,64.5,70,81,89,89,89,89,97.2,96.2,..,..
Bhutan,BTN,Coverage of social insurance programs (% of population),per_si_allsi.cov_pop_tot,..,..,..,..,..,..,..,..,..,..,..,..,..,..,..,..,..,1.43014904016577,..,..,..,..,0.712240916240276,..,..,..,..,0.89294146445799,..,..,..
Bhutan,BTN,"Debt service (PPG and IMF only, % of exports of goods, services and primary income)",DT.TDS.DPPF.XP.ZS,..,..,..,..,..,..,..,..,..,..,..,..,..,..,..,..,2.53036545750162,4.69505966079551,11.8507099824423,12.6844892415372,14.4049539191019,11.190277888059,17.7811361333064,11.0070226583246,11.8356496463142,17.028472201436,11.3742444920148,10.1204811434009,10.3302058348266,6.67710961911913,5.73223504316178
Bhutan,BTN,Employment in industry (% of total employment) (modeled ILO estimate),SL.IND.EMPL.ZS,..,5.84999990463257,5.90000009536743,5.90999984741211,5.96000003814697,6.01999998092651,6.07999992370605,6.11999988555908,6.17999982833862,6.34999990463257,6.61999988555908,6.94999980926514,7.26999998092651,7.38000011444092,7.53999996185303,7.6399998664856,7.55000019073486,7.25,6.82999992370605,6.67000007629395,6.63000011444092,9.19999980926514,9.90999984741211,10.960000038147,10.8299999237061,9.64999961853027,9.9399995803833,10.210000038147,10.2200002670288,10.1499996185303,..
Bolivia,BOL,Access to electricity (% of population),EG.ELC.ACCS.ZS,..,..,60.0279006958008,61.3840293884277,64.1,64.0915298461914,71,67.330431,71.2,70.929888,69.9630432128906,69.2585372924805,63.9968566894531,72.3000030517578,75.9453048706055,68.2882080078125,76.2112808227539,80.1565704345703,84.6749877929688,86.7655944824219,87.8863143920898,88.3359451293945,90.3873748779297,89.5056838989258,90.0387268066406,91.522819519043,91.8000030517578,91.8000030517578,92.8000030517578,95.0800018310547,97.5541229248047
Bolivia,BOL,"Annualized average growth rate in per capita real survey mean consumption or income, total population (%)",SI.SPR.PCAP.ZG,..,..,..,..,..,..,..,..,..,..,..,..,..,..,..,..,..,..,..,..,..,..,..,..,..,..,..,..,..,..,-0.18
Bolivia,BOL,Births attended by skilled health staff (% of total),SH.STA.BRTC.ZS,..,..,..,..,47.2,..,..,..,59.3,..,67.3,..,65.1,60.8,60.8,..,..,..,71.1,..,..,84,84.8,73.5,..,72.8,89.8,99.5,71.5,..,..
Bolivia,BOL,Coverage of social insurance programs (% of population),per_si_allsi.cov_pop_tot,..,..,..,..,..,..,..,..,..,..,..,..,..,..,..,..,8.09237474415615,8.08623571169757,8.21736132785646,8.39291048227242,..,8.36406027895824,8.54984296223906,..,7.77063502396189,7.684082264,7.959401739,7.319455939,7.485718114,8.536836972,..
Bolivia,BOL,"Debt service (PPG and IMF only, % of exports of goods, services and primary income)",DT.TDS.DPPF.XP.ZS,34.1707331491713,29.7357390274976,34.3431776653598,34.3824901887209,25.7324828721454,25.7513491799382,25.60875197722,23.7766470463744,25.9624614191286,18.5535600449622,18.2090475950593,16.3978448843615,14.4015699509704,14.1969951429679,10.9151378875591,9.77565528015506,6.90095643518876,5.37549428587943,6.44883339720714,4.74882736759198,4.35691800523827,2.49980604877501,3.57036716917453,2.20659232052293,2.6308845741665,5.2460612915654,5.52978097587389,5.95107887512216,6.38915234592635,7.54675939945742,10.7336565402453
Bolivia,BOL,Employment in industry (% of total employment) (modeled ILO estimate),SL.IND.EMPL.ZS,..,19.1599998474121,19.0900001525879,19.0400009155273,18.9899997711182,18.9899997711182,18.8799991607666,18.6399993896484,18.8500003814697,18.9099998474121,18.6200008392334,15.6899995803833,17.75,20.5100002288818,20.5100002288818,19.3899993896484,17.4599990844727,19.6700000762939,20.1000003814697,20.7099990844727,20.7399997711182,20.9400005340576,20.6000003814697,19.8299999237061,20.6299991607666,22.5300006866455,20.7900009155273,20.0300006866455,19.4799995422363,19.4099998474121,..
Bosnia and Herzegovina,BIH,Access to electricity (% of population),EG.ELC.ACCS.ZS,100,100,100,100,100,100,100,100,100,100,100,99.4000015258789,98.5,100,100,100,99.3872756958008,99.6999969482422,100,100,100,99.7057800292969,100,99.5,100,99.6999969482422,100,100,100,100,100
Bosnia and Herzegovina,BIH,"Annualized average growth rate in per capita real survey mean consumption or income, total population (%)",SI.SPR.PCAP.ZG,..,..,..,..,..,..,..,..,..,..,..,..,..,..,..,..,..,..,..,..,..,..,..,..,..,..,..,..,..,..,..
Bosnia and Herzegovina,BIH,Births attended by skilled health staff (% of total),SH.STA.BRTC.ZS,97,97.4,..,..,..,..,98.9,98.7,99.3,99.6,98.9,99.9,99.9,99.9,99.9,99.9,99.4,99.9,99.9,99.9,99.9,99.9,99.9,..,99.9,99.9,99.9,99.9,99.9,..,..
Bosnia and Herzegovina,BIH,Coverage of social insurance programs (% of population),per_si_allsi.cov_pop_tot,..,..,..,..,..,..,..,..,..,..,..,..,..,..,..,..,..,41.5237912263429,..,..,..,..,..,..,..,40.1629566997666,..,..,..,..,..
Bosnia and Herzegovina,BIH,"Debt service (PPG and IMF only, % of exports of goods, services and primary income)",DT.TDS.DPPF.XP.ZS,..,..,..,..,..,..,..,..,..,8.04184528452593,12.674192913103,11.9790009876501,5.93502806757307,5.22392903311675,4.11622860062373,3.58475320968733,3.34135602851968,3.14809828478084,2.70532142542834,3.28688729425924,3.62899875974874,3.68588964301355,4.45270271171034,7.05300035696868,7.73227454068449,7.28281426076188,6.4709641489053,7.41961195392865,6.81380625080855,6.05836767721025,6.20160823220982
Bosnia and Herzegovina,BIH,Employment in industry (% of total employment) (modeled ILO estimate),SL.IND.EMPL.ZS,..,27.6100006103516,27.5200004577637,27.4899997711182,27.6399993896484,27.9200000762939,28.6599998474121,29.1900005340576,29.7199993133545,29.7299995422363,29.8799991607666,29.75,29.8400001525879,29.9300003051758,30,30.3500003814697,30.7700004577637,32.5900001525879,32.4700012207031,31.4899997711182,30.8700008392334,28.8899993896484,30.3600006103516,29.8199996948242,30,30.6299991607666,31.2800006866455,31.7000007629395,32.1300010681152,31.7099990844727,..
Botswana,BWA,Access to electricity (% of population),EG.ELC.ACCS.ZS,..,10.1,9.39822673797607,11.6420764923096,13.8845663070679,16.1250171661377,18.3627471923828,20.5970783233643,22.8273296356201,25.0527400970459,26.4089794158936,24.7999992370605,27,33.0831069946289,35.2989120483398,37.5141792297363,39.7313194274902,41.9529800415039,44.5,43.3600006103516,52.0177803039551,53.2400016784668,56.0188140869141,57.9919204711914,59.952995300293,62.1300010681152,64.1750564575195,67.4000015258789,68.2292633056641,69.9597396850586,71.994758605957
Botswana,BWA,"Annualized average growth rate in per capita real survey mean consumption or income, total population (%)",SI.SPR.PCAP.ZG,..,..,..,..,..,..,..,..,..,..,..,..,..,..,..,..,..,..,..,..,..,..,..,..,..,-3.3,..,..,..,..,..
Botswana,BWA,Births attended by skilled health staff (% of total),SH.STA.BRTC.ZS,..,..,..,..,..,..,87,..,..,..,98.5,92,96.5,96.1,97.3,94,99.3,94.6,98.3,99.5,99.1,99.8,99.8,99.9,99.5,99.7,99.7,99.8,..,..,..
Botswana,BWA,Coverage of social insurance programs (% of population),per_si_allsi.cov_pop_tot,..,..,..,..,..,..,..,..,..,..,..,..,..,..,..,..,..,..,..,..,..,..,..,..,..,3.767816613,..,..,..,..,..
Botswana,BWA,"Debt service (PPG and IMF only, % of exports of goods, services and primary income)",DT.TDS.DPPF.XP.ZS,4.34041726954126,3.43810354282637,3.89749680633476,3.61000084562456,4.00290329740842,3.14062000800815,5.23308008789792,2.78744239716636,2.58142280357106,2.1428863083622,2.00179606499067,1.6898114582487,1.92848117785137,1.21174848272408,1.01805752868997,0.913881012691869,0.944099925656214,0.715854390884894,1.15992792396316,1.01010635158965,1.331342525139,0.978402545687432,0.820123848131514,2.04105451620515,0.583334178216561,2.10707343751678,1.89256490526752,2.41682649391939,2.25422157224847,2.79626517189516,3.50175892050684
Botswana,BWA,Employment in industry (% of total employment) (modeled ILO estimate),SL.IND.EMPL.ZS,..,25.4599990844727,25.6000003814697,25.6499996185303,25.7999992370605,25.9699993133545,25.7900009155273,23.8299999237061,22.2900009155273,21.6399993896484,21.1599998474121,21.6399993896484,22.1200008392334,22.6399993896484,21.7399997711182,20.8600006103516,20.0699996948242,19.4400005340576,18.7900009155273,18.1100006103516,18.0699996948242,18.0699996948242,18.0499992370605,18.0300006866455,18.0100002288818,18.0100002288818,17.9400005340576,17.8600006103516,17.75,17.6200008392334,..
Brazil,BRA,Access to electricity (% of population),EG.ELC.ACCS.ZS,87.475116,90.6065444946289,88.803833,89.999927,91.8837280273438,91.728598,92.867095,93.354139,94.193812,94.76296,94.391716003418,96.0165252685547,96.6529922485352,96.980094909668,96.7651062011719,97.0935134887695,97.5943145751953,98.1253814697266,98.5266265869141,98.8569412231445,98.5999984741211,99.3286895751953,99.5194931030273,99.5751495361328,99.6502456665039,99.7108993530273,99.6999969482422,99.8000030517578,99.6999969482422,99.8000030517578,100
Brazil,BRA,"Annualized average growth rate in per capita real survey mean consumption or income, total population (%)",SI.SPR.PCAP.ZG,..,..,..,..,..,..,..,..,..,..,..,..,..,..,..,..,..,..,..,..,..,..,..,..,..,..,..,..,..,0.13,..
Brazil,BRA,Births attended by skilled health staff (% of total),SH.STA.BRTC.ZS,..,69.5,..,..,..,..,87.6,98.6,98.6,98.6,98.6,98.3,98.5,98.4,98.6,98.6,97,98.6,98.8,98.9,98.9,99,99,99.1,99.1,99.1,99.1,99.1,..,..,..
Brazil,BRA,Coverage of social insurance programs (% of population),per_si_allsi.cov_pop_tot,..,..,..,..,..,..,..,..,..,..,..,..,..,..,..,..,30.1009390021581,..,..,27.9467696414169,..,28.3104496205996,28.3446475182455,..,..,30.5353119182891,29.63191264,30.29412086,30.86954781,30.50581513,..
Brazil,BRA,"Debt service (PPG and IMF only, % of exports of goods, services and primary income)",DT.TDS.DPPF.XP.ZS,18.5978745566658,16.6366901685174,14.7261882460548,13.0744275574015,17.2321206340311,23.6497187193839,22.5986868464809,20.7094466758625,27.3205612091519,41.8337159426657,37.0146941966454,22.9153206153309,37.3860186473394,39.5031159,23.4856293559478,30.165756414293,19.535415437446,10.8218981771797,9.30401801573839,7.09766455076036,5.93633612882627,6.75741959971678,4.0366826175101,7.11510757003687,5.48262965238695,12.7576373130651,10.6470418820597,10.8512629296176,11.8401320894886,14.6947400773007,12.4261266939649
Brazil,BRA,Employment in industry (% of total employment) (modeled ILO estimate),SL.IND.EMPL.ZS,..,23.4200000762939,23.0499992370605,22.9799995422363,23.0300006866455,22.7700004577637,22.8500003814697,22.8899993896484,22.7999992370605,22.0599994659424,21.8400001525879,21.5699996948242,22.0200004577637,21.4899997711182,21.6200008392334,21.9599990844727,21.9300003051758,22.4899997711182,23.2399997711182,22.7000007629395,22.5599994659424,22.3099994659424,23.0200004577637,22.9500007629395,22.8899993896484,22.1700000762939,20.8899993896484,20.4799995422363,20.1299991607666,19.9899997711182,..
British Virgin Islands,VGB,Access to electricity (% of population),EG.ELC.ACCS.ZS,94.606559753418,94.8247375488281,95.0428009033203,95.2601928710938,95.4762191772461,95.6902008056641,95.9014739990234,96.1093368530273,96.3131256103516,96.512077331543,97.4126968383789,97.5228271484375,97.6253662109375,97.7226715087891,97.8170928955078,97.9109802246094,98.0067291259766,98.1070098876953,98.2145156860352,98.3319702148438,98.3000030517578,98.6572952270508,98.8501663208008,99.021110534668,99.1800231933594,100,100,100,100,100,100
British Virgin Islands,VGB,"Annualized average growth rate in per capita real survey mean consumption or income, total population (%)",SI.SPR.PCAP.ZG,..,..,..,..,..,..,..,..,..,..,..,..,..,..,..,..,..,..,..,..,..,..,..,..,..,..,..,..,..,..,..
British Virgin Islands,VGB,Births attended by skilled health staff (% of total),SH.STA.BRTC.ZS,..,..,..,..,..,100,..,..,..,100,..,..,..,..,..,100,..,..,..,..,..,..,..,..,..,..,..,..,..,..,..
British Virgin Islands,VGB,Coverage of social insurance programs (% of population),per_si_allsi.cov_pop_tot,..,..,..,..,..,..,..,..,..,..,..,..,..,..,..,..,..,..,..,..,..,..,..,..,..,..,..,..,..,..,..
British Virgin Islands,VGB,"Debt service (PPG and IMF only, % of exports of goods, services and primary income)",DT.TDS.DPPF.XP.ZS,..,..,..,..,..,..,..,..,..,..,..,..,..,..,..,..,..,..,..,..,..,..,..,..,..,..,..,..,..,..,..
British Virgin Islands,VGB,Employment in industry (% of total employment) (modeled ILO estimate),SL.IND.EMPL.ZS,..,..,..,..,..,..,..,..,..,..,..,..,..,..,..,..,..,..,..,..,..,..,..,..,..,..,..,..,..,..,..
Brunei Darussalam,BRN,Access to electricity (% of population),EG.ELC.ACCS.ZS,100,100,100,100,100,100,100,100,100,100,100,100,100,100,100,100,100,100,100,100,100,100,100,100,100,100,100,100,100,100,100
Brunei Darussalam,BRN,"Annualized average growth rate in per capita real survey mean consumption or income, total population (%)",SI.SPR.PCAP.ZG,..,..,..,..,..,..,..,..,..,..,..,..,..,..,..,..,..,..,..,..,..,..,..,..,..,..,..,..,..,..,..
Brunei Darussalam,BRN,Births attended by skilled health staff (% of total),SH.STA.BRTC.ZS,..,97.8,98,97.8,98.2,96.2,98.9,99.6,99.3,99.4,99.2,99.7,99.4,99.4,99.4,99.6,99.6,99.9,99.7,99.8,99.8,99.6,99.8,99.7,99.9,100,100,99.8,..,..,..
Brunei Darussalam,BRN,Coverage of social insurance programs (% of population),per_si_allsi.cov_pop_tot,..,..,..,..,..,..,..,..,..,..,..,..,..,..,..,..,..,..,..,..,..,..,..,..,..,..,..,..,..,..,..
Brunei Darussalam,BRN,"Debt service (PPG and IMF only, % of exports of goods, services and primary income)",DT.TDS.DPPF.XP.ZS,..,..,..,..,..,..,..,..,..,..,..,..,..,..,..,..,..,..,..,..,..,..,..,..,..,..,..,..,..,..,..
Brunei Darussalam,BRN,Employment in industry (% of total employment) (modeled ILO estimate),SL.IND.EMPL.ZS,..,24.1499996185303,24.3899993896484,24.6299991607666,24.5100002288818,24.9300003051758,24.4300003051758,24.1700000762939,24.3999996185303,23.1599998474121,22.5100002288818,22.6700000762939,22.1499996185303,21.5699996948242,21.1499996185303,20.5300006866455,20.1800003051758,20.3199996948242,19.6000003814697,19.9699993133545,19.5200004577637,18.9599990844727,18.7800006866455,18.8099994659424,18.6299991607666,17.9200000762939,16.9799995422363,16.1299991607666,19.3999996185303,20.7600002288818,..
Bulgaria,BGR,Access to electricity (% of population),EG.ELC.ACCS.ZS,100,100,100,100,100,100,100,100,100,100,100,100,100,100,100,100,100,100,100,100,100,100,100,100,100,100,100,100,100,100,99.6999969482422
Bulgaria,BGR,"Annualized average growth rate in per capita real survey mean consumption or income, total population (%)",SI.SPR.PCAP.ZG,..,..,..,..,..,..,..,..,..,..,..,..,..,..,..,..,..,..,..,..,..,..,..,..,..,..,..,..,..,9.25,..
Bulgaria,BGR,Births attended by skilled health staff (% of total),SH.STA.BRTC.ZS,99.1,99.5,99.8,99,99,98.9,99.9,99.9,99.88003,99,99.8,98.9,99.2,99.2,99.4,99.4,99.4,99.6,99.6,99.6,99.5,..,..,99.7,99.7,99.8,..,..,..,..,..
Bulgaria,BGR,Coverage of social insurance programs (% of population),per_si_allsi.cov_pop_tot,..,..,..,..,..,..,..,..,..,..,..,..,..,..,..,..,..,47.7153619117239,..,..,..,..,..,..,..,..,..,..,..,..,..
Bulgaria,BGR,"Debt service (PPG and IMF only, % of exports of goods, services and primary income)",DT.TDS.DPPF.XP.ZS,18.6206171018388,5.40316861538462,8.16673282347917,6.19162352917602,12.727136464769,16.1190966864469,18.4540313024296,18.338642867935,16.91006288385,13.9431499458501,13.0533730030959,15.1268294199536,10.4147123263168,7.10014548783866,10.3757465391453,14.6908281483481,5.48879393445649,3.97005551315555,3.23913269235501,2.51938396363976,1.72412652613307,1.29361037287689,1.27975281540063,5.09548809028892,1.1242060868943,1.19164216473713,1.45898612602423,4.00406932615434,1.27084797256408,1.18824276758004,1.35541468115821
Bulgaria,BGR,Employment in industry (% of total employment) (modeled ILO estimate),SL.IND.EMPL.ZS,..,41.1199989318848,40.189998626709,39.1699981689453,38.3800010681152,37.5,37.0099983215332,35.3600006103516,35.1199989318848,33.7900009155273,32.8300018310547,32.7700004577637,32.6599998474121,32.1300010681152,32.9199981689453,34.2400016784668,34.4700012207031,35.5,36.4300003051758,35.2400016784668,32.9799995422363,31.4599990844727,31.3199996948242,30.1900005340576,30.1200008392334,29.8999996185303,29.7900009155273,29.8999996185303,30.1100006103516,30.0200004577637,..
Burkina Faso,BFA,Access to electricity (% of population),EG.ELC.ACCS.ZS,..,..,..,6.1,6.12501001358032,6.62533283233643,7.1229362487793,7.61713981628418,8.10726451873779,6.9,9.07501983642578,9.52135181427002,9.96009922027588,11.3999996185303,10.8242387771606,11.2543277740479,11.6862897872925,12.1227731704712,12.5664882659912,12.6300001144409,13.1000003814697,14.8084144592285,15.1179943084717,15.4056425094604,19.2000007629395,16.0769748687744,16.641056060791,17.2140426635742,14.3999996185303,18.3748550415039,18.957239151001
Burkina Faso,BFA,"Annualized average growth rate in per capita real survey mean consumption or income, total population (%)",SI.SPR.PCAP.ZG,..,..,..,..,..,..,..,..,..,..,..,..,..,..,..,..,..,..,..,..,..,..,..,..,2.93,..,..,..,..,..,..
Burkina Faso,BFA,Births attended by skilled health staff (% of total),SH.STA.BRTC.ZS,..,..,..,41.5,..,..,..,..,..,31,..,..,..,37.8,..,..,53.5,..,..,..,65.9,..,..,..,..,79.8,..,..,..,..,..
Burkina Faso,BFA,Coverage of social insurance programs (% of population),per_si_allsi.cov_pop_tot,..,..,..,..,..,..,..,..,..,..,..,..,..,..,..,..,..,..,..,..,..,..,..,..,2.18617357095934,..,..,..,2.700438247,..,..
Burkina Faso,BFA,"Debt service (PPG and IMF only, % of exports of goods, services and primary income)",DT.TDS.DPPF.XP.ZS,7.80425730607188,11.3773685523974,8.88572944702836,11.5152730764375,14.8810575493864,..,..,..,..,..,18.4480783941929,13.0410915199703,13.657484864865,12.0323172497438,8.93994739142795,7.83050879506804,6.03362671961537,4.74886855359128,3.93964101452001,3.88132598276693,2.51140053533586,2.33860504538712,2.13284155313262,2.47184001006297,2.94925237314032,4.04830938282267,3.6639957137547,3.58017837883273,3.14769561706998,3.48380173823538,..
Burkina Faso,BFA,Employment in industry (% of total employment) (modeled ILO estimate),SL.IND.EMPL.ZS,..,3.16000008583069,3.21000003814697,3.25,3.32999992370605,3.6800000667572,4.07000017166138,4.55000019073486,5.07000017166138,5.67999982833862,6.34000015258789,7.1100001335144,8,9.05000019073486,10.1999998092651,11.4899997711182,13.0200004577637,14.6899995803833,16.4899997711182,18.5400009155273,20.7800006866455,23.2299995422363,25.8299999237061,28.6299991607666,31.5499992370605,29.8500003814697,28.2099990844727,26.6700000762939,25.25,25.1599998474121,..
Burundi,BDI,Access to electricity (% of population),EG.ELC.ACCS.ZS,..,..,..,..,..,..,..,..,3.9,2.07094931602478,2.46323680877686,2.79742002487183,3.12401843070984,3.44538164138794,3.76385879516602,3.20731711387634,2.66000008583069,4.7259464263916,4.80000019073486,5.39901685714722,5.30000019073486,6.12268400192261,6.5,6.90000009536743,7,8.42765235900879,9.34840965270996,9.30000019073486,10.8849086761475,11.3565282821655,11.7355556488037
Burundi,BDI,"Annualized average growth rate in per capita real survey mean consumption or income, total population (%)",SI.SPR.PCAP.ZG,..,..,..,..,..,..,..,..,..,..,..,..,..,..,..,..,..,..,..,..,..,..,..,..,..,..,..,..,..,..,..
Burundi,BDI,Births attended by skilled health staff (% of total),SH.STA.BRTC.ZS,..,..,..,..,..,..,..,..,..,..,25.2,..,..,..,..,31.8,..,..,..,..,60.3,..,78.4,..,..,..,..,85.1,..,..,..
Burundi,BDI,Coverage of social insurance programs (% of population),per_si_allsi.cov_pop_tot,..,..,..,..,..,..,..,..,..,..,..,..,..,..,..,..,..,..,..,..,..,..,..,..,..,..,..,..,..,..,..
Burundi,BDI,"Debt service (PPG and IMF only, % of exports of goods, services and primary income)",DT.TDS.DPPF.XP.ZS,41.6755298051624,29.5711513976619,35.3360747039599,35.4754807624081,38.9776719964116,27.2720725420847,53.3579168020117,30.1662021305017,41.3075538452773,46.1689477609495,34.8363596220474,46.4068669624068,54.5656251297029,62.1181036087685,134.721955054621,40.4074816381618,20.3601868798412,18.4669461779781,11.8623439629039,16.4822208484971,2.32810336867458,4.20705572765574,8.86755036131289,13.5591978444016,13.5643574946178,13.9184942516758,16.0191368282633,9.55400797804711,9.93248139936809,..,..
Burundi,BDI,Employment in industry (% of total employment) (modeled ILO estimate),SL.IND.EMPL.ZS,..,2.52999997138977,2.49000000953674,2.45000004768372,2.40000009536743,2.32999992370605,2.25999999046326,2.22000002861023,2.20000004768372,2.23000001907349,2.25999999046326,2.29999995231628,2.34999990463257,2.41000008583069,2.44000005722046,2.53999996185303,2.60999989509583,2.71000003814697,2.79999995231628,2.91000008583069,3.01999998092651,3.13000011444092,3.25,3.36999988555908,3.5,3.48000001907349,3.48000001907349,3.47000002861023,3.41000008583069,3.34999990463257,..
Cabo Verde,CPV,Access to electricity (% of population),EG.ELC.ACCS.ZS,..,..,..,..,..,..,..,..,..,..,58.4223289489746,60.1615180969238,58.5999984741211,63.619499206543,65.3429870605469,67,68.7907562255859,70.5201034545898,72.2566757202148,74.0031890869141,81.0999984741211,82.3562469482422,83.3587646484375,84.3393478393555,85.3079071044922,86.3578414916992,87.5449295043945,88.6909637451172,90.411750793457,91.4000015258789,94.1617431640625
Cabo Verde,CPV,"Annualized average growth rate in per capita real survey mean consumption or income, total population (%)",SI.SPR.PCAP.ZG,..,..,..,..,..,..,..,..,..,..,..,..,..,..,..,..,..,..,..,..,..,..,..,..,..,..,..,..,..,..,..
Cabo Verde,CPV,Births attended by skilled health staff (% of total),SH.STA.BRTC.ZS,..,..,..,..,..,54,..,..,88.5,..,..,..,..,..,..,77.5,76.4,74.4,74.6,75.6,98.5,98.7,..,92.3,95.6,91.4,92.6,92.4,..,..,..
Cabo Verde,CPV,Coverage of social insurance programs (% of population),per_si_allsi.cov_pop_tot,..,..,..,..,..,..,..,..,..,..,..,..,..,..,..,..,..,6.00064551806937,..,..,..,..,..,..,..,..,..,..,..,..,..
Cabo Verde,CPV,"Debt service (PPG and IMF only, % of exports of goods, services and primary income)",DT.TDS.DPPF.XP.ZS,8.88855074637333,14.5134178431357,18.5858292547343,12.0857707691419,14.0277492734511,10.2774537281413,7.44872788242303,10.4547729112101,16.8771744797905,15.8809824365964,11.0784796322344,8.17406197555756,11.8701753444953,7.26942351599749,7.92735140030131,9.57361109861946,6.42939295654848,4.97784351300448,4.25007120802018,5.62593375520214,5.44163754809739,4.74452231715688,4.53406522726793,4.5762142446876,4.77824364903538,6.22653397691234,5.90718968888539,6.14104160448345,5.60759630079369,5.91425614906821,13.3503104662746
Cabo Verde,CPV,Employment in industry (% of total employment) (modeled ILO estimate),SL.IND.EMPL.ZS,..,17.9099998474121,18.0300006866455,18.1800003051758,18.3899993896484,18.6299991607666,18.9599990844727,19.2900009155273,19.6700000762939,20.0499992370605,20.4599990844727,20.8600006103516,21.2999992370605,21.6599998474121,21.9799995422363,22.3099994659424,22.5799999237061,22.7800006866455,22.9500007629395,23.0499992370605,23.0799999237061,22.9699993133545,22.8299999237061,22.6599998474121,22.4899997711182,22.3099994659424,22.0799999237061,21.9099998474121,21.8799991607666,21.7999992370605,..
Cambodia,KHM,Access to electricity (% of population),EG.ELC.ACCS.ZS,..,..,..,..,..,..,..,..,18.67,8.82003688812256,16.6000003814697,14.6247777938843,18.1870994567871,19.2999992370605,25.2983837127686,20.5,32.4075813293457,35.9676361083984,26.3999996185303,43.1121520996094,31.1000003814697,50.3072624206543,53.9305648803711,57.5736961364746,56.0999984741211,64.9104232788086,69.5443115234375,89.0699996948242,81.0756530761719,84,86.4000015258789
Cambodia,KHM,"Annualized average growth rate in per capita real survey mean consumption or income, total population (%)",SI.SPR.PCAP.ZG,..,..,..,..,..,..,..,..,..,..,..,..,..,..,..,..,..,..,..,..,..,..,..,..,..,..,..,..,..,..,..
Cambodia,KHM,Births attended by skilled health staff (% of total),SH.STA.BRTC.ZS,..,..,..,..,..,43.3,..,..,34,..,31.8,..,..,..,16.3,43.8,43.8,..,..,..,71,71.7,74,..,89,..,..,..,..,..,..
Cambodia,KHM,Coverage of social insurance programs (% of population),per_si_allsi.cov_pop_tot,..,..,..,..,..,..,..,..,..,..,..,..,..,..,..,..,..,..,2.6456237369239,..,..,..,..,1.86913898965382,..,..,..,..,..,..,..
Cambodia,KHM,"Debt service (PPG and IMF only, % of exports of goods, services and primary income)",DT.TDS.DPPF.XP.ZS,..,..,3.82814427116486,9.5880200073548,0.152266221408966,0.672619675145572,0.910412295482295,0.873125712406839,0.945278707239896,1.13509038949622,0.662388793123078,0.857886555846269,0.842480394908936,0.947244358304177,0.79836502109211,0.725559479970341,0.572510291730331,0.571139371609222,0.754555734349618,0.938051611821077,0.981413852265385,0.901285928469172,0.979829516030699,1.11615225966041,1.09271649657121,1.00176537236667,1.26849349039141,1.30453594128916,1.39997767024266,1.42820235728889,1.71516282509131
Cambodia,KHM,Employment in industry (% of total employment) (modeled ILO estimate),SL.IND.EMPL.ZS,..,6.01999998092651,6.17999982833862,6.28000020980835,5.76999998092651,6.09000015258789,6.34000015258789,6.6100001335144,6.88000011444092,7.6100001335144,8.53999996185303,11,11.5,11.8999996185303,12.539999961853,13.2799997329712,14,14.7200002670288,15.1300001144409,15.6199998855591,16.0400009155273,16.4699993133545,17.7600002288818,19.2800006866455,23.7700004577637,24.9200000762939,25.7600002288818,25.4899997711182,27.0200004577637,27.9099998474121,..
Cameroon,CMR,Access to electricity (% of population),EG.ELC.ACCS.ZS,..,29,32.6975250244141,33.849193572998,34.9995040893555,36.1477737426758,37.2933235168457,38.435474395752,40.7,40.7067756652832,41,46.2000007629395,44.0404014587402,45.1230125427246,47.0999984741211,47.2819328308105,49,48.2000007629395,50.5413970947266,51.6441535949707,52.7595558166504,53.7000007629395,55.0391540527344,56.2078132629395,56.7999992370605,58.5955924987793,59.8087768554688,61.0308647155762,62.2000007629395,63.4898796081543,64.7213668823242
Cameroon,CMR,"Annualized average growth rate in per capita real survey mean consumption or income, total population (%)",SI.SPR.PCAP.ZG,..,..,..,..,..,..,..,..,..,..,..,..,..,..,..,..,..,..,..,..,..,..,..,..,3.84,..,..,..,..,..,..
Cameroon,CMR,Births attended by skilled health staff (% of total),SH.STA.BRTC.ZS,..,58.4,..,..,..,..,..,..,55,..,56,..,..,..,58.9,..,58.9,..,..,..,..,56.1,..,..,64.7,..,..,..,69,..,..
Cameroon,CMR,Coverage of social insurance programs (% of population),per_si_allsi.cov_pop_tot,..,..,..,..,..,..,..,..,..,..,..,..,..,..,..,..,..,2.80466786947192,..,..,..,..,..,..,3.40811025210118,..,..,..,..,..,..
Cameroon,CMR,"Debt service (PPG and IMF only, % of exports of goods, services and primary income)",DT.TDS.DPPF.XP.ZS,13.0022289271631,12.3319504094522,11.2239652603358,18.5681814002186,16.7842418749248,17.2304215517138,18.4248926809392,17.27385964139,17.960948113675,16.5756999046865,14.257030201503,7.16561219276751,8.84210144976527,9.77539205690514,12.8478161161505,14.3545039550013,10.7256062166918,3.9504633561356,2.64669954093021,2.59460857638424,2.62882560450498,2.49660277851276,1.54614374928199,1.85566310281944,5.57397531255722,6.02422978542499,7.36909386673476,6.58223493160915,8.49241625021731,8.79220016077388,14.092933912335
Cameroon,CMR,Employment in industry (% of total employment) (modeled ILO estimate),SL.IND.EMPL.ZS,..,9.9399995803833,9.82999992370605,9.71000003814697,9.64000034332275,9.56999969482422,9.52000045776367,9.5,9.53999996185303,9.60000038146973,9.68000030517578,9.80000019073486,10.0200004577637,10.2399997711182,10.4499998092651,10.6700000762939,10.9200000762939,11.1700000762939,11.5100002288818,11.9300003051758,12.289999961853,12.710000038147,13.1700000762939,13.6199998855591,14.0799999237061,14.2299995422363,14.3299999237061,14.4200000762939,14.4200000762939,14.4200000762939,..
Canada,CAN,Access to electricity (% of population),EG.ELC.ACCS.ZS,100,100,100,100,100,100,100,100,100,100,100,100,100,100,100,100,100,100,100,100,100,100,100,100,100,100,100,100,100,100,100
Canada,CAN,"Annualized average growth rate in per capita real survey mean consumption or income, total population (%)",SI.SPR.PCAP.ZG,..,..,..,..,..,..,..,..,..,..,..,..,..,..,..,..,..,..,..,..,..,..,..,..,..,..,..,1.17,..,..,..
Canada,CAN,Births attended by skilled health staff (% of total),SH.STA.BRTC.ZS,..,99.1,99.6,99.4,99.3,99.4,99.2,99.3,99.3,99.2,99.3,99.3,99.3,98.9,99,98.8,98.8,98.8,98.7,98.6,98.5,98.4,98.1,98,97.9,97.9,97.8,97.9,98,..,..
Canada,CAN,Coverage of social insurance programs (% of population),per_si_allsi.cov_pop_tot,..,..,..,..,..,..,..,..,..,..,..,..,..,..,..,..,..,..,..,..,..,..,..,..,..,..,..,..,..,..,..
Canada,CAN,"Debt service (PPG and IMF only, % of exports of goods, services and primary income)",DT.TDS.DPPF.XP.ZS,..,..,..,..,..,..,..,..,..,..,..,..,..,..,..,..,..,..,..,..,..,..,..,..,..,..,..,..,..,..,..
Canada,CAN,Employment in industry (% of total employment) (modeled ILO estimate),SL.IND.EMPL.ZS,..,23.8799991607666,23.1800003051758,22.5100002288818,22.6700000762939,22.9300003051758,22.75,23.0599994659424,23.1200008392334,23.1200008392334,23.2900009155273,23.0599994659424,23.2299995422363,22.9699993133545,23.0499992370605,22.6900005340576,22.1100006103516,21.6700000762939,21.4599990844727,20.2900009155273,20.1499996185303,20.2900009155273,20.4599990844727,20.3299999237061,20.1800003051758,19.9200000762939,19.6700000762939,19.5300006866455,19.5699996948242,19.25,..
Caribbean small states,CSS,Access to electricity (% of population),EG.ELC.ACCS.ZS,..,..,..,80.2988515980668,80.5695466056479,81.2546144462782,84.5966621700197,82.623682809763,83.2168425334155,85.8926138123413,86.8292942974403,89.4535927206406,89.2864781089555,89.3763660145404,89.8602700175669,90.2847210431497,90.7606516633723,91.7113747200426,92.8808260551362,92.1911863434161,93.4070603924759,93.3906480037973,94.4029957151005,94.8869223835886,94.8017508751529,95.6659287364673,96.6912081788071,97.2997114625456,97.6860301364799,98.221954027314,98.8189268976713
Caribbean small states,CSS,"Annualized average growth rate in per capita real survey mean consumption or income, total population (%)",SI.SPR.PCAP.ZG,..,..,..,..,..,..,..,..,..,..,..,..,..,..,..,..,..,..,..,..,..,..,..,..,..,..,..,..,..,..,..
Caribbean small states,CSS,Births attended by skilled health staff (% of total),SH.STA.BRTC.ZS,..,..,..,..,..,..,..,..,..,..,92.5479740603697,..,..,..,..,..,..,..,..,..,92.5825574040825,..,..,..,..,..,..,..,98.6540631033334,..,..
Caribbean small states,CSS,Coverage of social insurance programs (% of population),per_si_allsi.cov_pop_tot,..,..,..,..,..,..,..,..,..,..,..,..,..,..,..,..,..,..,..,..,..,..,..,..,..,..,..,..,..,..,..
Caribbean small states,CSS,"Debt service (PPG and IMF only, % of exports of goods, services and primary income)",DT.TDS.DPPF.XP.ZS,..,..,..,..,..,..,..,..,..,..,..,..,..,..,..,..,..,..,..,..,..,..,..,..,..,..,..,..,..,..,..
Caribbean small states,CSS,Employment in industry (% of total employment) (modeled ILO estimate),SL.IND.EMPL.ZS,..,21.231352774047,20.8316776917633,20.5959295600026,20.3958107273103,21.3151753489478,21.44856105172,20.9214551693676,21.3952745912856,21.2999371569884,21.0280738193508,21.2331543256887,21.1646562791405,21.0785941480863,21.8328702163432,21.9310269032128,21.8792942926824,21.7610872878835,21.6837718342877,21.1075144598308,20.9316190824879,20.5596649822551,20.3213746344057,20.2715424969322,19.9911207274277,19.8076746259597,19.8445134523171,19.707126702755,19.7334277402261,19.6455503326535,..
Cayman Islands,CYM,Access to electricity (% of population),EG.ELC.ACCS.ZS,99.846923828125,99.8788146972656,99.9102401733398,100,100,100,100,100,100,100,100,100,100,100,100,100,100,100,100,100,100,100,100,100,100,100,100,100,100,100,100
Cayman Islands,CYM,"Annualized average growth rate in per capita real survey mean consumption or income, total population (%)",SI.SPR.PCAP.ZG,..,..,..,..,..,..,..,..,..,..,..,..,..,..,..,..,..,..,..,..,..,..,..,..,..,..,..,..,..,..,..
Cayman Islands,CYM,Births attended by skilled health staff (% of total),SH.STA.BRTC.ZS,..,..,..,..,..,..,..,..,..,..,..,..,..,..,..,100,..,..,..,..,..,..,..,..,..,..,..,..,..,..,..
Cayman Islands,CYM,Coverage of social insurance programs (% of population),per_si_allsi.cov_pop_tot,..,..,..,..,..,..,..,..,..,..,..,..,..,..,..,..,..,..,..,..,..,..,..,..,..,..,..,..,..,..,..
Cayman Islands,CYM,"Debt service (PPG and IMF only, % of exports of goods, services and primary income)",DT.TDS.DPPF.XP.ZS,..,..,..,..,..,..,..,..,..,..,..,..,..,..,..,..,..,..,..,..,..,..,..,..,..,..,..,..,..,..,..
Cayman Islands,CYM,Employment in industry (% of total employment) (modeled ILO estimate),SL.IND.EMPL.ZS,..,..,..,..,..,..,..,..,..,..,..,..,..,..,..,..,..,..,..,..,..,..,..,..,..,..,..,..,..,..,..
Central African Republic,CAF,Access to electricity (% of population),EG.ELC.ACCS.ZS,..,..,..,..,..,3,3.33491563796997,3.83021020889282,4.32142543792725,4.80779838562012,6,5.7360520362854,6.17705392837524,6.61282014846802,7.04570055007935,7.4780445098877,7.80516910552979,8.35099792480469,7.48000001907349,9.25287532806396,9.80000019073486,10.2466478347778,10.8688611984253,11.4691410064697,12.0573968887329,12.727029800415,13.5338163375854,14.2995414733887,14.8423757553101,14.3000001907349,15.4650840759277
Central African Republic,CAF,"Annualized average growth rate in per capita real survey mean consumption or income, total population (%)",SI.SPR.PCAP.ZG,..,..,..,..,..,..,..,..,..,..,..,..,..,..,..,..,..,..,..,..,..,..,..,..,..,..,..,..,..,..,..
Central African Republic,CAF,Births attended by skilled health staff (% of total),SH.STA.BRTC.ZS,..,..,..,..,..,45.9,..,..,..,..,31.7,..,..,..,..,..,41.4,..,43.7,43.7,40,..,..,..,..,..,..,..,..,..,..
Central African Republic,CAF,Coverage of social insurance programs (% of population),per_si_allsi.cov_pop_tot,..,..,..,..,..,..,..,..,..,..,..,..,..,..,..,..,..,..,..,..,..,..,..,..,..,..,..,..,..,..,..
Central African Republic,CAF,"Debt service (PPG and IMF only, % of exports of goods, services and primary income)",DT.TDS.DPPF.XP.ZS,12.4936589093978,7.41990439341161,8.18090051786241,3.78226748080099,11.8260131176747,..,..,..,..,..,..,..,..,..,..,..,..,..,..,..,..,..,..,..,..,..,..,..,..,..,..
Central African Republic,CAF,Employment in industry (% of total employment) (modeled ILO estimate),SL.IND.EMPL.ZS,..,9.22000026702881,9.11999988555908,9.02000045776367,8.90999984741211,8.82999992370605,8.65999984741211,8.51000022888184,8.42000007629395,8.3100004196167,8.1899995803833,8.06999969482422,7.96999979019165,7.84999990463257,7.76999998092651,7.69000005722046,7.67000007629395,7.6399998664856,7.63000011444092,7.53999996185303,7.42000007629395,7.26000022888184,7.09000015258789,6.94999980926514,6.75,6.55999994277954,6.46000003814697,6.36999988555908,6.30000019073486,6.26000022888184,..
Central Europe and the Baltics,CEB,Access to electricity (% of population),EG.ELC.ACCS.ZS,100,100,100,100,100,100,100,100,100,100,100,100,100,100,100,100,100,100,100,100,100,100,100,100,100,100,99.8278344126722,100,100,100,99.9796400333302
Central Europe and the Baltics,CEB,"Annualized average growth rate in per capita real survey mean consumption or income, total population (%)",SI.SPR.PCAP.ZG,..,..,..,..,..,..,..,..,..,..,..,..,..,..,..,..,..,..,..,..,..,..,..,..,..,..,..,..,..,..,..
Central Europe and the Baltics,CEB,Births attended by skilled health staff (% of total),SH.STA.BRTC.ZS,99.0160607096093,..,..,..,..,..,..,..,..,..,99.4758663168905,..,..,..,..,..,..,..,..,..,99.6076089128426,..,..,..,..,..,..,..,99.1514925784187,..,..
Central Europe and the Baltics,CEB,Coverage of social insurance programs (% of population),per_si_allsi.cov_pop_tot,..,..,..,..,..,..,..,..,..,..,..,..,..,..,..,..,..,..,..,..,..,..,..,..,..,..,..,..,..,..,..
Central Europe and the Baltics,CEB,"Debt service (PPG and IMF only, % of exports of goods, services and primary income)",DT.TDS.DPPF.XP.ZS,..,..,..,..,..,..,..,..,..,..,..,..,..,..,..,..,..,..,..,..,..,..,..,..,..,..,..,..,..,..,..
Central Europe and the Baltics,CEB,Employment in industry (% of total employment) (modeled ILO estimate),SL.IND.EMPL.ZS,..,38.145222152439,36.621876764014,35.7536692607761,34.6220773988107,33.9442706113303,33.9252538036765,33.2780186982445,32.9219179526576,31.8759369021513,31.2372083532659,31.3043698206174,31.5205489946733,31.3293895806587,31.9462679559371,31.9335935114935,32.2948608547932,32.9542226366346,33.5489243412678,32.076148977381,30.9745468499586,31.1708874409803,30.8636400110319,30.7082002595838,30.8651919649421,30.8168922302117,31.4942223009919,31.7375305651402,31.8437107577281,31.883893700714,..
Chad,TCD,Access to electricity (% of population),EG.ELC.ACCS.ZS,..,..,..,..,..,..,..,2.3,2.42038726806641,2.80621337890625,3.17988133430481,3.5271143913269,3.86676287651062,4.20117616653442,3.5,4.86369371414185,5.19655656814575,5.53394079208374,5.87855625152588,6.23311138153076,6.40000009536743,8.97999954223633,7.8354058265686,8.12655830383301,8.40568542480469,7.69999980926514,9.26384735107422,10.8999996185303,10.1140403747559,8.39999961853027,11.080117225647
Chad,TCD,"Annualized average growth rate in per capita real survey mean consumption or income, total population (%)",SI.SPR.PCAP.ZG,..,..,..,..,..,..,..,..,..,..,..,..,..,..,..,..,..,..,..,..,..,..,..,..,..,..,..,..,..,..,..
Chad,TCD,Births attended by skilled health staff (% of total),SH.STA.BRTC.ZS,..,..,..,..,..,..,..,15,..,..,13.7,..,..,..,14.4,..,..,..,..,..,16.6,..,..,..,..,24.3,..,..,..,..,..
Chad,TCD,Coverage of social insurance programs (% of population),per_si_allsi.cov_pop_tot,..,..,..,..,..,..,..,..,..,..,..,..,..,..,..,..,..,..,..,..,..,2.47797179203433,..,..,..,..,..,..,..,..,..
Chad,TCD,"Debt service (PPG and IMF only, % of exports of goods, services and primary income)",DT.TDS.DPPF.XP.ZS,3.7095539101584,3.64299369649446,3.61927685864282,6.21032119151562,7.83153009511347,..,..,..,..,..,..,..,..,..,..,..,..,..,..,..,..,..,..,..,..,..,..,..,..,..,..
Chad,TCD,Employment in industry (% of total employment) (modeled ILO estimate),SL.IND.EMPL.ZS,..,2.16000008583069,2.11999988555908,2.05999994277954,2.01999998092651,1.98000001907349,1.94000005722046,1.91999995708466,1.88999998569489,1.87000000476837,1.86000001430511,1.88999998569489,1.91999995708466,1.95000004768372,1.99000000953674,2.02999997138977,2.0699999332428,2.08999991416931,2.10999989509583,2.13000011444092,2.14000010490417,2.13000011444092,2.14000010490417,2.10999989509583,2.08999991416931,2.05999994277954,2.00999999046326,1.97000002861023,1.9099999666214,1.87999999523163,..
Channel Islands,CHI,Access to electricity (% of population),EG.ELC.ACCS.ZS,100,100,100,100,100,100,100,100,100,100,100,100,100,100,100,100,100,100,100,100,100,100,100,100,100,100,100,100,100,100,100
Channel Islands,CHI,"Annualized average growth rate in per capita real survey mean consumption or income, total population (%)",SI.SPR.PCAP.ZG,..,..,..,..,..,..,..,..,..,..,..,..,..,..,..,..,..,..,..,..,..,..,..,..,..,..,..,..,..,..,..
Channel Islands,CHI,Births attended by skilled health staff (% of total),SH.STA.BRTC.ZS,..,..,..,..,..,..,..,..,..,..,..,..,..,..,..,..,..,..,..,..,..,..,..,..,..,..,..,..,..,..,..
Channel Islands,CHI,Coverage of social insurance programs (% of population),per_si_allsi.cov_pop_tot,..,..,..,..,..,..,..,..,..,..,..,..,..,..,..,..,..,..,..,..,..,..,..,..,..,..,..,..,..,..,..
Channel Islands,CHI,"Debt service (PPG and IMF only, % of exports of goods, services and primary income)",DT.TDS.DPPF.XP.ZS,..,..,..,..,..,..,..,..,..,..,..,..,..,..,..,..,..,..,..,..,..,..,..,..,..,..,..,..,..,..,..
Channel Islands,CHI,Employment in industry (% of total employment) (modeled ILO estimate),SL.IND.EMPL.ZS,..,36.8600006103516,36.6399993896484,36.4799995422363,36.3899993896484,36.189998626709,35.9500007629395,35.7200012207031,35.4500007629395,35.1699981689453,35.0499992370605,34.25,33.4799995422363,32.6399993896484,32.0800018310547,31.6399993896484,31.4200000762939,31.2199993133545,30.4599990844727,29.2800006866455,28.7800006866455,28.2700004577637,27.7900009155273,27.3799991607666,27.0200004577637,26.6200008392334,26.1599998474121,25.6700000762939,25.1499996185303,24.6399993896484,..
Chile,CHL,Access to electricity (% of population),EG.ELC.ACCS.ZS,92.257427,94.781623840332,94.560057,95.2737274169922,95.5180740356445,95.760383605957,95.617315,96.2361679077148,97.241124,96.6955490112305,97.9386901855469,97.1158065795898,97.2836837768555,98.7823257446289,97.606086730957,97.7653121948242,99.3681106567383,98.0920181274414,98.2648696899414,99.5936584472656,99.5383911132813,99.5881958007813,100,99.5999984741211,100,99.71484375,100,99.6999969482422,100,100,100
Chile,CHL,"Annualized average growth rate in per capita real survey mean consumption or income, total population (%)",SI.SPR.PCAP.ZG,..,..,..,..,..,..,..,..,..,..,..,..,..,..,..,..,..,..,..,..,..,..,..,..,..,..,..,..,..,..,2.5
Chile,CHL,Births attended by skilled health staff (% of total),SH.STA.BRTC.ZS,..,..,..,99,99.5,99.5,99.6,99.4,99.6,99.4,99,99.8,99.8,97.7,99.8,99.8,99.8,99.7,99.8,99.8,99.8,99.8,99.8,99.8,99.8,99.7,99.7,99.8,..,..,..
Chile,CHL,Coverage of social insurance programs (% of population),per_si_allsi.cov_pop_tot,..,..,..,..,..,..,..,..,..,..,..,..,..,..,..,..,31.8797553893109,..,..,41.2561616145696,..,23.6404420351347,..,44.394747665859,..,44.9127020912868,..,45.67106426,..,..,..
Chile,CHL,"Debt service (PPG and IMF only, % of exports of goods, services and primary income)",DT.TDS.DPPF.XP.ZS,..,..,..,..,..,..,..,..,..,..,..,..,..,..,..,..,..,..,..,..,..,..,..,..,..,..,..,..,..,..,..
Chile,CHL,Employment in industry (% of total employment) (modeled ILO estimate),SL.IND.EMPL.ZS,..,26.2999992370605,26.4699993133545,27.2299995422363,26.0499992370605,26.0599994659424,26.5900001525879,27.2900009155273,25.5300006866455,23.4200000762939,23.3899993896484,23.9200000762939,23.8600006103516,23.3999996185303,23.6000003814697,22.9500007629395,23.2900009155273,23.3799991607666,23.5400009155273,23.0900001525879,22.9599990844727,23.3799991607666,23.8299999237061,23.8799991607666,23.4899997711182,23.2800006866455,23.0100002288818,22.7399997711182,22.3299999237061,22.25,..
China,CHN,Access to electricity (% of population),EG.ELC.ACCS.ZS,..,..,..,..,..,..,..,..,..,..,97.0217971801758,97.2727890014648,97.5162048339844,97.7543792724609,97.9896697998047,98.2244262695313,98.461051940918,98.7022018432617,98.9505767822266,99.2089004516602,99.6999969482422,99.8487243652344,99.9619293212891,99.9964447021484,100,100,100,100,100,100,100
China,CHN,"Annualized average growth rate in per capita real survey mean consumption or income, total population (%)",SI.SPR.PCAP.ZG,..,..,..,..,..,..,..,..,..,..,..,..,..,..,..,..,..,..,..,..,..,..,..,..,..,..,..,..,..,6.28,..
China,CHN,Births attended by skilled health staff (% of total),SH.STA.BRTC.ZS,94,93.7,84.1,83.6,90.4,89.3,93.1,93.8,..,96.8,96.6,97.3,96.7,95.9,97.3,97.5,97.8,98.4,99.1,99.3,99.6,99.7,99.8,99.9,99.9,99.9,99.9,..,..,..,..
China,CHN,Coverage of social insurance programs (% of population),per_si_allsi.cov_pop_tot,..,..,..,..,..,..,..,..,..,..,..,..,..,..,..,..,..,..,..,..,..,..,..,35.5795806625965,..,..,..,..,..,..,..
China,CHN,"Debt service (PPG and IMF only, % of exports of goods, services and primary income)",DT.TDS.DPPF.XP.ZS,10.61087782865,10.8471167581194,9.38499580272947,10.2438423904561,8.13551420499848,8.98416222815204,8.32007878237502,11.5008838660312,8.70650426239214,9.17566978181451,7.10409203458801,6.09541913731877,5.08872214798298,3.02754497292796,1.27992613666205,1.0966182611331,0.850360108265305,0.645770522431796,0.58683872726785,0.64123788133237,0.769034112701346,0.657232720922183,0.445864720993073,0.479938491118378,0.544561381336237,1.34013127931385,0.763811107953444,0.691518567773786,0.73428497804743,1.01222201202008,1.11765480345813
China,CHN,Employment in industry (% of total employment) (modeled ILO estimate),SL.IND.EMPL.ZS,..,21.3999996185303,21.7000007629395,22.3999996185303,22.7000007629395,23,23.5,23.7000007629395,23.5,23,22.5,22.2999992370605,21.3999996185303,21.6000003814697,22.5,23.7999992370605,25.2000007629395,26.7999992370605,27.2000007629395,27.7999992370605,28.7000007629395,29.5,30.2999992370605,30.1000003814697,29.8999996185303,29.1800003051758,28.7999992370605,28.1100006103516,28.3199996948242,27.4200000762939,..
Colombia,COL,Access to electricity (% of population),EG.ELC.ACCS.ZS,89.9,91.8366546630859,92.1326599121094,92.4279937744141,92.7219619750977,91.2,93.3031005859375,93.5889129638672,93.8706436157227,94.1475296020508,95.1999969482422,98.4700012207031,94.9055023193359,95.1293487548828,95.3503112792969,96.8000030517578,95.7930297851563,96.0198440551758,96.8067626953125,96.0572280883789,96.7889938354492,96.693603515625,97.0321731567383,97.7794189453125,97.7909393310547,98.186897277832,98.4000015258789,98.5,98.5,99.7559204101563,100
Colombia,COL,"Annualized average growth rate in per capita real survey mean consumption or income, total population (%)",SI.SPR.PCAP.ZG,..,..,..,..,..,..,..,..,..,..,..,..,..,..,..,..,..,..,..,..,..,..,..,..,..,..,..,..,..,..,-3.31
Colombia,COL,Births attended by skilled health staff (% of total),SH.STA.BRTC.ZS,80.6,..,..,..,..,83.6,..,..,91.3,92.1,86.1,93.1,94.5,95,95.6,90.7,97.1,97.8,98.1,98.6,94.8,99.2,98.7,98.7,98.9,95.9,95.5,99.3,98.4,99.1,..
Colombia,COL,Coverage of social insurance programs (% of population),per_si_allsi.cov_pop_tot,..,..,..,..,..,..,..,..,..,..,..,..,..,..,..,..,..,..,..,..,9.9349438896222,9.61440839914004,8.89796493036404,..,9.2703176583432,10.6573571976303,10.7571994451222,10.458795377041,10.7305552051066,10.82088129653,..
Colombia,COL,"Debt service (PPG and IMF only, % of exports of goods, services and primary income)",DT.TDS.DPPF.XP.ZS,34.5227164214491,32.8085728451909,35.6459809910365,26.7570962519982,29.2738920705062,24.6105934893741,20.8322893346405,18.153015370799,20.331985971916,32.3196957791707,20.9313279503128,27.7967364971197,32.7777249325323,34.2033035031191,18.4109326089783,25.9984870556046,16.8067960562258,13.2019183018255,9.58053589881654,9.42921209273227,9.12400746391076,6.54458847233012,6.91722194285466,5.92614596206117,7.63452095611922,9.41437593839333,12.2677403774765,18.5454719083206,17.2554029170747,14.5454202539024,16.6234086203052
Colombia,COL,Employment in industry (% of total employment) (modeled ILO estimate),SL.IND.EMPL.ZS,..,19.7399997711182,19.6900005340576,19.6900005340576,19.6900005340576,19.6499996185303,19.5200004577637,19.4400005340576,19.2199993133545,18.7700004577637,18.5699996948242,18.4300003051758,18.4599990844727,18.5699996948242,18.7700004577637,18.9200000762939,19.2199993133545,19.5200004577637,19.6599998474121,19.8299999237061,20,20.6599998474121,20.6599998474121,19.6399993896484,19.7900009155273,19.8299999237061,19.4099998474121,19.4200000762939,19.9899997711182,20.1200008392334,..
Comoros,COM,Access to electricity (% of population),EG.ELC.ACCS.ZS,..,..,..,..,..,..,28.9,32.7624130249023,35.0945281982422,37.421802520752,39.7153549194336,42.0186653137207,44.7999992370605,46.6048812866211,48.8924865722656,51.1795539855957,53.4684944152832,55.7619552612305,58.0626487731934,60.3732833862305,69.8077087402344,69.4258041381836,69.3000030517578,69.7684478759766,72.1627960205078,74.5719833374023,76.9930419921875,79.4230041503906,81.8589096069336,84.2977752685547,86.7371368408203
Comoros,COM,"Annualized average growth rate in per capita real survey mean consumption or income, total population (%)",SI.SPR.PCAP.ZG,..,..,..,..,..,..,..,..,..,..,..,..,..,..,..,..,..,..,..,..,..,..,..,..,..,..,..,..,..,..,..
Comoros,COM,Births attended by skilled health staff (% of total),SH.STA.BRTC.ZS,..,..,..,..,..,..,51.6,..,..,..,61.8,..,..,..,..,..,..,..,..,..,..,..,82.2,..,..,..,..,..,..,..,..
Comoros,COM,Coverage of social insurance programs (% of population),per_si_allsi.cov_pop_tot,..,..,..,..,..,..,..,..,..,..,..,..,..,..,1.8803121284515,..,..,..,..,..,..,..,..,..,..,..,..,..,..,..,..
Comoros,COM,"Debt service (PPG and IMF only, % of exports of goods, services and primary income)",DT.TDS.DPPF.XP.ZS,2.51475793512729,15.6713123828478,11.0122346295314,3.79134677318144,6.5083102577074,1.78516104693982,..,..,..,..,..,..,..,4.63350003208726,5.40340776454644,6.51372594050412,5.56011313280068,33.7947181265748,15.3994423484582,14.6104456844715,4.73668498079385,3.80520271470168,13.1986815735188,0.541588419712518,0.591865638475941,7.24707079946107,5.54648763813543,2.98082051223683,3.88710601982862,2.89097960853206,10.4431704445956
Comoros,COM,Employment in industry (% of total employment) (modeled ILO estimate),SL.IND.EMPL.ZS,..,15.5699996948242,15.4499998092651,15.3100004196167,15.1499996185303,14.9899997711182,14.8299999237061,14.6899995803833,14.5600004196167,14.4499998092651,14.3800001144409,14.3199996948242,14.2799997329712,14.25,14.2600002288818,14.6599998474121,15.0699996948242,15.5900001525879,16.0200004577637,16.5,16.9899997711182,17.5,17.9899997711182,18.5200004577637,19.0300006866455,19.0699996948242,19.0499992370605,19.0200004577637,18.9300003051758,18.8299999237061,..
"Congo, Dem. Rep.",COD,Access to electricity (% of population),EG.ELC.ACCS.ZS,..,..,..,..,..,..,..,..,..,..,6.69999980926514,7.31436443328857,7.91584491729736,8.51208972930908,9.10544872283936,6,10.2929649353027,15.1999998092651,11.4986276626587,12.1150150299072,12.7440509796143,13.3884449005127,15.3999996185303,14.7332000732422,13.5,16.1482429504395,17.0418376922607,17.9165096282959,18.5682907104492,19.1000003814697,19.1000003814697
"Congo, Dem. Rep.",COD,"Annualized average growth rate in per capita real survey mean consumption or income, total population (%)",SI.SPR.PCAP.ZG,..,..,..,..,..,..,..,..,..,..,..,..,..,..,..,..,..,..,..,..,..,..,9.83,..,..,..,..,..,..,..,..
"Congo, Dem. Rep.",COD,Births attended by skilled health staff (% of total),SH.STA.BRTC.ZS,..,..,..,..,..,..,..,..,..,..,..,60.7,..,..,..,..,..,64.4,..,..,74.1,..,..,..,80.1,..,..,..,..,..,..
"Congo, Dem. Rep.",COD,Coverage of social insurance programs (% of population),per_si_allsi.cov_pop_tot,..,..,..,..,..,..,..,..,..,..,..,..,..,..,1.51235605503343,..,..,..,..,..,..,..,1.59962111690192,..,..,..,..,..,..,..,..
"Congo, Dem. Rep.",COD,"Debt service (PPG and IMF only, % of exports of goods, services and primary income)",DT.TDS.DPPF.XP.ZS,..,..,..,..,..,..,..,..,..,..,..,..,..,..,..,7.78468774814008,9.03712813678573,7.52906837792973,7.59888896290728,12.3337277814104,3.0542060966034,2.44067188928518,3.05352464039058,3.28723054070434,3.21189130082075,3.72882835301419,4.00455631008133,3.36889597860628,2.30546911501304,7.13686058086679,2.2698874865157
"Congo, Dem. Rep.",COD,Employment in industry (% of total employment) (modeled ILO estimate),SL.IND.EMPL.ZS,..,9.47999954223633,9.31999969482422,9.14999961853027,8.97999954223633,8.86999988555908,8.77999973297119,8.56999969482422,8.43000030517578,8.23999977111816,8.07999992370605,8.11999988555908,8.10999965667725,8.09000015258789,8.15999984741211,8.21000003814697,8.27999973297119,8.39999961853027,8.47999954223633,8.59000015258789,8.6899995803833,8.8100004196167,8.96000003814697,9.14000034332275,9.34000015258789,9.52000045776367,9.59000015258789,9.65999984741211,9.73999977111816,9.84000015258789,..
"Congo, Rep.",COG,Access to electricity (% of population),EG.ELC.ACCS.ZS,..,..,..,..,..,..,..,..,..,..,29.090015411377,30.063591003418,31.0295829772949,31.9903373718262,32.9482078552246,33.7999992370605,34.86474609375,35.8284721374512,36.799430847168,37.0999984741211,39.7886199951172,40.7216911315918,41.5999984741211,42.5439720153809,43.4321212768555,44.4016494750977,45.5083274841309,46.5739479064941,47.416675567627,48.4074745178223,49.5171012878418
"Congo, Rep.",COG,"Annualized average growth rate in per capita real survey mean consumption or income, total population (%)",SI.SPR.PCAP.ZG,..,..,..,..,..,..,..,..,..,..,..,..,..,..,..,..,..,..,..,..,..,4.65,..,..,..,..,..,..,..,..,..
"Congo, Rep.",COG,Births attended by skilled health staff (% of total),SH.STA.BRTC.ZS,..,..,..,..,..,..,..,..,..,..,..,..,..,..,..,83.4,..,..,..,..,..,..,92.5,..,..,91.2,..,..,..,..,..
"Congo, Rep.",COG,Coverage of social insurance programs (% of population),per_si_allsi.cov_pop_tot,..,..,..,..,..,..,..,..,..,..,..,..,..,..,..,8.91479680965519,..,..,..,..,..,..,..,..,..,..,..,..,..,..,..
"Congo, Rep.",COG,"Debt service (PPG and IMF only, % of exports of goods, services and primary income)",DT.TDS.DPPF.XP.ZS,31.3777490463385,23.0009420755166,11.9326001077908,10.811667604978,52.1840990890519,10.934300861225,19.7184947092667,6.78254319899317,1.97475551274802,0.37913906915817,0.559970690572041,3.82209439406991,0.992536796984244,2.28588431897534,5.80004394728439,2.24710932547136,1.34457676784253,1.75787599114008,1.97925196565222,2.82765509332457,1.4453599795355,1.16962244647029,1.75834143185129,4.87995007206167,5.23823854473148,8.26286633398458,8.08247374142936,..,..,..,..
"Congo, Rep.",COG,Employment in industry (% of total employment) (modeled ILO estimate),SL.IND.EMPL.ZS,..,25.6599998474121,25.4799995422363,25.3299999237061,25.1700000762939,25.0100002288818,24.7800006866455,24.5400009155273,24.4500007629395,24.2099990844727,23.9200000762939,23.8500003814697,23.7900009155273,23.7299995422363,23.5599994659424,23.4099998474121,23.3299999237061,23.2999992370605,23.2199993133545,23.3199996948242,23.1000003814697,23.0799999237061,22.9599990844727,22.8500003814697,22.7299995422363,22.6800003051758,22.4799995422363,22.1900005340576,21.8099994659424,21.4699993133545,..
Costa Rica,CRI,Access to electricity (% of population),EG.ELC.ACCS.ZS,..,..,..,..,..,..,..,..,..,..,96.9400024414063,98.2497787475586,98.5091857910156,98.6958999633789,98.9547805786133,99.0530548095703,99.1475219726563,99.2179946899414,99.2639389038086,99.4098052978516,98.995735168457,99.2323455810547,99.5032958984375,99.5635147094727,99.3592910766602,99.4098052978516,99.5,99.5999984741211,99.6999969482422,99.7099990844727,99.9000015258789
Costa Rica,CRI,"Annualized average growth rate in per capita real survey mean consumption or income, total population (%)",SI.SPR.PCAP.ZG,..,..,..,..,..,..,..,..,..,..,..,..,..,..,..,..,..,..,..,..,..,..,..,..,..,..,..,..,..,..,-2.26
Costa Rica,CRI,Births attended by skilled health staff (% of total),SH.STA.BRTC.ZS,..,..,98,97,..,..,..,..,98,98.2,96.6,98,98.5,98.2,98.5,98.5,98.6,98.7,99.1,99.1,95.3,98.4,98.9,99,99.2,90,98.8,98.7,99,..,..
Costa Rica,CRI,Coverage of social insurance programs (% of population),per_si_allsi.cov_pop_tot,..,..,..,..,..,..,..,..,..,..,..,..,..,..,..,..,..,..,12.9445352546415,18.8360198836761,14.0517015872946,14.4033982302739,15.0284445170667,..,15.56913756,15.66320611,16.53164345,18.28010098,18.2350286,18.35450352,..
Costa Rica,CRI,"Debt service (PPG and IMF only, % of exports of goods, services and primary income)",DT.TDS.DPPF.XP.ZS,22.6208051588249,15.8152126081099,18.3798509134116,15.2230720114009,12.2815012530245,15.4281425242162,13.002900721271,11.4050920549356,8.84779750228595,7.6308232585932,8.30308045184784,9.282873270102,9.03383583859502,10.2299184439361,7.55897325067731,5.18965190939626,3.60052745431982,3.31903287319317,8.71258663173745,7.15738599852264,4.3432298406726,5.85099991866028,6.11901777294901,8.58696141827389,6.76148757721641,6.53532610046211,5.49398897379058,5.67277377244114,7.19318128471433,7.66943743246795,8.1320070388609
Costa Rica,CRI,Employment in industry (% of total employment) (modeled ILO estimate),SL.IND.EMPL.ZS,..,26.3299999237061,26.1700000762939,25.6800003051758,26.1000003814697,24.0599994659424,23.3199996948242,23.6399993896484,23.0200004577637,23.2700004577637,22.4300003051758,23.4200000762939,22.5799999237061,22.2800006866455,22.0799999237061,21.6299991607666,21.7600002288818,22.2600002288818,21.6599998474121,20.0799999237061,19.6399993896484,19.25,18.1700000762939,16.4899997711182,17.6800003051758,19.1499996185303,18.6100006103516,18.4500007629395,19.6700000762939,18.7999992370605,..
Cote d'Ivoire,CIV,Access to electricity (% of population),EG.ELC.ACCS.ZS,..,..,..,..,36.5,43.6312522888184,44.6482124328613,45.6617698669434,46.6712455749512,48.2,48.6894683837891,49.6558570861816,51.4000015258789,51.5682334899902,52.5189170837402,58.9000015258789,60.1710510253906,55.3776245117188,60.2999992370605,57.3151054382324,58.3014678955078,55.7999992370605,55.7999992370605,61.3625907897949,61.9000015258789,62.5999984741211,64.3000030517578,65.5999984741211,67.1473922729492,68.4595565795898,69.6791229248047
Cote d'Ivoire,CIV,"Annualized average growth rate in per capita real survey mean consumption or income, total population (%)",SI.SPR.PCAP.ZG,..,..,..,..,..,..,..,..,..,..,..,..,..,..,..,..,..,..,..,..,..,..,..,..,..,-0.22,..,..,..,..,..
Cote d'Ivoire,CIV,Births attended by skilled health staff (% of total),SH.STA.BRTC.ZS,..,..,..,..,45.4,..,..,..,..,47.1,62.8,..,..,..,68,55.1,56.8,..,..,..,..,..,59.4,..,..,..,73.6,..,..,..,..
Cote d'Ivoire,CIV,Coverage of social insurance programs (% of population),per_si_allsi.cov_pop_tot,..,..,..,..,..,..,..,..,..,..,..,..,20.6152424724155,..,..,..,..,..,8.07079382477935,..,..,..,..,..,..,7.92254850633665,..,..,..,..,..
Cote d'Ivoire,CIV,"Debt service (PPG and IMF only, % of exports of goods, services and primary income)",DT.TDS.DPPF.XP.ZS,19.0614300490244,22.3531743414911,18.7130666005544,19.3741896542523,22.0540051754875,19.113458110876,17.4202459768683,12.0639230990803,16.4852333836803,18.5756414051402,15.8482527415337,8.01111403755853,9.91383921317293,6.17344195168014,2.85497826763722,1.3486194625525,0.808709416488684,2.07032710151061,7.00588519878839,7.29916552254285,3.96507851502547,3.12466687405742,2.44011929557869,4.04514064904741,4.25516866831027,3.55845378701499,9.14931843921513,14.1927778327143,9.45029705474155,18.5776932182706,..
Cote d'Ivoire,CIV,Employment in industry (% of total employment) (modeled ILO estimate),SL.IND.EMPL.ZS,..,13.4300003051758,13.3599996566772,13.2700004577637,13.1700000762939,13.1000003814697,13.039999961853,13.0699996948242,12.9099998474121,12.789999961853,12.6400003433228,12.2799997329712,12.0699996948242,11.8699998855591,11.7399997711182,11.5799999237061,11.4300003051758,11.3699998855591,11.2799997329712,11.3299999237061,11.2600002288818,11.3199996948242,11.5200004577637,11.8199996948242,11.9799995422363,12.1000003814697,12.2600002288818,12.5200004577637,12.7299995422363,12.8599996566772,..
Croatia,HRV,Access to electricity (% of population),EG.ELC.ACCS.ZS,100,100,100,100,100,100,100,100,100,100,100,100,100,100,100,100,100,100,100,100,100,100,100,100,100,100,100,100,100,100,100
Croatia,HRV,"Annualized average growth rate in per capita real survey mean consumption or income, total population (%)",SI.SPR.PCAP.ZG,..,..,..,..,..,..,..,..,..,..,..,..,..,..,..,..,..,..,..,..,..,..,..,..,..,..,..,..,..,6.21,..
Croatia,HRV,Births attended by skilled health staff (% of total),SH.STA.BRTC.ZS,99.8,99.8,99.8,99.8,99.8,99.9,99.8,99.9,99.9,99.9,99.9,99.9,99.9,99.9,99.9,99.9,99.9,99.9,99.9,99.9,99.9,99.9,99.9,99.9,99.9,99.9,99.9,99.9,..,..,..
Croatia,HRV,Coverage of social insurance programs (% of population),per_si_allsi.cov_pop_tot,..,..,..,..,..,..,..,..,..,..,..,..,..,..,..,..,..,..,54.7431290026623,..,57.5129301257952,56.34706675,..,..,52.55621737,..,..,..,..,..,..
Croatia,HRV,"Debt service (PPG and IMF only, % of exports of goods, services and primary income)",DT.TDS.DPPF.XP.ZS,..,..,..,..,..,..,..,..,..,..,..,..,..,..,..,..,..,..,..,..,..,..,..,..,..,..,..,..,..,..,..
Croatia,HRV,Employment in industry (% of total employment) (modeled ILO estimate),SL.IND.EMPL.ZS,..,29.9899997711182,29.1200008392334,28.7900009155273,29.0400009155273,29.0100002288818,29.1499996185303,29.5400009155273,29.4899997711182,29.0900001525879,29.1700000762939,29.6900005340576,29.8199996948242,30.25,29.6399993896484,28.6299991607666,29.3500003814697,30.6399993896484,30.8500003814697,29.0100002288818,27.4500007629395,27.9500007629395,27.9099998474121,27.6299991607666,26.9799995422363,26.7099990844727,26.9699993133545,26.4200000762939,27.4200000762939,27.6700000762939,..
Cuba,CUB,Access to electricity (% of population),EG.ELC.ACCS.ZS,..,..,..,..,..,..,..,..,..,..,97,96.2262573242188,95.5,96.5130310058594,96.6509094238281,96.7882537841797,96.9274749755859,97.0712127685547,97.2221832275391,97.3830947875977,97.5566482543945,97.7455673217773,97.9525527954102,98.1793670654297,98.4239883422852,98.6834564208984,98.9547882080078,99.2350311279297,99.5212097167969,99.8000030517578,100
Cuba,CUB,"Annualized average growth rate in per capita real survey mean consumption or income, total population (%)",SI.SPR.PCAP.ZG,..,..,..,..,..,..,..,..,..,..,..,..,..,..,..,..,..,..,..,..,..,..,..,..,..,..,..,..,..,..,..
Cuba,CUB,Births attended by skilled health staff (% of total),SH.STA.BRTC.ZS,99.8,99.8,99.8,99.8,99.8,99.8,99.8,99.9,99.9,99.9,99.9,99.9,99.9,99.9,99.9,99.9,99.9,99.9,99.9,99.9,99.9,99.9,99.9,99.9,99.4,99.9,99.9,99.9,99.9,..,..
Cuba,CUB,Coverage of social insurance programs (% of population),per_si_allsi.cov_pop_tot,..,..,..,..,..,..,..,..,..,..,..,..,..,..,..,..,..,..,..,..,..,..,..,..,..,..,..,..,..,..,..
Cuba,CUB,"Debt service (PPG and IMF only, % of exports of goods, services and primary income)",DT.TDS.DPPF.XP.ZS,..,..,..,..,..,..,..,..,..,..,..,..,..,..,..,..,..,..,..,..,..,..,..,..,..,..,..,..,..,..,..
Cuba,CUB,Employment in industry (% of total employment) (modeled ILO estimate),SL.IND.EMPL.ZS,..,29.25,28.9400005340576,27.5300006866455,25.6399993896484,22.8999996185303,22.8999996185303,22.8999996185303,20.7999992370605,19.0900001525879,19.0900001525879,18.8199996948242,18.5300006866455,18.2999992370605,18.1800003051758,18.1499996185303,18.1599998474121,18.0300006866455,18.0900001525879,17.5699996948242,17.0699996948242,17.1499996185303,19.1800003051758,17.2000007629395,16.8999996185303,17.1000003814697,17.0799999237061,17.0300006866455,17.1200008392334,17.1100006103516,..
Curacao,CUW,Access to electricity (% of population),EG.ELC.ACCS.ZS,100,100,100,100,100,100,100,100,100,100,100,100,100,100,100,100,100,99.9974060058594,99.9841156005859,99.9549026489258,100,100,100,100,100,100,100,100,100,100,100
Curacao,CUW,"Annualized average growth rate in per capita real survey mean consumption or income, total population (%)",SI.SPR.PCAP.ZG,..,..,..,..,..,..,..,..,..,..,..,..,..,..,..,..,..,..,..,..,..,..,..,..,..,..,..,..,..,..,..
Curacao,CUW,Births attended by skilled health staff (% of total),SH.STA.BRTC.ZS,..,..,..,..,..,..,..,..,..,..,..,..,..,..,..,..,..,..,..,..,..,..,..,..,..,..,..,..,..,..,..
Curacao,CUW,Coverage of social insurance programs (% of population),per_si_allsi.cov_pop_tot,..,..,..,..,..,..,..,..,..,..,..,..,..,..,..,..,..,..,..,..,..,..,..,..,..,..,..,..,..,..,..
Curacao,CUW,"Debt service (PPG and IMF only, % of exports of goods, services and primary income)",DT.TDS.DPPF.XP.ZS,..,..,..,..,..,..,..,..,..,..,..,..,..,..,..,..,..,..,..,..,..,..,..,..,..,..,..,..,..,..,..
Curacao,CUW,Employment in industry (% of total employment) (modeled ILO estimate),SL.IND.EMPL.ZS,..,..,..,..,..,..,..,..,..,..,..,..,..,..,..,..,..,..,..,..,..,..,..,..,..,..,..,..,..,..,..
Cyprus,CYP,Access to electricity (% of population),EG.ELC.ACCS.ZS,100,100,100,100,100,100,100,100,100,100,100,100,100,100,100,100,100,100,100,100,100,100,100,100,100,100,100,100,100,100,100
Cyprus,CYP,"Annualized average growth rate in per capita real survey mean consumption or income, total population (%)",SI.SPR.PCAP.ZG,..,..,..,..,..,..,..,..,..,..,..,..,..,..,..,..,..,..,..,..,..,..,..,..,..,..,..,..,..,3.11,..
Cyprus,CYP,Births attended by skilled health staff (% of total),SH.STA.BRTC.ZS,100,100,100,100,100,100,100,100,100,100,97.9,..,..,99,95.7,99.3,98.5,98.3,97.2,98.3,98.6,98.3,98.7,99.9,97.4,97.1,95.6,96,98.3,..,..
Cyprus,CYP,Coverage of social insurance programs (% of population),per_si_allsi.cov_pop_tot,..,..,..,..,..,..,..,..,..,..,..,..,..,..,..,..,..,..,..,..,..,..,..,..,..,..,..,..,..,..,..
Cyprus,CYP,"Debt service (PPG and IMF only, % of exports of goods, services and primary income)",DT.TDS.DPPF.XP.ZS,..,..,..,..,..,..,..,..,..,..,..,..,..,..,..,..,..,..,..,..,..,..,..,..,..,..,..,..,..,..,..
Cyprus,CYP,Employment in industry (% of total employment) (modeled ILO estimate),SL.IND.EMPL.ZS,..,29.3400001525879,28.5,27.1399993896484,26.1499996185303,25.5300006866455,25.0300006866455,24.5400009155273,24.3700008392334,24.1100006103516,23.7700004577637,23.6900005340576,23.1800003051758,22.8799991607666,23.3799991607666,24.0499992370605,22.6499996185303,22.5200004577637,23.0499992370605,21.8199996948242,20.3999996185303,20.8999996185303,20.1700000762939,17.5599994659424,16.5200004577637,16.2299995422363,17.0499992370605,17.0499992370605,16.6599998474121,18.4400005340576,..
Czech Republic,CZE,Access to electricity (% of population),EG.ELC.ACCS.ZS,100,100,100,100,100,100,100,100,100,100,100,100,100,100,100,100,100,100,100,100,100,100,100,100,100,100,100,100,100,100,100
Czech Republic,CZE,"Annualized average growth rate in per capita real survey mean consumption or income, total population (%)",SI.SPR.PCAP.ZG,..,..,..,..,..,..,..,..,..,..,..,..,..,..,..,..,..,..,..,..,..,..,..,..,..,..,..,..,..,4.13,..
Czech Republic,CZE,Births attended by skilled health staff (% of total),SH.STA.BRTC.ZS,100,100,100,100,100,100,100,100,99.9,99.9,99.8,99.8,99.8,99.8,99.8,99.8,99.7,99.7,99.6,99.6,99.7,99.9,99.9,99.8,99.8,..,..,99.8,..,..,..
Czech Republic,CZE,Coverage of social insurance programs (% of population),per_si_allsi.cov_pop_tot,..,..,..,..,..,..,..,..,..,..,..,..,..,..,..,..,..,..,..,..,..,..,..,..,..,..,..,..,..,..,..
Czech Republic,CZE,"Debt service (PPG and IMF only, % of exports of goods, services and primary income)",DT.TDS.DPPF.XP.ZS,..,..,..,..,..,..,..,..,..,..,..,..,..,..,..,..,..,..,..,..,..,..,..,..,..,..,..,..,..,..,..
Czech Republic,CZE,Employment in industry (% of total employment) (modeled ILO estimate),SL.IND.EMPL.ZS,..,44.9300003051758,44.0999984741211,43.5400009155273,42.689998626709,42.25,42.0099983215332,41.560001373291,41.5099983215332,40.560001373291,39.9500007629395,40.5299987792969,40.1300010681152,39.8800010681152,39.2999992370605,39.4900016784668,39.9700012207031,40.2200012207031,40.5299987792969,38.5699996948242,37.9900016784668,38.4500007629395,38.1199989318848,37.5099983215332,38.0400009155273,38.0299987792969,38.0699996948242,38.060001373291,37.5,37.25,..
Denmark,DNK,Access to electricity (% of population),EG.ELC.ACCS.ZS,100,100,100,100,100,100,100,100,100,100,100,100,100,100,100,100,100,100,100,100,100,100,100,100,100,100,100,100,100,100,100
Denmark,DNK,"Annualized average growth rate in per capita real survey mean consumption or income, total population (%)",SI.SPR.PCAP.ZG,..,..,..,..,..,..,..,..,..,..,..,..,..,..,..,..,..,..,..,..,..,..,..,..,..,..,..,..,..,1.23,..
Denmark,DNK,Births attended by skilled health staff (% of total),SH.STA.BRTC.ZS,..,..,..,..,..,..,..,98.3,98.8,98.7,98.8,98.9,98.8,98.9,98.6,98.8,98.7,97.8,..,98.7,98.5,98.5,98.2,96.3,95.9,95.4,94.4,94.7,95.3,..,..
Denmark,DNK,Coverage of social insurance programs (% of population),per_si_allsi.cov_pop_tot,..,..,..,..,..,..,..,..,..,..,..,..,..,..,..,..,..,..,..,..,..,..,..,..,..,..,..,..,..,..,..
Denmark,DNK,"Debt service (PPG and IMF only, % of exports of goods, services and primary income)",DT.TDS.DPPF.XP.ZS,..,..,..,..,..,..,..,..,..,..,..,..,..,..,..,..,..,..,..,..,..,..,..,..,..,..,..,..,..,..,..
Denmark,DNK,Employment in industry (% of total employment) (modeled ILO estimate),SL.IND.EMPL.ZS,..,26.8999996185303,26.6800003051758,26.1000003814697,26.5100002288818,27.0799999237061,26.3999996185303,26.2399997711182,26.4500007629395,26.9300003051758,25.3400001525879,25.3899993896484,23.4899997711182,23.1499996185303,23.6900005340576,23.8899993896484,23.3299999237061,23.5100002288818,23.2600002288818,20.5699996948242,19.8700008392334,20.0400009155273,19.7700004577637,19.6399993896484,19.3700008392334,19.4200000762939,19.0499992370605,18.9400005340576,18.9099998474121,18.5499992370605,..
Djibouti,DJI,Access to electricity (% of population),EG.ELC.ACCS.ZS,..,..,..,..,..,..,62,56.2944946289063,56.3222541809082,56.3451690673828,56.3799514770508,56.3651428222656,49.7000007629395,56.3151168823242,56.2845993041992,56.253547668457,55.5,56.19970703125,56.1822776794434,56.1747894287109,56.1799507141113,56.2004699707031,54.5999984741211,56.2974739074707,56.618839263916,57.5785636901855,58.6754455566406,60.2000007629395,60.5641860961914,61.2119293212891,61.7670822143555
Djibouti,DJI,"Annualized average growth rate in per capita real survey mean consumption or income, total population (%)",SI.SPR.PCAP.ZG,..,..,..,..,..,..,..,..,..,..,..,..,..,..,..,..,..,..,..,..,..,..,..,..,..,..,..,..,..,..,..
Djibouti,DJI,Births attended by skilled health staff (% of total),SH.STA.BRTC.ZS,..,..,..,..,..,..,..,..,..,..,..,..,..,60.6,..,..,78.4,..,..,..,..,..,87.4,..,..,..,..,..,..,..,..
Djibouti,DJI,Coverage of social insurance programs (% of population),per_si_allsi.cov_pop_tot,..,..,..,..,..,..,..,..,..,..,..,..,..,..,..,..,..,..,..,..,..,..,8.50192378981733,..,..,..,..,..,..,..,..
Djibouti,DJI,"Debt service (PPG and IMF only, % of exports of goods, services and primary income)",DT.TDS.DPPF.XP.ZS,..,4.69049079753788,4.7101091154467,3.6162191632017,4.66656510460862,5.04864328597201,5.41984567860677,3.13166938782578,2.2028007878572,4.3584812192874,6.10220303078853,4.46861061863998,4.93729307929419,5.64237624690839,6.34920104133841,4.91809691183202,6.91606800207332,7.87366498928573,7.33245098218477,7.46797162830164,7.50014968180379,8.44492953048618,8.07576733208029,1.24219168228365,1.03585166561381,1.2388851062496,2.12336906217323,1.5569744514317,1.42246547820411,1.31880253655145,1.58685153059372
Djibouti,DJI,Employment in industry (% of total employment) (modeled ILO estimate),SL.IND.EMPL.ZS,..,16.25,16.0400009155273,15.8100004196167,15.5600004196167,15.3100004196167,15.0600004196167,14.8100004196167,14.5699996948242,14.3299999237061,14.1099996566772,13.9099998474121,13.7299995422363,13.5799999237061,13.4399995803833,13.3400001525879,13.2700004577637,13.210000038147,13.1599998474121,13.1400003433228,13.1300001144409,13.1300001144409,13.1499996185303,13.1800003051758,13.25,13.3000001907349,13.3500003814697,13.3999996185303,13.4200000762939,13.4399995803833,..
Dominica,DMA,Access to electricity (% of population),EG.ELC.ACCS.ZS,..,..,..,..,..,..,..,..,75,79.6219177246094,80.9518127441406,82.2792129516602,87.6999969482422,84.9136199951172,86.2253112792969,87.5364761352539,88.8495101928711,90.1670608520508,90.9000015258789,92.8265686035156,94.173942565918,95.5366744995117,96.91748046875,98.3181076049805,99.7365493774414,99.8290176391602,99.9835357666016,100,100,100,100
Dominica,DMA,"Annualized average growth rate in per capita real survey mean consumption or income, total population (%)",SI.SPR.PCAP.ZG,..,..,..,..,..,..,..,..,..,..,..,..,..,..,..,..,..,..,..,..,..,..,..,..,..,..,..,..,..,..,..
Dominica,DMA,Births attended by skilled health staff (% of total),SH.STA.BRTC.ZS,..,..,..,..,..,100,..,..,95,99.9,100,100,100,100,100,99,..,94,100,100,100,100,100,100,100,100,100,100,..,..,..
Dominica,DMA,Coverage of social insurance programs (% of population),per_si_allsi.cov_pop_tot,..,..,..,..,..,..,..,..,..,..,..,..,13.3701014548432,..,..,..,..,..,..,..,..,..,..,..,..,..,..,..,..,..,..
Dominica,DMA,"Debt service (PPG and IMF only, % of exports of goods, services and primary income)",DT.TDS.DPPF.XP.ZS,6.47296506596934,6.25361200077399,5.88005389108657,7.38653359745258,7.31846119928188,5.98273732860679,4.89448200017824,7.12868045257204,6.50891063335545,6.25895432583111,6.66724754716982,13.4531769961397,9.70726562362568,12.0296223099846,11.9359108652044,11.8141526096064,12.7081053441069,12.2785578481103,11.2222583840074,13.8117884706527,9.10904442106771,9.04265662229327,12.5595408911106,11.281622697625,6.98426038706538,8.27081321993557,9.58178120382487,12.443562621033,17.2757643075249,12.39951977447,23.5437938733902
Dominica,DMA,Employment in industry (% of total employment) (modeled ILO estimate),SL.IND.EMPL.ZS,..,..,..,..,..,..,..,..,..,..,..,..,..,..,..,..,..,..,..,..,..,..,..,..,..,..,..,..,..,..,..
Dominican Republic,DOM,Access to electricity (% of population),EG.ELC.ACCS.ZS,..,78.2,82.4854049682617,83.2554931640625,84.0242233276367,84.7909088134766,85.5548782348633,86.3154449462891,87.0719375610352,91,88.7649307250977,89.7913589477539,89.7498168945313,89.1738052368164,90.3165664672852,90.141227722168,90.1181488037109,96.8763427734375,97.5761947631836,97.8577575683594,98.1454162597656,97.8988723754883,97.8670501708984,98.385856628418,98.4709777832031,98.5603637695313,98.9000015258789,100,98.9000015258789,99,100
Dominican Republic,DOM,"Annualized average growth rate in per capita real survey mean consumption or income, total population (%)",SI.SPR.PCAP.ZG,..,..,..,..,..,..,..,..,..,..,..,..,..,..,..,..,..,..,..,..,..,..,..,..,..,..,4.25,..,..,..,..
Dominican Republic,DOM,Births attended by skilled health staff (% of total),SH.STA.BRTC.ZS,..,92.4,..,..,..,..,95.5,..,..,96.6,97.6,..,97.8,..,..,..,95.5,97.8,..,..,97.8,98.7,98.8,98.6,97.7,99.6,99.8,..,..,..,..
Dominican Republic,DOM,Coverage of social insurance programs (% of population),per_si_allsi.cov_pop_tot,..,..,..,..,..,..,..,..,..,..,..,..,..,..,..,..,..,5.42858963791878,4.79105307762038,5.11579130515018,5.78478638711005,6.13029930216611,5.68254966986786,6.21010493046677,6.48566022251038,6.60105381746426,6.72265652053681,4.71885016495689,5.52192160605433,6.3096928213074,..
Dominican Republic,DOM,"Debt service (PPG and IMF only, % of exports of goods, services and primary income)",DT.TDS.DPPF.XP.ZS,11.0614604171011,12.0645613002778,16.038704873334,5.99393914091968,8.89967239132877,9.82418102629325,9.8565246935453,9.05242866847826,7.04930918678654,6.3914411059393,7.73208417802145,9.94655277463388,10.1001150072442,10.2302382819214,10.5379880839822,8.5400316338959,14.2111473382844,13.2115847692457,13.5132633485023,15.1066373103571,10.1317989534829,9.78028607629794,7.63082912911007,9.93330874570646,12.9480960005484,22.268479889441,10.1903520907261,7.83420301324367,8.81246775579314,9.79681669366378,30.3706786659294
Dominican Republic,DOM,Employment in industry (% of total employment) (modeled ILO estimate),SL.IND.EMPL.ZS,..,26.7900009155273,26.6800003051758,26.5499992370605,26.3999996185303,26.2099990844727,26,25.5300006866455,26.1200008392334,25.2999992370605,24.6399993896484,23.6299991607666,21.5499992370605,22.2099990844727,23.1599998474121,22.5799999237061,22.3600006103516,22.4699993133545,21.4500007629395,18.2099990844727,18.4799995422363,18.1700000762939,18.5699996948242,17.0900001525879,17.7900009155273,18.3700008392334,19.0100002288818,19.4300003051758,19.5900001525879,18.8199996948242,..
Early-demographic dividend,EAR,Access to electricity (% of population),EG.ELC.ACCS.ZS,..,..,..,55.8979207429937,56.6014776512261,58.340012403959,60.0418241666567,62.0166042296656,63.5084727023136,66.1926442021234,66.7030724363987,65.4541738961978,68.9436883502982,70.0272175900843,70.8294234434127,71.8564331134271,73.3160655914062,74.7001726814757,76.3036043507903,77.6762938957043,78.364963865646,75.1718689357295,81.1046083548977,82.2652548788111,83.1131680571248,85.73149882183,87.0192357449593,89.376836771094,91.1103260621346,92.2512760560982,93.3822156743267
Early-demographic dividend,EAR,"Annualized average growth rate in per capita real survey mean consumption or income, total population (%)",SI.SPR.PCAP.ZG,..,..,..,..,..,..,..,..,..,..,..,..,..,..,..,..,..,..,..,..,..,..,..,..,..,..,..,..,..,..,..
Early-demographic dividend,EAR,Births attended by skilled health staff (% of total),SH.STA.BRTC.ZS,..,..,..,..,..,..,..,..,..,..,48.4336398173702,..,..,..,..,..,..,..,..,..,60.4103678757224,..,..,..,..,..,..,..,79.4434664886873,..,..
Early-demographic dividend,EAR,Coverage of social insurance programs (% of population),per_si_allsi.cov_pop_tot,..,..,..,..,..,..,..,..,..,..,..,..,..,..,..,..,..,..,..,..,..,..,..,..,..,..,..,..,..,..,..
Early-demographic dividend,EAR,"Debt service (PPG and IMF only, % of exports of goods, services and primary income)",DT.TDS.DPPF.XP.ZS,..,..,..,19.8730575916193,17.6655499297042,19.6887303751965,21.0283416525426,20.0569186391929,16.0478119063272,16.2156947775588,15.6433188255896,15.8471953900018,15.117967515707,15.890444633881,12.7241555573793,10.9346628372181,11.4200412709951,7.14483771930013,6.23462904853348,6.62015874854301,5.55098692230989,4.63238522355298,5.28089945122905,5.20413231601316,5.74969120375755,6.90545818379898,8.15286966614091,7.64752022403302,7.39378480753543,8.06129068517078,9.54729387325203
Early-demographic dividend,EAR,Employment in industry (% of total employment) (modeled ILO estimate),SL.IND.EMPL.ZS,..,16.9991549259709,17.0131238442251,17.013115059599,17.3388084104411,17.2026663763604,17.2646894954667,17.331984318779,17.2678285419014,17.3486555437012,17.4062915849477,17.5895379044918,17.6671657393118,17.8805897527451,18.3428270553359,18.7545876554665,19.1862855953059,19.6390325764712,19.7217658908883,19.9745733709754,20.4543108938919,21.09209743551,21.7481796542148,21.8154024316566,22.0323740140444,22.2454840733934,22.3140259907405,22.4501823980015,22.6150648448949,22.6220847262517,..
East Asia & Pacific,EAS,Access to electricity (% of population),EG.ELC.ACCS.ZS,..,..,..,..,..,..,..,..,..,..,92.2236372239929,92.7201132846346,93.1967804524098,93.390542081462,94.2114583802529,93.8449855484836,94.8478260228181,94.9201543791148,95.3513507095273,95.1658764816872,95.5426436840747,96.1416216132401,96.3971680759818,96.6026789439967,96.7282517141434,97.0996797638928,97.198108141376,97.8548149745798,97.8737145984247,98.0575567896267,98.0133338488244
East Asia & Pacific,EAS,"Annualized average growth rate in per capita real survey mean consumption or income, total population (%)",SI.SPR.PCAP.ZG,..,..,..,..,..,..,..,..,..,..,..,..,..,..,..,..,..,..,..,..,..,..,..,..,..,..,..,..,..,..,..
East Asia & Pacific,EAS,Births attended by skilled health staff (% of total),SH.STA.BRTC.ZS,84.9568958155186,..,..,..,..,..,..,..,..,..,85.2333691437059,..,..,..,..,..,..,..,..,..,92.3992328812107,..,..,..,..,..,..,..,95.4071106489162,..,..
East Asia & Pacific,EAS,Coverage of social insurance programs (% of population),per_si_allsi.cov_pop_tot,..,..,..,..,..,..,..,..,..,..,..,..,..,..,..,..,..,..,..,..,..,..,..,..,..,..,..,..,..,..,..
East Asia & Pacific,EAS,"Debt service (PPG and IMF only, % of exports of goods, services and primary income)",DT.TDS.DPPF.XP.ZS,..,..,..,..,..,..,..,..,..,..,..,..,..,..,..,..,..,..,..,..,..,..,..,..,..,..,..,..,..,..,..
East Asia & Pacific,EAS,Employment in industry (% of total employment) (modeled ILO estimate),SL.IND.EMPL.ZS,..,21.3662717334449,21.5750055240701,22.1103551099329,22.5469852987327,22.6511278542797,22.9991314699762,23.0937876202743,22.5694972401055,22.1888870351787,21.8786424612983,21.8266046128166,21.2298886394323,21.3288787674024,21.9630480701161,22.9037011126241,23.8273129975964,24.8243085752903,24.9981142823819,25.2458517901887,25.795145557786,26.3200651826781,26.9023669850725,26.858957611343,26.8459303219797,26.5138494979148,26.339811276466,25.9632408015711,26.174106344637,25.6095179717188,..
East Asia & Pacific (excluding high income),EAP,Access to electricity (% of population),EG.ELC.ACCS.ZS,..,..,..,..,..,..,..,..,..,..,91.3174717523684,91.8750826012243,92.4103715556518,92.6300379321713,93.5487292184032,93.1439883222969,94.2631165114997,94.3456784517083,94.8265436977667,94.6285878733675,95.0488851803643,95.7161531660522,96.001969136835,96.2321106504147,96.3731078718911,96.7862505186502,96.8965489458648,97.6250324881794,97.6468051489065,97.8508959890843,97.8028926954047
East Asia & Pacific (excluding high income),EAP,"Annualized average growth rate in per capita real survey mean consumption or income, total population (%)",SI.SPR.PCAP.ZG,..,..,..,..,..,..,..,..,..,..,..,..,..,..,..,..,..,..,..,..,..,..,..,..,..,..,..,..,..,..,..
East Asia & Pacific (excluding high income),EAP,Births attended by skilled health staff (% of total),SH.STA.BRTC.ZS,83.9366284419396,..,..,..,..,..,..,..,..,..,84.1655013056841,..,..,..,..,..,..,..,..,..,91.8925384289758,..,..,..,..,..,..,..,95.1714753141369,..,..
East Asia & Pacific (excluding high income),EAP,Coverage of social insurance programs (% of population),per_si_allsi.cov_pop_tot,..,..,..,..,..,..,..,..,..,..,..,..,..,..,..,..,..,..,..,..,..,..,..,..,..,..,..,..,..,..,..
East Asia & Pacific (excluding high income),EAP,"Debt service (PPG and IMF only, % of exports of goods, services and primary income)",DT.TDS.DPPF.XP.ZS,15.5446066339678,13.1655568525707,12.1659285441496,12.2275056023839,10.0775756908287,9.76323696094051,9.22348728431468,9.19106180194871,8.24481762976721,10.193216916875,8.04043650430003,8.57249435151786,8.28868476652496,5.51965835487043,3.66344302974113,2.5635015794133,2.77532847377498,1.57556424465217,1.39324779683056,1.55346220369271,1.60538111579657,1.25282490085602,0.999436495042703,1.10628325062455,1.54391305138759,1.79647351132022,1.46466755556435,1.33581054551944,1.32151193854025,1.66462819438978,1.94823666080826
East Asia & Pacific (excluding high income),EAP,Employment in industry (% of total employment) (modeled ILO estimate),SL.IND.EMPL.ZS,..,19.7048523072705,19.9676491966694,20.6609321275336,21.1976105711756,21.3776441539469,21.8337821905886,21.990640372275,21.5916558020974,21.2295844716006,20.9124597538386,20.9490331736553,20.3569939740938,20.5280089780726,21.2942031761855,22.3895247411575,23.4444795258979,24.5841219110975,24.8080637347324,25.1906674694938,25.8329435209026,26.4375849615573,27.1019865052419,26.9893208618412,27.0560051988526,26.6942751477519,26.5308615562295,26.1182894956237,26.3695093937382,25.7829457991796,..
East Asia & Pacific (IDA & IBRD),TEA,Access to electricity (% of population),EG.ELC.ACCS.ZS,..,..,..,..,..,..,..,..,..,..,91.3175185415022,91.8751251679546,92.4104101452116,92.6300743988375,93.548759987397,93.1440205998582,94.2631424546957,94.3457067195609,94.8265662057231,95.4983543887458,95.8809225563884,96.5262079766799,96.7844602546104,96.9863737965289,97.0981761584916,97.4857216576529,97.5666952219646,98.273418292198,98.2653169595471,98.4422738157447,98.3644734669623
East Asia & Pacific (IDA & IBRD),TEA,"Annualized average growth rate in per capita real survey mean consumption or income, total population (%)",SI.SPR.PCAP.ZG,..,..,..,..,..,..,..,..,..,..,..,..,..,..,..,..,..,..,..,..,..,..,..,..,..,..,..,..,..,..,..
East Asia & Pacific (IDA & IBRD),TEA,Births attended by skilled health staff (% of total),SH.STA.BRTC.ZS,83.9366284419396,..,..,..,..,..,..,..,..,..,83.9900499141318,..,..,..,..,..,..,..,..,..,91.7920264429069,..,..,..,..,..,..,..,95.1145283540894,..,..
East Asia & Pacific (IDA & IBRD),TEA,Coverage of social insurance programs (% of population),per_si_allsi.cov_pop_tot,..,..,..,..,..,..,..,..,..,..,..,..,..,..,..,..,..,..,..,..,..,..,..,..,..,..,..,..,..,..,..
East Asia & Pacific (IDA & IBRD),TEA,"Debt service (PPG and IMF only, % of exports of goods, services and primary income)",DT.TDS.DPPF.XP.ZS,15.5446066339678,13.1655568525707,12.1659285441496,12.2275056023839,10.0775756908287,9.76323696094051,9.22348728431468,9.19106180194871,8.24481762976721,10.193216916875,8.04043650430003,8.57249435151786,8.28868476652496,5.51965835487043,3.66344302974113,2.5635015794133,2.77532847377498,1.57556424465217,1.39324779683056,1.55346220369271,1.60538111579657,1.25282490085602,0.999436495042703,1.10628325062455,1.54391305138759,1.79647351132022,1.46466755556435,1.33581054551944,1.32151193854025,1.66462819438978,1.94823666080826
East Asia & Pacific (IDA & IBRD),TEA,Employment in industry (% of total employment) (modeled ILO estimate),SL.IND.EMPL.ZS,..,19.6040575199495,19.8872378883873,20.605722379542,21.163357976281,21.3627910732634,21.8414915057857,22.0235034324531,21.6303890009433,21.2579245602407,20.9446045140488,20.9821647487532,20.3881994270253,20.5661963980325,21.3470790207435,22.4573307945633,23.5389940444778,24.7058809100756,24.9335451554385,25.3319390100864,25.9917414194235,26.6090719806134,27.286180133342,27.1756974826248,27.246480079483,26.8871381280756,26.7181866059148,26.3127166178916,26.5806595454322,25.9805564990425,..
Ecuador,ECU,Access to electricity (% of population),EG.ELC.ACCS.ZS,..,..,..,..,..,89.830167,92.0513763427734,92.429817199707,92.726642,93.071434,93.7322616577148,94.0246200561523,94.3093872070313,94.9730453491211,94.8655700683594,95.832649230957,96.3152618408203,96.812614440918,97.2065734863281,96.4708633422852,97.4621429443359,96.8726959228516,97.1949310302734,98.0346755981445,98.9760665893555,98.8258819580078,98.6999969482422,99.1999969482422,98.6999969482422,99.0899963378906,98.8499984741211
Ecuador,ECU,"Annualized average growth rate in per capita real survey mean consumption or income, total population (%)",SI.SPR.PCAP.ZG,..,..,..,..,..,..,..,..,..,..,..,..,..,..,..,..,..,..,..,..,..,..,..,..,..,..,..,..,..,..,-2.57
Ecuador,ECU,Births attended by skilled health staff (% of total),SH.STA.BRTC.ZS,..,..,..,..,98.7,..,..,..,..,99.1,..,..,..,..,98.2,78.5,80.6,82,84,85.6,87.4,89.7,91.7,93.3,94.7,94.2,95.9,96.4,96,..,..
Ecuador,ECU,Coverage of social insurance programs (% of population),per_si_allsi.cov_pop_tot,..,..,..,..,..,..,..,..,..,..,..,..,..,..,..,..,..,..,7.25530477723842,..,9.35492559045986,9.57265931490613,10.6749404526827,..,9.93210129,10.74847528,10.930421439919,11.55201784,12.42402413,13.15233129,..
Ecuador,ECU,"Debt service (PPG and IMF only, % of exports of goods, services and primary income)",DT.TDS.DPPF.XP.ZS,31.2265672071798,30.8142219546248,24.0820663069544,20.9332184527284,19.0830475752297,29.028449040995,22.567278400208,32.9722090369221,33.9136707547464,29.8433553989805,38.1163475334034,25.0274464856371,28.2873588676293,20.1311647833859,23.8916363167433,16.4233010052297,17.8477067424902,12.1009858509177,8.21554124243649,44.0157588477482,4.9220393200962,5.77821068709683,6.47729982717854,6.67278059714215,6.99078709016646,14.7059046595917,15.1091631288411,20.5375913458129,21.245194593675,24.2115284262633,23.2931805765266
Ecuador,ECU,Employment in industry (% of total employment) (modeled ILO estimate),SL.IND.EMPL.ZS,..,23.0100002288818,22.8400001525879,22.7399997711182,22.6299991607666,22.4300003051758,22.1399993896484,22.0200004577637,21.75,20.9699993133545,20.4599990844727,20.1599998474121,19.3700008392334,18.6000003814697,17.9699993133545,17.6000003814697,18.6000003814697,18.6399993896484,18.7600002288818,18.8099994659424,18.4899997711182,17.9500007629395,17.5200004577637,19.0799999237061,19.9599990844727,19.6599998474121,18.6299991607666,18.5499992370605,18.5300006866455,17.2099990844727,..
"Egypt, Arab Rep.",EGY,Access to electricity (% of population),EG.ELC.ACCS.ZS,..,..,93.4,95.3922424316406,95.6485366821289,95.5,96.1543273925781,96.4024658203125,96.6465225219727,96.8857345581055,97.6999969482422,97.3440780639648,97.5361785888672,98.8000030517578,97.9070281982422,99.4000015258789,99.0400009155273,98.4656295776367,99.8000030517578,98.8697128295898,99.3945541381836,99.4521636962891,99.6999969482422,99.8503875732422,99.8000030517578,99.3000030517578,100,100,100,100,100
"Egypt, Arab Rep.",EGY,"Annualized average growth rate in per capita real survey mean consumption or income, total population (%)",SI.SPR.PCAP.ZG,..,..,..,..,..,..,..,..,..,..,..,..,..,..,..,..,..,..,..,..,..,..,..,..,..,..,..,-1.13,..,..,..
"Egypt, Arab Rep.",EGY,Births attended by skilled health staff (% of total),SH.STA.BRTC.ZS,..,36.5,40.7,40.7,..,46.3,46.3,56.4,55.2,..,60.9,..,..,69.4,..,74.2,..,..,78.9,..,..,..,..,..,91.5,..,..,..,..,..,..
"Egypt, Arab Rep.",EGY,Coverage of social insurance programs (% of population),per_si_allsi.cov_pop_tot,..,..,..,..,..,..,..,..,..,..,..,..,..,..,..,..,..,..,21.3040866064956,..,..,..,..,..,..,..,..,..,..,..,..
"Egypt, Arab Rep.",EGY,"Debt service (PPG and IMF only, % of exports of goods, services and primary income)",DT.TDS.DPPF.XP.ZS,23.7288195535507,18.0734995062251,17.8909800121941,14.9572393227092,13.9508018298126,14.5781374585524,12.5196738543038,10.3939129666935,11.1926594757788,9.96940006114542,8.52051339097945,9.53516886048952,11.0021066788826,11.1460601069835,7.28024240302122,6.84397627188779,6.0438984946675,5.69829312448907,5.47538689748436,6.23825098638188,5.89921918083497,7.50417665502799,6.02464777735002,7.33977677838357,12.3525220604753,9.43677778279456,18.0223489943306,14.1817196366371,14.0596423097692,14.9653817981711,27.880792468037
"Egypt, Arab Rep.",EGY,Employment in industry (% of total employment) (modeled ILO estimate),SL.IND.EMPL.ZS,..,21.3400001525879,21.4699993133545,21.6800003051758,21.4899997711182,21.8899993896484,22.0900001525879,22.3099994659424,22.25,22.5799999237061,21.2999992370605,21.2700004577637,20.5599994659424,19.75,19.9599990844727,21.5100002288818,22.1100006103516,22.1599998474121,22.9099998474121,23.7600002288818,25.3799991607666,23.5699996948242,24.8600006103516,24.1100006103516,24.3999996185303,25.0799999237061,25.5,26.5599994659424,26.8700008392334,26.9400005340576,..
El Salvador,SLV,Access to electricity (% of population),EG.ELC.ACCS.ZS,..,69.60788,75.3321914672852,76.2761383056641,77.2187194824219,76.995504,77.883,80.0315170288086,81.637983,79.129592,84.5192489624023,87.0638275146484,87.5490570068359,86.9611511230469,87.357048034668,87.5258407592773,89.2014694213867,91.1095581054688,91.0002288818359,91.0840225219727,91.5802383422852,92.5746841430664,93.6805725097656,95.0431060791016,95.1254196166992,95.4000015258789,96,96.8000030517578,97,97.3600006103516,100
El Salvador,SLV,"Annualized average growth rate in per capita real survey mean consumption or income, total population (%)",SI.SPR.PCAP.ZG,..,..,..,..,..,..,..,..,..,..,..,..,..,..,..,..,..,..,..,..,..,..,..,..,..,..,..,..,..,4.02,..
El Salvador,SLV,Births attended by skilled health staff (% of total),SH.STA.BRTC.ZS,..,..,..,87.4,..,..,..,..,90.4,..,..,..,..,92.4,..,87.2,89.6,93.1,95.5,97.5,98,99,99.5,99.8,98,99.9,99.9,99.9,99.9,..,..
El Salvador,SLV,Coverage of social insurance programs (% of population),per_si_allsi.cov_pop_tot,..,..,..,..,..,..,..,..,..,..,..,..,..,..,..,..,..,5.4084113060992,8.6347675463757,6.34694678010082,5.65257258933091,5.57171846257545,5.47715150305986,..,6.15611135696081,5.251456724,5.241404288,5.516812213,5.819461855,6.714477474,..
El Salvador,SLV,"Debt service (PPG and IMF only, % of exports of goods, services and primary income)",DT.TDS.DPPF.XP.ZS,19.0906110716137,25.6597307176047,22.7346108826425,21.1054507685877,20.1611575201816,16.3008902351723,16.7246909431834,10.6999002562067,16.2201281202632,10.9274786017403,10.0023821522904,11.8928263798732,14.2173354120018,17.4631592840351,19.3466512022043,15.0412932214523,20.5191117982957,15.3935483286382,14.4368910683504,21.7721485714376,16.6384485493774,16.9328278281363,13.9422024388843,12.655286971025,12.9963211571731,12.7826676085465,13.8464113844754,13.2910843418594,13.1636500800845,22.6617273636707,16.2543957206425
El Salvador,SLV,Employment in industry (% of total employment) (modeled ILO estimate),SL.IND.EMPL.ZS,..,24.5699996948242,24.7900009155273,24.9300003051758,24.9799995422363,25.0599994659424,24.7800006866455,24.6499996185303,24.6000003814697,24.9799995422363,24.2399997711182,23.6200008392334,24.3400001525879,24.5699996948242,23.6900005340576,22.2199993133545,22.9799995422363,23.3999996185303,23.4699993133545,20.6599998474121,21.3500003814697,21.2700004577637,20.9799995422363,20.3600006103516,20.8899993896484,22.1800003051758,21.1000003814697,21.8899993896484,22.2000007629395,22.5100002288818,..
Equatorial Guinea,GNQ,Access to electricity (% of population),EG.ELC.ACCS.ZS,..,..,..,..,..,..,..,..,..,..,65.5595626831055,65.5711898803711,65.5752334594727,65.5740432739258,65.5699691772461,65.5653533935547,65.562614440918,65.5643920898438,65.5734100341797,65.5923614501953,66.1572647094727,66.0999984741211,65.7359466552734,65.8208084106445,65.923469543457,66.0409774780273,66.1703567504883,66.3086395263672,66.4528579711914,66.6000442504883,66.7477264404297
Equatorial Guinea,GNQ,"Annualized average growth rate in per capita real survey mean consumption or income, total population (%)",SI.SPR.PCAP.ZG,..,..,..,..,..,..,..,..,..,..,..,..,..,..,..,..,..,..,..,..,..,..,..,..,..,..,..,..,..,..,..
Equatorial Guinea,GNQ,Births attended by skilled health staff (% of total),SH.STA.BRTC.ZS,..,..,..,..,5,..,..,..,..,..,64.6,..,..,..,..,..,..,..,..,..,..,68.3,..,..,..,..,..,..,..,..,..
Equatorial Guinea,GNQ,Coverage of social insurance programs (% of population),per_si_allsi.cov_pop_tot,..,..,..,..,..,..,..,..,..,..,..,..,..,..,..,..,..,..,..,..,..,..,..,..,..,..,..,..,..,..,..
Equatorial Guinea,GNQ,"Debt service (PPG and IMF only, % of exports of goods, services and primary income)",DT.TDS.DPPF.XP.ZS,..,..,..,..,..,..,..,..,..,..,..,..,..,..,..,..,..,..,..,..,..,..,..,..,..,..,..,..,..,..,..
Equatorial Guinea,GNQ,Employment in industry (% of total employment) (modeled ILO estimate),SL.IND.EMPL.ZS,..,10.3900003433228,10.5699996948242,10.8100004196167,11.1599998474121,11.6400003433228,12.5299997329712,13.2200002670288,14.25,15.4300003051758,16.8700008392334,18.3899993896484,19.9599990844727,21.4899997711182,22.8299999237061,23.9500007629395,24.8700008392334,25.8400001525879,26.4899997711182,26.4799995422363,26.4200000762939,26.1499996185303,25.4500007629395,24.7299995422363,23.8700008392334,22.7900009155273,21.8199996948242,21.1000003814697,20.3600006103516,19.3500003814697,..
Eritrea,ERI,Access to electricity (% of population),EG.ELC.ACCS.ZS,..,..,..,..,..,22.9,24.7554473876953,25.8746109008789,26.9896945953369,28.0999355316162,29.2545108795166,30.3525619506836,32.2000007629395,32.5282592773438,33.6106033325195,34.6924095153809,35.7760925292969,36.8642921447754,37.9597244262695,39.0650978088379,40.1831207275391,41.3165016174316,42.4679489135742,43.6392288208008,44.828311920166,46.0322418212891,47.2480392456055,48.4727439880371,49.7033843994141,50.9369926452637,52.1710968017578
Eritrea,ERI,"Annualized average growth rate in per capita real survey mean consumption or income, total population (%)",SI.SPR.PCAP.ZG,..,..,..,..,..,..,..,..,..,..,..,..,..,..,..,..,..,..,..,..,..,..,..,..,..,..,..,..,..,..,..
Eritrea,ERI,Births attended by skilled health staff (% of total),SH.STA.BRTC.ZS,..,..,..,..,..,20.6,20.6,..,..,..,..,..,28.3,..,..,..,..,..,..,..,34.1,..,..,..,..,..,..,..,..,..,..
Eritrea,ERI,Coverage of social insurance programs (% of population),per_si_allsi.cov_pop_tot,..,..,..,..,..,..,..,..,..,..,..,..,..,..,..,..,..,..,..,..,..,..,..,..,..,..,..,..,..,..,..
Eritrea,ERI,"Debt service (PPG and IMF only, % of exports of goods, services and primary income)",DT.TDS.DPPF.XP.ZS,..,..,..,..,0,0.105442803141601,0,0.226757893765627,2.92491409478567,5.299090060889,3.59393624487437,..,..,..,..,..,..,..,..,..,..,..,..,..,..,..,..,..,..,..,..
Eritrea,ERI,Employment in industry (% of total employment) (modeled ILO estimate),SL.IND.EMPL.ZS,..,8.48999977111816,8.57999992370605,8.71000003814697,8.84000015258789,9,9.14000034332275,9.27999973297119,9.32999992370605,9.35999965667725,9.35999965667725,9.27999973297119,9.17000007629395,8.97000026702881,8.78999996185303,8.56999969482422,8.38000011444092,8.21000003814697,8.09000015258789,7.94000005722046,7.84999990463257,7.78000020980835,7.69999980926514,7.61999988555908,7.57999992370605,7.48999977111816,7.42999982833862,7.34999990463257,7.32000017166138,7.28999996185303,..
Estonia,EST,Access to electricity (% of population),EG.ELC.ACCS.ZS,100,100,100,100,100,100,100,100,100,100,100,100,100,100,100,100,100,100,100,100,100,100,100,100,100,100,100,100,100,100,100
Estonia,EST,"Annualized average growth rate in per capita real survey mean consumption or income, total population (%)",SI.SPR.PCAP.ZG,..,..,..,..,..,..,..,..,..,..,..,..,..,..,..,..,..,..,..,..,..,..,..,..,..,..,..,..,..,6.1,..
Estonia,EST,Births attended by skilled health staff (% of total),SH.STA.BRTC.ZS,..,..,98.9,99.1,99.1,99.3,99.4,99.3,99.5,99.5,99.5,99.6,99.5,99.4,99.7,99.6,99.5,99.4,99.3,99.2,99.3,99.4,99.3,99.4,99.4,99.5,99.4,99.2,99.1,..,..
Estonia,EST,Coverage of social insurance programs (% of population),per_si_allsi.cov_pop_tot,..,..,..,..,..,..,..,..,..,..,..,..,..,..,..,..,..,..,..,..,..,..,..,..,..,..,..,..,..,..,..
Estonia,EST,"Debt service (PPG and IMF only, % of exports of goods, services and primary income)",DT.TDS.DPPF.XP.ZS,..,..,..,..,..,..,..,..,..,..,..,..,..,..,..,..,..,..,..,..,..,..,..,..,..,..,..,..,..,..,..
Estonia,EST,Employment in industry (% of total employment) (modeled ILO estimate),SL.IND.EMPL.ZS,..,37.0499992370605,36,33.25,32.5,34.2299995422363,33.6500015258789,33.439998626709,32.9500007629395,31.6399993896484,34.9900016784668,33.75,29.7999992370605,30.7000007629395,33.9500007629395,34.0699996948242,33.5400009155273,35.1300010681152,35.2700004577637,31.4400005340576,30.3199996948242,32.4300003051758,31.1000003814697,30.2700004577637,30.1499996185303,30.6599998474121,29.7199993133545,29.9599990844727,29.6499996185303,28.7000007629395,..
Eswatini,SWZ,Access to electricity (% of population),EG.ELC.ACCS.ZS,..,..,..,..,..,..,..,..,..,..,20.1957626342773,26.8999996185303,25.8086700439453,28.6060962677002,31.4006366729736,34.1946411132813,35.2000007629395,39.7909126281738,42.5985412597656,38.5999984741211,45.5523376464844,51.148006439209,54.3662261962891,57.5625152587891,65,64.0124130249023,63.4300003051758,73.5,73.9157791137695,76.8694381713867,79.7304992675781
Eswatini,SWZ,"Annualized average growth rate in per capita real survey mean consumption or income, total population (%)",SI.SPR.PCAP.ZG,..,..,..,..,..,..,..,..,..,..,..,..,..,..,..,..,..,..,..,..,..,..,..,..,..,..,6.14,..,..,..,..
Eswatini,SWZ,Births attended by skilled health staff (% of total),SH.STA.BRTC.ZS,..,..,..,..,56,..,..,..,..,..,65.4,..,74,..,..,..,..,69,..,..,82,..,..,..,88.3,..,..,..,..,..,..
Eswatini,SWZ,Coverage of social insurance programs (% of population),per_si_allsi.cov_pop_tot,..,..,..,..,..,..,..,..,..,..,..,..,..,..,..,..,..,..,..,..,..,..,..,..,..,..,5.714110619,..,..,..,..
Eswatini,SWZ,"Debt service (PPG and IMF only, % of exports of goods, services and primary income)",DT.TDS.DPPF.XP.ZS,5.33949841708569,2.9802321533658,2.2848507171724,2.23518501805829,2.19321282349291,1.50196466377765,2.5771788566363,1.68477712893407,2.11270353662413,2.89338359764877,2.18221164342712,1.98066159196518,1.62574122867129,1.64005411914242,2.19062120910097,1.71376998932789,1.95060930346374,2.14879244630201,2.89472650951457,2.67562229374412,2.26443759462001,2.72173256325651,2.36007424701025,1.84796077457695,1.67375890967756,1.75188971640388,2.19887137626354,2.11867228281729,2.25090350463944,2.55600923117053,3.27751086423347
Eswatini,SWZ,Employment in industry (% of total employment) (modeled ILO estimate),SL.IND.EMPL.ZS,..,29.0799999237061,29.0400009155273,29.0799999237061,28.9899997711182,28.9899997711182,28.8500003814697,28.7600002288818,28.5200004577637,28.2399997711182,28.0799999237061,27.8400001525879,27.5499992370605,27.2700004577637,27.1100006103516,26.9200000762939,26.7299995422363,26.5799999237061,26.4300003051758,26.3099994659424,26.0300006866455,25.8199996948242,25.5900001525879,25.2900009155273,25.1000003814697,24.8700008392334,24.5300006866455,24.1200008392334,23.7299995422363,23.3899993896484,..
Ethiopia,ETH,Access to electricity (% of population),EG.ELC.ACCS.ZS,..,..,..,..,..,..,..,..,..,..,12.6999998092651,10.1624908447266,11.8548336029053,13.5419406890869,15.2261619567871,14,18.5954036712646,20.2854804992676,21.9827899932861,23.6900386810303,25.4099369049072,23,28.8985195159912,30.6716728210449,27.2000007629395,29,42.9000015258789,44.2999992370605,44.940601348877,48.063591003418,51.0939826965332
Ethiopia,ETH,"Annualized average growth rate in per capita real survey mean consumption or income, total population (%)",SI.SPR.PCAP.ZG,..,..,..,..,..,..,..,..,..,..,..,..,..,..,..,..,..,..,..,..,..,..,..,..,..,2.14,..,..,..,..,..
Ethiopia,ETH,Births attended by skilled health staff (% of total),SH.STA.BRTC.ZS,..,..,..,..,..,..,..,..,6.5,..,5.6,..,..,..,6.4,5.7,..,..,..,..,..,10,..,23.1,15.5,..,27.7,..,..,..,..
Ethiopia,ETH,Coverage of social insurance programs (% of population),per_si_allsi.cov_pop_tot,..,..,..,..,..,..,..,..,..,..,..,..,..,..,..,..,..,..,..,..,..,..,..,..,..,2.36834901780239,..,..,1.2535170900859,..,..
Ethiopia,ETH,"Debt service (PPG and IMF only, % of exports of goods, services and primary income)",DT.TDS.DPPF.XP.ZS,37.6459741643541,29.0271058233212,22.716381328813,17.9275773275965,15.2160679246941,18.3341303032772,41.4983617028131,9.86367172066359,12.085159703852,16.1726445471657,13.6316985552788,18.3897311331012,7.90545047703554,7.16333021865149,5.50917477310888,4.29923075832474,5.80116771403063,4.62067160287382,2.91661050579193,2.78313952666124,3.77537523952486,5.85057083628359,7.13169780752351,10.6721261398837,11.8159320249646,18.1639049440248,20.6220213610167,22.0104305949628,21.1644240759086,28.0924873007495,25.7651360160719
Ethiopia,ETH,Employment in industry (% of total employment) (modeled ILO estimate),SL.IND.EMPL.ZS,..,6.78999996185303,6.73000001907349,6.69000005722046,6.6399998664856,6.59999990463257,6.57000017166138,6.53999996185303,6.51000022888184,6.51000022888184,6.59999990463257,6.71999979019165,6.84000015258789,6.98999977111816,7.19000005722046,7.3600001335144,7.42000007629395,7.51999998092651,7.63000011444092,7.76000022888184,7.92999982833862,8.09000015258789,8.25,8.40999984741211,8.59000015258789,8.77000045776367,8.96000003814697,9.11999988555908,9.22000026702881,9.31999969482422,..
Euro area,EMU,Access to electricity (% of population),EG.ELC.ACCS.ZS,100,100,100,100,100,100,100,100,100,100,100,100,100,100,100,100,100,100,100,100,100,100,100,100,100,100,100,100,100,100,100
Euro area,EMU,"Annualized average growth rate in per capita real survey mean consumption or income, total population (%)",SI.SPR.PCAP.ZG,..,..,..,..,..,..,..,..,..,..,..,..,..,..,..,..,..,..,..,..,..,..,..,..,..,..,..,..,..,..,..
Euro area,EMU,Births attended by skilled health staff (% of total),SH.STA.BRTC.ZS,..,..,..,..,..,..,..,..,..,..,99.3673876796375,..,..,..,..,..,..,..,..,..,98.6469901509421,..,..,..,..,..,..,..,98.8519411277507,..,..
Euro area,EMU,Coverage of social insurance programs (% of population),per_si_allsi.cov_pop_tot,..,..,..,..,..,..,..,..,..,..,..,..,..,..,..,..,..,..,..,..,..,..,..,..,..,..,..,..,..,..,..
Euro area,EMU,"Debt service (PPG and IMF only, % of exports of goods, services and primary income)",DT.TDS.DPPF.XP.ZS,..,..,..,..,..,..,..,..,..,..,..,..,..,..,..,..,..,..,..,..,..,..,..,..,..,..,..,..,..,..,..
Euro area,EMU,Employment in industry (% of total employment) (modeled ILO estimate),SL.IND.EMPL.ZS,..,33.2505596978197,32.7737776612153,32.1308476320122,31.6340421850176,31.4251712231443,30.8435481727717,30.5183803171031,30.6323550466413,30.2338488149603,30.0004434354643,29.7451786415518,29.3641548908009,28.7144223692906,28.4108183531934,27.923595383795,27.7419109724534,27.6212772178826,27.0848007414209,25.9106835562439,25.1958569758526,24.9010129730025,24.4559693701525,23.9450688562999,23.7476145459245,23.6671545224471,23.4984937184944,23.5524414055677,23.5348335582667,23.4567211775462,..
Europe & Central Asia,ECS,Access to electricity (% of population),EG.ELC.ACCS.ZS,100,100,100,100,100,99.9978745224497,99.9714883174473,99.9652655728551,99.9672683656261,99.8715423604406,99.9493964240866,99.9528656956635,99.9615617943828,99.9716814492169,99.9584729524689,99.9489487877136,99.9462359686686,99.9515832665028,99.9603665649643,99.9637749415269,99.9742658159395,99.9678361247815,99.9810754122,99.9772262352054,99.9828399900704,99.2553035277639,99.9696221715838,99.9914164447254,99.9918353726555,99.9932515305436,99.9953213445151
Europe & Central Asia,ECS,"Annualized average growth rate in per capita real survey mean consumption or income, total population (%)",SI.SPR.PCAP.ZG,..,..,..,..,..,..,..,..,..,..,..,..,..,..,..,..,..,..,..,..,..,..,..,..,..,..,..,..,..,..,..
Europe & Central Asia,ECS,Births attended by skilled health staff (% of total),SH.STA.BRTC.ZS,..,..,..,..,..,..,..,..,..,..,95.4502224357646,..,..,..,..,..,..,..,..,..,98.4007877027577,..,..,..,..,..,..,..,99.0181120671442,..,..
Europe & Central Asia,ECS,Coverage of social insurance programs (% of population),per_si_allsi.cov_pop_tot,..,..,..,..,..,..,..,..,..,..,..,..,..,..,..,..,..,..,..,..,..,..,..,..,..,..,..,..,..,..,..
Europe & Central Asia,ECS,"Debt service (PPG and IMF only, % of exports of goods, services and primary income)",DT.TDS.DPPF.XP.ZS,..,..,..,..,..,..,..,..,..,..,..,..,..,..,..,..,..,..,..,..,..,..,..,..,..,..,..,..,..,..,..
Europe & Central Asia,ECS,Employment in industry (% of total employment) (modeled ILO estimate),SL.IND.EMPL.ZS,..,33.2289948516795,32.5225878435794,31.8348470214027,30.8110391082965,30.1672063694188,29.5525624821261,28.7817755508033,28.542247374934,28.0984271411262,27.8707260780814,27.8153234177947,27.5994030309842,27.3069205444042,27.1313237469062,26.8893338092501,26.8572195330944,26.9966004766432,26.7051610659409,25.619306462854,25.318171272863,25.1856066017412,25.0248879330062,24.7560922167096,24.8298633774059,24.5716218496818,24.4787953177421,24.503860593012,24.5400174670064,24.4536973871611,..
Europe & Central Asia (excluding high income),ECA,Access to electricity (% of population),EG.ELC.ACCS.ZS,100,..,..,..,..,99.9938343809657,99.9215090354821,99.9051407263089,99.9103582095692,99.6576196934006,99.8816190704524,99.8896096297145,99.9098302570221,99.9334517010021,99.9022484494381,99.8796415317047,99.8730854493955,99.8856080910173,99.9063544117588,99.9144797318665,99.9395217331862,99.9244805349554,99.9557778282364,99.9468866178254,99.9600521967667,98.2698785814502,99.9747014231173,99.9801380333328,99.9810906511605,99.9844410157369,99.9892010819443
Europe & Central Asia (excluding high income),ECA,"Annualized average growth rate in per capita real survey mean consumption or income, total population (%)",SI.SPR.PCAP.ZG,..,..,..,..,..,..,..,..,..,..,..,..,..,..,..,..,..,..,..,..,..,..,..,..,..,..,..,..,..,..,..
Europe & Central Asia (excluding high income),ECA,Births attended by skilled health staff (% of total),SH.STA.BRTC.ZS,98.4874526222445,..,..,..,..,..,..,..,..,..,91.6933225327371,..,..,..,..,..,..,..,..,..,98.0847828703493,..,..,..,..,..,..,..,99.113672656568,..,..
Europe & Central Asia (excluding high income),ECA,Coverage of social insurance programs (% of population),per_si_allsi.cov_pop_tot,..,..,..,..,..,..,..,..,..,..,..,..,..,..,..,..,..,..,..,..,..,..,..,..,..,..,..,..,..,..,..
Europe & Central Asia (excluding high income),ECA,"Debt service (PPG and IMF only, % of exports of goods, services and primary income)",DT.TDS.DPPF.XP.ZS,27.1346235815908,26.5743685928182,25.8143578906028,20.8125070401407,9.0992975609171,10.4692522486177,9.4796639184277,9.20662978837664,12.3994569277036,13.0903313633916,10.9906941502328,13.7751653154273,12.872011122675,10.1936837743909,8.5389524837951,11.2594177456799,9.2254919840692,4.92279394753966,4.98250963813192,5.43895546698893,5.55057280299835,3.99817915409644,3.65302804179946,4.77810135759096,6.78751479343097,9.37919477572268,9.55666771971542,6.4149353495054,8.76332315622084,7.10078901476304,9.53679528902285
Europe & Central Asia (excluding high income),ECA,Employment in industry (% of total employment) (modeled ILO estimate),SL.IND.EMPL.ZS,..,33.0587385107996,32.327684324508,31.5980645244593,30.2158556651198,29.1040239059846,28.183006658138,26.8481615450555,26.2719532582126,26.0352914303546,26.0600899033089,26.2623308377326,26.2955429425516,26.3798712890185,26.3315018013741,26.2464816132471,26.2619558811584,26.5412998807177,26.2371365635296,25.524630205279,25.7783848899102,25.6529577785109,25.7935308231835,25.6596992550897,25.9684612046941,25.5595304964746,25.3875308576553,25.3830146205277,25.495718818981,25.368558131341,..
Europe & Central Asia (IDA & IBRD),TEC,Access to electricity (% of population),EG.ELC.ACCS.ZS,100,100,100,100,100,99.9950945596866,99.9365010260204,99.9230350953695,99.9272980685426,99.7199372309397,99.8994525951149,99.9061315560618,99.923249532398,99.9433245252522,99.9167064491602,99.8973866816318,99.891730922619,99.9023002559567,99.9199092586783,99.9267823194483,99.948116310366,99.9351858340402,99.9619796245363,99.9542813281277,99.9655729275915,98.5070793146613,99.9391438151003,99.9828194171674,99.9836360467292,99.9865143284425,99.9906369397569
Europe & Central Asia (IDA & IBRD),TEC,"Annualized average growth rate in per capita real survey mean consumption or income, total population (%)",SI.SPR.PCAP.ZG,..,..,..,..,..,..,..,..,..,..,..,..,..,..,..,..,..,..,..,..,..,..,..,..,..,..,..,..,..,..,..
Europe & Central Asia (IDA & IBRD),TEC,Births attended by skilled health staff (% of total),SH.STA.BRTC.ZS,98.5089773126175,..,..,..,..,..,..,..,..,..,92.6096118065702,..,..,..,..,..,..,..,..,..,98.2582960502984,..,..,..,..,..,..,..,99.0956191439447,..,..
Europe & Central Asia (IDA & IBRD),TEC,Coverage of social insurance programs (% of population),per_si_allsi.cov_pop_tot,..,..,..,..,..,..,..,..,..,..,..,..,..,..,..,..,..,..,..,..,..,..,..,..,..,..,..,..,..,..,..
Europe & Central Asia (IDA & IBRD),TEC,"Debt service (PPG and IMF only, % of exports of goods, services and primary income)",DT.TDS.DPPF.XP.ZS,..,..,..,..,9.04285255841997,10.3834974505628,10.2079639663464,9.741604817905,12.827577330168,13.5102251218644,11.0781093995393,13.7555561243948,12.8174225343999,10.2077842622225,8.54897903460019,11.1983765232232,9.13058899612004,4.93592744626128,5.02198727989139,5.39398301214364,5.54905309044113,3.97182209863506,3.89589597650389,5.16760608856818,6.9895026569177,9.42189636557326,9.13200013867274,6.18190853208125,8.49097344946085,6.88032598204558,9.04873089457476
Europe & Central Asia (IDA & IBRD),TEC,Employment in industry (% of total employment) (modeled ILO estimate),SL.IND.EMPL.ZS,..,33.7034620216763,32.7920226471984,32.0330998449524,30.6394010236634,29.5614831037702,28.7991893360784,27.6074238938533,27.0071084169623,26.6157166352976,26.4892637987242,26.6342321407007,26.6838691976751,26.7325994423746,26.8226171108932,26.7212301642989,26.8206004988051,27.1712173729453,27.0270875998941,26.2627559028437,26.3025982141607,26.233254387892,26.313395722074,26.2060682311557,26.5022766535942,26.1287162372745,26.1259380230781,26.1549700151925,26.2683973439007,26.1937173991701,..
European Union,EUU,Access to electricity (% of population),EG.ELC.ACCS.ZS,100,100,100,100,100,100,100,100,100,100,100,100,100,100,100,100,100,100,100,100,100,100,100,100,100,100,99.9601962766443,100,100,100,99.9953512380042
European Union,EUU,"Annualized average growth rate in per capita real survey mean consumption or income, total population (%)",SI.SPR.PCAP.ZG,..,..,..,..,..,..,..,..,..,..,..,..,..,..,..,..,..,..,..,..,..,..,..,..,..,..,..,..,..,..,..
European Union,EUU,Births attended by skilled health staff (% of total),SH.STA.BRTC.ZS,..,..,..,..,..,..,..,..,..,..,99.3663998710183,..,..,..,..,..,..,..,..,..,98.905960007019,..,..,..,..,..,..,..,98.8749924792451,..,..
European Union,EUU,Coverage of social insurance programs (% of population),per_si_allsi.cov_pop_tot,..,..,..,..,..,..,..,..,..,..,..,..,..,..,..,..,..,..,..,..,..,..,..,..,..,..,..,..,..,..,..
European Union,EUU,"Debt service (PPG and IMF only, % of exports of goods, services and primary income)",DT.TDS.DPPF.XP.ZS,..,..,..,..,..,..,..,..,..,..,..,..,..,..,..,..,..,..,..,..,..,..,..,..,..,..,..,..,..,..,..
European Union,EUU,Employment in industry (% of total employment) (modeled ILO estimate),SL.IND.EMPL.ZS,..,34.1565592404768,33.4431252415475,32.7525875781571,32.1093055600947,31.7743651355761,31.339363863013,30.9443465339299,30.9304690456691,30.3912573548687,30.006343882485,29.8120376517293,29.5106624197513,28.9538135998457,28.8400471174516,28.4517218951028,28.3889488568711,28.4260913208135,28.1357333244918,26.9385591220043,26.1507404778552,25.9627037655618,25.5520490528301,25.1360987213571,25.0311425212292,24.9325719882764,24.9380276411076,25.0338589831305,25.0386741844385,24.9860243331492,..
Faroe Islands,FRO,Access to electricity (% of population),EG.ELC.ACCS.ZS,100,100,100,100,100,100,100,100,100,100,100,100,100,100,100,100,100,100,100,100,100,100,100,100,100,100,100,100,100,100,100
Faroe Islands,FRO,"Annualized average growth rate in per capita real survey mean consumption or income, total population (%)",SI.SPR.PCAP.ZG,..,..,..,..,..,..,..,..,..,..,..,..,..,..,..,..,..,..,..,..,..,..,..,..,..,..,..,..,..,..,..
Faroe Islands,FRO,Births attended by skilled health staff (% of total),SH.STA.BRTC.ZS,..,..,..,..,..,..,..,..,..,..,..,..,..,..,..,..,..,..,..,..,..,..,..,..,..,..,..,..,..,..,..
Faroe Islands,FRO,Coverage of social insurance programs (% of population),per_si_allsi.cov_pop_tot,..,..,..,..,..,..,..,..,..,..,..,..,..,..,..,..,..,..,..,..,..,..,..,..,..,..,..,..,..,..,..
Faroe Islands,FRO,"Debt service (PPG and IMF only, % of exports of goods, services and primary income)",DT.TDS.DPPF.XP.ZS,..,..,..,..,..,..,..,..,..,..,..,..,..,..,..,..,..,..,..,..,..,..,..,..,..,..,..,..,..,..,..
Faroe Islands,FRO,Employment in industry (% of total employment) (modeled ILO estimate),SL.IND.EMPL.ZS,..,..,..,..,..,..,..,..,..,..,..,..,..,..,..,..,..,..,..,..,..,..,..,..,..,..,..,..,..,..,..
Fiji,FJI,Access to electricity (% of population),EG.ELC.ACCS.ZS,..,..,..,..,..,..,66.9,71.7715148925781,73.0895843505859,74.4028167724609,75.7249221801758,77.0006790161133,79.629997253418,80,80.7918395996094,82.0513534545898,83.3127365112305,88.9000015258789,86.1600036621094,87.1348648071289,89.2485809326172,90.146125793457,91.0708312988281,91.75,93.7866058349609,95.1682434082031,96.5617446899414,96,99.3725051879883,99.7158813476563,100
Fiji,FJI,"Annualized average growth rate in per capita real survey mean consumption or income, total population (%)",SI.SPR.PCAP.ZG,..,..,..,..,..,..,..,..,..,..,..,..,..,..,..,..,..,..,..,..,..,..,..,-0.51,..,..,..,..,..,..,..
Fiji,FJI,Births attended by skilled health staff (% of total),SH.STA.BRTC.ZS,95.3,94.5,..,97.6,96.2,96.2,96.3,96.2,96.7,96.4,96.9,98.4,96.9,96.7,97,97.2,99.3,99,98.8,99.8,99.7,99.6,99.3,99.7,99.7,99.9,99.8,..,..,..,..
Fiji,FJI,Coverage of social insurance programs (% of population),per_si_allsi.cov_pop_tot,..,..,..,..,..,..,..,..,..,..,..,..,..,..,..,..,..,..,5.32568979469768,..,..,..,..,8.91776451577618,..,..,..,..,..,..,..
Fiji,FJI,"Debt service (PPG and IMF only, % of exports of goods, services and primary income)",DT.TDS.DPPF.XP.ZS,9.01059699666226,9.33037834638428,6.95080014438027,5.84757271065956,6.17067576924323,3.73141165358509,2.1283346128554,1.5367111721001,2.20785266600346,2.62160987114282,2.52791400923146,1.80353906470578,1.73497789921929,1.25141678385584,0.766375898523822,0.846829798759239,0.872410362897455,1.61698159580411,1.19251454894217,1.82092925038677,1.30914499032591,8.13647882306279,1.60623380402478,1.8436671037533,1.94364315694459,13.4357587446381,3.00195932780974,2.23359266336623,2.41588018882166,6.83652011171499,19.781910402013
Fiji,FJI,Employment in industry (% of total employment) (modeled ILO estimate),SL.IND.EMPL.ZS,..,22.3400001525879,22.4599990844727,22.4599990844727,22.4799995422363,22.4699993133545,22.5200004577637,22.3700008392334,22.2999992370605,22.3799991607666,22.1299991607666,21.9899997711182,21.7600002288818,21.4099998474121,21.2199993133545,20.8500003814697,20.0400009155273,18.9799995422363,18.2099990844727,17.3299999237061,16.7399997711182,16.1399993896484,15.460000038147,15.1000003814697,14.8400001525879,14.5500001907349,14.1700000762939,14.2200002670288,14.2299995422363,14.1400003433228,..
Finland,FIN,Access to electricity (% of population),EG.ELC.ACCS.ZS,100,100,100,100,100,100,100,100,100,100,100,100,100,100,100,100,100,100,100,100,100,100,100,100,100,100,100,100,100,100,100
Finland,FIN,"Annualized average growth rate in per capita real survey mean consumption or income, total population (%)",SI.SPR.PCAP.ZG,..,..,..,..,..,..,..,..,..,..,..,..,..,..,..,..,..,..,..,..,..,..,..,..,..,..,..,..,..,1.49,..
Finland,FIN,Births attended by skilled health staff (% of total),SH.STA.BRTC.ZS,98.8,..,98.6,98.6,98.5,98.5,98.4,98.4,98.3,98.4,98.4,98.5,99.8,99.8,99.8,99.8,99.8,99.8,99.8,99.8,99.8,99.7,99.8,..,99.7,99.9,99.9,99.9,100,..,..
Finland,FIN,Coverage of social insurance programs (% of population),per_si_allsi.cov_pop_tot,..,..,..,..,..,..,..,..,..,..,..,..,..,..,..,..,..,..,..,..,..,..,..,..,..,..,..,..,..,..,..
Finland,FIN,"Debt service (PPG and IMF only, % of exports of goods, services and primary income)",DT.TDS.DPPF.XP.ZS,..,..,..,..,..,..,..,..,..,..,..,..,..,..,..,..,..,..,..,..,..,..,..,..,..,..,..,..,..,..,..
Finland,FIN,Employment in industry (% of total employment) (modeled ILO estimate),SL.IND.EMPL.ZS,..,28.7800006866455,28.1599998474121,27.7800006866455,27.7099990844727,27.6000003814697,27.0900001525879,27.4200000762939,28.2600002288818,27.7299995422363,27.9500007629395,27.0799999237061,27.1499996185303,26.7000007629395,26.0699996948242,25.8099994659424,25.6900005340576,25.7199993133545,25.1499996185303,23.9500007629395,23.2999992370605,23,22.7900009155273,22.8500003814697,21.8999996185303,21.7000007629395,22.1599998474121,22.1599998474121,22.3400001525879,21.6399993896484,..
France,FRA,Access to electricity (% of population),EG.ELC.ACCS.ZS,100,100,100,100,100,100,100,100,100,100,100,100,100,100,100,100,100,100,100,100,100,100,100,100,100,100,100,100,100,100,100
France,FRA,"Annualized average growth rate in per capita real survey mean consumption or income, total population (%)",SI.SPR.PCAP.ZG,..,..,..,..,..,..,..,..,..,..,..,..,..,..,..,..,..,..,..,..,..,..,..,..,..,..,..,..,0.77,..,..
France,FRA,Births attended by skilled health staff (% of total),SH.STA.BRTC.ZS,..,..,..,99,..,..,..,..,..,..,..,99.6,..,..,98,97.9,98.3,98.1,98,97.9,97.5,96.2,97.1,98.3,98.3,97.7,97.4,98,98.1,..,..
France,FRA,Coverage of social insurance programs (% of population),per_si_allsi.cov_pop_tot,..,..,..,..,..,..,..,..,..,..,..,..,..,..,..,..,..,..,..,..,..,..,..,..,..,..,..,..,..,..,..
France,FRA,"Debt service (PPG and IMF only, % of exports of goods, services and primary income)",DT.TDS.DPPF.XP.ZS,..,..,..,..,..,..,..,..,..,..,..,..,..,..,..,..,..,..,..,..,..,..,..,..,..,..,..,..,..,..,..
France,FRA,Employment in industry (% of total employment) (modeled ILO estimate),SL.IND.EMPL.ZS,..,28.3899993896484,28.0900001525879,27.5100002288818,26.8299999237061,26.9400005340576,26.5100002288818,26.5599994659424,26.3299999237061,26.2999992370605,26.2700004577637,26.0300006866455,25.3999996185303,24.1399993896484,24.25,23.7800006866455,23.7999992370605,23.3199996948242,23.25,22.6700000762939,22.25,22.1700000762939,21.7600002288818,21.3099994659424,20.5300006866455,20.3199996948242,20.2299995422363,20.4099998474121,20.2399997711182,20.4300003051758,..
French Polynesia,PYF,Access to electricity (% of population),EG.ELC.ACCS.ZS,100,100,100,100,100,100,100,100,100,100,100,100,100,100,100,100,100,100,100,100,100,100,100,100,100,100,100,100,100,100,100
French Polynesia,PYF,"Annualized average growth rate in per capita real survey mean consumption or income, total population (%)",SI.SPR.PCAP.ZG,..,..,..,..,..,..,..,..,..,..,..,..,..,..,..,..,..,..,..,..,..,..,..,..,..,..,..,..,..,..,..
French Polynesia,PYF,Births attended by skilled health staff (% of total),SH.STA.BRTC.ZS,..,..,..,..,..,..,..,..,..,..,99,..,..,..,..,..,..,..,..,..,..,..,..,..,..,..,..,..,..,..,..
French Polynesia,PYF,Coverage of social insurance programs (% of population),per_si_allsi.cov_pop_tot,..,..,..,..,..,..,..,..,..,..,..,..,..,..,..,..,..,..,..,..,..,..,..,..,..,..,..,..,..,..,..
French Polynesia,PYF,"Debt service (PPG and IMF only, % of exports of goods, services and primary income)",DT.TDS.DPPF.XP.ZS,..,..,..,..,..,..,..,..,..,..,..,..,..,..,..,..,..,..,..,..,..,..,..,..,..,..,..,..,..,..,..
French Polynesia,PYF,Employment in industry (% of total employment) (modeled ILO estimate),SL.IND.EMPL.ZS,..,15.4899997711182,15.5200004577637,15.5,15.4799995422363,15.4700002670288,15.5299997329712,16,16.4200000762939,16.75,17.0799999237061,17.5300006866455,17.9400005340576,17.9099998474121,17.6700000762939,17.5599994659424,17.3700008392334,17.2999992370605,17.3099994659424,17.1100006103516,16.8199996948242,16.4899997711182,16.3600006103516,16.3400001525879,16.3700008392334,16.3899993896484,16.4300003051758,16.5,16.5599994659424,16.6399993896484,..
Gabon,GAB,Access to electricity (% of population),EG.ELC.ACCS.ZS,..,..,..,..,..,..,..,..,..,..,73.5999984741211,77.1408004760742,77.8424377441406,78.5388412475586,79.2323532104492,81.5999984741211,80.6201782226563,81.3195495605469,82.0261535644531,82.7426986694336,89.4617233276367,88.8595657348633,89.3000030517578,86.4000015258789,86.9643096923828,87.3768615722656,88.2038269042969,86.2699966430664,89.8815155029297,90.7262954711914,91.5715637207031
Gabon,GAB,"Annualized average growth rate in per capita real survey mean consumption or income, total population (%)",SI.SPR.PCAP.ZG,..,..,..,..,..,..,..,..,..,..,..,..,..,..,..,..,..,..,..,..,..,..,..,..,..,..,..,..,..,..,..
Gabon,GAB,Births attended by skilled health staff (% of total),SH.STA.BRTC.ZS,..,..,..,..,..,..,..,..,..,..,85.5,85.5,..,..,..,..,..,..,..,..,..,..,89.3,..,..,..,..,..,..,..,..
Gabon,GAB,Coverage of social insurance programs (% of population),per_si_allsi.cov_pop_tot,..,..,..,..,..,..,..,..,..,..,..,..,..,..,..,13.4239635987688,..,..,..,..,..,..,..,..,..,..,..,..,..,..,..
Gabon,GAB,"Debt service (PPG and IMF only, % of exports of goods, services and primary income)",DT.TDS.DPPF.XP.ZS,4.75503943316353,10.1230094844622,14.4262712693591,4.18896676986541,8.64249184616786,14.7369754156347,10.3296391170195,12.5684053985893,12.935603581526,18.0217259094308,9.22793558487686,15.8310508401372,14.9873464732762,10.9479368813716,5.63093443690686,3.47481832351412,..,12.1298775690683,28.5199636113714,6.15559461971952,4.77783536906894,3.91158517733882,4.15178474910969,11.997792972759,6.06602838352295,8.49922098218233,..,..,..,..,..
Gabon,GAB,Employment in industry (% of total employment) (modeled ILO estimate),SL.IND.EMPL.ZS,..,9.4399995803833,9.52999973297119,9.57999992370605,9.59000015258789,9.61999988555908,9.64000034332275,9.64000034332275,9.67000007629395,9.77000045776367,9.81999969482422,9.84000015258789,9.89000034332275,9.90999984741211,9.94999980926514,9.97000026702881,10.0500001907349,10.0699996948242,10.1499996185303,10.2299995422363,10.2600002288818,10.3000001907349,10.3599996566772,10.4099998474121,10.4700002670288,10.5200004577637,10.5900001525879,10.6499996185303,10.710000038147,10.7399997711182,..
"Gambia, The",GMB,Access to electricity (% of population),EG.ELC.ACCS.ZS,..,..,..,17.7,18.2500495910645,19.921443939209,21.5901184082031,23.255392074585,24.9165878295898,26.572940826416,34.2999992370605,29.8700199127197,31.5175647735596,27.7999992370605,34.7993011474609,30.4562683105469,38.0789451599121,39.7242279052734,41.3767395019531,43.039192199707,46.6552772521973,48.2470855712891,49.8279304504395,51.5,52.9337272644043,54.5619888305664,56.3274078369141,56.2000007629395,60.2999992370605,62.0999984741211,62.2730674743652
"Gambia, The",GMB,"Annualized average growth rate in per capita real survey mean consumption or income, total population (%)",SI.SPR.PCAP.ZG,..,..,..,..,..,..,..,..,..,..,..,..,..,..,..,..,..,..,..,..,..,..,..,..,..,-0.46,..,..,..,..,..
"Gambia, The",GMB,Births attended by skilled health staff (% of total),SH.STA.BRTC.ZS,44.1,..,..,..,..,..,..,..,..,..,51.6,..,..,..,..,..,52.1,..,..,..,56.1,..,..,57.2,..,..,..,..,82.7,..,..
"Gambia, The",GMB,Coverage of social insurance programs (% of population),per_si_allsi.cov_pop_tot,..,..,..,..,..,..,..,..,2.72573725747135,..,..,..,..,..,..,..,..,..,..,..,1.75799959015575,..,..,..,..,1.46957727909906,..,..,..,..,..
"Gambia, The",GMB,"Debt service (PPG and IMF only, % of exports of goods, services and primary income)",DT.TDS.DPPF.XP.ZS,21.785778948063,13.216906013891,12.3591757235331,11.1364897376063,13.3864850393948,15.0859244994497,12.0600605342433,11.2896848400612,..,..,..,..,..,14.4990141693131,20.5353649690349,14.6435131959447,14.3499778047192,12.9801906863864,5.13643667209764,6.71964286416283,8.41266697717588,10.4673874521159,9.38408789591121,10.977563555542,18.2605906792781,18.7420553639647,22.2508978370317,15.7755159426845,12.591583878162,12.6994991689198,17.638857315413
"Gambia, The",GMB,Employment in industry (% of total employment) (modeled ILO estimate),SL.IND.EMPL.ZS,..,18.0200004577637,17.9599990844727,17.8999996185303,17.8299999237061,17.7700004577637,17.6900005340576,17.6399993896484,17.5799999237061,17.5100002288818,17.4500007629395,17.3799991607666,17.3500003814697,17.2199993133545,17.0900001525879,17.0200004577637,16.9099998474121,16.7600002288818,16.5599994659424,16.3600006103516,16.1700000762939,16.0900001525879,15.9099998474121,15.7299995422363,15.6300001144409,15.4799995422363,15.3400001525879,15.1899995803833,15.0900001525879,15.0100002288818,..
Georgia,GEO,Access to electricity (% of population),EG.ELC.ACCS.ZS,..,..,..,..,..,..,..,..,..,..,99.8118133544922,99.8053283691406,99.9000015258789,100,99.9300003051758,97.9350509643555,100,100,100,100,100,100,100,100,100,100,100,100,99.9000015258789,100,100
Georgia,GEO,"Annualized average growth rate in per capita real survey mean consumption or income, total population (%)",SI.SPR.PCAP.ZG,..,..,..,..,..,..,..,..,..,..,..,..,..,..,..,..,..,..,..,..,..,..,..,..,..,..,..,..,..,..,-1.5
Georgia,GEO,Births attended by skilled health staff (% of total),SH.STA.BRTC.ZS,96.6,91.3,91.1,90.8,..,..,..,..,96,96.4,95.5,96.6,97.4,97.2,97.5,98.3,98.8,99.4,99.6,99.7,99.6,99.8,99.8,99.9,99.9,99.9,99.9,..,99.4,..,..
Georgia,GEO,Coverage of social insurance programs (% of population),per_si_allsi.cov_pop_tot,..,..,..,..,..,..,..,..,..,..,..,..,..,..,..,..,..,..,..,..,..,..,..,..,..,..,..,..,..,..,..
Georgia,GEO,"Debt service (PPG and IMF only, % of exports of goods, services and primary income)",DT.TDS.DPPF.XP.ZS,..,..,..,..,..,..,..,6.00763146761267,23.2555337001981,15.0392643441541,12.2125008643105,7.24011550002088,9.16572330691471,10.3207793069009,11.8382736321055,6.87752217802373,8.83440938354583,4.3759839663012,4.77017805946143,6.84971064562939,6.29376562303332,11.9778268820896,6.32919502572813,9.23271163498605,7.59137228176148,9.71406812347272,5.97398605897148,7.18037024492765,5.17908080068613,5.15892422609576,13.6272216891868
Georgia,GEO,Employment in industry (% of total employment) (modeled ILO estimate),SL.IND.EMPL.ZS,..,13.0600004196167,12.5,11.960000038147,11.5,11.1099996566772,10.8400001525879,10.5500001907349,10.1899995803833,9.44999980926514,9.80000019073486,9.27999973297119,8.22000026702881,8.35000038146973,8.84000015258789,9.28999996185303,9.05000019073486,10.3699998855591,10.2600002288818,10.210000038147,10.6000003814697,10.9399995803833,10.8299999237061,10.8199996948242,11.1000003814697,11.0200004577637,11.9099998474121,13.1700000762939,14.3900003433228,14.2600002288818,..
Germany,DEU,Access to electricity (% of population),EG.ELC.ACCS.ZS,100,100,100,100,100,100,100,100,100,100,100,100,100,100,100,100,100,100,100,100,100,100,100,100,100,100,100,100,100,100,100
Germany,DEU,"Annualized average growth rate in per capita real survey mean consumption or income, total population (%)",SI.SPR.PCAP.ZG,..,..,..,..,..,..,..,..,..,..,..,..,..,..,..,..,..,..,..,..,..,..,..,..,..,..,..,..,1.8,..,..
Germany,DEU,Births attended by skilled health staff (% of total),SH.STA.BRTC.ZS,..,..,..,..,..,..,..,..,..,98.7,98.6,98.6,98.6,98.6,98.2,98.2,98.4,98.4,98.5,98.3,98.4,98.4,98.5,98.5,98.6,98.8,97.8,98.8,..,..,..
Germany,DEU,Coverage of social insurance programs (% of population),per_si_allsi.cov_pop_tot,..,..,..,..,..,..,..,..,..,..,..,..,..,..,..,..,..,..,..,..,..,..,..,..,..,..,..,..,..,..,..
Germany,DEU,"Debt service (PPG and IMF only, % of exports of goods, services and primary income)",DT.TDS.DPPF.XP.ZS,..,..,..,..,..,..,..,..,..,..,..,..,..,..,..,..,..,..,..,..,..,..,..,..,..,..,..,..,..,..,..
Germany,DEU,Employment in industry (% of total employment) (modeled ILO estimate),SL.IND.EMPL.ZS,..,37.7200012207031,37.3699989318848,36.7400016784668,36.4199981689453,36,35.2700004577637,34.6699981689453,34.3899993896484,33.8300018310547,33.5299987792969,32.7799987792969,32.3699989318848,31.3799991607666,31.25,29.8400001525879,29.6499996185303,29.8999996185303,29.3400001525879,28.7999992370605,28.3099994659424,28.2399997711182,28.1900005340576,27.7800006866455,28.0499992370605,27.6900005340576,27.3799991607666,27.3999996185303,27.3400001525879,27.1800003051758,..
Ghana,GHA,Access to electricity (% of population),EG.ELC.ACCS.ZS,..,..,..,30.6,30.36940574646,32.4504508972168,34.5287704467773,36.6036949157715,42.6,40.7405395507813,43.7000007629395,44.8375129699707,46.8580703735352,48.2999992370605,50.8858299255371,41.25,55.093448638916,56.9297943115234,60.5,60.990779876709,64.1999969482422,64.0625610351563,56.5099983215332,70.6999969482422,78.3000030517578,74.0788421630859,79.3000030517578,79,80.4000015258789,83.5,85.8735504150391
Ghana,GHA,"Annualized average growth rate in per capita real survey mean consumption or income, total population (%)",SI.SPR.PCAP.ZG,..,..,..,..,..,..,..,..,..,..,..,..,..,..,..,..,..,..,..,..,..,..,..,..,..,..,1.27,..,..,..,..
Ghana,GHA,Births attended by skilled health staff (% of total),SH.STA.BRTC.ZS,..,..,..,43.8,43.8,..,..,..,44.3,44.3,..,..,..,47.1,..,..,49.7,55.2,54.7,..,..,67.2,..,..,70.8,..,..,78.1,..,..,..
Ghana,GHA,Coverage of social insurance programs (% of population),per_si_allsi.cov_pop_tot,..,..,..,..,..,..,..,..,..,..,..,..,..,..,..,3.66121828742636,..,..,..,..,..,..,59.520413782887,..,..,..,47.6573123860375,..,..,..,..
Ghana,GHA,"Debt service (PPG and IMF only, % of exports of goods, services and primary income)",DT.TDS.DPPF.XP.ZS,36.4502790999157,25.5820065148404,25.8817323291567,23.1952324349056,24.3311802271741,23.2676377311188,25.0742080900417,30.375285858718,20.5388051594747,18.92521142949,16.9559292186715,11.3433574382535,7.25771033199955,7.12912382018488,7.47068551706729,7.93043145697718,5.01881172116839,3.35816850623115,2.85357910520994,2.87995973360789,2.83240663519594,2.19753902779949,2.68348212051776,3.84586444345476,4.8646843526077,5.8499302203888,9.21304113004359,9.73074161470923,11.3982641742152,9.45349382637113,11.6118263856914
Ghana,GHA,Employment in industry (% of total employment) (modeled ILO estimate),SL.IND.EMPL.ZS,..,14.0100002288818,14,14.0600004196167,14.0299997329712,14.0100002288818,13.9700002670288,13.9799995422363,13.9700002670288,13.9899997711182,14,14.0100002288818,14.039999961853,14.0699996948242,14.1099996566772,14.1800003051758,14.2299995422363,14.0699996948242,13.9499998092651,13.8699998855591,13.9099998474121,13.9799995422363,14,14.0699996948242,16.2000007629395,18.6900005340576,19.1299991607666,19.6200008392334,20.4699993133545,21.0499992370605,..
Gibraltar,GIB,Access to electricity (% of population),EG.ELC.ACCS.ZS,100,100,100,100,100,100,100,100,100,100,100,100,100,100,100,100,100,100,100,100,100,100,100,100,100,100,100,100,100,100,100
Gibraltar,GIB,"Annualized average growth rate in per capita real survey mean consumption or income, total population (%)",SI.SPR.PCAP.ZG,..,..,..,..,..,..,..,..,..,..,..,..,..,..,..,..,..,..,..,..,..,..,..,..,..,..,..,..,..,..,..
Gibraltar,GIB,Births attended by skilled health staff (% of total),SH.STA.BRTC.ZS,..,..,..,..,..,..,..,..,..,..,..,..,..,..,..,..,..,..,..,..,..,..,..,..,..,..,..,..,..,..,..
Gibraltar,GIB,Coverage of social insurance programs (% of population),per_si_allsi.cov_pop_tot,..,..,..,..,..,..,..,..,..,..,..,..,..,..,..,..,..,..,..,..,..,..,..,..,..,..,..,..,..,..,..
Gibraltar,GIB,"Debt service (PPG and IMF only, % of exports of goods, services and primary income)",DT.TDS.DPPF.XP.ZS,..,..,..,..,..,..,..,..,..,..,..,..,..,..,..,..,..,..,..,..,..,..,..,..,..,..,..,..,..,..,..
Gibraltar,GIB,Employment in industry (% of total employment) (modeled ILO estimate),SL.IND.EMPL.ZS,..,..,..,..,..,..,..,..,..,..,..,..,..,..,..,..,..,..,..,..,..,..,..,..,..,..,..,..,..,..,..
Greece,GRC,Access to electricity (% of population),EG.ELC.ACCS.ZS,100,100,100,100,100,100,100,100,100,100,100,100,100,100,100,100,100,100,100,100,100,100,100,100,100,100,100,100,100,100,100
Greece,GRC,"Annualized average growth rate in per capita real survey mean consumption or income, total population (%)",SI.SPR.PCAP.ZG,..,..,..,..,..,..,..,..,..,..,..,..,..,..,..,..,..,..,..,..,..,..,..,..,..,..,..,..,..,3.04,..
Greece,GRC,Births attended by skilled health staff (% of total),SH.STA.BRTC.ZS,99.82,99.78,99.78,99.81,99.87,99.88,99.86,99.89,99.9,99.93,99.94,99.95,99.96,99.98,99.97,99.97,99.99,99.98,99.97,99.95,99.96,99.96,99.91,99.91,99.93,99.94,99.94,99.93,99.9,..,..
Greece,GRC,Coverage of social insurance programs (% of population),per_si_allsi.cov_pop_tot,..,..,..,..,..,..,..,..,..,..,..,..,..,..,..,..,..,..,..,..,..,..,..,..,..,..,..,..,..,..,..
Greece,GRC,"Debt service (PPG and IMF only, % of exports of goods, services and primary income)",DT.TDS.DPPF.XP.ZS,..,..,..,..,..,..,..,..,..,..,..,..,..,..,..,..,..,..,..,..,..,..,..,..,..,..,..,..,..,..,..
Greece,GRC,Employment in industry (% of total employment) (modeled ILO estimate),SL.IND.EMPL.ZS,..,25.1599998474121,24.7900009155273,24.2000007629395,23.6200008392334,23.2000007629395,22.8700008392334,22.4599990844727,23.2399997711182,22.9599990844727,22.6000003814697,23.0599994659424,22.7999992370605,22.5400009155273,22.4599990844727,22.3899993896484,22.0200004577637,22.4400005340576,22.2199993133545,21.1299991607666,19.5900001525879,17.6900005340576,16.5400009155273,15.5600004196167,14.9799995422363,14.9399995803833,15.25,15.4099998474121,15.25,15.3400001525879,..
Greenland,GRL,Access to electricity (% of population),EG.ELC.ACCS.ZS,100,100,100,100,100,100,100,100,100,100,100,100,100,100,100,100,100,100,100,100,100,100,100,100,100,100,100,100,100,100,100
Greenland,GRL,"Annualized average growth rate in per capita real survey mean consumption or income, total population (%)",SI.SPR.PCAP.ZG,..,..,..,..,..,..,..,..,..,..,..,..,..,..,..,..,..,..,..,..,..,..,..,..,..,..,..,..,..,..,..
Greenland,GRL,Births attended by skilled health staff (% of total),SH.STA.BRTC.ZS,..,..,..,..,..,..,..,..,..,..,..,..,..,..,..,..,..,..,..,..,..,..,..,..,..,..,..,..,..,..,..
Greenland,GRL,Coverage of social insurance programs (% of population),per_si_allsi.cov_pop_tot,..,..,..,..,..,..,..,..,..,..,..,..,..,..,..,..,..,..,..,..,..,..,..,..,..,..,..,..,..,..,..
Greenland,GRL,"Debt service (PPG and IMF only, % of exports of goods, services and primary income)",DT.TDS.DPPF.XP.ZS,..,..,..,..,..,..,..,..,..,..,..,..,..,..,..,..,..,..,..,..,..,..,..,..,..,..,..,..,..,..,..
Greenland,GRL,Employment in industry (% of total employment) (modeled ILO estimate),SL.IND.EMPL.ZS,..,..,..,..,..,..,..,..,..,..,..,..,..,..,..,..,..,..,..,..,..,..,..,..,..,..,..,..,..,..,..
Grenada,GRD,Access to electricity (% of population),EG.ELC.ACCS.ZS,..,..,..,..,..,..,..,..,85.04,85.5294647216797,86.0422286987305,86.3716583251953,86.6935119628906,87.010124206543,87.323844909668,87.6370391845703,87.9521026611328,88.2716827392578,90,88.9352569580078,89.2846603393555,88.8000030517578,90.0322494506836,90.4349060058594,90.8553771972656,91.2906875610352,91.7378692626953,92.1939544677734,92.3000030517578,93.120964050293,93.5864486694336
Grenada,GRD,"Annualized average growth rate in per capita real survey mean consumption or income, total population (%)",SI.SPR.PCAP.ZG,..,..,..,..,..,..,..,..,..,..,..,..,..,..,..,..,..,..,..,..,..,..,..,..,..,..,..,..,..,..,..
Grenada,GRD,Births attended by skilled health staff (% of total),SH.STA.BRTC.ZS,..,..,..,..,..,100,..,..,99,99,100,..,100,100,..,100,..,98.8,..,100,..,100,99,99,99,99,99.3,100,..,..,..
Grenada,GRD,Coverage of social insurance programs (% of population),per_si_allsi.cov_pop_tot,..,..,..,..,..,..,..,..,..,..,..,..,..,..,..,..,..,..,..,..,..,..,..,..,..,..,..,..,..,..,..
Grenada,GRD,"Debt service (PPG and IMF only, % of exports of goods, services and primary income)",DT.TDS.DPPF.XP.ZS,3.94916349372385,3.6082251198466,5.9414731863468,6.80138575919319,6.24336317359313,5.80529523357222,5.53752963586958,4.81691939201731,5.71238022677714,4.33553954925541,5.63711402656703,7.96854808534699,15.4852111874922,16.5379748214524,13.5427086336306,5.81471101556371,8.12770264412927,8.06122675534688,9.29823380842055,11.4690708500305,13.4610323731038,12.3435182372329,6.83616835517068,10.4076840275624,4.22041474775876,5.12035402798189,9.65578809790756,10.0378253453358,8.68072677811571,8.45295360966927,10.3591053176754
Grenada,GRD,Employment in industry (% of total employment) (modeled ILO estimate),SL.IND.EMPL.ZS,..,..,..,..,..,..,..,..,..,..,..,..,..,..,..,..,..,..,..,..,..,..,..,..,..,..,..,..,..,..,..
Guam,GUM,Access to electricity (% of population),EG.ELC.ACCS.ZS,99.8443069458008,99.8758163452148,99.906867980957,99.937255859375,99.9650802612305,100,100,100,100,100,100,100,100,100,100,100,100,100,100,100,100,100,100,100,100,100,100,100,100,100,100
Guam,GUM,"Annualized average growth rate in per capita real survey mean consumption or income, total population (%)",SI.SPR.PCAP.ZG,..,..,..,..,..,..,..,..,..,..,..,..,..,..,..,..,..,..,..,..,..,..,..,..,..,..,..,..,..,..,..
Guam,GUM,Births attended by skilled health staff (% of total),SH.STA.BRTC.ZS,..,..,..,..,..,..,..,..,..,..,..,99.4,..,..,..,..,..,..,..,..,..,..,..,..,..,..,..,..,..,..,..
Guam,GUM,Coverage of social insurance programs (% of population),per_si_allsi.cov_pop_tot,..,..,..,..,..,..,..,..,..,..,..,..,..,..,..,..,..,..,..,..,..,..,..,..,..,..,..,..,..,..,..
Guam,GUM,"Debt service (PPG and IMF only, % of exports of goods, services and primary income)",DT.TDS.DPPF.XP.ZS,..,..,..,..,..,..,..,..,..,..,..,..,..,..,..,..,..,..,..,..,..,..,..,..,..,..,..,..,..,..,..
Guam,GUM,Employment in industry (% of total employment) (modeled ILO estimate),SL.IND.EMPL.ZS,..,12.1800003051758,12.1999998092651,12.2299995422363,12.289999961853,12.3299999237061,12.3800001144409,12.4399995803833,12.5200004577637,12.5600004196167,12.6300001144409,12.8599996566772,13.0500001907349,13.2200002670288,13.4499998092651,13.6499996185303,13.8400001525879,14.1099996566772,14.3900003433228,14.6099996566772,14.8299999237061,14.9200000762939,15.0100002288818,15.0900001525879,15.1700000762939,15.210000038147,15.2600002288818,15.3100004196167,15.4099998474121,15.539999961853,..
Guatemala,GTM,Access to electricity (% of population),EG.ELC.ACCS.ZS,..,..,..,..,..,60.8,67.6799392700195,68.9040756225586,70.1241302490234,70.9,73.3182067871094,73.7327270507813,78.667839050293,78.51220703125,77.2282409667969,78.3892059326172,83.7309951782227,80.7194061279297,81.8939971923828,83.0785293579102,84.2757110595703,84.0264129638672,86.7188568115234,87.9692916870117,85.4943695068359,90.520622253418,91.8155822753906,93.3000030517578,94.4292373657227,95.7420043945313,97.0552673339844
Guatemala,GTM,"Annualized average growth rate in per capita real survey mean consumption or income, total population (%)",SI.SPR.PCAP.ZG,..,..,..,..,..,..,..,..,..,..,..,..,..,..,..,..,..,..,..,..,..,..,..,..,..,..,..,..,..,..,..
Guatemala,GTM,Births attended by skilled health staff (% of total),SH.STA.BRTC.ZS,..,..,..,..,..,34.8,..,..,..,40.6,..,..,41.4,..,..,..,..,31.4,..,51.5,52.3,..,58.7,62.8,67,65.5,69.8,..,..,..,..
Guatemala,GTM,Coverage of social insurance programs (% of population),per_si_allsi.cov_pop_tot,..,..,..,..,..,..,..,..,..,..,..,..,..,..,..,..,4.6984108331119,..,..,..,..,3.85268256594183,..,..,3.98668142098921,..,..,..,..,..,..
Guatemala,GTM,"Debt service (PPG and IMF only, % of exports of goods, services and primary income)",DT.TDS.DPPF.XP.ZS,13.595801536137,17.0272904204941,25.6017539912548,13.8575270542524,11.9515808411215,10.8025637944251,11.3541864737195,9.28404684292761,8.23101888379632,8.62434715856368,7.54102470250509,8.24951852833389,8.8802394280757,9.56732043680023,7.62283031562237,5.71760444912857,5.89714235278013,6.58876166184846,5.40473872685307,5.97724661458156,5.50352257386408,7.41897613278833,4.62649023785192,7.07028145935294,4.53337328929437,4.95693036998039,5.39069499666429,5.94272049047069,4.27668168638495,5.51333745170037,6.78490966564167
Guatemala,GTM,Employment in industry (% of total employment) (modeled ILO estimate),SL.IND.EMPL.ZS,..,23.25,23.2399997711182,23.2000007629395,23.1800003051758,23.1900005340576,23.0599994659424,23.1200008392334,23.2199993133545,22.8700008392334,22.4899997711182,22.9200000762939,23.3099994659424,23.6399993896484,20.1700000762939,21.3999996185303,22.8099994659424,22.9099998474121,22.7099990844727,22.1800003051758,22.0100002288818,20.7399997711182,19.5,18.1599998474121,19.4599990844727,18.8999996185303,21.0100002288818,19,18.7099990844727,18.7299995422363,..
Guinea,GIN,Access to electricity (% of population),EG.ELC.ACCS.ZS,..,..,..,..,..,..,..,..,..,16.4,15.1462574005127,16.4323844909668,17.7109260559082,18.9842319488525,20.2546520233154,20.2000007629395,22.7962913513184,24.0725688934326,25.3560771942139,26.6495265960693,27.955623626709,29.2770805358887,26.2000007629395,31.9759578704834,33.3531188964844,34.7451210021973,33.5,35.4000015258789,45,42.2000007629395,44.6686782836914
Guinea,GIN,"Annualized average growth rate in per capita real survey mean consumption or income, total population (%)",SI.SPR.PCAP.ZG,..,..,..,..,..,..,..,..,..,..,..,..,..,..,..,..,..,..,..,..,..,..,4.94,..,..,..,..,..,..,..,..
Guinea,GIN,Births attended by skilled health staff (% of total),SH.STA.BRTC.ZS,..,..,30.5,..,..,..,..,..,..,34.8,..,..,..,48.7,..,38,..,46.1,..,..,..,..,45.3,..,..,..,62.7,..,55.3,..,..
Guinea,GIN,Coverage of social insurance programs (% of population),per_si_allsi.cov_pop_tot,..,..,..,..,..,..,..,..,..,..,..,..,..,..,..,..,..,..,..,..,..,..,2.28431612742755,..,..,..,..,..,..,..,..
Guinea,GIN,"Debt service (PPG and IMF only, % of exports of goods, services and primary income)",DT.TDS.DPPF.XP.ZS,19.7383707489867,15.6473586687124,12.120662976971,11.0311625480433,14.8151970520702,24.1274386797943,14.6351798762987,19.9209082662327,18.5269713684573,16.4369300060189,20.7351420875494,12.6381564490514,12.9391001270674,14.7453038571041,21.255287599459,18.071391570675,14.8803317236289,12.1238523627445,8.68789966042509,10.4721297142807,5.15078607729812,11.6392507460928,5.99847198787644,1.90971450766555,2.38255404660947,4.001124137497,2.26522819674977,1.69657599117301,2.67626200757548,2.62861613418259,1.49280635028582
Guinea,GIN,Employment in industry (% of total employment) (modeled ILO estimate),SL.IND.EMPL.ZS,..,5.67999982833862,5.65999984741211,5.65999984741211,5.6399998664856,5.63000011444092,5.61999988555908,5.6100001335144,5.59000015258789,5.59000015258789,5.53999996185303,5.51999998092651,5.5,5.55000019073486,5.51000022888184,5.48999977111816,5.46999979019165,5.46000003814697,5.46000003814697,5.44000005722046,5.42000007629395,5.42999982833862,5.44999980926514,5.48999977111816,5.53000020980835,5.59000015258789,5.6399998664856,5.69000005722046,5.73999977111816,5.78999996185303,..
Guinea-Bissau,GNB,Access to electricity (% of population),EG.ELC.ACCS.ZS,..,..,..,..,..,..,..,..,..,..,..,..,1.25370573997498,2.59146237373352,3.92633271217346,5.26066637039185,14.5361995697021,7.93760061264038,9.28555965423584,4.69999980926514,6,13.3999118804932,14.8038854598999,16.227689743042,17.2000007629395,20.0531539916992,22.9687919616699,26,28.4950561523438,30.9615573883057,33.3354682922363
Guinea-Bissau,GNB,"Annualized average growth rate in per capita real survey mean consumption or income, total population (%)",SI.SPR.PCAP.ZG,..,..,..,..,..,..,..,..,..,..,..,..,..,..,..,..,..,..,..,..,..,..,..,..,..,..,..,..,..,..,..
Guinea-Bissau,GNB,Births attended by skilled health staff (% of total),SH.STA.BRTC.ZS,..,..,..,..,..,25,..,..,..,..,31.8,..,..,..,..,..,31,..,..,..,43,..,..,..,45,..,..,..,..,..,..
Guinea-Bissau,GNB,Coverage of social insurance programs (% of population),per_si_allsi.cov_pop_tot,..,..,..,..,..,..,..,..,..,..,..,..,..,..,..,..,..,..,..,..,..,..,..,..,..,..,..,..,..,..,..
Guinea-Bissau,GNB,"Debt service (PPG and IMF only, % of exports of goods, services and primary income)",DT.TDS.DPPF.XP.ZS,22.0985429118774,64.6898417910448,34.6948485856905,13.9498716951788,19.1445030911901,51.0847438323758,37.2899040952048,14.4599368624692,..,..,..,6.42255296769809,5.4338955893307,10.5391339620694,11.5888271567777,6.58480045894697,12.4965704060397,7.35137131879014,8.64745952471631,12.9395952203701,9.77459278729936,1.99414165332427,3.9826813972491,1.18919968935653,1.42614868008756,1.31300376629306,2.78135278636098,2.5688600304696,2.52858026955817,3.31914847703811,..
Guinea-Bissau,GNB,Employment in industry (% of total employment) (modeled ILO estimate),SL.IND.EMPL.ZS,..,10.9499998092651,10.9099998474121,10.8800001144409,10.8800001144409,10.8100004196167,10.6899995803833,10.6700000762939,10.539999961853,10.3299999237061,10.0600004196167,9.82999992370605,9.64999961853027,9.51000022888184,9.36999988555908,9.25,9.15999984741211,9.05000019073486,9.02999973297119,8.96000003814697,8.90999984741211,8.85999965667725,8.84000015258789,8.81999969482422,8.77999973297119,8.72000026702881,8.71000003814697,8.67000007629395,8.64000034332275,8.60999965667725,..
Guyana,GUY,Access to electricity (% of population),EG.ELC.ACCS.ZS,..,..,..,72.376631,70.713981628418,71.3519821166992,71.9872665405273,72.6191558837891,73.246955871582,73.8699188232422,74.5172805786133,75.1007385253906,75.6766128540039,76.2472534179688,76.8150100708008,77.5,73.3825912475586,78.5249252319336,79.1057662963867,77.5999984741211,83.0916290283203,84.0845413208008,85.0664825439453,86.0264892578125,86.9000015258789,88.0038375854492,89.1703567504883,90.2958145141602,91.1983795166016,91.9157562255859,92.5405426025391
Guyana,GUY,"Annualized average growth rate in per capita real survey mean consumption or income, total population (%)",SI.SPR.PCAP.ZG,..,..,..,..,..,..,..,..,..,..,..,..,..,..,..,..,..,..,..,..,..,..,..,..,..,..,..,..,..,..,..
Guyana,GUY,Births attended by skilled health staff (% of total),SH.STA.BRTC.ZS,..,..,..,..,..,93,..,95,94,..,82.9,93.8,..,94,95.9,96.7,80.9,93.3,96,87.4,..,..,..,98.3,85.7,95.8,..,..,..,..,..
Guyana,GUY,Coverage of social insurance programs (% of population),per_si_allsi.cov_pop_tot,..,..,..,..,..,..,..,..,..,..,..,..,..,..,..,..,..,..,..,..,..,..,..,..,..,..,..,..,..,..,..
Guyana,GUY,"Debt service (PPG and IMF only, % of exports of goods, services and primary income)",DT.TDS.DPPF.XP.ZS,..,..,18.6609387360607,17.1884836575694,16.3235027030674,16.900878546203,14.264157679558,17.1852924387646,18.9754211791643,11.3150908449669,9.71463958181021,6.48471158052434,9.35627696210087,8.51169356235997,6.28099376808517,4.83847853699353,4.15768902020571,3.06361898973607,2.54570073488367,1.95748881948558,2.42142228555674,2.74505675382329,8.16686830630275,2.93113845297019,3.62114973431688,4.00715384734392,3.11485582276392,3.39932843124508,4.77545497644251,4.19308206006241,2.67538839124065
Guyana,GUY,Employment in industry (% of total employment) (modeled ILO estimate),SL.IND.EMPL.ZS,..,20.9899997711182,21.2399997711182,21.3999996185303,21.75,22.0599994659424,22.5100002288818,22.9799995422363,23.3500003814697,23.9599990844727,24.3799991607666,24.9300003051758,25.3799991607666,25.2399997711182,25.1399993896484,24.7800006866455,24.6399993896484,24.9099998474121,24.8799991607666,24.8899993896484,24.9300003051758,25.0200004577637,25.0599994659424,25.1299991607666,25.2199993133545,25.0900001525879,25.0699996948242,24.9200000762939,24.8999996185303,24.9699993133545,..
Haiti,HTI,Access to electricity (% of population),EG.ELC.ACCS.ZS,..,..,..,..,..,31.3,30.0130176544189,30.5570373535156,31.0969753265381,31.6320724487305,33.7000007629395,31.5423812866211,33.152473449707,31.6000003814697,34.1108131408691,34.588005065918,33.9000015258789,35.550651550293,36.0414657592773,36.5422210693359,37.0556221008301,37.5843849182129,37.9000015258789,38.6978759765625,39.496410369873,40.8362846374512,40.4000015258789,43.7492713928223,44.962345123291,45.990234375,46.9255332946777
Haiti,HTI,"Annualized average growth rate in per capita real survey mean consumption or income, total population (%)",SI.SPR.PCAP.ZG,..,..,..,..,..,..,..,..,..,..,..,..,..,..,..,..,..,..,..,..,..,..,..,..,..,..,..,..,..,..,..
Haiti,HTI,Births attended by skilled health staff (% of total),SH.STA.BRTC.ZS,..,..,..,..,..,20.6,..,..,..,..,23.8,..,..,..,..,..,26.1,..,..,..,..,..,37.3,48.6,..,..,..,41.6,..,..,..
Haiti,HTI,Coverage of social insurance programs (% of population),per_si_allsi.cov_pop_tot,..,..,..,..,..,..,..,..,..,..,..,..,..,..,..,..,..,..,..,..,..,..,0.37097142559664,..,..,..,..,..,..,..,..
Haiti,HTI,"Debt service (PPG and IMF only, % of exports of goods, services and primary income)",DT.TDS.DPPF.XP.ZS,9.86719489073561,10.5018555575206,3.16637041629761,2.65537765732193,4.65546798029557,53.8800511021002,15.0759893528184,9.33512384595094,8.26440369799692,9.2538077400896,8.29405078419694,5.49433377605691,6.30811460460698,11.1919194832283,19.1086922941865,9.34877353407814,8.06756839595069,10.0094551715011,6.13785680337004,4.22492960750332,12.5125667581076,0.385024518600319,0.381964798926397,0.802542246960615,1.39542949483461,1.93259323611786,5.33012957345534,1.02016856728489,0.978657419401679,1.18346780995518,..
Haiti,HTI,Employment in industry (% of total employment) (modeled ILO estimate),SL.IND.EMPL.ZS,..,7.46000003814697,7.17999982833862,7.03999996185303,6.73000001907349,6.96000003814697,7.73999977111816,7.73000001907349,8.09000015258789,7.8600001335144,7.55999994277954,7.3600001335144,7.21000003814697,7.11999988555908,6.84999990463257,6.82999992370605,7.07999992370605,7.23999977111816,7.11999988555908,7,6.3600001335144,6.73999977111816,6.8899998664856,6.98999977111816,7.07999992370605,7.17999982833862,6.92999982833862,6.71999979019165,6.69999980926514,6.65999984741211,..
Heavily indebted poor countries (HIPC),HPC,Access to electricity (% of population),EG.ELC.ACCS.ZS,..,..,..,..,..,..,..,..,..,..,17.7593002277889,18.5303751020332,19.26997522789,20.776187920558,21.8631151112415,21.6090082972324,24.2252810051036,25.7944112317336,25.8876644343696,27.0319800701557,28.8130195825749,29.3114018944102,32.0804253256714,32.9799316433617,35.5266810110775,35.4638281916513,40.6985075121105,41.598266537877,44.2125126513089,44.9861028194082,46.5424069463776
Heavily indebted poor countries (HIPC),HPC,"Annualized average growth rate in per capita real survey mean consumption or income, total population (%)",SI.SPR.PCAP.ZG,..,..,..,..,..,..,..,..,..,..,..,..,..,..,..,..,..,..,..,..,..,..,..,..,..,..,..,..,..,..,..
Heavily indebted poor countries (HIPC),HPC,Births attended by skilled health staff (% of total),SH.STA.BRTC.ZS,..,..,..,..,..,..,..,..,..,..,35.8534395577139,..,..,..,..,..,..,..,..,..,50.4316958038079,..,..,..,..,..,..,..,64.4029462578293,..,..
Heavily indebted poor countries (HIPC),HPC,Coverage of social insurance programs (% of population),per_si_allsi.cov_pop_tot,..,..,..,..,..,..,..,..,..,..,..,..,..,..,..,..,..,..,..,..,..,..,..,..,..,..,..,..,..,..,..
Heavily indebted poor countries (HIPC),HPC,"Debt service (PPG and IMF only, % of exports of goods, services and primary income)",DT.TDS.DPPF.XP.ZS,22.0700084269922,24.6006580275028,17.9193443444614,18.591750482885,21.6535204291679,19.6954166647214,19.9993587338621,17.8558814014372,16.7578386102939,14.1860714709804,12.1436481352968,9.98924649298468,8.27251164921966,9.67427925649518,9.23291525035253,6.39766126734947,4.66678901147924,4.3358983859593,4.45225215252405,4.23239176023348,2.89114553218407,2.56102275426795,2.79234250841473,3.47430709462593,4.12799024656206,5.66692160314841,7.03030055981948,7.46026167322958,7.75086311310138,9.80330829215747,10.2065890011481
Heavily indebted poor countries (HIPC),HPC,Employment in industry (% of total employment) (modeled ILO estimate),SL.IND.EMPL.ZS,..,8.55047704422399,8.48701475114795,8.45928241569861,8.43422417030396,8.41545081285934,8.37467613807099,8.33912403059667,8.32480673247095,8.27558546061496,8.24328008926337,8.18761015518813,8.3132256481973,8.4569353796106,8.51424966406464,8.62342297367698,8.74855409846737,8.94910739334839,9.08832914333447,9.2689277375573,9.43369055197721,9.67989687094352,9.94031353103887,10.0895397722332,10.4417946306523,10.6668065500922,10.6706210307895,10.7633886266556,10.7650291909483,10.7949286670858,..
High income,HIC,Access to electricity (% of population),EG.ELC.ACCS.ZS,99.8179657621232,99.8593033737421,99.8466004517244,99.8586682050176,99.8634909895524,99.8689760339433,99.8653431832851,99.8784660810184,99.8942462045598,99.8882386573697,99.8993578015723,99.8945368308765,99.8991728968035,99.9366892819336,99.9075514594545,99.9115118427039,99.9410863542341,99.9245815578999,99.929244258783,99.9504340640924,99.9486889580269,99.9556142883071,99.9654235625918,99.9570915198481,99.970694209553,99.9690946886165,99.9584750967798,99.9713310295308,99.9818667011525,99.9850468228112,99.9882984510084
High income,HIC,"Annualized average growth rate in per capita real survey mean consumption or income, total population (%)",SI.SPR.PCAP.ZG,..,..,..,..,..,..,..,..,..,..,..,..,..,..,..,..,..,..,..,..,..,..,..,..,..,..,..,..,..,..,..
High income,HIC,Births attended by skilled health staff (% of total),SH.STA.BRTC.ZS,..,..,..,..,..,..,..,..,..,..,98.9589080839793,..,..,..,..,..,..,..,..,..,99.0766534021666,..,..,..,..,..,..,..,99.0032082763894,..,..
High income,HIC,Coverage of social insurance programs (% of population),per_si_allsi.cov_pop_tot,..,..,..,..,..,..,..,..,..,..,..,..,..,..,..,..,..,..,..,..,..,..,..,..,..,..,..,..,..,..,..
High income,HIC,"Debt service (PPG and IMF only, % of exports of goods, services and primary income)",DT.TDS.DPPF.XP.ZS,..,..,..,..,..,..,..,..,..,..,..,..,..,..,..,..,..,..,..,..,..,..,..,..,..,..,..,..,..,..,..
High income,HIC,Employment in industry (% of total employment) (modeled ILO estimate),SL.IND.EMPL.ZS,..,31.1145479644883,30.7356737650716,30.2163406838692,29.7442496919943,29.4284050530104,29.0774836319094,28.7541744337438,28.3151719695539,27.8671195527205,27.5635323931055,27.1028041240489,26.5347557916862,26.1000688603287,25.8645478717167,25.569403844654,25.5183979942009,25.4719517651663,25.139278202969,23.995649375682,23.5857612275824,23.5230686833437,23.3502005922096,23.3987667894212,23.1861704581339,23.0569096168303,22.9878116987464,22.9728293484263,22.9745017052901,22.8620235249404,..
Honduras,HND,Access to electricity (% of population),EG.ELC.ACCS.ZS,..,54.781937,58.913112,61.100156,64.733947,66.122022,61.68112,64.794754,66.859519,67.394103,67.3833541870117,64.1999969482422,63.1411361694336,65.090461730957,67.113525390625,68.9033126831055,71.2664489746094,73.5481872558594,76.3968963623047,78.2696838378906,80.9846649169922,82.1952972412109,83.6077270507813,87.1848831176758,88.6537704467773,89.9817123413086,91.5999984741211,86.5,91.5999984741211,91.0999984741211,93.2067108154297
Honduras,HND,"Annualized average growth rate in per capita real survey mean consumption or income, total population (%)",SI.SPR.PCAP.ZG,..,..,..,..,..,..,..,..,..,..,..,..,..,..,..,..,..,..,..,..,..,..,..,..,..,..,..,..,..,0.64,..
Honduras,HND,Births attended by skilled health staff (% of total),SH.STA.BRTC.ZS,..,..,46.9,..,..,..,54.9,..,..,..,..,55.7,..,..,..,..,66.3,..,..,..,..,..,82.8,..,..,72,79,74,..,..,..
Honduras,HND,Coverage of social insurance programs (% of population),per_si_allsi.cov_pop_tot,..,..,..,..,..,..,..,..,..,..,..,..,..,..,..,..,..,..,2.12483114164245,2.34833118595078,2.7388723491386,2.49409345817405,..,2.71743333819519,..,2.74146479414887,3.45708611543446,3.36646005821658,..,..,..
Honduras,HND,"Debt service (PPG and IMF only, % of exports of goods, services and primary income)",DT.TDS.DPPF.XP.ZS,34.3707216862894,28.0520439169983,33.6135660288383,29.2997541327312,32.9337891073909,31.528815553956,27.4009216148066,20.4473451578668,17.5333347675589,13.4695982387814,6.67260143706382,5.21655085722881,7.58822443281163,8.36295880710133,6.5636983986726,5.80336500227721,3.81155954208534,3.42443639458366,2.07048715131606,3.78320001196756,2.23248129881425,2.06587456256377,2.04806809369056,3.18378131466109,4.37353012131705,4.80469348777044,5.83503150384587,5.66575287701203,7.11864814365154,7.83838815605306,17.6083729462923
Honduras,HND,Employment in industry (% of total employment) (modeled ILO estimate),SL.IND.EMPL.ZS,..,21.25,20.1200008392334,22.2700004577637,24.0699996948242,24.2600002288818,22.3099994659424,22.0200004577637,22.9699993133545,22.0300006866455,22.2700004577637,22.1800003051758,21.8299999237061,21.4099998474121,22.3799991607666,23.5200004577637,22.1000003814697,22.3299999237061,22,20.8199996948242,19.0799999237061,19.7700004577637,19.9300003051758,19.0400009155273,22.0200004577637,21.8099994659424,21.5799999237061,20.6800003051758,20.2099990844727,21.3899993896484,..
"Hong Kong SAR, China",HKG,Access to electricity (% of population),EG.ELC.ACCS.ZS,100,100,100,100,100,100,100,100,100,100,100,100,100,100,100,100,100,100,100,100,100,100,100,100,100,100,100,100,100,100,100
"Hong Kong SAR, China",HKG,"Annualized average growth rate in per capita real survey mean consumption or income, total population (%)",SI.SPR.PCAP.ZG,..,..,..,..,..,..,..,..,..,..,..,..,..,..,..,..,..,..,..,..,..,..,..,..,..,..,..,..,..,..,..
"Hong Kong SAR, China",HKG,Births attended by skilled health staff (% of total),SH.STA.BRTC.ZS,..,..,..,..,..,..,..,..,..,..,..,..,..,..,..,100,..,..,..,..,..,..,..,..,..,..,..,..,..,..,..
"Hong Kong SAR, China",HKG,Coverage of social insurance programs (% of population),per_si_allsi.cov_pop_tot,..,..,..,..,..,..,..,..,..,..,..,..,..,..,..,..,..,..,..,..,..,..,..,..,..,..,..,..,..,..,..
"Hong Kong SAR, China",HKG,"Debt service (PPG and IMF only, % of exports of goods, services and primary income)",DT.TDS.DPPF.XP.ZS,..,..,..,..,..,..,..,..,..,..,..,..,..,..,..,..,..,..,..,..,..,..,..,..,..,..,..,..,..,..,..
"Hong Kong SAR, China",HKG,Employment in industry (% of total employment) (modeled ILO estimate),SL.IND.EMPL.ZS,..,34.8899993896484,32.9599990844727,29.7999992370605,27.9300003051758,27,25.5599994659424,24.1900005340576,22.5499992370605,21.1399993896484,20.3299999237061,19.3600006103516,18.2600002288818,17.1100006103516,15.5799999237061,15.0699996948242,14.7299995422363,14.1400003433228,13.460000038147,13.1400003433228,12.8299999237061,12.5799999237061,12.3599996566772,12.1899995803833,12.0500001907349,11.8999996185303,11.8100004196167,11.5699996948242,11.3199996948242,11.0799999237061,..
Hungary,HUN,Access to electricity (% of population),EG.ELC.ACCS.ZS,100,100,100,100,100,100,100,100,100,100,100,100,100,100,100,100,100,100,100,100,100,100,100,100,100,100,100,100,100,100,100
Hungary,HUN,"Annualized average growth rate in per capita real survey mean consumption or income, total population (%)",SI.SPR.PCAP.ZG,..,..,..,..,..,..,..,..,..,..,..,..,..,..,..,..,..,..,..,..,..,..,..,..,..,..,..,..,..,6.12,..
Hungary,HUN,Births attended by skilled health staff (% of total),SH.STA.BRTC.ZS,99.4,99.4,99.5,99.4,99.4,99.4,99.5,99.5,99.5,99.5,99.5,99.6,99.6,99.6,99.6,99.6,99.7,99.6,99.5,99.6,99.1,99,99,99.1,99.2,99.6,99.7,99.7,..,..,..
Hungary,HUN,Coverage of social insurance programs (% of population),per_si_allsi.cov_pop_tot,..,..,..,..,..,..,..,..,..,..,..,..,..,..,..,..,..,57.1208107066803,..,..,..,..,..,..,..,..,..,..,..,..,..
Hungary,HUN,"Debt service (PPG and IMF only, % of exports of goods, services and primary income)",DT.TDS.DPPF.XP.ZS,..,..,..,..,..,..,..,..,..,..,..,..,..,..,..,..,..,..,..,..,..,..,..,..,..,..,..,..,..,..,..
Hungary,HUN,Employment in industry (% of total employment) (modeled ILO estimate),SL.IND.EMPL.ZS,..,35.6399993896484,35.0800018310547,34.0699996948242,33.3899993896484,33.0800018310547,33.2400016784668,33.2299995422363,34.7799987792969,34.3499984741211,33.7700004577637,34.4199981689453,34.1399993896484,33.4000015258789,32.9500007629395,32.4799995422363,32.3199996948242,32.5200004577637,32.2200012207031,31.1599998474121,30.7000007629395,30.8400001525879,29.7900009155273,29.8999996185303,30.5,30.3299999237061,30.4400005340576,31.5200004577637,32.4199981689453,32.0900001525879,..
IBRD only,IBD,Access to electricity (% of population),EG.ELC.ACCS.ZS,..,..,..,..,..,..,..,..,..,..,84.3117109204085,83.7409311066892,85.8305928920931,86.4068413110415,86.9175073888646,87.6237499406879,88.3578743301031,89.1422350993509,89.9567447963772,90.7685116888337,91.4597041187166,89.1974921552317,92.7899866046313,93.4911011286849,94.0601143778238,95.2149875196826,95.7785636381204,96.7257542128197,97.7826100874021,98.317338005068,98.7784470650345
IBRD only,IBD,"Annualized average growth rate in per capita real survey mean consumption or income, total population (%)",SI.SPR.PCAP.ZG,..,..,..,..,..,..,..,..,..,..,..,..,..,..,..,..,..,..,..,..,..,..,..,..,..,..,..,..,..,..,..
IBRD only,IBD,Births attended by skilled health staff (% of total),SH.STA.BRTC.ZS,..,..,..,..,..,..,..,..,..,..,70.5182406744703,..,..,..,..,..,..,..,..,..,78.7705105580376,..,..,..,..,..,..,..,90.7560007925322,..,..
IBRD only,IBD,Coverage of social insurance programs (% of population),per_si_allsi.cov_pop_tot,..,..,..,..,..,..,..,..,..,..,..,..,..,..,..,..,..,..,..,..,..,..,..,..,..,..,..,..,..,..,..
IBRD only,IBD,"Debt service (PPG and IMF only, % of exports of goods, services and primary income)",DT.TDS.DPPF.XP.ZS,20.0354438012568,18.7973786068728,17.4016513032675,15.8111798614642,13.0265432275253,14.7140378944448,15.1003660341728,15.2700850026094,14.139185904577,15.5446860719953,13.8820765046006,13.361889097321,13.2446925556894,11.980782353339,8.36136276715894,8.39900092419715,7.5091721835179,4.39452677588507,4.00781444066644,4.08996479114013,3.61453237098254,3.04416258719249,2.97011983536002,3.28583604863991,3.80522647363583,4.99212517146415,5.07241870548769,4.39287792431533,4.83723235531123,4.92903806284058,5.26287127210195
IBRD only,IBD,Employment in industry (% of total employment) (modeled ILO estimate),SL.IND.EMPL.ZS,..,21.2814854944359,21.2743648442718,21.4996486293398,21.6035741571374,21.5704038639374,21.7449428488534,21.7019599259664,21.4060353202343,21.17694860829,20.9912771459849,21.0095989568186,20.7115739531379,20.8973532053573,21.4991883064036,22.2234938199205,22.9982791762205,23.8647884962487,24.0722949525105,24.2694967554699,24.8025654821151,25.3837566906754,26.0541916478884,25.9586978860123,26.037597185213,25.787308850211,25.6712818698124,25.4747622035924,25.5929306336643,25.2390097306853,..
Iceland,ISL,Access to electricity (% of population),EG.ELC.ACCS.ZS,100,100,100,100,100,100,100,100,100,100,100,100,100,100,100,100,100,100,100,100,100,100,100,100,100,100,100,100,100,100,100
Iceland,ISL,"Annualized average growth rate in per capita real survey mean consumption or income, total population (%)",SI.SPR.PCAP.ZG,..,..,..,..,..,..,..,..,..,..,..,..,..,..,..,..,..,..,..,..,..,..,..,..,..,..,..,5.26,..,..,..
Iceland,ISL,Births attended by skilled health staff (% of total),SH.STA.BRTC.ZS,100,99.9,99.8,99.8,99.8,99.8,99.8,99.8,99.9,99.6,99.3,99.5,99.4,99.4,99.4,99,98.9,98.9,98.7,98.8,98.2,97.9,97.8,98.1,97.8,98.2,97.9,98,98.2,..,..
Iceland,ISL,Coverage of social insurance programs (% of population),per_si_allsi.cov_pop_tot,..,..,..,..,..,..,..,..,..,..,..,..,..,..,..,..,..,..,..,..,..,..,..,..,..,..,..,..,..,..,..
Iceland,ISL,"Debt service (PPG and IMF only, % of exports of goods, services and primary income)",DT.TDS.DPPF.XP.ZS,..,..,..,..,..,..,..,..,..,..,..,..,..,..,..,..,..,..,..,..,..,..,..,..,..,..,..,..,..,..,..
Iceland,ISL,Employment in industry (% of total employment) (modeled ILO estimate),SL.IND.EMPL.ZS,..,25.9599990844727,24.6800003051758,25.2399997711182,25.8700008392334,24.9400005340576,23.5100002288818,24.6800003051758,26.6299991607666,23.1399993896484,22.1000003814697,22.9099998474121,22.5499992370605,21.6599998474121,23.3600006103516,21.6900005340576,21.5499992370605,20.8999996185303,22,19.5,18.4400005340576,18.5499992370605,18.2199993133545,18.6399993896484,18.4300003051758,17.8400001525879,17.4599990844727,17.4799995422363,16.7900009155273,17.4699993133545,..
IDA & IBRD total,IBT,Access to electricity (% of population),EG.ELC.ACCS.ZS,..,..,..,..,..,..,..,..,..,..,73.9053173003655,73.520328968976,75.3004775710749,76.0403436784776,76.3232126679062,76.9375541881879,77.8055658248155,78.4096332320417,79.1709969525675,79.874102899189,80.3230213255202,79.0800261573907,82.1512029840409,82.752294705696,83.242418726429,84.3986061321009,85.6781285175771,86.7430415281495,87.8933381062653,88.421488295289,89.021668566695
IDA & IBRD total,IBT,"Annualized average growth rate in per capita real survey mean consumption or income, total population (%)",SI.SPR.PCAP.ZG,..,..,..,..,..,..,..,..,..,..,..,..,..,..,..,..,..,..,..,..,..,..,..,..,..,..,..,..,..,..,..
IDA & IBRD total,IBT,Births attended by skilled health staff (% of total),SH.STA.BRTC.ZS,..,..,..,..,..,..,..,..,..,..,58.9192684565195,..,..,..,..,..,..,..,..,..,67.4805351840127,..,..,..,..,..,..,..,79.3625935273066,..,..
IDA & IBRD total,IBT,Coverage of social insurance programs (% of population),per_si_allsi.cov_pop_tot,..,..,..,..,..,..,..,..,..,..,..,..,..,..,..,..,..,..,..,..,..,..,..,..,..,..,..,..,..,..,..
IDA & IBRD total,IBT,"Debt service (PPG and IMF only, % of exports of goods, services and primary income)",DT.TDS.DPPF.XP.ZS,20.1849667984071,19.0316770881876,17.4163655102142,15.8184971474383,13.4862567725743,14.8596829808137,15.1859579132276,15.3240402469998,14.1018228045705,15.3087076677808,13.7060450759282,13.2279126125733,13.0274990419458,11.8046032527268,8.36841310802996,8.4557112539693,7.46264318337855,4.3667175456938,3.96896718893957,4.08896417283479,3.582132616043,3.02008759003616,2.99821216176601,3.3565762731038,3.82684948823295,4.98544453209985,5.10915953732105,4.49405037995692,4.92666180469894,5.13663008367566,5.4549071698363
IDA & IBRD total,IBT,Employment in industry (% of total employment) (modeled ILO estimate),SL.IND.EMPL.ZS,..,19.7031403982429,19.6644029070433,19.8157616321974,19.8636605869305,19.8034269943804,19.9151768534747,19.8633410422598,19.6000488267918,19.3983636561645,19.2307517980637,19.2351441178341,18.9884123489261,19.1505154582034,19.64600873815,20.2371549309697,20.8871841066762,21.6053768938673,21.7585934629855,21.9363575147868,22.3793865556088,22.851664671438,23.4275848073094,23.3820597138559,23.4643982740852,23.2878674549825,23.1634236393239,22.9941319698766,23.0917119703549,22.8019744788562,..
IDA blend,IDB,Access to electricity (% of population),EG.ELC.ACCS.ZS,..,..,..,..,..,..,..,..,53.8180582313114,55.0786512747734,54.2247611257852,54.9569391451073,55.3217938300815,57.7533589518874,56.4078934485431,56.8803995269772,57.2794332399075,58.4776089848804,58.8677131193836,58.1232299752804,57.1111530071316,61.686336949634,61.2480916290387,62.2838466358017,61.2531041992716,61.4466489109678,65.3969706445058,63.8024915312412,65.9321070935129,66.9988649272964,67.8680694575568
IDA blend,IDB,"Annualized average growth rate in per capita real survey mean consumption or income, total population (%)",SI.SPR.PCAP.ZG,..,..,..,..,..,..,..,..,..,..,..,..,..,..,..,..,..,..,..,..,..,..,..,..,..,..,..,..,..,..,..
IDA blend,IDB,Births attended by skilled health staff (% of total),SH.STA.BRTC.ZS,30.5005684567966,..,..,..,..,..,..,..,..,..,38.5792507413097,..,..,..,..,..,..,..,..,..,49.1671484663166,..,..,..,..,..,..,..,59.4516336930196,..,..
IDA blend,IDB,Coverage of social insurance programs (% of population),per_si_allsi.cov_pop_tot,..,..,..,..,..,..,..,..,..,..,..,..,..,..,..,..,..,..,..,..,..,..,..,..,..,..,..,..,..,..,..
IDA blend,IDB,"Debt service (PPG and IMF only, % of exports of goods, services and primary income)",DT.TDS.DPPF.XP.ZS,21.4143885486944,19.5839803397724,18.1563041349187,16.1333275894829,21.9146494087288,17.9225109721373,17.6633713430558,18.3071262606088,13.7744278912185,11.7258562983355,11.4950019925781,13.2462495634106,11.200662249782,9.45665728918258,9.45902359848577,12.6043078073435,9.22285327372819,3.5064508293058,2.56270221527359,3.65489334578591,3.02788218496094,2.22649351472687,3.19923529758649,4.39387928653704,4.29152374168542,4.9705317901286,5.76213330486623,6.6901398345487,6.6677160669802,10.9813361289134,12.4856263116471
IDA blend,IDB,Employment in industry (% of total employment) (modeled ILO estimate),SL.IND.EMPL.ZS,..,17.2233397413216,17.1211814547293,16.9827132299551,16.8799814182752,16.7324932992016,16.5693451000294,16.3952950832912,16.1484270482206,15.9788378586592,15.7248991728793,15.5156285070395,15.2823123606206,15.1868468974427,14.9935491778784,14.7351147183885,14.793206560471,14.8160178268425,14.4762487828163,14.813772848177,14.9846114719853,15.0895578915302,15.6083743580078,16.1548858915134,16.1796985570932,16.6397313945304,16.5297968995641,16.7889943297199,16.9861068392464,17.0109702366733,..
IDA only,IDX,Access to electricity (% of population),EG.ELC.ACCS.ZS,..,..,..,..,..,..,..,..,..,25.5691833698817,25.1778965244107,26.008760517592,27.6299721683254,29.1548205363233,29.782594879203,30.7201281654306,33.6826864007951,33.9739238403921,35.3712305855066,36.9621075180568,37.744227093033,39.0751701329825,42.075107529652,42.5743910036184,44.06717416294,46.338514742076,50.1461524206226,53.6782127607647,55.3026984203386,56.2071437164948,57.8593075730236
IDA only,IDX,"Annualized average growth rate in per capita real survey mean consumption or income, total population (%)",SI.SPR.PCAP.ZG,..,..,..,..,..,..,..,..,..,..,..,..,..,..,..,..,..,..,..,..,..,..,..,..,..,..,..,..,..,..,..
IDA only,IDX,Births attended by skilled health staff (% of total),SH.STA.BRTC.ZS,..,..,..,..,..,..,..,..,..,..,32.1615946162904,..,..,..,..,..,..,..,..,..,48.5376367831221,..,..,..,..,..,..,..,63.5819756242562,..,..
IDA only,IDX,Coverage of social insurance programs (% of population),per_si_allsi.cov_pop_tot,..,..,..,..,..,..,..,..,..,..,..,..,..,..,..,..,..,..,..,..,..,..,..,..,..,..,..,..,..,..,..
IDA only,IDX,"Debt service (PPG and IMF only, % of exports of goods, services and primary income)",DT.TDS.DPPF.XP.ZS,21.389151600367,23.7532485255203,16.4011166071875,15.4627405510558,15.6937206027862,16.6038591971656,15.587813246374,14.3034820823762,13.1658151605057,11.7918685837208,10.2303630687796,8.70539361289034,7.79558050456953,8.19546972988639,7.1650842704808,5.34931148821072,4.01361464898186,4.31030995295878,4.12069405796624,4.39621839492817,3.19826495693972,3.0858867720904,3.68707179171412,4.5707969332611,4.09588890321067,4.804426089405,5.73566102280348,6.02268591004992,6.30734173112861,7.33127538732989,7.99110184366444
IDA only,IDX,Employment in industry (% of total employment) (modeled ILO estimate),SL.IND.EMPL.ZS,..,9.39658815013652,9.26386339406188,9.1762316203722,9.06304979376813,9.05077698951423,8.99582644787686,9.09631305411663,9.21225798062026,9.31337782422907,9.40406736091652,9.5761453432816,9.79505246367717,10.036948335748,10.2710783506585,10.5536673995516,10.8630484207682,11.132861774239,11.3871408686728,11.6503525687194,11.9447662978252,12.1402596882915,12.3527087214402,12.4924323007926,12.8379898583385,13.0200746253954,13.0624605102946,13.1166874641436,13.3015146004386,13.3922999441506,..
IDA total,IDA,Access to electricity (% of population),EG.ELC.ACCS.ZS,..,..,..,..,..,..,..,..,36.6143924926027,37.9591928365061,34.9900453116856,35.7837142137396,36.9637246857658,38.7863938497876,38.7438766049216,39.5224225504527,41.5725746302423,42.1471981475465,43.2128960546117,44.0297593516904,44.2131180405359,46.6485323894008,48.4953794158634,49.1813741348396,49.8339715815519,51.4121936506039,55.2706241315303,57.0811618432459,58.8797489293883,59.8345781257574,61.2261731828994
IDA total,IDA,"Annualized average growth rate in per capita real survey mean consumption or income, total population (%)",SI.SPR.PCAP.ZG,..,..,..,..,..,..,..,..,..,..,..,..,..,..,..,..,..,..,..,..,..,..,..,..,..,..,..,..,..,..,..
IDA total,IDA,Births attended by skilled health staff (% of total),SH.STA.BRTC.ZS,..,..,..,..,..,..,..,..,..,..,34.470290470384,..,..,..,..,..,..,..,..,..,48.7551670858933,..,..,..,..,..,..,..,62.088421066958,..,..
IDA total,IDA,Coverage of social insurance programs (% of population),per_si_allsi.cov_pop_tot,..,..,..,..,..,..,..,..,..,..,..,..,..,..,..,..,..,..,..,..,..,..,..,..,..,..,..,..,..,..,..
IDA total,IDA,"Debt service (PPG and IMF only, % of exports of goods, services and primary income)",DT.TDS.DPPF.XP.ZS,21.4056728994931,21.0366052920382,17.5499615135505,15.8883163963099,19.4465504616422,17.2666420235086,16.6626264324489,16.2434167858719,13.4356582074391,11.7566792798151,10.9387590783083,11.186799237585,9.61330335128597,8.91396538800807,8.48769892712207,9.29580668879866,6.72558491656464,3.90308904424598,3.37061837093395,4.07393372125038,3.11722205917591,2.64976052242151,3.4482496014757,4.48821429261618,4.18274307366573,4.86913738834538,5.74510178782061,6.26542175346091,6.44245231063115,8.68371071337384,9.60959689364646
IDA total,IDA,Employment in industry (% of total employment) (modeled ILO estimate),SL.IND.EMPL.ZS,..,11.8025919877369,11.6811181008086,11.5706030939098,11.4576094379416,11.3931996015473,11.3129147069752,11.340325434107,11.3425759868806,11.3654693693682,11.3577920204421,11.4138117426238,11.4966601971128,11.6378840517107,11.7412918483575,11.8542937745578,12.0858196225691,12.2842383766925,12.3544589330215,12.6445379030237,12.9021817122025,13.0708002167941,13.3724352072434,13.6287870198322,13.8748024010828,14.1447086980512,14.1304287226531,14.2358229553452,14.4186448095745,14.4899653435513,..
India,IND,Access to electricity (% of population),EG.ELC.ACCS.ZS,..,..,..,50.9,49.8113098144531,51.4087753295898,53.0035209655762,54.5948638916016,56.1821327209473,60.1,58.7214736938477,55.7999992370605,62.2999992370605,64.0474853515625,64.4000015258789,67.5798110961914,67.9000015258789,71.1198654174805,72.8993835449219,75,76.3000030517578,67.5999984741211,79.9000015258789,81.9993286132813,83.8724975585938,88,89.2177963256836,92.1249465942383,95.6999969482422,97.3082656860352,99
India,IND,"Annualized average growth rate in per capita real survey mean consumption or income, total population (%)",SI.SPR.PCAP.ZG,..,..,..,..,..,..,..,..,..,..,..,..,..,..,..,..,..,..,..,..,..,3.69,..,..,..,..,..,..,..,..,..
India,IND,Births attended by skilled health staff (% of total),SH.STA.BRTC.ZS,..,..,..,34.2,..,..,..,..,..,42.3,42.5,..,..,..,..,..,46.6,..,52.3,..,..,..,..,..,81.4,..,81.4,..,..,..,..
India,IND,Coverage of social insurance programs (% of population),per_si_allsi.cov_pop_tot,..,..,..,..,..,..,..,..,..,..,..,..,..,..,..,..,..,..,..,..,..,17.6635167975397,..,..,..,..,..,..,..,..,..
India,IND,"Debt service (PPG and IMF only, % of exports of goods, services and primary income)",DT.TDS.DPPF.XP.ZS,27.1649347717067,26.7618728355772,25.4384275810079,25.1974013511108,29.7222092147053,30.5446476375183,25.4117956076489,24.5403661403625,22.4906010281906,15.5898678884257,15.3785252750562,12.7873723803292,16.0936630679547,20.4370578603135,7.72064797144166,9.68673187832864,3.04097340030301,4.08674197262603,4.67088966817266,2.42993180000253,1.74480879947485,1.7610880638326,1.68118836519349,2.25526710697942,2.70826109311248,3.08580557711602,5.06404418855236,2.78303096184464,4.2326382695859,2.90798200390062,5.09392740905058
India,IND,Employment in industry (% of total employment) (modeled ILO estimate),SL.IND.EMPL.ZS,..,15.1800003051758,15.2399997711182,15.2700004577637,15.4300003051758,15.6000003814697,15.7700004577637,15.7700004577637,15.8900003433228,16.1800003051758,16.3199996948242,16.6299991607666,16.9200000762939,17.5,18.2600002288818,18.7999992370605,19.4200000762939,20.0900001525879,20.4200000762939,21.0900001525879,21.8099994659424,23.1000003814697,24.3600006103516,24.3700008392334,24.4500007629395,24.5400009155273,24.7399997711182,24.8600006103516,24.9500007629395,25.1200008392334,..
Indonesia,IDN,Access to electricity (% of population),EG.ELC.ACCS.ZS,..,48.9,66.6965637207031,55.43,62.8,66.86,72.39,80.3,80.94,83.73,86.3000030517578,86.2600021362305,87.5999984741211,87.9400024414063,89.0100021362305,85.0383224487305,90.620002746582,91.0999984741211,92.7300033569336,93.5500030517578,94.1500015258789,94.8300018310547,96,96.4642562866211,97.0100021362305,97.5373687744141,97.620002746582,98.1399993896484,98.5100021362305,98.8499984741211,96.9499969482422
Indonesia,IDN,"Annualized average growth rate in per capita real survey mean consumption or income, total population (%)",SI.SPR.PCAP.ZG,..,..,..,..,..,..,..,..,..,..,..,..,..,..,..,..,..,..,..,..,..,..,..,..,..,..,..,..,..,3.8,..
Indonesia,IDN,Births attended by skilled health staff (% of total),SH.STA.BRTC.ZS,40.7,31.7,40.7,..,36.5,49.7,..,43.2,56,..,66.9,..,68.4,66.3,71.5,..,..,73,74.86,..,82.2,..,83.1,87.4,..,..,92.6,93.25,93.6,94.7,..
Indonesia,IDN,Coverage of social insurance programs (% of population),per_si_allsi.cov_pop_tot,..,..,..,..,..,..,..,..,..,..,..,..,..,..,..,..,..,..,..,..,..,..,..,..,9.3006857639065,8.17875443870597,..,9.285938485,11.09690111,10.85829192,..
Indonesia,IDN,"Debt service (PPG and IMF only, % of exports of goods, services and primary income)",DT.TDS.DPPF.XP.ZS,25.6218926104228,23.7620315491101,21.9530471385344,21.4484962840794,19.0847682562733,17.5004938289476,20.2586849145645,13.7017454496574,12.8895787560231,16.6782277452005,11.227183166785,13.7803138198683,13.7203395928128,12.8200534741682,14.4107928415373,9.94175764695041,15.8095200964367,8.59431892216327,6.34870002224967,7.75821165040955,6.59423329718766,4.44029135155168,4.61368368359901,5.57991575271324,14.1069060235632,8.16927912482956,9.30509918152032,9.18262429149772,7.8576519978475,10.184348074798,15.1721279440777
Indonesia,IDN,Employment in industry (% of total employment) (modeled ILO estimate),SL.IND.EMPL.ZS,..,15.1899995803833,15.3400001525879,16.4500007629395,19.6800003051758,18.4099998474121,18.7900009155273,18.7999992370605,17.7800006866455,17.5699996948242,17.4400005340576,18.7399997711182,18.7600002288818,17.7099990844727,18.0100002288818,18.7600002288818,18.5900001525879,18.8199996948242,18.4400005340576,18.2999992370605,18.6499996185303,19.9899997711182,21.0699996948242,20.9500007629395,21.3999996185303,22.0400009155273,21.7199993133545,22.0200004577637,22.2900009155273,22.3600006103516,..
"Iran, Islamic Rep.",IRN,Access to electricity (% of population),EG.ELC.ACCS.ZS,..,..,..,..,..,..,..,..,..,..,97.9000015258789,98.1293029785156,98.2332763671875,98.3320236206055,98.4278793334961,98.523193359375,98.4000015258789,98.7220993041992,98.8310470581055,99.7099990844727,99.4910430908203,99.5726470947266,99.6432800292969,99.8300018310547,100,99.9599990844727,99.9499969482422,99.9400024414063,100,100,100
"Iran, Islamic Rep.",IRN,"Annualized average growth rate in per capita real survey mean consumption or income, total population (%)",SI.SPR.PCAP.ZG,..,..,..,..,..,..,..,..,..,..,..,..,..,..,..,..,..,..,..,..,..,..,..,..,..,..,..,..,..,-1.38,..
"Iran, Islamic Rep.",IRN,Births attended by skilled health staff (% of total),SH.STA.BRTC.ZS,..,..,..,..,..,..,..,86.1,..,..,89.6,..,..,..,..,97.3,..,..,..,97.7,96.4,98.5,98.8,98.8,99,..,..,..,..,..,..
"Iran, Islamic Rep.",IRN,Coverage of social insurance programs (% of population),per_si_allsi.cov_pop_tot,..,..,..,..,..,..,..,..,..,..,..,..,..,..,..,..,..,..,..,..,..,..,..,..,..,..,..,..,..,..,..
"Iran, Islamic Rep.",IRN,"Debt service (PPG and IMF only, % of exports of goods, services and primary income)",DT.TDS.DPPF.XP.ZS,1.24551643362876,1.15112509876164,1.37949659602201,2.96931906859953,13.1653164334966,27.133501406923,26.1238455764775,30.2149466460402,16.7259434720296,16.3559808244527,9.15988923202018,3.58727055721458,4.6808753271028,4.53962358547291,4.48398113071571,4.31610924187797,3.12749680850163,3.02137888636147,2.48598558982925,2.05099368356864,1.70548083602367,1.21880767527287,0.306038385918916,0.3965967403183,0.480552870237836,0.670805998874071,2.13467454782707,0.378148934754733,0.149266094560002,0.177580694113862,0.279099305072573
"Iran, Islamic Rep.",IRN,Employment in industry (% of total employment) (modeled ILO estimate),SL.IND.EMPL.ZS,..,31.6399993896484,31.6100006103516,31.1299991607666,30.8500003814697,30.7299995422363,31.3199996948242,30.6599998474121,30.1299991607666,29.9699993133545,30,29.9699993133545,30.3400001525879,30.6299991607666,30.5100002288818,30.3700008392334,31.7099990844727,32.0699996948242,32.2700004577637,31.7900009155273,32.2000007629395,33.0299987792969,33.1800003051758,33.2900009155273,33.7599983215332,32.5299987792969,31.8799991607666,32.0400009155273,32.0400009155273,31.3899993896484,..
Iraq,IRQ,Access to electricity (% of population),EG.ELC.ACCS.ZS,..,..,..,..,..,..,..,..,..,..,96.9216766357422,97.0627975463867,97.1963348388672,97.3246307373047,97.4500427246094,97.5749206542969,97.6221084594727,98.0999984741211,97.971435546875,98.1198806762695,98.2809677124023,98,99.3000030517578,98.8662796020508,99.0984344482422,99.3454284667969,99.6043014526367,99.8720703125,99.9000015258789,99.9920043945313,100
Iraq,IRQ,"Annualized average growth rate in per capita real survey mean consumption or income, total population (%)",SI.SPR.PCAP.ZG,..,..,..,..,..,..,..,..,..,..,..,..,..,..,..,..,..,..,..,..,..,..,1.11,..,..,..,..,..,..,..,..
Iraq,IRQ,Births attended by skilled health staff (% of total),SH.STA.BRTC.ZS,..,..,..,..,..,..,..,..,..,..,65.2,..,..,..,..,..,88.5,79.7,..,..,..,90.9,70.4,..,..,..,..,..,95.6,..,..
Iraq,IRQ,Coverage of social insurance programs (% of population),per_si_allsi.cov_pop_tot,..,..,..,..,..,..,..,..,..,..,..,..,..,..,..,..,28.185387961635,..,..,..,..,..,26.3644655457086,..,..,..,..,..,..,..,..
Iraq,IRQ,"Debt service (PPG and IMF only, % of exports of goods, services and primary income)",DT.TDS.DPPF.XP.ZS,..,..,..,..,..,..,..,..,..,..,..,..,..,..,..,..,..,..,..,..,..,..,..,..,..,..,..,..,..,..,..
Iraq,IRQ,Employment in industry (% of total employment) (modeled ILO estimate),SL.IND.EMPL.ZS,..,18.2299995422363,18.2999992370605,18.2700004577637,18.2299995422363,18.2199993133545,18.6000003814697,19.1200008392334,19.7099990844727,20.7800006866455,20.7399997711182,20.5300006866455,19.6299991607666,19.7700004577637,19.0300006866455,19.7399997711182,20.5599994659424,20.4500007629395,21.0599994659424,20.8199996948242,21.6499996185303,22.0200004577637,23.1299991607666,23.3700008392334,23.3899993896484,22.7199993133545,23.6100006103516,23.2199993133545,22.8099994659424,22.9300003051758,..
Ireland,IRL,Access to electricity (% of population),EG.ELC.ACCS.ZS,100,100,100,100,100,100,100,100,100,100,100,100,100,100,100,100,100,100,100,100,100,100,100,100,100,100,100,100,100,100,100
Ireland,IRL,"Annualized average growth rate in per capita real survey mean consumption or income, total population (%)",SI.SPR.PCAP.ZG,..,..,..,..,..,..,..,..,..,..,..,..,..,..,..,..,..,..,..,..,..,..,..,..,..,..,..,..,4.7,..,..
Ireland,IRL,Births attended by skilled health staff (% of total),SH.STA.BRTC.ZS,..,..,..,..,..,..,..,..,..,99.5,99.6,99.6,99.5,99.6,99.7,99.7,99.7,99.7,99.8,99.8,99.8,99.8,99.8,99.8,99.7,99.7,99.7,..,..,..,..
Ireland,IRL,Coverage of social insurance programs (% of population),per_si_allsi.cov_pop_tot,..,..,..,..,..,..,..,..,..,..,..,..,..,..,..,..,..,..,..,..,..,..,..,..,..,..,..,..,..,..,..
Ireland,IRL,"Debt service (PPG and IMF only, % of exports of goods, services and primary income)",DT.TDS.DPPF.XP.ZS,..,..,..,..,..,..,..,..,..,..,..,..,..,..,..,..,..,..,..,..,..,..,..,..,..,..,..,..,..,..,..
Ireland,IRL,Employment in industry (% of total employment) (modeled ILO estimate),SL.IND.EMPL.ZS,..,27.4699993133545,27.2900009155273,27.1499996185303,27.8400001525879,27.7800006866455,27.3299999237061,28.5499992370605,28.6800003051758,28.2999992370605,28.4599990844727,28.9300003051758,27.6200008392334,27.7399997711182,27.6000003814697,27.6000003814697,27.7700004577637,25.7700004577637,23.2900009155273,19.8500003814697,18.0900001525879,17.4500007629395,16.9799995422363,17.2299995422363,17.2999992370605,18.1100006103516,18.5499992370605,18.8400001525879,18.8099994659424,18.7700004577637,..
Isle of Man,IMN,Access to electricity (% of population),EG.ELC.ACCS.ZS,100,100,100,100,100,100,100,100,100,100,100,100,100,100,100,100,100,100,100,100,100,100,100,100,100,100,100,100,100,100,100
Isle of Man,IMN,"Annualized average growth rate in per capita real survey mean consumption or income, total population (%)",SI.SPR.PCAP.ZG,..,..,..,..,..,..,..,..,..,..,..,..,..,..,..,..,..,..,..,..,..,..,..,..,..,..,..,..,..,..,..
Isle of Man,IMN,Births attended by skilled health staff (% of total),SH.STA.BRTC.ZS,47.7476605124,..,..,..,..,..,..,..,..,..,71.5020540718,..,..,..,..,..,..,..,..,..,81.4306770819,..,..,..,..,..,..,..,..,..,..
Isle of Man,IMN,Coverage of social insurance programs (% of population),per_si_allsi.cov_pop_tot,..,..,..,..,..,..,..,..,..,..,..,..,..,..,..,..,..,..,..,..,..,..,..,..,..,..,..,..,..,..,..
Isle of Man,IMN,"Debt service (PPG and IMF only, % of exports of goods, services and primary income)",DT.TDS.DPPF.XP.ZS,..,..,..,..,..,..,..,..,..,..,..,..,..,..,..,..,..,..,..,..,..,..,..,..,..,..,..,..,..,..,..
Isle of Man,IMN,Employment in industry (% of total employment) (modeled ILO estimate),SL.IND.EMPL.ZS,..,..,..,..,..,..,..,..,..,..,..,..,..,..,..,..,..,..,..,..,..,..,..,..,..,..,..,..,..,..,..
Israel,ISR,Access to electricity (% of population),EG.ELC.ACCS.ZS,100,100,100,100,100,100,100,100,100,100,100,100,100,100,100,100,100,100,100,100,100,100,100,100,100,100,100,100,100,100,100
Israel,ISR,"Annualized average growth rate in per capita real survey mean consumption or income, total population (%)",SI.SPR.PCAP.ZG,..,..,..,..,..,..,..,..,..,..,..,..,..,..,..,..,..,..,..,..,..,..,..,..,..,..,..,..,2.83,..,..
Israel,ISR,Births attended by skilled health staff (% of total),SH.STA.BRTC.ZS,..,..,..,..,..,..,..,..,..,..,..,..,..,..,..,..,..,..,..,..,..,..,..,..,..,..,..,..,..,..,..
Israel,ISR,Coverage of social insurance programs (% of population),per_si_allsi.cov_pop_tot,..,..,..,..,..,..,..,..,..,..,..,..,..,..,..,..,..,..,..,..,..,..,..,..,..,..,..,..,..,..,..
Israel,ISR,"Debt service (PPG and IMF only, % of exports of goods, services and primary income)",DT.TDS.DPPF.XP.ZS,..,..,..,..,..,..,..,..,..,..,..,..,..,..,..,..,..,..,..,..,..,..,..,..,..,..,..,..,..,..,..
Israel,ISR,Employment in industry (% of total employment) (modeled ILO estimate),SL.IND.EMPL.ZS,..,25.7600002288818,25.5100002288818,25.5499992370605,25.6200008392334,25.0799999237061,24.5499992370605,24,23.4300003051758,22.8500003814697,22.4200000762939,21.7000007629395,21.0799999237061,20.5900001525879,20.1700000762939,19.7700004577637,19.4699993133545,19.1900005340576,18.8099994659424,18.3299999237061,18.0799999237061,17.8299999237061,17.4899997711182,17.7399997711182,17.6800003051758,17.5799999237061,17.5,17.3799991607666,17.2900009155273,17.2299995422363,..
Italy,ITA,Access to electricity (% of population),EG.ELC.ACCS.ZS,100,100,100,100,100,100,100,100,100,100,100,100,100,100,100,100,100,100,100,100,100,100,100,100,100,100,100,100,100,100,100
Italy,ITA,"Annualized average growth rate in per capita real survey mean consumption or income, total population (%)",SI.SPR.PCAP.ZG,..,..,..,..,..,..,..,..,..,..,..,..,..,..,..,..,..,..,..,..,..,..,..,..,..,..,..,..,1.33,..,..
Italy,ITA,Births attended by skilled health staff (% of total),SH.STA.BRTC.ZS,..,..,..,..,..,..,..,..,..,..,99.8,..,99.6,99.6,99.8,99.8,99.8,99.6,99.8,99.8,99.9,99.9,..,99.9,99.9,99.9,99.9,..,..,..,..
Italy,ITA,Coverage of social insurance programs (% of population),per_si_allsi.cov_pop_tot,..,..,..,..,..,..,..,..,..,..,..,..,..,..,..,..,..,..,..,..,..,..,..,..,..,..,..,..,..,..,..
Italy,ITA,"Debt service (PPG and IMF only, % of exports of goods, services and primary income)",DT.TDS.DPPF.XP.ZS,..,..,..,..,..,..,..,..,..,..,..,..,..,..,..,..,..,..,..,..,..,..,..,..,..,..,..,..,..,..,..
Italy,ITA,Employment in industry (% of total employment) (modeled ILO estimate),SL.IND.EMPL.ZS,..,34.9599990844727,34.6300010681152,34.1100006103516,33.7599983215332,33.6599998474121,33.3499984741211,32.6199989318848,32.7299995422363,32.3800010681152,31.7900009155273,31.7399997711182,31.6000003814697,31.7700004577637,30.8400001525879,30.6800003051758,30.0499992370605,30.1299991607666,29.7999992370605,29.2399997711182,28.6100006103516,28.2900009155273,27.5799999237061,27.0499992370605,26.8999996185303,26.6000003814697,26.1200008392334,26,26.1000003814697,25.8700008392334,..
Jamaica,JAM,Access to electricity (% of population),EG.ELC.ACCS.ZS,70.334586,77.2288665771484,78.0329208374023,78.836296081543,79.638313293457,80.4382934570313,85.706045,82.0294036865234,82.8191757202148,84.554112,84.3941345214844,87.7081146240234,86.6812896728516,86.6085662841797,87.3378067016602,88.0665054321289,88.7970809936523,89.5321807861328,92,91.0267791748047,92.1999969482422,91.0999984741211,93.0999984741211,93.9000015258789,93.3000030517578,94.9000015258789,96.7379837036133,97.6095809936523,98.4871215820313,99.3676223754883,100
Jamaica,JAM,"Annualized average growth rate in per capita real survey mean consumption or income, total population (%)",SI.SPR.PCAP.ZG,..,..,..,..,..,..,..,..,..,..,..,..,..,..,..,..,..,..,..,..,..,..,..,..,..,..,..,..,..,..,..
Jamaica,JAM,Births attended by skilled health staff (% of total),SH.STA.BRTC.ZS,..,..,..,93.4,..,..,90,94.6,..,..,95.9,98.5,96.9,97.4,..,96.7,94.5,93,98.3,98.3,90.1,99.1,..,..,..,99.9,99.7,..,..,..,..
Jamaica,JAM,Coverage of social insurance programs (% of population),per_si_allsi.cov_pop_tot,..,..,..,..,..,..,..,..,..,..,..,..,5.56863514485645,..,..,..,..,..,..,..,4.3422880963409,..,..,..,..,..,..,7.00190928,..,..,..
Jamaica,JAM,"Debt service (PPG and IMF only, % of exports of goods, services and primary income)",DT.TDS.DPPF.XP.ZS,27.0745324084828,29.7653650789415,28.8117932650839,20.9073982618431,18.0357487391471,17.8119303714165,17.8422626345715,16.3645025828281,12.3486492669699,14.9839099387918,15.4250810556378,19.4540298913043,23.7323350027307,21.8253130585175,19.6156379442864,20.99002373865,14.2726219461474,18.7770223010838,15.7512328285454,29.2683204402822,19.6156362034008,27.2971434009455,22.8356882398732,22.8188241418479,28.4817840696023,27.5415195975974,37.2880324310085,24.4511841112056,18.1236447907846,32.5451201509825,32.8726918566032
Jamaica,JAM,Employment in industry (% of total employment) (modeled ILO estimate),SL.IND.EMPL.ZS,..,19.1800003051758,19.0799999237061,19.2099990844727,19.0100002288818,20.2099990844727,20.3199996948242,18.6599998474121,18.2700004577637,17.9799995422363,16.9899997711182,17.1399993896484,17.3099994659424,17.4500007629395,18.2600002288818,17.7700004577637,17.7600002288818,17.0499992370605,16.7800006866455,16.3700008392334,16.2299995422363,16.0599994659424,15.460000038147,15.2200002670288,14.9399995803833,14.9300003051758,15.6599998474121,15.6999998092651,16.1000003814697,16.1800003051758,..
Japan,JPN,Access to electricity (% of population),EG.ELC.ACCS.ZS,100,100,100,100,100,100,100,100,100,100,100,100,100,100,100,100,100,100,100,100,100,100,100,100,100,100,100,100,100,100,100
Japan,JPN,"Annualized average growth rate in per capita real survey mean consumption or income, total population (%)",SI.SPR.PCAP.ZG,..,..,..,..,..,..,..,..,..,..,..,..,..,..,..,..,..,..,..,..,..,..,..,..,..,..,..,..,..,..,..
Japan,JPN,Births attended by skilled health staff (% of total),SH.STA.BRTC.ZS,99.9,..,..,..,..,99.9,100,..,..,..,99.8,99.8,99.8,99.8,99.8,99.8,99.8,99.8,99.8,99.8,99.8,99.8,99.8,..,99.8,99.9,99.8,99.9,99.9,..,..
Japan,JPN,Coverage of social insurance programs (% of population),per_si_allsi.cov_pop_tot,..,..,..,..,..,..,..,..,..,..,..,..,..,..,..,..,..,..,..,..,..,..,..,..,..,..,..,..,..,..,..
Japan,JPN,"Debt service (PPG and IMF only, % of exports of goods, services and primary income)",DT.TDS.DPPF.XP.ZS,..,..,..,..,..,..,..,..,..,..,..,..,..,..,..,..,..,..,..,..,..,..,..,..,..,..,..,..,..,..,..
Japan,JPN,Employment in industry (% of total employment) (modeled ILO estimate),SL.IND.EMPL.ZS,..,34.5900001525879,34.7700004577637,34.439998626709,34.189998626709,33.7000007629395,33.4300003051758,33.2599983215332,32.2200012207031,31.8600006103516,31.4200000762939,30.7000007629395,29.9400005340576,29.1499996185303,28.4300003051758,27.9799995422363,27.7399997711182,27.5,27.1900005340576,26.1499996185303,25.5599994659424,25.3400001525879,25.2700004577637,25.2600002288818,25.0799999237061,24.9699993133545,24.7000007629395,24.6299991607666,24.4300003051758,24.2199993133545,..
Jordan,JOR,Access to electricity (% of population),EG.ELC.ACCS.ZS,96.8,97.8546829223633,97.9748611450195,98.0943603515625,98.2125015258789,98.3285980224609,98.4419784545898,98.9,98.6578521728516,98.7589111328125,98.9342727661133,98.9780654907227,99.5,99.0452499389648,99.1734390258789,99.1008911132813,100,98.8000030517578,100,99.4000015258789,100,99.6515655517578,99.5,99.7014389038086,99.7484970092773,99.8981704711914,99.9588241577148,100,99.9000015258789,100,99.9000015258789
Jordan,JOR,"Annualized average growth rate in per capita real survey mean consumption or income, total population (%)",SI.SPR.PCAP.ZG,..,..,..,..,..,..,..,..,..,..,..,..,..,..,..,..,..,..,..,..,5.77,..,..,..,..,..,..,..,..,..,..
Jordan,JOR,Births attended by skilled health staff (% of total),SH.STA.BRTC.ZS,87.2,..,..,..,..,..,..,96.7,..,..,..,..,99.5,..,..,..,..,99.1,..,..,..,..,99.6,..,..,..,..,..,99.7,..,..
Jordan,JOR,Coverage of social insurance programs (% of population),per_si_allsi.cov_pop_tot,..,..,..,..,..,..,..,..,..,..,..,..,..,..,..,..,24.8957385234326,..,..,..,28.234611765928,..,..,..,..,..,..,..,..,..,..
Jordan,JOR,"Debt service (PPG and IMF only, % of exports of goods, services and primary income)",DT.TDS.DPPF.XP.ZS,22.1161295247876,24.5940116415527,24.4569079901405,19.4400347430674,17.3774973716388,15.4910684055033,24.9825376642654,21.6783876041531,21.2949269404123,13.0279310541878,14.3493564039132,13.6321955465009,11.453373441014,21.1427918326546,10.2324646408378,7.85360252358817,7.02187700834955,6.69665314364385,19.4032335986237,4.66987005650318,4.61611682726593,5.09320911617854,4.98882018754343,4.81116387512906,6.92641762120626,12.5964927842475,15.0520411889658,9.66368027077474,10.0033104094981,14.646048799236,22.2393581559375
Jordan,JOR,Employment in industry (% of total employment) (modeled ILO estimate),SL.IND.EMPL.ZS,..,21.3500003814697,21.6000003814697,21.5400009155273,21.4699993133545,21.4099998474121,21.1900005340576,21.0699996948242,21,20.9400005340576,20.9099998474121,21,21.1200008392334,23.1800003051758,25.8099994659424,26.1200008392334,26.1800003051758,26.3999996185303,26.3999996185303,26.5599994659424,26.2999992370605,25.8500003814697,25.6000003814697,25.3999996185303,25.1100006103516,24.8899993896484,24.6200008392334,24.4300003051758,24.25,24.4500007629395,..
Kazakhstan,KAZ,Access to electricity (% of population),EG.ELC.ACCS.ZS,..,..,..,..,..,99.9,99.1921157836914,99.2694702148438,99.3427505493164,97,99.5095596313477,99.6500015258789,99.8099975585938,99.9199981689453,99.9599990844727,100,99.7665481567383,100,100,100,100,99.7974700927734,100,100,100,100,100,100,100,100,100
Kazakhstan,KAZ,"Annualized average growth rate in per capita real survey mean consumption or income, total population (%)",SI.SPR.PCAP.ZG,..,..,..,..,..,..,..,..,..,..,..,..,..,..,..,..,..,..,..,..,..,..,..,..,..,..,..,..,-0.23,..,..
Kazakhstan,KAZ,Births attended by skilled health staff (% of total),SH.STA.BRTC.ZS,99,98.1,98.9,98.6,98.3,99.6,98.1,97.6,98,99.1,98.3,98.5,98.9,99.4,99.4,99.4,99.8,99.5,99.3,99.4,99.4,99.9,99.99,99.99,99.99,99.4,99.9,99.9,99.9,..,..
Kazakhstan,KAZ,Coverage of social insurance programs (% of population),per_si_allsi.cov_pop_tot,..,..,..,..,..,..,..,..,..,..,..,..,..,..,..,..,..,29.1565413319401,..,..,28.9498650508237,..,..,..,1.08672553333163,28.6769633035275,..,31.5214073475669,..,..,..
Kazakhstan,KAZ,"Debt service (PPG and IMF only, % of exports of goods, services and primary income)",DT.TDS.DPPF.XP.ZS,..,..,..,..,..,3.52613184876323,3.81609258262492,4.42807043889955,7.49795571372429,12.0044480298159,8.82008654053395,4.88476765649276,7.46231184748854,3.11668142277573,3.84873699216716,3.98702060462185,0.823331803475913,1.35541003410765,0.251948074169426,0.372721852149262,0.489770743365204,0.21341165704395,0.350928306226669,0.597451088158546,0.979392297413493,1.60005739081958,2.78327591446083,3.38080508680819,2.12509628523252,3.67866956196494,3.87173352053898
Kazakhstan,KAZ,Employment in industry (% of total employment) (modeled ILO estimate),SL.IND.EMPL.ZS,..,18.1200008392334,17.8199996948242,17.5,17.1800003051758,16.8400001525879,16.6000003814697,16.4200000762939,16.2399997711182,16.1700000762939,16.2399997711182,16.3299999237061,16.2800006866455,16.9599990844727,17.4099998474121,18,18.4300003051758,18.9300003051758,18.9300003051758,18.6399993896484,18.7099990844727,18.9699993133545,19.3899993896484,19.8199996948242,20.2399997711182,20.5599994659424,20.5799999237061,20.6499996185303,20.8199996948242,20.9799995422363,..
Kenya,KEN,Access to electricity (% of population),EG.ELC.ACCS.ZS,..,..,..,10.9,3.47343683242798,5.42734336853027,7.37853050231934,9.32631778717041,14.5,13.2088918685913,15.1311712265015,17.0330848693848,18.9274139404297,16,22.7027149200439,24.5883865356445,26.4759292602539,28.3679943084717,30.2672901153564,23,19.2000007629395,36.0356559753418,37.990966796875,39.9661064147949,36,41.5999984741211,53.0999984741211,55.9764099121094,61.2845726013184,69.6999969482422,71.4379425048828
Kenya,KEN,"Annualized average growth rate in per capita real survey mean consumption or income, total population (%)",SI.SPR.PCAP.ZG,..,..,..,..,..,..,..,..,..,..,..,..,..,..,..,..,..,..,..,..,..,..,..,..,..,..,..,..,..,..,..
Kenya,KEN,Births attended by skilled health staff (% of total),SH.STA.BRTC.ZS,..,..,..,45.4,..,..,..,..,44.3,..,42.6,..,..,41.6,..,..,..,..,..,43.8,..,..,..,..,61.8,..,..,..,..,..,..
Kenya,KEN,Coverage of social insurance programs (% of population),per_si_allsi.cov_pop_tot,..,..,..,..,..,..,..,..,..,..,..,..,..,..,..,1.90716709007408,..,..,..,..,..,..,..,..,..,1.18825729022986,..,..,..,..,..
Kenya,KEN,"Debt service (PPG and IMF only, % of exports of goods, services and primary income)",DT.TDS.DPPF.XP.ZS,28.5813419110829,26.2800116959086,23.5000716291414,12.8271578640278,16.9775869322693,20.7266272332593,18.8671524700379,12.938105522293,12.3955275871434,13.0427811195199,17.3021745578641,12.4322904425072,13.6615458898483,14.4781446997628,7.38752998043337,9.46287965934956,6.75630201040244,5.92230900845077,4.63597699712061,4.82997541099341,4.13007657171077,4.00883558618274,4.3549986968959,4.39151558934772,10.9782574254852,6.97779606941198,8.36637801592027,12.2164435469764,20.8883759978072,35.3585296404729,25.4913369610674
Kenya,KEN,Employment in industry (% of total employment) (modeled ILO estimate),SL.IND.EMPL.ZS,..,16.6399993896484,16.4699993133545,16.2399997711182,16.0100002288818,15.6400003433228,15.2299995422363,14.6400003433228,13.960000038147,13.1300001144409,11.5699996948242,10.1899995803833,9.05000019073486,8.09000015258789,7.34000015258789,6.69999980926514,6.46000003814697,6.28999996185303,6.13000011444092,6.03999996185303,6.01000022888184,6.01000022888184,6.01000022888184,6.03000020980835,6.05999994277954,6.09000015258789,6.13000011444092,6.15999984741211,6.19000005722046,6.21999979019165,..
Kiribati,KIR,Access to electricity (% of population),EG.ELC.ACCS.ZS,..,..,..,..,..,..,..,..,..,..,55.1248970031738,56.9190254211426,58.70556640625,60.4868774414063,62.2652969360352,69.6764068603516,68.8000030517578,67.6072235107422,69.3987274169922,64.1900024414063,63.1677360534668,74.8437347412109,76.6912612915039,78.9310607910156,83.4539489746094,90.5581817626953,92.7996139526367,86.1764450073242,88.1031646728516,90.0328521728516,91.9630279541016
Kiribati,KIR,"Annualized average growth rate in per capita real survey mean consumption or income, total population (%)",SI.SPR.PCAP.ZG,..,..,..,..,..,..,..,..,..,..,..,..,..,..,..,..,..,..,..,..,..,..,..,..,..,..,..,..,..,..,..
Kiribati,KIR,Births attended by skilled health staff (% of total),SH.STA.BRTC.ZS,60,..,..,..,72,..,..,..,85,..,85,..,76,..,..,63,..,..,65,79.8,98.3,..,..,..,..,..,..,..,..,..,..
Kiribati,KIR,Coverage of social insurance programs (% of population),per_si_allsi.cov_pop_tot,..,..,..,..,..,..,..,..,..,..,..,..,..,..,..,..,..,..,..,..,..,..,..,..,..,..,..,..,..,..,..
Kiribati,KIR,"Debt service (PPG and IMF only, % of exports of goods, services and primary income)",DT.TDS.DPPF.XP.ZS,..,..,..,..,..,..,..,..,..,..,..,..,..,..,..,..,..,..,..,..,..,..,..,..,..,..,..,..,..,..,..
Kiribati,KIR,Employment in industry (% of total employment) (modeled ILO estimate),SL.IND.EMPL.ZS,..,..,..,..,..,..,..,..,..,..,..,..,..,..,..,..,..,..,..,..,..,..,..,..,..,..,..,..,..,..,..
"Korea, Dem. People's Rep.",PRK,Access to electricity (% of population),EG.ELC.ACCS.ZS,..,..,..,..,..,..,..,..,..,..,..,..,..,..,..,..,..,..,..,26,29.2511825561523,31.4920024871826,33.7508888244629,36.0296058654785,38.3261299133301,40.6374969482422,42.9607353210449,45.2928771972656,47.6309547424316,49.9720001220703,52.3135452270508
"Korea, Dem. People's Rep.",PRK,"Annualized average growth rate in per capita real survey mean consumption or income, total population (%)",SI.SPR.PCAP.ZG,..,..,..,..,..,..,..,..,..,..,..,..,..,..,..,..,..,..,..,..,..,..,..,..,..,..,..,..,..,..,..
"Korea, Dem. People's Rep.",PRK,Births attended by skilled health staff (% of total),SH.STA.BRTC.ZS,..,..,..,..,..,..,..,..,..,..,96.7,..,..,..,97.1,..,..,..,..,100,..,..,..,..,..,..,..,99.5,..,..,..
"Korea, Dem. People's Rep.",PRK,Coverage of social insurance programs (% of population),per_si_allsi.cov_pop_tot,..,..,..,..,..,..,..,..,..,..,..,..,..,..,..,..,..,..,..,..,..,..,..,..,..,..,..,..,..,..,..
"Korea, Dem. People's Rep.",PRK,"Debt service (PPG and IMF only, % of exports of goods, services and primary income)",DT.TDS.DPPF.XP.ZS,..,..,..,..,..,..,..,..,..,..,..,..,..,..,..,..,..,..,..,..,..,..,..,..,..,..,..,..,..,..,..
"Korea, Dem. People's Rep.",PRK,Employment in industry (% of total employment) (modeled ILO estimate),SL.IND.EMPL.ZS,..,26.6499996185303,25.5,24.4599990844727,23.5599994659424,22.3999996185303,21.2999992370605,19.7199993133545,18.9200000762939,19.2700004577637,18.6800003051758,18.6599998474121,18.2099990844727,17.8999996185303,17.6499996185303,17.7299995422363,16.9599990844727,16.2399997711182,16.2700004577637,15.6499996185303,15.1599998474121,14.8699998855591,14.6800003051758,14.460000038147,14.2600002288818,13.7799997329712,14,13.1800003051758,12.3599996566772,12.7299995422363,..
"Korea, Rep.",KOR,Access to electricity (% of population),EG.ELC.ACCS.ZS,99.8828430175781,99.9126739501953,99.9422149658203,99.9694366455078,99.9891204833984,100,100,100,100,100,100,100,100,100,100,100,100,100,100,100,100,100,100,100,100,100,100,100,100,100,100
"Korea, Rep.",KOR,"Annualized average growth rate in per capita real survey mean consumption or income, total population (%)",SI.SPR.PCAP.ZG,..,..,..,..,..,..,..,..,..,..,..,..,..,..,..,..,..,..,..,..,..,..,..,..,..,..,2.25,..,..,..,..
"Korea, Rep.",KOR,Births attended by skilled health staff (% of total),SH.STA.BRTC.ZS,98,97.9,..,..,98.4,..,..,99.6,..,..,99.9,..,..,99.9,..,..,..,..,..,99.9,..,..,99.8,..,..,100,..,..,..,..,..
"Korea, Rep.",KOR,Coverage of social insurance programs (% of population),per_si_allsi.cov_pop_tot,..,..,..,..,..,..,..,..,..,..,..,..,..,..,..,..,..,..,..,..,..,..,..,..,..,..,..,..,..,..,..
"Korea, Rep.",KOR,"Debt service (PPG and IMF only, % of exports of goods, services and primary income)",DT.TDS.DPPF.XP.ZS,..,..,..,..,..,..,..,..,..,..,..,..,..,..,..,..,..,..,..,..,..,..,..,..,..,..,..,..,..,..,..
"Korea, Rep.",KOR,Employment in industry (% of total employment) (modeled ILO estimate),SL.IND.EMPL.ZS,..,36.8199996948242,35.75,34.0200004577637,33.6300010681152,33.439998626709,32.6399993896484,31.4300003051758,27.9799995422363,27.5100002288818,28.1499996185303,27.4799995422363,27.3199996948242,27.6100006103516,27.1599998474121,26.6599998474121,26.1499996185303,25.7900009155273,25.3099994659424,24.5,25.0200004577637,24.8500003814697,24.5799999237061,27.5799999237061,25,25.3899993896484,25.2000007629395,25.2700004577637,25.2000007629395,24.5799999237061,..
Kosovo,XKX,Access to electricity (% of population),EG.ELC.ACCS.ZS,100,100,100,100,100,100,100,100,100,100,..,..,..,..,..,..,..,..,..,..,99,..,99.75,99.75,99.6800003051758,99.8600006103516,99.8000030517578,99.8000030517578,..,100,..
Kosovo,XKX,"Annualized average growth rate in per capita real survey mean consumption or income, total population (%)",SI.SPR.PCAP.ZG,..,..,..,..,..,..,..,..,..,..,..,..,..,..,..,..,..,..,..,..,..,..,..,..,..,..,..,1.89,..,..,..
Kosovo,XKX,Births attended by skilled health staff (% of total),SH.STA.BRTC.ZS,..,..,..,..,..,..,..,..,..,..,..,..,..,..,..,..,..,..,..,..,..,..,..,..,99,..,..,..,..,..,..
Kosovo,XKX,Coverage of social insurance programs (% of population),per_si_allsi.cov_pop_tot,..,..,..,..,..,..,..,..,..,..,..,..,..,..,..,..,20.581597359955,..,..,..,..,35.5674750206322,36.1149789323611,35.0002633807955,..,..,..,..,..,..,..
Kosovo,XKX,"Debt service (PPG and IMF only, % of exports of goods, services and primary income)",DT.TDS.DPPF.XP.ZS,..,..,..,..,..,..,..,..,..,..,..,..,..,..,0.312478828052054,0.396517925758443,0.441448400624058,0.29225547890838,0.0628277723925868,18.7783005902547,1.8580159061383,1.49413793226642,1.47259675321269,1.75758148603902,2.19918016442589,2.61124270473845,4.65625380381153,3.51513699509758,1.56958416873669,2.75981436122952,5.74054398792503
Kosovo,XKX,Employment in industry (% of total employment) (modeled ILO estimate),SL.IND.EMPL.ZS,..,..,..,..,..,..,..,..,..,..,..,..,..,..,..,..,..,..,..,..,..,..,..,..,..,..,..,..,..,..,..
Kuwait,KWT,Access to electricity (% of population),EG.ELC.ACCS.ZS,100,100,100,100,100,100,100,100,100,100,100,100,100,100,100,100,100,100,100,100,100,100,100,100,100,100,100,100,100,100,100
Kuwait,KWT,"Annualized average growth rate in per capita real survey mean consumption or income, total population (%)",SI.SPR.PCAP.ZG,..,..,..,..,..,..,..,..,..,..,..,..,..,..,..,..,..,..,..,..,..,..,..,..,..,..,..,..,..,..,..
Kuwait,KWT,Births attended by skilled health staff (% of total),SH.STA.BRTC.ZS,..,..,..,..,..,..,98.2,..,..,..,..,..,100,..,98.3,98.6,98.7,98.7,98.7,98.7,98.6,98.8,98.8,98.7,98.7,99.9,99.9,..,..,..,..
Kuwait,KWT,Coverage of social insurance programs (% of population),per_si_allsi.cov_pop_tot,..,..,..,..,..,..,..,..,..,..,..,..,..,..,..,..,..,..,..,..,..,..,..,..,..,..,..,..,..,..,..
Kuwait,KWT,"Debt service (PPG and IMF only, % of exports of goods, services and primary income)",DT.TDS.DPPF.XP.ZS,..,..,..,..,..,..,..,..,..,..,..,..,..,..,..,..,..,..,..,..,..,..,..,..,..,..,..,..,..,..,..
Kuwait,KWT,Employment in industry (% of total employment) (modeled ILO estimate),SL.IND.EMPL.ZS,..,19.6000003814697,20.7999992370605,22.7199993133545,22.9799995422363,23.1100006103516,23.1399993896484,22.7600002288818,21.8700008392334,21.6599998474121,21.9200000762939,21.0499992370605,20.4500007629395,20.6599998474121,20.8600006103516,20.7000007629395,22,23.2999992370605,25.1399993896484,23.9500007629395,23.6900005340576,23.9200000762939,24.0300006866455,23.7800006866455,23.4799995422363,22.5900001525879,22.3799991607666,22.0400009155273,22.1200008392334,22.1499996185303,..
Kyrgyz Republic,KGZ,Access to electricity (% of population),EG.ELC.ACCS.ZS,..,..,..,..,..,..,..,99.8,99.553825378418,99.5655822753906,99.6102447509766,99.5810089111328,100,99.5021209716797,99.4571838378906,99.4423065185547,98.8899993896484,99.5400009155273,99.5100021362305,99.5,99,98.3199996948242,99.8000030517578,98.9300003051758,99.8000030517578,98.6900024414063,99.7099990844727,100,100,99.8742370605469,99.9810485839844
Kyrgyz Republic,KGZ,"Annualized average growth rate in per capita real survey mean consumption or income, total population (%)",SI.SPR.PCAP.ZG,..,..,..,..,..,..,..,..,..,..,..,..,..,..,..,..,..,..,..,..,..,..,..,..,..,..,..,..,..,..,1.14
Kyrgyz Republic,KGZ,Births attended by skilled health staff (% of total),SH.STA.BRTC.ZS,98.9,98.9,98.7,98.3,98.2,98,98.1,98.1,98.5,98.5,98.6,98.7,98.8,98.9,98.2,97.9,97.6,98.4,98.5,98.5,98.3,98.6,99.1,99,98.4,..,..,..,99.8,..,..
Kyrgyz Republic,KGZ,Coverage of social insurance programs (% of population),per_si_allsi.cov_pop_tot,..,..,..,..,..,..,..,..,..,..,..,..,..,..,..,..,30.4660007967866,..,..,..,..,40.2230542780595,41.6405620169134,39.3497475478638,..,..,..,..,..,..,..
Kyrgyz Republic,KGZ,"Debt service (PPG and IMF only, % of exports of goods, services and primary income)",DT.TDS.DPPF.XP.ZS,..,..,..,0.405348150147288,4.39361612653907,13.2264553297538,8.89320902918614,6.20627085469835,8.90194064740776,5.76888670627241,9.82739548304191,12.3661604365947,11.2452383330578,8.37866542022957,6.55590483807956,6.68325306746717,5.11823762491265,3.42954132143838,2.86439639153413,3.59684191445502,3.66530873361719,3.36529565903299,2.65740396217184,2.47626670244129,3.61441148880455,5.4096635654526,6.32985155002358,6.06252197855773,6.66158163329674,6.49851691410312,8.40577063122728
Kyrgyz Republic,KGZ,Employment in industry (% of total employment) (modeled ILO estimate),SL.IND.EMPL.ZS,..,26.5499992370605,22.5300006866455,21.3500003814697,19.3400001525879,16.7199993133545,14.5799999237061,13.5299997329712,13.0500001907349,11.5500001907349,10.4700002670288,10.3500003814697,11.9799995422363,15.0100002288818,17.5699996948242,17.5799999237061,19.3999996185303,20.2800006866455,20.6499996185303,20.9300003051758,21.0799999237061,21.3999996185303,21.7099990844727,20.2000007629395,20.4300003051758,20.8999996185303,22.0900001525879,23.1499996185303,24.6299991607666,25.3600006103516,..
Lao PDR,LAO,Access to electricity (% of population),EG.ELC.ACCS.ZS,..,..,..,31,25.6057929992676,25,31.2476997375488,34.0638961791992,36.8760108947754,39.6832847595215,42.4961395263672,45.2667083740234,46.2999992370605,48,53.542308807373,57.2000007629395,57.0410575866699,54.9599990844727,66,67.3593978881836,70.1499404907227,70,76.3666305541992,79.5762557983398,83.1340408325195,89.6999969482422,90.5495300292969,93.5999984741211,97.7971572875977,99.0920867919922,100
Lao PDR,LAO,"Annualized average growth rate in per capita real survey mean consumption or income, total population (%)",SI.SPR.PCAP.ZG,..,..,..,..,..,..,..,..,..,..,..,..,..,..,..,..,..,..,..,..,..,..,..,..,..,..,..,..,3.07,..,..
Lao PDR,LAO,Births attended by skilled health staff (% of total),SH.STA.BRTC.ZS,..,..,..,..,..,..,..,..,..,..,16.7,19.4,..,..,..,14.6,18.9,..,..,..,37,..,40.1,..,..,..,..,64.4,..,..,..
Lao PDR,LAO,Coverage of social insurance programs (% of population),per_si_allsi.cov_pop_tot,..,..,..,..,..,..,..,..,..,..,..,..,..,..,..,..,..,1.65252629846249,..,..,..,..,..,..,..,..,..,..,2.15922345728071,..,..
Lao PDR,LAO,"Debt service (PPG and IMF only, % of exports of goods, services and primary income)",DT.TDS.DPPF.XP.ZS,8.59852896749522,6.17754582425563,4.77797359719439,8.31442876792508,4.94734650988241,7.60201570789866,8.05872121896163,6.3378419212963,6.30722060630889,9.46839721659919,7.93557916065931,8.96835459152081,9.38373565745422,10.9046914167053,9.95866247952164,8.06070314466916,4.90925783204148,4.89242442094496,5.15959409740225,6.39452721345903,4.00705539797385,6.69247718423012,5.42857003022472,5.7842351397012,5.34389366114338,5.3856616303859,7.18657685278973,8.21036065433287,9.8745834845659,6.65490581886981,15.0614280243495
Lao PDR,LAO,Employment in industry (% of total employment) (modeled ILO estimate),SL.IND.EMPL.ZS,..,2.79999995231628,2.91000008583069,3.07999992370605,3.30999994277954,3.51999998092651,3.82999992370605,3.85999989509583,4.1399998664856,4.3899998664856,4.55999994277954,4.84000015258789,5.13000011444092,5.40000009536743,5.67999982833862,6.05000019073486,6.28999996185303,6.92999982833862,7.30000019073486,7.90000009536743,8.31999969482422,8.86999988555908,9.5600004196167,10.1599998474121,10.4399995803833,10.9899997711182,11.3500003814697,11.9300003051758,12.6499996185303,12.9399995803833,..
Late-demographic dividend,LTE,Access to electricity (% of population),EG.ELC.ACCS.ZS,..,..,..,..,..,..,..,..,..,..,95.6540880557837,96.286897417136,96.6499187400116,96.8781386080225,97.1121174697384,97.572363758292,98.2397423359068,97.9372797823225,98.2561273868455,97.9019214363559,98.3983674174885,98.6552228838437,98.7606031014138,98.9300637579697,98.9424852914751,98.8310681306428,99.1720921423574,99.2908957635843,99.3070055271163,99.3741150003138,99.4637185818077
Late-demographic dividend,LTE,"Annualized average growth rate in per capita real survey mean consumption or income, total population (%)",SI.SPR.PCAP.ZG,..,..,..,..,..,..,..,..,..,..,..,..,..,..,..,..,..,..,..,..,..,..,..,..,..,..,..,..,..,..,..
Late-demographic dividend,LTE,Births attended by skilled health staff (% of total),SH.STA.BRTC.ZS,90.07469074776,..,..,..,..,..,..,..,..,..,94.9579163896499,..,..,..,..,..,..,..,..,..,98.1150871621371,..,..,..,..,..,..,..,99.0074222499175,..,..
Late-demographic dividend,LTE,Coverage of social insurance programs (% of population),per_si_allsi.cov_pop_tot,..,..,..,..,..,..,..,..,..,..,..,..,..,..,..,..,..,..,..,..,..,..,..,..,..,..,..,..,..,..,..
Late-demographic dividend,LTE,"Debt service (PPG and IMF only, % of exports of goods, services and primary income)",DT.TDS.DPPF.XP.ZS,..,..,..,..,9.73254119182421,10.6745970630419,10.0724687725782,10.879122044311,11.933741699932,14.7807079647445,11.748282244517,10.8432837404876,11.753917089078,9.39826559257338,5.68374860621841,6.70119620845841,5.03845270808087,2.80425687879594,2.90199801089383,2.65991854072066,2.62436530448739,2.20944411723968,1.67252644614736,2.12494585093751,2.66709438012332,3.62359175443912,3.35959159251765,2.69942095258152,3.44835897605078,3.35374598752332,3.39698281305337
Late-demographic dividend,LTE,Employment in industry (% of total employment) (modeled ILO estimate),SL.IND.EMPL.ZS,..,23.0577566710412,23.0375803136449,23.4055171790344,23.3413478452466,23.4109069127376,23.660655721498,23.5806186485592,23.1990415441383,22.7993029184144,22.4737011458833,22.4126751598994,21.8886092428812,22.0933902808469,22.7750845997329,23.7026090143059,24.6995048921148,25.8467507256328,26.1597804031904,26.3778853090516,26.9305064788077,27.3759808242881,27.9514322800684,27.8053958809002,27.7799216007219,27.2942065366109,27.0661218217633,26.622896795477,26.7607946536534,26.2070453488503,..
Latin America & Caribbean,LCN,Access to electricity (% of population),EG.ELC.ACCS.ZS,..,..,88.7669837895831,89.3779454748923,90.2708931930876,88.6220962144588,89.577958629425,90.0327486923802,90.6467696366328,91.2559229087645,91.7391816680516,92.3537401501986,92.6556062488362,92.7475831884224,93.2347929495631,93.5650493982208,94.27758975866,94.5023337513219,95.2364413625673,95.3834203479418,95.8559291449332,96.1815745221752,96.5612720699835,96.840618246021,97.0305044116237,97.2813358903912,97.4839542523825,97.7351044734811,97.8022655062656,98.0940252889238,98.5161272840617
Latin America & Caribbean,LCN,"Annualized average growth rate in per capita real survey mean consumption or income, total population (%)",SI.SPR.PCAP.ZG,..,..,..,..,..,..,..,..,..,..,..,..,..,..,..,..,..,..,..,..,..,..,..,..,..,..,..,..,..,..,..
Latin America & Caribbean,LCN,Births attended by skilled health staff (% of total),SH.STA.BRTC.ZS,74.4119888917449,..,..,..,..,..,..,..,..,..,87.2120078481288,..,..,..,..,..,..,..,..,..,91.6278560566885,..,..,..,..,..,..,..,93.8387107874966,..,..
Latin America & Caribbean,LCN,Coverage of social insurance programs (% of population),per_si_allsi.cov_pop_tot,..,..,..,..,..,..,..,..,..,..,..,..,..,..,..,..,..,..,..,..,..,..,..,..,..,..,..,..,..,..,..
Latin America & Caribbean,LCN,"Debt service (PPG and IMF only, % of exports of goods, services and primary income)",DT.TDS.DPPF.XP.ZS,21.3614383073588,20.8210218868647,22.1255407568008,19.0037573720868,17.4718621207088,22.1826545742779,25.6596531028732,25.6559419523012,19.8493166105567,23.0532736785759,22.1731869268188,18.5810747743801,19.2582195512446,22.4241370202725,16.4108073858393,16.1481892868781,14.9301357244006,9.42778383948432,7.78732664075195,8.68225377490087,6.8465192393228,6.1745251912748,6.67397350660161,6.58514009118016,6.15400621266124,9.77261829221044,11.0225784335237,11.7120811832488,10.3816739167748,12.2792787168381,11.3806973165461
Latin America & Caribbean,LCN,Employment in industry (% of total employment) (modeled ILO estimate),SL.IND.EMPL.ZS,..,23.7596092184625,23.5673925987498,23.2661566078417,22.9863367430358,22.5967053870171,22.4159650084606,22.532895965941,22.3866932028521,21.9611873367035,21.9547418992273,21.4522889520657,21.3592315762617,21.1844603675883,21.3580421973809,21.4936491792182,21.7154171116995,22.173326514357,22.3173714019982,21.6560882224617,21.5961098254123,21.5143036380713,21.7212343859072,21.5921157189523,21.7334928772925,21.530787137665,21.0167853760841,20.7533156924396,20.5778098560377,20.3226852499871,..
Latin America & Caribbean (excluding high income),LAC,Access to electricity (% of population),EG.ELC.ACCS.ZS,..,..,87.9256260912872,88.5649861725276,89.5455326751226,87.7200321693934,88.8163257205362,89.2758532762315,89.9350590900268,90.5997304846202,91.1077703246152,91.7487276342734,92.0776403879884,92.308434879415,92.7364864555597,93.1066639753423,93.8094835923233,94.1168743525017,94.9207221590792,95.0355411741673,95.5581740158151,95.9161556296423,96.2966093390769,96.6218522275548,96.7643312731723,97.0478296986236,97.2921973137585,97.5890151640539,97.6121483776992,97.9268787211912,98.3859544190775
Latin America & Caribbean (excluding high income),LAC,"Annualized average growth rate in per capita real survey mean consumption or income, total population (%)",SI.SPR.PCAP.ZG,..,..,..,..,..,..,..,..,..,..,..,..,..,..,..,..,..,..,..,..,..,..,..,..,..,..,..,..,..,..,..
Latin America & Caribbean (excluding high income),LAC,Births attended by skilled health staff (% of total),SH.STA.BRTC.ZS,74.179990415532,..,..,..,..,..,..,..,..,..,86.4404368489721,..,..,..,..,..,..,..,..,..,90.9549896561991,..,..,..,..,..,..,..,93.3684027759116,..,..
Latin America & Caribbean (excluding high income),LAC,Coverage of social insurance programs (% of population),per_si_allsi.cov_pop_tot,..,..,..,..,..,..,..,..,..,..,..,..,..,..,..,..,..,..,..,..,..,..,..,..,..,..,..,..,..,..,..
Latin America & Caribbean (excluding high income),LAC,"Debt service (PPG and IMF only, % of exports of goods, services and primary income)",DT.TDS.DPPF.XP.ZS,21.6610140538877,21.8591772440758,23.253248708135,19.4219349769593,17.9988699893827,22.5022049377818,26.8892834069692,26.8107039175084,19.2565662542613,23.0371751884802,22.9666202667579,18.2487892912666,18.8671872833429,22.0179364408877,16.2427215817482,16.8510902641394,15.9121068491875,9.45726891862379,8.04518568854222,8.88768197272033,6.96486742388763,6.14688642635334,6.79013172558644,6.4787849195175,5.8974111519267,9.28507963501975,11.0198636591914,11.8679359499415,10.5420465290849,12.4747716576433,11.3412740759451
Latin America & Caribbean (excluding high income),LAC,Employment in industry (% of total employment) (modeled ILO estimate),SL.IND.EMPL.ZS,..,23.6105062354017,23.3480483446618,23.0092547330345,22.8766814352766,22.4524731942137,22.3015541805422,22.3323311853508,22.1914183829602,21.8815742186319,21.8788173565827,21.3531334931115,21.3410364353749,21.204082488321,21.3610812117015,21.5157193460467,21.6628493177714,22.1034080858319,22.2780531821747,21.5969537078218,21.5742567523671,21.4849103556039,21.6948560232188,21.5492824561875,21.7575651584858,21.5999408315053,21.0983578037678,20.8644009338218,20.7280535936942,20.4980580438725,..
Latin America & Caribbean (IDA & IBRD),TLA,Access to electricity (% of population),EG.ELC.ACCS.ZS,..,..,88.6398844090089,89.2602247988431,90.1637370724524,88.5067971320368,89.472929511866,89.9329759898297,90.554111940835,91.1702929386272,91.5455917954751,92.1969438788144,92.5254620472455,92.5999692253073,93.1005857269523,93.4393824629586,94.1717007446931,94.4014925304704,95.15507918015,95.3039558769349,95.7884833296222,96.1193050542958,96.506706161557,96.7896316024932,96.9807365163084,97.2340498652163,97.4376465731877,97.6908695790534,97.7554200036585,98.0499073446023,98.4791599864673
Latin America & Caribbean (IDA & IBRD),TLA,"Annualized average growth rate in per capita real survey mean consumption or income, total population (%)",SI.SPR.PCAP.ZG,..,..,..,..,..,..,..,..,..,..,..,..,..,..,..,..,..,..,..,..,..,..,..,..,..,..,..,..,..,..,..
Latin America & Caribbean (IDA & IBRD),TLA,Births attended by skilled health staff (% of total),SH.STA.BRTC.ZS,73.9490944119305,..,..,..,..,..,..,..,..,..,87.0380937094215,..,..,..,..,..,..,..,..,..,91.5236841074104,..,..,..,..,..,..,..,93.7668002325284,..,..
Latin America & Caribbean (IDA & IBRD),TLA,Coverage of social insurance programs (% of population),per_si_allsi.cov_pop_tot,..,..,..,..,..,..,..,..,..,..,..,..,..,..,..,..,..,..,..,..,..,..,..,..,..,..,..,..,..,..,..
Latin America & Caribbean (IDA & IBRD),TLA,"Debt service (PPG and IMF only, % of exports of goods, services and primary income)",DT.TDS.DPPF.XP.ZS,21.3614383073588,20.8210218868647,22.1255407568008,19.0037573720868,17.4718621207088,22.1826545742779,25.6596531028732,25.6559419523012,19.8493166105567,23.0532736785759,22.1731869268188,18.5810747743801,19.2582195512446,22.4241370202725,16.4108073858393,16.1481892868781,14.9301357244006,9.42778383948432,7.78732664075195,8.68225377490087,6.8465192393228,6.1745251912748,6.67397350660161,6.58514009118016,6.15400621266124,9.77261829221044,11.0225784335237,11.7120811832488,10.3816739167748,12.2792787168381,11.3806973165461
Latin America & Caribbean (IDA & IBRD),TLA,Employment in industry (% of total employment) (modeled ILO estimate),SL.IND.EMPL.ZS,..,23.6270145297172,23.4409294370869,23.1715239354278,22.9324580127329,22.595880084843,22.4168303988118,22.5371341456018,22.4311945931164,22.0276434063888,22.0208398810997,21.5135894734219,21.434971940823,21.2631945155973,21.4441946987139,21.5833895404972,21.8071427633962,22.2805036888824,22.4311529339432,21.7646864632884,21.7100722240042,21.6244057610272,21.7961795505912,21.7027417964709,21.8535684581829,21.6434379744983,21.1184169173225,20.8499824979074,20.6682830610357,20.4073236152779,..
Latvia,LVA,Access to electricity (% of population),EG.ELC.ACCS.ZS,100,100,100,100,100,100,100,100,100,100,100,100,100,100,100,100,100,100,100,100,100,100,100,100,100,100,100,100,100,100,100
Latvia,LVA,"Annualized average growth rate in per capita real survey mean consumption or income, total population (%)",SI.SPR.PCAP.ZG,..,..,..,..,..,..,..,..,..,..,..,..,..,..,..,..,..,..,..,..,..,..,..,..,..,..,..,..,..,6.71,..
Latvia,LVA,Births attended by skilled health staff (% of total),SH.STA.BRTC.ZS,100,100,100,100,100,100,100,100,100,100,100,99,100,99,100,100,100,99.4,99.1,98.9,98.8,98.6,98.6,98.4,98.1,99.9,99.9,99.9,..,..,..
Latvia,LVA,Coverage of social insurance programs (% of population),per_si_allsi.cov_pop_tot,..,..,..,..,..,..,..,..,..,..,..,..,..,..,..,..,..,..,52.4433570024829,45.7237457396669,..,..,..,..,..,..,..,..,..,..,..
Latvia,LVA,"Debt service (PPG and IMF only, % of exports of goods, services and primary income)",DT.TDS.DPPF.XP.ZS,..,..,..,..,..,..,..,..,..,..,..,..,..,..,..,..,..,..,..,..,..,..,..,..,..,..,..,..,..,..,..
Latvia,LVA,Employment in industry (% of total employment) (modeled ILO estimate),SL.IND.EMPL.ZS,..,30.7299995422363,29.1599998474121,28.2000007629395,28.1499996185303,27.6399993896484,27.25,25.8299999237061,27.0499992370605,25.7600002288818,26.7600002288818,26.2700004577637,25.5400009155273,27.0699996948242,26.9400005340576,26.4799995422363,27.3700008392334,28.6299991607666,29.3999996185303,24.3400001525879,23.0699996948242,22.9099998474121,23.4799995422363,23.9200000762939,23.8500003814697,23.6499996185303,24.1100006103516,23.3099994659424,23.6599998474121,23.7199993133545,..
Least developed countries: UN classification,LDC,Access to electricity (% of population),EG.ELC.ACCS.ZS,..,..,..,..,..,..,..,..,..,..,20.0751191549465,20.8913199082663,22.9113736154831,24.4036585824387,25.0303842836556,26.2055037369201,28.8460572857294,29.5784576385991,30.8661327706677,32.5119587662897,33.0881755132663,34.8124077044345,38.2963875067201,38.3772135407499,39.618098971667,42.5340263288604,46.4522752203525,50.3420612549504,52.1893993583102,52.9290034230591,54.6963805479401
Least developed countries: UN classification,LDC,"Annualized average growth rate in per capita real survey mean consumption or income, total population (%)",SI.SPR.PCAP.ZG,..,..,..,..,..,..,..,..,..,..,..,..,..,..,..,..,..,..,..,..,..,..,..,..,..,..,..,..,..,..,..
Least developed countries: UN classification,LDC,Births attended by skilled health staff (% of total),SH.STA.BRTC.ZS,..,..,..,..,..,..,..,..,..,..,30.1432556836471,..,..,..,..,..,..,..,..,..,45.4773010581097,..,..,..,..,..,..,..,61.3281880191363,..,..
Least developed countries: UN classification,LDC,Coverage of social insurance programs (% of population),per_si_allsi.cov_pop_tot,..,..,..,..,..,..,..,..,..,..,..,..,..,..,..,..,..,..,..,..,..,..,..,..,..,..,..,..,..,..,..
Least developed countries: UN classification,LDC,"Debt service (PPG and IMF only, % of exports of goods, services and primary income)",DT.TDS.DPPF.XP.ZS,17.5558995270776,18.3814282608156,12.2268115408847,11.7771801344778,12.2209129212624,13.8299899013949,14.5332374725007,13.2411862224882,15.7598536392574,13.8705287161458,12.4764242570636,13.4745866855662,9.75219272935299,9.90457913454327,9.02622697190178,7.06723213914589,7.00808706560755,6.28309797540634,3.5309703630931,5.39898302818067,3.55154057157146,3.50598800877637,4.56634764598907,5.57599135013361,6.04414782427928,7.45938829067436,9.41350984792847,8.10104288737803,8.34634083623438,9.96694160109707,10.2497318156996
Least developed countries: UN classification,LDC,Employment in industry (% of total employment) (modeled ILO estimate),SL.IND.EMPL.ZS,..,8.44101586497166,8.33716543452891,8.22988846544067,8.08801572317116,8.07485378704479,8.06724709175694,8.19857840831322,8.32602290625212,8.46438866880967,8.61880693770074,8.83404672197431,9.06664906095304,9.31677046181751,9.53100598538712,9.79203052494216,10.101816833689,10.3671381164262,10.6310430645509,10.90984149605,11.245691220203,11.4468117388668,11.7277247100148,11.9450261785959,12.2420755633662,12.365920094125,12.3923019561232,12.4298738449648,12.5912954932033,12.6513951704892,..
Lebanon,LBN,Access to electricity (% of population),EG.ELC.ACCS.ZS,..,..,..,..,..,..,..,..,..,..,99.3515930175781,99.346565246582,99.3339538574219,99.3161087036133,99.9000015258789,99.2741088867188,99.3838195800781,97.8000030517578,99.9000015258789,99.234489440918,99.4744110107422,99.6840133666992,99.5067596435547,99.4955139160156,99.4823226928711,99.5831756591797,99.7256240844727,99.8798294067383,99.6999969482422,99.9748687744141,100
Lebanon,LBN,"Annualized average growth rate in per capita real survey mean consumption or income, total population (%)",SI.SPR.PCAP.ZG,..,..,..,..,..,..,..,..,..,..,..,..,..,..,..,..,..,..,..,..,..,..,..,..,..,..,..,..,..,..,..
Lebanon,LBN,Births attended by skilled health staff (% of total),SH.STA.BRTC.ZS,..,..,..,..,..,..,89,..,..,..,99.9,..,..,..,98.2,..,..,..,..,..,..,..,..,..,..,..,..,..,..,..,..
Lebanon,LBN,Coverage of social insurance programs (% of population),per_si_allsi.cov_pop_tot,..,..,..,..,..,..,..,..,..,..,..,..,..,..,53.6608828693245,..,..,..,..,..,..,..,..,..,..,..,..,..,..,..,..
Lebanon,LBN,"Debt service (PPG and IMF only, % of exports of goods, services and primary income)",DT.TDS.DPPF.XP.ZS,..,..,..,..,..,..,..,..,..,..,..,..,28.8384976095013,23.3677818431758,31.5499783396254,20.7506410739166,23.8860811868952,21.5360232162318,17.1811424723479,19.6283666071053,17.6069268239252,21.0058165424884,17.6249553940751,15.576077323149,18.531508400936,17.9068121285831,20.3551378939086,21.7126205423396,21.5666617233206,23.7848996195216,3.51608377748699
Lebanon,LBN,Employment in industry (% of total employment) (modeled ILO estimate),SL.IND.EMPL.ZS,..,24.3600006103516,24.8700008392334,25.2000007629395,25.2900009155273,25.3799991607666,25.3400001525879,24.9400005340576,25,24.6499996185303,24.4300003051758,24.3799991607666,24.2700004577637,24.2099990844727,24.5599994659424,24.4799995422363,24.3899993896484,25.0300006866455,25.5400009155273,26.2000007629395,26.2800006866455,26.1299991607666,26.0100002288818,26.1200008392334,25.8299999237061,25.3299999237061,25.0599994659424,24.7000007629395,24.2399997711182,23.5900001525879,..
Lesotho,LSO,Access to electricity (% of population),EG.ELC.ACCS.ZS,..,..,..,..,..,..,..,..,..,..,4.25875997543335,1.25226926803589,3.36165857315063,5.46581268310547,6.80000019073486,9.66781139373779,9.69999980926514,13.8775405883789,15.9918966293335,17,17,22.4054412841797,20.5599994659424,26.7660140991211,27.7999992370605,31.6773338317871,35.071590423584,33.7000007629395,47,44.5002098083496,47.3527374267578
Lesotho,LSO,"Annualized average growth rate in per capita real survey mean consumption or income, total population (%)",SI.SPR.PCAP.ZG,..,..,..,..,..,..,..,..,..,..,..,..,..,..,..,..,..,..,..,..,..,..,..,..,..,..,..,..,..,..,..
Lesotho,LSO,Births attended by skilled health staff (% of total),SH.STA.BRTC.ZS,..,..,..,60.9,37.6,..,..,..,..,..,48.1,..,..,..,55.4,55.4,..,..,..,61.5,..,..,..,..,77.9,..,..,..,86.6,..,..
Lesotho,LSO,Coverage of social insurance programs (% of population),per_si_allsi.cov_pop_tot,..,..,..,..,..,..,..,..,..,..,..,..,..,..,..,..,..,..,..,..,..,..,..,..,..,..,..,1.160380266,..,..,..
Lesotho,LSO,"Debt service (PPG and IMF only, % of exports of goods, services and primary income)",DT.TDS.DPPF.XP.ZS,4.15966988545244,4.47328433940095,5.18913123358132,5.27385507656356,5.36712197154274,6.0645000914516,5.55996553692832,6.50338690850176,8.5169421124082,10.1192968479073,7.47327215544411,8.14670234518429,7.72955634544963,5.4555974663409,3.66056416530727,5.70195074704916,3.04488114333505,5.90461718764834,2.23142049163033,2.59596002350365,2.09216952745051,2.09085359667524,2.44042763656672,2.93882139882607,3.0870269245678,3.68770793446756,3.89256115777749,3.33694060427079,3.73666594201616,4.44975818343629,5.15806266523957
Lesotho,LSO,Employment in industry (% of total employment) (modeled ILO estimate),SL.IND.EMPL.ZS,..,12.9700002670288,12.9899997711182,13.0200004577637,13.0100002288818,13.0100002288818,13.0299997329712,13.0500001907349,13.039999961853,13,13.0600004196167,13.289999961853,13.460000038147,13.4300003051758,13.5100002288818,13.460000038147,13.6099996566772,13.6000003814697,13.6599998474121,13.5900001525879,13.5100002288818,13.5699996948242,13.5699996948242,13.5900001525879,13.6400003433228,13.7299995422363,13.6999998092651,13.5100002288818,13.4399995803833,13.3100004196167,..
Liberia,LBR,Access to electricity (% of population),EG.ELC.ACCS.ZS,..,..,..,..,..,..,..,..,..,..,..,..,..,..,..,..,..,3,1.27928960323334,1.89999997615814,5.16266441345215,4.09999990463257,9.10747241973877,9.80000019073486,9.39999961853027,15.161735534668,17.7000007629395,24.2000007629395,22.8791332244873,23.1000003814697,27.5347099304199
Liberia,LBR,"Annualized average growth rate in per capita real survey mean consumption or income, total population (%)",SI.SPR.PCAP.ZG,..,..,..,..,..,..,..,..,..,..,..,..,..,..,..,..,..,..,..,..,..,..,..,..,..,..,..,..,..,..,..
Liberia,LBR,Births attended by skilled health staff (% of total),SH.STA.BRTC.ZS,..,..,..,..,..,..,..,..,..,..,50.9,..,..,..,..,..,..,46.3,..,..,..,..,..,61.1,..,..,..,..,..,..,84.4
Liberia,LBR,Coverage of social insurance programs (% of population),per_si_allsi.cov_pop_tot,..,..,..,..,..,..,..,..,..,..,..,..,..,..,..,..,..,0.7516148383,..,..,..,..,..,..,..,..,0.4964287682,..,..,..,..
Liberia,LBR,"Debt service (PPG and IMF only, % of exports of goods, services and primary income)",DT.TDS.DPPF.XP.ZS,..,..,..,..,..,..,..,..,..,..,..,..,..,..,0.431179349436464,0.519694451413844,0.411316797187544,114.386759324615,119.680066158754,5.81178084488622,1.70997861340934,0.746069405439398,1.17284409501421,0.937120230886139,2.39825869845501,7.9253062664569,1.20138522585248,1.74239653385406,2.80245978901414,5.52056128453745,9.64837905089899
Liberia,LBR,Employment in industry (% of total employment) (modeled ILO estimate),SL.IND.EMPL.ZS,..,12.1700000762939,11.5600004196167,10.9899997711182,10.4899997711182,10.039999961853,9.78999996185303,9.9399995803833,10.1499996185303,10.3900003433228,10.6499996185303,10.9399995803833,11,10.8800001144409,10.8599996566772,10.8199996948242,10.8100004196167,10.789999961853,10.7700004577637,10.7700004577637,10.789999961853,10.8100004196167,10.8199996948242,10.8100004196167,10.75,10.6400003433228,10.4799995422363,10.3900003433228,10.2799997329712,10.1499996185303,..
Libya,LBY,Access to electricity (% of population),EG.ELC.ACCS.ZS,..,..,..,..,..,..,..,..,..,..,99.8000030517578,97.1470565795898,95.4233703613281,93.6944427490234,91.9626388549805,90.2302856445313,88.4998168945313,86.7738647460938,85.0551376342773,83.3463592529297,81.6502227783203,79.9694519042969,78.3067474365234,76.6638717651367,75.0388031005859,73.4285736083984,71.8302230834961,70.2407684326172,67,68.6424026489258,69.7073516845703
Libya,LBY,"Annualized average growth rate in per capita real survey mean consumption or income, total population (%)",SI.SPR.PCAP.ZG,..,..,..,..,..,..,..,..,..,..,..,..,..,..,..,..,..,..,..,..,..,..,..,..,..,..,..,..,..,..,..
Libya,LBY,Births attended by skilled health staff (% of total),SH.STA.BRTC.ZS,..,..,..,..,..,94.4,..,..,..,99,..,..,..,..,..,..,..,98.3,99.8,..,99.9,99.9,99.9,99.9,..,..,..,..,..,..,..
Libya,LBY,Coverage of social insurance programs (% of population),per_si_allsi.cov_pop_tot,..,..,..,..,..,..,..,..,..,..,..,..,..,..,..,..,..,..,..,..,..,..,..,..,..,..,..,..,..,..,..
Libya,LBY,"Debt service (PPG and IMF only, % of exports of goods, services and primary income)",DT.TDS.DPPF.XP.ZS,..,..,..,..,..,..,..,..,..,..,..,..,..,..,..,..,..,..,..,..,..,..,..,..,..,..,..,..,..,..,..
Libya,LBY,Employment in industry (% of total employment) (modeled ILO estimate),SL.IND.EMPL.ZS,..,27.6900005340576,27.4599990844727,27.4699993133545,27.4099998474121,26.8600006103516,26.8700008392334,26.7000007629395,26.3899993896484,26.8199996948242,27,26.6499996185303,26.6900005340576,27.4699993133545,27.5900001525879,28.4099998474121,28.7900009155273,29.0599994659424,29.4899997711182,29.5699996948242,29.4799995422363,27.75,26.8299999237061,25.25,23.8199996948242,22.8799991607666,22.4400005340576,23.6200008392334,24.3899993896484,24.4300003051758,..
Liechtenstein,LIE,Access to electricity (% of population),EG.ELC.ACCS.ZS,100,100,100,100,100,100,100,100,100,100,100,100,100,100,100,100,100,100,100,100,100,100,100,100,100,100,100,100,100,100,100
Liechtenstein,LIE,"Annualized average growth rate in per capita real survey mean consumption or income, total population (%)",SI.SPR.PCAP.ZG,..,..,..,..,..,..,..,..,..,..,..,..,..,..,..,..,..,..,..,..,..,..,..,..,..,..,..,..,..,..,..
Liechtenstein,LIE,Births attended by skilled health staff (% of total),SH.STA.BRTC.ZS,..,..,..,..,..,..,..,..,..,..,..,..,..,..,..,..,..,..,..,..,..,..,..,..,..,..,..,..,..,..,..
Liechtenstein,LIE,Coverage of social insurance programs (% of population),per_si_allsi.cov_pop_tot,..,..,..,..,..,..,..,..,..,..,..,..,..,..,..,..,..,..,..,..,..,..,..,..,..,..,..,..,..,..,..
Liechtenstein,LIE,"Debt service (PPG and IMF only, % of exports of goods, services and primary income)",DT.TDS.DPPF.XP.ZS,..,..,..,..,..,..,..,..,..,..,..,..,..,..,..,..,..,..,..,..,..,..,..,..,..,..,..,..,..,..,..
Liechtenstein,LIE,Employment in industry (% of total employment) (modeled ILO estimate),SL.IND.EMPL.ZS,..,..,..,..,..,..,..,..,..,..,..,..,..,..,..,..,..,..,..,..,..,..,..,..,..,..,..,..,..,..,..
Lithuania,LTU,Access to electricity (% of population),EG.ELC.ACCS.ZS,100,100,100,100,100,100,100,100,100,100,100,100,100,100,100,100,100,100,100,100,100,100,100,100,100,100,100,100,100,100,100
Lithuania,LTU,"Annualized average growth rate in per capita real survey mean consumption or income, total population (%)",SI.SPR.PCAP.ZG,..,..,..,..,..,..,..,..,..,..,..,..,..,..,..,..,..,..,..,..,..,..,..,..,..,..,..,..,..,8.2,..
Lithuania,LTU,Births attended by skilled health staff (% of total),SH.STA.BRTC.ZS,100,100,100,100,100,100,100,100,100,100,100,100,100,100,100,100,100,100,100,100,100,100,100,100,100,..,..,..,..,..,..
Lithuania,LTU,Coverage of social insurance programs (% of population),per_si_allsi.cov_pop_tot,..,..,..,..,..,..,..,..,..,..,..,..,..,..,..,..,..,..,45.03507583,..,..,..,..,..,..,..,..,..,..,..,..
Lithuania,LTU,"Debt service (PPG and IMF only, % of exports of goods, services and primary income)",DT.TDS.DPPF.XP.ZS,..,..,..,..,..,..,..,..,..,..,..,..,..,..,..,..,..,..,..,..,..,..,..,..,..,..,..,..,..,..,..
Lithuania,LTU,Employment in industry (% of total employment) (modeled ILO estimate),SL.IND.EMPL.ZS,..,30.5499992370605,29.4500007629395,28.7900009155273,28.3199996948242,28.2199993133545,28.1100006103516,28.5200004577637,29.0699996948242,27.0699996948242,26.7800006866455,26.6399993896484,27.3700008392334,27.2399997711182,28.2000007629395,29.0599994659424,29.5699996948242,30.5499992370605,30.5200004577637,26.8500003814697,24.5599994659424,24.5599994659424,25.0799999237061,25.5300006866455,24.7199993133545,25.0699996948242,25.1399993896484,25.1299991607666,25.7700004577637,25.7000007629395,..
Low & middle income,LMY,Access to electricity (% of population),EG.ELC.ACCS.ZS,..,..,..,..,..,..,..,..,..,..,73.4068284457657,73.015304942231,74.8343515890205,75.6074751211131,75.8898884310676,76.5206156647717,77.4013137120554,78.0264538255958,78.8059241617813,79.2891864292257,79.7637911764725,78.5182431211802,81.6412882651698,82.2662257147907,82.7709616746405,83.9572952097615,85.2726749370657,86.3642795240059,87.5384380254981,88.0860238243696,88.7055286987189
Low & middle income,LMY,"Annualized average growth rate in per capita real survey mean consumption or income, total population (%)",SI.SPR.PCAP.ZG,..,..,..,..,..,..,..,..,..,..,..,..,..,..,..,..,..,..,..,..,..,..,..,..,..,..,..,..,..,..,..
Low & middle income,LMY,Births attended by skilled health staff (% of total),SH.STA.BRTC.ZS,..,..,..,..,..,..,..,..,..,..,58.6037065016916,..,..,..,..,..,..,..,..,..,67.2049249977941,..,..,..,..,..,..,..,79.2179710527951,..,..
Low & middle income,LMY,Coverage of social insurance programs (% of population),per_si_allsi.cov_pop_tot,..,..,..,..,..,..,..,..,..,..,..,..,..,..,..,..,..,..,..,..,..,..,..,..,..,..,..,..,..,..,..
Low & middle income,LMY,"Debt service (PPG and IMF only, % of exports of goods, services and primary income)",DT.TDS.DPPF.XP.ZS,20.5188310725391,19.4526988577354,17.673123354233,15.955122224222,13.5589278671806,14.8108583977409,15.0862835378315,15.2759121489116,13.7399901671254,15.0683077881636,13.6890736031091,12.9969221145235,12.7970742688092,11.5440082889581,8.17069721691799,8.40705459068487,7.48100614671279,4.26284240633759,3.91032800518785,4.04409942865611,3.52233693399116,2.9463800167141,2.88662928064947,3.18899092828675,3.67818529380105,4.79914206717112,5.05541662360455,4.49713371484104,4.91932242195407,5.14581349041605,5.44553822225362
Low & middle income,LMY,Employment in industry (% of total employment) (modeled ILO estimate),SL.IND.EMPL.ZS,..,19.4470535140089,19.4294659301494,19.5916271164047,19.6727811567969,19.615239937016,19.7279243023599,19.6636288480753,19.402527783465,19.2325030342262,19.0759038113115,19.0854682734695,18.8441056436422,19.0155938321309,19.5024406497464,20.1040672912688,20.7396993352491,21.4453114877158,21.5914656017404,21.7847662966133,22.2481946003377,22.7228703202912,23.3105462364967,23.2595686412035,23.3438853228197,23.1712460644859,23.0426274792979,22.8688583060368,22.9670154392093,22.679013354609,..
Low income,LIC,Access to electricity (% of population),EG.ELC.ACCS.ZS,..,..,..,..,..,..,..,..,..,..,15.6125861221119,16.3165991202175,16.9688035890561,18.7148751733386,19.6150457495917,19.4828085059358,21.5583763588486,23.2160882577837,23.1142541451359,24.5818867900176,26.0984898359115,26.7625744502807,29.7093822781639,30.7303087589889,32.1871838496715,32.0544916275416,37.233143065048,38.8767763861764,40.5490839955387,41.4766654177545,42.988145215162
Low income,LIC,"Annualized average growth rate in per capita real survey mean consumption or income, total population (%)",SI.SPR.PCAP.ZG,..,..,..,..,..,..,..,..,..,..,..,..,..,..,..,..,..,..,..,..,..,..,..,..,..,..,..,..,..,..,..
Low income,LIC,Births attended by skilled health staff (% of total),SH.STA.BRTC.ZS,..,..,..,..,..,..,..,..,..,..,32.4817757827699,..,..,..,..,..,..,..,..,..,48.084820475935,..,..,..,..,..,..,..,62.9568122006285,..,..
Low income,LIC,Coverage of social insurance programs (% of population),per_si_allsi.cov_pop_tot,..,..,..,..,..,..,..,..,..,..,..,..,..,..,..,..,..,..,..,..,..,..,..,..,..,..,..,..,..,..,..
Low income,LIC,"Debt service (PPG and IMF only, % of exports of goods, services and primary income)",DT.TDS.DPPF.XP.ZS,..,..,..,..,..,..,..,..,..,..,..,..,..,..,..,6.26586137466899,4.86908069890662,5.07103939676664,4.53263405288015,4.23168203371517,2.83878522959004,2.80971971709232,2.97997846830643,3.48795684622059,3.95629555914914,6.69230253708843,6.62424845751296,6.0671033894851,6.16266497758736,8.90058265828451,8.60264865764729
Low income,LIC,Employment in industry (% of total employment) (modeled ILO estimate),SL.IND.EMPL.ZS,..,10.1526189740083,10.0059800153136,9.83968924642181,9.72527007390155,9.64037996402236,9.49583913313693,9.2911193285907,9.17886911027852,9.15977546403451,9.01377428576604,8.9826581185936,9.00974311924485,9.03990203210836,9.02887083664467,9.12505751767057,9.24093218354166,9.36849589736196,9.57314964802072,9.76249386676484,9.95687589030749,10.1064559940576,10.2568498115903,10.3069454866371,10.4085639756199,10.3802912172876,10.3521218588725,10.3498188832835,10.2598589362451,10.2957618724156,..
Lower middle income,LMC,Access to electricity (% of population),EG.ELC.ACCS.ZS,..,..,..,49.9840134445,50.6549577427664,52.1007588756822,53.9990986935913,56.9080645310723,59.1524891715545,61.760649616665,62.4572253477603,61.4051494975808,64.9728662754851,66.3599764344588,66.8518630666331,68.2020310828331,69.7120422866445,70.9832037690919,72.5724052990462,73.7808017933631,74.3371747969462,71.8659548995431,77.5606284166019,78.7468548236515,79.6298401401201,82.3722521315214,83.9196953265731,85.8600383830672,88.0468832451158,89.0598996805966,90.1148576430344
Lower middle income,LMC,"Annualized average growth rate in per capita real survey mean consumption or income, total population (%)",SI.SPR.PCAP.ZG,..,..,..,..,..,..,..,..,..,..,..,..,..,..,..,..,..,..,..,..,..,..,..,..,..,..,..,..,..,..,..
Lower middle income,LMC,Births attended by skilled health staff (% of total),SH.STA.BRTC.ZS,..,..,..,..,..,..,..,..,..,..,45.9118942005171,..,..,..,..,..,..,..,..,..,57.9530059516505,..,..,..,..,..,..,..,75.1134821254436,..,..
Lower middle income,LMC,Coverage of social insurance programs (% of population),per_si_allsi.cov_pop_tot,..,..,..,..,..,..,..,..,..,..,..,..,..,..,..,..,..,..,..,..,..,..,..,..,..,..,..,..,..,..,..
Lower middle income,LMC,"Debt service (PPG and IMF only, % of exports of goods, services and primary income)",DT.TDS.DPPF.XP.ZS,24.4658719570239,23.8525343045164,19.5688533578062,18.8610093718745,18.9769142982249,19.707523661497,17.9492381411695,15.5604670718758,14.62591145533,15.0243049457293,12.6844004510799,13.1354341246071,13.6216585287131,13.877570767969,10.5278887514257,9.80615854947782,9.42403296776429,5.54998245906773,4.70282204348585,5.31160011144277,4.39320186496771,3.67325450454957,3.95061146350986,4.8921597581981,6.05222058235705,6.14723857255147,6.76077023455971,5.91740412594342,6.18974170434836,6.61655867898958,8.13333218449827
Lower middle income,LMC,Employment in industry (% of total employment) (modeled ILO estimate),SL.IND.EMPL.ZS,..,15.6777893362054,15.6092132375975,15.6771094092167,16.0173093998051,15.9358431126474,16.0116195117054,16.05119549453,15.9165312987768,16.0273254132862,16.0764016075345,16.4051407910256,16.5769857591322,16.8600535320785,17.3215321243916,17.7518896032873,18.1808539117843,18.5774079922017,18.7137954284698,19.0899486812229,19.5323654680248,20.1505532451003,20.9021128029799,20.9859731346111,21.2003008716648,21.4568100007003,21.61809589204,21.8430967006087,22.0573339318377,22.1879024525469,..
Luxembourg,LUX,Access to electricity (% of population),EG.ELC.ACCS.ZS,100,100,100,100,100,100,100,100,100,100,100,100,100,100,100,100,100,100,100,100,100,100,100,100,100,100,100,100,100,100,100
Luxembourg,LUX,"Annualized average growth rate in per capita real survey mean consumption or income, total population (%)",SI.SPR.PCAP.ZG,..,..,..,..,..,..,..,..,..,..,..,..,..,..,..,..,..,..,..,..,..,..,..,..,..,..,..,..,..,1.34,..
Luxembourg,LUX,Births attended by skilled health staff (% of total),SH.STA.BRTC.ZS,..,..,..,..,..,..,..,..,..,..,..,..,99.9,99.9,..,..,..,..,..,99.9,..,..,..,..,..,..,..,..,..,..,..
Luxembourg,LUX,Coverage of social insurance programs (% of population),per_si_allsi.cov_pop_tot,..,..,..,..,..,..,..,..,..,..,..,..,..,..,..,..,..,..,..,..,..,..,..,..,..,..,..,..,..,..,..
Luxembourg,LUX,"Debt service (PPG and IMF only, % of exports of goods, services and primary income)",DT.TDS.DPPF.XP.ZS,..,..,..,..,..,..,..,..,..,..,..,..,..,..,..,..,..,..,..,..,..,..,..,..,..,..,..,..,..,..,..
Luxembourg,LUX,Employment in industry (% of total employment) (modeled ILO estimate),SL.IND.EMPL.ZS,..,27.1100006103516,26.5900001525879,26.4200000762939,26.9799995422363,25.2600002288818,22.9400005340576,23.3199996948242,21.6100006103516,21.9799995422363,20.7900009155273,21.4300003051758,20.0900001525879,19.2900009155273,18.8500003814697,17.2999992370605,16.6900005340576,16.9200000762939,15.2799997329712,12.9099998474121,13.3500003814697,13.3599996566772,12.6700000762939,12.039999961853,10.9799995422363,12.5200004577637,12.0500001907349,10.7600002288818,11.75,10.8100004196167,..
"Macao SAR, China",MAC,Access to electricity (% of population),EG.ELC.ACCS.ZS,99.8492813110352,99.8805847167969,99.9114303588867,99.9416198730469,100,100,100,100,100,100,100,100,100,100,100,100,100,100,100,100,100,100,100,100,100,100,100,100,100,100,100
"Macao SAR, China",MAC,"Annualized average growth rate in per capita real survey mean consumption or income, total population (%)",SI.SPR.PCAP.ZG,..,..,..,..,..,..,..,..,..,..,..,..,..,..,..,..,..,..,..,..,..,..,..,..,..,..,..,..,..,..,..
"Macao SAR, China",MAC,Births attended by skilled health staff (% of total),SH.STA.BRTC.ZS,..,..,..,..,..,..,..,..,..,..,..,..,..,..,100,..,..,..,..,..,..,..,..,..,..,..,..,..,..,..,..
"Macao SAR, China",MAC,Coverage of social insurance programs (% of population),per_si_allsi.cov_pop_tot,..,..,..,..,..,..,..,..,..,..,..,..,..,..,..,..,..,..,..,..,..,..,..,..,..,..,..,..,..,..,..
"Macao SAR, China",MAC,"Debt service (PPG and IMF only, % of exports of goods, services and primary income)",DT.TDS.DPPF.XP.ZS,..,..,..,..,..,..,..,..,..,..,..,..,..,..,..,..,..,..,..,..,..,..,..,..,..,..,..,..,..,..,..
"Macao SAR, China",MAC,Employment in industry (% of total employment) (modeled ILO estimate),SL.IND.EMPL.ZS,..,38.0499992370605,37.4099998474121,36.6399993896484,35.7900009155273,34.8600006103516,33.8199996948242,32.9799995422363,32.0400009155273,30.4799995422363,28.0499992370605,30.4599990844727,28.4400005340576,26.8600006103516,25.1399993896484,24.9099998474121,23.0300006866455,18.0200004577637,19.6900005340576,15.6800003051758,13.6700000762939,12.8599996566772,12.8000001907349,12.6400003433228,15.6599998474121,15.8000001907349,13.6700000762939,10.5699996948242,9.97999954223633,9.65999984741211,..
Madagascar,MDG,Access to electricity (% of population),EG.ELC.ACCS.ZS,..,..,9.2,10.1056232452393,10.5616483688354,11.0156345367432,11.4669008255005,10.9,12.3585548400879,12.7975006103516,12.7241897583008,14.8000001907349,14.0465755462646,20.2999992370605,15.3480186462402,15.9967613220215,16.6473751068115,17.30251121521,17.964879989624,17.3999996185303,12.3000001907349,14.3000001907349,18.7000007629395,12.8999996185303,22.2350730895996,23.0059337615967,22.8999996185303,24.1000003814697,36.5,31.0400009155273,33.7350769042969
Madagascar,MDG,"Annualized average growth rate in per capita real survey mean consumption or income, total population (%)",SI.SPR.PCAP.ZG,..,..,..,..,..,..,..,..,..,..,..,..,..,..,..,..,..,..,..,..,..,..,-2.27,..,..,..,..,..,..,..,..
Madagascar,MDG,Births attended by skilled health staff (% of total),SH.STA.BRTC.ZS,..,..,57,..,..,..,..,47.3,..,..,47,..,..,..,51.3,..,..,..,..,43.9,..,..,..,44.3,..,..,..,..,46,..,..
Madagascar,MDG,Coverage of social insurance programs (% of population),per_si_allsi.cov_pop_tot,..,..,..,..,..,..,..,..,..,..,..,..,..,..,..,..,..,..,..,..,..,..,..,..,..,..,..,..,..,..,..
Madagascar,MDG,"Debt service (PPG and IMF only, % of exports of goods, services and primary income)",DT.TDS.DPPF.XP.ZS,44.3543853904638,31.882052069765,18.3585581638049,14.3574435657434,9.55283140357571,7.26341917197568,10.0415162167677,32.0039006325505,17.6980841734259,20.5047354286317,12.8625466574445,6.17161192905305,5.42076644519722,8.40530331640906,8.88385975214938,5.83842503791217,3.52711260926713,0.859275998645628,0.958270121576824,2.14398519663064,2.52994323133275,1.64871102283708,2.28452459376978,2.17232795761491,2.64189182938381,4.29268683187334,3.24459915549812,3.01253100140206,2.44647224615614,2.46766585369729,4.26169083942184
Madagascar,MDG,Employment in industry (% of total employment) (modeled ILO estimate),SL.IND.EMPL.ZS,..,10.2200002670288,10.1400003433228,10.039999961853,9.90999984741211,9.77000045776367,9.59000015258789,9.35999965667725,9.10999965667725,8.82999992370605,8.3100004196167,7.57999992370605,7.1100001335144,6.71000003814697,4.73000001907349,3.42000007629395,3.80999994277954,4.26000022888184,4.78999996185303,5.32999992370605,5.98999977111816,6.76000022888184,7.69000005722046,7.96999979019165,8.18000030517578,8.34000015258789,8.53999996185303,8.59000015258789,8.68000030517578,8.72999954223633,..
Malawi,MWI,Access to electricity (% of population),EG.ELC.ACCS.ZS,..,..,3.2,1.55355584621429,2.01366138458252,2.47172713279724,2.92707347869873,3.37902021408081,3.82688760757446,4.26991271972656,4.80000019073486,5.13952016830444,5.53415966033936,6.19999980926514,6.90000009536743,6.69606304168701,3.65322732925415,7.4762921333313,7.87589836120605,8.28544425964355,8.69999980926514,7.59999990463257,7.40000009536743,9,11.8999996185303,10.8000001907349,11,12.6999998092651,18.0200004577637,11.1999998092651,14.8667688369751
Malawi,MWI,"Annualized average growth rate in per capita real survey mean consumption or income, total population (%)",SI.SPR.PCAP.ZG,..,..,..,..,..,..,..,..,..,..,..,..,..,..,..,..,..,..,..,..,..,..,..,..,..,..,..,..,..,-6.11,..
Malawi,MWI,Births attended by skilled health staff (% of total),SH.STA.BRTC.ZS,..,..,54.8,..,..,..,..,..,..,..,55.6,..,60.5,..,56.1,56.1,53.6,..,68,..,71.4,..,..,..,87.4,..,89.8,..,..,..,..
Malawi,MWI,Coverage of social insurance programs (% of population),per_si_allsi.cov_pop_tot,..,..,..,..,..,..,..,..,..,..,..,..,..,..,0.973979589523272,..,..,..,..,..,0.661991820088254,..,..,1.01943040106067,..,..,0.566048355348621,..,..,..,..
Malawi,MWI,"Debt service (PPG and IMF only, % of exports of goods, services and primary income)",DT.TDS.DPPF.XP.ZS,28.0313369246806,24.1044097226607,23.4865502096511,22.2041537048522,22.3450014272105,24.4067139943039,15.169201012859,13.8932511702426,14.6807245816476,13.7957091413805,12.8986708054408,9.32231518274918,7.50967974266526,6.62697483236789,10.4460469925845,12.4261886781968,8.63938237811566,3.63110385313163,3.12144207294522,2.82820699435979,1.64050213121809,1.37880200622551,2.03380584920707,3.1341815287103,4.08958834868558,5.51722444029349,6.31157165401315,6.60935300863246,7.12915474349617,7.30286904416746,8.66942828122717
Malawi,MWI,Employment in industry (% of total employment) (modeled ILO estimate),SL.IND.EMPL.ZS,..,6.75,6.75,6.65999984741211,6.65000009536743,6.6100001335144,6.55999994277954,6.51000022888184,6.46999979019165,6.3899998664856,6.28999996185303,6.15999984741211,6.05999994277954,6.01999998092651,5.92000007629395,5.84999990463257,5.86999988555908,5.8899998664856,5.82999992370605,5.80000019073486,5.78000020980835,5.78000020980835,5.73999977111816,5.71000003814697,5.67000007629395,5.61999988555908,5.55999994277954,5.5,5.42999982833862,5.36999988555908,..
Malaysia,MYS,Access to electricity (% of population),EG.ELC.ACCS.ZS,..,..,..,..,..,..,..,..,..,..,99.1039733886719,99.1256713867188,99.1397857666016,99.1486587524414,99.154655456543,99.1601104736328,99.1674346923828,99.1792831420898,99.1983642578125,99.3000030517578,99.3740539550781,99.4654693603516,99.8000030517578,99.6044464111328,99.6509399414063,99.7788162231445,99.9000015258789,99.9524841308594,99.9922409057617,100,100
Malaysia,MYS,"Annualized average growth rate in per capita real survey mean consumption or income, total population (%)",SI.SPR.PCAP.ZG,..,..,..,..,..,..,..,..,..,..,..,..,..,..,..,..,..,..,..,..,..,..,..,..,..,4.97,..,..,..,..,..
Malaysia,MYS,Births attended by skilled health staff (% of total),SH.STA.BRTC.ZS,92.8,..,..,..,..,95.1,..,..,96.2,..,96.6,96.8,97,97.6,98,98.1,98.4,98.6,98.6,98.6,98.6,98.6,98.7,98.8,98.97,99.4,99.5,99.6,..,..,..
Malaysia,MYS,Coverage of social insurance programs (% of population),per_si_allsi.cov_pop_tot,..,..,..,..,..,..,..,..,..,..,..,..,..,..,..,..,..,..,6.76903359444432,..,..,..,7.33840997690544,..,8.12448549748957,..,8.38058553824874,..,..,..,..
Malaysia,MYS,"Debt service (PPG and IMF only, % of exports of goods, services and primary income)",DT.TDS.DPPF.XP.ZS,..,..,..,..,..,..,..,..,..,..,..,..,..,..,..,..,..,..,..,..,..,..,..,..,..,..,..,..,..,..,..
Malaysia,MYS,Employment in industry (% of total employment) (modeled ILO estimate),SL.IND.EMPL.ZS,..,31.3400001525879,31.6200008392334,32.0200004577637,32.1500015258789,32.3400001525879,32.2299995422363,33.6599998474121,31.7600002288818,31.7000007629395,32.1800003051758,33.1100006103516,31.9799995422363,32.0200004577637,30.1299991607666,29.7199993133545,30.2600002288818,28.4599990844727,28.6700000762939,27.0100002288818,27.6200008392334,28.4500007629395,27.5699996948242,27.9400005340576,27.7399997711182,27.5200004577637,27.4899997711182,27.7199993133545,27.1100006103516,27.0100002288818,..
Maldives,MDV,Access to electricity (% of population),EG.ELC.ACCS.ZS,..,..,..,..,..,..,..,..,..,..,83.8000030517578,87.4862899780273,88.3574981689453,89.2234649658203,90.0865478515625,90.949089050293,91.8135070800781,92.6824493408203,93.5586242675781,99.9000015258789,99.1568603515625,99.2772521972656,99.3866729736328,99.4741668701172,100,99.7064743041992,100,99.8000030517578,100,100,100
Maldives,MDV,"Annualized average growth rate in per capita real survey mean consumption or income, total population (%)",SI.SPR.PCAP.ZG,..,..,..,..,..,..,..,..,..,..,..,..,..,..,..,..,..,..,..,..,..,..,..,..,..,..,..,..,..,..,..
Maldives,MDV,Births attended by skilled health staff (% of total),SH.STA.BRTC.ZS,..,..,..,..,90,..,..,..,..,..,..,70.3,..,..,84,91.6,94.2,96.3,98.3,94.8,98.2,98.8,95.5,95.6,95.6,..,..,99.5,..,..,..
Maldives,MDV,Coverage of social insurance programs (% of population),per_si_allsi.cov_pop_tot,..,..,..,..,..,..,..,..,..,..,..,..,..,..,4.76228657729456,..,..,..,..,4.50469027466362,..,..,..,..,..,..,4.40613000547244,..,..,..,..
Maldives,MDV,"Debt service (PPG and IMF only, % of exports of goods, services and primary income)",DT.TDS.DPPF.XP.ZS,3.98661860718172,3.63956771346512,3.0451966425915,3.73771902676875,3.37546289643745,3.31127758668881,3.07086208851607,6.90058193109631,3.56075905492217,3.77877822991067,3.99435070221955,4.31409679914775,4.18031548323895,3.52016005998741,4.03882414659536,5.91932514538726,3.73289191768362,2.13224698730998,2.67940349427773,3.47600946720588,3.03429770176069,3.14313721679841,3.10573761439921,2.42962482954585,5.21906992486405,3.04572490372699,3.10772781532156,3.53980035014363,10.796396974248,10.9517041583074,15.208211920009
Maldives,MDV,Employment in industry (% of total employment) (modeled ILO estimate),SL.IND.EMPL.ZS,..,27.2099990844727,27.1599998474121,27.0900001525879,27.0599994659424,27.0200004577637,26.9500007629395,26.9200000762939,26.8199996948242,26.5900001525879,26.0400009155273,24.9699993133545,24.4099998474121,23.9899997711182,22.3999996185303,20.2700004577637,19.3500003814697,18.1599998474121,17.4099998474121,16.3099994659424,16.6800003051758,17.1499996185303,17.2999992370605,17.5400009155273,17.9500007629395,18.3899993896484,18.7600002288818,18.8500003814697,19.1200008392334,19.1299991607666,..
Mali,MLI,Access to electricity (% of population),EG.ELC.ACCS.ZS,..,..,..,..,..,..,6.2,4.28854084014893,6.06686353683472,7.84034395217896,9.59319972991943,10.8000001907349,13.0597648620605,14.7840194702148,16.5053882598877,18.2262191772461,16.6000003814697,21.6761512756348,23.4106063842773,24.0308952331543,26.9120502471924,28.6844539642334,25.6000003814697,32.285228729248,34.113338470459,37.5999984741211,38.7898216247559,34.7799987792969,50.9000015258789,47.8362770080566,50.5614166259766
Mali,MLI,"Annualized average growth rate in per capita real survey mean consumption or income, total population (%)",SI.SPR.PCAP.ZG,..,..,..,..,..,..,..,..,..,..,..,..,..,..,..,..,..,..,..,-1.49,..,..,..,..,..,..,..,..,..,..,..
Mali,MLI,Births attended by skilled health staff (% of total),SH.STA.BRTC.ZS,..,..,..,..,..,..,40,..,..,..,..,40.6,..,..,..,..,49,..,..,..,28.1,..,..,58.6,..,43.7,..,..,67.3,..,..
Mali,MLI,Coverage of social insurance programs (% of population),per_si_allsi.cov_pop_tot,..,..,..,..,..,..,..,..,..,..,..,..,..,..,..,..,..,..,..,1.30579913373027,..,..,..,..,..,..,..,..,..,..,..
Mali,MLI,"Debt service (PPG and IMF only, % of exports of goods, services and primary income)",DT.TDS.DPPF.XP.ZS,14.6554171255966,9.18308407142934,11.939216054574,16.0819875979268,21.1427522176895,15.7947389941454,20.7600307169034,10.623503059276,11.0690045960457,13.8488710600425,12.9134071634254,8.71608022528261,7.35327199257637,6.31447996066806,7.82614068119378,6.66192871528599,4.25988905880542,3.14375594611363,2.60524654645576,3.08576251376129,2.44693142568115,2.34212178711579,1.74026905769515,3.09327773482284,2.97235027206675,3.2305716317941,3.48323697017165,3.9759603074416,4.34396845560428,..,..
Mali,MLI,Employment in industry (% of total employment) (modeled ILO estimate),SL.IND.EMPL.ZS,..,7.98000001907349,7.94999980926514,7.92999982833862,7.90000009536743,7.8899998664856,7.88000011444092,7.90000009536743,7.92000007629395,7.94999980926514,8.01000022888184,8.10000038146973,8.13000011444092,8.17000007629395,8.17000007629395,8.18000030517578,8.28999996185303,8.22999954223633,8.19999980926514,8.23999977111816,8.19999980926514,8.14000034332275,8.05000019073486,7.98000001907349,8,8.26000022888184,6.71999979019165,8.23999977111816,7.65999984741211,7.55999994277954,..
Malta,MLT,Access to electricity (% of population),EG.ELC.ACCS.ZS,100,100,100,100,100,100,100,100,100,100,100,100,100,100,100,100,100,100,100,100,100,100,100,100,100,100,100,100,100,100,100
Malta,MLT,"Annualized average growth rate in per capita real survey mean consumption or income, total population (%)",SI.SPR.PCAP.ZG,..,..,..,..,..,..,..,..,..,..,..,..,..,..,..,..,..,..,..,..,..,..,..,..,..,..,..,..,..,3.74,..
Malta,MLT,Births attended by skilled health staff (% of total),SH.STA.BRTC.ZS,..,..,..,98,..,..,..,..,..,..,..,99.9,99.5,99.5,99.9,99.7,98.8,99.8,99.9,99.8,99.8,99.8,99.5,99.9,99.9,99.8,99.8,99.7,..,..,..
Malta,MLT,Coverage of social insurance programs (% of population),per_si_allsi.cov_pop_tot,..,..,..,..,..,..,..,..,..,..,..,..,..,..,..,..,..,..,..,..,..,..,..,..,..,..,..,..,..,..,..
Malta,MLT,"Debt service (PPG and IMF only, % of exports of goods, services and primary income)",DT.TDS.DPPF.XP.ZS,..,..,..,..,..,..,..,..,..,..,..,..,..,..,..,..,..,..,..,..,..,..,..,..,..,..,..,..,..,..,..
Malta,MLT,Employment in industry (% of total employment) (modeled ILO estimate),SL.IND.EMPL.ZS,..,35.2400016784668,35.0499992370605,34.8699989318848,34.6800003051758,34.5099983215332,34.1500015258789,33.8400001525879,33.5499992370605,33.1599998474121,32.75,30.9300003051758,31.5300006866455,29.8799991607666,29.4500007629395,29.8500003814697,28.3400001525879,26.3199996948242,25.5599994659424,25.0200004577637,25.5200004577637,24.5200004577637,22.1700000762939,21.5699996948242,20.7199993133545,20.0100002288818,19.8600006103516,19.8099994659424,18.6000003814697,18.9200000762939,..
Marshall Islands,MHL,Access to electricity (% of population),EG.ELC.ACCS.ZS,..,..,..,..,..,..,..,..,..,68.5242358752702,68.4779739379883,69.9643249511719,71.4430923461914,72.9166259765625,74.3872756958008,75.8573837280273,77.3293685913086,72.3000030517578,80.2896118164063,81.7832794189453,89.23388671875,89.9196090698242,90.5608062744141,91.1968536376953,91.8208770751953,92.5262756347656,93.3688278198242,94.2973480224609,95.9162902832031,97.538200378418,99.1606063842773
Marshall Islands,MHL,"Annualized average growth rate in per capita real survey mean consumption or income, total population (%)",SI.SPR.PCAP.ZG,..,..,..,..,..,..,..,..,..,..,..,..,..,..,..,..,..,..,..,..,..,..,..,..,..,..,..,..,..,..,..
Marshall Islands,MHL,Births attended by skilled health staff (% of total),SH.STA.BRTC.ZS,..,..,..,..,..,..,..,..,94.9,..,..,..,95,..,..,..,..,86.2,..,86.5,90,90.1,..,..,..,..,..,92.4,..,..,..
Marshall Islands,MHL,Coverage of social insurance programs (% of population),per_si_allsi.cov_pop_tot,..,..,..,..,..,..,..,..,..,22.9505243775518,..,..,..,..,..,..,..,..,..,..,..,..,..,..,..,..,..,..,..,..,..
Marshall Islands,MHL,"Debt service (PPG and IMF only, % of exports of goods, services and primary income)",DT.TDS.DPPF.XP.ZS,..,..,..,..,..,..,..,..,..,..,..,..,..,..,..,..,..,..,..,..,..,..,..,..,..,..,..,..,..,..,..
Marshall Islands,MHL,Employment in industry (% of total employment) (modeled ILO estimate),SL.IND.EMPL.ZS,..,..,..,..,..,..,..,..,..,..,..,..,..,..,..,..,..,..,..,..,..,..,..,..,..,..,..,..,..,..,..
Mauritania,MRT,Access to electricity (% of population),EG.ELC.ACCS.ZS,..,..,..,..,..,..,..,..,..,..,18.7461318969727,22.2000007629395,21.5032196044922,22.8727340698242,24.2393646240234,18.2000007629395,26.9734230041504,33.0405387878418,30,31.1152858734131,33.9595146179199,35.1663208007813,36.3621597290039,37.5360641479492,38.7999992370605,39.5,41.3216171264648,42.9000015258789,44.3121376037598,45.8300323486328,47.3484191894531
Mauritania,MRT,"Annualized average growth rate in per capita real survey mean consumption or income, total population (%)",SI.SPR.PCAP.ZG,..,..,..,..,..,..,..,..,..,..,..,..,..,..,..,..,..,..,..,..,..,..,..,..,1.56,..,..,..,..,..,..
Mauritania,MRT,Births attended by skilled health staff (% of total),SH.STA.BRTC.ZS,..,40,..,..,..,..,..,..,..,..,..,53.4,..,..,..,..,..,57.1,..,..,..,65.1,..,..,..,69.3,..,..,..,..,..
Mauritania,MRT,Coverage of social insurance programs (% of population),per_si_allsi.cov_pop_tot,..,..,..,..,..,..,..,..,..,..,..,..,..,..,..,..,..,..,9.22704354988754,..,..,..,..,..,..,..,..,..,..,..,..
Mauritania,MRT,"Debt service (PPG and IMF only, % of exports of goods, services and primary income)",DT.TDS.DPPF.XP.ZS,28.7825550773423,18.827249507171,18.9949219076087,29.2329332465244,23.8398400501934,22.0552369981404,21.9262851405163,22.9295582326818,25.7062700139883,..,..,..,..,..,..,..,5.53360109366058,7.14172585899564,2.88650905597977,4.71178308957952,4.88034909808343,3.97919373139107,5.12688266247739,5.73152909774993,10.8120896535177,14.0246053229575,14.90583212524,15.589019740547,17.2093902706411,13.8694690546986,9.84427948865077
Mauritania,MRT,Employment in industry (% of total employment) (modeled ILO estimate),SL.IND.EMPL.ZS,..,19.7800006866455,19.6800003051758,19.5799999237061,19.4099998474121,19.2600002288818,19.1100006103516,18.9099998474121,18.6700000762939,18.5200004577637,18.2099990844727,18.0599994659424,18.0100002288818,17.9400005340576,17.9699993133545,17.9699993133545,17.9099998474121,17.9400005340576,17.9500007629395,17.9500007629395,17.8899993896484,17.8799991607666,17.8999996185303,17.8600006103516,17.8600006103516,17.8400001525879,17.7700004577637,17.7700004577637,17.6700000762939,17.6100006103516,..
Mauritius,MUS,Access to electricity (% of population),EG.ELC.ACCS.ZS,99.0415649414063,99.0706787109375,99.0996780395508,99.1280059814453,99.1549682617188,99.1798858642578,99.2020950317383,99.2208938598633,99.2356185913086,99.2455062866211,99,99.2647247314453,99.4000015258789,99.1855163574219,99.1404113769531,99.0947647094727,99.0509872436523,99.0117416381836,98.9797210693359,98.957633972168,99.6900024414063,99.5999984741211,99.5686187744141,99.4805068969727,99.38037109375,99.3616104125977,99.4800109863281,99.6100006103516,99.448844909668,100,99.6616516113281
Mauritius,MUS,"Annualized average growth rate in per capita real survey mean consumption or income, total population (%)",SI.SPR.PCAP.ZG,..,..,..,..,..,..,..,..,..,..,..,..,..,..,..,..,..,..,..,..,..,..,..,..,..,..,..,2.02,..,..,..
Mauritius,MUS,Births attended by skilled health staff (% of total),SH.STA.BRTC.ZS,91.1,94.5,96.5,96.3,97.7,98.1,97.5,97.8,98.5,99.8,99.7,..,..,98.4,..,99.2,..,..,99.5,99.4,99.5,..,99.5,..,99.8,99.8,99.8,99.8,..,..,..
Mauritius,MUS,Coverage of social insurance programs (% of population),per_si_allsi.cov_pop_tot,..,..,..,..,..,..,..,..,..,..,..,..,..,..,..,..,3.28674625651007,..,..,..,..,..,18.7915116621894,..,..,..,..,19.07626021,..,..,..
Mauritius,MUS,"Debt service (PPG and IMF only, % of exports of goods, services and primary income)",DT.TDS.DPPF.XP.ZS,7.25624284323884,7.07733093042017,7.92396235985988,5.44311535681584,5.72944136040354,5.98257236699643,4.95160668102545,6.81423115664449,6.73066120992696,5.61827428340051,16.3784119448173,4.71790218648607,6.53185279684831,5.12069154324555,5.289691266825,5.28194612228437,5.35706814649236,2.54565193839535,2.37242104111198,2.26832690872435,0.849862679643212,1.34200037441445,1.05324764820972,0.698610576304517,0.958528038202043,0.908184875717125,0.989760985439785,1.58565276062958,1.21884559068749,1.22735991910829,3.6971807468376
Mauritius,MUS,Employment in industry (% of total employment) (modeled ILO estimate),SL.IND.EMPL.ZS,..,40.2900009155273,39.9799995422363,39.5999984741211,39.2099990844727,39.8300018310547,38.1800003051758,37.6800003051758,38.2700004577637,38.4900016784668,39.25,36.560001373291,36.6199989318848,34.0800018310547,33.5800018310547,32.439998626709,32.1399993896484,31.9400005340576,31.7700004577637,29.6800003051758,28.7099990844727,28.1399993896484,27.9899997711182,27.3999996185303,26.7600002288818,26.1100006103516,25.4200000762939,24.7299995422363,24.1100006103516,23.6800003051758,..
Mexico,MEX,Access to electricity (% of population),EG.ELC.ACCS.ZS,..,..,93.145981,95.4484634399414,95.238294,95.8944625854492,96.093624,96.3295822143555,96.092755,96.7482986450195,98.0071334838867,97.1383209228516,97.897087097168,97.4008560180664,98.5977020263672,98.932731628418,99.1141586303711,97.9105682373047,98.9140396118164,98.1982116699219,99.2366943359375,99.0281524658203,99.1116333007813,99.1476974487305,99.1729278564453,99,99.5,100,99.5,99.5999984741211,99.4000015258789
Mexico,MEX,"Annualized average growth rate in per capita real survey mean consumption or income, total population (%)",SI.SPR.PCAP.ZG,..,..,..,..,..,..,..,..,..,..,..,..,..,..,..,..,..,..,..,..,..,..,..,..,..,..,..,..,..,..,-0.68
Mexico,MEX,Births attended by skilled health staff (% of total),SH.STA.BRTC.ZS,83.8,..,..,..,..,..,..,85.7,..,..,88.6,..,..,95,..,..,93.4,93.7,..,95.3,94.08,..,99.6,..,95.6,97.7,96.4,..,..,..,..
Mexico,MEX,Coverage of social insurance programs (% of population),per_si_allsi.cov_pop_tot,..,..,..,..,..,..,..,..,..,..,..,..,..,..,..,..,..,..,50.4691966625646,..,50.5116870359452,..,46.9576339223196,..,41.8890606838191,..,13.6015261978231,..,13.8570441490864,..,..
Mexico,MEX,"Debt service (PPG and IMF only, % of exports of goods, services and primary income)",DT.TDS.DPPF.XP.ZS,18.3876075961058,19.835567251221,28.7004909231033,19.042065507364,17.7280303037864,25.6923690261673,37.100870643352,36.3091042926226,14.2488416075729,14.0605786932158,16.390474219348,13.8350656155547,10.9296746081799,12.1685231508857,12.1075417012904,9.88268605333978,14.1457718614499,7.19392677573386,6.91484384245028,7.13405612436604,6.11527922228637,5.24008336679925,9.36024745037858,5.49383488024094,4.49123546682178,6.3674162635691,10.0336242159755,8.11329992698153,6.27707964863801,8.3479942651576,9.46696796556713
Mexico,MEX,Employment in industry (% of total employment) (modeled ILO estimate),SL.IND.EMPL.ZS,..,25.4699993133545,25.3500003814697,25.2000007629395,25.1299991607666,24.8199996948242,24.9300003051758,24.8899993896484,24.9099998474121,25.9599990844727,27.0699996948242,26.0799999237061,25.9599990844727,25.9300003051758,26.0599994659424,26.0900001525879,26.1900005340576,26.2000007629395,25.5799999237061,24.2999992370605,24.3999996185303,24.2999992370605,24.0599994659424,24.3099994659424,24.8099994659424,25.1599998474121,25.75,26.0100002288818,26.1299991607666,25.5499992370605,..
"Micronesia, Fed. Sts.",FSM,Access to electricity (% of population),EG.ELC.ACCS.ZS,..,..,..,..,..,..,..,..,..,..,46,48.3374671936035,50.1000328063965,51.857364654541,53.6118087768555,55.3657188415527,57.1214981079102,58.8818016052246,60.6493339538574,62.4268074035645,64.5315170288086,66.5939865112305,68.4323654174805,70.2488174438477,72.0532455444336,73.9390563964844,75.9620132446289,77.9439086914063,79.7029113769531,81.2767333984375,82.9259185791016
"Micronesia, Fed. Sts.",FSM,"Annualized average growth rate in per capita real survey mean consumption or income, total population (%)",SI.SPR.PCAP.ZG,..,..,..,..,..,..,..,..,..,..,..,..,..,..,..,..,..,..,..,..,..,..,..,..,..,..,..,..,..,..,..
"Micronesia, Fed. Sts.",FSM,Births attended by skilled health staff (% of total),SH.STA.BRTC.ZS,..,..,..,..,..,..,..,..,88,83.8,82.8,85.7,81.6,84.6,..,82.7,85.3,..,90,100,..,..,..,..,..,..,..,..,..,..,..
"Micronesia, Fed. Sts.",FSM,Coverage of social insurance programs (% of population),per_si_allsi.cov_pop_tot,..,..,..,..,..,..,..,..,..,..,17.3611900799107,..,..,..,..,..,..,..,..,..,..,..,..,..,..,..,..,..,..,..,..
"Micronesia, Fed. Sts.",FSM,"Debt service (PPG and IMF only, % of exports of goods, services and primary income)",DT.TDS.DPPF.XP.ZS,..,..,..,..,..,..,..,..,..,..,..,..,..,..,..,..,..,..,..,..,..,..,..,..,..,..,..,..,..,..,..
"Micronesia, Fed. Sts.",FSM,Employment in industry (% of total employment) (modeled ILO estimate),SL.IND.EMPL.ZS,..,..,..,..,..,..,..,..,..,..,..,..,..,..,..,..,..,..,..,..,..,..,..,..,..,..,..,..,..,..,..
Middle East & North Africa,MEA,Access to electricity (% of population),EG.ELC.ACCS.ZS,..,..,..,..,..,..,..,..,..,..,92.516256295252,92.7268158756162,92.6502075728995,93.4818767632429,93.414899595423,94.0427760392813,95.9504682809671,94.2322456838757,94.8055279272188,94.9071465563945,95.7446617079924,95.7977707558595,95.3840788839275,97.0777197620124,96.0740522106438,96.521936038803,96.828269246969,97.6873814189416,96.2830490526466,97.2308525888101,97.3559358494581
Middle East & North Africa,MEA,"Annualized average growth rate in per capita real survey mean consumption or income, total population (%)",SI.SPR.PCAP.ZG,..,..,..,..,..,..,..,..,..,..,..,..,..,..,..,..,..,..,..,..,..,..,..,..,..,..,..,..,..,..,..
Middle East & North Africa,MEA,Births attended by skilled health staff (% of total),SH.STA.BRTC.ZS,..,..,..,..,..,..,..,..,..,..,78.4001067439714,..,..,..,..,..,..,..,..,..,82.8225230609116,..,..,..,..,..,..,..,94.805341154722,..,..
Middle East & North Africa,MEA,Coverage of social insurance programs (% of population),per_si_allsi.cov_pop_tot,..,..,..,..,..,..,..,..,..,..,..,..,..,..,..,..,..,..,..,..,..,..,..,..,..,..,..,..,..,..,..
Middle East & North Africa,MEA,"Debt service (PPG and IMF only, % of exports of goods, services and primary income)",DT.TDS.DPPF.XP.ZS,..,..,..,..,..,..,..,..,..,..,..,..,..,..,..,..,..,..,..,..,..,..,..,..,..,..,..,..,..,..,..
Middle East & North Africa,MEA,Employment in industry (% of total employment) (modeled ILO estimate),SL.IND.EMPL.ZS,..,24.3586921936769,24.463381490413,24.3466628218335,24.2875873664378,24.3355412116835,24.5015923156992,24.3361402207954,24.2674584558571,24.296674141867,23.8740970088186,23.9478245546661,23.8451101613212,23.8654833758494,23.9892845232377,24.5460674151455,25.2389806047741,25.690484429445,26.1941272821178,26.5422635042297,27.2728348983201,27.0214566041831,27.186678037884,27.0367680078196,26.9737573185762,26.7364420885911,26.876460249251,27.1270804867093,27.1672863983144,26.9874365552926,..
Middle East & North Africa (excluding high income),MNA,Access to electricity (% of population),EG.ELC.ACCS.ZS,..,..,..,..,..,..,..,..,..,..,91.5503148316182,91.7788501488115,91.6821939722409,92.6123657028555,92.5213408627415,93.216416064612,95.3733781474416,93.3849975758646,94.0186072012209,94.1128726215839,95.065142177974,95.114009477721,94.6218472196494,96.5895930621542,95.4121580369907,95.930948298055,96.2946497171632,97.296148826718,95.6422700598537,96.7526692934921,96.8994408309204
Middle East & North Africa (excluding high income),MNA,"Annualized average growth rate in per capita real survey mean consumption or income, total population (%)",SI.SPR.PCAP.ZG,..,..,..,..,..,..,..,..,..,..,..,..,..,..,..,..,..,..,..,..,..,..,..,..,..,..,..,..,..,..,..
Middle East & North Africa (excluding high income),MNA,Births attended by skilled health staff (% of total),SH.STA.BRTC.ZS,..,..,..,..,..,..,..,..,..,..,76.5378594526748,..,..,..,..,..,..,..,..,..,81.0453559788998,..,..,..,..,..,..,..,94.1611213159337,..,..
Middle East & North Africa (excluding high income),MNA,Coverage of social insurance programs (% of population),per_si_allsi.cov_pop_tot,..,..,..,..,..,..,..,..,..,..,..,..,..,..,..,..,..,..,..,..,..,..,..,..,..,..,..,..,..,..,..
Middle East & North Africa (excluding high income),MNA,"Debt service (PPG and IMF only, % of exports of goods, services and primary income)",DT.TDS.DPPF.XP.ZS,25.765553442917,26.5627059598686,16.213886263576,15.106294957678,18.8936691724562,24.2648059544325,22.9661676513744,22.5286122139522,17.7654697435304,16.7714809028102,12.9967941583158,14.5096788304503,17.5909968301951,18.6122573705651,14.885890168276,11.0533752440653,..,..,..,6.3860733517142,5.5568416628787,6.35017760457656,..,..,..,8.20096964621031,11.01335511906,10.1647174026311,..,..,14.4713005353228
Middle East & North Africa (excluding high income),MNA,Employment in industry (% of total employment) (modeled ILO estimate),SL.IND.EMPL.ZS,..,24.2170099952303,24.2339013508607,24.1336853561273,24.1112201130697,24.2646641533645,24.5425076628218,24.4295575424156,24.4201872265656,24.51172352903,24.0930352664213,24.0841336169548,23.9615297264858,23.9559504200875,24.0622203318667,24.6917553082064,25.4177784824138,25.6628300197341,26.1225272410401,26.3639546417144,27.103642963292,26.7351225574614,26.9279582009646,26.6569159405873,26.6515741975893,26.3800135683546,26.3649738188786,26.695943798906,26.7511063634813,26.5784546646497,..
Middle East & North Africa (IDA & IBRD),TMN,Access to electricity (% of population),EG.ELC.ACCS.ZS,..,..,..,..,..,..,..,..,..,..,91.4641415907729,91.7008159229218,91.601011952803,92.5420735487312,92.4451009281557,93.1460990370579,95.3253254578198,93.3243631754728,93.9532162691687,94.046819070853,95.0095007834929,95.0608421854216,94.5614133895615,96.5507248700755,95.359168319104,95.8838313534103,96.2504288919831,97.2673724057373,95.5896496061122,96.7131270524313,96.8613853148127
Middle East & North Africa (IDA & IBRD),TMN,"Annualized average growth rate in per capita real survey mean consumption or income, total population (%)",SI.SPR.PCAP.ZG,..,..,..,..,..,..,..,..,..,..,..,..,..,..,..,..,..,..,..,..,..,..,..,..,..,..,..,..,..,..,..
Middle East & North Africa (IDA & IBRD),TMN,Births attended by skilled health staff (% of total),SH.STA.BRTC.ZS,..,..,..,..,..,..,..,..,..,..,76.0312159658659,..,..,..,..,..,..,..,..,..,80.7297974970419,..,..,..,..,..,..,..,94.0466104641279,..,..
Middle East & North Africa (IDA & IBRD),TMN,Coverage of social insurance programs (% of population),per_si_allsi.cov_pop_tot,..,..,..,..,..,..,..,..,..,..,..,..,..,..,..,..,..,..,..,..,..,..,..,..,..,..,..,..,..,..,..
Middle East & North Africa (IDA & IBRD),TMN,"Debt service (PPG and IMF only, % of exports of goods, services and primary income)",DT.TDS.DPPF.XP.ZS,25.765553442917,26.5627059598686,16.213886263576,15.106294957678,18.8936691724562,24.2648059544325,22.9661676513744,22.5286122139522,17.7654697435304,16.7714809028102,12.9967941583158,14.5096788304503,17.5909968301951,18.6122573705651,14.885890168276,11.0533752440653,..,..,..,6.3860733517142,5.5568416628787,6.35017760457656,..,..,7.20391445747247,8.20096964621031,11.01335511906,10.1647174026311,..,..,14.4713005353228
Middle East & North Africa (IDA & IBRD),TMN,Employment in industry (% of total employment) (modeled ILO estimate),SL.IND.EMPL.ZS,..,24.1534432366779,24.1627376487148,24.0566279191947,24.0227938547191,24.1754371791056,24.4599161811428,24.3404138983513,24.3233310788171,24.4077539450682,24.0138993878307,24.0573483513375,23.9630082420559,23.9450465026436,24.0598864777594,24.682205069173,25.4300398213028,25.6769955277588,26.1442454590292,26.3852396946769,27.1221462431438,26.7420595351902,26.9299240321386,26.6447038442261,26.6394665215845,26.3586764522826,26.3301538730345,26.6584587695452,26.7102177974513,26.5429622743305,..
Middle income,MIC,Access to electricity (% of population),EG.ELC.ACCS.ZS,..,..,..,..,..,..,..,..,..,..,77.9935821451938,77.5879884932292,79.5959106332949,80.3708751186265,80.6848369311204,81.4660676794144,82.4175081145758,83.0761126617618,84.0277366139406,84.7677675427355,85.2192719837406,83.8583520060292,87.0717816189739,87.7283225741927,88.2056514174034,89.6124059637082,90.5824077128944,91.6897555544165,92.8904696235987,93.4780474162556,94.0845966684982
Middle income,MIC,"Annualized average growth rate in per capita real survey mean consumption or income, total population (%)",SI.SPR.PCAP.ZG,..,..,..,..,..,..,..,..,..,..,..,..,..,..,..,..,..,..,..,..,..,..,..,..,..,..,..,..,..,..,..
Middle income,MIC,Births attended by skilled health staff (% of total),SH.STA.BRTC.ZS,..,..,..,..,..,..,..,..,..,..,62.1310204029244,..,..,..,..,..,..,..,..,..,70.8618982237933,..,..,..,..,..,..,..,82.462763864638,..,..
Middle income,MIC,Coverage of social insurance programs (% of population),per_si_allsi.cov_pop_tot,..,..,..,..,..,..,..,..,..,..,..,..,..,..,..,..,..,..,..,..,..,..,..,..,..,..,..,..,..,..,..
Middle income,MIC,"Debt service (PPG and IMF only, % of exports of goods, services and primary income)",DT.TDS.DPPF.XP.ZS,20.5282178472355,19.393862968289,17.7021008803816,15.9619388497758,13.5409491321555,14.8003477382037,15.0711670476172,15.2728626677396,13.7311721635656,15.0714580507335,13.6872381812197,12.9998610224797,12.825963133504,11.5368961391469,8.15584668513672,8.4310387305722,7.51049506476397,4.25332422272061,3.90019001284695,4.04102482975677,3.53385757737583,2.94805541743535,2.88558509808373,3.18551400056931,3.67496482672082,4.78021128136146,5.03909647314687,4.48069715224515,4.90580452016831,5.10879230120178,5.41635728850995
Middle income,MIC,Employment in industry (% of total employment) (modeled ILO estimate),SL.IND.EMPL.ZS,..,20.0815734693794,20.0780579253316,20.2713173341683,20.3742748597727,20.329763044847,20.4677779229132,20.4217467590716,20.1596857415806,19.9858871417308,19.8348326019902,19.8568671906827,19.6045084811428,19.7959146848277,20.3300522143824,20.9831468745191,21.6714919127797,22.43521841656,22.5932107879923,22.807257785949,23.3084192500075,23.8278667182252,24.4727534588373,24.4352334194168,24.5379506788226,24.3750749238647,24.2631409211785,24.0977430383969,24.2399941592019,23.9438914155813,..
Moldova,MDA,Access to electricity (% of population),EG.ELC.ACCS.ZS,100,100,100,100,100,100,100,100,100,100,100,100,99,100,99.0999984741211,98.5999984741211,100,100,100,100,100,100,100,100,100,100,100,99.9800033569336,99.9899978637695,100,100
Moldova,MDA,"Annualized average growth rate in per capita real survey mean consumption or income, total population (%)",SI.SPR.PCAP.ZG,..,..,..,..,..,..,..,..,..,..,..,..,..,..,..,..,..,..,..,..,..,..,..,..,..,..,..,..,..,1.18,..
Moldova,MDA,Births attended by skilled health staff (% of total),SH.STA.BRTC.ZS,100,100,100,100,100,100,100,99.1,98,98,98,99,99.6,99.4,99.3,99.5,99.6,99.6,99.5,99.7,99.2,99.4,99.2,99.8,99.7,99.7,99.7,99.7,99.7,..,..
Moldova,MDA,Coverage of social insurance programs (% of population),per_si_allsi.cov_pop_tot,..,..,..,..,..,..,..,..,..,..,..,..,..,..,..,..,..,..,..,..,40.9016765855198,..,43.2122586327721,43.89807654684,..,..,..,..,47.82853993,..,..
Moldova,MDA,"Debt service (PPG and IMF only, % of exports of goods, services and primary income)",DT.TDS.DPPF.XP.ZS,..,..,..,..,2.05154570444659,7.61476820166644,7.73305253073452,10.3957584511696,21.0227067894893,26.5417561745396,15.6211325165127,12.3497185360911,13.7335706812664,7.32934965757445,8.3817103920685,5.0149541808933,5.40418365526256,3.72856627516778,2.8974344933654,4.06002026042912,2.97380277493781,2.58646914800886,2.65857578122295,2.96873733970126,2.70478504679779,2.97989200876349,3.77724523618159,4.00838863284561,4.56920267710059,4.50002574584173,5.38033507999755
Moldova,MDA,Employment in industry (% of total employment) (modeled ILO estimate),SL.IND.EMPL.ZS,..,24.7399997711182,26.5100002288818,20.7700004577637,19.0100002288818,16.9200000762939,15.0600004196167,14.7700004577637,14.6099996566772,13.6400003433228,13.8900003433228,13.8999996185303,14.4399995803833,16.0499992370605,16.25,16.0100002288818,18.1900005340576,18.7399997711182,19.6800003051758,19.2800006866455,18.6499996185303,18.75,19.2800006866455,17.6900005340576,17.8999996185303,17.8500003814697,17.1399993896484,16.6499996185303,19.4099998474121,21.7199993133545,..
Monaco,MCO,Access to electricity (% of population),EG.ELC.ACCS.ZS,100,100,100,100,100,100,100,100,100,100,100,100,100,100,100,100,100,100,100,100,100,100,100,100,100,100,100,100,100,100,100
Monaco,MCO,"Annualized average growth rate in per capita real survey mean consumption or income, total population (%)",SI.SPR.PCAP.ZG,..,..,..,..,..,..,..,..,..,..,..,..,..,..,..,..,..,..,..,..,..,..,..,..,..,..,..,..,..,..,..
Monaco,MCO,Births attended by skilled health staff (% of total),SH.STA.BRTC.ZS,..,..,..,..,..,..,..,..,..,..,..,..,..,..,..,..,..,..,..,..,..,..,..,..,..,..,..,..,..,..,..
Monaco,MCO,Coverage of social insurance programs (% of population),per_si_allsi.cov_pop_tot,..,..,..,..,..,..,..,..,..,..,..,..,..,..,..,..,..,..,..,..,..,..,..,..,..,..,..,..,..,..,..
Monaco,MCO,"Debt service (PPG and IMF only, % of exports of goods, services and primary income)",DT.TDS.DPPF.XP.ZS,..,..,..,..,..,..,..,..,..,..,..,..,..,..,..,..,..,..,..,..,..,..,..,..,..,..,..,..,..,..,..
Monaco,MCO,Employment in industry (% of total employment) (modeled ILO estimate),SL.IND.EMPL.ZS,..,..,..,..,..,..,..,..,..,..,..,..,..,..,..,..,..,..,..,..,..,..,..,..,..,..,..,..,..,..,..
Mongolia,MNG,Access to electricity (% of population),EG.ELC.ACCS.ZS,..,..,..,..,..,..,..,..,..,..,67.3000030517578,71.0765762329102,72.2844696044922,76.3000030517578,74.6868896484375,86.1999969482422,77.0872192382813,78.2928466796875,79.5056991577148,80.7285003662109,78.502082824707,72.0570755004883,84.4836120605469,81.1999969482422,87.0788269042969,88.4001770019531,89.8384094238281,92.512565612793,98.0999984741211,97.2299118041992,98.0999984741211
Mongolia,MNG,"Annualized average growth rate in per capita real survey mean consumption or income, total population (%)",SI.SPR.PCAP.ZG,..,..,..,..,..,..,..,..,..,..,..,..,..,..,..,..,..,..,..,..,..,..,..,..,..,..,..,..,-3.15,..,..
Mongolia,MNG,Births attended by skilled health staff (% of total),SH.STA.BRTC.ZS,..,..,..,..,..,..,..,..,97.1,..,96.6,..,..,98.6,99.7,99.2,..,..,99.4,..,98.8,..,..,98.9,98.9,..,..,..,99.3,..,..
Mongolia,MNG,Coverage of social insurance programs (% of population),per_si_allsi.cov_pop_tot,..,..,..,..,..,..,..,..,..,..,..,..,..,..,..,..,..,40.5357673523697,..,41.8668656490382,42.9285109437941,38.4476575925429,43.2792788602746,..,43.00636844,..,44.52233342,..,..,..,..
Mongolia,MNG,"Debt service (PPG and IMF only, % of exports of goods, services and primary income)",DT.TDS.DPPF.XP.ZS,..,..,17.1244588536336,5.94667727967397,10.6313733397498,10.0989228828476,10.6809993299492,9.93704546468994,5.37639545702344,4.27698019199932,6.48798731524479,7.11132691958387,7.35236324123802,33.8393484135785,2.92911290997543,2.69809880479081,2.41299760370303,2.12437421255996,2.30140162494088,4.07727957092054,4.32694477750379,1.74973811246682,2.80517835892441,5.04167491013811,3.62873362272904,3.05609606785937,3.45593573206737,4.15278347487062,11.0471721565898,5.43759936797373,9.63350136260322
Mongolia,MNG,Employment in industry (% of total employment) (modeled ILO estimate),SL.IND.EMPL.ZS,..,19.3899993896484,17.9300003051758,17.0200004577637,16.7399997711182,17.9300003051758,17.4599990844727,16.7000007629395,15.8199996948242,15.5299997329712,14.1400003433228,13.6599998474121,14.3199996948242,11.9200000762939,16.1399993896484,16.8099994659424,17.3400001525879,13.6800003051758,15.2299995422363,14.9399995803833,16.2399997711182,17.3400001525879,18.1700000762939,20.4200000762939,20.7199993133545,20.2900009155273,18.9899997711182,19.2199993133545,20.6100006103516,21.5799999237061,..
Montenegro,MNE,Access to electricity (% of population),EG.ELC.ACCS.ZS,100,100,100,100,100,100,100,100,100,100,100,100,100,100,100,99.8302230834961,100,100,100,100,100,99,100,99.6999969482422,97.6999969482422,100,100,100,100,100,100
Montenegro,MNE,"Annualized average growth rate in per capita real survey mean consumption or income, total population (%)",SI.SPR.PCAP.ZG,..,..,..,..,..,..,..,..,..,..,..,..,..,..,..,..,..,..,..,..,..,..,..,..,..,..,..,..,1.9,..,..
Montenegro,MNE,Births attended by skilled health staff (% of total),SH.STA.BRTC.ZS,..,..,..,..,..,..,..,..,..,..,99.1,96.6,98,98.9,98.3,99,87.2,99.7,99.9,99.5,..,..,..,99,..,..,..,..,98.8,..,..
Montenegro,MNE,Coverage of social insurance programs (% of population),per_si_allsi.cov_pop_tot,..,..,..,..,..,..,..,..,..,..,..,..,..,..,..,..,..,..,..,..,..,52.9448937159637,46.6004740727219,45.5304163665584,47.9325447974338,..,..,..,..,..,..
Montenegro,MNE,"Debt service (PPG and IMF only, % of exports of goods, services and primary income)",DT.TDS.DPPF.XP.ZS,..,..,..,..,..,..,..,..,..,..,..,..,..,..,..,..,..,8.17069978015712,2.54473633728353,3.0894851085175,5.40536502139006,9.19131211870487,12.8398602765517,16.5369531119763,12.613253921845,23.9132014958207,22.4133713362068,12.5477081795999,25.6407768903893,19.8610091646219,39.9106441184699
Montenegro,MNE,Employment in industry (% of total employment) (modeled ILO estimate),SL.IND.EMPL.ZS,..,25.2399997711182,24.8400001525879,24.3299999237061,24.3500003814697,24.6599998474121,25.1700000762939,25.4099998474121,25.5300006866455,24.8700008392334,24.7600002288818,24.4699993133545,24.0200004577637,23.3799991607666,21.25,19.2299995422363,18.2900009155273,17.5400009155273,18.2399997711182,18.1200008392334,18.75,19.5499992370605,17.9200000762939,17.7700004577637,17.5599994659424,17.4599990844727,17.4699993133545,17.0799999237061,18.8999996185303,19.4099998474121,..
Morocco,MAR,Access to electricity (% of population),EG.ELC.ACCS.ZS,..,..,49.2,56.7726516723633,58.6088981628418,56.5,62.2745933532715,64.1026840209961,65.9266891479492,67.7458572387695,69.5673828125,71.347900390625,73.1208343505859,74.8885269165039,78.1999969482422,78.4176177978516,96.5,81.9544296264648,83.7323303222656,85.5201644897461,92.6713790893555,93.4464340209961,94.2105178833008,97.1999969482422,91.5999984741211,97.3000030517578,97.8000030517578,100,98.0999984741211,99.5999984741211,100
Morocco,MAR,"Annualized average growth rate in per capita real survey mean consumption or income, total population (%)",SI.SPR.PCAP.ZG,..,..,..,..,..,..,..,..,..,..,..,..,..,..,..,..,..,..,..,..,..,..,..,..,..,..,..,..,..,..,..
Morocco,MAR,Births attended by skilled health staff (% of total),SH.STA.BRTC.ZS,..,..,31,..,..,39.6,..,45.6,..,..,..,..,..,..,62.6,..,..,..,..,..,74.1,73.6,..,..,..,..,..,..,86.6,..,..
Morocco,MAR,Coverage of social insurance programs (% of population),per_si_allsi.cov_pop_tot,..,..,..,..,..,..,..,..,..,..,..,..,..,..,..,..,..,..,..,..,..,..,..,..,..,..,..,..,..,..,..
Morocco,MAR,"Debt service (PPG and IMF only, % of exports of goods, services and primary income)",DT.TDS.DPPF.XP.ZS,27.8907841245393,34.1973677086707,52.0696609542591,45.3942249930842,46.5246104022208,47.3983708534644,39.4790428738826,36.709002542777,31.856948990482,32.853677067743,27.1205098813131,25.2452840549091,27.7291944167079,29.6349227469003,17.4079478607181,13.8424524250704,10.1240961311589,9.74015893044632,7.77158311757225,7.0289387064564,7.50951288570833,6.73368519309815,7.06720674250716,8.83217663982189,7.55067735631208,7.54324049886462,8.62367732325985,8.36178534470762,6.77387600381971,6.66811357038991,11.0057210243578
Morocco,MAR,Employment in industry (% of total employment) (modeled ILO estimate),SL.IND.EMPL.ZS,..,20.1000003814697,19.8600006103516,19.6200008392334,19.8999996185303,19.4400005340576,19.9699993133545,19.6599998474121,19.9699993133545,19.7700004577637,19.7099990844727,20.0599994659424,20.1200008392334,20.1800003051758,19.4799995422363,19.5100002288818,20.2999992370605,20.5599994659424,21.0499992370605,21.2099990844727,21.4899997711182,21.8500003814697,21.3899993896484,21.6499996185303,21.8700008392334,22.2600002288818,22.25,22.6599998474121,22.8799991607666,23.0900001525879,..
Mozambique,MOZ,Access to electricity (% of population),EG.ELC.ACCS.ZS,..,..,..,..,..,..,..,6.6,3.66317558288574,4.87912368774414,6.09631109237671,5.69999980926514,8.44392108917236,8.10000038146973,10.7705898284912,11.9319448471069,13.0951719284058,12.3999996185303,13.5712242126465,15,18.8027362823486,20.2000007629395,21.2326068878174,22.4201278686523,24.7999992370605,24,26.2465209960938,24.2999992370605,31.1000003814697,29.6744499206543,30.603832244873
Mozambique,MOZ,"Annualized average growth rate in per capita real survey mean consumption or income, total population (%)",SI.SPR.PCAP.ZG,..,..,..,..,..,..,..,..,..,..,..,..,..,..,..,..,..,..,..,..,..,..,..,..,5.36,..,..,..,..,..,..
Mozambique,MOZ,Births attended by skilled health staff (% of total),SH.STA.BRTC.ZS,..,..,..,..,..,..,..,44.2,..,..,..,..,..,47.7,..,..,..,..,55.3,..,..,54.3,..,..,..,73,..,..,..,..,..
Mozambique,MOZ,Coverage of social insurance programs (% of population),per_si_allsi.cov_pop_tot,..,..,..,..,..,..,..,..,..,..,..,..,..,..,..,..,..,..,1.69778393837435,..,..,..,..,..,3.808727213,..,..,..,..,..,..
Mozambique,MOZ,"Debt service (PPG and IMF only, % of exports of goods, services and primary income)",DT.TDS.DPPF.XP.ZS,17.2969424949967,19.7811070391673,20.7890141475546,31.472715285253,30.3757541224077,33.4455226403061,25.0336781232648,17.9450552332693,15.6206957719633,14.3433460270101,8.05024105632887,5.09566716138079,3.93982518282015,4.33510692190085,2.71586384626025,2.82454173838686,1.47546738982949,1.01344690187457,1.06846855093073,1.46267880205793,3.43057592934274,2.27080165598218,2.04481614262343,3.80043867185959,5.42806447887853,9.43406698695106,9.72545090399833,6.8798421616488,7.27375475837691,13.241298469602,31.329197135758
Mozambique,MOZ,Employment in industry (% of total employment) (modeled ILO estimate),SL.IND.EMPL.ZS,..,2.5,2.50999999046326,2.51999998092651,2.53999996185303,2.55999994277954,2.60999989509583,2.6800000667572,2.75999999046326,2.84999990463257,2.95000004768372,3.09999990463257,3.23000001907349,3.39000010490417,3.60999989509583,3.83999991416931,4.1100001335144,4.38000011444092,4.67999982833862,5,5.3600001335144,5.76000022888184,6.17999982833862,6.65000009536743,7.15000009536743,7.75,8.02999973297119,8.25,8.44999980926514,8.59000015258789,..
Myanmar,MMR,Access to electricity (% of population),EG.ELC.ACCS.ZS,..,..,..,..,..,..,..,..,..,..,41.8337898254395,42.9418983459473,47,45.1377143859863,46.2301177978516,47.3219833374023,48.4157218933105,49.5139846801758,50.6194763183594,51.7349090576172,48.7999992370605,54.0064277648926,55.1679344177246,56.3492736816406,52,60.5,55.5999984741211,69.8148345947266,66.2272796630859,68.358528137207,70.3971939086914
Myanmar,MMR,"Annualized average growth rate in per capita real survey mean consumption or income, total population (%)",SI.SPR.PCAP.ZG,..,..,..,..,..,..,..,..,..,..,..,..,..,..,..,..,..,..,..,..,..,..,..,..,..,..,..,1.28,..,..,..
Myanmar,MMR,Births attended by skilled health staff (% of total),SH.STA.BRTC.ZS,..,46.3,..,..,..,..,..,56.4,..,..,..,57,..,67.5,..,..,..,63.9,..,..,70.6,..,..,..,..,..,60.2,..,..,..,..
Myanmar,MMR,Coverage of social insurance programs (% of population),per_si_allsi.cov_pop_tot,..,..,..,..,..,..,..,..,..,..,..,..,..,..,..,..,..,..,..,..,..,..,..,..,..,..,..,5.34987630878229,..,..,..
Myanmar,MMR,"Debt service (PPG and IMF only, % of exports of goods, services and primary income)",DT.TDS.DPPF.XP.ZS,18.7736180641683,27.6942396573146,8.47489097909341,13.2574295550181,14.7306767982882,20.089315183637,12.573163235605,8.43460918488382,5.74731650157907,5.53053871688058,0.968683710796229,0.634869536662928,0.731178085762148,0.735903365760651,0.735160714043514,0.648443595864671,1.22286319378873,1.33163787779431,1.37498655529822,1.75654433044979,3.11102025954906,2.62906832705822,12.002675090996,19.6673695265018,4.62048941119918,3.46353670588607,5.399549436121,4.3023478485883,4.84337558989208,3.39787785213217,..
Myanmar,MMR,Employment in industry (% of total employment) (modeled ILO estimate),SL.IND.EMPL.ZS,..,8.36999988555908,8.98999977111816,9.61999988555908,9.78999996185303,10.5299997329712,11.0900001525879,11.710000038147,12.0600004196167,12.3400001525879,12.9099998474121,13.2299995422363,13.8299999237061,14.4700002670288,14.960000038147,15.3299999237061,15.75,15.9099998474121,16.1499996185303,16.3500003814697,16.5200004577637,16.4699993133545,16.4799995422363,16.5400009155273,16.7000007629395,16.7700004577637,16.3600006103516,15.9399995803833,17.2700004577637,16.9400005340576,..
Namibia,NAM,Access to electricity (% of population),EG.ELC.ACCS.ZS,..,..,26.4,27,28.9325885772705,29.9521484375,30.9689884185791,31.9824295043945,32.9917907714844,33.9963111877441,36.5,35.9668617248535,36.9254760742188,37.8788528442383,38.8293418884277,39.779296875,40.7311248779297,43.7000007629395,42.651050567627,44.0999984741211,44.6107368469238,42.2999992370605,46.6318588256836,47.4000015258789,48.728515625,51.5999984741211,49.7000007629395,52.5,54.0028953552246,55.1770896911621,56.2586936950684
Namibia,NAM,"Annualized average growth rate in per capita real survey mean consumption or income, total population (%)",SI.SPR.PCAP.ZG,..,..,..,..,..,..,..,..,..,..,..,..,..,..,..,..,..,..,..,..,..,..,..,..,..,6.64,..,..,..,..,..
Namibia,NAM,Births attended by skilled health staff (% of total),SH.STA.BRTC.ZS,..,..,68.2,..,..,..,..,..,..,..,75.5,..,..,..,..,..,..,81.4,..,..,..,..,..,88.2,..,..,..,..,..,..,..
Namibia,NAM,Coverage of social insurance programs (% of population),per_si_allsi.cov_pop_tot,..,..,..,..,..,..,..,..,..,..,..,..,..,..,..,..,..,..,..,0.968663599554186,..,..,..,..,..,3.851557065,..,..,..,..,..
Namibia,NAM,"Debt service (PPG and IMF only, % of exports of goods, services and primary income)",DT.TDS.DPPF.XP.ZS,..,..,..,..,..,..,..,..,..,..,..,..,..,..,..,..,..,..,..,..,..,..,..,..,..,..,..,..,..,..,..
Namibia,NAM,Employment in industry (% of total employment) (modeled ILO estimate),SL.IND.EMPL.ZS,..,15.0500001907349,14.9099998474121,14.7700004577637,14.6199998855591,14.5200004577637,14.3699998855591,14.2700004577637,13.6000003814697,12.9200000762939,12.3100004196167,12.7799997329712,13.3699998855591,14.1000003814697,14.8299999237061,14.6599998474121,14.5699996948242,14.4499998092651,14.2700004577637,14.1800003051758,14.0500001907349,13.960000038147,13.8800001144409,14.4399995803833,14.8299999237061,16.9899997711182,19.3299999237061,17.6599998474121,16.2199993133545,16.3999996185303,..
Nauru,NRU,Access to electricity (% of population),EG.ELC.ACCS.ZS,98.9990844726563,99.0413055419922,99.0834197998047,99.1248550415039,99.164924621582,99.2029571533203,99.2382659912109,99.2701797485352,99.2980117797852,99.3210067749023,99.4370880126953,99.4156341552734,99.386589050293,99.3523178100586,99.3151550292969,99.2774505615234,99.2416305541992,99.8000030517578,99.1862487792969,99.1721115112305,99.1706314086914,99,99.2164459228516,99.2682113647461,99.3377914428711,99,99.7128829956055,99.8700408935547,99.92822265625,100,100
Nauru,NRU,"Annualized average growth rate in per capita real survey mean consumption or income, total population (%)",SI.SPR.PCAP.ZG,..,..,..,..,..,..,..,..,..,..,..,..,..,..,..,..,..,..,..,..,..,..,..,..,..,..,..,..,..,..,..
Nauru,NRU,Births attended by skilled health staff (% of total),SH.STA.BRTC.ZS,..,..,..,..,..,..,..,..,..,..,..,..,..,..,..,..,..,97.4,..,..,..,..,..,..,..,..,..,..,..,..,..
Nauru,NRU,Coverage of social insurance programs (% of population),per_si_allsi.cov_pop_tot,..,..,..,..,..,..,..,..,..,..,..,..,..,..,..,..,..,..,..,..,..,..,..,..,..,..,..,..,..,..,..
Nauru,NRU,"Debt service (PPG and IMF only, % of exports of goods, services and primary income)",DT.TDS.DPPF.XP.ZS,..,..,..,..,..,..,..,..,..,..,..,..,..,..,..,..,..,..,..,..,..,..,..,..,..,..,..,..,..,..,..
Nauru,NRU,Employment in industry (% of total employment) (modeled ILO estimate),SL.IND.EMPL.ZS,..,..,..,..,..,..,..,..,..,..,..,..,..,..,..,..,..,..,..,..,..,..,..,..,..,..,..,..,..,..,..
Nepal,NPL,Access to electricity (% of population),EG.ELC.ACCS.ZS,..,..,..,..,..,..,17.9,18.1328678131104,21.7325325012207,25.3273544311523,29.0462665557861,24.6000003814697,35.8874092102051,39.2989501953125,37.2000007629395,46.1157302856445,51.2000007629395,52.9402351379395,56.3619804382324,59.7936668395996,68.5999984741211,67.2600021362305,74.9659729003906,77.466194152832,84.9000015258789,82.5239562988281,90.6999969482422,87.8963470458984,93.9199981689453,89.9000015258789,89.9000015258789
Nepal,NPL,"Annualized average growth rate in per capita real survey mean consumption or income, total population (%)",SI.SPR.PCAP.ZG,..,..,..,..,..,..,..,..,..,..,..,..,..,..,..,..,..,..,..,..,4.68,..,..,..,..,..,..,..,..,..,..
Nepal,NPL,Births attended by skilled health staff (% of total),SH.STA.BRTC.ZS,..,7.4,..,..,..,..,9,..,..,..,11.9,10.9,..,..,15.8,..,18.7,..,..,..,..,36,..,..,55.6,..,58,58,..,..,..
Nepal,NPL,Coverage of social insurance programs (% of population),per_si_allsi.cov_pop_tot,..,..,..,..,..,..,..,..,..,..,..,..,..,..,..,..,..,..,..,..,5.25896121599293,..,..,..,..,..,..,..,..,..,..
Nepal,NPL,"Debt service (PPG and IMF only, % of exports of goods, services and primary income)",DT.TDS.DPPF.XP.ZS,14.5305466538726,11.174427829884,9.18188494567217,8.61470212605132,7.81418117397582,7.68681651501022,6.52556162103125,6.92983413179939,7.93818128253091,7.99556078534268,7.39802455027777,7.70428008839903,10.1935211592947,10.0475411360316,8.9637800148073,8.1801645541717,9.68185903035934,8.60646489495267,8.24005463218328,9.97209566513944,10.4126541799057,8.99735950964327,10.0288654400737,8.59027441500856,7.82253912782235,7.88550976659134,8.65970032207813,7.37838552402807,6.59805769677337,7.42330901362848,11.6330533930538
Nepal,NPL,Employment in industry (% of total employment) (modeled ILO estimate),SL.IND.EMPL.ZS,..,2.75999999046326,3.21000003814697,3.74000000953674,4.44999980926514,5.19999980926514,6.11999988555908,7.19999980926514,8.38000011444092,9.84000015258789,10.5200004577637,10.9799995422363,11.210000038147,11.539999961853,11.8000001907349,11.9700002670288,12.1199998855591,12.25,12.5699996948242,12.7399997711182,12.9899997711182,13.1599998474121,13.4099998474121,13.6499996185303,13.9799995422363,14.1400003433228,14.0500001907349,14.4799995422363,14.8100004196167,15.1099996566772,..
Netherlands,NLD,Access to electricity (% of population),EG.ELC.ACCS.ZS,100,100,100,100,100,100,100,100,100,100,100,100,100,100,100,100,100,100,100,100,100,100,100,100,100,100,100,100,100,100,100
Netherlands,NLD,"Annualized average growth rate in per capita real survey mean consumption or income, total population (%)",SI.SPR.PCAP.ZG,..,..,..,..,..,..,..,..,..,..,..,..,..,..,..,..,..,..,..,..,..,..,..,..,..,..,..,..,..,2.81,..
Netherlands,NLD,Births attended by skilled health staff (% of total),SH.STA.BRTC.ZS,..,..,..,..,..,..,..,..,100,..,..,..,..,100,..,..,..,..,..,..,..,..,..,..,..,..,..,..,..,..,..
Netherlands,NLD,Coverage of social insurance programs (% of population),per_si_allsi.cov_pop_tot,..,..,..,..,..,..,..,..,..,..,..,..,..,..,..,..,..,..,..,..,..,..,..,..,..,..,..,..,..,..,..
Netherlands,NLD,"Debt service (PPG and IMF only, % of exports of goods, services and primary income)",DT.TDS.DPPF.XP.ZS,..,..,..,..,..,..,..,..,..,..,..,..,..,..,..,..,..,..,..,..,..,..,..,..,..,..,..,..,..,..,..
Netherlands,NLD,Employment in industry (% of total employment) (modeled ILO estimate),SL.IND.EMPL.ZS,..,25.0699996948242,24.6700000762939,24.1399993896484,23.3500003814697,23.3500003814697,23.1599998474121,22.8799991607666,22.7600002288818,22.3299999237061,21.5799999237061,21.5699996948242,20.9799995422363,19.9099998474121,20.0799999237061,21.0400009155273,20.6299991607666,19.7800006866455,19.1299991607666,18.5200004577637,17.7000007629395,17.1700000762939,17.2099990844727,16.5200004577637,16.2299995422363,16.4300003051758,16.4799995422363,16.5200004577637,16.1700000762939,16.1100006103516,..
New Caledonia,NCL,Access to electricity (% of population),EG.ELC.ACCS.ZS,99.8443069458008,99.8758163452148,99.906867980957,99.937255859375,99.9650802612305,100,100,100,100,100,100,100,100,100,100,100,100,100,100,100,100,100,100,100,100,100,100,100,100,100,100
New Caledonia,NCL,"Annualized average growth rate in per capita real survey mean consumption or income, total population (%)",SI.SPR.PCAP.ZG,..,..,..,..,..,..,..,..,..,..,..,..,..,..,..,..,..,..,..,..,..,..,..,..,..,..,..,..,..,..,..
New Caledonia,NCL,Births attended by skilled health staff (% of total),SH.STA.BRTC.ZS,..,..,..,..,..,..,..,..,..,..,..,..,..,..,..,..,..,..,..,..,..,..,..,..,..,..,..,..,..,..,..
New Caledonia,NCL,Coverage of social insurance programs (% of population),per_si_allsi.cov_pop_tot,..,..,..,..,..,..,..,..,..,..,..,..,..,..,..,..,..,..,..,..,..,..,..,..,..,..,..,..,..,..,..
New Caledonia,NCL,"Debt service (PPG and IMF only, % of exports of goods, services and primary income)",DT.TDS.DPPF.XP.ZS,..,..,..,..,..,..,..,..,..,..,..,..,..,..,..,..,..,..,..,..,..,..,..,..,..,..,..,..,..,..,..
New Caledonia,NCL,Employment in industry (% of total employment) (modeled ILO estimate),SL.IND.EMPL.ZS,..,23.2299995422363,23.2600002288818,23.3799991607666,23.4200000762939,23.5100002288818,23.3999996185303,24.1399993896484,24.2299995422363,23.8199996948242,23.3799991607666,23.0400009155273,22.6399993896484,22.1599998474121,21.5699996948242,21.3099994659424,21.3999996185303,21.9899997711182,22.3700008392334,22.1700000762939,22.0699996948242,22.5699996948242,22.8199996948242,22.9400005340576,22.5699996948242,22.7000007629395,22.7900009155273,22.7099990844727,22.75,22.8700008392334,..
New Zealand,NZL,Access to electricity (% of population),EG.ELC.ACCS.ZS,100,100,100,100,100,100,100,100,100,100,100,100,100,100,100,100,100,100,100,100,100,100,100,100,100,100,100,100,100,100,100
New Zealand,NZL,"Annualized average growth rate in per capita real survey mean consumption or income, total population (%)",SI.SPR.PCAP.ZG,..,..,..,..,..,..,..,..,..,..,..,..,..,..,..,..,..,..,..,..,..,..,..,..,..,..,..,..,..,..,..
New Zealand,NZL,Births attended by skilled health staff (% of total),SH.STA.BRTC.ZS,..,..,..,..,95,100,..,..,..,92,97.3,96.6,99.2,98.2,94,96.6,96.8,96.7,96.7,96.7,96.7,96.7,96.9,96.6,96.6,96.3,..,96.6,..,..,..
New Zealand,NZL,Coverage of social insurance programs (% of population),per_si_allsi.cov_pop_tot,..,..,..,..,..,..,..,..,..,..,..,..,..,..,..,..,..,..,..,..,..,..,..,..,..,..,..,..,..,..,..
New Zealand,NZL,"Debt service (PPG and IMF only, % of exports of goods, services and primary income)",DT.TDS.DPPF.XP.ZS,..,..,..,..,..,..,..,..,..,..,..,..,..,..,..,..,..,..,..,..,..,..,..,..,..,..,..,..,..,..,..
New Zealand,NZL,Employment in industry (% of total employment) (modeled ILO estimate),SL.IND.EMPL.ZS,..,25.5499992370605,25.2900009155273,25.2000007629395,25.2600002288818,24.8899993896484,24.4400005340576,24.0400009155273,24.2399997711182,23.1000003814697,23.3299999237061,22.8799991607666,22.7399997711182,22.5599994659424,22.9400005340576,22.3700008392334,22.6700000762939,22.2399997711182,21.8600006103516,20.8799991607666,20.6399993896484,20.0499992370605,19.8400001525879,19.8099994659424,20.4699993133545,21.5900001525879,20.1299991607666,20.4500007629395,19.7900009155273,19.2900009155273,..
Nicaragua,NIC,Access to electricity (% of population),EG.ELC.ACCS.ZS,..,..,..,72.064174,69.2538299560547,69.8499069213867,70.4432601928711,71.0332107543945,69.047103,72.2001266479492,72.7815704345703,72.2215805053711,73.8582916259766,74.3876266479492,74.9140777587891,73.8218154907227,75.9677734375,76.5000762939453,77.0396118164063,77.9163131713867,78.1512145996094,78.7286987304688,79.63916015625,80.8234405517578,81.8530731201172,83.2493286132813,84.6401138305664,85.9898376464844,87.1166763305664,88.0583267211914,88.9073791503906
Nicaragua,NIC,"Annualized average growth rate in per capita real survey mean consumption or income, total population (%)",SI.SPR.PCAP.ZG,..,..,..,..,..,..,..,..,..,..,..,..,..,..,..,..,..,..,..,..,..,..,..,..,6.52,..,..,..,..,..,..
Nicaragua,NIC,Births attended by skilled health staff (% of total),SH.STA.BRTC.ZS,..,..,..,61,..,..,..,..,64.6,..,..,66.9,..,..,..,..,..,73.7,..,..,74,74,88,93.8,95,95,95,96,..,..,..
Nicaragua,NIC,Coverage of social insurance programs (% of population),per_si_allsi.cov_pop_tot,..,..,..,..,..,..,..,..,..,..,..,..,..,..,..,25.4297142950629,..,..,..,5.61419945266473,..,..,..,..,13.7080391702969,..,..,..,..,..,..
Nicaragua,NIC,"Debt service (PPG and IMF only, % of exports of goods, services and primary income)",DT.TDS.DPPF.XP.ZS,3.44529702970297,155.429415718391,27.189787594697,33.3820855877617,40.8816444440855,45.3956849437392,31.6100905477974,38.5772277761804,20.7792488905257,16.3040964095882,15.9481410748755,13.9484779964033,11.9267676225919,12.7771543403629,6.20996277845282,8.20403154488329,4.60435441722346,9.79572981944555,3.10020027917928,3.53366039725787,2.52497242317946,2.3766618072507,2.08395308153072,2.2827159167963,2.61408260304975,3.09988229423529,3.68365365610946,3.91107595668992,4.37865195370567,5.34633931019045,6.57421789262568
Nicaragua,NIC,Employment in industry (% of total employment) (modeled ILO estimate),SL.IND.EMPL.ZS,..,17.6800003051758,17.5200004577637,17.3400001525879,17.4500007629395,17.5400009155273,17.6700000762939,17.6800003051758,17.6900005340576,17.9899997711182,18.0200004577637,18.0900001525879,17.9799995422363,17.9599990844727,18.3700008392334,19.6800003051758,19.2900009155273,20.3099994659424,19.6200008392334,18.6299991607666,18.3099994659424,18.2000007629395,18.1200008392334,17.8700008392334,17.6700000762939,17.7000007629395,17.7000007629395,17.6900005340576,16.9300003051758,16.2399997711182,..
Niger,NER,Access to electricity (% of population),EG.ELC.ACCS.ZS,..,..,4.4,4.01213979721069,4.57177639007568,6.2,7,6.23572778701782,6.7,7.32568216323853,6.48148155212402,8.36194133758545,8.85894775390625,9.3507194519043,9.8396053314209,7.09999990463257,9.30000019073486,11.3129186630249,11.8148918151855,12.3268060684204,13.2774925231934,14.3000001907349,14.3999996185303,15.1700057983398,15.7705421447754,16.6000003814697,17.271520614624,18.0495262145996,17.6000003814697,18.9745712280273,19.2519092559814
Niger,NER,"Annualized average growth rate in per capita real survey mean consumption or income, total population (%)",SI.SPR.PCAP.ZG,..,..,..,..,..,..,..,..,..,..,..,..,..,..,..,..,..,..,..,..,..,..,..,..,3.26,..,..,..,..,..,..
Niger,NER,Births attended by skilled health staff (% of total),SH.STA.BRTC.ZS,..,..,14.9,..,..,..,..,..,17.6,..,15.7,..,..,..,..,..,17.7,..,..,..,..,..,29.3,..,..,39.7,39.1,..,..,..,..
Niger,NER,Coverage of social insurance programs (% of population),per_si_allsi.cov_pop_tot,..,..,..,..,..,..,..,..,..,..,..,..,..,..,..,..,..,..,..,..,..,1.41793184706884,..,..,1.3730994574391,..,..,..,..,..,..
Niger,NER,"Debt service (PPG and IMF only, % of exports of goods, services and primary income)",DT.TDS.DPPF.XP.ZS,6.59421176849636,12.2687430440298,5.40958073426661,15.9658252388455,12.6082857464529,7.7953800053515,7.06512916056101,14.324323221146,9.42732352279845,8.67168651555765,6.80460860802328,6.10620033217677,4.99535343442582,6.68444208376971,5.74136074334221,5.34545661273765,25.1400194391796,2.0855066295241,1.56474247882748,2.48937624475613,1.34310764557589,2.13305534072708,2.42685689663201,4.03493001701514,6.14334352853732,6.17057422324047,8.29740013102778,8.53450448394606,7.80594376630358,9.13204390950798,..
Niger,NER,Employment in industry (% of total employment) (modeled ILO estimate),SL.IND.EMPL.ZS,..,9.38000011444092,9.30000019073486,9.21000003814697,9.10000038146973,9.01000022888184,8.89999961853027,8.77999973297119,8.65999984741211,8.53999996185303,8.38000011444092,8.23999977111816,8.09000015258789,7.96000003814697,7.84000015258789,7.71000003814697,7.59999990463257,7.5,7.40000009536743,7.32999992370605,7.25,7.17999982833862,7.15999984741211,7.13000011444092,7.05999994277954,6.98000001907349,6.90999984741211,6.84999990463257,6.78000020980835,6.71000003814697,..
Nigeria,NGA,Access to electricity (% of population),EG.ELC.ACCS.ZS,27.3,35.2346000671387,36.0994606018066,36.9636459350586,37.8264694213867,38.6872520446777,39.5453186035156,40.3999824523926,41.2505683898926,44.9,43.1214599609375,43.880672454834,44.6323013305664,52.2000007629395,46.122200012207,46.8651695251465,47.6100158691406,50.1309204101563,50.2999992370605,49.8825073242188,48,55.9000015258789,53.2312431335449,55.5999984741211,54.0482292175293,52.5,59.2999992370605,54.4000015258789,56.5,55.4000015258789,55.4000015258789
Nigeria,NGA,"Annualized average growth rate in per capita real survey mean consumption or income, total population (%)",SI.SPR.PCAP.ZG,..,..,..,..,..,..,..,..,..,..,..,..,..,..,..,..,..,..,..,..,..,..,..,..,..,..,..,..,..,..,..
Nigeria,NGA,Births attended by skilled health staff (% of total),SH.STA.BRTC.ZS,30.8,..,..,..,..,..,..,..,..,41.6,..,..,..,35.2,..,..,..,..,34.4,..,..,47.3,..,35.2,..,..,..,43,43.3,..,..
Nigeria,NGA,Coverage of social insurance programs (% of population),per_si_allsi.cov_pop_tot,..,..,..,..,..,..,..,..,..,..,..,..,..,..,..,..,..,..,..,..,..,..,1.2460628835272,..,..,2.70706889939629,..,..,3.305229043,..,..
Nigeria,NGA,"Debt service (PPG and IMF only, % of exports of goods, services and primary income)",DT.TDS.DPPF.XP.ZS,22.255004768733,21.3939966417063,18.1548939840379,12.837839538058,18.3191854692215,14.0457198036604,12.6900580521051,8.37683690417149,12.5160827198878,6.97141661561635,8.20590766795106,12.4597644319012,7.82801221056347,5.92562799725576,4.47019555979303,15.4107430443099,10.980778826887,1.44236928447311,0.47532000762737,0.728729341787334,0.376472989338741,0.342972497923575,0.253796968434743,0.395409007556741,0.307681291911202,0.796938691391486,0.898684298653299,0.6596546360873,2.10981404661271,1.95729398505081,3.81417001723553
Nigeria,NGA,Employment in industry (% of total employment) (modeled ILO estimate),SL.IND.EMPL.ZS,..,13.4200000762939,13.3299999237061,13.2700004577637,13.2399997711182,13.1199998855591,12.9899997711182,12.8900003433228,12.7200002670288,12.5600004196167,12.3599996566772,12.2700004577637,12.0699996948242,11.9700002670288,11.789999961853,11.4399995803833,11.1199998855591,10.8599996566772,10.6400003433228,10.4499998092651,10.25,10.1499996185303,10.9499998092651,11.8100004196167,11.8900003433228,11.9399995803833,12.0299997329712,12.0500001907349,12.0200004577637,12,..
North America,NAC,Access to electricity (% of population),EG.ELC.ACCS.ZS,100,100,100,100,100,100,100,100,100,100,100,100,100,100,100,100,100,100,100,100,100,100,100,100,100,100,100,100,100,100,100
North America,NAC,"Annualized average growth rate in per capita real survey mean consumption or income, total population (%)",SI.SPR.PCAP.ZG,..,..,..,..,..,..,..,..,..,..,..,..,..,..,..,..,..,..,..,..,..,..,..,..,..,..,..,..,..,..,..
North America,NAC,Births attended by skilled health staff (% of total),SH.STA.BRTC.ZS,99.1909389044237,..,..,..,..,..,..,..,..,..,99.3925233040371,..,..,..,..,..,..,..,..,..,99.3227707525621,..,..,..,..,..,..,..,99.0011462622948,..,..
North America,NAC,Coverage of social insurance programs (% of population),per_si_allsi.cov_pop_tot,..,..,..,..,..,..,..,..,..,..,..,..,..,..,..,..,..,..,..,..,..,..,..,..,..,..,..,..,..,..,..
North America,NAC,"Debt service (PPG and IMF only, % of exports of goods, services and primary income)",DT.TDS.DPPF.XP.ZS,..,..,..,..,..,..,..,..,..,..,..,..,..,..,..,..,..,..,..,..,..,..,..,..,..,..,..,..,..,..,..
North America,NAC,Employment in industry (% of total employment) (modeled ILO estimate),SL.IND.EMPL.ZS,..,25.752890777533,25.5710027924212,25.4008163558385,25.3543718157165,25.2440470992809,25.0656947775605,24.9325559686143,24.7469832496723,24.5377863382861,24.3275219257835,23.6727410068458,22.798682094455,22.5037552718595,22.4584535803893,22.3044162734478,22.3252273391252,22.0909032823143,21.4599990844727,20.0312746239112,19.695875732029,19.7738741526932,19.8191214987006,19.9918966862072,20.0018335199561,19.8664943211394,19.7681671378107,19.7083838077993,19.8375230597812,19.8380217172458,..
North Macedonia,MKD,Access to electricity (% of population),EG.ELC.ACCS.ZS,100,100,100,100,100,100,100,100,100,100,100,100,100,100,99.4199981689453,100,99,100,99.1999969482422,99.1999969482422,100,99.7261657714844,100,100,100,100,100,100,99.8000030517578,100,100
North Macedonia,MKD,"Annualized average growth rate in per capita real survey mean consumption or income, total population (%)",SI.SPR.PCAP.ZG,..,..,..,..,..,..,..,..,..,..,..,..,..,..,..,..,..,..,..,..,..,..,..,..,..,..,..,..,4.93,..,..
North Macedonia,MKD,Births attended by skilled health staff (% of total),SH.STA.BRTC.ZS,88.9,89.3,90.9,93.3,93.4,94.1,95,95.6,96.6,97,97.7,97.6,98.2,99,99,99.1,97.8,99.6,99.7,99.8,99.9,89.1,99.9,99.9,99.9,99.9,99.9,99.9,99.9,..,..
North Macedonia,MKD,Coverage of social insurance programs (% of population),per_si_allsi.cov_pop_tot,..,..,..,..,..,..,..,..,..,..,..,..,..,..,..,..,..,..,..,..,..,..,..,..,..,..,..,..,..,..,..
North Macedonia,MKD,"Debt service (PPG and IMF only, % of exports of goods, services and primary income)",DT.TDS.DPPF.XP.ZS,..,..,..,..,..,..,4.95951446032257,9.77874084716473,10.0151434994687,8.82371672313747,6.6292446520098,14.0183669654463,15.3545953884489,11.2154912791441,8.02558814600084,6.14856545161779,13.8636517137688,10.5504834335549,2.93049257011998,4.25611706675265,4.0836467983065,3.75327774573904,5.22255259117389,10.7565667145723,6.47759160562326,11.3806560362992,7.0534057143791,5.84358411059756,6.56607047796313,4.20771075490612,10.0526667110359
North Macedonia,MKD,Employment in industry (% of total employment) (modeled ILO estimate),SL.IND.EMPL.ZS,..,36.8300018310547,36.6199989318848,36.1199989318848,35.8300018310547,35.6800003051758,35.4099998474121,35.1500015258789,34.9300003051758,34.7799987792969,34.6800003051758,33.7400016784668,33.2999992370605,33.9099998474121,33.4900016784668,32.9300003051758,32.6300010681152,31.3299999237061,31.1299991607666,30.5,30.3099994659424,30,29.8700008392334,30.3799991607666,30.3600006103516,30.5,30.3099994659424,30.5499992370605,31.3600006103516,31.1299991607666,..
Northern Mariana Islands,MNP,Access to electricity (% of population),EG.ELC.ACCS.ZS,99.8532638549805,99.8843765258789,99.9150314331055,99.9449234008789,99.9716415405273,100,100,100,100,100,100,100,99.9876327514648,99.9618988037109,99.9228057861328,99.8775787353516,99.8331909179688,100,100,100,100,100,100,100,100,100,100,100,100,100,100
Northern Mariana Islands,MNP,"Annualized average growth rate in per capita real survey mean consumption or income, total population (%)",SI.SPR.PCAP.ZG,..,..,..,..,..,..,..,..,..,..,..,..,..,..,..,..,..,..,..,..,..,..,..,..,..,..,..,..,..,..,..
Northern Mariana Islands,MNP,Births attended by skilled health staff (% of total),SH.STA.BRTC.ZS,..,..,..,..,..,..,..,..,..,..,99.6,..,..,..,..,..,..,..,..,..,..,..,..,..,..,..,..,..,..,..,..
Northern Mariana Islands,MNP,Coverage of social insurance programs (% of population),per_si_allsi.cov_pop_tot,..,..,..,..,..,..,..,..,..,..,..,..,..,..,..,..,..,..,..,..,..,..,..,..,..,..,..,..,..,..,..
Northern Mariana Islands,MNP,"Debt service (PPG and IMF only, % of exports of goods, services and primary income)",DT.TDS.DPPF.XP.ZS,..,..,..,..,..,..,..,..,..,..,..,..,..,..,..,..,..,..,..,..,..,..,..,..,..,..,..,..,..,..,..
Northern Mariana Islands,MNP,Employment in industry (% of total employment) (modeled ILO estimate),SL.IND.EMPL.ZS,..,..,..,..,..,..,..,..,..,..,..,..,..,..,..,..,..,..,..,..,..,..,..,..,..,..,..,..,..,..,..
Norway,NOR,Access to electricity (% of population),EG.ELC.ACCS.ZS,100,100,100,100,100,100,100,100,100,100,100,100,100,100,100,100,100,100,100,100,100,100,100,100,100,100,100,100,100,100,100
Norway,NOR,"Annualized average growth rate in per capita real survey mean consumption or income, total population (%)",SI.SPR.PCAP.ZG,..,..,..,..,..,..,..,..,..,..,..,..,..,..,..,..,..,..,..,..,..,..,..,..,..,..,..,..,..,0.36,..
Norway,NOR,Births attended by skilled health staff (% of total),SH.STA.BRTC.ZS,99.4,99.3,99.3,99.4,99.3,99.2,99.2,99.1,99.1,99.1,99,99.1,99.1,99,99.1,99.2,99.2,99.1,99.2,99.2,99.1,99.2,99.2,99.1,99.1,99.1,99.1,99.2,99.2,..,..
Norway,NOR,Coverage of social insurance programs (% of population),per_si_allsi.cov_pop_tot,..,..,..,..,..,..,..,..,..,..,..,..,..,..,..,..,..,..,..,..,..,..,..,..,..,..,..,..,..,..,..
Norway,NOR,"Debt service (PPG and IMF only, % of exports of goods, services and primary income)",DT.TDS.DPPF.XP.ZS,..,..,..,..,..,..,..,..,..,..,..,..,..,..,..,..,..,..,..,..,..,..,..,..,..,..,..,..,..,..,..
Norway,NOR,Employment in industry (% of total employment) (modeled ILO estimate),SL.IND.EMPL.ZS,..,23.6499996185303,23.5100002288818,23.3099994659424,23.2800006866455,23.0599994659424,23.0300006866455,23.4599990844727,22.8099994659424,22.2600002288818,21.7900009155273,21.75,21.6800003051758,21.6700000762939,20.7900009155273,20.8500003814697,20.8199996948242,21.1800003051758,21.1000003814697,20.2199993133545,19.7000007629395,20.25,20.2299995422363,20.3199996948242,20.4400005340576,20.1200008392334,19.4699993133545,19.4099998474121,19.4699993133545,19.4200000762939,..
OECD members,OED,Access to electricity (% of population),EG.ELC.ACCS.ZS,99.5424008554005,99.6409755355259,99.1164507048308,99.3171414289911,99.3066035088955,99.307844397422,99.3869418687773,99.4195350975606,99.4172227914859,99.4713236822601,99.6410266101163,99.6690124899351,99.6137433363474,99.5970971913572,99.688657974332,99.7666513211041,99.7659490665994,99.6500783977641,99.7627947546636,99.6889763605622,99.8105647791882,99.7889688978717,99.8138549827564,99.8375773803534,99.844136019506,99.8379311453184,99.8947696314191,99.9400948963844,99.8976007455723,99.9525509159537,99.9432847912632
OECD members,OED,"Annualized average growth rate in per capita real survey mean consumption or income, total population (%)",SI.SPR.PCAP.ZG,..,..,..,..,..,..,..,..,..,..,..,..,..,..,..,..,..,..,..,..,..,..,..,..,..,..,..,..,..,..,..
OECD members,OED,Births attended by skilled health staff (% of total),SH.STA.BRTC.ZS,..,..,..,..,..,..,..,..,..,..,95.4207880331918,..,..,..,..,..,..,..,..,..,97.768347028914,..,..,..,..,..,..,..,98.5114340002342,..,..
OECD members,OED,Coverage of social insurance programs (% of population),per_si_allsi.cov_pop_tot,..,..,..,..,..,..,..,..,..,..,..,..,..,..,..,..,..,..,..,..,..,..,..,..,..,..,..,..,..,..,..
OECD members,OED,"Debt service (PPG and IMF only, % of exports of goods, services and primary income)",DT.TDS.DPPF.XP.ZS,..,..,..,..,..,..,..,..,..,..,..,..,..,..,..,..,..,..,..,..,..,..,..,..,..,..,..,..,..,..,..
OECD members,OED,Employment in industry (% of total employment) (modeled ILO estimate),SL.IND.EMPL.ZS,..,30.1642340035434,29.8283069998799,29.3650864236295,28.9864970965817,28.742109411303,28.4288263564846,28.1537156477632,27.7750816756589,27.4591421039498,27.2951218300025,26.7439473784236,26.1519122811916,25.7470983656109,25.5186269434492,25.265202006619,25.2158320289168,25.121204450164,24.7163384507651,23.5195957042682,23.1823409072061,23.1341156806422,22.9326714816481,22.9592001934205,22.8904704253383,22.8048048994932,22.7140321146132,22.7192924365969,22.7714651936253,22.5707072330101,..
Oman,OMN,Access to electricity (% of population),EG.ELC.ACCS.ZS,100,100,100,100,100,100,100,100,100,100,100,100,100,100,100,100,100,100,100,100,100,100,100,100,100,100,100,100,100,100,100
Oman,OMN,"Annualized average growth rate in per capita real survey mean consumption or income, total population (%)",SI.SPR.PCAP.ZG,..,..,..,..,..,..,..,..,..,..,..,..,..,..,..,..,..,..,..,..,..,..,..,..,..,..,..,..,..,..,..
Oman,OMN,Births attended by skilled health staff (% of total),SH.STA.BRTC.ZS,..,..,..,..,..,91.1,..,..,..,..,94.7,..,..,..,..,98,98,99,98.6,98.6,98.6,98.6,98.6,98.6,99.1,98.65,98.68,98.68,98.6,..,..
Oman,OMN,Coverage of social insurance programs (% of population),per_si_allsi.cov_pop_tot,..,..,..,..,..,..,..,..,..,..,..,..,..,..,..,..,..,..,..,..,..,..,..,..,..,..,..,..,..,..,..
Oman,OMN,"Debt service (PPG and IMF only, % of exports of goods, services and primary income)",DT.TDS.DPPF.XP.ZS,..,..,..,..,..,..,..,..,..,..,..,..,..,..,..,..,..,..,..,..,..,..,..,..,..,..,..,..,..,..,..
Oman,OMN,Employment in industry (% of total employment) (modeled ILO estimate),SL.IND.EMPL.ZS,..,7.40000009536743,7.5,7.57999992370605,7.55000019073486,7.61999988555908,7.67999982833862,8.47999954223633,9.1899995803833,10.0500001907349,11.1899995803833,12.4200000762939,13.6999998092651,15.1099996566772,16.75,18.8199996948242,21.1499996185303,23.5900001525879,26.1900005340576,30.8400001525879,36.8800010681152,35.9900016784668,35.6800003051758,34.8300018310547,34,33.2299995422363,32.5299987792969,32.1399993896484,32.4799995422363,32.0099983215332,..
Other small states,OSS,Access to electricity (% of population),EG.ELC.ACCS.ZS,..,..,..,..,..,..,..,..,..,..,56.4869899849501,57.0829833104255,54.3550810474643,55.6711385110572,57.4502579433155,58.7188068817999,60.5617380076559,62.1057805838275,63.3598277330087,63.8981080792348,66.0223162849505,68.0511603878361,69.245647616577,70.2581600666113,71.4222684342084,72.8397776423006,74.0521560652843,75.0975405297539,77.2757900827205,78.1356912200475,79.1946737448482
Other small states,OSS,"Annualized average growth rate in per capita real survey mean consumption or income, total population (%)",SI.SPR.PCAP.ZG,..,..,..,..,..,..,..,..,..,..,..,..,..,..,..,..,..,..,..,..,..,..,..,..,..,..,..,..,..,..,..
Other small states,OSS,Births attended by skilled health staff (% of total),SH.STA.BRTC.ZS,..,..,..,..,..,..,..,..,..,..,67.1181469937123,..,..,..,..,..,..,..,..,..,74.8823867132194,..,..,..,..,..,..,..,83.1471228982268,..,..
Other small states,OSS,Coverage of social insurance programs (% of population),per_si_allsi.cov_pop_tot,..,..,..,..,..,..,..,..,..,..,..,..,..,..,..,..,..,..,..,..,..,..,..,..,..,..,..,..,..,..,..
Other small states,OSS,"Debt service (PPG and IMF only, % of exports of goods, services and primary income)",DT.TDS.DPPF.XP.ZS,..,..,..,..,..,..,..,..,..,..,..,..,..,..,..,..,..,..,..,..,..,..,..,..,..,..,..,..,..,..,..
Other small states,OSS,Employment in industry (% of total employment) (modeled ILO estimate),SL.IND.EMPL.ZS,..,23.2413833695216,22.8314335308456,22.2122161654691,21.9965385197049,22.1255850963017,21.8198812174417,21.6251691139279,21.4150408533467,21.0404945790518,21.4080286948445,21.2767377183966,21.1101719860183,20.9736227239375,21.3783140299656,21.4404734038427,21.6573230874784,23.1461138798925,24.6871989833647,24.5794653122249,24.6574747720674,24.7725793998437,24.4176526355498,24.4396034076673,24.7136299923391,25.126694472512,25.3923014113251,25.1465834198226,24.9880200205686,24.9500161164442,..
Pakistan,PAK,Access to electricity (% of population),EG.ELC.ACCS.ZS,..,..,..,..,..,..,..,..,70.46,70.2653503417969,70.3106002807617,70.3615341186523,70.4048767089844,70.4429931640625,70.4782180786133,70.5129013061523,70.5494689941406,70.5905456542969,70.6388626098633,70.6971130371094,70.7680206298828,70.8542785644531,70.958610534668,71.0827713012695,71.224739074707,71.3815460205078,71.5502243041992,70.7900009155273,72.7831039428711,74.1276931762695,75.3796920776367
Pakistan,PAK,"Annualized average growth rate in per capita real survey mean consumption or income, total population (%)",SI.SPR.PCAP.ZG,..,..,..,..,..,..,..,..,..,..,..,..,..,..,..,..,..,..,..,..,..,..,..,..,..,..,..,..,1.25,..,..
Pakistan,PAK,Births attended by skilled health staff (% of total),SH.STA.BRTC.ZS,..,18.8,..,..,..,..,..,18,..,18,..,23,23,..,..,31,56,38.8,38,41,..,43,51,52.1,..,..,..,..,69.3,..,..
Pakistan,PAK,Coverage of social insurance programs (% of population),per_si_allsi.cov_pop_tot,..,..,..,..,..,..,..,..,..,..,..,..,..,..,..,..,..,6.81569268330496,..,7.72206340727278,..,..,..,6.00800770169284,..,5.93510652071786,..,..,6.447974159,..,..
Pakistan,PAK,"Debt service (PPG and IMF only, % of exports of goods, services and primary income)",DT.TDS.DPPF.XP.ZS,22.7014140100662,20.4669095844706,22.7878198042904,24.5294639034986,32.9059270787145,24.3709488033728,24.8193630021064,32.9211472431058,18.8984594869019,21.9946722561783,21.0734673860603,21.368125707672,19.7005322708774,17.1545232684721,22.8734924904835,10.1629342129231,9.0947131963193,9.17671845054709,8.94451953551759,11.9634024472077,11.5398127769078,7.90382619040243,14.0690822723149,20.4348650507465,14.4562228796064,12.3375984378524,13.7522747952671,19.9458409748658,15.8201950013172,31.0886656878838,26.6378504228069
Pakistan,PAK,Employment in industry (% of total employment) (modeled ILO estimate),SL.IND.EMPL.ZS,..,21.6000003814697,21.6599998474121,21.5499992370605,21.4899997711182,21.4699993133545,21.4500007629395,21.2299995422363,21.0900001525879,20.9799995422363,20.9300003051758,20.8199996948242,20.6700000762939,20.7600002288818,20.5499992370605,20.3199996948242,20.7299995422363,20.9799995422363,20.1100006103516,20.9899997711182,21.4200000762939,21.7700004577637,22.3199996948242,22.9200000762939,22.8700008392334,24.0200004577637,23.5900001525879,24.2900009155273,24.9899997711182,24.9599990844727,..
Palau,PLW,Access to electricity (% of population),EG.ELC.ACCS.ZS,96.6253509521484,96.7627029418945,96.8999328613281,97.036491394043,97.1716842651367,97.3048400878906,97.4352722167969,97.5623092651367,97.6852645874023,97.8033752441406,98.1689987182617,98.2285537719727,98.280517578125,98.3272476196289,98.37109375,98.91650390625,98.459587097168,98.5092926025391,98.5662231445313,98.6330947875977,98.7126159667969,98.807502746582,97.6304244995117,99.0532302856445,99.810302734375,99.3692398071289,100,100,100,100,100
Palau,PLW,"Annualized average growth rate in per capita real survey mean consumption or income, total population (%)",SI.SPR.PCAP.ZG,..,..,..,..,..,..,..,..,..,..,..,..,..,..,..,..,..,..,..,..,..,..,..,..,..,..,..,..,..,..,..
Palau,PLW,Births attended by skilled health staff (% of total),SH.STA.BRTC.ZS,100,..,..,..,..,100,..,..,100,..,100,..,100,..,..,..,100,100,100,99.3,99.6,100,97.4,99.1,100,100,100,100,100,..,..
Palau,PLW,Coverage of social insurance programs (% of population),per_si_allsi.cov_pop_tot,..,..,..,..,..,..,..,..,..,..,..,..,..,..,..,..,36.4229229809136,..,..,..,..,..,..,..,..,..,..,..,..,..,..
Palau,PLW,"Debt service (PPG and IMF only, % of exports of goods, services and primary income)",DT.TDS.DPPF.XP.ZS,..,..,..,..,..,..,..,..,..,..,..,..,..,..,..,..,..,..,..,..,..,..,..,..,..,..,..,..,..,..,..
Palau,PLW,Employment in industry (% of total employment) (modeled ILO estimate),SL.IND.EMPL.ZS,..,..,..,..,..,..,..,..,..,..,..,..,..,..,..,..,..,..,..,..,..,..,..,..,..,..,..,..,..,..,..
Panama,PAN,Access to electricity (% of population),EG.ELC.ACCS.ZS,70.19,73.4431304931641,74.2556381225586,75.0674591064453,75.8779220581055,76.6863403320313,77.4920425415039,78.2943496704102,79.0925750732422,79.8859558105469,81.4014129638672,81.4562530517578,82.2009201049805,87.8000030517578,83.6769027709961,84.4129104614258,85.1507949829102,85.893196105957,86.6428375244141,87.4024124145508,86.8499984741211,88.9622192382813,89.7678680419922,89.0999984741211,91.436637878418,92.2947692871094,93.1647720336914,93.6999969482422,94.9285202026367,95.8163299560547,96.7046356201172
Panama,PAN,"Annualized average growth rate in per capita real survey mean consumption or income, total population (%)",SI.SPR.PCAP.ZG,..,..,..,..,..,..,..,..,..,..,..,..,..,..,..,..,..,..,..,..,..,..,..,..,..,..,..,..,..,4.47,..
Panama,PAN,Births attended by skilled health staff (% of total),SH.STA.BRTC.ZS,..,..,85.8,86.9,88,88.3,89.9,89.5,90,90.1,90.5,92.1,94.2,92.5,91.3,91.1,91,91.5,91.8,88.6,92.7,93.5,94.3,91.4,93.9,95,94.6,94.2,92.9,..,..
Panama,PAN,Coverage of social insurance programs (% of population),per_si_allsi.cov_pop_tot,..,..,..,..,..,..,..,..,..,..,..,..,..,..,..,..,..,..,16.2588914085251,18.7120423882349,18.3792890430729,17.462461690869,17.2491202625581,17.1851470704261,17.8827769650935,18.00074479,18.69681075,19.49913486,20.80287949,21.40987799,..
Panama,PAN,"Debt service (PPG and IMF only, % of exports of goods, services and primary income)",DT.TDS.DPPF.XP.ZS,..,..,..,..,..,..,..,..,..,..,..,..,..,..,..,..,..,..,..,..,3.82473074737077,4.18154379712676,4.92005346165569,4.43160590659001,2.99759506282801,5.32320077816263,4.64584011800071,6.1665765220803,4.51800741255724,5.01771600222864,13.1669343244736
Panama,PAN,Employment in industry (% of total employment) (modeled ILO estimate),SL.IND.EMPL.ZS,..,14.4499998092651,16.9799995422363,17.6200008392334,18.3799991607666,18.0699996948242,18.3700008392334,18.3600006103516,18.0699996948242,18.1900005340576,17.3700008392334,17.3099994659424,17,17.2199993133545,17.6399993896484,17.1800003051758,18.0699996948242,19.2800006866455,19.0799999237061,19.1700000762939,18.7099990844727,18.7399997711182,18.25,20.1399993896484,20.0799999237061,18.7199993133545,18.3899993896484,18.5499992370605,18.7600002288818,17.7199993133545,..
Papua New Guinea,PNG,Access to electricity (% of population),EG.ELC.ACCS.ZS,..,..,..,..,..,..,11,2.15848255157471,4.29508972167969,6.42685508728027,7.57701396942139,9.88218402862549,12.1797695159912,14.4721202850342,16.7615833282471,19.0505123138428,12.3999996185303,23.6366329193115,25.9391860961914,17.2000007629395,19.5,32.9173202514648,35.2758865356445,37.6542854309082,40.0504913330078,42.8782196044922,49.4000015258789,54.4000015258789,55.7273864746094,59.6629753112793,60.4000015258789
Papua New Guinea,PNG,"Annualized average growth rate in per capita real survey mean consumption or income, total population (%)",SI.SPR.PCAP.ZG,..,..,..,..,..,..,..,..,..,..,..,..,..,..,..,..,..,..,..,..,..,..,..,..,..,..,..,..,..,..,..
Papua New Guinea,PNG,Births attended by skilled health staff (% of total),SH.STA.BRTC.ZS,..,..,..,..,..,42,51.3,..,..,..,41,39,..,..,39,..,53,..,..,..,..,..,..,..,..,..,..,..,56.4,..,..
Papua New Guinea,PNG,Coverage of social insurance programs (% of population),per_si_allsi.cov_pop_tot,..,..,..,..,..,..,..,..,..,..,..,..,..,..,..,..,..,..,..,1.00516847867008,..,..,..,..,..,..,..,..,..,..,..
Papua New Guinea,PNG,"Debt service (PPG and IMF only, % of exports of goods, services and primary income)",DT.TDS.DPPF.XP.ZS,18.3753751675133,12.9148687672278,8.69290634132382,9.31293688029927,12.4572840561607,10.0661714622337,8.33313468549889,10.5664503449135,8.34070827669183,8.46879502449507,8.03667717442951,7.08632115445047,7.78231339443077,7.29530019343644,8.3893127402629,5.88044677662238,3.46083444316613,4.05114425872108,3.12153272571563,1.80600249574768,1.38379059316188,1.33752599886707,1.40368538170763,1.44775427180165,1.03222810094098,1.01493556605935,1.18148394474327,1.30776387982064,1.70360430202301,3.67945223698187,10.7689684255328
Papua New Guinea,PNG,Employment in industry (% of total employment) (modeled ILO estimate),SL.IND.EMPL.ZS,..,3.00999999046326,3.09999990463257,3.20000004768372,3.26999998092651,3.22000002861023,3.50999999046326,3.48000001907349,3.45000004768372,3.5,3.69000005722046,3.91000008583069,4.17999982833862,4.38000011444092,4.63000011444092,4.86999988555908,5.28000020980835,5.71999979019165,5.92000007629395,6.61999988555908,7.8899998664856,8.21000003814697,9,9.89999961853027,10.3299999237061,11.1199998855591,11.4099998474121,11.9200000762939,12.5699996948242,13.2299995422363,..
Paraguay,PRY,Access to electricity (% of population),EG.ELC.ACCS.ZS,..,..,..,..,..,77.469114,86.2600555419922,86.412854,87.7623672485352,88.518177,89.421142578125,91.0420684814453,91.6664428710938,92.5583953857422,93.2498779296875,94.6868896484375,96.7490463256836,96.4527740478516,96.6778945922852,96.8913345336914,97.4308624267578,98.2365570068359,97.8356170654297,99.0158843994141,99.0007171630859,99.3315353393555,98.4000015258789,99.3000030517578,99.5999984741211,99.6999969482422,100
Paraguay,PRY,"Annualized average growth rate in per capita real survey mean consumption or income, total population (%)",SI.SPR.PCAP.ZG,..,..,..,..,..,..,..,..,..,..,..,..,..,..,..,..,..,..,..,..,..,..,..,..,..,..,..,..,..,..,-1.98
Paraguay,PRY,Births attended by skilled health staff (% of total),SH.STA.BRTC.ZS,66,..,..,..,..,..,60.8,..,60.8,85.6,..,..,85.8,86.3,77.2,87.5,90.5,..,87.2,93.8,95.6,96.3,95.7,..,96.4,96.3,95.5,97.3,97.7,..,..
Paraguay,PRY,Coverage of social insurance programs (% of population),per_si_allsi.cov_pop_tot,..,..,..,..,..,..,..,..,..,..,..,..,..,..,..,..,..,5.07952653091334,5.69773760002233,6.68247924080475,5.90483386670757,6.31101299786414,14.2207004914537,5.04858863441349,5.48316160368891,5.29466661506232,5.43436593548234,5.39591051313547,5.33113181777497,5.65368703601549,..
Paraguay,PRY,"Debt service (PPG and IMF only, % of exports of goods, services and primary income)",DT.TDS.DPPF.XP.ZS,7.61278221005816,9.61229182639434,24.3932163153507,7.91350468834921,5.76235328937584,4.38391432237886,3.66359522557312,3.7727537794305,3.46360224338759,5.09890789356847,5.3955679166639,6.46973137806078,5.85769325166707,5.91719353744809,7.98846214535189,6.12126194304782,5.0586859648703,3.90071387828091,3.25211344488128,4.30070150216896,2.74302645731717,2.33164850014809,2.43359913431591,1.91286597707563,1.96914771519319,2.68598142443811,3.21524381302003,2.95314860487799,3.18306669457194,3.99889375680569,4.82379239039445
Paraguay,PRY,Employment in industry (% of total employment) (modeled ILO estimate),SL.IND.EMPL.ZS,..,17.7199993133545,17.6100006103516,17.5900001525879,17.5699996948242,17.5900001525879,17.4500007629395,17.3700008392334,17.0900001525879,16.7800006866455,16.4599990844727,16.0300006866455,15.5900001525879,15.9899997711182,16.6399993896484,15.7799997329712,16.8700008392334,18.25,19.0499992370605,17.6800003051758,19.2000007629395,17.8199996948242,16.8799991607666,17.4699993133545,19.1299991607666,19.7399997711182,19.4300003051758,20.0900001525879,18.5900001525879,18.1399993896484,..
Peru,PER,Access to electricity (% of population),EG.ELC.ACCS.ZS,..,..,70.1,64.7489929199219,66.0529327392578,67.3548355102539,67,69.16024,72.072063,74.078523,72.4964981079102,72.1131134033203,74.3826904296875,74.3809661865234,75.6923599243164,77.1736450195313,80.1572723388672,81.9881286621094,84.6783447265625,86.42431640625,88.1230621337891,89.7074890136719,91.0995101928711,92.135368347168,92.9199905395508,93.852180480957,94.1999969482422,94.8000030517578,95.1999969482422,95.5513610839844,99.3118133544922
Peru,PER,"Annualized average growth rate in per capita real survey mean consumption or income, total population (%)",SI.SPR.PCAP.ZG,..,..,..,..,..,..,..,..,..,..,..,..,..,..,..,..,..,..,..,..,..,..,..,..,..,..,..,..,..,..,-3.44
Peru,PER,Births attended by skilled health staff (% of total),SH.STA.BRTC.ZS,..,..,52.5,..,..,..,56.4,..,..,..,59.3,..,..,..,71.1,..,71,..,79.4,82.5,83.8,85,86.7,89.1,90,91.6,92.4,93.6,93.1,92.1,..
Peru,PER,Coverage of social insurance programs (% of population),per_si_allsi.cov_pop_tot,..,..,..,..,..,..,..,..,..,..,..,..,..,..,..,..,..,..,10.4753659446057,9.72019398640074,11.3199603632253,11.0895252453809,12.2250648715629,11.4930831914378,11.5158648509964,10.3763147642673,10.4952483073738,10.4238262821454,10.1206118043116,10.0410713705115,..
Peru,PER,"Debt service (PPG and IMF only, % of exports of goods, services and primary income)",DT.TDS.DPPF.XP.ZS,7.32981529779838,21.9901353986077,17.9895941178974,59.0614832707849,17.0092113559807,13.8770936826027,31.5642416754022,33.420234542709,21.7863254532352,26.9882289332469,25.4011069364018,21.8929953729453,35.4216011430383,21.3530604145179,16.7116331207998,22.4253529786561,9.51406423404294,22.7753811516576,10.5242471808371,9.17860555692852,11.4084430660518,3.71152799784862,4.39714996664778,7.72263205694796,4.07325349425366,4.14990678469364,4.18757764718305,8.72400413129559,3.87446096889743,4.02825385075318,2.51689397409053
Peru,PER,Employment in industry (% of total employment) (modeled ILO estimate),SL.IND.EMPL.ZS,..,15.2700004577637,15.1400003433228,15.1400003433228,15.3199996948242,15.3800001144409,15.2600002288818,15.2799997329712,15.0500001907349,14.7299995422363,14.5500001907349,14.4200000762939,14.4099998474121,13.3500003814697,14.3999996185303,14.0699996948242,14.8500003814697,16.2900009155273,16.4400005340576,16.4400005340576,16.8600006103516,16.4799995422363,17.0300006866455,17.0200004577637,16.3700008392334,16.5699996948242,16.2199993133545,15.6499996185303,15.3900003433228,15.1999998092651,..
Philippines,PHL,Access to electricity (% of population),EG.ELC.ACCS.ZS,..,..,..,65.4,68.0185546875,69.1331176757813,70.2449569702148,71.3533935546875,71.3,71.8741709275167,74.6616897583008,75.7229461669922,76.7766189575195,76.5999984741211,87.5999984741211,79.9156188964844,80.1800003051758,82.0139083862305,83.3000030517578,84.3000030517578,85.3976440429688,87.1999969482422,87.0800018310547,87.5,89.7203674316406,89.0800018310547,92.0665054321289,93,94.4482650756836,95.6450805664063,96.8423843383789
Philippines,PHL,"Annualized average growth rate in per capita real survey mean consumption or income, total population (%)",SI.SPR.PCAP.ZG,..,..,..,..,..,..,..,..,..,..,..,..,..,..,..,..,..,..,..,..,..,..,..,..,..,..,..,..,3.35,..,..
Philippines,PHL,Births attended by skilled health staff (% of total),SH.STA.BRTC.ZS,..,..,..,52.8,..,..,..,..,56.4,58,58,..,..,59.8,..,..,..,..,62.2,..,..,72.2,..,72.8,..,..,..,84.4,..,..,..
Philippines,PHL,Coverage of social insurance programs (% of population),per_si_allsi.cov_pop_tot,..,..,..,..,..,..,..,..,..,..,..,..,..,..,..,..,7.47253402913531,..,..,..,..,..,..,11.1473792716423,..,8.92214945787277,..,..,..,..,..
Philippines,PHL,"Debt service (PPG and IMF only, % of exports of goods, services and primary income)",DT.TDS.DPPF.XP.ZS,25.6431651611913,21.7651026066515,23.2520104041337,23.2719664041967,16.4888850601257,14.3358259348183,11.0433621975271,7.32398485487797,8.59075535553866,16.6724871557296,14.6280960778647,19.9259716361622,19.7273417591433,19.2996230318397,20.2490951100945,15.850013161073,18.5904378589908,9.46970238092381,11.7992415995864,13.4691282919165,15.9928940367656,11.9438620418218,7.29688339170604,7.12827273288176,6.12363077367059,6.828714066376,7.79764204498899,5.41227052881264,4.56368948555009,5.94007715403766,6.14805831276692
Philippines,PHL,Employment in industry (% of total employment) (modeled ILO estimate),SL.IND.EMPL.ZS,..,14.3999996185303,14.6899995803833,14.25,14.5,14.8100004196167,14.8000001907349,15.789999961853,15.8199996948242,15.3500003814697,15.8599996566772,15.6899995803833,15.6099996566772,15.6000003814697,15.5900001525879,15.4799995422363,15.5299997329712,15.6700000762939,15.5799999237061,15.5100002288818,15.7200002670288,15.2799997329712,15.2700004577637,15.5799999237061,15.9399995803833,16.1900005340576,17.3600006103516,18.2700004577637,19.0599994659424,19.1200008392334,..
Poland,POL,Access to electricity (% of population),EG.ELC.ACCS.ZS,100,100,100,100,100,100,100,100,100,100,100,100,100,100,100,100,100,100,100,100,100,100,100,100,100,100,100,100,100,100,100
Poland,POL,"Annualized average growth rate in per capita real survey mean consumption or income, total population (%)",SI.SPR.PCAP.ZG,..,..,..,..,..,..,..,..,..,..,..,..,..,..,..,..,..,..,..,..,..,..,..,..,..,..,..,..,5.01,..,..
Poland,POL,Births attended by skilled health staff (% of total),SH.STA.BRTC.ZS,97.8,99.6,99.6,99.6,99.6,99.6,99.7,99.7,99.7,99.7,99.4,99.8,99.8,99.8,99.8,99.3,99.4,99.4,99.4,99.7,99.8,99.8,99.8,99.8,99.8,99.8,99.8,99.8,99.8,..,..
Poland,POL,Coverage of social insurance programs (% of population),per_si_allsi.cov_pop_tot,..,..,..,..,..,..,..,..,..,..,..,..,..,..,..,48.398353589879,47.927951306373,46.9713315373708,46.4393517232493,45.7922500143518,45.3684210331004,44.9534001871237,43.7884296230798,..,..,43.9165017,..,..,..,..,..
Poland,POL,"Debt service (PPG and IMF only, % of exports of goods, services and primary income)",DT.TDS.DPPF.XP.ZS,..,..,..,..,..,..,..,..,..,..,..,..,..,..,..,..,..,..,..,..,..,..,..,..,..,..,..,..,..,..,..
Poland,POL,Employment in industry (% of total employment) (modeled ILO estimate),SL.IND.EMPL.ZS,..,36.189998626709,34.8199996948242,34.0400009155273,33.4599990844727,33.1300010681152,32.7700004577637,32.4799995422363,32.1300010681152,31.5599994659424,31.0599994659424,30.7299995422363,28.5400009155273,28.5499992370605,29.0400009155273,29.25,29.9799995422363,30.7199993133545,31.8899993896484,31.1100006103516,30.2999992370605,30.6700000762939,30.4200000762939,30.5400009155273,30.5400009155273,30.5400009155273,31.4500007629395,31.6700000762939,31.8199996948242,32.1300010681152,..
Portugal,PRT,Access to electricity (% of population),EG.ELC.ACCS.ZS,100,100,100,100,100,100,100,100,100,100,100,100,100,100,100,100,100,100,100,100,100,100,100,100,100,100,100,100,100,100,100
Portugal,PRT,"Annualized average growth rate in per capita real survey mean consumption or income, total population (%)",SI.SPR.PCAP.ZG,..,..,..,..,..,..,..,..,..,..,..,..,..,..,..,..,..,..,..,..,..,..,..,..,..,..,..,..,..,4.16,..
Portugal,PRT,Births attended by skilled health staff (% of total),SH.STA.BRTC.ZS,..,..,..,..,..,..,..,..,99.7,..,99.7,99.9,..,..,..,..,..,..,..,..,..,..,..,99,98.9,98.9,98.8,98.8,98.7,..,..
Portugal,PRT,Coverage of social insurance programs (% of population),per_si_allsi.cov_pop_tot,..,..,..,..,..,..,..,..,..,..,..,..,..,..,..,..,..,..,..,..,..,..,..,..,..,..,..,..,..,..,..
Portugal,PRT,"Debt service (PPG and IMF only, % of exports of goods, services and primary income)",DT.TDS.DPPF.XP.ZS,..,..,..,..,..,..,..,..,..,..,..,..,..,..,..,..,..,..,..,..,..,..,..,..,..,..,..,..,..,..,..
Portugal,PRT,Employment in industry (% of total employment) (modeled ILO estimate),SL.IND.EMPL.ZS,..,34,33.6300010681152,32.8600006103516,32.4700012207031,32.1800003051758,31.2700004577637,31.0200004577637,35.2099990844727,34.3499984741211,34.439998626709,33.4500007629395,33.3300018310547,32.6599998474121,31.0599994659424,30.3899993896484,30.3099994659424,30.2399997711182,28.9899997711182,27.8099994659424,27.2600002288818,26.8600006103516,25.1499996185303,23.7000007629395,23.8600006103516,24.3500003814697,24.5,24.7399997711182,24.8500003814697,24.6800003051758,..
Post-demographic dividend,PST,Access to electricity (% of population),EG.ELC.ACCS.ZS,99.9943965592541,99.9957493507469,99.997093880287,99.9983400992968,99.9992618001741,99.9997658758134,99.9997741184928,99.9997824212278,99.9997908653509,99.9997995000735,99.9671193131082,99.9565468658823,99.945624243566,99.9620378281069,99.9636557331179,99.9596690911046,99.9649185489337,99.958994851966,99.9706741548076,99.9724164570983,99.9743668518813,99.975046408321,99.9731236469662,99.9794748969496,99.9836824132257,99.9854702629021,99.9892481895009,99.9921580985287,99.9951094289347,99.997963727551,99.9981381306841
Post-demographic dividend,PST,"Annualized average growth rate in per capita real survey mean consumption or income, total population (%)",SI.SPR.PCAP.ZG,..,..,..,..,..,..,..,..,..,..,..,..,..,..,..,..,..,..,..,..,..,..,..,..,..,..,..,..,..,..,..
Post-demographic dividend,PST,Births attended by skilled health staff (% of total),SH.STA.BRTC.ZS,..,..,..,..,..,..,..,..,..,..,99.4486598716443,..,..,..,..,..,..,..,..,..,99.2483686225342,..,..,..,..,..,..,..,99.060068407914,..,..
Post-demographic dividend,PST,Coverage of social insurance programs (% of population),per_si_allsi.cov_pop_tot,..,..,..,..,..,..,..,..,..,..,..,..,..,..,..,..,..,..,..,..,..,..,..,..,..,..,..,..,..,..,..
Post-demographic dividend,PST,"Debt service (PPG and IMF only, % of exports of goods, services and primary income)",DT.TDS.DPPF.XP.ZS,..,..,..,..,..,..,..,..,..,..,..,..,..,..,..,..,..,..,..,..,..,..,..,..,..,..,..,..,..,..,..
Post-demographic dividend,PST,Employment in industry (% of total employment) (modeled ILO estimate),SL.IND.EMPL.ZS,..,30.7435270518837,30.4073277442173,29.8778637604437,29.4436060404402,29.1413573123258,28.7455794219316,28.4137556754517,27.9937171921169,27.5968879637231,27.3316498076718,26.8494482736137,26.2645940030299,25.8181394146407,25.5079073519483,25.2135182990851,25.1152117769679,24.9864260023229,24.5720180422084,23.3856436597434,22.9535625720924,22.8161096428423,22.6535218596954,22.6106108096189,22.4313248734931,22.2470684276026,22.0727415835846,22.0434818333182,22.0687006040424,21.9627923661584,..
Pre-demographic dividend,PRE,Access to electricity (% of population),EG.ELC.ACCS.ZS,..,..,..,..,..,..,..,22.9904207726373,23.6865148255825,24.913997204983,24.6278596688951,25.8690536256072,26.7330849217065,29.1943773983295,28.7702051698105,29.4961326644046,30.4089646818715,32.1892225726286,32.0927930020564,32.0230396155948,32.6398338143008,36.0302809618077,37.5124448168777,38.2738828315984,39.7984085339085,39.9451612527293,44.6038118319197,44.3294360744407,47.1705865273304,47.5468721039675,48.4464380996085
Pre-demographic dividend,PRE,"Annualized average growth rate in per capita real survey mean consumption or income, total population (%)",SI.SPR.PCAP.ZG,..,..,..,..,..,..,..,..,..,..,..,..,..,..,..,..,..,..,..,..,..,..,..,..,..,..,..,..,..,..,..
Pre-demographic dividend,PRE,Births attended by skilled health staff (% of total),SH.STA.BRTC.ZS,..,..,..,..,..,..,..,..,..,..,42.4195739100381,..,..,..,..,..,..,..,..,..,53.7180092162732,..,..,..,..,..,..,..,63.0588242701956,..,..
Pre-demographic dividend,PRE,Coverage of social insurance programs (% of population),per_si_allsi.cov_pop_tot,..,..,..,..,..,..,..,..,..,..,..,..,..,..,..,..,..,..,..,..,..,..,..,..,..,..,..,..,..,..,..
Pre-demographic dividend,PRE,"Debt service (PPG and IMF only, % of exports of goods, services and primary income)",DT.TDS.DPPF.XP.ZS,19.7682099818342,19.9513914865219,15.277995816338,12.6818615368638,17.2474757289363,15.3269021020851,16.2200167842444,14.2244815765715,18.0842145114923,12.6243786582882,11.9810870718084,14.339567464286,9.78289297413375,9.20609353795664,7.86875159528155,11.0327757904625,8.87775702822466,4.4918647736325,2.54479141927109,4.14522457548808,2.28506028704425,2.15030875534118,2.59477065767023,3.26026064138558,4.81260351541334,6.6959277081922,9.61585011129968,8.30054945008856,8.79752438355582,11.7156605263346,..
Pre-demographic dividend,PRE,Employment in industry (% of total employment) (modeled ILO estimate),SL.IND.EMPL.ZS,..,10.0885844932879,10.0266998330985,9.94920809977946,9.89248192877052,9.82959413784087,9.77695800844052,9.72217396231347,9.6432182700697,9.56695568067112,9.41068058012857,9.29660337831272,9.2295244089967,9.2144654560969,9.11891224902809,9.07851305017341,9.16522073664832,9.21481031684329,9.28341085830697,9.37583051458148,9.50934559250193,9.68600015421225,10.0911337602608,10.4015130161689,10.5656416727605,10.6028209633055,10.6119213983534,10.6265301636788,10.576136922096,10.565822595768,..
Puerto Rico,PRI,Access to electricity (% of population),EG.ELC.ACCS.ZS,99.9834289550781,99.9930953979492,99.9986190795898,100,100,100,100,100,100,100,100,100,100,100,100,100,100,100,100,100,100,100,100,100,100,100,100,100,100,100,100
Puerto Rico,PRI,"Annualized average growth rate in per capita real survey mean consumption or income, total population (%)",SI.SPR.PCAP.ZG,..,..,..,..,..,..,..,..,..,..,..,..,..,..,..,..,..,..,..,..,..,..,..,..,..,..,..,..,..,..,..
Puerto Rico,PRI,Births attended by skilled health staff (% of total),SH.STA.BRTC.ZS,..,..,..,..,..,..,..,..,..,..,..,..,..,..,99.8,..,..,..,..,..,..,..,..,..,..,..,..,..,..,..,..
Puerto Rico,PRI,Coverage of social insurance programs (% of population),per_si_allsi.cov_pop_tot,..,..,..,..,..,..,..,..,..,..,..,..,..,..,..,..,..,..,..,..,..,..,..,..,..,..,..,..,..,..,..
Puerto Rico,PRI,"Debt service (PPG and IMF only, % of exports of goods, services and primary income)",DT.TDS.DPPF.XP.ZS,..,..,..,..,..,..,..,..,..,..,..,..,..,..,..,..,..,..,..,..,..,..,..,..,..,..,..,..,..,..,..
Puerto Rico,PRI,Employment in industry (% of total employment) (modeled ILO estimate),SL.IND.EMPL.ZS,..,24.0100002288818,24.0100002288818,23.8999996185303,23.1800003051758,22.7700004577637,21.6700000762939,21.6499996185303,21.8799991607666,22.2099990844727,22.2700004577637,21.6599998474121,19.9599990844727,19.5900001525879,19.3899993896484,19.0100002288818,19.4699993133545,19.1800003051758,18.1200008392334,17.6800003051758,17.4500007629395,17.2000007629395,16.9500007629395,16.7099990844727,16.4799995422363,16.2299995422363,15.9700002670288,15.6800003051758,15.3900003433228,15.210000038147,..
Qatar,QAT,Access to electricity (% of population),EG.ELC.ACCS.ZS,100,100,100,100,100,100,100,100,100,100,100,100,100,100,100,100,100,100,100,100,100,100,100,100,100,100,100,100,100,100,100
Qatar,QAT,"Annualized average growth rate in per capita real survey mean consumption or income, total population (%)",SI.SPR.PCAP.ZG,..,..,..,..,..,..,..,..,..,..,..,..,..,..,..,..,..,..,..,..,..,..,..,..,..,..,..,..,..,..,..
Qatar,QAT,Births attended by skilled health staff (% of total),SH.STA.BRTC.ZS,100,100,100,100,..,100,100,100,98,100,100,100,100,100,100,100,100,100,100,100,100,100,100,..,99.9,99.9,100,100,..,..,..
Qatar,QAT,Coverage of social insurance programs (% of population),per_si_allsi.cov_pop_tot,..,..,..,..,..,..,..,..,..,..,..,..,..,..,..,..,..,..,..,..,..,..,..,..,..,..,..,..,..,..,..
Qatar,QAT,"Debt service (PPG and IMF only, % of exports of goods, services and primary income)",DT.TDS.DPPF.XP.ZS,..,..,..,..,..,..,..,..,..,..,..,..,..,..,..,..,..,..,..,..,..,..,..,..,..,..,..,..,..,..,..
Qatar,QAT,Employment in industry (% of total employment) (modeled ILO estimate),SL.IND.EMPL.ZS,..,30.8199996948242,31.1700000762939,30.8899993896484,31.3500003814697,31.7099990844727,31.9200000762939,33.1800003051758,34.0299987792969,35.3499984741211,36.9799995422363,38.4000015258789,39.060001373291,39.810001373291,41.0099983215332,41.0999984741211,41.560001373291,51.8600006103516,59.5800018310547,58.4500007629395,56.3300018310547,54.1100006103516,51.7900009155273,51.7099990844727,52.9599990844727,54.1399993896484,54.5499992370605,54.5099983215332,54.3199996948242,53.7000007629395,..
Romania,ROU,Access to electricity (% of population),EG.ELC.ACCS.ZS,100,100,100,100,100,100,100,100,100,100,100,100,100,100,100,100,100,100,100,100,100,100,100,100,100,100,99.0999984741211,100,100,100,100
Romania,ROU,"Annualized average growth rate in per capita real survey mean consumption or income, total population (%)",SI.SPR.PCAP.ZG,..,..,..,..,..,..,..,..,..,..,..,..,..,..,..,..,..,..,..,..,..,..,..,..,..,..,..,..,..,13.43,..
Romania,ROU,Births attended by skilled health staff (% of total),SH.STA.BRTC.ZS,99.8,99.9,99.7,98.9,99,99.1,99,98.3,99,98,99,99,99.1,99.2,98.9,98.1,98.2,98.8,99.4,99.5,99.5,99.4,99.5,98.5,98.5,94.6,95.3,95.6,97.1,..,..
Romania,ROU,Coverage of social insurance programs (% of population),per_si_allsi.cov_pop_tot,..,..,..,..,..,..,..,..,..,..,..,..,..,..,..,..,..,..,48.7203061109257,..,..,47.2210823598508,46.8599339285945,..,..,..,43.43829491,..,..,..,..
Romania,ROU,"Debt service (PPG and IMF only, % of exports of goods, services and primary income)",DT.TDS.DPPF.XP.ZS,0,0.91605584950495,7.37321372857987,4.42412405630865,8.01264811243332,8.83259881590046,24.9193521671126,20.5163648403941,21.1108835200327,21.0023732879358,12.6573491504497,13.4298315063937,11.9962441623232,10.4234215457009,8.70688887930064,9.92765268909647,7.19469319934763,5.17091665750248,5.73750179259248,4.6913773375009,5.52382446481341,3.53236417010704,8.37420524498557,11.1603874112373,9.76494178044935,9.91730847997547,4.93884679929518,3.75762475787383,5.5544194659193,4.53523313615225,4.42501312938851
Romania,ROU,Employment in industry (% of total employment) (modeled ILO estimate),SL.IND.EMPL.ZS,..,39.9000015258789,37.1100006103516,35.8199996948242,32.8499984741211,30.9599990844727,31.5200004577637,30.2999992370605,28.7700004577637,27.0599994659424,25.7900009155273,25.8500003814697,29.5900001525879,29.1399993896484,31.0599994659424,30.4599990844727,30.7099990844727,31.4099998474121,31.6000003814697,30.0200004577637,28.3199996948242,28.5599994659424,28.2099990844727,28.2900009155273,28.9300003051758,28.4599990844727,29.8799991607666,30.1200008392334,30.0300006866455,30.0699996948242,..
Russian Federation,RUS,Access to electricity (% of population),EG.ELC.ACCS.ZS,100,100,100,100,100,100,100,100,100,100,100,100,100,100,100,100,100,100,100,100,100,100,100,100,100,95.5,100,100,100,100,100
Russian Federation,RUS,"Annualized average growth rate in per capita real survey mean consumption or income, total population (%)",SI.SPR.PCAP.ZG,..,..,..,..,..,..,..,..,..,..,..,..,..,..,..,..,..,..,..,..,..,..,..,..,..,..,..,..,..,..,-0.47
Russian Federation,RUS,Births attended by skilled health staff (% of total),SH.STA.BRTC.ZS,99.2,99.2,99.1,99.1,99.1,99.1,99.1,99.1,99.1,99.1,99.2,99.3,99.3,99.4,99.4,99.4,99.5,99.6,99.6,99.7,99.7,98.7,99.7,99.7,99.7,..,..,..,..,..,..
Russian Federation,RUS,Coverage of social insurance programs (% of population),per_si_allsi.cov_pop_tot,..,..,..,..,..,..,..,..,..,..,..,..,..,..,..,..,..,41.8650045316181,..,..,..,..,..,..,54.6716977428188,54.0497572504595,56.3411995255727,56.38057804,..,..,..
Russian Federation,RUS,"Debt service (PPG and IMF only, % of exports of goods, services and primary income)",DT.TDS.DPPF.XP.ZS,..,..,..,..,4.37524946262674,6.33164963097484,6.81739112907681,6.73682054051216,9.71117991254416,11.2378758261541,7.47464808622591,11.7438293058616,7.85792735375363,8.05513599637599,5.771266754409,10.9448438264622,9.97114168831444,3.76886902407682,5.64305447365445,5.76494690724694,6.61309570312272,3.88532718387664,2.58497367392003,3.53196728770046,8.36851857569018,10.9591485537661,14.029689194556,5.9278409765869,11.0402508710167,7.53652331530371,11.2817207843677
Russian Federation,RUS,Employment in industry (% of total employment) (modeled ILO estimate),SL.IND.EMPL.ZS,..,39.9599990844727,38.9000015258789,38.1500015258789,35.9900016784668,34.0800018310547,32.5499992370605,30.0100002288818,29.1299991607666,29,29.2399997711182,30.1800003051758,30.1700000762939,30.2299995422363,29.7299995422363,29.2600002288818,28.9099998474121,29.1900005340576,28.6700000762939,27.5,27.7600002288818,27.4500007629395,27.8099994659424,27.7900009155273,27.6000003814697,27.2800006866455,27.0200004577637,26.9699993133545,26.8099994659424,26.7900009155273,..
Rwanda,RWA,Access to electricity (% of population),EG.ELC.ACCS.ZS,..,..,2.3,..,..,..,..,1.02783596515656,2.17412757873535,3.31557703018188,6.19999980926514,4.57231616973877,5.93285799026489,7.2881646156311,8.64058494567871,4.80000019073486,11.3462257385254,12.7045030593872,6,15.4454612731934,9.69999980926514,10.8000001907349,17.5,15.1999998092651,19.7999992370605,22.7999992370605,29.3700008392334,34.0999984741211,36.9681510925293,40.3686065673828,46.5999984741211
Rwanda,RWA,"Annualized average growth rate in per capita real survey mean consumption or income, total population (%)",SI.SPR.PCAP.ZG,..,..,..,..,..,..,..,..,..,..,..,..,..,..,..,..,..,..,..,..,..,..,..,..,..,..,-0.14,..,..,..,..
Rwanda,RWA,Births attended by skilled health staff (% of total),SH.STA.BRTC.ZS,..,..,25.8,..,..,..,..,..,..,..,21.9,..,..,..,..,38.6,..,..,52.1,..,69,69,..,..,..,90.7,..,..,..,..,..
Rwanda,RWA,Coverage of social insurance programs (% of population),per_si_allsi.cov_pop_tot,..,..,..,..,..,..,..,..,..,..,..,..,..,..,..,0.7725058208,..,..,..,..,0.9178858865,..,..,10.78443064,..,..,..,..,..,..,..
Rwanda,RWA,"Debt service (PPG and IMF only, % of exports of goods, services and primary income)",DT.TDS.DPPF.XP.ZS,10.737201166699,12.5164675532181,14.5564901571147,14.7612500946585,6.50943303133607,19.9980858676018,19.2437399653884,13.535872747226,15.4052979646012,25.6870157115678,24.6735166638235,11.4114926030718,14.173681877052,15.1796745974201,12.906649464154,10.7716459426038,6.66103678071629,4.9526206665809,1.99418988868058,1.88716011559098,2.00309710430281,1.95912260017165,1.91612707591106,2.98919088992321,4.14342260550194,4.05806636258338,4.37973886267828,3.893601983233,3.95465154379702,3.90925110224549,7.29514377616856
Rwanda,RWA,Employment in industry (% of total employment) (modeled ILO estimate),SL.IND.EMPL.ZS,..,2.57999992370605,2.55999994277954,2.53999996185303,2.51999998092651,2.47000002861023,2.47000002861023,2.48000001907349,2.48000001907349,2.5,2.54999995231628,2.64000010490417,2.76999998092651,3.01999998092651,3.29999995231628,3.63000011444092,3.99000000953674,4.36999988555908,4.80999994277954,5.26000022888184,5.76000022888184,6.28000020980835,6.86999988555908,7.32000017166138,7.90999984741211,8.11999988555908,8.23999977111816,8.31999969482422,8.47000026702881,8.63000011444092,..
Samoa,WSM,Access to electricity (% of population),EG.ELC.ACCS.ZS,..,78.8,81.6401672363281,82.4245910644531,80,83.9886932373047,84.7669982910156,85.5419082641602,86.312744140625,87.078727722168,87.8578262329102,88.5846481323242,89.3038787841797,90.0178833007813,90.7289962768555,91.439567565918,96.3717269897461,92.8689880371094,98.0999984741211,97.9000015258789,96.3610534667969,96.668571472168,96.8269348144531,97.4165344238281,97.9000015258789,99.0670852661133,99.623291015625,96.8000030517578,99.9944763183594,99.1999969482422,100
Samoa,WSM,"Annualized average growth rate in per capita real survey mean consumption or income, total population (%)",SI.SPR.PCAP.ZG,..,..,..,..,..,..,..,..,..,..,..,..,..,..,..,..,..,..,..,..,..,..,..,..,..,..,..,..,..,..,..
Samoa,WSM,Births attended by skilled health staff (% of total),SH.STA.BRTC.ZS,76,..,..,..,..,..,..,..,100,..,80,..,..,..,100,..,..,..,..,80.8,..,..,..,..,82.5,..,..,..,..,..,..
Samoa,WSM,Coverage of social insurance programs (% of population),per_si_allsi.cov_pop_tot,..,..,..,..,..,..,..,..,..,..,..,..,..,..,..,..,..,..,33.6380676663692,..,..,..,..,..,..,..,..,..,..,..,..
Samoa,WSM,"Debt service (PPG and IMF only, % of exports of goods, services and primary income)",DT.TDS.DPPF.XP.ZS,10.6216408356106,10.749514709726,9.86317687678924,8.72074578247331,10.0736503329736,6.57196551449048,5.76400592278988,5.4357406486447,4.64077069951633,5.74386821922357,..,..,..,..,5.50090865871196,3.949780855983,4.55877785835219,3.70067593748432,4.16689853754651,4.695398960619,5.03271857082246,5.55376780725447,5.82086137341328,5.98268673737457,7.80895889681369,8.76453644366657,8.95265277567305,9.0112119035571,9.92836645191259,8.8228125030091,18.6836703955324
Samoa,WSM,Employment in industry (% of total employment) (modeled ILO estimate),SL.IND.EMPL.ZS,..,17.7700004577637,17.9699993133545,18.1399993896484,17.8899993896484,18.1900005340576,18.4200000762939,18.3600006103516,18.8099994659424,19,19.4699993133545,20.0100002288818,20.4500007629395,21.0900001525879,21.7800006866455,22.2999992370605,22.8500003814697,23.2099990844727,23.4200000762939,22.8600006103516,23.4400005340576,23.9200000762939,23.7800006866455,23.8299999237061,24.0100002288818,24.6299991607666,24.6900005340576,24.5400009155273,24.6100006103516,24.8899993896484,..
San Marino,SMR,Access to electricity (% of population),EG.ELC.ACCS.ZS,100,100,100,100,100,100,100,100,100,100,100,100,100,100,100,100,100,100,100,100,100,100,100,100,100,100,100,100,100,100,100
San Marino,SMR,"Annualized average growth rate in per capita real survey mean consumption or income, total population (%)",SI.SPR.PCAP.ZG,..,..,..,..,..,..,..,..,..,..,..,..,..,..,..,..,..,..,..,..,..,..,..,..,..,..,..,..,..,..,..
San Marino,SMR,Births attended by skilled health staff (% of total),SH.STA.BRTC.ZS,..,..,..,..,..,..,..,..,..,..,..,..,..,..,..,..,..,..,..,..,..,..,..,..,..,..,..,..,..,..,..
San Marino,SMR,Coverage of social insurance programs (% of population),per_si_allsi.cov_pop_tot,..,..,..,..,..,..,..,..,..,..,..,..,..,..,..,..,..,..,..,..,..,..,..,..,..,..,..,..,..,..,..
San Marino,SMR,"Debt service (PPG and IMF only, % of exports of goods, services and primary income)",DT.TDS.DPPF.XP.ZS,..,..,..,..,..,..,..,..,..,..,..,..,..,..,..,..,..,..,..,..,..,..,..,..,..,..,..,..,..,..,..
San Marino,SMR,Employment in industry (% of total employment) (modeled ILO estimate),SL.IND.EMPL.ZS,..,..,..,..,..,..,..,..,..,..,..,..,..,..,..,..,..,..,..,..,..,..,..,..,..,..,..,..,..,..,..
Sao Tome and Principe,STP,Access to electricity (% of population),EG.ELC.ACCS.ZS,..,..,..,..,..,..,..,..,..,..,52.9000015258789,51.4911727905273,52.5872421264648,53.6780776977539,54.7660217285156,55.8534355163574,56.9427185058594,58.0365219116211,59.1375579833984,56.9000015258789,61.3721580505371,62.5111427307129,57.9000015258789,64.8450775146484,68.5999984741211,67.2492980957031,69.3205184936523,74.2699966430664,71,74.9672012329102,76.5590896606445
Sao Tome and Principe,STP,"Annualized average growth rate in per capita real survey mean consumption or income, total population (%)",SI.SPR.PCAP.ZG,..,..,..,..,..,..,..,..,..,..,..,..,..,..,..,..,..,..,..,..,..,..,..,..,..,..,..,..,..,..,..
Sao Tome and Principe,STP,Births attended by skilled health staff (% of total),SH.STA.BRTC.ZS,..,..,..,..,..,..,..,..,..,..,78.6,..,..,76.4,..,..,80.7,..,..,81.7,..,..,..,..,92.5,..,..,..,..,..,..
Sao Tome and Principe,STP,Coverage of social insurance programs (% of population),per_si_allsi.cov_pop_tot,..,..,..,..,..,..,..,..,..,..,..,..,..,..,..,..,..,..,..,..,..,..,..,..,..,..,..,..,..,..,..
Sao Tome and Principe,STP,"Debt service (PPG and IMF only, % of exports of goods, services and primary income)",DT.TDS.DPPF.XP.ZS,28.7113636363636,..,..,..,..,..,..,27.4459912695731,31.0442781458771,25.2315686510697,20.4652068138781,24.0406533318659,22.3634902642333,26.2204879990751,40.0753688527667,37.1450158884112,31.5391280466491,30.5650998328903,10.6936071295837,9.88397093907941,5.68621880984885,4.65801823253693,33.1008882791669,10.8167283015278,13.8032401604482,2.82991190964084,2.50574820395189,4.03790414750356,4.61752339622823,11.5503574467594,4.06682477134087
Sao Tome and Principe,STP,Employment in industry (% of total employment) (modeled ILO estimate),SL.IND.EMPL.ZS,..,19.4599990844727,19.3799991607666,19.2900009155273,19.2000007629395,19.1100006103516,19.0200004577637,18.9200000762939,18.8400001525879,18.7900009155273,18.7600002288818,18.7700004577637,18.8400001525879,18.8700008392334,18.9899997711182,17.1599998474121,17.2999992370605,17.4500007629395,17.6700000762939,17.9099998474121,18.0100002288818,18.1100006103516,18.1800003051758,18.2399997711182,18.2399997711182,18.2399997711182,18.2299995422363,18.1599998474121,18.0599994659424,17.9400005340576,..
Saudi Arabia,SAU,Access to electricity (% of population),EG.ELC.ACCS.ZS,100,100,100,100,100,100,100,100,100,100,100,100,100,100,100,100,100,100,100,100,100,100,100,100,100,100,99.9000015258789,99.9300003051758,100,100,100
Saudi Arabia,SAU,"Annualized average growth rate in per capita real survey mean consumption or income, total population (%)",SI.SPR.PCAP.ZG,..,..,..,..,..,..,..,..,..,..,..,..,..,..,..,..,..,..,..,..,..,..,..,..,..,..,..,..,..,..,..
Saudi Arabia,SAU,Births attended by skilled health staff (% of total),SH.STA.BRTC.ZS,88,..,..,..,..,91.4,91.4,..,..,..,91,..,..,..,96,96,96,97,97,97,97,..,..,98,..,..,..,99.7,99.4,..,..
Saudi Arabia,SAU,Coverage of social insurance programs (% of population),per_si_allsi.cov_pop_tot,..,..,..,..,..,..,..,..,..,..,..,..,..,..,..,..,..,..,..,..,..,..,..,..,..,..,..,..,..,..,..
Saudi Arabia,SAU,"Debt service (PPG and IMF only, % of exports of goods, services and primary income)",DT.TDS.DPPF.XP.ZS,..,..,..,..,..,..,..,..,..,..,..,..,..,..,..,..,..,..,..,..,..,..,..,..,..,..,..,..,..,..,..
Saudi Arabia,SAU,Employment in industry (% of total employment) (modeled ILO estimate),SL.IND.EMPL.ZS,..,25.5699996948242,25.9300003051758,25.4699993133545,24.8899993896484,24.0699996948242,23.2600002288818,22.2999992370605,21.6200008392334,20.9699993133545,19.8600006103516,21.0200004577637,20.9500007629395,20.9200000762939,20.7900009155273,20.4899997711182,20.2399997711182,20.8400001525879,19.7700004577637,20.4300003051758,21.2900009155273,22.2800006866455,22.9799995422363,23.7600002288818,23.0300006866455,22.7299995422363,24.4899997711182,24.7299995422363,24.7900009155273,24.7999992370605,..
Senegal,SEN,Access to electricity (% of population),EG.ELC.ACCS.ZS,..,..,..,26,27.190486907959,28.8571910858154,30.5211772918701,32.2,33.8382682800293,36.2,37.7400016784668,38.7576179504395,36.7999992370605,41.9641342163086,36.7999992370605,47.0999984741211,49.9000015258789,48.3618087768555,49.9726524353027,53.5,56.5,56.5,56.5,57,61,60.5,64.5,61.7000007629395,66,70.4000015258789,70.3689422607422
Senegal,SEN,"Annualized average growth rate in per capita real survey mean consumption or income, total population (%)",SI.SPR.PCAP.ZG,..,..,..,..,..,..,..,..,..,..,..,..,..,..,..,..,..,..,..,..,..,0.27,..,..,..,..,..,..,..,..,..
Senegal,SEN,Births attended by skilled health staff (% of total),SH.STA.BRTC.ZS,..,..,..,47.2,..,..,..,46.6,..,48.3,57.8,..,58,..,58,51.9,..,..,..,..,..,65.1,..,50.5,59.1,53.2,58.6,68.4,74.2,74.5,..
Senegal,SEN,Coverage of social insurance programs (% of population),per_si_allsi.cov_pop_tot,..,..,..,..,..,..,..,..,..,..,..,..,..,..,..,..,..,..,..,..,..,8.31744084521165,..,..,..,..,..,..,..,..,..
Senegal,SEN,"Debt service (PPG and IMF only, % of exports of goods, services and primary income)",DT.TDS.DPPF.XP.ZS,18.280946245733,20.0528264128741,12.5422782987365,8.69490845590072,16.3282934780044,16.4652265909821,19.3946867924845,17.4998308652758,19.8121203673345,14.2486964940291,14.7418216119392,12.5972704634783,12.7147490699756,11.5058789481997,13.4645193456573,6.36258554861703,6.18478421063162,3.50246804075491,3.25880264201935,4.21237974360734,4.36778357629626,6.16786226447813,5.54364634350954,5.73874439798274,6.56047781634563,6.34381405325096,7.40051876657073,10.5715641285652,12.073696517944,..,..
Senegal,SEN,Employment in industry (% of total employment) (modeled ILO estimate),SL.IND.EMPL.ZS,..,13.1099996566772,13.0200004577637,12.9399995803833,12.8900003433228,12.7700004577637,12.6700000762939,12.5799999237061,12.5,12.4300003051758,12.3299999237061,12.3800001144409,12.4499998092651,12.460000038147,12.5500001907349,12.5799999237061,12.6199998855591,12.6700000762939,12.6999998092651,12.7200002670288,12.75,12.8199996948242,12.8400001525879,12.8900003433228,12.9499998092651,12.9899997711182,13.0100002288818,13.0299997329712,13.0699996948242,13.1199998855591,..
Serbia,SRB,Access to electricity (% of population),EG.ELC.ACCS.ZS,100,100,100,100,100,100,100,100,100,100,100,100,100,100,100,99.6907196044922,100,100,100,100,99.7183990478516,100,100,99.9199981689453,99.6607971191406,99.9000015258789,100,100,100,99.8000030517578,100
Serbia,SRB,"Annualized average growth rate in per capita real survey mean consumption or income, total population (%)",SI.SPR.PCAP.ZG,..,..,..,..,..,..,..,..,..,..,..,..,..,..,..,..,..,..,..,..,..,..,..,..,..,..,..,1.48,..,..,..
Serbia,SRB,Births attended by skilled health staff (% of total),SH.STA.BRTC.ZS,..,..,..,..,..,98.7,98.8,..,..,..,98,98.2,99.2,98.5,98.7,99.7,88.9,99.8,99.7,99.8,99.7,99,99,99.9,98.4,..,..,..,..,..,..
Serbia,SRB,Coverage of social insurance programs (% of population),per_si_allsi.cov_pop_tot,..,..,..,..,..,..,..,..,..,..,..,..,..,..,..,..,..,55.1548617417008,..,..,58.6282144076038,..,..,56.3974913703716,..,52.0960296365632,..,..,..,..,..
Serbia,SRB,"Debt service (PPG and IMF only, % of exports of goods, services and primary income)",DT.TDS.DPPF.XP.ZS,..,..,..,..,..,..,..,..,..,..,..,..,..,..,..,..,..,5.07813162956256,3.58276269535556,4.31505694175393,5.27676567489823,5.11114049128951,8.62092070858665,13.7079990547781,11.5214579304379,8.70631238093696,8.20215235041679,12.3186159548701,11.8959444131866,12.1765870462298,10.3310436039814
Serbia,SRB,Employment in industry (% of total employment) (modeled ILO estimate),SL.IND.EMPL.ZS,..,27.8600006103516,27.2000007629395,26.4899997711182,26.3700008392334,26.9400005340576,27,27.0100002288818,26.9400005340576,26.0799999237061,26.4799995422363,26.6299991607666,26.7999992370605,26.9099998474121,26.9500007629395,27.5799999237061,29.2999992370605,29.4599990844727,26.2199993133545,25.3299999237061,25.6000003814697,26.7999992370605,26.4599990844727,25.8600006103516,24.6599998474121,24.4599990844727,24.4300003051758,25.2999992370605,26.8999996185303,27.4300003051758,..
Seychelles,SYC,Access to electricity (% of population),EG.ELC.ACCS.ZS,..,..,..,..,90,92.1736526489258,92.552490234375,92,93.2992935180664,93.6658096313477,94.0893402099609,94.4017639160156,96.0999984741211,95.0061950683594,95.3029098510742,95.5990905761719,99,96.1997146606445,96.509521484375,96.8292617797852,97,98.1479644775391,98.3913650512695,98,100,100,100,100,100,100,100
Seychelles,SYC,"Annualized average growth rate in per capita real survey mean consumption or income, total population (%)",SI.SPR.PCAP.ZG,..,..,..,..,..,..,..,..,..,..,..,..,..,..,..,..,..,..,..,..,..,..,..,..,..,..,..,..,-1.57,..,..
Seychelles,SYC,Births attended by skilled health staff (% of total),SH.STA.BRTC.ZS,98,..,..,..,..,99,..,..,..,..,99,..,..,..,..,99,99,100,100,99,99,99,99,..,..,..,..,..,..,..,..
Seychelles,SYC,Coverage of social insurance programs (% of population),per_si_allsi.cov_pop_tot,..,..,..,..,..,..,..,..,..,..,..,..,..,..,..,..,..,..,..,..,..,..,..,..,..,..,..,..,..,..,..
Seychelles,SYC,"Debt service (PPG and IMF only, % of exports of goods, services and primary income)",DT.TDS.DPPF.XP.ZS,..,..,..,..,..,..,..,..,..,..,..,..,..,..,..,..,..,..,..,..,..,..,..,..,..,..,..,..,..,..,..
Seychelles,SYC,Employment in industry (% of total employment) (modeled ILO estimate),SL.IND.EMPL.ZS,..,..,..,..,..,..,..,..,..,..,..,..,..,..,..,..,..,..,..,..,..,..,..,..,..,..,..,..,..,..,..
Sierra Leone,SLE,Access to electricity (% of population),EG.ELC.ACCS.ZS,..,..,..,..,..,..,..,..,..,..,7.78814268112183,8.55077075958252,9.30581474304199,10.0556230545044,16.7999992370605,11.3324851989746,12.2971878051758,13.0499677658081,12.1000003814697,14.579927444458,11.4621734619141,14.1999998092651,16.9765110015869,13.5,18.6660308837891,19.5345363616943,20.2999992370605,23.3999996185303,26.1000003814697,22.7000007629395,26.2008857727051
Sierra Leone,SLE,"Annualized average growth rate in per capita real survey mean consumption or income, total population (%)",SI.SPR.PCAP.ZG,..,..,..,..,..,..,..,..,..,..,..,..,..,..,..,..,..,..,..,..,..,..,..,..,..,..,..,..,2.86,..,..
Sierra Leone,SLE,Births attended by skilled health staff (% of total),SH.STA.BRTC.ZS,..,..,..,..,..,..,..,..,..,..,37.1,..,..,..,..,40,..,..,42.4,..,60.8,..,..,59.7,..,..,..,81.6,..,86.9,..
Sierra Leone,SLE,Coverage of social insurance programs (% of population),per_si_allsi.cov_pop_tot,..,..,..,..,..,..,..,..,..,..,..,..,..,..,..,..,..,..,..,..,..,..,..,..,..,..,..,..,0.907571533648663,..,..
Sierra Leone,SLE,"Debt service (PPG and IMF only, % of exports of goods, services and primary income)",DT.TDS.DPPF.XP.ZS,10.1174994352054,6.83466345665561,16.9754582854437,17.480828760408,73.0329939634746,63.1870911141935,58.4030276816612,30.7071207216911,43.8975280865164,86.3024874534728,75.6565725817056,112.302643515559,13.0510400601682,10.224704137839,10.0423706681369,6.72078326994134,7.83609623227349,2.81675808874765,1.64918959742208,2.04054346072588,2.68167440556604,3.35217645924789,1.65094509783524,1.37134000633281,2.30670188644333,6.5031429693943,4.51697344200428,7.07703581802145,7.30800903295693,8.08778509479454,..
Sierra Leone,SLE,Employment in industry (% of total employment) (modeled ILO estimate),SL.IND.EMPL.ZS,..,6.38000011444092,6.26000022888184,6.23000001907349,6.17000007629395,6.07000017166138,6.05000019073486,5.96000003814697,5.94999980926514,5.90999984741211,6,5.90000009536743,6.19999980926514,6.36999988555908,6.51000022888184,6.21999979019165,5.98000001907349,5.82999992370605,5.69000005722046,5.57999992370605,5.55000019073486,5.57999992370605,5.69000005722046,5.8600001335144,6.07000017166138,6.19999980926514,6.3899998664856,6.55000019073486,6.67000007629395,6.76000022888184,..
Singapore,SGP,Access to electricity (% of population),EG.ELC.ACCS.ZS,100,100,100,100,100,100,100,100,100,100,100,100,100,100,100,100,100,100,100,100,100,100,100,100,100,100,100,100,100,100,100
Singapore,SGP,"Annualized average growth rate in per capita real survey mean consumption or income, total population (%)",SI.SPR.PCAP.ZG,..,..,..,..,..,..,..,..,..,..,..,..,..,..,..,..,..,..,..,..,..,..,..,..,..,..,..,..,..,..,..
Singapore,SGP,Births attended by skilled health staff (% of total),SH.STA.BRTC.ZS,..,..,..,..,..,..,99.7,99.7,99.7,99.7,99.7,99.6,99.7,99.7,99.7,99.7,99.7,99.7,99.8,99.7,99.7,99.7,99.7,99.6,99.7,99.6,99.6,99.5,99.5,..,..
Singapore,SGP,Coverage of social insurance programs (% of population),per_si_allsi.cov_pop_tot,..,..,..,..,..,..,..,..,..,..,..,..,..,..,..,..,..,..,..,..,..,..,..,..,..,..,..,..,..,..,..
Singapore,SGP,"Debt service (PPG and IMF only, % of exports of goods, services and primary income)",DT.TDS.DPPF.XP.ZS,..,..,..,..,..,..,..,..,..,..,..,..,..,..,..,..,..,..,..,..,..,..,..,..,..,..,..,..,..,..,..
Singapore,SGP,Employment in industry (% of total employment) (modeled ILO estimate),SL.IND.EMPL.ZS,..,35.1599998474121,34.6300010681152,33.8800010681152,32.75,30.9599990844727,30.25,30.7999992370605,30.1399993896484,29.5300006866455,27.9500007629395,26.5799999237061,25.9799995422363,25.8999996185303,24.9099998474121,22.7399997711182,23.2999992370605,23.6000003814697,23.7399997711182,23.2399997711182,21.8600006103516,20.8700008392334,20.5400009155273,19.8799991607666,17.7399997711182,17.3899993896484,16.8799991607666,16.4300003051758,16,15.5500001907349,..
Sint Maarten (Dutch part),SXM,Access to electricity (% of population),EG.ELC.ACCS.ZS,100,100,100,100,100,100,100,100,100,100,100,100,100,100,100,100,100,99.9974060058594,99.9841156005859,99.9549026489258,100,100,100,100,100,100,100,100,100,100,100
Sint Maarten (Dutch part),SXM,"Annualized average growth rate in per capita real survey mean consumption or income, total population (%)",SI.SPR.PCAP.ZG,..,..,..,..,..,..,..,..,..,..,..,..,..,..,..,..,..,..,..,..,..,..,..,..,..,..,..,..,..,..,..
Sint Maarten (Dutch part),SXM,Births attended by skilled health staff (% of total),SH.STA.BRTC.ZS,..,..,..,..,..,..,..,..,..,..,..,..,..,..,..,..,..,..,..,..,..,..,..,..,..,..,..,..,..,..,..
Sint Maarten (Dutch part),SXM,Coverage of social insurance programs (% of population),per_si_allsi.cov_pop_tot,..,..,..,..,..,..,..,..,..,..,..,..,..,..,..,..,..,..,..,..,..,..,..,..,..,..,..,..,..,..,..
Sint Maarten (Dutch part),SXM,"Debt service (PPG and IMF only, % of exports of goods, services and primary income)",DT.TDS.DPPF.XP.ZS,..,..,..,..,..,..,..,..,..,..,..,..,..,..,..,..,..,..,..,..,..,..,..,..,..,..,..,..,..,..,..
Sint Maarten (Dutch part),SXM,Employment in industry (% of total employment) (modeled ILO estimate),SL.IND.EMPL.ZS,..,..,..,..,..,..,..,..,..,..,..,..,..,..,..,..,..,..,..,..,..,..,..,..,..,..,..,..,..,..,..
Slovak Republic,SVK,Access to electricity (% of population),EG.ELC.ACCS.ZS,100,100,100,100,100,100,100,100,100,100,100,100,100,100,100,100,100,100,100,100,100,100,100,100,100,100,100,100,100,100,100
Slovak Republic,SVK,"Annualized average growth rate in per capita real survey mean consumption or income, total population (%)",SI.SPR.PCAP.ZG,..,..,..,..,..,..,..,..,..,..,..,..,..,..,..,..,..,..,..,..,..,..,..,..,..,..,..,..,..,2.9,..
Slovak Republic,SVK,Births attended by skilled health staff (% of total),SH.STA.BRTC.ZS,100,100,100,100,100,100,100,100,100,100,100,99.43,99.43,99.46,99.51,99.51,99.52,99.22,99.51,99.52,99.21,99,99.5,98.6,98.3,97,98.1,98.8,98,..,..
Slovak Republic,SVK,Coverage of social insurance programs (% of population),per_si_allsi.cov_pop_tot,..,..,..,..,..,..,..,..,..,..,..,..,..,..,..,..,..,..,..,49.7154774112668,..,..,..,..,..,..,..,..,..,..,..
Slovak Republic,SVK,"Debt service (PPG and IMF only, % of exports of goods, services and primary income)",DT.TDS.DPPF.XP.ZS,..,..,..,..,..,..,..,..,..,..,..,..,..,..,..,..,..,..,..,..,..,..,..,..,..,..,..,..,..,..,..
Slovak Republic,SVK,Employment in industry (% of total employment) (modeled ILO estimate),SL.IND.EMPL.ZS,..,41.9599990844727,40.2099990844727,39.6500015258789,39.7000007629395,38.9099998474121,39.5400009155273,39.2799987792969,39.439998626709,38.4300003051758,37.25,37.060001373291,38.1500015258789,38.1300010681152,39.2099990844727,38.8199996948242,38.8199996948242,39.3800010681152,40.1300010681152,37.9300003051758,37.1199989318848,37.4900016784668,37.5400009155273,35.8199996948242,35.4500007629395,36.1100006103516,36.4700012207031,37.1599998474121,36.5200004577637,36.0900001525879,..
Slovenia,SVN,Access to electricity (% of population),EG.ELC.ACCS.ZS,100,100,100,100,100,100,100,100,100,100,100,100,100,100,100,100,100,100,100,100,100,100,100,100,100,100,100,100,100,100,100
Slovenia,SVN,"Annualized average growth rate in per capita real survey mean consumption or income, total population (%)",SI.SPR.PCAP.ZG,..,..,..,..,..,..,..,..,..,..,..,..,..,..,..,..,..,..,..,..,..,..,..,..,..,..,..,..,..,2.82,..
Slovenia,SVN,Births attended by skilled health staff (% of total),SH.STA.BRTC.ZS,99.9,99.9,99.9,99.9,99.9,99.9,99.9,99.9,99.8,99.9,99.9,99.9,99.9,99.9,99.9,99.9,99.9,99.9,99.9,99.9,99.9,99.9,99.8,..,..,..,..,..,..,..,..
Slovenia,SVN,Coverage of social insurance programs (% of population),per_si_allsi.cov_pop_tot,..,..,..,..,..,..,..,..,..,..,..,..,..,..,..,..,..,..,..,..,..,..,..,..,..,..,..,..,..,..,..
Slovenia,SVN,"Debt service (PPG and IMF only, % of exports of goods, services and primary income)",DT.TDS.DPPF.XP.ZS,..,..,..,..,..,..,..,..,..,..,..,..,..,..,..,..,..,..,..,..,..,..,..,..,..,..,..,..,..,..,..
Slovenia,SVN,Employment in industry (% of total employment) (modeled ILO estimate),SL.IND.EMPL.ZS,..,45.7999992370605,44.9000015258789,44.189998626709,42.3899993896484,43.1300010681152,41.9599990844727,40.5,39.5200004577637,37.7999992370605,37.6500015258789,38.6300010681152,38.75,37.1300010681152,36.3499984741211,37.060001373291,35.4900016784668,35.2400016784668,35.1199989318848,33.1599998474121,32.5800018310547,31.6599998474121,30.9699993133545,31.0300006866455,30.9300003051758,32.0099983215332,33.1699981689453,33.25,33.3499984741211,34.0999984741211,..
Small states,SST,Access to electricity (% of population),EG.ELC.ACCS.ZS,..,..,..,..,..,..,..,..,..,..,63.3942014638399,64.4600178314217,62.2416244372708,63.2096736883336,64.6042022905711,65.6422563153577,66.9505277910011,68.3037522722248,69.585618724031,69.6361185605843,71.691413972668,73.2193956672788,74.3398469639856,75.1076094940272,76.1756035589746,77.5122127891837,78.6869152504605,79.6047683641777,81.4202504033816,82.2147461442119,83.188520273414
Small states,SST,"Annualized average growth rate in per capita real survey mean consumption or income, total population (%)",SI.SPR.PCAP.ZG,..,..,..,..,..,..,..,..,..,..,..,..,..,..,..,..,..,..,..,..,..,..,..,..,..,..,..,..,..,..,..
Small states,SST,Births attended by skilled health staff (% of total),SH.STA.BRTC.ZS,..,..,..,..,..,..,..,..,..,..,73.1987644153489,..,..,..,..,..,..,..,..,..,78.7020410422725,..,..,..,..,..,..,..,86.5157194597305,..,..
Small states,SST,Coverage of social insurance programs (% of population),per_si_allsi.cov_pop_tot,..,..,..,..,..,..,..,..,..,..,..,..,..,..,..,..,..,..,..,..,..,..,..,..,..,..,..,..,..,..,..
Small states,SST,"Debt service (PPG and IMF only, % of exports of goods, services and primary income)",DT.TDS.DPPF.XP.ZS,..,..,..,..,..,..,..,..,..,..,..,..,..,..,..,..,..,..,..,..,..,..,..,..,..,..,..,..,..,..,..
Small states,SST,Employment in industry (% of total employment) (modeled ILO estimate),SL.IND.EMPL.ZS,..,22.2455888147067,21.859659955053,21.3613426605208,21.1604492336524,21.4669874540761,21.2845941979171,21.0086961094406,20.9756152482663,20.6934553398816,20.8714408198342,20.8204026497545,20.6743472938025,20.5518688755343,21.0135866062802,21.0844320117838,21.2227097864247,22.252185800033,23.3665148987877,23.1949405911776,23.2276298645231,23.2477467689902,22.9488987347697,22.9804563711121,23.150447741947,23.459363763141,23.6793466811777,23.4927560116835,23.4083423970723,23.3848967640774,..
Solomon Islands,SLB,Access to electricity (% of population),EG.ELC.ACCS.ZS,..,..,..,..,..,..,..,..,..,15.7,4.51702928543091,7.47523641586304,10.4258584976196,13.3712463378906,16.3137474060059,19.2557106018066,14.3999996185303,12.8999996185303,28.1034965515137,21.2000007629395,34.7748069763184,38.6799926757813,42.5742111206055,44.7000007629395,50.3067588806152,55.0999984741211,58.3271942138672,62.9000015258789,66.1797637939453,69.8094177246094,73.3464813232422
Solomon Islands,SLB,"Annualized average growth rate in per capita real survey mean consumption or income, total population (%)",SI.SPR.PCAP.ZG,..,..,..,..,..,..,..,..,..,..,..,..,..,..,..,..,..,..,..,..,..,..,..,..,..,..,..,..,..,..,..
Solomon Islands,SLB,Births attended by skilled health staff (% of total),SH.STA.BRTC.ZS,85,..,..,..,83.5,..,..,..,..,85,..,..,..,..,..,..,..,85.5,..,..,..,..,..,..,..,86.2,..,..,..,..,..
Solomon Islands,SLB,Coverage of social insurance programs (% of population),per_si_allsi.cov_pop_tot,..,..,..,..,..,..,..,..,..,..,..,..,..,..,..,1.20980380057381,..,..,..,..,..,..,..,..,..,..,..,..,..,..,..
Solomon Islands,SLB,"Debt service (PPG and IMF only, % of exports of goods, services and primary income)",DT.TDS.DPPF.XP.ZS,11.3363902757353,10.2940346661472,4.84438203682746,5.66171261480536,4.1966356748606,1.28227468864944,2.13709140638045,0.461545806379347,3.25757461993652,2.54715575163272,2.80119720123937,1.78947447361354,2.8366482335051,5.59623399908271,3.79622302186118,4.81222153065791,2.35016781121134,4.94247066350467,5.39880963213412,3.51939974288265,3.10009451232259,1.46273564480739,1.23567817184978,1.28931594961574,1.53121860877681,1.62202968646304,1.92457458394632,1.58736532101121,1.30206274878647,1.31002004883622,1.35400292336518
Solomon Islands,SLB,Employment in industry (% of total employment) (modeled ILO estimate),SL.IND.EMPL.ZS,..,4.80000019073486,4.92999982833862,5.01000022888184,5.21000003814697,5.42999982833862,5.59000015258789,5.53999996185303,5.65000009536743,5.73999977111816,5.42999982833862,5.34000015258789,5.21999979019165,5.44999980926514,5.63000011444092,6.09999990463257,6.53999996185303,7,7.59999990463257,7.57999992370605,8.0600004196167,8.43000030517578,8.77999973297119,9.32999992370605,9.77000045776367,10.25,10.6300001144409,11.0500001907349,11.6300001144409,12.1300001144409,..
Somalia,SOM,Access to electricity (% of population),EG.ELC.ACCS.ZS,..,..,..,..,..,..,..,..,..,..,1.89250123500824,4.50461578369141,7.40000009536743,9.70844078063965,12.3048496246338,14.9007215499878,15.2337856292725,20.1007328033447,22.7102298736572,25.3296661376953,52.1633453369141,51.9681129455566,51.7619171142578,51.5337905883789,51.2936363220215,51.1348609924316,51.1132354736328,52.0999984741211,50.7649765014648,49.2000007629395,49.7308692932129
Somalia,SOM,"Annualized average growth rate in per capita real survey mean consumption or income, total population (%)",SI.SPR.PCAP.ZG,..,..,..,..,..,..,..,..,..,..,..,..,..,..,..,..,..,..,..,..,..,..,..,..,..,..,..,..,..,..,..
Somalia,SOM,Births attended by skilled health staff (% of total),SH.STA.BRTC.ZS,..,..,..,..,..,..,..,..,..,19.3,19.3,..,24.8,..,..,..,9.4,..,..,..,..,..,..,..,..,..,..,..,..,..,..
Somalia,SOM,Coverage of social insurance programs (% of population),per_si_allsi.cov_pop_tot,..,..,..,..,..,..,..,..,..,..,..,..,..,..,..,..,..,..,..,..,..,..,..,..,..,..,..,..,..,..,..
Somalia,SOM,"Debt service (PPG and IMF only, % of exports of goods, services and primary income)",DT.TDS.DPPF.XP.ZS,..,..,..,..,..,..,..,..,..,..,..,..,..,..,..,..,..,..,..,..,..,..,..,..,..,..,0.00494637773722628,0.00327061320754717,0.00535729148753224,0.0542342990654206,..
Somalia,SOM,Employment in industry (% of total employment) (modeled ILO estimate),SL.IND.EMPL.ZS,..,3.53999996185303,3.48000001907349,3.42000007629395,3.33999991416931,3.26999998092651,3.20000004768372,3.13000011444092,3.0699999332428,3.00999999046326,2.96000003814697,2.91000008583069,2.86999988555908,2.83999991416931,2.80999994277954,2.78999996185303,2.75999999046326,2.65000009536743,2.64000010490417,2.64000010490417,2.64000010490417,2.64000010490417,2.60999989509583,2.57999992370605,2.54999995231628,2.51999998092651,2.49000000953674,2.46000003814697,2.44000005722046,2.41000008583069,..
South Africa,ZAF,Access to electricity (% of population),EG.ELC.ACCS.ZS,..,..,..,..,..,..,57.6,69.4833526611328,64.9,71.331787109375,72.2824630737305,70.1999969482422,76.6999969482422,78.8000030517578,80.9000015258789,80.8000030517578,80.6999969482422,82,81.9000015258789,82.5999984741211,82.9000015258789,83.5999984741211,85.3000030517578,85.1999969482422,85.9000015258789,85.3000030517578,83.9000015258789,84.4000015258789,84.6999969482422,85,84.3855361938477
South Africa,ZAF,"Annualized average growth rate in per capita real survey mean consumption or income, total population (%)",SI.SPR.PCAP.ZG,..,..,..,..,..,..,..,..,..,..,..,..,..,..,..,..,..,..,..,..,..,..,..,..,-1.23,..,..,..,..,..,..
South Africa,ZAF,Births attended by skilled health staff (% of total),SH.STA.BRTC.ZS,..,..,..,..,82,82,..,..,84.4,..,..,..,..,91.2,91.2,..,..,..,94.3,..,..,..,..,..,..,..,96.7,..,..,..,..
South Africa,ZAF,Coverage of social insurance programs (% of population),per_si_allsi.cov_pop_tot,..,..,..,..,..,..,..,..,..,..,..,..,..,..,..,2.80816295011588,..,..,..,..,3.4132036363106,..,..,..,3.3527477311896,..,..,..,..,..,..
South Africa,ZAF,"Debt service (PPG and IMF only, % of exports of goods, services and primary income)",DT.TDS.DPPF.XP.ZS,..,..,..,..,4.91402785788154,5.10877883602173,6.21934394405755,6.86511839032442,8.56312986432096,3.36863230484873,5.91054673142331,6.95796675429875,4.90680103483733,4.65571070457247,3.25379698879923,5.62608365664964,5.10605953097299,2.72592198464523,2.9036815095782,3.6356199719853,2.88255304460934,2.85531223106866,4.82637017571844,7.01086005266931,3.75386306379353,15.2443688231224,5.84174966406757,5.01711334256313,13.1808806285215,7.5063941148995,11.4429909526136
South Africa,ZAF,Employment in industry (% of total employment) (modeled ILO estimate),SL.IND.EMPL.ZS,..,28.5499992370605,28.3999996185303,28.2399997711182,28.0900001525879,27.9400005340576,27.7600002288818,27.6200008392334,27.4899997711182,27.3299999237061,27.25,26.9899997711182,26.7700004577637,26.6000003814697,26.4200000762939,26.25,26.0400009155273,25.8899993896484,25.7700004577637,25.25,24.3999996185303,24.1700000762939,23.4400005340576,23.5100002288818,23.4200000762939,23.8299999237061,23.3299999237061,23.3400001525879,23.1299991607666,22.3099994659424,..
South Asia,SAS,Access to electricity (% of population),EG.ELC.ACCS.ZS,..,..,..,46.8398669330385,46.4013634887527,47.8791856832807,48.9721051188412,50.4921593159017,54.2742742349146,57.659870271115,56.2402167465964,54.1723322574687,59.854366222333,61.488510539812,61.8160361760466,64.8130073817474,65.8587362322002,68.0285229705667,70.3284590560791,72.3629661110379,73.1894514438115,67.0536162588297,77.4893898648516,78.7140736481405,80.7598449184455,84.6089876014908,86.2991281159205,89.3999350323083,92.713015793386,94.0436403801698,95.7842894300092
South Asia,SAS,"Annualized average growth rate in per capita real survey mean consumption or income, total population (%)",SI.SPR.PCAP.ZG,..,..,..,..,..,..,..,..,..,..,..,..,..,..,..,..,..,..,..,..,..,..,..,..,..,..,..,..,..,..,..
South Asia,SAS,Births attended by skilled health staff (% of total),SH.STA.BRTC.ZS,..,..,..,..,..,..,..,..,..,..,36.3205983779918,..,..,..,..,..,..,..,..,..,47.8735577423777,..,..,..,..,..,..,..,75.9874595355917,..,..
South Asia,SAS,Coverage of social insurance programs (% of population),per_si_allsi.cov_pop_tot,..,..,..,..,..,..,..,..,..,..,..,..,..,..,..,..,..,..,..,..,..,..,..,..,..,..,..,..,..,..,..
South Asia,SAS,"Debt service (PPG and IMF only, % of exports of goods, services and primary income)",DT.TDS.DPPF.XP.ZS,25.5742923335846,24.2142334782634,23.2747137659282,22.8703250506665,26.9643702138551,26.0691646371279,22.6588287420548,22.9571236211831,19.479186732259,15.4538261536443,15.0938123165455,13.1989875378022,15.5963214252526,18.3123152801833,9.30284937554321,9.38247190169696,3.94653870376732,4.71215413945648,5.13493954847145,3.59802245527961,2.83318161092099,2.48760479514062,2.9550257897557,3.69757018827581,4.1131523302386,4.11996653001172,5.68978683543669,4.24529339442432,5.32902128420271,5.0160963990396,6.77158304292857
South Asia,SAS,Employment in industry (% of total employment) (modeled ILO estimate),SL.IND.EMPL.ZS,..,15.3989746688494,15.2729914338944,15.2281290330028,15.2716831848501,15.4135793081709,15.4928087398809,15.5386083002475,15.6571579783454,15.93095064546,16.0823622943631,16.3651477468405,16.639767908099,17.1681245941054,17.8106667367783,18.2983893121657,18.8869428245759,19.5070395667851,19.7625255024401,20.4414427528039,21.111685436168,22.1637173937328,23.2227310690297,23.343251075472,23.4494622115611,23.6819024656939,23.8307898681418,24.0141569969416,24.1931511825689,24.3697442769912,..
South Asia (IDA & IBRD),TSA,Access to electricity (% of population),EG.ELC.ACCS.ZS,..,..,..,46.8398669330385,46.4013634887527,47.8791856832807,48.9721051188412,50.4921593159017,54.2742742349146,57.659870271115,56.2402167465964,54.1723322574687,59.854366222333,61.488510539812,61.8160361760466,64.8130073817474,65.8587362322002,68.0285229705667,70.3284590560791,72.3629661110379,73.1894514438115,67.0536162588297,77.4893898648516,78.7140736481405,80.7598449184455,84.6089876014908,86.2991281159205,89.3999350323083,92.713015793386,94.0436403801698,95.7842894300092
South Asia (IDA & IBRD),TSA,"Annualized average growth rate in per capita real survey mean consumption or income, total population (%)",SI.SPR.PCAP.ZG,..,..,..,..,..,..,..,..,..,..,..,..,..,..,..,..,..,..,..,..,..,..,..,..,..,..,..,..,..,..,..
South Asia (IDA & IBRD),TSA,Births attended by skilled health staff (% of total),SH.STA.BRTC.ZS,..,..,..,..,..,..,..,..,..,..,36.3205983779918,..,..,..,..,..,..,..,..,..,47.8735577423777,..,..,..,..,..,..,..,75.9874595355917,..,..
South Asia (IDA & IBRD),TSA,Coverage of social insurance programs (% of population),per_si_allsi.cov_pop_tot,..,..,..,..,..,..,..,..,..,..,..,..,..,..,..,..,..,..,..,..,..,..,..,..,..,..,..,..,..,..,..
South Asia (IDA & IBRD),TSA,"Debt service (PPG and IMF only, % of exports of goods, services and primary income)",DT.TDS.DPPF.XP.ZS,25.5742923335846,24.2142334782634,23.2747137659282,22.8703250506665,26.9643702138551,26.0691646371279,22.6588287420548,22.9571236211831,19.479186732259,15.4538261536443,15.0938123165455,13.1989875378022,15.5963214252526,18.3123152801833,9.30284937554321,9.38247190169696,3.94653870376732,4.71215413945648,5.13493954847145,3.59802245527961,2.83318161092099,2.48760479514062,2.9550257897557,3.69757018827581,4.1131523302386,4.11996653001172,5.68978683543669,4.24529339442432,5.32902128420271,5.0160963990396,6.77158304292857
South Asia (IDA & IBRD),TSA,Employment in industry (% of total employment) (modeled ILO estimate),SL.IND.EMPL.ZS,..,15.3989746688494,15.2729914338944,15.2281290330028,15.2716831848501,15.4135793081709,15.4928087398809,15.5386083002475,15.6571579783454,15.93095064546,16.0823622943631,16.3651477468405,16.639767908099,17.1681245941054,17.8106667367783,18.2983893121657,18.8869428245759,19.5070395667851,19.7625255024401,20.4414427528039,21.111685436168,22.1637173937328,23.2227310690297,23.343251075472,23.4494622115611,23.6819024656939,23.8307898681418,24.0141569969416,24.1931511825689,24.3697442769912,..
South Sudan,SSD,Access to electricity (% of population),EG.ELC.ACCS.ZS,..,..,..,..,..,..,..,..,..,..,..,..,..,..,..,..,0.643131792545319,1.03156232833862,1.42722380161285,3,1.5,2.68468475341797,3.13636112213135,3.60786819458008,4.09718370437622,4.60133981704712,5.1173677444458,4.19999980926514,6.17316961288452,6.70700693130493,7.24133825302124
South Sudan,SSD,"Annualized average growth rate in per capita real survey mean consumption or income, total population (%)",SI.SPR.PCAP.ZG,..,..,..,..,..,..,..,..,..,..,..,..,..,..,..,..,..,..,..,..,..,..,..,..,..,..,..,..,..,..,..
South Sudan,SSD,Births attended by skilled health staff (% of total),SH.STA.BRTC.ZS,..,..,..,..,..,..,..,..,..,..,..,..,..,..,..,..,9.7,..,..,..,19.4,..,..,..,..,..,..,..,..,..,..
South Sudan,SSD,Coverage of social insurance programs (% of population),per_si_allsi.cov_pop_tot,..,..,..,..,..,..,..,..,..,..,..,..,..,..,..,..,..,..,..,..,..,..,..,..,..,..,..,..,..,..,..
South Sudan,SSD,"Debt service (PPG and IMF only, % of exports of goods, services and primary income)",DT.TDS.DPPF.XP.ZS,..,..,..,..,..,..,..,..,..,..,..,..,..,..,..,..,..,..,..,..,..,..,..,..,..,..,..,..,..,..,..
South Sudan,SSD,Employment in industry (% of total employment) (modeled ILO estimate),SL.IND.EMPL.ZS,..,14.1700000762939,14.3400001525879,14.4899997711182,14.5500001907349,14.7299995422363,14.8900003433228,15.1999998092651,15.25,15.2399997711182,15.4099998474121,15.6400003433228,15.8900003433228,16.2199993133545,16.3199996948242,16.6200008392334,17.0799999237061,17.6399993896484,17.9699993133545,17.6900005340576,17.7399997711182,17.8899993896484,17.7299995422363,18.8899993896484,18.7199993133545,17.3400001525879,16.4599990844727,16.0799999237061,16.3299999237061,16.3899993896484,..
Spain,ESP,Access to electricity (% of population),EG.ELC.ACCS.ZS,100,100,100,100,100,100,100,100,100,100,100,100,100,100,100,100,100,100,100,100,100,100,100,100,100,100,100,100,100,100,100
Spain,ESP,"Annualized average growth rate in per capita real survey mean consumption or income, total population (%)",SI.SPR.PCAP.ZG,..,..,..,..,..,..,..,..,..,..,..,..,..,..,..,..,..,..,..,..,..,..,..,..,..,..,..,..,..,2.62,..
Spain,ESP,Births attended by skilled health staff (% of total),SH.STA.BRTC.ZS,..,..,..,..,..,..,..,..,..,..,..,..,..,..,..,..,..,..,..,..,..,..,..,..,..,..,..,..,..,..,..
Spain,ESP,Coverage of social insurance programs (% of population),per_si_allsi.cov_pop_tot,..,..,..,..,..,..,..,..,..,..,..,..,..,..,..,..,..,..,..,..,..,..,..,..,..,..,..,..,..,..,..
Spain,ESP,"Debt service (PPG and IMF only, % of exports of goods, services and primary income)",DT.TDS.DPPF.XP.ZS,..,..,..,..,..,..,..,..,..,..,..,..,..,..,..,..,..,..,..,..,..,..,..,..,..,..,..,..,..,..,..
Spain,ESP,Employment in industry (% of total employment) (modeled ILO estimate),SL.IND.EMPL.ZS,..,32.3400001525879,31.7800006866455,31.0400009155273,30.2600002288818,30.2099990844727,29.4699993133545,29.9099998474121,30.5100002288818,30.6800003051758,30.8299999237061,31.4599990844727,31.0400009155273,30.7099990844727,30.2099990844727,29.5699996948242,29.3999996185303,29.1100006103516,27.8299999237061,24.5900001525879,22.9799995422363,21.7600002288818,20.6700000762939,19.75,19.4500007629395,19.8999996185303,19.6100006103516,20.0599994659424,20.3299999237061,20.4300003051758,..
Sri Lanka,LKA,Access to electricity (% of population),EG.ELC.ACCS.ZS,..,..,..,..,..,..,..,..,..,..,70.2628021240234,63.5999984741211,80.6999969482422,74.9988174438477,76.5685806274414,78.137809753418,82.0500030517578,80,82.8673934936523,87.0899963378906,85.3000030517578,87.7600021362305,87,90.1999969482422,92.660514831543,94.3518676757813,97.5,97.5,99.5648727416992,99.7585678100586,100
Sri Lanka,LKA,"Annualized average growth rate in per capita real survey mean consumption or income, total population (%)",SI.SPR.PCAP.ZG,..,..,..,..,..,..,..,..,..,..,..,..,..,..,..,..,..,..,..,..,..,..,..,..,..,..,4.12,..,..,..,..
Sri Lanka,LKA,Births attended by skilled health staff (% of total),SH.STA.BRTC.ZS,..,..,..,94.1,..,..,..,..,..,..,96,..,..,..,..,..,..,98.6,..,..,..,..,..,..,99.95,..,99.5,..,..,..,..
Sri Lanka,LKA,Coverage of social insurance programs (% of population),per_si_allsi.cov_pop_tot,..,..,..,..,..,..,..,..,..,..,..,..,..,..,..,..,6.29317330964762,..,..,6.62762751796656,..,..,7.40060570466367,..,..,..,7.8385107317496,..,..,..,..
Sri Lanka,LKA,"Debt service (PPG and IMF only, % of exports of goods, services and primary income)",DT.TDS.DPPF.XP.ZS,14.8160036716774,15.1336666335862,14.5632590883056,11.1639207375451,9.62680146982744,8.77610837225482,8.66918759401828,8.29368364311752,8.78048380390758,11.7206595580653,10.8516151112974,9.62718040797999,9.43213892304357,7.78961006605945,8.95593048775899,4.56480595715227,9.7455171491814,7.59210200800281,10.5788441482313,13.2981651166113,10.7175368922061,7.83025580289369,13.3250294484073,11.9314185549206,24.2622029093443,17.374069235489,14.6319443804729,19.2245772495233,21.7093990504939,25.3897610125403,33.0296751307039
Sri Lanka,LKA,Employment in industry (% of total employment) (modeled ILO estimate),SL.IND.EMPL.ZS,..,26.5799999237061,20.0200004577637,21.1499996185303,20.1200008392334,24.8199996948242,23.2700004577637,24.3199996948242,23.0799999237061,23.2800006866455,23.6100006103516,23.3799991607666,23.4099998474121,23.7000007629395,23.9899997711182,24.3999996185303,24.8799991607666,25.25,25.5900001525879,25.8400001525879,25.5499992370605,25.7900009155273,26.0699996948242,26,26.3299999237061,25.7700004577637,26.3899993896484,28.4099998474121,27.9400005340576,27.8700008392334,..
St. Kitts and Nevis,KNA,Access to electricity (% of population),EG.ELC.ACCS.ZS,91.3068161010742,91.6711730957031,92.0354309082031,92.3990020751953,92.7612075805664,93.1213836669922,93.4788360595703,93.8328857421875,94.182861328125,94.5279922485352,95.2815399169922,93.5299987792969,95.8031845092773,96.0549850463867,96.3038940429688,96.5522689819336,96.8025207519531,97.0572891235352,97.3192901611328,97.5912246704102,99.843391418457,100,100,100,100,100,100,100,100,100,100
St. Kitts and Nevis,KNA,"Annualized average growth rate in per capita real survey mean consumption or income, total population (%)",SI.SPR.PCAP.ZG,..,..,..,..,..,..,..,..,..,..,..,..,..,..,..,..,..,..,..,..,..,..,..,..,..,..,..,..,..,..,..
St. Kitts and Nevis,KNA,Births attended by skilled health staff (% of total),SH.STA.BRTC.ZS,..,..,..,..,..,100,..,..,99.4,..,99.4,..,99.5,..,100,100,..,100,100,100,100,100,100,100,100,100,..,..,..,..,..
St. Kitts and Nevis,KNA,Coverage of social insurance programs (% of population),per_si_allsi.cov_pop_tot,..,..,..,..,..,..,..,..,..,..,..,..,..,..,..,..,..,..,..,..,..,..,..,..,..,..,..,..,..,..,..
St. Kitts and Nevis,KNA,"Debt service (PPG and IMF only, % of exports of goods, services and primary income)",DT.TDS.DPPF.XP.ZS,..,..,..,..,..,..,..,..,..,..,..,..,..,..,..,..,..,..,..,..,..,..,..,..,..,..,..,..,..,..,..
St. Kitts and Nevis,KNA,Employment in industry (% of total employment) (modeled ILO estimate),SL.IND.EMPL.ZS,..,..,..,..,..,..,..,..,..,..,..,..,..,..,..,..,..,..,..,..,..,..,..,..,..,..,..,..,..,..,..
St. Lucia,LCA,Access to electricity (% of population),EG.ELC.ACCS.ZS,..,..,..,..,..,..,..,..,..,..,89.3874359130859,89.9000015258789,90.3582916259766,90.8346939086914,91.3082122802734,91.7811889648438,92.2560424804688,92.7354202270508,93.2220230102539,93.7185668945313,94.1999969482422,94.7525177001953,95.3434219360352,95.8573837280273,96.4376373291016,97.0327377319336,97.6397094726563,98.2798080444336,98.8773956298828,99.5021820068359,100
St. Lucia,LCA,"Annualized average growth rate in per capita real survey mean consumption or income, total population (%)",SI.SPR.PCAP.ZG,..,..,..,..,..,..,..,..,..,..,..,..,..,..,..,..,..,..,..,..,..,..,..,..,..,..,..,..,..,..,..
St. Lucia,LCA,Births attended by skilled health staff (% of total),SH.STA.BRTC.ZS,..,..,..,..,..,100,..,99.7,..,..,100,..,98,99,100,100,97.9,100,100,..,98.5,..,98.7,..,99.1,99.1,..,100,..,..,..
St. Lucia,LCA,Coverage of social insurance programs (% of population),per_si_allsi.cov_pop_tot,..,..,..,..,..,..,..,..,..,..,..,..,..,..,..,..,..,..,..,..,..,..,..,..,..,..,..,..,..,..,..
St. Lucia,LCA,"Debt service (PPG and IMF only, % of exports of goods, services and primary income)",DT.TDS.DPPF.XP.ZS,2.09451643456193,3.36063679530138,3.43991120308617,3.30636736625056,3.01992889484724,2.8392053965234,3.3329302247296,3.34863489921211,3.55020683462046,4.23583138141128,7.19385840000001,6.6045123456721,5.29301775132095,6.71179539392268,4.2745403698604,5.13167790449827,6.84062845300185,8.95924761726935,8.88351639821288,7.50927612547694,6.5959956586695,7.35105200269894,7.01032376118934,5.5717227973984,3.75439579107618,6.89813308554792,4.98842479830866,4.20950072233378,4.03994700144718,3.86012253198207,8.90940849535884
St. Lucia,LCA,Employment in industry (% of total employment) (modeled ILO estimate),SL.IND.EMPL.ZS,..,22.8199996948242,22.6700000762939,22.4599990844727,21.5400009155273,25.6100006103516,22.5799999237061,20.2700004577637,18.75,19.2299995422363,20.5699996948242,18.8799991607666,17.4899997711182,16.6000003814697,16.8400001525879,19.5,19.7800006866455,18.7099990844727,18.8500003814697,18.4799995422363,17.9899997711182,17.9099998474121,17.6299991607666,17.1399993896484,16.8700008392334,16.7199993133545,16.6000003814697,16.3400001525879,14.8199996948242,14.6899995803833,..
St. Martin (French part),MAF,Access to electricity (% of population),EG.ELC.ACCS.ZS,100,100,100,100,100,100,100,100,100,100,100,100,100,100,100,100,100,99.9974060058594,99.9841156005859,99.9549026489258,100,100,100,100,100,100,100,100,100,100,100
St. Martin (French part),MAF,"Annualized average growth rate in per capita real survey mean consumption or income, total population (%)",SI.SPR.PCAP.ZG,..,..,..,..,..,..,..,..,..,..,..,..,..,..,..,..,..,..,..,..,..,..,..,..,..,..,..,..,..,..,..
St. Martin (French part),MAF,Births attended by skilled health staff (% of total),SH.STA.BRTC.ZS,..,..,..,..,..,..,..,..,..,..,..,..,..,..,..,..,..,..,..,..,..,..,..,..,..,..,..,..,..,..,..
St. Martin (French part),MAF,Coverage of social insurance programs (% of population),per_si_allsi.cov_pop_tot,..,..,..,..,..,..,..,..,..,..,..,..,..,..,..,..,..,..,..,..,..,..,..,..,..,..,..,..,..,..,..
St. Martin (French part),MAF,"Debt service (PPG and IMF only, % of exports of goods, services and primary income)",DT.TDS.DPPF.XP.ZS,..,..,..,..,..,..,..,..,..,..,..,..,..,..,..,..,..,..,..,..,..,..,..,..,..,..,..,..,..,..,..
St. Martin (French part),MAF,Employment in industry (% of total employment) (modeled ILO estimate),SL.IND.EMPL.ZS,..,..,..,..,..,..,..,..,..,..,..,..,..,..,..,..,..,..,..,..,..,..,..,..,..,..,..,..,..,..,..
St. Vincent and the Grenadines,VCT,Access to electricity (% of population),EG.ELC.ACCS.ZS,..,66.8,69.1144332885742,70.46484375,71.8138961791992,73.1609039306641,74.5052032470703,75.8460922241211,77.1829071044922,78.5148773193359,79.8817749023438,82.4100036621094,82.4681243896484,83.7522735595703,85.0335311889648,86.3142623901367,87.5968551635742,88.7900009155273,90.1783294677734,91.4826202392578,92.799560546875,94.1318588256836,95.4822235107422,96.8524169921875,98.2404251098633,99.6432723999023,99.8008422851563,99.9777069091797,100,100,100
St. Vincent and the Grenadines,VCT,"Annualized average growth rate in per capita real survey mean consumption or income, total population (%)",SI.SPR.PCAP.ZG,..,..,..,..,..,..,..,..,..,..,..,..,..,..,..,..,..,..,..,..,..,..,..,..,..,..,..,..,..,..,..
St. Vincent and the Grenadines,VCT,Births attended by skilled health staff (% of total),SH.STA.BRTC.ZS,..,..,..,..,..,100,..,..,98,99.3,100,100,100,..,100,100,..,100,99.2,98.9,98.3,98.8,99.2,99,99.9,98.7,98.6,..,..,..,..
St. Vincent and the Grenadines,VCT,Coverage of social insurance programs (% of population),per_si_allsi.cov_pop_tot,..,..,..,..,..,..,..,..,..,..,..,..,..,..,..,..,..,..,..,..,..,..,..,..,..,..,..,..,..,..,..
St. Vincent and the Grenadines,VCT,"Debt service (PPG and IMF only, % of exports of goods, services and primary income)",DT.TDS.DPPF.XP.ZS,3.13752812628802,4.05420172789539,4.13513774964983,6.30611006325475,6.23192294353045,5.09590672772381,5.48261393185115,6.55037597469469,6.24039176438003,6.980982940053,6.15481370026983,6.72394921809281,6.50876203858227,7.80059877114814,10.1994978477984,11.3201370408429,14.7795742218091,12.3195317652872,13.9419676189988,17.5509865551345,18.5200856939351,18.2460158822413,18.069964058705,15.6587216263432,11.5957006734626,11.575132475035,10.3748902147162,11.6430014076639,13.0036002660827,11.7372958454073,19.1128527185791
St. Vincent and the Grenadines,VCT,Employment in industry (% of total employment) (modeled ILO estimate),SL.IND.EMPL.ZS,..,21.25,21.3299999237061,21.4200000762939,21.1900005340576,21.2399997711182,20.9699993133545,21.1900005340576,21.3799991607666,21.0599994659424,20.6599998474121,20.5699996948242,20.5400009155273,20.7700004577637,20.8299999237061,20.7199993133545,21.1000003814697,21.3199996948242,21.0499992370605,20.7999992370605,20.5,20.3500003814697,20.2199993133545,20.25,20.0100002288818,20.0400009155273,19.9799995422363,19.9899997711182,19.9599990844727,19.8799991607666,..
Sub-Saharan Africa,SSF,Access to electricity (% of population),EG.ELC.ACCS.ZS,..,..,..,..,..,..,28.286469120314,28.1929767455442,28.4203971263025,29.9574278616049,25.571854585029,26.0771394380323,27.2671501144508,29.4966524379089,29.3397427220931,29.2894992748797,30.7958768351178,32.4170600975624,32.3082093938213,32.487234020506,33.3025221340956,35.8762582756268,36.8161552261,37.9479417155027,38.2934627763418,39.0737470627612,43.7512869889935,43.7316298787366,46.3706722370329,47.1047724048359,48.3510787862696
Sub-Saharan Africa,SSF,"Annualized average growth rate in per capita real survey mean consumption or income, total population (%)",SI.SPR.PCAP.ZG,..,..,..,..,..,..,..,..,..,..,..,..,..,..,..,..,..,..,..,..,..,..,..,..,..,..,..,..,..,..,..
Sub-Saharan Africa,SSF,Births attended by skilled health staff (% of total),SH.STA.BRTC.ZS,..,..,..,..,..,..,..,..,..,..,40.9846815913859,..,..,..,..,..,..,..,..,..,51.3832885843533,..,..,..,..,..,..,..,60.954738005829,..,..
Sub-Saharan Africa,SSF,Coverage of social insurance programs (% of population),per_si_allsi.cov_pop_tot,..,..,..,..,..,..,..,..,..,..,..,..,..,..,..,..,..,..,..,..,..,..,..,..,..,..,..,..,..,..,..
Sub-Saharan Africa,SSF,"Debt service (PPG and IMF only, % of exports of goods, services and primary income)",DT.TDS.DPPF.XP.ZS,..,..,..,..,10.7280293092413,9.34197376893542,10.648127319259,9.9844379924402,11.9411667228201,8.49219769549557,9.3141778047032,10.6019265207375,7.52242561386163,6.93058920310514,5.70951861718154,8.56991320098098,7.25246924142291,3.99696713447231,3.27555519389542,3.93815124064823,2.51286508868219,2.42180902123576,3.24677695158448,4.43546222573015,4.45349095644038,9.06901032560011,7.98308081554171,7.11168999202634,9.91623238589585,9.93861766691164,11.2741914093478
Sub-Saharan Africa,SSF,Employment in industry (% of total employment) (modeled ILO estimate),SL.IND.EMPL.ZS,..,10.6692848300546,10.6079354361631,10.5442797437799,10.4841233483969,10.4127540426752,10.3418739233405,10.2645166254137,10.1666025733269,10.0615856743641,9.93107124757779,9.82435271860182,9.72750207311257,9.71358812427504,9.68261501049003,9.61779323733015,9.66864861920808,9.70352161484147,9.78034856956556,9.78236785872987,9.79867214323352,9.92848997669752,10.1823485311589,10.419001687415,10.6027280120098,10.7530210967723,10.7330977458187,10.7815722314191,10.7516456300117,10.7117350398094,..
Sub-Saharan Africa (excluding high income),SSA,Access to electricity (% of population),EG.ELC.ACCS.ZS,..,..,..,..,..,..,28.2743481640338,28.1819081157417,28.4094687794,29.9469337076462,25.5633676919535,26.0688863637387,27.2588134347914,29.489010403617,29.3322754253575,29.2821548423111,30.7884426455192,32.4102875312788,32.3014248870519,32.4805912301798,33.2959415264349,35.8701604550253,36.8102299284776,37.9422132831239,38.2876441783558,39.0680288898584,43.7460783875242,43.7264940830521,46.3658594272374,47.1001070492797,48.3466019487037
Sub-Saharan Africa (excluding high income),SSA,"Annualized average growth rate in per capita real survey mean consumption or income, total population (%)",SI.SPR.PCAP.ZG,..,..,..,..,..,..,..,..,..,..,..,..,..,..,..,..,..,..,..,..,..,..,..,..,..,..,..,..,..,..,..
Sub-Saharan Africa (excluding high income),SSA,Births attended by skilled health staff (% of total),SH.STA.BRTC.ZS,..,..,..,..,..,..,..,..,..,..,40.9812368715967,..,..,..,..,..,..,..,..,..,51.3810014563485,..,..,..,..,..,..,..,60.954738005829,..,..
Sub-Saharan Africa (excluding high income),SSA,Coverage of social insurance programs (% of population),per_si_allsi.cov_pop_tot,..,..,..,..,..,..,..,..,..,..,..,..,..,..,..,..,..,..,..,..,..,..,..,..,..,..,..,..,..,..,..
Sub-Saharan Africa (excluding high income),SSA,"Debt service (PPG and IMF only, % of exports of goods, services and primary income)",DT.TDS.DPPF.XP.ZS,..,..,..,..,10.7280293092413,9.34197376893542,10.648127319259,9.9844379924402,11.9411667228201,8.49219769549558,9.3141778047032,10.6019265207375,7.52242561386163,6.93058920310514,5.70951861718154,8.56991320098098,7.25246924142292,3.99696713447231,3.27555519389542,3.93815124064823,2.51286508868219,2.42180902123576,3.24677695158448,4.43546222573015,4.45349095644038,9.06901032560011,7.98308081554171,7.11168999202634,9.91623238589586,9.93861766691164,11.2741914093478
Sub-Saharan Africa (excluding high income),SSA,Employment in industry (% of total employment) (modeled ILO estimate),SL.IND.EMPL.ZS,..,10.6692848300546,10.6079354361631,10.5442797437799,10.4841233483969,10.4127540426752,10.3418739233405,10.2645166254137,10.1666025733269,10.0615856743641,9.93107124757779,9.82435271860182,9.72750207311257,9.71358812427505,9.68261501049003,9.61779323733015,9.66864861920808,9.70352161484147,9.78034856956556,9.78236785872987,9.79867214323352,9.92848997669752,10.1823485311589,10.419001687415,10.6027280120098,10.7530210967723,10.7330977458187,10.7815722314191,10.7516456300117,10.7117350398094,..
Sub-Saharan Africa (IDA & IBRD),TSS,Access to electricity (% of population),EG.ELC.ACCS.ZS,..,..,..,..,..,..,28.286469120314,28.1929767455442,28.4203971263025,29.9574278616049,25.571854585029,26.0771394380323,27.2671501144508,29.4966524379089,29.3397427220931,29.2894992748797,30.7958768351178,32.4170600975624,32.3082093938213,32.487234020506,33.3025221340956,35.8762582756268,36.8161552261,37.9479417155027,38.2934627763418,39.0737470627612,43.7512869889935,43.7316298787366,46.3706722370329,47.1047724048359,48.3510787862696
Sub-Saharan Africa (IDA & IBRD),TSS,"Annualized average growth rate in per capita real survey mean consumption or income, total population (%)",SI.SPR.PCAP.ZG,..,..,..,..,..,..,..,..,..,..,..,..,..,..,..,..,..,..,..,..,..,..,..,..,..,..,..,..,..,..,..
Sub-Saharan Africa (IDA & IBRD),TSS,Births attended by skilled health staff (% of total),SH.STA.BRTC.ZS,..,..,..,..,..,..,..,..,..,..,40.984681591386,..,..,..,..,..,..,..,..,..,51.3832885843533,..,..,..,..,..,..,..,60.954738005829,..,..
Sub-Saharan Africa (IDA & IBRD),TSS,Coverage of social insurance programs (% of population),per_si_allsi.cov_pop_tot,..,..,..,..,..,..,..,..,..,..,..,..,..,..,..,..,..,..,..,..,..,..,..,..,..,..,..,..,..,..,..
Sub-Saharan Africa (IDA & IBRD),TSS,"Debt service (PPG and IMF only, % of exports of goods, services and primary income)",DT.TDS.DPPF.XP.ZS,..,..,..,..,10.7280293092413,9.34197376893542,10.648127319259,9.9844379924402,11.9411667228201,8.49219769549557,9.3141778047032,10.6019265207375,7.52242561386163,6.93058920310514,5.70951861718154,8.56991320098098,7.25246924142292,3.99696713447231,3.27555519389542,3.93815124064823,2.51286508868219,2.42180902123576,3.24677695158448,4.43546222573015,4.45349095644038,9.06901032560011,7.98308081554171,7.11168999202634,9.91623238589586,9.93861766691164,11.2741914093478
Sub-Saharan Africa (IDA & IBRD),TSS,Employment in industry (% of total employment) (modeled ILO estimate),SL.IND.EMPL.ZS,..,10.6692848300546,10.6079354361631,10.5442797437799,10.4841233483969,10.4127540426752,10.3418739233405,10.2645166254137,10.1666025733269,10.0615856743641,9.93107124757779,9.82435271860182,9.72750207311257,9.71358812427504,9.68261501049003,9.61779323733015,9.66864861920808,9.70352161484147,9.78034856956556,9.78236785872987,9.79867214323352,9.92848997669752,10.1823485311589,10.4190016874151,10.6027280120098,10.7530210967723,10.7330977458187,10.7815722314191,10.7516456300117,10.7117350398094,..
Sudan,SDN,Access to electricity (% of population),EG.ELC.ACCS.ZS,32.8,26.9192943572998,27.4086132049561,27.897253036499,28.3845348358154,28.8697834014893,29.35231590271,29.8314571380615,30.3065280914307,30.7767562866211,23,29.2552261352539,29.5256023406982,29.7905673980713,30.0523929595947,30.313346862793,30.5757923126221,30.8424415588379,19.9699993133545,29,38.0397758483887,39.8208045959473,41.5919952392578,43.3435173034668,44.9000015258789,46.9031066894531,48.8494033813477,50.7547187805176,52.4470024108887,53.9625396728516,55.3897018432617
Sudan,SDN,"Annualized average growth rate in per capita real survey mean consumption or income, total population (%)",SI.SPR.PCAP.ZG,..,..,..,..,..,..,..,..,..,..,..,..,..,..,..,..,..,..,..,..,..,..,..,..,..,..,..,..,..,..,..
Sudan,SDN,Births attended by skilled health staff (% of total),SH.STA.BRTC.ZS,68.5,..,..,..,..,..,..,..,..,..,..,..,..,..,..,..,49.2,..,..,..,72.5,..,..,..,77.7,..,..,..,..,..,..
Sudan,SDN,Coverage of social insurance programs (% of population),per_si_allsi.cov_pop_tot,..,..,..,..,..,..,..,..,..,..,..,..,..,..,..,..,..,..,..,..,..,..,..,..,..,..,..,..,..,..,..
Sudan,SDN,"Debt service (PPG and IMF only, % of exports of goods, services and primary income)",DT.TDS.DPPF.XP.ZS,4.82234489636292,5.79746402407117,7.20693114665221,5.38441248671626,0.536239670932358,10.1026772733929,7.06708855489281,8.95297763772176,9.78863558861164,6.76966779064487,13.1788949529559,13.5582076309861,6.75015067590939,10.5837468033654,8.23573749840649,7.75748018342716,4.8548141113099,3.85544908416409,2.91535871679986,5.6963744337078,4.16364886245748,4.8097248741649,7.02836514699424,4.85684756835576,4.28112728686312,10.6234963618295,6.30710507655385,3.96363102300726,4.07612203153392,3.68691321421104,2.82952073124108
Sudan,SDN,Employment in industry (% of total employment) (modeled ILO estimate),SL.IND.EMPL.ZS,..,10.8299999237061,10.8900003433228,10.9099998474121,10.8299999237061,10.8699998855591,11.0100002288818,11.25,11.2700004577637,11.2399997711182,11.3299999237061,11.4700002670288,11.6899995803833,11.9200000762939,11.8900003433228,12.2700004577637,12.7600002288818,13.3900003433228,13.9399995803833,14.1599998474121,14.2299995422363,15.3400001525879,16.0599994659424,16.4599990844727,16.6299991607666,17.1000003814697,17.4099998474121,17.6800003051758,17.2299995422363,16.8199996948242,..
Suriname,SUR,Access to electricity (% of population),EG.ELC.ACCS.ZS,..,..,..,..,..,..,..,..,..,99.62406,95.4943771362305,95.3973846435547,95.2928161621094,95.1830062866211,95.0703125,94.9570770263672,91.0198364257813,94.738883972168,94.639274597168,94.5496139526367,91.1975173950195,94.4109344482422,94.3673400878906,94.3435821533203,94.3376312255859,94.8952331542969,95.8163146972656,96.6963348388672,97.4000015258789,97.8254165649414,98.2047729492188
Suriname,SUR,"Annualized average growth rate in per capita real survey mean consumption or income, total population (%)",SI.SPR.PCAP.ZG,..,..,..,..,..,..,..,..,..,..,..,..,..,..,..,..,..,..,..,..,..,..,..,..,..,..,..,..,..,..,..
Suriname,SUR,Births attended by skilled health staff (% of total),SH.STA.BRTC.ZS,..,..,..,..,..,80,..,..,..,..,70.9,..,90,..,90,..,86.5,90,90,90,90,..,..,..,..,90,..,..,98.4,..,..
Suriname,SUR,Coverage of social insurance programs (% of population),per_si_allsi.cov_pop_tot,..,..,..,..,..,..,..,..,..,..,..,..,..,..,..,..,..,..,..,..,..,..,..,..,..,..,..,..,..,..,..
Suriname,SUR,"Debt service (PPG and IMF only, % of exports of goods, services and primary income)",DT.TDS.DPPF.XP.ZS,..,..,..,..,..,..,..,..,..,..,..,..,..,..,..,..,..,..,..,..,..,..,..,..,..,..,..,..,..,..,..
Suriname,SUR,Employment in industry (% of total employment) (modeled ILO estimate),SL.IND.EMPL.ZS,..,19.1900005340576,19.1299991607666,19.3299999237061,19.7099990844727,22.25,24.7000007629395,23.2600002288818,25.9799995422363,25.2999992370605,24.9099998474121,24.7600002288818,24.4400005340576,24.3299999237061,24.1000003814697,24.1200008392334,24.3099994659424,24.3899993896484,24.5300006866455,24.5400009155273,24.6700000762939,24.9599990844727,24.9200000762939,25.0499992370605,25.1000003814697,25.0799999237061,24.4500007629395,24.4300003051758,24.4899997711182,24.3299999237061,..
Sweden,SWE,Access to electricity (% of population),EG.ELC.ACCS.ZS,100,100,100,100,100,100,100,100,100,100,100,100,100,100,100,100,100,100,100,100,100,100,100,100,100,100,100,100,100,100,100
Sweden,SWE,"Annualized average growth rate in per capita real survey mean consumption or income, total population (%)",SI.SPR.PCAP.ZG,..,..,..,..,..,..,..,..,..,..,..,..,..,..,..,..,..,..,..,..,..,..,..,..,..,..,..,..,..,1.58,..
Sweden,SWE,Births attended by skilled health staff (% of total),SH.STA.BRTC.ZS,..,..,..,..,..,..,..,..,..,..,..,..,..,..,..,..,..,..,..,..,..,..,..,..,..,..,..,..,..,..,..
Sweden,SWE,Coverage of social insurance programs (% of population),per_si_allsi.cov_pop_tot,..,..,..,..,..,..,..,..,..,..,..,..,..,..,..,..,..,..,..,..,..,..,..,..,..,..,..,..,..,..,..
Sweden,SWE,"Debt service (PPG and IMF only, % of exports of goods, services and primary income)",DT.TDS.DPPF.XP.ZS,..,..,..,..,..,..,..,..,..,..,..,..,..,..,..,..,..,..,..,..,..,..,..,..,..,..,..,..,..,..,..
Sweden,SWE,Employment in industry (% of total employment) (modeled ILO estimate),SL.IND.EMPL.ZS,..,26.6100006103516,26.1499996185303,25.6399993896484,25.5200004577637,25.4799995422363,25.8700008392334,25.5499992370605,25.8899993896484,24.9899997711182,24.3600006103516,23.7399997711182,22.9599990844727,22.6000003814697,22.3700008392334,22.0400009155273,21.9099998474121,21.6499996185303,21.3299999237061,20.1599998474121,19.8999996185303,19.9300003051758,19.6499996185303,19.1599998474121,18.6000003814697,18.2900009155273,18.2000007629395,18.1599998474121,18.1800003051758,18.4200000762939,..
Switzerland,CHE,Access to electricity (% of population),EG.ELC.ACCS.ZS,100,100,100,100,100,100,100,100,100,100,100,100,100,100,100,100,100,100,100,100,100,100,100,100,100,100,100,100,100,100,100
Switzerland,CHE,"Annualized average growth rate in per capita real survey mean consumption or income, total population (%)",SI.SPR.PCAP.ZG,..,..,..,..,..,..,..,..,..,..,..,..,..,..,..,..,..,..,..,..,..,..,..,..,..,..,..,..,0.08,..,..
Switzerland,CHE,Births attended by skilled health staff (% of total),SH.STA.BRTC.ZS,..,..,..,..,..,..,..,..,..,..,..,..,..,..,..,..,100,..,..,..,..,..,..,..,..,..,..,..,..,..,..
Switzerland,CHE,Coverage of social insurance programs (% of population),per_si_allsi.cov_pop_tot,..,..,..,..,..,..,..,..,..,..,..,..,..,..,..,..,..,..,..,..,..,..,..,..,..,..,..,..,..,..,..
Switzerland,CHE,"Debt service (PPG and IMF only, % of exports of goods, services and primary income)",DT.TDS.DPPF.XP.ZS,..,..,..,..,..,..,..,..,..,..,..,..,..,..,..,..,..,..,..,..,..,..,..,..,..,..,..,..,..,..,..
Switzerland,CHE,Employment in industry (% of total employment) (modeled ILO estimate),SL.IND.EMPL.ZS,..,29.2199993133545,28.0499992370605,27.2600002288818,27.3899993896484,28.4200000762939,26.4799995422363,25.3899993896484,25.1499996185303,24.6900005340576,25,24.4500007629395,23.4099998474121,22.4400005340576,22.2999992370605,22.4599990844727,22.6499996185303,22.5400009155273,22.8799991607666,22.1399993896484,22.4500007629395,22.2800006866455,21.6100006103516,21.7900009155273,21.2900009155273,20.75,20.5900001525879,20.5200004577637,20.4599990844727,20.3400001525879,..
Syrian Arab Republic,SYR,Access to electricity (% of population),EG.ELC.ACCS.ZS,..,..,..,..,..,..,..,..,..,..,93.4835891723633,93.2186508178711,86.5999984741211,92.6683578491211,92.3877105712891,92.1065292358398,99.5057601928711,91.5524215698242,91.2848663330078,91.0272445678711,92.6999969482422,91.5147247314453,90.7931900024414,90.1493988037109,89.9754943847656,89.8164291381836,89.6692352294922,89.5309448242188,86,89.2692108154297,89.1403198242188
Syrian Arab Republic,SYR,"Annualized average growth rate in per capita real survey mean consumption or income, total population (%)",SI.SPR.PCAP.ZG,..,..,..,..,..,..,..,..,..,..,..,..,..,..,..,..,..,..,..,..,..,..,..,..,..,..,..,..,..,..,..
Syrian Arab Republic,SYR,Births attended by skilled health staff (% of total),SH.STA.BRTC.ZS,..,..,..,76.9,..,..,..,..,..,..,..,..,..,..,89.7,..,91.5,..,..,96.2,..,..,..,..,..,..,..,..,..,..,..
Syrian Arab Republic,SYR,Coverage of social insurance programs (% of population),per_si_allsi.cov_pop_tot,..,..,..,..,..,..,..,..,..,..,..,..,..,8.19379853906782,..,..,..,..,..,..,..,..,..,..,..,..,..,..,..,..,..
Syrian Arab Republic,SYR,"Debt service (PPG and IMF only, % of exports of goods, services and primary income)",DT.TDS.DPPF.XP.ZS,..,..,..,..,..,..,..,..,..,..,..,..,..,..,..,..,..,..,3.37753311650247,3.86442475439785,3.11939822388479,..,..,..,..,..,..,..,..,..,..
Syrian Arab Republic,SYR,Employment in industry (% of total employment) (modeled ILO estimate),SL.IND.EMPL.ZS,..,24.9899997711182,25.7900009155273,26.6299991607666,28.6100006103516,30.5100002288818,29.9799995422363,29.1399993896484,28.9400005340576,28.2900009155273,26.1000003814697,25.7299995422363,25.9099998474121,25.6000003814697,26.1499996185303,27.25,28.2600002288818,29.0599994659424,29.9699993133545,30.6800003051758,31.2900009155273,31.4300003051758,28.2399997711182,25.0300006866455,23.3500003814697,22.7700004577637,22.5599994659424,22.4200000762939,22.8199996948242,23.1900005340576,..
Tajikistan,TJK,Access to electricity (% of population),EG.ELC.ACCS.ZS,..,..,..,..,..,..,..,..,..,97,98.4677429199219,98.6331024169922,99,100,98.6270904541016,99.3000030517578,98.6165390014648,98.6167221069336,98.624137878418,99,98.671501159668,98.7168579101563,99.0999984741211,98.8635482788086,98.9646224975586,98,99.2083129882813,99.3000030517578,99.3000030517578,99.6332092285156,99.779296875
Tajikistan,TJK,"Annualized average growth rate in per capita real survey mean consumption or income, total population (%)",SI.SPR.PCAP.ZG,..,..,..,..,..,..,..,..,..,..,..,..,..,..,..,..,..,..,..,..,..,..,..,..,..,2.67,..,..,..,..,..
Tajikistan,TJK,Births attended by skilled health staff (% of total),SH.STA.BRTC.ZS,..,90.3,..,..,82.6,80.9,79,72.6,74.1,66.6,70.7,81.1,88.7,88.1,75.1,82.4,78.3,88.4,85,87.1,87.7,89,87.4,90.8,90.3,98,..,94.8,..,..,..
Tajikistan,TJK,Coverage of social insurance programs (% of population),per_si_allsi.cov_pop_tot,..,..,..,..,..,..,..,..,..,..,..,..,..,..,..,..,..,..,..,..,..,34.1492100528733,..,..,..,..,..,..,..,..,..
Tajikistan,TJK,"Debt service (PPG and IMF only, % of exports of goods, services and primary income)",DT.TDS.DPPF.XP.ZS,..,..,..,..,..,..,..,..,..,..,..,..,9.14846925558982,5.61847974568755,5.82502943623963,7.25105082600181,5.15328526785451,3.28461697151427,5.17453255916964,4.47433649644928,2.68488484102513,2.14718918328945,2.95576527913515,3.45860696327497,4.27607518377198,5.34751941978946,7.44134279538509,6.49234693329942,8.63017554547789,7.9822805853644,6.38047873225203
Tajikistan,TJK,Employment in industry (% of total employment) (modeled ILO estimate),SL.IND.EMPL.ZS,..,23.9099998474121,22.7600002288818,21.6200008392334,20.4400005340576,19.2000007629395,18.1200008392334,17.3999996185303,16.9300003051758,16.6000003814697,16.5300006866455,16.7600002288818,17.1200008392334,17.6100006103516,17.9899997711182,17.3600006103516,16.8600006103516,16.4300003051758,16.0300006866455,15.6899995803833,15.6400003433228,15.5100002288818,15.5,15.539999961853,15.5100002288818,15.5,15.5299997329712,15.4399995803833,15.5,15.789999961853,..
Tanzania,TZA,Access to electricity (% of population),EG.ELC.ACCS.ZS,..,..,6.8,2.33018779754639,3.30064725875854,4.26906728744507,9.4,6.1970682144165,7.15528964996338,8,8.91672611236572,9.861008644104,10.7977066040039,11.1000003814697,11.3999996185303,13.5857858657837,14.5156984329224,15.4501323699951,11.5,11.1999998092651,14.8000001907349,14.1999998092651,15.3000001907349,16.3999996185303,23.5,26.1706371307373,32.7999992370605,32.2511749267578,35.048023223877,37.6596870422363,39.9000015258789
Tanzania,TZA,"Annualized average growth rate in per capita real survey mean consumption or income, total population (%)",SI.SPR.PCAP.ZG,..,..,..,..,..,..,..,..,..,..,..,..,..,..,..,..,..,..,..,..,..,..,..,..,..,..,..,..,0.92,..,..
Tanzania,TZA,Births attended by skilled health staff (% of total),SH.STA.BRTC.ZS,..,..,43.9,..,..,..,38.2,..,..,35.8,..,..,..,..,43.4,45.1,..,..,..,..,48.9,..,61.4,..,..,..,63.5,..,..,..,..
Tanzania,TZA,Coverage of social insurance programs (% of population),per_si_allsi.cov_pop_tot,..,..,..,..,..,..,..,..,..,..,..,..,..,..,..,..,..,..,..,..,0.9639747495796,..,1.33518214710598,..,1.29319942331357,..,..,..,..,..,..
Tanzania,TZA,"Debt service (PPG and IMF only, % of exports of goods, services and primary income)",DT.TDS.DPPF.XP.ZS,31.2953544571693,39.4310042942342,39.2695945538079,26.3432203895257,18.4356453317086,17.1614394247189,18.4457688433852,12.1760365091171,18.3929354926969,17.2666465625665,11.2312048456707,7.47097769869557,5.0376058092848,3.69039168826443,4.22879586402728,3.91759767434914,2.10016915431928,1.0435208014763,0.619234969072619,1.0485192864976,1.32953745018411,1.04059200156338,1.02733198660457,2.51567474308681,2.52605805316814,4.85937081973756,7.91252937930689,9.77644394849644,11.6602604521515,12.1732112018384,14.2640758174308
Tanzania,TZA,Employment in industry (% of total employment) (modeled ILO estimate),SL.IND.EMPL.ZS,..,2.65000009536743,2.64000010490417,2.63000011444092,2.61999988555908,2.61999988555908,2.63000011444092,2.64000010490417,2.6800000667572,2.74000000953674,2.82999992370605,2.96000003814697,3.3199999332428,3.75999999046326,4.26000022888184,4.84000015258789,5.48999977111816,5.55999994277954,5.63000011444092,5.71999979019165,5.80999994277954,5.92000007629395,6.01999998092651,6.13000011444092,6.25,6.28999996185303,6.34000015258789,6.38000011444092,6.42999982833862,6.46999979019165,..
Thailand,THA,Access to electricity (% of population),EG.ELC.ACCS.ZS,..,..,..,..,..,..,..,..,..,..,82.0999984741211,90.4513778686523,91.0802230834961,91.7038269042969,92.3245468139648,92.9447326660156,99.1462020874023,94.1933670043945,94.8271713256836,98.9599990844727,99.6999969482422,99.3518371582031,99.1086273193359,99.4405746459961,99.4619445800781,99.5999984741211,99.8499603271484,99.9000015258789,99.8199996948242,99.9000015258789,100
Thailand,THA,"Annualized average growth rate in per capita real survey mean consumption or income, total population (%)",SI.SPR.PCAP.ZG,..,..,..,..,..,..,..,..,..,..,..,..,..,..,..,..,..,..,..,..,..,..,..,..,..,..,..,..,..,0.08,..
Thailand,THA,Births attended by skilled health staff (% of total),SH.STA.BRTC.ZS,..,..,..,..,..,..,..,..,..,..,99.3,..,..,..,..,..,96.9,..,..,99.4,..,..,99.6,99.6,..,..,99.1,..,..,..,..
Thailand,THA,Coverage of social insurance programs (% of population),per_si_allsi.cov_pop_tot,..,..,..,..,..,..,..,..,..,..,..,..,..,..,..,..,14.6843926602607,..,..,14.8098525322394,..,14.4781438002271,..,14.3687048445181,..,..,..,3.50399566618451,..,..,..
Thailand,THA,"Debt service (PPG and IMF only, % of exports of goods, services and primary income)",DT.TDS.DPPF.XP.ZS,11.4207920509859,4.84010955697244,4.88440548290423,4.35740798118562,4.53379240797889,3.74209974658897,2.91699159795703,2.66092858113325,3.47791111815266,5.67804053650553,5.78491796025034,8.19395003873669,10.6243907676214,7.9642236919515,4.18549215945366,2.36736107272531,2.03018400355028,1.09639019717685,1.13019106006892,0.555350169821129,0.432337224212024,0.529266090849719,0.369800169491103,0.516235831668453,0.243457588556692,0.502827156935006,0.279379132625849,0.250899029613799,0.476947108814259,0.590533666323395,0.509482750901748
Thailand,THA,Employment in industry (% of total employment) (modeled ILO estimate),SL.IND.EMPL.ZS,..,15.4499998092651,15.7700004577637,17.5499992370605,18.0300006866455,19.7700004577637,20.7900009155273,19.7199993133545,17.7099990844727,18.3700008392334,19.0300006866455,18.8299999237061,19.9200000762939,21.0699996948242,22.2099990844727,22.3799991607666,21.9500007629395,21.9200000762939,21.1800003051758,20.7800006866455,20.6399993896484,19.4400005340576,19.8199996948242,20.2399997711182,23.5200004577637,23.6800003051758,23.6800003051758,22.8500003814697,22.8099994659424,22.8400001525879,..
Timor-Leste,TLS,Access to electricity (% of population),EG.ELC.ACCS.ZS,..,..,..,..,..,..,..,..,..,..,17.5928115844727,25.6000003814697,23.9636135101318,27.7000007629395,30.3134727478027,33.4864234924316,36.6612434387207,36.5999984741211,43.0271644592285,46.2236785888672,38,52.6573677062988,55.8999557495117,59.1623764038086,62.4426078796387,67.2815322875977,76.5,79.7789611816406,85.3814010620117,90.7986526489258,96.1233139038086
Timor-Leste,TLS,"Annualized average growth rate in per capita real survey mean consumption or income, total population (%)",SI.SPR.PCAP.ZG,..,..,..,..,..,..,..,..,..,..,..,..,..,..,..,..,..,..,..,..,..,..,..,..,..,..,..,..,..,..,..
Timor-Leste,TLS,Births attended by skilled health staff (% of total),SH.STA.BRTC.ZS,..,..,..,..,..,..,..,25.8,..,..,..,..,24,18.4,..,..,..,..,..,..,29.3,..,..,..,..,..,56.7,..,..,..,..
Timor-Leste,TLS,Coverage of social insurance programs (% of population),per_si_allsi.cov_pop_tot,..,..,..,..,..,..,..,..,..,..,..,..,..,..,..,..,..,..,..,..,..,1.24062635403727,..,..,..,..,..,..,..,..,..
Timor-Leste,TLS,"Debt service (PPG and IMF only, % of exports of goods, services and primary income)",DT.TDS.DPPF.XP.ZS,..,..,..,..,..,..,..,..,..,..,..,..,..,..,..,..,0,0,0,0,0,0,7.66676639063935E-05,0.00181548079837052,0.00811650970415891,0.0219925896256461,0.124179938344076,0.197780762888086,0.31464587033047,0.545983923250178,1.07770551556988
Timor-Leste,TLS,Employment in industry (% of total employment) (modeled ILO estimate),SL.IND.EMPL.ZS,..,7.75,8,8.28999996185303,8.5600004196167,8.85000038146973,9.0600004196167,8.86999988555908,7.42999982833862,7.01999998092651,8.72000026702881,9.27000045776367,10,6.8899998664856,5.84000015258789,6.01999998092651,6.21999979019165,7.32999992370605,8.36999988555908,9.4399995803833,9.30000019073486,9.5600004196167,9.86999988555908,10.8999996185303,11.6400003433228,13.4499998092651,15.3699998855591,13.4499998092651,14.3500003814697,16.3199996948242,..
Togo,TGO,Access to electricity (% of population),EG.ELC.ACCS.ZS,..,..,..,..,..,..,..,..,15.3,16.0729999542236,16.9562339782715,19.6003665924072,21.3528614044189,23.100118637085,24.8444919586182,26.5883274078369,27.8999996185303,30.0842666625977,31.8417263031006,33.6091270446777,30.7917442321777,39.7000007629395,38.9980621337891,40.8313674926758,45.7000007629395,44.647590637207,46.7650108337402,48,50,52.363109588623,53.9974327087402
Togo,TGO,"Annualized average growth rate in per capita real survey mean consumption or income, total population (%)",SI.SPR.PCAP.ZG,..,..,..,..,..,..,..,..,..,..,..,..,..,..,..,..,..,..,..,..,..,..,..,..,..,0.62,..,..,..,..,..
Togo,TGO,Births attended by skilled health staff (% of total),SH.STA.BRTC.ZS,..,..,..,..,..,..,..,..,50.5,..,35.4,..,..,60.8,..,..,52.4,..,..,..,43.9,..,..,..,44.6,..,..,69.4,..,..,..
Togo,TGO,Coverage of social insurance programs (% of population),per_si_allsi.cov_pop_tot,..,..,..,..,..,..,..,..,..,..,..,..,..,..,..,..,..,..,..,..,..,3.00957537816722,..,..,..,..,..,..,..,..,..
Togo,TGO,"Debt service (PPG and IMF only, % of exports of goods, services and primary income)",DT.TDS.DPPF.XP.ZS,11.4780784656253,7.51989456229816,5.43265783281391,6.01372507107777,4.71434259082997,5.42374716332886,9.26610318203339,9.82054994083626,6.97756305733723,7.62146802189591,5.45166361706621,6.48497687535425,2.30276831476213,2.38775016860439,2.64696924128311,2.34305783676302,2.76670385397024,1.28858293732271,15.8231518807728,4.18896506896308,2.5875824267729,0.717128862411546,1.12598469339171,2.22633020863737,2.78930570468494,3.21818959608865,4.80885715323903,5.43210374581405,5.55763460154787,5.40410514983464,..
Togo,TGO,Employment in industry (% of total employment) (modeled ILO estimate),SL.IND.EMPL.ZS,..,15.1300001144409,15.0500001907349,14.9099998474121,14.8199996948242,14.7700004577637,14.6800003051758,14.5699996948242,14.4300003051758,14.289999961853,14.2700004577637,14.1000003814697,13.9300003051758,13.7700004577637,13.5200004577637,13.2799997329712,13.1199998855591,13.0100002288818,12.8100004196167,12.7700004577637,12.6999998092651,12.6700000762939,12.6400003433228,12.7200002670288,12.7200002670288,14.6999998092651,16.9200000762939,19.3299999237061,19.2800006866455,19.2099990844727,..
Tonga,TON,Access to electricity (% of population),EG.ELC.ACCS.ZS,..,..,..,..,80,81.7884750366211,82.5543670654297,83.3168563842773,84.0752716064453,84.8288421630859,85.5786285400391,86.2936248779297,87.0010375976563,87.7032165527344,88.4025115966797,89.1012649536133,92.3000030517578,90.5070419311523,91.2194290161133,91.9417495727539,92.6767196655273,92.1754531860352,92.8000030517578,94.9836654663086,95.7897033691406,100,97.0199966430664,98.361572265625,99.132568359375,98.4000015258789,100
Tonga,TON,"Annualized average growth rate in per capita real survey mean consumption or income, total population (%)",SI.SPR.PCAP.ZG,..,..,..,..,..,..,..,..,..,..,..,..,..,..,..,..,..,..,..,..,..,..,..,..,..,0.6,..,..,..,..,..
Tonga,TON,Births attended by skilled health staff (% of total),SH.STA.BRTC.ZS,94,92,..,..,..,..,..,..,..,96,95,95.3,95.1,97,98,96.1,98,98,97,98.1,99,..,95.5,..,..,..,..,..,..,..,..
Tonga,TON,Coverage of social insurance programs (% of population),per_si_allsi.cov_pop_tot,..,..,..,..,..,..,..,..,..,..,..,..,..,..,..,..,..,..,..,1.28827389289594,..,..,..,..,..,..,..,..,..,..,..
Tonga,TON,"Debt service (PPG and IMF only, % of exports of goods, services and primary income)",DT.TDS.DPPF.XP.ZS,3.48060407803101,4.34706176631093,4.69420911219932,4.45614468021251,..,..,..,..,..,..,..,9.7863351796489,8.88656486575984,8.2303447362457,8.63191861862221,9.76109877204958,8.57950659181652,10.6316183584491,8.74869673351477,7.16532314498449,9.31865502614687,6.54672791514245,6.14716763336035,5.68209492116941,6.72905938039869,7.27734557591789,5.06743454512647,3.99747791990995,6.57792794922837,3.30986563391315,3.94656260668078
Tonga,TON,Employment in industry (% of total employment) (modeled ILO estimate),SL.IND.EMPL.ZS,..,28.0200004577637,28,27.9400005340576,28.9799995422363,29.4200000762939,29.3999996185303,29.1800003051758,29.2900009155273,29.5200004577637,29.9899997711182,30.5599994659424,30.6299991607666,30.5799999237061,30.2399997711182,30.4799995422363,30.7800006866455,30.3400001525879,30.6200008392334,31.0799999237061,31.4500007629395,31.6800003051758,31.3799991607666,29.6100006103516,29.6200008392334,29.6900005340576,30.0799999237061,30.3899993896484,30.3600006103516,30.8700008392334,..
Trinidad and Tobago,TTO,Access to electricity (% of population),EG.ELC.ACCS.ZS,..,..,..,..,..,..,..,..,..,..,91.2900009155273,96.9320220947266,97.1231460571289,97.3090209960938,97.4920196533203,97.6744766235352,100,100,100,99,100,100,100,100,100,100,100,100,100,100,100
Trinidad and Tobago,TTO,"Annualized average growth rate in per capita real survey mean consumption or income, total population (%)",SI.SPR.PCAP.ZG,..,..,..,..,..,..,..,..,..,..,..,..,..,..,..,..,..,..,..,..,..,..,..,..,..,..,..,..,..,..,..
Trinidad and Tobago,TTO,Births attended by skilled health staff (% of total),SH.STA.BRTC.ZS,..,..,..,98.3,98,97.5,98,98.4,98.2,98.4,96,99.2,98.7,99.2,99,..,96.9,..,99.5,..,..,98,100,100,100,99.9,100,100,..,..,..
Trinidad and Tobago,TTO,Coverage of social insurance programs (% of population),per_si_allsi.cov_pop_tot,..,..,..,..,..,..,..,..,..,..,..,..,..,..,..,..,..,..,..,..,..,..,..,..,..,..,..,..,..,..,..
Trinidad and Tobago,TTO,"Debt service (PPG and IMF only, % of exports of goods, services and primary income)",DT.TDS.DPPF.XP.ZS,..,..,..,..,..,..,..,..,..,..,..,..,..,..,..,..,..,..,..,..,..,..,..,..,..,..,..,..,..,..,..
Trinidad and Tobago,TTO,Employment in industry (% of total employment) (modeled ILO estimate),SL.IND.EMPL.ZS,..,28.7999992370605,26.9799995422363,26.3899993896484,25.4099998474121,25.5200004577637,25.5300006866455,26.3899993896484,28.2000007629395,27.7299995422363,28.0799999237061,28.8700008392334,28.5,28.5699996948242,30.3199996948242,31.1100006103516,30.8500003814697,31.8400001525879,32.2700004577637,30.4599990844727,29.7600002288818,28.5799999237061,28.5200004577637,28.7399997711182,28.1200008392334,27.9400005340576,27.3799991607666,27.0699996948242,26.8600006103516,26.6399993896484,..
Tunisia,TUN,Access to electricity (% of population),EG.ELC.ACCS.ZS,..,..,..,..,86.8,88.7,90.4,92,93.2,94.2,94.8000030517578,97.3000030517578,97.8000030517578,98.4000015258789,99,99.3000030517578,99.4000015258789,99.4000015258789,99.4000015258789,99.5,99.5,99.5,99.5,99.6999969482422,99.8000030517578,99.9000015258789,100,100,99.8000030517578,100,100
Tunisia,TUN,"Annualized average growth rate in per capita real survey mean consumption or income, total population (%)",SI.SPR.PCAP.ZG,..,..,..,..,..,..,..,..,..,..,..,..,..,..,..,..,..,..,..,..,..,..,..,..,..,3.38,..,..,..,..,..
Tunisia,TUN,Births attended by skilled health staff (% of total),SH.STA.BRTC.ZS,..,..,..,..,..,81,..,..,..,..,89.9,89.9,..,..,..,..,94.6,..,..,..,..,..,73.6,..,..,..,..,..,99.5,..,..
Tunisia,TUN,Coverage of social insurance programs (% of population),per_si_allsi.cov_pop_tot,..,..,..,..,..,..,..,..,..,..,..,..,..,..,..,..,..,..,..,..,..,..,..,..,..,..,..,..,..,..,..
Tunisia,TUN,"Debt service (PPG and IMF only, % of exports of goods, services and primary income)",DT.TDS.DPPF.XP.ZS,25.5590700581919,24.8590348410836,20.6400359923381,21.2185116555522,19.5195700610652,17.2747464990237,16.8397143629234,15.9943812686997,15.6290771809121,16.1596298683783,20.6686272498974,13.2137140365077,14.2321927902287,13.5661719787952,13.9056775354084,11.5682322913366,13.4820244612762,10.375261915898,6.65910440109227,9.17984231212394,8.69092316246781,10.1752568867256,9.41237326039564,8.38927353590505,8.03832955744718,8.92054631913821,9.86645890701904,14.2859502595648,12.5969984767395,14.8655097772882,15.7760710990311
Tunisia,TUN,Employment in industry (% of total employment) (modeled ILO estimate),SL.IND.EMPL.ZS,..,30.6399993896484,30.8700008392334,30.7900009155273,30.7600002288818,30.6499996185303,30.8999996185303,31.0200004577637,31.1900005340576,31.4899997711182,31.6599998474121,31.8500003814697,31.6399993896484,31.9099998474121,32.4099998474121,32.4199981689453,32.2999992370605,32.8499984741211,33.5299987792969,32.3300018310547,33.4199981689453,33.7299995422363,33.1399993896484,33.3800010681152,33.5499992370605,33.0999984741211,33.3499984741211,33.2900009155273,33.5,33.4599990844727,..
Turkey,TUR,Access to electricity (% of population),EG.ELC.ACCS.ZS,..,..,..,..,..,..,..,..,..,..,100,100,100,100,99.9979934692383,99.9870300292969,99.9607238769531,99.9231719970703,99.880859375,99.8508758544922,100,100,100,100,100,100,100,100,100,100,100
Turkey,TUR,"Annualized average growth rate in per capita real survey mean consumption or income, total population (%)",SI.SPR.PCAP.ZG,..,..,..,..,..,..,..,..,..,..,..,..,..,..,..,..,..,..,..,..,..,..,..,..,..,..,..,..,..,1.47,..
Turkey,TUR,Births attended by skilled health staff (% of total),SH.STA.BRTC.ZS,..,..,..,75.9,..,..,..,..,80.6,..,..,..,..,83,83,..,..,89.3,91.3,95,..,..,..,97.4,97.4,99,..,98,98,..,..
Turkey,TUR,Coverage of social insurance programs (% of population),per_si_allsi.cov_pop_tot,..,..,..,..,..,..,..,..,..,..,..,..,..,..,29.4103890069505,31.0197357780177,30.7501041037207,32.3792771655451,34.6211254576984,33.1210817543388,33.4871904449015,34.1954473522408,35.4201415930258,36.52973739,37.10573065,36.5347534385449,36.0602768561565,..,37.82277845,37.17264798,..
Turkey,TUR,"Debt service (PPG and IMF only, % of exports of goods, services and primary income)",DT.TDS.DPPF.XP.ZS,29.8758242652216,30.5183540611126,29.493263737258,25.2256314986495,25.4578551148566,24.0014589978986,17.9876621139812,16.3943829022236,19.0697175553906,18.4360930222445,18.5770131446352,24.7588346968662,30.1417344054441,20.3006764919998,18.8141948625871,19.3117911161005,15.231368692629,11.5289044868855,8.31948529576494,8.14484013839253,8.00886700906307,7.5262832396214,5.90761927891214,4.53130105840488,4.88501588012957,5.08644715779038,6.33150663581863,7.12243889639541,6.44332567467076,7.32345719677858,8.55455644275418
Turkey,TUR,Employment in industry (% of total employment) (modeled ILO estimate),SL.IND.EMPL.ZS,..,29.6599998474121,29.5599994659424,29.5400009155273,29.0699996948242,28.9899997711182,28.9200000762939,28.9699993133545,28.4899997711182,27.7199993133545,27.6200008392334,26.5100002288818,26.3500003814697,26.2399997711182,26.4799995422363,26.6299991607666,26.7700004577637,26.75,26.1900005340576,25.2999992370605,26.2199993133545,26.4599990844727,26.0300006866455,26.3899993896484,27.8600006103516,27.2299995422363,26.7800006866455,26.5400009155273,26.6599998474121,25.3199996948242,..
Turkmenistan,TKM,Access to electricity (% of population),EG.ELC.ACCS.ZS,..,..,..,..,..,..,..,..,..,..,99.5999984741211,99.7351837158203,99.7191925048828,99.6979675292969,99.6738510131836,99.6492004394531,99.8413314819336,99.6081619262695,99.5971374511719,99.5960540771484,100,99.8774108886719,99.8958358764648,99.9120941162109,99.9351043701172,100,99.9898986816406,99.9962463378906,100,99.9000015258789,100
Turkmenistan,TKM,"Annualized average growth rate in per capita real survey mean consumption or income, total population (%)",SI.SPR.PCAP.ZG,..,..,..,..,..,..,..,..,..,..,..,..,..,..,..,..,..,..,..,..,..,..,..,..,..,..,..,..,..,..,..
Turkmenistan,TKM,Births attended by skilled health staff (% of total),SH.STA.BRTC.ZS,..,..,..,..,..,..,95.8,..,..,..,97.2,..,97.2,99.5,98.5,99.7,99.5,..,..,..,..,..,..,..,..,..,100,..,..,..,..
Turkmenistan,TKM,Coverage of social insurance programs (% of population),per_si_allsi.cov_pop_tot,..,..,..,..,..,..,..,..,..,..,..,..,..,..,..,..,..,..,..,..,..,..,..,..,..,..,..,..,..,..,..
Turkmenistan,TKM,"Debt service (PPG and IMF only, % of exports of goods, services and primary income)",DT.TDS.DPPF.XP.ZS,..,..,..,..,..,..,9.55183093192264,20.300322509041,..,..,..,..,..,..,..,..,..,..,..,..,..,..,..,..,..,..,..,..,..,..,..
Turkmenistan,TKM,Employment in industry (% of total employment) (modeled ILO estimate),SL.IND.EMPL.ZS,..,39.189998626709,38.75,38.2999992370605,37.6599998474121,37.0699996948242,36.6500015258789,35.9599990844727,35.5299987792969,35.2299995422363,34.7700004577637,34.4099998474121,34.1100006103516,33.8600006103516,33.7299995422363,33.7900009155273,33.939998626709,34.1699981689453,34.5800018310547,34.8300018310547,35.189998626709,35.7000007629395,36.2000007629395,36.689998626709,37.2099990844727,37.6699981689453,38.2000007629395,38.7299995422363,39.2599983215332,39.8300018310547,..
Turks and Caicos Islands,TCA,Access to electricity (% of population),EG.ELC.ACCS.ZS,88.7,91.0539093017578,91.4391174316406,91.8236465454102,92.2068176269531,92.5879440307617,92.9663467407227,93.3413619995117,93.712287902832,94.0783767700195,95.5999984741211,94.870361328125,95.1637191772461,95.4518432617188,95.7370758056641,96.0217742919922,96.308349609375,96.5994415283203,96.8977661132813,100,100,100,93.0999984741211,100,100,100,100,100,100,100,99.4000015258789
Turks and Caicos Islands,TCA,"Annualized average growth rate in per capita real survey mean consumption or income, total population (%)",SI.SPR.PCAP.ZG,..,..,..,..,..,..,..,..,..,..,..,..,..,..,..,..,..,..,..,..,..,..,..,..,..,..,..,..,..,..,..
Turks and Caicos Islands,TCA,Births attended by skilled health staff (% of total),SH.STA.BRTC.ZS,..,..,..,..,..,..,..,..,100,88.2,..,..,..,..,100,99.1,100,..,..,..,..,..,..,..,..,..,..,..,..,..,..
Turks and Caicos Islands,TCA,Coverage of social insurance programs (% of population),per_si_allsi.cov_pop_tot,..,..,..,..,..,..,..,..,..,..,..,..,..,..,..,..,..,..,..,..,..,..,..,..,..,..,..,..,..,..,..
Turks and Caicos Islands,TCA,"Debt service (PPG and IMF only, % of exports of goods, services and primary income)",DT.TDS.DPPF.XP.ZS,..,..,..,..,..,..,..,..,..,..,..,..,..,..,..,..,..,..,..,..,..,..,..,..,..,..,..,..,..,..,..
Turks and Caicos Islands,TCA,Employment in industry (% of total employment) (modeled ILO estimate),SL.IND.EMPL.ZS,..,..,..,..,..,..,..,..,..,..,..,..,..,..,..,..,..,..,..,..,..,..,..,..,..,..,..,..,..,..,..
Tuvalu,TUV,Access to electricity (% of population),EG.ELC.ACCS.ZS,..,..,..,..,..,..,..,..,..,..,94.6306762695313,94.835823059082,94.6297836303711,95.225715637207,95.4151611328125,95.6040725708008,95.7948455810547,96.6999969482422,96.1926803588867,96.4051513671875,96.6302719116211,96.8707504272461,97.6717758178711,97.4076766967773,97.703857421875,98.0148849487305,97.3000030517578,98.8538360595703,99.0653839111328,99.6999969482422,99.6892318725586
Tuvalu,TUV,"Annualized average growth rate in per capita real survey mean consumption or income, total population (%)",SI.SPR.PCAP.ZG,..,..,..,..,..,..,..,..,..,..,..,..,..,..,..,..,..,..,..,..,..,..,..,..,..,..,..,..,..,..,..
Tuvalu,TUV,Births attended by skilled health staff (% of total),SH.STA.BRTC.ZS,95,..,..,..,..,..,..,99,..,..,100,..,100,..,..,..,..,93.1,..,..,..,..,..,..,..,..,..,..,..,..,..
Tuvalu,TUV,Coverage of social insurance programs (% of population),per_si_allsi.cov_pop_tot,..,..,..,..,..,..,..,..,..,..,..,..,..,..,..,..,..,..,..,..,..,..,..,..,..,..,..,..,..,..,..
Tuvalu,TUV,"Debt service (PPG and IMF only, % of exports of goods, services and primary income)",DT.TDS.DPPF.XP.ZS,..,..,..,..,..,..,..,..,..,..,..,..,..,..,..,..,..,..,..,..,..,..,..,..,..,..,..,..,..,..,..
Tuvalu,TUV,Employment in industry (% of total employment) (modeled ILO estimate),SL.IND.EMPL.ZS,..,..,..,..,..,..,..,..,..,..,..,..,..,..,..,..,..,..,..,..,..,..,..,..,..,..,..,..,..,..,..
Uganda,UGA,Access to electricity (% of population),EG.ELC.ACCS.ZS,..,5.6,..,..,0.533898532390594,6.8,2.81110429763794,3.94494771957397,5.07471179962158,6.19963407516479,7.35113048553467,8.60000038146973,7.80000019073486,10.5635538101196,11.6254568099976,8.89999961853027,9,14.8178224563599,15.8928136825562,10,12.1000003814697,14.6000003814697,20.3192710876465,13.8999996185303,20.3999996185303,18.5,26.7000007629395,32.5211524963379,41.9199981689453,41.2999992370605,42.0744171142578
Uganda,UGA,"Annualized average growth rate in per capita real survey mean consumption or income, total population (%)",SI.SPR.PCAP.ZG,..,..,..,..,..,..,..,..,..,..,..,..,..,..,..,..,..,..,..,..,..,..,..,..,..,..,..,..,..,-0.26,..
Uganda,UGA,Births attended by skilled health staff (% of total),SH.STA.BRTC.ZS,..,..,..,..,..,37.8,..,..,..,..,36,39,..,..,..,..,41.9,..,..,..,..,57.4,..,..,..,..,74.2,..,..,..,..
Uganda,UGA,Coverage of social insurance programs (% of population),per_si_allsi.cov_pop_tot,..,..,..,..,..,..,..,..,..,..,..,..,..,..,..,0.963110468060397,..,..,..,0.861091584516169,..,..,0.881115931846307,..,..,..,0.569601271182531,..,..,..,..
Uganda,UGA,"Debt service (PPG and IMF only, % of exports of goods, services and primary income)",DT.TDS.DPPF.XP.ZS,78.6351670416198,72.2615152669817,56.935606691254,45.0055753908724,27.0071801811795,19.5381733431085,17.8758051196343,19.7010680664369,20.2480259088443,17.9005350265883,10.0030381038816,6.55499000452324,9.60768024331564,10.4343631394698,8.68129095231909,10.617352420456,5.28811111299795,2.50764114757869,2.13634238619812,1.99588596036596,1.7611915508063,1.47435270011901,1.35791346743914,1.63641714306749,1.97688810821637,1.84504826098026,2.09903933103527,3.45792021482809,5.25429555961499,4.4543032833863,5.46648880582705
Uganda,UGA,Employment in industry (% of total employment) (modeled ILO estimate),SL.IND.EMPL.ZS,..,7.86999988555908,7.8600001335144,7.8600001335144,7.8600001335144,7.86999988555908,7.8899998664856,7.8899998664856,7.88000011444092,7.88000011444092,7.84999990463257,7.84000015258789,7.82000017166138,7.80000019073486,7.76999998092651,7.75,7.76000022888184,7.78000020980835,7.82000017166138,7.80000019073486,7.88000011444092,7.94000005722046,8.02000045776367,7,6.84000015258789,6.80000019073486,6.73000001907349,6.59000015258789,6.53999996185303,6.51000022888184,..
Ukraine,UKR,Access to electricity (% of population),EG.ELC.ACCS.ZS,100,100,100,100,100,100,100,100,100,100,100,100,100,100,100,99.8855590820313,100,99.8000030517578,100,100,100,100,99.8674926757813,100,100,100,100,100,100,100,100
Ukraine,UKR,"Annualized average growth rate in per capita real survey mean consumption or income, total population (%)",SI.SPR.PCAP.ZG,..,..,..,..,..,..,..,..,..,..,..,..,..,..,..,..,..,..,..,..,..,..,..,..,..,..,..,..,..,..,4.12
Ukraine,UKR,Births attended by skilled health staff (% of total),SH.STA.BRTC.ZS,99.9,99.9,99.9,99.9,99.88,99.89,99.9,99.9,99.9,99.1,99.9,99.9,99.9,99.9,99.9,99.8,99.9,98.7,99.9,99.9,99.9,99.9,99,99.9,99.9,..,..,..,..,..,..
Ukraine,UKR,Coverage of social insurance programs (% of population),per_si_allsi.cov_pop_tot,..,..,..,..,..,..,..,..,..,..,..,..,..,..,..,..,50.7400935062883,..,..,..,..,51.8699151718461,51.0860670824292,51.0589200844259,..,51.4221630618031,50.31639188,..,49.76429135,..,..
Ukraine,UKR,"Debt service (PPG and IMF only, % of exports of goods, services and primary income)",DT.TDS.DPPF.XP.ZS,..,..,..,..,1.52995790800743,6.5959526134068,6.10157305045141,5.85232475893336,9.0827186734877,12.4640900995917,15.1615953548457,7.23747771260705,6.37220030914826,5.904649547531,4.85968423161857,5.07684096694634,4.90607981403586,3.72784117553944,2.66188154825425,5.45503501269752,3.25055271776062,3.17394300357876,7.63203462381675,15.0139169610889,10.5985879571181,30.5210612231584,6.71198132654026,9.69659073036993,10.5588306001239,8.62437692235625,11.1657112536187
Ukraine,UKR,Employment in industry (% of total employment) (modeled ILO estimate),SL.IND.EMPL.ZS,..,29.3899993896484,28.7900009155273,28.1499996185303,27.4300003051758,26.7399997711182,26.0799999237061,25.4699993133545,25.0400009155273,24.7399997711182,24.5100002288818,24.5100002288818,24.5499992370605,24.7199993133545,25,25.1700000762939,25.4300003051758,25.6499996185303,25.75,25.5300006866455,25.6800003051758,25.6599998474121,25.8799991607666,24.8099994659424,26.1499996185303,24.6900005340576,24.25,24.2999992370605,24.6100006103516,24.9599990844727,..
United Arab Emirates,ARE,Access to electricity (% of population),EG.ELC.ACCS.ZS,100,100,100,100,100,100,100,100,100,100,100,100,100,100,100,100,100,100,100,100,100,100,100,100,100,100,100,100,100,100,100
United Arab Emirates,ARE,"Annualized average growth rate in per capita real survey mean consumption or income, total population (%)",SI.SPR.PCAP.ZG,..,..,..,..,..,..,..,..,..,..,..,..,..,..,..,..,..,..,..,..,..,..,..,..,..,..,..,..,1.84,..,..
United Arab Emirates,ARE,Births attended by skilled health staff (% of total),SH.STA.BRTC.ZS,99.1,..,..,..,..,99.2,..,..,..,..,..,..,..,100,100,..,..,..,100,..,..,..,..,99.9,99.9,99.9,..,..,..,..,..
United Arab Emirates,ARE,Coverage of social insurance programs (% of population),per_si_allsi.cov_pop_tot,..,..,..,..,..,..,..,..,..,..,..,..,..,..,..,..,..,..,..,..,..,..,..,..,..,..,..,..,..,..,..
United Arab Emirates,ARE,"Debt service (PPG and IMF only, % of exports of goods, services and primary income)",DT.TDS.DPPF.XP.ZS,..,..,..,..,..,..,..,..,..,..,..,..,..,..,..,..,..,..,..,..,..,..,..,..,..,..,..,..,..,..,..
United Arab Emirates,ARE,Employment in industry (% of total employment) (modeled ILO estimate),SL.IND.EMPL.ZS,..,33.3300018310547,33.3600006103516,33.4700012207031,33.4900016784668,33.6300010681152,33.6500015258789,33.7299995422363,33.6399993896484,33.4300003051758,33.3800010681152,33.439998626709,33.4199981689453,33.8400001525879,34.189998626709,34.5400009155273,35.2000007629395,35.7299995422363,35.9500007629395,35.8600006103516,35.4799995422363,35.1199989318848,34.939998626709,34.7400016784668,34.7999992370605,34.9900016784668,34.8699989318848,34.6100006103516,34.5999984741211,34.2200012207031,..
United Kingdom,GBR,Access to electricity (% of population),EG.ELC.ACCS.ZS,100,100,100,100,100,100,100,100,100,100,100,100,100,100,100,100,100,100,100,100,100,100,100,100,100,100,100,100,100,100,100
United Kingdom,GBR,"Annualized average growth rate in per capita real survey mean consumption or income, total population (%)",SI.SPR.PCAP.ZG,..,..,..,..,..,..,..,..,..,..,..,..,..,..,..,..,..,..,..,..,..,..,..,..,..,..,..,2.66,..,..,..
United Kingdom,GBR,Births attended by skilled health staff (% of total),SH.STA.BRTC.ZS,..,..,..,..,..,..,..,..,99,..,..,..,..,..,..,..,..,..,..,..,..,..,..,..,..,..,..,..,..,..,..
United Kingdom,GBR,Coverage of social insurance programs (% of population),per_si_allsi.cov_pop_tot,..,..,..,..,..,..,..,..,..,..,..,..,..,..,..,..,..,..,..,..,..,..,..,..,..,..,..,..,..,..,..
United Kingdom,GBR,"Debt service (PPG and IMF only, % of exports of goods, services and primary income)",DT.TDS.DPPF.XP.ZS,..,..,..,..,..,..,..,..,..,..,..,..,..,..,..,..,..,..,..,..,..,..,..,..,..,..,..,..,..,..,..
United Kingdom,GBR,Employment in industry (% of total employment) (modeled ILO estimate),SL.IND.EMPL.ZS,..,30.4200000762939,29.8600006103516,29.3899993896484,27.7800006866455,27.4200000762939,27.4200000762939,26.8600006103516,26.6700000762939,25.8099994659424,25.1700000762939,24.6399993896484,23.9099998474121,23.3400001525879,22.2999992370605,22.2199993133545,22.0599994659424,22.1900005340576,22,19.6100006103516,19.2099990844727,19.1800003051758,19.0699996948242,18.8700008392334,18.9699993133545,18.6599998474121,18.4699993133545,18.2600002288818,18.1299991607666,18.1200008392334,..
United States,USA,Access to electricity (% of population),EG.ELC.ACCS.ZS,100,100,100,100,100,100,100,100,100,100,100,100,100,100,100,100,100,100,100,100,100,100,100,100,100,100,100,100,100,100,100
United States,USA,"Annualized average growth rate in per capita real survey mean consumption or income, total population (%)",SI.SPR.PCAP.ZG,..,..,..,..,..,..,..,..,..,..,..,..,..,..,..,..,..,..,..,..,..,..,..,..,..,..,..,..,..,4.27,..
United States,USA,Births attended by skilled health staff (% of total),SH.STA.BRTC.ZS,99.2,99.2,99.3,99.4,99.4,99.4,99.4,99.4,99.4,99.4,99.4,99.4,99.5,99.3,99.3,99.4,99.4,99.3,99.3,99.3,99.4,99.3,99.3,99.2,98.5,99.1,99.1,99.1,99.1,..,..
United States,USA,Coverage of social insurance programs (% of population),per_si_allsi.cov_pop_tot,..,..,..,..,..,..,..,..,..,..,..,..,..,..,..,..,..,..,..,..,..,..,..,..,..,..,..,..,..,..,..
United States,USA,"Debt service (PPG and IMF only, % of exports of goods, services and primary income)",DT.TDS.DPPF.XP.ZS,..,..,..,..,..,..,..,..,..,..,..,..,..,..,..,..,..,..,..,..,..,..,..,..,..,..,..,..,..,..,..
United States,USA,Employment in industry (% of total employment) (modeled ILO estimate),SL.IND.EMPL.ZS,..,25.9599990844727,25.8299999237061,25.7099990844727,25.6399993896484,25.4899997711182,25.3099994659424,25.1299991607666,24.9200000762939,24.6900005340576,24.4400005340576,23.7399997711182,22.75,22.4500007629395,22.3899993896484,22.2600002288818,22.3500003814697,22.1399993896484,21.4599990844727,20,19.6399993896484,19.7099990844727,19.7399997711182,19.9500007629395,19.9799995422363,19.8600006103516,19.7800006866455,19.7299995422363,19.8700008392334,19.9099998474121,..
Upper middle income,UMC,Access to electricity (% of population),EG.ELC.ACCS.ZS,..,..,..,..,..,..,..,..,..,..,95.5940925156236,96.0861850597416,96.4650292618549,96.6835159361612,96.9388010087812,97.1928739535925,97.6185712440872,97.675148092852,97.9784738552163,98.263589528702,98.6923043567628,98.8363763219042,99.0226733644837,99.0895395459275,99.1269062322344,98.8968878047356,99.1852507878645,99.2667350051684,99.2369077078769,99.309219263199,99.3738838190714
Upper middle income,UMC,"Annualized average growth rate in per capita real survey mean consumption or income, total population (%)",SI.SPR.PCAP.ZG,..,..,..,..,..,..,..,..,..,..,..,..,..,..,..,..,..,..,..,..,..,..,..,..,..,..,..,..,..,..,..
Upper middle income,UMC,Births attended by skilled health staff (% of total),SH.STA.BRTC.ZS,89.441933294837,..,..,..,..,..,..,..,..,..,93.0398847077917,..,..,..,..,..,..,..,..,..,97.187802144283,..,..,..,..,..,..,..,98.4453009765691,..,..
Upper middle income,UMC,Coverage of social insurance programs (% of population),per_si_allsi.cov_pop_tot,..,..,..,..,..,..,..,..,..,..,..,..,..,..,..,..,..,..,..,..,..,..,..,..,..,..,..,..,..,..,..
Upper middle income,UMC,"Debt service (PPG and IMF only, % of exports of goods, services and primary income)",DT.TDS.DPPF.XP.ZS,17.8477170333051,16.4627010011137,16.5941456328643,14.3345590709949,11.1631304820978,12.8537297435819,13.8964256165616,15.1461089932558,13.3805686550712,15.0904252652041,14.086643474242,12.9515126260425,12.5369182382152,10.7866367544546,7.41557175957384,7.96502860939709,6.88447259068227,3.84161157834952,3.63726376050582,3.62166447774586,3.25209065095225,2.70616114342134,2.54017807282006,2.64532245257465,2.93676288124551,4.36853332654643,4.49732085628351,4.02082352714182,4.48697647293377,4.60788689836508,4.59349721945223
Upper middle income,UMC,Employment in industry (% of total employment) (modeled ILO estimate),SL.IND.EMPL.ZS,..,23.4202345902661,23.4914691993136,23.8215352716177,23.7899040510954,23.8136287702649,24.0367465660242,23.9605628961618,23.6462601677987,23.2677595997873,22.9720519951355,22.7831010867523,22.1963841531197,22.3361587700653,22.9534754095677,23.8254986292182,24.7590422971804,25.8764411566766,26.0869514791861,26.2037833898037,26.7962029140263,27.2216943972508,27.7716354358852,27.6384216811933,27.6530336905932,27.1144078210199,26.7646408804827,26.2463959370503,26.333950961288,25.6591623828848,..
Uruguay,URY,Access to electricity (% of population),EG.ELC.ACCS.ZS,..,..,96.1823120117188,96.3630599975586,96.5424499511719,96.7197952270508,95.9,97.0656509399414,97.2328033447266,97.3951110839844,97.6768646240234,97.7853927612305,97.8863296508789,97.9820404052734,98.0748596191406,98.1671447753906,98.5054244995117,98.6926345825195,98.7843551635742,99.0999984741211,99.3000030517578,99.1699981689453,99.5999984741211,99.6118087768555,99.6570816040039,99.7094802856445,99.6999969482422,99.8000030517578,99.8000030517578,99.9000015258789,100
Uruguay,URY,"Annualized average growth rate in per capita real survey mean consumption or income, total population (%)",SI.SPR.PCAP.ZG,..,..,..,..,..,..,..,..,..,..,..,..,..,..,..,..,..,..,..,..,..,..,..,..,..,..,..,..,..,0,..
Uruguay,URY,Births attended by skilled health staff (% of total),SH.STA.BRTC.ZS,99.4,99.3,99,98.3,98.2,98,98,98.4,99,99.8,99.7,99.6,99.7,99.7,99.5,99.9,99.9,98.6,99.6,99.7,99.8,99.5,99.9,98.2,99.9,99.9,100,100,..,..,..
Uruguay,URY,Coverage of social insurance programs (% of population),per_si_allsi.cov_pop_tot,..,..,..,..,..,..,..,..,..,..,..,..,..,..,..,..,..,..,37.4246391267927,35.8638978293605,36.4687484502143,36.1943084191802,36.68031491,..,..,35.18822846,35.36502236,35.23260789,35.13400022,34.93919167,..
Uruguay,URY,"Debt service (PPG and IMF only, % of exports of goods, services and primary income)",DT.TDS.DPPF.XP.ZS,..,..,..,..,..,..,..,..,..,..,..,..,..,..,..,..,..,..,..,..,..,..,..,..,..,..,..,..,..,..,..
Uruguay,URY,Employment in industry (% of total employment) (modeled ILO estimate),SL.IND.EMPL.ZS,..,24.1599998474121,24.2399997711182,24.0900001525879,24.0799999237061,23.7399997711182,23.6000003814697,23.7299995422363,23.6800003051758,23.2700004577637,22.6800003051758,21.9799995422363,21.0900001525879,20.7999992370605,20.8899993896484,21.1399993896484,21.1900005340576,21.6800003051758,21.5599994659424,20.9599990844727,21.4099998474121,20.7800006866455,21.1299991607666,21.5799999237061,21.0100002288818,20.4599990844727,20.0499992370605,19.7399997711182,19.2000007629395,18.8299999237061,..
Uzbekistan,UZB,Access to electricity (% of population),EG.ELC.ACCS.ZS,..,..,..,..,..,..,99.6,99.3797454833984,99.449348449707,99.5141143798828,99.5932693481445,99.6301040649414,99.6999969482422,99.6833648681641,99.7044982910156,99.7250823974609,99.4900970458984,99.7745361328125,99.8087463378906,99.8529052734375,99.9128875732422,99.9614410400391,99.9898223876953,99.9988708496094,100,100,100,100,100,100,100
Uzbekistan,UZB,"Annualized average growth rate in per capita real survey mean consumption or income, total population (%)",SI.SPR.PCAP.ZG,..,..,..,..,..,..,..,..,..,..,..,..,..,..,..,..,..,..,..,..,..,..,..,..,..,..,..,..,..,..,..
Uzbekistan,UZB,Births attended by skilled health staff (% of total),SH.STA.BRTC.ZS,..,..,..,..,..,..,97.5,100,100,100,94.9,100,100,100,100,100,99.6,100,100,100,100,100,100,100,100,100,100,100,100,..,..
Uzbekistan,UZB,Coverage of social insurance programs (% of population),per_si_allsi.cov_pop_tot,..,..,..,..,..,..,..,..,..,..,..,..,..,..,..,..,..,..,..,..,..,..,..,..,..,..,..,..,20.1199863855497,..,..
Uzbekistan,UZB,"Debt service (PPG and IMF only, % of exports of goods, services and primary income)",DT.TDS.DPPF.XP.ZS,..,..,..,..,..,..,..,..,..,..,..,..,..,..,..,..,..,..,..,..,3.2930618897618,2.31047357623511,2.56793942161892,2.29176100516345,2.57746685394999,2.58478401499905,3.38986298142385,3.06112763213374,3.03950864130834,3.46152754323791,5.5839976052193
Uzbekistan,UZB,Employment in industry (% of total employment) (modeled ILO estimate),SL.IND.EMPL.ZS,..,25.7999992370605,24.9300003051758,24.6399993896484,24.2700004577637,23.8999996185303,22.8299999237061,22.4400005340576,21.8199996948242,21.8600006103516,21.5100002288818,21.2800006866455,21.1200008392334,21.0799999237061,21.1700000762939,21.3099994659424,21.5200004577637,21.8199996948242,22.1299991607666,22.4799995422363,22.7000007629395,22.7399997711182,22.7099990844727,22.7299995422363,22.7800006866455,22.8999996185303,23.0599994659424,23.0499992370605,22.6599998474121,23.0200004577637,..
Vanuatu,VUT,Access to electricity (% of population),EG.ELC.ACCS.ZS,..,..,..,..,18,12.9416437149048,14.7923612594604,16.6396789550781,18.4829177856445,19.1,22.1430797576904,23.9438800811768,25.7370986938477,27.5250797271729,29.3101749420166,31.0947341918945,26.4400005340576,33.6246185302734,36.4703025817871,33.2911148071289,44.0999984741211,41.9353294372559,43.7895278930664,31.7000007629395,49.057445526123,52.2051010131836,57.8199996948242,62.7999992370605,61.7545127868652,64.5901870727539,67.3332672119141
Vanuatu,VUT,"Annualized average growth rate in per capita real survey mean consumption or income, total population (%)",SI.SPR.PCAP.ZG,..,..,..,..,..,..,..,..,..,..,..,..,..,..,..,..,..,..,..,..,..,..,..,..,..,..,..,..,..,..,..
Vanuatu,VUT,Births attended by skilled health staff (% of total),SH.STA.BRTC.ZS,79,..,..,..,87,89.1,..,..,..,88,88,..,..,84,..,92,92.9,74,..,..,..,..,..,89.4,..,..,..,..,..,..,..
Vanuatu,VUT,Coverage of social insurance programs (% of population),per_si_allsi.cov_pop_tot,..,..,..,..,..,..,..,..,..,..,..,..,..,..,..,..,..,..,..,..,..,..,..,..,..,..,..,..,..,..,..
Vanuatu,VUT,"Debt service (PPG and IMF only, % of exports of goods, services and primary income)",DT.TDS.DPPF.XP.ZS,1.60117166469126,1.12320043161043,1.36001848330111,1.37922266595389,1.19473952318074,1.06521398746734,0.964976893323612,0.828220671731248,0.531954537560591,1.3617708874179,1.40147019011619,1.23195582737754,1.45123741788955,1.32832507190499,1.57430246500162,1.24062083900077,1.90355553171349,1.5159471333935,1.23686044351104,1.50102730026177,1.44471639679013,1.25213272173843,1.2273895727298,1.50264811795156,1.64039395763016,1.76115984215078,1.98816934779135,2.01627633907681,3.92105951399892,3.12177673268434,7.06071361301278
Vanuatu,VUT,Employment in industry (% of total employment) (modeled ILO estimate),SL.IND.EMPL.ZS,..,0.280000001192093,0.28999999165535,0.300000011920929,0.310000002384186,0.319999992847443,0.340000003576279,0.319999992847443,0.340000003576279,0.360000014305115,0.389999985694885,0.409999996423721,0.419999986886978,0.469999998807907,0.540000021457672,0.639999985694885,0.790000021457672,1.33000004291534,2.75999999046326,7.03000020980835,6.8600001335144,6.92000007629395,7.3899998664856,8.5,9,10.9099998474121,11.8900003433228,12.6700000762939,13.3900003433228,14.0799999237061,..
"Venezuela, RB",VEN,Access to electricity (% of population),EG.ELC.ACCS.ZS,..,..,97.820203,98.2395324707031,98.3233337402344,99,98.484130859375,98.7,98.4,98.9,98.9000015258789,99.9000015258789,99.8000030517578,95.6999969482422,99.0999984741211,98.8561630249023,99.3000030517578,98.8881759643555,98.9136734008789,98.949104309082,99.0549468994141,98.8399963378906,99.2080764770508,99.2572174072266,100,100,99.4000015258789,99.1999969482422,99.9112014770508,99.9768142700195,100
"Venezuela, RB",VEN,"Annualized average growth rate in per capita real survey mean consumption or income, total population (%)",SI.SPR.PCAP.ZG,..,..,..,..,..,..,..,..,..,..,..,..,..,..,..,..,..,..,..,..,..,..,..,..,..,..,..,..,..,..,..
"Venezuela, RB",VEN,Births attended by skilled health staff (% of total),SH.STA.BRTC.ZS,..,..,..,..,..,..,..,95.3,..,..,94,..,..,95,..,..,..,..,..,..,..,98.1,96,99.2,99.5,99.3,99.3,99.1,..,..,..
"Venezuela, RB",VEN,Coverage of social insurance programs (% of population),per_si_allsi.cov_pop_tot,..,..,..,..,..,..,..,..,..,..,..,..,..,..,..,..,10.2412145944695,..,..,..,..,..,..,..,..,..,..,..,..,..,..
"Venezuela, RB",VEN,"Debt service (PPG and IMF only, % of exports of goods, services and primary income)",DT.TDS.DPPF.XP.ZS,19.595303772363,13.6722600749084,13.0791319700952,15.4796157907213,12.7727175200704,19.2963654062776,15.3564170047284,15.1909022107513,27.9309859799158,23.2539068231179,14.6128713087924,22.3619388758729,23.9055505541889,27.5752850916647,18.1809286260273,10.0447719959809,6.75066005547593,9.17008394710591,5.78272137125516,6.52634595425304,6.37607948652828,7.05598768105408,6.06080834024163,8.52427701077392,10.7471810427372,24.2345935621129,17.0073921597078,..,..,..,..
"Venezuela, RB",VEN,Employment in industry (% of total employment) (modeled ILO estimate),SL.IND.EMPL.ZS,..,26.0499992370605,26.6299991607666,26.2800006866455,23.6499996185303,23.5599994659424,22.3899993896484,23.8799991607666,24.5,22.7099990844727,22.8299999237061,22.0900001525879,20.6900005340576,19.8299999237061,20.3199996948242,20.6499996185303,22.1800003051758,23.1299991607666,22.8700008392334,22.3799991607666,21.6299991607666,21.4799995422363,21.6200008392334,21.3299999237061,20.7000007629395,19.8299999237061,18.8099994659424,17.75,16.6599998474121,15.3400001525879,..
Vietnam,VNM,Access to electricity (% of population),EG.ELC.ACCS.ZS,..,..,..,..,..,..,..,78.4,86.1759872436523,86.9944381713867,87.8284149169922,88.6074752807617,89.0999984741211,90.1451950073242,90.9085464477539,96.0999984741211,96,93.2052688598633,93.9817123413086,96.0999984741211,97.4300003051758,99,97.8899993896484,98.5549621582031,99.1999969482422,99.8213043212891,99.1999969482422,100,100,99.4000015258789,100
Vietnam,VNM,"Annualized average growth rate in per capita real survey mean consumption or income, total population (%)",SI.SPR.PCAP.ZG,..,..,..,..,..,..,..,..,..,..,..,..,..,..,..,..,..,..,..,..,..,..,..,..,..,..,..,..,6.46,..,..
Vietnam,VNM,Births attended by skilled health staff (% of total),SH.STA.BRTC.ZS,..,..,..,..,..,..,..,77.1,..,..,58.8,..,85,..,..,..,83.8,..,..,..,..,91.9,..,..,93.8,..,..,..,..,..,..
Vietnam,VNM,Coverage of social insurance programs (% of population),per_si_allsi.cov_pop_tot,..,..,..,..,..,..,..,..,..,..,..,..,..,..,..,..,17.1598824549761,..,..,..,14.0923491492514,..,14.4107161374148,..,15.2492432666176,..,..,..,..,..,..
Vietnam,VNM,"Debt service (PPG and IMF only, % of exports of goods, services and primary income)",DT.TDS.DPPF.XP.ZS,..,..,..,..,..,..,3.2296583616933,7.06136696987596,8.75438648876404,9.74608371216931,7.21295552142326,6.5683529820986,6.00950252106352,3.48121944151873,2.54716209201048,2.31849251439695,1.85006547001798,1.91453095808598,1.79937278178133,2.25426181199403,2.06828806732125,1.81023910717649,1.79130300018458,1.86401173830965,2.17368852721194,1.55768652937247,1.79706213570792,1.42805480985786,1.38543423142799,1.35706994700826,1.56169863188609
Vietnam,VNM,Employment in industry (% of total employment) (modeled ILO estimate),SL.IND.EMPL.ZS,..,10.1199998855591,10.5799999237061,11.0900001525879,11.4700002670288,11.8199996948242,12.25,12.6800003051758,11.5799999237061,11.9899997711182,12.4399995803833,13.8999996185303,14.6999998092651,16.4099998474121,17.3500003814697,18.7399997711182,20.1900005340576,20.3899993896484,21,21.8500003814697,21.6800003051758,21.2800006866455,21.1900005340576,21.1800003051758,21.4500007629395,22.7399997711182,24.7600002288818,25.7800006866455,26.6399993896484,27.4400005340576,..
Virgin Islands (U.S.),VIR,Access to electricity (% of population),EG.ELC.ACCS.ZS,100,100,100,100,100,100,100,100,100,100,100,100,100,100,100,100,100,100,100,100,100,100,100,100,100,100,100,100,100,100,100
Virgin Islands (U.S.),VIR,"Annualized average growth rate in per capita real survey mean consumption or income, total population (%)",SI.SPR.PCAP.ZG,..,..,..,..,..,..,..,..,..,..,..,..,..,..,..,..,..,..,..,..,..,..,..,..,..,..,..,..,..,..,..
Virgin Islands (U.S.),VIR,Births attended by skilled health staff (% of total),SH.STA.BRTC.ZS,..,..,..,..,..,..,..,..,..,..,..,..,98.3,98.5,..,..,..,..,..,..,..,..,..,..,..,..,..,..,..,..,..
Virgin Islands (U.S.),VIR,Coverage of social insurance programs (% of population),per_si_allsi.cov_pop_tot,..,..,..,..,..,..,..,..,..,..,..,..,..,..,..,..,..,..,..,..,..,..,..,..,..,..,..,..,..,..,..
Virgin Islands (U.S.),VIR,"Debt service (PPG and IMF only, % of exports of goods, services and primary income)",DT.TDS.DPPF.XP.ZS,..,..,..,..,..,..,..,..,..,..,..,..,..,..,..,..,..,..,..,..,..,..,..,..,..,..,..,..,..,..,..
Virgin Islands (U.S.),VIR,Employment in industry (% of total employment) (modeled ILO estimate),SL.IND.EMPL.ZS,..,26.3099994659424,26.1800003051758,26.0300006866455,25.9899997711182,25.8500003814697,25.7099990844727,25.6100006103516,25.4200000762939,25.1900005340576,25.0699996948242,24.75,24.4099998474121,24.1000003814697,24.0200004577637,23.9899997711182,23.9699993133545,23.9699993133545,23.7700004577637,22.9400005340576,22.7000007629395,21.8500003814697,20.7199993133545,20.1299991607666,19.8700008392334,19.6599998474121,19.4899997711182,19.1599998474121,18.9699993133545,18.7399997711182,..
West Bank and Gaza,PSE,Access to electricity (% of population),EG.ELC.ACCS.ZS,..,..,..,..,..,..,..,97.9,98.5392990112305,98.6231536865234,99.6999969482422,99.0999984741211,99.2368545532227,99.0999984741211,99.5,99.5999984741211,99.6999969482422,98.8000030517578,99.8000030517578,99.9000015258789,99.9000015258789,99.6999969482422,99.8000030517578,99.9000015258789,99.9000015258789,99.9000015258789,100,99.6999969482422,100,100,100
West Bank and Gaza,PSE,"Annualized average growth rate in per capita real survey mean consumption or income, total population (%)",SI.SPR.PCAP.ZG,..,..,..,..,..,..,..,..,..,..,..,..,..,..,..,..,..,..,..,..,..,..,..,..,..,..,-0.55,..,..,..,..
West Bank and Gaza,PSE,Births attended by skilled health staff (% of total),SH.STA.BRTC.ZS,..,..,..,..,..,..,94.9,..,..,..,97.4,..,..,..,98.3,97,96.6,..,..,..,99,..,..,..,99.6,..,..,..,..,..,..
West Bank and Gaza,PSE,Coverage of social insurance programs (% of population),per_si_allsi.cov_pop_tot,..,..,..,..,..,..,..,..,..,..,..,..,..,..,..,..,..,..,..,..,..,..,..,..,..,..,3.62767722511051,..,..,..,..
West Bank and Gaza,PSE,"Debt service (PPG and IMF only, % of exports of goods, services and primary income)",DT.TDS.DPPF.XP.ZS,..,..,..,..,..,..,..,..,..,..,..,..,..,..,..,..,..,..,..,..,..,..,..,..,..,..,..,..,..,..,..
West Bank and Gaza,PSE,Employment in industry (% of total employment) (modeled ILO estimate),SL.IND.EMPL.ZS,..,33.0900001525879,34.0299987792969,34.560001373291,35.9300003051758,35.9000015258789,35.189998626709,35.8400001525879,36.9000015258789,38.060001373291,34.1199989318848,28.2800006866455,23.7099990844727,25.5799999237061,24.4200000762939,26.0699996948242,23.6800003051758,23.7600002288818,23.0799999237061,23.5300006866455,24.6800003051758,25.9300003051758,26.7000007629395,28.0699996948242,28.0200004577637,28.7299995422363,30.2299995422363,30.8600006103516,31.3099994659424,30.3700008392334,..
World,WLD,Access to electricity (% of population),EG.ELC.ACCS.ZS,..,..,..,..,..,..,..,..,73.4064898848654,74.7084768920186,78.2239546330897,77.874941013319,79.3365770602524,79.9347835849708,80.1517511431233,80.6479871971714,81.3562841000614,81.8475771450256,82.4761636871908,82.8490466924778,83.222540790747,82.1665834699821,84.7407101855509,85.2404163421732,85.6483211848158,86.6195198542236,87.696898830206,88.5940517284921,89.5665317255006,90.0117847056585,90.5215692111686
World,WLD,"Annualized average growth rate in per capita real survey mean consumption or income, total population (%)",SI.SPR.PCAP.ZG,..,..,..,..,..,..,..,..,..,..,..,..,..,..,..,..,..,..,..,..,..,..,..,..,..,..,..,..,..,..,..
World,WLD,Births attended by skilled health staff (% of total),SH.STA.BRTC.ZS,..,..,..,..,..,..,..,..,..,..,62.6881370007277,..,..,..,..,..,..,..,..,..,70.0925608719342,..,..,..,..,..,..,..,80.8863921454455,..,..
World,WLD,Coverage of social insurance programs (% of population),per_si_allsi.cov_pop_tot,..,..,..,..,..,..,..,..,..,..,..,..,..,..,..,..,..,..,..,..,..,..,..,..,..,..,..,..,..,..,..
World,WLD,"Debt service (PPG and IMF only, % of exports of goods, services and primary income)",DT.TDS.DPPF.XP.ZS,..,..,..,..,..,..,..,..,..,..,..,..,..,..,..,..,..,..,..,..,..,..,..,..,..,..,..,..,..,..,..
World,WLD,Employment in industry (% of total employment) (modeled ILO estimate),SL.IND.EMPL.ZS,..,21.8765923978977,21.7525753858075,21.7460864313167,21.6935361778204,21.5809089036417,21.5839895765167,21.4700252075546,21.1678628903083,20.9270126946252,20.7333633935666,20.638365054646,20.3124817880913,20.352975594604,20.6936860723054,21.1257825241217,21.6399064813775,22.2071589073718,22.2612108328469,22.1931100189179,22.4895711865091,22.8630936467025,23.3108748186941,23.2767340495075,23.3045576014691,23.1370610147754,23.016002308058,22.8686379621421,22.9461602383247,22.6892242825784,..
"Yemen, Rep.",YEM,Access to electricity (% of population),EG.ELC.ACCS.ZS,..,..,44.1,40.774715423584,41.9851341247559,43.1935119628906,44.399169921875,42.6,46.7996101379395,47.9929466247559,49.187255859375,50.3412399291992,51.4876365661621,52.6288032531738,49.5900001525879,54.9048194885254,55.8003349304199,57.1885681152344,58.3399314880371,59.5012397766113,60.6751937866211,61.8645057678223,52.4099998474121,75.5999984741211,66.0999984741211,67.3109283447266,68.859504699707,79.1999969482422,62,72.7510757446289,73.757926940918
"Yemen, Rep.",YEM,"Annualized average growth rate in per capita real survey mean consumption or income, total population (%)",SI.SPR.PCAP.ZG,..,..,..,..,..,..,..,..,..,..,..,..,..,..,..,..,..,..,..,..,..,..,..,..,..,..,..,..,..,..,..
"Yemen, Rep.",YEM,Births attended by skilled health staff (% of total),SH.STA.BRTC.ZS,..,..,15.9,..,..,..,..,21.6,..,..,..,..,..,26.8,..,..,35.7,..,..,..,..,..,34.4,44.7,..,..,..,..,..,..,..
"Yemen, Rep.",YEM,Coverage of social insurance programs (% of population),per_si_allsi.cov_pop_tot,..,..,..,..,..,..,..,..,..,..,..,..,..,..,..,10.2741973297215,..,..,..,..,..,..,..,..,..,..,..,..,..,..,..
"Yemen, Rep.",YEM,"Debt service (PPG and IMF only, % of exports of goods, services and primary income)",DT.TDS.DPPF.XP.ZS,7.14022127520293,11.165803610988,8.08833335165698,7.22211402635432,4.11414841318279,4.12790948154217,3.26706270439243,3.64202641894011,10.8345916075218,6.13375701656055,5.03818359218604,6.47302965070425,4.12939905866326,3.99159047807483,4.29776820171761,3.00159629561989,2.84031565547301,3.28968846458869,2.6373257857336,3.55445155028791,2.75557071670601,2.63495345635786,2.70163553744928,2.81263524678909,3.81984003892162,18.8468772797404,14.5053683530225,..,..,..,..
"Yemen, Rep.",YEM,Employment in industry (% of total employment) (modeled ILO estimate),SL.IND.EMPL.ZS,..,11.7600002288818,11.710000038147,11.2299995422363,11.039999961853,11.789999961853,12.2700004577637,12.75,13.3699998855591,13.8000001907349,14.3999996185303,14.7299995422363,15.1300001144409,15.6999998092651,16.2600002288818,16.7800006866455,16.9300003051758,17.0900001525879,17.8099994659424,18.4300003051758,19.0300006866455,16.2999992370605,15.6999998092651,15.5100002288818,14.4799995422363,12.3599996566772,11.2799997329712,10.4499998092651,10.1800003051758,10.1999998092651,..
Zambia,ZMB,Access to electricity (% of population),EG.ELC.ACCS.ZS,13.9,12.7527027130127,19.2,14.213207244873,14.9417591094971,15.6682720184326,17.3,17.1124591827393,19,18.5402450561523,16.7000007629395,20.1723861694336,17.3999996185303,18.5,20.2999992370605,23.3213081359863,24.1072578430176,18.5,25.6954288482666,26.5030708312988,22,28.1590099334717,29.0127258300781,29.8862724304199,27.8999996185303,31.1000003814697,35.4254531860352,40.2999992370605,40.3178901672363,43,44.5244750976563
Zambia,ZMB,"Annualized average growth rate in per capita real survey mean consumption or income, total population (%)",SI.SPR.PCAP.ZG,..,..,..,..,..,..,..,..,..,..,..,..,..,..,..,..,..,..,..,..,..,..,..,..,..,2.93,..,..,..,..,..
Zambia,ZMB,Births attended by skilled health staff (% of total),SH.STA.BRTC.ZS,..,..,50.5,..,..,..,46.5,46.5,..,45.3,..,..,42.1,..,..,..,..,45.2,..,..,..,..,..,..,63.3,..,..,..,80.4,..,..
Zambia,ZMB,Coverage of social insurance programs (% of population),per_si_allsi.cov_pop_tot,..,..,..,..,..,..,..,..,..,..,..,..,..,..,..,..,..,..,..,..,1.05257306906133,..,..,..,..,0.923653016558798,..,..,..,..,..
Zambia,ZMB,"Debt service (PPG and IMF only, % of exports of goods, services and primary income)",DT.TDS.DPPF.XP.ZS,14.5124022909171,46.6535336309759,..,..,..,..,..,18.3009978171789,19.6310413760799,14.6164684552846,18.5072680256235,16.2574074473275,18.5983506577702,40.2045674190525,17.8868765207707,6.53006708408875,1.66473509875865,0.862808126956002,1.35310302685022,1.50718342563215,0.757974132992051,0.786979315991574,1.43719951610412,2.11812400077327,1.87389288754752,4.2130427406803,7.2289423894832,6.10934090211034,7.87276170677512,11.7232743695036,7.1513900600625
Zambia,ZMB,Employment in industry (% of total employment) (modeled ILO estimate),SL.IND.EMPL.ZS,..,7.8600001335144,7.76999998092651,7.6100001335144,7.28000020980835,7.19999980926514,7.17999982833862,7.11999988555908,7.05000019073486,6.96999979019165,6.90000009536743,6.90000009536743,6.94999980926514,7.03000020980835,7.1100001335144,7.13000011444092,7.23000001907349,7.36999988555908,7.53999996185303,8.10000038146973,8.71000003814697,9.35999965667725,10.1000003814697,10.3299999237061,10.4899997711182,10.6000003814697,10.6800003051758,10.6899995803833,10.6099996566772,10.5299997329712,..
Zimbabwe,ZWE,Access to electricity (% of population),EG.ELC.ACCS.ZS,..,..,28.2,31.163667678833,28.1,31.948579788208,32.3372955322266,32.7226104736328,33.1038475036621,38.4,33.6548881530762,34.1728439331055,34.2000007629395,35.1883506774902,35.690601348877,36.1923141479492,37.2000007629395,37.2040100097656,37.7193450927734,43.369083404541,38.7825508117676,36.9000015258789,44,40.4983749389648,32.2999992370605,33.7000007629395,42.5617294311523,44.1786346435547,45.5726470947266,46.7814750671387,52.7476692199707
Zimbabwe,ZWE,"Annualized average growth rate in per capita real survey mean consumption or income, total population (%)",SI.SPR.PCAP.ZG,..,..,..,..,..,..,..,..,..,..,..,..,..,..,..,..,..,..,..,..,..,..,..,..,..,..,..,-3.5,..,..,..
Zimbabwe,ZWE,Births attended by skilled health staff (% of total),SH.STA.BRTC.ZS,..,..,..,..,69.2,..,..,..,..,72.5,..,..,..,..,..,..,68.5,..,..,60.2,..,66.2,..,..,80,78.1,..,..,..,86,..
Zimbabwe,ZWE,Coverage of social insurance programs (% of population),per_si_allsi.cov_pop_tot,..,..,..,..,..,..,..,..,..,..,..,..,..,..,..,..,..,1.20927811945352,..,..,..,2.65503997288927,..,..,..,..,..,3.407481109,..,4.80744769,..
Zimbabwe,ZWE,"Debt service (PPG and IMF only, % of exports of goods, services and primary income)",DT.TDS.DPPF.XP.ZS,19.539947884211,18.480157264191,25.8537260197139,24.4693678057418,18.7404217093514,..,..,..,..,..,..,..,..,..,..,..,..,..,..,0.762995305940982,0.589659217842817,0.463397333390967,0.657740549404177,2.95963512936197,3.38738788212339,3.93246699955856,5.88555514245422,2.98943667154859,1.7407163281666,1.30768536023995,0.748035122748019
Zimbabwe,ZWE,Employment in industry (% of total employment) (modeled ILO estimate),SL.IND.EMPL.ZS,..,12.6300001144409,12.6099996566772,12.4799995422363,12.4399995803833,12.3900003433228,12.3100004196167,12.1899995803833,12.039999961853,11.8299999237061,11.5699996948242,11.3000001907349,10.8999996185303,10.5500001907349,10.1800003051758,9.64999961853027,9.85000038146973,9.21000003814697,9.06999969482422,9.18000030517578,9.23999977111816,9.09000015258789,8.60000038146973,7.92000007629395,7.3600001335144,7.21000003814697,7.05000019073486,6.90000009536743,6.75,6.57000017166138,..
,,,,,,,,,,,,,,,,,,,,,,,,,,,,,,,,,,
,,,,,,,,,,,,,,,,,,,,,,,,,,,,,,,,,,
,,,,,,,,,,,,,,,,,,,,,,,,,,,,,,,,,,
Data from database: Sustainable Development Goals (SDGs),,,,,,,,,,,,,,,,,,,,,,,,,,,,,,,,,,
Last Updated: 07/22/2022,,,,,,,,,,,,,,,,,,,,,,,,,,,,,,,,,,
