Country Name,Region,Income Group,Series Code,1990,1991,1992,1993,1994,1995,1996,1997,1998,1999,2000,2001,2002,2003,2004,2005,2006,2007,2008,2009,2010,2011,2012,2013,2014,2015,2016,2017,2018,2019,2020
Afghanistan,South Asia,Low income,DT.TDS.DPPF.XP.ZS,19.835184,20.24998,20.652576,20.053938,19.648247,19.657051,19.951721,20.082418,19.692457,18.882036,19.612583,18.312408,18.168808,18.81318,17.286232,16.727232,16.282467,13.186667,0.4028193,0.48768625,0.34415627,0.3136435,0.5533904,1.5547839,1.8752608,2.8058538,3.735882,3.5486476,2.5952227,2.390422,2.2440822
Afghanistan,South Asia,Low income,EG.ELC.ACCS.ZS,16.706064,12.893746,11.316096,12.053926,12.388746,12.578941,12.717424,12.676747,12.984311,13.612066,1.613591,4.074574,9.409158,14.738505,20.064968,25.390892,30.71869,36.05101,42.4,46.74005,42.7,43.22202,69.1,68.29065,89.5,71.5,97.7,97.7,96.616135,97.7,97.7
Afghanistan,South Asia,Low income,GFDD.AI.01,8159.154,10465.647,12165.241,13111.529,14836.932,16945.672,18017.709,17362.914,15583.962,13421.031,15794.383,14198.584,14531.496,16322.391,14789.153,14836.397,16207.641,12373.118,36.402496,87.48714,105.885735,139.43752,166.11281,155.78116,172.80728,181.08727,182.14525,166.16704,174.2991,183.28732,3181.8262
Afghanistan,South Asia,Low income,GFDD.DI.04,40.23823,34.63579,30.646791,30.97062,31.471334,31.993185,32.401146,32.47253,32.432194,32.989243,33.164253,35.25204,36.187366,35.828186,38.445946,39.829666,43.459717,52.295807,58.46883,82.58896,86.0317,77.96436,56.26987,59.72195,59.32874,60.263813,65.520035,73.74906,84.97005,97.71289,96.25589
Afghanistan,South Asia,Low income,GFDD.DI.05,-4.3043427,-5.56911,-5.8230414,-4.249613,-4.653566,-5.3772035,-5.8862367,-4.877909,-4.872473,-4.4985485,-2.6496916,-4.9051447,-4.5492573,-1.0967735,-2.9545379,-3.692339,23.49449,27.73951,29.286058,33.30402,36.069366,37.24286,32.76096,33.32521,34.01956,33.82253,37.22271,36.86128,36.60749,34.959103,37.20945
Afghanistan,South Asia,Low income,GFDD.DI.06,5.1534367,6.931952,6.0873103,4.8864803,3.6391542,2.9732258,2.9467652,3.2553992,3.624151,1.5447123,5.0378428,2.3747396,2.1103613,4.00374,1.3364453,0.3572431,-0.2982077,-1.1909413,-0.3568915,2.248049,1.9178909,1.425788,3.233945,2.8268108,2.551267,2.4975722,1.992255,1.323696,0.6103021,0.0750632,0.1159692
Afghanistan,South Asia,Low income,GFDD.DI.11,-13.029442,-9.618565,-7.6587334,-6.87067,-7.295763,-8.017911,-8.803268,-8.973395,-8.6362705,-7.7144737,-8.532875,-8.602583,-9.741072,-10.823105,-11.467937,-11.250347,-11.375281,-10.035226,-12.687204,-12.851201,-13.466338,-13.751082,-13.306259,-12.759327,-13.497914,-13.650457,-13.236753,-12.524463,-12.109786,-12.097613,-12.43846
Afghanistan,South Asia,Low income,GFDD.DM.11,20.073023,24.169716,30.123665,33.66281,36.03123,35.124325,33.665276,33.44564,33.790756,39.379894,41.43973,42.174423,43.13364,43.962746,41.978523,42.21349,40.972336,35.12029,34.170017,26.951187,29.650454,28.389683,26.900614,22.459517,24.440603,24.144592,20.826746,23.083698,21.910494,18.769766,18.412247
Afghanistan,South Asia,Low income,GFDD.EI.08,-4.5756583,-5.062877,-5.528514,-5.454648,-5.526123,-5.688104,-5.7843776,-5.7705483,-5.7899647,-5.630284,-4.9077425,-5.016473,-4.8565493,-4.5200787,-4.8187633,-4.887453,-3.6460583,-3.0791054,-2.0847318,-0.48894578,-0.07862329,0.37447143,0.5458379,1.1235741,1.3152853,1.4448524,1.6623807,1.9959147,2.47577,3.094939,4.0145907
Afghanistan,South Asia,Low income,GFDD.OI.02,6.3681154,2.768768,4.4858303,5.845045,6.0921454,6.001819,6.0045133,4.9953585,2.7101986,5.2582393,4.2485385,5.883999,7.5501695,8.084811,10.639414,12.248196,9.2128315,13.07231,15.503501,18.70725,19.14611,19.30889,18.08667,17.72008,17.20384,17.11684,18.96479,19.07627,18.881731,16.91687,17.64849
Afghanistan,South Asia,Low income,SH.STA.BRTC.ZS,30.59161,27.774223,24.978592,25.083258,24.701727,24.26506,24.050947,24.178217,24.537144,25.685802,12.400001,27.994328,29.207651,14.3,30.91781,31.657633,18.9,44.744576,24.0,60.93861,34.3,38.600002,39.9,66.97951,45.2,50.5,73.57332,53.399998,58.799995,75.041115,75.222206
Afghanistan,South Asia,Low income,SL.IND.EMPL.ZS,11.06408,12.43,12.21,11.57,11.48,11.510001,11.08,10.69,10.33,9.95,9.48,8.98,9.99,10.35,10.61,11.33,11.79,12.2,12.48,13.630001,14.660001,14.750001,15.770001,16.33,16.77,17.170002,17.320002,18.03,18.46,18.55,16.597858
Albania,Europe & Central Asia,Upper middle income,DT.TDS.DPPF.XP.ZS,12.0042515,4.298872,2.1752603,3.1762002,6.635782,1.9742674,4.363553,13.7492485,8.360305,4.3297586,4.089263,4.104154,6.472856,5.012847,4.743804,4.4419193,4.37998,3.6545074,3.1433647,4.827229,6.8353767,7.5563564,7.918082,5.094129,6.32797,16.956291,7.2373676,6.8253717,13.141501,7.5181394,17.897654
Albania,Europe & Central Asia,Upper middle income,EG.ELC.ACCS.ZS,100.0,100.0,100.0,100.0,100.0,100.0,100.0,100.0,100.0,100.0,100.0,100.0,100.0,100.0,100.0,100.0,100.0,100.0,100.0,100.0,100.0,100.0,99.90001,100.0,99.95,99.98001,99.89,99.89,100.0,100.0,100.0
Albania,Europe & Central Asia,Upper middle income,GFDD.AI.01,2231.2417,2597.3435,3710.5605,4986.443,6420.088,6816.3,6965.708,6285.8237,4687.1777,3323.0447,2442.3118,1828.832,1368.7976,888.21326,-581.4373,-453.7426,-1330.8885,-1844.3558,-1541.5308,-1377.6262,-1677.7607,-2072.3765,-2453.698,-2290.229,-1930.5615,-1738.1104,1109.424,1093.8435,1051.9623,1094.8483,1133.1195
Albania,Europe & Central Asia,Upper middle income,GFDD.DI.04,89.98971,87.4307,85.45296,84.747505,58.31802,70.58632,73.44514,56.806858,60.10012,68.82464,68.60171,71.69236,71.5622,75.49699,80.08146,82.29821,85.61717,87.34673,88.56968,89.38724,91.750626,92.35944,92.38214,92.63004,92.34568,91.71468,94.06599,94.19537,93.9041,94.23023,93.569046
Albania,Europe & Central Asia,Upper middle income,GFDD.DI.05,44.142273,42.283268,41.22679,41.16692,39.76496,48.44382,46.22337,59.925335,62.23912,66.022316,65.46323,69.82247,66.852264,65.44225,68.22042,71.41761,76.36533,78.46537,75.48073,59.037807,64.35965,68.69024,71.217964,72.56398,73.43582,72.90962,74.6197,71.45648,68.484116,69.82919,77.39526
Albania,Europe & Central Asia,Upper middle income,GFDD.DI.06,8.222674,8.70012,8.127115,7.573471,38.9519,22.53627,16.95704,28.48758,24.69372,17.07625,16.62397,14.50006,14.091781,11.97431,9.651939,9.189349,8.405331,8.215148,7.8293176,7.326433,5.541931,5.343606,5.249811,5.0820336,5.2762847,5.3544908,3.735874,3.518524,3.510658,3.389089,4.226071
Albania,Europe & Central Asia,Upper middle income,GFDD.DI.11,5.163757,4.161849,5.432093,6.0357256,3.1411884,2.005991,1.1681468,1.4690849,2.4701211,3.886023,4.8098826,4.80905,3.8010118,2.8512423,1.1387429,4.0655613,1.312311,1.3836992,1.4366009,1.4185227,1.455175,1.4891311,1.5263228,1.6176407,1.7523665,1.9249897,1.9981269,1.9720129,1.9253553,2.2937076,2.4027193
Albania,Europe & Central Asia,Upper middle income,GFDD.DM.11,-3.989913,-2.621604,2.9069362,5.6540647,12.583534,10.058069,7.515705,6.992494,8.794913,11.149112,12.241512,12.05763,10.855442,10.060905,10.289249,11.314867,11.692287,0.8419388,1.192739,1.233491,2.019677,2.462609,3.9188967,5.083622,5.720746,4.5103197,6.048731,5.143755,5.348466,6.262567,9.20719
Albania,Europe & Central Asia,Upper middle income,GFDD.EI.08,8.456724,8.0755625,8.008861,7.853416,50.452454,50.31882,43.64244,33.54047,33.33377,33.59151,31.450699,30.52274,28.985218,29.23848,29.172918,27.34675,27.7209,26.78846,25.335989,24.92359,24.27309,25.2794,24.7477,26.00121,26.253048,23.909111,24.639399,24.534939,23.53838,24.005621,26.764698
Albania,Europe & Central Asia,Upper middle income,GFDD.OI.02,43.455322,40.881363,42.019283,42.76266,24.24287,29.550238,31.92305,37.97531,44.485626,47.686607,45.66356,48.68773,45.419468,46.968746,49.49909,52.80478,57.657818,62.415577,57.3421,57.907757,63.324825,67.28407,69.8149,70.35517,70.04085,68.59187,68.64949,64.345924,60.41314,60.711033,67.65973
Albania,Europe & Central Asia,Upper middle income,SH.STA.BRTC.ZS,93.0,92.6,86.399994,87.2,89.1,89.1,91.2,98.799995,99.100006,99.00001,99.100006,99.00001,97.99999,98.799995,99.3,99.8,99.00001,98.77105,99.09726,99.3,98.94073,98.91457,98.9218,98.97908,99.03419,99.117714,99.25153,98.896935,99.8,98.49156,98.66649
Albania,Europe & Central Asia,Upper middle income,SL.IND.EMPL.ZS,25.687895,11.58,11.45,11.630001,11.79,12.030001,11.73,11.630001,11.72,12.17,12.81,13.67,14.46,14.81,15.2300005,15.76,16.48,16.950003,17.78,19.94,20.59,18.87,17.28,16.88,17.74,18.670002,19.38,19.38,19.75,20.15,22.563242
Algeria,Middle East & North Africa,Lower middle income,DT.TDS.DPPF.XP.ZS,63.756107,70.910706,11.895354,11.869531,11.25285,10.757787,10.505481,10.266762,10.22451,10.006994,8.338052,8.120694,8.382495,8.456668,8.151353,11.375245,22.1119,1.1293333,1.1811427,0.88362116,0.60487324,0.5874291,0.83900076,0.42095813,0.3582225,0.4707502,0.47564694,0.41848457,0.32738093,0.3333206,0.40467325
Algeria,Middle East & North Africa,Lower middle income,EG.ELC.ACCS.ZS,96.42421,95.80769,93.85332,92.40738,92.59035,93.980774,95.68802,97.02561,97.895386,98.33633,98.9731,98.96687,98.95306,98.93401,98.91208,98.88961,98.86901,98.852936,99.3,98.845184,98.85893,98.88803,98.76466,99.002205,99.08701,99.18666,99.35025,99.6355,99.69784,99.5,99.80413
Algeria,Middle East & North Africa,Lower middle income,GFDD.AI.01,2401.5369,1915.149,1991.0615,2117.6855,3139.055,4442.671,5320.7603,4756.6963,2725.792,937.73444,-209.57393,-1031.7313,-618.4033,-769.26263,-984.66925,-1269.9387,-1622.2722,-1843.9128,-1159.0184,-1221.2661,-1395.0109,-1707.757,-1828.859,-1457.9012,-1256.7526,-1068.928,-1116.188,-1518.9683,-1750.0792,-1876.3545,-1974.9569
Algeria,Middle East & North Africa,Lower middle income,GFDD.DI.04,78.310104,80.79305,73.01772,65.53322,66.63146,74.765465,83.54134,85.0892,86.709816,89.46928,89.06787,92.72879,94.04404,93.94376,95.04723,95.57029,80.39911,99.76729,99.810585,99.81031,99.792,99.80944,99.81128,99.89756,99.90615,99.92478,99.94191,81.512665,68.52157,66.8563,67.859955
Algeria,Middle East & North Africa,Lower middle income,GFDD.DI.05,61.927135,48.1069,50.66121,49.102562,45.4436,36.90268,33.00584,36.08158,42.377117,42.07777,37.82976,54.33134,60.30313,60.34156,56.6909,50.17707,53.804092,60.04026,58.822495,67.40389,62.921383,60.97169,59.632263,62.831955,70.83281,74.55348,72.23631,73.84113,76.1581,74.72868,87.61681
Algeria,Middle East & North Africa,Lower middle income,GFDD.DI.06,17.82918,11.665621,15.14804,23.01727,17.184889,12.14126,7.038949,6.393389,6.179602,5.051198,4.095623,3.4662812,2.999089,2.740328,2.016596,1.654364,8.655043,0.0794927,0.0577167,0.0756455,0.0773756,0.0678238,0.0680435,0.0408433,0.0434778,0.0414629,0.0350779,13.2018795,27.277029,32.01483,35.70337
Algeria,Middle East & North Africa,Lower middle income,GFDD.DI.11,10.349826,12.475249,17.829212,19.596079,19.294256,18.067385,16.730946,16.402655,17.604021,19.225758,1.328968,1.3070427,18.023098,16.85239,16.519413,14.054472,0.7633825,0.8264829,16.11209,1.0963255,1.1518681,1.1421688,1.1135746,1.2059718,1.386642,1.5094342,1.5150759,1.4504261,21.475826,21.650429,22.111052
Algeria,Middle East & North Africa,Lower middle income,GFDD.DM.11,5.1556525,6.3844957,15.292057,15.924068,15.468294,14.214093,12.207629,12.161248,14.394686,16.901562,17.939203,17.914722,19.173532,18.34707,18.37345,18.353016,18.68941,18.024092,18.351885,17.363266,16.239962,15.054435,14.466357,15.3687105,16.005684,17.612396,18.914616,19.123503,19.891584,19.581207,21.482317
Algeria,Middle East & North Africa,Lower middle income,GFDD.EI.08,8.08622,3.728315,33.92069,37.28133,27.81081,30.81173,30.36467,32.57956,35.765457,37.56185,27.419401,36.227478,35.190098,31.31682,27.727169,23.845629,23.39024,21.208729,17.63616,23.55731,21.933329,21.82791,21.97769,23.34778,27.952679,33.40324,37.49484,33.82284,34.39246,38.927498,45.65574
Algeria,Middle East & North Africa,Lower middle income,GFDD.OI.02,43.927486,33.45822,27.25068,32.59271,29.859617,24.50037,21.78938,23.91127,28.57152,28.670681,26.14624,40.597927,45.39818,45.21692,42.39005,37.784706,40.964798,46.198017,44.71291,48.66047,44.98983,43.068607,41.27208,43.42392,49.443947,49.87261,46.484188,48.7765,49.58972,48.01913,53.93711
Algeria,Middle East & North Africa,Lower middle income,SH.STA.BRTC.ZS,92.66306,93.06652,76.5,92.96042,92.90694,93.50159,94.26425,94.98648,95.74896,96.56392,92.0,97.432785,95.9,97.62454,97.40792,97.1823,95.2,97.84427,98.839325,98.57736,98.55674,98.384575,98.265236,96.6,98.45443,98.55176,98.39545,97.9497,98.03571,97.89295,97.986336
Algeria,Middle East & North Africa,Lower middle income,SL.IND.EMPL.ZS,26.027044,25.4,25.26,25.03,24.820002,24.820002,24.780003,24.7,24.77,24.670002,24.9,25.01,24.800001,24.690002,25.64,26.76,27.520002,28.38,28.89,29.57,30.200003,30.859999,30.81,30.96,30.96,30.920002,30.95,30.99,30.91,30.42,24.504807
Andorra,Europe & Central Asia,High income,DT.TDS.DPPF.XP.ZS,11.47108,11.498671,10.863057,10.055947,9.446747,9.306329,9.4730015,9.646453,9.789066,9.437251,8.870366,8.473731,8.47715,8.202444,7.4977536,6.7138295,6.142301,5.8696012,5.7228184,5.53975,5.2384524,5.1009097,5.114621,5.66753,6.3725157,6.7310243,6.7273016,6.467013,6.440233,6.9903975,8.302446
Andorra,Europe & Central Asia,High income,EG.ELC.ACCS.ZS,100.0,100.0,100.0,100.0,100.0,100.0,100.0,100.0,100.0,100.0,100.0,100.0,100.0,100.0,100.0,100.0,100.0,100.0,100.0,100.0,100.0,100.0,100.0,100.0,100.0,100.0,100.0,100.0,100.0,100.0,100.0
Andorra,Europe & Central Asia,High income,GFDD.AI.01,-1890.1665,-1660.1393,-1505.9188,-910.0339,421.35907,1497.6854,2404.2878,1543.0295,-632.5437,-2684.8113,-3726.1616,-4017.3838,-3836.3838,-3853.2217,-4299.5215,-4723.981,-4545.279,-4044.3276,-3454.7578,-3132.2031,-3521.74,-4199.31,-4448.7676,-4036.143,-3439.1152,-3130.445,-3427.377,-3778.922,-4006.9368,-3937.5637,-3546.7231
Andorra,Europe & Central Asia,High income,GFDD.DI.04,89.38231,89.23356,89.44011,89.75078,90.12266,90.67972,90.6928,91.32076,91.036934,90.964355,90.94362,91.21952,91.11312,90.83088,90.97213,91.32634,92.20626,92.919334,92.703926,91.96769,91.37981,91.32668,91.63369,91.66134,91.32268,90.602234,89.93514,89.84596,90.23114,90.2812,89.86632
Andorra,Europe & Central Asia,High income,GFDD.DI.05,49.216454,49.223324,50.49625,52.850193,53.81072,52.82103,52.31333,53.18804,54.44121,55.07601,54.25763,54.199387,54.535343,54.536575,54.21471,54.27546,55.908714,56.443504,57.668045,60.161366,61.073124,61.836643,63.61831,65.312935,65.94153,65.71536,65.53623,64.99314,68.60901,71.94924,74.56412
Andorra,Europe & Central Asia,High income,GFDD.DI.06,7.9068646,9.008889,9.094329,8.606253,8.012446,7.828169,8.063205,8.430675,8.362206,8.197322,7.925645,7.829368,8.171701,8.395684,8.242992,7.717495,7.1014514,6.7678633,7.1533847,7.6860743,7.78345,7.366344,7.312467,7.6410627,8.414868,9.416145,9.932527,9.785919,9.173588,9.1148615,8.891696
Andorra,Europe & Central Asia,High income,GFDD.DI.11,8.845916,12.138668,14.589804,15.633635,15.601125,14.582658,13.32878,12.941468,13.536045,14.953053,15.874113,15.520139,14.480398,13.472974,13.291961,14.016901,14.977489,15.489511,15.557216,15.18194,14.541191,14.32275,14.389839,14.70925,15.056676,14.889745,15.246483,15.1021385,16.665058,17.568264,17.07608
Andorra,Europe & Central Asia,High income,GFDD.DM.11,-3.4930995,-0.6640599,3.366917,6.146411,6.007487,3.1111152,-0.4090282,-2.04818,0.67538637,5.8165545,10.6498785,12.633787,12.672115,11.911374,12.39789,14.402212,16.90572,19.250492,19.395323,18.260117,16.15048,13.629286,12.238756,12.989288,14.533006,18.26145,19.193645,18.79983,17.119938,16.618223,17.447104
Andorra,Europe & Central Asia,High income,GFDD.EI.08,4.535916,5.35974,5.9233356,6.0738564,5.826715,5.490947,5.0987597,4.837803,5.0457234,5.069576,5.1209564,5.2901325,5.442163,5.5074987,5.6136503,5.5964494,5.4576426,5.3076787,5.196793,5.3077497,5.6413183,6.1049414,6.4658213,6.4375157,6.402554,6.975085,7.021261,7.2058997,7.430595,7.761796,7.7056108
Andorra,Europe & Central Asia,High income,GFDD.OI.02,36.92125,37.779556,39.198605,40.26995,40.312828,40.36798,40.25068,40.2434,41.247093,42.205482,43.10169,44.54557,45.50303,45.92508,46.144848,47.303226,49.050552,50.595512,51.982037,52.41817,51.821415,51.869675,52.593018,53.544014,54.918186,55.25463,55.11099,54.75377,57.276108,59.770817,61.92137
Andorra,Europe & Central Asia,High income,SH.STA.BRTC.ZS,96.938866,98.15595,98.668205,98.64688,98.45222,98.387375,98.39792,98.478355,98.60926,98.78232,99.07219,99.42656,99.59626,99.4917,99.2165,98.910515,98.87717,98.94661,99.12487,99.110344,98.739586,98.31092,98.35256,98.635414,99.27176,100.0,100.0,100.0,98.79027,98.577065,98.452965
Andorra,Europe & Central Asia,High income,SL.IND.EMPL.ZS,24.037838,24.253967,24.296322,23.934418,23.353405,22.77811,22.305721,22.245987,22.11115,21.879438,21.526276,21.226273,20.99019,20.787712,20.720638,20.586103,20.487814,20.25801,19.908773,19.620384,19.493385,19.45133,19.397766,19.207294,18.986841,19.159555,19.186335,19.483757,19.53618,19.465958,18.96643
Angola,Sub-Saharan Africa,Lower middle income,DT.TDS.DPPF.XP.ZS,7.06506,9.228749,4.7920547,2.9344163,6.419672,10.770143,17.521717,18.346123,40.19841,26.209929,20.616877,32.793056,16.739225,15.247334,13.568868,10.521267,12.975112,9.655876,2.4435668,8.495828,4.4521627,4.178875,5.8317676,7.2737393,11.8603325,19.45622,33.20822,22.824427,22.26012,30.277971,32.07485
Angola,Sub-Saharan Africa,Lower middle income,EG.ELC.ACCS.ZS,15.310098,12.777131,12.3026905,12.935981,13.289649,8.991621,10.557133,9.4951935,9.957946,11.005794,24.212744,20.0,26.352116,27.412777,28.47055,29.527786,30.586893,37.5,38.49,33.80219,34.895638,34.6,37.13132,38.27803,32.0,42.0,41.81313,43.01326,45.29,45.6428,46.89061
Angola,Sub-Saharan Africa,Lower middle income,GFDD.AI.01,1100.7225,2939.724,4435.992,6014.8423,7851.022,8693.13,10233.289,8450.478,7312.415,5639.3105,5511.181,6275.2573,4322.9717,3931.017,3312.5166,1433.4056,647.2657,1714.4689,-14.252329,-258.48663,-476.69418,-702.47534,-1696.0485,-1543.7528,-1203.9313,-1076.5225,-47.029842,-816.9812,-1454.9801,-1088.3916,-1965.5408
Angola,Sub-Saharan Africa,Lower middle income,GFDD.DI.04,55.466354,51.360935,48.625237,48.058014,48.601734,12.619949,41.57405,52.836872,30.42027,9.799127,53.82946,78.9985,48.81592,73.09637,84.35313,89.55731,90.61388,95.1316,97.98219,96.91541,97.37198,89.06676,92.000015,94.379196,95.05722,95.86449,92.48722,88.5927,91.82606,91.30259,89.16698
Angola,Sub-Saharan Africa,Lower middle income,GFDD.DI.05,13.2683,11.516948,10.813671,10.560163,10.829262,36.48713,27.57757,22.615479,24.437038,22.84935,17.28056,20.99253,16.07836,13.38826,12.386089,12.1416,14.622709,17.036419,21.33171,41.30714,33.87183,33.38961,31.078451,33.1903,35.67548,38.084988,36.65786,29.973248,29.026329,31.443691,35.911007
Angola,Sub-Saharan Africa,Lower middle income,GFDD.DI.06,9.720459,11.170175,10.5825,9.312591,8.203171,48.1068,4.638174,4.912676,13.017771,27.147661,1.8739051,1.048133,4.086266,2.033262,1.340757,0.87171566,0.8352115,0.7088328,0.5139657,1.27879,0.90095073,3.527955,2.527437,1.8642149,1.6961701,1.78418,3.2554288,4.480846,2.891808,3.0417888,4.1021013
Angola,Sub-Saharan Africa,Lower middle income,GFDD.DI.11,-8.938948,-5.882043,-4.424616,-3.9322095,-3.9894104,-3.8323412,-5.2232203,-5.506782,-4.9214616,-3.9056852,6.4997125,3.9357376,-5.132591,-6.3033156,-6.589205,1.1498226,0.902999,1.0048041,0.79163,1.5789696,1.7763424,1.5246655,1.2892809,1.3444123,1.4472253,1.8404996,1.3317959,1.5091679,1.2579609,1.0157193,0.2862143
Angola,Sub-Saharan Africa,Lower middle income,GFDD.DM.11,6.6043835,7.767469,11.5994,15.84207,18.149906,21.091307,21.178808,18.955029,19.202032,23.9152,25.255503,26.2477,22.386963,20.809,19.36387,19.573187,18.629255,19.249878,15.999212,15.107707,13.655773,12.646748,0.0485466,0.0985245,0.0995673,0.0924345,0.056802303,14.290355,0.0001972,0.0043823,0.0253272
Angola,Sub-Saharan Africa,Lower middle income,GFDD.EI.08,2.292231,1.7471023,1.1369255,0.7722744,0.72680026,1.932988,0.100501195,0.2730568,1.7730331,0.3501329,0.1784093,0.2743184,0.46322972,1.556458,2.83715,3.274846,1.639996,4.079614,12.97667,17.3223,9.437669,8.788699,7.7318687,9.5046015,12.733299,17.34805,20.135668,18.87967,17.8529,16.92577,20.7012
Angola,Sub-Saharan Africa,Lower middle income,GFDD.OI.02,20.508091,17.86315,18.96129,19.902565,19.81364,11.02488,15.525241,16.42821,17.665361,18.84872,13.94027,16.8162,12.916121,10.70298,9.946124,10.2368,12.894041,15.267301,19.407541,38.22892,31.100977,31.370268,29.043337,31.07033,33.258396,38.15775,36.74832,30.100378,29.154268,31.76875,36.417126
Angola,Sub-Saharan Africa,Lower middle income,SH.STA.BRTC.ZS,39.165077,37.310345,35.899784,35.356388,35.211655,39.188522,22.5,40.15968,39.897434,40.034096,43.482105,44.7,45.748383,47.679424,49.230816,52.132477,53.624027,47.3,57.091194,58.07597,58.93752,59.492302,61.06093,62.03805,62.779617,63.91403,46.6,64.89751,66.0578,65.93971,66.333916
Angola,Sub-Saharan Africa,Lower middle income,SL.IND.EMPL.ZS,12.067534,8.880001,8.760001,8.650001,8.56,8.49,8.46,8.46,8.500001,8.500001,8.57,8.67,8.790001,8.93,9.1,8.84,8.58,8.32,8.010001,7.750001,7.8500004,7.96,7.940001,7.8600006,7.7300005,7.57,7.39,7.19,6.99,6.8,12.293411
Antigua and Barbuda,Latin America & Caribbean,High income,DT.TDS.DPPF.XP.ZS,9.71987,9.863522,9.57118,9.068148,8.568835,8.101935,8.065222,8.252341,7.9711504,7.954129,7.399317,7.1135116,6.949092,6.8330984,6.46558,6.0938544,5.7069163,5.280162,4.9785166,4.8557067,4.7913575,4.8268843,4.9866753,5.451515,5.846303,6.04658,6.2555966,5.8716226,6.111096,6.4527354,7.105029
Antigua and Barbuda,Latin America & Caribbean,High income,EG.ELC.ACCS.ZS,95.76305,95.94065,96.11813,96.294945,96.47039,96.6438,96.81448,96.98177,97.14498,97.30335,97.68926,97.785255,100.0,97.956825,98.0371,92.2,100.0,100.0,100.0,98.48128,98.59724,94.55202,100.0,100.0,100.0,100.0,100.0,100.0,100.0,100.0,100.0
Antigua and Barbuda,Latin America & Caribbean,High income,GFDD.AI.01,1652.6304,1713.0929,1619.1202,2199.0964,3136.0044,3635.5332,4434.0415,4256.742,1872.1578,447.4261,-606.9765,-890.99225,-934.0506,-964.9285,-1196.6935,-1399.0065,-1552.5302,-1318.2883,-879.5626,-534.75854,-696.8412,-994.4648,-1494.6138,-1533.662,-1226.217,-1153.6086,-1347.2256,-1663.6201,-1758.6296,-1629.0675,-1397.2347
Antigua and Barbuda,Latin America & Caribbean,High income,GFDD.DI.04,92.87661,93.40933,95.178825,95.02234,95.02959,96.50962,97.27306,97.76413,98.101814,98.38683,97.872665,98.00858,98.5938,98.58625,98.836266,98.927025,99.15858,99.782036,99.386406,96.96188,96.32382,96.14239,96.32549,96.77686,96.59218,96.531815,97.14331,96.74314,97.057884,97.12908,94.53779
Antigua and Barbuda,Latin America & Caribbean,High income,GFDD.DI.05,50.17105,55.20625,58.639385,58.660805,57.998505,70.89125,63.21555,63.06691,67.707924,80.293915,78.95084,85.52398,88.56501,97.339874,96.197044,94.140526,92.82883,91.165955,90.23755,90.79371,97.326195,99.712746,96.97998,99.822,95.68062,94.659485,86.980736,91.289314,89.461914,84.754555,95.27108
Antigua and Barbuda,Latin America & Caribbean,High income,GFDD.DI.06,3.690562,3.4380019,2.677551,2.733828,2.458988,2.098003,1.712614,1.558974,1.362154,1.22284,1.6351631,1.600032,1.1849389,1.151713,0.8950353,0.8026604,0.66021264,0.1725256,0.5210768,2.998689,3.773339,3.913083,3.441777,2.986456,2.8765619,2.483798,1.8738879,2.081498,1.7540389,1.6460191,4.14262
Antigua and Barbuda,Latin America & Caribbean,High income,GFDD.DI.11,22.866478,26.146675,28.548868,29.760784,29.202044,26.911558,25.216574,25.817226,25.682293,28.24576,28.54954,29.10946,28.027174,26.694105,26.037182,26.377615,27.224585,28.286938,29.442375,29.739122,29.428883,30.174551,28.871092,30.372766,30.74772,31.350124,33.49487,32.867355,35.06425,34.909966,34.21528
Antigua and Barbuda,Latin America & Caribbean,High income,GFDD.DM.11,8.110276,10.88599,14.10598,15.620431,14.903867,14.787996,12.763924,10.528599,14.168646,15.925335,18.525335,19.450926,19.517054,19.633728,19.93718,21.025013,21.720758,22.070257,22.655182,22.41402,21.162535,19.500353,19.042944,3.881001,6.158255,8.789435,8.970002,9.049447,13.75194,15.62461,15.87312
Antigua and Barbuda,Latin America & Caribbean,High income,GFDD.EI.08,7.565576,6.635209,7.8251762,8.913909,8.443568,12.659929,11.394489,12.2805195,14.257669,16.767479,16.52571,16.33877,16.81157,15.81907,15.288019,13.708969,13.65034,14.562109,17.73754,21.51002,19.78739,20.896978,19.848999,20.920761,19.717869,16.83392,14.973879,15.58815,14.773999,12.96834,15.793139
Antigua and Barbuda,Latin America & Caribbean,High income,GFDD.OI.02,45.534546,50.753647,53.883717,54.444656,53.847908,65.931114,59.232937,59.441902,63.645603,76.18304,75.15762,81.908844,84.55309,93.06409,91.63268,89.71767,88.23092,87.38882,86.3748,86.38249,92.885025,95.47834,93.22255,95.54,91.257774,90.236244,82.66156,86.840576,85.120224,80.453545,89.53429
Antigua and Barbuda,Latin America & Caribbean,High income,SH.STA.BRTC.ZS,98.22383,98.826485,99.2886,99.618774,99.75127,100.0,100.0,100.06347,100.0,100.8224,99.9,100.0,99.00001,99.00001,100.0,99.9,99.9,100.0,100.0,100.0,100.0,101.85861,100.0,100.0,100.0,100.0,101.42716,100.0,101.0332,100.877,100.808014
Antigua and Barbuda,Latin America & Caribbean,High income,SL.IND.EMPL.ZS,23.824528,23.9253,23.832066,23.380516,22.802132,22.644152,22.476818,22.35833,22.58351,22.301432,22.073534,21.658237,21.502481,21.546223,21.58938,21.453629,21.421648,21.340473,21.095154,20.981413,20.915995,20.74327,20.71238,20.085705,19.85421,19.63399,19.552517,20.021969,20.22521,20.10862,19.636068
Argentina,Latin America & Caribbean,Upper middle income,DT.TDS.DPPF.XP.ZS,34.88742,31.020823,24.254324,26.685753,18.504051,20.500977,23.41389,27.65133,28.161423,37.502174,40.2876,31.805695,15.596493,34.95636,19.90058,14.205441,23.084778,6.912092,6.7397103,10.921742,10.424474,7.7577505,6.314278,8.071247,11.978813,15.905005,23.810583,38.697598,32.296463,34.12904,15.627049
Argentina,Latin America & Caribbean,Upper middle income,EG.ELC.ACCS.ZS,92.1548,92.49219,92.82945,93.166046,93.501274,93.834465,94.16494,94.49201,94.815,95.133156,95.78329,95.51106,96.22887,96.442635,96.6535,96.863846,97.07606,97.29279,97.516754,97.750656,98.82,99.09535,99.22998,99.342674,100.0,99.62539,99.84958,100.0,99.98958,100.0,100.0
Argentina,Latin America & Caribbean,Upper middle income,GFDD.AI.01,2882.062,2297.1565,3174.8164,3340.7332,4155.779,4999.9824,5317.4233,4424.0425,2904.4407,1309.1542,654.5807,413.08032,531.54407,-30.894186,477.33212,508.10477,549.8501,605.4193,616.1148,641.25256,674.73193,727.2269,807.3501,862.55475,908.4691,954.5852,1067.0536,1148.1804,1214.3665,1180.7574,1357.1925
Argentina,Latin America & Caribbean,Upper middle income,GFDD.DI.04,76.008644,74.85148,82.735954,82.59678,88.1969,88.64128,89.79807,91.39813,92.8978,93.81606,92.66087,80.35063,71.176216,68.30187,69.5024,74.39522,75.67504,77.112175,76.12947,73.02737,71.660545,68.788574,63.55997,59.4109,57.5713,52.807873,55.11782,59.13359,89.26209,89.759705,89.66277
Argentina,Latin America & Caribbean,Upper middle income,GFDD.DI.05,11.53333,10.61703,13.803949,19.384369,20.95711,20.245918,22.8161,26.57754,28.75975,31.542469,31.964268,27.189169,27.94328,30.116291,28.35122,28.690659,28.09301,27.91623,23.52055,25.38139,25.3695,24.377699,27.15824,27.17935,25.808838,27.67599,28.35506,28.47554,37.56777,38.93757,42.306847
Argentina,Latin America & Caribbean,Upper middle income,GFDD.DI.06,7.739184,6.0138865,4.091106,4.833725,3.2475889,3.293852,3.0214617,2.686419,2.398412,2.239735,2.6276522,7.627637,18.309238,16.64876,13.509761,9.533546,7.684721,6.489634,6.0872993,7.793949,8.508353,9.456132,12.560169,14.93377,16.19815,20.30259,17.93329,16.70644,8.625927,8.660198,8.369842
Argentina,Latin America & Caribbean,Upper middle income,GFDD.DI.11,-9.128118,-6.324647,-3.81025,-2.4744482,-2.7648413,-4.2722397,-4.967552,-5.500844,-4.9064074,-1.8576155,-0.9952822,-1.1817876,-2.0135934,3.1512902,-4.3523445,2.7800138,2.5514998,2.367014,2.1588383,4.193447,3.6718595,3.46279,3.514153,3.5788953,3.6626186,3.7232049,4.072981,4.1231627,4.071639,3.9256885,4.976395
Argentina,Latin America & Caribbean,Upper middle income,GFDD.DM.11,-7.4585953,-5.7939024,1.0801119,1.3699764,0.9993879,0.6912798,-3.9069672,-2.4867566,-1.0371757,12.11959,12.36053,0.4397853,0.7970141,0.6755517,0.56854457,0.057354398,6.653821,4.940852,3.5377212,4.286835,3.04032,2.380793,2.19554,2.201457,2.38094,2.2207239,2.578762,3.2005022,5.2244353,6.5797143,7.0860753
Argentina,Latin America & Caribbean,Upper middle income,GFDD.EI.08,10.025829,5.8734746,4.842083,5.566902,4.312179,6.024972,6.71905,6.987295,7.7805743,9.842758,10.008269,11.035069,30.096401,25.2529,21.28682,17.28298,12.3748,9.252244,7.591312,9.102528,9.21234,7.3005214,7.218622,6.672659,8.512298,8.637283,8.797899,8.794333,6.3829875,6.6483655,7.032889
Argentina,Latin America & Caribbean,Upper middle income,GFDD.OI.02,8.203477,7.6700687,10.300131,14.962051,16.4086,15.81596,18.37803,21.91824,24.13389,26.59892,27.4253,23.759521,22.67097,23.01494,21.34349,21.15076,20.53297,20.387411,17.048231,18.42547,18.47964,17.38624,19.13465,19.42729,18.85372,20.491331,21.89971,21.84118,34.785896,35.95506,40.118935
Argentina,Latin America & Caribbean,Upper middle income,SH.STA.BRTC.ZS,96.9,93.770195,95.8,93.327545,93.76045,98.5,94.605194,97.200005,97.5,97.5,99.100006,98.4,98.899994,98.7,99.100006,99.100006,99.4,99.4,94.799995,97.899994,95.0,97.1,98.200005,97.0,99.6,99.6,98.4,93.899994,96.40837,96.56012,97.19939
Argentina,Latin America & Caribbean,Upper middle income,SL.IND.EMPL.ZS,24.71325,32.900005,32.35,29.72,28.6,27.09,25.0,25.560001,24.9,23.68,22.780003,22.02,20.22,21.79,22.690002,23.26,23.670002,23.930002,24.02,23.190002,23.34,23.97,23.66,23.95,24.16,23.66,22.88,22.44,21.910002,21.84,21.014303
Armenia,Europe & Central Asia,Upper middle income,DT.TDS.DPPF.XP.ZS,11.789381,11.078074,10.321409,1.124665,1.9387704,3.1520936,9.521672,4.9196587,12.890954,12.659874,8.2327385,8.188533,7.9363484,8.798743,6.552187,3.3080826,2.7554,1.905972,1.7861434,2.938257,2.7421346,2.6710916,5.926549,19.523075,5.864515,9.626443,5.3077917,5.246109,6.3630304,12.536115,13.295666
Armenia,Europe & Central Asia,Upper middle income,EG.ELC.ACCS.ZS,92.57693,92.01207,89.06806,87.30167,87.69657,88.947426,90.24458,91.81985,93.00322,94.41219,98.9,100.0,98.0,99.19013,99.18923,99.8,99.18823,99.193184,99.205376,99.2275,99.8,99.605804,99.628975,99.42,99.71001,100.0,99.8,99.7,99.90001,100.0,100.0
Armenia,Europe & Central Asia,Upper middle income,GFDD.AI.01,1651.288,594.34753,513.60266,1536.8347,2885.4766,3684.7893,4168.261,3525.7405,2079.0657,99.65178,-418.19803,-886.35333,-1143.4697,-1309.0685,-1767.7832,-2231.8706,-2790.747,-2484.2898,-2398.5874,-2195.772,-2289.0945,-2579.089,-2671.4397,-2375.2424,-2192.0085,-2199.5076,-2256.4172,-2542.9194,-2709.6873,-2767.9438,-2684.5132
Armenia,Europe & Central Asia,Upper middle income,GFDD.DI.04,86.20759,85.942535,71.2442,27.411509,68.82557,78.28555,60.61339,77.76727,82.66435,84.181274,91.92784,91.55433,96.8248,98.632904,95.32157,96.53049,97.65753,98.4414,98.2949,95.18204,96.74907,96.68084,96.939125,97.100746,96.66087,95.78315,95.01034,95.34318,95.46054,95.90026,96.36973
Armenia,Europe & Central Asia,Upper middle income,GFDD.DI.05,24.722448,25.011475,79.872055,74.81403,13.097409,7.707154,8.222912,8.733553,10.05222,11.084579,14.704459,13.44959,15.55161,14.39199,14.986919,16.29842,18.28698,21.95241,19.84799,16.693079,17.148869,20.17364,22.17836,25.050491,26.95733,29.40799,34.51529,37.366947,36.79517,37.60079,41.53059
Armenia,Europe & Central Asia,Upper middle income,GFDD.DI.06,9.903581,11.252797,17.52407,37.5355,5.097693,2.034157,4.230324,2.050281,1.892713,1.8736379,1.015706,0.92673916,0.3046139,0.1092835,0.4400731,0.3585918,0.2527305,0.2427824,0.3469448,1.398111,1.068146,1.335358,1.377574,1.393844,1.818699,2.168129,2.9038212,2.835073,2.95718,2.8692842,3.158039
Armenia,Europe & Central Asia,Upper middle income,GFDD.DI.11,-7.5318885,-4.150051,-4.971121,-5.9465013,-7.4184885,-8.394793,-8.932629,-9.278227,-9.011056,-6.40576,-6.6388106,-6.6631036,-7.5781736,-8.427769,-8.27317,-7.385278,0.3192461,-5.6470146,0.32738748,0.5405502,0.7402442,0.8322609,0.8989025,1.0976887,0.8992317,0.8154885,0.92110157,0.889755,0.85901684,1.0226918,1.1029234
Armenia,Europe & Central Asia,Upper middle income,GFDD.DM.11,-20.369398,-18.498852,-5.6689644,-2.515242,-3.256445,-4.525682,-6.186427,-6.9420195,-6.257233,0.0015822,0.8473122,0.2513933,0.0024786,0.0028463001,0.0038059002,0.0541573,0.050464902,0.028531998,0.0007436,0.118537605,0.1299486,0.1128427,0.1097829,0.14430611,0.1318372,0.16238,0.1982349,0.2361709,0.1336541,0.2349519,0.087605104
Armenia,Europe & Central Asia,Upper middle income,GFDD.EI.08,1.6046275,1.4314092,2.97237,4.7182446,0.1789965,0.0677518,0.88697386,1.1435239,1.615684,1.2423571,1.6377201,2.533371,2.5647001,2.247082,2.1063342,2.039028,1.80014,1.854778,2.3022401,3.4036791,4.131875,4.604,4.7709575,5.60254,5.421659,5.6456027,9.064874,9.202452,9.563656,9.777077,14.76592
Armenia,Europe & Central Asia,Upper middle income,GFDD.OI.02,16.390005,13.7575655,60.45182,52.00778,7.215638,2.870734,2.9327788,4.025395,5.660985,6.727925,8.920513,7.9027305,9.026092,8.686297,9.783194,9.830217,10.28022,11.56925,10.9683,16.89125,17.15008,20.40175,22.48065,25.408,27.37659,29.89857,34.999607,37.92698,37.325405,38.854706,43.031307
Armenia,Europe & Central Asia,Upper middle income,SH.STA.BRTC.ZS,99.7,99.7,98.3,95.50001,93.3,93.1,95.700005,96.4,97.4,98.799995,96.8,98.4,98.799995,99.200005,99.5,97.799995,99.7,99.9,99.9,100.0,99.5,100.0,100.0,100.0,100.0,100.33606,99.8,99.7047,99.210045,98.92072,98.969574
Armenia,Europe & Central Asia,Upper middle income,SL.IND.EMPL.ZS,23.423725,16.9,16.430002,16.080002,15.870001,15.69,15.550001,15.440001,15.41,15.42,15.56,15.820001,16.27,16.800001,17.27,17.87,18.49,18.97,18.190002,17.080002,17.41,16.68,17.68,17.0,16.73,15.91,15.780001,16.710001,22.79,24.75,22.450397
Aruba,Latin America & Caribbean,High income,DT.TDS.DPPF.XP.ZS,10.832175,10.943508,10.513607,9.677928,9.094131,9.059721,9.11787,9.229135,9.121948,8.564585,8.188755,8.00118,7.901201,7.854354,7.5330086,7.018262,6.5994844,6.387409,6.2519836,6.025368,5.8653502,5.71012,5.677874,6.1236796,6.780813,7.1998,7.1987896,7.0408344,6.9556727,7.43816,8.37305
Aruba,Latin America & Caribbean,High income,EG.ELC.ACCS.ZS,100.0,99.153656,99.19713,99.239914,100.0,100.0,100.0,100.0,100.0,100.0,91.6604,100.0,100.0,100.0,100.0,100.0,100.0,100.0,100.0,100.0,93.35629,100.0,100.0,100.0,100.0,100.0,100.0,100.0,100.0,100.0,100.0
Aruba,Latin America & Caribbean,High income,GFDD.AI.01,-1302.2368,-1139.2843,-1048.9509,-339.27524,795.9336,1471.5592,2258.5178,1386.1226,-531.95123,-2561.3618,-3427.7812,-3557.8933,-3521.5452,-3526.2031,-4012.5715,-4458.9307,-4441.544,-4048.2927,-3405.2124,-3038.8625,-3186.8948,-3649.82,-3992.5054,-3741.0103,-3292.617,-3110.8245,-3273.1086,-3549.8093,-3598.434,-3516.7488,-3398.594
Aruba,Latin America & Caribbean,High income,GFDD.DI.04,92.21056,91.855194,91.92795,92.47638,92.99254,92.709946,92.886185,93.4076,93.56971,94.62924,94.58044,94.63152,94.467896,94.496124,94.7552,95.222084,95.860016,96.22973,95.867455,95.129234,94.484886,94.534355,94.91684,94.924805,94.407196,93.663605,92.993614,92.74478,92.69381,92.64606,92.39172
Aruba,Latin America & Caribbean,High income,GFDD.DI.05,54.343758,56.63101,57.979954,54.25106,53.70507,52.81032,52.734978,49.4143,51.619587,54.986538,51.59887,54.20418,57.90205,60.579205,56.37475,57.330902,56.37428,53.545048,58.783775,69.20826,71.828835,66.890945,73.03748,67.3776,69.581055,71.73654,78.00833,76.60138,76.35977,84.869194,118.010704
Aruba,Latin America & Caribbean,High income,GFDD.DI.06,5.213729,6.0812073,6.458954,6.2694592,5.841956,5.37771,5.348377,5.5219183,5.6276727,5.468955,5.2583404,5.1859665,5.5213256,5.3797364,5.3515015,5.00222,4.5417023,4.662834,5.060263,5.4419203,5.623209,5.3213053,5.043528,5.1442933,5.574167,6.5001082,7.1861973,7.2406025,7.005081,6.7429132,6.4536896
Aruba,Latin America & Caribbean,High income,GFDD.DI.11,13.123565,16.314377,18.859512,19.827883,19.540592,18.4702,17.077496,16.707212,17.564327,21.036442,21.764954,21.574265,19.481184,19.531282,19.15069,19.878283,20.847994,21.769913,22.679537,23.243649,22.954905,22.564312,22.558704,22.47156,23.006594,24.16812,25.551868,26.32036,27.019691,27.854746,27.84597
Aruba,Latin America & Caribbean,High income,GFDD.DM.11,3.0581594,6.4518185,10.40916,12.186005,11.545426,9.568618,6.9418187,6.623928,9.381174,5.3534603,6.2644997,5.728043,5.518045,5.3536386,5.454069,5.600791,6.772841,4.053061,4.443766,6.162617,6.65132,4.8243747,14.57472,11.62766,12.87479,14.65814,15.82555,18.338299,18.367352,21.13031,28.987709
Aruba,Latin America & Caribbean,High income,GFDD.EI.08,6.243303,7.001697,7.5715203,7.67484,7.399727,1.5600541,2.406194,2.1698642,1.8758931,1.9924442,1.2962581,1.814535,1.8954121,2.3132582,2.128216,3.0030441,2.7505362,2.756739,1.693161,2.75849,5.64868,6.069483,6.9048,6.8889627,6.641898,6.974511,7.531773,9.947189,10.340009,9.415532,10.768699
Aruba,Latin America & Caribbean,High income,GFDD.OI.02,49.635868,51.451187,53.372837,49.85363,49.58435,48.18968,48.59514,45.50193,47.81631,50.737938,47.85699,49.85022,53.926765,57.02629,53.034737,53.6046,52.469208,49.865387,55.13926,65.35717,67.812935,62.995983,68.74087,62.986942,65.017876,67.196526,73.381676,71.77642,71.7943,80.60335,111.0538
Aruba,Latin America & Caribbean,High income,SH.STA.BRTC.ZS,97.07505,97.96228,98.43571,98.74352,98.82364,98.69045,98.582,98.60748,98.767876,98.4672,98.80757,98.87198,96.0,98.885445,98.8172,98.68655,98.63801,98.72274,98.93544,99.07263,99.00773,98.81795,98.737526,98.752304,98.90242,99.157486,99.201805,98.96937,98.68848,98.33556,98.18766
Aruba,Latin America & Caribbean,High income,SL.IND.EMPL.ZS,24.834291,25.059917,24.98656,24.623024,23.967365,23.087004,22.8404,22.771172,22.67715,21.92886,21.635134,21.376377,21.415031,21.178219,21.180302,21.05968,20.923723,20.784365,20.516472,20.274303,20.120565,20.021923,19.908455,19.72362,19.50986,19.288002,19.43886,19.810131,20.001604,19.85669,19.395796
Australia,East Asia & Pacific,High income,DT.TDS.DPPF.XP.ZS,10.147049,8.9654875,8.687173,8.239772,7.9601293,7.9390373,7.990612,7.879498,7.7620335,7.2818804,7.0035653,6.8263946,6.7657704,6.723032,6.5300984,6.17786,5.893573,5.736875,5.535514,5.4363685,5.352441,5.320679,5.3882494,5.602694,5.921682,6.1386347,6.098249,5.964774,6.2241735,6.5175133,7.6279473
Australia,East Asia & Pacific,High income,EG.ELC.ACCS.ZS,100.0,100.0,100.0,100.0,100.0,100.0,100.0,100.0,100.0,100.0,100.0,100.0,100.0,100.0,100.0,100.0,100.0,100.0,100.0,100.0,100.0,100.0,100.0,100.0,100.0,100.0,100.0,100.0,100.0,100.0,100.0
Australia,East Asia & Pacific,High income,GFDD.AI.01,178.05524,-242.23814,-284.446,273.22388,989.0879,1591.904,1983.3218,1265.9143,-158.49187,-1394.8115,-1939.3503,-2037.7856,-1984.7206,-2027.2452,-2241.6711,-2534.8286,-2634.383,-2434.686,-2101.1257,-1921.0409,-2118.046,-2473.9214,-2615.2517,-2409.6848,-2123.2036,-2049.5828,-2065.1487,-2211.2373,-2330.201,-2153.1956,-1987.9667
Australia,East Asia & Pacific,High income,GFDD.DI.04,98.45472,98.07351,95.40834,95.68945,96.2251,95.52442,93.01648,96.02564,95.41187,97.43125,96.97637,96.97147,97.05864,98.49306,97.98875,97.66978,96.84608,95.704636,94.06898,97.026405,97.71706,97.255135,97.328705,99.56694,99.665665,99.553406,99.43216,99.79807,99.79701,99.57967,96.163925
Australia,East Asia & Pacific,High income,GFDD.DI.05,52.937008,53.1712,55.02199,55.241737,57.29232,58.59998,61.138844,62.138874,63.856163,67.673935,65.16219,69.4108,68.46848,72.77219,75.218124,75.80177,80.85426,96.33713,100.8554,99.17868,100.337006,100.7246,104.546906,103.3396,107.56361,112.24731,115.3947,113.73331,110.7433,120.0056,138.2031
Australia,East Asia & Pacific,High income,GFDD.DI.06,1.03557,1.320874,3.30217,3.1333249,2.791524,3.457167,5.640114,3.2061398,3.919752,2.303778,2.742744,2.776591,2.719793,1.477025,2.048137,2.4854481,3.569952,5.306197,7.724904,3.980875,2.9455602,3.485947,3.457737,0.5465533,0.44224578,0.628998,0.8312989,0.2916736,0.2914547,0.6288911,6.530169
Australia,East Asia & Pacific,High income,GFDD.DI.11,22.25315,29.35236,29.495975,35.597507,32.432713,33.360287,34.3311,36.689327,40.038715,40.676506,40.31872,39.97748,38.694103,40.821606,41.12843,41.68702,41.797768,40.83767,31.955729,25.277374,24.17459,22.679142,23.06888,23.924442,24.41816,24.45516,19.809376,18.656916,18.008234,15.038173,12.587086
Australia,East Asia & Pacific,High income,GFDD.DM.11,5.6308093,8.440623,10.743313,12.093386,11.569747,10.29685,9.1183,8.721516,9.99137,3.849459,4.269536,5.252617,6.290747,6.958555,8.134494,8.592144,11.94991,13.95636,9.519105,15.04455,15.21025,13.12955,14.68328,14.389931,16.041288,19.25297,19.682709,20.094019,19.42889,20.23037,23.00162
Australia,East Asia & Pacific,High income,GFDD.EI.08,6.693606,7.2867594,8.018877,7.780036,6.579115,6.1991634,5.4539194,4.308003,4.426487,5.380105,3.494582,3.279795,1.541326,0.63191396,0.65792817,0.0724713,0.3330462,0.5079235,1.326674,2.71856,2.6690948,1.9807831,2.682297,3.45871,4.483651,4.127151,6.411894,6.985651,7.18494,15.979719,20.52884
Australia,East Asia & Pacific,High income,GFDD.OI.02,49.45393,49.465588,51.22646,51.42921,53.4937,54.85179,57.46983,58.39319,60.028313,63.738647,61.20855,65.48318,64.64081,68.97218,71.545654,72.179115,77.21548,92.80511,97.173645,95.52926,96.82464,97.26168,100.9846,89.02343,91.763466,114.2654,99.57438,98.81499,96.86491,99.6646,119.36711
Australia,East Asia & Pacific,High income,SH.STA.BRTC.ZS,97.84832,99.6,99.3,99.3,99.4,99.3,99.3,99.3,99.3,99.3,99.3,99.3,99.3,99.3,99.3,99.4,99.3,99.200005,99.100006,99.100006,99.100006,99.100006,99.200005,99.3,99.7,99.7,97.0,96.7,99.97993,99.83565,99.98423
Australia,East Asia & Pacific,High income,SL.IND.EMPL.ZS,26.137934,23.51,23.29,23.300001,23.170002,22.63,22.13,21.85,21.51,21.16,21.62,20.74,20.92,20.88,21.24,21.13,21.280003,21.18,21.62,21.14,20.98,20.83,20.710001,20.450003,20.29,19.39,19.36,19.430002,19.89,19.060001,21.715723
Austria,Europe & Central Asia,High income,DT.TDS.DPPF.XP.ZS,10.384599,9.524537,9.284475,8.284958,8.381313,8.246944,7.8818307,7.864717,8.84826,8.582481,8.07381,6.8391814,6.761409,6.6891932,6.468566,6.105926,5.817985,5.651346,5.440395,5.3415737,5.264453,5.25377,5.3283324,5.5831084,5.9240804,6.1322484,6.133258,5.9999695,5.976844,6.596965,7.7161207
Austria,Europe & Central Asia,High income,EG.ELC.ACCS.ZS,100.0,100.0,100.0,100.0,100.0,100.0,100.0,100.0,100.0,100.0,100.0,100.0,100.0,100.0,100.0,100.0,100.0,100.0,100.0,100.0,100.0,100.0,100.0,100.0,100.0,100.0,100.0,100.0,100.0,100.0,100.0
Austria,Europe & Central Asia,High income,GFDD.AI.01,-608.8033,-999.58026,-1195.35,-753.2001,91.451065,879.72156,1259.7576,638.1216,-69.66223,-1342.6041,-1897.3455,-2162.8142,-2287.1294,-2391.2666,-2562.1611,-2669.1453,-2782.3196,-2581.2036,-2203.591,-2033.673,-2215.802,-2529.184,-2605.2969,-2445.5068,-2151.6125,-2060.3567,-2187.9148,-2396.5217,-2455.793,-2518.145,-2467.9934
Austria,Europe & Central Asia,High income,GFDD.DI.04,99.666405,99.66094,99.65913,99.659904,99.667725,99.687164,99.66881,99.657555,96.34179,96.358635,96.1645,99.4696,99.40418,99.424545,99.45737,99.49312,99.48384,99.47858,99.5085,99.29802,99.24165,99.13289,99.01134,98.9411,99.028435,96.05431,91.79284,88.379234,87.627754,87.5593,83.08873
Austria,Europe & Central Asia,High income,GFDD.DI.05,86.0817,86.29119,87.256775,89.145905,89.48821,89.84735,89.338066,88.3004,72.40649,73.59485,74.34001,67.25785,66.40881,69.726395,70.50771,75.47496,77.844025,86.31971,93.08521,92.80804,89.423355,89.110664,89.234055,90.11607,91.55746,92.4315,94.412056,95.45703,98.30187,99.75851,113.840004
Austria,Europe & Central Asia,High income,GFDD.DI.06,0.4035481,0.4113044,0.41101658,0.41536888,0.41469058,0.3954007,0.4234382,0.44714868,8.426946,8.340742,7.9158335,0.5819359,0.6385233,0.6059639,0.5710796,0.556135,0.5593225,0.5468733,0.5272976,0.7866853,0.8651659,0.9712088,1.099943,1.157729,1.040084,4.245227,8.933805,12.910101,13.70257,13.76236,21.23953
Austria,Europe & Central Asia,High income,GFDD.DI.11,13.823467,14.348553,15.545347,17.185328,18.059288,22.387905,24.168833,25.226818,25.345995,26.047512,25.561022,25.872341,26.510752,27.397245,28.274094,30.17781,30.74142,30.928778,31.421333,33.747723,34.797493,33.52383,33.67302,33.82678,33.743816,32.65749,31.850782,30.77817,29.245375,28.610834,30.547853
Austria,Europe & Central Asia,High income,GFDD.DM.11,11.184279,13.070215,15.235477,16.965733,15.483783,14.1528015,13.780867,13.367029,16.598755,19.463467,21.65706,19.28419,19.349575,19.473295,19.765116,69.79535,78.75837,78.31809,61.92836,71.0022,68.40191,56.98211,60.46493,58.832253,54.12861,54.627792,50.89294,53.28486,44.85585,47.278233,56.30671
Austria,Europe & Central Asia,High income,GFDD.EI.08,12.400796,12.843188,13.18594,13.295407,12.912759,12.540446,12.662641,12.831155,12.514264,12.465493,12.428897,19.82496,18.45545,17.24384,17.24378,15.168749,13.69367,11.73154,11.256729,13.879819,15.03025,15.312679,16.29264,16.01895,18.83438,17.89733,17.07428,14.44573,13.01943,11.295829,11.385359
Austria,Europe & Central Asia,High income,GFDD.OI.02,79.492424,79.71865,80.67113,82.38322,82.67746,82.909294,82.30219,81.41349,63.04514,63.50822,64.7881,59.854607,59.45619,62.35132,62.64009,66.70157,68.62267,76.13723,81.357346,80.91889,78.318794,77.50291,77.472046,78.456665,79.16259,80.6018,82.47103,83.49722,85.72352,86.657234,99.77828
Austria,Europe & Central Asia,High income,SH.STA.BRTC.ZS,98.18906,98.935486,99.614494,100.0,100.22067,100.09639,98.200005,98.200005,98.3,98.3,98.3,98.3,98.4,98.4,98.4,98.6,98.6,98.5,98.6,98.6,98.5,98.6,98.5,98.5,98.5,98.5,98.4,98.4,98.4,100.34326,100.333565
Austria,Europe & Central Asia,High income,SL.IND.EMPL.ZS,29.567719,33.84,33.43,32.83,32.47,32.1,30.3,29.64,29.560001,29.76,30.03,29.37,28.85,28.92,26.73,27.58,28.16,27.320002,26.24,24.97,24.910002,26.03,26.08,25.910002,25.75,25.76,25.560001,24.92,25.44,25.36,23.483011
Azerbaijan,Europe & Central Asia,Upper middle income,DT.TDS.DPPF.XP.ZS,12.462903,11.853128,10.357461,10.545611,10.417129,1.2374738,1.1459514,6.5995703,2.0318701,4.6693625,5.5487347,5.0085344,4.555902,5.362612,3.26988,1.5777621,1.0306795,0.8048093,0.777478,1.2328368,1.0858392,0.9328629,1.0262696,2.3074484,2.034471,3.7249866,5.3749785,7.5165067,7.693383,6.471726,7.8520293
Azerbaijan,Europe & Central Asia,Upper middle income,EG.ELC.ACCS.ZS,91.58172,91.166176,87.00823,86.10228,86.19349,86.31673,87.124596,88.43558,89.420685,97.0,98.908226,98.6218,100.0,98.92747,99.0748,99.221596,99.5,99.52345,99.683876,99.854225,99.943794,99.90001,100.0,100.0,100.0,100.0,100.0,100.0,100.0,100.0,100.0
Azerbaijan,Europe & Central Asia,Upper middle income,GFDD.AI.01,1552.8824,382.9008,1567.1346,2244.5361,3422.3252,4267.264,4983.857,4493.8525,3082.3057,2287.7964,1394.0397,854.7764,-36.762905,-328.9897,-870.8789,93.21563,143.84427,194.29825,262.52725,303.95493,360.8583,401.75186,465.08813,542.1043,625.70856,-1196.0386,-1382.3707,-1684.462,-1853.1426,-2079.0535,-2139.5723
Azerbaijan,Europe & Central Asia,Upper middle income,GFDD.DI.04,84.38329,84.30694,87.4907,72.68764,63.175617,81.85566,81.78465,84.90112,53.774628,47.809708,49.66913,53.950172,78.0393,83.82801,87.531715,91.24402,94.245834,96.40728,97.91605,95.2794,86.12627,82.80501,83.77941,85.889275,88.08544,84.331696,88.441086,99.40557,99.58922,99.76341,98.82471
Azerbaijan,Europe & Central Asia,Upper middle income,GFDD.DI.05,24.661911,25.523516,38.59422,54.84959,55.91758,12.315269,11.26034,13.77847,10.72909,11.7409,15.96689,12.8230295,12.53423,13.567019,16.663431,13.801449,17.37833,19.71406,20.34392,23.47055,24.322289,26.69478,30.643349,33.11141,35.44669,39.14556,25.168468,23.383831,21.984018,24.902578,28.073019
Azerbaijan,Europe & Central Asia,Upper middle income,GFDD.DI.06,11.4766035,13.001783,10.82866,16.47394,22.94589,3.2049508,3.1154282,2.336839,11.08779,13.59846,10.463531,7.1484623,2.313797,1.7694081,1.584919,1.09412,0.7722339,0.6154211,0.37788,1.194263,3.538318,4.133821,4.652788,4.328994,4.286025,7.6160407,4.5349994,0.1518342,0.0921676,0.056782,0.33994418
Azerbaijan,Europe & Central Asia,Upper middle income,GFDD.DI.11,-8.61103,-5.0203996,-6.711313,-5.802589,-5.7720795,-9.563487,-10.295313,-10.451862,-9.815778,-11.234451,-9.965722,-10.128531,-9.890385,-10.723603,-10.639983,-10.472453,-9.549981,0.541598,0.64684534,0.76989955,0.57006943,0.6918513,0.9246726,0.98633593,1.1733128,1.9063369,2.72265,2.4617307,2.589522,2.8998904,3.197114
Azerbaijan,Europe & Central Asia,Upper middle income,GFDD.DM.11,-21.881845,-20.101992,-4.092936,-2.206215,-0.68091285,-4.301812,-5.59314,-6.4651575,-5.3403378,-2.4706795,-1.7049313,-2.188558,0.0064143,0.0054972,0.2350119,0.63871133,0.5671547,0.6956248,1.127298,-3.1483169,-3.4747171,-3.9488502,-3.960396,-4.160082,-3.8482335,-2.8885872,-1.7882433,-1.3192849,-1.8389148,-2.421833,-1.7374864
Azerbaijan,Europe & Central Asia,Upper middle income,GFDD.EI.08,1.6592741,1.5746062,64.92545,34.239227,36.03192,13.27283,12.82183,10.690599,9.817388,9.491925,4.635789,3.186075,2.855133,2.3530452,2.120757,2.395304,1.423688,2.94989,2.747998,5.493753,4.690172,2.7178102,4.297389,1.225796,1.395864,2.572971,2.9501932,4.244483,2.703968,2.088393,3.5190501
Azerbaijan,Europe & Central Asia,Upper middle income,GFDD.OI.02,14.274858,12.083732,27.06712,27.12726,40.99598,6.625,4.895073,6.177396,5.0310626,5.519832,10.35141,7.274235,7.1314707,7.9666038,11.21319,9.6026745,10.6011,10.53083,10.30817,11.7887,11.66878,12.84193,13.572801,14.757,17.96975,30.195297,23.9799,21.29025,20.24986,23.345379,25.40542
Azerbaijan,Europe & Central Asia,Upper middle income,SH.STA.BRTC.ZS,97.3,97.200005,96.5,96.3,99.6,91.5,87.899994,90.399994,91.5,92.4,80.7,88.0,93.99999,95.8,95.9,94.399994,88.6,93.0,97.99999,99.8,99.4,97.200005,99.8,99.9,99.9,99.8,99.8,99.8,99.39,98.063065,98.247215
Azerbaijan,Europe & Central Asia,Upper middle income,SL.IND.EMPL.ZS,22.291027,13.750001,13.250001,12.660001,12.140001,11.67,11.45,11.21,11.120001,11.18,10.880001,10.82,11.530001,11.71,11.900001,12.08,12.35,12.630001,12.130001,12.660001,13.72,14.08,14.29,14.380001,14.3,14.06,14.33,14.370001,14.72,14.79,20.791601
"Bahamas, The",Latin America & Caribbean,High income,DT.TDS.DPPF.XP.ZS,10.849906,10.6954365,10.673491,10.339228,9.864923,9.431896,9.40787,9.169381,9.060564,8.862414,8.563114,8.309647,8.017188,7.800272,7.194965,7.079454,6.439916,6.1082473,5.7181892,5.7240753,5.418273,5.4435177,5.697342,5.8457017,6.152742,6.279405,6.220316,6.281935,6.2237396,6.733597,7.96589
"Bahamas, The",Latin America & Caribbean,High income,EG.ELC.ACCS.ZS,100.0,100.0,100.0,100.0,100.0,100.0,100.0,100.0,100.0,100.0,100.0,100.0,100.0,100.0,100.0,100.0,100.0,100.0,100.0,100.0,100.0,100.0,100.0,100.0,100.0,100.0,100.0,100.0,100.0,100.0,100.0
"Bahamas, The",Latin America & Caribbean,High income,GFDD.AI.01,2556.7947,2089.4138,2262.7717,3069.6194,3944.6006,4729.1763,5211.457,4270.9204,2613.2788,1369.7455,584.0981,-149.25153,-120.33745,-130.6526,-841.23645,-783.98676,-1119.5305,-1056.8438,-883.1001,-878.23553,-910.71783,-1178.546,-1434.994,-1026.9703,-884.46826,-819.3256,-1033.2122,-1244.3193,-1293.2782,-1181.7882,-1019.73517
"Bahamas, The",Latin America & Caribbean,High income,GFDD.DI.04,92.151764,91.832,91.33274,93.78084,92.92924,93.31689,93.67868,95.28335,98.11723,97.98839,96.85882,95.75111,96.08155,97.47687,96.91307,97.31205,97.01983,95.14993,97.31296,97.3934,96.68356,96.40056,95.27803,93.923416,93.6199,94.246864,92.054794,95.26236,94.39702,95.038925,97.14807
"Bahamas, The",Latin America & Caribbean,High income,GFDD.DI.05,48.341747,51.9549,54.63493,59.6216,60.770176,62.330124,62.513165,39.582787,42.605087,42.13369,43.922657,44.61378,43.16776,44.93755,47.91124,48.88169,50.5525,53.029,56.23885,60.31681,61.256386,62.635754,58.733273,59.770393,56.83434,53.69928,56.584488,56.169228,59.57587,63.77687,86.28373
"Bahamas, The",Latin America & Caribbean,High income,GFDD.DI.06,3.521794,3.9567232,4.396912,3.709573,4.40626,4.34529,4.236631,2.223501,0.90586865,0.9513431,1.59228,2.280642,2.053785,1.294238,1.650969,1.52193,1.874646,3.2764058,1.933308,2.024652,2.811943,3.089491,3.878954,5.20635,5.172098,4.476914,6.03396,3.4584877,4.2052717,3.602228,2.7372751
"Bahamas, The",Latin America & Caribbean,High income,GFDD.DI.11,10.523389,13.671871,15.878193,16.53747,16.13288,14.487293,14.058204,12.692017,13.463781,14.751835,15.737164,16.514488,14.7107315,13.532295,8.433744,14.118628,11.211488,11.559246,12.156565,3.5944846,13.666133,13.832352,14.043561,14.79628,15.024749,15.098286,19.326654,17.495655,15.786011,21.015146,21.720167
"Bahamas, The",Latin America & Caribbean,High income,GFDD.DM.11,5.9447546,6.0236974,9.857522,12.1455555,11.529284,11.4348,7.028179,8.07876,9.867094,12.139766,13.795028,13.668646,13.65228,13.718305,14.333394,14.869022,16.186085,16.038885,15.657169,14.660928,14.593175,13.763895,12.760799,13.622987,14.444427,15.603935,16.581455,16.519533,15.862863,15.44264,17.722202
"Bahamas, The",Latin America & Caribbean,High income,GFDD.EI.08,9.248267,10.722689,10.63365,13.5317,11.31022,11.090699,10.95041,6.8739023,8.575751,8.41893,7.182595,7.529606,8.438084,9.40577,8.916339,8.93028,8.519509,8.292255,11.40129,12.87923,20.44933,20.25251,19.95035,23.05642,21.104849,22.47167,22.72276,23.40347,21.286139,21.787449,26.947319
"Bahamas, The",Latin America & Caribbean,High income,GFDD.OI.02,35.5717,38.86332,41.00354,48.554337,50.165688,51.99184,52.24439,37.085217,40.02359,39.18857,40.838398,41.77771,40.283,41.85641,44.767216,45.69753,47.643158,50.562508,53.94928,57.868393,58.88211,60.198917,56.13358,57.188057,54.14372,51.04531,53.66023,53.718258,56.56495,60.85236,81.925026
"Bahamas, The",Latin America & Caribbean,High income,SH.STA.BRTC.ZS,99.00001,95.9296,95.97716,95.951935,96.07692,99.00001,96.479935,99.00001,99.00001,99.00001,99.00001,98.33486,99.00001,99.00001,97.99999,98.36138,99.00001,99.00001,99.00001,99.49713,99.00001,99.00001,99.16052,97.99999,99.9,97.99999,99.00001,99.058136,98.82481,99.20819,99.49149
"Bahamas, The",Latin America & Caribbean,High income,SL.IND.EMPL.ZS,24.19972,15.33,15.3,12.250001,12.910001,14.240001,14.8,14.650001,15.3,16.72,17.01,17.05,16.690002,15.85,16.080002,17.820002,18.31,17.950003,16.25,16.060001,16.12,15.97,15.960001,15.52,15.38,14.939999,14.870001,14.839999,14.59,14.48,20.941631
Bahrain,Middle East & North Africa,High income,DT.TDS.DPPF.XP.ZS,11.482359,10.551733,9.664657,9.197977,8.806018,8.470608,8.723549,8.664905,8.472385,8.118308,7.148227,6.9356027,6.8846664,6.8717966,6.6251826,6.256474,6.4318933,6.1942058,6.0625224,5.5031157,5.9005013,5.7993035,5.795163,6.0784225,6.497152,6.7493243,7.085581,6.8749785,7.334717,7.7715874,9.766578
Bahrain,Middle East & North Africa,High income,EG.ELC.ACCS.ZS,99.9414,99.96739,99.98718,99.99714,99.99977,100.0,100.0,100.0,100.0,100.0,100.0,100.0,100.0,100.0,100.0,100.0,100.0,100.0,100.0,100.0,100.0,100.0,100.0,100.0,100.0,100.0,100.0,100.0,100.0,100.0,100.0
Bahrain,Middle East & North Africa,High income,GFDD.AI.01,1280.2772,606.2769,161.34027,614.0779,1490.7524,2167.7437,3085.6377,2393.6816,723.31744,-1064.5635,-1807.2212,-1980.6417,-2031.9543,-2068.4248,-2207.925,-2525.1323,-2435.8708,-2091.7737,-1558.9963,-1772.575,-1600.6486,-1991.1106,-2180.7942,-1956.3983,-1763.1974,-1661.3953,-1873.7833,-2093.2605,-2177.5452,-2094.986,-1621.6882
Bahrain,Middle East & North Africa,High income,GFDD.DI.04,93.72591,93.993225,97.3472,95.15516,96.17491,98.67948,98.53251,96.61266,97.17067,99.24329,98.79895,97.66583,94.413734,94.90619,95.47927,96.001236,98.28819,98.45531,97.99217,98.629585,97.077255,97.02855,97.16658,97.19817,96.829025,96.1195,94.91378,94.46131,94.35714,94.415955,92.73553
Bahrain,Middle East & North Africa,High income,GFDD.DI.05,58.522133,66.068214,67.313156,65.021126,55.90532,56.72131,56.22677,58.514515,71.41988,68.63206,63.289894,69.80629,72.06708,66.39626,58.23672,58.504135,58.00549,68.808655,69.59966,82.54481,81.375114,75.18574,73.21384,74.8606,77.709724,86.02027,79.59931,80.09431,82.543785,84.76098,90.435326
Bahrain,Middle East & North Africa,High income,GFDD.DI.06,5.7044163,6.4196143,1.270712,2.475323,1.7384449,0.5760414,0.6291915,1.588744,1.5354209,0.4349351,0.6074562,1.235536,3.14652,2.792898,2.57662,2.19678,4.9732757,4.7918463,5.0260005,1.1872779,5.642771,5.693948,5.801027,5.881903,6.2936225,6.938321,7.8803477,7.902187,7.832187,7.791939,7.7748146
Bahrain,Middle East & North Africa,High income,GFDD.DI.11,15.989534,19.288502,20.193203,21.131433,20.727888,18.903444,18.304636,18.065277,18.916132,23.389917,2.2746608,2.4453962,2.5174227,2.496304,3.2536643,3.7682207,9.785295,11.851448,9.823281,13.328152,14.072237,13.524114,13.95358,13.881044,14.52055,17.544882,17.6869,17.619577,16.715387,17.345049,26.899427
Bahrain,Middle East & North Africa,High income,GFDD.DM.11,9.355818,12.165624,13.653678,15.256464,14.528029,14.316398,10.961781,10.78223,13.143761,143.9062,120.037994,129.9223,166.0959,167.4168,155.39499,158.129,181.453,184.53749,128.43219,121.865204,101.7185,47.00643,37.64603,49.03288,48.80492,57.04959,68.141594,60.92908,60.879368,66.81054,26.342995
Bahrain,Middle East & North Africa,High income,GFDD.EI.08,8.63559,5.004017,7.653484,5.868815,5.745576,5.905796,6.27878,6.25457,8.489397,11.35747,9.458066,9.652954,8.641095,9.91077,10.4761095,9.055209,8.301355,7.326384,7.147808,14.01198,16.70632,19.53974,20.41905,26.06897,27.60766,33.420868,12.4181595,12.801231,13.056088,13.362581,12.726247
Bahrain,Middle East & North Africa,High income,GFDD.OI.02,51.90411,60.36182,61.442005,59.20319,51.11194,51.890747,51.42793,53.85735,66.50957,62.97089,58.976067,64.97081,64.078896,61.54916,53.82614,54.43937,53.76995,64.65099,65.49303,78.27917,76.924416,70.507355,69.022415,71.09186,73.78102,81.521774,73.474525,73.504585,75.50968,77.768776,79.97127
Bahrain,Middle East & North Africa,High income,SH.STA.BRTC.ZS,98.49955,99.15699,98.977104,99.15809,99.21191,97.6,99.26408,99.36152,99.58326,99.468956,97.7,97.5,97.6,97.799995,97.7,97.5,97.5,97.4,97.5,99.4,99.3,99.6,99.8,99.8,99.8,99.9,99.7,99.9,100.487335,100.30052,101.304085
Bahrain,Middle East & North Africa,High income,SL.IND.EMPL.ZS,27.193727,28.53,28.45,28.79,28.61,28.47,28.33,28.22,28.03,28.0,28.47,28.57,28.66,29.060001,29.980001,31.009998,32.24,33.4,34.550003,34.51,35.72,35.21,34.97,35.1,35.23,35.160004,35.36,35.48,35.4,35.25,23.694706
Bangladesh,South Asia,Lower middle income,DT.TDS.DPPF.XP.ZS,33.726337,26.669254,19.37269,16.042208,14.348911,15.783792,13.5970955,11.860239,10.276741,10.696832,10.29935,9.410406,10.00799,8.092275,6.8286524,7.2839665,5.0065713,6.3776855,4.804684,5.4258137,4.4539914,4.924725,5.103038,5.110975,4.8239827,3.478194,3.0195038,3.4752185,3.6039193,4.133615,5.0399604
Bangladesh,South Asia,Lower middle income,EG.ELC.ACCS.ZS,30.892305,14.289999,9.905419,12.71788,17.8,18.338045,21.144386,22.4,26.746193,29.540213,32.0,35.032646,37.85107,40.66426,40.6,44.23,50.5251,46.5,54.735516,57.568848,55.26,59.6,66.15557,61.5,62.4,74.90374,75.92,88.0,91.8,92.2,96.2
Bangladesh,South Asia,Lower middle income,GFDD.AI.01,-627.5793,748.38,1464.473,2410.0835,4690.258,4659.259,5418.678,5956.088,3907.9067,2773.9673,2094.6567,1355.2258,-330.47202,1287.7295,255.65298,262.2815,266.90604,271.56613,277.0882,278.99002,334.16913,477.36768,547.7849,527.0014,535.3156,653.3247,696.0094,730.775,788.384,849.0639,903.4272
Bangladesh,South Asia,Lower middle income,GFDD.DI.04,93.43985,95.325424,96.452095,98.4393,98.49447,95.03131,92.55314,93.90641,92.69092,89.29983,89.6726,89.14167,91.7943,93.71122,94.307495,91.14528,88.80506,90.77077,92.18786,93.679054,95.08096,92.60442,94.41167,96.41362,98.372406,98.5688,98.47738,98.76415,98.149605,97.21803,98.0486
Bangladesh,South Asia,Lower middle income,GFDD.DI.05,20.04674,20.69315,21.433498,22.58621,24.954039,24.846819,25.23011,25.48523,25.63172,26.967411,29.824379,40.084637,42.641037,44.31238,45.725212,47.624638,51.046047,50.94307,51.819042,54.811142,58.67525,59.738453,60.67343,61.33604,63.27856,64.454025,65.7595,65.6082,64.23696,63.635513,66.79809
Bangladesh,South Asia,Lower middle income,GFDD.DI.06,1.352703,0.9365495,0.7028321,0.3185843,0.3109326,1.227035,1.931462,1.660975,2.060117,3.146513,3.212177,4.611857,3.6905859,2.778259,2.6359289,4.3715353,5.8549323,4.83223,4.229738,3.570472,2.966563,4.718326,3.5052412,2.216336,1.051389,0.91868323,0.9889662,0.8308044,1.247303,1.881616,1.354722
Bangladesh,South Asia,Lower middle income,GFDD.DI.11,-2.2877285,-0.20033407,1.6045709,2.1916664,2.6616712,1.5723574,1.0312423,0.89562774,1.0938578,1.7678373,1.1884161,1.2780015,1.3565155,0.80043244,-0.38071775,1.5441201,1.8415347,2.095963,2.2619534,2.4635081,2.6588428,2.8213701,2.878245,2.9179938,2.9483025,2.7559142,2.5580812,2.101469,2.493926,0.888337,0.12626459
Bangladesh,South Asia,Lower middle income,GFDD.DM.11,0.52439296,2.180502,5.445404,8.479032,11.895059,8.792169,7.3144217,9.224782,7.1404815,10.981297,15.714389,15.764757,12.703945,12.672528,12.688361,0.6839333,0.81970453,0.6695654,0.5993691,0.4462419,0.764597,1.638533,1.7364229,1.618868,1.898028,1.752862,1.282286,1.298381,1.22816,7.657033,8.513679
Bangladesh,South Asia,Lower middle income,GFDD.EI.08,4.911785,5.377009,6.5701365,6.912101,6.3174224,5.470331,5.391018,5.958159,6.098359,6.2611027,6.912153,14.23135,15.640659,15.736719,16.32961,16.172169,15.57043,15.681019,16.095139,16.93049,16.573349,16.82197,16.44076,18.00069,20.032928,19.06716,18.867579,18.98326,19.389019,20.601881,22.84131
Bangladesh,South Asia,Lower middle income,GFDD.OI.02,17.58007,18.350021,18.79009,19.58475,21.399681,21.294401,21.79434,21.95865,22.25198,23.38269,25.66441,35.84621,38.514828,40.26582,41.414276,42.938927,44.9175,45.14507,45.92002,41.96027,44.91123,47.17822,49.13249,50.155506,51.092327,51.110058,50.47702,48.79554,46.7331,46.53048,48.767838
Bangladesh,South Asia,Lower middle income,SH.STA.BRTC.ZS,60.030983,57.911144,57.290813,57.39316,9.5,57.532482,57.487843,7.9999995,58.52086,58.516647,12.1,12.0,64.06343,13.9,13.2,69.02529,20.099998,17.999998,73.568146,24.4,26.500002,31.699999,79.371315,36.5,42.100002,84.11564,49.8,67.799995,52.699997,85.759346,85.75446
Bangladesh,South Asia,Lower middle income,SL.IND.EMPL.ZS,14.576274,13.58,12.71,11.880001,11.07,10.400001,9.780001,9.94,10.160001,10.400001,10.7,11.21,11.72,12.31,12.98,13.79,14.520001,15.29,16.040003,16.79,17.63,18.080002,18.560001,19.02,19.450003,19.96,20.46,20.42,20.84,21.320002,17.59369
Barbados,Latin America & Caribbean,High income,DT.TDS.DPPF.XP.ZS,11.187905,10.537398,10.389719,10.081531,9.615356,9.152493,9.146029,8.994493,8.801044,8.574511,8.19747,8.014057,7.210164,7.075689,6.8263736,6.500863,6.1783185,6.063457,5.982029,5.8396964,5.8934813,5.559316,5.3695908,5.6715903,6.045077,6.2490807,6.2595687,6.352335,6.2602925,6.571386,8.950098
Barbados,Latin America & Caribbean,High income,EG.ELC.ACCS.ZS,99.98425,99.99344,99.998695,100.0,100.0,100.0,100.0,100.0,100.0,100.0,100.0,100.0,100.0,100.0,99.99675,99.98046,100.0,100.0,100.0,100.0,100.0,100.0,100.0,100.0,100.0,100.0,100.0,100.0,100.0,100.0,100.0
Barbados,Latin America & Caribbean,High income,GFDD.AI.01,2599.0566,2124.017,2192.282,2867.7056,3713.5845,4396.252,5124.1553,4387.1494,2579.2432,1142.3625,279.16412,-458.82025,-792.59296,-904.64294,-1119.1007,-1277.0558,-1371.3115,-1053.9689,-1200.0012,-1179.0098,-1258.1797,-1611.8037,-1854.3735,-1668.1304,-1255.557,-1170.025,-1389.4799,-1584.7458,-1645.0024,-1628.2963,-820.3832
Barbados,Latin America & Caribbean,High income,GFDD.DI.04,90.24504,88.10881,89.60338,90.45274,91.32721,95.90993,97.56242,98.03757,98.589676,97.80765,99.61121,98.90067,99.02223,99.24393,98.70425,96.923355,97.988556,98.33,96.38165,95.78736,96.20368,95.90933,95.01568,93.021095,91.86125,88.60627,83.33997,82.64384,93.30048,92.555305,93.05721
Barbados,Latin America & Caribbean,High income,GFDD.DI.05,50.9612,50.37549,55.092747,53.82193,55.51999,56.43822,62.43542,62.699505,60.019596,61.36533,65.254944,86.52386,97.937195,99.274864,103.5308,109.1843,101.967,116.095505,116.17101,121.21881,86.46077,86.38324,103.781906,108.437706,109.7825,113.70791,113.4448,114.665306,115.6787,114.152504,104.44425
Barbados,Latin America & Caribbean,High income,GFDD.DI.06,5.0630097,6.545276,6.117271,5.428433,5.024728,2.500112,1.523769,1.276219,0.8826333,1.39936,0.25527048,0.84923875,0.7833574,0.6379499,1.174626,2.938997,1.802903,1.52194,3.575896,4.508293,4.0706177,5.964288,5.8360043,8.650041,9.907532,14.36798,21.25071,22.958149,7.726316,8.280486,9.273195
Barbados,Latin America & Caribbean,High income,GFDD.DI.11,22.367004,24.95556,26.92818,27.599382,27.048698,25.027176,24.481695,24.186338,24.874258,25.321579,26.419252,28.165533,12.190302,13.309633,16.769106,22.86054,22.004288,27.316217,34.20033,27.49192,27.476706,27.953716,34.07738,32.283943,32.195255,34.39022,37.629345,35.688732,34.11951,35.025276,34.647987
Barbados,Latin America & Caribbean,High income,GFDD.DM.11,11.913853,13.916753,17.362078,19.13741,18.445047,18.316675,14.2547,13.918095,15.725705,18.893297,20.513115,21.094229,20.385332,20.588844,21.290615,22.339329,22.746887,23.641184,375.4042,348.8018,14.22906,6.430039,12.34126,12.64294,21.934843,23.432037,24.388378,24.44777,23.370077,22.742817,23.959707
Barbados,Latin America & Caribbean,High income,GFDD.EI.08,10.634879,10.875859,14.191169,14.50703,13.95578,16.12388,19.35646,19.55914,16.31802,14.863289,17.50242,19.26345,21.74988,24.431889,25.171429,22.57559,18.372639,18.32128,18.76655,21.03143,12.825699,13.73907,24.71353,28.52405,28.13044,29.30662,26.63265,26.397888,22.74956,21.352049,14.867141
Barbados,Latin America & Caribbean,High income,GFDD.OI.02,45.871758,45.39665,50.01635,49.073967,50.73631,51.4898,57.02125,57.30607,55.199787,56.162876,60.091026,82.41775,93.57251,95.062996,98.47265,104.0113,97.429436,111.907,111.7023,115.7696,82.28676,82.28315,98.95638,103.9642,105.14259,108.938896,108.7425,109.957794,111.7019,111.1238,93.987434
Barbados,Latin America & Caribbean,High income,SH.STA.BRTC.ZS,95.7795,96.257935,96.50619,96.53181,96.65618,100.0,97.27103,97.631294,97.89574,91.0,97.99999,99.45586,100.0,100.0,100.0,100.0,100.0,100.0,100.0,99.54734,98.73085,100.0,98.899994,98.6,99.8,99.00001,99.100006,99.75368,99.5949,99.47994,99.88586
Barbados,Latin America & Caribbean,High income,SL.IND.EMPL.ZS,25.423548,20.12,19.670002,19.07,18.86,19.57,18.57,19.72,20.87,21.410002,20.62,19.63,18.74,17.61,17.37,17.07,16.65,17.170002,17.62,17.92,18.84,18.55,18.53,18.96,19.430002,19.36,19.320002,19.34,19.170002,18.930002,21.264456
Belarus,Europe & Central Asia,Upper middle income,DT.TDS.DPPF.XP.ZS,10.322648,9.361963,9.045137,0.643911,4.1526356,3.3592422,1.6040902,1.7008157,1.9219611,3.3780549,3.6196673,2.977327,2.326375,1.9196264,1.621278,1.3625532,1.0919472,1.1837263,1.0029584,2.365169,2.209884,3.9492402,7.4233265,7.492275,9.222429,10.00148,9.997794,6.807262,10.305504,8.305243,9.479791
Belarus,Europe & Central Asia,Upper middle income,EG.ELC.ACCS.ZS,100.0,100.0,100.0,100.0,100.0,100.0,100.0,100.0,100.0,100.0,100.0,100.0,100.0,100.0,100.0,100.0,100.0,100.0,100.0,100.0,100.0,100.0,100.0,100.0,100.0,100.0,100.0,100.0,100.0,100.0,100.0
Belarus,Europe & Central Asia,Upper middle income,GFDD.AI.01,-515.5971,-1010.7481,-1068.5735,-544.8445,345.7375,993.8066,1721.3655,944.74695,-655.2485,-2133.9883,-2761.0635,-2656.61,-2716.4846,-2863.9333,-3268.78,-3497.1787,-3430.5881,-3556.3447,-2780.6526,-2977.0251,-2882.7046,-3193.6606,-3274.2131,-2966.9778,-2638.5378,-2494.973,-2854.5315,-3220.3982,-3378.5125,-3312.926,-2784.3923
Belarus,Europe & Central Asia,Upper middle income,GFDD.DI.04,93.194084,94.06996,93.94853,93.01911,93.37075,93.90186,94.1189,94.57421,94.587326,95.562294,95.4513,95.09275,95.31844,95.399284,95.63413,96.067955,96.74441,97.456535,97.79966,95.601166,94.7144,98.58721,99.15876,99.28654,98.38699,98.77393,98.79119,98.790634,99.141914,99.23248,99.40932
Belarus,Europe & Central Asia,Upper middle income,GFDD.DI.05,28.155771,27.033203,27.684965,28.570766,27.85797,27.188398,27.710419,28.294802,29.936771,32.116127,32.13859,32.272854,32.740604,33.056656,33.607723,34.875656,36.686104,20.664848,22.54037,24.88769,26.11179,32.85238,26.9957,26.96904,27.751019,33.70628,32.32192,33.14264,30.934479,31.241678,28.919859
Belarus,Europe & Central Asia,Upper middle income,GFDD.DI.06,7.4766126,8.719211,8.870346,8.326845,8.011552,7.921355,7.859149,7.96973,7.890384,7.1811137,6.746387,6.504666,6.7856693,6.951774,6.9328556,6.44721,5.7666807,5.015403,5.8068624,2.328644,3.1560242,0.7860665,0.3528331,0.3221304,0.75857097,0.6491838,0.6072966,0.57230204,0.3953229,0.34291708,0.2859832
Belarus,Europe & Central Asia,Upper middle income,GFDD.DI.11,-6.3278008,-3.8174565,-2.208772,-4.2250147,-4.4585695,-5.5003557,-6.543413,-7.230915,-6.8968444,-3.844651,-2.889015,-3.8500686,-4.330758,-4.866517,-4.7199206,-3.7716372,-2.6262784,0.29273766,-2.0637505,1.3128592,-2.9402,-2.79813,-2.5630965,-2.2314575,-1.7339411,-0.761738,2.96535,2.9900084,2.9114034,2.8834257,-0.32712913
Belarus,Europe & Central Asia,Upper middle income,GFDD.DM.11,-8.630052,-4.590605,-1.5797839,-1.2723254,-1.4479294,-3.566264,-6.473219,-7.118377,-4.8955555,0.3788639,0.4626694,0.18859081,0.1062014,0.0813444,0.0380268,0.0695132,0.046264,0.1163979,0.0799971,0.0615745,0.1553329,0.1627205,0.112200595,0.121545106,0.1413472,0.2047657,0.094083495,0.0703512,0.1745764,0.22775911,0.26975352
Belarus,Europe & Central Asia,Upper middle income,GFDD.EI.08,6.203617,6.737256,7.0838704,6.8637624,6.6534357,6.354018,6.025321,5.778464,5.867816,5.7491727,5.7804403,8.392394,8.615543,8.459955,8.267554,7.9746614,10.7401495,11.077069,13.63935,15.26897,15.70789,17.58544,20.844019,23.37587,24.156908,28.332548,27.95316,24.49895,22.58609,20.12579,22.422338
Belarus,Europe & Central Asia,Upper middle income,GFDD.OI.02,22.281935,20.376076,21.184359,21.296446,21.58447,21.612322,20.882719,21.255495,22.419138,24.16149,25.269556,26.116089,27.280046,27.911144,28.889229,31.024921,34.209206,34.139446,37.28518,23.838402,25.24876,32.0841,26.09104,25.79155,26.55436,32.744076,31.364357,32.70935,30.454706,31.088318,29.19949
Belarus,Europe & Central Asia,Upper middle income,SH.STA.BRTC.ZS,99.9,99.9,99.9,99.9,99.9,99.9,99.9,99.9,99.9,99.9,99.9,99.9,99.9,99.9,99.9,100.0,99.9,99.9,99.9,99.9,99.9,99.8,100.0,99.8,99.8,102.8379,102.207054,101.77276,101.362976,101.03138,101.6244
Belarus,Europe & Central Asia,Upper middle income,SL.IND.EMPL.ZS,30.442253,36.88,36.46,35.900005,35.3,34.74,34.23,33.79,33.36,32.91,32.57,32.15,31.9,31.729998,31.69,31.67,31.76,31.84,32.0,31.969997,32.01,31.969997,31.800001,31.650002,31.489998,31.070002,31.530003,30.770002,30.63,30.38,25.439432
Belgium,Europe & Central Asia,High income,DT.TDS.DPPF.XP.ZS,11.509718,10.5329485,10.242995,9.583961,9.151405,9.032738,9.01481,8.978295,9.859716,9.374113,9.421099,7.8376627,7.7978964,7.7780404,7.5601826,7.188659,6.9632688,6.6900015,6.3968334,6.185644,6.07701,6.0261045,6.143141,6.5093627,6.917852,7.1428995,7.166845,7.0567317,7.064337,7.362901,8.559797
Belgium,Europe & Central Asia,High income,EG.ELC.ACCS.ZS,100.0,100.0,100.0,100.0,100.0,100.0,100.0,100.0,100.0,100.0,100.0,100.0,100.0,100.0,100.0,100.0,100.0,100.0,100.0,100.0,100.0,100.0,100.0,100.0,100.0,100.0,100.0,100.0,100.0,100.0,100.0
Belgium,Europe & Central Asia,High income,GFDD.AI.01,-1344.2015,-1647.536,-1866.7947,-1283.8315,-394.73193,364.9665,1108.258,422.10367,-1194.165,-2350.9436,-3070.1702,-3250.5042,-3101.8738,-3023.5488,-3314.9543,-3719.6394,-3947.488,-3627.9377,-3041.5884,-2835.9546,-3020.4277,-3376.4004,-3691.8333,-3511.3652,-3078.497,-2902.3306,-3027.7124,-3249.4036,-3365.7761,-3397.5278,-3446.3696
Belgium,Europe & Central Asia,High income,GFDD.DI.04,96.84579,98.631424,99.351105,99.208786,99.34789,99.304085,99.28848,99.280556,98.332344,97.70392,97.58779,99.596596,99.709816,99.75528,99.75146,99.703964,99.73101,99.3145,99.109344,99.07565,98.80339,98.522446,98.31082,98.39117,98.591576,94.69462,88.92266,84.192314,83.32774,83.91519,79.43978
Belgium,Europe & Central Asia,High income,GFDD.DI.05,46.05135,46.157238,73.7013,78.21349,76.26587,77.197266,83.021034,84.66024,103.80886,105.12954,105.58133,92.79399,96.04144,101.4456,106.7421,110.6519,111.4765,113.8101,113.1639,114.35181,113.7746,111.343,115.0137,118.06301,121.43261,125.94791,123.415405,122.7514,126.538605,125.8869,142.5212
Belgium,Europe & Central Asia,High income,GFDD.DI.06,2.207911,0.93204796,0.9485402,1.16151,0.96786267,1.016358,1.052715,1.0409,0.50085104,7.777227,6.956705,0.4388371,0.29532748,0.2375533,0.2301058,0.2751276,0.2478841,0.61085093,0.74315625,0.7408947,0.9459162,1.179356,1.335405,1.266799,1.1481299,4.558424,10.15962,15.05719,16.31326,15.623151,22.82542
Belgium,Europe & Central Asia,High income,GFDD.DI.11,12.027856,12.58547,23.692694,25.962868,25.895723,27.524466,31.175001,35.450455,41.757336,43.54626,43.52261,45.075584,45.33421,50.133568,56.366577,61.11468,63.487293,64.20115,61.32055,68.155914,68.48023,68.00074,73.55565,72.52097,78.7324,76.2085,72.97838,70.13073,68.47578,74.984535,81.873184
Belgium,Europe & Central Asia,High income,GFDD.DM.11,20.674513,22.04195,24.592222,25.22351,24.368708,23.146786,22.028086,22.011229,23.818842,72.55024,72.85482,88.7021,95.52299,97.232506,98.02155,90.76277,96.748215,111.1897,103.068504,112.4544,102.8285,89.64553,90.75314,84.087685,75.842514,78.505165,75.51653,80.30531,70.959496,73.19505,88.30485
Belgium,Europe & Central Asia,High income,GFDD.EI.08,16.170591,16.479996,17.120508,16.990692,16.636625,16.202456,16.210361,16.550272,16.638636,17.022673,16.815084,42.04779,37.34412,34.3115,30.50876,29.069698,26.07462,20.05769,19.939268,20.73554,21.30307,23.217949,22.983381,21.067501,22.4812,20.72971,18.76976,16.47073,15.283369,13.416619,14.233749
Belgium,Europe & Central Asia,High income,GFDD.OI.02,39.547108,39.89582,67.766304,72.30561,71.000595,71.71033,77.39651,79.117256,91.900505,91.7832,94.48012,81.10958,82.81538,87.40114,91.24317,93.97816,94.80335,92.552795,93.050896,97.208145,98.45267,97.947685,100.4309,103.2137,106.5811,110.0686,110.0422,109.0978,111.95039,112.8722,126.78771
Belgium,Europe & Central Asia,High income,SH.STA.BRTC.ZS,94.32233,95.10096,96.15289,96.74813,96.91186,96.65717,96.45129,96.22604,96.42967,99.3,97.790085,97.648415,97.61339,97.52378,97.40366,97.30869,97.319824,97.42293,97.57645,97.62138,97.50778,97.33494,97.2499,97.30827,97.39427,97.54272,97.49738,97.33663,97.128624,96.90323,96.80659
Belgium,Europe & Central Asia,High income,SL.IND.EMPL.ZS,29.500235,31.21,30.63,29.46,28.88,28.25,27.63,27.55,27.25,25.77,25.81,25.49,25.780003,24.92,24.94,24.690002,24.690002,24.430002,24.670002,23.47,23.38,23.23,21.76,21.7,21.39,21.430002,21.26,20.76,21.060001,20.84,22.248182
Belize,Latin America & Caribbean,Upper middle income,DT.TDS.DPPF.XP.ZS,7.014031,6.1954536,5.425058,5.991586,8.522011,11.745515,12.181856,10.281246,12.027792,10.907308,17.141762,21.810013,38.67916,29.073383,61.516006,36.8493,17.586847,78.95392,11.603982,13.119522,11.572961,9.349303,9.281685,10.800729,6.89346,7.3976684,8.696272,8.28677,7.919008,8.443409,10.453714
Belize,Latin America & Caribbean,Upper middle income,EG.ELC.ACCS.ZS,83.65277,67.0,72.224915,73.12333,74.020386,74.9154,75.80769,76.69659,77.581406,78.46138,79.0,80.19696,81.02942,81.856636,82.68098,83.504776,90.98853,85.16064,85.99806,86.84543,89.91722,91.68173,90.99592,91.186104,91.36426,91.8,93.22231,94.18901,91.72,92.72,97.113335
Belize,Latin America & Caribbean,Upper middle income,GFDD.AI.01,2637.0154,3084.8567,2671.8503,3578.4534,4564.8164,5849.1064,6060.663,5417.0415,4464.8994,3296.1196,2368.7698,1217.0127,1593.4314,850.6384,571.94476,761.45654,839.1421,937.833,1045.0204,942.85815,968.0726,685.341,678.0836,720.59393,692.39484,631.9498,730.28467,674.35785,650.7836,714.3622,760.3883
Belize,Latin America & Caribbean,Upper middle income,GFDD.DI.04,98.60603,94.55779,93.25207,87.6158,87.10066,85.98183,82.297874,87.063896,87.72885,91.48255,92.5349,91.772644,93.74737,86.64875,88.06239,87.592804,85.825226,87.37827,89.39302,91.492676,92.212524,90.69306,91.49022,91.69091,92.257935,88.722244,84.66367,84.74863,86.03555,83.94191,81.72963
Belize,Latin America & Caribbean,Upper middle income,GFDD.DI.05,40.1366,40.94659,39.69645,37.94872,39.64149,43.88611,45.64958,49.91095,50.18771,54.63257,54.08442,56.88237,54.74237,54.58051,57.679222,58.588257,62.189964,68.64229,73.96202,80.539635,75.90806,75.341965,80.225815,78.401794,80.12958,83.46701,82.44104,79.07785,78.744194,79.630066,103.55221
Belize,Latin America & Caribbean,Upper middle income,GFDD.DI.06,0.56056195,2.468066,3.02949,5.494248,5.8466387,6.612615,8.730497,6.893399,6.889335,4.622766,3.766799,4.482081,3.4204528,8.433268,7.8646317,8.245638,9.633742,9.263356,8.005626,6.798565,5.859126,6.7012362,6.010005,5.779326,5.247394,8.008322,11.3074,11.23131,10.39066,12.27666,17.390581
Belize,Latin America & Caribbean,Upper middle income,GFDD.DI.11,-5.152615,-4.135991,-1.9935956,-0.98188984,-1.3234942,-2.310064,-2.9714088,-3.175127,-2.7414165,-1.8708448,-1.0438027,-0.5872924,-2.064785,-2.4561307,-4.2334456,-3.531614,-2.5884688,-1.9962804,-1.9499497,-2.1151168,-2.810122,-3.3163733,-2.8825598,-3.0972402,-2.828622,-2.419036,-2.0870821,-1.7785748,-0.97082996,-0.9122844,-1.2531291
Belize,Latin America & Caribbean,Upper middle income,GFDD.DM.11,-8.420455,-3.0910914,-2.0843313,0.19046289,0.19770902,1.6807488,-2.8147442,-3.0108385,0.35796908,3.9171832,4.7202015,3.937887,3.5307472,2.284716,4.825829,6.18155,6.16152,5.1137676,4.5357924,3.7145963,3.0054233,2.50131,1.6720589,2.2856653,1.8598579,3.514114,4.405329,4.8883095,3.6706603,3.2964423,4.3191724
Belize,Latin America & Caribbean,Upper middle income,GFDD.EI.08,7.092444,5.656584,5.97398,4.398345,4.593418,5.3704777,3.3228152,5.127964,4.93329,5.9014044,5.8476276,5.801598,3.9116793,3.2310672,4.4907703,4.586533,2.9069,3.170966,3.991295,4.501973,6.22203,5.811849,6.2563543,6.1085334,5.424486,4.678367,6.7109733,8.54288,10.42875,9.966114,12.40162
Belize,Latin America & Caribbean,Upper middle income,GFDD.OI.02,34.48997,35.40064,34.690548,33.063457,34.703407,38.87531,40.590126,44.780388,45.04977,47.374046,47.99564,50.8513,49.015926,49.31928,52.19301,53.258907,56.497215,62.22898,67.06809,74.59431,70.180374,69.48018,73.887276,71.69941,73.011765,75.010414,73.74876,70.329636,69.99001,71.22198,90.88321
Belize,Latin America & Caribbean,Upper middle income,SH.STA.BRTC.ZS,87.13217,76.899994,87.06817,86.39049,86.20332,79.0,86.18497,86.78403,79.0,83.799995,100.0,88.88023,97.0,90.0336,87.799995,89.3,95.8,90.7,94.899994,93.5,93.99999,96.2,94.37062,94.2,95.45646,89.0,96.8,93.99999,95.6181,95.58266,95.80143
Belize,Latin America & Caribbean,Upper middle income,SL.IND.EMPL.ZS,20.62446,20.11,19.930002,19.97,19.53,17.81,16.96,18.25,17.99,16.98,17.39,17.44,17.52,17.6,17.74,17.88,17.65,17.29,17.14,16.74,16.41,16.18,15.960001,15.770001,15.610001,15.42,15.71,15.700001,15.59,15.59,18.976135
Benin,Sub-Saharan Africa,Lower middle income,DT.TDS.DPPF.XP.ZS,8.91023,5.1060557,4.818828,5.222766,6.860437,7.2472935,6.161384,8.445157,9.22839,10.381095,12.94876,8.291614,8.686294,6.620173,4.9371247,5.874008,4.137591,2.1452336,1.5869001,2.9339185,2.2841988,2.4405372,2.877175,3.1093848,2.4801733,2.745561,2.9768345,3.010988,5.8407536,13.866765,8.123894
Benin,Sub-Saharan Africa,Lower middle income,EG.ELC.ACCS.ZS,25.004236,22.915022,22.893787,24.023218,24.674267,25.008467,14.499999,18.589624,19.578255,20.56204,21.531084,21.9,23.415928,24.349323,25.27983,26.209805,27.899998,28.078014,29.021614,29.97515,34.2,36.9,38.4,34.69122,34.099995,29.62,37.095245,34.5,39.246918,40.32869,41.410957
Benin,Sub-Saharan Africa,Lower middle income,GFDD.AI.01,-2454.2908,-1799.6967,-1207.7899,12.444127,1385.3496,2606.1787,4750.5063,3406.513,2743.8882,490.3209,-766.69806,-89.83802,-1484.85,-2053.407,46.713696,60.252205,59.99466,52.513786,77.36602,95.18838,110.917534,124.02385,134.03998,148.5426,162.25221,168.26407,182.62192,205.05106,237.05368,289.3159,322.96646
Benin,Sub-Saharan Africa,Lower middle income,GFDD.DI.04,79.211205,75.99036,72.51933,76.356964,80.823044,74.27617,77.46668,65.512314,71.57102,78.052475,80.6321,82.97392,85.585175,89.64495,90.708405,92.75204,99.29527,99.26912,98.279144,94.31998,93.91919,93.14261,92.42708,92.88351,93.53838,94.53963,95.52971,95.47689,95.47956,95.16484,89.4045
Benin,Sub-Saharan Africa,Lower middle income,GFDD.DI.05,25.11555,26.46792,29.622158,26.49092,28.44141,22.873661,23.18015,22.1286,19.50702,16.8263,19.18933,20.072529,17.30096,17.873539,15.397909,17.757648,19.75495,22.233809,25.204739,25.95146,26.98009,27.32708,25.719318,27.76973,30.85405,32.26706,29.77518,28.576868,27.883999,27.77432,30.502357
Benin,Sub-Saharan Africa,Lower middle income,GFDD.DI.06,5.739,5.264925,4.834322,3.5993001,3.192573,3.871128,3.529241,4.160307,3.5885317,2.329559,2.112235,1.903883,1.565345,1.350358,1.168841,0.9808397,0.092962004,0.1192181,0.3358162,1.205006,1.349523,1.651977,1.732808,1.649942,1.554917,1.369151,1.167158,1.244602,1.263612,1.3092121,2.9728649
Benin,Sub-Saharan Africa,Lower middle income,GFDD.DI.11,-7.1230135,-3.6286528,-1.5443946,-0.89993006,-1.0176035,-1.6423801,-3.9651384,-4.0757513,-3.8014457,-2.2001855,-1.5118617,-1.8366803,-2.3156288,1.1052794,1.1944128,1.30947,1.2565037,1.4369118,1.285172,1.4165683,1.5351734,1.5511783,1.5284107,1.5180026,1.5510675,1.5745419,1.6388109,1.6177267,1.5393294,1.6884024,-1.5455539
Benin,Sub-Saharan Africa,Lower middle income,GFDD.DM.11,-0.14072411,1.9836781,4.9365883,7.4807205,8.421084,7.765686,8.858249,6.0531816,5.8963213,2.166904,1.829798,1.684811,1.947558,1.7586119,1.7792449,1.491843,1.439571,2.234463,1.327271,2.047855,4.035896,5.7481,7.7351117,9.535797,8.65609,13.60956,9.227218,15.020289,8.830556,13.11104,5.39754
Benin,Sub-Saharan Africa,Lower middle income,GFDD.EI.08,2.004541,0.9363282,0.7923734,0.81194746,3.6605659,2.743365,2.6747062,1.820178,1.551987,1.142339,1.0321909,2.0118191,1.507455,2.1595922,1.86946,1.6336541,1.8319911,2.9357932,4.470957,4.588809,4.84312,5.391041,4.849329,4.980235,6.046773,7.409131,7.546918,9.753647,10.00155,8.20487,9.592109
Benin,Sub-Saharan Africa,Lower middle income,GFDD.OI.02,16.49084,17.66937,20.31505,22.33795,19.436201,17.8936,16.9908,15.644991,14.27106,9.475783,10.4501505,11.320451,11.15497,11.46623,11.15234,11.85633,12.600981,15.78373,16.681469,18.330801,19.40891,19.66478,18.61976,19.46883,21.17295,23.09321,22.157,21.33444,21.30742,21.01539,22.57111
Benin,Sub-Saharan Africa,Lower middle income,SH.STA.BRTC.ZS,57.85767,57.234703,56.956577,57.068382,57.26239,57.20004,59.8,56.01381,56.810078,57.375576,58.733173,65.5,61.594055,62.90905,64.86564,75.0,74.0,67.01147,67.801476,68.36443,68.99515,69.589905,80.9,71.088806,77.2,72.43838,73.24342,73.43287,78.1,73.14819,72.66609
Benin,Sub-Saharan Africa,Lower middle income,SL.IND.EMPL.ZS,15.011701,20.12,20.09,20.01,20.4,20.280003,20.24,20.18,20.060001,20.01,19.91,19.800001,19.710001,19.6,19.44,19.37,19.24,19.05,18.86,18.76,18.65,18.55,18.46,18.44,18.39,18.430002,18.28,18.28,18.28,18.31,14.4851
Bermuda,North America,High income,DT.TDS.DPPF.XP.ZS,11.56265,11.586804,10.945954,10.135299,9.524698,9.384583,9.55117,9.724783,9.872476,9.520845,8.950569,8.5511675,8.555358,8.283456,7.5761,6.7949386,6.230778,5.96836,5.8430076,5.677198,5.3909097,5.233661,5.238241,5.812845,6.5424175,7.124471,7.150969,6.7334986,6.6029787,7.186848,8.545985
Bermuda,North America,High income,EG.ELC.ACCS.ZS,100.0,100.0,100.0,100.0,100.0,100.0,100.0,100.0,100.0,100.0,100.0,100.0,100.0,100.0,100.0,100.0,100.0,100.0,100.0,100.0,100.0,100.0,100.0,100.0,100.0,100.0,100.0,100.0,100.0,100.0,100.0
Bermuda,North America,High income,GFDD.AI.01,-2018.2343,-1771.8445,-1604.4382,-1005.7571,331.41998,1411.3264,2304.4111,1441.7046,-725.748,-2779.3882,-3835.4675,-4134.726,-3961.4897,-3977.905,-4434.478,-4862.826,-4696.8823,-4219.055,-3642.3953,-3346.2437,-3717.5117,-4383.1406,-4656.035,-4242.355,-3650.5945,-3439.884,-3746.0142,-4097.046,-4292.014,-4204.717,-3829.2253
Bermuda,North America,High income,GFDD.DI.04,89.30527,89.17444,89.38516,89.69577,90.064674,90.618774,90.62649,91.25176,90.95842,90.886185,90.870575,91.14554,91.035225,90.74532,90.88963,91.23712,92.105385,92.81364,92.57915,91.81794,91.17605,91.097,91.44242,91.495,91.13946,90.32394,89.638756,89.567184,89.81041,89.86018,89.4676
Bermuda,North America,High income,GFDD.DI.05,49.892563,49.874023,51.14951,53.537663,54.488457,53.47061,52.96372,53.87172,55.13191,55.7944,54.99545,54.969734,55.2779,55.216404,54.914337,54.986996,56.574448,57.16011,58.434547,60.93121,61.8887,62.53166,64.33882,66.07141,66.63946,67.22013,67.310295,67.62563,69.64265,73.04468,75.877075
Bermuda,North America,High income,GFDD.DI.06,7.848681,8.945603,9.033778,8.541728,7.949558,7.7613745,8.004243,8.372297,8.305038,8.138664,7.87249,7.7841215,8.128754,8.355441,8.202473,7.6795645,7.0679765,6.7154393,7.0884137,7.623795,7.733843,7.3244267,7.264055,7.5793943,8.334922,9.1863165,9.7068205,9.516207,9.35791,9.261815,8.981412
Bermuda,North America,High income,GFDD.DI.11,9.239921,12.513868,14.967794,16.00704,15.968682,14.938643,13.676587,13.290171,13.890432,15.321679,16.26594,15.921801,14.864906,13.838572,13.656656,14.403046,15.405485,15.95597,16.050905,15.698759,15.066188,14.881317,14.994229,15.351769,15.753716,16.432598,17.111246,17.205011,17.922516,18.791925,18.277723
Bermuda,North America,High income,GFDD.DM.11,-3.1747615,-0.36241132,3.642742,6.4275455,6.28869,3.4029012,-0.15014392,-1.8040334,0.9240634,6.07081,10.9363,12.929553,12.982946,12.20713,12.692096,14.722465,17.288528,19.65854,19.899374,18.79688,16.728695,14.132194,12.696876,13.469711,15.083818,17.33063,18.473572,18.299883,17.45251,16.990568,17.885506
Bermuda,North America,High income,GFDD.EI.08,4.5865693,5.426194,5.9908056,6.1399207,5.8896365,5.549661,5.1512876,4.887917,5.092364,5.116107,5.1710787,5.3447585,5.499485,5.562866,5.665298,5.6422253,5.4958143,5.332208,5.222325,5.330122,5.6448064,6.110359,6.477323,6.4619327,6.447999,6.4878035,6.6697264,7.0380526,7.4461865,7.7830453,7.744993
Bermuda,North America,High income,GFDD.OI.02,37.362377,38.25881,39.699306,40.78162,40.806747,40.83655,40.70115,40.68272,41.687893,42.654003,43.573742,45.0368,45.989483,46.389816,46.60207,47.753323,49.457203,50.985863,52.402763,52.831356,52.20799,52.250793,52.990574,53.94977,55.413437,56.12469,56.246582,56.60676,57.83077,60.284252,62.468044
Bermuda,North America,High income,SH.STA.BRTC.ZS,96.68814,97.93534,98.46762,98.447975,98.251305,98.17868,98.18715,98.26151,98.39175,98.56633,98.86336,99.22066,99.38632,99.27985,99.00159,98.67996,98.61435,98.651405,98.78765,98.726395,98.29856,97.84273,97.86524,98.119804,98.72233,98.97722,98.87653,98.50369,98.0621,97.82821,97.76011
Bermuda,North America,High income,SL.IND.EMPL.ZS,23.986788,24.205612,24.245028,23.881706,23.298864,22.72444,22.249321,22.189339,22.046774,21.81375,21.459435,21.159233,20.927494,20.727104,20.659801,20.521215,20.414452,20.179245,19.836979,19.544363,19.401405,19.34157,19.27901,19.090166,18.862148,18.644657,18.678596,19.03769,19.268671,19.210861,18.736357
Bhutan,South Asia,Lower middle income,DT.TDS.DPPF.XP.ZS,12.712776,12.789317,13.0436,11.796641,13.114989,11.110521,12.034522,11.148581,11.910449,11.6518955,11.953632,9.539107,8.972624,9.1757145,8.277159,8.429426,2.5303655,4.69506,11.85071,12.684489,14.404954,11.190278,17.781137,11.007023,11.83565,17.028473,11.374245,10.1204815,10.330206,6.6771097,5.732235
Bhutan,South Asia,Lower middle income,EG.ELC.ACCS.ZS,44.443645,40.08741,38.658447,38.979187,39.356453,40.340202,40.636406,42.239273,42.603905,43.405075,31.15,40.04513,43.978878,41.1,51.83301,59.808113,59.68505,71.8,67.55525,71.5039,73.28291,81.76709,91.5,87.45114,91.48351,95.530716,99.5898,97.7,99.974365,100.0,100.0
Bhutan,South Asia,Lower middle income,GFDD.AI.01,2250.5208,2500.4512,3394.8267,2979.0603,6812.1855,5932.2324,8383.322,6633.461,6741.455,4903.874,6190.9365,2649.8455,2404.0166,3314.5305,1998.5171,2799.4092,1958.7762,1729.3177,1820.1351,1842.8907,1825.9275,1610.8295,1416.3822,1508.5962,1601.1812,1589.0576,1321.0878,922.48425,676.82,209.02739,-99.4693
Bhutan,South Asia,Lower middle income,GFDD.DI.04,74.17989,71.09611,68.9571,94.58247,66.94054,96.25973,70.104034,97.653114,70.24836,70.38931,69.15812,99.932594,96.99786,98.93375,99.55048,98.77773,99.901535,99.91243,99.905334,99.92576,99.93042,99.949615,96.35905,99.97342,99.969696,99.941185,99.93329,99.91544,99.394775,99.97595,99.98347
Bhutan,South Asia,Lower middle income,GFDD.DI.05,21.41796,25.57972,25.48828,28.182991,29.482872,34.489147,32.9243,43.984657,42.74722,49.23479,52.08484,49.209106,53.721237,49.2104,53.66944,52.83538,52.93232,49.075447,66.27062,74.578636,73.41113,65.40162,60.285465,57.85009,64.40611,60.587074,66.313644,70.73484,71.869255,75.72215,100.8737
Bhutan,South Asia,Lower middle income,GFDD.DI.06,7.6935163,8.928746,8.878464,1.06956,8.131103,0.53079826,6.368238,0.3987305,6.4096174,5.244541,5.6464267,0.0086448,0.50628287,0.2053671,0.121907204,0.2858488,0.0250119,0.0237479,0.0314515,0.0286741,0.0319632,0.0258804,2.015387,0.013594201,0.015244,0.0320374,0.0366867,0.0518921,0.40118542,0.0165053,0.012938301
Bhutan,South Asia,Lower middle income,GFDD.DI.11,0.80652344,4.636969,6.1235795,6.2697453,6.6470456,4.9732447,4.7808833,4.317752,4.9051824,6.095665,5.048087,4.305632,3.2013545,1.8300837,2.0649223,2.4929094,1.1947812,1.518363,1.5246013,1.0429573,0.1410046,-0.45946357,-0.5456226,-0.794685,-0.5807335,-0.40210012,0.21975061,0.74067116,1.0367857,1.6563071,1.2465305
Bhutan,South Asia,Lower middle income,GFDD.DM.11,0.5844182,1.7006569,7.5201173,13.09015,16.236204,12.28041,10.0937605,10.729286,10.713796,15.969729,19.274282,16.17831,15.245597,16.123655,13.804005,16.289536,14.458035,13.090636,11.761512,10.556187,9.61191,8.996868,8.364449,7.752317,8.121258,8.815806,9.706919,10.083182,8.946924,8.0367155,9.582843
Bhutan,South Asia,Lower middle income,GFDD.EI.08,1.168796,1.2554481,12.90516,11.879389,7.342769,5.953158,5.647283,5.383993,3.243315,2.5493238,2.0735521,2.900772,10.36633,6.3665233,12.313109,5.468589,4.039426,4.182076,2.908309,5.6933413,3.7770922,3.682682,7.000877,4.580849,5.636981,8.432863,7.2095304,10.5189,7.9994016,4.423274,6.363952
Bhutan,South Asia,Lower middle income,GFDD.OI.02,17.56439,21.07825,19.94735,23.324251,25.20193,29.897747,28.99415,38.34771,37.62254,43.598038,45.42915,41.816208,47.21115,42.804787,46.97014,45.99398,45.96294,42.386818,44.457207,66.239975,65.48669,57.0659,54.76389,52.594658,59.533028,55.46214,60.57853,65.23962,66.3863,69.59005,94.09809
Bhutan,South Asia,Lower middle income,SH.STA.BRTC.ZS,65.80785,63.60588,61.966995,63.871193,12.0,64.17665,61.249477,64.44021,61.905716,62.383236,27.3,70.2952,72.140785,56.1,74.247444,52.3,57.099995,71.4,66.299995,66.0,64.5,70.0,81.0,89.0,89.0,89.0,89.0,97.200005,96.2,91.43181,91.888405
Bhutan,South Asia,Lower middle income,SL.IND.EMPL.ZS,15.404084,5.85,5.9,5.91,5.96,6.02,6.08,6.12,6.18,6.35,6.62,6.95,7.27,7.38,7.5400004,7.6400003,7.5500007,7.25,6.83,6.67,6.63,9.2,9.910001,10.96,10.83,9.650001,9.94,10.21,10.22,10.150001,18.152294
Bolivia,Latin America & Caribbean,Lower middle income,DT.TDS.DPPF.XP.ZS,34.170734,29.735739,34.343178,34.382492,25.732483,25.75135,25.608751,23.776648,25.96246,18.55356,18.209047,16.397844,14.40157,14.196996,10.915137,9.775656,6.9009566,5.3754945,6.4488335,4.7488275,4.356918,2.4998062,3.570367,2.2065923,2.6308846,5.2460613,5.529781,5.951079,6.389152,7.546759,10.733656
Bolivia,Latin America & Caribbean,Lower middle income,EG.ELC.ACCS.ZS,66.7219,65.01452,60.0279,61.38403,64.1,64.09153,71.0,67.33044,71.2,70.929886,69.96304,69.25854,63.99686,72.3,75.945305,68.28821,76.21128,80.15657,84.67499,86.765594,87.886314,88.335945,90.387375,89.505684,90.03873,91.52282,91.8,91.8,92.8,95.08,97.55412
Bolivia,Latin America & Caribbean,Lower middle income,GFDD.AI.01,2765.2236,3046.1257,4544.5845,5483.0493,7137.5825,6988.7983,7183.3545,6175.135,5969.9497,2675.4128,2816.2935,514.7811,1313.2351,982.5042,486.28098,-681.50354,-967.5286,-1020.85895,-339.80856,-897.07367,-1116.5076,-1149.8097,-1150.0786,-825.3287,-974.53357,-430.2317,-569.08563,-829.9267,-836.2747,-1480.1182,-1723.7527
Bolivia,Latin America & Caribbean,Lower middle income,GFDD.DI.04,40.76212,45.882313,51.89217,66.853165,70.15092,78.39132,84.23229,88.1844,89.72296,88.57185,87.003624,84.78358,82.43694,81.240486,80.41053,80.28783,84.826775,85.17491,81.52901,82.208694,83.50028,82.157425,80.32726,79.67362,79.411835,79.17454,77.93884,76.83339,76.91054,75.84464,70.96565
Bolivia,Latin America & Caribbean,Lower middle income,GFDD.DI.05,24.474298,29.77766,34.801037,41.87865,46.03814,42.49232,51.0279,54.71792,55.19878,55.40371,52.17691,59.42245,54.10163,56.24498,46.34829,47.01136,48.19773,54.907898,57.52284,50.06073,50.09258,51.436558,56.96539,60.425957,64.96421,74.62669,71.61722,71.018394,69.79648,67.93766,106.0122
Bolivia,Latin America & Caribbean,Lower middle income,GFDD.DI.06,34.96051,33.85614,34.14555,22.62276,21.41193,13.77881,10.68295,8.350082,7.68873,8.567149,9.117255,10.27693,11.7303295,11.97633,11.5253,10.63591,6.783144,6.323413,7.407983,7.8320932,7.430601,8.109642,9.700411,10.65068,11.5618305,13.75507,16.50117,17.90823,18.9793,21.40009,33.59229
Bolivia,Latin America & Caribbean,Lower middle income,GFDD.DI.11,-3.9010713,-1.1886111,-0.8944923,-0.27839598,0.019658534,-1.4656167,-2.018191,-1.9332758,-1.5315282,1.3556153,1.3356851,3.6837475,4.772563,4.831801,4.757698,4.8377237,4.194106,3.9217086,3.7387183,3.9047296,3.513458,3.1135304,2.8562593,2.6546485,2.612873,2.8945277,2.9645948,2.7643993,2.6392949,2.7377744,4.4958167
Bolivia,Latin America & Caribbean,Lower middle income,GFDD.DM.11,-1.285341,2.456416,6.143218,8.38496,11.029151,7.1118736,5.034431,4.5760245,7.7492266,8.669334,7.893562,8.42472,10.58746,4.929724,4.9447417,6.149675,4.9088163,3.69532,3.501461,5.107389,3.875117,2.275635,3.192327,5.4605284,11.09657,13.2451,12.94214,11.27822,9.242919,7.799008,7.0292172
Bolivia,Latin America & Caribbean,Lower middle income,GFDD.EI.08,0.0310818,0.043905202,0.5269372,0.129196,0.3853621,1.7843921,4.337477,4.050117,3.078673,1.953338,2.319597,3.8982012,4.319273,4.203778,4.8819027,3.716905,2.746825,1.9859761,1.205466,2.171691,1.580801,0.59146327,0.6446638,0.82067496,0.84913504,0.84726375,0.8897776,0.7780208,0.5934172,1.355336,1.809741
Bolivia,Latin America & Caribbean,Lower middle income,GFDD.OI.02,17.48155,23.08839,28.187061,35.33014,34.86575,34.454166,44.230747,47.97299,48.6535,48.51228,46.142845,52.514767,47.15683,48.52057,38.01778,37.36742,35.54765,38.20628,38.832848,47.13047,44.70842,44.63985,47.92658,49.596237,54.0853,65.156136,65.48407,65.9612,65.63573,65.005104,80.59242
Bolivia,Latin America & Caribbean,Lower middle income,SH.STA.BRTC.ZS,73.75732,73.001236,73.06778,72.93127,47.2,73.45378,73.932594,74.48412,59.299995,75.864265,67.3,78.77827,65.1,60.8,60.8,82.22942,83.33072,84.71372,71.1,87.11526,87.72664,84.0,84.799995,73.5,90.08088,72.799995,89.799995,99.5,71.5,90.81104,91.00592
Bolivia,Latin America & Caribbean,Lower middle income,SL.IND.EMPL.ZS,18.373337,19.16,19.09,19.040003,18.99,18.99,18.88,18.64,18.85,18.91,18.62,15.69,17.75,20.51,20.51,19.39,17.46,19.670002,20.1,20.710001,20.74,20.94,20.6,19.83,20.63,22.53,20.79,20.03,19.48,19.41,18.890379
Bosnia and Herzegovina,Europe & Central Asia,Upper middle income,DT.TDS.DPPF.XP.ZS,10.676727,9.747037,9.616635,9.110366,8.740001,8.656305,8.708576,8.273103,8.185312,8.041845,12.674193,11.979001,5.935028,5.223929,4.1162286,3.5847533,3.3413558,3.1480982,2.7053213,3.2868872,3.6289988,3.6858897,4.452703,7.053,7.7322745,7.282814,6.4709644,7.4196124,6.8138065,6.0583677,6.201608
Bosnia and Herzegovina,Europe & Central Asia,Upper middle income,EG.ELC.ACCS.ZS,100.0,100.0,100.0,100.0,100.0,100.0,100.0,100.0,100.0,100.0,100.0,99.4,98.5,100.0,100.0,100.0,99.387276,99.7,100.0,100.0,100.0,99.70579,100.0,99.5,100.0,99.7,100.0,100.0,100.0,100.0,100.0
Bosnia and Herzegovina,Europe & Central Asia,Upper middle income,GFDD.AI.01,321.9774,-311.00626,-115.08969,359.11697,1296.7537,2321.345,2788.0908,1966.7479,353.16034,-439.3425,-1024.7113,-1509.337,-2297.8398,-2493.449,-2824.0344,-3228.7412,-3551.9546,-3253.7249,-2783.9653,-2583.927,-2748.0325,-3088.5376,-3181.4612,-3067.405,-2582.8281,-2503.1296,-2689.7568,-2928.9932,-2984.4556,-2994.9053,-2726.3284
Bosnia and Herzegovina,Europe & Central Asia,Upper middle income,GFDD.DI.04,92.223915,92.78625,92.6107,92.93355,93.22225,93.475815,93.41514,92.80871,92.945244,92.000694,92.18755,92.83329,99.99988,99.98393,99.97567,99.979034,99.97952,99.98439,99.988235,99.98956,99.99065,99.99182,99.993,99.98885,99.99548,99.9965,99.99665,99.99736,99.997696,99.998215,99.99813
Bosnia and Herzegovina,Europe & Central Asia,Upper middle income,GFDD.DI.05,30.414051,29.58464,31.571615,32.254818,32.614643,32.016087,29.334917,23.47792,25.17838,27.03645,21.89266,38.77815,38.46235,39.99527,45.08358,48.50122,37.85415,41.49902,37.868137,40.62085,42.70626,43.1019,44.7509,47.38668,49.74284,51.41464,52.950428,55.522926,56.63028,58.563873,63.76482
Bosnia and Herzegovina,Europe & Central Asia,Upper middle income,GFDD.DI.06,7.536883,8.590595,8.475392,8.226001,7.7663507,7.438731,7.7411737,6.927407,6.8125668,6.3254824,6.3069677,6.581078,3.5600002e-05,0.0055867,0.0090127,0.0089601,0.0097549,0.00846,0.0068289,0.0060459,0.0055046,0.0047379,0.0042622,0.0068732,0.0028444002,0.0021807998,0.0020664001,0.0016506001,0.0014208,0.001115,0.0012041
Bosnia and Herzegovina,Europe & Central Asia,Upper middle income,GFDD.DI.11,-3.4228792,-0.65810406,2.2082205,3.187989,2.7862427,1.3924679,-0.5561269,-4.974882,-4.5518417,-6.1033125,-4.904538,-4.5739408,-5.529306,-6.2901087,-4.720335,-4.035045,4.0583897,4.333848,3.983098,4.33171,4.259775,4.440884,4.757708,4.9714785,5.311654,5.4555845,5.6158843,5.472294,5.43893,5.572908,5.581166
Bosnia and Herzegovina,Europe & Central Asia,Upper middle income,GFDD.DM.11,-8.063482,-4.931086,-3.885899,-1.3933502,-1.3347881,-3.6197877,-4.0395904,-3.6558619,-1.4937854,0.5785205,2.3173099,2.6880236,2.012764,1.9076693,0.0857258,0.0737326,0.1221611,0.1370709,0.1664803,1.2753929,1.727088,1.4878321,1.7379221,1.9746871,1.799009,1.886804,2.022945,2.4420152,2.835542,3.299994,3.612266
Bosnia and Herzegovina,Europe & Central Asia,Upper middle income,GFDD.EI.08,5.3404574,5.5987916,5.798042,5.946056,5.649303,5.2577004,5.242051,2.0777102,1.543091,0.4210098,0.2806232,0.259651,0.4338386,0.3097025,0.2851768,0.2837339,1.5858489,1.768872,2.0452912,2.514848,3.219698,4.8220367,6.205194,6.837674,8.399793,8.958512,8.542915,8.2966385,8.0997715,8.673024,10.3859
Bosnia and Herzegovina,Europe & Central Asia,Upper middle income,GFDD.OI.02,23.583225,21.322317,24.228165,25.099583,25.522415,25.911943,24.52852,2.105372,2.022913,6.5806537,6.1785583,20.09061,21.07493,23.81002,28.997898,32.69999,37.1918,40.90617,36.138756,39.57167,41.38202,45.898888,47.599358,50.545387,52.695,54.35708,55.992928,58.61788,60.06128,61.8373,67.06705
Bosnia and Herzegovina,Europe & Central Asia,Upper middle income,SH.STA.BRTC.ZS,97.0,97.4,102.252975,102.29072,102.12176,101.9623,98.899994,98.7,99.3,99.6,98.899994,99.9,99.9,99.9,99.9,99.9,99.4,99.9,99.9,99.9,99.9,99.9,99.9,102.111664,99.9,99.9,99.9,99.9,99.9,101.129684,101.14877
Bosnia and Herzegovina,Europe & Central Asia,Upper middle income,SL.IND.EMPL.ZS,28.785679,27.61,27.520002,27.49,27.64,27.92,28.66,29.19,29.72,29.729998,29.879997,29.75,29.84,29.930002,30.0,30.350002,30.770002,32.59,32.47,31.489998,30.870003,28.89,30.36,29.82,30.0,30.63,31.28,31.7,32.13,31.71,24.901644
Botswana,Sub-Saharan Africa,Upper middle income,DT.TDS.DPPF.XP.ZS,4.3404174,3.4381034,3.8974967,3.6100008,4.0029035,3.14062,5.23308,2.7874424,2.5814226,2.1428864,2.001796,1.6898115,1.9284811,1.2117485,1.0180576,0.91388106,0.94409996,0.7158544,1.159928,1.0101063,1.3313426,0.97840255,0.82012385,2.0410545,0.5833342,2.1070733,1.892565,2.4168265,2.2542214,2.7962654,3.5017588
Botswana,Sub-Saharan Africa,Upper middle income,EG.ELC.ACCS.ZS,44.711975,10.099999,9.398227,11.6420765,13.884566,16.125015,18.362745,20.597078,22.82733,25.05274,26.40898,24.8,27.0,33.083107,35.29891,37.51418,39.73132,41.95298,44.5,43.36,52.017776,53.24,56.018814,57.99192,59.953,62.13,64.17506,67.4,68.22926,69.95974,71.99476
Botswana,Sub-Saharan Africa,Upper middle income,GFDD.AI.01,303.6893,1695.8622,2395.7156,3082.3855,3769.6863,4646.667,5675.585,4521.9995,3592.2756,895.51575,-120.41014,-1037.5226,-1372.1786,-1718.6228,361.71057,360.26697,353.64835,395.4002,442.08694,509.52075,510.29797,478.81253,591.96704,645.91956,671.52936,664.6815,636.29407,696.33514,750.3491,777.7218,815.3145
Botswana,Sub-Saharan Africa,Upper middle income,GFDD.DI.04,75.692505,72.10773,70.62637,71.258156,72.64177,73.92741,74.43552,75.40802,76.024216,78.52491,81.587204,99.59032,99.59937,98.68067,98.55596,98.74339,98.851425,99.03149,99.47955,99.45328,99.500656,99.69499,99.768074,99.820465,99.8493,99.854675,99.85763,99.85725,99.83352,99.800835,99.78565
Botswana,Sub-Saharan Africa,Upper middle income,GFDD.DI.05,21.92021,27.45639,28.332169,21.03786,20.92185,20.47826,19.79454,22.389679,28.26305,28.50095,24.81621,31.025518,28.7635,31.320087,31.547789,28.91228,41.56482,47.9887,52.24683,52.70282,49.3396,42.63999,44.81366,42.65789,39.74025,48.67065,42.90891,43.53278,45.497902,47.49757,52.02023
Botswana,Sub-Saharan Africa,Upper middle income,GFDD.DI.06,7.997492,9.169774,9.062692,8.310176,7.63518,7.5248485,7.8343043,7.6861677,7.0633025,6.3328395,5.8322983,0.0739369,0.0823382,0.3004799,0.34918112,0.26267588,0.245871,0.22585881,0.1530856,0.1700326,0.14179079,0.09129371,0.0793389,0.061961498,0.052520003,0.055482402,0.050012797,0.052783,0.0622403,0.0782665,0.093757205
Botswana,Sub-Saharan Africa,Upper middle income,GFDD.DI.11,-9.131068,-7.2687783,-5.5200987,-4.929879,-5.1496277,-5.846197,-7.0055165,-6.8281903,-6.4535017,-3.9604852,8.639383,9.335168,13.023348,17.543856,20.365978,18.933386,21.696836,-3.1619518,17.16728,21.83316,19.668884,16.600283,19.23613,16.222456,15.29814,15.450439,12.913297,13.995363,10.550227,-3.9739685,-4.6281567
Botswana,Sub-Saharan Africa,Upper middle income,GFDD.DM.11,-9.32518,-6.954764,-2.4534144,0.77364236,2.0317883,1.1144631,1.055322,-1.925062,-1.3918619,0.5292185,1.729313,1.874301,6.208693,7.8687963,7.0488324,8.245935,7.686397,6.47095,5.197072,5.0640416,4.28223,4.938463,4.424486,4.274961,5.389275,5.2249627,5.206712,7.8098865,4.8455687,7.259749,9.096149
Botswana,Sub-Saharan Africa,Upper middle income,GFDD.EI.08,0.84313995,0.8087661,0.9216797,0.99469286,1.378193,0.7706714,0.4649645,0.3589138,1.441743,2.220859,1.618518,1.5170001,1.3202001,2.5925112,2.063503,1.002568,0.8021081,0.54319,3.708805,2.187725,1.195016,2.587291,2.4486942,2.805406,2.6346052,2.2919161,2.424877,2.975892,2.404417,3.074762,4.280013
Botswana,Sub-Saharan Africa,Upper middle income,GFDD.OI.02,14.792941,19.31173,19.55921,18.873741,18.815962,18.41599,17.971882,20.543499,26.39404,26.2316,22.74949,29.513826,27.232191,29.72622,28.60784,27.35239,40.2617,46.6023,50.763206,50.60155,46.30608,41.07779,43.259228,40.86408,38.15852,47.386158,41.760788,42.328438,44.34291,46.389465,50.57888
Botswana,Sub-Saharan Africa,Upper middle income,SH.STA.BRTC.ZS,67.61962,65.485146,64.54586,64.70018,65.002914,65.41422,86.99999,66.3446,67.014725,68.26312,98.5,92.0,96.5,96.1,97.3,93.99999,99.3,94.6,98.3,99.5,99.100006,99.8,99.8,99.9,99.5,99.7,99.7,99.8,87.17636,87.33524,87.47684
Botswana,Sub-Saharan Africa,Upper middle income,SL.IND.EMPL.ZS,17.567215,25.46,25.6,25.65,25.800001,25.97,25.79,23.83,22.29,21.64,21.16,21.64,22.12,22.64,21.74,20.86,20.07,19.44,18.79,18.11,18.07,18.07,18.05,18.03,18.01,18.01,17.94,17.86,17.75,17.62,16.916195
Brazil,Latin America & Caribbean,Upper middle income,DT.TDS.DPPF.XP.ZS,18.597874,16.63669,14.726189,13.074428,17.23212,23.64972,22.598686,20.709448,27.32056,41.833714,37.014694,22.915321,37.386017,39.503113,23.48563,30.165756,19.535416,10.8218975,9.304018,7.0976644,5.9363365,6.7574196,4.0366826,7.1151075,5.48263,12.757637,10.647042,10.851263,11.840132,14.69474,12.4261265
Brazil,Latin America & Caribbean,Upper middle income,EG.ELC.ACCS.ZS,87.47511,90.606544,88.80383,89.99993,91.88373,91.72859,92.867096,93.35414,94.19382,94.762955,94.391716,96.016525,96.65299,96.980095,96.76511,97.09351,97.594315,98.12538,98.52663,98.85694,98.6,99.32869,99.51949,99.57515,99.650246,99.71091,99.7,99.8,99.7,99.8,100.0
Brazil,Latin America & Caribbean,Upper middle income,GFDD.AI.01,4641.845,5714.384,5513.107,6108.748,6354.707,7021.69,7375.124,6443.544,4816.587,3591.8044,2072.354,1140.3743,922.42926,709.42365,380.15112,418.74847,431.90515,441.78574,469.4014,477.88034,534.60535,617.75446,643.5869,624.4821,618.8824,586.1478,577.14124,657.8005,665.0926,662.72766,-1539.4376
Brazil,Latin America & Caribbean,Upper middle income,GFDD.DI.04,53.806683,55.02816,65.408325,73.94957,87.24103,91.57115,94.36089,92.77551,79.75381,84.564095,85.290504,81.0733,76.300995,79.26134,80.339745,84.426704,85.51279,85.72836,83.5093,81.44067,83.05053,84.57394,84.067795,84.686005,83.82375,83.35758,81.48563,81.08772,81.01387,81.83381,83.632
Brazil,Latin America & Caribbean,Upper middle income,GFDD.DI.05,30.394508,35.0296,60.93241,93.65885,45.4613,32.44855,35.11847,36.965137,39.331768,42.81104,46.48666,47.24524,45.64573,48.31206,49.59469,53.44701,57.228832,60.110806,61.668915,67.061005,66.61838,70.1004,73.85186,72.63609,76.081474,80.44244,86.46298,86.13297,87.52866,90.06297,105.7287
Brazil,Latin America & Caribbean,Upper middle income,GFDD.DI.06,51.64068,50.627876,57.01464,57.68814,11.80225,5.011392,3.3574178,4.550415,14.092581,11.68593,11.3546095,14.8223095,19.134401,16.95486,15.95423,13.06655,12.71029,13.27814,16.05142,19.208231,18.09583,17.24133,18.90485,17.87579,19.26371,21.334969,24.21327,25.242199,25.63056,25.54062,25.778759
Brazil,Latin America & Caribbean,Upper middle income,GFDD.DI.11,4.1632605,6.648422,9.003773,10.11999,8.785607,7.510692,6.0441856,5.9458547,6.9738007,8.370254,3.3040833,3.5946195,4.174131,4.946858,5.6272306,6.16758,6.881032,7.535313,7.4144325,8.747476,8.901615,8.5601845,9.535685,9.581689,10.391957,11.780015,13.333735,14.635738,15.072054,16.075245,17.20875
Brazil,Latin America & Caribbean,Upper middle income,GFDD.DM.11,3.6415508,10.834355,13.631123,16.421127,12.7764015,9.46572,9.176805,8.4072,10.254653,12.460988,13.415558,0.60738987,0.67811435,0.7800461,1.046036,0.90012306,0.9638065,0.9105366,0.57839394,0.4725466,1.062653,0.4426896,0.3552336,0.3440142,0.4902504,0.447187,0.50532633,0.43914032,0.5301186,0.5332461,0.5212489
Brazil,Latin America & Caribbean,Upper middle income,GFDD.EI.08,18.069489,16.789669,23.341621,30.683878,14.83704,11.407029,15.40286,17.69418,25.981169,34.19332,34.69669,34.48816,31.959808,37.11432,37.367947,40.890923,41.087093,38.685272,34.55337,36.79398,35.903107,36.44764,37.23402,34.62202,33.79398,40.031662,44.37369,48.74338,49.147232,52.13695,61.87773
Brazil,Latin America & Caribbean,Upper middle income,GFDD.OI.02,27.30258,31.270939,56.497746,80.05889,40.86543,29.07896,31.176678,34.320526,36.43462,39.985737,43.53863,44.76563,42.78606,45.80084,46.92978,50.75538,54.36062,57.08057,58.689526,51.557217,50.264187,50.179028,53.67015,52.60246,54.7546,56.98655,62.645798,64.4621,66.608475,68.668945,76.00596
Brazil,Latin America & Caribbean,Upper middle income,SH.STA.BRTC.ZS,90.73886,69.5,89.84604,90.06439,91.15931,91.98523,87.6,98.6,98.6,98.6,98.6,98.3,98.5,98.4,98.6,98.6,97.0,98.6,98.799995,98.899994,98.899994,99.00001,99.00001,99.100006,99.100006,99.100006,99.100006,99.100006,98.469604,98.345314,98.173775
Brazil,Latin America & Caribbean,Upper middle income,SL.IND.EMPL.ZS,25.941368,23.42,23.05,22.98,23.03,22.77,22.85,22.89,22.800001,22.060001,21.84,21.57,22.02,21.49,21.62,21.96,21.930002,22.49,23.24,22.7,22.560001,22.31,23.02,22.95,22.89,22.170002,20.89,20.48,20.13,19.99,23.676266
British Virgin Islands,Latin America & Caribbean,High income,DT.TDS.DPPF.XP.ZS,11.265246,11.295258,10.662196,9.911045,9.330113,9.39257,9.299586,9.468916,9.628009,9.041588,8.719363,8.336889,8.343258,8.067888,7.3660984,6.6048865,6.0382843,5.7687025,5.6532173,5.5069747,5.24442,5.075837,5.0736375,5.6316648,6.3626885,6.943986,6.9849095,6.589437,6.453456,7.020637,8.34485
British Virgin Islands,Latin America & Caribbean,High income,EG.ELC.ACCS.ZS,94.60656,94.82474,95.0428,95.26019,95.47622,95.6902,95.901474,96.10934,96.313126,96.51208,97.4127,97.52283,97.62537,97.72267,97.81709,97.91098,98.00673,98.10701,98.214516,98.33197,98.3,98.657295,98.85017,99.02111,99.18002,100.0,100.0,100.0,100.0,100.0,100.0
British Virgin Islands,Latin America & Caribbean,High income,GFDD.AI.01,-1826.0435,-1556.5087,-1375.249,-699.85077,655.09204,1824.2382,2548.996,1719.2819,-430.79715,-2391.6108,-3567.1404,-3906.328,-3764.7678,-3735.0823,-4192.2554,-4551.9995,-4471.5195,-4003.9697,-3466.6663,-3205.4297,-3578.202,-4261.2026,-4556.3804,-4142.6084,-3543.3655,-3323.698,-3617.5867,-3981.1235,-4212.533,-4129.8506,-3740.352
British Virgin Islands,Latin America & Caribbean,High income,GFDD.DI.04,88.88666,88.73383,88.92003,89.04728,89.40796,89.1327,90.12502,90.645035,90.35811,89.69658,90.37259,90.75195,90.677956,90.41805,90.54005,90.69296,91.76471,92.49093,92.28791,91.57723,90.92641,90.86534,91.25781,91.343315,91.00115,90.18121,89.44816,89.3561,89.69554,89.749565,89.39063
British Virgin Islands,Latin America & Caribbean,High income,GFDD.DI.05,46.818947,46.681877,48.01254,50.157764,51.024258,47.266674,49.70362,50.584023,51.87424,50.984146,51.963867,52.018826,52.531548,52.318027,51.96884,51.070843,53.74698,54.280254,55.560677,58.015278,58.91149,59.74681,61.59387,63.298737,63.845604,64.357666,64.38451,64.71652,66.42916,69.817345,72.50443
British Virgin Islands,Latin America & Caribbean,High income,GFDD.DI.06,8.049061,9.165689,9.244207,8.680614,8.134924,8.691666,8.257819,8.616324,8.523011,8.751173,8.103268,8.041315,8.367399,8.540923,8.388765,8.078226,7.2301,6.8981743,7.2741547,7.7800264,7.8477015,7.4405727,7.3912916,7.699684,8.438208,9.261411,9.77184,9.566337,9.409413,9.336615,9.05455
British Virgin Islands,Latin America & Caribbean,High income,GFDD.DI.11,6.9137797,10.156784,12.595226,13.615716,13.588608,11.43975,11.272848,10.875524,11.484846,11.507461,13.893961,13.583318,12.582272,11.53248,11.388406,10.912202,13.147443,13.676618,13.748906,13.390126,12.858972,12.782833,12.947851,13.330178,13.7363615,14.411001,15.125396,15.243375,15.807446,16.682564,16.09722
British Virgin Islands,Latin America & Caribbean,High income,GFDD.DM.11,-5.414205,-2.7533514,1.3477571,4.532405,4.405273,3.8194513,-2.2728765,-3.7769623,-1.1018413,6.6258225,8.79884,10.802847,10.797354,9.977618,10.564124,14.686417,15.1339855,17.533772,17.736944,16.600033,14.76458,12.361178,11.00613,11.810408,13.406112,15.542539,16.69306,16.51931,15.739172,15.293611,16.163877
British Virgin Islands,Latin America & Caribbean,High income,GFDD.EI.08,3.9797184,4.7764196,5.340177,5.4803443,5.2582865,5.0448937,4.5298595,4.230498,4.456359,4.5494657,4.5852127,4.787745,4.939569,5.022508,5.135132,5.353272,5.0019836,4.868512,4.7633543,4.8834214,5.212147,5.6558337,6.02947,6.028788,6.0244145,6.070883,6.2630916,6.6490836,7.0472145,7.387704,7.3304205
British Virgin Islands,Latin America & Caribbean,High income,GFDD.OI.02,34.48652,35.18422,36.727154,37.893368,37.937836,37.115646,37.798874,37.772823,38.828453,38.546318,40.78311,42.290333,43.322857,43.71981,43.973293,44.68715,46.962063,48.53524,49.988125,50.438774,49.91652,49.956684,50.70561,51.713184,53.16917,53.860527,54.016796,54.405273,55.529465,57.970436,60.06582
British Virgin Islands,Latin America & Caribbean,High income,SH.STA.BRTC.ZS,97.0394,98.23395,98.71418,98.491005,98.3018,100.0,98.43641,98.487305,98.58957,100.0,99.09561,99.48689,99.64889,99.53449,99.24696,100.0,98.88363,98.943596,99.07706,99.027,98.533554,98.06389,98.10324,98.34758,98.930084,99.182755,99.064384,98.70319,98.23849,98.02631,97.98023
British Virgin Islands,Latin America & Caribbean,High income,SL.IND.EMPL.ZS,23.780695,23.962645,23.99393,23.637468,23.06818,22.387806,22.045675,21.9641,21.830261,21.865103,21.294989,21.023321,20.78381,20.577179,20.519285,20.66621,20.302582,20.079836,19.738792,19.46764,19.330055,19.278475,19.223663,19.039118,18.814863,18.602448,18.6396,18.997963,19.250261,19.198275,18.722782
Brunei Darussalam,East Asia & Pacific,High income,DT.TDS.DPPF.XP.ZS,10.238941,9.167137,8.942259,8.549451,8.214284,8.194873,8.157089,8.114906,8.0564375,7.018303,6.938766,6.657604,6.481491,6.340404,5.747007,5.404117,5.0576253,4.7264814,4.0957103,3.9880745,3.903316,3.887253,4.0022507,4.2521896,4.569702,4.764301,4.771132,4.6431537,4.756324,5.1580796,6.707128
Brunei Darussalam,East Asia & Pacific,High income,EG.ELC.ACCS.ZS,100.0,100.0,100.0,100.0,100.0,100.0,100.0,100.0,100.0,100.0,100.0,100.0,100.0,100.0,100.0,100.0,100.0,100.0,100.0,100.0,100.0,100.0,100.0,100.0,100.0,100.0,100.0,100.0,100.0,100.0,100.0
Brunei Darussalam,East Asia & Pacific,High income,GFDD.AI.01,776.5824,-99.97734,90.63512,998.00714,2166.6558,3036.1912,3607.6602,2856.226,1092.041,-1171.7106,-1640.0784,-1854.9606,-1964.2599,-2039.3533,-2762.5137,-2881.6423,-2885.8613,-2833.3267,1334.6893,1401.388,1455.2212,1465.7183,1901.4956,1546.121,1631.5538,1587.9143,1557.6597,1509.7445,1505.4363,1597.9421,-1885.1493
Brunei Darussalam,East Asia & Pacific,High income,GFDD.DI.04,91.265495,91.62434,91.30769,91.011925,91.059975,91.33529,91.71143,92.19786,92.18443,98.091255,98.29428,98.4093,98.45141,99.99568,99.99476,99.99487,99.99089,99.9929,99.99129,99.988235,99.98843,95.93536,99.989006,99.986015,99.984184,99.98403,99.9862,99.98016,99.984344,99.984245,99.98689
Brunei Darussalam,East Asia & Pacific,High income,GFDD.DI.05,34.84164,32.104767,32.530796,32.54487,32.35146,31.770395,31.7675,32.324547,34.166958,77.035164,85.725464,77.81888,76.039795,72.45576,72.081055,57.73515,46.99237,49.3299,49.27997,70.73135,62.097027,55.04142,54.02034,57.271732,61.504593,72.612144,82.92515,77.648834,73.28424,76.335304,83.275734
Brunei Darussalam,East Asia & Pacific,High income,GFDD.DI.06,8.009324,9.440755,9.495566,9.119595,8.737763,8.617334,8.637035,8.773723,8.617378,1.170963,0.87280214,0.89962727,0.8624498,0.0022526002,0.0024887999,0.0021101,0.0032826,0.0027444,0.0031843,0.0054823,0.004414,1.290688,0.0033745,0.0048288,0.0059103,0.0074460995,0.0065997,0.0083007,0.0061734,0.0062076,0.0057236003
Brunei Darussalam,East Asia & Pacific,High income,GFDD.DI.11,-0.22463296,1.9524447,3.5599055,4.373196,4.264009,3.282464,2.2196372,1.8456303,2.325966,1.6628764,1.915144,1.5508518,0.37982348,-0.64483714,5.908691,5.972615,5.0176105,4.9321427,4.4730077,1.5819774,4.4544654,3.6518888,3.6929176,4.0328617,4.398251,5.3152747,6.4154673,6.4976516,6.45709,4.4122305,3.9913058
Brunei Darussalam,East Asia & Pacific,High income,GFDD.DM.11,-8.796256,-3.5096335,0.37302315,3.1625028,3.1944437,0.8429753,-2.049775,-2.4854496,0.058403905,4.7578974,6.9536257,6.969587,6.3963466,6.319448,7.02991,8.015425,8.604495,8.2493725,6.4774094,6.0975704,5.48619,4.751666,4.4051895,4.6559095,5.2334046,6.0384073,6.769906,6.873043,6.6946397,6.3491626,8.788135
Brunei Darussalam,East Asia & Pacific,High income,GFDD.EI.08,4.9362907,5.506048,5.984383,6.0383077,5.7457175,5.355247,5.0548296,4.882419,5.1080184,5.7700396,0.0034215997,2.022624,1.154824,1.390733,1.019779,0.76158875,1.31643,1.364473,1.44535,2.251841,1.569383,2.5901082,2.9145498,3.621162,4.466772,5.516271,4.2330327,3.0254369,5.03248,4.441155,4.8154993
Brunei Darussalam,East Asia & Pacific,High income,GFDD.OI.02,27.820024,24.05307,25.61095,26.631691,27.352346,27.483194,27.172424,27.632015,28.868229,69.518394,80.07755,72.11687,70.54864,67.520004,67.75526,53.94827,47.807358,50.30594,50.00378,71.81771,62.859978,55.8131,54.766,58.256924,62.785397,74.76925,85.38962,80.16944,75.656944,78.98933,86.43211
Brunei Darussalam,East Asia & Pacific,High income,SH.STA.BRTC.ZS,100.92237,97.799995,97.99999,97.799995,98.200005,96.2,98.899994,99.6,99.3,99.4,99.200005,99.7,99.4,99.4,99.4,99.6,99.6,99.9,99.7,99.8,99.8,99.6,99.8,99.7,99.9,100.0,100.0,99.8,100.8219,101.175964,101.031845
Brunei Darussalam,East Asia & Pacific,High income,SL.IND.EMPL.ZS,27.84372,24.15,24.39,24.63,24.51,24.930002,24.430002,24.170002,24.4,23.16,22.51,22.670002,22.15,21.57,21.15,20.53,20.18,20.320002,19.6,19.97,19.52,18.96,18.780003,18.81,18.63,17.92,16.98,16.13,19.4,20.76,22.274635
Bulgaria,Europe & Central Asia,Upper middle income,DT.TDS.DPPF.XP.ZS,18.620617,5.4031687,8.166733,6.1916237,12.727137,16.119097,18.454031,18.338644,16.910063,13.94315,13.053372,15.126829,10.414713,7.100146,10.375747,14.690828,5.488794,3.9700556,3.2391326,2.519384,1.7241266,1.2936103,1.2797529,5.095488,1.1242061,1.1916422,1.4589862,4.0040693,1.2708479,1.1882428,1.3554146
Bulgaria,Europe & Central Asia,Upper middle income,EG.ELC.ACCS.ZS,100.0,100.0,100.0,100.0,100.0,100.0,100.0,100.0,100.0,100.0,100.0,100.0,100.0,100.0,100.0,100.0,100.0,100.0,100.0,100.0,100.0,100.0,100.0,100.0,100.0,100.0,100.0,100.0,100.0,100.0,99.7
Bulgaria,Europe & Central Asia,Upper middle income,GFDD.AI.01,1358.6941,392.79913,313.63626,911.89655,1543.1761,2049.077,2660.0476,1893.6246,389.01855,-1147.6957,-1707.7848,-1870.8427,-1945.2112,-2041.4648,-2359.9033,-2725.6074,-2899.7007,-2659.2441,-2211.521,-2057.2246,-2284.2039,-2689.781,-3020.4075,-2658.0442,-2375.269,-2299.5276,-2532.5532,-2834.237,-3017.5574,1571.8428,1374.2637
Bulgaria,Europe & Central Asia,Upper middle income,GFDD.DI.04,93.918465,94.4897,90.90684,91.61441,90.9584,85.108635,80.7319,69.9139,70.099205,65.055435,63.497528,71.51994,80.55222,85.69841,90.20021,94.80352,97.82135,99.80766,99.85062,99.86505,99.87227,99.87803,99.88295,99.88406,99.87976,99.88014,99.88425,99.88754,99.892944,99.89999,99.90541
Bulgaria,Europe & Central Asia,Upper middle income,GFDD.DI.05,48.91526,74.53059,76.38995,78.967896,79.70283,46.1268,60.23526,31.249489,25.11982,30.090809,35.045887,40.06624,40.940243,45.76097,50.461998,55.03513,61.60971,68.36353,64.85475,65.223785,67.765144,70.16613,74.68211,81.755264,80.81518,82.553055,83.44011,83.419205,84.78331,85.109856,94.722855
Bulgaria,Europe & Central Asia,Upper middle income,GFDD.DI.06,7.1426516,7.218128,11.68078,11.65507,10.31183,7.9168944,18.80941,8.579037,6.301197,8.805778,9.113717,7.476965,5.8691297,5.221857,4.2887,2.486322,1.083785,0.1244979,0.1085309,0.0987135,0.0937663,0.0865214,0.0849407,0.085358,0.0834222,0.0783484,0.0735922,0.0683174,0.06383,0.0582998,0.0585156
Bulgaria,Europe & Central Asia,Upper middle income,GFDD.DI.11,2.93618,1.9437609,4.0565133,4.795328,4.4824,3.1408854,2.4048126,1.6545602,2.0798237,2.1481347,2.1891649,2.2301126,2.3795617,2.185878,2.2982416,2.606761,3.2742662,3.4135604,3.5018291,3.8083336,3.9033048,3.6655438,3.752501,3.995449,4.2078733,4.255856,4.146257,4.790937,5.005368,5.2763214,5.7528934
Bulgaria,Europe & Central Asia,Upper middle income,GFDD.DM.11,-5.595225,2.3220718,5.160013,7.768281,7.3348575,3.5823183,2.640988,0.7911182,2.087867,4.818474,5.281599,5.628393,4.0644894,3.786337,3.383951,2.569185,3.151479,2.541854,2.552625,4.064075,5.163424,4.974281,9.81829,10.63482,9.5160265,7.8800564,8.460442,11.32661,9.843998,12.772699,15.65854
Bulgaria,Europe & Central Asia,Upper middle income,GFDD.EI.08,10.035289,40.972034,41.911392,60.88663,54.4892,17.73074,28.125368,11.393269,5.832686,4.923592,3.9062629,4.445767,5.747176,5.597991,5.4363093,5.826267,5.42284,5.184959,4.365812,4.193357,5.1981454,5.659256,6.7840867,7.4262223,10.155509,10.589319,11.58082,10.9771595,9.291205,8.751177,10.11996
Bulgaria,Europe & Central Asia,Upper middle income,GFDD.OI.02,45.851727,67.124535,66.78088,69.79291,72.2068,41.275097,54.27831,23.584,17.89986,21.26771,22.145199,26.951359,28.15723,31.056688,35.884796,41.47202,48.80761,55.38108,52.76523,53.707497,57.2035,59.32846,62.836605,68.76749,67.73366,69.13238,69.183304,68.93932,69.66728,70.24484,77.72247
Bulgaria,Europe & Central Asia,Upper middle income,SH.STA.BRTC.ZS,99.100006,99.5,99.8,99.00001,99.00001,98.899994,99.9,99.9,99.88003,99.00001,99.8,98.899994,99.200005,99.200005,99.4,99.4,99.4,99.6,99.6,99.6,99.5,101.22505,101.19896,99.7,99.7,99.8,101.18984,100.86105,100.57552,100.34555,100.56244
Bulgaria,Europe & Central Asia,Upper middle income,SL.IND.EMPL.ZS,29.437574,41.12,40.19,39.17,38.380005,37.5,37.01,35.36,35.12,33.79,32.83,32.770004,32.66,32.13,32.92,34.24,34.47,35.5,36.43,35.24,32.98,31.460001,31.320002,30.19,30.12,29.9,29.79,29.9,30.110003,30.020002,24.274864
Burkina Faso,Sub-Saharan Africa,Low income,DT.TDS.DPPF.XP.ZS,7.8042574,11.377369,8.88573,11.515273,14.881058,15.152223,15.553038,15.760935,15.4342375,15.75064,18.448078,13.041092,13.657485,12.032317,8.939947,7.8305087,6.0336266,4.7488685,3.939641,3.881326,2.5114007,2.3386052,2.1328416,2.47184,2.9492524,4.0483093,3.6639957,3.5801783,3.1476955,3.4838016,9.095443
Burkina Faso,Sub-Saharan Africa,Low income,EG.ELC.ACCS.ZS,5.98702,3.9380877,4.603338,6.1,6.12501,6.625333,7.1229362,7.6171403,8.1072645,6.9,9.07502,9.521352,9.960099,11.4,10.824239,11.254328,11.68629,12.122773,12.566488,12.63,13.099999,14.808414,15.117993,15.405642,19.2,16.076975,16.641056,17.214043,14.399999,18.374853,18.957237
Burkina Faso,Sub-Saharan Africa,Low income,GFDD.AI.01,-732.3446,483.45587,1701.7006,6670.9033,5808.564,7342.4897,8152.029,7925.3804,6822.1924,7954.578,3752.0073,2190.7305,1587.4578,2586.3499,54.40522,108.44709,57.73231,61.502064,69.03553,71.013054,78.63754,90.51074,105.434044,112.24035,126.51053,141.16737,161.2505,174.159,178.34627,181.78775,194.05963
Burkina Faso,Sub-Saharan Africa,Low income,GFDD.DI.04,89.27964,85.12743,82.807175,79.37549,70.58257,65.621284,66.18022,70.48595,69.70037,67.21937,69.59997,73.406784,76.28764,80.47023,82.63617,86.22851,93.64235,94.194046,94.714325,88.467125,89.98452,91.51023,91.17813,92.97349,94.3512,94.68638,94.6519,95.72402,96.41923,96.55524,94.6886
Burkina Faso,Sub-Saharan Africa,Low income,GFDD.DI.05,18.95532,18.88033,19.90649,19.86547,22.13045,23.970291,22.63044,24.67568,21.52618,17.51092,18.62895,16.8469,16.0226,23.15362,20.303558,17.2391,18.01961,20.9207,20.33834,23.5812,24.9989,24.97181,25.91504,27.74614,29.56335,34.45037,34.31491,38.75124,39.27293,40.69167,44.99454
Burkina Faso,Sub-Saharan Africa,Low income,GFDD.DI.06,2.291399,2.441832,2.5437572,2.901581,4.2615027,4.6877637,4.479411,5.6073813,5.612111,4.96949,4.951332,4.737013,4.477271,3.7568932,3.30061,2.78787,1.255059,1.088622,1.057649,2.2121649,2.0943599,1.968013,2.216949,2.074372,1.910473,1.939177,1.8305061,1.525248,1.294723,1.312943,2.1926239
Burkina Faso,Sub-Saharan Africa,Low income,GFDD.DI.11,-5.208659,-1.7598852,0.033542484,-0.13574748,-0.3136985,0.9493341,0.23917796,0.071816005,0.31473178,0.8467569,-0.7584388,0.5207093,0.4832319,0.578977,0.61505115,0.72200096,0.7710771,1.1353341,1.1070755,1.1174908,1.7960131,1.7447159,1.6546737,1.7885145,1.8730038,2.1785507,2.1978786,2.2353487,2.4506574,2.9024558,1.3853673
Burkina Faso,Sub-Saharan Africa,Low income,GFDD.DM.11,7.2571535,8.795857,12.045006,17.84654,15.896584,17.39473,16.349052,16.368505,16.556625,24.311338,18.94086,20.13713,19.45454,20.107922,18.319687,0.6628042,0.15154551,1.178941,1.685219,2.236104,5.600696,17.85294,8.4222355,12.89377,19.362888,25.687939,24.301159,27.22718,23.728529,25.95474,9.493344
Burkina Faso,Sub-Saharan Africa,Low income,GFDD.EI.08,2.074426,1.5289091,1.399915,1.327239,2.984776,2.043821,1.7525691,1.7491661,1.757412,1.249025,1.0146999,2.525999,2.4051762,3.1579108,2.342461,2.789908,2.6235042,2.75389,3.256344,1.8994961,3.543234,4.502107,4.934707,4.977083,6.710266,7.3968687,6.6400657,6.743122,7.9762,8.556563,10.02587
Burkina Faso,Sub-Saharan Africa,Low income,GFDD.OI.02,10.88817,10.94618,11.05078,10.96846,12.581261,12.84274,11.40855,12.20183,11.1029005,10.36349,11.550401,11.442731,12.40701,13.382561,13.893001,12.38191,13.72274,15.22153,15.1119,17.7521,20.57537,21.508461,22.18998,24.519331,25.73665,30.064308,30.508518,33.18142,32.68209,33.597347,37.89609
Burkina Faso,Sub-Saharan Africa,Low income,SH.STA.BRTC.ZS,44.824093,43.656322,43.289356,41.5,41.708702,40.15004,39.617893,39.274815,39.683285,31.0,42.657703,45.37742,46.954975,37.8,50.779514,52.862373,53.499996,55.439865,56.48571,57.324753,65.899994,58.999134,59.83167,60.887093,61.880093,79.799995,62.85763,63.375668,63.449596,63.319073,61.186977
Burkina Faso,Sub-Saharan Africa,Low income,SL.IND.EMPL.ZS,10.899048,3.16,3.21,3.25,3.33,3.68,4.07,4.55,5.07,5.68,6.34,7.11,8.000001,9.05,10.2,11.490001,13.020001,14.69,16.49,18.540003,20.780003,23.23,25.83,28.63,31.550001,29.85,28.21,26.670002,25.25,25.16,11.38988
Burundi,Sub-Saharan Africa,Low income,DT.TDS.DPPF.XP.ZS,41.67553,29.571152,35.336075,35.47548,38.977673,27.272074,53.357914,30.1662,41.307552,46.168945,34.836357,46.406868,54.565624,62.118103,134.72195,40.407482,20.360188,18.466946,11.862344,16.48222,2.3281035,4.2070556,8.867551,13.559198,13.564358,13.918494,16.019136,9.554008,9.932482,9.777976,10.715088
Burundi,Sub-Saharan Africa,Low income,EG.ELC.ACCS.ZS,-6.5932536,-8.247373,-7.6059723,-6.133157,-5.312698,-5.2612658,-5.945269,-6.2630625,3.9,2.070949,2.4632366,2.79742,3.1240184,3.4453816,3.763859,3.2073169,2.6599998,4.7259464,4.8,5.399017,5.3,6.122684,6.4999995,6.9,7.0,8.427652,9.34841,9.3,10.884909,11.356528,11.735556
Burundi,Sub-Saharan Africa,Low income,GFDD.AI.01,79.432915,1798.7852,3221.76,4752.6553,6376.217,7837.177,8816.43,8673.654,9352.663,8398.032,9290.13,6191.499,5967.297,5828.487,12.876283,16.444567,18.55371,19.150566,19.663696,22.524977,30.422468,34.4875,36.35735,28.78398,33.067272,33.068497,924.0192,1988.925,336.95502,1126.415,72.24703
Burundi,Sub-Saharan Africa,Low income,GFDD.DI.04,61.140686,68.38263,71.109795,78.72889,82.15138,75.627884,76.776245,70.45902,70.08659,66.398674,64.6377,64.247055,68.36596,62.98625,59.19362,55.221867,51.42634,58.729073,66.41578,60.574112,68.95693,67.81869,64.159164,68.31496,68.94508,62.21891,62.730774,65.20552,71.269714,76.88815,77.19
Burundi,Sub-Saharan Africa,Low income,GFDD.DI.05,15.79613,17.039541,16.91961,17.745739,23.02166,19.817728,22.34989,18.60038,15.798469,19.11073,17.174799,17.03081,21.060339,23.77882,22.13838,22.9586,26.073599,26.68498,29.180017,25.39635,27.68697,26.3079,25.61012,25.41183,26.106571,22.373089,23.941109,27.05107,32.90134,39.33294,46.649418
Burundi,Sub-Saharan Africa,Low income,GFDD.DI.06,8.065702,6.4906125,5.4270997,4.222045,3.914683,4.811905,5.336772,6.395654,7.187663,8.693224,9.575106,9.670891,10.09341,12.419179,13.063841,12.96326,16.10082,12.601419,9.1419735,11.66098,10.31095,11.64106,12.424069,10.6678705,10.99611,13.45711,15.68379,14.76579,14.705871,13.86776,15.86025
Burundi,Sub-Saharan Africa,Low income,GFDD.DI.11,-7.4310865,-4.1309533,-2.4831405,-1.9837371,-2.0587525,-2.7787898,-3.643683,-4.0142217,-4.821625,-4.166848,-3.4377806,-3.1251469,-3.710496,-4.553048,-5.789692,-5.6073084,-4.38218,-3.4990313,-3.0777695,-3.0417688,-3.5808036,-3.8616548,-2.642171,-2.2445312,-1.8611661,-1.5577409,-0.8424459,-0.9615535,-0.42892447,1.2650433,0.46818304
Burundi,Sub-Saharan Africa,Low income,GFDD.DM.11,11.669564,13.6615505,16.938704,19.301104,20.532654,20.935385,20.345596,21.587288,21.47113,25.443382,29.096699,25.96798,26.004541,25.316845,25.292282,28.32029,25.243103,23.641085,22.083052,20.784485,21.325363,18.002518,0.0109218,8.475638,5.698905,4.770326,4.7918873,4.271671,4.3594804,16.74346,16.326887
Burundi,Sub-Saharan Africa,Low income,GFDD.EI.08,4.202944,3.4171062,2.773475,1.7701961,3.451059,3.252353,3.9927592,3.7184598,3.5995202,2.9568102,0.5520341,1.237261,1.6847591,1.184379,1.7777911,1.627651,1.395977,2.961524,4.305877,3.4354448,4.728955,3.191676,2.276676,3.697123,5.158222,5.800364,9.108393,12.033919,18.01376,25.053009,27.25154
Burundi,Sub-Saharan Africa,Low income,GFDD.OI.02,9.534809,11.14402,10.74366,10.91416,14.577141,11.77887,13.089511,11.464931,9.5366125,12.38829,11.77503,12.28645,15.36408,18.325771,16.2726,17.11847,20.13199,19.67306,20.60315,19.494871,21.942701,20.71108,20.32934,20.39517,21.27775,18.05502,18.98583,21.356121,26.63407,31.918419,38.35304
Burundi,Sub-Saharan Africa,Low income,SH.STA.BRTC.ZS,35.305588,34.542564,34.17669,34.53259,34.477375,33.771404,32.89088,31.976501,30.454628,30.196165,25.2,33.171177,34.385227,35.220882,36.944843,31.800001,38.725044,40.323883,41.799503,42.398544,60.3,44.118156,78.4,46.81921,47.85565,48.38478,47.62467,85.1,49.342995,47.799595,48.4207
Burundi,Sub-Saharan Africa,Low income,SL.IND.EMPL.ZS,8.558476,2.53,2.49,2.45,2.4,2.33,2.26,2.22,2.2,2.23,2.26,2.3,2.35,2.41,2.44,2.54,2.61,2.71,2.8,2.91,3.02,3.13,3.25,3.37,3.5,3.48,3.48,3.47,3.41,3.35,8.085846
Cabo Verde,Sub-Saharan Africa,Lower middle income,DT.TDS.DPPF.XP.ZS,8.888551,14.513418,18.585829,12.085771,14.027749,10.277453,7.4487276,10.454773,16.877174,15.880982,11.07848,8.174062,11.870176,7.269424,7.9273515,9.573611,6.429393,4.9778433,4.250071,5.6259336,5.4416375,4.7445226,4.5340652,4.5762143,4.7782435,6.226534,5.90719,6.1410418,5.607596,5.914256,13.35031
Cabo Verde,Sub-Saharan Africa,Lower middle income,EG.ELC.ACCS.ZS,60.37023,54.809544,51.336082,51.7722,53.888016,60.396355,61.617287,64.18703,69.45987,67.474144,58.42233,60.16152,58.6,63.6195,65.34299,67.0,68.79076,70.5201,72.256676,74.00319,81.1,82.35625,83.358765,84.33935,85.30791,86.35784,87.54493,88.69096,90.41175,91.4,94.16174
Cabo Verde,Sub-Saharan Africa,Lower middle income,GFDD.AI.01,1983.3469,2149.9172,2545.8145,3701.7004,4931.452,6341.171,6237.341,5431.2197,4964.0444,1952.2086,2196.9314,1718.0929,1453.5472,1157.401,922.16376,1103.2228,1177.9974,1271.7523,1398.9677,1234.8752,1457.4302,1554.4673,1643.6057,1704.8856,1770.7971,1856.7504,1847.2463,2054.4768,2122.371,2187.0674,2007.5201
Cabo Verde,Sub-Saharan Africa,Lower middle income,GFDD.DI.04,10.229461,8.656647,8.198141,39.28815,69.72569,74.13623,75.34109,76.91172,79.10414,79.71865,76.04236,75.50848,77.47833,78.49813,80.74543,82.532745,86.179184,87.72267,89.23232,90.40018,91.17022,92.67216,92.78534,93.11728,93.45097,93.872765,94.36377,94.046394,94.43408,94.527054,95.06696
Cabo Verde,Sub-Saharan Africa,Lower middle income,GFDD.DI.05,33.92381,34.9143,42.62973,49.78881,66.196434,67.1201,67.75697,67.5847,61.45459,59.958603,64.369286,65.69694,71.55587,71.095604,76.16769,83.992676,87.7357,77.57124,75.563866,77.500565,80.10378,78.47814,82.07926,89.440765,95.64869,98.88468,102.570206,104.626305,99.96299,102.0194,125.2991
Cabo Verde,Sub-Saharan Africa,Lower middle income,GFDD.DI.06,41.37543,46.946323,51.92074,23.42227,16.99129,16.33223,15.45857,15.71972,13.245641,11.6129,16.15221,17.04159,16.856411,16.00418,14.546729,13.69576,10.98587,8.669386,7.875944,7.6236157,7.423839,6.547482,6.3496985,6.162657,6.033865,5.6597567,5.239188,5.695229,5.270842,4.869272,5.477985
Cabo Verde,Sub-Saharan Africa,Lower middle income,GFDD.DI.11,2.2025743,5.146732,7.104745,5.8285356,5.459435,1.3803499,1.5985699,1.355111,1.4901682,1.3953453,1.4189457,1.3095801,1.3002393,1.4579622,1.4865972,1.471998,1.5273634,1.6914212,1.719487,1.7484636,2.023351,2.1940181,1.9787426,2.013886,2.0779557,1.9901457,3.0883374,3.6696398,3.5449872,3.7730532,4.8748164
Cabo Verde,Sub-Saharan Africa,Lower middle income,GFDD.DM.11,6.3197794,9.763479,13.370992,14.165768,14.605344,15.182391,12.03278,11.456901,14.120711,14.063778,15.806467,15.874816,14.660793,12.957484,11.851258,12.957799,12.365654,11.066082,9.338411,7.92338,6.677342,5.5888743,1.069204,2.5994911,3.1508222,4.596292,7.182005,10.76901,11.43608,11.10908,14.19802
Cabo Verde,Sub-Saharan Africa,Lower middle income,GFDD.EI.08,6.148384,5.8380294,5.5453176,1.507624,17.88538,19.980412,20.743319,20.644,18.404469,5.7718034,11.911699,21.30962,23.517262,22.25693,22.2983,24.094868,22.31115,17.34846,13.792319,14.643779,15.667729,17.5255,17.81552,19.69777,23.3102,25.33617,26.95839,27.973148,29.776878,25.92152,33.00285
Cabo Verde,Sub-Saharan Africa,Lower middle income,GFDD.OI.02,40.348034,39.147167,40.484947,40.789948,53.871567,54.45678,56.671368,56.960407,51.5779,49.983757,54.361458,56.034668,62.67659,62.902096,67.90031,75.1336,79.7942,70.68781,69.09548,71.344315,74.12022,72.812294,76.820076,84.22919,89.98112,93.228516,96.978386,99.21488,94.74351,96.87713,116.337105
Cabo Verde,Sub-Saharan Africa,Lower middle income,SH.STA.BRTC.ZS,68.94051,66.5194,64.64986,66.1675,67.98202,53.999996,71.850235,72.947105,88.5,74.8505,77.60001,79.47713,81.057945,82.23121,84.0048,77.5,76.399994,74.4,74.6,75.6,98.5,98.7,94.037025,92.299995,95.600006,91.399994,92.6,92.4,94.576996,94.31808,94.406975
Cabo Verde,Sub-Saharan Africa,Lower middle income,SL.IND.EMPL.ZS,19.006357,17.91,18.03,18.18,18.39,18.63,18.96,19.29,19.670002,20.05,20.46,20.86,21.300001,21.66,21.98,22.31,22.580002,22.780003,22.95,23.05,23.080002,22.97,22.83,22.66,22.49,22.31,22.080002,21.910002,21.88,21.800001,21.291395
Cambodia,East Asia & Pacific,Lower middle income,DT.TDS.DPPF.XP.ZS,14.456012,14.368445,3.8281443,9.58802,0.15226622,0.6726197,0.91041225,0.87312573,0.9452787,1.1350904,0.66238874,0.85788655,0.84248036,0.94724435,0.798365,0.7255595,0.5725103,0.5711394,0.75455576,0.93805164,0.98141384,0.9012859,0.9798295,1.1161523,1.0927165,1.0017654,1.2684935,1.304536,1.3999777,1.4282023,1.7151629
Cambodia,East Asia & Pacific,Lower middle income,EG.ELC.ACCS.ZS,30.388323,27.486008,26.58117,22.918537,23.700354,24.888596,23.641838,24.341183,18.67,8.820037,16.6,14.624778,18.187098,19.3,25.298382,20.5,32.40758,35.967632,26.399998,43.112152,31.1,50.307262,53.930565,57.573696,56.1,64.91042,69.54431,89.07,81.07565,84.0,86.4
Cambodia,East Asia & Pacific,Lower middle income,GFDD.AI.01,-145.87238,736.0866,1566.1935,1852.5359,3403.7231,6612.445,6464.1826,6313.626,7635.269,3718.7532,4789.0894,2051.2131,869.73145,558.0756,1337.178,-1849.9163,-1474.8805,-2813.281,-2244.7632,-1675.9923,-180.24777,-746.2605,-58.08073,-174.31808,39.021023,-215.7524,-257.2441,-468.29297,-649.75,-712.60724,-1470.0209
Cambodia,East Asia & Pacific,Lower middle income,GFDD.DI.04,71.41947,67.77649,64.27446,43.82081,52.47509,57.91825,67.32549,75.26847,69.6046,73.214714,76.83113,77.66178,80.373955,84.124,87.39041,89.21528,92.334404,95.40965,97.24626,97.4057,97.86029,98.13457,98.7139,99.12984,98.927284,99.3142,99.29736,99.39924,99.7942,99.96932,99.98479
Cambodia,East Asia & Pacific,Lower middle income,GFDD.DI.05,39.993458,38.191113,39.96192,4.894462,6.362329,7.6965656,9.906823,10.47648,10.49521,10.78416,12.99838,14.112339,17.23495,18.0113,19.9868,19.26878,23.366049,32.21116,28.36015,37.47942,41.60581,39.07434,50.09768,55.53484,67.074745,72.40213,79.1748,88.17651,100.698906,107.6554,131.9093
Cambodia,East Asia & Pacific,Lower middle income,GFDD.DI.06,10.20122,11.813969,11.813293,3.085119,3.0643458,2.5743,2.320994,2.082551,2.461959,2.116043,1.930219,1.7344111,1.603373,1.453391,1.358448,1.110967,0.99824435,0.8761359,0.66421473,0.6548249,0.6022917,0.5370111,0.5053641,0.45028338,0.6739287,0.5124709,0.5765929,0.52272666,0.20504141,0.035042398,0.021735601
Cambodia,East Asia & Pacific,Lower middle income,GFDD.DI.11,6.6581826,9.393718,8.335164,7.638358,7.5271645,6.8055387,6.1170545,5.800192,5.350725,7.0890517,7.4226356,7.940955,7.207183,6.295553,6.160194,0.42135394,0.438856,0.57429844,15.550778,15.729659,10.890373,15.551232,11.636836,11.866557,13.253545,13.445226,14.873168,21.975683,18.029045,18.194374,18.471565
Cambodia,East Asia & Pacific,Lower middle income,GFDD.DM.11,12.104321,13.189281,16.128925,19.168446,20.353392,23.923758,20.668482,20.651426,24.659494,23.545227,28.206577,26.354162,23.842936,21.955286,23.257524,455.1721,432.1273,385.0497,334.0952,341.6998,19.358671,468.4827,19.38065,18.906673,20.57496,20.710463,22.254948,460.4241,22.387194,22.392715,22.484064
Cambodia,East Asia & Pacific,Lower middle income,GFDD.EI.08,7.3127437,6.832954,6.5512743,6.9303184,6.863605,64.14735,60.041824,61.427284,52.62656,8.234326,20.96198,41.962673,9.240073,9.339089,9.505363,11.4825535,70.47977,33.11015,17.39476,19.72165,16.10887,15.398829,32.67829,44.64109,43.152195,41.737625,54.931423,60.44763,58.28218,60.47823,17.106577
Cambodia,East Asia & Pacific,Lower middle income,GFDD.OI.02,43.244987,39.94614,43.84527,2.075694,3.8185148,4.718054,6.648406,6.9668612,6.151796,7.121964,9.486244,10.401501,12.648261,13.06021,14.677441,14.25699,17.93482,26.4732,22.80032,30.407179,34.9007,31.643078,43.226868,48.10421,58.333675,64.00486,71.00856,78.89191,91.57049,96.717316,118.84041
Cambodia,East Asia & Pacific,Lower middle income,SH.STA.BRTC.ZS,51.895927,49.8875,49.22557,51.70131,51.88289,43.3,52.632,53.00205,34.0,52.281265,31.800001,56.798687,58.67671,60.460506,16.3,43.8,43.8,71.03786,71.68247,74.96429,71.0,71.7,74.0,81.91928,89.0,85.968864,87.61124,87.81066,87.65815,87.25053,87.34889
Cambodia,East Asia & Pacific,Lower middle income,SL.IND.EMPL.ZS,14.839786,6.02,6.18,6.28,5.77,6.09,6.34,6.61,6.88,7.6100006,8.540001,11.000001,11.500001,11.900001,12.54,13.280001,14.000001,14.72,15.130001,15.62,16.040003,16.470001,17.76,19.280003,23.77,24.92,25.76,25.49,27.020002,27.910002,18.679256
Cameroon,Sub-Saharan Africa,Lower middle income,DT.TDS.DPPF.XP.ZS,13.002229,12.33195,11.223966,18.568182,16.784243,17.230421,18.424892,17.273859,17.960947,16.5757,14.2570305,7.1656117,8.842101,9.775393,12.8478155,14.354504,10.725606,3.9504635,2.6466997,2.5946088,2.6288257,2.4966025,1.5461437,1.8556632,5.5739756,6.0242295,7.369094,6.582235,8.492416,8.7922,14.092934
Cameroon,Sub-Saharan Africa,Lower middle income,EG.ELC.ACCS.ZS,34.71255,28.999998,32.697525,33.849194,34.999504,36.147774,37.293324,38.435474,40.7,40.706776,41.0,46.2,44.0404,45.123013,47.1,47.28193,48.999996,48.2,50.541397,51.644154,52.759556,53.7,55.039154,56.207813,56.8,58.595592,59.808777,61.030865,62.2,63.489876,64.72137
Cameroon,Sub-Saharan Africa,Lower middle income,GFDD.AI.01,1210.5251,5113.097,4270.5166,5308.5728,6306.1504,7523.738,8288.971,8041.7905,8575.953,5858.2837,6140.526,3008.4136,2598.2668,2378.8918,1.1695061,1193.328,1939.4292,286.27274,45.995037,43.481785,53.41382,49.84488,52.689373,59.733883,66.56658,83.67534,87.385185,82.983406,132.49034,130.65543,118.91853
Cameroon,Sub-Saharan Africa,Lower middle income,GFDD.DI.04,89.77522,78.40406,64.52682,64.33394,63.59177,63.99319,63.078278,62.296978,64.668106,63.76596,64.86813,63.075138,63.91969,66.579094,68.76229,75.91519,86.23465,92.65385,98.951004,94.54632,94.64049,95.49688,92.27476,93.57099,93.910706,91.107704,90.10432,81.088615,81.654076,81.674576,81.885216
Cameroon,Sub-Saharan Africa,Lower middle income,GFDD.DI.05,21.23368,21.628939,18.82931,11.91882,13.98185,11.958869,10.2738495,10.978169,11.17856,11.85882,13.40121,14.4314995,15.575789,14.67832,14.572441,14.752839,15.31709,16.783,17.68142,17.689371,19.273209,19.877659,17.82026,18.35454,19.27258,19.78317,19.740599,19.89719,21.40187,23.1553,27.929026
Cameroon,Sub-Saharan Africa,Lower middle income,GFDD.DI.06,3.916696,9.59212,10.37693,6.9638677,6.8891573,6.236804,6.001607,5.376944,5.38067,5.6648912,5.785778,6.230201,6.0166645,5.293409,4.461299,3.2383761,1.57282,0.77562886,0.1124019,0.6227135,0.6436601,0.6351248,1.2676951,1.113803,1.08619,1.722598,2.0145972,4.218059,4.334167,7.3920364,8.5792885
Cameroon,Sub-Saharan Africa,Lower middle income,GFDD.DI.11,-7.581677,-5.7869387,-3.9720292,-3.4359484,-3.5231001,-3.951351,-4.4466996,-4.697365,-4.8926415,-3.947118,-3.6520908,1.446745,1.609285,1.6226746,1.6003153,1.6079038,1.5597835,1.5715333,1.4965904,1.581004,1.6683768,1.7324785,1.733185,1.7541206,1.7488337,1.7836857,1.8591552,1.875503,1.8804945,-3.6638882,-2.2809165
Cameroon,Sub-Saharan Africa,Lower middle income,GFDD.DM.11,1.9159938,6.855457,8.073869,11.0448885,12.360212,11.77789,10.56517,10.4183035,12.711206,14.72161,17.887857,17.46048,16.495483,15.513582,17.996029,14.224827,15.500461,12.756026,11.917203,10.505204,9.11822,10.053631,0.0005736,0.0005393,0.0009679999,0.000982,0.0009009,0.00095569994,0.0006045,4.9729886,5.2271576
Cameroon,Sub-Saharan Africa,Lower middle income,GFDD.EI.08,6.592082,6.9160547,5.2295303,5.391707,5.265967,4.7496104,3.757726,3.71696,3.676093,3.462993,3.59007,3.690404,3.3863132,3.168858,2.784417,2.633511,2.4570491,2.259367,2.145193,2.1347451,1.9815531,2.1102152,2.870795,3.4268222,3.181321,3.6414008,4.154845,4.188035,4.796144,5.365594,5.3722553
Cameroon,Sub-Saharan Africa,Lower middle income,GFDD.OI.02,16.48109,16.49575,14.091511,9.356668,11.185771,10.017631,8.499506,8.021796,7.9644914,8.441657,9.815643,10.678861,11.625451,11.3491,11.169711,12.002971,12.53872,13.34762,13.99379,14.19867,15.50872,16.307331,14.051921,14.868661,15.61419,15.443601,15.1211195,15.1638,16.532091,16.80967,29.992954
Cameroon,Sub-Saharan Africa,Lower middle income,SH.STA.BRTC.ZS,57.698494,58.399994,54.939266,54.89584,54.785576,54.499435,53.92436,53.661263,55.0,54.225594,56.0,58.247208,59.68985,60.6305,58.9,62.054585,58.9,64.371315,66.81749,67.72774,68.408455,56.1,70.13763,70.994644,64.7,72.67652,73.31565,73.709656,69.0,73.39628,73.420784
Cameroon,Sub-Saharan Africa,Lower middle income,SL.IND.EMPL.ZS,13.666877,9.94,9.83,9.71,9.640001,9.57,9.520001,9.500001,9.540001,9.6,9.68,9.8,10.020001,10.240001,10.45,10.67,10.92,11.17,11.510001,11.93,12.29,12.71,13.17,13.620001,14.08,14.23,14.33,14.42,14.42,14.42,12.913372
Canada,North America,High income,DT.TDS.DPPF.XP.ZS,9.915258,8.868003,8.517349,8.104866,7.753852,7.639691,7.678384,7.6340904,7.6147227,7.1957035,6.885731,6.716962,6.629465,6.3196397,6.1077685,5.775022,5.484678,5.2722793,5.0835233,5.222894,5.183563,5.1428986,5.194213,5.4689307,5.929806,6.230132,6.272188,6.120682,6.0481873,6.8009696,8.246747
Canada,North America,High income,EG.ELC.ACCS.ZS,100.0,100.0,100.0,100.0,100.0,100.0,100.0,100.0,100.0,100.0,100.0,100.0,100.0,100.0,100.0,100.0,100.0,100.0,100.0,100.0,100.0,100.0,100.0,100.0,100.0,100.0,100.0,100.0,100.0,100.0,100.0
Canada,North America,High income,GFDD.AI.01,920.1908,250.05716,226.65428,746.1015,1631.2782,2304.007,2961.2065,2150.8523,522.94055,-890.58997,-1617.8579,-2180.3542,-2082.1658,-2261.553,-2484.434,-2686.7825,-2808.186,-2449.5037,-2021.8256,-1630.07,-1970.1729,-2385.4841,-2530.2021,-2271.833,-2014.8866,-1927.9479,-2084.338,-2231.6497,-2247.4653,-2266.9717,-1839.6233
Canada,North America,High income,GFDD.DI.04,96.481094,96.35506,96.52557,96.53608,96.502335,96.8616,96.84644,96.85777,96.81952,96.40812,96.57081,97.50714,97.450165,97.428566,97.49424,97.59113,97.83566,97.7021,98.2791,95.53743,95.00261,94.811714,94.8958,94.94485,94.54421,93.77587,93.0516,92.59425,92.33824,92.308754,91.02419
Canada,North America,High income,GFDD.DI.05,72.9894,75.17018,78.13627,76.53128,75.51556,75.257,75.73799,74.95606,74.02822,72.732735,70.56787,128.2576,126.2773,120.9755,122.0104,124.20811,132.79431,111.243904,121.890205,71.51758,71.536224,73.448845,74.55477,75.95072,76.4661,77.08859,76.4228,76.05829,77.49024,82.01762,87.73948
Canada,North America,High income,GFDD.DI.06,2.8754811,3.1485958,3.113291,3.137462,3.166274,2.809453,2.951732,2.980397,2.949982,3.2256207,2.962832,3.390962,3.3788579,3.281607,3.2334979,3.264727,3.2251499,3.148844,2.473641,2.9066088,3.508826,3.500477,4.119418,4.639193,4.535302,4.72795,4.771214,4.693083,4.656212,4.452665,17.73122
Canada,North America,High income,GFDD.DI.11,15.196021,17.227402,18.993486,19.517347,19.28804,18.260237,17.26627,17.07997,17.730728,20.259527,20.958122,20.468409,19.768856,25.761131,26.279093,26.922039,28.421345,28.469805,30.256186,37.532608,36.90081,60.916553,62.328365,66.0034,70.10594,77.08052,77.84885,73.648026,70.19577,74.10014,83.683266
Canada,North America,High income,GFDD.DM.11,2.4524925,6.563202,8.923343,10.477375,10.036553,8.304647,6.5132103,6.0747433,7.494623,3.327921,3.3520992,3.421185,4.7320557,5.159701,6.018244,7.46666,9.997709,11.05771,7.7148037,9.868706,10.09027,9.130762,10.99281,11.77182,13.86561,17.66142,20.59826,22.11705,23.16806,26.7983,30.47927
Canada,North America,High income,GFDD.EI.08,5.771667,8.245116,9.963726,11.90597,12.607389,12.758579,12.015229,10.340979,9.941049,9.328453,9.450208,11.283509,11.29482,11.096299,10.3668995,10.605089,11.668699,10.34997,17.16981,9.321393,9.695179,10.395226,10.681764,10.696778,10.601782,10.50874,10.551822,10.910948,11.266808,11.5104685,11.9385605
Canada,North America,High income,GFDD.OI.02,50.024216,48.304512,49.303974,49.173573,49.000526,49.146404,49.71405,50.355415,50.564346,52.029728,52.634792,149.5473,147.141,140.61131,139.41501,143.9293,154.1476,108.408295,118.95721,63.226814,62.51119,63.323345,63.754513,64.382675,65.818184,66.75419,66.13838,65.6401,66.57129,70.9436,76.62132
Canada,North America,High income,SH.STA.BRTC.ZS,100.0606,99.100006,99.6,99.4,99.3,99.4,99.200005,99.3,99.3,99.200005,99.3,99.3,99.3,98.899994,99.00001,98.799995,98.799995,98.799995,98.7,98.6,98.5,98.4,98.100006,97.99999,97.899994,97.899994,97.799995,97.899994,97.99999,99.988625,100.31645
Canada,North America,High income,SL.IND.EMPL.ZS,25.528936,23.88,23.18,22.51,22.670002,22.930002,22.75,23.060001,23.12,23.12,23.29,23.060001,23.23,22.97,23.05,22.690002,22.11,21.670002,21.46,20.29,20.15,20.29,20.46,20.33,20.18,19.92,19.670002,19.53,19.57,19.25,21.074144
Cayman Islands,Latin America & Caribbean,High income,DT.TDS.DPPF.XP.ZS,11.490492,11.527297,10.88945,10.077811,9.467575,9.321248,9.480231,9.65222,9.800629,9.456561,8.888257,8.49124,8.488796,8.216245,7.5085416,6.7188363,6.152133,5.88729,5.7551994,5.5917807,5.3013854,5.1534514,5.1631827,5.735916,6.4678965,7.0581927,7.094364,6.688114,6.559436,7.135101,8.481638
Cayman Islands,Latin America & Caribbean,High income,EG.ELC.ACCS.ZS,99.846924,99.878815,99.91024,100.0,100.0,100.0,100.0,100.0,100.0,100.0,100.0,100.0,100.0,100.0,100.0,100.0,100.0,100.0,100.0,100.0,100.0,100.0,100.0,100.0,100.0,100.0,100.0,100.0,100.0,100.0,100.0
Cayman Islands,Latin America & Caribbean,High income,GFDD.AI.01,-1923.5061,-1681.7141,-1518.5331,-923.2978,408.051,1481.9108,2394.3945,1538.4415,-621.3595,-2662.0977,-3704.3486,-3987.8984,-3825.4082,-3859.045,-4314.5527,-4665.2026,-4592.8716,-4121.571,-3559.6194,-3268.879,-3668.3215,-4340.7305,-4607.4165,-4203.4775,-3618.5132,-3406.4531,-3713.5251,-4064.8113,-4261.2075,-4170.8154,-3785.7537
Cayman Islands,Latin America & Caribbean,High income,GFDD.DI.04,89.299065,89.158806,89.36457,89.68018,90.04979,90.602,90.59674,91.22281,90.94729,90.880394,90.86008,91.112404,91.00173,90.716675,90.86052,91.03664,92.09295,92.791954,92.55715,91.80551,91.20002,91.12976,91.45709,91.50489,91.1531,90.332794,89.64627,89.566345,89.81507,89.86325,89.47081
Cayman Islands,Latin America & Caribbean,High income,GFDD.DI.05,49.701286,49.672493,50.935753,53.296875,54.241863,53.261814,52.766937,53.67338,54.945366,55.577168,54.80754,54.705803,55.052776,55.035976,54.682945,53.505215,56.453976,57.018375,58.220573,60.67647,61.596638,62.30069,64.064445,65.78295,66.33802,66.86947,66.88589,67.13464,69.055115,72.442726,75.30395
Cayman Islands,Latin America & Caribbean,High income,GFDD.DI.06,7.919898,9.021521,9.105739,8.622963,8.032543,7.853752,8.093639,8.46806,8.406905,8.247144,7.9771366,7.8697796,8.206282,8.425834,8.27237,8.010303,7.141576,6.807386,7.170983,7.6911907,7.795052,7.38825,7.3271346,7.6369605,8.390984,9.233263,9.749592,9.553245,9.387601,9.295219,9.009307
Cayman Islands,Latin America & Caribbean,High income,GFDD.DI.11,8.9746685,12.256534,14.698703,15.741561,15.697704,14.658931,13.382782,12.987797,13.58686,15.012368,15.946066,15.600236,14.5703745,13.570598,13.388864,12.844361,15.100719,15.63822,15.718665,15.346127,14.729133,14.553043,14.674732,15.043269,15.433034,16.086678,16.739088,16.812931,17.481895,18.34639,17.838375
Cayman Islands,Latin America & Caribbean,High income,GFDD.DM.11,-3.400899,-0.6168752,3.4187708,6.196547,6.0479326,3.1339073,-0.39685062,-2.0379224,0.62070155,5.7574706,10.613458,12.620298,12.656228,11.890989,12.384201,16.395395,16.907925,19.302128,19.540806,18.467924,16.41164,13.866643,12.483218,13.27223,14.8881855,17.11532,18.222506,18.020823,17.177397,16.719248,17.642132
Cayman Islands,Latin America & Caribbean,High income,GFDD.EI.08,4.560629,5.386159,5.954313,6.1047,5.8570766,5.516332,5.118481,4.8590307,5.0662956,5.0957437,5.1496334,5.317294,5.4670467,5.533534,5.63904,5.8443704,5.4761662,5.3210783,5.2082534,5.31256,5.6348896,6.093632,6.455573,6.437368,6.41884,6.455346,6.631901,6.999493,7.402607,7.7355103,7.695025
Cayman Islands,Latin America & Caribbean,High income,GFDD.OI.02,37.166412,38.021374,39.433865,40.486073,40.51296,40.53838,40.409916,40.40104,41.38814,42.35266,43.255722,44.710724,45.682003,46.12841,46.349606,46.808617,49.25094,50.79482,52.17693,52.603397,51.976376,52.02318,52.768818,53.72446,55.15892,55.83254,55.911266,56.232677,57.42224,59.874798,62.06829
Cayman Islands,Latin America & Caribbean,High income,SH.STA.BRTC.ZS,96.91445,98.134056,98.64688,98.63103,98.443275,98.39336,98.41699,98.51522,98.660576,98.835175,99.11668,99.45555,99.61642,99.504486,99.22736,100.0,98.87235,98.915146,99.05417,98.987114,98.56904,98.10124,98.101036,98.33971,98.92507,99.16042,99.053665,98.680305,98.23221,98.00487,97.94029
Cayman Islands,Latin America & Caribbean,High income,SL.IND.EMPL.ZS,24.001053,24.208956,24.250212,23.892824,23.314508,22.74221,22.269548,22.211903,22.073637,21.840885,21.494324,21.19065,20.954786,20.747135,20.683735,20.809052,20.450916,20.219528,19.87659,19.59033,19.459003,19.402475,19.334259,19.140429,18.913399,18.698717,18.734926,19.093845,19.328346,19.271221,18.798971
Central African Republic,Sub-Saharan Africa,Low income,DT.TDS.DPPF.XP.ZS,12.493658,7.4199047,8.180901,3.7822676,11.826013,18.00491,17.885426,18.148968,18.008823,17.45384,17.514277,15.793776,15.495952,15.3159,15.018431,14.451784,14.793796,13.175572,13.586542,12.534607,13.071551,10.997661,10.966946,11.085992,11.154043,11.142792,10.9641075,10.872689,11.751175,12.077239,13.24763
Central African Republic,Sub-Saharan Africa,Low income,EG.ELC.ACCS.ZS,-0.07967586,-1.5490319,-0.9999819,0.33576334,0.93847793,3.0,3.3349159,3.8302104,4.3214254,4.8077984,6.0000005,5.7360525,6.177054,6.61282,7.0457006,7.4780445,7.8051696,8.350998,7.4800005,9.252875,9.8,10.246648,10.868861,11.469141,12.057397,12.72703,13.533815,14.299541,14.842375,14.299999,15.465084
Central African Republic,Sub-Saharan Africa,Low income,GFDD.AI.01,1342.523,3213.256,4572.842,6131.2617,7765.2197,13013.748,12194.343,12091.908,11248.225,10224.881,11230.404,8048.392,8065.2837,8218.731,8070.4443,7686.0415,9496.684,7007.319,8833.703,22.70012,8574.818,36.906277,39.01711,63.636425,43.14666,53.47959,56.24497,53.62112,4734.557,4259.874,3080.5022
Central African Republic,Sub-Saharan Africa,Low income,GFDD.DI.04,70.64031,58.77109,47.28488,47.537952,41.356,48.74454,47.21576,51.660793,54.98264,55.08635,54.35465,54.976288,55.351772,53.23368,50.48568,47.79976,48.36728,48.48006,48.60931,44.08332,48.28069,52.68312,50.591125,46.37244,47.98701,47.45807,47.37188,43.861958,43.449238,42.00106,61.414978
Central African Republic,Sub-Saharan Africa,Low income,GFDD.DI.05,15.766529,15.24113,15.3166895,17.8347,24.39586,21.59301,24.45348,21.25368,17.0925,17.604969,17.0348,16.05839,15.18555,14.56978,16.42815,18.204859,16.10212,14.56415,15.5291,16.14428,16.90645,17.94099,15.78459,25.57295,26.16564,25.7139,25.20795,24.990688,27.80098,28.70137,19.335682
Central African Republic,Sub-Saharan Africa,Low income,GFDD.DI.06,4.438439,7.1179485,7.553723,7.8265023,8.884285,6.640024,7.310616,5.985226,5.6558537,6.1529717,6.392848,6.5049005,6.735885,7.6227403,9.070977,9.812224,9.8944235,9.740691,10.11687,10.40301,10.60228,10.11454,12.09838,18.29486,17.5981,17.48192,17.31304,17.06404,19.15632,19.22481,8.29732
Central African Republic,Sub-Saharan Africa,Low income,GFDD.DI.11,-5.1497455,-1.8451461,-0.087356366,0.38940176,0.40523663,1.0375811,0.4529689,0.21928844,0.51739764,1.4939264,1.751467,2.4068384,1.4735744,0.26994517,-0.38567194,-0.14572738,0.488328,1.8919235,2.2418876,1.6254025,1.4983835,0.6634884,0.78092796,1.2189658,1.444877,1.8734603,2.392022,2.7795677,3.8629856,4.3262553,4.7723436
Central African Republic,Sub-Saharan Africa,Low income,GFDD.DM.11,19.483818,21.763453,25.385141,27.865347,29.007181,33.327156,30.4098,30.649944,31.258099,35.278725,38.3737,36.109272,36.721394,36.646626,35.801266,35.15212,37.207504,34.46935,35.72257,35.813274,33.03897,30.503412,29.252565,29.509056,29.74185,30.504255,31.017332,30.70514,28.576817,26.952507,26.597137
Central African Republic,Sub-Saharan Africa,Low income,GFDD.EI.08,3.2869482,3.3089502,2.243176,2.662154,2.303328,2.142357,2.026143,1.914366,1.89149,2.923277,3.0296292,2.7735102,2.1794002,2.178481,1.7614971,1.8070071,2.24891,2.340921,2.533563,1.9057351,1.686661,2.349473,1.745293,2.447293,3.6461968,4.2882843,3.509979,2.365697,2.556274,2.408337,2.0694146
Central African Republic,Sub-Saharan Africa,Low income,GFDD.OI.02,5.098979,4.3660417,3.7134447,3.429963,5.662158,3.81611,4.279801,4.268532,3.906021,4.423139,3.42327,3.9707518,3.9793878,3.9461021,4.305446,5.466703,5.505471,7.309729,7.237869,8.12002,8.001207,8.764558,7.5813074,11.18806,11.38793,12.26753,11.92081,11.50251,12.90993,13.90412,30.453802
Central African Republic,Sub-Saharan Africa,Low income,SH.STA.BRTC.ZS,36.23982,35.230206,34.47422,34.48809,34.07756,45.9,30.909695,30.357523,30.391672,30.564003,31.699999,33.214687,33.95477,34.322433,34.672287,35.106308,41.4,36.516434,43.7,43.7,40.0,39.715714,40.38385,41.06373,42.00283,42.560436,43.117847,43.719574,43.267384,43.621662,41.46865
Central African Republic,Sub-Saharan Africa,Low income,SL.IND.EMPL.ZS,9.00394,9.22,9.120001,9.020001,8.910001,8.83,8.660001,8.510001,8.42,8.31,8.19,8.07,7.9700003,7.8500004,7.77,7.69,7.6700006,7.6400003,7.63,7.5400004,7.4200006,7.26,7.09,6.95,6.75,6.56,6.46,6.37,6.3,6.26,6.258408
Chad,Sub-Saharan Africa,Low income,DT.TDS.DPPF.XP.ZS,3.709554,3.6429937,3.619277,6.2103214,7.83153,18.334717,18.81753,20.209164,19.34264,18.776783,18.456097,16.635334,16.260769,15.981233,16.589714,14.864091,13.915254,13.229801,12.57129,12.408279,13.156703,11.891105,11.761585,11.0799,11.079974,12.009952,11.028617,10.843151,10.909312,11.520948,12.886276
Chad,Sub-Saharan Africa,Low income,EG.ELC.ACCS.ZS,-8.2077265,-9.778267,-9.16803,-7.8766975,-7.1127462,-6.8435884,-7.5726724,2.3,2.4203873,2.8062131,3.1798813,3.5271146,3.866763,4.201176,3.5,4.8636937,5.1965566,5.533941,5.8785563,6.2331114,6.3999996,8.98,7.8354063,8.126558,8.405685,7.7,9.263847,10.9,10.11404,8.4,11.080117
Chad,Sub-Saharan Africa,Low income,GFDD.AI.01,1384.0695,3512.1294,4970.7847,6622.3584,8227.514,10341.655,11251.785,14558.468,11934.816,10971.745,11341.509,8082.121,7891.4404,7698.619,9758.381,6852.115,6316.273,5922.668,5623.9717,5444.18,7119.4937,4884.448,4735.3022,24.613972,26.774553,29.922209,31.299013,29.75048,42.418255,39.160294,37.892
Chad,Sub-Saharan Africa,Low income,GFDD.DI.04,78.09752,81.664635,62.08995,50.11073,44.49597,46.520412,44.37419,44.43079,46.28769,40.59977,38.78096,41.80543,45.12959,53.92689,52.24733,54.65639,69.40665,64.60791,72.89282,55.11079,53.84843,58.01332,60.23448,64.001274,70.822136,59.18782,61.36265,58.85468,56.87725,55.59082,62.909046
Chad,Sub-Saharan Africa,Low income,GFDD.DI.05,14.093989,14.19094,13.31847,10.21469,8.452312,11.41124,12.813709,11.206999,9.05852,9.535121,10.912299,10.48026,12.00478,10.13147,7.150327,7.043705,9.693167,9.96534,10.11362,10.85143,11.34179,11.785399,12.385139,13.27745,15.59076,15.86405,15.67745,15.504109,14.907761,17.50227,18.010649
Chad,Sub-Saharan Africa,Low income,GFDD.DI.06,2.7006419,2.610006,5.9914384,7.240492,6.539188,6.085661,6.656185,6.425561,5.5651703,6.914927,8.0451975,7.1326523,6.809951,5.19585,4.00607,3.4621332,1.875967,1.8468381,1.584734,4.292816,4.897242,4.322652,4.457359,4.101553,3.925633,8.242774,10.0576105,10.49763,11.44265,11.70686,8.790096
Chad,Sub-Saharan Africa,Low income,GFDD.DI.11,-4.657478,-1.5932996,0.096251756,0.7618158,0.67115456,2.0014818,1.3492938,0.6889304,0.8221425,2.155514,0.32617402,0.253879,0.22069795,0.25389096,0.16924827,0.12506673,0.118437745,0.10318886,0.10188322,0.118572414,0.10711945,0.13921921,0.15812069,0.2085375,0.2010753,0.22071205,0.23301074,0.23856379,0.23821941,4.529576,5.32986
Chad,Sub-Saharan Africa,Low income,GFDD.DM.11,21.240957,23.005693,26.769026,29.351816,30.609112,32.651745,32.832344,35.64402,33.57137,37.64385,41.75171,38.594738,39.03743,38.539497,40.018326,36.346745,35.655014,34.693752,33.40477,32.46923,33.116173,29.16507,28.022322,28.759792,29.02305,32.46684,30.76276,30.563223,29.559704,26.505861,26.938444
Chad,Sub-Saharan Africa,Low income,GFDD.EI.08,3.458575,5.4529786,3.738136,2.802769,2.038446,1.891262,2.0911272,2.27963,1.874279,1.5574551,2.02192,2.447535,1.922943,2.298855,1.579613,1.642325,2.051542,1.115618,1.235968,1.4476391,1.664024,1.344994,0.9893646,1.267035,1.804747,3.6586092,6.398523,5.420908,5.230217,5.130349,3.4717638
Chad,Sub-Saharan Africa,Low income,GFDD.OI.02,4.6626606,4.483896,3.879971,2.440639,2.912316,3.4954128,3.045342,3.232383,2.673431,3.094706,3.54445,3.761989,4.554234,3.9671261,2.977926,2.663297,4.11241,3.7846942,3.930732,4.4633303,5.0289474,5.58089,6.054403,6.2885222,7.7883806,8.412111,9.051818,8.560082,8.131843,10.13551,25.709839
Chad,Sub-Saharan Africa,Low income,SH.STA.BRTC.ZS,31.577145,30.625296,29.670355,29.385973,29.042301,27.2924,26.345407,14.999999,24.550531,24.661947,13.699999,28.947392,29.832172,30.70502,14.4,32.28471,33.375866,34.196815,35.05753,35.04373,16.6,36.663223,37.41141,39.354347,40.24934,24.300001,40.771477,41.462765,41.80552,41.538357,39.250187
Chad,Sub-Saharan Africa,Low income,SL.IND.EMPL.ZS,8.196899,2.16,2.12,2.06,2.02,1.9800001,1.94,1.92,1.89,1.8700001,1.86,1.89,1.92,1.9500002,1.99,2.03,2.07,2.09,2.11,2.13,2.14,2.13,2.14,2.11,2.09,2.06,2.0100002,1.97,1.9100001,1.88,5.906943
Channel Islands,Europe & Central Asia,High income,DT.TDS.DPPF.XP.ZS,11.742183,10.38451,9.978647,9.284277,8.751862,8.662125,8.756728,8.954946,8.970381,8.608369,8.107633,7.780281,7.8464127,7.670921,7.055382,6.38334,5.945073,5.7989006,5.7273936,5.61983,5.3959436,5.2797165,5.3040323,5.788645,6.3796706,6.7929516,6.7678733,6.4206758,6.2831755,6.726938,8.753077
Channel Islands,Europe & Central Asia,High income,EG.ELC.ACCS.ZS,100.0,100.0,100.0,100.0,100.0,100.0,100.0,100.0,100.0,100.0,100.0,100.0,100.0,100.0,100.0,100.0,100.0,100.0,100.0,100.0,100.0,100.0,100.0,100.0,100.0,100.0,100.0,100.0,100.0,100.0,100.0
Channel Islands,Europe & Central Asia,High income,GFDD.AI.01,-2214.375,-2466.8196,-2573.204,-2142.8718,-1117.8656,-19.962976,917.67365,124.552414,-1861.3031,-3701.2222,-4552.4375,-4688.4766,-4500.453,-4447.6616,-4750.953,-5000.933,-5027.664,-4609.97,-4084.1194,-3886.2585,-4127.6235,-4708.5845,-4901.675,-4537.147,-4060.1648,-3881.0195,-4033.9883,-4401.1787,-4608.5654,-4543.6704,-4195.5405
Channel Islands,Europe & Central Asia,High income,GFDD.DI.04,90.46595,91.64691,91.772255,92.15815,92.52639,92.72097,92.83303,93.401726,93.398315,93.41067,93.322784,93.364876,93.208336,93.03516,93.04555,93.27852,93.939606,94.411385,94.11711,93.509125,93.03317,93.038315,93.23276,93.26738,93.01402,92.230515,91.5764,91.52913,91.80942,92.03172,90.37068
Channel Islands,Europe & Central Asia,High income,GFDD.DI.05,45.703037,45.182693,46.045708,46.991653,48.063084,47.392056,46.788284,47.15234,48.228252,49.04995,48.217884,47.785625,48.261276,48.232876,47.81876,48.038795,49.90904,50.94278,52.39116,54.770836,55.467415,56.158333,57.788036,59.445396,59.808872,60.381165,60.44535,60.387424,61.60472,64.004715,68.894554
Channel Islands,Europe & Central Asia,High income,GFDD.DI.06,7.99979,9.326082,9.342357,8.934666,8.395042,8.07431,8.089754,8.46901,8.490913,8.323705,7.916113,7.761057,7.9536686,8.163322,8.008293,7.451828,6.7565837,6.7279515,7.132484,7.6207156,7.779416,7.579784,7.475096,7.734533,8.396915,9.247567,9.600186,9.240311,9.056432,8.983166,8.969615
Channel Islands,Europe & Central Asia,High income,GFDD.DI.11,4.1939178,7.174161,9.528555,10.673832,10.625826,9.349129,7.887494,7.4848623,8.094944,9.468998,10.291666,9.961321,8.911598,7.9329386,7.8861704,8.647517,9.523873,10.217354,10.364891,9.982844,9.453594,9.390171,9.504107,9.814898,10.140118,10.845614,11.376907,11.473215,12.02443,12.375046,12.697383
Channel Islands,Europe & Central Asia,High income,GFDD.DM.11,-1.180113,2.4101393,5.964357,8.122851,8.202473,5.857268,2.979877,1.9161903,4.41575,8.973931,12.840201,14.1375065,13.7987175,13.277701,13.956559,15.705942,18.204777,20.002666,20.171213,19.014532,17.283812,15.720192,14.586168,14.992559,16.353266,17.915524,18.760334,18.548069,17.906706,17.357044,18.431
Channel Islands,Europe & Central Asia,High income,GFDD.EI.08,5.205454,5.8076153,6.384313,6.5580997,6.3051267,5.8724785,5.5208693,5.317345,5.577818,5.6235957,5.6715803,5.716884,5.8292503,5.9146037,5.9499674,5.903288,5.7886524,5.5594344,5.429541,5.501857,5.9162426,6.5305586,6.8368726,6.8117895,6.7290735,6.6260185,6.710529,7.0434346,7.409613,7.6072564,7.8085556
Channel Islands,Europe & Central Asia,High income,GFDD.OI.02,30.273615,28.972204,30.503956,31.787725,32.41882,32.31952,31.668934,31.633167,32.360435,33.266663,34.481792,35.972298,37.020584,37.251537,37.41218,38.409916,40.218708,41.99664,43.65591,44.07035,43.43662,43.357754,44.023342,44.67935,45.899624,46.77767,46.879623,47.043186,48.025486,49.96038,54.50505
Channel Islands,Europe & Central Asia,High income,SH.STA.BRTC.ZS,98.05456,99.13796,99.65413,99.82572,99.67049,99.39393,99.26379,99.29333,99.45002,99.64507,99.96143,100.23171,100.34437,100.21259,99.76038,99.42094,99.30097,99.513664,99.672035,99.55701,99.18606,98.79217,98.69155,98.86176,99.3422,99.69139,99.58198,99.15164,98.66649,98.38391,98.643875
Channel Islands,Europe & Central Asia,High income,SL.IND.EMPL.ZS,28.369955,36.86,36.64,36.48,36.39,36.19,35.95,35.72,35.45,35.17,35.05,34.25,33.48,32.64,32.08,31.639997,31.42,31.220001,30.460001,29.280003,28.780003,28.27,27.79,27.38,27.020002,26.62,26.16,25.670002,25.15,24.64,22.245813
Chile,Latin America & Caribbean,High income,DT.TDS.DPPF.XP.ZS,11.979903,11.2821245,11.212526,10.449057,10.006356,9.64737,9.539546,9.325248,9.07413,8.360999,8.020367,7.78696,7.665533,7.5698223,7.286505,6.846585,6.4656663,6.1780753,5.896932,5.722615,5.5888057,5.504963,5.519565,5.7331543,6.0353894,6.244517,6.243456,6.0861163,6.2876496,6.535789,7.5951023
Chile,Latin America & Caribbean,High income,EG.ELC.ACCS.ZS,92.25742,94.781624,94.56006,95.27373,95.518074,95.76038,95.61732,96.23617,97.24113,96.69555,97.93869,97.11581,97.28368,98.782326,97.60609,97.76531,99.36811,98.09202,98.26487,99.59366,99.5384,99.588196,100.0,99.600006,100.0,99.71484,100.0,99.7,100.0,100.0,100.0
Chile,Latin America & Caribbean,High income,GFDD.AI.01,1531.8245,1369.5187,1643.8789,2880.5547,3470.3828,3847.679,3785.9856,2755.6948,1221.2506,-515.3984,-1145.6323,-1346.9595,-1357.8057,-1437.759,-1716.3236,-2058.0032,-2171.216,-2100.3364,-1904.3428,-1743.8607,-1968.7513,-2365.5652,-2562.283,-2446.5647,-2105.0842,-1993.8378,-2072.6675,-2206.6199,-2355.2026,-2285.0479,-2134.845
Chile,Latin America & Caribbean,High income,GFDD.DI.04,61.21324,63.01088,67.23643,70.56431,74.62733,77.81561,80.69849,80.52744,82.09673,82.07552,82.87656,83.095505,84.10467,86.95187,90.06458,93.39172,95.749664,97.2407,97.63155,97.408676,97.574844,97.88008,98.105606,98.3197,99.306595,99.43129,99.53316,99.64202,99.75323,99.82146,99.83374
Chile,Latin America & Caribbean,High income,GFDD.DI.05,37.32183,36.21222,36.19664,37.70525,35.02296,35.79729,38.67426,43.37886,46.80883,51.89668,51.581898,36.52396,33.9912,33.67431,31.837427,31.908241,31.793941,31.982101,41.40503,40.00562,38.28874,42.25497,45.39296,49.19343,50.84251,54.06845,53.64056,49.341442,51.47602,55.317753,63.0835
Chile,Latin America & Caribbean,High income,GFDD.DI.06,28.74588,24.750051,21.47547,19.98631,15.804219,13.74642,12.47902,13.08412,12.5569,12.90966,12.85573,13.058529,12.31108,9.475911,7.052023,4.646541,2.8308752,1.994133,1.950775,1.9282521,1.692466,1.560215,1.4585029,1.35353,0.5754195,0.48062772,0.3911054,0.3020924,0.2144095,0.1659987,0.163695
Chile,Latin America & Caribbean,High income,GFDD.DI.11,5.5988593,6.7160406,7.270856,8.428372,10.29497,9.694057,10.880379,11.605328,12.850874,14.695802,15.707493,17.427464,18.185516,22.409075,20.304325,19.627567,16.436024,17.783375,15.377867,20.867445,19.527536,16.721771,18.625204,17.779015,18.458855,18.993315,21.865942,23.33728,20.824097,22.462776,27.258022
Chile,Latin America & Caribbean,High income,GFDD.DM.11,4.439065,6.7807064,10.171854,13.533544,12.702802,10.51501,8.725961,8.009622,8.781698,4.964808,3.808423,3.793267,3.351594,3.474464,4.2908816,3.523274,7.976597,11.12984,13.412709,10.949511,10.4669895,11.09669,12.72966,12.52357,14.13086,15.003571,16.57692,15.738999,13.43075,14.2009,14.786119
Chile,Latin America & Caribbean,High income,GFDD.EI.08,3.246466,2.0708761,1.2173291,1.114904,0.75820535,0.61759835,0.702791,1.274709,2.170844,0.98248166,0.92491895,1.294651,1.183854,0.9429893,0.9277077,0.97954106,0.70273983,1.012624,1.9294381,2.5092661,2.238307,2.2759612,2.555445,2.685546,3.4338992,2.870255,3.33961,5.2558217,4.590586,5.560892,9.633646
Chile,Latin America & Caribbean,High income,GFDD.OI.02,28.861351,31.16022,31.584997,33.347786,31.15535,32.72477,35.82591,40.60091,44.19012,48.80331,48.89816,48.04718,48.471058,44.490078,45.952877,48.476566,47.25979,50.650196,56.37972,41.03934,39.19497,42.99328,45.92777,49.75086,51.5858,55.294247,54.52404,50.26846,52.29836,57.0317,65.873146
Chile,Latin America & Caribbean,High income,SH.STA.BRTC.ZS,93.78489,94.567055,94.62966,99.00001,99.5,99.5,99.6,99.4,99.6,99.4,99.00001,99.8,99.8,97.7,99.8,99.8,99.8,99.7,99.8,99.8,99.8,99.8,99.8,99.8,99.8,99.7,99.7,99.8,99.15406,99.038216,99.08018
Chile,Latin America & Caribbean,High income,SL.IND.EMPL.ZS,25.012867,26.300001,26.47,27.23,26.05,26.060001,26.59,27.29,25.53,23.42,23.39,23.92,23.86,23.4,23.6,22.95,23.29,23.38,23.540003,23.09,22.96,23.38,23.83,23.88,23.49,23.280003,23.01,22.74,22.33,22.25,21.34286
China,East Asia & Pacific,Upper middle income,DT.TDS.DPPF.XP.ZS,10.610878,10.847116,9.384995,10.243843,8.135514,8.984162,8.320079,11.500884,8.706504,9.17567,7.104092,6.095419,5.088722,3.027545,1.2799261,1.0966183,0.8503601,0.64577055,0.5868387,0.6412379,0.76903415,0.65723276,0.4458647,0.4799385,0.5445614,1.3401313,0.76381105,0.6915186,0.734285,1.012222,1.1176548
China,East Asia & Pacific,Upper middle income,EG.ELC.ACCS.ZS,97.34376,96.58587,95.180176,94.215256,95.02451,96.04109,97.640236,99.02684,99.027016,99.49632,97.0218,97.27279,97.516205,97.75438,97.98967,98.22443,98.46105,98.7022,98.95058,99.2089,99.7,99.848724,99.96194,99.996445,100.0,100.0,100.0,100.0,100.0,100.0,100.0
China,East Asia & Pacific,Upper middle income,GFDD.AI.01,1724.4141,879.6425,709.2506,1163.4252,2269.2578,3103.5762,3798.1716,3196.6018,1598.9746,152.79189,-741.62115,-1143.3475,-1265.6783,-1400.4589,-2208.4485,-2524.5642,6.515419,7.362859,8.155753,9.110845,10.347676,11.822186,13.295952,14.9984665,17.048803,19.333344,22.25229,25.547598,29.17905,33.21089,36.445786
China,East Asia & Pacific,Upper middle income,GFDD.DI.04,92.92426,92.604996,92.822426,93.747505,94.50122,95.83198,96.686485,97.81337,98.24657,98.435074,98.59396,97.77951,98.074104,98.371735,98.54504,98.725746,98.89748,95.05175,95.63484,96.77693,97.339355,97.683044,97.996994,98.24535,98.45026,98.692505,98.865524,98.989944,99.11705,99.21958,99.316864
China,East Asia & Pacific,Upper middle income,GFDD.DI.05,77.79369,84.518845,89.45669,100.021,96.4696,99.027725,105.962105,115.24521,123.9033,133.6531,135.5804,141.0858,145.3905,153.5511,149.79361,151.0856,157.49431,149.3721,148.84091,175.0914,176.1268,174.5278,180.8736,186.6103,190.87021,202.1142,207.67421,201.406,195.0361,197.8865,211.8906
China,East Asia & Pacific,Upper middle income,GFDD.DI.06,6.399663,6.893237,6.527055,6.349287,4.967371,3.689116,3.1212711,2.200135,1.979717,1.859817,1.688273,2.72126,2.52268,2.261115,1.919099,1.579744,1.3319191,6.0650783,5.087039,4.5064983,3.747968,3.1611862,2.847987,2.586618,2.381169,2.233325,2.057239,1.848002,1.661955,1.545866,1.5046029
China,East Asia & Pacific,Upper middle income,GFDD.DI.11,-3.1594794,-0.64213276,1.018278,1.4333764,1.2209678,0.5117882,-0.5345542,-0.76606435,0.6325963,1.2313395,2.037002,1.9999894,1.0701542,0.26400688,7.3462253,8.113699,8.985221,10.722361,10.506711,11.6884,12.357636,12.422422,13.643838,13.899172,15.712907,17.858532,20.264492,20.204205,19.776583,20.705029,22.73948
China,East Asia & Pacific,Upper middle income,GFDD.DM.11,-7.4603634,-4.591368,-1.5742862,0.8352641,1.1320313,-0.4894955,-2.3595731,-2.8968809,-2.0800147,1.8664753,4.3990445,4.891613,4.6600366,4.592203,4.720613,5.0975823,9.575664,7.452237,5.049161,3.698158,3.2169979,1.574747,1.297504,1.096007,0.9618162,0.89358133,1.351679,1.5883089,1.6467531,1.8900579,1.990252
China,East Asia & Pacific,Upper middle income,GFDD.EI.08,7.256189,7.1436906,7.1516657,0.20941101,0.98780584,1.7318491,2.548172,1.913737,5.882643,6.747724,7.408003,10.00563,11.17112,11.106499,11.464,10.568219,10.33916,10.7250395,9.495604,10.945709,10.638899,10.26582,10.411719,10.453939,10.982879,15.917399,23.075699,26.326729,28.86659,30.88473,35.48773
China,East Asia & Pacific,Upper middle income,GFDD.OI.02,19.86344,22.97685,24.605711,27.1713,25.47402,24.78256,26.12997,29.869247,31.088139,35.727318,38.36139,39.814987,44.00544,46.80051,45.985657,44.389088,45.02509,45.179787,41.346928,52.56515,53.86623,49.00172,47.16198,47.00411,44.719322,49.02853,56.03642,56.86593,52.04916,50.563858,53.40194
China,East Asia & Pacific,Upper middle income,SH.STA.BRTC.ZS,93.99999,93.7,84.1,83.6,90.399994,89.3,93.1,93.799995,99.70062,96.8,96.6,97.3,96.7,95.9,97.3,97.5,97.799995,98.4,99.100006,99.3,99.6,99.7,99.8,99.9,99.9,99.9,99.9,100.83215,100.51137,100.30936,100.497894
China,East Asia & Pacific,Upper middle income,SL.IND.EMPL.ZS,26.777998,21.4,21.7,22.4,22.7,23.0,23.5,23.7,23.5,23.0,22.5,22.300001,21.4,21.6,22.5,23.800001,25.2,26.800001,27.2,27.800001,28.7,29.5,30.3,30.099998,29.9,29.18,28.800001,28.11,28.320002,27.42,24.38103
Colombia,Latin America & Caribbean,Upper middle income,DT.TDS.DPPF.XP.ZS,34.522717,32.808575,35.64598,26.757095,29.273893,24.610594,20.83229,18.153015,20.331987,32.319695,20.931328,27.796738,32.777725,34.203304,18.410933,25.998487,16.806795,13.201919,9.580536,9.429212,9.124007,6.5445886,6.9172215,5.926146,7.634521,9.414376,12.26774,18.545471,17.255404,14.545421,16.62341
Colombia,Latin America & Caribbean,Upper middle income,EG.ELC.ACCS.ZS,89.9,91.836655,92.13266,92.42799,92.72196,91.2,93.3031,93.58891,93.87064,94.14753,95.2,98.47,94.9055,95.12935,95.35031,96.8,95.79303,96.019844,96.80676,96.05723,96.788994,96.6936,97.03217,97.77942,97.79094,98.1869,98.4,98.5,98.5,99.75592,100.0
Colombia,Latin America & Caribbean,Upper middle income,GFDD.AI.01,2634.1907,2037.6266,2313.459,3009.3948,3802.2544,4665.385,4924.655,3369.755,1964.6953,315.5313,-318.61728,-573.3908,-698.50323,-850.599,-1184.6511,-1471.8998,-1675.6371,-1658.5006,-1552.0568,1069.2147,1036.7236,1098.5007,1165.6719,1216.4968,1297.3877,1375.5233,1400.5869,1487.3994,1549.1373,1649.7477,1803.5107
Colombia,Latin America & Caribbean,Upper middle income,GFDD.DI.04,89.79442,91.879585,93.73521,96.110725,96.93756,98.04852,97.98778,98.661865,97.52966,95.13069,94.69727,97.01541,96.28647,95.97594,98.913765,97.72356,98.191666,99.117905,99.4594,98.08108,99.33274,99.49545,99.65018,99.898544,99.94332,99.931564,98.08976,97.823364,98.774376,97.60358,96.80173
Colombia,Latin America & Caribbean,Upper middle income,GFDD.DI.05,24.11664,24.729689,26.939838,28.46436,32.10822,32.92965,33.414692,34.25343,33.04599,34.27401,25.82,14.35721,14.980821,14.867539,15.751619,17.417078,18.56482,18.43869,17.60384,18.53005,19.84744,20.84607,21.75836,24.065489,24.09153,48.991417,48.91998,49.02414,48.01613,48.70585,58.263935
Colombia,Latin America & Caribbean,Upper middle income,GFDD.DI.06,3.3792102,2.481803,1.99216,1.329783,1.130265,0.76575893,0.8249316,0.5772718,1.060883,1.9388181,1.5178449,0.9950339,1.059589,1.257107,0.37606722,0.8220169,0.68808013,0.3498714,0.219492,0.74821883,0.2743186,0.2175019,0.1613227,0.048726104,0.028872,0.037207298,1.051124,1.27154,0.7077638,1.4556301,2.13498
Colombia,Latin America & Caribbean,Upper middle income,GFDD.DI.11,-5.8352675,-2.9662397,-0.2667997,0.76116866,0.5637014,-0.69639844,-1.4309118,4.0525904,2.9936411,3.163496,2.6286123,2.960956,3.3139884,3.4340992,3.4893935,4.121083,3.8086584,3.8149135,6.0695305,6.468484,5.573153,5.436786,5.702091,6.0047693,6.238145,6.3079705,6.7439384,7.0515647,7.8423023,7.9616466,9.120571
Colombia,Latin America & Caribbean,Upper middle income,GFDD.DM.11,-7.9800434,-6.963684,-2.54941,0.094071895,-0.1990079,-0.34963885,-4.4808054,-4.000944,-1.3858207,4.975116,4.827779,7.280865,6.678177,8.584157,8.317103,8.039492,9.431706,8.492246,6.824025,7.082678,6.507321,5.899069,6.067168,6.548823,7.306448,9.034929,10.949491,10.59623,10.197129,10.81493,14.041181
Colombia,Latin America & Caribbean,Upper middle income,GFDD.EI.08,3.853016,4.702466,4.590117,4.214384,4.7952137,4.922255,4.9677167,6.210972,7.070183,6.6012216,6.3683963,10.56454,6.1663423,9.0940695,10.184119,10.861599,7.370832,6.2284703,5.939812,8.211659,8.526448,7.9720097,8.2422905,8.522915,8.565029,7.4565268,6.939772,7.361378,7.55778,7.7321167,10.2996
Colombia,Latin America & Caribbean,Upper middle income,GFDD.OI.02,20.72436,21.43294,23.41939,25.143631,28.82611,29.63236,30.283367,30.961771,29.8671,30.330359,22.3912,13.012831,13.81905,13.76258,14.88829,16.624609,17.57469,17.525051,17.09643,18.12708,19.83674,20.79417,21.9598,24.17408,24.12132,25.22206,22.86373,22.88914,22.802092,23.19053,30.469849
Colombia,Latin America & Caribbean,Upper middle income,SH.STA.BRTC.ZS,80.6,92.63246,92.24989,92.1037,92.25024,83.6,93.10241,94.143326,91.299995,92.1,86.1,93.1,94.49999,95.0,95.600006,90.7,97.1,97.799995,98.100006,98.6,94.799995,99.200005,98.7,98.7,98.899994,95.9,95.50001,99.3,98.4,99.100006,97.9349
Colombia,Latin America & Caribbean,Upper middle income,SL.IND.EMPL.ZS,23.302189,19.74,19.690002,19.690002,19.690002,19.65,19.52,19.44,19.22,18.77,18.57,18.430002,18.46,18.57,18.77,18.92,19.22,19.52,19.66,19.83,20.0,20.66,20.66,19.64,19.79,19.83,19.41,19.42,19.99,20.12,21.510199
Comoros,Sub-Saharan Africa,Lower middle income,DT.TDS.DPPF.XP.ZS,2.5147579,15.671312,11.012235,3.7913468,6.5083103,1.785161,14.225738,13.849715,13.757452,13.425491,13.446126,12.037959,11.608833,4.6335,5.4034076,6.513726,5.560113,33.79472,15.399442,14.610446,4.7366853,3.8052027,13.198682,0.5415884,0.59186566,7.247071,5.5464873,2.9808207,3.887106,2.8909795,10.443171
Comoros,Sub-Saharan Africa,Lower middle income,EG.ELC.ACCS.ZS,41.878372,40.53982,38.547325,38.52313,39.06678,39.773792,28.9,32.762413,35.09453,37.421803,39.715355,42.018665,44.8,46.60488,48.892487,51.179558,53.46849,55.76196,58.06265,60.373283,69.80771,69.425804,69.3,69.76845,72.162796,74.57198,76.99304,79.423004,81.85891,84.297775,86.73714
Comoros,Sub-Saharan Africa,Lower middle income,GFDD.AI.01,14.659471,-5.537885,811.0343,2088.3752,3651.995,5313.2217,8810.232,7504.647,6459.446,5444.356,5911.2383,3301.5996,2890.462,2762.636,71.54547,62.168114,52.847878,46.005367,49.324207,62.724934,60.767406,80.28304,93.05577,106.11452,119.5526,124.32149,129.64879,126.656006,126.69628,138.21231,135.29834
Comoros,Sub-Saharan Africa,Lower middle income,GFDD.DI.04,83.3012,79.54884,79.932846,76.92777,71.12419,72.4791,66.63239,70.10986,65.4132,70.32343,71.376434,72.8733,71.3226,77.36993,77.2445,74.94102,71.22844,73.596985,74.82343,76.35954,76.66993,74.61126,77.21178,77.194855,78.71265,85.18887,83.61482,82.39209,83.406845,79.00416,74.13563
Comoros,Sub-Saharan Africa,Lower middle income,GFDD.DI.05,13.35129,13.357239,13.86103,13.390729,13.32029,11.078189,12.505429,11.98107,9.871944,10.487629,11.42032,14.45105,14.46713,13.06697,11.813279,13.61707,14.856369,15.43751,16.178188,18.028559,20.402819,20.8318,22.46175,21.73335,22.81784,26.55774,27.86371,27.21747,27.97217,27.93607,35.211205
Comoros,Sub-Saharan Africa,Lower middle income,GFDD.DI.06,1.5551001,2.068654,2.0732498,2.06491,2.6205702,2.406028,2.348799,2.285392,2.358983,2.18733,2.096934,1.6150709,1.759875,1.498523,1.266064,1.796427,2.1857681,2.133019,2.583246,2.94669,3.503792,3.764794,3.6031911,3.853825,3.762814,2.791853,3.4163811,3.676809,3.2432861,4.310306,5.39472
Comoros,Sub-Saharan Africa,Lower middle income,GFDD.DI.11,-8.310658,-4.615787,-2.6945176,-1.9376284,-1.8519076,-2.3726048,-3.481411,-3.48296,-3.038104,-2.5006032,-2.4401307,-2.0829754,-3.1061125,-6.3332105,-7.4356112,-6.655132,-5.5437565,-4.8781204,-5.0861206,-5.663574,-6.1624265,-6.3662047,-6.371507,-6.131433,-6.5200005,-7.006531,-6.795727,-6.2903633,-5.876578,-5.798688,-6.054783
Comoros,Sub-Saharan Africa,Lower middle income,GFDD.DM.11,2.200662,5.3123817,8.883261,11.558441,12.869447,12.458016,16.108192,12.486299,13.038261,17.76757,20.678745,18.393734,17.301523,15.3282995,15.729221,15.340696,14.518186,13.380598,12.644008,11.510605,10.852507,9.935329,11.167585,9.442808,9.744786,9.650059,10.272888,10.427675,9.576174,9.050497,7.4629226
Comoros,Sub-Saharan Africa,Lower middle income,GFDD.EI.08,0.0467012,2.2628028,1.8410016,1.6604264,1.7167921,1.7802929,0.2759353,0.0592638,0.2226434,0.32293952,0.16601682,0.15154111,0.041806,0.4059076,0.26816243,0.2306028,0.5425327,0.63381237,1.374521,0.79657066,1.139106,0.5461127,0.35074443,0.47102982,0.45513391,0.4465476,1.5016531,0.9450517,0.7143999,0.9203989,0.73694223
Comoros,Sub-Saharan Africa,Lower middle income,GFDD.OI.02,3.6282809,2.896116,3.1933,2.8930578,2.9749448,2.795524,2.952945,2.83198,2.595309,2.483466,3.007993,8.872549,9.756708,9.10918,8.281781,9.272939,10.397941,10.770881,12.4011,13.400371,14.876329,15.204169,16.738111,16.36124,16.78083,18.987791,21.00926,19.55628,20.20429,20.52533,22.92402
Comoros,Sub-Saharan Africa,Lower middle income,SH.STA.BRTC.ZS,62.38705,61.38733,60.013042,59.59722,59.286118,59.13452,51.6,57.814648,58.19245,58.600864,61.799995,62.23233,63.785213,64.78418,66.316376,66.917946,67.96431,69.47716,71.31304,72.78893,73.656204,73.85599,82.2,75.67379,77.24741,78.867226,79.645355,79.95722,80.06221,80.20458,81.67314
Comoros,Sub-Saharan Africa,Lower middle income,SL.IND.EMPL.ZS,15.037834,15.57,15.45,15.310001,15.15,14.990001,14.83,14.69,14.56,14.45,14.380001,14.32,14.280001,14.250001,14.260001,14.660001,15.07,15.59,16.02,16.5,16.99,17.5,17.99,18.52,19.03,19.07,19.05,19.02,18.930002,18.83,15.120702
"Congo, Dem. Rep.",Sub-Saharan Africa,Low income,DT.TDS.DPPF.XP.ZS,18.769258,18.78807,19.273317,18.886524,19.57913,19.745026,19.254513,19.651655,19.478222,18.556074,18.630905,18.404476,16.555012,16.092909,14.713482,7.7846875,9.037128,7.5290685,7.598889,12.333728,3.0542061,2.440672,3.0535247,3.2872305,3.2118914,3.7288284,4.004556,3.368896,2.305469,7.136861,2.2698874
"Congo, Dem. Rep.",Sub-Saharan Africa,Low income,EG.ELC.ACCS.ZS,3.7830951,1.7140287,1.4115257,2.1870875,2.1947837,1.9421124,2.0214345,0.83304965,0.6724554,1.567649,6.6999993,7.3143644,7.9158454,8.51209,9.105449,6.0000005,10.292965,15.2,11.498628,12.115015,12.744051,13.388444,15.4,14.733199,13.499999,16.148243,17.041838,17.91651,18.56829,19.1,19.1
"Congo, Dem. Rep.",Sub-Saharan Africa,Low income,GFDD.AI.01,4710.764,7137.1475,8912.515,10682.684,13224.051,15037.592,15427.771,15403.005,13952.882,11655.866,12518.293,13500.486,10252.348,9891.613,0.47279552,0.78408694,1.5291837,2.9173117,4.8545094,11.88567,12.014654,15.9969635,26.646822,33.906708,44.56143,48.87501,36.803474,38.803127,44.614975,1077.587,630.9668
"Congo, Dem. Rep.",Sub-Saharan Africa,Low income,GFDD.DI.04,42.615067,38.40559,35.30737,34.4631,35.531033,35.931644,35.18461,33.914158,33.35979,34.186253,39.5,32.497078,47.82838,50.32782,35.28682,45.56689,59.7958,69.20348,79.06999,87.16932,99.40019,44.01296,51.17,59.08074,63.333134,66.39299,69.485466,71.21363,76.061066,73.48149,75.55465
"Congo, Dem. Rep.",Sub-Saharan Africa,Low income,GFDD.DI.05,-0.19080102,-1.5751339,-1.8234763,-1.3097345,-2.0503228,-2.2424393,-0.94519484,-0.91199607,-1.6068884,-0.86468786,3.423069,3.0554311,3.0851672,3.436224,5.118278,4.676291,6.09399,7.3470206,8.895054,9.833058,9.94605,9.71043,10.3261,11.449229,11.87404,12.29035,14.00665,12.6728,12.525929,15.539511,20.84375
"Congo, Dem. Rep.",Sub-Saharan Africa,Low income,GFDD.DI.06,7.0604105,8.51038,7.963214,6.4460206,4.411965,3.9575856,4.502696,4.2884316,4.13174,3.0920053,1.313183,1.051164,0.4780699,0.87967974,2.49352,1.690419,1.379272,1.119323,1.189071,0.6998904,0.026347099,5.28314,4.658638,4.186861,3.8026538,3.6036298,3.786379,2.527571,2.13827,2.6894128,2.778349
"Congo, Dem. Rep.",Sub-Saharan Africa,Low income,GFDD.DI.11,-9.189411,-5.7416515,-4.0347624,-3.5950086,-3.5702941,-4.2691193,-5.1821127,-5.247804,-5.079182,-4.1570525,-5.919905,-5.740251,-6.306849,-7.3936257,-8.352254,0.16807567,0.19503483,0.16188595,0.16430718,-8.015693,-9.087167,-8.781482,-8.831577,-7.348898,-7.3463054,-6.765696,-8.1443815,-6.6905074,-6.3967624,-5.3420563,-7.3836565
"Congo, Dem. Rep.",Sub-Saharan Africa,Low income,GFDD.DM.11,18.546484,21.772562,25.929096,29.760153,31.908115,30.800428,30.643759,31.718426,33.285988,36.730515,40.65099,40.523796,37.612812,36.623158,37.35367,33.972595,32.094547,31.747677,27.319393,24.340296,24.48229,22.56881,20.86847,0.061199997,0.1641818,0.6066568,20.572191,0.228845,0.4207496,0.4029409,15.485786
"Congo, Dem. Rep.",Sub-Saharan Africa,Low income,GFDD.EI.08,-2.2882113,-2.628452,-3.1781855,-3.464776,0.0831234,0.014233801,-3.765218,-3.8985543,-3.9848912,-3.7854514,0.1251595,0.043345604,0.0501171,0.4147534,0.4382989,0.3230387,0.3749988,0.34411862,0.3538581,0.4052537,0.514572,0.7654987,0.732969,0.8205275,0.8827845,0.8678814,1.2610321,0.8200758,0.9717541,1.330875,1.160232
"Congo, Dem. Rep.",Sub-Saharan Africa,Low income,GFDD.OI.02,8.515394,5.2869368,6.6466007,8.291466,5.046028,4.687673,7.5461674,6.6475215,5.4215064,5.9883304,2.080477,1.22797,1.2829031,1.5741391,2.49808,2.4589908,3.3310797,4.61567,6.104351,7.23583,7.395767,7.057013,8.077476,9.136003,9.637973,10.08148,11.143681,10.22988,10.48693,12.793361,18.34319
"Congo, Dem. Rep.",Sub-Saharan Africa,Low income,SH.STA.BRTC.ZS,25.76691,24.135448,22.686497,22.193773,22.961716,22.454859,20.706057,19.592972,19.435516,20.811886,26.699911,60.7,31.798176,32.977997,34.655926,38.97275,40.7163,64.399994,44.664474,44.816486,74.1,45.26644,46.487988,48.52427,80.1,50.65104,50.92845,52.231293,52.8088,52.43247,52.337708
"Congo, Dem. Rep.",Sub-Saharan Africa,Low income,SL.IND.EMPL.ZS,8.845613,9.48,9.32,9.150001,8.98,8.870001,8.780001,8.57,8.43,8.24,8.08,8.120001,8.11,8.09,8.160001,8.21,8.280001,8.400001,8.48,8.59,8.69,8.81,8.96,9.140001,9.34,9.520001,9.59,9.660001,9.74,9.84,9.064986
"Congo, Rep.",Sub-Saharan Africa,Lower middle income,DT.TDS.DPPF.XP.ZS,31.377748,23.000942,11.9326,10.811667,52.184097,10.9343,19.718494,6.7825437,1.9747555,0.37913907,0.5599707,3.8220944,0.99253684,2.2858844,5.8000436,2.2471092,1.3445768,1.757876,1.979252,2.827655,1.44536,1.1696224,1.7583414,4.87995,5.2382383,8.262866,8.082474,7.296397,7.9973335,8.3346,10.649868
"Congo, Rep.",Sub-Saharan Africa,Lower middle income,EG.ELC.ACCS.ZS,30.528425,28.668581,28.37854,29.12891,29.525951,30.125425,30.249462,30.744503,31.928564,32.49596,29.090015,30.063591,31.029583,31.990337,32.948208,33.8,34.864746,35.828472,36.79943,37.1,39.78862,40.72169,41.6,42.543972,43.43212,44.40165,45.508327,46.573948,47.416676,48.407475,49.5171
"Congo, Rep.",Sub-Saharan Africa,Lower middle income,GFDD.AI.01,-1595.7096,-630.57764,-68.842964,912.3221,2260.6975,3509.7747,4480.0327,4137.2427,3021.0322,1690.1262,1763.3975,1108.3478,795.8212,848.8037,14.5893135,20.622189,20.676031,38.63959,41.578003,49.047077,54.7607,65.173225,88.908325,91.813065,117.26349,137.34557,137.83954,153.79005,-844.72253,-690.54333,-890.9329
"Congo, Rep.",Sub-Saharan Africa,Lower middle income,GFDD.DI.04,66.90088,65.5053,64.06754,63.90788,64.295586,65.43,65.64021,65.673035,65.69006,65.35057,65.53821,67.26107,68.8528,69.66192,71.684784,72.53125,75.44799,77.44703,91.36007,79.81203,85.97841,96.18183,97.516975,98.154816,74.08542,67.55666,70.94675,70.42989,69.24878,68.35351,82.14859
"Congo, Rep.",Sub-Saharan Africa,Lower middle income,GFDD.DI.05,20.61903,18.15681,19.48297,14.60769,13.86977,12.9792,12.675449,13.457549,13.31396,12.96005,12.95523,11.586109,12.56832,12.70036,12.420519,13.06887,15.828159,17.00079,18.85922,22.493439,21.749529,25.7903,24.37522,25.08622,28.59306,31.87551,31.616291,26.09356,20.88572,22.75024,23.007385
"Congo, Rep.",Sub-Saharan Africa,Lower middle income,GFDD.DI.06,6.968588,6.029807,8.436419,8.53722,6.727278,6.5839357,6.364531,7.356984,9.319451,7.4219785,4.9883924,7.775473,7.395664,8.715643,7.240644,5.351042,3.535419,4.055927,0.36556008,1.36927,0.87883806,0.2593398,0.2020651,0.1731491,4.115458,8.312664,9.692692,9.036097,7.6732717,8.090718,9.278531
"Congo, Rep.",Sub-Saharan Africa,Lower middle income,GFDD.DI.11,-12.715309,-9.653109,-7.796128,-7.106328,-7.1713033,-7.866543,-8.570993,-8.852023,-8.507424,-8.497943,-9.426293,-9.4283495,-10.262734,-11.3214245,-12.263816,-11.560282,-10.091278,-9.096612,-8.4335375,0.41817003,0.38051102,0.45543405,0.43063232,0.53214246,0.7213417,0.9175407,1.1391633,0.8693313,0.7660654,-5.1448307,-3.2461932
"Congo, Rep.",Sub-Saharan Africa,Lower middle income,GFDD.DM.11,-6.022151,-2.838275,1.2462173,4.2480025,4.5700326,4.635046,3.1964986,3.1144683,3.7814898,8.409573,9.001551,9.990666,9.886129,8.644795,9.124442,10.110697,8.103345,7.458082,7.176749,8.167659,7.118337,6.1691947,6.8081365,5.7584796,6.6060715,8.397019,8.638358,9.112792,8.84734,6.582958,5.293765
"Congo, Rep.",Sub-Saharan Africa,Lower middle income,GFDD.EI.08,8.463715,7.54196,7.320678,3.423825,3.5640972,3.478103,2.987833,2.60818,3.3975952,2.095632,1.437022,0.96766925,1.307921,0.91110027,1.23423,0.3269287,0.35720563,0.5983065,0.64399636,0.58871967,0.3023171,0.1576534,0.5572537,0.36809152,0.64396137,1.447211,4.474371,4.823844,3.346832,4.333676,5.2226405
"Congo, Rep.",Sub-Saharan Africa,Lower middle income,GFDD.OI.02,12.1682005,11.9146805,12.35208,8.27973,7.4324017,5.993134,6.337001,6.937777,7.592959,6.361993,7.6133127,4.548655,6.473032,6.2005258,6.1750507,6.331885,8.439455,10.27906,11.038331,13.601211,14.11765,18.51874,17.91487,17.96434,20.978561,22.87346,22.87646,18.7823,14.961902,15.82234,26.91256
"Congo, Rep.",Sub-Saharan Africa,Lower middle income,SH.STA.BRTC.ZS,57.17043,56.752594,56.232624,56.17543,56.0443,56.07677,55.85067,55.80998,56.213467,56.16894,57.070007,58.702976,60.081406,60.825424,62.613487,83.399994,64.35086,65.62049,68.12205,68.50167,68.95709,69.2233,92.5,70.50233,71.24024,91.2,71.98208,72.05609,71.401054,71.39753,71.326775
"Congo, Rep.",Sub-Saharan Africa,Lower middle income,SL.IND.EMPL.ZS,15.853162,25.66,25.48,25.33,25.170002,25.01,24.780003,24.540003,24.45,24.210001,23.92,23.85,23.79,23.73,23.560001,23.410002,23.33,23.300001,23.22,23.320002,23.1,23.080002,22.96,22.85,22.73,22.68,22.48,22.190002,21.81,21.47,14.218386
Costa Rica,Latin America & Caribbean,Upper middle income,DT.TDS.DPPF.XP.ZS,22.620806,15.815213,18.37985,15.223072,12.281501,15.4281435,13.0029,11.405092,8.847797,7.6308236,8.303081,9.282873,9.033835,10.2299185,7.558973,5.189652,3.6005275,3.319033,8.712586,7.157386,4.34323,5.851,6.1190176,8.586962,6.7614875,6.5353265,5.493989,5.6727734,7.1931815,7.6694374,8.132007
Costa Rica,Latin America & Caribbean,Upper middle income,EG.ELC.ACCS.ZS,91.34403,90.10494,88.5559,88.00869,87.613884,89.00107,90.700905,92.57905,95.296616,96.04302,96.94,98.24978,98.509186,98.6959,98.95478,99.053055,99.14752,99.217995,99.26394,99.409805,98.995735,99.232346,99.503296,99.56352,99.35929,99.409805,99.5,99.600006,99.7,99.71001,99.90001
Costa Rica,Latin America & Caribbean,Upper middle income,GFDD.AI.01,1897.7522,1460.5499,2453.0994,3382.491,3853.4421,5037.574,5778.579,5209.59,3737.3525,2321.1514,1742.2705,1284.12,962.3859,-131.39372,642.39966,712.7467,721.4298,1053.7906,1014.05023,950.1472,973.56494,987.92725,988.9253,993.02527,1031.1597,1091.4,1181.2306,1247.8883,1337.9448,1447.4634,1456.1285
Costa Rica,Latin America & Caribbean,Upper middle income,GFDD.DI.04,60.81371,59.36222,66.72024,71.77719,73.81511,67.24984,57.75082,61.45642,66.11735,77.07251,85.192154,94.16295,95.34698,95.94235,96.58676,96.84854,97.45584,98.3709,98.86838,99.077965,99.24316,99.43481,99.6009,99.7473,99.876976,99.999916,91.27912,91.11458,91.10493,91.93783,99.99309
Costa Rica,Latin America & Caribbean,Upper middle income,GFDD.DI.05,42.822197,33.969738,32.259533,31.402592,31.684399,26.268261,33.24071,14.98446,15.029819,16.905241,18.45476,20.54327,21.68643,22.958189,24.117989,23.34025,24.57966,24.84617,26.22709,26.20137,25.845621,25.575281,24.685108,25.58084,25.96547,27.14953,27.96755,27.108688,27.71032,28.18321,38.687378
Costa Rica,Latin America & Caribbean,Upper middle income,GFDD.DI.06,13.24477,8.905498,6.6873555,5.925089,5.771893,5.941169,12.73011,12.21808,11.80511,7.732895,5.129121,2.002549,1.775556,1.6275041,1.494,1.386741,1.129279,0.7755054,0.5949146,0.48127338,0.3769258,0.2911351,0.2113798,0.1398924,0.0724465,5.3300002e-05,7.472554,7.4246497,7.448441,7.39213,0.0049666
Costa Rica,Latin America & Caribbean,Upper middle income,GFDD.DI.11,-10.87153,-8.337318,-6.542224,-5.7792306,-5.618001,-6.4917607,-7.0224705,-7.495384,-7.78043,-7.1400313,-7.453026,-7.6135817,-8.47545,1.2446337,1.2370342,1.4429328,1.5091292,1.7068118,1.7894406,2.1780708,5.8372517,6.2019873,6.2497463,6.4205303,6.613197,6.4502316,6.6389823,6.5921845,6.6708636,6.788645,7.097988
Costa Rica,Latin America & Caribbean,Upper middle income,GFDD.DM.11,-11.274559,-8.2162485,-1.3467864,1.264558,-1.2284634,-2.9552553,-4.516224,-5.337579,-2.8333673,0.13251793,1.9748405,1.8744724,1.2723466,1.1476479,1.764464,4.58617,5.426238,6.111649,4.071989,6.488152,6.354541,5.4015985,4.933228,5.1681657,5.573997,5.437421,5.100834,6.31585,6.468935,6.5410624,6.758834
Costa Rica,Latin America & Caribbean,Upper middle income,GFDD.EI.08,4.7178164,2.003201,0.95241165,0.732304,2.294605,1.47803,3.8009253,4.6812663,3.981136,3.542376,4.005446,4.066012,6.00577,6.8933144,10.437069,7.277065,5.823123,3.5312169,3.2407968,4.728057,5.769893,5.748963,5.832541,6.099562,6.32493,7.585245,8.064272,8.599882,7.948285,8.778778,12.53163
Costa Rica,Latin America & Caribbean,Upper middle income,GFDD.OI.02,35.556217,29.160538,27.257711,26.733511,26.84231,21.9597,29.08576,11.060591,11.048571,12.30671,14.92545,16.944641,18.57645,19.86881,21.02791,22.18225,23.69852,23.619822,22.696531,24.87585,24.827019,24.36503,23.589739,24.534151,25.12701,26.24996,26.88132,25.836071,26.597021,27.382702,37.64637
Costa Rica,Latin America & Caribbean,Upper middle income,SH.STA.BRTC.ZS,91.74104,91.59835,97.99999,97.0,90.792305,91.237335,91.62222,92.31258,97.99999,98.200005,96.6,97.99999,98.5,98.200005,98.5,98.5,98.6,98.7,99.100006,99.100006,95.299995,98.4,98.899994,99.00001,99.200005,90.0,98.799995,98.7,99.00001,98.45476,98.50772
Costa Rica,Latin America & Caribbean,Upper middle income,SL.IND.EMPL.ZS,23.567623,26.33,26.170002,25.68,26.1,24.060001,23.320002,23.64,23.02,23.27,22.430002,23.42,22.580002,22.280003,22.080002,21.63,21.76,22.26,21.66,20.080002,19.64,19.25,18.170002,16.49,17.68,19.15,18.61,18.450003,19.670002,18.800001,22.130732
Cote d'Ivoire,Sub-Saharan Africa,Lower middle income,DT.TDS.DPPF.XP.ZS,19.06143,22.353174,18.713066,19.37419,22.054005,19.113459,17.420246,12.063923,16.485233,18.575642,15.848253,8.011114,9.913839,6.173442,2.854978,1.3486196,0.80870944,2.070327,7.005885,7.2991657,3.9650786,3.1246667,2.4401193,4.0451407,4.2551684,3.5584538,9.149319,14.192778,9.450296,18.577692,8.857633
Cote d'Ivoire,Sub-Saharan Africa,Lower middle income,EG.ELC.ACCS.ZS,41.63744,39.211617,38.75857,39.24178,36.5,43.631252,44.648212,45.66177,46.671246,48.2,48.68947,49.655857,51.4,51.568233,52.518913,58.899998,60.17105,55.37762,60.3,57.31511,58.301468,55.799995,55.799995,61.36259,61.899998,62.6,64.3,65.6,67.14739,68.45956,69.67912
Cote d'Ivoire,Sub-Saharan Africa,Lower middle income,GFDD.AI.01,-22.266243,709.75604,1405.2275,2550.5825,6133.1226,5893.2524,6638.7617,6334.205,5238.1997,5734.094,4493.4277,1516.2378,1122.0408,901.19415,75.56431,78.33117,71.03241,72.503365,79.99942,101.87059,127.1056,213.77933,178.79214,181.86902,198.63106,188.55438,211.67517,262.7719,259.9523,262.30814,298.132
Cote d'Ivoire,Sub-Saharan Africa,Lower middle income,GFDD.DI.04,81.98565,82.26702,82.85598,80.15338,72.51703,78.148415,76.47279,77.67629,73.64685,71.09915,73.08384,76.24429,75.73724,76.76562,80.63503,82.6518,86.43839,88.33548,88.48934,81.5101,83.56438,80.72835,80.79613,82.6884,84.75285,86.58772,86.62654,87.87676,88.70501,89.21744,86.7733
Cote d'Ivoire,Sub-Saharan Africa,Lower middle income,GFDD.DI.05,28.76196,28.59367,28.33075,26.37548,26.234228,26.04146,16.0747,15.261999,14.72537,14.422509,13.98276,14.945749,19.17695,14.27981,15.58773,16.4194,17.37447,20.60644,19.72084,22.03555,24.02026,26.57638,26.49321,25.91066,26.31898,27.915619,27.63579,28.63335,30.18369,31.406841,37.06646
Cote d'Ivoire,Sub-Saharan Africa,Lower middle income,GFDD.DI.06,8.516907,8.278157,8.100266,8.733415,9.385457,6.967593,4.756974,4.265239,4.944071,5.133338,4.572006,3.9888809,3.973072,3.510441,2.9621732,2.532212,2.029495,1.918024,1.766626,3.23441,3.070863,3.8357258,4.038894,3.785027,3.5792499,3.4715803,3.840413,3.789175,3.653362,3.572784,5.188136
Cote d'Ivoire,Sub-Saharan Africa,Lower middle income,GFDD.DI.11,-7.1379333,-4.069919,-2.5371554,-1.8125331,-3.4351652,-4.4588695,-4.982738,-5.0939174,-4.686571,-4.55621,-4.0498204,2.0014267,1.9218082,1.7456735,2.1466248,2.3326566,2.3069997,2.6030715,2.513894,2.491585,2.5992606,2.8883662,2.685874,2.561596,2.451399,2.3793025,2.4232156,2.521771,2.4964113,-2.054303,-1.6932306
Cote d'Ivoire,Sub-Saharan Africa,Lower middle income,GFDD.DM.11,-1.8349875,0.3877914,4.3013854,7.637472,11.406084,8.010202,6.6081405,6.1314216,6.3748407,13.141617,13.53452,13.253782,12.234968,11.1931,13.45092,1.665506,1.888177,2.00704,1.663901,1.778062,1.6760269,5.998513,6.8623357,5.2840376,5.6080317,6.1803,7.479124,0.177334,2.189471,2.659889,6.779401
Cote d'Ivoire,Sub-Saharan Africa,Lower middle income,GFDD.EI.08,1.8852971,2.031169,5.557475,5.196623,4.935209,4.8899093,4.81561,4.397986,4.011479,3.633834,3.0852349,2.972165,2.6398609,2.657175,2.5918121,3.71279,3.210081,3.14892,2.416421,2.7068639,3.6796758,4.212845,4.262613,4.636397,5.50181,5.7153125,7.1443596,7.903727,9.322234,9.934477,12.803849
Cote d'Ivoire,Sub-Saharan Africa,Lower middle income,GFDD.OI.02,19.50649,19.81093,19.69503,17.59062,17.66493,17.77635,10.910271,9.78241,9.046546,9.075432,8.6297655,8.309958,9.7641735,9.558873,10.091781,10.35212,11.01191,12.749701,12.44942,13.41341,14.5006895,17.402,17.53925,17.38276,18.32971,19.688662,19.619019,20.92923,22.59575,23.53886,27.702162
Cote d'Ivoire,Sub-Saharan Africa,Lower middle income,SH.STA.BRTC.ZS,62.742294,61.86263,61.20805,60.9087,45.4,60.449146,60.07869,59.935745,60.347305,47.1,62.799995,64.33876,65.71796,66.47356,68.0,55.1,56.8,70.97071,71.95097,72.42284,72.831955,72.37896,59.4,73.7565,74.93213,75.797356,73.6,77.31508,77.457794,77.519264,77.47541
Cote d'Ivoire,Sub-Saharan Africa,Lower middle income,SL.IND.EMPL.ZS,14.887487,13.43,13.36,13.270001,13.17,13.1,13.04,13.07,12.910001,12.79,12.640001,12.280001,12.07,11.870001,11.740001,11.58,11.43,11.370001,11.280001,11.33,11.260001,11.32,11.520001,11.82,11.98,12.1,12.260001,12.520001,12.73,12.86,14.598485
Croatia,Europe & Central Asia,High income,DT.TDS.DPPF.XP.ZS,10.373357,9.474352,9.135144,8.600267,8.197409,7.365463,7.390504,7.3654604,7.324634,6.874886,6.342064,6.18228,6.1479506,6.1174026,5.859531,5.513253,5.2456145,5.12771,5.002935,4.93745,4.5713286,4.5600724,4.6273174,4.894829,5.199038,5.3798594,5.4089794,5.3072934,5.612693,5.898142,6.9738135
Croatia,Europe & Central Asia,High income,EG.ELC.ACCS.ZS,100.0,100.0,100.0,100.0,100.0,100.0,100.0,100.0,100.0,100.0,100.0,100.0,100.0,100.0,100.0,100.0,100.0,100.0,100.0,100.0,100.0,100.0,100.0,100.0,100.0,100.0,100.0,100.0,100.0,100.0,100.0
Croatia,Europe & Central Asia,High income,GFDD.AI.01,696.0864,122.78426,211.77766,739.9082,1847.5674,1538.8851,2109.547,1425.713,34.447906,-1213.761,-1963.9779,-2151.5842,-2099.2825,-2156.206,-2438.886,-2737.9976,-2874.3862,-2596.323,-2194.514,-2035.6051,1484.9108,1488.189,1400.7964,1414.5924,1411.0057,1433.141,1449.0522,1437.7393,1441.3711,1449.3704,1437.4441
Croatia,Europe & Central Asia,High income,GFDD.DI.04,94.19053,94.76454,94.60274,94.72085,94.41523,99.222595,99.565414,99.961784,99.99355,99.58284,99.636795,99.92011,99.97412,99.97611,99.977486,99.97939,99.98261,99.98673,99.988556,99.98878,99.99041,99.91312,99.992096,99.99412,99.99375,99.993324,99.99288,99.99256,99.992386,99.991936,94.24574
Croatia,Europe & Central Asia,High income,GFDD.DI.05,47.191494,45.76813,45.43195,45.33442,44.936863,20.65251,27.99379,34.154808,34.89725,33.388863,40.1494,54.58334,54.44956,54.88196,55.58426,57.13494,61.820724,66.78736,64.84647,67.71067,76.516685,76.47139,69.02257,67.73973,68.478226,69.87071,70.62149,70.09493,72.324844,71.24456,86.56371
Croatia,Europe & Central Asia,High income,GFDD.DI.06,7.5329523,8.630272,8.766879,8.44851,7.549147,0.3290582,0.1680912,0.0164403,0.0029246,0.1782798,0.16013761,0.0388106,0.0143465,0.013429901,0.0131691,0.0134335,0.0123254,0.0097377,0.0089035,0.0093917,0.0087545,0.0831688,0.0080492,0.0056555,0.0059649004,0.006104,0.0061811996,0.0059083,0.0058844998,0.0060646,5.255577
Croatia,Europe & Central Asia,High income,GFDD.DI.11,7.857,10.026622,11.309339,11.991843,11.138301,6.760691,5.8848305,5.7674055,6.517332,9.281774,4.7656503,4.9810514,5.2067842,5.4090915,5.6899242,6.0814004,6.622372,7.1573462,7.3577433,8.375909,9.0646,9.478299,10.176556,10.27241,10.929617,11.005918,11.064185,10.967599,10.730192,11.040473,12.558198
Croatia,Europe & Central Asia,High income,GFDD.DM.11,0.53576916,3.5403335,6.57875,8.6766815,9.562341,6.13232,4.729142,4.5551,6.305576,0.2231109,0.3329386,0.8623192,3.067177,2.129771,4.310894,4.6075916,4.8730817,3.529768,3.948949,5.494102,5.056361,3.443018,4.285425,4.152698,4.2567577,4.3454947,4.130125,4.427869,4.194506,5.564444,7.048028
Croatia,Europe & Central Asia,High income,GFDD.EI.08,8.2242985,8.568449,8.878653,8.960335,19.02758,16.184269,14.356669,11.946249,10.851319,11.2622795,12.52544,13.289519,13.408219,12.257209,11.841208,14.408609,13.56812,13.013509,14.785739,17.41961,23.66004,26.420168,31.81655,27.41169,28.16648,27.720188,27.44294,23.05274,22.64568,22.12027,26.315388
Croatia,Europe & Central Asia,High income,GFDD.OI.02,42.41016,40.398205,40.951843,41.351593,42.721634,17.77982,24.62133,30.522789,31.35596,29.845,36.474148,50.19317,49.896427,50.37452,51.25132,52.668537,56.90014,61.858814,59.96301,62.8955,71.81773,71.200516,63.75419,62.55451,62.95468,63.9245,64.150925,63.091938,64.971756,63.58835,77.28134
Croatia,Europe & Central Asia,High income,SH.STA.BRTC.ZS,99.8,99.8,99.8,99.8,99.8,99.9,99.8,99.9,99.9,99.9,99.9,99.9,99.9,99.9,99.9,99.9,99.9,99.9,99.9,99.9,99.9,99.9,99.9,99.9,99.9,99.9,99.9,99.9,101.28798,101.1162,101.3023
Croatia,Europe & Central Asia,High income,SL.IND.EMPL.ZS,28.87053,29.99,29.12,28.79,29.040003,29.01,29.150002,29.540003,29.49,29.09,29.170002,29.69,29.82,30.249998,29.64,28.63,29.35,30.639997,30.85,29.01,27.45,27.95,27.910002,27.63,26.98,26.71,26.97,26.42,27.42,27.670002,24.243856
Cuba,Latin America & Caribbean,Upper middle income,DT.TDS.DPPF.XP.ZS,10.340403,9.239881,9.1806965,8.975902,8.782987,8.686694,8.766449,8.861717,9.07844,8.943611,8.146587,7.921227,7.77412,7.6620164,7.3082466,6.7411394,6.3516426,5.8296733,5.376269,5.2881823,5.243221,5.1228094,5.062756,5.21017,5.4229164,5.689449,5.741352,5.5347786,5.4172363,5.785257,7.4224014
Cuba,Latin America & Caribbean,Upper middle income,EG.ELC.ACCS.ZS,98.17436,98.168526,97.12013,96.28996,96.265396,96.749146,97.195435,97.25472,96.66769,96.60621,97.0,96.22626,95.5,96.51303,96.65091,96.78825,96.927475,97.07121,97.22218,97.383095,97.55665,97.74557,97.95255,98.17937,98.42399,98.68346,98.95479,99.23503,99.52122,99.8,100.0
Cuba,Latin America & Caribbean,Upper middle income,GFDD.AI.01,265.9223,-636.5533,-210.40315,1211.1705,2979.063,4312.2095,5070.432,4295.7534,2667.364,1303.8262,382.0552,39.7635,-313.77875,-461.1773,-522.9516,-582.70197,-607.7085,-438.37064,-336.84848,-226.51979,-366.18533,-786.59,-1242.2908,-1259.8704,-1285.0347,-1369.3916,-1629.1163,-2089.3457,-2373.4973,-2878.469,-2536.2852
Cuba,Latin America & Caribbean,Upper middle income,GFDD.DI.04,84.477196,85.40483,84.12583,82.91804,82.6425,82.80125,83.16843,83.578606,82.68526,82.38534,82.17385,82.871506,83.69112,83.87035,83.56984,83.69651,84.390854,85.463776,86.31431,86.401535,86.06003,86.257065,87.2572,88.15591,88.91186,88.88,88.54933,88.51364,88.84241,90.00036,88.97321
Cuba,Latin America & Caribbean,Upper middle income,GFDD.DI.05,24.10888,24.211601,23.782288,23.12619,22.310566,21.68063,22.573318,23.136112,23.83657,24.845573,22.6849,24.229427,24.6199,24.257446,24.166265,25.007105,26.87316,28.381308,29.938015,31.436401,31.49057,31.716976,34.134724,36.283,37.717846,38.213787,38.182526,38.073006,38.84789,43.46873,46.306564
Cuba,Latin America & Caribbean,Upper middle income,GFDD.DI.06,11.616075,12.924492,12.72824,11.895764,11.038137,10.614845,10.579555,10.813808,10.367047,9.935654,9.7466545,9.662079,9.848539,9.992173,9.579241,8.817521,8.346723,8.421466,8.772909,9.044711,8.954033,8.731139,8.862181,9.091519,9.722782,10.322554,10.467002,10.227356,10.200513,10.012672,9.986829
Cuba,Latin America & Caribbean,Upper middle income,GFDD.DI.11,-12.214923,-9.165817,-7.4973364,-6.5465364,-6.6805334,-7.782195,-8.754513,-9.185112,-8.7402315,-7.802124,-7.912836,-7.9686685,-8.743646,-9.301732,-9.042648,-7.9819746,-6.7797794,-6.014246,-5.811653,-5.876972,-6.295643,-6.245205,-5.8212724,-5.4636846,-5.0227675,-4.650051,-4.320313,-3.8843093,-3.3119562,-2.3361225,-3.3171527
Cuba,Latin America & Caribbean,Upper middle income,GFDD.DM.11,-18.01256,-15.871498,-11.562069,-7.327016,-5.8771615,-7.03512,-9.492157,-9.46516,-6.6984363,-1.8634666,1.5276788,2.4326856,2.3643243,2.7444534,4.0757794,5.9525223,7.909848,8.498465,7.6196437,6.5317564,5.700002,5.111777,4.317532,4.133846,4.527663,5.712126,6.6886144,6.7638445,5.985927,4.939113,5.702358
Cuba,Latin America & Caribbean,Upper middle income,GFDD.EI.08,0.2815337,0.47215262,0.6258658,0.73486495,0.6900553,0.47165447,0.43020728,0.23078395,0.5157343,0.5309393,0.5223651,0.8309172,1.1486902,1.4044832,1.5115879,1.5875952,1.5483879,1.5570644,1.7191947,2.0254087,2.4005034,2.8660252,3.3735194,3.6526246,3.8643022,3.971222,4.1225567,4.387107,4.5948367,4.8882785,5.1115136
Cuba,Latin America & Caribbean,Upper middle income,GFDD.OI.02,7.2388353,4.2362924,5.20626,7.1129947,8.220444,8.512572,9.336137,10.151025,11.415657,13.171009,14.682433,16.365805,17.524858,18.282604,19.483158,21.481512,23.41006,25.302769,26.537924,26.896477,26.550108,26.162952,27.033504,28.02572,29.221325,30.248592,30.2617,30.229849,30.576628,33.588856,37.361298
Cuba,Latin America & Caribbean,Upper middle income,SH.STA.BRTC.ZS,99.8,99.8,99.8,99.8,99.8,99.8,99.8,99.9,99.9,99.9,99.9,99.9,99.9,99.9,99.9,99.9,99.9,99.9,99.9,99.9,99.9,99.9,99.9,99.9,99.4,99.9,99.9,99.9,99.9,100.639046,100.914406
Cuba,Latin America & Caribbean,Upper middle income,SL.IND.EMPL.ZS,24.652052,29.25,28.94,27.53,25.64,22.9,22.9,22.9,20.800001,19.09,19.09,18.820002,18.53,18.300001,18.18,18.15,18.16,18.03,18.09,17.57,17.07,17.15,19.18,17.2,16.9,17.1,17.080002,17.03,17.12,17.11,21.868946
Cyprus,Europe & Central Asia,High income,DT.TDS.DPPF.XP.ZS,9.925888,9.255267,8.98881,8.504252,8.120605,8.022538,7.9902425,7.946141,7.961296,7.701684,7.237474,7.230397,7.191305,6.8007784,6.500706,6.214117,5.901494,5.4520745,5.2929893,5.2545285,5.174273,5.1210723,5.178205,5.407158,5.783781,5.714551,5.736626,5.650943,5.6337414,6.321595,7.468869
Cyprus,Europe & Central Asia,High income,EG.ELC.ACCS.ZS,100.0,100.0,100.0,100.0,100.0,100.0,100.0,100.0,100.0,100.0,100.0,100.0,100.0,100.0,100.0,100.0,100.0,100.0,100.0,100.0,100.0,100.0,100.0,100.0,100.0,100.0,100.0,100.0,100.0,100.0,100.0
Cyprus,Europe & Central Asia,High income,GFDD.AI.01,938.4147,457.27344,333.51053,848.6704,1642.1968,2337.0266,3007.6235,2289.5654,682.1973,-673.82355,-1516.4806,-1233.65,-1055.1676,-1291.2864,-1562.5334,-1774.3365,-2031.4679,-1904.4803,-1366.0587,-1226.5796,-1537.1132,-1852.9875,-1968.1189,-1837.166,-1510.6995,864.81757,897.04675,1411.4647,1414.6508,1513.2596,1438.4813
Cyprus,Europe & Central Asia,High income,GFDD.DI.04,93.86288,93.111305,90.124,91.56674,92.61479,90.22336,91.989006,92.90258,93.11594,94.64204,93.040924,93.91378,92.06989,92.74888,92.93951,93.76865,94.49487,95.46116,99.39989,99.52152,99.468094,99.564804,99.63437,99.61269,99.53845,99.41555,99.388565,99.512695,99.709694,99.66803,99.6964
Cyprus,Europe & Central Asia,High income,GFDD.DI.05,64.08093,62.852974,63.83138,65.8963,66.479774,65.455246,65.74594,68.16384,69.967896,71.67393,70.80045,68.64437,69.05788,68.428505,68.13749,73.00159,75.98225,78.31243,75.19767,78.56241,77.74517,77.669525,79.29041,78.07154,77.40026,77.05055,75.97109,75.40454,77.48744,80.0011,85.04175
Cyprus,Europe & Central Asia,High income,GFDD.DI.06,7.282544,9.003627,13.38168,12.4374695,10.91626,13.511399,12.21577,11.394421,11.25891,9.392426,12.42804,6.353389,8.662708,7.8991537,7.5666122,12.251809,10.99375,9.799219,0.115731,0.117801405,0.1236476,0.116143994,0.1234517,0.1166991,0.1204805,0.1118318,0.1056563,0.0938489,0.0786578,0.0738812,0.0740127
Cyprus,Europe & Central Asia,High income,GFDD.DI.11,16.791075,18.8743,20.678135,21.526312,21.323206,20.236588,19.089415,19.056776,19.846323,21.358604,23.328545,23.206131,22.532248,20.935045,20.851948,21.94988,23.303411,15.543773,13.040692,14.781727,14.272199,15.408347,13.465871,13.4442425,14.440866,13.822566,18.485483,17.187967,16.138105,16.275782,17.32598
Cyprus,Europe & Central Asia,High income,GFDD.DM.11,7.752803,11.02838,13.369582,15.020733,14.403392,12.428156,10.681166,10.200055,11.593724,13.724437,6.3912888,8.229427,21.46542,21.63199,28.64314,34.45564,63.114723,51.15197,165.69,250.4999,201.84601,129.2592,109.8818,50.036358,38.60239,41.7794,44.6604,51.04207,49.08899,56.04269,66.0588
Cyprus,Europe & Central Asia,High income,GFDD.EI.08,6.857807,6.945345,6.575538,9.425471,9.180997,6.1282225,9.185351,10.08894,9.616426,10.28485,8.683263,13.5115595,13.08079,14.888419,13.368079,27.829678,25.89997,25.53739,19.169289,24.502699,23.12213,26.57169,33.64063,30.013948,25.9837,19.022629,17.174398,19.16498,27.01665,22.181719,24.382349
Cyprus,Europe & Central Asia,High income,GFDD.OI.02,107.686,118.5361,116.985306,129.28911,131.3834,119.77781,127.823906,135.58821,137.0162,148.3403,150.44841,89.5631,94.89113,93.508224,91.54167,145.34181,151.27501,166.7066,72.22807,74.94939,73.34593,72.11919,72.681885,71.91691,72.14124,70.91996,70.21357,69.67398,71.442825,74.5644,80.00641
Cyprus,Europe & Central Asia,High income,SH.STA.BRTC.ZS,100.0,100.0,100.0,100.0,100.0,100.0,100.0,100.0,100.0,100.0,97.899994,101.80954,101.73936,99.00001,95.700005,99.3,98.5,98.3,97.200005,98.3,98.6,98.3,98.7,99.9,97.4,97.1,95.600006,96.0,98.3,100.33303,100.547775
Cyprus,Europe & Central Asia,High income,SL.IND.EMPL.ZS,26.65824,29.34,28.5,27.14,26.15,25.53,25.03,24.540003,24.37,24.11,23.77,23.690002,23.18,22.88,23.38,24.05,22.65,22.52,23.05,21.820002,20.4,20.9,20.170002,17.560001,16.52,16.23,17.05,17.05,16.66,18.44,21.670958
Czech Republic,Europe & Central Asia,High income,DT.TDS.DPPF.XP.ZS,10.370362,9.398381,9.016496,7.5596433,7.353922,7.2793584,7.3306217,7.346521,7.325179,6.9012575,6.3928366,6.2366385,6.216081,6.1321516,5.884811,5.547279,5.263648,5.156079,5.0519223,4.976476,4.9405212,4.953376,4.994901,5.2556796,5.5399437,6.060532,6.0325446,5.609444,5.9119473,6.1941757,7.254691
Czech Republic,Europe & Central Asia,High income,EG.ELC.ACCS.ZS,100.0,100.0,100.0,100.0,100.0,100.0,100.0,100.0,100.0,100.0,100.0,100.0,100.0,100.0,100.0,100.0,100.0,100.0,100.0,100.0,100.0,100.0,100.0,100.0,100.0,100.0,100.0,100.0,100.0,100.0,100.0
Czech Republic,Europe & Central Asia,High income,GFDD.AI.01,652.1284,251.68774,261.23947,-94.62217,555.91693,1141.6622,1775.6407,1169.199,-115.79792,-1337.285,-2017.9523,-2168.35,-2077.4985,-2042.1138,-2324.4458,-2641.5938,-2771.0571,-2500.729,-2116.2302,-1942.7618,-2155.1714,-2472.474,-2577.2124,-2438.7568,-2195.511,-2212.087,-2365.5942,-2574.1228,-2773.202,-2625.641,-2287.5864
Czech Republic,Europe & Central Asia,High income,GFDD.DI.04,95.98958,96.736595,96.71052,94.49942,96.05205,98.80339,99.57085,98.34122,96.26485,95.124214,96.43495,95.771194,95.98451,96.6114,96.82385,98.061935,99.511765,99.59835,99.646,99.97806,99.97815,99.98511,99.986465,99.99436,99.99464,99.994064,99.99545,99.99512,99.99442,99.993355,99.99318
Czech Republic,Europe & Central Asia,High income,GFDD.DI.05,54.122185,53.2448,53.030968,58.530453,60.9585,68.0106,63.17254,59.605186,56.30709,55.313396,60.579403,62.318302,63.84997,65.34842,62.575794,63.555824,64.99854,67.084854,69.5238,68.51064,69.12247,69.81207,72.68075,75.903076,76.64165,77.73394,79.84791,82.706024,83.06735,82.54061,92.288025
Czech Republic,Europe & Central Asia,High income,GFDD.DI.06,6.552388,7.7116013,7.8710933,3.9566438,2.9808297,0.88579285,0.29634932,1.123175,2.248797,2.712408,1.7781581,2.03243,1.828702,1.64933,1.4410189,0.9098186,0.2458311,0.2250274,0.2138585,0.0130996,0.013599199,0.009822,0.0093913,0.0039104,0.0036586998,0.00387,0.0028977,0.0029546001,0.0034383002,0.0039721,0.0046361
Czech Republic,Europe & Central Asia,High income,GFDD.DI.11,10.547484,12.676604,13.990647,10.910567,10.786388,9.8997755,8.85702,8.581781,9.136005,11.682628,4.6870265,5.2279334,7.383067,9.158825,7.814837,9.450661,9.143837,8.941758,9.13176,10.025336,10.678892,10.720432,11.470985,11.56517,11.215742,10.444139,10.252712,10.011333,9.614032,8.412148,8.656822
Czech Republic,Europe & Central Asia,High income,GFDD.DM.11,5.0494704,9.21808,12.048619,11.34908,11.12308,9.725907,8.31924,8.009766,9.787086,1.6217209,3.773247,4.736823,7.583525,11.55231,11.05053,9.514925,10.11109,10.524441,6.8850527,7.0862513,6.281837,5.718298,7.379395,7.042097,7.4277387,8.20814,7.6899657,7.678155,5.955519,5.696495,6.498708
Czech Republic,Europe & Central Asia,High income,GFDD.EI.08,9.784511,10.439344,10.725652,6.561841,6.8707123,8.202562,5.67794,3.148308,3.415732,4.161519,4.940696,10.49906,16.93385,19.3104,15.12828,13.25937,12.920739,12.106899,12.265479,14.714639,15.897989,17.61143,19.948019,18.84114,18.92449,15.52749,12.71143,9.77756,10.171789,9.571671,14.975989
Czech Republic,Europe & Central Asia,High income,GFDD.OI.02,50.38772,49.635826,49.78637,52.89417,53.295338,57.181248,53.64098,53.42371,50.32032,48.22129,53.32428,55.26976,56.36382,57.4489,54.79139,55.458187,56.56075,58.608166,60.39635,59.42612,60.040794,60.34586,63.03112,66.03354,66.673454,67.61345,69.06567,71.949936,72.37445,72.14381,80.494316
Czech Republic,Europe & Central Asia,High income,SH.STA.BRTC.ZS,100.0,100.0,100.0,100.0,100.0,100.0,100.0,100.0,99.9,99.9,99.8,99.8,99.8,99.8,99.8,99.8,99.7,99.7,99.6,99.6,99.7,99.9,99.9,99.8,99.8,102.54118,102.44319,99.8,101.90245,101.73375,101.948494
Czech Republic,Europe & Central Asia,High income,SL.IND.EMPL.ZS,30.378063,44.93,44.1,43.54,42.69,42.25,42.01,41.56,41.51,40.56,39.95,40.53,40.13,39.88,39.3,39.49,39.97,40.22,40.53,38.57,37.990005,38.45,38.12,37.51,38.04,38.030003,38.07,38.06,37.5,37.25,25.322927
Denmark,Europe & Central Asia,High income,DT.TDS.DPPF.XP.ZS,10.959462,10.161667,9.87283,9.466372,8.677037,8.506316,8.580196,8.101995,7.9761343,7.501367,7.1895885,6.9973574,6.9392376,6.8892174,6.6723695,6.3220677,6.0362797,5.83803,5.9337277,5.4764338,5.409834,5.3730063,5.467617,5.7211604,6.0628815,6.2773724,6.2784624,6.144836,6.10296,7.2082834,8.492212
Denmark,Europe & Central Asia,High income,EG.ELC.ACCS.ZS,100.0,100.0,100.0,100.0,100.0,100.0,100.0,100.0,100.0,100.0,100.0,100.0,100.0,100.0,100.0,100.0,100.0,100.0,100.0,100.0,100.0,100.0,100.0,100.0,100.0,100.0,100.0,100.0,100.0,100.0,100.0
Denmark,Europe & Central Asia,High income,GFDD.AI.01,1280.949,760.30536,610.06476,976.889,1237.6844,1971.2988,2590.3413,1541.8732,81.40606,-1189.0669,-1664.905,-1751.9427,-1726.5771,-1717.0872,-1921.7223,-2205.9153,-2396.6711,-2193.3264,-1824.3298,-1649.0942,-1863.0859,-2145.1597,-2231.3792,-2109.4346,-1859.5287,-1764.3057,-1846.5751,-1937.3821,-1919.8252,-1431.3083,-1125.0634
Denmark,Europe & Central Asia,High income,GFDD.DI.04,97.74876,96.474335,98.270485,97.41791,94.85309,96.15936,95.0667,95.82592,96.52164,96.56339,99.12093,99.12151,99.15682,99.2385,99.36088,99.617355,99.64,99.858086,99.9005,99.925804,99.966736,99.98143,99.978226,99.98701,99.99564,99.99654,99.99831,99.998825,99.999466,94.38053,93.337746
Denmark,Europe & Central Asia,High income,GFDD.DI.05,56.88926,56.80214,54.39885,64.73668,54.49035,55.46378,57.13921,57.940807,57.855553,54.774788,48.60277,48.69795,49.36906,51.38472,54.423508,60.004734,62.016575,67.2847,70.00894,67.909706,69.66752,64.25753,63.907658,56.87627,63.211452,67.593155,60.597023,61.25009,60.504066,62.230595,68.015854
Denmark,Europe & Central Asia,High income,GFDD.DI.06,1.3765299,1.952499,0.88709384,1.107203,2.30719,1.5892249,1.9859929,1.6248591,1.447904,1.393131,1.267682,1.34113,1.315776,1.228606,1.056242,0.68071467,0.6810482,0.29220462,0.2182107,0.15794301,0.0673687,0.0366029,0.041846998,0.024149101,0.007975101,0.0062366,0.0029888998,0.0020064,0.000932,7.856158,7.923682
Denmark,Europe & Central Asia,High income,GFDD.DI.11,25.928886,28.607685,30.614616,31.774836,42.07255,44.700703,48.50869,51.44253,54.47148,58.94392,58.10387,56.240993,55.76176,59.643726,62.62334,68.698166,68.80154,69.05278,69.606544,104.98214,110.33921,120.71699,98.765686,97.665726,107.10728,104.41857,113.01972,108.20407,107.331635,121.42953,127.82274
Denmark,Europe & Central Asia,High income,GFDD.DM.11,11.638063,13.814542,16.528568,17.893383,17.72855,16.237577,14.801095,15.545896,16.860952,11.5919695,17.35714,22.90974,28.34162,34.34956,37.96032,40.97206,42.36279,45.22513,41.96584,53.44899,58.5238,52.88655,63.222805,58.49862,61.027378,60.34634,58.99366,59.008022,53.55726,62.893955,70.19769
Denmark,Europe & Central Asia,High income,GFDD.EI.08,9.605319,11.660989,11.21164,7.5583587,12.54391,9.602266,7.843386,6.090209,5.9982963,5.26542,11.111369,12.63308,13.147759,12.33394,10.265329,9.874185,8.432227,8.074899,8.3175955,11.480809,9.4227495,9.861799,10.001519,8.93336,10.042729,10.06376,9.689544,8.983931,9.452112,9.731909,11.504959
Denmark,Europe & Central Asia,High income,GFDD.OI.02,52.37605,53.97366,51.5574,61.768005,51.395668,52.363956,53.607006,54.48675,54.54186,51.11541,45.630676,45.66105,46.59002,48.500366,51.49608,56.986782,58.984173,64.27599,67.17631,56.68361,53.111656,50.48299,50.855568,51.28306,53.31664,54.19263,56.063118,57.24577,56.59733,58.518314,64.05716
Denmark,Europe & Central Asia,High income,SH.STA.BRTC.ZS,97.00588,97.63982,98.17288,98.545876,98.28443,98.182884,98.17186,98.3,98.799995,98.7,98.799995,98.899994,98.799995,98.899994,98.6,98.799995,98.7,97.799995,99.65672,98.7,98.5,98.5,98.200005,96.3,95.9,95.40001,94.399994,94.7,95.299995,99.8315,99.93053
Denmark,Europe & Central Asia,High income,SL.IND.EMPL.ZS,26.656818,26.9,26.68,26.1,26.51,27.08,26.4,26.24,26.45,26.930002,25.34,25.39,23.49,23.15,23.690002,23.89,23.33,23.51,23.26,20.57,19.87,20.040003,19.77,19.64,19.37,19.42,19.05,18.94,18.91,18.55,21.197546
Djibouti,Middle East & North Africa,Lower middle income,DT.TDS.DPPF.XP.ZS,13.290938,4.6904907,4.710109,3.616219,4.6665654,5.0486436,5.4198456,3.1316695,2.2028008,4.3584814,6.102203,4.468611,4.937293,5.642376,6.349201,4.918097,6.9160676,7.873665,7.3324513,7.4679713,7.5001497,8.444929,8.0757675,1.2421917,1.0358517,1.2388852,2.123369,1.5569744,1.4224656,1.3188025,1.5868515
Djibouti,Middle East & North Africa,Lower middle income,EG.ELC.ACCS.ZS,51.485775,49.113186,48.437366,48.618988,48.66251,48.575962,61.999996,56.29449,56.322254,56.34517,56.37995,56.365143,49.7,56.315117,56.284595,56.253548,55.5,56.199703,56.182274,56.174786,56.17995,56.20047,54.6,56.297474,56.618835,57.578564,58.675446,60.2,60.564186,61.211926,61.76708
Djibouti,Middle East & North Africa,Lower middle income,GFDD.AI.01,49.15276,226.68123,961.8763,1051.0045,2567.0452,3959.108,4849.0127,4466.132,3390.0332,2247.9028,1207.6268,557.4016,298.90268,1026.6056,-297.61868,-925.31976,-453.4037,-1773.322,41.271305,57.047665,67.778694,78.86915,90.057816,112.78402,123.12713,124.756775,105.555145,148.07878,227.52728,249.6946,203.09021
Djibouti,Middle East & North Africa,Lower middle income,GFDD.DI.04,77.68526,74.49462,72.68479,99.07787,98.55128,98.695175,96.983604,96.49391,95.381325,91.11166,91.95684,89.88237,89.96462,86.412544,85.4621,85.88228,87.63043,91.022446,92.22693,94.31654,96.02059,95.20358,91.368,92.94439,93.98147,95.06095,95.513176,96.80468,97.817604,98.72649,94.21892
Djibouti,Middle East & North Africa,Lower middle income,GFDD.DI.05,52.14894,53.03553,48.589268,50.29922,49.41972,51.40016,47.9789,44.99282,42.16914,38.562637,37.92934,39.256767,44.00605,49.237698,52.80024,55.26527,56.6684,55.807087,57.991043,66.031204,68.43816,57.99676,61.051533,60.698708,59.60269,64.29913,65.30813,75.364044,65.34909,63.99883,74.32652
Djibouti,Middle East & North Africa,Lower middle income,GFDD.DI.06,8.238283,9.435998,9.422593,0.2639725,0.4352078,0.4299517,1.034903,1.1858051,1.6960249,2.1704972,2.085076,2.244275,2.136516,2.767412,2.779783,2.573529,2.2034202,1.7538831,1.6104231,1.444991,1.09902,1.219323,2.211089,1.8631891,1.5998629,1.304496,1.115297,0.8084375,0.55367947,0.3168135,1.554106
Djibouti,Middle East & North Africa,Lower middle income,GFDD.DI.11,-0.6078917,0.05956309,1.6660646,1.3272061,1.40661,0.93982965,-1.6903673,-1.404116,-0.83226895,0.013647395,0.6237105,0.47058362,-0.25466582,-1.4716234,-1.2872359,-0.64534616,0.40084866,1.3915454,0.48253214,0.17382614,-0.1615419,-0.51926804,-0.42072955,-0.24632631,-0.6407531,-0.88821167,-0.6914436,-0.00012895647,0.33503687,0.3616565,-0.20705965
Djibouti,Middle East & North Africa,Lower middle income,GFDD.DM.11,-3.0146825,-2.7975552,1.8076352,7.2874746,8.22715,7.4804263,5.6293235,5.1730037,5.9276776,10.176471,11.837565,12.220685,11.581783,12.045395,9.898069,9.705922,12.044028,9.37667,8.291827,7.809259,7.2151794,6.0806174,7.0505886,5.96281,6.1217813,6.0889087,6.323727,6.5690517,6.0280366,5.8285446,6.5102544
Djibouti,Middle East & North Africa,Lower middle income,GFDD.EI.08,0.5069463,0.4239259,0.37232453,0.7991056,2.4003062,2.1005769,1.7593321,1.958665,2.213073,1.8708661,1.190607,1.271732,1.917295,1.6458731,1.30487,1.35573,1.230658,1.735939,1.4995271,2.369243,2.289419,2.173417,2.794537,2.3832211,2.805094,3.613429,4.256155,3.3694842,3.895094,3.9283292,6.050906
Djibouti,Middle East & North Africa,Lower middle income,GFDD.OI.02,43.79965,43.600517,37.368816,38.09372,36.54768,38.64573,34.028408,33.05343,35.067028,31.676798,31.29128,32.754337,37.15467,42.136738,45.36462,47.75848,48.725388,48.47826,50.80917,58.27888,61.11073,51.41089,54.52831,53.881596,52.67294,57.208187,58.222412,68.135445,58.508152,57.66521,67.15524
Djibouti,Middle East & North Africa,Lower middle income,SH.STA.BRTC.ZS,67.92601,67.379486,66.57668,68.45199,68.24509,67.9252,67.69144,67.496056,67.88748,67.85876,68.93579,70.24246,71.38148,60.599995,72.14814,72.45994,78.4,74.21925,76.31978,76.98376,77.16352,77.13241,87.399994,78.24819,79.36921,80.32897,80.8933,81.10321,81.051674,81.01461,81.97861
Djibouti,Middle East & North Africa,Lower middle income,SL.IND.EMPL.ZS,16.479029,16.25,16.040003,15.810001,15.56,15.310001,15.06,14.81,14.57,14.33,14.110001,13.910001,13.73,13.58,13.44,13.34,13.270001,13.21,13.160001,13.140001,13.130001,13.130001,13.150001,13.18,13.250001,13.3,13.35,13.400001,13.42,13.44,14.776163
Dominica,Latin America & Caribbean,Upper middle income,DT.TDS.DPPF.XP.ZS,6.472965,6.253612,5.880054,7.3865333,7.318461,5.982737,4.8944817,7.12868,6.50891,6.2589545,6.6672473,13.453177,9.707266,12.029623,11.935911,11.814153,12.708105,12.278558,11.222259,13.811789,9.109045,9.042657,12.559541,11.281623,6.9842606,8.270813,9.581781,12.4435625,17.275764,12.39952,23.543793
Dominica,Latin America & Caribbean,Upper middle income,EG.ELC.ACCS.ZS,92.38389,90.03671,87.591095,86.67893,87.12228,90.16038,89.98597,91.59224,75.0,79.62192,80.95181,82.27921,87.7,84.91362,86.22531,87.536476,88.84951,90.16706,90.9,92.82657,94.17394,95.536674,96.91748,98.31811,99.73656,99.82902,99.98354,100.0,100.0,100.0,100.0
Dominica,Latin America & Caribbean,Upper middle income,GFDD.AI.01,1180.0831,691.29517,404.34924,1314.72,2765.957,3847.2612,5096.0825,4385.365,1581.1475,279.24533,-461.48898,-865.4843,-1017.01587,-1093.7551,-1561.8516,-1936.8141,-2242.4924,-1656.6398,-1356.7312,-1092.8364,-1117.9825,-1419.2771,-1741.1135,-1746.9045,-1454.3776,-776.7459,-935.4849,-1919.6434,-1435.3899,-1349.6615,-1118.0737
Dominica,Latin America & Caribbean,Upper middle income,GFDD.DI.04,91.538734,92.411125,94.83924,95.92526,95.447426,96.749,97.32995,97.50796,97.88753,97.97463,98.08067,98.18814,98.34111,98.31337,98.662575,98.75037,99.36319,99.380264,99.44246,99.77442,99.79475,99.80277,99.99999,99.99999,99.794365,95.5948,95.123436,99.93652,94.61028,94.82307,94.78825
Dominica,Latin America & Caribbean,Upper middle income,GFDD.DI.05,50.03843,52.4486,56.15245,52.93475,51.64806,60.0275,59.958656,60.648026,58.795692,62.091404,59.794106,61.69018,68.93839,72.53323,72.25747,76.82289,79.72905,81.34755,79.00105,81.47893,82.8232,83.792885,96.147224,96.627235,97.11554,96.759224,96.35272,124.7715,119.137505,95.34226,102.037
Dominica,Latin America & Caribbean,Upper middle income,GFDD.DI.06,4.378149,4.1015573,2.82059,2.3675559,2.728566,2.0481691,1.589534,1.548429,1.291195,1.242126,1.2708809,1.153327,1.050985,0.98906016,0.7246644,0.73057735,0.3756613,0.35118762,0.31510508,0.1250043,0.123802096,0.12202399,1.7800002e-06,4.46e-09,0.13152249,7.2264457,7.3628473,0.038450602,7.5783787,7.320954,7.2366605
Dominica,Latin America & Caribbean,Upper middle income,GFDD.DI.11,2.8645782,5.60608,8.064495,8.928421,8.592362,7.234074,6.652322,6.514258,5.274295,6.4727693,7.3286543,7.423832,6.615922,5.7114425,5.744066,6.547371,7.727254,8.130355,8.422868,8.361935,7.974279,7.5766735,7.713976,9.705756,10.263048,11.81965,12.05548,12.275665,15.4583845,15.523329,14.882905
Dominica,Latin America & Caribbean,Upper middle income,GFDD.DM.11,-6.543008,-4.967145,-2.3818572,0.18585664,0.9997321,1.6056241,-2.3741996,-2.5274963,0.4399789,3.4202077,5.2842875,5.6512337,5.519587,5.4888115,6.3213034,7.8863573,7.651053,8.717207,8.573535,7.9654346,7.0072637,5.8372498,5.4598184,15.778,20.90634,15.43583,12.11519,13.1362095,12.96544,12.75334,16.21784
Dominica,Latin America & Caribbean,Upper middle income,GFDD.EI.08,8.544517,10.43665,10.060809,12.05416,13.42926,14.45704,12.51717,13.35985,12.73603,13.223449,14.5108795,14.645309,14.13564,12.274919,8.004335,9.1465225,8.201577,7.1947727,7.2459,6.374779,7.089415,6.133349,9.220813,9.97931,10.08955,8.960702,9.062185,9.503011,16.810968,20.071598,29.233269
Dominica,Latin America & Caribbean,Upper middle income,GFDD.OI.02,45.44865,47.274338,51.2072,48.723076,48.205547,55.96457,56.20665,57.09242,55.33629,58.163876,55.756298,57.825047,64.893005,68.74187,68.36732,72.750114,75.31756,76.90572,75.33089,77.63764,79.33677,80.317406,92.67043,93.53471,93.775154,93.56441,92.96866,119.578,113.046,89.94616,95.71721
Dominica,Latin America & Caribbean,Upper middle income,SH.STA.BRTC.ZS,95.45767,95.238106,94.8238,94.50175,94.64521,100.0,95.755486,96.41749,95.0,99.9,100.0,100.0,100.0,100.0,100.0,99.00001,99.88543,93.99999,100.0,100.0,100.0,100.0,100.0,100.0,100.0,100.0,100.0,100.0,101.06612,100.84494,100.75209
Dominica,Latin America & Caribbean,Upper middle income,SL.IND.EMPL.ZS,22.690176,21.897146,21.321047,20.949,20.765171,20.988655,21.048813,21.377317,21.873215,21.728844,21.486603,21.291206,21.254368,21.341282,21.268166,21.193281,20.929188,21.046602,21.11448,21.136717,21.193941,21.163403,21.167852,20.747551,20.763123,20.384068,20.595524,21.18981,21.211817,21.108234,20.699911
Dominican Republic,Latin America & Caribbean,Upper middle income,DT.TDS.DPPF.XP.ZS,11.0614605,12.064561,16.038706,5.993939,8.8996725,9.824181,9.856524,9.052428,7.0493093,6.3914413,7.7320843,9.946553,10.100115,10.230238,10.537989,8.540031,14.211148,13.211585,13.513264,15.106638,10.131799,9.780287,7.6308293,9.933309,12.948096,22.268478,10.1903515,7.8342032,8.812468,9.796817,30.370678
Dominican Republic,Latin America & Caribbean,Upper middle income,EG.ELC.ACCS.ZS,88.78089,78.2,82.485405,83.25549,84.02422,84.79091,85.55488,86.315445,87.07194,91.0,88.76493,89.79136,89.74982,89.173805,90.31657,90.14123,90.11815,96.87634,97.576195,97.85776,98.14542,97.89887,97.86705,98.38586,98.47098,98.56036,98.9,100.0,98.9,99.0,100.0
Dominican Republic,Latin America & Caribbean,Upper middle income,GFDD.AI.01,1913.9664,2137.554,1765.998,2665.7524,3497.5686,4319.381,4756.1333,4002.5251,2362.4148,1539.4269,809.30695,-384.8009,-425.09656,-904.215,-1204.503,-1661.8007,-1032.7552,-1105.5183,-1285.5452,-1123.1322,-1011.86145,583.5299,688.2168,664.05426,711.8742,736.6064,753.5262,802.3845,873.5145,794.4659,772.01526
Dominican Republic,Latin America & Caribbean,Upper middle income,GFDD.DI.04,92.05057,86.31767,90.08208,93.51245,91.17507,95.005974,94.65994,95.27362,95.59489,95.27746,94.77853,94.63873,95.237144,85.12262,73.50903,63.61205,54.149467,56.42132,57.81174,60.65397,61.96223,63.0486,63.69603,65.530426,65.94669,67.293205,67.38007,67.748795,68.19598,69.61589,70.10981
Dominican Republic,Latin America & Caribbean,Upper middle income,GFDD.DI.05,29.06517,19.22019,20.77252,22.03988,21.73723,21.87983,23.3263,24.29364,25.16312,27.884699,29.02597,21.38533,21.972439,28.136478,17.910969,19.14772,18.701359,19.62274,17.94432,19.74044,20.43904,20.96348,21.26064,22.06056,20.952091,21.65046,21.86575,21.99613,21.4599,23.086248,30.220388
Dominican Republic,Latin America & Caribbean,Upper middle income,GFDD.DI.06,2.624599,2.823963,2.128543,1.36128,1.9276999,1.055141,1.238427,1.158034,1.137543,1.409426,1.693203,1.987347,1.828659,6.078682,7.981166,12.26898,17.16108,16.7094,16.48514,16.44183,15.53682,14.732861,15.03824,14.67996,14.36071,14.56423,14.94866,14.80715,14.224441,13.9945,15.28805
Dominican Republic,Latin America & Caribbean,Upper middle income,GFDD.DI.11,-6.568466,-5.6542997,-3.5485327,-2.6077037,-2.7922168,-3.753432,-4.864902,-4.7240033,-4.1105537,-3.4253047,-2.3638995,0.5234014,2.280976,1.9436376,1.7247255,1.3332375,1.3569212,1.3889928,1.3357313,1.469417,1.4177228,1.4217913,1.4480292,1.4547112,1.4491323,1.463233,1.4966193,1.5552322,1.8401502,1.9977627,-1.2821399
Dominican Republic,Latin America & Caribbean,Upper middle income,GFDD.DM.11,-9.02262,-4.1822624,-2.741781,-0.07400086,-0.25136203,-1.8988779,-1.729386,-4.2748237,-2.4307902,1.8296032,3.296372,3.5705438,0.3080615,0.4518023,0.4573883,0.5179224,1.4036491,0.81632274,0.5005963,0.4075748,0.38302872,0.29829508,0.3081662,0.3141245,0.3233107,0.35551268,0.4254693,0.2006299,0.16164969,0.1561703,0.0871334
Dominican Republic,Latin America & Caribbean,Upper middle income,GFDD.EI.08,2.4167218,1.66551,1.48336,1.3928311,1.282669,1.298203,1.4227229,1.6831441,1.9206531,2.402159,2.123701,3.66348,4.16157,3.862025,3.181334,2.901782,2.772552,2.22456,3.456773,4.817154,3.571553,3.168409,4.8600993,5.3434124,3.648612,5.1087193,5.250098,5.206314,4.643959,5.202981,6.888523
Dominican Republic,Latin America & Caribbean,Upper middle income,GFDD.OI.02,22.37298,15.42633,16.62966,17.78241,17.554781,17.70858,19.20944,20.148369,21.19823,23.047531,25.17267,17.54842,18.228031,23.46845,17.20122,18.28384,18.25501,19.46512,17.27872,19.61053,20.14961,20.676321,21.118141,21.98308,20.706781,21.47626,21.7035,21.86977,21.36171,23.0601,30.413317
Dominican Republic,Latin America & Caribbean,Upper middle income,SH.STA.BRTC.ZS,88.82258,92.4,89.45463,89.08227,89.00762,88.995346,95.50001,89.76696,90.339424,96.6,97.6,91.7576,97.799995,91.92193,91.83225,91.78055,95.50001,97.799995,93.300186,93.63256,97.799995,98.7,98.799995,98.6,97.7,99.6,99.8,95.51081,95.13142,94.94025,95.491806
Dominican Republic,Latin America & Caribbean,Upper middle income,SL.IND.EMPL.ZS,22.497343,26.79,26.68,26.55,26.4,26.21,26.0,25.53,26.12,25.300001,24.64,23.63,21.55,22.210001,23.16,22.580002,22.36,22.47,21.45,18.210001,18.48,18.170002,18.57,17.09,17.79,18.37,19.01,19.430002,19.59,18.820002,19.916119
Ecuador,Latin America & Caribbean,Upper middle income,DT.TDS.DPPF.XP.ZS,31.226566,30.814222,24.082066,20.933218,19.083048,29.028448,22.567278,32.97221,33.91367,29.843355,38.11635,25.027445,28.28736,20.131165,23.891636,16.4233,17.847706,12.100986,8.215542,44.01576,4.922039,5.7782106,6.4773,6.6727805,6.9907875,14.705905,15.109163,20.537592,21.245193,24.211529,23.293179
Ecuador,Latin America & Caribbean,Upper middle income,EG.ELC.ACCS.ZS,84.94123,83.533295,82.04178,81.14009,82.573975,89.83017,92.05138,92.42982,92.72664,93.071434,93.73226,94.02462,94.30939,94.973045,94.86557,95.83265,96.31526,96.812614,97.20657,96.47086,97.46214,96.872696,97.19493,98.034676,98.97607,98.82588,98.7,99.2,98.7,99.09,98.85
Ecuador,Latin America & Caribbean,Upper middle income,GFDD.AI.01,2804.048,2698.516,2949.9917,3658.2334,5493.604,6262.4033,6688.4736,6185.551,4649.1,3916.5618,2248.5771,1765.5149,387.8604,44.89081,-66.14891,339.56824,355.62302,363.1974,421.18857,390.3209,519.6492,605.8248,590.14014,619.7552,717.15857,744.5069,761.73627,799.8859,813.7831,944.31226,-1583.8064
Ecuador,Latin America & Caribbean,Upper middle income,GFDD.DI.04,64.71887,67.125015,72.22597,42.61996,53.82489,96.48817,97.08765,98.126114,95.62186,76.75588,78.33657,83.37893,83.0135,82.041954,84.39733,86.96575,89.45029,90.388084,99.604515,98.68083,98.91117,99.097755,99.18845,99.30981,96.638466,95.16816,87.29526,91.87886,92.74413,93.67745,91.64909
Ecuador,Latin America & Caribbean,Upper middle income,GFDD.DI.05,13.9209795,13.23601,12.97917,18.19934,21.11283,20.951809,22.814949,22.29257,18.76309,13.14566,20.7137,20.4327,17.008549,17.6555,20.353298,21.49288,21.53669,23.44903,23.585749,25.1528,27.41668,28.37453,29.60847,30.922668,32.18516,29.47552,34.98362,37.05909,37.62827,40.76303,48.811127
Ecuador,Latin America & Caribbean,Upper middle income,GFDD.DI.06,5.01475,4.501606,3.7905579,20.81073,17.81072,0.822235,0.69156104,0.4836094,1.149108,7.542735,7.798248,5.238089,4.069507,3.887966,3.6065042,3.146788,2.543201,2.3760889,0.0904106,0.299816,0.27247882,0.23489301,0.2219651,0.19219969,0.99442625,1.431086,4.415837,2.9947138,2.9065142,2.792604,4.197207
Ecuador,Latin America & Caribbean,Upper middle income,GFDD.DI.11,-8.133164,-5.6263213,-3.4779747,-1.9014742,-2.558467,-6.034672,-6.9799166,-7.0420847,-6.3278575,-5.602453,-4.0116315,-4.0315256,0.46376494,0.43607008,0.44616726,0.43566054,0.43109232,0.4672621,1.0539705,1.152277,1.2198484,1.3181559,1.541674,1.7291979,1.8218292,2.031637,2.3220868,2.2038267,2.0065355,1.9939226,-2.426652
Ecuador,Latin America & Caribbean,Upper middle income,GFDD.DM.11,-8.363787,-4.271874,-0.31091598,2.5810988,5.601914,0.5741345,-1.3307211,-2.0657258,-0.80905646,4.027297,4.130962,4.196537,1.500673,2.281832,2.543539,2.7926402,3.8458219,3.755336,2.750309,2.960273,3.697304,3.183879,2.712966,3.457211,3.716485,3.177361,2.7536352,2.460934,2.403841,2.7350261,4.025596
Ecuador,Latin America & Caribbean,Upper middle income,GFDD.EI.08,0.376651,0.21034361,0.13355589,0.312251,0.3039608,0.5630835,0.9206976,1.435646,3.249849,2.4828281,2.1782231,2.321287,1.848527,1.117539,0.78996134,0.69077367,0.4661335,0.344026,0.2619707,0.2576948,0.26734102,0.5209351,1.04634,1.164043,1.4623251,0.98039705,1.60478,1.6123551,1.1848611,1.4696321,1.39181
Ecuador,Latin America & Caribbean,Upper middle income,GFDD.OI.02,10.25698,10.15952,10.36085,14.188781,17.10643,17.90402,19.85168,19.520132,16.63421,9.442411,18.72971,18.96309,16.472351,17.21797,20.106272,20.90224,20.899881,22.48377,22.81047,24.7516,26.693031,27.34638,28.48008,29.897888,30.826288,28.00867,32.855267,34.361717,35.017307,37.85196,46.1083
Ecuador,Latin America & Caribbean,Upper middle income,SH.STA.BRTC.ZS,85.10036,84.3545,83.66508,82.91583,98.7,85.48019,85.95328,86.36086,86.88556,99.100006,87.751076,88.846855,90.336494,90.8178,98.200005,78.5,80.6,82.0,84.0,85.6,87.399994,89.7,91.7,93.3,94.7,94.2,95.9,96.4,96.0,96.08017,96.20844
Ecuador,Latin America & Caribbean,Upper middle income,SL.IND.EMPL.ZS,21.392796,23.01,22.84,22.74,22.63,22.430002,22.14,22.02,21.75,20.97,20.46,20.16,19.37,18.6,17.97,17.6,18.6,18.64,18.76,18.81,18.49,17.950003,17.52,19.080002,19.96,19.66,18.63,18.55,18.53,17.210001,20.364145
"Egypt, Arab Rep.",Middle East & North Africa,Lower middle income,DT.TDS.DPPF.XP.ZS,23.72882,18.0735,17.89098,14.957239,13.950802,14.578137,12.519674,10.393913,11.192659,9.9694,8.520514,9.535169,11.002108,11.14606,7.280242,6.8439765,6.0438986,5.698293,5.4753866,6.238251,5.8992195,7.504177,6.0246477,7.339777,12.352523,9.436778,18.022348,14.18172,14.059643,14.965382,27.880793
"Egypt, Arab Rep.",Middle East & North Africa,Lower middle income,EG.ELC.ACCS.ZS,95.39714,94.295235,93.4,95.39224,95.64854,95.5,96.15433,96.402466,96.64652,96.885735,97.7,97.34408,97.53618,98.8,97.90703,99.4,99.04,98.46563,99.8,98.86971,99.394554,99.45216,99.7,99.85039,99.8,99.3,100.0,100.0,100.0,100.0,100.0
"Egypt, Arab Rep.",Middle East & North Africa,Lower middle income,GFDD.AI.01,4629.874,5770.551,6401.495,7077.4727,6724.605,8185.5957,8530.637,7823.7144,6272.6987,2985.5193,3340.9502,1913.5449,1456.0173,1789.8964,74.99109,-85.40614,-1293.0378,-1258.4243,-755.93945,-992.6571,-1232.18,351.84982,364.37335,370.83563,355.85315,366.59244,379.76395,382.18542,391.93707,411.86844,479.85233
"Egypt, Arab Rep.",Middle East & North Africa,Lower middle income,GFDD.DI.04,50.591415,55.25013,62.310932,66.68572,70.07172,73.01756,77.89656,81.459946,77.99483,76.01926,73.01057,71.41367,71.30371,66.91157,62.72284,69.64931,70.623764,71.625946,80.69238,80.9286,82.138145,80.23346,78.5097,74.81851,72.813805,72.394005,77.9664,80.306656,82.132744,82.74233,87.21756
"Egypt, Arab Rep.",Middle East & North Africa,Lower middle income,GFDD.DI.05,81.65289,84.21188,80.40066,80.62894,80.490524,75.88123,74.791565,73.89329,73.25493,72.32047,72.98486,78.345505,83.536575,91.945854,91.902115,92.34167,92.58073,91.46205,84.046364,79.057724,76.76791,72.059685,69.69367,74.59094,75.42253,77.96799,98.11987,92.295395,81.77492,77.23492,84.21944
"Egypt, Arab Rep.",Middle East & North Africa,Lower middle income,GFDD.DI.06,52.41043,48.994957,39.5295,32.49338,28.13852,24.435379,19.864191,16.719471,20.52525,23.645048,27.09472,31.21247,33.31508,40.85696,49.163364,34.8408,30.70402,26.80205,16.87406,16.148281,13.90848,16.21794,17.78417,22.52435,26.1901,29.103209,29.61417,22.04861,18.03821,15.49317,13.093619
"Egypt, Arab Rep.",Middle East & North Africa,Lower middle income,GFDD.DI.11,11.905238,13.671382,14.887475,15.550864,15.552992,14.252296,13.16047,12.728495,13.659933,3.920597,3.852937,3.8647664,3.8618376,3.8816388,3.647848,3.5527017,3.430707,3.1847172,3.545542,3.0113666,2.9071248,2.787099,2.568699,2.564986,2.5816433,2.449084,2.4292147,2.4783862,2.2400506,1.9165368,24.791048
"Egypt, Arab Rep.",Middle East & North Africa,Lower middle income,GFDD.DM.11,10.2254305,16.929117,21.87849,23.496702,20.203274,19.924372,17.81975,17.3938,18.734436,18.964998,22.296616,20.80285,20.013517,21.20369,1.223751,1.277423,1.3664341,1.209712,0.59788877,1.596051,3.868637,1.058641,0.9461438,0.8237816,0.6130273,0.230936,0.2210517,0.24746929,0.22950849,0.1919978,0.1872959
"Egypt, Arab Rep.",Middle East & North Africa,Lower middle income,GFDD.EI.08,29.46496,39.267273,44.17337,42.711174,39.343613,34.99363,35.25932,34.43376,28.47352,25.49896,23.88561,25.73223,30.80068,31.36198,31.325388,31.29268,26.93805,24.37077,29.81947,34.19884,32.505188,36.19987,37.58177,40.70128,44.53928,50.00402,70.65548,61.391125,57.370533,50.257874,62.422913
"Egypt, Arab Rep.",Middle East & North Africa,Lower middle income,GFDD.OI.02,66.45531,70.84012,68.881775,68.740746,68.32822,64.54861,63.75795,62.818516,60.17542,60.358307,61.56714,66.6999,71.05003,78.56944,80.25642,80.16269,79.793335,79.11732,71.93548,67.49898,65.44672,59.8116,57.45149,61.096428,62.410748,65.485535,84.04134,80.543465,71.8155,67.706345,73.75814
"Egypt, Arab Rep.",Middle East & North Africa,Lower middle income,SH.STA.BRTC.ZS,88.08079,36.5,40.7,40.7,87.881424,46.300003,46.300003,56.399998,55.199997,89.62512,60.899998,90.998344,91.84888,69.399994,92.11323,74.2,93.52551,94.41343,78.9,95.54552,95.78799,96.05241,96.14024,96.22878,91.5,96.60499,96.52382,96.30857,96.01637,95.87558,96.47578
"Egypt, Arab Rep.",Middle East & North Africa,Lower middle income,SL.IND.EMPL.ZS,25.222984,21.34,21.47,21.68,21.49,21.89,22.09,22.31,22.25,22.580002,21.300001,21.27,20.560001,19.75,19.96,21.51,22.11,22.16,22.910002,23.76,25.38,23.57,24.86,24.11,24.4,25.08,25.5,26.560001,26.87,26.94,23.37135
El Salvador,Latin America & Caribbean,Lower middle income,DT.TDS.DPPF.XP.ZS,19.09061,25.65973,22.734612,21.105452,20.161158,16.30089,16.724691,10.699901,16.220129,10.927479,10.002382,11.892826,14.217336,17.46316,19.346651,15.041293,20.519112,15.393548,14.436892,21.772148,16.638449,16.932827,13.942203,12.655287,12.996322,12.782668,13.846412,13.291084,13.1636505,22.661728,16.254396
El Salvador,Latin America & Caribbean,Lower middle income,EG.ELC.ACCS.ZS,84.15784,69.60788,75.33219,76.27614,77.21872,76.99551,77.883,80.03152,81.637985,79.12959,84.51925,87.06383,87.54906,86.96115,87.35705,87.52584,89.20147,91.10956,91.00023,91.08402,91.58024,92.574684,93.68057,95.043106,95.12542,95.4,96.0,96.8,97.0,97.36,100.0
El Salvador,Latin America & Caribbean,Lower middle income,GFDD.AI.01,3035.0938,3396.1313,3818.0686,5404.0034,5389.512,6081.174,6394.943,5512.023,4521.2407,1677.0438,751.32135,441.7658,-261.20023,-192.41237,-922.02783,-1012.37195,-1076.207,-1119.3235,-1076.8875,782.84186,424.30844,655.8205,622.383,618.6878,968.0053,1028.2366,1058.0125,771.6783,790.1211,762.1314,746.20844
El Salvador,Latin America & Caribbean,Lower middle income,GFDD.DI.04,57.77352,56.984943,62.43888,67.126495,78.64441,83.029755,85.651306,87.68292,89.26587,89.76514,90.18148,88.54494,88.2576,89.204666,89.71687,90.50436,91.11142,91.82865,91.565834,91.76393,91.754326,92.140396,92.46375,92.89809,93.10545,93.63903,93.8947,94.114174,94.477455,94.81264,95.21053
El Salvador,Latin America & Caribbean,Lower middle income,GFDD.DI.05,28.754139,31.348108,32.72213,38.00705,46.43381,44.742958,47.38897,49.13377,50.04366,52.77175,51.31958,51.78255,50.25628,48.688007,48.39768,46.72637,47.26361,52.13707,49.299038,51.1842,51.24882,46.24878,45.17608,45.1482,43.82914,45.17957,45.33421,48.55053,49.22879,53.000618,63.38292
El Salvador,Latin America & Caribbean,Lower middle income,GFDD.DI.06,13.379139,14.964331,12.92768,11.804291,9.413107,7.952079,6.9382076,6.366583,5.6310287,5.65422,5.8139997,6.476049,6.40356,6.1139054,5.943375,5.5580688,5.08001,4.774323,4.841515,4.7509828,4.517046,4.1060247,3.8917902,3.7824998,3.678067,3.539711,3.4274251,3.317402,3.207724,3.101575,3.3847542
El Salvador,Latin America & Caribbean,Lower middle income,GFDD.DI.11,-4.7326245,-3.9365144,-1.545785,-0.5212734,-0.8312959,-1.7789197,-2.6303885,-2.807071,-2.5595276,0.8290868,1.7078105,1.5996248,2.5189135,2.6221483,2.5465386,2.6212404,2.382205,2.6052847,2.8921733,3.2212417,3.3896375,3.0985947,3.1021616,3.293876,3.4307277,3.5865512,3.3777964,3.4243176,3.4306855,3.4649656,3.9420033
El Salvador,Latin America & Caribbean,Lower middle income,GFDD.DM.11,-5.8235598,-2.2861314,1.814212,7.2354317,3.9056535,2.4306762,0.33449575,-0.23810291,2.6770058,0.0186248,0.0933347,1.096924,2.6508598,4.5241227,5.911273,4.610394,3.8432329,4.029359,2.7034981,0.6449522,1.2767819,0.6574052,0.5803022,0.4664987,3.569898,3.421468,2.7996602,2.802614,2.706675,3.199654,5.753482
El Salvador,Latin America & Caribbean,Lower middle income,GFDD.EI.08,1.471635,1.8266251,1.434283,1.7422931,2.048349,1.7597251,1.777567,1.428182,0.8517966,1.248981,3.095659,4.982092,3.412924,3.713057,4.482401,3.914075,2.654121,3.0007582,2.608991,3.8748631,3.407336,3.371002,3.5881262,3.085824,2.442749,4.352713,3.974011,3.2507079,3.827833,4.38544,8.919997
El Salvador,Latin America & Caribbean,Lower middle income,GFDD.OI.02,22.30562,24.43912,26.611519,31.728687,40.241478,39.42574,43.179077,45.28629,46.247208,47.876316,47.34811,49.611736,47.934258,46.38006,46.208687,44.94587,46.00048,50.79533,48.06897,52.14613,52.27635,47.16739,45.688187,45.86017,44.51315,45.71971,45.77403,49.113407,49.953228,53.89667,64.81977
El Salvador,Latin America & Caribbean,Lower middle income,SH.STA.BRTC.ZS,84.8807,85.22436,84.80455,87.399994,84.6796,84.87285,85.50551,86.50661,90.399994,87.88637,88.59806,89.391815,90.79101,92.4,91.70641,87.2,89.6,93.1,95.50001,97.5,97.99999,99.00001,99.5,99.8,97.99999,99.9,99.9,99.9,99.9,96.36223,96.3713
El Salvador,Latin America & Caribbean,Lower middle income,SL.IND.EMPL.ZS,21.740965,24.57,24.79,24.930002,24.98,25.060001,24.780003,24.65,24.6,24.98,24.24,23.62,24.34,24.57,23.690002,22.22,22.98,23.4,23.47,20.66,21.35,21.27,20.98,20.36,20.89,22.18,21.1,21.89,22.2,22.51,21.240934
Equatorial Guinea,Sub-Saharan Africa,Upper middle income,DT.TDS.DPPF.XP.ZS,14.343078,14.775236,15.347895,15.38453,15.717589,14.380603,14.122906,13.78733,13.463208,13.272884,13.384945,11.73841,11.18665,10.796007,10.400918,9.854922,9.836711,9.162351,7.962599,7.3537054,7.273241,8.123064,7.6673822,7.1169214,7.483703,7.769783,7.998089,8.037569,7.94386,8.086764,9.902268
Equatorial Guinea,Sub-Saharan Africa,Upper middle income,EG.ELC.ACCS.ZS,54.157124,50.344738,48.877228,48.92132,47.976337,50.288525,51.358578,52.776814,54.62004,56.243233,65.55956,65.57119,65.57523,65.57404,65.56997,65.56535,65.562614,65.56439,65.57341,65.59236,66.157265,66.1,65.73595,65.82081,65.92347,66.04098,66.17036,66.30864,66.45286,66.600044,66.74773
Equatorial Guinea,Sub-Saharan Africa,Upper middle income,GFDD.AI.01,3389.2607,4011.2913,4844.772,5575.1235,8296.147,8320.298,9109.8955,8482.149,6766.002,4947.981,6485.237,3935.7573,3475.6929,3538.17,3233.0325,2788.9036,3948.728,3440.1255,1792.0284,1318.2826,1162.862,3040.3362,1743.225,172.31543,189.45032,200.36327,270.87637,280.0707,292.76218,307.39752,294.94305
Equatorial Guinea,Sub-Saharan Africa,Upper middle income,GFDD.DI.04,75.05939,58.53615,52.232494,16.91678,15.21718,20.018372,30.65504,47.65504,52.947487,51.033268,67.02788,90.505974,95.90016,97.390366,98.861946,99.72649,74.20808,76.46016,99.883286,99.844894,99.83789,99.82455,99.654274,99.67334,70.44064,65.725204,62.293682,62.74888,63.690098,63.24781,82.15388
Equatorial Guinea,Sub-Saharan Africa,Upper middle income,GFDD.DI.05,12.3991995,10.665649,12.191529,8.410413,13.86672,16.32633,13.88027,6.988173,9.53368,9.194562,6.432835,6.043296,7.868235,10.749829,8.891184,6.438123,6.039362,7.18162,6.618902,9.799519,12.82288,10.9127,12.678009,14.20054,12.05343,15.44997,14.2751,12.72682,12.30639,12.41293,38.21383
Equatorial Guinea,Sub-Saharan Africa,Upper middle income,GFDD.DI.06,10.10676,29.622189,27.24375,31.616919,31.875061,24.602468,14.57319,6.143023,6.4164515,5.464909,1.912112,0.3642148,0.1981293,0.09964441,0.033903502,0.00616,4.267801,4.4746137,0.0051107,0.0093152,0.0113475,0.012838501,0.0171384,0.0228403,3.462766,6.670442,9.325769,8.648127,8.417307,9.501668,7.6786237
Equatorial Guinea,Sub-Saharan Africa,Upper middle income,GFDD.DI.11,-2.6476898,1.0670135,2.8447926,4.034237,4.094316,2.7761326,1.750626,1.2623794,1.7686003,2.7456942,1.4552791,1.1084145,0.06257582,-0.9957616,-0.9601032,-0.24896018,1.0851033,1.9696094,1.8422394,0.18784712,0.21488208,0.2015434,0.42356533,0.066995,0.13470975,0.38670513,0.7557317,1.5714055,1.968,2.2935343,5.241193
Equatorial Guinea,Sub-Saharan Africa,Upper middle income,GFDD.DM.11,9.288502,12.710905,17.971106,20.372534,24.058435,19.522562,17.057606,16.280792,17.05529,21.734426,24.53205,21.372425,20.240952,19.058395,18.885262,19.48933,18.984215,19.189955,18.031883,17.687794,17.157072,17.663982,15.714902,15.299505,15.7086525,16.057411,16.439125,16.537315,15.574562,14.828753,16.001125
Equatorial Guinea,Sub-Saharan Africa,Upper middle income,GFDD.EI.08,3.909459,3.018122,7.213315,1.070486,1.4315481,1.144642,1.036827,0.78952485,0.6384612,0.108716905,0.229568,0.0572602,0.38928232,0.1347457,0.2084971,0.1150898,0.1644437,0.16741051,0.2787732,0.3350517,0.32675973,0.3141401,0.122794196,0.12718019,0.1672397,0.3015232,0.5070583,0.4959247,0.59625536,1.1846461,3.9305298
Equatorial Guinea,Sub-Saharan Africa,Upper middle income,GFDD.OI.02,9.470563,7.073145,7.6481066,5.269487,7.130794,6.750852,6.732426,4.435681,6.884242,6.041236,4.392487,4.322588,5.7439246,8.2628,6.924821,5.105043,4.732649,5.877133,5.592354,7.9931855,10.72535,8.669295,10.38322,11.62827,9.400926,12.51694,11.56839,10.23848,9.932878,9.662605,40.071293
Equatorial Guinea,Sub-Saharan Africa,Upper middle income,SH.STA.BRTC.ZS,66.54043,64.264366,62.796616,61.98858,5.0,62.07374,62.649597,63.417355,64.572685,65.4086,64.6,70.84083,72.26913,72.89678,73.13489,73.33077,71.78287,73.12632,76.71558,78.206505,78.444756,68.299995,77.753136,78.996056,79.7124,80.31314,80.54243,80.68052,80.60454,80.841446,81.31009
Equatorial Guinea,Sub-Saharan Africa,Upper middle income,SL.IND.EMPL.ZS,16.5734,10.390001,10.57,10.81,11.160001,11.640001,12.530001,13.22,14.250001,15.430001,16.87,18.39,19.96,21.49,22.83,23.95,24.87,25.84,26.49,26.48,26.42,26.15,25.45,24.73,23.87,22.79,21.820002,21.1,20.36,19.35,15.470389
Eritrea,Sub-Saharan Africa,Low income,DT.TDS.DPPF.XP.ZS,17.43097,17.804056,18.216427,17.920542,0.0,0.10544281,0.0,0.2267579,2.9249141,5.29909,3.5939362,16.603765,17.424015,16.392134,15.742973,15.149623,14.251599,13.067397,12.548743,11.90974,13.154625,11.989162,12.110117,12.285493,12.039917,10.615751,10.55103,10.536192,10.2181015,10.372487,11.965352
Eritrea,Sub-Saharan Africa,Low income,EG.ELC.ACCS.ZS,22.716627,20.150974,19.688122,19.962313,19.694656,22.9,24.755445,25.87461,26.989693,28.099936,29.25451,30.352562,32.2,32.528255,33.610603,34.69241,35.776093,36.864292,37.959724,39.065098,40.18312,41.3165,42.46795,43.63923,44.828312,46.03224,47.24804,48.472744,49.703384,50.936993,52.171097
Eritrea,Sub-Saharan Africa,Low income,GFDD.AI.01,5077.6104,6908.9653,8819.113,10630.833,11695.75,15397.932,16760.57,14947.848,14355.277,12219.852,10823.508,10210.434,12683.2705,11233.519,10634.953,9942.238,9163.351,8221.883,8635.872,8399.67,11097.495,8274.705,7725.334,8149.6665,7613.266,8406.474,8008.3813,7508.21,6476.278,5328.203,3966.492
Eritrea,Sub-Saharan Africa,Low income,GFDD.DI.04,52.37512,47.83816,44.43826,43.469128,44.121147,50.021088,50.62204,50.581078,72.862564,59.354183,61.39841,65.76077,61.70948,55.48497,59.82698,60.577084,62.783783,61.80173,60.636265,57.129303,54.3456,56.85471,53.972485,49.519737,45.97987,60.590412,61.346424,62.24214,64.68746,67.10173,68.75652
Eritrea,Sub-Saharan Africa,Low income,GFDD.DI.05,34.56186,33.07349,31.760414,31.452517,33.749523,105.4556,105.777,120.57451,130.4143,163.4104,182.37221,192.90599,194.7158,188.8325,166.58841,166.9992,160.1134,164.9601,211.3066,173.9998,164.0688,144.76231,151.6589,203.4175,172.6781,49.822773,52.171555,51.18532,51.350845,54.088688,58.779613
Eritrea,Sub-Saharan Africa,Low income,GFDD.DI.06,10.073369,11.616031,10.924481,9.428332,8.433416,34.4861,51.033127,50.99231,40.40952,77.64714,82.02478,63.236877,71.96465,81.09136,66.995636,69.47184,63.68563,64.25662,83.58585,73.94317,74.35104,60.64137,66.575005,99.72994,88.40185,7.904002,8.520892,9.055262,9.749096,10.467158,10.741817
Eritrea,Sub-Saharan Africa,Low income,GFDD.DI.11,9.267503,11.4522,12.57337,12.694536,9.902673,12.107561,11.658254,11.883483,11.293509,13.581413,13.363833,16.898565,15.327582,15.623985,15.034956,16.048546,17.760149,18.175415,19.395496,19.0163,19.740858,19.036436,19.50317,20.152227,20.622877,19.087542,19.818768,20.377485,21.205482,22.352198,23.804922
Eritrea,Sub-Saharan Africa,Low income,GFDD.DM.11,28.465609,30.575676,34.85397,39.040092,39.31581,46.795055,46.363857,43.317062,45.82866,49.68438,51.65836,52.990284,55.750374,53.55661,51.882336,51.783794,51.440807,50.151245,51.289608,49.682102,52.245316,46.053276,44.633354,46.37306,45.766018,42.879906,43.42671,43.288837,40.555206,37.823673,38.213627
Eritrea,Sub-Saharan Africa,Low income,GFDD.EI.08,3.7312207,3.1372232,2.4784174,2.0652025,2.2922223,15.10514,12.46667,12.5863495,54.813423,4.3785257,4.1696405,4.065775,4.294031,65.33466,66.75675,73.08121,74.99862,4.5112605,4.81311,4.975107,69.19858,62.683723,59.201393,74.56719,56.68748,4.9320946,5.180484,5.6084833,6.4398813,7.3547163,8.216088
Eritrea,Sub-Saharan Africa,Low income,GFDD.OI.02,46.368877,42.386612,42.89367,43.60034,46.01994,45.982758,46.50022,47.535114,55.25692,49.18316,49.945942,48.82157,50.287064,58.262726,59.13738,61.954105,64.14584,54.989742,57.994835,58.30449,68.93011,66.99364,67.373436,72.42294,70.66087,59.7311,59.909687,59.828354,60.182907,60.99382,64.38277
Eritrea,Sub-Saharan Africa,Low income,SH.STA.BRTC.ZS,37.81983,35.73356,33.944458,33.09734,33.07301,20.6,20.6,34.972366,36.186153,34.847084,35.523758,37.454437,28.300001,40.39586,41.55002,42.66216,44.31358,43.795628,44.388046,45.485584,34.1,49.19375,50.063976,50.770405,51.928787,49.95335,51.884983,53.392365,55.377476,56.925632,58.226143
Eritrea,Sub-Saharan Africa,Low income,SL.IND.EMPL.ZS,10.64211,8.49,8.58,8.71,8.84,9.000001,9.140001,9.280001,9.33,9.36,9.36,9.280001,9.17,8.97,8.790001,8.57,8.380001,8.21,8.09,7.940001,7.8500004,7.78,7.7000003,7.62,7.5800004,7.49,7.43,7.35,7.32,7.29,9.130697
Estonia,Europe & Central Asia,High income,DT.TDS.DPPF.XP.ZS,10.744079,9.709881,9.231166,8.566774,8.174821,7.5772495,7.6085935,7.624898,7.662251,7.323355,6.716302,6.500016,6.5471897,6.5772133,6.0646443,5.6957946,5.483714,5.348378,4.8519464,4.864284,4.787754,4.6187067,4.687697,4.9618855,5.274105,5.471991,5.493381,5.403868,5.378837,5.9879856,7.065129
Estonia,Europe & Central Asia,High income,EG.ELC.ACCS.ZS,100.0,100.0,100.0,100.0,100.0,100.0,100.0,100.0,100.0,100.0,100.0,100.0,100.0,100.0,100.0,100.0,100.0,100.0,100.0,100.0,100.0,100.0,100.0,100.0,100.0,100.0,100.0,100.0,100.0,100.0,100.0
Estonia,Europe & Central Asia,High income,GFDD.AI.01,945.9955,232.99643,-53.932766,627.52026,1587.2744,1581.5532,2377.775,1746.8568,305.5435,-845.6191,-1565.7444,-1609.6805,-1586.2474,-1621.3408,-2477.0696,-2870.7314,-2982.4622,-2655.444,1698.6589,2094.5356,2005.8807,2059.9465,2147.5935,2240.3572,2314.6973,2092.3582,2158.1875,2168.4956,2140.6768,2008.198,2050.7144
Estonia,Europe & Central Asia,High income,GFDD.DI.04,95.020065,95.73628,95.65677,95.19827,95.58954,99.761734,98.53764,99.35863,99.76814,99.74956,99.79737,99.82809,99.86078,99.89462,99.917305,99.95609,99.975105,99.9797,99.98032,99.97282,99.964745,99.963005,99.955986,99.95634,99.957466,99.635895,99.54995,99.56002,99.97604,99.976585,98.973366
Estonia,Europe & Central Asia,High income,GFDD.DI.05,53.173794,51.721596,50.610905,50.38931,50.84317,47.37654,47.59987,49.649635,50.71929,54.00976,53.257744,52.517746,54.69592,55.342766,37.80542,46.44067,49.5255,46.71419,49.037,57.904636,56.88177,66.293884,65.581345,66.03639,69.08842,74.299515,76.43494,73.606125,74.61168,75.980034,92.66795
Estonia,Europe & Central Asia,High income,GFDD.DI.06,7.0388765,8.309741,8.947525,8.220225,7.732919,0.0408264,0.340303,0.211764,0.075863,0.0826322,0.0757671,0.0696797,0.0646468,0.0554139,0.0348761,0.025565801,0.0193088,0.017254699,0.0180526,0.028304799,0.033918798,0.029980998,0.0334883,0.0317279,0.0299278,0.2617375,0.3264681,0.2937028,0.0154933,0.0144235995,0.7154963
Estonia,Europe & Central Asia,High income,GFDD.DI.11,10.701621,13.247338,14.206041,14.680181,14.262343,10.666601,9.6935835,9.4637785,10.238896,13.6331215,1.8957667,2.0609503,2.275464,2.6645546,3.1654441,3.618886,4.1292863,4.655109,4.4572577,8.056338,9.133374,8.001551,7.9351363,7.676873,7.7443213,8.144,8.352527,7.479352,7.348841,7.200992,6.6622543
Estonia,Europe & Central Asia,High income,GFDD.DM.11,-0.017714916,4.1659217,9.710672,12.768615,12.246603,8.255284,6.630016,6.724312,8.376145,79.49844,67.470245,59.94127,167.18541,214.3244,219.8452,215.41429,278.8698,242.3681,169.77359,289.5599,273.3636,14.35449,15.8139,17.03396,16.21102,18.25119,26.25083,38.15669,34.90597,34.69384,53.26924
Estonia,Europe & Central Asia,High income,GFDD.EI.08,8.458962,9.1005745,9.827622,19.488579,19.515709,22.69015,21.030088,24.236439,18.72597,21.676998,20.54928,24.93711,31.182259,32.59241,1.867049,1.6289841,1.3346671,1.260202,2.0700362,2.7667992,3.425795,3.034072,3.164648,3.183369,3.112495,2.9178882,2.740493,2.622347,2.4866679,1.817376,4.143916
Estonia,Europe & Central Asia,High income,GFDD.OI.02,45.863667,45.275066,43.952805,45.51041,46.258965,15.66987,18.37557,22.1165,21.03313,24.37936,27.70078,30.938328,31.312288,31.50162,32.79472,41.55689,44.832935,42.95742,45.402397,54.508057,55.165478,52.766468,52.57112,53.271187,54.94252,59.54042,62.07493,59.588097,60.65999,60.561165,73.46507
Estonia,Europe & Central Asia,High income,SH.STA.BRTC.ZS,101.56777,102.365456,98.899994,99.100006,99.100006,99.3,99.4,99.3,99.5,99.5,99.5,99.6,99.5,99.4,99.7,99.6,99.5,99.4,99.3,99.200005,99.3,99.4,99.3,99.4,99.4,99.5,99.4,99.200005,99.100006,100.77805,101.00201
Estonia,Europe & Central Asia,High income,SL.IND.EMPL.ZS,29.36225,37.05,36.0,33.25,32.5,34.23,33.65,33.44,32.95,31.639997,34.99,33.75,29.800001,30.7,33.95,34.07,33.54,35.13,35.27,31.440002,30.320002,32.43,31.099998,30.27,30.15,30.66,29.72,29.96,29.650002,28.7,23.952993
Eswatini,Sub-Saharan Africa,Lower middle income,DT.TDS.DPPF.XP.ZS,5.3394985,2.980232,2.2848506,2.235185,2.1932127,1.5019647,2.5771787,1.684777,2.1127036,2.8933837,2.1822116,1.9806616,1.6257412,1.6400542,2.1906214,1.71377,1.9506093,2.1487925,2.8947265,2.6756222,2.2644377,2.7217324,2.3600743,1.8479607,1.6737589,1.7518897,2.1988714,2.1186724,2.2509034,2.5560093,3.277511
Eswatini,Sub-Saharan Africa,Lower middle income,EG.ELC.ACCS.ZS,41.51159,39.103477,37.45647,35.768673,38.794334,37.303516,37.976395,38.751698,40.628483,42.770947,20.195763,26.9,25.80867,28.606096,31.400635,34.19464,35.2,39.790913,42.59854,38.6,45.552334,51.148003,54.366226,57.562515,65.0,64.01241,63.429996,73.5,73.91578,76.86944,79.7305
Eswatini,Sub-Saharan Africa,Lower middle income,GFDD.AI.01,-4601.791,-4603.3555,-4260.306,-2646.617,-573.33844,65.61688,847.7145,349.6828,-773.8805,-3254.6929,-2483.0054,-3776.0994,-3150.8306,-3754.3796,361.1188,380.53806,396.86868,400.3716,473.4698,515.9055,513.8067,525.3823,572.8033,507.97147,553.03906,584.67163,556.74243,611.9246,472.41373,174.56268,179.48647
Eswatini,Sub-Saharan Africa,Lower middle income,GFDD.DI.04,98.51672,98.60716,98.590645,98.86041,94.89297,96.68035,98.664536,98.874825,98.995155,98.818535,98.819275,98.82436,96.37443,96.38462,96.537575,97.232666,98.39904,99.60122,99.83253,99.81955,99.682724,92.22637,99.190414,99.33746,99.834854,99.7952,92.56988,91.80915,88.81926,84.50414,85.728065
Eswatini,Sub-Saharan Africa,Lower middle income,GFDD.DI.05,22.35534,24.25378,25.61454,24.03333,23.44943,19.91804,20.72218,21.554039,22.07631,23.53122,17.869959,16.9151,18.617668,18.0782,18.11231,18.65444,18.322771,19.88594,22.07972,25.074709,26.369469,25.155201,24.84779,26.308578,24.02892,24.65326,29.226791,28.74934,29.791908,27.77357,31.10539
Eswatini,Sub-Saharan Africa,Lower middle income,GFDD.DI.06,0.24326721,0.2896204,0.2627892,0.1999123,1.004558,0.5379091,0.20431751,0.1650327,0.1411398,0.1610164,0.14051591,0.114930995,0.5067984,0.5790311,0.64483994,0.5883979,0.3190445,0.0839673,0.0359213,0.0392753,0.0702651,2.18258,0.191823,0.1748554,0.0408431,0.048228603,2.016202,2.27403,3.357262,4.664649,4.570798
Eswatini,Sub-Saharan Africa,Lower middle income,GFDD.DI.11,-5.7892156,-2.7467515,-0.63782376,-0.6395779,-0.4607933,-1.3699956,-1.9279087,-2.0179942,-1.62313,0.46740958,-1.3579965,-1.3972173,-2.4876904,-3.177125,-4.4144354,-3.697827,-2.5640564,-1.5703238,-1.79555,-2.2051556,-2.8738546,-2.7841625,-2.7192638,-2.6950548,-3.071588,-3.2763124,-3.2266235,-2.710118,-2.203064,-2.2574136,-3.01305
Eswatini,Sub-Saharan Africa,Lower middle income,GFDD.DM.11,-6.5288796,-4.458917,-1.6782057,0.90866643,3.4432108,1.108115,-0.6027432,-0.75655794,0.3367695,0.5819149,0.5229057,0.6105264,0.5913581,0.5164386,0.5290457,0.2924474,0.5409651,0.39505398,0.2670754,19.98255,4.077984,7.254986,7.773761,5.244142,5.016467,4.026741,5.193428,5.489738,4.492614,4.899898,2.856902
Eswatini,Sub-Saharan Africa,Lower middle income,GFDD.EI.08,5.4415193,5.424397,5.2381516,0.6764457,0.75402397,0.80795085,0.99192446,0.6595114,0.6048912,0.5309089,0.4931822,1.119363,2.226336,2.5034652,2.272295,1.9047321,1.863577,1.56829,1.4051361,1.466727,2.380154,3.481865,3.621912,4.3199973,3.7886212,3.932364,4.582981,5.367548,5.317522,5.2106514,7.379725
Eswatini,Sub-Saharan Africa,Lower middle income,GFDD.OI.02,19.916052,21.84635,23.38636,21.34211,21.331501,17.75712,18.62524,19.19423,20.291891,21.55266,16.00966,15.47597,16.991941,16.29396,16.75182,17.31724,17.25841,18.945011,21.058151,24.004412,25.234911,23.066721,22.831161,24.26123,22.898281,23.595291,27.519321,27.265871,28.613941,26.65489,29.748507
Eswatini,Sub-Saharan Africa,Lower middle income,SH.STA.BRTC.ZS,69.49984,69.41699,68.67623,68.01224,56.0,68.358154,68.62367,68.75607,69.37768,70.13613,65.399994,71.57423,74.0,73.56686,75.535904,76.00395,76.62579,69.0,78.94085,79.81715,82.0,81.48677,82.17843,83.12377,88.299995,85.59573,86.33015,86.648445,86.33407,86.03606,86.13575
Eswatini,Sub-Saharan Africa,Lower middle income,SL.IND.EMPL.ZS,18.229937,29.08,29.040003,29.08,28.99,28.99,28.85,28.76,28.520002,28.24,28.08,27.84,27.55,27.27,27.11,26.92,26.73,26.58,26.430002,26.31,26.03,25.820002,25.59,25.29,25.1,24.87,24.53,24.12,23.73,23.39,17.434092
Ethiopia,Sub-Saharan Africa,Low income,DT.TDS.DPPF.XP.ZS,37.645977,29.027105,22.716381,17.927578,15.216068,18.334131,41.49836,9.863672,12.08516,16.172644,13.631699,18.389732,7.9054503,7.16333,5.509175,4.2992306,5.8011675,4.6206717,2.9166105,2.7831395,3.7753751,5.8505707,7.1316977,10.672126,11.815932,18.163904,20.62202,22.010431,21.164425,28.09249,25.765135
Ethiopia,Sub-Saharan Africa,Low income,EG.ELC.ACCS.ZS,4.3698215,1.0895205,0.8055904,2.0807462,3.2801847,3.9689107,4.2199774,4.7444844,6.3753324,6.6159678,12.7,10.162491,11.854834,13.54194,15.226161,14.0,18.595402,20.28548,21.98279,23.690039,25.409935,23.0,28.898518,30.671673,27.2,28.999998,42.9,44.3,44.9406,48.06359,51.093983
Ethiopia,Sub-Saharan Africa,Low income,GFDD.AI.01,1673.8453,3157.9966,4342.3135,5756.229,7245.694,8679.739,9567.087,9261.7,10049.423,6901.122,9402.8955,6294.31,6074.905,6035.2246,8056.8667,7498.496,66.65422,75.2009,78.2789,91.07874,103.45328,111.17705,136.6832,5415.1025,5651.243,3597.6338,5560.8325,3097.5647,3666.938,3056.192,1535.9327
Ethiopia,Sub-Saharan Africa,Low income,GFDD.DI.04,51.444862,44.682487,41.53582,39.93882,42.4778,49.77549,58.52066,58.310493,58.388832,62.60867,56.6607,62.118366,59.240406,61.256016,50.39177,52.28694,59.75595,61.750843,57.885498,64.93596,65.056984,62.67284,65.29996,62.352924,62.944912,65.415215,63.82724,66.863014,64.530525,66.05866,67.74888
Ethiopia,Sub-Saharan Africa,Low income,GFDD.DI.05,29.800621,30.995108,33.218548,28.01984,32.76006,29.27015,28.25446,33.16003,34.85739,36.73047,36.261997,38.81366,45.924427,46.62012,46.88916,45.191097,43.685707,40.449417,34.571,22.215834,22.15504,21.07098,19.278069,20.525002,22.318823,24.72905,25.550816,23.987175,20.87328,21.041536,24.146544
Ethiopia,Sub-Saharan Africa,Low income,GFDD.DI.06,14.35524,16.94065,19.46525,21.854641,21.07386,17.073,14.247009,15.31686,17.1329,17.80954,21.059671,18.59641,22.91581,21.547081,26.487381,26.704998,21.61038,18.78969,17.47058,7.591231,8.463185,9.823027,9.015588,9.398053,9.511223,8.847558,9.385124,8.673692,9.656123,10.438041,10.748657
Ethiopia,Sub-Saharan Africa,Low income,GFDD.DI.11,-5.4565034,-1.8315344,-0.015020249,0.50096965,0.44345587,-0.34451732,-1.3181334,-1.7845997,-1.7495222,-1.0024474,-1.3312522,-1.0880946,-1.7381,-2.86566,-3.3103886,-2.9742656,0.9875681,0.88028014,0.91969573,0.7971885,0.83457094,0.7785978,0.7468088,0.78463316,0.7680416,0.7437817,0.74535584,0.7401846,-1.7993205,-1.4806349,-1.9259971
Ethiopia,Sub-Saharan Africa,Low income,GFDD.DM.11,14.543453,17.19869,20.944376,23.20862,24.032024,23.383705,22.384241,23.264673,26.173676,27.553,31.54629,28.618198,28.756899,27.807297,29.549173,28.845156,28.357845,26.956083,25.734535,27.697039,25.227835,25.863464,20.736656,22.452393,23.797077,21.771616,24.73947,21.64275,17.481798,16.054882,15.858378
Ethiopia,Sub-Saharan Africa,Low income,GFDD.EI.08,13.13519,11.802559,11.31578,10.589729,10.247109,8.88116,7.8884664,6.826403,7.621179,10.086959,9.432326,12.182099,14.745839,15.97689,9.898115,9.888489,11.079589,11.28342,5.9506083,3.376674,3.5215704,3.8606923,3.927741,4.309419,4.4798417,4.38072,4.4049525,4.548761,4.4434967,5.061723,5.6984105
Ethiopia,Sub-Saharan Africa,Low income,GFDD.OI.02,16.200361,15.42078,16.526762,14.933021,18.57152,17.237791,18.20318,23.665041,26.12408,27.003239,27.28771,29.83568,35.14944,36.13599,36.39396,35.21286,34.150528,31.800419,27.365309,24.332188,23.875206,23.578117,24.339542,28.101622,28.9597,29.170305,26.968756,25.40303,27.189692,27.826357,31.672493
Ethiopia,Sub-Saharan Africa,Low income,SH.STA.BRTC.ZS,38.64262,37.07615,36.269627,36.527107,36.80019,36.863926,36.6101,36.292377,6.5,36.67059,5.6,38.728466,39.85004,40.8124,6.3999996,5.7,45.10326,46.53142,47.629787,43.968853,45.07986,10.0,46.84776,23.1,15.5,49.71042,27.7,53.311745,52.91158,53.38955,54.09901
Ethiopia,Sub-Saharan Africa,Low income,SL.IND.EMPL.ZS,10.079363,6.79,6.73,6.69,6.64,6.6,6.57,6.54,6.51,6.51,6.6,6.72,6.84,6.99,7.19,7.36,7.4200006,7.52,7.63,7.7600007,7.93,8.09,8.250001,8.410001,8.59,8.770001,8.96,9.120001,9.22,9.32,8.574418
Faroe Islands,Europe & Central Asia,High income,DT.TDS.DPPF.XP.ZS,11.56265,11.586804,10.945954,10.135299,9.524698,9.384583,9.55117,9.724783,9.872476,9.520845,8.950569,8.5511675,8.555358,8.283456,7.5761,6.7949386,6.230778,5.96836,5.8430076,5.677198,5.3909097,5.233661,5.238241,5.812845,6.5424175,7.124471,7.150969,6.7334986,6.6029787,7.186848,8.545985
Faroe Islands,Europe & Central Asia,High income,EG.ELC.ACCS.ZS,100.0,100.0,100.0,100.0,100.0,100.0,100.0,100.0,100.0,100.0,100.0,100.0,100.0,100.0,100.0,100.0,100.0,100.0,100.0,100.0,100.0,100.0,100.0,100.0,100.0,100.0,100.0,100.0,100.0,100.0,100.0
Faroe Islands,Europe & Central Asia,High income,GFDD.AI.01,-2018.2343,-1771.8445,-1604.4382,-1005.7571,331.41998,1411.3264,2304.4111,1441.7046,-725.748,-2779.3882,-3835.4675,-4134.726,-3961.4897,-3977.905,-4434.478,-4862.826,-4696.8823,-4219.055,-3642.3953,-3346.2437,-3717.5117,-4383.1406,-4656.035,-4242.355,-3650.5945,-3439.884,-3746.0142,-4097.046,-4292.014,-4204.717,-3829.2253
Faroe Islands,Europe & Central Asia,High income,GFDD.DI.04,89.30527,89.17444,89.38516,89.69577,90.064674,90.618774,90.62649,91.25176,90.95842,90.886185,90.870575,91.14554,91.035225,90.74532,90.88963,91.23712,92.105385,92.81364,92.57915,91.81794,91.17605,91.097,91.44242,91.495,91.13946,90.32394,89.638756,89.567184,89.81041,89.86018,89.4676
Faroe Islands,Europe & Central Asia,High income,GFDD.DI.05,49.892563,49.874023,51.14951,53.537663,54.488457,53.47061,52.96372,53.87172,55.13191,55.7944,54.99545,54.969734,55.2779,55.216404,54.914337,54.986996,56.574448,57.16011,58.434547,60.93121,61.8887,62.53166,64.33882,66.07141,66.63946,67.22013,67.310295,67.62563,69.64265,73.04468,75.877075
Faroe Islands,Europe & Central Asia,High income,GFDD.DI.06,7.848681,8.945603,9.033778,8.541728,7.949558,7.7613745,8.004243,8.372297,8.305038,8.138664,7.87249,7.7841215,8.128754,8.355441,8.202473,7.6795645,7.0679765,6.7154393,7.0884137,7.623795,7.733843,7.3244267,7.264055,7.5793943,8.334922,9.1863165,9.7068205,9.516207,9.35791,9.261815,8.981412
Faroe Islands,Europe & Central Asia,High income,GFDD.DI.11,9.239921,12.513868,14.967794,16.00704,15.968682,14.938643,13.676587,13.290171,13.890432,15.321679,16.26594,15.921801,14.864906,13.838572,13.656656,14.403046,15.405485,15.95597,16.050905,15.698759,15.066188,14.881317,14.994229,15.351769,15.753716,16.432598,17.111246,17.205011,17.922516,18.791925,18.277723
Faroe Islands,Europe & Central Asia,High income,GFDD.DM.11,-3.1747615,-0.36241132,3.642742,6.4275455,6.28869,3.4029012,-0.15014392,-1.8040334,0.9240634,6.07081,10.9363,12.929553,12.982946,12.20713,12.692096,14.722465,17.288528,19.65854,19.899374,18.79688,16.728695,14.132194,12.696876,13.469711,15.083818,17.33063,18.473572,18.299883,17.45251,16.990568,17.885506
Faroe Islands,Europe & Central Asia,High income,GFDD.EI.08,4.5865693,5.426194,5.9908056,6.1399207,5.8896365,5.549661,5.1512876,4.887917,5.092364,5.116107,5.1710787,5.3447585,5.499485,5.562866,5.665298,5.6422253,5.4958143,5.332208,5.222325,5.330122,5.6448064,6.110359,6.477323,6.4619327,6.447999,6.4878035,6.6697264,7.0380526,7.4461865,7.7830453,7.744993
Faroe Islands,Europe & Central Asia,High income,GFDD.OI.02,37.362377,38.25881,39.699306,40.78162,40.806747,40.83655,40.70115,40.68272,41.687893,42.654003,43.573742,45.0368,45.989483,46.389816,46.60207,47.753323,49.457203,50.985863,52.402763,52.831356,52.20799,52.250793,52.990574,53.94977,55.413437,56.12469,56.246582,56.60676,57.83077,60.284252,62.468044
Faroe Islands,Europe & Central Asia,High income,SH.STA.BRTC.ZS,96.68814,97.93534,98.46762,98.447975,98.251305,98.17868,98.18715,98.26151,98.39175,98.56633,98.86336,99.22066,99.38632,99.27985,99.00159,98.67996,98.61435,98.651405,98.78765,98.726395,98.29856,97.84273,97.86524,98.119804,98.72233,98.97722,98.87653,98.50369,98.0621,97.82821,97.76011
Faroe Islands,Europe & Central Asia,High income,SL.IND.EMPL.ZS,23.986788,24.205612,24.245028,23.881706,23.298864,22.72444,22.249321,22.189339,22.046774,21.81375,21.459435,21.159233,20.927494,20.727104,20.659801,20.521215,20.414452,20.179245,19.836979,19.544363,19.401405,19.34157,19.27901,19.090166,18.862148,18.644657,18.678596,19.03769,19.268671,19.210861,18.736357
Fiji,East Asia & Pacific,Upper middle income,DT.TDS.DPPF.XP.ZS,9.010597,9.330379,6.9508004,5.847573,6.170676,3.7314117,2.1283348,1.5367112,2.2078526,2.62161,2.527914,1.803539,1.734978,1.2514167,0.7663759,0.8468298,0.87241036,1.6169815,1.1925145,1.8209292,1.309145,8.136478,1.6062338,1.843667,1.9436432,13.435759,3.0019596,2.2335927,2.4158802,6.83652,19.781912
Fiji,East Asia & Pacific,Upper middle income,EG.ELC.ACCS.ZS,91.182686,91.076805,89.32201,89.182686,89.13399,89.5825,66.9,71.771515,73.089584,74.40282,75.72492,77.00068,79.63,80.0,80.79184,82.05135,83.31274,88.9,86.16,87.134865,89.24858,90.146126,91.07083,91.75,93.786606,95.16824,96.561745,96.0,99.372505,99.71589,100.0
Fiji,East Asia & Pacific,Upper middle income,GFDD.AI.01,888.8227,350.61014,-307.77316,1057.6696,2041.8412,2896.1013,4276.5522,3846.9316,2466.838,337.26392,-330.66055,-674.3627,-817.56793,-954.76013,-1243.996,-1585.3475,-2064.0,-1966.8969,-1759.3517,-1599.1854,-1677.6799,-1899.1854,-1858.8372,-1513.2329,-1187.2157,-1186.147,-1506.19,-1831.9135,-2037.7063,-2098.14,-2014.0117
Fiji,East Asia & Pacific,Upper middle income,GFDD.DI.04,99.97809,99.976295,99.98991,99.28242,99.99234,99.99239,86.28367,86.90953,87.072975,96.111465,96.09252,95.26276,95.95359,94.80245,95.88711,94.201,93.3461,94.19461,95.05242,93.36885,94.37718,96.05135,96.6561,97.471214,98.32367,98.60656,98.771034,98.94625,99.031555,98.72115,95.96799
Fiji,East Asia & Pacific,Upper middle income,GFDD.DI.05,49.4603,54.93448,55.80223,54.17891,52.42561,52.84665,49.44242,44.67106,40.82107,39.9484,41.993088,34.41516,33.34467,36.71787,40.8056,44.53071,49.35296,48.78448,46.3075,50.986603,48.85921,47.42681,46.97656,49.63305,46.39396,50.64286,52.38726,52.859627,52.839058,55.91058,71.98848
Fiji,East Asia & Pacific,Upper middle income,GFDD.DI.06,0.008989899,0.0114104,0.004776,0.3510406,0.0037409998,0.0036089001,8.858454,9.013115,8.586586,1.327994,1.5707251,1.76034,1.470443,2.07338,1.716835,2.819063,3.738833,3.306988,2.8819299,4.0380774,3.1753,2.57306,2.169369,1.685705,1.098118,0.97208476,0.88917536,0.7693194,0.72063464,0.9775681,3.8371348
Fiji,East Asia & Pacific,Upper middle income,GFDD.DI.11,-7.801423,-5.1899657,-3.2766035,-2.6599545,-2.8370464,-3.4707112,-6.0870557,-6.2616153,-5.8609586,-4.5929184,-3.5139537,-3.4921823,-4.431265,-5.3582997,-5.2840333,-4.31416,13.941282,15.180431,14.322015,16.4104,15.595707,15.421147,17.086983,17.008192,14.692129,14.776881,15.190097,14.980806,14.973207,15.7915125,19.757235
Fiji,East Asia & Pacific,Upper middle income,GFDD.DM.11,-10.944351,-8.405465,-7.729201,-2.4630792,-1.9812669,-3.5001595,-10.015352,-10.7088175,-8.821386,-1.9461462,-0.39791998,-0.23725304,-0.7197232,-0.57857645,0.5194956,1.8875192,3.598307,3.4319713,2.6216087,2.292893,1.4320484,0.65907544,0.4451436,0.74238205,1.5527245,2.5470679,3.6711395,3.5035937,3.090247,2.862644,4.5797443
Fiji,East Asia & Pacific,Upper middle income,GFDD.EI.08,6.867949,8.798712,9.118338,9.148521,8.419436,7.3281693,7.518347,8.333905,7.957221,6.6839743,6.549974,5.6928344,5.627205,6.9500585,6.421934,7.0302835,6.449126,6.324922,5.739718,8.520065,6.5415745,4.647558,4.012276,5.917017,7.0076118,7.598757,5.762671,5.225816,5.396632,5.379088,8.862902
Fiji,East Asia & Pacific,Upper middle income,GFDD.OI.02,45.10879,50.46357,51.3275,49.722527,48.09794,48.594387,45.16996,40.230118,35.78883,34.786186,37.0103,33.6614,33.68535,39.51687,40.38875,43.854347,50.70422,55.352287,49.26743,52.587868,50.7137,58.210167,58.934437,66.90521,62.258705,66.4376,66.09325,66.938835,65.5748,65.958855,81.114296
Fiji,East Asia & Pacific,Upper middle income,SH.STA.BRTC.ZS,95.299995,94.49999,94.794174,97.6,96.2,96.2,96.3,96.2,96.7,96.4,96.9,98.4,96.9,96.7,97.0,97.200005,99.3,99.00001,98.799995,99.8,99.7,99.6,99.3,99.7,99.7,99.9,99.8,98.625046,98.16722,97.83875,97.94378
Fiji,East Asia & Pacific,Upper middle income,SL.IND.EMPL.ZS,23.572792,22.34,22.46,22.46,22.48,22.47,22.52,22.37,22.300001,22.38,22.13,21.99,21.76,21.410002,21.22,20.85,20.040003,18.98,18.210001,17.33,16.74,16.14,15.460001,15.099999,14.839999,14.55,14.17,14.22,14.23,14.140001,21.086359
Finland,Europe & Central Asia,High income,DT.TDS.DPPF.XP.ZS,9.824931,9.461035,8.904063,8.466364,8.148273,7.702686,7.7232184,7.624936,7.4910035,8.206841,7.7878785,6.6771154,6.6387725,6.6242957,6.4181066,6.0489793,5.769035,5.6217914,5.436895,5.3644195,5.2937512,5.2728333,5.346913,5.841869,5.906243,6.1290855,6.1291337,6.005304,5.950408,6.543557,7.6301513
Finland,Europe & Central Asia,High income,EG.ELC.ACCS.ZS,100.0,100.0,100.0,100.0,100.0,100.0,100.0,100.0,100.0,100.0,100.0,100.0,100.0,100.0,100.0,100.0,100.0,100.0,100.0,100.0,100.0,100.0,100.0,100.0,100.0,100.0,100.0,100.0,100.0,100.0,100.0
Finland,Europe & Central Asia,High income,GFDD.AI.01,695.6672,274.65884,95.24378,553.11523,1293.8048,1598.0049,2051.3696,1411.732,86.21758,-837.4903,-1421.5789,-2000.311,-1952.2577,-1990.1656,-2209.6846,-2503.1252,-2620.184,-2415.107,-2024.0834,-1887.0428,-2067.4749,-2415.3613,-2560.1682,-2556.2493,-2098.1833,-1999.3679,-2116.8892,-2314.999,-2297.9268,-2331.9353,-2142.8103
Finland,Europe & Central Asia,High income,GFDD.DI.04,98.882324,99.06884,98.80717,98.51235,98.492065,98.6797,98.859116,98.972916,99.10401,97.384285,97.29604,99.87672,99.96234,99.99287,99.99347,99.99419,99.7625,99.71548,99.75014,99.61282,99.70544,99.778366,99.877075,99.85541,99.73481,96.60957,92.03465,90.10016,89.49015,89.650276,86.52656
Finland,Europe & Central Asia,High income,GFDD.DI.05,53.31351,58.37628,59.14728,59.27509,56.54135,55.09657,51.67012,48.80783,46.470226,65.77175,65.87051,46.53991,51.06879,54.29492,56.00097,58.484272,60.847214,64.8082,65.628914,70.88866,71.975044,72.42093,70.87254,71.55603,73.08128,77.915184,76.77711,77.89227,78.08608,78.13652,89.36196
Finland,Europe & Central Asia,High income,GFDD.DI.06,0.9443478,0.8572264,1.064709,1.215118,1.067,0.8847919,0.7197862,0.5906848,0.5046867,7.3585896,6.8931055,0.0732915,0.022897799,0.0046129,0.0044092,0.0042505,0.18392451,0.2282544,0.21002239,0.3521378,0.2774485,0.2121233,0.120873295,0.1448701,0.2687328,3.6123662,8.855819,11.0463505,11.94339,11.92235,16.9054
Finland,Europe & Central Asia,High income,GFDD.DI.11,14.308803,17.25965,18.589361,19.4354,19.205004,12.754061,15.557929,19.26593,21.195444,32.58927,29.79581,25.355396,24.601646,25.741192,24.504591,26.802359,27.498451,25.4378,22.030216,26.381178,28.233845,25.82475,28.013607,30.10029,31.856121,33.243717,33.63486,32.031048,30.100166,31.49856,33.247623
Finland,Europe & Central Asia,High income,GFDD.DM.11,6.3345995,7.3478694,11.669184,13.354441,12.981822,11.969246,10.462273,10.3321295,11.70977,14.749929,24.48977,27.59771,37.819477,41.29985,47.12516,43.84282,54.20779,52.14622,41.59349,59.65664,62.261993,57.65845,68.46666,67.14261,64.41652,70.5741,65.5765,61.08292,57.124363,55.18644,58.25501
Finland,Europe & Central Asia,High income,GFDD.EI.08,2.190547,3.942163,8.926305,12.970549,17.222889,37.99359,30.167221,34.057148,34.087597,10.290796,10.279375,6.8050437,5.3910813,4.442863,3.779967,3.981492,3.8635721,3.723166,3.747458,4.415479,5.9731164,6.211174,6.5072603,7.181346,8.233082,8.5417595,8.422291,7.44451,7.852039,8.255414,8.827579
Finland,Europe & Central Asia,High income,GFDD.OI.02,48.78036,54.198547,55.60228,55.92326,53.60148,52.26269,48.792667,46.098637,43.999916,58.012978,59.038498,44.604786,46.91419,49.642498,50.437767,52.356888,54.423157,58.33422,58.534985,62.82304,63.53679,63.42286,61.41755,62.19429,63.399178,67.174576,67.217415,68.03593,67.150536,67.08887,77.40709
Finland,Europe & Central Asia,High income,SH.STA.BRTC.ZS,98.799995,100.14493,98.6,98.6,98.5,98.5,98.4,98.4,98.3,98.4,98.4,98.5,99.8,99.8,99.8,99.8,99.8,99.8,99.8,99.8,99.8,99.7,99.8,100.42659,99.7,99.9,99.9,99.9,100.0,99.97018,100.15783
Finland,Europe & Central Asia,High income,SL.IND.EMPL.ZS,27.069654,28.780003,28.16,27.780003,27.71,27.6,27.09,27.42,28.26,27.73,27.95,27.08,27.15,26.7,26.07,25.81,25.690002,25.72,25.15,23.95,23.300001,23.0,22.79,22.85,21.9,21.7,22.16,22.16,22.34,21.64,22.351938
France,Europe & Central Asia,High income,DT.TDS.DPPF.XP.ZS,10.875073,10.015132,9.807461,9.030939,8.862054,8.729315,8.715288,8.678829,9.510998,9.422185,9.058148,7.1125298,7.5024295,7.4892945,6.7847295,6.4330997,6.1557946,5.9295764,5.683415,5.54797,5.462473,5.4381185,5.5435753,5.820511,6.1563144,6.370553,6.380529,6.2716975,6.262478,6.935688,8.012831
France,Europe & Central Asia,High income,EG.ELC.ACCS.ZS,100.0,100.0,100.0,100.0,100.0,100.0,100.0,100.0,100.0,100.0,100.0,100.0,100.0,100.0,100.0,100.0,100.0,100.0,100.0,100.0,100.0,100.0,100.0,100.0,100.0,100.0,100.0,100.0,100.0,100.0,100.0
France,Europe & Central Asia,High income,GFDD.AI.01,1269.6761,592.0652,345.1443,595.14954,508.92734,1285.697,2181.9036,1488.794,50.249767,-889.6674,-1684.4142,-2220.6157,-1994.3734,-1870.0615,-2190.2976,-2471.2568,-2629.4812,-2320.8276,-1907.116,-1743.039,-1915.5417,-2213.4084,-2313.926,-2113.4595,-1828.8254,-1723.2706,-1836.7073,-1931.3752,-1987.1064,-2072.9424,-1750.5189
France,Europe & Central Asia,High income,GFDD.DI.04,98.81942,98.94688,98.716286,98.953896,99.02178,99.19975,99.08493,99.164856,99.13241,98.84192,98.41424,99.72333,99.75594,99.65365,99.63038,99.59086,99.583015,99.53164,99.316376,99.22137,99.00138,98.1734,97.55823,98.07339,98.28148,95.00817,90.13938,86.71548,85.77752,86.54259,83.9122
France,Europe & Central Asia,High income,GFDD.DI.05,61.099712,58.4976,57.178146,58.87624,60.73696,65.18942,65.94555,68.52884,103.10067,104.71797,105.30176,62.48667,64.819725,69.854,72.04398,74.784904,77.918846,82.14067,88.048164,90.80576,90.71884,88.16899,90.94854,90.002975,91.38085,92.96784,96.447784,101.4104,102.640305,106.202,131.1224
France,Europe & Central Asia,High income,GFDD.DI.06,1.21693,1.083625,1.337154,1.059823,0.9781069,0.8096278,0.9239925,0.8455108,0.80853575,7.345521,7.0465727,0.2621246,0.22905469,0.3264303,0.34847012,0.4035313,0.4225306,0.4949623,0.74840146,0.8899413,1.1523141,2.115363,2.8829951,2.2484992,1.9763039,5.9349627,12.424879,17.66729,19.321629,18.55528,26.31672
France,Europe & Central Asia,High income,GFDD.DI.11,37.520084,39.9096,42.68562,42.180588,32.826157,39.377052,45.627766,53.43288,57.582237,65.763,68.292046,65.95117,63.331505,66.062454,77.83076,84.065956,83.50293,85.50344,79.33641,90.91578,95.001434,91.07746,99.396706,103.08984,111.58536,112.3382,120.27864,121.064,116.90353,122.28127,132.0416
France,Europe & Central Asia,High income,GFDD.DM.11,22.257393,23.934296,26.32598,29.156782,22.530296,21.448524,20.18561,20.18959,22.090935,26.757462,33.22135,38.23477,48.739727,55.803463,61.71188,61.37487,74.16101,80.36328,72.70901,86.53185,80.916954,66.12387,73.56334,73.28344,69.40326,73.85466,71.512115,74.62008,67.41327,71.43633,85.718895
France,Europe & Central Asia,High income,GFDD.EI.08,64.667336,57.726223,61.760433,69.90515,16.653868,16.19534,16.119188,16.429033,16.58213,16.739065,16.784458,17.52223,17.57897,18.36728,17.328499,18.09067,16.68668,16.40561,16.232239,18.370169,18.38701,16.90066,18.64555,18.45244,18.948349,17.88111,16.9189,15.80573,14.713709,14.5868,17.78575
France,Europe & Central Asia,High income,GFDD.OI.02,57.136368,54.676987,53.48211,55.265636,57.20181,61.701893,62.516182,65.14561,90.93087,91.94265,93.06233,58.96171,58.9975,63.236828,64.49737,66.37388,68.276436,70.94336,76.45665,77.9569,76.74533,76.15035,77.81932,76.673706,76.99005,78.21719,80.93669,84.086205,85.38626,87.96909,117.880646
France,Europe & Central Asia,High income,SH.STA.BRTC.ZS,97.57554,98.35549,99.116264,99.00001,98.85407,98.64987,98.48692,98.33984,98.54524,99.31818,99.75749,99.6,99.63285,99.5212,97.99999,97.899994,98.3,98.100006,97.99999,97.899994,97.5,96.2,97.1,98.3,98.3,97.7,97.4,97.99999,98.100006,99.59757,99.74664
France,Europe & Central Asia,High income,SL.IND.EMPL.ZS,29.393568,28.39,28.09,27.51,26.83,26.94,26.51,26.560001,26.33,26.300001,26.27,26.03,25.4,24.14,24.25,23.780003,23.800001,23.320002,23.25,22.670002,22.25,22.170002,21.76,21.31,20.53,20.320002,20.23,20.41,20.24,20.430002,22.531208
French Polynesia,East Asia & Pacific,High income,DT.TDS.DPPF.XP.ZS,12.614208,11.578458,11.669129,11.244382,10.806214,10.610811,10.572091,10.550999,10.543728,10.24312,9.942035,9.250415,9.254778,9.037511,8.555853,7.895712,7.3881683,7.146004,6.8740892,6.748491,6.605824,6.397936,6.2715416,6.538369,6.9596095,7.3398356,7.3570056,6.99482,6.8365736,7.117886,8.950259
French Polynesia,East Asia & Pacific,High income,EG.ELC.ACCS.ZS,100.0,100.0,100.0,100.0,100.0,100.0,100.0,100.0,100.0,100.0,100.0,100.0,100.0,100.0,100.0,100.0,100.0,100.0,100.0,100.0,100.0,100.0,100.0,100.0,100.0,100.0,100.0,100.0,100.0,100.0,100.0
French Polynesia,East Asia & Pacific,High income,GFDD.AI.01,-76.76065,-400.47046,620.15955,1769.1177,2917.1296,4069.657,4466.318,3448.283,1481.2819,-349.87076,-320.84317,-1820.7253,-1718.2299,-1581.2402,-1655.9071,-1914.6635,-1863.3103,-1626.2657,-1501.0985,-1347.1636,-1591.5459,-2044.4988,-2409.5347,-2337.7488,-2288.6409,-2285.1646,-2446.2695,-2842.9558,-3040.521,-3311.4138,-3331.9927
French Polynesia,East Asia & Pacific,High income,GFDD.DI.04,84.88405,85.145805,83.39132,82.73403,82.89067,83.29856,84.30796,85.223015,85.09186,85.22414,83.97569,86.21521,86.20654,85.92939,85.434494,85.72845,86.64427,87.59862,88.011665,87.407455,86.6279,86.41733,87.02423,87.79073,88.39174,88.01406,87.39508,87.46103,87.87362,88.75305,88.04356
French Polynesia,East Asia & Pacific,High income,GFDD.DI.05,36.812607,35.12397,35.406967,36.41699,37.419453,36.646397,36.665344,37.60939,39.0386,39.938416,37.972176,39.607525,40.12338,39.945698,39.112015,39.041496,40.437107,41.722786,43.89164,46.45841,47.403763,47.248497,49.40217,51.512993,52.459606,53.285015,53.427906,53.512497,55.001194,57.735065,62.159756
French Polynesia,East Asia & Pacific,High income,GFDD.DI.06,7.8970757,9.042592,8.409352,7.6478224,7.06829,6.8562107,7.2952285,7.9365263,7.6775365,7.5229626,7.6820974,7.5241165,7.798369,7.8716736,7.4173474,6.7681766,6.0868363,6.0557446,6.640634,7.162626,7.2863483,6.848039,6.861762,7.301013,8.096045,9.097401,9.551123,9.197897,9.076307,9.198786,9.362763
French Polynesia,East Asia & Pacific,High income,GFDD.DI.11,1.5747541,4.9125366,7.1299014,8.144438,8.130775,6.9373813,5.4819164,5.147265,5.8412733,7.3279433,7.0939703,8.055705,6.9448133,5.7949862,5.4684005,6.145028,7.1586823,7.8613186,8.004675,7.6678615,7.2620797,7.1974416,7.473685,7.8601108,8.394863,9.048295,9.691525,9.867202,10.414342,10.814606,10.750845
French Polynesia,East Asia & Pacific,High income,GFDD.DM.11,-3.7615035,-2.1693504,3.607137,7.7056193,8.098782,5.3809505,1.3846227,-0.52249974,2.0395494,6.853325,12.85849,12.348208,12.273349,11.83705,13.027544,15.380497,17.6331,19.105162,18.732216,17.510803,16.222162,14.753138,13.431744,13.332603,14.062964,14.826694,15.626498,15.77817,15.243022,14.124014,14.905717
French Polynesia,East Asia & Pacific,High income,GFDD.EI.08,2.26548,2.4339375,2.6790097,2.7770574,2.5431674,2.176177,1.9181417,1.6632415,2.037572,2.046958,2.16593,2.5912528,2.780912,2.831184,2.8143294,2.819196,2.7365468,2.5793908,2.5563858,2.6618445,2.990067,3.5907185,4.05551,4.237215,4.341063,4.2869067,4.3661757,4.784157,5.2141848,5.5186,5.8776875
French Polynesia,East Asia & Pacific,High income,GFDD.OI.02,23.74723,21.13912,23.428194,25.241575,25.87,25.785717,25.049948,24.496521,25.852386,26.815718,26.384418,29.64135,31.04364,31.42008,31.646288,32.469627,33.866573,35.496563,37.322166,37.896034,37.509815,37.61884,38.395798,39.321846,40.20648,40.863117,40.837536,41.10182,42.115925,43.952118,48.366
French Polynesia,East Asia & Pacific,High income,SH.STA.BRTC.ZS,93.316666,94.26553,93.12686,92.30196,91.985855,91.84176,92.318794,92.901405,92.949104,93.192276,99.00001,94.43308,94.70509,94.54069,93.68367,93.17903,93.23643,93.80257,94.374954,94.29801,93.640724,93.210106,93.462494,94.25525,95.430695,96.21749,96.1831,95.777405,95.384,95.6194,96.32784
French Polynesia,East Asia & Pacific,High income,SL.IND.EMPL.ZS,24.38837,15.490001,15.52,15.5,15.48,15.47,15.53,16.0,16.42,16.75,17.080002,17.53,17.94,17.91,17.670002,17.560001,17.37,17.300001,17.31,17.11,16.820002,16.49,16.36,16.34,16.37,16.39,16.430002,16.5,16.560001,16.64,19.600157
Gabon,Sub-Saharan Africa,Upper middle income,DT.TDS.DPPF.XP.ZS,4.755039,10.12301,14.426271,4.1889668,8.642492,14.736976,10.329639,12.568405,12.935603,18.021727,9.227935,15.831051,14.987347,10.947936,5.6309347,3.4748182,9.242389,12.129878,28.519962,6.155595,4.7778354,3.911585,4.151785,11.997793,6.0660286,8.499221,8.667466,8.710488,8.777199,8.910703,11.427438
Gabon,Sub-Saharan Africa,Upper middle income,EG.ELC.ACCS.ZS,60.221794,56.091114,53.936554,54.152164,55.087543,56.031,57.115265,58.43828,59.979126,61.325607,73.6,77.1408,77.84244,78.53884,79.23235,81.6,80.62018,81.31955,82.02615,82.7427,89.46172,88.859566,89.3,86.4,86.96431,87.37686,88.20383,86.27,89.881516,90.726295,91.57156
Gabon,Sub-Saharan Africa,Upper middle income,GFDD.AI.01,489.12625,341.35443,693.0864,1935.7307,3472.4434,5063.2476,6009.7266,5583.6997,4082.487,2549.9663,4150.462,3434.9946,1905.188,1061.7468,735.55194,246.81555,313.69342,-191.65189,141.70926,143.1018,156.82799,171.11223,163.39561,205.12053,272.52734,556.19727,502.0166,183.2704,408.06287,-7.5174284,447.87576
Gabon,Sub-Saharan Africa,Upper middle income,GFDD.DI.04,89.117325,88.82754,82.641106,81.04155,78.02816,78.251816,74.33095,83.42255,67.77666,68.97491,72.92688,66.15363,69.77079,71.528786,69.020676,73.3372,86.254036,88.67364,99.844986,87.29791,75.370224,80.976135,84.469086,86.67754,87.34655,78.95454,80.492714,71.63184,72.522,70.73192,85.185936
Gabon,Sub-Saharan Africa,Upper middle income,GFDD.DI.05,16.33852,18.81228,16.311861,15.50195,14.01015,14.50226,14.44579,15.059729,17.37561,15.52839,14.614129,15.403339,16.18418,15.67083,16.08173,16.844349,18.416979,17.53975,16.428688,20.305498,19.53442,20.87746,22.287,24.93171,23.47029,24.8971,24.45479,19.36199,23.869719,22.927608,41.338245
Gabon,Sub-Saharan Africa,Upper middle income,GFDD.DI.06,2.4839568,2.790446,3.918433,4.080766,4.118426,4.117809,4.243237,2.813837,7.982117,6.993278,4.3604293,6.746643,6.253722,5.211138,4.812105,3.489126,1.693581,1.851936,0.014615301,1.582423,3.454742,2.8432932,2.793874,2.993786,2.896009,5.356881,5.481649,6.5447507,7.2919774,7.681842,9.331262
Gabon,Sub-Saharan Africa,Upper middle income,GFDD.DI.11,-7.5755925,-4.3514657,-2.5387785,-1.8411268,-1.9592292,-2.6445067,-3.4666808,-3.5470695,-2.8725417,-2.3109205,-3.999416,-3.9248896,-4.753707,1.5936505,1.5434413,1.3149445,1.4160416,1.3628772,1.2620856,1.596173,1.3246194,1.2946328,1.4198956,1.6960285,1.5520767,1.7776103,1.8501414,1.8240274,1.2977715,1.3358539,4.1214137
Gabon,Sub-Saharan Africa,Upper middle income,GFDD.DM.11,-4.075571,-1.7044573,2.0950103,5.580914,6.7225566,5.848079,4.4803915,4.3075123,5.5393825,9.692065,12.676162,12.480592,10.027882,10.309541,9.922831,10.43806,11.875387,9.651849,8.453033,8.372737,8.026424,7.3434277,8.062648,7.126828,7.8627677,8.672398,10.934805,11.361876,10.147582,9.685092,9.799561
Gabon,Sub-Saharan Africa,Upper middle income,GFDD.EI.08,6.96655,7.0913754,7.2403455,6.694285,7.3899,6.474234,5.3507094,5.145503,5.643332,5.243452,2.86338,3.113594,3.3291252,2.9931653,2.6433232,1.955941,1.789508,2.064704,1.311293,1.587681,3.0701642,3.4765148,3.917669,4.493507,5.478106,5.6117973,8.823941,6.272151,6.191171,5.215149,6.5154414
Gabon,Sub-Saharan Africa,Upper middle income,GFDD.OI.02,12.515611,14.682322,12.4182205,12.2018,10.6989,10.41419,10.43299,11.07684,12.606991,11.80979,11.373041,11.91085,12.60638,12.371561,12.67998,12.79805,14.25451,13.616091,12.93323,15.76874,16.3103,17.39159,18.20478,20.19083,18.913189,20.045542,19.6378,14.85432,19.28909,18.668371,41.749897
Gabon,Sub-Saharan Africa,Upper middle income,SH.STA.BRTC.ZS,73.13241,71.34187,70.12057,69.676765,69.75451,69.763306,69.56152,69.682465,69.84497,70.305824,85.5,85.5,75.72672,77.02643,77.10873,77.4901,78.64837,79.48957,81.36596,82.001,82.0711,81.973976,89.3,83.40971,83.88995,84.49902,85.46483,85.60712,85.39698,85.43394,86.114426
Gabon,Sub-Saharan Africa,Upper middle income,SL.IND.EMPL.ZS,17.628122,9.44,9.530001,9.58,9.59,9.620001,9.640001,9.640001,9.67,9.770001,9.82,9.84,9.890001,9.910001,9.95,9.97,10.05,10.07,10.150001,10.23,10.260001,10.3,10.36,10.410001,10.47,10.520001,10.59,10.650001,10.71,10.740001,16.593212
"Gambia, The",Sub-Saharan Africa,Low income,DT.TDS.DPPF.XP.ZS,21.785778,13.216907,12.359176,11.13649,13.386485,15.085925,12.0600605,11.289684,13.675924,13.24964,13.098875,11.773635,11.339947,14.499015,20.535364,14.643514,14.349978,12.98019,5.136437,6.7196426,8.412667,10.467387,9.384088,10.977564,18.26059,18.742056,22.250898,15.775516,12.591583,12.699499,17.638857
"Gambia, The",Sub-Saharan Africa,Low income,EG.ELC.ACCS.ZS,32.885525,28.848091,28.75818,17.699999,18.25005,19.921444,21.590118,23.255392,24.916586,26.572939,34.3,29.87002,31.517563,27.8,34.7993,30.456268,38.078945,39.724228,41.37674,43.039192,46.655277,48.247086,49.827934,51.5,52.933727,54.56199,56.327408,56.2,60.3,62.099995,62.273064
"Gambia, The",Sub-Saharan Africa,Low income,GFDD.AI.01,886.26074,515.212,1119.7245,3575.67,4664.732,5894.299,6755.857,6500.4756,5628.6074,4489.3765,4727.5757,2215.4329,1861.2395,1891.8737,1687.5459,1015.9233,1877.391,199.37288,227.92445,291.17078,679.3868,-483.2938,-616.46796,633.758,-12.918572,942.65485,866.2046,22.268139,478.35736,23.514446,-654.90753
"Gambia, The",Sub-Saharan Africa,Low income,GFDD.DI.04,91.07559,92.89047,58.946728,63.524563,60.67513,67.54232,71.265564,76.91203,79.421364,81.861465,85.68476,88.07249,83.608025,67.27187,66.94464,74.20968,92.111534,93.52559,94.647385,97.18181,82.674965,82.82881,82.66233,74.51854,67.72026,82.09321,81.89093,61.41403,64.574356,68.09075,62.83005
"Gambia, The",Sub-Saharan Africa,Low income,GFDD.DI.05,20.65765,10.761069,11.62013,12.097919,11.1988,12.19602,11.6456,14.51802,14.6656,15.83717,19.800508,21.95304,27.806461,33.05418,18.80485,20.92553,26.221949,25.99354,28.26478,30.26802,30.74717,35.5232,34.36472,36.14175,37.97905,36.281128,37.53436,38.28397,39.4721,44.42,52.41172
"Gambia, The",Sub-Saharan Africa,Low income,GFDD.DI.06,1.567872,0.5501269,4.289847,4.152166,4.4031878,3.653574,3.384574,3.19519,2.9157252,2.814539,2.456248,2.546916,3.730387,8.643957,4.62777,4.228639,1.290146,1.117559,1.043212,0.6013539,4.7504783,5.489135,5.671822,9.280563,13.4989805,6.9723234,7.15257,17.09993,14.66492,13.35637,17.85191
"Gambia, The",Sub-Saharan Africa,Low income,GFDD.DI.11,-4.319863,-1.5172857,0.7957548,0.33464807,0.27242562,-0.36314324,-0.9829901,-1.3067838,1.3569129,2.1179183,2.3684015,2.882474,2.017533,-1.3609259,-2.09817,-1.5345459,-0.59959227,0.35458755,0.631384,0.2489162,1.0794411,1.1821568,1.1318505,1.0677205,1.1639265,0.9015422,0.8718955,0.8073116,0.73263496,0.9465209,0.77055913
"Gambia, The",Sub-Saharan Africa,Low income,GFDD.DM.11,6.7483945,6.8407645,10.276711,13.432167,14.660443,14.1535845,12.7619705,12.584703,13.969783,17.85066,21.170475,19.498732,18.725079,17.280306,16.232025,16.00165,17.845428,14.982542,14.630453,14.161498,16.205196,13.424142,12.532817,14.237592,13.555379,14.608579,15.821663,15.88884,15.165003,13.869796,14.7840185
"Gambia, The",Sub-Saharan Africa,Low income,GFDD.EI.08,2.574974,2.187598,2.33128,1.743238,1.2071751,2.629935,3.830992,4.471596,4.8443627,5.057145,6.441104,7.825194,6.48369,4.579866,5.0638967,7.347467,9.164756,9.386776,10.792969,13.44814,15.299699,18.18494,17.175869,17.36286,19.74466,6.3333364,6.6810207,21.77339,20.283098,20.701889,21.814228
"Gambia, The",Sub-Saharan Africa,Low income,GFDD.OI.02,14.32174,7.737472,8.360979,8.835821,8.299764,8.890544,8.576776,10.12005,10.77943,11.74706,14.404181,16.38203,20.88318,24.5414,13.90188,16.075861,19.67357,20.686651,22.97641,25.07933,25.97135,29.801468,28.15338,29.560099,31.141659,38.9978,39.023663,30.197298,31.306019,35.7788,41.72429
"Gambia, The",Sub-Saharan Africa,Low income,SH.STA.BRTC.ZS,44.100002,56.95189,55.985554,54.83212,54.620853,54.560963,54.304703,54.28157,54.270554,54.49054,51.6,57.76546,59.14302,59.781197,60.499386,61.245716,52.1,63.98421,65.32778,66.31995,56.1,67.95532,68.46274,57.2,70.32019,70.16849,71.31194,72.83685,82.7,73.32803,73.53643
"Gambia, The",Sub-Saharan Africa,Low income,SL.IND.EMPL.ZS,13.985536,18.02,17.96,17.9,17.83,17.77,17.690002,17.64,17.580002,17.51,17.450003,17.38,17.35,17.22,17.09,17.02,16.91,16.76,16.560001,16.36,16.170002,16.09,15.91,15.7300005,15.630001,15.48,15.340001,15.19,15.09,15.010001,14.422835
Georgia,Europe & Central Asia,Upper middle income,DT.TDS.DPPF.XP.ZS,13.988171,13.933315,14.573412,14.775785,13.851547,12.551548,12.8335705,6.007632,23.255533,15.039264,12.212501,7.2401156,9.165723,10.32078,11.838274,6.8775225,8.834409,4.3759837,4.7701783,6.849711,6.2937655,11.977827,6.329195,9.232712,7.591372,9.714068,5.9739857,7.18037,5.179081,5.158924,13.627221
Georgia,Europe & Central Asia,Upper middle income,EG.ELC.ACCS.ZS,80.63399,77.45075,74.78578,72.997826,71.63321,74.80027,75.56913,77.73657,81.08255,82.16584,99.81181,99.80533,99.90001,100.0,99.93001,97.93505,100.0,100.0,100.0,100.0,100.0,100.0,100.0,100.0,100.0,100.0,100.0,100.0,99.90001,100.0,100.0
Georgia,Europe & Central Asia,Upper middle income,GFDD.AI.01,5434.1724,5041.358,6380.4355,8575.352,8655.568,7906.1055,8748.508,7949.9443,7804.2075,6666.8994,6699.9272,5697.1963,4822.9614,4186.8594,207.14056,353.8678,441.51373,495.2883,554.808,598.70416,683.4663,732.455,823.49176,806.19293,871.56934,897.6843,977.5564,1063.5962,1182.5175,902.3637,868.7907
Georgia,Europe & Central Asia,Upper middle income,GFDD.DI.04,72.26362,69.61072,66.187195,63.90937,65.14896,57.18406,30.31356,27.50694,28.377548,29.94798,33.95824,39.11836,44.22741,47.602352,52.09121,65.828964,75.833,84.80012,89.16477,88.46867,90.8152,92.55289,94.760124,95.660484,96.54788,97.14444,97.5489,98.03918,97.776535,96.992546,96.868454
Georgia,Europe & Central Asia,Upper middle income,GFDD.DI.05,12.243749,11.914277,10.720328,8.520974,7.112886,7.738744,6.82303,8.273599,7.444932,7.9528027,10.38249,11.0577,11.67139,12.480599,15.487861,16.564219,19.50619,23.699669,17.652159,19.99203,22.540668,22.946459,23.93006,28.60258,30.77206,31.8106,36.27499,36.53757,39.04015,41.252,50.60801
Georgia,Europe & Central Asia,Upper middle income,GFDD.DI.06,10.099734,11.873979,11.781831,10.580742,9.122041,4.623174,7.670154,10.41039,12.115439,14.08927,14.56822,12.70355,11.7186,10.89108,9.710095,8.000341,6.47054,5.184177,4.108122,4.250592,3.2950702,2.708268,1.955922,1.840611,1.6832081,1.4860419,1.414737,1.171434,1.449953,2.130487,2.781114
Georgia,Europe & Central Asia,Upper middle income,GFDD.DI.11,-12.791559,-9.760565,-8.443509,-7.866773,-7.2884336,-10.718091,-11.599637,-13.5763645,-13.849108,-13.744017,-14.078913,-13.952135,-14.7442,-15.372181,-14.173571,-13.0295925,-11.971052,-11.33204,1.3123015,1.8430315,2.0549238,1.9785007,2.3146553,1.8762002,1.579744,1.5334327,1.513271,1.4234444,1.666437,1.6222477,1.8535686
Georgia,Europe & Central Asia,Upper middle income,GFDD.DM.11,-15.043471,-12.61416,-6.7776723,-1.6309054,-2.9141338,1.1255966,0.090303026,-1.419743,2.2387764,7.2092295,6.8822675,5.568655,3.8603678,2.9873774,0.25487158,2.77e-17,2.2899999e-17,0.0744936,0.00071149995,0.0008455,0.0007436,0.0012596999,0.0137916,0.0248636,0.2744228,0.74415964,1.184101,2.252957,3.055131,2.837875,2.947068
Georgia,Europe & Central Asia,Upper middle income,GFDD.EI.08,-2.3124642,-2.9194546,-3.2084017,-3.3991656,-3.1138227,0.060570005,0.0327823,0.1067674,0.022304898,0.0299956,0.094587505,0.62954193,1.032312,1.0801389,0.67384726,0.6095174,0.79804486,0.506466,0.4341355,1.660451,2.294835,2.392015,2.208129,3.1231341,4.653961,5.0045013,5.586808,5.9453993,6.284306,5.7860837,9.217632
Georgia,Europe & Central Asia,Upper middle income,GFDD.OI.02,6.8643284,3.9676228,5.646767,7.113696,8.279256,2.608253,2.253866,3.0075428,3.219731,3.6485093,5.166928,5.802689,6.4091926,7.312376,9.203269,10.22363,13.4814205,16.8477,16.88709,19.64954,22.11576,22.20984,23.335781,27.75847,29.710918,32.82736,37.71312,38.061207,40.15095,42.37172,54.08721
Georgia,Europe & Central Asia,Upper middle income,SH.STA.BRTC.ZS,96.6,91.299995,91.1,90.799995,76.3553,80.37772,79.42618,79.10538,96.0,96.4,95.50001,96.6,97.4,97.200005,97.5,98.3,98.799995,99.4,99.6,99.7,99.6,99.8,99.8,99.9,99.9,99.9,99.9,97.35363,99.4,96.63908,96.88715
Georgia,Europe & Central Asia,Upper middle income,SL.IND.EMPL.ZS,19.2714,13.06,12.500001,11.96,11.500001,11.11,10.84,10.55,10.19,9.45,9.8,9.280001,8.22,8.35,8.84,9.290001,9.05,10.370001,10.260001,10.21,10.6,10.94,10.83,10.82,11.1,11.020001,11.910001,13.17,14.390001,14.260001,20.31172
Germany,Europe & Central Asia,High income,DT.TDS.DPPF.XP.ZS,10.899789,10.055632,9.866994,9.441633,9.120056,8.679743,8.619532,8.556147,8.412285,9.023741,8.599149,7.118489,7.062073,7.0122933,6.783301,6.4531994,6.1707935,5.963714,5.7568026,5.66154,5.5867486,5.5725284,5.688463,6.016071,6.360901,6.5590444,6.539296,6.381816,6.734756,7.042575,8.207645
Germany,Europe & Central Asia,High income,EG.ELC.ACCS.ZS,100.0,100.0,100.0,100.0,100.0,100.0,100.0,100.0,100.0,100.0,100.0,100.0,100.0,100.0,100.0,100.0,100.0,100.0,100.0,100.0,100.0,100.0,100.0,100.0,100.0,100.0,100.0,100.0,100.0,100.0,100.0
Germany,Europe & Central Asia,High income,GFDD.AI.01,1532.4095,882.4968,599.77423,908.46735,1700.717,1932.5756,2919.3462,2275.9482,816.5708,-508.71915,-1082.5398,-1643.4026,-1626.4509,-1557.3413,-1660.4951,-1987.7286,-2177.771,-1955.986,-1568.8157,-1426.8021,-1586.8806,-1979.7437,-2170.5344,-2053.486,-1801.1345,-1751.3821,-1934.9248,-2105.005,-2214.6182,-2164.9954,-2113.391
Germany,Europe & Central Asia,High income,GFDD.DI.04,99.14591,99.19732,99.106606,99.32133,99.3976,99.47796,99.52735,99.54993,99.57674,99.782135,99.28893,99.85368,99.85395,99.85306,99.8528,99.85191,99.851425,99.848885,99.849525,99.84769,99.84726,99.84427,99.846825,99.839424,99.83978,97.05894,92.44248,89.20719,88.124725,88.268715,84.57683
Germany,Europe & Central Asia,High income,GFDD.DI.05,68.457344,59.964474,60.248734,64.97749,63.734436,64.278824,68.080826,68.30054,70.35909,105.90276,107.0218,64.380135,67.26721,69.728165,69.91889,72.83078,73.82436,77.39294,82.25056,84.62186,84.09027,85.11446,89.350136,90.030594,90.240425,94.53046,96.05406,96.11733,97.5297,99.21805,111.44471
Germany,Europe & Central Asia,High income,GFDD.DI.06,1.029447,0.8700151,0.99794525,0.8092703,0.74331623,0.6669483,0.6396404,0.63193554,0.61750877,7.3825893,6.9782605,0.20436911,0.2019908,0.2007624,0.19624129,0.19402969,0.1861573,0.177632,0.1743577,0.1815409,0.1731789,0.1649119,0.1617668,0.1655433,0.1589449,2.9425879,7.7247553,11.11693,12.19971,12.11248,17.77955
Germany,Europe & Central Asia,High income,GFDD.DI.11,38.500275,40.533905,43.3864,44.514057,43.898773,33.73882,36.886353,42.06705,45.21396,51.888775,52.650475,53.662758,54.069523,57.940964,58.314396,59.95787,58.80549,57.750153,54.605785,57.851883,58.169235,56.677402,59.57447,61.206535,63.189896,63.01264,63.136234,61.362247,59.82585,63.289585,67.87208
Germany,Europe & Central Asia,High income,GFDD.DM.11,22.628191,24.70846,27.019474,28.302122,27.47552,25.570103,24.379164,24.336369,26.148342,17.59563,21.70889,24.92757,30.87808,32.202137,35.825108,36.76095,46.15277,48.773632,41.64282,52.789192,53.416042,46.22659,57.06393,57.957138,54.92215,58.184803,56.70966,60.91978,54.512978,59.48856,68.48472
Germany,Europe & Central Asia,High income,GFDD.EI.08,46.530453,40.05297,43.842815,48.50859,51.234352,56.93478,60.446873,62.399105,62.1431,18.474247,18.453182,27.0563,26.67712,26.481049,26.68507,25.37532,23.03831,20.2346,18.69746,20.24087,24.71506,20.829569,21.63661,20.837318,19.744959,18.994638,17.18567,14.742159,12.877019,11.97559,12.25353
Germany,Europe & Central Asia,High income,GFDD.OI.02,61.374363,53.65786,53.39634,57.98412,56.70179,57.14745,60.70911,61.06994,63.455353,94.42448,95.52954,60.11213,61.91441,63.607117,63.185997,65.425575,65.89095,68.77578,72.546265,75.23013,74.646454,75.19116,78.252754,79.53912,80.17319,82.580246,83.75291,84.31528,85.688065,87.36482,97.11584
Germany,Europe & Central Asia,High income,SH.STA.BRTC.ZS,98.034584,98.79028,99.538994,99.9292,100.08024,99.4131,99.17154,98.9761,99.21188,98.7,98.6,98.6,98.6,98.6,98.200005,98.200005,98.4,98.4,98.5,98.3,98.4,98.4,98.5,98.5,98.6,98.799995,97.799995,98.799995,100.14323,99.97221,99.84639
Germany,Europe & Central Asia,High income,SL.IND.EMPL.ZS,30.010391,37.72,37.37,36.74,36.420002,36.0,35.27,34.67,34.39,33.83,33.53,32.78,32.37,31.38,31.249998,29.84,29.650002,29.9,29.34,28.800001,28.31,28.24,28.190002,27.780003,28.05,27.690002,27.38,27.4,27.34,27.18,23.617954
Ghana,Sub-Saharan Africa,Lower middle income,DT.TDS.DPPF.XP.ZS,36.45028,25.582006,25.881733,23.195232,24.33118,23.267637,25.074207,30.375286,20.538805,18.92521,16.955929,11.343357,7.25771,7.1291237,7.470686,7.9304314,5.0188117,3.3581686,2.853579,2.8799598,2.8324065,2.1975389,2.6834822,3.8458645,4.864684,5.8499303,9.213041,9.730742,11.398264,9.453493,11.611827
Ghana,Sub-Saharan Africa,Lower middle income,EG.ELC.ACCS.ZS,32.33721,29.729641,29.3055,30.599998,30.369404,32.45045,34.52877,36.603695,42.6,40.740536,43.7,44.837513,46.85807,48.299995,50.885826,41.25,55.09345,56.929794,60.499996,60.990776,64.2,64.06256,56.51,70.7,78.3,74.07884,79.3,79.0,80.4,83.5,85.87355
Ghana,Sub-Saharan Africa,Lower middle income,GFDD.AI.01,4747.151,6357.4277,7448.6133,12631.637,13252.836,12466.504,13183.269,12962.582,14645.087,13960.605,10554.449,8140.495,8726.126,8079.9253,5709.854,176.6211,206.65536,217.52905,244.01384,267.81107,278.5231,340.57666,447.6277,448.2523,491.92966,583.90784,543.5684,614.094,725.2132,766.7038,762.3744
Ghana,Sub-Saharan Africa,Lower middle income,GFDD.DI.04,32.20737,25.471788,30.81306,20.56036,22.5359,21.95227,32.478012,49.749752,22.975151,25.83403,24.47522,80.899666,28.32315,67.783485,60.893997,67.83469,70.136024,69.33827,68.1912,79.94498,80.57096,80.463615,77.169365,74.43192,69.119316,76.82106,75.939896,77.80069,78.159676,81.4419,70.70362
Ghana,Sub-Saharan Africa,Lower middle income,GFDD.DI.05,14.14209,15.562779,20.525879,19.835459,22.51312,21.643,20.59611,23.841959,22.85738,24.092829,28.16617,26.45448,30.6809,30.41668,32.100807,28.831541,21.410471,25.71681,28.40728,30.908628,32.46592,33.30241,33.35636,24.91595,27.05351,29.55554,30.64055,30.01614,29.075361,29.139858,33.36398
Ghana,Sub-Saharan Africa,Lower middle income,GFDD.DI.06,13.333091,15.01424,17.35424,23.12553,20.01454,20.09094,14.896351,14.69211,63.96812,74.48846,89.66957,6.6651,64.04907,11.47797,15.861509,12.92037,8.212716,10.29436,11.63943,7.420828,6.95496,6.618078,8.307329,8.02017,10.92763,7.709504,8.079956,6.980395,7.146616,6.0857463,12.07094
Ghana,Sub-Saharan Africa,Lower middle income,GFDD.DI.11,-10.060496,-6.9804993,-5.568129,-5.7430553,-5.926363,-6.842512,-7.516803,-7.8276567,-7.468098,-6.7491703,-5.5620184,-6.3540354,-6.2240086,0.4187709,0.48190507,0.4203322,0.43665785,1.3268708,1.4742973,1.4760354,1.5403527,1.4016138,1.2527792,1.3987222,1.4657505,1.6987567,2.0841048,2.2518635,-4.0123053,-4.0544834,-4.387974
Ghana,Sub-Saharan Africa,Lower middle income,GFDD.DM.11,10.440284,14.133485,18.302422,24.740246,25.396843,22.300238,20.63458,20.209856,25.203224,31.061478,28.165329,24.404469,26.082329,25.770876,22.400642,22.558603,0.2282223,1.289937,1.1369439,1.3831899,1.215443,2.02048,0.5877193,0.0906883,0.0603628,0.0052298,0.0222339,0.0009837,0.0516172,0.0444772,0.0397049
Ghana,Sub-Saharan Africa,Lower middle income,GFDD.EI.08,0.5556499,0.5838154,1.084724,0.5116301,0.2534934,0.2566158,0.5202886,2.7724242,4.308128,5.885902,6.624215,6.6325455,6.117596,5.226851,5.4494133,5.014025,5.6465526,6.463975,6.228079,7.866827,8.583083,7.58851,7.873374,8.319769,8.003354,7.7215495,8.073334,8.351744,12.029389,12.978069,15.87875
Ghana,Sub-Saharan Africa,Lower middle income,GFDD.OI.02,9.158728,11.289631,13.89463,13.99817,15.35296,14.49335,14.1264105,16.82226,16.045422,15.66765,16.393381,18.21994,20.976252,20.498411,21.96956,20.40564,15.84206,19.840271,22.64411,24.91915,25.81193,26.83125,26.614971,20.210402,22.19787,24.32533,25.26495,24.89446,24.339819,24.33401,27.2572
Ghana,Sub-Saharan Africa,Lower middle income,SH.STA.BRTC.ZS,50.194225,48.675755,47.65825,43.8,43.8,47.075047,47.052387,47.26815,44.300003,44.300003,47.828705,52.88833,52.524914,47.1,58.284084,60.24273,49.7,55.199997,54.699997,69.25419,70.52203,67.2,72.077705,73.55522,70.8,76.68532,77.82107,78.1,78.36071,78.57022,78.77507
Ghana,Sub-Saharan Africa,Lower middle income,SL.IND.EMPL.ZS,12.918156,14.010001,14.000001,14.06,14.030001,14.010001,13.97,13.98,13.97,13.990001,14.000001,14.010001,14.04,14.07,14.110001,14.18,14.23,14.07,13.95,13.870001,13.910001,13.98,14.000001,14.07,16.2,18.690002,19.13,19.62,20.47,21.05,15.51146
Gibraltar,Europe & Central Asia,High income,DT.TDS.DPPF.XP.ZS,11.56265,11.586804,10.945954,10.135299,9.524698,9.384583,9.55117,9.724783,9.872476,9.520845,8.950569,8.5511675,8.555358,8.283456,7.5761,6.7949386,6.230778,5.96836,5.8430076,5.677198,5.3909097,5.233661,5.238241,5.812845,6.5424175,7.124471,7.150969,6.7334986,6.6029787,7.186848,8.545985
Gibraltar,Europe & Central Asia,High income,EG.ELC.ACCS.ZS,100.0,100.0,100.0,100.0,100.0,100.0,100.0,100.0,100.0,100.0,100.0,100.0,100.0,100.0,100.0,100.0,100.0,100.0,100.0,100.0,100.0,100.0,100.0,100.0,100.0,100.0,100.0,100.0,100.0,100.0,100.0
Gibraltar,Europe & Central Asia,High income,GFDD.AI.01,-2018.2343,-1771.8445,-1604.4382,-1005.7571,331.41998,1411.3264,2304.4111,1441.7046,-725.748,-2779.3882,-3835.4675,-4134.726,-3961.4897,-3977.905,-4434.478,-4862.826,-4696.8823,-4219.055,-3642.3953,-3346.2437,-3717.5117,-4383.1406,-4656.035,-4242.355,-3650.5945,-3439.884,-3746.0142,-4097.046,-4292.014,-4204.717,-3829.2253
Gibraltar,Europe & Central Asia,High income,GFDD.DI.04,89.30527,89.17444,89.38516,89.69577,90.064674,90.618774,90.62649,91.25176,90.95842,90.886185,90.870575,91.14554,91.035225,90.74532,90.88963,91.23712,92.105385,92.81364,92.57915,91.81794,91.17605,91.097,91.44242,91.495,91.13946,90.32394,89.638756,89.567184,89.81041,89.86018,89.4676
Gibraltar,Europe & Central Asia,High income,GFDD.DI.05,49.892563,49.874023,51.14951,53.537663,54.488457,53.47061,52.96372,53.87172,55.13191,55.7944,54.99545,54.969734,55.2779,55.216404,54.914337,54.986996,56.574448,57.16011,58.434547,60.93121,61.8887,62.53166,64.33882,66.07141,66.63946,67.22013,67.310295,67.62563,69.64265,73.04468,75.877075
Gibraltar,Europe & Central Asia,High income,GFDD.DI.06,7.848681,8.945603,9.033778,8.541728,7.949558,7.7613745,8.004243,8.372297,8.305038,8.138664,7.87249,7.7841215,8.128754,8.355441,8.202473,7.6795645,7.0679765,6.7154393,7.0884137,7.623795,7.733843,7.3244267,7.264055,7.5793943,8.334922,9.1863165,9.7068205,9.516207,9.35791,9.261815,8.981412
Gibraltar,Europe & Central Asia,High income,GFDD.DI.11,9.239921,12.513868,14.967794,16.00704,15.968682,14.938643,13.676587,13.290171,13.890432,15.321679,16.26594,15.921801,14.864906,13.838572,13.656656,14.403046,15.405485,15.95597,16.050905,15.698759,15.066188,14.881317,14.994229,15.351769,15.753716,16.432598,17.111246,17.205011,17.922516,18.791925,18.277723
Gibraltar,Europe & Central Asia,High income,GFDD.DM.11,-3.1747615,-0.36241132,3.642742,6.4275455,6.28869,3.4029012,-0.15014392,-1.8040334,0.9240634,6.07081,10.9363,12.929553,12.982946,12.20713,12.692096,14.722465,17.288528,19.65854,19.899374,18.79688,16.728695,14.132194,12.696876,13.469711,15.083818,17.33063,18.473572,18.299883,17.45251,16.990568,17.885506
Gibraltar,Europe & Central Asia,High income,GFDD.EI.08,4.5865693,5.426194,5.9908056,6.1399207,5.8896365,5.549661,5.1512876,4.887917,5.092364,5.116107,5.1710787,5.3447585,5.499485,5.562866,5.665298,5.6422253,5.4958143,5.332208,5.222325,5.330122,5.6448064,6.110359,6.477323,6.4619327,6.447999,6.4878035,6.6697264,7.0380526,7.4461865,7.7830453,7.744993
Gibraltar,Europe & Central Asia,High income,GFDD.OI.02,37.362377,38.25881,39.699306,40.78162,40.806747,40.83655,40.70115,40.68272,41.687893,42.654003,43.573742,45.0368,45.989483,46.389816,46.60207,47.753323,49.457203,50.985863,52.402763,52.831356,52.20799,52.250793,52.990574,53.94977,55.413437,56.12469,56.246582,56.60676,57.83077,60.284252,62.468044
Gibraltar,Europe & Central Asia,High income,SH.STA.BRTC.ZS,96.68814,97.93534,98.46762,98.447975,98.251305,98.17868,98.18715,98.26151,98.39175,98.56633,98.86336,99.22066,99.38632,99.27985,99.00159,98.67996,98.61435,98.651405,98.78765,98.726395,98.29856,97.84273,97.86524,98.119804,98.72233,98.97722,98.87653,98.50369,98.0621,97.82821,97.76011
Gibraltar,Europe & Central Asia,High income,SL.IND.EMPL.ZS,23.986788,24.205612,24.245028,23.881706,23.298864,22.72444,22.249321,22.189339,22.046774,21.81375,21.459435,21.159233,20.927494,20.727104,20.659801,20.521215,20.414452,20.179245,19.836979,19.544363,19.401405,19.34157,19.27901,19.090166,18.862148,18.644657,18.678596,19.03769,19.268671,19.210861,18.736357
Greece,Europe & Central Asia,High income,DT.TDS.DPPF.XP.ZS,11.226283,10.654641,10.672444,10.403123,10.010468,9.442441,9.234686,8.935028,8.657605,8.987495,8.453519,7.298674,7.220095,7.153333,6.860929,6.4926186,6.1418924,5.8885865,5.6116343,5.457563,5.350488,5.3273253,5.3843126,5.633131,5.9723625,6.1572447,6.1444597,6.00134,5.9291916,6.4903746,7.6125236
Greece,Europe & Central Asia,High income,EG.ELC.ACCS.ZS,100.0,100.0,100.0,100.0,100.0,100.0,100.0,100.0,100.0,100.0,100.0,100.0,100.0,100.0,100.0,100.0,100.0,100.0,100.0,100.0,100.0,100.0,100.0,100.0,100.0,100.0,100.0,100.0,100.0,100.0,100.0
Greece,Europe & Central Asia,High income,GFDD.AI.01,2164.6848,1915.8983,2466.031,3264.7751,3903.403,3443.7747,3419.0286,2433.9766,820.4453,-392.07877,-1091.5457,-1426.3184,-1443.7085,-1592.744,-1879.6241,-2074.9436,-2281.6104,-2197.3303,-1954.4625,-1868.6201,-1973.5779,-2280.307,-2653.4282,-2500.16,-2144.3215,-1919.7208,-2023.3319,-2221.3665,-2262.4614,-2388.2092,-2251.1453
Greece,Europe & Central Asia,High income,GFDD.DI.04,76.070335,75.25513,74.60379,66.18874,69.8619,73.472984,76.8087,79.54675,81.26085,92.943275,93.0725,87.51927,88.48204,89.985245,91.289185,93.01857,93.89479,94.908844,95.49775,95.300026,95.29167,95.10698,94.91497,94.88621,94.78778,95.07643,94.162674,94.10172,93.84731,93.56525,85.90166
Greece,Europe & Central Asia,High income,GFDD.DI.05,62.208405,55.02093,52.157436,50.480297,54.48127,55.713932,56.85025,55.92664,51.99325,57.124233,57.72844,94.42818,86.26094,83.34144,83.95538,87.943306,88.646484,95.19284,103.008804,109.9464,103.903206,97.98385,99.93683,107.4203,108.677704,89.82552,90.216866,94.09112,96.709145,98.61665,122.7496
Greece,Europe & Central Asia,High income,GFDD.DI.06,20.60881,19.457201,20.58343,31.95028,26.0069,22.30581,18.44921,15.43697,13.547619,7.9485693,7.5362916,11.4248905,10.530951,8.646488,7.629726,7.012578,6.164453,5.367971,4.916732,5.2022033,6.942585,7.624392,7.1440325,7.033978,7.158816,6.5249557,7.394523,6.981792,6.6646986,6.2946787,16.195269
Greece,Europe & Central Asia,High income,GFDD.DI.11,10.461163,12.433652,13.697983,14.427202,14.443453,2.9732356,3.2279778,3.1740305,3.4703107,4.9510894,5.059212,4.7886295,4.272585,4.2927833,4.6908917,5.5195603,5.6668096,5.981273,5.5873704,6.0385413,6.5416017,6.8397136,7.797192,8.515581,8.658231,8.827919,8.882704,9.08609,9.137399,9.968764,11.819224
Greece,Europe & Central Asia,High income,GFDD.DM.11,9.75806,12.210199,15.936266,17.986923,17.100634,14.555504,12.399553,11.300476,12.224355,13.881416,15.833161,5.00102,9.674564,14.860539,19.283129,24.87229,27.46884,33.62996,29.99805,34.839622,27.9652,24.9013,58.054623,59.33749,56.640232,58.08372,61.7982,56.61262,51.99517,66.66828,100.1659
Greece,Europe & Central Asia,High income,GFDD.EI.08,8.910459,9.074287,9.119556,9.053795,8.946511,9.011373,9.023574,9.309327,9.508334,9.38091,9.39508,30.139849,27.67453,20.6579,17.79153,21.56118,18.663689,15.66517,15.1390295,17.61515,28.13085,29.08933,14.990389,12.127229,13.294699,13.44795,10.918989,10.69963,10.138249,10.74595,16.5884
Greece,Europe & Central Asia,High income,GFDD.OI.02,53.42592,47.342007,44.909798,43.64343,47.881157,49.06566,50.35426,49.641838,46.08015,51.891884,53.069668,88.33463,80.62901,77.743484,77.592445,81.39197,81.97713,88.45957,95.32047,101.027596,93.98904,86.71474,87.30233,93.436325,93.02962,72.33491,71.83857,73.64771,77.45687,80.6794,100.7277
Greece,Europe & Central Asia,High income,SH.STA.BRTC.ZS,99.82001,99.78,99.78,99.810005,99.87,99.880005,99.86001,99.89001,99.9,99.93001,99.94,99.950005,99.96001,99.98,99.97,99.97,99.990005,99.98,99.97,99.950005,99.96001,99.96001,99.91,99.91,99.93001,99.94,99.94,99.93001,99.9,100.20951,100.37392
Greece,Europe & Central Asia,High income,SL.IND.EMPL.ZS,27.790936,25.16,24.79,24.2,23.62,23.2,22.87,22.46,23.24,22.96,22.6,23.060001,22.800001,22.540003,22.46,22.39,22.02,22.44,22.22,21.13,19.59,17.690002,16.540003,15.56,14.98,14.939999,15.250001,15.41,15.250001,15.340001,22.672918
Greenland,Europe & Central Asia,High income,DT.TDS.DPPF.XP.ZS,11.56265,11.586804,10.945954,10.135299,9.524698,9.384583,9.55117,9.724783,9.872476,9.520845,8.950569,8.5511675,8.555358,8.283456,7.5761,6.7949386,6.230778,5.96836,5.8430076,5.677198,5.3909097,5.233661,5.238241,5.812845,6.5424175,7.124471,7.150969,6.7334986,6.6029787,7.186848,8.545985
Greenland,Europe & Central Asia,High income,EG.ELC.ACCS.ZS,100.0,100.0,100.0,100.0,100.0,100.0,100.0,100.0,100.0,100.0,100.0,100.0,100.0,100.0,100.0,100.0,100.0,100.0,100.0,100.0,100.0,100.0,100.0,100.0,100.0,100.0,100.0,100.0,100.0,100.0,100.0
Greenland,Europe & Central Asia,High income,GFDD.AI.01,-2018.2343,-1771.8445,-1604.4382,-1005.7571,331.41998,1411.3264,2304.4111,1441.7046,-725.748,-2779.3882,-3835.4675,-4134.726,-3961.4897,-3977.905,-4434.478,-4862.826,-4696.8823,-4219.055,-3642.3953,-3346.2437,-3717.5117,-4383.1406,-4656.035,-4242.355,-3650.5945,-3439.884,-3746.0142,-4097.046,-4292.014,-4204.717,-3829.2253
Greenland,Europe & Central Asia,High income,GFDD.DI.04,89.30527,89.17444,89.38516,89.69577,90.064674,90.618774,90.62649,91.25176,90.95842,90.886185,90.870575,91.14554,91.035225,90.74532,90.88963,91.23712,92.105385,92.81364,92.57915,91.81794,91.17605,91.097,91.44242,91.495,91.13946,90.32394,89.638756,89.567184,89.81041,89.86018,89.4676
Greenland,Europe & Central Asia,High income,GFDD.DI.05,49.892563,49.874023,51.14951,53.537663,54.488457,53.47061,52.96372,53.87172,55.13191,55.7944,54.99545,54.969734,55.2779,55.216404,54.914337,54.986996,56.574448,57.16011,58.434547,60.93121,61.8887,62.53166,64.33882,66.07141,66.63946,67.22013,67.310295,67.62563,69.64265,73.04468,75.877075
Greenland,Europe & Central Asia,High income,GFDD.DI.06,7.848681,8.945603,9.033778,8.541728,7.949558,7.7613745,8.004243,8.372297,8.305038,8.138664,7.87249,7.7841215,8.128754,8.355441,8.202473,7.6795645,7.0679765,6.7154393,7.0884137,7.623795,7.733843,7.3244267,7.264055,7.5793943,8.334922,9.1863165,9.7068205,9.516207,9.35791,9.261815,8.981412
Greenland,Europe & Central Asia,High income,GFDD.DI.11,9.239921,12.513868,14.967794,16.00704,15.968682,14.938643,13.676587,13.290171,13.890432,15.321679,16.26594,15.921801,14.864906,13.838572,13.656656,14.403046,15.405485,15.95597,16.050905,15.698759,15.066188,14.881317,14.994229,15.351769,15.753716,16.432598,17.111246,17.205011,17.922516,18.791925,18.277723
Greenland,Europe & Central Asia,High income,GFDD.DM.11,-3.1747615,-0.36241132,3.642742,6.4275455,6.28869,3.4029012,-0.15014392,-1.8040334,0.9240634,6.07081,10.9363,12.929553,12.982946,12.20713,12.692096,14.722465,17.288528,19.65854,19.899374,18.79688,16.728695,14.132194,12.696876,13.469711,15.083818,17.33063,18.473572,18.299883,17.45251,16.990568,17.885506
Greenland,Europe & Central Asia,High income,GFDD.EI.08,4.5865693,5.426194,5.9908056,6.1399207,5.8896365,5.549661,5.1512876,4.887917,5.092364,5.116107,5.1710787,5.3447585,5.499485,5.562866,5.665298,5.6422253,5.4958143,5.332208,5.222325,5.330122,5.6448064,6.110359,6.477323,6.4619327,6.447999,6.4878035,6.6697264,7.0380526,7.4461865,7.7830453,7.744993
Greenland,Europe & Central Asia,High income,GFDD.OI.02,37.362377,38.25881,39.699306,40.78162,40.806747,40.83655,40.70115,40.68272,41.687893,42.654003,43.573742,45.0368,45.989483,46.389816,46.60207,47.753323,49.457203,50.985863,52.402763,52.831356,52.20799,52.250793,52.990574,53.94977,55.413437,56.12469,56.246582,56.60676,57.83077,60.284252,62.468044
Greenland,Europe & Central Asia,High income,SH.STA.BRTC.ZS,96.68814,97.93534,98.46762,98.447975,98.251305,98.17868,98.18715,98.26151,98.39175,98.56633,98.86336,99.22066,99.38632,99.27985,99.00159,98.67996,98.61435,98.651405,98.78765,98.726395,98.29856,97.84273,97.86524,98.119804,98.72233,98.97722,98.87653,98.50369,98.0621,97.82821,97.76011
Greenland,Europe & Central Asia,High income,SL.IND.EMPL.ZS,23.986788,24.205612,24.245028,23.881706,23.298864,22.72444,22.249321,22.189339,22.046774,21.81375,21.459435,21.159233,20.927494,20.727104,20.659801,20.521215,20.414452,20.179245,19.836979,19.544363,19.401405,19.34157,19.27901,19.090166,18.862148,18.644657,18.678596,19.03769,19.268671,19.210861,18.736357
Grenada,Latin America & Caribbean,Upper middle income,DT.TDS.DPPF.XP.ZS,3.9491637,3.608225,5.9414735,6.801386,6.2433634,5.8052955,5.5375295,4.8169193,5.7123804,4.33554,5.637114,7.9685483,15.485211,16.537975,13.542709,5.814711,8.127703,8.061227,9.298234,11.46907,13.461033,12.343518,6.8361683,10.407684,4.2204146,5.120354,9.655788,10.037826,8.680727,8.452953,10.359106
Grenada,Latin America & Caribbean,Upper middle income,EG.ELC.ACCS.ZS,91.536255,89.27723,87.07612,86.20795,86.57451,89.55996,89.30207,90.88892,85.03999,85.529465,86.04223,86.37166,86.69351,87.010124,87.323845,87.63704,87.9521,88.27168,90.0,88.93526,89.28466,88.8,90.03225,90.434906,90.85538,91.29069,91.73787,92.193954,92.3,93.120964,93.58645
Grenada,Latin America & Caribbean,Upper middle income,GFDD.AI.01,1177.1423,755.3756,493.31345,1435.0754,2839.0664,3906.571,5169.2046,4410.2925,1616.8252,319.72086,-467.9062,-977.2772,-1079.2808,-1153.4552,-1725.8,-1994.4978,-2268.7986,-1692.5354,-1372.4839,-1115.5065,-1076.5896,-1379.6746,-1712.653,-1817.2554,-1550.7124,-1504.7881,-1059.7225,-1342.4841,-1630.2532,-1631.5786,-1547.6244
Grenada,Latin America & Caribbean,Upper middle income,GFDD.DI.04,89.871284,90.07945,91.112274,94.21859,95.01107,95.74496,96.434296,97.33458,97.685196,98.11016,98.648,98.962395,99.49061,98.662575,99.82258,99.83398,99.8531,99.595856,99.53869,99.78013,99.79664,98.462135,98.4039,98.93543,98.58351,99.500175,94.50824,94.18147,94.123535,94.2904,94.297615
Grenada,Latin America & Caribbean,Upper middle income,GFDD.DI.05,48.27848,47.0419,48.63898,60.010193,64.30756,67.51417,69.222084,71.27226,70.38326,74.11227,78.17454,86.73017,92.340416,89.56809,106.225105,85.80359,87.34953,90.23644,87.10652,96.39755,99.47255,98.85297,91.425064,90.06226,88.378975,86.72172,85.093185,82.64388,87.10397,83.79324,95.733635
Grenada,Latin America & Caribbean,Upper middle income,GFDD.DI.06,4.858519,4.643578,4.181945,3.387357,2.777661,2.356351,2.1172662,1.7667589,1.556959,1.271276,0.98581654,0.78911227,0.3817116,0.941484,0.1256586,0.108275995,0.1077708,0.31305408,0.37022913,0.1992999,0.1921193,1.4865481,1.476606,0.8722719,1.0179371,0.3091103,7.560366,7.5730114,7.6923923,7.5690284,7.35093
Grenada,Latin America & Caribbean,Upper middle income,GFDD.DI.11,4.4023633,7.026255,9.46544,10.456407,10.214409,8.8079,8.278738,8.21896,7.190166,8.429408,9.417678,9.579105,8.671,7.7104754,8.188979,8.2089405,9.380121,9.699092,10.040012,10.005767,9.795969,8.944504,8.809923,10.658612,11.142071,11.5887375,12.804148,13.207857,15.721373,16.129564,15.660201
Grenada,Latin America & Caribbean,Upper middle income,GFDD.DM.11,-4.633674,-3.4123793,-0.98149014,1.8920552,2.6491847,3.2154698,-0.70269936,-0.73753023,2.2061722,5.0909095,7.135338,7.0057116,7.366609,7.2449174,7.432377,9.5691395,9.383078,10.269132,9.298555,9.41093,7.5567546,6.8701577,6.0336466,6.5360284,7.31147,11.028959,14.6723995,15.18178,16.87051,16.61897,16.56678
Grenada,Latin America & Caribbean,Upper middle income,GFDD.EI.08,7.051718,6.757004,5.253792,5.7536654,5.6671104,5.6892457,7.268279,8.993927,8.8346615,6.995945,9.371491,12.18275,13.12151,10.988629,9.079019,7.1453004,8.376616,8.356806,9.809159,11.06788,10.299169,10.300899,8.232285,6.803483,5.6442804,4.211678,3.902694,3.637718,3.9140482,3.470257,4.0494933
Grenada,Latin America & Caribbean,Upper middle income,GFDD.OI.02,43.21087,42.074818,43.064686,54.44398,58.258587,61.661232,63.852314,65.76025,65.060974,69.136894,73.10059,81.73022,87.158844,84.25838,99.89596,80.1968,81.80981,84.97503,82.46993,91.275475,94.70174,93.67752,86.198456,84.97693,83.33706,81.83498,80.36038,77.668526,82.54256,79.47792,89.94455
Grenada,Latin America & Caribbean,Upper middle income,SH.STA.BRTC.ZS,94.01941,93.86763,93.56218,93.2533,93.40827,100.0,94.4958,95.18947,99.00001,99.00001,100.0,98.550125,100.0,100.0,98.63044,100.0,98.70455,98.799995,99.81639,100.0,100.145355,100.0,99.00001,99.00001,99.00001,99.00001,99.3,100.0,99.79773,99.5988,99.58653
Grenada,Latin America & Caribbean,Upper middle income,SL.IND.EMPL.ZS,22.367626,21.613842,21.01553,20.619802,20.409506,20.583717,20.715979,21.082779,21.488213,21.278881,21.045088,20.714128,20.869709,20.91627,20.596966,20.746058,20.497824,20.59879,20.63901,20.530624,20.48645,20.47665,20.41193,19.931465,19.843697,19.740252,19.486103,19.74915,19.950628,19.790977,19.346834
Guam,East Asia & Pacific,High income,DT.TDS.DPPF.XP.ZS,12.987399,12.129297,12.275211,11.874549,11.425615,11.205083,11.189954,11.112709,11.106289,10.821949,10.188015,10.496437,9.836921,9.63851,9.126338,8.430812,7.8690333,7.601547,7.2922153,7.1590633,6.9703665,6.7203655,6.5723424,6.817569,7.239897,7.618772,7.643742,7.270565,7.107717,7.3707576,9.130277
Guam,East Asia & Pacific,High income,EG.ELC.ACCS.ZS,99.844315,99.87582,99.906876,99.93726,99.96508,100.0,100.0,100.0,100.0,100.0,100.0,100.0,100.0,100.0,100.0,100.0,100.0,100.0,100.0,100.0,100.0,100.0,100.0,100.0,100.0,100.0,100.0,100.0,100.0,100.0,100.0
Guam,East Asia & Pacific,High income,GFDD.AI.01,744.9505,628.0413,1779.865,3012.485,4187.201,5315.6006,5759.2603,4647.4927,2711.2031,821.707,-258.3295,448.6685,-597.34607,-415.99194,-514.64984,-840.3855,-897.06445,-676.96906,-610.18524,-429.441,-740.40045,-1235.1031,-1630.0292,-1596.878,-1560.876,-1584.7949,-1792.4221,-2218.191,-2417.4722,-2730.3384,-2905.3364
Guam,East Asia & Pacific,High income,GFDD.DI.04,83.1138,82.74896,80.81272,80.0089,80.221825,80.696846,81.614075,82.541725,82.49432,82.66089,83.16462,81.81768,83.714645,83.38427,82.98016,83.36468,84.452324,85.54847,86.085434,85.46018,84.79933,84.658516,85.37741,86.23793,86.874855,86.57243,86.00878,86.13843,86.59058,87.55712,87.170135
Guam,East Asia & Pacific,High income,GFDD.DI.05,34.62444,32.535084,32.892742,34.02201,34.969776,34.195736,34.16537,35.395348,36.798344,37.817238,36.925083,36.179466,37.894733,37.56935,36.7293,36.641876,38.197933,39.614235,41.88469,44.41391,45.451653,45.279076,47.550236,49.704765,50.73152,51.625813,51.885212,52.069332,53.545326,56.24581,60.754284
Guam,East Asia & Pacific,High income,GFDD.DI.06,7.673116,8.713801,8.05288,7.1917677,6.625191,6.460789,6.9116645,7.578899,7.307751,7.1195707,7.1384435,7.5849833,7.5044465,7.550192,7.075321,6.4452972,5.7726274,5.760879,6.366169,6.869294,7.0312657,6.5840497,6.625154,7.070863,7.8570046,8.870084,9.349432,9.010157,8.892959,9.046182,9.278098
Guam,East Asia & Pacific,High income,GFDD.DI.11,1.0271549,4.3886065,6.62241,7.6257873,7.6071415,6.437148,4.9856987,4.6836557,5.400279,6.907518,7.8374066,6.4639893,6.513196,5.3554387,4.9603286,5.618209,6.6889977,7.377156,7.517458,7.1808114,6.822861,6.76919,7.090691,7.4811726,8.042468,8.696868,9.333604,9.532159,10.070528,10.458453,10.384614
Guam,East Asia & Pacific,High income,GFDD.DM.11,-3.440705,-1.7375351,4.3935523,8.623303,9.021531,6.226072,2.1693153,0.21259288,2.6556978,7.399007,11.319466,14.867363,12.979776,12.6643715,13.756833,16.129482,18.28654,19.631847,19.216808,18.121666,16.856466,15.301434,13.888813,13.734929,14.443051,15.206824,15.87245,16.05371,15.491378,14.300713,14.851446
Guam,East Asia & Pacific,High income,GFDD.EI.08,1.5901603,1.632275,1.8582077,1.9230098,1.7143288,1.3568721,1.0563773,0.86103815,1.2481208,1.197653,1.5029172,1.5381714,1.9881839,2.0430946,2.0261958,2.0511646,2.0224428,1.8631984,1.8678905,2.003438,2.3782387,2.9984105,3.499755,3.7047713,3.8163307,3.7925427,3.862182,4.304393,4.7469583,5.059078,5.461842
Guam,East Asia & Pacific,High income,GFDD.OI.02,22.742962,20.054363,22.474194,24.354803,24.93718,24.821882,24.077768,23.819504,25.037912,26.039423,26.811863,27.011953,30.137812,30.477158,30.62615,31.415064,32.918304,34.42453,36.270885,36.98296,36.70896,36.83699,37.627827,38.590305,39.441723,40.11766,40.00447,40.291622,41.27999,43.090317,47.41735
Guam,East Asia & Pacific,High income,SH.STA.BRTC.ZS,91.69091,92.26991,90.95069,89.98961,89.70974,89.62978,90.01837,90.68393,90.75364,91.07372,91.74791,99.4,92.618385,92.38649,91.58434,91.12433,91.34118,92.02595,92.69014,92.565094,91.988304,91.65243,91.9961,92.8781,94.09378,94.93925,94.98585,94.62578,94.25733,94.556816,95.46529
Guam,East Asia & Pacific,High income,SL.IND.EMPL.ZS,23.47187,12.18,12.2,12.23,12.29,12.33,12.380001,12.44,12.520001,12.56,12.630001,12.86,13.05,13.22,13.45,13.650001,13.84,14.110001,14.390001,14.610001,14.83,14.92,15.010001,15.09,15.170001,15.21,15.26,15.310001,15.41,15.54,19.034662
Guatemala,Latin America & Caribbean,Upper middle income,DT.TDS.DPPF.XP.ZS,13.595801,17.02729,25.601753,13.857527,11.951581,10.802565,11.354186,9.284047,8.231019,8.624348,7.5410247,8.249518,8.8802395,9.56732,7.6228304,5.7176046,5.8971424,6.588762,5.404739,5.9772463,5.5035224,7.418976,4.62649,7.0702815,4.5333734,4.95693,5.3906946,5.9427204,4.276682,5.5133376,6.7849097
Guatemala,Latin America & Caribbean,Upper middle income,EG.ELC.ACCS.ZS,68.52337,66.57214,64.92946,64.50276,64.55405,60.8,67.67994,68.904076,70.12413,70.899994,73.31821,73.73273,78.66784,78.51221,77.22824,78.389206,83.730995,80.719406,81.894,83.07853,84.27571,84.02641,86.71886,87.96929,85.49437,90.52062,91.81558,93.3,94.42924,95.742004,97.05527
Guatemala,Latin America & Caribbean,Upper middle income,GFDD.AI.01,2246.5044,2611.328,2969.9978,4084.7412,5304.4233,8115.281,7727.7783,6970.845,5686.32,5869.62,3301.089,1911.6283,2669.389,1223.5646,735.4448,-654.8038,-995.66003,-191.96518,-1126.7412,-487.19446,-872.20483,-1784.5249,-1326.7666,-983.36285,-660.0313,-638.2726,-786.67395,-1471.1648,-1690.8215,-1778.3098,-2189.8806
Guatemala,Latin America & Caribbean,Upper middle income,GFDD.DI.04,53.233612,53.58031,56.312298,57.319664,61.33821,65.278046,63.998074,67.86994,71.61969,72.69678,70.59847,68.88234,72.06373,77.39962,77.67369,79.645485,82.71008,83.95599,84.911224,85.23885,85.97153,87.0146,87.86016,88.34101,88.60605,88.960625,89.1629,89.12837,89.522125,89.893936,87.76895
Guatemala,Latin America & Caribbean,Upper middle income,GFDD.DI.05,21.24607,22.89422,24.196348,21.61006,19.303951,19.559818,18.44414,20.465199,21.26727,21.19413,23.25457,23.14202,23.587439,34.50477,35.575977,37.31131,37.794357,36.79,36.08619,38.664772,39.17897,37.951572,39.34474,40.43417,40.51632,41.1728,41.73071,42.008938,43.35259,43.01485,49.500687
Guatemala,Latin America & Caribbean,Upper middle income,GFDD.DI.06,13.09208,14.203529,13.7702,12.46497,11.92781,11.08463,11.719279,10.10843,8.93886,8.446712,9.220396,11.60036,9.45036,8.824978,9.055954,8.867549,8.313647,7.609442,6.738583,6.4882584,5.991619,5.46977,5.40306,5.3599863,5.327021,5.365171,5.372591,5.37914,5.391243,5.11267,6.872183
Guatemala,Latin America & Caribbean,Upper middle income,GFDD.DI.11,-5.023856,-2.5757759,-0.8979714,-0.11676218,-0.16786149,-2.241412,-3.3388333,-3.372192,-2.735046,-2.1424072,-1.1170468,1.4013109,1.4198949,1.4510552,1.4439703,1.5257937,1.4973117,1.3952676,1.3324782,1.4122112,1.4234083,1.8253965,1.7171885,1.7672633,1.7635511,1.8246219,1.8190225,1.8942271,1.9323763,1.8636179,1.9556576
Guatemala,Latin America & Caribbean,Upper middle income,GFDD.DM.11,-0.87324953,3.1120899,7.1979756,10.074371,10.313657,11.822378,7.4524307,7.168541,8.210991,15.297407,14.116755,14.306594,14.804363,11.690191,11.170698,0.6117224,0.7513386,0.610614,0.74849916,0.85492307,0.9337069,0.6777455,0.6248749,0.6098522,0.6361043,0.5628271,0.5787742,0.52990943,0.4644242,0.46728098,0.44777402
Guatemala,Latin America & Caribbean,Upper middle income,GFDD.EI.08,0.72471505,4.446082,3.2756991,2.849016,3.9080381,1.567816,1.8730911,2.81951,2.035356,1.8111871,2.374134,3.581229,3.4641092,4.20617,5.500812,9.57462,11.573999,11.77004,10.6969595,12.209899,12.9859295,13.24259,7.467452,8.043701,8.480909,8.58052,9.059452,9.533439,11.56075,11.92151,14.043479
Guatemala,Latin America & Caribbean,Upper middle income,GFDD.OI.02,15.717899,18.477322,19.17166,16.77873,14.31554,14.82996,14.0555105,15.71491,16.68108,15.423361,18.22509,23.46895,23.98241,34.825188,35.80744,37.489857,38.05795,37.10326,36.443222,39.18597,39.809017,38.5327,39.856476,41.078888,41.19663,41.938198,42.178646,42.79897,44.88989,44.943718,51.92645
Guatemala,Latin America & Caribbean,Upper middle income,SH.STA.BRTC.ZS,74.4653,73.487366,72.59202,72.069244,72.10031,34.800003,73.05116,73.32478,73.77563,40.600002,75.0799,78.04281,41.4,80.59693,81.001656,82.32309,83.61201,31.400002,86.183174,51.5,52.3,88.18269,58.699997,62.799995,67.0,65.5,69.799995,91.630196,91.272514,90.89584,90.91431
Guatemala,Latin America & Caribbean,Upper middle income,SL.IND.EMPL.ZS,19.249123,23.25,23.24,23.2,23.18,23.190002,23.060001,23.12,23.22,22.87,22.49,22.92,23.31,23.64,20.170002,21.4,22.81,22.910002,22.710001,22.18,22.01,20.74,19.5,18.16,19.46,18.9,21.01,19.0,18.710001,18.73,19.552183
Guinea,Sub-Saharan Africa,Low income,DT.TDS.DPPF.XP.ZS,19.73837,15.647359,12.120664,11.031162,14.815197,24.127438,14.63518,19.920908,18.526972,16.43693,20.735142,12.638156,12.9391,14.745304,21.255287,18.071392,14.880331,12.123853,8.6879,10.47213,5.150786,11.639252,5.998472,1.9097145,2.382554,4.0011244,2.2652283,1.696576,2.6762621,2.6286163,1.4928063
Guinea,Sub-Saharan Africa,Low income,EG.ELC.ACCS.ZS,5.494519,1.2689315,2.245635,2.4951725,3.1868043,3.1346486,2.8256617,2.5079997,2.722389,16.4,15.146256,16.432383,17.710926,18.98423,20.254652,20.199999,22.796291,24.072567,25.356077,26.649527,27.955624,29.277079,26.2,31.975956,33.35312,34.74512,33.5,35.4,45.0,42.2,44.66868
Guinea,Sub-Saharan Africa,Low income,GFDD.AI.01,5237.99,4737.367,8809.633,7789.2246,9405.761,11084.096,12107.71,12111.92,11254.881,16644.672,10802.757,10157.429,9679.163,11916.933,18.763868,19.891735,28.758312,33.565083,36.290977,43.15072,50.039,55.871143,64.56473,67.28737,75.285614,71.85564,69.94765,82.940475,86.201584,94.4688,95.16513
Guinea,Sub-Saharan Africa,Low income,GFDD.DI.04,45.367004,34.976772,38.40784,43.4258,40.77077,38.58984,34.40188,29.937801,22.28175,36.492886,20.851011,14.907569,29.17881,31.85022,33.11887,26.9431,24.63411,28.80674,32.10413,16.17183,26.03639,35.08916,43.27631,49.737343,56.11242,55.96154,56.7833,56.30307,56.652462,59.46056,61.012432
Guinea,Sub-Saharan Africa,Low income,GFDD.DI.05,6.970912,9.174429,8.676754,10.07448,9.223887,9.259316,9.040397,10.015869,9.973487,2.7232347,11.681279,12.498139,14.16214,16.06999,18.3897,18.69013,17.896889,12.934179,14.731989,17.36858,26.44139,27.15819,20.856249,22.87167,24.1405,27.01541,25.37311,23.99133,25.308111,26.91808,27.78418
Guinea,Sub-Saharan Africa,Low income,GFDD.DI.06,7.358013,6.496956,5.768088,5.9477615,6.9307337,9.194871,11.15274,13.04867,15.773721,3.7746582,16.07608,26.596762,14.960219,17.059929,16.41355,24.753109,21.26426,10.37016,11.304231,20.9159,25.82787,22.31704,12.28066,10.95879,10.26227,12.143459,10.80263,9.569602,11.093631,10.58386,10.54933
Guinea,Sub-Saharan Africa,Low income,GFDD.DI.11,-13.185882,-8.952191,-7.157337,-6.7031264,-6.808133,-7.5692644,-8.485721,-8.822087,-8.58101,-10.060393,-8.583223,-8.148531,-9.050834,-10.172234,-10.847175,-10.373968,-9.115096,-8.326433,-7.6752853,-7.6118593,-8.024901,-7.148765,-7.3863826,-8.331789,-8.314354,-7.0527234,-7.3914204,-7.058503,-6.872938,-7.210686,-8.241419
Guinea,Sub-Saharan Africa,Low income,GFDD.DM.11,6.883401,17.500408,24.64591,24.33781,25.736364,25.813148,25.970383,26.768927,27.623728,26.92572,31.98991,32.578194,31.960068,34.00171,32.687016,34.933567,30.658398,31.18957,26.827456,26.072195,24.428228,0.0016212,0.043183398,19.841528,19.73722,0.0123946,0.0117778005,0.0097942,0.0091129,17.208288,15.966164
Guinea,Sub-Saharan Africa,Low income,GFDD.EI.08,0.008001801,0.00117,0.0019164999,0.2917914,0.2875746,0.59233636,0.7294036,0.8234944,0.71641976,0.59101146,0.2582738,0.633788,1.812881,3.067622,3.433788,3.062978,3.18565,1.396255,2.578918,1.407797,5.165637,5.268363,3.689923,3.6537461,3.389198,4.933619,4.407073,3.931037,4.2176323,4.870983,6.603525
Guinea,Sub-Saharan Africa,Low income,GFDD.OI.02,3.2678778,3.4788198,3.8913069,4.518048,4.437279,4.615254,4.898947,5.160236,5.074245,4.986643,5.529587,6.447278,7.631017,8.663125,10.730191,11.180711,12.439691,7.4750686,9.486848,9.7612295,16.173521,17.65522,13.154151,14.85836,16.144579,18.23103,16.994131,15.92402,17.38563,18.63651,18.88813
Guinea,Sub-Saharan Africa,Low income,SH.STA.BRTC.ZS,31.695625,34.526825,30.5,33.435966,33.17598,32.53114,31.523552,30.582678,30.086569,34.800003,30.84885,32.328594,34.137486,48.7,36.822224,38.0,39.036934,46.100002,42.679237,43.08766,44.453087,46.672295,45.3,48.847614,50.53702,52.222557,62.699997,54.379726,55.299995,55.053978,56.04354
Guinea,Sub-Saharan Africa,Low income,SL.IND.EMPL.ZS,8.815487,5.68,5.66,5.66,5.64,5.63,5.62,5.61,5.59,5.59,5.54,5.52,5.5,5.55,5.51,5.49,5.47,5.46,5.46,5.44,5.42,5.43,5.45,5.49,5.53,5.59,5.64,5.69,5.74,5.79,9.0176115
Guinea-Bissau,Sub-Saharan Africa,Low income,DT.TDS.DPPF.XP.ZS,22.098543,64.68984,34.694847,13.949872,19.144503,51.084743,37.2899,14.459936,18.253334,17.703007,17.109497,6.422553,5.4338956,10.539133,11.588827,6.5848007,12.496571,7.3513713,8.647459,12.939595,9.774592,1.9941417,3.9826813,1.1891997,1.4261487,1.3130038,2.7813528,2.56886,2.5285802,3.3191485,10.01154
Guinea-Bissau,Sub-Saharan Africa,Low income,EG.ELC.ACCS.ZS,-6.0020494,-7.816153,-7.2549343,-5.752504,-4.8734746,-3.4107764,-5.3532205,-5.419919,-5.2280083,-4.568243,-0.42235726,-1.2734923,1.2537057,2.5914621,3.926333,5.2606664,14.5362,7.9376006,9.28556,4.7,6.0000005,13.399911,14.8038845,16.22769,17.2,20.053154,22.96879,25.999998,28.495056,30.961557,33.33547
Guinea-Bissau,Sub-Saharan Africa,Low income,GFDD.AI.01,1482.9949,3538.1921,4694.5674,6168.646,7746.107,11236.513,10280.869,10066.016,9794.681,8715.17,8512.26,5282.5415,7258.2095,6926.702,9.512758,13.793993,25.844706,34.884876,44.43751,61.334225,48.035904,63.086872,76.0351,63.8616,79.028046,97.74747,94.89457,118.429115,142.11096,147.11748,155.8146
Guinea-Bissau,Sub-Saharan Africa,Low income,GFDD.DI.04,49.41672,53.12472,45.39328,51.55471,55.61526,52.276783,41.20792,41.78466,44.24017,43.02967,37.28182,18.008,18.07825,14.882119,17.03259,30.300732,45.85711,65.3279,69.708145,62.377148,67.89063,72.96012,77.301674,82.37228,79.76927,83.05962,75.455345,73.452774,74.6953,77.98578,79.27096
Guinea-Bissau,Sub-Saharan Africa,Low income,GFDD.DI.05,68.86858,12.74749,16.117378,14.875581,17.36739,16.43591,15.68671,9.266267,9.62149,11.43053,23.58045,23.27282,26.66907,9.495919,14.1827,15.52849,16.63066,19.10619,20.98635,22.76168,25.47672,33.88633,30.37623,34.10574,43.57867,45.4645,45.37202,40.32544,43.664513,43.387768,48.4484
Guinea-Bissau,Sub-Saharan Africa,Low income,GFDD.DI.06,24.46319,13.694541,11.83568,8.701079,8.867177,6.695392,6.99863,2.623422,3.571564,3.667157,7.336735,6.713579,6.242515,5.5708942,5.2043014,4.345781,3.773559,2.894789,2.740947,4.6848516,3.6113222,4.256799,4.252656,3.3112721,3.700953,3.517498,5.613359,5.394817,5.765565,5.6507187,5.534404
Guinea-Bissau,Sub-Saharan Africa,Low income,GFDD.DI.11,-9.283917,-6.2345567,-4.508573,-4.035031,-4.112828,-4.8204985,-5.6348352,-6.189606,-3.9979115,-3.0364263,-3.023436,-3.926773,-5.562831,-6.5071983,-7.568875,-6.1897206,-5.301515,-4.193052,-3.6422799,-3.5611167,-4.19416,-4.452928,-4.554345,-4.405716,-4.081278,-4.3505497,-4.2001705,-4.02661,-3.6138914,-3.3033516,-3.2105525
Guinea-Bissau,Sub-Saharan Africa,Low income,GFDD.DM.11,16.172958,17.115711,21.40484,24.119804,25.096197,27.16444,24.898819,25.90276,28.467379,32.795868,35.782337,30.711893,30.805609,29.639639,30.077486,0.9838669,1.107016,2.08357,0.94543374,0.0034949,0.0236097,0.76100636,0.85561717,1.8813549,1.401633,2.825279,3.8343902,5.464148,8.470515,10.25403,15.717714
Guinea-Bissau,Sub-Saharan Africa,Low income,GFDD.EI.08,0.29802018,0.2114805,0.28572172,0.29761422,0.287481,0.1473134,0.0204505,0.005252,0.0061374004,0.0059992,0.11558403,0.0728006,0.07720649,0.6155,1.068077,2.298362,1.7821261,1.872455,1.347644,3.0814059,2.196867,3.5677762,4.5055504,3.7197669,5.206602,10.275749,10.658299,3.595442,3.202223,5.767794,5.4964643
Guinea-Bissau,Sub-Saharan Africa,Low income,GFDD.OI.02,9.627353,6.840893,9.466378,9.282686,10.83075,10.302561,9.867924,4.310221,4.540154,4.4379115,7.563656,5.6437073,4.9118767,2.766945,3.5355048,3.464887,4.622075,7.0240703,8.393231,9.233948,11.61681,17.84162,14.78488,17.468561,16.46793,16.86433,14.961571,13.6939,15.54127,15.4757395,18.5034
Guinea-Bissau,Sub-Saharan Africa,Low income,SH.STA.BRTC.ZS,33.342648,32.609352,31.890759,32.15091,32.159145,25.0,30.36313,29.740204,28.48711,28.397223,31.800001,32.333965,32.316,33.60135,36.10284,38.43797,31.0,42.936188,44.738605,45.63998,43.0,48.269188,49.387268,50.786434,45.0,52.768215,53.45653,54.258663,54.864826,55.293755,53.94469
Guinea-Bissau,Sub-Saharan Africa,Low income,SL.IND.EMPL.ZS,9.414388,10.95,10.910001,10.880001,10.880001,10.81,10.69,10.67,10.540001,10.33,10.06,9.83,9.650001,9.510001,9.370001,9.250001,9.160001,9.05,9.030001,8.96,8.910001,8.86,8.84,8.82,8.780001,8.72,8.71,8.67,8.640001,8.61,9.4929285
Guyana,Latin America & Caribbean,Upper middle income,DT.TDS.DPPF.XP.ZS,18.71795,19.440546,18.660938,17.188484,16.323503,16.900879,14.264157,17.185293,18.975422,11.31509,9.71464,6.484711,9.3562765,8.511694,6.280994,4.8384786,4.157689,3.063619,2.5457006,1.9574889,2.4214222,2.7450569,8.166868,2.9311383,3.6211498,4.007154,3.1148558,3.3993285,4.775455,4.193082,2.6753883
Guyana,Latin America & Caribbean,Upper middle income,EG.ELC.ACCS.ZS,75.41047,74.967766,71.66005,72.37663,70.71398,71.35198,71.98727,72.619156,73.246956,73.86992,74.51728,75.10074,75.67661,76.24725,76.81501,77.5,73.38259,78.524925,79.10577,77.6,83.09163,84.08454,85.06648,86.02649,86.9,88.00384,89.17036,90.295815,91.19838,91.91576,92.54054
Guyana,Latin America & Caribbean,Upper middle income,GFDD.AI.01,10017.429,11728.561,11108.955,13979.662,14502.598,15992.461,15157.56,14977.831,13619.515,10846.738,10710.188,9162.024,7102.532,6593.142,5837.2935,4804.0283,4065.1753,3470.7014,3192.995,2844.4612,1726.4004,1411.8203,1223.7919,1993.8918,2314.1863,2026.4825,835.0131,434.66287,57.421673,-246.53354,-922.84125
Guyana,Latin America & Caribbean,Upper middle income,GFDD.DI.04,64.61134,18.4007,57.007046,23.68169,22.069519,24.66755,38.13044,47.227352,52.50801,51.368748,54.349133,64.7621,66.43309,66.35503,68.42703,70.56003,71.657555,74.18658,76.76729,78.179955,81.07031,83.42795,84.85576,85.85882,86.762375,84.82626,80.25342,80.47146,74.4133,75.099495,67.05375
Guyana,Latin America & Caribbean,Upper middle income,GFDD.DI.05,75.71272,52.22869,70.350494,67.17648,61.371937,64.51879,69.60559,71.65775,76.28165,73.31934,76.58513,85.17899,88.55247,92.47835,92.730255,94.61162,38.60923,37.65325,37.94691,34.038937,36.16464,37.296688,38.709618,39.85272,40.52845,40.3311,40.14122,36.36152,37.32312,39.86744,40.9982
Guyana,Latin America & Caribbean,Upper middle income,GFDD.DI.06,5.8886204,177.6366,7.1550455,185.7819,160.3506,143.56749,99.630226,75.17738,65.94734,61.77584,59.16167,40.40079,38.75918,37.82326,33.89881,31.296202,11.548949,9.400926,8.5238085,8.117352,7.2663665,6.666451,5.946629,5.9405036,5.5976152,6.695643,8.997744,8.46288,12.39037,11.77094,17.118801
Guyana,Latin America & Caribbean,Upper middle income,GFDD.DI.11,-1.315619,2.520332,-0.11339889,0.7162651,0.4937318,-0.73852235,-1.9497011,-2.8359525,-2.3459349,-0.704103,-0.24218594,0.018380623,-0.28813702,8.376394,10.334573,8.42918,7.346828,7.594236,7.7399817,4.892338,4.5127015,4.427676,4.39013,4.7990966,5.7441797,5.5030107,5.4032993,5.5811434,7.2700095,7.5880237,7.5809135
Guyana,Latin America & Caribbean,Upper middle income,GFDD.DM.11,6.4172897,22.564394,13.329831,27.859022,26.7229,27.794271,21.150301,22.835993,23.0359,24.874086,27.040037,24.934717,21.267473,21.396717,21.586996,21.31709,19.236507,17.457256,15.528247,13.955838,11.407583,10.524564,9.813425,10.394645,11.194112,11.555466,7.32095,7.692424,9.673992,10.07462,7.221237
Guyana,Latin America & Caribbean,Upper middle income,GFDD.EI.08,16.250149,10.37786,14.886279,18.16226,11.662399,9.794732,10.406309,10.313829,9.735649,7.091392,9.503653,10.166189,11.008559,13.865899,15.42149,16.037899,15.75605,12.69794,12.728399,13.27347,13.77741,13.39731,9.969872,10.026779,7.989261,8.11568,8.039694,7.3725557,7.8199,7.442046,7.654043
Guyana,Latin America & Caribbean,Upper middle income,GFDD.OI.02,61.616703,42.71037,59.45825,56.431717,50.464317,54.381157,59.54474,61.167797,65.82199,62.45482,65.68083,76.44306,80.36876,83.78881,84.87793,84.683975,34.141506,33.1067,33.14029,34.88223,37.078087,38.40006,39.75786,41.24748,41.66631,41.5823,41.51966,37.94367,39.12623,41.319138,43.106617
Guyana,Latin America & Caribbean,Upper middle income,SH.STA.BRTC.ZS,73.60398,70.63413,69.35232,69.40408,69.5103,93.0,71.04702,95.0,93.99999,74.04975,82.899994,93.799995,79.86735,93.99999,95.9,96.7,80.9,93.3,96.0,87.399994,89.949936,90.21088,90.33576,98.3,85.7,95.8,91.989395,91.65231,91.40966,91.43904,91.57102
Guyana,Latin America & Caribbean,Upper middle income,SL.IND.EMPL.ZS,18.684875,20.99,21.24,21.4,21.75,22.060001,22.51,22.98,23.35,23.96,24.38,24.930002,25.38,25.24,25.14,24.780003,24.64,24.910002,24.88,24.89,24.930002,25.02,25.060001,25.13,25.22,25.09,25.07,24.92,24.9,24.97,19.672855
Haiti,Latin America & Caribbean,Lower middle income,DT.TDS.DPPF.XP.ZS,9.867195,10.501855,3.1663704,2.6553776,4.655468,53.88005,15.075989,9.335124,8.264403,9.253808,8.29405,5.4943337,6.3081145,11.191919,19.108692,9.348774,8.067568,10.009456,6.1378565,4.2249293,12.512567,0.3850245,0.3819648,0.8025422,1.3954295,1.9325931,5.330129,1.0201685,0.9786574,1.1834679,11.3348675
Haiti,Latin America & Caribbean,Lower middle income,EG.ELC.ACCS.ZS,17.92951,15.502684,15.250236,16.576975,17.369759,31.3,30.013016,30.557037,31.096973,31.632072,33.7,31.542381,33.152473,31.6,34.110813,34.588005,33.899998,35.55065,36.041466,36.54222,37.055622,37.584385,37.9,38.697876,39.49641,40.836285,40.4,43.74927,44.962345,45.990234,46.925533
Haiti,Latin America & Caribbean,Lower middle income,GFDD.AI.01,3066.0159,4763.685,5917.1924,7058.6646,8201.102,12916.478,11841.721,11596.271,10692.358,9802.279,10479.799,7387.111,7313.1777,7350.495,208.81625,239.33585,273.74384,302.77625,328.527,349.27106,336.26703,334.16425,329.51395,302.92328,217.56514,264.85245,281.46536,279.3669,274.96976,267.46405,252.99176
Haiti,Latin America & Caribbean,Lower middle income,GFDD.DI.04,33.86636,33.73418,32.76239,34.36573,35.23718,41.298,43.828762,53.7855,52.12738,50.01517,49.29794,45.49337,46.62155,48.04473,45.94328,51.4409,48.568096,45.77156,44.9944,44.64754,42.18253,45.86128,50.439377,59.082073,60.66716,59.40988,62.134872,57.94337,57.34141,54.0121,47.34351
Haiti,Latin America & Caribbean,Lower middle income,GFDD.DI.05,54.80568,56.878418,76.005295,64.911224,25.688,20.97609,18.521488,19.2192,17.99949,20.2494,21.74627,22.23503,25.170599,29.372768,25.24162,25.43878,24.06729,23.401089,23.39663,22.71236,28.35555,28.03878,27.69284,26.408258,26.84555,30.85865,30.89799,28.66314,30.90124,30.40964,27.19351
Haiti,Latin America & Caribbean,Lower middle income,GFDD.DI.06,41.51381,40.040817,48.284462,35.51656,13.72594,10.29543,9.297262,8.4786825,7.918903,8.959512,10.45805,10.80674,12.57339,13.08625,11.57894,10.36927,9.719904,9.8646555,11.00468,10.71171,12.4141,10.90706,11.07269,7.8191805,7.8961687,8.291268,7.255571,8.353067,9.45128,10.39959,11.93658
Haiti,Latin America & Caribbean,Lower middle income,GFDD.DI.11,-8.933671,-5.6121364,-3.699248,-3.2144573,-3.7231796,-5.6241384,-6.825267,-6.990624,-6.748124,-6.222592,-5.6453314,-5.2258997,-6.0249214,-7.1286373,-8.190755,-7.670915,-6.658062,-5.569289,-5.1455793,-5.33017,-5.7748957,-6.3143206,-6.218225,-6.046004,-6.090025,-6.417422,-6.316724,-5.997716,-5.48769,-4.9824457,-3.7898645
Haiti,Latin America & Caribbean,Lower middle income,GFDD.DM.11,14.833209,17.480747,22.020529,23.758472,23.559654,25.27165,21.66123,21.551645,22.01312,26.917679,30.25598,27.674873,27.405615,26.377327,27.531666,26.785408,28.819473,24.557016,23.324568,22.031504,20.65528,19.164415,20.563293,19.933292,17.887556,18.421124,18.731657,20.913294,17.639273,16.223082,16.82089
Haiti,Latin America & Caribbean,Lower middle income,GFDD.EI.08,0.24855661,0.2193201,0.22079632,0.101561695,0.4360905,0.0276389,0.014017399,1.618662,1.093703,1.425896,2.444986,1.7308171,2.183233,3.7638738,3.258238,4.519678,2.201103,1.6539881,1.4141481,1.5345211,3.159801,2.069621,1.6250811,1.767642,2.218689,3.2005231,3.314658,3.7197692,3.342817,3.5722961,4.496441
Haiti,Latin America & Caribbean,Lower middle income,GFDD.OI.02,38.59628,41.62897,54.277397,46.959557,17.88665,14.80527,14.02709,14.95919,14.383161,16.09244,17.368221,17.620281,19.543089,24.19086,20.567812,20.70024,19.57565,18.861551,18.7997,18.516981,22.907421,22.24195,21.9959,20.92509,21.45687,25.07632,25.450161,23.5071,24.90975,24.23067,20.70943
Haiti,Latin America & Caribbean,Lower middle income,SH.STA.BRTC.ZS,42.89825,41.620743,40.651447,40.961853,41.21745,20.6,40.418316,40.264927,40.305626,40.403625,23.8,43.37028,44.527256,45.25067,46.55351,47.39209,26.1,49.618217,50.73685,51.46118,51.90543,52.591503,37.3,48.6,56.059017,57.077435,57.917397,41.6,58.880703,59.211956,59.744026
Haiti,Latin America & Caribbean,Lower middle income,SL.IND.EMPL.ZS,10.549723,7.46,7.18,7.04,6.73,6.96,7.74,7.7300005,8.09,7.8600006,7.56,7.36,7.2099996,7.12,6.85,6.83,7.08,7.24,7.12,7.0,6.36,6.74,6.89,6.99,7.08,7.18,6.93,6.72,6.7,6.66,9.579578
Honduras,Latin America & Caribbean,Lower middle income,DT.TDS.DPPF.XP.ZS,34.370724,28.052046,33.613567,29.299753,32.933792,31.528814,27.40092,20.447346,17.533335,13.469599,6.6726017,5.2165513,7.5882244,8.362959,6.5636983,5.803365,3.8115594,3.4244363,2.070487,3.7832,2.2324815,2.0658746,2.048068,3.1837811,4.37353,4.8046937,5.8350315,5.665753,7.118648,7.8383884,17.608374
Honduras,Latin America & Caribbean,Lower middle income,EG.ELC.ACCS.ZS,66.55228,54.781937,58.913113,61.100155,64.73395,66.122025,61.681118,64.794754,66.85952,67.394104,67.383354,64.2,63.141136,65.09046,67.113525,68.90331,71.26645,73.54819,76.3969,78.269684,80.984665,82.1953,83.60773,87.18488,88.65377,89.98171,91.6,86.5,91.6,91.1,93.20671
Honduras,Latin America & Caribbean,Lower middle income,GFDD.AI.01,1295.5547,2083.1245,3873.864,3644.578,4585.0317,5386.9453,6010.3335,4571.3115,2509.1782,1212.5424,219.8442,1020.7625,-401.89697,-641.31805,-1518.4331,-2049.1406,-1561.95,-2350.1248,-2234.0464,-2056.1062,-2336.5742,-2768.7188,-2498.6985,-2490.6506,-1930.421,-1475.3613,-1625.007,-1843.3358,-2212.7764,-2261.4756,-2620.396
Honduras,Latin America & Caribbean,Lower middle income,GFDD.DI.04,71.29108,79.42072,79.67439,77.11842,84.82126,88.412415,90.85846,93.149315,94.47536,96.11242,96.99334,87.05663,86.92782,84.84359,85.25079,86.32091,89.023,91.3119,91.46812,89.745766,87.48521,88.16464,89.26477,90.40507,91.36411,92.17244,93.067604,93.73395,94.656654,95.21497,93.31982
Honduras,Latin America & Caribbean,Lower middle income,GFDD.DI.05,21.0014,20.396448,23.13064,21.81568,23.013618,22.578491,26.03669,34.34206,36.14999,40.42348,40.26611,38.11088,39.339928,39.6533,41.30725,41.8717,45.743263,48.51114,45.873928,43.98292,43.78888,44.526127,44.32557,45.697258,46.69395,45.06076,49.882637,49.33889,50.5327,51.78723,63.76956
Honduras,Latin America & Caribbean,Lower middle income,GFDD.DI.06,9.946445,5.9335046,6.1228905,6.6828523,4.175632,2.730978,2.216988,2.002966,1.8328141,1.4188269,1.076716,5.508921,5.525298,6.7085505,6.714856,6.3439193,5.721068,5.122083,5.005123,6.086025,7.25928,7.010858,6.813018,6.492576,5.842559,5.194645,4.714871,4.21876,3.8649971,3.519701,5.580161
Honduras,Latin America & Caribbean,Lower middle income,GFDD.DI.11,-2.5025823,-1.4799306,0.64744395,1.193835,1.0681323,0.18471771,-0.27662304,0.017034065,4.5013776,2.942617,2.8762128,3.0646567,3.1912446,3.3032947,2.9159431,2.7935576,2.7532141,2.8714168,3.0407243,3.1555643,3.0511029,2.8626244,3.0368237,3.0865295,3.0090795,2.9105961,3.0066192,3.0477352,2.8439028,2.6706452,4.295212
Honduras,Latin America & Caribbean,Lower middle income,GFDD.DM.11,-3.7353709,-0.21733105,6.154997,5.432983,5.8683376,4.7721715,6.002073,2.4491448,5.567776,8.570087,10.285489,12.173138,10.027898,8.686104,1.305326,1.816846,1.860368,1.872226,1.805995,1.65811,1.629135,1.203472,1.2140111,1.221675,1.070739,1.13328,1.19832,1.22308,1.313441,1.3492911,1.452915
Honduras,Latin America & Caribbean,Lower middle income,GFDD.EI.08,5.5904603,5.6373363,4.420534,3.515553,3.8000813,2.817558,1.8351,1.005577,0.5026262,0.5187935,0.62057316,0.76332474,0.9764905,1.1855061,1.462952,1.558454,2.26148,2.10696,2.287327,3.729312,3.888753,5.524536,5.956638,7.018741,7.328653,7.2066402,6.846579,6.7187967,7.612739,8.08794,10.82274
Honduras,Latin America & Caribbean,Lower middle income,GFDD.OI.02,15.669789,16.17118,18.39774,16.9448,17.453121,17.454472,20.85675,28.307869,30.285679,34.14732,35.22403,37.70398,39.29294,39.70128,41.33658,42.64969,46.96014,49.90221,47.094326,45.22319,45.257137,45.756126,45.646538,47.65389,49.018337,47.600067,52.52943,52.80378,54.083717,55.92024,68.765884
Honduras,Latin America & Caribbean,Lower middle income,SH.STA.BRTC.ZS,75.66965,75.23945,46.9,74.721,74.602066,74.42771,54.899994,74.71171,75.95101,76.3402,77.3207,55.699997,79.4687,80.333855,81.254295,82.00774,66.299995,83.88376,85.08069,85.971985,86.651855,87.06437,82.799995,88.17732,89.03939,71.99999,79.0,74.0,90.7167,90.28067,90.113266
Honduras,Latin America & Caribbean,Lower middle income,SL.IND.EMPL.ZS,19.147886,21.25,20.12,22.27,24.07,24.26,22.31,22.02,22.97,22.03,22.27,22.18,21.83,21.410002,22.38,23.52,22.1,22.33,22.0,20.820002,19.080002,19.77,19.930002,19.040003,22.02,21.81,21.580002,20.68,20.210001,21.39,18.917355
"Hong Kong SAR, China",East Asia & Pacific,High income,DT.TDS.DPPF.XP.ZS,12.243295,10.602767,10.305449,9.707986,9.347065,9.229904,9.191608,9.140143,9.186415,8.993025,8.4339,8.125869,8.200532,8.130835,7.861068,7.0256453,7.1480527,6.9433217,6.655957,6.4273033,6.2620955,6.2068386,6.445814,6.8503957,7.3810105,7.688717,7.6498404,7.4909167,7.430227,7.873313,9.430842
"Hong Kong SAR, China",East Asia & Pacific,High income,EG.ELC.ACCS.ZS,100.0,100.0,100.0,100.0,100.0,100.0,100.0,100.0,100.0,100.0,100.0,100.0,100.0,100.0,100.0,100.0,100.0,100.0,100.0,100.0,100.0,100.0,100.0,100.0,100.0,100.0,100.0,100.0,100.0,100.0,100.0
"Hong Kong SAR, China",East Asia & Pacific,High income,GFDD.AI.01,316.07513,-1238.9535,-1439.886,-958.3173,-99.435,669.69617,1567.4498,1000.68274,-715.6688,-2441.2004,-3435.801,-3687.9548,-3551.413,-3571.6506,-3881.6653,-4183.11,-4292.229,-3928.4753,-3321.9067,-3054.9917,-3317.5886,-3878.7095,-4178.6416,-3987.4055,-3560.658,-3331.2002,-3387.1096,-3650.3403,-3608.1985,-3606.3857,-3671.4836
"Hong Kong SAR, China",East Asia & Pacific,High income,GFDD.DI.04,95.028076,95.51457,95.4608,95.60895,96.00484,96.52282,97.10796,97.665565,97.522385,97.193306,97.58418,97.06568,96.792015,96.718376,97.08194,97.69796,98.047066,97.942696,97.34907,96.70927,96.23428,96.15578,96.87323,96.88811,96.35099,95.75087,95.209145,95.0049,94.88409,94.71911,93.47958
"Hong Kong SAR, China",East Asia & Pacific,High income,GFDD.DI.05,108.34664,175.7341,163.28851,162.024,160.5854,166.6652,169.8332,166.1112,193.76941,213.4671,224.3851,226.5347,231.9585,254.4956,260.6667,251.71341,274.8023,297.35822,299.6041,324.4363,325.4221,328.2326,336.0667,350.5675,361.34,362.8822,376.551,387.5155,386.1566,403.31268,454.65012
"Hong Kong SAR, China",East Asia & Pacific,High income,GFDD.DI.06,6.0553336,6.628645,6.775166,6.551717,6.1935573,5.9616957,5.907984,6.0513487,6.27975,6.279698,5.898717,5.7194843,5.7760296,6.010904,5.975281,6.0772066,5.6918902,5.918202,6.171953,6.67733,6.8380938,6.7354503,6.128195,6.3970065,6.901607,7.670757,8.274617,8.473407,8.217924,7.819056,7.8428
"Hong Kong SAR, China",East Asia & Pacific,High income,GFDD.DI.11,40.538017,41.88589,44.13009,45.2292,44.820442,43.04681,40.78868,40.384884,41.93153,44.37792,48.085884,11.565873,14.07559,19.740982,23.376646,25.798388,30.340075,45.009487,43.422832,53.535263,54.01581,53.792843,53.586147,54.28823,55.15244,56.522785,58.168182,59.184113,59.981956,60.457996,62.57901
"Hong Kong SAR, China",East Asia & Pacific,High income,GFDD.DM.11,25.013441,30.230713,32.353294,33.359306,32.171562,29.845493,28.03818,28.022495,31.653198,35.770714,52.73278,65.51425,89.17809,112.8238,118.98589,114.9698,124.8621,124.78249,128.5939,146.10869,152.078,139.5658,145.3455,155.04199,148.2484,149.9182,153.6349,152.74811,164.6306,180.1322,214.5129
"Hong Kong SAR, China",East Asia & Pacific,High income,GFDD.EI.08,2.9670122,2.587792,3.6821833,6.0976787,10.171869,5.116237,8.478499,10.459019,10.728449,12.9585495,15.041929,16.103748,18.04609,17.56017,20.694338,18.07655,17.13411,14.51581,7.2031717,10.209729,12.164239,10.74146,9.743398,10.07379,8.5691395,7.758819,8.762774,8.725553,10.36211,10.65146,7.710086
"Hong Kong SAR, China",East Asia & Pacific,High income,GFDD.OI.02,94.95112,169.6396,156.8834,155.2701,154.1719,160.332,163.6768,160.25981,187.5831,205.74821,217.5433,218.86171,223.25,244.3406,249.99422,241.6539,264.8259,287.8014,289.6346,312.74042,313.1183,315.41022,322.2423,335.9006,346.746,348.3264,360.8833,371.0277,353.0639,370.4936,415.74948
"Hong Kong SAR, China",East Asia & Pacific,High income,SH.STA.BRTC.ZS,98.0355,98.99113,99.813576,100.0799,100.057396,99.73706,99.44069,99.24401,99.4877,100.01409,100.018394,99.54297,99.391525,99.27445,99.20964,100.0,99.33888,99.52617,99.57316,99.575424,99.47119,99.42485,99.85569,99.893,100.08929,100.33347,100.426865,100.32077,100.00964,99.65579,99.54351
"Hong Kong SAR, China",East Asia & Pacific,High income,SL.IND.EMPL.ZS,28.130682,34.89,32.96,29.800001,27.930002,27.0,25.560001,24.190002,22.55,21.14,20.33,19.36,18.26,17.11,15.580001,15.07,14.73,14.140001,13.46,13.140001,12.83,12.58,12.36,12.19,12.05,11.900001,11.81,11.57,11.32,11.08,21.940586
Hungary,Europe & Central Asia,High income,DT.TDS.DPPF.XP.ZS,13.088066,11.237783,11.323121,11.130704,10.9016,10.738143,10.530589,10.171377,9.78665,8.878739,8.406042,7.9882393,7.8036246,7.6639514,7.297603,6.8375335,6.4374228,6.1809106,5.9357476,5.79818,5.693049,5.641341,5.2562957,5.507064,5.8373938,6.0317316,6.0435777,5.905386,6.180712,6.4416614,7.5616937
Hungary,Europe & Central Asia,High income,EG.ELC.ACCS.ZS,100.0,100.0,100.0,100.0,100.0,100.0,100.0,100.0,100.0,100.0,100.0,100.0,100.0,100.0,100.0,100.0,100.0,100.0,100.0,100.0,100.0,100.0,100.0,100.0,100.0,100.0,100.0,100.0,100.0,100.0,100.0
Hungary,Europe & Central Asia,High income,GFDD.AI.01,3335.9558,2612.6553,3142.035,4220.2188,4956.524,5371.687,5153.7354,4019.8867,2396.1262,289.6443,-450.27087,-871.58527,-938.2723,-1114.1268,-1495.35,-1921.9226,-2130.3586,-2046.5704,-1775.2869,-1708.2544,-1935.7373,-2267.7612,1031.6229,979.9795,1015.0943,1024.2834,1036.9755,1050.2882,1092.3625,1243.634,1266.2334
Hungary,Europe & Central Asia,High income,GFDD.DI.04,85.84688,41.274292,40.49302,42.85473,41.92681,39.498,46.20134,51.95346,55.42856,62.39858,71.38687,79.85163,86.93985,92.59101,95.648,98.15418,98.52985,99.17751,98.40491,98.589066,98.78339,99.167496,99.221115,99.222046,99.20767,99.728065,99.72868,99.741684,99.73946,99.65284,95.91093
Hungary,Europe & Central Asia,High income,GFDD.DI.05,40.500248,45.54562,54.6344,53.32364,49.49628,46.52136,46.6016,44.97915,43.98772,45.65843,44.90645,45.14537,45.49332,46.61248,46.012157,48.77678,51.667347,53.52901,55.34314,60.350025,60.712746,62.371723,58.54349,60.295696,57.18143,56.69801,58.722164,58.352554,59.065884,58.318222,69.525696
Hungary,Europe & Central Asia,High income,GFDD.DI.06,6.5052724,62.5309,60.32943,58.85991,56.47441,53.94453,40.76658,32.31308,28.0648,21.387209,16.53483,10.81481,6.980755,4.289383,2.551042,1.148553,1.004603,0.61581236,1.359135,1.087565,0.9417603,0.62348247,0.5230381,0.488448,0.4714126,0.1494512,0.14977871,0.1426502,0.1382293,0.1811465,2.620663
Hungary,Europe & Central Asia,High income,GFDD.DI.11,1.8735801,2.05559,1.937264,2.5940049,3.2144532,3.2455504,3.9262009,4.0741134,4.2798314,5.0636535,5.5415497,5.5290055,5.8119826,5.942799,6.5538154,7.3470893,8.079515,8.76318,7.8292656,9.029786,8.779001,8.251103,7.995832,7.776567,7.478324,6.837981,7.2496147,7.064991,6.3976827,6.4141617,6.8416944
Hungary,Europe & Central Asia,High income,GFDD.DM.11,7.7846117,12.608778,16.501698,19.112988,18.750765,16.7771,14.464761,13.094648,13.811147,0.599626,0.9456641,1.0104599,0.8520617,0.7264605,0.6485071,1.004089,1.502939,1.577631,1.402874,1.694095,1.347764,1.0744721,1.254825,1.291576,1.902588,2.034636,2.783019,3.840242,2.952864,2.9105341,2.916487
Hungary,Europe & Central Asia,High income,GFDD.EI.08,1.5912721,6.349382,9.029887,16.92833,15.366139,13.574699,13.657829,11.43193,11.531739,9.987431,9.373717,10.222919,12.11626,11.8066,10.99869,11.20316,13.321719,13.57737,15.91227,16.266779,16.331589,15.97352,16.397509,16.26387,16.525219,19.74182,21.68973,22.68789,20.58077,18.63831,23.881468
Hungary,Europe & Central Asia,High income,GFDD.OI.02,43.788532,35.003307,43.69627,42.66753,40.10664,38.68976,39.389477,38.46395,37.36393,38.12932,38.1562,38.345898,38.65991,39.51024,39.613388,41.67336,44.097828,45.498108,47.502487,50.790047,49.11575,49.5654,47.66258,47.002506,45.975338,44.70366,46.460876,45.85539,45.82058,45.19668,55.012077
Hungary,Europe & Central Asia,High income,SH.STA.BRTC.ZS,99.4,99.4,99.5,99.4,99.4,99.4,99.5,99.5,99.5,99.5,99.5,99.6,99.6,99.6,99.6,99.6,99.7,99.6,99.5,99.6,99.100006,99.00001,99.00001,99.100006,99.200005,99.6,99.7,99.7,100.57582,100.48013,100.66979
Hungary,Europe & Central Asia,High income,SL.IND.EMPL.ZS,26.492462,35.64,35.08,34.07,33.39,33.08,33.24,33.23,34.78,34.35,33.770004,34.420002,34.14,33.4,32.95,32.48,32.32,32.52,32.22,31.160002,30.7,30.84,29.79,29.9,30.500002,30.33,30.440002,31.52,32.420002,32.09,23.755054
IBRD only,,,DT.TDS.DPPF.XP.ZS,20.035442,18.797379,17.401651,15.811179,13.026543,14.714038,15.100366,15.270084,14.139186,15.544685,13.882077,13.361889,13.244692,11.9807825,8.361362,8.399001,7.509172,4.3945265,4.0078144,4.089965,3.6145325,3.0441625,2.9701197,3.285836,3.8052266,4.9921255,5.0724187,4.392878,4.8372326,4.9290385,5.2628717
IBRD only,,,EG.ELC.ACCS.ZS,84.14658,81.67341,78.1063,76.674126,77.09237,78.22591,79.76505,81.38972,82.27372,83.02254,84.311714,83.74093,85.8306,86.40684,86.91751,87.62375,88.35787,89.142235,89.95674,90.76851,91.4597,89.197495,92.789986,93.4911,94.06011,95.21499,95.778564,96.72575,97.78261,98.31734,98.77844
IBRD only,,,GFDD.AI.01,1475.0682,1330.5253,1879.8163,3366.2327,4989.1553,6963.858,8330.435,7524.224,5668.81,3786.6519,5796.587,3048.084,2638.5881,2436.6458,1818.756,1073.5023,788.8524,768.5262,947.176,906.3017,1898.7389,-51.33398,-692.19135,-628.87634,-559.926,-607.71075,-807.7886,-1307.1167,-810.4933,-2071.2334,-2457.4856
IBRD only,,,GFDD.DI.04,72.0454,69.57387,66.06271,65.223366,66.354805,67.45068,68.3719,69.12038,69.12315,68.81274,66.71133,71.2212,72.48156,73.12426,74.041245,75.57333,77.57133,79.84524,81.140816,81.829895,79.93797,82.47345,83.68726,84.80628,85.8302,85.94986,85.63556,85.83441,85.06639,87.291214,87.17506
IBRD only,,,GFDD.DI.05,20.342222,17.971792,17.9338,17.308954,16.656212,16.7588,17.633608,18.535467,17.97938,18.665321,14.518541,17.166357,18.343594,18.833399,18.838432,19.818333,21.688663,23.830963,26.159883,28.898474,29.683834,30.118128,33.13394,35.95232,37.714314,38.416187,38.545643,39.14491,37.90633,42.25156,45.386467
IBRD only,,,GFDD.DI.06,10.757909,12.283496,11.489331,10.036509,8.997535,8.686731,8.715864,9.231771,8.787422,7.727502,7.8174753,8.024534,8.437448,8.61236,8.068128,7.1354213,6.4036374,6.2682166,6.745676,7.4124966,7.3373256,7.299762,7.476085,7.830947,8.323851,8.765401,8.786766,8.557019,8.557879,8.604415,8.742126
IBRD only,,,GFDD.DI.11,-15.268472,-12.537449,-10.479833,-9.229587,-8.961882,-9.780696,-10.978093,-11.333372,-10.610386,-9.929142,-11.529485,-10.882466,-11.734944,-12.585345,-12.588621,-11.713839,-10.513669,-9.794856,-9.519602,-9.402443,-9.411802,-9.06506,-8.485585,-8.107899,-7.6298833,-7.1542287,-6.793414,-6.3267035,-6.448517,-5.5923333,-6.7424293
IBRD only,,,GFDD.DM.11,-15.583967,-13.110329,-6.7748837,-1.7270595,0.2221868,-0.8876474,-4.231135,-6.1628504,-3.8914084,3.4530978,9.523601,8.009299,7.738494,6.394747,6.70436,7.7864623,9.152911,9.621374,8.550924,6.949324,8.521899,5.0799327,4.067382,4.2158175,5.080677,6.572258,8.362528,9.227682,8.76523,7.228628,6.3041954
IBRD only,,,GFDD.EI.08,-0.24909607,-0.7415478,-1.1100637,-1.0101237,-0.70077324,-0.6514438,-0.74574566,-0.7817733,-0.48092428,-0.5603978,-0.9529099,-0.2553942,0.15646867,0.26596344,0.47666615,0.70404226,0.80091196,0.8265394,1.0218319,1.5308721,2.264119,2.9208002,3.475061,3.8934326,4.2854395,4.5521717,4.8682256,5.2976213,5.3725896,5.844872,6.171386
IBRD only,,,GFDD.OI.02,8.979404,5.4772735,7.894313,9.785674,10.811991,11.4942255,11.387321,10.604329,10.401724,13.374799,13.607551,15.7662735,16.784576,16.803608,17.520424,19.026205,20.726307,22.420273,24.398972,25.575893,26.384644,25.802134,27.019934,28.691849,30.280224,31.491608,31.926037,32.30521,31.505276,34.064228,36.900475
IBRD only,,,SH.STA.BRTC.ZS,81.59266,80.41593,77.51841,75.8775,75.707535,76.0146,76.65461,77.48181,77.79326,78.04942,70.518234,81.31034,82.42222,82.89802,83.148926,83.819336,85.118546,86.92206,88.18776,88.810165,78.77051,88.974884,89.71138,90.89797,92.42454,93.2634,93.3065,93.06305,90.756,93.11206,94.072556
IBRD only,,,SL.IND.EMPL.ZS,21.721048,21.281487,21.274366,21.49965,21.603575,21.570404,21.744944,21.701962,21.406034,21.176949,20.991278,21.0096,20.711575,20.897352,21.49919,22.223495,22.99828,23.864788,24.072296,24.269497,24.802567,25.383757,26.054192,25.958698,26.037598,25.78731,25.671282,25.474764,25.59293,25.23901,21.498104
IDA total,,,DT.TDS.DPPF.XP.ZS,21.405672,21.036606,17.549961,15.888316,19.44655,17.266642,16.662626,16.243416,13.435658,11.756679,10.938759,11.186799,9.613303,8.913965,8.4876995,9.295807,6.7255845,3.903089,3.3706183,4.0739336,3.117222,2.6497605,3.4482496,4.4882145,4.182743,4.869138,5.745102,6.2654214,6.4424524,8.683711,9.609596
IDA total,,,EG.ELC.ACCS.ZS,31.681448,28.173122,26.215437,25.982616,26.460678,27.096666,27.188303,26.743408,36.61439,37.959194,34.990047,35.783714,36.963722,38.786392,38.743874,39.522423,41.572575,42.147198,43.2129,44.02976,44.21312,46.648533,48.49538,49.181374,49.833973,51.41219,55.270622,57.08116,58.879745,59.83458,61.226173
IDA total,,,GFDD.AI.01,4488.9756,6476.4565,7742.597,9313.264,10960.237,12759.013,14179.584,14316.822,14717.939,13563.234,15190.389,11657.947,11377.325,11270.032,11100.024,10415.923,9646.758,9133.452,8779.318,8302.996,9919.2295,6345.5303,5645.9805,5333.2075,5547.5044,5738.586,5478.814,4587.0703,5541.3916,2879.5671,1522.2805
IDA total,,,GFDD.DI.04,46.688053,41.681885,38.037674,37.26171,38.392395,39.494286,39.41208,37.990143,37.333736,36.78853,34.10915,39.44132,41.07444,42.252544,43.448784,45.873497,49.123047,52.16495,54.30542,55.539413,53.38962,57.757614,59.827656,61.869156,63.534782,64.31952,64.888916,66.22723,65.87245,69.60919,70.717964
IDA total,,,GFDD.DI.05,0.9592963,-0.9024675,-1.0434936,0.41373706,1.445543,0.067648776,-1.0252222,-1.1261706,-4.432882,-5.0539827,-3.4213204,-2.230238,-1.1592691,-0.5643882,-0.19020413,0.1488784,0.15906328,2.2339275,4.7450213,7.2955236,7.9114637,9.073814,10.4984045,12.068001,13.248157,14.744294,14.993548,14.198717,14.153327,17.394161,20.957943
IDA total,,,GFDD.DI.06,8.275836,9.862091,8.756844,7.156554,6.2056136,5.9567313,6.0164533,5.768347,5.5897455,2.83379,4.827666,3.902888,4.43711,4.816536,4.517587,3.8644216,3.2553895,2.8758914,3.2889116,4.0102835,5.205947,4.7421646,4.7707734,5.0228744,5.2426,5.6440725,5.847941,6.1631713,7.009471,7.029929,7.4788756
IDA total,,,GFDD.DI.11,-18.661406,-15.515132,-13.891262,-12.878914,-12.388493,-12.8440075,-13.832381,-14.56434,-16.329676,-15.876825,-15.343747,-14.657961,-15.373898,-16.303064,-16.589285,-15.824134,-14.479778,-13.405596,-13.016129,-13.389006,-14.284637,-13.996004,-13.307765,-12.768556,-12.80062,-12.733767,-12.647992,-12.331289,-12.404949,-11.718425,-12.323985
IDA total,,,GFDD.DM.11,4.069902,7.2479644,14.235706,19.463034,20.946106,20.02206,18.749983,19.861341,20.070206,28.20264,32.954796,30.899488,30.656391,30.125666,28.913712,28.071056,28.081123,27.477068,26.115755,23.874989,24.146729,17.324623,15.487665,15.45544,15.984072,16.233244,16.288286,16.050156,16.670828,13.376889,11.824402
IDA total,,,GFDD.EI.08,-3.2023196,-3.938842,-4.3995295,-4.495631,-4.3136096,-4.2967663,-4.439664,-4.694441,-5.1486173,-5.2768483,-5.096741,-4.4990225,-4.152438,-4.0726533,-4.1140275,-4.0006666,-3.8758829,-3.7959504,-3.6002343,-3.2324347,-2.8693411,-2.2164276,-1.7562015,-1.4628701,-1.1811188,-0.95823175,-0.797495,-0.37387827,0.110058434,0.8665305,1.5275209
IDA total,,,GFDD.OI.02,8.605409,5.0433154,6.872655,8.47123,9.09825,9.081404,9.223072,9.053324,5.7488904,8.9472275,8.976779,9.922581,10.8560705,11.413674,12.014463,12.780471,13.378842,14.093955,15.0644455,15.745637,16.295383,15.90904,16.470272,18.230679,19.469242,20.28229,19.79845,19.355608,18.678093,19.33514,23.911509
IDA total,,,SH.STA.BRTC.ZS,40.988503,38.317307,35.58159,34.597675,34.83739,34.789955,34.064457,32.81472,32.722717,32.752644,34.47029,35.334587,37.03597,37.95872,38.555695,39.93075,41.984432,44.312473,46.38364,48.194817,48.755165,51.48188,53.278,55.43364,57.940453,60.27641,62.04592,63.547817,62.08842,65.34739,66.24529
IDA total,,,SL.IND.EMPL.ZS,11.646873,11.802592,11.681118,11.570603,11.45761,11.3932,11.312915,11.340325,11.342576,11.365469,11.357792,11.413813,11.49666,11.637885,11.741293,11.854294,12.08582,12.284239,12.354459,12.644539,12.902182,13.070801,13.372436,13.628788,13.874804,14.144709,14.130429,14.235824,14.418645,14.489966,11.915025
Iceland,Europe & Central Asia,High income,DT.TDS.DPPF.XP.ZS,9.777332,9.214352,8.975605,8.670054,8.38756,8.1872,8.100228,7.9839706,7.9048157,7.465682,7.161268,6.96163,6.612788,6.566365,6.317062,5.9881215,5.711326,5.519572,5.4159384,5.296046,5.228422,5.2011714,5.25335,5.499467,5.784598,5.9673314,5.9349437,5.7808666,6.147153,6.250932,7.576235
Iceland,Europe & Central Asia,High income,EG.ELC.ACCS.ZS,100.0,100.0,100.0,100.0,100.0,100.0,100.0,100.0,100.0,100.0,100.0,100.0,100.0,100.0,100.0,100.0,100.0,100.0,100.0,100.0,100.0,100.0,100.0,100.0,100.0,100.0,100.0,100.0,100.0,100.0,100.0
Iceland,Europe & Central Asia,High income,GFDD.AI.01,1279.1897,848.0786,834.082,1448.8586,2194.4146,2737.864,3004.6482,2245.6035,711.0179,-670.7554,-1339.7297,-1489.4802,-1774.4457,-1811.299,-2070.8865,-2359.1194,-2553.2056,-2309.2517,-1966.7501,-1666.7948,-1839.7446,-2208.664,-2386.7617,-2226.185,-1928.1364,-1819.8358,-1936.6794,-2169.9155,-1633.3289,-2240.1504,-1673.0201
Iceland,Europe & Central Asia,High income,GFDD.DI.04,96.81029,94.49881,96.68893,94.351006,89.61934,92.106636,95.77684,96.51147,98.67823,99.1375,99.3113,99.68093,99.779076,99.92411,99.989494,99.99487,99.98389,99.876335,92.11348,94.935196,94.555336,93.322235,92.961555,92.94328,93.66005,95.92826,98.3012,97.791084,94.156654,99.950554,99.76254
Iceland,Europe & Central Asia,High income,GFDD.DI.05,33.924232,36.3676,37.80098,39.03344,37.46552,37.2485,36.911392,37.138027,38.05187,41.43853,42.01851,42.692238,46.115158,54.98344,56.39408,66.68221,92.46811,86.42777,99.705605,99.85982,86.935524,87.509415,79.884125,78.2981,78.215645,74.55222,65.40236,65.316666,64.909775,64.673065,72.153725
Iceland,Europe & Central Asia,High income,GFDD.DI.06,1.534038,2.770465,1.7501359,3.1387408,5.583577,4.098832,2.231869,2.420834,0.849175,0.62704223,0.6525874,0.3143081,0.2249923,0.0965192,0.016626699,0.0123143,0.0491806,0.3104716,16.9854,10.16964,10.14444,10.872741,10.00168,9.1125555,7.350697,4.258721,1.624786,2.1013012,6.975938,0.045430202,0.2653386
Iceland,Europe & Central Asia,High income,GFDD.DI.11,5.256973,7.9078774,9.746961,10.459578,10.356569,9.314932,8.272364,8.063787,8.646222,11.343036,12.130986,11.9263525,3.4477358,4.2017994,4.354919,6.857818,6.7301717,5.283226,7.8874903,8.056301,8.240356,8.257956,8.303915,8.181843,7.9714675,7.1403494,5.816022,5.774789,5.4060183,5.69302,18.05486
Iceland,Europe & Central Asia,High income,GFDD.DM.11,1.1135653,3.5201306,6.1000237,8.287403,7.9111,5.8120203,3.694045,3.339294,4.8164473,1.748338,0.94954187,1.416999,1.38345,1.9884919,3.288435,9.977764,29.91567,48.701942,9.919302,9.094597,14.87177,18.60031,23.4643,29.45841,24.95433,4.930585,2.6790311,3.632005,5.202105,6.003776,6.656251
Iceland,Europe & Central Asia,High income,GFDD.EI.08,4.8845887,4.623591,5.0498,6.362096,4.289036,2.4806879,2.6812632,1.970853,1.041916,1.119099,0.581486,1.9000691,1.058058,1.958212,0.4733571,0.7241392,0.66914135,7.618517,5.564828,18.034248,16.59049,15.55981,14.262809,12.845419,14.356979,13.0997,9.829079,6.202568,4.229894,3.5597649,11.15739
Iceland,Europe & Central Asia,High income,GFDD.OI.02,33.1134,35.57304,36.91922,38.10431,36.42704,36.12685,35.80272,36.06653,37.00415,40.3419,41.010708,41.7691,45.21758,54.02649,55.45089,65.69308,91.532326,86.79649,98.14743,96.10069,82.67703,84.489876,76.862595,75.258224,76.10508,72.43608,63.208687,63.03479,62.647404,62.480232,69.6366
Iceland,Europe & Central Asia,High income,SH.STA.BRTC.ZS,100.0,99.9,99.8,99.8,99.8,99.8,99.8,99.8,99.9,99.6,99.3,99.5,99.4,99.4,99.4,99.00001,98.899994,98.899994,98.7,98.799995,98.200005,97.899994,97.799995,98.100006,97.799995,98.200005,97.899994,97.99999,98.200005,100.03583,100.84035
Iceland,Europe & Central Asia,High income,SL.IND.EMPL.ZS,25.944246,25.96,24.68,25.24,25.87,24.94,23.51,24.68,26.63,23.14,22.1,22.910002,22.55,21.66,23.36,21.690002,21.55,20.9,22.0,19.5,18.44,18.55,18.22,18.64,18.430002,17.84,17.46,17.48,16.79,17.470001,21.64378
India,South Asia,Lower middle income,DT.TDS.DPPF.XP.ZS,27.164934,26.761873,25.438427,25.197401,29.722208,30.54465,25.411797,24.540367,22.4906,15.589868,15.378526,12.787372,16.093662,20.437057,7.720648,9.686732,3.0409734,4.086742,4.67089,2.4299316,1.7448088,1.7610881,1.6811883,2.2552671,2.708261,3.0858057,5.0640445,2.783031,4.2326384,2.9079819,5.0939274
India,South Asia,Lower middle income,EG.ELC.ACCS.ZS,60.978165,58.585064,58.006565,50.899998,49.81131,51.408775,53.00352,54.594864,56.182133,60.1,58.72147,55.799995,62.3,64.047485,64.4,67.57981,67.9,71.119865,72.89938,75.0,76.3,67.6,79.9,81.99933,83.8725,88.0,89.2178,92.12495,95.7,97.308266,99.0
India,South Asia,Lower middle income,GFDD.AI.01,1058.4784,1051.7603,1445.125,4416.183,4415.419,5343.6787,5756.6743,4795.39,3597.8062,2245.7388,1385.114,-164.31982,-240.11122,-353.47647,-1571.2377,-2229.8809,-1737.6725,-2394.8047,-1582.2812,-1761.066,-1984.8395,-2394.4731,-2415.507,-2063.3362,-1290.9281,-1358.7468,-1213.7892,-1523.894,-1644.8812,-1706.5103,-1909.9058
India,South Asia,Lower middle income,GFDD.DI.04,68.433,67.5156,72.12787,72.25532,77.92448,78.024666,77.95024,80.11988,80.371445,82.74776,85.9329,87.33465,91.69994,96.41181,95.567,96.58757,96.26299,96.93966,97.46687,96.45397,93.51624,93.20222,91.84429,92.29584,94.314186,94.667,93.24832,94.43917,93.997665,93.15603,92.11465
India,South Asia,Lower middle income,GFDD.DI.05,42.183838,43.41781,44.14449,44.883488,46.02148,43.54533,44.689407,47.45997,48.90128,51.06471,54.64497,57.73908,62.619415,63.179268,64.63577,68.103905,71.52599,75.10877,78.194855,84.050705,81.307884,80.41277,79.36308,80.588455,79.517784,80.23255,76.67645,76.20414,74.95651,78.41638,90.73869
India,South Asia,Lower middle income,GFDD.DI.06,15.5608,15.945089,13.40824,13.19281,10.07172,9.356389,9.754835,8.889894,8.8661785,8.2030945,7.189449,6.7075896,4.775148,2.024519,2.690573,2.176591,2.4919732,2.11507,1.82338,2.726453,5.064973,5.277175,6.561759,6.218432,4.403048,4.144668,5.402875,4.147094,4.397985,5.2125583,6.820492
India,South Asia,Lower middle income,GFDD.DI.11,4.1320353,6.824897,8.412025,8.6836405,8.034994,7.1974354,6.6242666,6.78367,7.4570155,9.657478,10.152115,10.487346,9.560528,8.489479,12.432959,13.434681,15.335241,15.210616,17.542276,15.929858,18.322739,18.492996,18.128569,16.41817,16.704008,17.356625,17.369482,17.75884,18.308874,18.905565,16.843508
India,South Asia,Lower middle income,GFDD.DM.11,1.8667587,4.700376,8.250952,13.148569,10.859626,9.809403,7.9284577,7.4643474,8.363528,0.0220337,0.0499504,0.0658214,0.079950705,0.032141,0.032736998,0.057802897,0.0502623,0.0131878,0.00156,0.0031651,0.0030812,0.0011045,0.0042685,0.007960199,0.0184819,0.0066248,0.00014630001,0.0367062,0.0463385,0.0763281,0.14202009
India,South Asia,Lower middle income,GFDD.EI.08,8.944772,9.453308,10.144409,10.67812,12.07706,10.864479,11.24311,12.44978,12.808479,14.123409,15.80456,17.888159,20.745619,23.100359,22.127338,19.505669,17.96801,18.65901,19.61765,21.21007,18.907919,19.050749,19.636799,19.81741,19.70851,19.68013,23.60148,19.722538,17.7578,18.67956,22.788929
India,South Asia,Lower middle income,GFDD.OI.02,33.22512,34.3531,35.54656,35.75488,36.44267,33.61379,35.079178,37.842377,39.50991,41.21827,45.01665,47.70963,52.044518,52.28664,53.759018,56.686867,59.995407,63.671745,66.48245,71.64175,69.34904,68.974884,68.02185,69.42916,68.59116,68.92553,71.32292,66.48294,64.37984,67.1951,76.54307
India,South Asia,Lower middle income,SH.STA.BRTC.ZS,72.943344,71.84757,71.459076,34.2,71.31856,71.30479,71.50028,72.16206,73.163345,42.300003,42.500004,76.730095,78.250565,79.45374,81.13717,82.037186,46.6,84.01124,52.3,86.43991,87.36197,87.88294,88.716606,89.46117,81.4,91.34316,81.4,91.67112,91.372116,91.03832,91.487175
India,South Asia,Lower middle income,SL.IND.EMPL.ZS,18.67506,15.18,15.24,15.270001,15.430001,15.600001,15.770001,15.770001,15.890001,16.18,16.320002,16.63,16.92,17.5,18.26,18.800001,19.42,20.09,20.42,21.09,21.81,23.1,24.36,24.37,24.45,24.540003,24.74,24.86,24.95,25.12,20.015194
Indonesia,East Asia & Pacific,Lower middle income,DT.TDS.DPPF.XP.ZS,25.621893,23.762033,21.953047,21.448498,19.084768,17.500494,20.258686,13.701746,12.889578,16.678228,11.227182,13.780314,13.72034,12.820053,14.410792,9.941758,15.80952,8.594318,6.3487,7.758212,6.5942335,4.4402914,4.6136837,5.5799155,14.106906,8.169279,9.305099,9.182624,7.857652,10.184348,15.172129
Indonesia,East Asia & Pacific,Lower middle income,EG.ELC.ACCS.ZS,79.946785,48.899998,66.69656,55.43,62.800003,66.86,72.39,80.3,80.939995,83.729996,86.3,86.26,87.6,87.94,89.01,85.03832,90.62,91.1,92.73,93.55,94.15,94.83,96.0,96.46426,97.01,97.53737,97.62,98.14,98.51,98.85,96.95
Indonesia,East Asia & Pacific,Lower middle income,GFDD.AI.01,2799.8835,3154.3047,3677.0417,3638.883,5357.579,5828.607,5674.721,5506.6924,4232.4062,2458.7703,2464.7932,144.58957,636.2698,177.46638,-396.29675,-1432.9243,-1517.4508,-1100.6473,-1100.1838,-1291.3854,-1234.3594,-1790.9458,-1603.143,-1321.3466,-1208.6459,-1114.0558,-1141.0231,-1404.7131,-1478.7291,-1529.9178,-2006.3346
Indonesia,East Asia & Pacific,Lower middle income,GFDD.DI.04,93.30963,95.18436,94.53174,94.88051,96.42617,98.123634,98.581894,98.60672,93.69257,67.24493,75.001144,70.61464,69.01656,72.85104,74.40115,76.48757,78.36567,82.26376,84.84242,85.79187,87.348045,87.9329,89.34583,90.86077,91.52706,92.44251,93.07801,93.17408,93.61275,93.55871,86.65504
Indonesia,East Asia & Pacific,Lower middle income,GFDD.DI.05,43.63738,44.10328,46.17282,43.685127,45.30562,48.585728,52.69393,55.9991,59.86042,58.38761,53.88266,50.88549,48.17114,47.04136,44.86403,43.25445,41.327057,41.76271,34.93531,30.44925,31.632648,32.69476,34.22274,35.07853,35.0,34.86956,35.8871,35.22059,34.59459,34.17722,38.96104
Indonesia,East Asia & Pacific,Lower middle income,GFDD.DI.06,3.9423878,2.843699,3.0959911,2.81464,2.018211,1.076754,0.8385783,0.9041004,3.7630002,22.67144,17.27273,18.54887,18.77615,14.840631,13.590779,11.60388,9.396811,7.3778,5.473228,4.881184,4.246792,4.294741,4.1503463,3.800576,3.537125,3.2041602,2.967889,2.8960068,2.761581,2.778192,6.8169174
Indonesia,East Asia & Pacific,Lower middle income,GFDD.DI.11,-2.8234844,-1.4200063,0.5396324,1.143844,1.1533341,0.21593831,-0.61577135,-0.79935414,-0.03528483,1.5071086,1.9342967,2.0302308,2.0725675,2.2370725,2.5507278,2.4770696,2.5944517,3.017488,2.5015504,2.9882395,3.4111805,3.5075414,3.825556,3.9454687,4.359531,4.355592,4.662414,5.010881,4.7528915,4.6690564,4.606538
Indonesia,East Asia & Pacific,Lower middle income,GFDD.DM.11,-3.9430404,-0.612239,3.0176857,2.4527016,5.6288004,4.491847,0.31571248,2.7122486,3.8451395,6.714988,9.648025,1.084828,1.100708,1.1121421,0.9790116,0.77240044,0.8498174,0.5778979,0.6848048,0.5774516,0.7789077,0.7569287,1.281415,1.350645,1.008683,1.10218,0.9803017,1.1156449,1.430953,1.254866,1.341481
Indonesia,East Asia & Pacific,Lower middle income,GFDD.EI.08,3.6832669,4.298376,3.7181091,2.979715,2.348503,2.5866222,2.619546,2.897252,2.45529,23.81895,29.585169,24.14397,20.547039,17.029589,13.50626,11.15784,9.2943945,8.276459,6.6001563,6.17775,4.972486,4.347137,4.87679,5.430912,5.394246,6.048709,6.762259,7.1094704,7.616445,7.805068,10.98182
Indonesia,East Asia & Pacific,Lower middle income,GFDD.OI.02,38.888435,39.88495,41.063236,39.23302,40.39954,43.98015,48.41879,51.45041,55.50961,53.00138,48.207317,46.178627,43.69329,42.31125,40.145977,38.78883,36.723217,37.12437,31.171717,31.841467,32.12651,32.567047,34.106728,34.659676,35.18868,35.3913,36.12903,35.441177,34.594597,34.55696,39.740257
Indonesia,East Asia & Pacific,Lower middle income,SH.STA.BRTC.ZS,40.7,31.699999,40.7,83.40172,36.5,49.7,83.99102,43.2,56.0,85.118004,66.9,87.39359,68.399994,66.299995,71.5,89.66619,90.40101,73.0,74.86,92.8995,82.2,93.924355,83.1,87.399994,94.95694,95.53559,92.6,93.25,93.6,94.7,94.6397
Indonesia,East Asia & Pacific,Lower middle income,SL.IND.EMPL.ZS,20.17465,15.19,15.340001,16.450003,19.68,18.41,18.79,18.800001,17.78,17.57,17.44,18.74,18.76,17.710001,18.01,18.76,18.59,18.820002,18.44,18.300001,18.65,19.99,21.07,20.95,21.4,22.040003,21.72,22.02,22.29,22.36,20.788906
"Iran, Islamic Rep.",Middle East & North Africa,Lower middle income,DT.TDS.DPPF.XP.ZS,1.2455164,1.1511251,1.3794966,2.9693189,13.165317,27.133503,26.123844,30.214947,16.725945,16.35598,9.159889,3.5872705,4.6808753,4.5396237,4.483981,4.316109,3.1274967,3.021379,2.4859855,2.0509937,1.7054808,1.2188077,0.3060384,0.39659676,0.48055288,0.670806,2.1346745,0.37814894,0.1492661,0.17758068,0.27909932
"Iran, Islamic Rep.",Middle East & North Africa,Lower middle income,EG.ELC.ACCS.ZS,93.27008,92.390305,89.51869,88.42674,88.6819,90.08908,91.91537,94.52914,94.83965,95.550545,97.9,98.1293,98.23328,98.33202,98.42788,98.52319,98.4,98.7221,98.83105,99.71001,99.49105,99.572655,99.64329,99.83,100.0,99.96001,99.95,99.94,100.0,100.0,100.0
"Iran, Islamic Rep.",Middle East & North Africa,Lower middle income,GFDD.AI.01,2867.6824,3132.1443,3167.5198,3993.106,5137.257,6504.561,7291.388,6932.8125,4655.17,2852.0447,3313.5864,1989.7721,1813.8854,1606.8092,1230.7385,339.7216,89.292,103.757385,309.44962,840.2977,742.7371,551.68964,224.40617,-235.45706,-128.01549,-391.83502,-168.10965,57.543777,-205.60768,-449.9703,-547.4281
"Iran, Islamic Rep.",Middle East & North Africa,Lower middle income,GFDD.DI.04,44.008022,48.42734,55.13903,59.35349,50.5248,51.56952,50.237667,56.068546,54.0527,60.15456,74.07891,78.06528,75.23642,79.45369,84.9059,88.70312,91.21494,93.80124,94.832054,95.91993,94.63208,96.02296,96.134254,97.00483,97.2976,96.76356,96.61697,90.741486,91.11679,91.70802,91.09049
"Iran, Islamic Rep.",Middle East & North Africa,Lower middle income,GFDD.DI.05,55.57758,49.39106,45.79411,40.51675,41.05019,38.11742,37.007,39.74945,43.41507,39.38517,37.15509,40.87213,37.8564,39.196938,38.7646,41.5309,47.08846,47.42395,44.24183,53.31754,54.21172,47.418797,58.768414,54.75248,61.735542,77.41667,88.148155,54.744453,55.538162,58.18539,62.459587
"Iran, Islamic Rep.",Middle East & North Africa,Lower middle income,GFDD.DI.06,33.74432,26.52521,20.38805,15.0771,20.15936,16.54161,15.70127,13.461419,15.75739,12.99673,9.5860815,8.759657,9.934614,8.84973,6.5725036,5.094616,4.488841,3.2986748,2.608673,2.236447,3.229807,2.240575,2.384418,1.658802,1.591413,2.2075,2.627407,7.548713,7.497698,7.571483,7.4996066
"Iran, Islamic Rep.",Middle East & North Africa,Lower middle income,GFDD.DI.11,-4.376819,-2.1583717,-0.29384607,0.52033895,0.5655549,-0.44087002,-1.4118632,-2.2791538,-0.86940813,0.18009344,-0.073798776,-0.33850238,-1.104132,-1.821346,-1.7838802,0.9113154,0.18331687,0.8702238,1.1200533,1.0316954,0.608024,0.16595818,0.5062135,2.2405908,2.6211681,3.0844297,3.21862,6.0422072,6.494982,7.046629,7.1853924
"Iran, Islamic Rep.",Middle East & North Africa,Lower middle income,GFDD.DM.11,-0.73943275,3.2328846,6.972931,9.373667,9.645884,7.451892,5.501446,7.1508045,6.988536,10.280388,14.074007,12.738128,11.93372,11.325857,11.742131,13.551286,13.006464,12.661933,11.804391,11.765757,10.9622755,10.130101,9.605537,9.046572,10.228384,10.582053,12.474156,13.998251,13.458398,12.649538,12.874555
"Iran, Islamic Rep.",Middle East & North Africa,Lower middle income,GFDD.EI.08,3.5083733,2.4291039,1.847936,1.13895,0.8539715,0.902164,0.66046476,0.5586109,0.4967431,1.5411011,1.120651,1.0665209,1.071962,1.774752,1.906923,1.630003,1.940289,2.78686,2.594331,3.4273381,4.95618,5.193593,6.9939113,6.970703,8.285711,9.895738,11.344159,9.325279,9.588735,9.964405,10.460605
"Iran, Islamic Rep.",Middle East & North Africa,Lower middle income,GFDD.OI.02,43.939247,39.401928,37.85561,33.636528,33.99144,31.39913,30.712069,32.82768,34.838398,31.67122,32.74307,37.32903,34.824287,36.24255,36.183826,39.097538,44.590107,45.010197,40.70699,49.31897,50.212715,44.36137,54.11264,51.81504,58.965878,74.5575,85.25926,56.044735,56.489056,58.030453,61.11248
"Iran, Islamic Rep.",Middle East & North Africa,Lower middle income,SH.STA.BRTC.ZS,88.87208,88.669785,87.459625,87.11475,87.18818,87.875565,88.44115,86.1,89.93215,90.67221,89.6,92.66677,93.35038,93.75787,93.890755,97.3,94.87159,95.93464,96.95292,97.7,96.4,98.5,98.799995,98.799995,99.00001,98.23636,98.14236,97.05783,96.75442,97.01373,97.74379
"Iran, Islamic Rep.",Middle East & North Africa,Lower middle income,SL.IND.EMPL.ZS,25.021875,31.639997,31.61,31.130001,30.85,30.729998,31.320002,30.66,30.130001,29.97,30.0,29.97,30.339998,30.63,30.51,30.37,31.71,32.07,32.27,31.79,32.2,33.030003,33.18,33.290005,33.76,32.53,31.879997,32.04,32.04,31.39,22.851055
Iraq,Middle East & North Africa,Upper middle income,DT.TDS.DPPF.XP.ZS,14.265049,13.840055,14.432063,14.574794,14.589474,14.303698,14.264387,14.461809,14.607379,14.644043,15.239063,13.196115,13.067411,12.803779,10.762248,9.98484,9.931769,9.2431135,7.724589,7.1043134,6.7584705,7.214195,7.267743,6.868511,7.07671,7.3348317,7.494869,7.3187165,7.2023315,7.210501,8.332009
Iraq,Middle East & North Africa,Upper middle income,EG.ELC.ACCS.ZS,89.0288,87.700485,84.60492,82.218346,81.024895,81.022736,81.765434,82.635254,83.28246,83.94245,96.92168,97.0628,97.196335,97.32463,97.45004,97.57492,97.62211,98.1,97.971436,98.11988,98.28097,98.0,99.3,98.86628,99.098434,99.34543,99.6043,99.87207,99.90001,99.992004,100.0
Iraq,Middle East & North Africa,Upper middle income,GFDD.AI.01,2806.5999,2196.224,3178.7869,5375.0757,7629.394,10118.346,11799.116,11404.453,9556.511,8019.89,10609.415,6857.876,6610.7935,6494.55,3510.5576,3002.4822,3757.3254,3172.9421,1622.3302,1550.1849,1385.415,2131.4602,1953.8057,489.75378,542.568,601.22577,433.36914,-75.19632,236.79437,-785.4437,-1118.9261
Iraq,Middle East & North Africa,Upper middle income,GFDD.DI.04,75.8303,74.15366,70.54279,67.92652,66.54919,65.98569,65.640015,65.422745,65.02699,64.20249,61.164692,67.73645,68.45115,68.90864,22.268251,31.937199,43.4988,51.89468,64.58532,68.26001,79.33561,87.047966,91.021706,92.14793,93.994194,84.029884,70.28749,72.28081,73.52382,76.71047,56.930798
Iraq,Middle East & North Africa,Upper middle income,GFDD.DI.05,25.490648,24.269014,23.671598,21.491632,19.039192,17.261507,16.965916,18.324602,18.681442,18.689524,15.954506,18.450174,19.550035,20.000717,26.96683,20.24653,20.83975,24.50626,23.51808,35.81635,37.88177,34.09517,30.310667,32.66196,33.92799,40.73469,45.634743,40.77885,35.51717,37.35214,59.345097
Iraq,Middle East & North Africa,Upper middle income,GFDD.DI.06,8.870394,10.613739,9.973515,8.347043,6.947306,6.110496,5.899899,6.166123,5.872816,4.6373496,4.9703817,4.916389,4.8513513,4.950656,12.033609,8.851885,6.784755,5.280053,2.532246,3.042454,2.773463,1.666198,1.241231,1.007179,0.90878755,4.2462463,10.223809,8.8022375,6.865093,5.864725,21.13671
Iraq,Middle East & North Africa,Upper middle income,GFDD.DI.11,-1.86634,1.3850365,2.6927764,3.1280036,2.6566396,1.2982512,-0.14521536,-0.6922486,-0.09386815,0.84570706,-0.42052305,0.48402804,-0.51367056,-1.3201447,-2.282353,-1.2337966,-0.21362709,0.91232604,1.6777313,1.8591564,1.4803107,1.0758176,1.1580691,1.5020972,2.0929058,3.1650155,4.3022814,5.186368,5.0275655,5.6604757,5.6442304
Iraq,Middle East & North Africa,Upper middle income,GFDD.DM.11,-5.759628,-3.489907,2.5827441,8.425195,12.1802,12.205577,10.144815,9.268803,12.270833,20.20962,28.755306,24.818584,24.846018,24.003157,22.494349,23.59666,26.759312,25.548866,21.474314,19.869673,18.96373,19.76011,19.007898,16.110424,16.406963,17.810966,19.656626,19.941126,19.032331,17.141506,17.955894
Iraq,Middle East & North Africa,Upper middle income,GFDD.EI.08,0.16558585,-0.08186737,-0.44842356,-0.5472065,-0.7455945,-1.0920204,-1.5148911,-1.7030005,-1.4516468,-1.551078,-1.6144124,-0.5941956,-0.1988011,-0.019337859,1.1801757,1.2235078,1.4238932,1.6283255,2.0482268,2.6152186,3.3238232,3.9439023,4.31774,4.690301,4.976753,5.193143,5.5244684,5.9576397,6.112579,6.5532365,7.126835
Iraq,Middle East & North Africa,Upper middle income,GFDD.OI.02,16.36387,12.755864,15.160436,17.28425,18.361374,19.032066,18.663673,18.438139,18.655195,21.637604,24.773134,27.182505,29.376072,30.001823,13.7254,7.430562,8.3254385,11.617681,11.57426,19.10383,22.82594,21.04455,18.276562,19.87064,20.740671,23.84146,24.37699,23.033352,20.41497,20.12508,29.623047
Iraq,Middle East & North Africa,Upper middle income,SH.STA.BRTC.ZS,86.40047,86.088104,83.1558,79.96413,77.6496,76.43219,76.03768,76.16562,76.11624,76.171906,65.2,79.51398,80.13619,80.377914,84.22164,84.66169,88.5,79.7,89.71666,90.857025,91.16757,90.899994,70.4,92.24035,93.215996,93.582756,93.38796,93.20961,95.600006,93.500244,93.92409
Iraq,Middle East & North Africa,Upper middle income,SL.IND.EMPL.ZS,23.375137,18.23,18.300001,18.27,18.23,18.22,18.6,19.12,19.710001,20.780003,20.74,20.53,19.63,19.77,19.03,19.74,20.560001,20.450003,21.060001,20.820002,21.65,22.02,23.13,23.37,23.39,22.72,23.61,23.22,22.81,22.930002,22.299639
Ireland,Europe & Central Asia,High income,DT.TDS.DPPF.XP.ZS,10.594618,9.774839,9.551168,9.148287,8.767876,8.547288,8.543789,8.4233,8.213528,8.789115,8.377823,7.4148335,7.5762725,6.772188,6.5762625,6.3502493,6.0622888,5.836617,5.560505,5.0667014,4.9951415,5.0404615,5.2009788,5.5662713,5.8798394,6.045416,6.040698,6.121014,6.4855857,6.3835654,7.5609574
Ireland,Europe & Central Asia,High income,EG.ELC.ACCS.ZS,100.0,100.0,100.0,100.0,100.0,100.0,100.0,100.0,100.0,100.0,100.0,100.0,100.0,100.0,100.0,100.0,100.0,100.0,100.0,100.0,100.0,100.0,100.0,100.0,100.0,100.0,100.0,100.0,100.0,100.0,100.0
Ireland,Europe & Central Asia,High income,GFDD.AI.01,1538.9276,1008.98065,883.8459,1399.9373,2238.6226,2920.9531,3626.6704,2881.7856,1207.6974,49.445675,-798.8601,-1265.6708,-1351.6008,-1570.1476,-1692.3458,-1971.8502,-2165.2324,-2049.427,-1714.8761,-1393.0448,-1298.1267,-1481.0394,-1433.8785,-1456.7771,-1193.4742,-1216.7837,-1443.0338,-1665.98,-1659.696,-1705.5215,-1505.1589
Ireland,Europe & Central Asia,High income,GFDD.DI.04,97.06508,97.804794,97.98629,98.28244,98.75623,99.46176,99.65486,99.727325,99.77561,96.425026,96.3609,99.96883,95.275154,99.978485,99.99643,99.988014,99.9849,99.96999,99.84148,99.66682,99.06905,98.94883,98.995636,86.18245,82.87333,79.12068,75.56145,75.720604,77.13502,77.09964,71.99678
Ireland,Europe & Central Asia,High income,GFDD.DI.05,42.367268,42.85978,42.99538,49.49839,50.53489,68.1591,72.12024,74.47831,75.69728,80.24685,80.25014,84.8586,86.809364,88.74541,95.53628,101.325806,118.4586,128.0146,136.3562,151.9538,147.5063,132.41151,126.7826,130.2908,129.747,98.772835,104.3135,98.17092,93.93086,98.67864,116.585205
Ireland,Europe & Central Asia,High income,GFDD.DI.06,1.6621481,1.165406,1.099291,0.8876433,0.66478276,0.4234103,0.2780237,0.24150379,0.2083846,7.7949257,7.384429,0.0237532,6.6014566,0.019233901,0.0038398001,0.0152665,0.0221722,0.047699,0.2669756,0.5845917,1.496747,1.49345,1.404454,18.5847,18.87049,15.96005,17.85431,16.01684,13.6709,11.988191,14.648581
Ireland,Europe & Central Asia,High income,GFDD.DI.11,23.093533,25.546646,27.468952,28.322992,27.759035,26.66329,25.326294,25.206795,25.897976,29.718151,30.619606,27.528265,53.73361,60.314598,69.315544,81.03462,91.58706,94.91231,100.9184,125.91349,134.50572,125.213585,125.27613,120.579865,124.4094,98.124146,100.109535,95.32232,86.33781,90.977615,91.41536
Ireland,Europe & Central Asia,High income,GFDD.DM.11,12.792056,14.810406,17.534452,19.096745,18.498175,16.875072,14.997694,14.705968,16.699951,21.065922,23.9465,22.07077,27.55465,22.713394,23.716427,377.13242,450.9502,489.22488,433.18118,27.471685,27.145817,25.724293,25.272789,25.418875,26.446867,26.646791,27.50797,27.431635,490.5669,26.011993,27.96474
Ireland,Europe & Central Asia,High income,GFDD.EI.08,7.324778,7.091949,7.8105764,7.09084,7.387793,8.467781,6.731777,6.0806284,5.813692,11.704596,11.635842,4.392691,3.689037,3.6262739,3.04044,2.7051191,2.256697,0.8550287,1.8399961,5.6211753,25.940609,24.88069,27.09433,11.515439,10.66824,7.363773,6.785947,5.686954,5.29317,4.359847,5.2195354
Ireland,Europe & Central Asia,High income,GFDD.OI.02,37.166798,37.79018,38.113827,44.49677,45.540638,63.307495,67.29144,69.68665,70.89812,70.068634,70.636856,68.79325,67.15835,71.434166,73.7028,77.58284,91.931465,96.45048,99.603264,109.987,102.1636,96.346176,93.48481,99.55689,86.45901,71.55974,75.21125,71.71946,66.43479,69.700386,75.6523
Ireland,Europe & Central Asia,High income,SH.STA.BRTC.ZS,97.41171,98.08877,98.4972,98.66128,98.723724,98.81442,98.98516,99.24333,99.497246,99.5,99.6,99.6,99.5,99.6,99.7,99.7,99.7,99.7,99.8,99.8,99.8,99.8,99.8,99.8,99.7,99.7,99.7,100.16235,99.350624,99.91171,100.06354
Ireland,Europe & Central Asia,High income,SL.IND.EMPL.ZS,27.219965,27.47,27.29,27.15,27.84,27.780003,27.33,28.55,28.68,28.300001,28.46,28.930002,27.62,27.74,27.6,27.6,27.77,25.77,23.29,19.85,18.09,17.450003,16.98,17.23,17.300001,18.11,18.55,18.84,18.81,18.77,21.90836
Isle of Man,Europe & Central Asia,High income,DT.TDS.DPPF.XP.ZS,11.245138,11.409525,10.772002,9.998155,9.405885,9.253622,9.399973,9.568906,9.730163,9.391189,8.834324,8.415846,8.425716,8.150059,7.455063,6.688188,6.13006,5.86153,5.7446914,5.580356,5.5740256,5.150234,5.15487,5.7055616,6.4227514,6.987561,7.0123076,6.608127,6.4708695,7.039601,8.367785
Isle of Man,Europe & Central Asia,High income,EG.ELC.ACCS.ZS,100.0,100.0,100.0,100.0,100.0,100.0,100.0,100.0,100.0,100.0,100.0,100.0,100.0,100.0,100.0,100.0,100.0,100.0,100.0,100.0,100.0,100.0,100.0,100.0,100.0,100.0,100.0,100.0,100.0,100.0,100.0
Isle of Man,Europe & Central Asia,High income,GFDD.AI.01,-1617.0868,-1534.677,-1356.8207,-731.98535,572.17944,1626.4071,2452.923,1626.5913,-501.99622,-2538.0527,-3107.7454,-3937.2366,-3780.985,-3769.6035,-4191.451,-4602.4126,-4465.39,-3999.541,-3456.7056,-3186.4297,-3159.88,-4224.7144,-4501.189,-4107.0234,-3528.0562,-3318.3057,-3614.4827,-3971.9114,-4194.5776,-4114.6807,-3725.429
Isle of Man,Europe & Central Asia,High income,GFDD.DI.04,88.38315,88.83533,88.99042,89.19879,89.57417,90.1576,90.27527,90.86078,90.546196,90.482735,89.47322,90.84207,90.75242,90.48945,90.61094,90.93423,91.82933,92.5543,92.34383,91.619,90.1828,90.91976,91.29088,91.359764,91.028984,90.22491,89.5201,89.440636,89.77305,89.82988,89.46527
Isle of Man,Europe & Central Asia,High income,GFDD.DI.05,46.74797,46.49417,47.79816,49.957897,50.975777,50.10122,49.715614,50.47312,51.68597,52.291092,50.32527,51.633595,52.15246,52.0698,51.6879,51.793133,53.542114,54.085907,55.381203,57.87265,58.84832,59.57307,61.433247,63.140446,63.700546,64.23072,64.30011,64.669464,66.402596,69.772705,72.428444
Isle of Man,Europe & Central Asia,High income,GFDD.DI.06,9.034586,9.122153,9.188744,8.652448,8.083841,7.9247565,8.1896305,8.547544,8.445977,8.275287,8.499862,7.94959,8.290081,8.485749,8.341711,7.812483,7.185143,6.853362,7.24036,7.7744427,8.190878,7.417632,7.3713503,7.6758957,8.415293,9.246683,9.751505,9.54773,9.37425,9.293833,9.014982
Isle of Man,Europe & Central Asia,High income,GFDD.DI.11,6.8720236,10.327681,12.753432,13.804244,13.800165,12.770833,11.512053,11.095463,11.676405,13.098374,12.8384075,13.715572,12.704717,11.680917,11.526611,12.274574,13.27086,13.787552,13.849441,13.5126095,12.575289,12.828825,12.983715,13.34594,13.738199,14.430788,15.140363,15.281758,15.846143,16.714876,16.128613
Isle of Man,Europe & Central Asia,High income,GFDD.DM.11,-2.733629,-2.1505218,1.9298552,5.007824,4.881942,1.9429631,-1.6886066,-3.211066,-0.530734,4.5985494,11.258809,11.309567,11.27783,10.504278,11.087346,13.155139,15.640885,18.016502,18.180893,17.056515,16.75092,12.721995,11.333484,12.101225,13.669768,15.847913,17.020903,16.888409,16.099337,15.620901,16.474182
Isle of Man,Europe & Central Asia,High income,GFDD.EI.08,4.2825766,4.9153223,5.47089,5.626142,5.398695,5.0736423,4.7016335,4.4176235,4.6403337,4.6705985,4.691064,4.919713,5.061003,5.135864,5.248177,5.2346106,5.101446,4.959847,4.855223,4.976405,5.6326647,5.751494,6.124741,6.113314,6.1074004,6.157542,6.3386636,6.7175994,7.1082883,7.437688,7.3906803
Isle of Man,Europe & Central Asia,High income,GFDD.OI.02,32.728832,35.632736,37.096775,38.253906,38.345116,38.41073,38.237717,38.199703,39.250343,40.278763,39.317142,42.617718,43.563427,43.94379,44.159904,45.35146,47.093704,48.62541,50.06668,50.530956,49.907665,50.084324,50.801064,51.805645,53.23406,53.95661,54.123962,54.510864,55.647934,58.085606,60.187473
Isle of Man,Europe & Central Asia,High income,SH.STA.BRTC.ZS,47.747658,98.27254,98.74776,98.60378,98.42621,98.41212,98.53058,98.58277,98.67469,98.845055,71.50205,99.53921,99.71007,99.606995,99.32042,98.983086,98.93967,99.002686,99.166885,99.12917,81.43067,98.20929,98.25633,98.52077,99.123924,99.382515,99.267815,98.89681,98.422066,98.2069,98.16185
Isle of Man,Europe & Central Asia,High income,SL.IND.EMPL.ZS,23.625849,24.117022,24.141611,23.797539,23.229172,22.675598,22.23386,22.17515,22.037975,21.800983,21.489874,21.187632,20.946861,20.747547,20.693949,20.56431,20.464943,20.240767,19.894382,19.62372,19.522644,19.436573,19.382856,19.189257,18.969164,18.76077,18.795473,19.148897,19.39316,19.336077,18.870872
Israel,Middle East & North Africa,High income,DT.TDS.DPPF.XP.ZS,12.517653,11.354209,10.963207,10.276075,9.773377,8.805347,8.8342495,8.853378,8.74143,8.384186,8.104633,7.881015,7.7841177,7.5032406,7.2496877,6.8413987,6.5741897,6.332578,5.7946324,5.6753907,5.5642705,5.470382,5.5507283,5.821324,6.1807203,6.41061,6.4970417,6.4041004,6.402766,6.71128,7.9625783
Israel,Middle East & North Africa,High income,EG.ELC.ACCS.ZS,100.0,100.0,100.0,100.0,100.0,100.0,100.0,100.0,100.0,100.0,100.0,100.0,100.0,100.0,100.0,100.0,100.0,100.0,100.0,100.0,100.0,100.0,100.0,100.0,100.0,100.0,100.0,100.0,100.0,100.0,100.0
Israel,Middle East & North Africa,High income,GFDD.AI.01,1117.9625,229.30846,-131.4833,433.2527,1550.0776,1691.888,2682.565,1933.7894,158.54803,-1827.4246,-2677.5203,-2752.9338,-2547.6255,-2819.6191,-3148.5408,-3666.1582,-3751.2188,-3367.4146,1026.2845,1024.4703,1066.9326,1055.1357,944.02277,951.72,931.4795,1004.41644,989.80896,1119.5159,1108.1028,1072.7017,1075.1089
Israel,Middle East & North Africa,High income,GFDD.DI.04,94.99679,95.64186,95.854965,95.922844,96.04954,95.931564,96.026985,96.339066,96.7623,97.056305,97.202705,97.5361,97.94148,98.07637,98.40057,98.87815,99.05362,98.67132,99.51765,97.40236,97.80639,97.948135,97.781425,98.09148,98.549545,98.84306,99.04104,99.29773,99.53901,99.78915,95.982025
Israel,Middle East & North Africa,High income,GFDD.DI.05,75.01483,72.83318,74.07234,75.76819,75.190285,67.5173,72.69785,74.244064,79.77078,83.76255,81.261566,87.311104,89.48651,88.6452,87.449936,92.271965,90.42342,93.135475,97.45152,97.939316,73.79617,76.85198,77.21222,78.5461,84.0474,83.58839,84.1272,84.765884,84.18358,85.38827,105.0306
Israel,Middle East & North Africa,High income,GFDD.DI.06,6.343993,7.4485846,7.4358506,7.035419,6.637887,3.570863,3.498824,3.081871,2.7876081,2.5598261,2.3201082,2.218207,1.92621,1.7366569,1.4413381,1.067165,0.8659925,1.376874,0.4977102,2.640342,2.255518,2.101351,1.7287351,1.441375,1.0948039,0.88309234,0.7233756,0.51608133,0.3414645,0.1536376,3.3668242
Israel,Middle East & North Africa,High income,GFDD.DI.11,26.530792,29.377157,31.655615,32.964096,32.551327,26.412645,25.187761,25.174166,26.217873,29.16159,29.924383,29.750282,28.29732,25.08128,26.067848,27.852346,27.929152,28.500233,26.006126,30.794226,32.230377,31.140173,32.957977,34.25691,35.574993,35.98802,36.30462,38.512173,38.666134,41.301422,44.422626
Israel,Middle East & North Africa,High income,GFDD.DM.11,10.838492,13.927736,16.829079,17.819107,16.595182,13.408083,11.517451,11.245941,13.380793,3.079998,3.7019498,4.652963,7.385118,9.02566,10.012119,11.9912195,14.28899,14.06013,9.4714985,11.58371,12.107961,11.160231,13.364551,13.37796,14.7161,17.82262,17.993809,18.22975,17.1438,17.98504,17.75142
Israel,Middle East & North Africa,High income,GFDD.EI.08,42.4278,37.75136,34.20823,30.996109,25.9956,23.09272,22.05032,16.70806,14.47477,12.779319,8.233208,7.976209,7.9381285,8.529293,9.206094,9.682111,9.030177,10.22495,10.004589,9.379132,8.973198,9.509804,8.599981,8.469697,8.602101,8.993052,9.395988,7.757751,7.784083,7.831706,11.858669
Israel,Middle East & North Africa,High income,GFDD.OI.02,66.73597,65.790764,66.86534,67.03271,65.22736,59.86265,65.217415,67.01062,73.024216,76.38679,74.05857,79.16677,82.52421,80.545235,79.89665,83.5083,81.71545,84.251656,86.69511,85.756424,84.60584,88.1966,66.445045,68.468414,71.71886,72.770355,74.92051,75.8693,73.96048,74.90937,93.536285
Israel,Middle East & North Africa,High income,SH.STA.BRTC.ZS,96.54649,97.37227,98.12124,98.429184,98.29163,97.17387,97.07899,96.90729,97.0859,97.06662,97.47329,97.68916,97.71678,96.80125,96.66558,96.54107,96.566086,96.75788,97.055,97.20068,97.17772,97.18483,97.09919,97.15698,97.20683,97.38688,97.402596,97.185104,96.876366,96.66042,96.76962
Israel,Middle East & North Africa,High income,SL.IND.EMPL.ZS,27.228851,25.76,25.51,25.55,25.62,25.08,24.55,24.0,23.430002,22.85,22.42,21.7,21.080002,20.59,20.170002,19.77,19.47,19.190002,18.81,18.33,18.080002,17.83,17.49,17.74,17.68,17.580002,17.5,17.38,17.29,17.23,21.007671
Italy,Europe & Central Asia,High income,DT.TDS.DPPF.XP.ZS,11.425512,10.52487,10.333212,9.845487,9.378389,9.173622,9.180636,9.116279,8.928633,9.3640175,8.436997,7.5335536,7.0831447,7.034524,6.4734726,6.0943923,5.783326,5.547365,5.670301,5.574074,5.4933887,5.4765153,5.453635,5.5245137,5.87746,6.1204085,6.1641984,6.3829937,6.370259,6.6644588,7.8295565
Italy,Europe & Central Asia,High income,EG.ELC.ACCS.ZS,100.0,100.0,100.0,100.0,100.0,100.0,100.0,100.0,100.0,100.0,100.0,100.0,100.0,100.0,100.0,100.0,100.0,100.0,100.0,100.0,100.0,100.0,100.0,100.0,100.0,100.0,100.0,100.0,100.0,100.0,100.0
Italy,Europe & Central Asia,High income,GFDD.AI.01,618.96533,220.23172,52.186653,612.0967,1508.5884,2287.7856,2980.3486,2283.5398,469.08838,-1404.6954,-1977.0793,-2427.755,-2200.9976,-2263.2034,684.60394,679.603,687.19147,696.9659,-2186.6606,-2005.0203,-2142.4707,-2418.7434,626.49677,659.0975,665.7297,684.80914,698.5039,667.5973,720.6049,690.9686,715.3046
Italy,Europe & Central Asia,High income,GFDD.DI.04,87.29253,89.07185,88.91977,88.72752,87.83554,87.881,89.89481,89.770515,91.17426,97.35722,96.780014,93.57073,95.669014,95.22144,94.82542,94.66906,94.96537,96.1114,96.460075,96.31368,96.531044,95.98164,95.32596,95.06961,94.502655,91.34827,86.84013,82.48066,81.864334,80.550354,75.513855
Italy,Europe & Central Asia,High income,GFDD.DI.05,60.468388,60.56327,60.620914,63.274624,60.899452,57.75809,55.797607,50.40773,48.69423,72.39397,72.16557,55.1795,58.67033,62.32812,62.61774,64.14076,65.27505,74.59953,77.79076,84.243,81.24293,78.871155,83.162674,85.74751,87.98667,90.33267,92.41309,93.960594,94.892555,98.79563,118.61
Italy,Europe & Central Asia,High income,GFDD.DI.06,9.910702,9.081506,9.947176,10.4172,11.08278,10.40269,8.342606,8.234442,7.091249,7.4418073,7.192531,5.222007,3.478058,4.0597553,4.487441,4.803902,4.744218,4.269835,3.962509,4.426283,4.4478297,5.206822,6.459344,6.848613,7.603185,12.118569,18.60779,24.255241,24.80289,26.233728,39.89299
Italy,Europe & Central Asia,High income,GFDD.DI.11,19.667637,21.927813,23.97187,24.844118,24.327337,22.866667,21.55154,21.385468,22.083073,21.761742,23.744417,24.554556,25.339808,27.763811,30.712467,35.803253,35.159508,31.408813,29.513659,33.648438,31.57162,30.20799,31.978956,36.302437,42.04146,46.274124,48.378727,48.927017,49.500244,53.28711,61.710445
Italy,Europe & Central Asia,High income,GFDD.DM.11,11.459707,14.033592,16.977295,18.611153,17.61337,15.559658,13.554715,13.091687,14.991046,26.96862,26.776659,27.04835,27.6598,29.624529,30.474949,32.00238,33.94825,32.94398,29.14524,36.10057,33.70319,27.895592,28.09216,26.82522,25.39889,28.50319,28.71822,32.78164,29.737411,33.8341,41.76245
Italy,Europe & Central Asia,High income,GFDD.EI.08,11.09855,11.461616,11.690725,11.606474,11.315329,11.072494,11.091067,11.334391,11.539893,11.776702,12.058877,15.884219,14.9495,15.772209,14.825669,14.75387,14.02491,24.017488,24.435558,28.271,30.885641,30.44756,38.131542,41.35343,42.216274,40.75663,38.26029,34.27551,36.25399,35.62998,40.882885
Italy,Europe & Central Asia,High income,GFDD.OI.02,52.963318,53.0626,52.67703,55.184998,52.4839,49.51959,47.81316,42.13656,40.310448,65.280266,65.200676,50.36836,53.856667,56.9571,56.466137,57.40004,58.05222,67.36761,69.84607,75.70375,72.482925,69.96178,73.86163,75.6204,77.56994,79.22766,80.86927,82.146965,82.53496,85.3179,102.949196
Italy,Europe & Central Asia,High income,SH.STA.BRTC.ZS,97.25034,97.81839,98.120094,98.281105,98.47084,98.62582,98.89032,99.03057,99.39437,99.3847,99.8,99.71215,99.6,99.6,99.8,99.8,99.8,99.6,99.8,99.8,99.9,99.9,100.61647,99.9,99.9,99.9,99.9,100.36367,100.157326,100.03078,100.06392
Italy,Europe & Central Asia,High income,SL.IND.EMPL.ZS,29.886587,34.96,34.63,34.11,33.76,33.66,33.35,32.62,32.73,32.380005,31.79,31.740002,31.6,31.770002,30.84,30.680002,30.05,30.130001,29.800001,29.24,28.61,28.29,27.58,27.05,26.9,26.6,26.12,26.0,26.1,25.87,24.449627
Jamaica,Latin America & Caribbean,Upper middle income,DT.TDS.DPPF.XP.ZS,27.074532,29.765364,28.811792,20.907398,18.03575,17.81193,17.842262,16.364502,12.348649,14.98391,15.425081,19.45403,23.732336,21.825314,19.615639,20.990025,14.272622,18.777023,15.751232,29.26832,19.615635,27.297142,22.83569,22.818823,28.481785,27.54152,37.288033,24.451183,18.123646,32.54512,32.872692
Jamaica,Latin America & Caribbean,Upper middle income,EG.ELC.ACCS.ZS,70.33458,77.22887,78.03292,78.836296,79.63831,80.43829,85.70605,82.0294,82.819176,84.55411,84.394135,87.708115,86.68129,86.60857,87.33781,88.066505,88.79708,89.53218,92.0,91.02678,92.2,91.1,93.1,93.9,93.3,94.9,96.73798,97.60958,98.48712,99.36762,100.0
Jamaica,Latin America & Caribbean,Upper middle income,GFDD.AI.01,3640.391,3992.3542,4576.6953,6096.7812,6248.99,7165.0474,7948.473,7422.479,5507.916,4157.906,4002.7869,3041.4966,2543.1064,2119.3027,1134.8844,1109.9572,855.713,737.4983,588.7913,28.249899,-257.76917,-594.24207,-977.5879,-867.2109,-575.75287,-430.5349,-564.03503,-1092.784,-1316.9763,-1378.678,-1732.3243
Jamaica,Latin America & Caribbean,Upper middle income,GFDD.DI.04,79.654755,86.87115,92.10523,84.67424,88.58222,81.84238,80.73552,69.85442,68.16915,68.72406,73.142365,75.83383,77.5457,76.02031,75.49889,78.606186,79.56181,84.764534,81.37135,78.65957,84.480095,84.77187,86.30932,84.94082,79.31819,83.207886,84.688736,85.316315,84.8265,85.370445,81.239334
Jamaica,Latin America & Caribbean,Upper middle income,GFDD.DI.05,61.951855,60.521603,57.27366,44.47975,43.02819,42.980667,44.30478,47.5933,47.80834,48.306538,40.28453,52.12532,49.08501,46.48216,47.35321,45.67271,47.24047,47.114258,44.204277,44.76186,43.67598,42.542107,43.65915,45.19733,44.81114,47.20844,50.46861,52.3932,53.79356,56.50223,71.28474
Jamaica,Latin America & Caribbean,Upper middle income,GFDD.DI.06,9.760838,5.138094,3.037436,5.12967,4.103675,6.791526,7.558609,13.37299,15.94477,16.501268,14.18419,13.2412195,12.163819,14.35183,13.67213,11.61791,11.065539,8.328146,10.73795,12.44931,7.775292,7.4948096,7.1238527,7.8070664,10.78572,8.484588,8.0444975,8.963499,9.670992,9.993373,15.82128
Jamaica,Latin America & Caribbean,Upper middle income,GFDD.DI.11,-0.56106275,2.0401957,4.229968,5.050795,4.693408,3.8780973,2.4975512,2.3563092,3.6750116,4.9252653,5.1865077,10.204176,11.746833,13.424808,17.38235,15.978561,16.532942,16.773064,17.101046,18.602976,19.414236,19.470669,21.27842,21.438087,20.86632,20.78343,20.886148,20.58548,19.948196,20.398663,23.422316
Jamaica,Latin America & Caribbean,Upper middle income,GFDD.DM.11,-3.0341406,0.515748,5.474544,10.476556,7.8267145,5.9265785,6.7449346,6.4808893,6.1725144,9.87802,12.424204,12.906195,12.014935,11.683048,10.777279,13.084712,13.399761,12.430807,11.314465,2.518607,4.874493,4.8715286,8.298081,9.687684,13.448701,15.0097,18.50014,17.85726,16.26283,15.11901,16.67422
Jamaica,Latin America & Caribbean,Upper middle income,GFDD.EI.08,6.66279,5.1143703,12.251249,7.483225,12.25773,9.27762,11.77601,12.5234995,10.78003,12.400489,13.063959,28.59923,27.2838,27.14592,22.124138,21.70908,19.63687,19.027988,16.712759,17.283989,15.918468,14.930779,15.92709,14.2758,12.043499,11.959079,12.477349,11.500959,11.58445,10.44714,12.7142
Jamaica,Latin America & Caribbean,Upper middle income,GFDD.OI.02,42.78174,39.94679,45.13099,35.61552,35.88614,35.91398,33.38746,34.48211,33.854908,33.89948,34.28861,42.150867,43.588528,41.788708,42.53273,40.41769,41.467438,42.140396,39.431477,40.690678,39.597576,38.390858,39.587856,41.214508,40.792137,42.860725,45.667698,47.33302,48.3191,50.73663,63.7403
Jamaica,Latin America & Caribbean,Upper middle income,SH.STA.BRTC.ZS,87.642525,87.59667,87.00559,93.4,86.575066,86.525986,90.0,94.6,87.19655,87.56981,95.9,98.5,96.9,97.4,91.28506,96.7,94.49999,93.0,98.3,98.3,90.1,99.100006,94.73773,94.872795,94.94443,99.9,99.7,95.14758,94.87006,94.732216,94.80737
Jamaica,Latin America & Caribbean,Upper middle income,SL.IND.EMPL.ZS,22.089685,19.18,19.080002,19.210001,19.01,20.210001,20.320002,18.66,18.27,17.98,16.99,17.14,17.31,17.450003,18.26,17.77,17.76,17.05,16.78,16.37,16.23,16.060001,15.460001,15.220001,14.939999,14.929999,15.660001,15.700001,16.1,16.18,19.709549
Japan,East Asia & Pacific,High income,DT.TDS.DPPF.XP.ZS,10.092882,9.907227,9.712142,9.3453455,9.1108675,8.596145,8.547527,9.028457,8.971996,8.538346,7.750144,7.5551777,7.5352077,7.498744,7.2050495,6.859638,6.6142807,6.4205666,6.2741613,6.191864,6.19001,6.238103,6.3718367,7.194498,7.034164,7.233151,7.2889123,7.1734147,7.174171,7.878427,9.026813
Japan,East Asia & Pacific,High income,EG.ELC.ACCS.ZS,100.0,100.0,100.0,100.0,100.0,100.0,100.0,100.0,100.0,100.0,100.0,100.0,100.0,100.0,100.0,100.0,100.0,100.0,100.0,100.0,100.0,100.0,100.0,100.0,100.0,100.0,100.0,100.0,100.0,100.0,100.0
Japan,East Asia & Pacific,High income,GFDD.AI.01,972.26715,641.1997,407.89093,699.10956,1364.608,1633.8748,2478.9783,2036.3331,505.76514,-910.8234,-1450.5375,-1392.7511,-1342.0516,-1225.8927,-1268.7712,-1474.929,-1546.6761,-1255.8,-792.0979,-675.7912,-1366.1595,-1881.3214,-2069.65,-2024.2753,-1058.176,-1005.85175,-1183.3401,-1488.7463,-1729.0127,-1769.4238,-1566.3538
Japan,East Asia & Pacific,High income,GFDD.DI.04,97.96806,98.6126,98.34931,98.208374,98.21733,98.03183,97.631256,97.1346,94.46829,94.90136,95.70247,90.80458,89.80464,89.06247,88.76794,88.779274,90.75845,91.68465,92.68887,92.15414,91.98896,90.69849,88.90327,83.62617,78.62007,73.527916,68.705055,67.63463,66.053795,65.28902,64.88221
Japan,East Asia & Pacific,High income,GFDD.DI.05,185.6204,184.0579,185.4249,193.5276,195.4646,199.3811,201.6573,209.73431,219.9453,229.1363,229.72711,187.8577,192.5721,192.7595,192.6706,191.5435,190.5936,190.9947,195.14081,197.99571,197.70581,207.05641,209.8007,214.2713,215.8782,213.7419,216.7663,244.0907,248.07031,252.466,280.6681
Japan,East Asia & Pacific,High income,GFDD.DI.06,4.701852,3.161882,3.863605,4.321096,4.302468,4.807769,5.844328,6.04789,12.66059,11.92601,10.1183195,14.730089,16.11599,17.88476,18.29558,18.79942,15.17576,13.324491,12.30293,15.000219,15.502589,18.76283,22.930721,35.206627,47.2687,57.835354,71.62448,74.66866,78.18503,81.424995,92.23851
Japan,East Asia & Pacific,High income,GFDD.DI.11,38.954292,34.379536,35.571747,38.038246,36.640068,39.33946,39.155132,38.9112,62.050632,65.84357,64.82789,65.58778,66.4088,67.427704,68.284744,74.15746,73.86435,72.5224,69.34132,70.392006,69.0013,71.16961,74.438774,74.44118,76.60752,73.820366,74.66186,74.63019,73.89869,76.215294,80.195114
Japan,East Asia & Pacific,High income,GFDD.DM.11,38.73976,39.031605,40.30385,40.920303,40.179092,40.126286,39.235096,36.055058,38.72468,21.63751,21.01762,24.285099,28.298988,32.01324,33.61816,35.316708,39.83482,42.580883,38.81166,42.57146,45.60971,43.53246,45.79782,42.82143,43.075527,48.20229,47.43287,49.2859,48.38345,51.230988,59.36826
Japan,East Asia & Pacific,High income,GFDD.EI.08,56.18832,55.48587,57.650673,61.93046,63.942993,67.50475,69.893875,23.69276,27.954271,34.12094,43.624054,40.166313,43.99203,51.833252,53.917072,54.12353,56.191044,55.39683,62.00869,74.43904,27.946339,28.102179,28.116095,27.77857,71.161934,59.83912,54.949074,51.29782,47.00379,45.308792,52.041363
Japan,East Asia & Pacific,High income,GFDD.OI.02,177.41,176.1953,177.7297,185.2816,187.1764,190.39171,192.2827,200.3199,209.3307,217.9546,217.5075,178.15291,181.72949,182.6421,181.8625,181.2075,179.06671,178.90862,184.3094,200.119,199.3458,208.44711,211.65012,215.40201,216.85681,214.47571,218.6006,221.335,224.3427,228.3845,254.1537
Japan,East Asia & Pacific,High income,SH.STA.BRTC.ZS,99.9,99.893234,100.78314,101.16261,101.13217,99.9,100.0,100.6552,100.94066,100.91401,99.8,99.8,99.8,99.8,99.8,99.8,99.8,99.8,99.8,99.8,99.8,99.8,99.8,100.62841,99.8,99.9,99.8,99.9,99.9,100.61612,100.58233
Japan,East Asia & Pacific,High income,SL.IND.EMPL.ZS,30.638885,34.59,34.770004,34.44,34.19,33.7,33.43,33.26,32.22,31.859999,31.42,30.7,29.94,29.150002,28.430002,27.98,27.74,27.5,27.190002,26.15,25.560001,25.34,25.27,25.26,25.08,24.97,24.7,24.63,24.430002,24.22,25.438995
Jordan,Middle East & North Africa,Upper middle income,DT.TDS.DPPF.XP.ZS,22.116129,24.594011,24.456907,19.440035,17.377497,15.491069,24.982536,21.678389,21.294928,13.027931,14.349357,13.632195,11.453373,21.142794,10.232465,7.8536024,7.0218773,6.696653,19.403234,4.66987,4.6161165,5.093209,4.9888206,4.811164,6.926418,12.596493,15.052041,9.66368,10.00331,14.646049,22.239359
Jordan,Middle East & North Africa,Upper middle income,EG.ELC.ACCS.ZS,96.799995,97.85468,97.97486,98.09436,98.2125,98.3286,98.44198,98.9,98.65785,98.75891,98.93427,98.978065,99.5,99.04525,99.17344,99.10089,100.0,98.8,100.0,99.4,100.0,99.65157,99.5,99.70145,99.7485,99.89817,99.95883,100.0,99.90001,100.0,99.90001
Jordan,Middle East & North Africa,Upper middle income,GFDD.AI.01,3029.9998,2571.9768,2919.9497,3572.5527,4317.775,5036.4746,5539.398,4579.496,2774.7527,535.45715,-894.63513,-1051.6069,-963.1385,-1250.932,-1717.1644,-2226.6868,-2530.2178,-1983.5076,-1696.3303,-1691.536,-1919.2693,-2343.3188,-2538.444,-2512.1165,-2088.0989,-1842.3574,-1974.371,-2220.7427,-2215.029,-2439.082,-2391.0967
Jordan,Middle East & North Africa,Upper middle income,GFDD.DI.04,73.70753,76.65959,78.09494,81.01155,81.3143,84.98346,85.57761,86.00543,86.97232,88.44742,87.071014,88.366974,90.44392,90.77181,92.10705,91.52959,94.88749,95.797325,93.05247,93.68671,94.57979,94.773575,92.33108,94.35056,96.03242,96.71165,97.05647,98.50607,98.8506,98.74844,98.54861
Jordan,Middle East & North Africa,Upper middle income,GFDD.DI.05,122.980995,132.8506,111.33401,109.34891,100.522705,97.886345,93.1068,95.74898,93.38087,105.061005,108.1501,111.225204,113.126,123.9873,122.36721,134.6772,127.052505,125.6955,118.41671,135.8447,134.179,126.6423,115.780106,121.352104,121.80731,122.4455,118.0949,108.5389,104.8505,106.33931,114.51031
Jordan,Middle East & North Africa,Upper middle income,GFDD.DI.06,26.370531,22.60859,18.42094,17.59049,17.65476,13.96049,13.4581995,12.82286,12.0605,11.04755,12.869471,12.01889,9.465702,8.549473,7.8058558,9.763074,5.917894,4.970313,7.868524,6.946146,5.7693744,5.90326,9.250802,6.777924,4.556639,3.748579,3.3940108,1.664973,1.31392,1.465605,1.835272
Jordan,Middle East & North Africa,Upper middle income,GFDD.DI.11,14.475704,17.250637,18.789251,19.452097,19.084564,18.179283,16.997616,16.21794,17.616251,20.63994,3.5734725,3.605592,3.7182255,4.138514,4.3784037,5.7171006,4.9770045,5.088697,4.2163806,3.9921036,3.7305992,3.430183,3.4017437,3.262279,3.2193086,3.174606,3.2326627,3.2395575,27.550999,28.699814,29.035604
Jordan,Middle East & North Africa,Upper middle income,GFDD.DM.11,10.66773,11.896799,15.105053,17.175898,16.315275,13.825196,11.150779,12.3408985,12.7697525,1.0892841,1.466276,3.4775069,5.01997,5.8932023,6.913409,4.830536,5.414854,1.924851,1.255754,3.5541492,3.0755248,1.839983,1.011107,0.97250295,1.127215,1.257812,1.2922039,1.276871,1.309632,1.306767,1.249624
Jordan,Middle East & North Africa,Upper middle income,GFDD.EI.08,13.65391,13.902709,12.167859,16.364529,14.4376,12.38557,12.759329,11.099219,13.644839,15.545849,16.97612,18.085869,19.257698,15.63916,18.870409,20.268139,21.00537,24.579779,27.0714,29.867079,29.51606,35.31442,40.176468,42.75444,42.10471,42.02703,39.1409,35.00868,36.68032,38.810013,41.546204
Jordan,Middle East & North Africa,Upper middle income,GFDD.OI.02,73.29132,98.3947,83.2903,79.37967,76.72784,76.21042,74.77718,77.49136,75.76395,81.753006,87.71775,89.173645,92.05498,100.1802,103.6029,112.665596,108.2209,106.2118,93.98741,97.0646,98.021996,97.928276,93.47924,93.392105,94.16964,97.27351,97.88265,93.72793,90.7304,91.6461,95.25914
Jordan,Middle East & North Africa,Upper middle income,SH.STA.BRTC.ZS,87.2,92.03339,91.99414,92.08705,92.42862,92.79685,93.195274,96.7,93.97759,94.54934,95.068954,95.71228,99.5,96.15977,96.18391,96.2621,96.64074,99.100006,97.59092,97.76756,97.84766,97.9096,99.6,97.99783,98.11149,98.26377,98.29563,98.14475,99.7,98.21252,98.19481
Jordan,Middle East & North Africa,Upper middle income,SL.IND.EMPL.ZS,26.42409,21.35,21.6,21.540003,21.47,21.410002,21.190002,21.07,21.0,20.94,20.91,21.0,21.12,23.18,25.81,26.12,26.18,26.4,26.4,26.560001,26.300001,25.85,25.6,25.4,25.11,24.89,24.62,24.430002,24.25,24.45,23.82466
Kazakhstan,Europe & Central Asia,Upper middle income,DT.TDS.DPPF.XP.ZS,11.939031,11.12068,10.946011,10.1280155,9.941492,3.5261319,3.8160927,4.4280705,7.497956,12.004448,8.8200865,4.8847675,7.462312,3.1166816,3.848737,3.9870205,0.8233318,1.35541,0.2519481,0.37272185,0.48977077,0.21341166,0.3509283,0.5974511,0.9793923,1.6000574,2.7832758,3.380805,2.1250963,3.6786697,3.8717337
Kazakhstan,Europe & Central Asia,Upper middle income,EG.ELC.ACCS.ZS,96.77863,96.81307,96.33169,93.75261,93.54103,99.90001,99.192116,99.26947,99.34275,97.0,99.50956,99.65001,99.81,99.92,99.96001,100.0,99.766556,100.0,100.0,100.0,100.0,99.79748,100.0,100.0,100.0,100.0,100.0,100.0,100.0,100.0,100.0
Kazakhstan,Europe & Central Asia,Upper middle income,GFDD.AI.01,2166.4756,1134.2139,1474.4076,2369.7122,3384.6523,4209.9917,4494.104,3792.623,2562.1052,782.6657,13.677994,-457.69763,-1170.1841,-1494.1166,-1906.2045,-2347.1519,-2554.7034,-2511.1462,-2241.7175,-2103.4072,-2203.5996,-2481.3562,-2608.9753,-2405.607,-2198.8582,-2189.1924,-2348.1814,-2535.762,-2627.6628,-2831.2961,-2759.3926
Kazakhstan,Europe & Central Asia,Upper middle income,GFDD.DI.04,88.703064,88.6362,87.788086,88.6762,84.233574,65.95204,59.09184,58.86079,56.58158,60.68903,88.850876,96.41675,97.24158,99.45142,99.24811,99.20341,99.55528,99.69667,99.01608,97.86981,99.853775,99.85347,99.168434,98.082115,96.68279,92.77534,93.14763,93.560135,93.15189,92.55727,93.51999
Kazakhstan,Europe & Central Asia,Upper middle income,GFDD.DI.05,26.256077,25.707685,24.627007,27.43518,13.08644,11.37696,9.850044,10.34596,8.5704975,13.58222,15.270399,17.12385,19.17032,21.0701,27.84794,27.20935,36.00615,36.03037,39.04092,44.02306,38.88442,34.52964,33.92788,32.217842,32.26526,34.32679,34.52243,29.1626,26.81856,24.204329,27.846779
Kazakhstan,Europe & Central Asia,Upper middle income,GFDD.DI.06,9.303651,10.550204,10.604296,6.335057,4.958096,3.924216,3.967579,4.6466503,5.492967,6.048269,1.6813611,0.6989619,0.6167513,0.1375735,0.2196461,0.3036617,0.22075962,0.1837577,0.5103821,1.149935,0.0660849,0.0589564,0.3435558,0.7692951,1.2984531,2.8711,2.381167,2.0844061,1.9980749,2.040509,1.911452
Kazakhstan,Europe & Central Asia,Upper middle income,GFDD.DI.11,-5.8074765,-2.8306856,-1.2295537,-3.7714815,-4.1099453,-8.7788925,-9.594162,-9.593224,-9.057489,-6.3174706,-5.3852777,-5.294981,0.5496419,0.44917852,0.75117534,0.9662748,1.3265476,1.7397634,1.6757078,1.7521529,1.5840908,1.372727,1.4271975,1.4501398,1.4899403,2.0084662,1.8423041,1.7040685,1.6960821,1.7101486,2.0956726
Kazakhstan,Europe & Central Asia,Upper middle income,GFDD.DM.11,-19.290726,-17.293602,-12.951738,-2.7704856,-2.2705004,-3.3656304,-5.4345217,-5.978443,-4.7754617,0.0059273997,0.3624927,6.390314,8.4720745,12.71988,11.18879,16.54226,20.78129,19.018469,21.05743,20.53275,19.4845,21.72521,26.80974,26.015919,29.53334,30.20694,39.02822,30.98464,28.02036,30.644379,29.17182
Kazakhstan,Europe & Central Asia,Upper middle income,GFDD.EI.08,2.371785,2.2154794,2.492733,1.7201371,0.100597695,0.5032588,0.61387956,1.513182,1.222228,1.7234011,2.289025,2.9414978,3.23098,3.022049,2.5137012,2.1371691,1.6473922,1.4583741,1.7170831,2.5670311,5.837245,5.0409102,5.0960617,4.479921,4.331398,2.863848,2.743419,4.451821,4.5725203,4.177488,5.63297
Kazakhstan,Europe & Central Asia,Upper middle income,GFDD.OI.02,18.298292,14.920077,15.8669,18.717371,7.7677474,6.303553,5.081264,4.7885528,4.573921,8.326175,11.010961,13.00936,14.86209,15.85965,19.42388,21.556742,29.891418,29.774559,28.57394,34.805,30.950739,27.6754,27.28997,27.3312,28.023762,37.657467,36.457207,30.037567,26.967852,25.25296,29.65814
Kazakhstan,Europe & Central Asia,Upper middle income,SH.STA.BRTC.ZS,99.00001,98.100006,98.899994,98.6,98.3,99.6,98.100006,97.6,97.99999,99.100006,98.3,98.5,98.899994,99.4,99.4,99.4,99.8,99.5,99.3,99.4,99.4,99.9,99.990005,99.990005,99.990005,99.4,99.9,99.9,99.9,99.27873,99.2894
Kazakhstan,Europe & Central Asia,Upper middle income,SL.IND.EMPL.ZS,24.21058,18.12,17.820002,17.5,17.18,16.84,16.6,16.42,16.24,16.170002,16.24,16.33,16.28,16.96,17.41,18.0,18.430002,18.930002,18.930002,18.64,18.710001,18.97,19.39,19.820002,20.24,20.560001,20.580002,20.65,20.820002,20.98,22.20601
Kenya,Sub-Saharan Africa,Lower middle income,DT.TDS.DPPF.XP.ZS,28.58134,26.28001,23.500072,12.827158,16.977587,20.72663,18.867153,12.938106,12.395528,13.042781,17.302176,12.43229,13.661546,14.478145,7.38753,9.462879,6.756302,5.922309,4.6359773,4.829975,4.1300764,4.008836,4.3549986,4.3915157,10.978257,6.977796,8.366378,12.216444,20.888376,35.358532,25.491337
Kenya,Sub-Saharan Africa,Lower middle income,EG.ELC.ACCS.ZS,17.108946,15.305434,15.8515215,10.900001,3.473437,5.4273434,7.37853,9.326318,14.499999,13.208891,15.131171,17.033083,18.927414,15.999999,22.702715,24.588387,26.47593,28.367992,30.26729,23.0,19.2,36.035656,37.990967,39.966106,36.0,41.6,53.1,55.97641,61.28457,69.7,71.43794
Kenya,Sub-Saharan Africa,Lower middle income,GFDD.AI.01,-1008.0838,7.284471,911.7111,5182.4863,4552.585,5757.196,6328.98,5994.3267,6402.881,3695.4236,3907.5596,874.4901,453.27335,1423.7025,-315.24188,-1000.28033,-1494.5754,-1673.4529,-2415.8552,-1427.6805,-2483.709,-2834.0295,-2914.6328,-2665.674,-1547.1654,-1984.3431,-1917.6016,-1982.6395,-1989.3173,-1589.0304,-1748.1656
Kenya,Sub-Saharan Africa,Lower middle income,GFDD.DI.04,70.23097,70.78791,83.39825,63.82723,69.543755,60.3371,77.054306,83.10567,86.214806,88.642525,89.565414,89.36316,89.03391,90.347,89.83627,91.31887,92.23785,94.47962,94.24014,94.19661,94.845535,96.12911,96.95114,96.960144,97.809845,97.814804,98.429886,98.25309,97.86605,98.084816,96.81491
Kenya,Sub-Saharan Africa,Lower middle income,GFDD.DI.05,29.57702,30.981928,36.5178,37.065292,38.01598,42.23228,35.79168,38.422688,35.807133,35.770767,35.1647,35.23923,38.15765,39.01865,39.32328,38.89399,34.59731,36.05668,36.10548,31.87345,35.51032,36.569492,36.52654,37.79342,42.3013,42.819347,40.32757,39.35203,39.35983,38.00374,41.05729
Kenya,Sub-Saharan Africa,Lower middle income,GFDD.DI.06,10.67168,11.10458,6.0779014,14.77007,13.442209,21.33047,8.493943,6.355637,5.27446,4.455468,3.939536,4.144199,4.4751034,4.068446,4.181187,3.457692,2.72804,1.913932,2.110473,1.9578779,1.994974,1.4922651,1.209196,1.259009,1.038653,1.087935,0.7764578,0.82776237,0.9799046,0.87301385,1.583926
Kenya,Sub-Saharan Africa,Lower middle income,GFDD.DI.11,-1.9768623,1.016614,2.5153117,3.0185418,2.4842012,2.060179,1.0005851,0.79475516,0.6295927,1.5527747,2.2635522,6.4885225,6.9875107,7.7003503,7.225074,7.379163,6.6991863,6.8113985,6.2197814,5.6146502,6.409241,5.9769926,6.634719,6.983797,7.2212195,6.914115,6.8565655,6.588008,6.513808,6.639588,4.0597653
Kenya,Sub-Saharan Africa,Lower middle income,GFDD.DM.11,5.57377,7.5808845,10.405725,16.09337,14.685804,14.397931,12.621915,12.345905,14.543418,16.153778,19.34193,18.561726,17.917175,18.778198,16.209425,15.542904,15.252331,14.592907,0.0178207,0.036135297,0.039842002,0.0114305,0.0150024,0.0195277,0.0121505,0.0143693,0.0037459,0.0849996,0.121769,11.445843,11.672243
Kenya,Sub-Saharan Africa,Lower middle income,GFDD.EI.08,4.598744,4.926859,6.08148,5.529864,8.238987,5.161907,6.224166,6.263862,8.216541,7.508209,7.369823,8.706251,9.468059,11.610159,8.754522,9.137217,9.650244,9.823187,9.248855,11.42077,14.536079,10.9797,13.532709,13.31676,13.25083,13.20198,14.21991,13.9697695,14.471829,14.705649,16.494379
Kenya,Sub-Saharan Africa,Lower middle income,GFDD.OI.02,24.10153,25.40217,28.972229,29.3743,31.15284,35.7112,30.573578,32.60964,30.304237,29.964779,29.6099,30.78716,32.93837,34.10048,34.39645,34.1988,30.484179,31.589949,32.326626,28.75601,31.758017,32.958347,33.121918,33.40884,38.53749,39.217857,36.89449,36.261517,36.184986,35.41241,37.99851
Kenya,Sub-Saharan Africa,Lower middle income,SH.STA.BRTC.ZS,51.03729,50.416344,50.417618,45.4,48.77365,48.366467,48.473583,48.448143,44.300003,49.11851,42.600002,52.7267,54.075306,41.6,55.804813,56.69278,57.524605,58.70273,60.71229,43.8,62.119602,63.40721,64.30369,65.28207,61.799995,67.38269,68.844666,69.725044,70.05867,68.995735,69.625656
Kenya,Sub-Saharan Africa,Lower middle income,SL.IND.EMPL.ZS,12.722951,16.64,16.470001,16.24,16.01,15.64,15.2300005,14.640001,13.96,13.130001,11.57,10.19,9.05,8.09,7.34,6.7,6.46,6.29,6.13,6.04,6.01,6.01,6.01,6.03,6.06,6.09,6.13,6.16,6.19,6.22,12.747571
Kiribati,East Asia & Pacific,Lower middle income,DT.TDS.DPPF.XP.ZS,14.0983,13.801548,14.147365,13.94865,14.178509,12.934114,12.6716585,12.647909,13.622075,12.503298,13.1563225,11.6827545,12.929436,11.289256,10.538684,10.527032,8.408605,8.067816,8.718483,8.358089,7.848247,5.392815,5.1135902,5.4618807,7.079081,7.6880774,7.983503,7.790089,7.5761323,7.942574,8.857867
Kiribati,East Asia & Pacific,Lower middle income,EG.ELC.ACCS.ZS,66.966995,62.390144,60.143982,58.75399,59.383236,59.05993,60.199085,61.613865,64.28741,63.388123,55.124897,56.919025,58.705563,60.486877,62.265297,69.67641,68.8,67.60722,69.39873,64.19,63.16774,74.843735,76.69126,78.93106,83.45395,90.55818,92.799614,86.176445,88.103165,90.03285,91.96303
Kiribati,East Asia & Pacific,Lower middle income,GFDD.AI.01,3001.2722,1994.4336,2924.305,4852.6025,8288.668,8503.241,9181.304,7895.2197,7843.0693,3517.5085,5535.875,2965.1604,4855.3193,2895.539,2563.9917,3819.6204,1613.9495,1799.1653,3804.6934,3696.1482,2817.873,162.3539,177.65686,197.02144,529.2347,525.4898,129.18336,-279.4703,-538.657,-964.2454,-1148.4023
Kiribati,East Asia & Pacific,Lower middle income,GFDD.DI.04,66.130554,65.27498,62.541267,60.959538,59.50282,61.900974,62.615414,63.355904,61.467255,63.32015,61.988026,65.28156,63.332542,67.02745,68.287384,67.53135,72.79868,74.3723,72.79708,73.634315,74.75944,78.42173,79.79898,80.91926,81.08011,81.11588,80.81752,81.0012,81.61102,82.736145,83.41989
Kiribati,East Asia & Pacific,Lower middle income,GFDD.DI.05,21.88108,21.46132,22.417938,22.424393,21.576168,20.585901,20.237366,20.231697,18.494778,20.82343,17.733906,18.806469,18.119686,19.012589,19.159582,19.900028,22.749954,23.874493,25.988924,29.211897,30.841637,32.355804,34.66538,37.403984,37.799282,39.15548,40.086166,41.079506,42.931595,45.450756,47.512318
Kiribati,East Asia & Pacific,Lower middle income,GFDD.DI.06,11.105344,11.963091,11.327,9.516409,9.158815,7.994668,8.412421,9.314696,9.356144,8.016798,8.514391,8.354708,8.648289,8.532793,8.145908,7.5839734,6.518054,6.3441424,7.0209007,7.2573643,7.3769245,7.2080936,7.099193,7.4821286,7.856826,8.628412,9.098388,8.910791,8.816943,9.0597725,9.236725
Kiribati,East Asia & Pacific,Lower middle income,GFDD.DI.11,-5.9270053,-2.418227,-0.7699602,-0.1476165,-0.8493651,-0.45810694,-1.2959033,-1.719217,-3.1896298,0.018336514,-2.2752175,-1.3263427,-3.92765,-4.1109586,-4.285309,-4.100828,-2.041915,-1.2878666,-1.530335,-1.8498888,-2.297756,-1.9523823,-1.2616031,-0.70736367,0.10862072,0.83395255,1.6471151,2.101095,2.9024198,3.378871,2.3793962
Kiribati,East Asia & Pacific,Lower middle income,GFDD.DM.11,-4.2154465,-6.1192274,0.454648,6.743896,12.226846,7.5056243,4.5749364,2.3995838,7.46546,11.532123,16.650188,15.999207,19.21014,14.613377,13.878723,18.702164,16.00888,16.651495,19.44192,17.45163,14.613852,9.856474,8.36381,8.189166,9.734535,11.436967,12.880229,14.008306,13.1788,11.740061,11.623115
Kiribati,East Asia & Pacific,Lower middle income,GFDD.EI.08,-2.1277483,-2.3382325,-2.3850482,-2.4755597,-2.6914766,-2.497728,-2.65898,-2.793865,-2.9237428,-2.7157693,-3.2372713,-2.438622,-2.4419787,-1.8588734,-1.7538533,-1.7914407,-1.2648417,-1.3103077,-1.3068733,-0.78280246,-0.07766898,0.54969066,1.2089669,1.6741107,1.7121471,1.9376812,2.2652566,2.9304242,3.4096708,3.8201668,3.9112637
Kiribati,East Asia & Pacific,Lower middle income,GFDD.OI.02,16.079512,16.651724,17.970497,19.880522,20.475492,20.757465,20.649239,20.019833,18.868895,22.341993,20.819418,22.92249,23.858839,23.93781,24.610062,25.838736,26.735775,27.399424,29.853363,31.772818,32.03453,29.496279,30.648775,32.506016,35.100983,36.368195,36.800667,37.6431,38.709957,39.925297,40.951763
Kiribati,East Asia & Pacific,Lower middle income,SH.STA.BRTC.ZS,59.999996,71.30439,68.887344,66.5654,71.99999,65.60806,65.93416,66.824165,85.0,67.75476,85.0,71.751465,75.99999,73.437744,74.315,63.0,77.41899,78.61914,64.99999,79.799995,98.3,84.274124,85.6004,87.14032,87.826675,88.85192,89.262726,89.14317,88.909904,89.184,89.62724
Kiribati,East Asia & Pacific,Lower middle income,SL.IND.EMPL.ZS,15.513687,15.146769,14.658365,14.394445,13.869385,14.364971,14.340703,14.46322,14.131476,14.424679,13.81673,14.174114,13.692896,14.194505,14.310364,14.02147,14.840777,14.959273,14.58299,14.740638,15.106394,15.658887,15.967402,16.25339,16.26097,16.162006,16.281546,16.784346,17.02842,16.91089,16.532845
"Korea, Rep.",East Asia & Pacific,High income,DT.TDS.DPPF.XP.ZS,10.35139,9.546058,9.605192,9.131652,8.545879,8.535248,8.595443,8.26426,8.421122,8.032327,7.5200396,7.495073,7.201274,6.860597,6.994215,6.5791073,6.297066,6.037831,5.8768144,5.5159054,5.653053,5.6065493,5.4674144,6.0079713,6.404664,6.3273983,6.6111746,6.4681168,6.437704,6.7332416,7.8534927
"Korea, Rep.",East Asia & Pacific,High income,EG.ELC.ACCS.ZS,99.88285,99.912674,99.94222,99.969444,99.98913,100.0,100.0,100.0,100.0,100.0,100.0,100.0,100.0,100.0,100.0,100.0,100.0,100.0,100.0,100.0,100.0,100.0,100.0,100.0,100.0,100.0,100.0,100.0,100.0,100.0,100.0
"Korea, Rep.",East Asia & Pacific,High income,GFDD.AI.01,602.5898,318.11914,91.25312,572.1825,1419.2054,2229.168,2954.1243,1904.8356,542.70184,-1334.5521,-1943.7158,-2239.5513,-2203.9722,-2335.1353,-2465.8264,-2930.957,-3156.212,-2826.6729,-2457.1514,-2202.337,-2435.078,-2821.6558,-2894.6792,-3037.3613,-2696.0964,-2448.922,-2578.5178,-2772.3757,-2803.5796,-2740.0234,-2594.725
"Korea, Rep.",East Asia & Pacific,High income,GFDD.DI.04,97.259346,97.501595,97.87905,97.90315,98.25596,98.799034,98.95751,97.44063,95.80887,97.892456,98.50318,98.59366,98.887856,98.97349,99.391594,99.106346,98.92301,98.75219,98.84239,98.76901,98.73349,98.80247,98.4291,98.99679,98.971146,99.17084,99.30843,99.324036,99.30785,99.35987,99.09432
"Korea, Rep.",East Asia & Pacific,High income,GFDD.DI.05,34.25851,34.53706,34.68269,35.60462,35.75343,35.22881,36.32711,37.551888,48.12561,55.679317,63.38665,66.13339,66.124245,66.11012,60.54639,59.205204,58.595844,54.475502,59.86243,63.83694,67.214325,69.525406,70.83333,128.0,133.3333,135.54219,138.50581,137.5,142.1053,151.5625,164.9485
"Korea, Rep.",East Asia & Pacific,High income,GFDD.DI.06,1.3996589,1.265089,1.045827,1.0245221,0.8587276,0.5769024,0.5306702,1.4635,2.7178319,1.479746,1.1245581,1.122975,0.9507533,0.8933297,0.4968798,0.7564698,0.996537,1.193413,1.2024261,1.255504,1.233606,1.158597,1.494292,1.39548,1.4696729,1.183006,1.0053279,0.983413,1.0350161,1.027891,1.584778
"Korea, Rep.",East Asia & Pacific,High income,GFDD.DI.11,15.693482,17.90256,20.659163,21.33802,20.500015,19.96881,18.858505,17.88055,19.602892,22.527508,22.3039,23.137714,29.296278,31.50358,32.209087,32.534412,34.725487,36.277367,38.121098,42.4027,44.200443,47.151157,53.093113,55.609627,59.689205,61.15727,63.821976,65.09784,65.69407,69.31677,73.61034
"Korea, Rep.",East Asia & Pacific,High income,GFDD.DM.11,7.847172,10.867092,11.609885,13.153541,14.220742,10.643846,8.731781,9.835549,10.565591,1.3790549,0.7793991,1.236456,1.5562149,2.295472,3.038022,4.089021,5.790092,4.584232,2.595772,3.0545979,2.649422,2.536046,3.018208,3.282068,4.205388,5.521797,8.529561,10.72218,11.82586,13.96356,14.76509
"Korea, Rep.",East Asia & Pacific,High income,GFDD.EI.08,2.635619,2.3828661,2.061499,1.8850421,1.6927279,1.51608,1.2883751,1.509829,2.8110511,3.8271508,3.8342211,10.04167,8.458774,8.223095,9.026439,9.174002,9.844718,8.554102,8.437292,9.537728,9.040387,8.361244,8.465289,9.033665,9.306308,9.574616,9.300247,8.10643,7.456513,7.968985,8.996579
"Korea, Rep.",East Asia & Pacific,High income,GFDD.OI.02,30.92298,31.340057,31.650139,31.893328,32.28539,31.749998,33.205547,34.65168,45.51165,52.422577,60.652695,63.498642,63.588562,63.689114,58.231686,56.88091,56.2724,52.2123,57.33775,61.150646,64.39145,66.501686,67.22956,118.155106,121.883606,124.2235,126.936905,125.707596,130.0977,140.5416,152.5773
"Korea, Rep.",East Asia & Pacific,High income,SH.STA.BRTC.ZS,97.99999,97.899994,98.77736,99.03733,98.4,99.05543,99.06506,99.6,99.32341,99.31719,99.9,99.96071,99.42588,99.9,99.04991,98.91791,98.97439,99.193726,99.50767,99.9,99.562225,99.40159,99.8,99.42698,99.516205,100.0,99.631775,99.410965,99.16791,99.008965,99.12716
"Korea, Rep.",East Asia & Pacific,High income,SL.IND.EMPL.ZS,26.72173,36.82,35.75,34.02,33.63,33.44,32.64,31.43,27.98,27.51,28.15,27.48,27.320002,27.61,27.16,26.66,26.15,25.79,25.31,24.5,25.02,24.85,24.58,27.58,25.0,25.39,25.2,25.27,25.2,24.58,22.01026
Kosovo,Europe & Central Asia,Upper middle income,DT.TDS.DPPF.XP.ZS,11.281751,11.25256,10.681578,9.916239,9.327345,9.3022585,9.555226,9.754661,9.805956,9.383354,10.0322,9.808167,9.624899,9.224378,0.31247884,0.39651793,0.44144842,0.2922555,0.06282777,18.7783,1.8580159,1.4941379,1.4725968,1.7575815,2.1991801,2.6112428,4.656254,3.5151372,1.5695841,2.7598143,5.7405443
Kosovo,Europe & Central Asia,Upper middle income,EG.ELC.ACCS.ZS,100.0,100.0,100.0,100.0,100.0,100.0,100.0,100.0,100.0,100.0,101.997154,101.91244,102.10296,102.10251,102.39727,102.10903,101.84396,101.82514,100.64914,100.84431,99.0,100.81175,99.75,99.75,99.68001,99.86,99.8,99.8,100.19488,100.0,101.64815
Kosovo,Europe & Central Asia,Upper middle income,GFDD.AI.01,-1587.6876,-1297.0741,-1234.6471,-742.7337,483.73172,1696.3466,2879.1519,2060.7554,-282.33902,-2507.751,-2749.3838,-2883.368,-2495.1423,-2423.533,-3723.1543,-4188.913,-4270.407,-3550.3105,-3129.5635,-2414.5576,-3493.3235,-3247.4475,-4096.732,-3847.0757,-3401.9243,-3321.038,-3641.4675,-4164.573,-3398.2852,-4171.694,-3304.8877
Kosovo,Europe & Central Asia,Upper middle income,GFDD.DI.04,91.89638,91.58611,91.88047,92.53502,92.89239,93.28173,93.40914,94.021935,93.858696,93.81526,92.65538,92.707344,92.584145,92.438835,92.82377,93.62801,94.621704,95.62397,95.99901,95.33508,98.49631,98.773705,94.03059,94.63647,95.31018,93.5356,90.98951,88.47227,89.59681,91.28122,91.77525
Kosovo,Europe & Central Asia,Upper middle income,GFDD.DI.05,36.702522,36.44248,38.515823,41.01174,42.046745,40.9205,40.01489,40.012077,41.46758,42.57673,44.837265,45.43769,45.762215,46.126987,47.315945,47.646694,47.786434,47.8958,38.215538,40.00032,43.26905,42.440727,43.28762,44.86415,44.2984,44.53898,45.46844,45.50902,46.82975,49.65929,59.277874
Kosovo,Europe & Central Asia,Upper middle income,GFDD.DI.06,5.2945075,6.4632144,6.695329,6.3606477,5.7594595,5.42374,5.545117,5.723578,5.7856956,5.5586762,5.3516784,5.421727,5.5722456,5.798746,6.112497,5.10279,4.265589,4.1108966,4.355487,5.043512,0.5480909,0.4491718,2.356719,2.08492,1.910416,2.724148,4.036469,5.5825653,5.231145,4.4824533,4.621336
Kosovo,Europe & Central Asia,Upper middle income,GFDD.DI.11,6.705866,10.283211,12.641105,13.85586,13.883478,12.910849,11.503825,11.041745,11.623032,13.196707,15.410643,15.171969,13.954867,12.702255,8.733511,8.9938965,9.559124,9.957667,8.041061,8.399069,6.2409797,6.1733155,5.5078864,5.230051,5.92085,6.72434,7.565716,8.286595,9.368132,9.135694,8.866823
Kosovo,Europe & Central Asia,Upper middle income,GFDD.DM.11,-7.3237085,-3.5625532,0.6505867,2.9103303,2.8780437,0.16671036,-3.244074,-4.822964,-1.7968695,3.1388826,10.223755,12.567958,12.639203,11.387666,9.26098,11.322078,13.897037,15.76609,15.698841,15.482062,10.377346,9.590936,8.140195,8.183595,9.696845,9.543844,10.472306,10.827161,10.9421015,10.628713,12.461386
Kosovo,Europe & Central Asia,Upper middle income,GFDD.EI.08,4.0757637,5.1631174,5.798322,5.8948565,5.5511484,5.1298933,4.703821,4.3668118,4.5890083,4.6120887,5.156008,5.4961557,5.7159977,5.7671933,5.5998588,5.5334888,5.2643294,5.0821857,5.3365827,5.750307,6.322352,6.6284857,7.031335,7.0800037,7.4398828,6.9782677,7.164948,7.5800614,7.952378,8.47391,8.396992
Kosovo,Europe & Central Asia,Upper middle income,GFDD.OI.02,29.073538,30.911856,32.822372,34.009403,33.80415,33.689255,33.49452,33.309433,34.764786,35.775623,37.98577,40.39837,41.857853,42.104042,40.827396,42.079098,43.35672,44.123875,37.41856,38.97796,42.222126,40.8821,41.3807,42.35099,42.058468,41.33004,42.8127,42.7252,43.87266,47.724957,56.18782
Kosovo,Europe & Central Asia,Upper middle income,SH.STA.BRTC.ZS,95.29985,96.571205,97.32209,97.57135,97.35163,96.97885,96.7994,96.72218,96.95958,97.21424,98.05261,98.481575,98.75892,98.77222,99.03176,98.64059,98.35493,98.30363,97.9042,98.157074,97.60886,97.885956,97.2732,97.49796,99.00001,98.255424,98.195114,97.75564,97.92923,97.01902,97.16184
Kosovo,Europe & Central Asia,Upper middle income,SL.IND.EMPL.ZS,25.1308,25.55975,25.611647,25.26559,24.675564,24.06373,23.623045,23.50369,23.371998,23.114437,23.16375,22.871283,22.637949,22.49752,22.5539,22.426828,22.29534,22.079296,21.872402,21.585867,21.16553,21.623367,21.176613,21.129028,20.86291,20.326046,20.280209,20.435268,20.986395,20.4054,20.363829
Kuwait,Middle East & North Africa,High income,DT.TDS.DPPF.XP.ZS,11.901694,9.747556,9.404169,8.759073,8.266922,8.146931,7.8814735,8.161349,8.061406,7.812364,7.8565993,7.563704,7.396798,7.6263285,6.701741,5.7797713,5.8534904,5.6252813,5.34057,5.4320316,5.3492665,5.2039557,5.283441,5.624865,6.070229,6.343677,6.324094,6.456534,6.487172,7.1671906,8.942775
Kuwait,Middle East & North Africa,High income,EG.ELC.ACCS.ZS,100.0,100.0,100.0,100.0,100.0,100.0,100.0,100.0,100.0,100.0,100.0,100.0,100.0,100.0,100.0,100.0,100.0,100.0,100.0,100.0,100.0,100.0,100.0,100.0,100.0,100.0,100.0,100.0,100.0,100.0,100.0
Kuwait,Middle East & North Africa,High income,GFDD.AI.01,1544.2479,-509.89532,-424.5405,260.75327,1180.1539,2383.126,2674.6726,2385.421,772.3498,-711.1033,-1385.4153,-1668.5594,-1700.5524,-1659.5321,1082.6276,1206.7124,1299.2632,1340.2346,1303.4432,1205.5436,1160.4222,1227.1737,1200.6256,1142.8953,1166.2542,1210.5046,1257.2694,1298.6403,1283.692,1263.3528,1252.9998
Kuwait,Middle East & North Africa,High income,GFDD.DI.04,94.51901,99.34323,98.01225,98.77367,99.199646,99.97063,99.47096,99.549614,99.99887,99.50562,96.88909,97.35093,97.079575,96.987335,96.45799,99.89972,97.14531,97.338234,96.81888,96.43236,95.804504,95.624626,95.67864,95.58676,95.123375,94.33716,93.70385,93.500984,93.3334,93.29477,92.208534
Kuwait,Middle East & North Africa,High income,GFDD.DI.05,71.49704,192.2391,103.981804,88.46797,91.36722,90.890945,77.74761,82.722374,95.573265,83.73229,70.55305,86.06096,83.22959,72.90321,66.709015,55.46619,54.02392,58.277775,55.4021,81.635605,77.49359,65.26839,60.63085,65.64569,72.63692,99.31934,107.4772,100.454,91.70341,71.78782,77.094086
Kuwait,Middle East & North Africa,High income,GFDD.DI.06,7.1773267,1.3994501,2.624217,1.204653,0.8021681,0.0283464,0.43694517,0.426863,0.0012648,0.4918373,6.686015,6.3580923,6.53013,6.618341,6.557561,0.0616025,5.8011026,5.648021,5.376697,6.2890244,6.4566464,5.9640365,6.377935,6.534161,6.941794,7.666436,7.9762735,7.9899535,7.8687677,8.1376295,8.201376
Kuwait,Middle East & North Africa,High income,GFDD.DI.11,17.752346,18.058998,19.285704,20.230696,20.048517,17.938795,15.76808,16.225386,17.067032,18.258965,19.990353,21.780481,19.032661,18.728748,15.755592,14.925065,16.28923,16.73846,1.8234569,16.426212,15.445979,1.655552,14.491224,14.931316,15.482126,16.296963,16.300962,17.3306,17.528603,19.167261,20.641014
Kuwait,Middle East & North Africa,High income,GFDD.DM.11,6.4751196,10.5707445,12.084797,13.797348,13.212381,15.16026,13.571337,12.20614,14.530825,15.921121,21.15083,9.666943,11.12652,11.26386,9.30717,13.148809,15.820439,19.08673,5.619357,6.49753,5.061907,3.481973,3.870948,1.943929,2.596934,4.8788557,5.728686,6.34762,5.812685,7.645824,10.11739
Kuwait,Middle East & North Africa,High income,GFDD.EI.08,9.522003,10.92488,10.826132,10.829555,10.615341,66.44608,48.50293,47.384953,52.366184,44.3004,31.352049,31.8028,28.02976,21.395248,15.699359,10.438989,7.346888,5.867823,5.038874,6.301342,5.774809,4.438921,3.457011,3.04181,3.376057,4.582077,9.943549,13.818709,9.092269,9.514114,10.021232
Kuwait,Middle East & North Africa,High income,GFDD.OI.02,58.89454,178.00182,97.47533,83.55531,86.60705,87.05184,74.03464,78.97183,91.162964,78.90225,66.95245,82.311386,79.41446,69.43967,63.67773,53.01336,51.796738,56.308727,53.61568,79.09199,74.94539,62.870987,58.330578,63.271492,70.17309,95.85227,103.2592,96.696045,88.34519,63.610817,68.55372
Kuwait,Middle East & North Africa,High income,SH.STA.BRTC.ZS,98.28013,98.07401,98.53884,98.78248,98.91965,99.04097,98.200005,98.96653,99.163155,99.58882,100.37051,100.01669,100.0,99.802055,98.3,98.6,98.7,98.7,98.7,98.7,98.6,98.799995,98.799995,98.7,98.7,99.9,99.9,100.79254,100.46729,99.86031,100.03535
Kuwait,Middle East & North Africa,High income,SL.IND.EMPL.ZS,26.839659,19.6,20.800001,22.72,22.98,23.11,23.14,22.76,21.87,21.66,21.92,21.05,20.450003,20.66,20.86,20.7,22.0,23.300001,25.14,23.95,23.690002,23.92,24.03,23.780003,23.48,22.59,22.38,22.040003,22.12,22.15,21.522032
Kyrgyz Republic,Europe & Central Asia,Lower middle income,DT.TDS.DPPF.XP.ZS,12.794224,11.96831,12.574879,0.40534815,4.393616,13.226456,8.893209,6.2062707,8.901941,5.7688866,9.827395,12.36616,11.245238,8.378666,6.555905,6.6832533,5.1182375,3.429541,2.8643966,3.596842,3.6653087,3.3652956,2.657404,2.4762666,3.6144114,5.4096637,6.3298516,6.062522,6.6615815,6.498517,8.40577
Kyrgyz Republic,Europe & Central Asia,Lower middle income,EG.ELC.ACCS.ZS,91.48159,91.34948,89.033844,85.844734,85.03573,85.66298,86.29516,99.8,99.55383,99.56558,99.61025,99.58101,100.0,99.50212,99.457184,99.44231,98.89,99.54001,99.51001,99.5,99.0,98.32,99.8,98.93,99.8,98.69,99.71001,100.0,100.0,99.874245,99.98105
Kyrgyz Republic,Europe & Central Asia,Lower middle income,GFDD.AI.01,2549.776,1970.151,3178.6497,5570.521,7470.9497,6447.146,7199.1387,6871.2334,6223.579,3977.0073,2992.1243,2393.312,1822.7589,1152.8591,273.77554,-576.433,-1067.0513,-1787.6985,-1372.7001,74.26931,100.69243,153.30771,202.04582,252.49652,327.8166,474.96887,513.838,526.9631,592.627,677.6512,699.61816
Kyrgyz Republic,Europe & Central Asia,Lower middle income,GFDD.DI.04,81.31593,81.32563,78.01463,73.44858,72.78151,50.70774,35.13967,23.45701,30.636358,30.98145,31.92134,34.38224,34.10432,40.90591,52.993668,58.39859,67.70676,78.80019,82.910835,79.3889,80.16009,86.15978,94.1997,96.66903,97.64793,98.17687,99.10658,99.26024,99.38103,99.20902,97.87565
Kyrgyz Republic,Europe & Central Asia,Lower middle income,GFDD.DI.05,16.509438,16.161863,14.32682,15.044959,13.699402,17.20189,13.6256895,13.73389,14.4905405,13.58331,11.317989,11.144599,14.626551,17.528559,20.57881,21.16029,28.42474,30.359968,25.62315,28.996311,31.40539,27.80799,31.720469,34.0289,32.37259,33.24313,34.42816,36.45179,35.83808,37.190258,47.66798
Kyrgyz Republic,Europe & Central Asia,Lower middle income,GFDD.DI.06,10.121996,11.533146,11.108563,9.984569,9.054571,12.69128,16.713709,14.576241,14.45213,11.8718195,9.400547,8.438984,9.474703,8.110315,7.117551,6.535926,5.4546,4.346959,3.060381,3.7145011,3.5732021,2.0886629,0.93423134,0.59967357,0.53412926,0.44634262,0.1990123,0.17356731,0.15695189,0.2139946,0.6537377
Kyrgyz Republic,Europe & Central Asia,Lower middle income,GFDD.DI.11,-12.377954,-9.391756,-8.1664915,-9.45556,-9.71631,-12.382302,-13.089869,-15.274819,-14.522372,-12.027153,-10.9011755,-10.853613,-11.66296,-12.440153,-12.341206,-11.388402,-10.319955,0.29063192,-9.487016,-10.32008,0.33421627,0.29626304,0.37327445,0.40238696,0.56730825,0.68238616,0.5731936,0.6588611,0.7012822,0.82350016,-7.6753416
Kyrgyz Republic,Europe & Central Asia,Lower middle income,GFDD.DM.11,-20.515835,-17.639372,-12.038052,-6.8696427,-5.471791,0.23580696,-0.33526602,-1.1592175,-0.1710686,0.016005099,0.2262647,0.2422719,0.3855544,0.3937456,0.7855761,0.6064273,0.68236613,0.5997085,0.62555397,1.147322,0.6566586,0.59811544,0.4766375,0.3418033,0.335713,2.3220618,2.3493989,2.402116,2.355701,2.011085,2.103286
Kyrgyz Republic,Europe & Central Asia,Lower middle income,GFDD.EI.08,-0.4803335,-0.54919076,-0.77759105,-1.0443313,-1.2176951,0.51656544,0.3957383,1.053911,1.106187,0.3068501,0.30906752,0.65914756,0.7927468,0.8895835,0.9937506,1.241773,1.0120449,1.1412779,1.279675,1.677777,1.728477,1.57271,1.877526,1.767572,1.2836171,1.341383,1.5961701,2.0137,1.949075,2.5393302,1.902019
Kyrgyz Republic,Europe & Central Asia,Lower middle income,GFDD.OI.02,7.4797506,4.1328993,6.028823,11.666964,12.360705,5.199794,3.301112,5.007707,6.2134957,6.242021,5.041776,4.355517,5.516241,6.43772,8.804171,8.219375,11.38431,11.59315,9.9921055,12.158111,12.586421,11.297021,14.159671,16.604849,18.12861,20.914341,19.878561,20.539251,20.946321,21.68808,26.92419
Kyrgyz Republic,Europe & Central Asia,Lower middle income,SH.STA.BRTC.ZS,98.899994,98.899994,98.7,98.3,98.200005,97.99999,98.100006,98.100006,98.5,98.5,98.6,98.7,98.799995,98.899994,98.200005,97.899994,97.6,98.4,98.5,98.5,98.3,98.6,99.100006,99.00001,98.4,99.232765,99.06801,98.60077,99.8,97.9439,98.676704
Kyrgyz Republic,Europe & Central Asia,Lower middle income,SL.IND.EMPL.ZS,22.650496,26.55,22.53,21.35,19.34,16.72,14.58,13.530001,13.05,11.55,10.47,10.35,11.98,15.010001,17.57,17.580002,19.4,20.280003,20.65,20.930002,21.080002,21.4,21.710001,20.2,20.430002,20.9,22.09,23.15,24.63,25.36,21.572916
Lao PDR,East Asia & Pacific,Lower middle income,DT.TDS.DPPF.XP.ZS,8.598529,6.177546,4.7779737,8.314428,4.947346,7.6020155,8.058722,6.337842,6.3072205,9.468397,7.935579,8.968354,9.383736,10.904692,9.958663,8.060703,4.909258,4.8924246,5.159594,6.3945274,4.0070553,6.6924767,5.4285703,5.7842355,5.343894,5.385661,7.186577,8.210361,9.874583,6.6549053,15.061428
Lao PDR,East Asia & Pacific,Lower middle income,EG.ELC.ACCS.ZS,36.90135,32.226498,31.063082,30.999998,25.605791,25.0,31.2477,34.063896,36.87601,39.68328,42.49614,45.26671,46.3,48.0,53.54231,57.200005,57.041058,54.959995,66.0,67.3594,70.14994,70.0,76.36663,79.576256,83.13404,89.7,90.54953,93.6,97.79716,99.09209,100.0
Lao PDR,East Asia & Pacific,Lower middle income,GFDD.AI.01,1117.9243,1791.5695,2530.4827,4974.7056,6072.018,7358.2686,8175.5513,8029.301,7111.5054,6061.429,6471.8926,5739.577,3733.5154,3806.1663,3585.9167,4772.9175,4254.479,2164.96,2165.2725,2283.0671,3641.6013,3625.2437,5142.2017,334.97968,392.57004,447.42572,502.8243,540.07935,599.43585,638.53723,601.23254
Lao PDR,East Asia & Pacific,Lower middle income,GFDD.DI.04,77.454666,83.4296,79.78959,86.23516,86.57439,87.99638,87.70642,77.30426,68.817245,62.96024,68.0384,69.880806,66.680244,69.19269,71.61369,82.919624,77.11454,78.2611,77.89048,74.72921,76.47556,72.0736,70.4729,75.303825,76.30245,79.01591,78.88162,77.800095,79.985756,80.951126,79.846176
Lao PDR,East Asia & Pacific,Lower middle income,GFDD.DI.05,7.237839,7.10931,9.467806,13.23323,14.987629,13.61891,14.1931095,18.44448,20.50781,14.952459,16.53862,16.33564,19.960428,19.91759,20.578838,19.07634,20.08524,24.101889,24.292679,30.82413,36.1878,25.950748,25.192533,26.871155,27.040712,27.84619,27.47818,27.929441,29.423687,31.706902,35.449806
Lao PDR,East Asia & Pacific,Lower middle income,GFDD.DI.06,1.8958541,1.092962,1.6603519,1.348896,1.8814771,1.523853,1.6815889,4.6549153,6.539404,5.477432,4.750096,5.249653,5.552488,4.281187,3.651164,2.112576,2.4697928,2.632874,3.48282,6.5172076,7.292209,6.924486,7.0710983,6.875683,7.049144,7.5355797,7.7046604,7.8105116,7.563264,7.820591,9.136022
Lao PDR,East Asia & Pacific,Lower middle income,GFDD.DI.11,-6.1129036,-2.626403,-0.85057503,-1.9372891,-1.9866407,-2.4747393,-3.1014423,-3.2964833,-3.0888264,-2.5390284,-2.1102855,-2.1005292,-2.6010494,-3.6646364,-4.1500387,-3.8525438,-2.786123,-2.0507605,-2.00758,-2.2701843,-2.4713826,-2.185713,-2.6713576,-2.6712136,-3.0172782,0.83454484,0.8757767,0.7319978,1.2461112,0.85367674,-2.8080902
Lao PDR,East Asia & Pacific,Lower middle income,GFDD.DM.11,1.8710247,3.6969562,7.6079116,11.069244,12.488942,11.894399,10.590819,10.671253,11.419529,15.995543,19.44859,19.609102,16.249952,15.152408,14.535947,17.121435,17.001354,13.611532,12.701444,12.234129,14.086495,9.135009,11.167377,9.74754,10.471919,11.737684,11.970062,13.765655,11.195915,10.392738,7.927908
Lao PDR,East Asia & Pacific,Lower middle income,GFDD.EI.08,2.9166741,1.304459,0.9716517,0.9186532,1.9134431,1.412645,1.8908191,2.31056,3.3778281,2.349115,2.1523461,3.3468711,3.22718,3.0736551,2.7773392,2.992671,2.340533,2.60767,2.477247,1.840862,2.6462672,2.5325642,2.668531,2.9082606,2.9852312,3.641259,3.7008421,3.9647698,4.4795732,5.0050344,5.1342835
Lao PDR,East Asia & Pacific,Lower middle income,GFDD.OI.02,4.0919027,4.385148,6.608346,9.73733,11.501901,10.66218,11.70292,16.02249,19.01186,14.1994,16.00982,15.603499,18.666182,18.04117,17.905111,15.821731,16.5772,19.56969,19.62132,24.342201,29.421507,32.32738,33.069912,32.40444,33.38627,32.16351,30.92759,29.722136,29.76105,30.374823,35.958363
Lao PDR,East Asia & Pacific,Lower middle income,SH.STA.BRTC.ZS,58.03135,56.225216,55.15266,54.587894,54.750263,54.79077,54.756718,54.402958,54.611057,54.656696,16.7,19.4,59.65261,60.592068,61.266624,14.6,18.9,64.83185,66.81327,68.25138,37.000004,66.34567,40.100002,69.92857,72.212776,76.25398,77.94391,64.399994,78.98396,79.219376,79.42659
Lao PDR,East Asia & Pacific,Lower middle income,SL.IND.EMPL.ZS,12.521652,2.8,2.91,3.08,3.31,3.52,3.8300002,3.8600001,4.14,4.39,4.56,4.84,5.13,5.3999996,5.68,6.05,6.29,6.93,7.3,7.9,8.32,8.870001,9.56,10.160001,10.44,10.990001,11.35,11.93,12.650001,12.94,13.168006
Latvia,Europe & Central Asia,High income,DT.TDS.DPPF.XP.ZS,10.771929,9.7982855,9.54474,8.954274,8.659596,8.073975,8.051177,7.8376455,7.695494,7.2377067,6.923048,6.743627,6.685608,6.598976,6.0267878,5.634231,5.697485,5.4892745,5.428636,5.4251227,5.217976,5.0777125,5.042964,5.277067,5.627805,5.6275735,5.6376877,5.5420003,5.7667117,6.0655184,7.112115
Latvia,Europe & Central Asia,High income,EG.ELC.ACCS.ZS,100.0,100.0,100.0,100.0,100.0,100.0,100.0,100.0,100.0,100.0,100.0,100.0,100.0,100.0,100.0,100.0,100.0,100.0,100.0,100.0,100.0,100.0,100.0,100.0,100.0,100.0,100.0,100.0,100.0,100.0,100.0
Latvia,Europe & Central Asia,High income,GFDD.AI.01,309.46573,-196.03185,-131.08955,787.59796,1585.8336,1422.6982,2024.4076,655.1866,-642.6607,-1792.7031,-2279.8147,-2374.8086,-2445.0417,-2535.9705,943.71924,959.2367,1059.4016,1204.2822,1248.7056,1278.7728,1387.5067,1274.861,1326.9458,1373.7524,1348.9253,1326.7601,1262.3513,1395.5889,1343.9257,1252.1027,1265.4698
Latvia,Europe & Central Asia,High income,GFDD.DI.04,91.00966,91.774155,91.600975,90.99062,90.99872,89.65866,94.398926,87.43931,89.04041,93.26032,93.67694,97.354195,96.49664,97.91597,97.77618,98.498184,93.712654,94.034195,93.817314,93.69294,93.987434,94.12991,94.349686,94.417984,94.052536,96.104675,94.47813,92.281204,90.232124,88.18089,80.78796
Latvia,Europe & Central Asia,High income,GFDD.DI.05,28.236626,27.388496,28.159565,27.695868,25.794786,23.063423,23.56745,23.290573,26.082228,28.673237,29.10631,28.045794,27.582226,27.381077,26.560797,27.426798,28.552273,30.669552,32.95092,36.328484,50.87357,46.40292,43.5906,42.77549,60.5736,62.47729,64.36401,62.6287,64.16027,65.239204,76.393196
Latvia,Europe & Central Asia,High income,GFDD.DI.06,8.960659,9.983872,9.984073,9.110565,8.846429,1.380411,0.6785239,1.9217789,1.9161971,1.3089241,1.5220821,0.8251778,1.2886031,0.92164606,1.1924881,1.031045,6.208675,6.2505074,6.4386687,6.832335,6.669373,6.6255207,6.630988,6.771651,6.985144,2.1202888,2.9797418,3.820721,4.22933,4.8780932,8.972457
Latvia,Europe & Central Asia,High income,GFDD.DI.11,-3.483667,-0.8169231,1.0963055,1.1695043,1.0952792,-1.8157462,-2.8697484,1.2511231,1.4072727,1.5082282,1.5514983,1.5244051,1.4949434,1.503877,1.397223,1.3783138,1.4160053,1.4533062,1.6066782,1.8954823,2.8484404,2.5693395,2.5276535,2.3319962,2.442643,2.6195555,2.373897,2.6152973,3.201766,4.6540966,5.0540586
Latvia,Europe & Central Asia,High income,GFDD.DM.11,-9.40123,-6.1217113,-2.6448433,1.3412254,0.51840407,-1.3807492,-3.2589107,-2.3497968,-1.0501453,4.620597,5.743321,4.170205,5.598901,7.00524,6.120647,5.900168,5.6985,5.2236156,4.607807,5.914522,6.462,6.612176,8.718017,9.40325,25.13153,38.25193,43.629948,50.499653,38.132267,37.933697,51.74907
Latvia,Europe & Central Asia,High income,GFDD.EI.08,4.086992,4.4823422,4.953546,20.08596,2.877073,3.25967,3.323391,2.143613,1.260604,2.068972,2.5416498,2.968866,2.653121,3.562551,2.829664,2.3275762,1.941863,1.387431,4.819,4.6301346,4.433884,3.491224,3.59416,3.419929,3.132169,4.004537,4.280423,3.557607,2.462821,2.029548,3.307244
Latvia,Europe & Central Asia,High income,GFDD.OI.02,21.365488,19.497711,21.351679,23.065414,21.388472,11.893261,11.75626,14.880661,14.60428,14.886161,18.37828,20.786001,22.82573,25.43446,29.299297,34.024498,38.475487,34.3625,30.52503,31.30442,44.548927,39.20797,36.826458,40.02372,39.63887,41.5715,43.588577,42.46893,41.61071,43.01532,51.1189
Latvia,Europe & Central Asia,High income,SH.STA.BRTC.ZS,100.0,100.0,100.0,100.0,100.0,100.0,100.0,100.0,100.0,100.0,100.0,99.00001,100.0,99.00001,100.0,100.0,100.0,99.4,99.100006,98.899994,98.799995,98.6,98.6,98.4,98.100006,99.9,99.9,99.9,100.25364,99.95721,100.007774
Latvia,Europe & Central Asia,High income,SL.IND.EMPL.ZS,27.22405,30.729998,29.16,28.2,28.15,27.64,27.25,25.83,27.05,25.76,26.76,26.27,25.540003,27.07,26.94,26.48,27.37,28.63,29.4,24.34,23.07,22.910002,23.48,23.92,23.85,23.65,24.11,23.31,23.66,23.72,22.526775
Least developed countries: UN classification,,,DT.TDS.DPPF.XP.ZS,17.555899,18.381428,12.226811,11.777181,12.220912,13.829989,14.533238,13.241185,15.759854,13.870529,12.476424,13.4745865,9.7521925,9.904579,9.026227,7.0672326,7.008087,6.2830977,3.5309703,5.398983,3.5515406,3.505988,4.5663476,5.5759916,6.044148,7.4593887,9.41351,8.101043,8.346341,9.966942,10.249731
Least developed countries: UN classification,,,EG.ELC.ACCS.ZS,15.341122,11.825845,10.310728,10.459531,11.229854,11.862924,11.657363,11.1686535,11.507361,12.163168,20.075119,20.89132,22.911373,24.403658,25.030384,26.205503,28.846058,29.578455,30.866133,32.51196,33.088177,34.812405,38.296387,38.377213,39.6181,42.534027,46.452274,50.34206,52.1894,52.929005,54.69638
Least developed countries: UN classification,,,GFDD.AI.01,5343.052,7846.0337,9291.763,10909.599,12640.157,14457.371,15944.099,15972.188,14184.045,12114.194,14710.197,12761.086,12894.362,13019.06,12994.357,12361.347,11627.651,11187.026,10861.676,10266.542,11993.953,7951.36,7330.293,7257.6445,7365.8706,7402.0415,7138.596,6290.6934,7264.919,4431.045,2966.2515
Least developed countries: UN classification,,,GFDD.DI.04,39.761173,34.525543,31.30815,30.570347,31.619587,32.614975,32.281704,31.19892,31.12128,31.754396,32.238056,33.936024,34.67471,35.495766,36.49562,38.900517,42.00548,45.00145,47.31658,49.101498,47.33094,51.87046,53.829655,55.60556,57.242985,58.145824,58.85588,60.629845,60.786797,64.689606,66.11567
Least developed countries: UN classification,,,GFDD.DI.05,-3.9908044,-5.0798335,-5.4860535,-4.3456216,-3.5310738,-4.179838,-5.099037,-5.28659,-5.2411776,-5.0747786,-3.685959,-5.4776387,-4.881728,-4.379743,-4.2451897,-3.7247849,-3.4392009,-1.6988977,0.30268985,2.5513442,2.8912344,3.561162,4.9820914,6.935581,9.209402,11.441521,12.6426735,12.041847,10.60827,12.197426,15.354304
Least developed countries: UN classification,,,GFDD.DI.06,7.409259,8.832061,7.6678195,6.291928,5.307825,4.9994373,4.8446918,4.7258368,4.895346,2.3918571,5.6969705,3.609537,3.5826795,3.8916748,3.526766,2.8963103,2.3568816,2.014621,2.2519114,3.1402407,4.411793,4.273818,4.3342543,4.3090177,4.3216534,4.581979,4.594974,4.779371,5.9116735,5.9942446,6.3956633
Least developed countries: UN classification,,,GFDD.DI.11,-19.847769,-16.578154,-14.558096,-13.579186,-13.414826,-13.906555,-14.745446,-15.272209,-14.923934,-14.445658,-15.196516,-15.138131,-15.9585905,-17.021585,-17.376532,-16.781092,-15.540096,-14.471746,-13.984809,-14.106823,-15.091056,-14.721008,-14.045584,-13.625255,-13.54398,-13.416565,-13.536996,-13.514661,-13.333314,-12.874915,-13.528539
Least developed countries: UN classification,,,GFDD.DM.11,8.239972,11.658279,17.556187,22.836637,24.855097,23.951525,23.50153,24.562277,25.348509,30.829567,32.00473,33.49345,34.85201,34.44632,33.915394,33.025963,32.747513,32.214504,30.949347,28.463318,28.898037,21.155071,19.344936,19.538702,19.856249,19.751945,20.585241,20.051222,20.160055,16.529072,15.381292
Least developed countries: UN classification,,,GFDD.EI.08,-3.7523065,-4.364954,-4.866942,-5.004379,-5.025769,-4.9368544,-5.067229,-5.228491,-5.163179,-4.9591875,-4.4242887,-4.5089407,-4.368071,-4.4092484,-4.460558,-4.3552713,-4.225451,-4.1125813,-3.916237,-3.6022086,-3.1915436,-2.7227995,-2.3163543,-1.972813,-1.6536338,-1.506289,-1.3627388,-0.98374784,-0.41950527,0.3123393,0.9173398
Least developed countries: UN classification,,,GFDD.OI.02,8.437744,4.714016,6.4889345,7.733051,7.7554326,7.583789,7.890481,7.4857526,5.4430447,7.9268475,7.0893826,7.6230526,8.9349165,9.811071,10.67235,11.583313,12.422644,13.047951,13.754892,14.577256,15.280089,14.911336,15.635828,17.456854,18.704811,19.08658,18.447407,17.791224,17.156559,17.402628,21.73685
Least developed countries: UN classification,,,SH.STA.BRTC.ZS,29.553526,27.03691,24.729832,23.957735,24.14829,24.125425,23.17784,22.241072,22.70486,23.8323,30.143255,25.74163,26.508787,27.205366,27.671804,29.079294,31.12287,33.42865,35.51311,37.623993,45.477303,41.478695,43.312775,45.434193,48.035355,50.371838,52.33389,54.29644,61.328186,56.55784,57.130924
Least developed countries: UN classification,,,SL.IND.EMPL.ZS,9.395052,8.441016,8.337166,8.229889,8.0880165,8.074854,8.067247,8.198579,8.326023,8.464389,8.618807,8.834047,9.066649,9.3167715,9.531007,9.792031,10.101817,10.367139,10.631043,10.9098425,11.245691,11.446812,11.727725,11.945027,12.242076,12.365921,12.392302,12.429874,12.591295,12.651396,10.057015
Lebanon,Middle East & North Africa,Lower middle income,DT.TDS.DPPF.XP.ZS,12.655561,11.684356,11.544003,11.135576,10.59759,10.414397,9.749359,10.008506,9.96541,10.054656,8.614749,8.453125,28.838497,23.367783,31.54998,20.75064,23.886082,21.536024,17.181143,19.628366,17.606928,21.005816,17.624956,15.5760765,18.531507,17.90681,20.355139,21.71262,21.56666,23.784899,3.5160837
Lebanon,Middle East & North Africa,Lower middle income,EG.ELC.ACCS.ZS,97.847984,98.08889,97.56079,97.64891,97.62293,98.2295,98.734665,99.46437,99.4758,99.943146,99.35159,99.346565,99.333954,99.31611,99.90001,99.27411,99.38382,97.8,99.90001,99.23449,99.47441,99.68401,99.50676,99.49552,99.48232,99.58318,99.725624,99.87984,99.7,99.97488,100.0
Lebanon,Middle East & North Africa,Lower middle income,GFDD.AI.01,678.1552,189.6894,-173.06401,428.62683,1703.7151,2915.6782,3696.1702,3490.5225,1713.1029,-644.24585,-2263.3994,-2993.4053,-2433.3208,-1842.3384,-2517.1504,667.0434,678.97797,696.18005,736.9127,766.7705,773.4201,766.6885,711.865,647.72015,625.30023,610.96875,583.0168,578.16943,558.5175,531.6359,492.665
Lebanon,Middle East & North Africa,Lower middle income,GFDD.DI.04,78.65637,92.32745,95.97563,95.45237,99.29367,99.03958,98.4005,96.81918,97.98466,98.33294,94.42039,85.73228,91.25604,77.07811,76.81356,76.020355,78.87287,80.92562,82.80946,83.369835,83.17223,82.473236,81.79765,84.687,84.06729,81.11625,75.61615,73.95075,90.95081,92.646996,92.1389
Lebanon,Middle East & North Africa,Lower middle income,GFDD.DI.05,193.7314,126.315796,117.654205,113.37051,121.8497,120.43301,134.4088,142.55511,153.5003,170.93811,189.2191,198.8589,198.0379,213.4953,223.0827,229.4481,241.4366,240.76022,235.6071,231.8359,239.31831,243.03502,235.7169,236.5073,244.10321,246.567,258.0722,259.16602,115.19334,118.76217,121.59232
Lebanon,Middle East & North Africa,Lower middle income,GFDD.DI.06,30.76148,6.261631,3.310659,3.4144342,0.64876163,0.9323708,1.8699039,3.8862228,2.880695,2.769309,10.33666,28.30853,16.42893,43.06463,45.588593,47.203133,43.79828,37.27271,33.133907,30.04619,31.38311,33.77117,34.85646,30.517761,32.5703,39.916492,53.81608,56.89103,58.359188,10.281548,10.409376
Lebanon,Middle East & North Africa,Lower middle income,GFDD.DI.11,30.272024,30.343977,32.847286,33.902008,33.71771,31.983292,28.953041,29.980518,31.756268,31.658472,34.71801,4.5071454,30.537195,29.805704,28.343323,6.577185,7.06173,7.681177,7.4126215,7.5865507,8.011662,8.486642,8.473267,8.55651,8.908417,8.794115,8.9804325,9.079562,9.102428,9.435596,38.419632
Lebanon,Middle East & North Africa,Lower middle income,GFDD.DM.11,20.685488,19.462929,20.964499,22.072166,23.24162,22.31215,23.81552,22.621101,25.678959,24.21273,26.203688,26.556059,27.07878,30.029001,28.630219,24.956882,25.616348,25.921478,26.389748,26.461723,25.829475,26.252409,25.275768,24.298544,25.546354,26.89175,29.629543,28.97074,25.538988,29.155481,32.746502
Lebanon,Middle East & North Africa,Lower middle income,GFDD.EI.08,35.37268,32.12658,33.06818,31.007471,45.76252,44.70134,59.8843,55.352493,69.39478,17.827295,19.199837,19.25751,19.162611,71.53184,19.471483,19.023172,19.147213,19.373985,19.734688,20.247572,20.722555,73.19315,70.695206,21.345747,21.556488,21.78031,67.81077,60.121643,0.3330711,21.654644,21.863485
Lebanon,Middle East & North Africa,Lower middle income,GFDD.OI.02,176.7699,115.119896,109.5877,104.1923,115.86661,114.76199,127.8522,137.3481,148.47751,165.1367,182.86781,192.55911,192.05661,204.10031,214.0178,221.0379,233.03691,232.3998,227.5971,223.7112,230.77501,236.55981,229.1568,229.64511,237.09772,239.1392,250.11932,250.3682,107.79495,108.79543,111.083565
Lebanon,Middle East & North Africa,Lower middle income,SH.STA.BRTC.ZS,96.00215,96.81481,97.59436,98.133156,98.27684,98.23818,89.0,98.05694,98.4858,99.199425,99.9,99.3377,99.95651,99.190094,98.200005,98.725365,98.8679,99.42773,99.725174,99.71052,99.461426,98.953255,98.7283,98.65314,98.68165,98.87177,98.84311,98.546715,98.118645,98.4206,99.369675
Lebanon,Middle East & North Africa,Lower middle income,SL.IND.EMPL.ZS,28.882757,24.36,24.87,25.2,25.29,25.38,25.34,24.94,25.0,24.65,24.430002,24.38,24.27,24.210001,24.560001,24.48,24.39,25.03,25.540003,26.2,26.280003,26.13,26.01,26.12,25.83,25.33,25.060001,24.7,24.24,23.59,24.699677
Lesotho,Sub-Saharan Africa,Lower middle income,DT.TDS.DPPF.XP.ZS,4.15967,4.4732842,5.1891313,5.273855,5.3671217,6.0645,5.5599656,6.503387,8.516942,10.119297,7.4732723,8.146703,7.729556,5.455598,3.6605642,5.701951,3.044881,5.904617,2.2314205,2.5959601,2.0921695,2.0908537,2.4404275,2.9388213,3.087027,3.687708,3.8925612,3.3369405,3.736666,4.449758,5.1580625
Lesotho,Sub-Saharan Africa,Lower middle income,EG.ELC.ACCS.ZS,11.438429,9.090781,9.725501,13.300639,13.719434,12.014414,12.070208,12.329973,13.401004,14.39938,4.25876,1.2522693,3.3616588,5.465813,6.8,9.667811,9.7,13.877541,15.991896,16.999998,16.999998,22.405441,20.56,26.766014,27.8,31.677334,35.07159,33.7,47.0,44.50021,47.352737
Lesotho,Sub-Saharan Africa,Lower middle income,GFDD.AI.01,-2536.2168,-1458.819,-597.1067,2288.4343,3421.6074,3505.681,4250.7734,3918.313,2620.4104,1339.5237,2954.169,545.6945,267.95563,223.29424,214.05302,258.2396,340.8575,210.07866,212.07655,223.3872,283.50577,354.85416,286.48242,316.09915,326.28625,348.9692,363.51315,385.38977,413.8256,391.9121,414.78143
Lesotho,Sub-Saharan Africa,Lower middle income,GFDD.DI.04,58.70227,44.80719,78.68749,70.486084,77.48863,73.163536,72.62713,86.74947,87.46516,92.45963,92.65657,86.09402,90.09657,88.716255,82.58266,83.793396,84.31691,86.12202,77.67924,86.8601,90.486275,92.457664,89.75795,85.37735,86.16226,84.55226,84.41969,88.178734,90.74504,93.81487,90.850075
Lesotho,Sub-Saharan Africa,Lower middle income,GFDD.DI.05,40.640728,35.54654,32.256237,34.24957,33.253483,31.33621,32.79573,33.2915,34.46143,30.08733,27.62254,28.032421,26.5147,26.23518,24.334679,24.232851,28.77828,34.44128,33.457962,38.95847,40.21169,35.67287,35.13456,37.92134,33.987,33.66181,30.75904,39.39849,40.275898,34.39148,38.136547
Lesotho,Sub-Saharan Africa,Lower middle income,GFDD.DI.06,19.15683,30.48218,5.793489,9.506873,7.653764,8.173516,8.077861,3.8996842,3.068996,2.1964931,1.930018,3.659838,2.5049639,2.154958,2.360089,2.258656,2.277882,2.410636,3.80899,2.273441,1.694295,1.471518,2.5656888,3.876745,3.437939,3.7973537,3.785778,3.074827,2.485719,1.758544,2.56266
Lesotho,Sub-Saharan Africa,Lower middle income,GFDD.DI.11,-5.635543,-1.8578078,-0.600026,0.29453018,0.30771223,-0.5683422,-1.330148,-1.7763422,-1.4291297,-1.0766723,-1.7653894,-1.4721084,-2.368209,-3.6323972,-4.8479776,-4.422748,-3.1396997,-2.2720191,-1.9060465,-2.3568316,14.119211,13.988022,15.104126,15.709057,15.647257,15.984148,16.683237,18.802149,18.58282,-2.7574353,-3.508213
Lesotho,Sub-Saharan Africa,Lower middle income,GFDD.DM.11,4.1768885,6.20696,8.287013,12.613527,13.330968,10.650921,9.761211,9.148544,9.414332,12.835756,16.677757,15.05834,14.635676,13.619926,15.475103,14.704273,12.420778,11.554924,10.728453,11.421697,10.3255825,9.178421,8.378073,8.478168,10.336939,10.0447035,11.075656,11.540504,11.38787,7.857114,7.9170094
Lesotho,Sub-Saharan Africa,Lower middle income,GFDD.EI.08,11.06508,8.496593,5.837322,4.79176,4.371148,4.3870153,5.425406,4.492884,5.578853,12.845429,11.188379,10.911329,11.32811,12.799159,6.796617,5.1498966,5.689211,4.8130183,3.3598382,2.4987879,2.7254171,3.717165,3.920963,2.735476,2.187974,2.691835,2.65495,3.118779,4.106238,6.131154,6.957565
Lesotho,Sub-Saharan Africa,Lower middle income,GFDD.OI.02,36.765877,33.643677,30.574379,32.647167,31.567818,28.810461,30.49408,31.106947,31.61209,27.64763,24.987951,23.06327,22.33502,22.210121,20.29434,20.45504,24.663141,30.27459,29.739307,34.30525,35.837147,31.801338,31.254969,33.70553,30.214039,30.165956,27.59198,35.65599,36.978706,31.010948,34.38913
Lesotho,Sub-Saharan Africa,Lower middle income,SH.STA.BRTC.ZS,49.943954,48.829098,49.305134,60.899998,37.6,49.574417,49.321957,49.60745,50.140713,50.282257,48.1,51.17774,52.46684,53.29923,55.4,55.4,57.175594,58.42892,59.366558,61.499996,61.06114,61.745388,62.423046,63.517227,77.9,65.474266,66.22573,66.69267,86.6,67.3389,67.64272
Lesotho,Sub-Saharan Africa,Lower middle income,SL.IND.EMPL.ZS,13.137139,12.97,12.990001,13.020001,13.010001,13.010001,13.030001,13.05,13.04,13.000001,13.06,13.29,13.46,13.43,13.510001,13.46,13.61,13.6,13.660001,13.59,13.510001,13.57,13.57,13.59,13.640001,13.73,13.7,13.510001,13.44,13.31,12.251427
Liberia,Sub-Saharan Africa,Low income,DT.TDS.DPPF.XP.ZS,21.29856,21.112606,20.738598,20.00412,19.670113,19.900188,20.246588,20.319876,19.917389,19.115847,20.338118,19.201523,18.119026,17.837383,0.43117934,0.51969445,0.4113168,114.38676,119.68006,5.811781,1.7099786,0.74606943,1.1728442,0.9371202,2.3982587,7.925306,1.2013853,1.7423965,2.8024597,5.520561,9.648379
Liberia,Sub-Saharan Africa,Low income,EG.ELC.ACCS.ZS,-3.755564,-4.616107,-2.6039448,-0.8340273,-0.60462743,-0.90994877,-1.4931797,-2.1097267,-2.1375222,-1.7054911,-2.4558384,-2.532813,-1.4742428,-0.3064664,0.103783734,0.83160084,0.9133813,3.0,1.2792896,1.9,5.1626644,4.1,9.107472,9.8,9.4,15.161735,17.699999,24.2,22.879131,23.099998,27.53471
Liberia,Sub-Saharan Africa,Low income,GFDD.AI.01,7876.876,10251.584,10547.314,11766.532,13633.432,15653.182,16513.25,15752.499,13964.285,11857.428,14895.94,13070.232,11212.7,11638.259,11358.258,11228.128,11308.713,18130.203,14893.878,13281.176,11860.6455,10463.265,10035.872,12051.743,8344.555,7994.0693,8457.475,7831.2124,7378.3564,6904.6787,7008.4536
Liberia,Sub-Saharan Africa,Low income,GFDD.DI.04,34.075436,30.742521,31.063477,31.677807,32.115288,32.43728,32.689198,32.684647,32.602715,32.826073,2.982488,3.521963,3.448911,3.422887,4.032106,4.747081,5.7100177,6.942932,9.068085,12.32309,39.1097,44.707607,46.77388,52.309628,51.490498,53.17356,51.257957,56.71008,53.144512,52.85371,45.60543
Liberia,Sub-Saharan Africa,Low income,GFDD.DI.05,1.1379901,0.9360735,2.9957771,4.391572,5.1310396,5.205693,4.9626436,6.424757,7.1783347,7.2612495,7.14117,6.473869,5.121128,7.706813,9.6582985,11.82918,13.33964,14.83887,16.45346,20.738379,22.887249,26.36205,22.649809,23.82678,22.144701,23.49035,22.21414,20.48672,21.47364,21.07223,21.88403
Liberia,Sub-Saharan Africa,Low income,GFDD.DI.06,4.686608,6.5881667,6.776237,5.4727964,4.175667,3.5711472,3.6604202,3.8390357,3.9924157,2.5832303,103.9041,94.982216,102.492195,119.3045,115.7309,104.747795,98.24866,85.25422,68.079605,67.54858,15.84279,13.958159,12.920791,12.76365,13.06979,14.0632305,15.7092495,14.20576,17.40295,16.91651,20.04823
Liberia,Sub-Saharan Africa,Low income,GFDD.DI.11,-7.104365,-3.6562722,-1.3036308,-0.63294613,-0.7003077,-1.2008305,-1.5926822,-1.3286723,-1.0066942,0.13858075,0.45852342,0.7490992,-0.489081,-1.4152881,-4.2645345,-4.1040425,-3.292366,-3.2026954,-2.0472088,-2.5720344,-3.8539007,-4.3629794,-4.3213425,-4.0871572,1.2404579,1.5171545,-3.408591,-3.392634,-2.8390553,-2.387749,-3.1826289
Liberia,Sub-Saharan Africa,Low income,GFDD.DM.11,35.997192,38.15552,39.07083,41.51469,43.513073,42.782833,42.02688,42.23856,43.249355,47.219128,58.03203,59.605465,57.60713,57.140793,54.10813,54.088295,55.840424,58.441658,53.6404,53.106083,46.97506,43.693333,41.399258,43.03804,41.328682,41.27343,40.26834,39.445747,38.275467,36.465687,37.645863
Liberia,Sub-Saharan Africa,Low income,GFDD.EI.08,-1.6956482,-1.8096751,-1.8037454,-1.8484564,-2.0849023,-2.1743505,-2.2205026,-2.08704,-2.0674186,-1.8414221,53.17509,71.27998,-0.53528666,-0.4579566,-0.17500918,-0.41898733,-0.5601847,72.78925,41.84716,0.5513459,73.17574,1.888774,2.1214933,2.389191,3.0841942,3.2120616,2.7179055,3.3599272,3.9753857,4.5067344,5.090397
Liberia,Sub-Saharan Africa,Low income,GFDD.OI.02,20.394123,17.540749,18.187006,19.37019,19.452288,18.859879,18.484861,17.78193,17.066473,17.79703,3.653889,2.9014058,3.1823468,4.331192,5.952179,7.776118,9.1718235,10.517361,12.55137,16.65298,18.638529,21.67038,18.770311,20.25052,17.94809,19.5396,18.24649,16.43019,17.53307,17.20292,17.91815
Liberia,Sub-Saharan Africa,Low income,SH.STA.BRTC.ZS,15.440868,15.06694,16.701368,17.473856,16.991266,16.245516,15.742624,15.63055,15.993625,16.781773,50.9,20.807188,20.656553,21.37461,21.311499,21.23838,20.83864,46.300003,23.450933,23.838093,30.139824,30.519712,32.17372,61.100002,37.261135,38.573036,38.168034,40.00929,40.728924,41.28165,84.4
Liberia,Sub-Saharan Africa,Low income,SL.IND.EMPL.ZS,8.483537,12.17,11.56,10.990001,10.490001,10.040001,9.790001,9.94,10.150001,10.390001,10.650001,10.94,11.000001,10.880001,10.86,10.82,10.81,10.790001,10.770001,10.770001,10.790001,10.81,10.82,10.81,10.750001,10.640001,10.48,10.390001,10.280001,10.150001,8.607095
Libya,Middle East & North Africa,Upper middle income,DT.TDS.DPPF.XP.ZS,15.570722,15.6842165,16.150492,15.837386,15.329993,15.144755,14.507218,14.335921,14.271142,14.732445,13.632692,13.0422325,12.477559,12.228999,10.886903,10.505179,10.0441675,9.863192,9.092546,8.475525,8.950476,9.15819,9.095093,10.039747,10.841987,10.327268,10.382521,11.144783,10.457948,10.359597,10.958839
Libya,Middle East & North Africa,Upper middle income,EG.ELC.ACCS.ZS,83.82613,82.639404,80.28331,79.40199,79.606834,82.01455,82.058105,83.62866,84.78322,86.88499,99.8,97.14706,95.42337,93.69444,91.96264,90.230286,88.49982,86.773865,85.05514,83.34636,81.65022,79.96945,78.30675,76.66387,75.0388,73.42857,71.83022,70.24077,67.0,68.6424,69.70735
Libya,Middle East & North Africa,Upper middle income,GFDD.AI.01,6504.4517,7062.142,7387.179,8319.3125,9502.444,11521.098,11727.0,11192.898,9417.094,8721.005,7039.8154,6352.1973,5788.523,5828.861,654.768,640.62225,627.2941,616.37524,611.6305,625.5185,637.9472,791.94464,866.02545,5124.761,5059.9116,4599.7095,4328.817,4757.49,3851.0596,3176.5093,1454.6177
Libya,Middle East & North Africa,Upper middle income,GFDD.DI.04,42.65417,39.80018,42.10045,43.345543,41.80186,41.06575,38.397358,45.595078,44.47969,50.7419,43.25905,48.70447,49.778828,49.782207,71.70915,63.10826,61.8881,53.637943,72.57574,62.46035,58.12059,53.03564,63.8355,65.80661,38.304962,78.944016,78.5277,21.34688,19.41467,21.19094,81.080505
Libya,Middle East & North Africa,Upper middle income,GFDD.DI.05,64.31309,57.974895,63.583965,68.8684,73.50381,75.157486,66.57278,59.351555,61.315426,55.27269,48.51145,48.0597,40.46219,33.34359,29.61746,26.56471,25.995369,30.392448,42.78396,71.25803,51.64331,142.8431,62.60109,101.461205,216.1638,315.7433,355.424,252.30452,183.74521,188.7235,449.954
Libya,Middle East & North Africa,Upper middle income,GFDD.DI.06,61.92255,64.976456,58.3848,60.45325,63.56379,64.34153,57.73515,50.8294,53.50167,42.13877,47.99823,45.99186,31.730982,25.789871,6.2356696,6.328898,6.319129,8.547548,4.4688888,11.7057705,10.8199,29.21899,9.15162,14.490469,103.2328,7.0154834,7.6960845,160.2282,125.54121,122.864105,8.901061
Libya,Middle East & North Africa,Upper middle income,GFDD.DI.11,5.5497117,7.7969246,9.681317,10.551,10.543464,8.680532,8.050176,7.409152,8.182912,8.396247,9.239834,8.939137,7.864405,6.584442,4.985574,5.5257664,6.3173523,6.9282217,7.308566,7.5364013,6.475424,7.155025,6.2702475,7.426452,10.5328865,12.326021,14.165529,14.105611,13.76441,14.42321,19.46515
Libya,Middle East & North Africa,Upper middle income,GFDD.DM.11,15.999309,20.35354,24.551569,27.305635,27.808605,29.323206,24.90291,24.827139,26.478367,32.686295,30.14,30.18067,28.052238,26.948465,25.356451,26.306519,26.283781,26.952488,25.153393,23.780619,24.628204,25.301554,23.574741,25.332657,29.661007,30.440426,32.255795,34.39547,29.898283,27.977512,31.978884
Libya,Middle East & North Africa,Upper middle income,GFDD.EI.08,17.40421,16.19607,15.36871,15.89342,15.12706,14.17997,13.680329,20.291578,20.560099,19.50099,16.166908,24.09986,14.28778,12.819379,5.4996986,3.468493,3.717819,3.7164419,3.2876341,6.145949,4.9328704,11.729349,5.352623,7.986738,18.50375,29.46564,26.9244,14.51864,10.008029,12.32977,33.16025
Libya,Middle East & North Africa,Upper middle income,GFDD.OI.02,33.468216,33.26598,36.73081,38.41448,44.300617,45.629936,40.55665,36.675087,39.92489,38.14557,33.2613,32.17885,28.1131,23.75732,21.72754,18.891432,19.01141,23.76149,35.84686,55.80672,41.8823,100.3396,46.68648,78.58273,154.37311,210.61601,242.09473,174.9085,120.3822,118.7975,295.3071
Libya,Middle East & North Africa,Upper middle income,SH.STA.BRTC.ZS,80.263664,79.597565,78.18476,77.59139,77.40888,94.399994,77.57604,78.275406,78.93836,99.00001,82.14194,83.637726,84.82777,85.012,85.61086,85.22487,85.792435,98.3,99.8,88.96942,99.9,99.9,99.9,99.9,87.53406,89.73193,89.972534,87.13054,87.86384,88.499084,91.80499
Libya,Middle East & North Africa,Upper middle income,SL.IND.EMPL.ZS,21.740997,27.690002,27.46,27.47,27.410002,26.86,26.87,26.7,26.39,26.820002,27.0,26.65,26.690002,27.47,27.59,28.410002,28.79,29.060001,29.49,29.57,29.48,27.75,26.83,25.25,23.820002,22.88,22.44,23.62,24.39,24.430002,19.335766
Liechtenstein,Europe & Central Asia,High income,DT.TDS.DPPF.XP.ZS,11.56265,11.586804,10.945954,10.135299,9.524698,9.384583,9.55117,9.724783,9.872476,9.520845,8.950569,8.5511675,8.555358,8.283456,7.5761,6.7949386,6.230778,5.96836,5.8430076,5.677198,5.3909097,5.233661,5.238241,5.812845,6.5424175,7.124471,7.150969,6.7334986,6.6029787,7.186848,8.545985
Liechtenstein,Europe & Central Asia,High income,EG.ELC.ACCS.ZS,100.0,100.0,100.0,100.0,100.0,100.0,100.0,100.0,100.0,100.0,100.0,100.0,100.0,100.0,100.0,100.0,100.0,100.0,100.0,100.0,100.0,100.0,100.0,100.0,100.0,100.0,100.0,100.0,100.0,100.0,100.0
Liechtenstein,Europe & Central Asia,High income,GFDD.AI.01,-2018.2343,-1771.8445,-1604.4382,-1005.7571,331.41998,1411.3264,2304.4111,1441.7046,-725.748,-2779.3882,-3835.4675,-4134.726,-3961.4897,-3977.905,-4434.478,-4862.826,-4696.8823,-4219.055,-3642.3953,-3346.2437,-3717.5117,-4383.1406,-4656.035,-4242.355,-3650.5945,-3439.884,-3746.0142,-4097.046,-4292.014,-4204.717,-3829.2253
Liechtenstein,Europe & Central Asia,High income,GFDD.DI.04,89.30527,89.17444,89.38516,89.69577,90.064674,90.618774,90.62649,91.25176,90.95842,90.886185,90.870575,91.14554,91.035225,90.74532,90.88963,91.23712,92.105385,92.81364,92.57915,91.81794,91.17605,91.097,91.44242,91.495,91.13946,90.32394,89.638756,89.567184,89.81041,89.86018,89.4676
Liechtenstein,Europe & Central Asia,High income,GFDD.DI.05,49.892563,49.874023,51.14951,53.537663,54.488457,53.47061,52.96372,53.87172,55.13191,55.7944,54.99545,54.969734,55.2779,55.216404,54.914337,54.986996,56.574448,57.16011,58.434547,60.93121,61.8887,62.53166,64.33882,66.07141,66.63946,67.22013,67.310295,67.62563,69.64265,73.04468,75.877075
Liechtenstein,Europe & Central Asia,High income,GFDD.DI.06,7.848681,8.945603,9.033778,8.541728,7.949558,7.7613745,8.004243,8.372297,8.305038,8.138664,7.87249,7.7841215,8.128754,8.355441,8.202473,7.6795645,7.0679765,6.7154393,7.0884137,7.623795,7.733843,7.3244267,7.264055,7.5793943,8.334922,9.1863165,9.7068205,9.516207,9.35791,9.261815,8.981412
Liechtenstein,Europe & Central Asia,High income,GFDD.DI.11,9.239921,12.513868,14.967794,16.00704,15.968682,14.938643,13.676587,13.290171,13.890432,15.321679,16.26594,15.921801,14.864906,13.838572,13.656656,14.403046,15.405485,15.95597,16.050905,15.698759,15.066188,14.881317,14.994229,15.351769,15.753716,16.432598,17.111246,17.205011,17.922516,18.791925,18.277723
Liechtenstein,Europe & Central Asia,High income,GFDD.DM.11,-3.1747615,-0.36241132,3.642742,6.4275455,6.28869,3.4029012,-0.15014392,-1.8040334,0.9240634,6.07081,10.9363,12.929553,12.982946,12.20713,12.692096,14.722465,17.288528,19.65854,19.899374,18.79688,16.728695,14.132194,12.696876,13.469711,15.083818,17.33063,18.473572,18.299883,17.45251,16.990568,17.885506
Liechtenstein,Europe & Central Asia,High income,GFDD.EI.08,4.5865693,5.426194,5.9908056,6.1399207,5.8896365,5.549661,5.1512876,4.887917,5.092364,5.116107,5.1710787,5.3447585,5.499485,5.562866,5.665298,5.6422253,5.4958143,5.332208,5.222325,5.330122,5.6448064,6.110359,6.477323,6.4619327,6.447999,6.4878035,6.6697264,7.0380526,7.4461865,7.7830453,7.744993
Liechtenstein,Europe & Central Asia,High income,GFDD.OI.02,37.362377,38.25881,39.699306,40.78162,40.806747,40.83655,40.70115,40.68272,41.687893,42.654003,43.573742,45.0368,45.989483,46.389816,46.60207,47.753323,49.457203,50.985863,52.402763,52.831356,52.20799,52.250793,52.990574,53.94977,55.413437,56.12469,56.246582,56.60676,57.83077,60.284252,62.468044
Liechtenstein,Europe & Central Asia,High income,SH.STA.BRTC.ZS,96.68814,97.93534,98.46762,98.447975,98.251305,98.17868,98.18715,98.26151,98.39175,98.56633,98.86336,99.22066,99.38632,99.27985,99.00159,98.67996,98.61435,98.651405,98.78765,98.726395,98.29856,97.84273,97.86524,98.119804,98.72233,98.97722,98.87653,98.50369,98.0621,97.82821,97.76011
Liechtenstein,Europe & Central Asia,High income,SL.IND.EMPL.ZS,23.986788,24.205612,24.245028,23.881706,23.298864,22.72444,22.249321,22.189339,22.046774,21.81375,21.459435,21.159233,20.927494,20.727104,20.659801,20.521215,20.414452,20.179245,19.836979,19.544363,19.401405,19.34157,19.27901,19.090166,18.862148,18.644657,18.678596,19.03769,19.268671,19.210861,18.736357
Lithuania,Europe & Central Asia,High income,DT.TDS.DPPF.XP.ZS,10.279425,9.368247,9.052643,8.540949,8.200862,7.58395,7.6015534,7.577047,7.597814,7.154782,6.8601804,6.369174,6.362382,6.3165355,6.036383,5.678312,5.4071765,5.215779,5.097271,5.5099382,4.888344,4.861659,4.9071317,5.1321325,5.416402,5.8534675,5.837182,5.7120986,5.6810884,5.9469223,7.053513
Lithuania,Europe & Central Asia,High income,EG.ELC.ACCS.ZS,100.0,100.0,100.0,100.0,100.0,100.0,100.0,100.0,100.0,100.0,100.0,100.0,100.0,100.0,100.0,100.0,100.0,100.0,100.0,100.0,100.0,100.0,100.0,100.0,100.0,100.0,100.0,100.0,100.0,100.0,100.0
Lithuania,Europe & Central Asia,High income,GFDD.AI.01,556.8421,17.727726,74.336296,638.465,1681.6403,1609.785,2350.2583,1721.5552,298.15994,-960.67303,-1481.236,-1737.6794,-1778.5359,-1907.7905,-2159.013,-2404.891,-2553.4036,-2250.6575,-1883.7041,-1516.7721,-2399.0518,-2705.6357,-2851.2563,-2633.5327,-2377.112,-2330.9753,-2578.5352,-2903.098,-3003.1843,-2911.7288,-2679.4136
Lithuania,Europe & Central Asia,High income,GFDD.DI.04,93.675476,94.32618,94.11923,94.17952,94.37431,99.29562,99.71653,99.577484,99.82089,99.59756,99.85458,99.86115,99.87478,99.90665,99.90572,99.94566,99.97092,99.97772,99.971535,96.81957,99.972374,99.5589,99.53329,99.676926,99.674904,95.36694,92.396385,91.6306,91.445114,89.660614,80.46832
Lithuania,Europe & Central Asia,High income,GFDD.DI.05,39.739716,38.578197,38.90666,39.146145,39.013206,33.769848,34.273438,36.529453,38.985203,41.24479,42.01662,40.347515,39.576057,38.673912,39.415154,41.59258,43.879913,45.778435,46.506798,48.86109,49.05501,46.00991,46.09676,46.281998,44.853508,58.812675,60.65591,59.066204,61.120785,62.871643,78.03306
Lithuania,Europe & Central Asia,High income,GFDD.DI.06,7.6378694,8.738264,8.836922,8.541961,8.183854,0.11792391,0.038770497,0.0667075,0.030694699,0.0749651,0.026681202,0.026966099,0.027851,0.026091902,0.031792,0.0248483,0.015653,0.0139762005,0.0186222,5.705738,0.0178356,0.2458715,0.2454343,0.1626734,0.1558173,2.310842,3.934187,4.070839,4.058021,4.826047,9.974301
Lithuania,Europe & Central Asia,High income,GFDD.DI.11,3.9289775,6.206125,7.678874,8.471043,8.354662,4.4023976,3.3601944,3.1043289,3.929712,6.604759,7.496919,1.9215611,2.2193475,2.4255261,2.6219468,2.7892382,3.2284145,3.4130244,3.0147214,3.5961242,2.8755252,2.5601614,2.5876558,2.454998,2.797576,3.0621197,4.532029,4.520736,4.543137,4.394405,4.698386
Lithuania,Europe & Central Asia,High income,GFDD.DM.11,-2.5073705,0.77308136,3.9870415,6.242642,6.114345,3.521568,1.9486114,2.1809003,3.920259,0.8390647,4.983727,3.7589011,6.6788683,4.723719,7.328276,13.77379,22.904089,22.84116,17.33967,28.94116,24.92619,12.689401,13.819921,18.00889,15.40141,11.4366,17.414059,25.31574,24.277739,20.96529,22.25309
Lithuania,Europe & Central Asia,High income,GFDD.EI.08,6.842948,7.2397885,7.61599,7.740151,7.482289,6.6087403,9.245044,16.56567,16.045599,14.7766695,18.159819,20.574848,21.428118,18.54895,17.486599,17.316559,13.524139,12.59513,11.824839,7.402426,5.95352,6.009483,5.833554,7.1804605,6.959838,6.011402,5.117015,3.590665,3.0034192,2.799844,3.4520211
Lithuania,Europe & Central Asia,High income,GFDD.OI.02,35.081287,33.13588,34.09131,34.774673,35.446995,13.63103,10.40123,11.604381,12.250951,14.18276,16.88811,19.9267,21.09506,22.427551,27.29027,32.512657,35.05669,36.082676,31.400558,47.180355,41.12174,37.276676,37.303017,37.386337,41.379047,43.306187,44.91916,44.2754,46.53871,47.922756,60.441685
Lithuania,Europe & Central Asia,High income,SH.STA.BRTC.ZS,100.0,100.0,100.0,100.0,100.0,100.0,100.0,100.0,100.0,100.0,100.0,100.0,100.0,100.0,100.0,100.0,100.0,100.0,100.0,100.0,100.0,100.0,100.0,100.0,100.0,101.191574,101.000305,100.58294,100.188995,99.97892,100.23473
Lithuania,Europe & Central Asia,High income,SL.IND.EMPL.ZS,28.39314,30.550001,29.45,28.79,28.320002,28.22,28.11,28.520002,29.07,27.07,26.780003,26.64,27.37,27.24,28.2,29.060001,29.57,30.550001,30.52,26.85,24.560001,24.560001,25.08,25.53,24.72,25.07,25.14,25.13,25.77,25.7,23.071175
Luxembourg,Europe & Central Asia,High income,DT.TDS.DPPF.XP.ZS,10.082751,9.235945,9.076441,8.958912,8.54421,8.203645,8.121534,8.09314,8.905316,8.640857,8.28809,7.694119,7.270086,7.1239977,7.1158648,7.1108303,6.8427625,6.7391396,6.4769535,5.8371067,5.766614,5.6542606,5.764101,6.241874,6.8834457,6.907951,6.8916316,6.75407,6.738004,7.084801,8.394846
Luxembourg,Europe & Central Asia,High income,EG.ELC.ACCS.ZS,100.0,100.0,100.0,100.0,100.0,100.0,100.0,100.0,100.0,100.0,100.0,100.0,100.0,100.0,100.0,100.0,100.0,100.0,100.0,100.0,100.0,100.0,100.0,100.0,100.0,100.0,100.0,100.0,100.0,100.0,100.0
Luxembourg,Europe & Central Asia,High income,GFDD.AI.01,315.43823,-226.19778,-525.7151,371.72986,748.5056,1009.50665,2060.4285,1419.8756,1651.2119,-190.65915,-1008.85645,-2390.5107,-2535.0974,-2673.5793,-2683.7598,-3268.2415,-3434.4194,-3230.7532,-2638.338,-1990.661,-2045.6619,-2663.8892,-2864.7598,-2699.9104,-2329.4382,-2503.0417,-2580.061,-2946.4207,-3083.6584,-2986.0127,-2648.6462
Luxembourg,Europe & Central Asia,High income,GFDD.DI.04,99.221565,99.290565,99.44764,98.26511,98.917984,99.168594,99.172134,99.26321,97.25799,96.51917,95.86355,94.71362,94.9172,95.1542,95.23317,97.03192,97.24707,97.018394,96.564064,96.46538,96.14479,96.19758,96.47032,96.538506,96.12416,98.15567,97.636444,97.215416,97.2314,97.3579,95.85725
Luxembourg,Europe & Central Asia,High income,GFDD.DI.05,277.5666,244.3083,298.53882,0.9964581,296.82483,285.4231,311.9917,320.4873,183.0375,187.0948,189.27003,857.68823,862.7452,866.91016,857.5674,865.563,854.6236,927.4318,896.2333,747.7322,634.4688,708.8638,630.67,565.46466,576.31464,628.2961,636.42645,628.3061,634.1251,660.5718,688.52405
Luxembourg,Europe & Central Asia,High income,GFDD.DI.06,0.8219443,0.721835,0.6473721,0.99645823,0.9269494,0.79055566,0.7419577,0.6744153,8.494736,8.891489,9.09943,8.906912,9.12907,9.040572,8.478129,6.639492,6.809112,7.195436,7.3316474,7.151366,6.7575035,6.634792,6.3936796,6.558646,7.2670984,1.867301,2.5031989,3.068656,3.172515,3.1114361,4.808385
Luxembourg,Europe & Central Asia,High income,GFDD.DI.11,69.748825,70.25395,73.17775,68.577736,70.70551,86.57798,115.7562,140.24844,158.53496,169.91634,178.75208,182.66837,175.34619,186.39748,198.68117,79.405136,80.98614,83.44712,84.60916,80.35737,79.99056,79.30798,77.660675,77.2643,77.74693,75.98654,76.80868,77.83198,78.65958,78.9103,80.34279
Luxembourg,Europe & Central Asia,High income,GFDD.DM.11,43.313828,43.17948,46.01928,43.00261,43.960243,42.537163,42.700924,43.644028,52.21144,56.151127,59.33254,67.15598,65.591385,65.222694,65.74763,64.368774,65.960556,68.31051,69.78744,67.356606,64.431946,61.49694,58.675446,59.272945,61.756535,51.74693,52.40248,52.02741,51.126324,50.569416,55.136093
Luxembourg,Europe & Central Asia,High income,GFDD.EI.08,9.446482,7.3437324,24.6596,24.48316,26.493063,26.663334,27.340757,28.25271,26.48681,26.683777,26.634605,4.397005,4.106178,4.922355,4.217899,4.13791,4.283828,4.412635,6.808373,7.0369983,7.674037,7.38435,7.516189,7.6892543,7.862321,7.602189,6.6823153,6.192325,5.6376343,5.97249,5.481061
Luxembourg,Europe & Central Asia,High income,GFDD.OI.02,276.74472,243.58652,297.89142,151.35373,295.8978,284.6325,311.1121,319.6757,156.82874,157.61876,157.98763,339.84842,338.96262,347.4321,354.35678,401.38388,419.1479,454.33682,462.12952,347.23032,329.394,331.8806,307.3663,327.3178,359.5931,386.9359,382.86322,388.9182,402.6625,413.207,428.7701
Luxembourg,Europe & Central Asia,High income,SH.STA.BRTC.ZS,99.20339,99.93844,100.82638,101.34776,101.12445,100.42882,100.311005,100.16295,100.945656,101.52722,102.057556,102.656334,99.9,99.9,102.28609,102.48694,102.69957,102.99098,102.9816,99.9,102.240135,101.90623,101.77819,101.77368,101.95579,101.60973,101.52526,101.336235,101.08214,100.79586,100.72315
Luxembourg,Europe & Central Asia,High income,SL.IND.EMPL.ZS,28.867174,27.11,26.59,26.42,26.98,25.26,22.94,23.320002,21.61,21.98,20.79,21.430002,20.09,19.29,18.85,17.300001,16.690002,16.92,15.280001,12.910001,13.35,13.36,12.67,12.04,10.98,12.520001,12.05,10.760001,11.750001,10.81,22.961462
"Macao SAR, China",East Asia & Pacific,High income,DT.TDS.DPPF.XP.ZS,10.508745,9.580292,9.300257,8.767954,8.321312,8.213429,8.211753,8.221579,8.123689,7.951465,7.5913286,7.6950502,7.6865425,7.480725,6.8810067,6.3682485,6.004986,5.81881,5.7062635,5.588999,5.3470087,5.2816415,5.395008,5.905977,6.646555,7.1248817,7.0577693,6.707134,6.5695715,7.090623,9.257463
"Macao SAR, China",East Asia & Pacific,High income,EG.ELC.ACCS.ZS,99.84928,99.880585,99.91144,99.94163,100.0,100.0,100.0,100.0,100.0,100.0,100.0,100.0,100.0,100.0,100.0,100.0,100.0,100.0,100.0,100.0,100.0,100.0,100.0,100.0,100.0,100.0,100.0,100.0,100.0,100.0,100.0
"Macao SAR, China",East Asia & Pacific,High income,GFDD.AI.01,-212.48122,-630.1993,-782.6747,-246.02905,629.82306,1476.0522,2620.0105,1588.6444,-235.84299,-1827.7715,-2779.6394,-3151.626,-2985.5686,-2936.0208,-3217.6294,-3675.4531,-3764.9487,-3312.637,-2583.869,-2301.3108,-2398.9797,-2942.6338,-3374.987,-3165.4033,-2763.7754,-2602.9363,-2846.7053,-3156.9907,-3191.978,-3184.8828,-3482.4062
"Macao SAR, China",East Asia & Pacific,High income,GFDD.DI.04,99.67554,99.70334,99.81001,99.635155,99.83166,99.83459,99.8082,99.765335,99.66638,99.54871,99.520294,96.70208,96.636955,96.78125,96.73343,97.20046,97.38919,97.33076,96.88173,96.1834,95.4585,95.25944,95.50982,95.64995,95.359955,94.617516,93.67751,93.15585,92.99466,92.99616,91.936874
"Macao SAR, China",East Asia & Pacific,High income,GFDD.DI.05,117.6863,139.1954,129.6669,120.319595,121.84411,123.6927,130.0113,134.8887,148.6552,164.5321,156.18791,165.78691,166.7838,167.6352,141.3952,139.011,141.7023,125.0194,112.35361,122.9411,107.3979,100.7321,108.5357,107.102104,111.056206,131.2716,147.572,145.91031,145.7898,154.3154,355.8252
"Macao SAR, China",East Asia & Pacific,High income,GFDD.DI.06,0.2069892,0.1974252,0.1271089,0.2937463,0.1337606,0.1232589,0.1495435,0.19840929,0.2642059,0.36481428,0.3468888,5.7973437,5.827308,5.9307766,6.244281,5.4461145,5.0252233,4.910684,5.39685,5.8365183,5.862215,5.5868635,5.360529,5.545366,6.104843,7.0461802,7.7559304,7.8033705,7.62332,7.3544445,7.706665
"Macao SAR, China",East Asia & Pacific,High income,GFDD.DI.11,19.206806,22.294828,24.55365,25.35652,25.141281,23.82311,21.895876,22.0913,22.867285,23.83221,24.50421,26.956427,25.860748,24.271822,22.266804,23.312311,24.230911,25.114681,25.856382,26.198542,25.443132,25.019796,24.927176,25.115093,25.504124,26.729288,28.214767,29.053196,29.73191,30.460144,35.043823
"Macao SAR, China",East Asia & Pacific,High income,GFDD.DM.11,13.174089,16.28663,18.697487,19.978367,19.299744,17.633118,15.409704,15.862994,18.062895,20.641748,22.305801,28.740473,28.26713,27.23267,27.267557,28.206755,30.458843,31.398748,32.277996,31.53724,29.129675,26.720926,25.29772,25.94107,28.03204,30.528017,32.04762,31.609673,30.548439,30.091808,37.85405
"Macao SAR, China",East Asia & Pacific,High income,GFDD.EI.08,0.9534367,0.76230156,0.7180151,0.4785993,0.286689,0.1282727,11.378733,0.0005213,0.0040854,11.897052,11.750435,11.510629,11.425273,11.401359,11.30841,11.077508,10.922961,10.557094,10.509222,10.713394,10.877796,11.164311,11.412713,11.348244,11.239757,11.343089,11.620443,11.980559,12.376897,12.627752,14.637681
"Macao SAR, China",East Asia & Pacific,High income,GFDD.OI.02,114.9992,136.4653,127.194214,117.92521,119.46001,121.412506,127.51601,132.26932,145.78891,161.05511,153.02951,162.67632,163.64061,164.37581,138.4068,136.2046,139.0646,122.563,109.932594,120.285,105.151,98.69912,106.4279,105.0252,108.687096,128.06601,143.96042,142.37181,142.3395,150.66641,346.5976
"Macao SAR, China",East Asia & Pacific,High income,SH.STA.BRTC.ZS,96.636375,97.54893,98.22745,98.487724,98.57224,98.43,98.24275,98.34927,98.63182,98.85417,99.37546,100.28568,100.19624,100.10341,100.0,99.5274,99.32309,99.46728,99.81195,99.89819,99.691154,99.29961,99.05639,99.065285,99.25198,99.48206,99.47255,99.23145,98.91655,98.70638,99.12002
"Macao SAR, China",East Asia & Pacific,High income,SL.IND.EMPL.ZS,27.456781,38.05,37.41,36.64,35.79,34.86,33.82,32.98,32.04,30.48,28.05,30.460001,28.44,26.86,25.14,24.910002,23.03,18.02,19.690002,15.68,13.67,12.86,12.8,12.640001,15.660001,15.8,13.67,10.57,9.98,9.660001,22.04504
Madagascar,Sub-Saharan Africa,Low income,DT.TDS.DPPF.XP.ZS,44.354385,31.882051,18.358559,14.357444,9.552832,7.263419,10.041516,32.003902,17.698084,20.504736,12.862546,6.171612,5.4207664,8.405304,8.88386,5.838425,3.5271127,0.859276,0.95827013,2.143985,2.5299432,1.648711,2.2845247,2.172328,2.6418917,4.292687,3.244599,3.0125308,2.4464722,2.467666,4.261691
Madagascar,Sub-Saharan Africa,Low income,EG.ELC.ACCS.ZS,7.5644546,6.026791,9.2,10.105623,10.561648,11.015635,11.466901,10.900001,12.358555,12.797501,12.72419,14.8,14.046575,20.299997,15.348019,15.99676,16.647373,17.302511,17.96488,17.399998,12.3,14.299999,18.7,12.9,22.235073,23.005934,22.9,24.1,36.5,31.039999,33.735077
Madagascar,Sub-Saharan Africa,Low income,GFDD.AI.01,943.49945,2442.6396,7745.8433,6571.034,7490.8896,8496.9,9153.969,10303.849,7863.699,6773.6226,7384.4165,4416.861,4075.4202,4007.4553,18.486307,20.0263,21.79238,26.390253,36.853287,39.653694,106.32275,52.261375,53.900505,59.322582,60.12297,73.390045,72.22246,79.75755,86.140305,98.41949,106.781136
Madagascar,Sub-Saharan Africa,Low income,GFDD.DI.04,42.43602,44.24723,45.46858,52.92141,57.19474,57.18209,57.78262,62.93053,56.86789,56.352722,57.6901,60.81721,61.292923,66.63515,73.90465,74.559784,78.77698,81.29895,85.92503,84.984375,86.00847,84.7179,86.71094,86.68476,81.357574,78.43435,79.63161,84.089584,86.12075,88.901665,81.92842
Madagascar,Sub-Saharan Africa,Low income,GFDD.DI.05,13.953549,17.484018,18.293259,21.04267,22.8916,17.72189,18.01315,20.74053,21.17012,22.65378,22.43129,18.8513,19.94375,20.11014,20.99487,17.312738,18.75015,19.44711,19.12474,20.73451,20.51612,21.357449,21.052351,20.34306,20.601479,21.60253,15.946289,25.55287,25.20756,23.9142,26.9539
Madagascar,Sub-Saharan Africa,Low income,GFDD.DI.06,18.89783,18.51171,16.23649,14.662661,11.0085,7.887051,6.4925838,5.8469143,7.118862,6.96832,6.8117776,6.622746,6.841612,6.0573425,4.050514,3.4593942,2.8789039,2.502135,1.9494531,2.3041651,2.0652242,2.2195408,1.9941001,2.049086,3.1015918,3.845187,3.5901191,3.1950212,2.771511,2.260542,4.5821733
Madagascar,Sub-Saharan Africa,Low income,GFDD.DI.11,-8.350356,-5.131602,-4.57801,-4.00185,-4.162225,-4.9373646,-5.759247,-6.19022,-5.5826507,-5.0836244,-4.436893,-3.9990933,-4.6637073,-5.809908,1.6758432,1.004135,1.0096962,1.0221429,1.1111686,1.5942686,1.6742501,1.5974932,1.4750897,1.7149137,1.7649431,1.5004988,1.3719895,1.330832,1.3303736,-3.6648176,-4.4716926
Madagascar,Sub-Saharan Africa,Low income,GFDD.DM.11,7.6115665,10.346829,17.142946,16.347673,17.337994,16.750183,15.588014,17.11668,15.681168,19.748404,22.833048,20.35167,19.913647,18.904917,23.39057,20.64083,19.766518,18.533699,17.307308,18.10279,15.085707,14.166974,13.025109,14.855506,13.510302,14.38484,15.080624,15.028646,15.848967,10.861386,10.1522255
Madagascar,Sub-Saharan Africa,Low income,GFDD.EI.08,1.03994,0.43327528,0.27400962,2.8308172,2.319617,1.063058,1.029825,1.64275,1.8220251,1.789219,1.9358929,3.299978,4.1752553,4.558849,2.864183,1.643094,2.9484892,3.2346082,3.0741549,3.689028,3.4521809,3.995405,4.591729,3.950236,3.309583,3.246098,3.743946,4.25569,4.5102344,4.585709,5.177896
Madagascar,Sub-Saharan Africa,Low income,GFDD.OI.02,8.992251,11.517671,12.63887,14.17768,15.22698,11.360061,11.054251,12.23697,11.41114,11.96374,11.70038,12.82343,13.56995,13.595271,14.74438,12.20539,13.52899,14.124241,14.01212,15.359652,14.883911,15.03958,15.08233,14.47769,14.5628395,15.2320595,15.94467,17.84226,17.243452,17.373621,19.78046
Madagascar,Sub-Saharan Africa,Low income,SH.STA.BRTC.ZS,42.01098,41.3131,56.999996,40.12807,40.478622,40.32813,39.86197,47.3,39.66073,39.787647,47.0,42.91868,44.165665,45.20611,51.300003,48.329105,49.36006,50.537827,51.513588,43.9,52.482735,52.92886,53.709682,44.300003,55.41652,55.806355,56.457245,57.191204,46.0,57.798916,58.291203
Madagascar,Sub-Saharan Africa,Low income,SL.IND.EMPL.ZS,10.392907,10.22,10.140001,10.040001,9.910001,9.770001,9.59,9.36,9.11,8.83,8.31,7.5800004,7.11,6.71,4.73,3.42,3.81,4.26,4.79,5.33,5.99,6.76,7.69,7.9700003,8.18,8.34,8.540001,8.59,8.68,8.73,9.580782
Malawi,Sub-Saharan Africa,Low income,DT.TDS.DPPF.XP.ZS,28.031338,24.10441,23.486551,22.204155,22.345003,24.406713,15.169201,13.893251,14.680725,13.79571,12.898671,9.322315,7.50968,6.6269746,10.446047,12.426188,8.639382,3.6311038,3.121442,2.828207,1.6405022,1.378802,2.0338058,3.1341815,4.089588,5.5172243,6.3115716,6.609353,7.1291547,7.3028693,8.669429
Malawi,Sub-Saharan Africa,Low income,EG.ELC.ACCS.ZS,1.8645865,0.2895629,3.1999998,1.5535558,2.0136614,2.4717271,2.9270735,3.37902,3.8268878,4.2699127,4.8,5.13952,5.5341597,6.2,6.9,6.696063,3.6532276,7.476292,7.875899,8.285444,8.7,7.6,7.4,9.0,11.9,10.8,11.0,12.7,18.02,11.2,14.866769
Malawi,Sub-Saharan Africa,Low income,GFDD.AI.01,301.6612,1907.6414,7276.0635,6253.88,7414.1914,8494.243,9117.104,8862.026,7817.646,6794.0815,7600.985,4634.922,6169.4307,4439.007,6092.0327,5633.0596,4492.47,128.27364,4147.5586,165.2421,190.0642,192.18135,212.75848,247.04639,3452.5454,106.24317,181.70103,148.32465,178.87126,169.66832,-128.75346
Malawi,Sub-Saharan Africa,Low income,GFDD.DI.04,55.22119,57.9217,53.463623,53.826157,53.10332,62.30645,80.32079,75.17635,56.315727,69.87358,92.56343,61.30761,52.44876,58.873806,56.76894,56.87318,74.28358,71.123314,53.86263,54.014153,63.476933,62.61225,66.500114,64.24564,78.124146,72.99092,54.512417,68.07272,69.09544,70.136284,71.22165
Malawi,Sub-Saharan Africa,Low income,GFDD.DI.05,9.004798,8.9443035,9.890676,9.947801,11.667899,8.6842,7.520563,6.129355,8.349989,8.343176,8.917637,9.542171,8.929533,9.830302,10.55238,11.17265,10.310989,12.6236,13.26409,14.142389,15.71295,17.82053,18.27604,18.43311,17.02965,17.29313,16.16093,17.724106,16.311735,16.367634,19.03035
Malawi,Sub-Saharan Africa,Low income,GFDD.DI.06,4.528121,3.918645,5.8299007,4.834764,5.567515,2.671608,1.020514,0.995483,2.9510581,1.482405,0.2996753,2.0421991,3.552224,3.3406029,3.5627332,3.753479,1.8572091,2.697751,8.30485,8.948461,6.980234,8.090053,6.556393,6.560851,2.984865,4.298368,8.248419,7.439518,7.6793714,8.200969,9.005745
Malawi,Sub-Saharan Africa,Low income,GFDD.DI.11,-8.573336,-5.3052816,-4.537827,-3.9646401,-3.970971,-4.903691,-5.9236073,-6.0879054,-5.623156,-5.264376,-4.8994856,-4.098838,-4.8469486,-5.791887,-6.8857813,-6.57679,5.793598,8.239427,7.952045,7.783255,6.934597,6.3364353,6.7692547,9.418775,9.669021,9.608196,9.505931,8.043445,9.438689,9.722769,9.970754
Malawi,Sub-Saharan Africa,Low income,GFDD.DM.11,7.787707,9.926978,16.594288,15.923155,17.081572,16.661709,15.666909,15.785756,16.062498,20.119698,23.152052,20.961046,22.835209,20.409876,21.680494,21.36012,23.240074,21.980213,22.22738,20.708206,20.874958,18.647293,17.409927,17.275719,17.570026,18.460135,20.777014,20.766954,19.290073,17.516068,15.651915
Malawi,Sub-Saharan Africa,Low income,GFDD.EI.08,2.4630601,2.517662,2.7143831,5.3706307,4.217895,4.9173326,6.1408,3.699686,2.8932052,3.647143,3.50348,2.66815,2.769771,3.596333,2.908472,2.9267201,2.450967,3.877338,4.537632,3.9243178,3.251671,5.1434417,3.750891,4.1457853,3.6052,4.171277,3.602009,3.7206128,4.1907234,4.7865562,5.300089
Malawi,Sub-Saharan Africa,Low income,GFDD.OI.02,6.589524,6.051783,6.811628,6.6696477,7.8745604,6.04926,5.3557377,4.242911,5.789053,5.069833,5.67067,6.136481,5.840311,6.3540483,6.651844,6.897953,6.1892853,7.472087,10.86466,11.90823,13.633591,15.425151,15.65701,15.749171,14.31802,14.837851,13.53119,17.053642,16.4331,17.228363,23.397867
Malawi,Sub-Saharan Africa,Low income,SH.STA.BRTC.ZS,39.95583,39.215492,54.799995,37.637432,37.73905,37.65191,37.549744,36.95744,36.83755,37.047894,55.6,39.70963,60.499996,41.37017,56.1,56.1,53.600002,45.92145,68.0,46.383305,71.4,47.313625,47.962456,48.79713,87.399994,49.78095,89.799995,47.74491,48.52018,48.987354,48.666542
Malawi,Sub-Saharan Africa,Low income,SL.IND.EMPL.ZS,9.805026,6.75,6.75,6.66,6.65,6.61,6.56,6.51,6.47,6.39,6.29,6.16,6.06,6.02,5.92,5.85,5.87,5.89,5.83,5.8,5.78,5.78,5.74,5.71,5.67,5.62,5.56,5.5,5.43,5.37,7.8614693
Malaysia,East Asia & Pacific,Upper middle income,DT.TDS.DPPF.XP.ZS,9.568904,9.975865,9.930878,9.4663515,9.011774,8.558139,8.823476,8.65483,8.2491455,8.520125,7.1786885,6.8887663,6.5066676,6.4502263,6.2265844,5.9009004,5.606408,5.426642,5.2449627,5.1717806,5.1268244,5.1452026,5.2035584,5.2181673,5.5673184,5.790805,5.8119287,5.6892414,6.0021076,6.2764926,7.3792996
Malaysia,East Asia & Pacific,Upper middle income,EG.ELC.ACCS.ZS,99.03234,98.615585,97.7163,97.38784,97.5867,98.86949,99.280525,100.045235,100.378235,100.55521,99.10397,99.12567,99.139786,99.14866,99.154655,99.16011,99.167435,99.17928,99.198364,99.3,99.374054,99.46547,99.8,99.604454,99.65095,99.77882,99.90001,99.952484,99.99224,100.0,100.0
Malaysia,East Asia & Pacific,Upper middle income,GFDD.AI.01,339.28748,376.72064,-245.39067,208.56378,1338.9326,1990.9935,3625.42,3010.695,811.83405,-488.67313,-2055.7395,-2249.4958,-2315.6033,-2347.9177,-2548.1924,-2749.025,-2854.4907,-2632.9834,-2164.0503,-1947.0303,-2073.881,-2317.1575,-2434.2156,735.0447,766.63983,771.5895,755.2203,708.8383,705.24084,708.4094,705.8521
Malaysia,East Asia & Pacific,Upper middle income,GFDD.DI.04,97.24126,98.58255,99.45971,99.116615,99.30817,99.06834,95.97881,96.41802,95.86522,94.800476,93.90585,94.348976,98.30407,98.54878,98.6468,98.913475,99.131714,99.13511,99.55878,99.58031,99.701,99.76115,99.76974,99.78576,99.80173,99.85466,99.720566,99.73949,99.81155,99.88642,99.48733
Malaysia,East Asia & Pacific,Upper middle income,GFDD.DI.05,64.37711,66.30881,102.223206,113.0341,111.039,115.6298,120.1252,125.506805,125.15191,132.12122,122.698906,135.3061,129.369,127.9944,126.3368,117.16151,118.987305,117.904495,113.4073,139.1656,129.6452,133.8901,136.8038,140.0929,137.1028,132.813,128.58371,122.5343,125.104805,123.07361,137.77312
Malaysia,East Asia & Pacific,Upper middle income,GFDD.DI.06,2.251577,1.192238,0.6440716,1.016586,0.8091128,1.223339,6.0623417,6.031299,7.0414104,8.276888,8.786141,8.175417,2.240871,1.878159,1.655814,1.245569,0.96573555,0.9352255,0.47169837,0.5359823,0.3635635,0.2921688,0.2949859,0.2886051,0.2718249,0.20131122,0.38565373,0.3482644,0.2644749,0.15958731,0.81887555
Malaysia,East Asia & Pacific,Upper middle income,GFDD.DI.11,7.433843,16.257477,18.775356,19.646385,19.151339,17.52571,17.159136,17.003273,16.875141,19.146235,19.883678,20.189274,15.967459,16.840132,16.822016,16.972836,17.352905,17.565296,16.2361,19.906574,19.948433,19.283962,19.859499,20.582499,19.897573,20.311893,19.645506,19.326647,18.8264,19.4211,22.223295
Malaysia,East Asia & Pacific,Upper middle income,GFDD.DM.11,6.6970057,6.219213,9.010249,10.978492,10.920057,11.443172,8.705499,9.115308,12.325397,14.193424,15.644081,0.66405207,1.090407,1.171905,1.1716009,1.641725,1.6182891,1.379006,1.908727,3.610224,4.192346,4.515265,5.59181,6.020532,6.526103,7.186598,7.8118668,7.8930435,5.61905,6.4363694,7.481109
Malaysia,East Asia & Pacific,Upper middle income,GFDD.EI.08,9.275145,8.409437,9.464511,7.670881,6.6406736,5.439226,5.805398,6.845293,9.553944,8.4858675,7.949414,8.505836,7.84107,8.217636,8.335369,6.7766323,6.462083,5.514824,9.385311,15.01279,13.995,13.480929,13.569679,14.42289,16.063889,15.2513895,15.69619,16.20892,19.810099,19.5131,24.806858
Malaysia,East Asia & Pacific,Upper middle income,GFDD.OI.02,54.887337,57.30137,91.19444,102.0156,98.52184,103.3107,104.594894,110.2482,114.069496,122.13861,112.8513,126.060905,119.885216,120.01911,117.69961,109.1722,111.4303,111.8813,107.8416,128.44481,120.1073,124.59061,127.86561,131.0874,127.98,124.37111,119.7394,113.3701,115.605705,114.0213,126.4027
Malaysia,East Asia & Pacific,Upper middle income,SH.STA.BRTC.ZS,92.8,100.3302,100.60962,100.71551,100.80738,95.1,101.27942,101.56747,96.2,102.16637,96.6,96.8,97.0,97.6,97.99999,98.100006,98.4,98.6,98.6,98.6,98.6,98.6,98.7,98.799995,98.97001,99.4,99.5,99.6,101.25029,101.08991,101.29686
Malaysia,East Asia & Pacific,Upper middle income,SL.IND.EMPL.ZS,27.601164,31.339998,31.619999,32.02,32.15,32.34,32.23,33.66,31.76,31.7,32.18,33.11,31.980001,32.02,30.130001,29.72,30.260002,28.46,28.670002,27.01,27.62,28.45,27.57,27.94,27.74,27.520002,27.49,27.72,27.11,27.01,24.565056
Maldives,South Asia,Upper middle income,DT.TDS.DPPF.XP.ZS,3.9866185,3.6395679,3.0451965,3.7377188,3.3754628,3.3112776,3.0708623,6.900582,3.5607588,3.7787783,3.9943507,4.314097,4.1803155,3.52016,4.038824,5.9193254,3.7328918,2.132247,2.6794035,3.4760096,3.0342977,3.1431372,3.1057377,2.4296248,5.21907,3.0457249,3.1077278,3.5398004,10.796396,10.951705,15.208212
Maldives,South Asia,Upper middle income,EG.ELC.ACCS.ZS,84.1476,81.50384,78.134865,77.15144,79.71866,79.85207,81.92641,83.659904,85.05904,86.06779,83.8,87.48629,88.3575,89.223465,90.08655,90.94909,91.81351,92.68245,93.558624,99.90001,99.15686,99.27725,99.38667,99.47417,100.0,99.706474,100.0,99.8,100.0,100.0,100.0
Maldives,South Asia,Upper middle income,GFDD.AI.01,3704.8416,3832.2341,3706.9368,4651.374,6911.388,7367.2925,8217.561,7574.1787,6018.528,4444.073,4581.7773,4975.6533,3336.344,3360.865,641.3322,713.4091,770.72107,850.16156,911.08777,973.7707,978.9336,1073.625,1003.34845,990.05396,1196.3871,976.7601,984.93854,944.7892,971.7047,986.1257,975.75684
Maldives,South Asia,Upper middle income,GFDD.DI.04,56.300728,46.0956,40.14053,38.647358,39.06528,42.93863,46.48658,54.465057,57.93176,56.364403,52.993362,55.8308,57.53708,60.83491,74.64166,77.1199,84.96962,88.25529,84.56297,82.796394,84.441376,85.393936,80.58895,76.741394,77.56686,80.134285,77.99986,80.33906,83.141426,86.13388,83.447556
Maldives,South Asia,Upper middle income,GFDD.DI.05,26.08787,26.679659,24.99286,28.94925,30.743328,31.162878,34.82154,38.054493,44.04418,41.79499,41.091118,30.919258,34.280083,33.47011,33.30608,39.1795,34.86461,37.86959,36.80858,40.565357,43.70816,43.077763,40.599792,41.50588,43.320198,43.74387,41.44748,39.67382,36.358646,37.720272,64.62844
Maldives,South Asia,Upper middle income,GFDD.DI.06,15.71861,19.511011,20.85191,26.05373,24.37729,23.09321,18.778149,15.38201,16.16471,16.70615,19.19562,14.928149,14.89102,11.30735,8.259179,11.916679,7.9788504,7.6661286,11.56563,14.05034,11.855109,9.688252,11.303941,12.378369,11.33716,10.23729,12.62331,10.60666,8.536868,7.147593,16.332531
Maldives,South Asia,Upper middle income,GFDD.DI.11,-9.564627,-7.0174365,-4.806527,-3.669979,-4.215197,-5.0019035,-6.065452,-6.2465224,-5.497755,-4.7849584,-5.620425,-5.087792,-5.3423047,-7.422163,-8.29036,-7.123005,-6.3359203,-5.8425765,-5.612166,-5.7364926,-6.0797086,-6.2321424,-5.857806,-5.2857223,-4.74927,-4.5015817,-3.9283235,-3.916974,-3.1653547,-3.1977596,-3.5348232
Maldives,South Asia,Upper middle income,GFDD.DM.11,-3.4602253,0.7085115,4.592668,7.5712337,11.105548,6.7833734,4.745249,4.3465424,5.7986064,10.302232,10.846257,11.573892,8.749674,8.033914,11.22193,11.798021,10.92505,9.497955,8.221937,7.5284595,6.8405647,6.281489,5.92112,5.6250005,6.191384,5.848418,7.2864785,8.366893,6.780118,6.1805105,7.366593
Maldives,South Asia,Upper middle income,GFDD.EI.08,7.285297,6.3286014,5.080668,4.7781153,3.098659,2.935563,2.3741372,1.3514559,1.9837551,2.176803,1.9415551,2.530884,3.0151181,0.8500625,1.718367,3.3625782,4.477968,6.570695,7.4849353,15.82465,18.50483,16.934769,14.23599,11.947539,12.745799,14.674189,17.15205,15.083889,13.76297,15.48861,31.89179
Maldives,South Asia,Upper middle income,GFDD.OI.02,14.25831,15.26283,13.64443,17.58598,19.03945,20.519371,25.253542,28.32813,33.80827,32.50087,31.659607,25.16928,28.895609,28.4184,32.616108,38.501198,34.43283,36.667767,36.951866,40.90046,43.172237,42.319878,40.32923,41.2243,43.10711,43.921085,41.22009,39.770836,36.8093,38.30955,65.951546
Maldives,South Asia,Upper middle income,SH.STA.BRTC.ZS,83.77622,82.32018,80.70166,79.9742,90.0,80.98014,81.8256,82.35761,82.88374,83.43242,86.0623,70.299995,88.4846,89.39258,84.0,91.6,94.2,96.3,98.3,94.799995,98.200005,98.799995,95.50001,95.600006,95.600006,95.9229,95.742775,99.5,95.275185,95.39504,95.88768
Maldives,South Asia,Upper middle income,SL.IND.EMPL.ZS,21.577995,27.21,27.16,27.09,27.060001,27.020002,26.95,26.92,26.820002,26.59,26.040003,24.97,24.410002,23.99,22.4,20.27,19.35,18.16,17.41,16.31,16.68,17.15,17.300001,17.540003,17.950003,18.39,18.76,18.85,19.12,19.13,21.020384
Mali,Sub-Saharan Africa,Low income,DT.TDS.DPPF.XP.ZS,14.6554165,9.183084,11.939216,16.081987,21.142752,15.794739,20.76003,10.623504,11.069005,13.848871,12.913407,8.71608,7.353272,6.3144803,7.826141,6.6619287,4.259889,3.143756,2.6052463,3.0857625,2.4469314,2.3421218,1.7402691,3.0932777,2.9723504,3.2305717,3.4832368,3.9759603,4.3439684,7.5965624,8.590119
Mali,Sub-Saharan Africa,Low income,EG.ELC.ACCS.ZS,8.074804,5.627042,5.862455,7.279523,8.180022,8.507308,6.2,4.2885413,6.0668635,7.840344,9.5932,10.8,13.059765,14.784019,16.505386,18.22622,16.6,21.676151,23.410604,24.030895,26.912048,28.684452,25.599998,32.28523,34.11334,37.6,38.78982,34.779995,50.9,47.836277,50.561417
Mali,Sub-Saharan Africa,Low income,GFDD.AI.01,-1837.1147,-824.2619,197.9704,1476.1432,2863.628,4235.1147,7053.43,5371.88,4577.659,2412.0847,1045.3408,1883.2815,6.3076153,-685.02893,54.865665,57.122696,84.03511,71.253845,90.42834,86.63578,97.399826,124.584274,154.72491,144.17795,146.0126,137.84695,142.98267,163.98375,173.66241,174.7031,180.98723
Mali,Sub-Saharan Africa,Low income,GFDD.DI.04,72.08947,72.01294,71.888214,70.3518,65.780365,69.67987,71.70739,68.4924,71.414185,72.695145,73.463745,74.962654,79.49063,82.90774,85.52599,87.695915,96.64066,97.17091,96.08325,91.66951,92.335655,92.051765,92.37011,92.72751,94.46266,95.470985,95.839134,95.71501,94.32228,94.63261,92.090004
Mali,Sub-Saharan Africa,Low income,GFDD.DI.05,18.15668,17.997849,19.192911,19.69907,19.130968,17.97654,19.67644,20.584711,18.60398,17.14488,19.42005,19.178728,23.09817,28.75457,26.65899,25.50913,25.20444,25.321619,22.88604,23.814,24.29542,24.25126,26.96746,27.743841,27.64502,28.89003,27.80104,27.01606,29.02747,29.624908,36.7383
Mali,Sub-Saharan Africa,Low income,GFDD.DI.06,4.578127,4.066986,4.5462418,4.736688,4.733758,4.598662,4.781247,5.955638,5.48105,5.329726,5.1774616,5.3511143,4.6206,4.30204,3.558174,2.673016,0.6907817,0.58383596,0.76237196,1.7060821,1.5545911,1.710065,1.6412879,1.770238,1.5637981,1.375415,1.504214,1.502344,2.0296059,1.901591,3.1649601
Mali,Sub-Saharan Africa,Low income,GFDD.DI.11,-6.5453033,-3.0114937,-1.0366092,-0.30491722,-0.29666322,-1.1333114,-3.1523552,-3.4290655,-3.1281538,-1.4121923,-0.83508486,-0.6939123,-1.3485373,0.5666724,0.5965094,0.49829164,0.50442964,0.47654164,0.45404825,0.4551882,0.49417493,0.51629597,0.53797185,0.54727864,0.6446103,0.6218605,0.6399684,0.69454265,0.6170179,-0.2384049,-1.0591598
Mali,Sub-Saharan Africa,Low income,GFDD.DM.11,4.7715983,6.8000884,9.942599,11.817286,12.68998,12.384243,14.027495,11.39525,10.882954,1.426045,0.8998411,0.9973251,1.015049,2.061413,1.657362,0.9439093,1.698728,0.9231074,2.234546,2.7624068,6.817224,2.9941938,2.580968,3.083538,5.169346,7.254197,5.757716,6.106049,5.5741267,8.293597,8.716274
Mali,Sub-Saharan Africa,Low income,GFDD.EI.08,0.436725,0.27790642,0.37946668,0.3612941,1.9961121,1.174556,1.3821139,1.1367289,0.6941991,0.6595443,0.8484405,2.371071,2.5568812,3.0515292,2.878765,4.291246,3.738584,4.001039,3.0791528,3.290756,3.154489,3.554091,3.153553,4.220724,6.367249,6.691159,8.275905,7.666602,8.230922,9.063898,10.65371
Mali,Sub-Saharan Africa,Low income,GFDD.OI.02,11.276581,10.93066,11.75722,12.177481,11.777471,10.37039,12.169511,12.838961,11.5786705,11.300771,12.347871,12.11637,13.95977,16.267921,17.0769,15.028081,15.667051,17.01501,15.58817,17.4712,18.38775,17.46338,18.865051,19.9452,21.479841,23.5208,22.35688,21.777931,23.55886,23.28216,27.05879
Mali,Sub-Saharan Africa,Low income,SH.STA.BRTC.ZS,47.082176,46.030403,45.689507,46.08832,46.145954,46.145073,40.0,44.363377,45.11027,45.43236,47.058792,40.600002,50.196728,51.919426,54.370087,55.376015,48.999996,57.67923,58.665977,59.501545,28.1,61.048195,61.86561,58.6,64.24158,43.7,65.8368,66.33264,67.3,65.42187,65.951355
Mali,Sub-Saharan Africa,Low income,SL.IND.EMPL.ZS,11.990052,7.9800005,7.9500003,7.93,7.9,7.8900003,7.880001,7.9,7.9200006,7.9500003,8.010001,8.1,8.130001,8.17,8.17,8.18,8.290001,8.23,8.2,8.24,8.2,8.140001,8.05,7.9800005,8.000001,8.260001,6.72,8.24,7.6600003,7.56,12.3797245
Malta,Middle East & North Africa,High income,DT.TDS.DPPF.XP.ZS,10.160785,9.305443,9.08361,8.369002,8.233778,8.091337,8.0832,8.028812,7.8460803,7.619424,7.420141,6.868276,6.7891827,6.7345304,6.3994293,6.029945,5.7775893,5.576802,5.4087954,5.298414,4.8542585,4.877833,5.049649,5.3730307,5.807629,6.015088,5.7956557,5.690901,5.8692174,6.14715,7.292789
Malta,Middle East & North Africa,High income,EG.ELC.ACCS.ZS,100.0,100.0,100.0,100.0,100.0,100.0,100.0,100.0,100.0,100.0,100.0,100.0,100.0,100.0,100.0,100.0,100.0,100.0,100.0,100.0,100.0,100.0,100.0,100.0,100.0,100.0,100.0,100.0,100.0,100.0,100.0
Malta,Middle East & North Africa,High income,GFDD.AI.01,1167.0975,644.3603,437.38275,728.9673,1594.942,2429.479,3331.9377,2640.5442,964.40717,-768.4732,-1653.1515,-1748.4412,-1706.4213,-1577.2487,-1720.2173,-1812.5842,-2129.6538,-2013.0023,-1608.3696,-1359.2885,907.0007,954.3562,1000.2118,1143.7068,1239.2943,1962.6204,1870.9185,1832.3734,1279.9392,1257.9984,1531.8396
Malta,Middle East & North Africa,High income,GFDD.DI.04,96.78765,92.93978,93.17411,98.26224,96.62063,94.848114,95.15156,96.53335,98.72546,99.71091,99.600586,99.77099,99.83313,99.619934,99.16241,99.589355,98.92352,97.31959,96.84255,97.699745,97.18923,96.68964,97.035805,96.80632,96.30121,93.50741,90.32715,89.6408,89.77771,90.45061,89.93903
Malta,Middle East & North Africa,High income,GFDD.DI.05,129.1831,128.2579,129.5607,132.9235,139.61151,134.6382,139.4132,141.84961,144.06812,150.5002,143.899,150.84741,157.9786,152.9056,153.11711,137.79901,138.60919,143.1522,144.724,143.296,137.39761,139.64,142.0621,146.7952,167.7311,162.2543,168.6557,156.5889,151.8328,147.9879,172.2455
Malta,Middle East & North Africa,High income,GFDD.DI.06,2.743367,6.5435195,6.464622,1.745396,3.46109,5.1562567,5.391021,4.040643,1.5611031,0.3742025,0.5147412,0.3152872,0.2212617,0.47667393,1.0943741,0.51751673,1.405515,3.6117449,4.453579,3.517133,4.116903,5.056612,4.190124,4.260137,4.629589,7.432446,10.62505,10.28391,9.594891,8.734908,11.11281
Malta,Middle East & North Africa,High income,GFDD.DI.11,30.940723,33.28653,36.13495,35.71934,36.852257,34.87604,32.924644,32.966877,33.66779,37.24541,38.63333,37.470867,36.641533,35.422043,34.919502,35.30721,36.86734,38.4983,40.50359,41.480965,40.763313,40.336662,40.766415,40.680386,41.490776,41.328472,92.28087,88.64824,79.83743,99.44968,110.563614
Malta,Middle East & North Africa,High income,GFDD.DM.11,16.85829,19.21232,21.739475,24.633823,22.196642,20.380505,18.866804,18.761005,20.826132,20.090961,27.95138,30.513569,38.93618,51.673542,64.24933,74.294,87.79889,77.64236,144.57559,197.4845,240.9424,247.1643,303.3261,269.2652,296.4112,240.5514,195.2163,180.6111,118.7446,102.8106,113.4018
Malta,Middle East & North Africa,High income,GFDD.EI.08,4.971031,3.839324,3.485604,5.9126887,5.14748,4.89594,6.122207,8.708249,10.793659,12.09058,11.223479,12.855249,12.19805,13.853069,13.50206,28.217999,22.81507,22.815489,21.696169,27.3605,26.654789,29.01278,26.952278,27.015059,23.99092,21.847189,17.48916,14.607749,11.787709,11.176279,17.34211
Malta,Middle East & North Africa,High income,GFDD.OI.02,86.67858,87.352066,91.78198,96.580345,103.9091,101.6765,108.9595,114.634995,118.46801,124.76501,119.94311,126.79151,134.10901,129.16962,128.85062,115.317696,118.01011,132.1591,130.05312,129.6278,123.609406,124.15151,123.06771,124.007805,146.7725,145.4323,146.84041,138.056,69.14959,61.137516,147.22101
Malta,Middle East & North Africa,High income,SH.STA.BRTC.ZS,98.56471,99.29056,99.93418,97.99999,100.43022,100.23581,100.18138,100.279274,100.54404,100.50218,101.03357,99.9,99.5,99.5,99.9,99.7,98.799995,99.8,99.9,99.8,99.8,99.8,99.5,99.9,99.9,99.8,99.8,99.7,100.79888,100.67435,100.77606
Malta,Middle East & North Africa,High income,SL.IND.EMPL.ZS,27.975008,35.24,35.05,34.87,34.68,34.51,34.15,33.84,33.550003,33.160004,32.75,30.930002,31.530003,29.879997,29.45,29.85,28.34,26.320002,25.560001,25.02,25.52,24.52,22.170002,21.57,20.72,20.01,19.86,19.81,18.6,18.92,22.62398
Marshall Islands,East Asia & Pacific,Upper middle income,DT.TDS.DPPF.XP.ZS,12.403885,12.922816,13.24351,12.9527235,12.376308,11.887953,11.472098,11.326546,12.023307,11.14524,10.548534,10.309939,10.90326,9.903064,9.170996,8.209929,7.485773,7.5990977,6.7082186,6.741054,6.4258113,6.202013,5.5187654,5.8550916,6.440152,6.9917397,7.1424313,6.9605427,6.8135657,7.191416,8.203416
Marshall Islands,East Asia & Pacific,Upper middle income,EG.ELC.ACCS.ZS,81.17189,78.00807,75.336,73.7886,73.33227,73.892975,75.1609,76.74414,79.72877,68.52424,68.477974,69.964325,71.44309,72.916626,74.387276,75.85738,77.32937,72.3,80.28961,81.78328,89.23389,89.91961,90.56081,91.19685,91.82088,92.526276,93.36883,94.29735,95.91629,97.5382,99.16061
Marshall Islands,East Asia & Pacific,Upper middle income,GFDD.AI.01,145.49615,-123.37744,650.6006,2310.8464,3931.5068,5851.2583,6738.243,5735.541,4849.7075,2229.179,771.3373,286.68747,1244.8047,177.53273,-317.5307,-856.177,-903.6825,528.12537,-30.646063,742.22974,214.0532,-292.89532,-1717.8312,-1637.42,-1449.3915,-1483.8524,-1726.0044,-1479.4285,-2223.9287,-2425.4255,-2475.3586
Marshall Islands,East Asia & Pacific,Upper middle income,GFDD.DI.04,77.208275,74.95121,72.39346,71.35916,71.76276,72.43598,73.31768,74.56858,72.82238,74.28264,75.385765,76.51197,75.59395,77.84308,78.30302,79.32553,81.000496,80.65155,83.35264,82.19949,82.54717,82.89442,85.142105,86.16298,86.82797,86.761154,86.16665,85.51366,86.61473,87.35668,87.8394
Marshall Islands,East Asia & Pacific,Upper middle income,GFDD.DI.05,31.895437,31.74889,32.65853,33.16205,31.74094,30.605986,30.600649,32.250893,31.651493,30.378586,31.083992,32.027195,31.90506,32.402416,32.271736,32.955795,34.44917,35.857258,37.645256,42.0158,43.12832,42.811626,46.646908,49.117176,50.462753,51.591038,51.956875,50.80156,54.5916,57.035164,58.73834
Marshall Islands,East Asia & Pacific,Upper middle income,GFDD.DI.06,10.725189,12.497479,11.885014,10.287188,9.30528,9.181325,9.572669,10.254874,9.829875,8.753671,9.078628,9.205805,9.550406,9.578207,9.10092,8.28293,7.5807924,7.440862,7.665802,8.180677,8.173621,7.844588,7.8469205,8.202573,8.89405,9.558307,9.831535,9.538669,9.207332,9.27837,9.348223
Marshall Islands,East Asia & Pacific,Upper middle income,GFDD.DI.11,-0.4865991,2.353982,4.023238,4.821183,4.9755135,4.4662375,3.527174,3.3246784,1.6903145,2.8927338,4.065146,3.852486,1.3229717,1.1766218,0.7264311,1.6360232,2.9882786,2.9501688,3.6609802,3.477627,3.0982685,3.055459,4.155788,4.5975,5.019386,5.6030617,6.224576,5.6503386,7.296804,7.747067,6.716769
Marshall Islands,East Asia & Pacific,Upper middle income,GFDD.DM.11,-10.534884,-9.162452,-2.9371774,3.0054088,4.6590405,3.0754104,-0.5404165,-3.0174525,3.5242324,5.0240307,9.26979,11.460472,13.24827,10.196552,10.3872385,12.225981,13.928591,18.32042,15.082921,15.637326,14.021709,12.632669,8.487831,8.737544,10.010879,11.510898,13.574771,15.820638,13.961618,12.922122,12.650968
Marshall Islands,East Asia & Pacific,Upper middle income,GFDD.EI.08,-0.027177952,-0.13703538,-0.1617527,-0.1018686,-0.013105374,-0.06312758,-0.25191873,-0.35767946,-0.25102887,-0.7006879,-0.14748873,0.33083144,0.4809048,0.8003023,0.93007463,1.1200706,1.2644634,1.2933577,1.3441272,2.018484,2.6902254,3.2744088,3.585334,3.909978,4.1630254,4.3715954,4.770439,5.4806843,5.788184,6.0643916,6.0170226
Marshall Islands,East Asia & Pacific,Upper middle income,GFDD.OI.02,20.980572,20.137657,21.342932,23.152794,23.79474,24.353807,24.06629,23.858324,24.44849,25.731087,26.623398,28.315748,29.537731,29.565248,29.862917,31.602556,33.185333,35.534477,36.41723,39.281643,39.278988,38.650444,39.87124,41.180756,42.69756,43.566917,44.359028,44.441273,46.792786,48.468266,49.463425
Marshall Islands,East Asia & Pacific,Upper middle income,SH.STA.BRTC.ZS,83.785034,82.94983,80.54295,78.43809,77.57013,77.434944,78.13813,79.52479,94.899994,82.691345,83.76309,84.85053,95.0,86.38343,86.45681,86.83562,87.849754,86.2,90.233734,86.5,90.0,90.1,92.109474,93.194115,94.60111,95.45749,95.47546,92.4,94.73619,94.82693,95.307846
Marshall Islands,East Asia & Pacific,Upper middle income,SL.IND.EMPL.ZS,18.846449,17.93786,17.363787,17.139418,17.065952,16.984766,17.00213,17.260855,17.180004,17.103085,17.112524,17.046501,16.764376,16.905592,16.959267,17.111156,17.306843,17.324816,17.37706,17.268147,17.44093,17.641562,17.817982,17.996918,18.06331,18.015577,18.302462,18.829695,19.030817,18.987532,18.560122
Mauritania,Sub-Saharan Africa,Lower middle income,DT.TDS.DPPF.XP.ZS,28.782555,18.82725,18.994923,29.232933,23.839838,22.055237,21.926285,22.929558,25.70627,18.54527,18.416197,19.145237,17.294762,16.785265,16.09276,16.044556,5.533601,7.1417255,2.886509,4.7117834,4.880349,3.979194,5.1268826,5.7315288,10.812089,14.024605,14.905832,15.58902,17.20939,13.86947,9.84428
Mauritania,Sub-Saharan Africa,Lower middle income,EG.ELC.ACCS.ZS,19.506401,18.032318,18.5556,18.729408,18.941557,18.981167,18.594799,17.737686,17.205591,17.245728,18.74613,22.2,21.50322,22.872734,24.239365,18.2,26.973423,33.04054,30.0,31.115284,33.959515,35.16632,36.36216,37.53606,38.8,39.5,41.321617,42.9,44.312138,45.83003,47.34842
Mauritania,Sub-Saharan Africa,Lower middle income,GFDD.AI.01,3648.0293,7987.337,6717.166,8494.19,10307.645,12447.913,13905.271,14133.969,12962.735,11921.887,13164.244,15307.803,12183.784,12086.688,11853.403,11070.554,8639.827,9943.555,7215.021,7307.756,6779.511,7750.864,87.77904,97.77737,113.64797,132.09607,143.54568,162.68037,168.15373,177.31578,173.60199
Mauritania,Sub-Saharan Africa,Lower middle income,GFDD.DI.04,73.767624,72.991356,41.37456,40.361374,40.897385,41.409615,41.18786,39.595398,37.587917,36.692513,36.359554,35.57309,40.557816,42.062458,43.62327,57.56253,57.443142,61.64156,65.17908,63.52377,65.9444,66.00173,69.32604,70.16051,72.193275,70.81407,71.87176,72.703766,75.16936,78.482475,73.65749
Mauritania,Sub-Saharan Africa,Lower middle income,GFDD.DI.05,191.1619,143.4875,14.8269,14.474956,14.043385,13.49656,12.812364,12.944195,12.197065,8.251071,6.5830464,10.038895,8.477214,10.074038,10.982382,197.2399,168.9951,188.2406,194.02911,224.7747,198.8313,197.4853,207.9991,24.684309,27.25281,27.08673,25.659689,27.72893,28.5371,28.43273,28.476322
Mauritania,Sub-Saharan Africa,Lower middle income,GFDD.DI.06,85.396614,67.180374,10.189124,8.979029,7.5664134,6.9957047,7.0633373,6.882642,6.5752487,3.3013928,4.948511,5.1947193,4.357121,4.181072,3.81324,177.099,126.270004,119.714005,116.3137,130.42441,109.4132,92.99512,87.422844,8.417118,9.256317,10.30406,9.349127,9.005589,8.628553,7.230887,7.1540184
Mauritania,Sub-Saharan Africa,Lower middle income,GFDD.DI.11,-7.269912,-4.988821,-3.6936345,-3.3214092,-3.6506822,-4.0976405,-4.737001,-5.1331334,-5.239425,-1.8444366,-2.6670408,-3.0246341,-3.3842542,-4.4968204,-4.800894,-1.2862421,-2.8520098,-1.6123301,-0.8434939,-0.7601451,-1.8786675,-2.954521,-2.7555742,-4.265226,-4.428733,-4.8415856,-4.9916615,-4.618286,-4.090078,-3.6506078,-2.6891637
Mauritania,Sub-Saharan Africa,Lower middle income,GFDD.DM.11,24.317877,30.325964,24.265966,28.873182,31.219538,30.168427,28.850525,30.072575,32.7625,41.579613,43.624218,47.415882,44.71618,43.55022,42.246548,45.112003,40.280785,41.48958,36.836258,36.6096,33.561726,32.893738,28.887587,23.809273,23.63835,25.623592,23.771458,23.468397,22.359127,20.7719,20.3129
Mauritania,Sub-Saharan Africa,Lower middle income,GFDD.EI.08,0.069447,0.0338547,-0.26997414,-0.42758375,-0.61250204,-0.7471911,-0.86157334,-1.0923359,-1.4920526,-2.286555,-2.404108,-1.9247259,-1.4982111,-1.3954229,-1.3591346,6.072786,2.613226,3.1483111,3.7546122,3.935185,3.8463001,2.236624,3.180247,1.6521771,4.746178,4.122957,3.780093,3.111201,4.030157,3.909153,4.1947017
Mauritania,Sub-Saharan Africa,Lower middle income,GFDD.OI.02,134.21571,99.65785,22.325003,23.008492,22.91845,22.322529,22.486664,22.316626,21.244303,18.949188,18.491653,18.666576,20.382553,21.59439,22.430975,134.264,105.8967,126.91331,137.595,157.55771,142.18631,143.6929,149.3922,15.952771,19.73926,19.91569,19.169062,21.3845,21.937351,21.901402,33.697014
Mauritania,Sub-Saharan Africa,Lower middle income,SH.STA.BRTC.ZS,43.309208,40.0,34.142727,33.179672,32.805645,32.276905,31.448647,30.026258,28.695196,28.809126,28.215548,53.399998,32.115616,33.17002,33.965473,41.78414,44.38053,57.099995,48.622,49.458843,51.24166,65.1,54.80306,57.27259,58.581974,69.299995,60.200535,60.900887,61.353886,62.013012,60.206154
Mauritania,Sub-Saharan Africa,Lower middle income,SL.IND.EMPL.ZS,14.238575,19.780003,19.68,19.580002,19.41,19.26,19.11,18.91,18.670002,18.52,18.210001,18.060001,18.01,17.94,17.97,17.97,17.91,17.94,17.950003,17.950003,17.89,17.88,17.9,17.86,17.86,17.84,17.77,17.77,17.670002,17.61,11.862202
Mauritius,Sub-Saharan Africa,Upper middle income,DT.TDS.DPPF.XP.ZS,7.2562428,7.077331,7.923962,5.443115,5.7294416,5.982572,4.9516068,6.814231,6.730661,5.618274,16.378412,4.717902,6.5318527,5.1206913,5.289691,5.281946,5.357068,2.545652,2.372421,2.268327,0.8498627,1.3420004,1.0532477,0.69861054,0.95852804,0.9081849,0.989761,1.5856528,1.2188456,1.2273599,3.697181
Mauritius,Sub-Saharan Africa,Upper middle income,EG.ELC.ACCS.ZS,99.041565,99.07068,99.09968,99.128006,99.15497,99.179886,99.202095,99.220894,99.23562,99.24551,99.0,99.264725,99.4,99.18552,99.14041,99.094765,99.05099,99.01174,98.97972,98.957634,99.69,99.600006,99.56862,99.48051,99.38037,99.36161,99.48001,99.61,99.448845,100.0,99.66165
Mauritius,Sub-Saharan Africa,Upper middle income,GFDD.AI.01,1416.2024,754.2281,737.57764,1149.3022,1858.7018,2513.9502,3076.2021,2526.2646,1004.89795,-521.04156,-1045.0491,-1407.871,-1359.0908,-1638.0195,-1805.2053,-2088.16,-2419.296,-2297.3545,-1719.3041,-1592.7141,-1887.3264,-2338.1768,-2553.3906,-2479.6375,-2012.0876,1956.0402,1836.5098,1891.4111,1876.2064,1914.4783,1924.3712
Mauritius,Sub-Saharan Africa,Upper middle income,GFDD.DI.04,99.997574,87.358055,95.742714,97.576965,96.27358,99.09225,98.58923,97.72685,93.74092,97.301155,97.557594,97.80893,98.524345,99.43389,98.88528,98.02953,96.634186,99.37647,99.44068,99.79311,98.322975,97.43408,98.71353,98.515076,99.078384,99.385124,99.84118,99.85896,99.90205,99.90954,97.29105
Mauritius,Sub-Saharan Africa,Upper middle income,GFDD.DI.05,61.815594,64.95156,67.171524,67.22508,66.802734,71.65183,72.19787,76.274254,73.703835,76.564415,74.7473,75.53643,78.868484,86.68571,92.235985,93.73217,92.50684,93.2452,96.02187,96.25406,97.4912,96.63992,98.56635,98.177216,101.4016,106.8569,109.895905,114.1911,115.301,120.811905,163.7436
Mauritius,Sub-Saharan Africa,Upper middle income,GFDD.DI.06,0.0012431,6.0566635,2.171733,1.328608,2.217133,0.5764681,0.86504066,1.5813019,4.569111,1.915592,1.689225,1.547528,1.1246461,0.5287604,1.0577099,1.950099,3.214889,0.58487225,0.5822453,0.21737629,1.8252431,2.815811,1.5264559,1.8717821,1.110855,0.76115733,0.19129619,0.1778598,0.0993569,0.0950369,3.54071
Mauritius,Sub-Saharan Africa,Upper middle income,GFDD.DI.11,9.876273,12.177728,13.701769,14.464918,14.283073,13.361209,12.309953,12.075842,12.632993,17.033493,17.256231,17.837141,18.724066,20.082499,20.47248,22.017282,22.751467,24.161968,22.874249,26.318417,28.750484,29.004843,29.957596,26.346548,27.031933,18.840738,19.007378,20.089357,20.045275,21.08487,25.33117
Mauritius,Sub-Saharan Africa,Upper middle income,GFDD.DM.11,5.9904914,8.6943865,11.095337,12.935188,12.760465,11.36369,9.545033,9.326135,10.785531,12.862389,14.164408,14.544811,14.748685,15.09129,15.395309,16.716476,17.115355,12.1096,10.85993,497.0276,496.1049,59.462162,83.67009,43.14234,55.0862,93.29538,73.7327,115.5585,146.9122,97.94973,141.0755
Mauritius,Sub-Saharan Africa,Upper middle income,GFDD.EI.08,19.42647,9.378107,13.0602,14.630179,16.35867,21.204988,18.506529,19.94734,14.09075,15.675159,13.951459,15.280099,20.7092,26.38325,27.127909,28.49722,23.69849,21.540949,21.75507,24.809101,21.735611,17.66527,18.32935,17.92068,20.69135,20.35295,24.020718,23.59377,23.11142,24.74477,31.295559
Mauritius,Sub-Saharan Africa,Upper middle income,GFDD.OI.02,54.70127,57.625748,59.838886,60.28047,60.384926,65.234,65.97758,70.22586,68.01836,71.17446,69.47917,70.20845,73.32442,81.061005,86.40851,87.580055,86.38333,87.479,90.223816,90.06367,90.83448,89.860825,91.63897,91.00375,94.034706,98.94362,101.6326,105.54459,104.150604,108.2892,142.1062
Mauritius,Sub-Saharan Africa,Upper middle income,SH.STA.BRTC.ZS,91.1,94.49999,96.5,96.3,97.7,98.100006,97.5,97.799995,98.5,99.8,99.7,101.558174,101.65884,98.4,101.244446,99.200005,101.24633,101.11587,99.5,99.4,99.5,101.14577,99.5,100.991905,99.8,99.8,99.8,99.8,100.765495,100.51157,100.56395
Mauritius,Sub-Saharan Africa,Upper middle income,SL.IND.EMPL.ZS,29.468292,40.29,39.98,39.6,39.21,39.83,38.18,37.68,38.27,38.49,39.25,36.56,36.62,34.08,33.58,32.44,32.14,31.94,31.770002,29.679998,28.71,28.14,27.99,27.4,26.76,26.11,25.42,24.73,24.11,23.68,24.558796
Mexico,Latin America & Caribbean,Upper middle income,DT.TDS.DPPF.XP.ZS,18.387608,19.835567,28.70049,19.042065,17.72803,25.692368,37.10087,36.309105,14.248842,14.060578,16.390474,13.835065,10.929674,12.168523,12.107541,9.882687,14.145772,7.1939263,6.9148436,7.134056,6.1152797,5.2400837,9.360248,5.493835,4.4912353,6.3674164,10.033624,8.113299,6.2770796,8.347995,9.466968
Mexico,Latin America & Caribbean,Upper middle income,EG.ELC.ACCS.ZS,96.92467,96.823395,93.14598,95.44846,95.23829,95.89446,96.09362,96.32958,96.09275,96.7483,98.00713,97.13832,97.89709,97.400856,98.5977,98.93273,99.11416,97.91057,98.91404,98.19821,99.236694,99.02815,99.11163,99.1477,99.17293,99.0,99.5,100.0,99.5,99.600006,99.4
Mexico,Latin America & Caribbean,Upper middle income,GFDD.AI.01,1611.0869,990.3648,644.6807,1285.5464,2135.4744,2877.5261,3219.4902,2417.248,1397.1508,-632.54095,-841.75305,-1910.7864,-1951.6895,-1914.6632,-2500.5088,-2855.0566,-2505.8235,-2208.7053,-1935.779,-1693.2483,-2052.2637,-2759.7742,-2756.54,-2636.8887,-2145.2822,-2050.0073,-2249.155,-2572.8186,-2747.7046,-2746.6426,-2981.415
Mexico,Latin America & Caribbean,Upper middle income,GFDD.DI.04,83.53566,90.00706,92.97606,97.87235,99.71028,98.26468,98.462616,99.99999,90.34778,91.477,90.88178,93.22485,93.345375,93.146736,93.8662,94.21217,94.405914,95.10385,95.67626,94.959564,94.84121,95.60887,95.1851,95.77301,94.880165,94.21767,93.65498,93.78377,93.867676,94.026634,93.23631
Mexico,Latin America & Caribbean,Upper middle income,GFDD.DI.05,22.513418,26.11475,27.13845,22.85548,24.04065,24.4301,22.96455,28.387741,27.16523,27.15951,22.22858,22.26829,22.41793,23.84071,23.731329,24.42722,24.33454,25.632341,26.258959,25.79809,26.53908,26.44167,26.67931,28.12474,29.11349,30.25275,31.105358,31.98817,31.05299,32.2424,36.15517
Mexico,Latin America & Caribbean,Upper middle income,GFDD.DI.06,6.046528,3.6992562,2.713855,0.6611156,0.112270005,0.5715435,0.33581272,2.52e-13,7.640418,6.85683,6.79536,6.69467,6.8712826,7.106584,6.928191,6.3411956,5.7275987,5.4622574,5.866432,6.056684,6.2472367,6.4279723,6.483143,6.6581674,6.86051,7.2872834,7.5410337,7.568607,7.3735843,7.3395977,7.6164374
Mexico,Latin America & Caribbean,Upper middle income,GFDD.DI.11,-5.206279,-2.3657424,-1.6622105,-0.5895796,-0.9709243,-2.2227085,-3.310846,-3.8616621,-2.785805,2.2425313,2.2667043,2.5667963,2.9632196,3.2852762,3.4052768,3.5697863,3.5616395,3.892304,4.3233886,4.877916,4.9046445,5.188033,5.289355,5.6977243,5.9375763,6.2720146,6.624854,6.639157,6.4731984,6.8828216,7.6496625
Mexico,Latin America & Caribbean,Upper middle income,GFDD.DM.11,-5.1778193,-3.8379438,-0.4935305,1.9229594,1.7190486,-0.2804396,-3.2626991,-1.5515212,-2.9292297,2.0880685,4.7112236,2.0499039,2.054824,1.9714079,2.062592,4.1905622,3.902738,4.963342,4.292397,3.390348,3.116723,2.1975439,1.9876951,1.838035,1.6865441,1.822201,2.025736,2.1143112,1.633618,1.528538,1.7183859
Mexico,Latin America & Caribbean,Upper middle income,GFDD.EI.08,13.128709,12.306939,7.8515115,4.8669534,7.7535233,9.105853,6.306225,14.603109,13.3233795,13.915639,14.22734,13.06451,12.65556,12.738979,12.101339,11.344729,12.33609,13.429359,13.945519,17.32952,16.10675,16.294249,16.54336,17.87405,18.004549,17.32432,16.25509,16.07547,15.678729,17.23382,19.945179
Mexico,Latin America & Caribbean,Upper middle income,GFDD.OI.02,19.03996,22.634392,23.70018,20.03878,21.119112,21.797781,20.58396,25.89208,24.68065,24.17157,19.31949,20.362421,19.90175,20.87461,20.66711,20.93549,20.7747,21.95223,22.27879,25.314482,26.03177,26.081171,26.65409,28.0555,29.089529,30.346058,31.15693,31.873417,31.225828,32.28854,36.38177
Mexico,Latin America & Caribbean,Upper middle income,SH.STA.BRTC.ZS,83.799995,93.38124,93.41113,93.351906,93.75425,93.994354,94.59534,85.7,95.20584,95.414696,88.6,95.99976,96.25206,95.0,96.501564,96.55853,93.4,93.7,97.72183,95.299995,94.08,97.98671,99.6,98.38113,95.600006,97.7,96.4,98.45785,98.03276,97.84754,97.7868
Mexico,Latin America & Caribbean,Upper middle income,SL.IND.EMPL.ZS,25.077602,25.47,25.35,25.2,25.13,24.820002,24.930002,24.89,24.910002,25.96,27.07,26.08,25.96,25.930002,26.060001,26.09,26.190002,26.2,25.58,24.300001,24.4,24.300001,24.060001,24.31,24.81,25.16,25.75,26.01,26.13,25.55,22.733124
"Micronesia, Fed. Sts.",East Asia & Pacific,Lower middle income,DT.TDS.DPPF.XP.ZS,10.668429,11.268553,11.362871,11.042489,10.461923,10.412175,10.350416,9.640092,9.801164,9.9728985,9.704556,9.218517,8.874271,7.867676,6.588041,6.538771,5.8917246,5.3599644,5.350675,5.156767,4.585367,4.524403,4.3889413,4.6022363,5.213066,5.8587737,6.21363,6.2739854,6.2850633,6.61849,7.354211
"Micronesia, Fed. Sts.",East Asia & Pacific,Lower middle income,EG.ELC.ACCS.ZS,59.46245,56.56026,55.16704,54.650948,54.493336,51.52158,51.911198,54.813957,60.171787,58.74404,46.0,48.337467,50.100033,51.857365,53.611805,55.365715,57.121494,58.881798,60.649334,62.426807,64.53152,66.59399,68.432365,70.24882,72.053246,73.93906,75.96201,77.94391,79.70291,81.27673,82.92592
"Micronesia, Fed. Sts.",East Asia & Pacific,Lower middle income,GFDD.AI.01,-1385.9602,-1447.19,-325.32516,1263.464,2923.078,4359.3066,5258.8975,4386.8394,2940.2473,1388.5945,1008.5132,293.33682,-301.16208,-971.29266,-2014.4108,-1532.9996,-1512.4435,-2026.5391,-1194.8505,-1704.8873,-2248.579,-2764.3555,-3053.828,-2784.2087,-2507.0518,-1728.444,-1666.3582,-1996.7723,-2282.3342,-2566.0642,-2706.7021
"Micronesia, Fed. Sts.",East Asia & Pacific,Lower middle income,GFDD.DI.04,76.493546,74.1126,71.92343,71.184975,71.55055,71.52107,71.97592,73.59785,73.61687,73.02087,73.49316,75.19525,76.67395,78.5185,80.791725,81.72291,83.38212,85.81394,86.39524,88.47226,88.98222,89.21664,89.86567,90.47382,90.72029,88.9957,88.47797,88.459236,88.79284,89.40275,89.784676
"Micronesia, Fed. Sts.",East Asia & Pacific,Lower middle income,GFDD.DI.05,33.44292,33.507355,34.449097,34.706863,33.924847,48.66155,46.49657,51.04598,48.523067,49.89414,46.62109,47.82573,41.84041,39.79747,40.636143,39.625248,35.81657,36.97079,37.24971,40.65715,38.35938,38.028587,41.20019,45.95681,60.878803,56.32638,65.47186,65.701935,61.344616,59.90835,69.909935
"Micronesia, Fed. Sts.",East Asia & Pacific,Lower middle income,GFDD.DI.06,10.556981,12.62617,12.293461,10.765629,9.511864,7.6422005,7.7130423,8.469164,8.661609,7.650674,7.7452126,7.7445545,7.9955206,8.790081,8.129382,7.485557,6.6988153,6.248216,6.664741,6.718044,6.585395,6.4136734,6.2190804,6.193402,6.4355803,7.084874,7.707123,7.900958,7.987943,7.9755454,7.919024
"Micronesia, Fed. Sts.",East Asia & Pacific,Lower middle income,GFDD.DI.11,-1.3137478,1.6085656,3.2801156,3.7671335,3.7580023,0.70876575,-0.26927596,0.23303139,-0.7695956,-0.27225712,-0.6131527,-0.53571427,-1.7727908,-2.4486523,-1.4446509,-1.6327513,-0.42548862,0.15158464,0.22258216,2.071763,1.9561539,1.9545434,2.312821,2.5589194,2.848965,1.6640924,3.0045261,4.1579022,4.9219112,5.126269,4.1600723
"Micronesia, Fed. Sts.",East Asia & Pacific,Lower middle income,GFDD.DM.11,-9.446388,-8.249109,-3.2754126,1.6713104,3.4605262,4.636939,2.3438902,0.984866,5.1871634,9.160904,10.471812,11.51087,10.819626,9.137048,6.387311,10.166119,12.044086,9.411619,10.534239,11.70745,9.30095,8.001972,7.921742,13.743159,14.663461,8.724677,10.42027,11.189515,11.145946,10.763407,11.416705
"Micronesia, Fed. Sts.",East Asia & Pacific,Lower middle income,GFDD.EI.08,0.6815191,0.55402243,0.47482273,0.46372467,0.45668015,0.31546828,0.0485049,0.87798285,1.0811223,0.3579533,0.1894785,0.0717929,0.048244003,1.4473882,1.6890523,1.7815282,1.9004546,0.5319581,3.865168,1.99012,1.490853,1.055889,0.7123023,0.22193201,0.0150342,0.2553004,0.22993681,0.19636361,1.314401,1.324142,1.2645301
"Micronesia, Fed. Sts.",East Asia & Pacific,Lower middle income,GFDD.OI.02,26.406721,25.923399,26.8573,28.113043,28.343607,48.66155,46.49657,51.04598,48.52307,49.89414,46.62109,47.82573,41.84041,39.797466,40.636135,39.625248,35.816566,36.970787,37.24971,40.65715,38.35938,38.028587,41.200188,45.956806,60.8788,56.326378,65.471855,65.70193,61.34461,59.908337,69.90993
"Micronesia, Fed. Sts.",East Asia & Pacific,Lower middle income,SH.STA.BRTC.ZS,75.23923,74.04702,72.25413,70.95973,70.42859,70.32705,70.33249,71.33489,88.0,83.799995,82.799995,85.7,81.6,84.6,80.42215,82.7,85.3,83.79489,90.0,100.0,87.55616,88.09298,88.72357,89.540016,90.12196,91.15068,92.10958,92.37242,91.78872,91.463615,91.541595
"Micronesia, Fed. Sts.",East Asia & Pacific,Lower middle income,SL.IND.EMPL.ZS,16.915213,16.033218,15.599142,15.474829,15.500543,15.445313,15.445067,15.681748,15.925825,15.58985,15.265759,15.348517,15.438962,15.751619,15.977273,16.227522,16.336576,16.318369,16.670425,16.401201,16.451141,16.68993,16.828295,16.89448,16.843351,17.138075,17.22917,17.499489,17.684208,17.684046,17.36438
Moldova,Europe & Central Asia,Upper middle income,DT.TDS.DPPF.XP.ZS,11.3399935,10.445599,10.246734,10.191694,2.0515456,7.6147685,7.7330523,10.395759,21.022707,26.541756,15.621133,12.349719,13.73357,7.3293495,8.38171,5.0149546,5.4041834,3.7285664,2.8974345,4.0600204,2.9738028,2.5864692,2.6585758,2.9687374,2.704785,2.9798923,3.777245,4.0083885,4.569203,4.5000257,5.380335
Moldova,Europe & Central Asia,Upper middle income,EG.ELC.ACCS.ZS,100.0,100.0,100.0,100.0,100.0,100.0,100.0,100.0,100.0,100.0,100.0,100.0,99.0,100.0,99.1,98.6,100.0,100.0,100.0,100.0,100.0,100.0,100.0,100.0,100.0,100.0,100.0,99.98001,99.990005,100.0,100.0
Moldova,Europe & Central Asia,Upper middle income,GFDD.AI.01,1482.8586,853.52124,2174.9282,3325.573,5273.6675,5146.231,5461.751,4737.994,3345.6204,2096.1467,1136.4951,289.96167,-18.314384,-311.75815,976.0806,1049.1454,1120.843,1260.7593,1362.5046,1409.4481,1501.4558,1446.4662,1529.2139,1659.9905,1541.9606,936.7226,1058.8634,1162.1449,1251.8198,1347.1401,1379.501
Moldova,Europe & Central Asia,Upper middle income,GFDD.DI.04,89.052826,89.47877,87.92456,86.747826,84.188805,71.46666,74.78579,77.57513,53.501072,51.913544,60.013477,65.96593,69.605415,75.50018,74.94371,80.13486,84.91982,90.07761,91.41801,91.78397,92.384964,93.3907,94.94182,95.66145,95.505264,95.52582,73.4263,73.31747,74.22454,76.228966,79.84085
Moldova,Europe & Central Asia,Upper middle income,GFDD.DI.05,22.00469,21.681805,22.5416,21.02509,20.787666,19.217138,18.34012,21.564,19.33694,20.45212,22.29442,25.13984,28.985788,30.85863,36.75266,42.03444,43.66743,51.14568,50.32285,54.08666,29.95677,29.748238,33.77493,37.025337,35.45581,32.67801,32.52065,31.908928,31.89223,31.571878,37.50297
Moldova,Europe & Central Asia,Upper middle income,GFDD.DI.06,8.503546,9.443725,8.558199,7.8914337,7.098227,7.01736,6.399346,5.929713,15.50413,14.14997,10.8497,10.006439,9.596399,7.898659,8.5751505,6.9865847,5.634664,4.4665833,3.671071,3.698367,2.60248,2.287879,1.98252,1.755555,1.572267,1.471326,9.707657,8.690706,8.046933,7.258933,7.3306317
Moldova,Europe & Central Asia,Upper middle income,GFDD.DI.11,-6.8985066,-3.8753893,-3.3992662,-2.4600036,-5.54372,-8.879271,-9.932779,-9.980727,-8.999856,-8.002681,-6.7512784,-5.4002266,-6.2719216,-7.1726437,-8.188545,-7.526936,-6.5912704,1.8988736,2.1199894,2.540634,2.1864872,2.2257037,2.2346377,2.0521972,1.9431738,2.0171092,1.9965109,1.8578899,1.8087025,1.4725382,-4.7111206
Moldova,Europe & Central Asia,Upper middle income,GFDD.DM.11,-15.417105,-12.260099,-4.949626,-1.8513119,-2.5389507,-1.1777664,-3.7373798,-4.2998996,-3.237685,-0.11596859,0.9091849,0.20798661,0.1317591,0.06311291,0.0789089,0.0910207,0.0108559,0.008406901,0.0019819,0.0022061,0.0643729,0.11623,0.0300833,0.0277991,0.0264979,0.0325361,0.031221101,0.017167,0.0345627,0.070928395,0.071267694
Moldova,Europe & Central Asia,Upper middle income,GFDD.EI.08,3.5146883,3.8473244,33.85246,20.62817,11.57503,10.88415,11.27454,13.592919,3.9643233,3.482556,3.6409802,4.674254,4.8304877,4.046741,4.435483,4.582403,4.257059,3.703115,2.65852,5.325019,3.694715,4.199455,5.3601003,5.179242,4.763699,4.460905,4.380008,4.2144194,4.0480957,3.4828722,6.3493557
Moldova,Europe & Central Asia,Upper middle income,GFDD.OI.02,18.908106,17.363306,22.347755,21.673527,21.228237,9.302064,8.960546,10.65961,9.959151,11.34548,13.12144,15.512099,18.83916,20.93504,25.18655,29.890669,32.16842,38.67115,38.272488,39.43613,31.335007,30.59042,34.496487,37.83696,36.30717,33.271908,33.102207,32.425587,32.21372,31.827297,37.86628
Moldova,Europe & Central Asia,Upper middle income,SH.STA.BRTC.ZS,100.0,100.0,100.0,100.0,100.0,100.0,100.0,99.100006,97.99999,97.99999,97.99999,99.00001,99.6,99.4,99.3,99.5,99.6,99.6,99.5,99.7,99.200005,99.4,99.200005,99.8,99.7,99.7,99.7,99.7,99.7,99.280945,99.98428
Moldova,Europe & Central Asia,Upper middle income,SL.IND.EMPL.ZS,25.787287,24.74,26.51,20.77,19.01,16.92,15.06,14.770001,14.610001,13.640001,13.890001,13.900001,14.44,16.05,16.25,16.01,18.190002,18.74,19.68,19.280003,18.65,18.75,19.280003,17.690002,17.9,17.85,17.14,16.65,19.41,21.72,21.588228
Monaco,Europe & Central Asia,High income,DT.TDS.DPPF.XP.ZS,11.56265,11.586804,10.945954,10.135299,9.524698,9.384583,9.55117,9.724783,9.872476,9.520845,8.950569,8.5511675,8.555358,8.283456,7.5761,6.7949386,6.230778,5.96836,5.8430076,5.677198,5.3909097,5.233661,5.238241,5.812845,6.5424175,7.124471,7.150969,6.7334986,6.6029787,7.186848,8.545985
Monaco,Europe & Central Asia,High income,EG.ELC.ACCS.ZS,100.0,100.0,100.0,100.0,100.0,100.0,100.0,100.0,100.0,100.0,100.0,100.0,100.0,100.0,100.0,100.0,100.0,100.0,100.0,100.0,100.0,100.0,100.0,100.0,100.0,100.0,100.0,100.0,100.0,100.0,100.0
Monaco,Europe & Central Asia,High income,GFDD.AI.01,-2018.2343,-1771.8445,-1604.4382,-1005.7571,331.41998,1411.3264,2304.4111,1441.7046,-725.748,-2779.3882,-3835.4675,-4134.726,-3961.4897,-3977.905,-4434.478,-4862.826,-4696.8823,-4219.055,-3642.3953,-3346.2437,-3717.5117,-4383.1406,-4656.035,-4242.355,-3650.5945,-3439.884,-3746.0142,-4097.046,-4292.014,-4204.717,-3829.2253
Monaco,Europe & Central Asia,High income,GFDD.DI.04,89.30527,89.17444,89.38516,89.69577,90.064674,90.618774,90.62649,91.25176,90.95842,90.886185,90.870575,91.14554,91.035225,90.74532,90.88963,91.23712,92.105385,92.81364,92.57915,91.81794,91.17605,91.097,91.44242,91.495,91.13946,90.32394,89.638756,89.567184,89.81041,89.86018,89.4676
Monaco,Europe & Central Asia,High income,GFDD.DI.05,49.892563,49.874023,51.14951,53.537663,54.488457,53.47061,52.96372,53.87172,55.13191,55.7944,54.99545,54.969734,55.2779,55.216404,54.914337,54.986996,56.574448,57.16011,58.434547,60.93121,61.8887,62.53166,64.33882,66.07141,66.63946,67.22013,67.310295,67.62563,69.64265,73.04468,75.877075
Monaco,Europe & Central Asia,High income,GFDD.DI.06,7.848681,8.945603,9.033778,8.541728,7.949558,7.7613745,8.004243,8.372297,8.305038,8.138664,7.87249,7.7841215,8.128754,8.355441,8.202473,7.6795645,7.0679765,6.7154393,7.0884137,7.623795,7.733843,7.3244267,7.264055,7.5793943,8.334922,9.1863165,9.7068205,9.516207,9.35791,9.261815,8.981412
Monaco,Europe & Central Asia,High income,GFDD.DI.11,9.239921,12.513868,14.967794,16.00704,15.968682,14.938643,13.676587,13.290171,13.890432,15.321679,16.26594,15.921801,14.864906,13.838572,13.656656,14.403046,15.405485,15.95597,16.050905,15.698759,15.066188,14.881317,14.994229,15.351769,15.753716,16.432598,17.111246,17.205011,17.922516,18.791925,18.277723
Monaco,Europe & Central Asia,High income,GFDD.DM.11,-3.1747615,-0.36241132,3.642742,6.4275455,6.28869,3.4029012,-0.15014392,-1.8040334,0.9240634,6.07081,10.9363,12.929553,12.982946,12.20713,12.692096,14.722465,17.288528,19.65854,19.899374,18.79688,16.728695,14.132194,12.696876,13.469711,15.083818,17.33063,18.473572,18.299883,17.45251,16.990568,17.885506
Monaco,Europe & Central Asia,High income,GFDD.EI.08,4.5865693,5.426194,5.9908056,6.1399207,5.8896365,5.549661,5.1512876,4.887917,5.092364,5.116107,5.1710787,5.3447585,5.499485,5.562866,5.665298,5.6422253,5.4958143,5.332208,5.222325,5.330122,5.6448064,6.110359,6.477323,6.4619327,6.447999,6.4878035,6.6697264,7.0380526,7.4461865,7.7830453,7.744993
Monaco,Europe & Central Asia,High income,GFDD.OI.02,37.362377,38.25881,39.699306,40.78162,40.806747,40.83655,40.70115,40.68272,41.687893,42.654003,43.573742,45.0368,45.989483,46.389816,46.60207,47.753323,49.457203,50.985863,52.402763,52.831356,52.20799,52.250793,52.990574,53.94977,55.413437,56.12469,56.246582,56.60676,57.83077,60.284252,62.468044
Monaco,Europe & Central Asia,High income,SH.STA.BRTC.ZS,96.68814,97.93534,98.46762,98.447975,98.251305,98.17868,98.18715,98.26151,98.39175,98.56633,98.86336,99.22066,99.38632,99.27985,99.00159,98.67996,98.61435,98.651405,98.78765,98.726395,98.29856,97.84273,97.86524,98.119804,98.72233,98.97722,98.87653,98.50369,98.0621,97.82821,97.76011
Monaco,Europe & Central Asia,High income,SL.IND.EMPL.ZS,23.986788,24.205612,24.245028,23.881706,23.298864,22.72444,22.249321,22.189339,22.046774,21.81375,21.459435,21.159233,20.927494,20.727104,20.659801,20.521215,20.414452,20.179245,19.836979,19.544363,19.401405,19.34157,19.27901,19.090166,18.862148,18.644657,18.678596,19.03769,19.268671,19.210861,18.736357
Mongolia,East Asia & Pacific,Lower middle income,DT.TDS.DPPF.XP.ZS,13.080511,10.808521,17.124458,5.946677,10.631373,10.098924,10.680999,9.937046,5.376395,4.2769804,6.4879875,7.111327,7.352363,33.839348,2.929113,2.698099,2.4129975,2.1243742,2.3014016,4.0772796,4.326945,1.7497382,2.8051784,5.041675,3.6287334,3.056096,3.4559357,4.1527834,11.047173,5.4375997,9.633502
Mongolia,East Asia & Pacific,Lower middle income,EG.ELC.ACCS.ZS,71.413925,68.30675,65.73202,65.19068,65.63403,66.85515,67.87339,69.7153,74.58756,72.61508,67.3,71.07658,72.28447,76.3,74.68689,86.2,77.08722,78.29285,79.5057,80.7285,78.50208,72.057076,84.48361,81.2,87.07883,88.40018,89.83841,92.512566,98.1,97.22991,98.1
Mongolia,East Asia & Pacific,Lower middle income,GFDD.AI.01,405.37823,-89.13832,-343.72806,427.1715,1823.2847,3323.497,4035.9497,3359.9495,2521.4058,149.40323,1099.7262,-262.25305,186.76405,-295.19122,-887.2281,-1478.1313,-2114.273,-1006.355,-1048.8499,-2391.6338,-2575.6199,-3079.8923,-3083.2908,-1595.0416,-2018.207,-2012.3848,-2148.999,-2524.1235,-2633.8806,-2874.2554,-3050.7488
Mongolia,East Asia & Pacific,Lower middle income,GFDD.DI.04,82.329475,96.41891,95.86866,81.11977,79.717804,93.34143,66.94635,78.52229,82.80866,83.22577,86.13929,93.07066,82.65345,99.16138,86.170944,89.92513,97.34377,89.470474,91.314415,86.122444,91.68168,93.429955,97.97325,93.8144,96.38593,96.39447,92.51293,93.58754,94.94832,96.36677,94.10791
Mongolia,East Asia & Pacific,Lower middle income,GFDD.DI.05,32.36269,37.532223,19.89489,16.069109,17.230629,13.40133,13.864349,15.59595,15.13438,17.432339,18.08974,20.31488,25.911661,32.90624,30.78941,38.19906,37.735497,48.03769,33.89988,43.68969,47.954052,48.666138,45.611797,49.298267,47.84385,43.40746,50.78123,56.89851,60.086334,55.88293,65.53278
Mongolia,East Asia & Pacific,Lower middle income,GFDD.DI.06,11.135678,1.997898,1.439918,2.80971,3.058765,0.5936103,4.515748,2.199055,2.362745,1.91102,1.498703,0.83278817,8.031802,0.1996105,3.8302748,3.2673311,0.8600043,6.470495,6.343451,6.566206,3.1915562,3.259135,0.9923899,6.4183087,2.545231,2.415479,5.60694,4.1323447,3.127518,1.991197,3.24969
Mongolia,East Asia & Pacific,Lower middle income,GFDD.DI.11,-1.4930998,-2.851174,-3.4323242,-2.381343,-2.481391,-3.5900152,-4.15698,-4.284086,-4.6605043,-3.0928893,-4.6784286,-4.8283896,-4.8823614,-6.509329,-6.3736215,-5.365238,-4.2767954,-3.3371556,0.5236811,0.6229398,0.5674278,0.5765097,0.64478874,0.5664462,0.68620366,0.7481522,0.87047523,0.87794983,1.0241545,0.9915241,1.0445216
Mongolia,East Asia & Pacific,Lower middle income,GFDD.DM.11,-15.368932,-4.751232,-3.6506975,-1.5304049,-1.1453964,-2.1797485,-3.6311152,-3.6820445,-0.5370707,1.2710366,3.5931635,2.4396684,1.4335195,1.1771749,1.9180324,2.485578,2.125635,1.1071587,2.1951513,1.081129,0.7032253,0.055747,0.0488348,0.0454864,0.076814,0.0863077,0.1900497,0.1244147,0.1351132,0.2077245,0.27466962
Mongolia,East Asia & Pacific,Lower middle income,GFDD.EI.08,3.0649915,41.10758,22.226318,6.557645,2.895225,1.5136691,2.217926,3.981251,4.386896,3.478241,3.4457211,2.5900722,2.3238142,2.9408329,1.613283,1.227599,1.033623,1.037678,0.5689584,0.4493555,0.98496246,2.853524,4.250456,9.926165,10.210059,12.241839,15.2224,9.650549,5.0545855,4.209834,6.326116
Mongolia,East Asia & Pacific,Lower middle income,GFDD.OI.02,25.377798,31.01488,17.073929,12.76564,12.98861,10.040461,9.211437,11.03189,10.02659,10.52157,11.03684,13.61773,19.25567,26.75424,25.569172,33.189247,33.139095,42.321648,28.88538,38.660995,43.6918,44.333515,41.18513,45.200417,44.74965,40.701237,47.913116,54.136696,57.60616,53.961906,63.3097
Mongolia,East Asia & Pacific,Lower middle income,SH.STA.BRTC.ZS,81.57272,82.393715,81.07069,80.2153,80.163246,80.67699,80.300476,80.812416,97.1,81.92304,96.6,85.72155,84.81426,98.6,99.7,99.200005,89.52528,89.18685,99.4,92.41047,98.799995,92.97135,93.62339,98.899994,98.899994,95.55676,95.64967,95.28292,99.3,94.51191,94.442955
Mongolia,East Asia & Pacific,Lower middle income,SL.IND.EMPL.ZS,19.566645,19.39,17.930002,17.02,16.74,17.930002,17.46,16.7,15.820001,15.53,14.140001,13.660001,14.32,11.92,16.14,16.81,17.34,13.68,15.2300005,14.939999,16.24,17.34,18.170002,20.42,20.72,20.29,18.99,19.22,20.61,21.580002,20.389408
Montenegro,Europe & Central Asia,Upper middle income,DT.TDS.DPPF.XP.ZS,11.037874,9.919274,9.761789,9.364661,8.942757,8.872895,8.927439,8.998793,9.025784,8.715804,8.388657,8.201746,7.321008,6.92159,6.4401026,6.002567,5.7235436,8.1707,2.5447361,3.0894852,5.405365,9.191312,12.83986,16.536953,12.613254,23.9132,22.41337,12.547708,25.640778,19.86101,39.910645
Montenegro,Europe & Central Asia,Upper middle income,EG.ELC.ACCS.ZS,100.0,100.0,100.0,100.0,100.0,100.0,100.0,100.0,100.0,100.0,100.0,100.0,100.0,100.0,100.0,99.83022,100.0,100.0,100.0,100.0,100.0,99.0,100.0,99.7,97.7,100.0,100.0,100.0,100.0,100.0,100.0
Montenegro,Europe & Central Asia,Upper middle income,GFDD.AI.01,-81.477394,-749.9351,-664.9992,235.1491,1395.7355,2677.1619,3510.9985,2905.6836,881.09576,-863.31964,-1022.3823,-1443.8389,-1843.3971,-1975.3274,-2113.433,-2415.7756,-2560.8843,-2512.5164,-2278.4417,-2137.5737,-2475.5742,-2729.3137,-3109.5732,-2586.4822,-2684.851,-2492.446,-2752.2637,-3217.642,-3017.656,-3450.8013,-2877.6174
Montenegro,Europe & Central Asia,Upper middle income,GFDD.DI.04,90.89459,91.48943,91.11045,90.83465,90.81263,90.80302,91.28237,91.90866,91.86955,91.801346,90.54072,90.87424,89.25712,95.527435,96.794876,96.75994,99.75897,99.945206,99.89461,99.83863,99.82094,99.804756,99.801544,99.808426,99.805534,99.82318,99.83965,99.88749,99.88287,96.79173,98.33693
Montenegro,Europe & Central Asia,Upper middle income,GFDD.DI.05,38.409466,37.71447,38.30987,39.130493,39.905884,38.906578,38.5987,38.78901,39.830486,41.04368,39.175335,39.748062,11.27058,12.047449,13.345659,22.5153,41.2783,66.2231,51.58175,48.66301,48.12703,46.92437,51.96245,51.21878,54.80865,58.359257,59.573513,61.912983,58.53604,52.13717,59.356953
Montenegro,Europe & Central Asia,Upper middle income,GFDD.DI.06,7.1264277,8.32313,8.41402,7.963537,7.343919,6.9661155,7.0589375,7.3624988,7.3333077,7.131585,7.093683,7.111225,1.2851961,0.6856968,0.5949282,0.7217963,0.095675305,0.0451954,0.09351689,0.1310944,0.1277387,0.1221681,0.123997204,0.11897711,0.1168827,0.109192,0.100879304,0.070888996,0.0748393,2.155899,1.303162
Montenegro,Europe & Central Asia,Upper middle income,GFDD.DI.11,2.7093132,6.0992513,8.481057,9.466878,9.168229,7.607662,6.142932,5.716268,6.361944,7.7376285,7.4031153,7.2982802,3.0227795,2.104253,2.046336,2.7733853,3.901758,2.1956036,2.3445551,2.064363,1.1711898,0.9186732,0.914146,0.8157472,0.9834813,1.8208966,2.5988302,3.19784,2.8900077,3.3440614,2.7520347
Montenegro,Europe & Central Asia,Upper middle income,GFDD.DM.11,-5.1957865,-2.3715117,1.9146409,4.7804646,5.1236796,2.8460417,-0.26130173,-0.92912006,1.7489784,6.4066653,11.22906,12.197069,10.067719,9.860383,10.480242,11.986639,13.533197,12.662771,11.825388,10.90733,8.881346,8.210919,7.33077,7.801177,7.3777704,8.191389,9.237571,9.748761,9.298522,8.9104395,10.11072
Montenegro,Europe & Central Asia,Upper middle income,GFDD.EI.08,5.0868664,5.462023,5.9765415,5.9788723,5.6166177,5.1159286,4.834431,4.661788,4.966828,4.9655695,4.91105,5.067284,5.1285124,5.2988825,5.3567257,5.3889933,5.437256,5.515581,5.6692643,5.9969,6.220034,6.7710505,7.057702,7.368996,7.1455593,7.302554,7.6217546,8.0437975,8.369976,8.643255,9.185617
Montenegro,Europe & Central Asia,Upper middle income,GFDD.OI.02,29.249496,27.545834,29.278248,30.644335,30.98817,30.924566,30.402735,30.289936,31.27672,32.40336,32.041862,33.783855,11.126451,12.00057,13.33353,22.4447,41.156326,65.99443,51.20242,48.229347,47.529606,46.264427,50.9973,50.06801,53.48319,56.858208,57.921597,60.10335,56.1908,50.958366,57.677628
Montenegro,Europe & Central Asia,Upper middle income,SH.STA.BRTC.ZS,98.44884,99.366554,99.42822,98.97553,98.63855,98.31368,98.41945,98.48925,98.55759,98.69026,99.100006,96.6,97.99999,98.899994,98.3,99.00001,87.2,99.7,99.9,99.5,100.25487,99.88912,99.75186,99.00001,100.29934,100.54181,100.424934,100.051056,98.799995,99.60182,99.87117
Montenegro,Europe & Central Asia,Upper middle income,SL.IND.EMPL.ZS,27.919249,25.24,24.84,24.33,24.35,24.66,25.170002,25.410002,25.53,24.87,24.76,24.47,24.02,23.38,21.25,19.23,18.29,17.540003,18.24,18.12,18.75,19.55,17.92,17.77,17.560001,17.46,17.470001,17.080002,18.9,19.41,23.597427
Morocco,Middle East & North Africa,Lower middle income,DT.TDS.DPPF.XP.ZS,27.890783,34.19737,52.06966,45.394226,46.524612,47.398373,39.479046,36.709003,31.856949,32.853676,27.120508,25.245285,27.729195,29.634922,17.407948,13.842452,10.124096,9.740159,7.771583,7.028939,7.509513,6.733685,7.067207,8.832176,7.5506773,7.5432405,8.623677,8.361786,6.773876,6.6681137,11.005721
Morocco,Middle East & North Africa,Lower middle income,EG.ELC.ACCS.ZS,74.48834,72.801186,49.2,56.772648,58.6089,56.500004,62.274593,64.102684,65.92669,67.74586,69.56738,71.3479,73.120834,74.88853,78.2,78.41762,96.5,81.95443,83.73233,85.520164,92.67138,93.446434,94.21052,97.2,91.6,97.3,97.8,100.0,98.1,99.600006,100.0
Morocco,Middle East & North Africa,Lower middle income,GFDD.AI.01,2474.7612,2310.6318,4172.1753,4209.468,5280.065,6621.9185,6553.515,6243.4927,4260.595,2796.2559,1672.6964,1128.629,479.52167,19.821497,-226.06483,-1299.8556,-1795.4546,-1806.3346,-1607.1472,-1362.7106,-1392.3684,-1719.9385,-2050.5444,-1697.587,-1318.7573,-1205.7985,-1258.4368,-1465.6437,-1454.3132,-1672.8467,-1795.582
Morocco,Middle East & North Africa,Lower middle income,GFDD.DI.04,75.16862,75.79104,84.61945,85.906166,87.872345,82.68524,83.26651,88.26346,89.13546,91.84359,91.46229,94.72268,94.77085,94.588684,94.65456,96.30582,96.57872,97.519844,97.93037,98.56067,98.73031,99.10246,99.28596,99.247795,99.37469,99.3414,99.36585,99.45507,99.54215,99.5173,99.59509
Morocco,Middle East & North Africa,Lower middle income,GFDD.DI.05,46.15091,47.703278,50.9014,53.72425,53.1769,55.95726,52.84019,61.927044,60.994926,66.14435,70.90968,74.883026,76.37529,77.50388,78.755424,85.902306,92.01437,99.60294,99.680466,99.84542,87.10695,89.835594,89.56235,88.89583,92.663414,92.59618,94.04479,93.773575,93.67861,93.406555,103.48591
Morocco,Middle East & North Africa,Lower middle income,GFDD.DI.06,8.480684,8.726202,6.0703535,5.9637,5.10308,8.255764,7.5105486,7.4806647,6.867093,5.187945,5.907524,3.600495,3.555706,3.6445708,3.521333,2.550362,2.4688082,2.017066,1.8249301,1.343651,1.074218,0.806022,0.6713257,0.6977759,0.5738865,0.5719985,0.55043113,0.47381473,0.40942872,0.43443462,0.4116531
Morocco,Middle East & North Africa,Lower middle income,GFDD.DI.11,5.2135434,7.4914145,8.935322,9.513,9.320778,8.880157,7.79424,7.642332,8.711475,10.060604,10.857356,10.885303,11.193907,15.446893,14.959428,15.361765,15.172162,18.022276,16.104128,17.565323,18.096565,18.369007,18.271942,18.079626,18.486452,18.137157,18.608912,18.768316,19.177431,19.575865,20.694395
Morocco,Middle East & North Africa,Lower middle income,GFDD.DM.11,1.221021,4.5500255,10.366028,9.932877,10.340049,11.84153,7.801719,10.438753,9.662557,12.752467,14.41829,15.0027275,0.0069393,12.91852,14.375719,13.865359,0.0115079,0.0111865,0.082174204,0.018118799,0.013671299,0.06595919,0.0398444,0.0097049,0.009423301,0.11451209,0.1986603,0.1054339,0.0984329,0.0789052,0.089165
Morocco,Middle East & North Africa,Lower middle income,GFDD.EI.08,11.96606,10.065249,13.739249,15.16896,15.48716,14.890559,13.30388,15.71637,14.5978985,13.454209,14.95021,19.872179,20.123539,18.92643,17.273539,18.83802,18.94875,17.94047,17.935299,18.32515,16.787619,18.670639,21.802061,23.95907,22.978838,22.553629,22.32552,23.54266,26.76823,26.597101,32.158867
Morocco,Middle East & North Africa,Lower middle income,GFDD.OI.02,31.48257,32.77884,35.80681,38.29269,38.16613,40.549187,37.822548,48.309265,47.78822,51.517838,56.38838,59.503613,60.73378,62.24015,63.36499,69.3163,73.680725,80.8188,81.509254,81.25849,86.69134,87.83833,88.19445,86.54394,89.729256,88.92393,90.1588,89.94168,88.363396,87.02258,98.53936
Morocco,Middle East & North Africa,Lower middle income,SH.STA.BRTC.ZS,80.09253,79.28309,31.0,78.9272,78.70579,39.6,78.8474,45.600002,80.34646,81.00407,81.897964,83.23044,84.71743,86.21746,62.6,87.758606,89.24429,89.834,90.84899,91.864075,74.1,73.6,93.6147,93.78844,94.1386,94.654305,94.770515,94.597565,86.6,94.056625,94.47945
Morocco,Middle East & North Africa,Lower middle income,SL.IND.EMPL.ZS,20.681257,20.1,19.86,19.62,19.9,19.44,19.97,19.66,19.97,19.77,19.710001,20.060001,20.12,20.18,19.48,19.51,20.300001,20.560001,21.05,21.210001,21.49,21.85,21.39,21.65,21.87,22.26,22.25,22.66,22.88,23.09,21.515882
Mozambique,Sub-Saharan Africa,Low income,DT.TDS.DPPF.XP.ZS,17.296944,19.781107,20.789015,31.472715,30.375753,33.445522,25.033678,17.945055,15.620696,14.343347,8.050241,5.095667,3.939825,4.335107,2.7158637,2.8245418,1.4754674,1.0134469,1.0684686,1.4626788,3.4305758,2.2708015,2.0448163,3.8004386,5.428065,9.434067,9.725451,6.879842,7.273755,13.241298,31.329197
Mozambique,Sub-Saharan Africa,Low income,EG.ELC.ACCS.ZS,2.8622167,0.85674125,1.5054961,3.0157776,4.0152383,4.245756,4.0818095,6.6000004,3.6631758,4.8791237,6.096311,5.7,8.443921,8.1,10.77059,11.931945,13.095172,12.4,13.571224,15.0,18.802736,20.199999,21.232607,22.420128,24.8,24.0,26.246521,24.3,31.1,29.67445,30.603832
Mozambique,Sub-Saharan Africa,Low income,GFDD.AI.01,-1748.1014,-41.2763,1190.7866,2365.8647,3834.323,5133.957,5755.7446,7571.731,5442.391,4424.292,2847.684,1897.7234,1414.6714,2590.8354,880.89966,-1183.2216,-1709.079,-1966.8423,-873.9095,-2045.7794,-2239.9253,-1465.5679,-2398.0073,-2132.1587,-1890.9631,-959.1268,-1792.9543,-1896.8246,-1929.1317,-1908.984,-2777.143
Mozambique,Sub-Saharan Africa,Low income,GFDD.DI.04,23.70539,72.44411,79.097725,66.7821,74.618004,77.66459,86.726135,92.75076,97.68088,99.10069,99.94089,99.94582,99.930336,99.96937,86.39244,94.939514,91.6561,90.644905,92.649734,94.80025,95.629906,95.98409,96.397675,96.72158,95.92832,97.3558,88.33265,83.33079,83.55903,80.16467,71.55787
Mozambique,Sub-Saharan Africa,Low income,GFDD.DI.05,18.77756,17.104761,22.91541,24.0539,22.65931,21.59587,15.45727,15.54492,15.725261,16.96671,20.802328,18.41882,20.93117,21.67047,19.799889,21.5266,22.08269,24.06369,26.389318,32.65816,35.37701,34.39935,40.09584,42.353477,47.6139,52.28691,48.779728,45.9053,46.62655,48.63565,59.398613
Mozambique,Sub-Saharan Africa,Low income,GFDD.DI.06,15.7151,4.87145,3.821493,5.1697407,3.442885,2.731372,1.255032,0.7925613,0.25290048,0.106749296,0.008711,0.0067128995,0.009268301,0.0039514997,2.034369,0.8911561,1.490154,1.781211,1.686537,1.590249,1.333635,1.30355,1.264084,1.338987,1.961828,1.31003,6.0135636,8.703395,8.580311,10.2411,17.49036
Mozambique,Sub-Saharan Africa,Low income,GFDD.DI.11,-3.8027081,-1.1937478,0.48247313,1.3441617,1.2589693,0.5146988,-0.3824366,-1.8825233,-1.474655,-0.978942,-0.13862573,0.26916736,-0.32252243,-1.4340043,-1.8832229,2.1129618,2.216483,2.0433426,2.0428607,2.4052112,2.5022974,2.8731892,3.0247152,3.5608256,3.5614555,3.6509054,4.445944,4.1417384,3.4891205,3.9828029,4.9022365
Mozambique,Sub-Saharan Africa,Low income,GFDD.DM.11,8.328757,9.569322,12.614169,14.219956,14.976789,14.432316,13.606034,15.535264,13.776765,17.810875,18.174679,18.377207,17.833094,18.483023,15.681157,1.762868,0.74910015,1.932199,1.677709,0.040783897,0.045669798,0.2579936,0.1114562,0.4095967,0.323314,0.271764,0.1745666,0.0082045,0.0140901,0.0115244,0.021543
Mozambique,Sub-Saharan Africa,Low income,GFDD.EI.08,1.986327,1.439636,1.5408751,1.1811739,0.9941549,0.420252,0.2794418,0.5691683,0.28690422,0.56981844,2.00771,2.952668,3.798949,4.489836,5.910105,7.663138,6.260472,7.002571,6.9577208,9.009044,7.081697,10.11308,11.221519,13.156699,15.887549,15.92783,14.249749,19.23655,21.54287,20.37193,19.7149
Mozambique,Sub-Saharan Africa,Low income,GFDD.OI.02,6.544248,13.048731,18.975012,19.28227,17.96575,16.942072,12.139,12.43176,12.8609,13.86588,17.78861,15.492071,18.127369,18.59341,16.58944,18.18283,18.80987,20.52694,23.02774,28.49129,30.56936,29.96752,35.62156,37.651287,42.402428,47.27499,43.68794,41.34388,42.51832,44.27256,54.174656
Mozambique,Sub-Saharan Africa,Low income,SH.STA.BRTC.ZS,43.144672,42.73847,42.643368,43.038876,43.358727,43.31473,43.18225,44.2,41.953793,41.84977,43.788223,45.415337,46.913616,47.699997,48.701504,51.27246,52.154633,53.167034,55.299995,54.884487,55.696903,54.3,57.24459,58.046444,58.82507,73.0,59.81599,60.481945,61.049145,60.894913,60.699474
Mozambique,Sub-Saharan Africa,Low income,SL.IND.EMPL.ZS,10.9293995,2.5,2.51,2.52,2.54,2.56,2.61,2.68,2.76,2.85,2.9499998,3.1,3.23,3.39,3.61,3.84,4.11,4.38,4.68,5.0,5.36,5.76,6.18,6.65,7.15,7.750001,8.030001,8.250001,8.45,8.59,10.790903
Myanmar,East Asia & Pacific,Lower middle income,DT.TDS.DPPF.XP.ZS,18.773619,27.694239,8.474892,13.257429,14.730677,20.089315,12.573164,8.434609,5.7473164,5.5305386,0.9686837,0.6348696,0.7311781,0.7359033,0.73516065,0.6484436,1.2228632,1.3316379,1.3749865,1.7565444,3.11102,2.6290684,12.002675,19.66737,4.6204896,3.4635365,5.399549,4.302348,4.8433757,3.3978777,10.523764
Myanmar,East Asia & Pacific,Lower middle income,EG.ELC.ACCS.ZS,28.589306,25.79755,23.99729,24.896284,25.874638,26.727877,27.363775,29.617243,29.345066,30.643326,41.833786,42.9419,47.0,45.137714,46.230114,47.321983,48.41572,49.513985,50.619476,51.73491,48.8,54.006428,55.16793,56.349274,51.999996,60.499996,55.6,69.814835,66.22728,68.35853,70.397194
Myanmar,East Asia & Pacific,Lower middle income,GFDD.AI.01,3699.4106,7573.097,6415.7427,7475.036,8794.934,10243.299,11185.846,12401.578,9734.197,8424.5,8772.863,10149.456,7700.6333,9527.908,112.99356,114.50523,116.12754,119.93729,123.81732,126.197,129.91315,122.21038,142.95662,155.56306,176.19873,197.7077,250.72783,185.64488,239.82014,341.11047,1452.7698
Myanmar,East Asia & Pacific,Lower middle income,GFDD.DI.04,13.784841,21.46718,24.27425,24.560308,25.465118,27.621231,32.1336,37.1896,41.88775,41.10628,41.08397,46.05445,46.08967,26.93954,25.562922,23.34268,21.91127,21.829971,26.838419,30.730152,46.82178,49.796318,63.203,71.707726,78.087234,73.626274,74.824326,75.28551,77.269684,78.95063,74.15506
Myanmar,East Asia & Pacific,Lower middle income,GFDD.DI.05,30.63982,34.24949,35.690712,32.4192,31.60409,33.94923,36.41747,34.08128,27.86003,25.92002,29.580389,33.03135,29.785929,20.63064,21.647549,21.664309,20.22295,19.05023,17.31378,19.89412,25.2617,28.55667,32.8904,38.61351,41.865177,48.87698,53.36195,57.72479,58.94449,60.038486,64.88212
Myanmar,East Asia & Pacific,Lower middle income,GFDD.DI.06,37.461758,35.93867,34.25516,29.98087,27.87942,26.3615,26.12298,22.43194,18.00529,15.23149,16.48027,19.32258,16.99232,16.527111,17.534859,17.69795,16.557371,15.3602,13.34024,14.792589,16.22309,16.28478,13.69564,12.965599,11.62787,14.9666395,15.8658905,16.53531,15.46476,14.377871,15.074619
Myanmar,East Asia & Pacific,Lower middle income,GFDD.DI.11,-10.583617,-7.1522803,-5.57642,-5.062858,-5.199408,-6.0123935,-6.7353683,-7.637368,-7.098848,-6.6829166,-7.6089354,-7.7306466,-8.382029,-9.434474,-9.92871,-8.954603,-7.6012764,-6.77166,-6.1809244,-6.366822,-6.9951787,-6.643397,-6.2775455,-6.088513,-4.870954,-4.8758225,-4.353477,-3.7982666,-3.3699017,-3.2410045,-2.5043075
Myanmar,East Asia & Pacific,Lower middle income,GFDD.DM.11,12.026142,17.982084,19.383076,21.980516,22.78201,22.086582,20.924772,22.984737,21.301508,25.675425,26.177467,28.778982,25.627987,26.946907,25.569212,24.700048,23.296265,24.201618,19.903404,18.370459,19.41998,15.119786,14.040708,13.772478,7.7399996e-08,6.4599995e-08,6.13e-08,0.0543718,0.038776,0.0059908,16.290648
Myanmar,East Asia & Pacific,Lower middle income,GFDD.EI.08,0.7642484,5.362198,3.27406,2.5980632,1.817863,1.3644701,1.076036,1.1756401,0.9056932,2.9299572,3.819689,5.2894974,3.428674,1.9454631,1.537716,0.70776176,0.7255263,0.8127488,1.746934,2.986418,9.121147,8.833621,14.015789,19.59879,24.95971,22.68866,23.52516,23.8407,24.25599,25.48337,18.47448
Myanmar,East Asia & Pacific,Lower middle income,GFDD.OI.02,9.518908,11.370841,11.05781,10.236401,10.21368,12.683551,14.51564,13.74157,12.674021,13.405221,16.88515,18.87489,16.10533,6.193682,7.6352153,7.4113417,7.319624,7.3317575,7.2671037,9.104448,13.733291,16.58724,21.02329,26.03559,29.497849,35.2623,40.424107,45.160007,46.2417,47.86791,50.94155
Myanmar,East Asia & Pacific,Lower middle income,SH.STA.BRTC.ZS,48.81398,46.300003,45.924786,45.977314,46.21486,46.424004,46.32441,56.399998,46.82887,47.389343,49.03062,56.999996,52.81178,67.5,54.87114,55.723064,57.211796,63.899998,61.277405,62.88487,70.6,65.30585,66.63903,68.32938,70.2959,71.736015,60.2,73.49478,73.95929,74.26433,73.52311
Myanmar,East Asia & Pacific,Lower middle income,SL.IND.EMPL.ZS,12.63119,8.370001,8.99,9.620001,9.790001,10.530001,11.09,11.71,12.06,12.34,12.910001,13.23,13.83,14.47,14.959999,15.33,15.750001,15.91,16.15,16.35,16.52,16.470001,16.48,16.540003,16.7,16.77,16.36,15.940001,17.27,16.94,14.331555
Namibia,Sub-Saharan Africa,Upper middle income,DT.TDS.DPPF.XP.ZS,14.141966,13.788224,13.28637,12.59203,12.08616,11.706746,11.723263,11.659843,11.393959,11.053701,9.724971,9.205309,8.737123,8.475245,7.7107477,6.952079,6.3314095,5.948142,5.23695,4.887626,4.7287803,4.732307,4.8067164,4.9590015,5.1770782,5.372859,5.5949655,5.7438817,5.815446,6.0358067,7.0760393
Namibia,Sub-Saharan Africa,Upper middle income,EG.ELC.ACCS.ZS,39.0349,38.117786,26.399998,27.0,28.932589,29.952147,30.968988,31.982428,32.99179,33.99631,36.5,35.96686,36.925476,37.878853,38.82934,39.779297,40.73112,43.7,42.65105,44.1,44.610737,42.3,46.63186,47.4,48.72851,51.6,49.7,52.5,54.002895,55.17709,56.258694
Namibia,Sub-Saharan Africa,Upper middle income,GFDD.AI.01,53.611412,925.9094,2847.0442,2546.9795,3628.2876,4661.8237,5300.215,4716.5464,3465.4517,2037.982,298.95148,-662.7423,-911.7417,-1203.7843,103.31599,99.53923,144.48323,154.82227,156.63876,170.08777,169.81435,455.6808,670.65436,747.53204,881.12335,934.4953,913.027,937.0158,1070.6598,1154.4554,1220.97
Namibia,Sub-Saharan Africa,Upper middle income,GFDD.DI.04,75.362854,73.52444,86.68737,87.17137,87.97587,89.42601,90.00661,99.9999,99.999916,99.999916,99.99992,99.99994,99.89919,99.897316,99.93946,99.94995,99.9481,99.949455,99.93591,99.94191,99.94794,99.94958,99.94009,99.94117,99.94964,99.9545,99.78729,99.95165,99.598175,98.8831,99.92753
Namibia,Sub-Saharan Africa,Upper middle income,GFDD.DI.05,20.467339,23.26233,28.846788,31.712309,33.88298,37.474213,39.12122,37.87912,37.44435,40.53541,39.84327,37.59607,35.22033,36.56474,37.0587,37.57858,41.574688,40.274548,41.70119,63.234882,63.639854,65.15421,57.21499,58.726013,55.15298,49.1875,48.57681,50.98611,51.2024,56.43633,63.949715
Namibia,Sub-Saharan Africa,Upper middle income,GFDD.DI.06,8.54846,9.508452,5.217286,5.832138,5.530634,5.431045,4.99615,4.1799998e-05,3.74e-05,3.38e-05,2.94e-05,2.61e-05,0.046881597,0.0510886,0.0318569,0.029041901,0.029210301,0.0282292,0.0334825,0.030666199,0.0280247,0.0293739,0.0335767,0.0341814,0.0292726,0.0285917,0.1352894,0.030579802,0.2616811,0.8007857,0.057211902
Namibia,Sub-Saharan Africa,Upper middle income,GFDD.DI.11,8.273217,11.40158,12.2540245,12.449453,12.214746,11.656029,11.280585,11.014235,11.35673,12.588557,19.985403,22.978586,29.168295,30.563377,10.743032,36.437023,35.357346,37.125957,32.060772,32.491108,32.98863,32.878696,32.43022,33.9671,33.35427,34.470436,33.811474,35.068466,34.896088,36.900604,38.415493
Namibia,Sub-Saharan Africa,Upper middle income,GFDD.DM.11,7.1187367,7.5318213,16.731077,15.514108,16.246567,15.052887,13.0726185,12.275521,13.062865,16.385336,0.1763504,18.965944,18.465752,17.31248,20.21095,15.6151905,15.04651,27.25727,24.44731,36.31599,31.611069,18.75597,24.38142,23.369871,19.86475,13.666511,16.405802,17.02697,14.54166,16.85572,27.54179
Namibia,Sub-Saharan Africa,Upper middle income,GFDD.EI.08,0.64716816,1.2258801,2.484437,3.394061,2.7319152,2.566236,4.141591,5.301682,4.8600807,5.980718,5.380156,4.174349,4.459794,4.938438,5.700017,5.102724,5.198272,5.1713996,4.527641,4.7800126,4.696243,8.931521,7.412427,7.446905,6.745245,8.823302,9.21459,10.847679,11.6660795,13.96921,17.93303
Namibia,Sub-Saharan Africa,Upper middle income,GFDD.OI.02,20.34601,23.11156,28.84679,30.85903,32.21724,35.85732,37.47873,36.132256,35.74644,38.75511,38.082897,35.94616,33.680138,34.99599,35.57673,36.1074,40.16491,38.942417,40.07456,61.558235,62.0761,63.27094,55.638206,56.90603,53.2663,53.48304,52.7329,55.36018,56.00627,62.055733,70.006195
Namibia,Sub-Saharan Africa,Upper middle income,SH.STA.BRTC.ZS,60.98777,60.890118,68.2,60.643982,60.38992,60.140377,59.907795,60.279213,61.106422,61.27271,75.5,64.5863,65.67442,66.51533,68.35091,68.99677,69.77778,81.4,71.50428,72.42407,73.2415,73.9044,74.54382,88.2,76.02554,76.972786,77.80534,78.27593,78.15943,77.836266,77.92501
Namibia,Sub-Saharan Africa,Upper middle income,SL.IND.EMPL.ZS,15.282769,15.049999,14.91,14.770001,14.620001,14.520001,14.370001,14.270001,13.6,12.92,12.31,12.780001,13.370001,14.1,14.83,14.660001,14.57,14.45,14.270001,14.18,14.05,13.96,13.880001,14.44,14.83,16.99,19.33,17.66,16.22,16.4,14.439173
Nauru,East Asia & Pacific,High income,DT.TDS.DPPF.XP.ZS,11.497813,11.531302,10.898054,10.099936,9.497322,9.352599,9.50605,9.669666,9.826654,9.48439,8.909041,8.50817,8.508168,8.230383,7.521577,6.744712,6.1759467,5.9845734,5.7716384,5.601307,5.31714,5.1607985,5.1586127,5.726581,6.4495845,7.033535,7.0675898,6.662741,6.531656,7.1059055,8.449021
Nauru,East Asia & Pacific,High income,EG.ELC.ACCS.ZS,98.999084,99.041306,99.08342,99.124855,99.164925,99.20296,99.238266,99.27018,99.29801,99.32101,99.43709,99.415634,99.38659,99.35232,99.315155,99.27745,99.24163,99.8,99.18625,99.17211,99.17063,99.0,99.216446,99.26821,99.33779,99.0,99.71289,99.87004,99.92823,100.0,100.0
Nauru,East Asia & Pacific,High income,GFDD.AI.01,-1884.4615,-1636.1726,-1466.5348,-840.29205,497.7587,1569.1918,2441.7903,1580.3075,-566.2405,-2604.6943,-3675.329,-3990.502,-3807.1804,-3823.9854,-4282.6753,-4702.1606,-4541.769,-3947.8284,-3501.7683,-3228.5479,-3600.3584,-4280.2617,-4564.0776,-4156.1016,-3573.112,-3367.305,-3667.8726,-4018.2368,-4219.667,-4133.833,-3756.7285
Nauru,East Asia & Pacific,High income,GFDD.DI.04,89.15882,89.0246,89.22865,89.488495,89.85224,90.404366,90.448,91.0605,90.75286,90.689674,90.68155,90.99029,90.8743,90.59872,90.733315,91.07454,91.94554,91.972626,92.42193,91.679405,91.02682,90.95576,91.323715,91.38388,91.03881,90.231224,89.5552,89.48755,89.76334,89.81228,89.42119
Nauru,East Asia & Pacific,High income,GFDD.DI.05,49.16698,49.14104,50.406284,52.72696,53.64249,52.65817,52.190765,53.08295,54.300636,54.925705,54.1712,54.14243,54.47063,54.45994,54.165928,54.21706,55.854935,55.856785,57.67849,60.13619,61.030693,61.688118,63.48745,65.192085,65.73512,66.25817,66.2999,66.57856,68.47062,71.85446,74.69408
Nauru,East Asia & Pacific,High income,GFDD.DI.06,7.9884443,9.083729,9.1613865,8.639935,8.044399,7.8786755,8.153884,8.529408,8.448055,8.287963,8.040225,7.951042,8.288796,8.498849,8.343861,7.820011,7.2074976,7.284751,7.240483,7.771378,7.8539553,7.445558,7.3907647,7.7055893,8.451354,9.292542,9.797775,9.593478,9.432552,9.345935,9.067057
Nauru,East Asia & Pacific,High income,GFDD.DI.11,8.761091,12.042666,14.490191,15.527073,15.484098,14.456161,13.196022,12.808848,13.395019,14.823332,15.775847,15.42216,14.370069,13.345969,13.181085,13.920728,14.906733,14.523775,15.489187,15.1033325,14.467795,14.29502,14.417387,14.777332,15.156839,15.800839,16.444649,16.519262,17.163023,18.02911,17.524725
Nauru,East Asia & Pacific,High income,GFDD.DM.11,-3.685284,-0.89107203,3.1410222,6.028705,5.903288,2.9847791,-0.6377405,-2.2740054,0.43858385,5.5730476,10.410869,12.384994,12.462025,11.673314,12.164165,14.2052,16.725489,20.258957,19.290258,18.15435,16.14555,13.604914,12.190194,12.970276,14.572162,16.776114,17.921211,17.733295,16.89738,16.439535,17.350275
Nauru,East Asia & Pacific,High income,GFDD.EI.08,4.460043,5.2874017,5.8527007,6.003394,5.7581706,5.418901,5.0246,4.7499714,4.958695,4.9852004,5.053003,5.2354636,5.391171,5.450415,5.552813,5.531855,5.3870106,5.3265514,5.114791,5.219432,5.5315595,5.991013,6.3604465,6.3459563,6.3323812,6.3683763,6.5465817,6.917128,7.319143,7.6541147,7.607574
Nauru,East Asia & Pacific,High income,GFDD.OI.02,36.62706,37.495335,38.934414,40.022144,40.043808,40.076996,39.906704,39.87348,40.868195,41.80605,42.745495,44.204823,45.19588,45.61907,45.86906,47.026333,48.735264,49.695255,51.678288,52.095802,51.49091,51.531116,52.245758,53.191307,54.639324,55.311157,55.413372,55.75757,56.931908,59.371918,61.53096
Nauru,East Asia & Pacific,High income,SH.STA.BRTC.ZS,96.77843,98.00099,98.508026,98.43465,98.23033,98.17775,98.2388,98.31811,98.43166,98.60088,98.90369,99.28387,99.45078,99.34993,99.07724,98.751205,98.70098,97.4,98.91264,98.87238,98.43467,97.98649,98.018616,98.26931,98.87064,99.12851,99.01512,98.63986,98.191444,97.96807,97.909874
Nauru,East Asia & Pacific,High income,SL.IND.EMPL.ZS,23.919168,24.128567,24.170683,23.814161,23.240282,22.66622,22.195168,22.131136,21.990185,21.767136,21.422342,21.13198,20.896458,20.689322,20.617128,20.482874,20.379671,20.256668,19.806616,19.52704,19.389029,19.335682,19.28038,19.097784,18.87604,18.665571,18.706247,19.064625,19.301586,19.246338,18.770752
Nepal,South Asia,Lower middle income,DT.TDS.DPPF.XP.ZS,14.530547,11.174428,9.181885,8.614702,7.8141813,7.6868167,6.525562,6.929834,7.938181,7.9955606,7.3980246,7.7042804,10.1935215,10.047542,8.96378,8.180164,9.681859,8.606464,8.240055,9.972096,10.412654,8.997359,10.028866,8.590274,7.8225393,7.88551,8.6597,7.3783855,6.5980577,7.4233093,11.633054
Nepal,South Asia,Lower middle income,EG.ELC.ACCS.ZS,33.3052,29.214685,27.998804,28.718822,29.407974,30.042538,17.9,18.132868,21.73253,25.327356,29.046265,24.6,35.88741,39.29895,37.2,46.11573,51.199997,52.94023,56.361977,59.793667,68.6,67.26,74.96597,77.466194,84.9,82.52396,90.7,87.89635,93.92,89.9,89.9
Nepal,South Asia,Lower middle income,GFDD.AI.01,-73.82631,1649.0741,953.09216,2019.192,3350.9905,4724.6816,7413.027,6093.451,4934.279,3898.7168,3869.693,3032.3284,1428.2601,1406.3523,2151.9172,171.40381,166.56503,-1035.4827,-816.3139,-583.36127,-456.68027,37.858727,-1175.1405,-438.03943,683.52576,202.46365,529.9372,334.87192,-355.47687,-490.60052,-347.37408
Nepal,South Asia,Lower middle income,GFDD.DI.04,66.40216,74.47338,74.334076,76.16422,79.19066,76.9865,78.34498,78.52249,81.95062,84.41995,85.24866,88.1973,86.228714,93.08091,93.643295,92.402664,94.22669,92.40469,94.59135,95.70804,95.45441,95.8133,97.088844,97.446106,98.028046,98.65763,98.95822,98.223656,97.649376,98.12168,98.33886
Nepal,South Asia,Lower middle income,GFDD.DI.05,26.08642,26.74269,26.1243,28.39062,29.53119,30.99204,30.61919,35.19676,36.48771,39.05156,41.8306,45.07238,44.465637,45.74445,47.13096,47.23496,49.65757,52.92443,58.218266,70.559845,64.06854,66.342445,67.71802,74.31578,75.360245,86.3804,94.205925,89.40509,95.331825,97.169945,116.967606
Nepal,South Asia,Lower middle income,GFDD.DI.06,7.693059,5.77214,5.676425,5.4788623,5.0349607,6.413812,5.987321,6.008165,5.656601,4.9274592,4.9153314,4.205992,4.722242,2.347891,2.207,2.715074,2.237372,3.2469232,2.506898,2.635271,2.650097,2.4047241,1.7376901,1.572856,1.262542,0.90206826,0.82632136,1.4687331,2.10582,1.7470099,1.793011
Nepal,South Asia,Lower middle income,GFDD.DI.11,-2.680514,1.0357038,2.231227,2.8623924,2.7850528,2.2015247,0.73588437,0.046615273,0.38765433,1.0735216,1.8951132,2.009229,1.1581101,-0.044081613,-0.10377745,0.69932514,0.57732636,0.60082966,0.6804321,3.7453575,3.978961,4.4780874,4.8342032,4.7876143,5.146101,5.835271,7.0230875,6.9504776,8.588374,10.020896,6.267625
Nepal,South Asia,Lower middle income,GFDD.DM.11,3.3637335,7.2874284,7.9309278,10.816841,11.7428,11.288013,13.170924,9.980763,10.151793,14.101342,17.536282,18.053116,15.028524,13.636276,14.85068,11.885264,14.949347,12.8278055,12.20533,12.147587,11.507691,12.280596,0.0244858,10.409459,12.27502,11.974523,14.224721,14.568459,12.825765,13.015136,14.827134
Nepal,South Asia,Lower middle income,GFDD.EI.08,5.7646923,7.184172,6.6005993,6.727121,4.8599186,3.4930222,3.48889,3.347143,3.080619,4.021842,4.2663174,6.846417,9.851773,11.25783,10.642819,9.799219,10.70185,9.174145,11.02006,8.404364,9.405874,10.412989,11.006419,11.30248,9.707836,10.93862,10.2265,14.724699,12.896659,13.831369,20.48727
Nepal,South Asia,Lower middle income,GFDD.OI.02,17.9251,17.97032,18.068932,19.71861,20.49351,21.83678,21.850842,22.94595,27.1352,29.218487,31.591728,34.1222,33.89099,35.24701,36.42909,36.51479,38.91995,42.4034,46.42583,58.532963,53.46735,56.0286,57.049057,62.533066,64.11699,71.090996,79.940346,76.389786,83.018845,85.80957,103.111
Nepal,South Asia,Lower middle income,SH.STA.BRTC.ZS,59.403095,7.4,56.780243,56.75864,56.99547,57.097572,9.0,56.832603,57.905273,58.296593,11.9,10.9,63.710197,65.12167,15.799999,67.459564,18.7,71.12087,73.061264,75.112076,76.868835,36.0,79.49434,80.22356,55.6,83.51866,58.0,58.0,84.750725,84.37841,85.16397
Nepal,South Asia,Lower middle income,SL.IND.EMPL.ZS,14.594891,2.76,3.21,3.7400002,4.45,5.2,6.12,7.2,8.380001,9.84,10.520001,10.98,11.21,11.540001,11.8,11.97,12.120001,12.250001,12.57,12.740001,12.990001,13.160001,13.410001,13.650001,13.98,14.140001,14.05,14.48,14.81,15.110001,17.131487
Netherlands,Europe & Central Asia,High income,DT.TDS.DPPF.XP.ZS,11.3587475,10.483999,10.251701,9.844165,9.436076,8.864712,8.811302,8.698629,9.386899,9.8021965,9.399208,7.8188004,7.786228,7.310398,7.5521674,7.1678815,6.9547377,6.6965504,6.453966,6.2793303,6.16089,6.0921674,6.1977534,6.5722394,7.0091786,7.2358847,7.2208447,7.06799,7.0425777,7.338502,8.537503
Netherlands,Europe & Central Asia,High income,EG.ELC.ACCS.ZS,100.0,100.0,100.0,100.0,100.0,100.0,100.0,100.0,100.0,100.0,100.0,100.0,100.0,100.0,100.0,100.0,100.0,100.0,100.0,100.0,100.0,100.0,100.0,100.0,100.0,100.0,100.0,100.0,100.0,100.0,100.0
Netherlands,Europe & Central Asia,High income,GFDD.AI.01,684.51086,86.46109,-166.81754,240.57169,1096.6608,1311.4979,2081.154,1329.9299,-589.6836,-1256.7241,-2127.3682,-2743.7048,-2515.9023,-2680.1123,-2802.7566,-3268.7947,-3505.5103,-3107.2144,-2599.088,-2450.085,-2607.391,-3029.868,-3241.8594,-3111.528,-2787.929,-2618.6785,-2740.6475,-2950.943,-3058.9592,-3010.3052,-2967.5508
Netherlands,Europe & Central Asia,High income,GFDD.DI.04,98.601105,98.551186,98.79236,99.26873,99.35498,99.40627,99.43539,99.468666,99.11344,98.978714,98.50202,99.67719,99.88092,99.9331,99.873634,99.93434,99.928764,99.86053,99.80235,99.862404,99.85304,99.780785,99.87273,99.85049,99.628815,97.17459,93.81969,91.583725,90.90797,91.20323,88.26534
Netherlands,Europe & Central Asia,High income,GFDD.DI.05,75.452324,74.783325,75.24548,77.303535,73.761185,74.25554,74.98247,74.735916,107.95625,109.30484,109.85158,81.31281,82.61572,89.02557,90.471886,99.682884,105.3113,101.5579,103.2642,109.34781,110.3776,113.0211,114.759,112.736206,125.27821,120.405106,120.44141,116.2105,110.3981,110.485405,122.81291
Netherlands,Europe & Central Asia,High income,GFDD.DI.06,1.3447629,1.391793,1.1585599,0.72215676,0.6477944,0.62542516,0.6245281,0.6101292,0.589588,7.2327833,6.8779783,0.3938732,0.1434737,0.080536604,0.156815,0.0836838,0.0879315,0.1708739,0.2385669,0.17508431,0.1860175,0.2792304,0.1684621,0.1933492,0.49154213,3.677783,8.427203,11.30454,11.55872,10.52832,14.57077
Netherlands,Europe & Central Asia,High income,GFDD.DI.11,42.049698,44.224808,46.78641,47.627827,47.12835,49.654526,53.920925,57.760815,61.838467,63.662476,61.902134,59.227688,54.891975,57.123493,58.256214,63.474815,63.04345,61.381523,58.683895,61.468655,63.8558,66.73345,71.56819,67.46358,76.33242,70.59759,70.59916,64.89231,60.958775,63.641815,69.044174
Netherlands,Europe & Central Asia,High income,GFDD.DM.11,22.580133,24.045162,26.092245,27.135828,26.177439,24.691998,23.313946,23.02329,23.637306,45.554127,53.82524,58.0816,74.41322,89.39126,99.676285,99.54295,104.4705,106.064995,84.37252,105.046295,99.355354,90.972275,112.697,109.7601,108.675804,118.1583,118.647705,123.6183,109.4064,117.565,133.1855
Netherlands,Europe & Central Asia,High income,GFDD.EI.08,46.47872,42.962193,41.210194,41.925076,41.261013,40.55264,39.59521,38.032654,16.814802,16.73766,16.743357,11.15358,11.15663,11.486129,11.11932,11.01668,9.843022,8.978794,9.552254,9.828883,12.73242,12.602729,15.25546,15.285339,15.520129,14.88925,13.36412,11.86987,10.086599,9.4716835,8.713341
Netherlands,Europe & Central Asia,High income,GFDD.OI.02,68.50923,68.20847,68.98454,71.12925,67.81596,68.56612,69.487206,69.55276,91.29202,95.10392,95.9639,76.006516,76.09156,81.76557,82.17996,91.52361,94.522415,90.24792,92.42102,96.28194,96.244606,97.25444,96.84486,94.041306,102.4711,99.85855,98.95586,98.31741,92.52159,92.29904,103.2301
Netherlands,Europe & Central Asia,High income,SH.STA.BRTC.ZS,94.947784,95.77251,96.70934,97.1761,97.261986,96.49022,96.19804,95.93488,100.0,97.01385,97.50484,97.314285,97.291885,100.0,96.966125,96.8129,96.78254,96.86452,96.97695,97.017456,96.97302,96.81535,96.746124,96.752205,96.879616,97.0841,97.09627,96.95222,96.70095,96.47972,96.45724
Netherlands,Europe & Central Asia,High income,SL.IND.EMPL.ZS,27.566101,25.07,24.670002,24.14,23.35,23.35,23.16,22.88,22.76,22.33,21.580002,21.57,20.98,19.91,20.080002,21.040003,20.63,19.780003,19.13,18.52,17.7,17.170002,17.210001,16.52,16.23,16.430002,16.48,16.52,16.170002,16.11,20.855137
New Caledonia,East Asia & Pacific,High income,DT.TDS.DPPF.XP.ZS,12.142346,10.92797,10.749883,10.23919,9.7812195,9.631475,9.6406,9.694819,9.714204,9.40013,8.840226,8.491266,8.487618,8.286894,7.809294,7.166177,6.6731176,6.4731865,6.2268553,6.106142,5.972246,5.8194766,5.74345,6.0405297,6.5643244,7.0145264,6.9698873,6.59792,6.438431,6.8215714,8.840928
New Caledonia,East Asia & Pacific,High income,EG.ELC.ACCS.ZS,99.844315,99.87582,99.906876,99.93726,99.96508,100.0,100.0,100.0,100.0,100.0,100.0,100.0,100.0,100.0,100.0,100.0,100.0,100.0,100.0,100.0,100.0,100.0,100.0,100.0,100.0,100.0,100.0,100.0,100.0,100.0,100.0
New Caledonia,East Asia & Pacific,High income,GFDD.AI.01,-1281.0593,-1702.7465,-1299.5198,-328.46796,750.2188,1922.8416,2474.0635,1647.0931,-314.6915,-2134.8643,-3082.2886,-3420.8838,-3343.349,-3238.953,-3301.3682,-3488.2896,-3440.9841,-3125.0986,-2925.259,-2749.274,-2897.2036,-3368.5764,-3728.2617,-3643.3625,-3374.57,-3199.0864,-3372.5308,-3795.277,-4033.3467,-4083.5566,-3784.0188
New Caledonia,East Asia & Pacific,High income,GFDD.DI.04,87.67022,88.5358,87.80099,87.45441,87.61175,87.92351,88.67886,89.43538,89.31641,89.30677,89.456924,89.865845,89.88085,89.60672,89.14722,89.25925,90.150894,90.91932,91.22145,90.58119,89.80017,89.67937,90.21542,90.82589,90.96889,90.28092,89.75808,89.87381,90.28738,90.7547,89.20058
New Caledonia,East Asia & Pacific,High income,GFDD.DI.05,40.991413,39.786083,40.447056,41.29699,42.409,41.61611,41.44864,42.036175,42.99483,43.925247,43.146305,43.361782,43.955917,43.944286,43.047943,43.048786,44.596764,45.856407,47.94457,50.55975,51.373158,51.52953,53.58849,55.679005,56.32875,56.932682,57.14087,57.211445,58.698368,61.263462,65.52891
New Caledonia,East Asia & Pacific,High income,GFDD.DI.06,8.14673,9.419179,9.078393,8.448239,7.8551106,7.586222,7.9006968,8.410198,8.2832775,8.105043,7.8642817,7.888225,8.152575,8.253462,7.8549395,7.191224,6.5065546,6.4988604,7.0700436,7.5589123,7.655101,7.3264194,7.346964,7.7567997,8.445617,9.34251,9.741088,9.373222,9.255495,9.259681,9.244457
New Caledonia,East Asia & Pacific,High income,GFDD.DI.11,2.9617665,6.189161,8.468797,9.530934,9.530962,8.346053,6.88025,6.4859395,7.0711145,8.533471,9.448211,9.248868,8.1674595,7.049993,6.7843533,7.503327,8.480907,9.189409,9.371071,9.015224,8.514708,8.430824,8.65134,9.038708,9.456089,10.097448,10.69654,10.810195,11.384601,11.753963,11.851886
New Caledonia,East Asia & Pacific,High income,GFDD.DM.11,-3.28443,-1.2099152,3.3658366,6.905538,7.223347,4.651138,1.1061972,-0.38494414,2.0497024,6.7869873,10.68446,12.231613,11.905224,11.331036,12.640914,14.9065275,17.237444,18.934715,18.679035,17.561205,16.308907,14.824777,13.367699,13.376653,14.517793,15.8316965,16.775919,16.701494,16.126959,15.406412,16.388529
New Caledonia,East Asia & Pacific,High income,GFDD.EI.08,3.5204988,3.8838904,4.30146,4.4193635,4.149672,3.7618825,3.5031679,3.2317648,3.5238667,3.527744,3.7300425,3.9396975,4.1072326,4.1516085,4.164631,4.1158843,4.036866,3.8651135,3.85113,3.9463437,4.3097143,4.9274597,5.3258333,5.454723,5.4685693,5.3759756,5.532262,5.9497204,6.3705945,6.6144605,6.7688127
New Caledonia,East Asia & Pacific,High income,GFDD.OI.02,26.142843,23.958532,25.870451,27.565933,28.24707,28.146435,27.45805,27.065441,27.830482,28.752375,30.042187,31.818628,33.089058,33.45294,33.714325,34.685207,36.156498,37.938,39.83641,40.39523,39.94154,40.0167,40.664955,41.492664,42.538532,43.357037,43.566402,43.83014,44.868004,46.787693,51.143097
New Caledonia,East Asia & Pacific,High income,SH.STA.BRTC.ZS,95.60857,96.77616,96.529594,96.00192,95.70378,95.45885,95.77842,96.06759,96.13647,96.28424,96.79359,97.27865,97.58973,97.44957,96.61128,96.05209,96.05035,96.48292,97.02336,96.946846,96.29038,95.89557,96.113,96.78275,97.57708,98.06302,98.04596,97.70191,97.31075,97.21013,97.41831
New Caledonia,East Asia & Pacific,High income,SL.IND.EMPL.ZS,26.00713,23.23,23.26,23.38,23.42,23.51,23.4,24.14,24.23,23.820002,23.38,23.040003,22.64,22.16,21.57,21.31,21.4,21.99,22.37,22.170002,22.07,22.57,22.820002,22.94,22.57,22.7,22.79,22.710001,22.75,22.87,20.749695
New Zealand,East Asia & Pacific,High income,DT.TDS.DPPF.XP.ZS,10.339611,9.584129,9.3118725,8.8289995,8.254292,8.0410595,8.262728,8.207668,8.017701,7.6741257,7.115422,6.911806,6.8388376,6.769832,6.5222797,6.148948,5.8520503,5.606768,5.398254,5.1597476,5.090271,5.288098,5.2837777,5.3603163,5.6982484,5.9041862,6.1803565,5.769314,5.9911633,6.251442,7.4171877
New Zealand,East Asia & Pacific,High income,EG.ELC.ACCS.ZS,100.0,100.0,100.0,100.0,100.0,100.0,100.0,100.0,100.0,100.0,100.0,100.0,100.0,100.0,100.0,100.0,100.0,100.0,100.0,100.0,100.0,100.0,100.0,100.0,100.0,100.0,100.0,100.0,100.0,100.0,100.0
New Zealand,East Asia & Pacific,High income,GFDD.AI.01,1311.5907,792.2316,624.5936,1132.4053,1958.1263,2517.1838,3442.702,2716.8328,1038.6511,-579.97736,-1510.9791,-1702.7692,-1680.8494,-1595.8783,-1825.4968,-2155.9597,-2398.3472,-2206.1677,-1866.0613,-1807.1089,-1991.9595,-1916.5571,-2341.821,-2280.1047,-2070.0032,-1987.3882,-2060.3772,-2220.4668,-2303.296,-2184.1904,-1991.5444
New Zealand,East Asia & Pacific,High income,GFDD.DI.04,95.53929,95.84411,97.12198,97.047325,96.50335,96.68492,96.40288,96.68008,96.84332,97.933304,97.69054,97.77611,97.60985,97.78234,97.418465,97.60963,97.82577,98.257484,98.17234,98.22137,98.26365,96.90881,96.89956,99.1722,98.757,99.15041,99.2146,99.24215,98.70297,99.235916,89.81496
New Zealand,East Asia & Pacific,High income,GFDD.DI.05,69.38552,71.86397,72.69028,72.024414,73.06599,75.08914,80.89749,83.44772,82.101814,83.74983,79.87644,81.6368,77.31118,79.960724,76.574585,79.77502,84.475266,86.58309,92.404854,90.6638,93.53056,67.73829,69.36139,94.73689,83.264984,87.72226,89.12311,89.117744,89.495094,88.52181,99.34013
New Zealand,East Asia & Pacific,High income,GFDD.DI.06,3.8181581,3.770797,2.770952,2.7407749,3.2740679,3.231566,3.637381,3.595886,3.5871248,2.444474,2.725697,2.64097,2.686285,2.621969,3.081742,3.0938861,2.977159,2.472466,2.743539,2.728308,2.685588,1.5059949,3.479451,1.263199,1.8780061,1.30449,1.233954,1.1619489,2.001764,1.175542,18.0749
New Zealand,East Asia & Pacific,High income,GFDD.DI.11,14.967124,18.004515,20.36361,21.121643,20.162504,18.942345,18.42416,18.129177,18.744814,19.164776,21.222185,21.091948,19.971037,18.924076,18.667929,19.05864,20.026459,20.736366,21.37035,9.318838,9.126064,21.205069,16.272953,15.104382,13.106759,12.7347145,8.123789,7.3406844,6.302733,6.241542,6.7975097
New Zealand,East Asia & Pacific,High income,GFDD.DM.11,5.8067636,8.24639,11.396128,12.957496,13.869387,11.704827,8.078329,7.8203945,9.87738,12.792589,8.000553,8.530694,9.341735,6.8575087,6.176103,4.8410387,5.433312,6.336326,5.66675,8.776823,8.374364,8.54761,10.388881,11.2106,14.67093,16.17437,16.85123,16.243078,16.496191,17.99807,22.16484
New Zealand,East Asia & Pacific,High income,GFDD.EI.08,9.289756,9.574422,10.927599,8.544546,6.65739,4.479483,3.286592,3.437428,4.141682,6.226482,6.037931,7.3800907,6.973827,6.4517293,4.553074,4.1201982,2.272579,2.148921,2.834372,6.778076,8.3179035,9.423526,10.207581,7.986375,7.24091,6.292805,8.660744,8.15224,8.81707,9.4602375,13.57654
New Zealand,East Asia & Pacific,High income,GFDD.OI.02,68.03938,70.350006,71.14335,70.57759,71.517334,73.46578,79.40655,81.87574,80.47347,81.88187,78.128006,79.88618,75.47609,78.12397,74.785866,77.8967,82.66346,84.840996,90.543396,88.79797,91.68484,65.00764,65.1247,92.83057,93.7622,98.555336,100.2755,100.1336,100.9012,99.81349,110.576
New Zealand,East Asia & Pacific,High income,SH.STA.BRTC.ZS,97.66226,98.357994,98.82384,99.06097,95.0,100.0,99.28329,99.46458,99.66294,92.0,97.3,96.6,99.200005,98.200005,93.99999,96.6,96.8,96.7,96.7,96.7,96.7,96.7,96.9,96.6,96.6,96.3,99.965576,96.6,99.55318,99.41828,99.567085
New Zealand,East Asia & Pacific,High income,SL.IND.EMPL.ZS,25.971115,25.55,25.29,25.2,25.26,24.89,24.44,24.040003,24.24,23.1,23.33,22.88,22.74,22.560001,22.94,22.37,22.670002,22.24,21.86,20.88,20.64,20.05,19.84,19.81,20.47,21.59,20.13,20.450003,19.79,19.29,21.702917
Nicaragua,Latin America & Caribbean,Lower middle income,DT.TDS.DPPF.XP.ZS,3.4452972,155.42941,27.189787,33.382084,40.881645,45.395687,31.61009,38.57723,20.77925,16.304096,15.948141,13.948478,11.926768,12.777155,6.209963,8.204032,4.6043544,9.795731,3.1002002,3.5336604,2.5249722,2.3766618,2.0839531,2.282716,2.6140826,3.0998824,3.6836536,3.911076,4.378652,5.3463397,6.574218
Nicaragua,Latin America & Caribbean,Lower middle income,EG.ELC.ACCS.ZS,56.475365,53.419052,51.805744,72.06418,69.25383,69.84991,70.44326,71.03321,69.047104,72.20013,72.78157,72.22158,73.85829,74.38763,74.91408,73.821815,75.96777,76.50008,77.03961,77.91631,78.151215,78.7287,79.63916,80.82344,81.85307,83.24933,84.640114,85.98984,87.11668,88.05833,88.90738
Nicaragua,Latin America & Caribbean,Lower middle income,GFDD.AI.01,8273.304,9570.098,11711.927,16330.509,15230.866,16088.171,16275.615,15971.395,16562.16,13471.87,11927.712,12704.179,10079.684,9605.368,8789.783,7820.5684,6723.376,7386.664,251.7993,228.18697,223.72432,242.67595,228.44069,240.83128,263.3998,282.484,312.2557,373.05295,317.03714,317.68436,352.92694
Nicaragua,Latin America & Caribbean,Lower middle income,GFDD.DI.04,73.5666,60.32021,9.0540285,12.33307,14.84933,18.382391,22.15801,24.536129,29.416882,34.85682,37.00328,21.012201,23.34402,27.681028,33.31639,38.07784,44.01361,49.004467,50.096416,47.018803,49.524746,52.403152,56.64879,60.58327,65.27141,69.54663,72.9511,75.927414,73.610886,71.19557,71.218544
Nicaragua,Latin America & Caribbean,Lower middle income,GFDD.DI.05,17.24026,9.230769,8.940265,9.327381,13.926869,15.663419,20.49652,27.39477,30.61213,31.109211,30.106178,25.66119,28.11381,29.130821,29.553698,27.93816,26.732029,27.24761,24.623829,27.52616,29.827139,28.47997,29.16801,32.02602,32.549618,34.695297,35.20792,36.52973,28.9315,29.15167,31.78813
Nicaragua,Latin America & Caribbean,Lower middle income,GFDD.DI.06,11.15518,7.731996,106.1516,93.36626,91.05104,73.61118,50.731422,52.58968,49.33025,47.62626,44.41284,60.720894,60.37658,58.059772,50.577263,45.67813,39.69458,35.92072,30.925749,31.861012,28.60482,25.19177,22.761469,21.31601,18.08058,16.09078,14.74508,13.364479,13.45555,13.29529,12.8044
Nicaragua,Latin America & Caribbean,Lower middle income,GFDD.DI.11,-11.119938,-8.073028,-5.9579353,-6.7476964,-6.7777934,-7.584053,-8.438425,-8.438016,-8.6127405,-7.330123,-6.7723575,0.27347818,0.28074417,0.2874597,0.2777844,0.28571483,0.33675343,0.35117877,1.7374874,1.9383829,1.960502,1.9131207,1.9934129,2.1334155,2.2032235,2.2597568,2.437145,2.6870835,2.9141023,3.0991566,3.139789
Nicaragua,Latin America & Caribbean,Lower middle income,GFDD.DM.11,12.022924,12.844315,24.235561,29.388638,26.864008,25.401447,23.521437,23.188936,26.501558,29.448069,29.422829,33.583656,30.003311,27.91892,26.473516,25.751837,24.391672,24.375744,0.0294223,0.1313458,0.8814193,2.900455,2.087919,0.81944925,0.4738517,0.4664217,1.506839,1.463815,1.053287,3.717788,4.761761
Nicaragua,Latin America & Caribbean,Lower middle income,GFDD.EI.08,20.045698,4.632565,0.11504579,0.0830319,0.17950282,0.0320742,1.574641,0.9273196,0.7522571,2.3427482,2.5720582,2.4821942,3.303911,4.59174,5.690621,5.538657,4.8180842,4.3962407,2.896085,2.893313,3.8011851,3.786662,3.001287,3.393173,2.8109512,2.6018112,3.073862,3.069163,1.5611131,2.7950523,3.801732
Nicaragua,Latin America & Caribbean,Lower middle income,GFDD.OI.02,11.215381,6.46625,6.2633367,7.064551,11.202741,13.15329,17.982601,24.61249,27.72604,27.95011,26.534529,25.65866,28.11182,29.12413,29.552528,27.93543,26.73051,27.245861,24.6016,28.7234,31.679327,30.272179,30.97633,34.01056,34.37037,36.76317,36.679916,37.62008,30.190538,30.91165,33.68641
Nicaragua,Latin America & Caribbean,Lower middle income,SH.STA.BRTC.ZS,59.550823,57.522373,53.464314,60.999996,54.5439,54.463398,54.614117,54.317165,64.6,55.62234,56.597107,66.9,62.005287,63.33107,64.563095,65.89365,67.83202,73.7,73.99106,75.70292,74.0,74.0,88.0,93.799995,95.0,95.0,95.0,96.0,83.87452,83.98075,84.48639
Nicaragua,Latin America & Caribbean,Lower middle income,SL.IND.EMPL.ZS,15.786161,17.68,17.52,17.34,17.450003,17.540003,17.670002,17.68,17.690002,17.99,18.02,18.09,17.98,17.96,18.37,19.68,19.29,20.31,19.62,18.63,18.31,18.2,18.12,17.87,17.670002,17.7,17.7,17.690002,16.930002,16.24,16.856617
Niger,Sub-Saharan Africa,Low income,DT.TDS.DPPF.XP.ZS,6.5942116,12.268743,5.4095807,15.965825,12.608286,7.7953796,7.0651293,14.324323,9.427323,8.671687,6.804609,6.1062,4.995353,6.684442,5.7413607,5.3454566,25.140018,2.0855067,1.5647426,2.4893763,1.3431077,2.1330552,2.4268568,4.03493,6.1433434,6.170574,8.2974,8.534504,7.805944,9.132044,9.911406
Niger,Sub-Saharan Africa,Low income,EG.ELC.ACCS.ZS,1.4649295,-0.0032986514,4.4,4.0121403,4.5717764,6.2,7.0,6.2357273,6.7000003,7.325682,6.4814816,8.361941,8.858948,9.350719,9.839605,7.1,9.3,11.312919,11.814892,12.326806,13.277493,14.299999,14.399999,15.170005,15.770541,16.6,17.27152,18.049526,17.6,18.97457,19.25191
Niger,Sub-Saharan Africa,Low income,GFDD.AI.01,-1029.8998,509.0238,5785.5938,4734.6255,5905.4077,7000.971,7716.4834,7351.0415,8511.271,4296.56,5111.9053,2116.2249,1811.427,987.2044,16.247318,11.333884,13.491291,18.446512,21.764437,23.64102,26.201967,30.396059,34.938572,40.953236,50.31008,49.87604,59.001408,50.970634,53.380714,58.334003,67.15286
Niger,Sub-Saharan Africa,Low income,GFDD.DI.04,74.72438,73.76614,74.05145,67.258995,64.20694,50.87167,50.11519,43.59198,45.60088,46.272648,48.97952,50.25966,47.86545,48.177658,51.859314,56.03603,78.02571,79.69961,83.01127,78.39743,80.658226,82.70056,85.707016,86.38936,87.09701,87.47252,88.2923,89.00426,88.85868,87.54769,84.79677
Niger,Sub-Saharan Africa,Low income,GFDD.DI.05,13.9925995,13.15654,13.47617,13.98352,11.989009,11.645619,10.1598,7.3597918,5.1432,5.9262195,6.53717,7.6390367,7.051135,9.851739,11.75426,10.273809,11.12034,12.8721695,12.25781,13.8830595,15.20436,15.005429,17.10172,17.55795,20.55622,20.08464,19.645979,17.723959,15.8397,17.131441,19.17933
Niger,Sub-Saharan Africa,Low income,GFDD.DI.06,3.5074048,3.5214572,3.4549508,3.815466,4.392097,4.5712113,4.646812,5.062205,4.763325,4.448635,5.021126,4.774419,5.164898,5.548818,5.570538,4.572901,2.001518,2.026288,1.8729439,2.828989,2.501513,2.3717961,2.076555,1.8815811,1.993856,2.203838,2.020541,2.080829,2.031418,2.097343,2.9655952
Niger,Sub-Saharan Africa,Low income,GFDD.DI.11,-7.932245,-4.5701995,-3.3793733,-3.0365684,-3.020698,-3.6704745,-4.50302,-4.6625547,-4.469968,-2.5291681,-2.122593,-1.7920996,-2.3585799,0.6004406,0.5140632,0.5606065,0.54147047,0.5707471,0.5566818,0.6261598,0.6559875,0.683948,0.6975443,0.8095469,0.8304754,0.74672025,0.73654,0.68691415,0.6715567,-1.1785548,-1.0259404
Niger,Sub-Saharan Africa,Low income,GFDD.DM.11,7.6017385,9.641518,16.361994,15.395472,16.57398,16.528992,15.694332,16.067457,17.73822,0.3397586,0.2818405,0.24695589,0.3246661,0.1659891,0.0222536,0.29491812,0.40650132,0.13630101,0.4925842,0.2740099,0.4197707,1.447652,0.6952847,0.92145705,1.788183,3.924225,2.591053,4.3187237,2.8861518,3.073292,10.202444
Niger,Sub-Saharan Africa,Low income,GFDD.EI.08,1.68568,1.773782,1.7839841,0.3337563,1.2418921,1.080781,1.1487,1.2529281,0.8271471,0.77634096,0.9608625,1.41494,0.76858336,0.8962407,0.8895503,0.76325965,0.7099035,1.0151709,1.030807,1.0859369,1.2021961,1.3530171,1.7409,1.4334841,2.6309838,3.728323,3.850281,5.49536,6.020927,3.6129591,4.9169693
Niger,Sub-Saharan Africa,Low income,GFDD.OI.02,9.863211,8.278046,8.895268,8.119477,7.1998262,6.2664843,5.245389,4.045365,3.374764,3.6912382,4.426136,4.747654,4.907142,5.387251,6.662599,5.688796,5.915548,7.990924,7.6558585,8.308096,8.949143,8.311368,9.647212,9.564295,11.14636,10.65989,9.923733,10.1688,9.080136,10.1569,11.84819
Niger,Sub-Saharan Africa,Low income,SH.STA.BRTC.ZS,41.20256,40.509335,14.9,38.870495,38.924557,38.317886,37.638943,36.92984,17.6,37.611393,15.700001,40.814816,42.07262,43.72978,45.981766,46.904984,17.7,49.46358,50.376595,51.026093,51.656143,52.253918,29.300003,53.74715,54.369232,39.7,39.100002,55.58194,55.922356,56.371258,54.56445
Niger,Sub-Saharan Africa,Low income,SL.IND.EMPL.ZS,10.6157,9.380001,9.3,9.21,9.1,9.010001,8.900001,8.780001,8.660001,8.540001,8.380001,8.24,8.09,7.96,7.84,7.71,7.6000004,7.5,7.4,7.33,7.25,7.18,7.16,7.13,7.06,6.98,6.91,6.85,6.78,6.71,9.621893
Nigeria,Sub-Saharan Africa,Lower middle income,DT.TDS.DPPF.XP.ZS,22.255005,21.393997,18.154894,12.837839,18.319185,14.04572,12.690059,8.376837,12.516083,6.971417,8.205908,12.459765,7.828012,5.9256277,4.470196,15.410744,10.980779,1.4423693,0.47532,0.72872937,0.376473,0.34297252,0.25379696,0.395409,0.3076813,0.79693866,0.8986843,0.6596546,2.109814,1.957294,3.8141701
Nigeria,Sub-Saharan Africa,Lower middle income,EG.ELC.ACCS.ZS,27.3,35.2346,36.09946,36.963646,37.82647,38.687252,39.54532,40.399982,41.25057,44.899998,43.12146,43.880672,44.6323,52.2,46.1222,46.86517,47.610016,50.13092,50.3,49.882507,48.0,55.9,53.23124,55.6,54.04823,52.5,59.3,54.4,56.500004,55.4,55.4
Nigeria,Sub-Saharan Africa,Lower middle income,GFDD.AI.01,5782.0527,5746.3066,6871.402,7838.2817,8716.366,9688.531,10237.012,9824.137,8593.651,9663.138,5921.956,4955.56,3800.2197,4800.5986,2802.1443,1116.4233,436.94504,296.16687,311.8539,464.47974,472.6493,504.61356,644.44257,650.6882,653.3528,667.4645,813.92053,923.227,1013.71277,1127.6791,1310.3917
Nigeria,Sub-Saharan Africa,Lower middle income,GFDD.DI.04,41.36646,30.67717,36.57027,37.32918,37.90937,33.8998,49.600048,46.68695,48.13263,54.9542,63.05745,58.66038,72.567375,72.97768,82.93831,88.51324,84.59599,85.14648,92.85603,96.14284,93.48738,94.56073,94.811874,95.32219,94.50291,85.295074,78.89775,75.607025,69.2689,61.94283,57.46729
Nigeria,Sub-Saharan Africa,Lower middle income,GFDD.DI.05,11.63536,13.399869,14.24734,15.78776,15.091959,10.281879,9.06333,9.72526,10.93903,12.76341,14.66964,15.900919,13.52693,13.02655,11.7587595,11.3005,11.72898,16.87414,22.3406,25.14409,20.70592,22.02159,24.543549,25.16313,22.417639,22.12669,27.378891,24.7815,25.362429,23.92965,25.22165
Nigeria,Sub-Saharan Africa,Lower middle income,GFDD.DI.06,9.891104,14.33288,15.76749,17.10331,17.71835,14.2759695,7.741971,9.240047,9.540471,9.738064,7.307691,9.020208,4.645158,4.382611,2.457786,1.4780641,2.201064,3.761389,1.9610311,0.9892603,1.357138,1.104851,1.042709,0.8821382,1.030189,3.171338,5.442805,5.556827,6.7369843,9.311501,11.451409
Nigeria,Sub-Saharan Africa,Lower middle income,GFDD.DI.11,-9.1132345,-6.1703663,-4.685338,-4.0440755,-4.0329213,-4.34147,-4.9851313,-5.071342,-4.742143,-4.7335353,-3.487663,-3.316316,0.7050672,0.9262071,0.88965625,0.8275716,1.0730059,1.2956262,1.4636961,1.3242664,1.0546649,0.9683463,0.9788303,0.97997785,0.92634326,0.96372545,0.99134463,0.9821412,1.0302718,1.047179,-1.7296473
Nigeria,Sub-Saharan Africa,Lower middle income,GFDD.DM.11,9.828356,10.388295,14.173864,17.28246,18.05632,17.132545,15.313815,15.105129,15.000565,23.049911,19.504307,19.808525,19.897738,20.778328,17.779202,0.1646514,0.1912312,0.2152291,0.38047132,0.4457019,0.2625725,0.2335476,0.21029271,0.1877927,0.16961461,0.1979438,0.2170777,0.2676697,0.24288839,0.2240204,0.2248053
Nigeria,Sub-Saharan Africa,Lower middle income,GFDD.EI.08,2.0097811,1.336729,0.91528577,3.24236,2.83333,0.89123327,1.5875779,1.1592159,1.3034701,3.850271,4.357133,2.992907,4.2808003,2.995434,3.658544,3.077573,4.214456,4.827135,3.7276351,4.960516,6.5310216,8.496653,8.734476,6.654914,4.635052,5.52785,5.752481,4.446293,5.00589,4.724905,4.244239
Nigeria,Sub-Saharan Africa,Lower middle income,GFDD.OI.02,7.6850224,8.565095,9.533769,10.3128,9.2098055,6.348495,5.843586,6.4842453,7.269561,9.28082,10.5249405,11.61604,10.12907,9.983013,9.226209,8.834062,9.3951645,14.75529,20.10144,21.31822,17.805399,17.72474,18.424911,18.953539,18.26403,17.44742,17.42893,16.5093,16.40908,16.46409,20.8361
Nigeria,Sub-Saharan Africa,Lower middle income,SH.STA.BRTC.ZS,30.8,50.790066,50.37434,50.60713,50.65796,50.38949,50.340168,50.143776,50.716793,41.6,52.763096,54.637768,57.481606,35.2,59.435963,61.133186,62.076595,64.499435,34.4,66.584755,66.999344,47.3,68.158615,35.2,69.70312,70.04567,70.62904,43.0,43.3,71.25592,71.71842
Nigeria,Sub-Saharan Africa,Lower middle income,SL.IND.EMPL.ZS,12.23628,13.42,13.33,13.270001,13.240001,13.120001,12.990001,12.890001,12.72,12.56,12.36,12.270001,12.07,11.97,11.79,11.44,11.120001,10.86,10.640001,10.45,10.250001,10.150001,10.95,11.81,11.890001,11.94,12.030001,12.05,12.020001,12.000001,12.769964
North Macedonia,Europe & Central Asia,Upper middle income,DT.TDS.DPPF.XP.ZS,10.48928,9.582825,9.275211,8.020129,7.619005,7.7289553,4.9595146,9.778741,10.015143,8.823716,6.6292443,14.018367,15.354596,11.215491,8.025588,6.148566,13.863651,10.550484,2.9304924,4.256117,4.083647,3.7532778,5.222553,10.756567,6.477592,11.380656,7.053406,5.843584,6.5660706,4.2077107,10.052667
North Macedonia,Europe & Central Asia,Upper middle income,EG.ELC.ACCS.ZS,100.0,100.0,100.0,100.0,100.0,100.0,100.0,100.0,100.0,100.0,100.0,100.0,100.0,100.0,99.42,100.0,99.0,100.0,99.2,99.2,100.0,99.726166,100.0,100.0,100.0,100.0,100.0,100.0,99.8,100.0,100.0
North Macedonia,Europe & Central Asia,Upper middle income,GFDD.AI.01,1045.6595,507.46063,625.2275,536.09766,1878.8075,2216.144,2985.6055,2357.9045,937.7396,-130.25053,-766.0837,-1148.211,-1298.6521,-1399.4281,-1687.6672,-2031.6437,-2110.7085,620.9761,774.1613,837.6731,881.93024,912.44257,939.54517,948.7225,971.7478,992.02374,1000.65344,1030.2736,1027.6445,1041.4999,1063.1324
North Macedonia,Europe & Central Asia,Upper middle income,GFDD.DI.04,92.725876,93.40301,93.22587,99.152336,97.96172,94.982185,94.586205,85.82869,80.63918,84.76355,89.50502,84.95202,86.31349,93.3371,94.95511,94.481926,96.72673,98.14898,98.486984,98.56165,96.84553,97.12233,97.43739,97.7123,97.7356,97.90201,97.856514,98.0097,98.1102,98.24058,98.4593
North Macedonia,Europe & Central Asia,Upper middle income,GFDD.DI.05,29.929188,29.242146,30.05049,70.210335,12.722079,11.187759,10.72616,12.60535,13.590679,16.63657,17.98219,29.51825,26.485699,30.444342,33.75285,35.60223,40.92551,48.03682,47.88691,48.63731,51.472233,52.819557,52.79654,51.929398,54.59118,55.07663,54.565533,54.98063,56.85134,59.034657,66.04521
North Macedonia,Europe & Central Asia,Upper middle income,GFDD.DI.06,7.865289,8.997424,9.01235,1.203542,1.558442,1.3431591,1.642842,4.449487,4.229871,3.691658,2.360384,3.485041,3.200158,1.447744,1.2607471,1.495384,1.078557,0.7195171,0.6778609,0.6879061,1.588967,1.4566209,1.43538,1.289927,1.2938911,1.243795,1.1814439,1.108614,1.052775,1.005372,1.033142
North Macedonia,Europe & Central Asia,Upper middle income,GFDD.DI.11,-4.6036353,-1.8854624,-0.04912048,-1.7780288,-3.7807496,-4.79391,-8.279934,-8.46107,-7.8161445,-6.571411,-5.442962,-5.440911,-5.038663,-7.3249073,-7.4027767,-6.76919,-5.8345833,-5.970734,3.090652,2.943091,2.7393308,2.78634,2.7998145,2.7660728,3.1014478,3.1418679,3.1069646,3.2405674,3.2742448,3.469262,3.8665247
North Macedonia,Europe & Central Asia,Upper middle income,GFDD.DM.11,-10.145179,-6.153397,-2.4478402,1.7707808,2.32153,-0.32670388,-3.356615,-3.6798422,-1.8566848,0.6864162,2.2274098,2.275234,0.0882698,1.3819361,2.107783,3.164107,3.8911653,2.6806262,2.699131,2.3290257,0.0838157,0.9560196,0.6383117,0.6939759,1.3628818,0.1565104,0.209139,0.2541498,0.14511101,0.30200282,0.35108322
North Macedonia,Europe & Central Asia,Upper middle income,GFDD.EI.08,5.955148,6.429599,6.873558,6.8531995,31.78825,3.451267,3.4721081,1.030852,0.7806352,0.7004859,3.175593,3.370135,3.51225,2.724293,2.861609,2.61698,4.1837873,3.569425,2.298681,3.263496,4.2320533,3.729778,6.955575,7.950036,6.5962367,7.096167,6.0503187,6.070706,5.937846,6.717152,11.117229
North Macedonia,Europe & Central Asia,Upper middle income,GFDD.OI.02,26.966156,25.738518,27.45058,65.866974,9.614285,7.842478,7.277215,9.106476,10.19509,12.874411,14.152651,23.91826,21.018951,24.44081,28.07512,30.061888,35.192326,41.800377,42.29097,43.32246,46.470448,47.53214,48.92385,46.98938,48.510307,49.11585,48.65122,49.080982,50.185806,51.8868,58.56668
North Macedonia,Europe & Central Asia,Upper middle income,SH.STA.BRTC.ZS,88.9,89.3,90.899994,93.3,93.4,94.1,95.0,95.600006,96.6,97.0,97.7,97.6,98.200005,99.00001,99.00001,99.100006,97.799995,99.6,99.7,99.8,99.9,89.1,99.9,99.9,99.9,99.9,99.9,99.9,99.9,100.9466,101.004486
North Macedonia,Europe & Central Asia,Upper middle income,SL.IND.EMPL.ZS,28.337101,36.83,36.62,36.12,35.83,35.68,35.41,35.15,34.93,34.78,34.68,33.74,33.3,33.91,33.49,32.93,32.63,31.33,31.130001,30.500002,30.310001,30.0,29.869999,30.38,30.36,30.500002,30.310001,30.550001,31.36,31.130001,24.062897
Norway,Europe & Central Asia,High income,DT.TDS.DPPF.XP.ZS,9.737639,9.148056,8.901788,8.490542,8.173816,8.034659,8.013427,7.7028427,7.5435133,7.108243,6.821654,6.6531553,6.6031365,6.566249,6.34753,5.974874,5.701887,5.533563,5.345205,5.261643,5.1920347,5.1695323,5.2342014,5.467798,5.798629,6.0014315,6.0055737,5.879212,5.8188767,6.4141498,7.454385
Norway,Europe & Central Asia,High income,EG.ELC.ACCS.ZS,100.0,100.0,100.0,100.0,100.0,100.0,100.0,100.0,100.0,100.0,100.0,100.0,100.0,100.0,100.0,100.0,100.0,100.0,100.0,100.0,100.0,100.0,100.0,100.0,100.0,100.0,100.0,100.0,100.0,100.0,100.0
Norway,Europe & Central Asia,High income,GFDD.AI.01,1203.5978,693.647,606.4548,1036.37,1726.8066,2335.0894,2900.7522,1580.5748,228.45804,-1042.1641,-1629.685,-1715.1085,-1678.0833,-1694.187,-1912.8594,-2205.8655,-2366.7231,-2190.9866,-1801.1228,-1591.818,-1821.361,-2182.1113,-2309.6318,-2138.129,-1883.4733,-1746.0104,-1826.1797,-1962.0786,-1984.9896,-1985.427,-1665.6243
Norway,Europe & Central Asia,High income,GFDD.DI.04,97.735466,98.41244,97.60909,94.978004,97.568855,97.06463,98.12096,98.56271,98.902466,98.78734,98.65318,98.916504,98.856735,98.18398,99.96492,99.97048,99.97562,99.98273,99.98351,99.98446,99.97605,99.974045,99.98269,99.97995,99.97975,99.986534,99.99042,99.99251,99.9902,99.987526,99.99293
Norway,Europe & Central Asia,High income,GFDD.DI.05,57.71464,56.38316,59.44523,56.126842,56.1977,54.33229,53.04531,49.724087,56.33883,52.656097,48.04688,47.57056,51.59805,51.58749,50.48087,50.37714,49.58941,53.341667,50.54831,55.190903,54.95276,54.38969,52.93467,54.70757,57.289047,60.427753,64.444595,64.03298,61.741463,64.191185,75.093834
Norway,Europe & Central Asia,High income,GFDD.DI.06,1.761529,1.090513,1.628227,3.4933372,1.5943279,1.936067,1.2737631,1.014071,0.8849018,0.895875,0.93672043,0.77682805,0.87147593,1.447209,0.027537499,0.024271501,0.0213868,0.018892301,0.0187182,0.0199302,0.0304459,0.031761598,0.020883601,0.0243226,0.025089102,0.0178389,0.013266001,0.010378201,0.013337499,0.0176793,0.0110251
Norway,Europe & Central Asia,High income,GFDD.DI.11,13.8088255,15.949586,17.83713,18.6635,18.475155,17.46187,16.229994,31.771252,33.370216,36.641544,31.78441,32.82465,33.842808,36.360535,36.69364,37.365368,37.045605,38.64937,35.0579,40.111534,40.598244,39.39119,40.384636,42.562965,45.659725,49.115734,52.243954,52.93638,43.2764,47.44427,53.206104
Norway,Europe & Central Asia,High income,GFDD.DM.11,6.294235,8.477099,10.849423,12.347189,11.811623,9.975402,8.35477,8.877602,10.329211,18.77119,26.47688,33.84814,44.801537,47.377003,57.66391,50.076588,75.0747,74.21826,69.227425,76.819824,75.48695,68.46316,77.63413,85.21283,89.195786,110.3263,114.964,112.2468,96.304276,108.344894,131.884
Norway,Europe & Central Asia,High income,GFDD.EI.08,14.4571,11.735539,11.453919,12.625549,10.523239,9.25537,9.641292,7.507578,10.82904,5.8478026,4.283469,7.917696,8.18646,9.144907,10.00855,10.172009,9.471885,9.924972,11.16156,19.09502,17.038189,14.423759,14.858,14.275419,13.692949,14.21418,14.76789,14.5449,14.27007,13.883419,15.51301
Norway,Europe & Central Asia,High income,GFDD.OI.02,53.45771,52.06262,55.188267,51.482,51.71821,49.92566,48.96432,45.777847,52.52824,49.014057,45.12008,47.56615,51.60022,51.47961,50.39887,50.312916,52.872597,53.9669,51.04634,56.43316,56.4222,55.47549,54.963577,56.900116,59.399433,56.68092,63.610924,63.5361,62.20473,64.73318,75.95939
Norway,Europe & Central Asia,High income,SH.STA.BRTC.ZS,99.4,99.3,99.3,99.4,99.3,99.200005,99.200005,99.100006,99.100006,99.100006,99.00001,99.100006,99.100006,99.00001,99.100006,99.200005,99.200005,99.100006,99.200005,99.200005,99.100006,99.200005,99.200005,99.100006,99.100006,99.100006,99.100006,99.200005,99.200005,100.43725,100.6509
Norway,Europe & Central Asia,High income,SL.IND.EMPL.ZS,26.551964,23.65,23.51,23.31,23.280003,23.060001,23.03,23.46,22.81,22.26,21.79,21.75,21.68,21.670002,20.79,20.85,20.820002,21.18,21.1,20.22,19.7,20.25,20.23,20.320002,20.44,20.12,19.47,19.41,19.47,19.42,21.951792
Oman,Middle East & North Africa,High income,DT.TDS.DPPF.XP.ZS,12.804393,11.568863,11.719495,11.3900795,10.906706,10.59263,10.3859825,10.21924,10.01899,9.805488,9.4663105,9.020782,8.728679,8.449002,7.8466015,7.1750593,6.751755,6.327839,5.9243326,5.70563,5.561671,5.5130105,5.6008806,5.8716536,6.1794615,6.3693767,6.357136,6.220719,6.158258,6.621624,9.302486
Oman,Middle East & North Africa,High income,EG.ELC.ACCS.ZS,100.0,100.0,100.0,100.0,100.0,100.0,100.0,100.0,100.0,100.0,100.0,100.0,100.0,100.0,100.0,100.0,100.0,100.0,100.0,100.0,100.0,100.0,100.0,100.0,100.0,100.0,100.0,100.0,100.0,100.0,100.0
Oman,Middle East & North Africa,High income,GFDD.AI.01,3888.7449,2906.074,3343.2034,4169.4688,5129.7764,6067.7104,6438.344,5567.4556,3659.646,2017.5089,1603.4294,704.94617,561.1996,500.81006,-481.85446,-616.51385,-715.0552,-751.8633,-523.84357,-450.5213,-612.9071,-954.9141,-1021.3917,-812.9521,-631.9546,-582.86975,-751.9467,-931.18274,-943.57166,-1019.9222,-305.93335
Oman,Middle East & North Africa,High income,GFDD.DI.04,86.275116,97.07196,96.93065,96.23491,93.19416,94.19975,97.37657,98.615814,94.5355,99.86852,99.843056,97.752785,99.25443,99.878395,99.90606,99.98114,99.99479,99.93569,99.90198,98.41928,98.65336,99.96501,99.379074,99.95831,98.966965,96.99969,96.912895,97.72388,97.077354,97.186005,92.29731
Oman,Middle East & North Africa,High income,GFDD.DI.05,26.0862,28.34168,26.61083,27.38496,28.26594,28.48727,27.81424,33.40456,39.60023,37.81808,32.05146,35.61546,36.30466,34.621338,31.479961,30.51171,31.713242,37.766758,32.16836,42.40682,40.14421,37.682392,37.04163,39.078648,42.76413,57.57267,61.360004,58.867176,56.71783,60.483387,73.069145
Oman,Middle East & North Africa,High income,GFDD.DI.06,5.5449405,0.73981833,0.8128198,1.025377,1.95267,1.6853081,0.800555,0.5367928,2.9655318,0.0685658,0.0659947,1.0623989,0.3313019,0.051910304,0.0373887,0.0063592996,0.0017541,0.024913799,0.0370916,0.8181769,0.6747092,0.0169404,0.3099432,0.0212436,0.58172077,2.533706,2.9346611,2.1168852,2.570684,2.7019331,7.515767
Oman,Middle East & North Africa,High income,GFDD.DI.11,7.974124,9.988113,12.192452,12.903624,12.486745,11.008819,10.471219,10.28253,11.318159,12.723546,12.683988,13.434939,12.273607,11.078192,1.842444,1.6778477,2.0545838,2.2035942,1.808991,2.319906,2.2509634,2.0889575,2.0060503,2.3645377,2.454187,2.9572456,3.4035494,3.864125,3.6291206,3.8352993,4.5715256
Oman,Middle East & North Africa,High income,GFDD.DM.11,-0.37735966,4.304381,8.6897955,10.99314,10.309369,10.534486,6.272297,5.8601937,8.092182,10.901987,13.29992,13.241097,12.572111,11.632058,12.163602,14.070786,14.729912,14.457781,13.983806,13.745954,13.079662,12.139401,11.534754,11.847323,12.840995,14.474443,15.590834,15.827105,15.305927,14.8502245,18.612484
Oman,Middle East & North Africa,High income,GFDD.EI.08,1.4554071,3.085466,4.157877,3.558228,2.030741,1.790771,3.075311,2.5947452,3.678593,5.651165,4.523602,6.083836,5.20551,5.8507876,5.536752,3.061737,2.965904,3.1905172,2.692869,4.265494,5.80927,7.2981243,7.6269608,7.825842,8.631506,15.02804,15.53501,15.909439,15.388479,18.21998,10.832649
Oman,Middle East & North Africa,High income,GFDD.OI.02,21.32037,23.39142,21.87623,22.53724,23.32279,24.04191,23.87803,29.427917,35.061867,33.2567,28.3612,31.41548,31.934599,30.39798,27.46608,26.66723,27.79545,34.28512,29.484308,39.051727,36.40073,34.19338,33.79435,35.59266,38.86876,52.26893,56.19124,54.22858,52.66985,56.242138,67.65984
Oman,Middle East & North Africa,High income,SH.STA.BRTC.ZS,93.17845,93.161835,92.883545,92.80001,92.80139,91.1,92.756546,93.24415,93.5376,94.12725,94.7,95.41363,96.1303,96.60156,96.40399,97.99999,97.99999,99.00001,98.6,98.6,98.6,98.6,98.6,98.6,99.100006,98.65,98.68,98.68,98.6,99.05092,99.234985
Oman,Middle East & North Africa,High income,SL.IND.EMPL.ZS,22.838358,7.4,7.5,7.5800004,7.5500007,7.62,7.68,8.48,9.19,10.05,11.19,12.42,13.7,15.110001,16.75,18.820002,21.15,23.59,26.190002,30.84,36.88,35.99,35.68,34.83,34.0,33.23,32.53,32.14,32.48,32.01,21.600384
Pakistan,South Asia,Lower middle income,DT.TDS.DPPF.XP.ZS,22.701414,20.46691,22.78782,24.529463,32.90593,24.370949,24.819363,32.921146,18.898458,21.994673,21.073467,21.368126,19.700531,17.154524,22.873491,10.162934,9.094713,9.176719,8.94452,11.963403,11.539813,7.903826,14.069082,20.434864,14.456223,12.337599,13.7522745,19.94584,15.820195,31.088665,26.63785
Pakistan,South Asia,Lower middle income,EG.ELC.ACCS.ZS,59.54952,56.311874,55.63914,55.86564,56.47172,57.25084,58.195927,58.793663,70.46,70.26535,70.3106,70.361534,70.40488,70.44299,70.47822,70.5129,70.54947,70.590546,70.63886,70.69711,70.76802,70.85428,70.95861,71.08277,71.22474,71.381546,71.550224,70.79,72.783104,74.12769,75.37969
Pakistan,South Asia,Lower middle income,GFDD.AI.01,329.09964,1234.7219,629.93353,1757.1252,3225.8364,4565.3296,5343.7036,5367.7124,3458.5874,3536.9968,1285.633,1994.5479,1553.7275,-684.3599,126.31145,137.3374,189.10423,205.18591,203.32744,208.37416,233.10446,250.54182,261.68002,279.64188,292.95264,323.03418,330.6816,354.20255,364.23535,375.88568,402.273
Pakistan,South Asia,Lower middle income,GFDD.DI.04,67.99452,68.07303,72.701355,72.18912,75.07683,73.33905,73.45273,77.4828,74.23126,66.95668,67.72789,74.70146,86.659164,92.78442,85.10004,82.43462,83.914566,85.83831,74.30353,77.98094,77.97481,80.762985,82.24569,73.90266,78.383644,83.598564,81.25892,84.612,75.29286,68.394264,74.01841
Pakistan,South Asia,Lower middle income,GFDD.DI.05,39.7634,39.729668,43.24092,46.00467,46.03905,44.233788,46.71053,48.97023,47.98936,45.75959,35.64836,36.51497,40.39062,43.583527,44.89158,45.21025,45.03344,47.82793,43.54556,40.273487,41.139442,37.49316,40.308983,41.50989,40.758,42.091972,45.90825,46.14016,47.21562,48.30021,51.755352
Pakistan,South Asia,Lower middle income,GFDD.DI.06,16.03424,15.97168,14.94471,15.65537,13.43484,14.18189,14.85676,12.08753,14.0294,18.19479,13.739619,9.501766,5.052689,2.7896621,6.228323,7.905861,7.0747766,6.7035403,13.713289,10.84747,10.77481,8.557927,8.523762,13.34636,10.9213705,8.525552,10.38032,8.735224,15.085489,21.34165,17.46209
Pakistan,South Asia,Lower middle income,GFDD.DI.11,-5.033285,-1.7081983,-0.5214946,0.29619345,0.22053152,-0.48133168,-1.1995564,-1.222836,-2.5961943,-1.7260616,-1.2504522,-1.3784645,-2.222833,2.7582128,2.7519538,-1.9510498,2.5159154,1.3071176,1.0595706,0.95470554,1.0068322,0.87084126,2.9911005,3.070923,3.2123904,3.578323,3.999913,4.0661225,4.359217,4.69816,4.6454926
Pakistan,South Asia,Lower middle income,GFDD.DM.11,-2.7302394,2.8690472,4.8212585,7.5352006,7.7249904,6.9020276,5.3477836,7.4896173,4.1941867,11.068564,9.934457,12.350621,11.405749,0.001099,0.0028749,0.0042478004,0.0029342999,0.009203,0.0092662,0.0204287,0.0330071,0.043463603,0.1030213,0.12964989,0.070785895,0.0723924,0.0844907,0.1129345,0.101415105,0.0651958,0.068185
Pakistan,South Asia,Lower middle income,GFDD.EI.08,7.5607862,9.052937,12.506609,12.47727,12.8025,11.298579,12.525929,12.934169,11.67686,8.696012,8.947363,7.449602,12.803329,13.43086,9.2813,10.664709,9.717774,12.625529,11.05101,15.795699,16.85701,17.89643,22.644041,21.778278,24.11357,28.14941,28.59876,31.034899,27.20491,28.22391,32.7343
Pakistan,South Asia,Lower middle income,GFDD.OI.02,24.27153,24.40357,28.64977,31.463839,32.688698,30.827978,33.86945,36.714478,35.602818,32.995678,24.94313,26.13966,29.226877,31.54111,33.3714,34.340588,33.685497,36.195087,32.90426,30.464558,30.959099,28.7898,31.17128,32.20395,31.630308,31.61484,34.2329,33.87024,34.15339,34.42509,36.906696
Pakistan,South Asia,Lower middle income,SH.STA.BRTC.ZS,73.278946,18.8,71.56373,71.37002,71.63854,71.73633,71.83847,17.999998,73.8578,17.999998,74.96247,23.0,23.0,79.51064,80.40617,31.0,56.0,38.800003,38.0,41.0,84.820724,43.0,51.0,52.1,87.16134,87.80021,88.282524,88.46557,69.299995,88.007324,88.0893
Pakistan,South Asia,Lower middle income,SL.IND.EMPL.ZS,18.813545,21.6,21.66,21.55,21.49,21.47,21.45,21.23,21.09,20.98,20.930002,20.820002,20.670002,20.76,20.55,20.320002,20.73,20.98,20.11,20.99,21.42,21.77,22.320002,22.92,22.87,24.02,23.59,24.29,24.99,24.96,18.838017
Palau,East Asia & Pacific,Upper middle income,DT.TDS.DPPF.XP.ZS,10.3641,10.650546,10.046721,9.334009,8.792941,8.863273,8.774121,8.923706,8.805752,8.762206,8.139576,7.8724008,7.8489656,7.6492248,6.987941,6.237895,5.7529254,5.417901,5.1577697,5.12134,5.0703354,4.944817,4.145773,4.5021114,4.978146,5.2445035,5.286626,5.0945992,5.8955445,6.4687486,7.6526775
Palau,East Asia & Pacific,Upper middle income,EG.ELC.ACCS.ZS,96.62535,96.7627,96.89993,97.03649,97.171684,97.30484,97.43527,97.56231,97.685265,97.803375,98.169,98.22855,98.28052,98.32725,98.37109,98.916504,98.45959,98.50929,98.56622,98.633095,98.712616,98.8075,97.630424,99.05323,99.8103,99.36924,100.0,100.0,100.0,100.0,100.0
Palau,East Asia & Pacific,Upper middle income,GFDD.AI.01,-938.4802,-675.8185,-580.7079,-0.9273256,1234.3425,2372.8604,3206.2913,2404.8735,-12.716542,-1726.4219,-2489.0264,-3047.5854,-3037.5078,-2798.2803,-3162.8958,-3564.957,-3321.0195,-2843.396,-2351.0254,-2068.82,-2264.1309,-2666.3096,1247.6942,1272.495,1312.2919,1165.0996,1144.3009,1119.427,-3114.8086,-3178.2708,-2797.6685
Palau,East Asia & Pacific,Upper middle income,GFDD.DI.04,88.76338,88.859856,88.9673,89.13235,89.46679,89.29784,90.25109,90.78723,90.06937,90.441605,89.83222,90.77528,90.48951,90.468025,90.59091,90.83828,91.06423,91.52288,91.44029,90.851906,90.28428,90.156395,89.92111,90.17149,89.970345,89.32725,88.647026,88.51975,89.54718,90.09643,89.83657
Palau,East Asia & Pacific,Upper middle income,GFDD.DI.05,38.600464,40.430737,41.958435,43.757793,44.81564,40.83849,43.588398,44.229774,42.51592,45.897675,43.370953,45.304996,44.095047,45.55174,44.98622,44.98662,46.08873,46.35643,47.43453,49.42873,48.81493,48.601124,50.841305,52.416214,53.017612,53.096302,52.225697,51.2062,51.913395,56.865776,58.79816
Palau,East Asia & Pacific,Upper middle income,GFDD.DI.06,9.221518,9.701137,9.78559,9.279572,8.752283,9.150906,8.770667,9.143846,9.161657,8.809762,8.838903,8.47109,9.093874,8.910165,8.699368,8.163067,7.722868,7.7502975,8.062093,8.507845,8.377002,8.077654,7.8272796,8.055407,8.658707,9.502689,9.86187,9.585574,9.737134,9.291741,9.072013
Palau,East Asia & Pacific,Upper middle income,GFDD.DI.11,1.4429792,5.0439067,7.466792,8.592135,8.637064,6.3869863,6.1636577,5.7052174,4.794457,7.566491,7.087567,8.119375,5.926842,6.1201353,5.9534783,6.6132064,6.329318,6.774931,6.7526317,6.469176,5.5787168,5.018373,4.4617825,4.6210904,4.7981296,5.0490584,5.1963115,5.1096463,6.1407466,7.662022,6.9107995
Palau,East Asia & Pacific,Upper middle income,GFDD.DM.11,-6.8620224,-6.199081,-1.839728,1.4261886,1.3136364,0.87925935,-5.0365243,-6.3169723,-0.67694527,1.3283318,7.1254725,7.472059,7.9998765,6.2918954,6.876522,8.768286,12.697611,13.967061,13.417547,12.058061,10.83648,9.484936,7.4807568,7.7202115,8.467739,9.443297,10.006563,9.885448,10.637561,10.0612545,10.816933
Palau,East Asia & Pacific,Upper middle income,GFDD.EI.08,3.6394904,4.1343093,4.7180395,4.8971395,4.6974807,4.498485,4.0360866,3.7543151,4.173264,4.06837,4.1155243,4.270233,4.40953,4.403717,4.5396457,4.527743,4.503532,4.3175106,4.275946,4.4263024,4.7742534,5.1142187,5.452235,5.521148,5.454773,5.3807693,5.4597454,5.774874,6.0307,6.248267,6.17772
Palau,East Asia & Pacific,Upper middle income,GFDD.OI.02,27.57089,29.941801,31.55296,32.72711,32.988525,32.00899,32.8246,32.797466,33.18374,35.242134,34.515087,37.057407,36.577797,37.950993,38.11494,39.299595,40.96545,42.27097,43.675064,43.84981,42.950714,41.927242,41.641655,42.420986,43.486694,44.168045,43.651505,43.249676,44.654297,48.377674,50.345222
Palau,East Asia & Pacific,Upper middle income,SH.STA.BRTC.ZS,100.0,100.47482,100.808716,100.58106,100.41438,100.0,100.66192,100.79334,100.0,100.985435,100.0,101.57992,100.0,101.55989,101.24153,100.91561,100.0,100.0,100.0,99.3,99.6,100.0,97.4,99.100006,100.0,100.0,100.0,100.0,100.0,100.668724,100.60178
Palau,East Asia & Pacific,Upper middle income,SL.IND.EMPL.ZS,24.22019,24.530334,24.543741,24.239143,23.67847,23.088478,22.799994,22.732418,22.850063,22.374094,22.224434,21.804977,21.703878,21.328045,21.290424,21.145844,21.179735,20.878717,20.53854,20.288689,20.251331,20.278215,20.094927,20.024904,19.863605,19.646011,19.729185,20.054533,20.44072,20.283134,19.819445
Panama,Latin America & Caribbean,High income,DT.TDS.DPPF.XP.ZS,12.658262,12.615093,12.824308,12.480633,11.925839,11.422436,11.107504,10.780681,10.584228,9.877138,9.53286,9.164918,8.410188,8.266812,7.9431934,7.454283,7.0568438,6.7003245,6.323146,6.090099,3.8247309,4.181544,4.9200535,4.431606,2.997595,5.3232007,4.64584,6.1665764,4.5180073,5.017716,13.166934
Panama,Latin America & Caribbean,High income,EG.ELC.ACCS.ZS,70.19,73.44313,74.25564,75.06746,75.87792,76.68634,77.49204,78.29435,79.092575,79.885956,81.40141,81.45625,82.20092,87.8,83.6769,84.41291,85.150795,85.893196,86.64284,87.40241,86.85,88.96222,89.76787,89.1,91.43664,92.29477,93.16477,93.7,94.92852,95.81633,96.704636
Panama,Latin America & Caribbean,High income,GFDD.AI.01,3831.9001,4207.268,5416.8887,6114.078,6659.2803,7053.081,7127.7734,6093.6665,4539.3784,2373.8855,1509.1277,1062.3994,231.82098,-40.039944,-419.53238,-716.5342,-807.2802,-947.8499,-1028.9215,-947.663,-1132.9752,-1397.3237,-1428.4688,-1148.2985,-931.8277,-944.5695,-1039.5657,-1244.321,-1312.4071,-1564.0869,-1700.7219
Panama,Latin America & Caribbean,High income,GFDD.DI.04,61.925358,68.141914,71.93435,76.37075,79.799416,82.388084,80.2482,84.287445,85.81995,86.71884,87.64034,87.13915,84.23588,83.02453,81.70775,84.53394,85.61394,86.986,88.23179,87.5499,87.26243,86.8219,87.00527,84.9961,88.791435,88.8217,89.65693,89.82692,90.25097,89.51541,88.725
Panama,Latin America & Caribbean,High income,GFDD.DI.05,35.175808,42.28484,46.70657,50.87035,55.221687,58.538605,60.929115,64.06243,68.26484,70.65695,76.11345,80.81877,76.42931,75.07816,73.989685,73.65159,81.28589,80.32575,77.91727,80.43825,81.847534,75.411316,71.78146,56.349842,69.01048,66.57644,65.62223,64.08212,63.20723,62.388695,83.527405
Panama,Latin America & Caribbean,High income,GFDD.DI.06,22.84904,19.42881,17.58444,15.632071,14.0363,13.206599,16.02647,12.86258,12.984281,13.446421,12.898199,14.14116,15.119941,15.763431,16.887129,14.34998,13.5063,12.10058,10.6621,10.78158,11.675461,12.096311,11.83327,11.35355,10.13037,10.3848,9.642248,9.4867935,8.989839,9.68644,12.95016
Panama,Latin America & Caribbean,High income,GFDD.DI.11,0.90226614,3.9907525,6.231166,6.886412,6.508322,5.4224753,4.519333,4.2738905,5.1361203,8.17856,9.131105,9.071588,5.2223625,5.142405,5.0969195,5.112067,4.8772807,4.4330893,4.5534067,4.9297047,4.7202644,4.5778437,4.6975646,5.24011,5.21231,5.0457397,4.9871607,5.0716596,4.922185,4.993266,6.6673765
Panama,Latin America & Caribbean,High income,GFDD.DM.11,-1.3771855,2.3562107,9.497422,11.820765,11.441394,9.321763,7.2751565,6.1140747,7.18671,20.644249,21.12464,26.56692,26.153759,25.41847,27.7619,31.70621,33.613228,35.51937,33.23039,21.41306,23.33809,21.05216,20.16931,19.287281,19.71457,20.274271,18.92592,18.733961,19.849602,18.42938,24.756071
Panama,Latin America & Caribbean,High income,GFDD.EI.08,2.447945,2.2262502,2.06159,1.192735,0.7932802,0.6505663,0.80399215,0.68599826,0.7444698,1.1787721,1.3078882,1.086689,3.484413,4.2214804,3.9023342,3.0368772,3.271295,3.195444,3.445472,3.5980499,3.9039528,4.871522,5.074473,4.649214,4.645669,4.6621,4.481905,4.29416,4.077979,4.3324957,6.3767715
Panama,Latin America & Caribbean,High income,GFDD.OI.02,32.048656,39.13961,43.784527,48.02039,52.360588,55.59306,57.78642,60.81617,64.97187,67.548225,72.471146,76.195465,71.73065,70.465904,69.74397,69.68243,77.629326,76.518906,74.714874,76.562454,79.08722,73.110435,69.96818,54.64858,67.56476,65.14147,63.96612,62.491627,61.713688,60.74163,81.10844
Panama,Latin America & Caribbean,High income,SH.STA.BRTC.ZS,89.56088,89.53145,85.8,86.899994,88.0,88.299995,89.899994,89.5,90.0,90.1,90.49999,92.1,94.2,92.5,91.299995,91.1,91.0,91.5,91.799995,88.6,92.7,93.5,94.299995,91.399994,93.899994,95.0,94.6,94.2,92.9,96.532906,96.727875
Panama,Latin America & Caribbean,High income,SL.IND.EMPL.ZS,21.671692,14.45,16.98,17.62,18.38,18.07,18.37,18.36,18.07,18.190002,17.37,17.31,17.0,17.22,17.64,17.18,18.07,19.280003,19.080002,19.170002,18.710001,18.74,18.25,20.14,20.080002,18.72,18.39,18.55,18.76,17.72,20.516172
Papua New Guinea,East Asia & Pacific,Lower middle income,DT.TDS.DPPF.XP.ZS,18.375376,12.914868,8.692906,9.312937,12.457285,10.066172,8.333135,10.56645,8.340708,8.468795,8.036677,7.086321,7.782314,7.2953,8.389313,5.880447,3.4608345,4.051144,3.121533,1.8060025,1.3837906,1.337526,1.4036853,1.4477543,1.0322281,1.0149355,1.181484,1.3077639,1.7036043,3.6794522,10.768969
Papua New Guinea,East Asia & Pacific,Lower middle income,EG.ELC.ACCS.ZS,12.69945,10.08386,10.332505,11.558855,12.100422,14.3838005,11.0,2.1584826,4.2950897,6.426855,7.577014,9.882184,12.1797695,14.472119,16.761583,19.050512,12.4,23.636631,25.939186,17.2,19.499998,32.91732,35.275887,37.654285,40.05049,42.87822,49.4,54.4,55.727386,59.662975,60.399998
Papua New Guinea,East Asia & Pacific,Lower middle income,GFDD.AI.01,-1452.337,-554.8891,489.53503,1838.2509,3333.8455,5849.855,7340.6025,6132.3066,5022.189,3859.1511,4132.6367,3079.471,1163.508,1075.4171,2166.9888,155.33427,986.09436,-692.54755,-713.4492,-628.1267,-415.5689,-1331.6477,-1329.274,-1074.8635,-719.79004,-472.16327,-399.7553,-582.33203,96.48049,-791.23486,-1404.2725
Papua New Guinea,East Asia & Pacific,Lower middle income,GFDD.DI.04,82.54347,83.887184,83.945595,79.384384,68.938255,76.75713,79.857445,74.89475,67.53669,80.598145,94.40502,94.17851,80.251274,89.46536,96.73325,96.67164,96.28158,96.41171,97.42002,95.995285,96.30509,96.13589,95.91568,94.72495,88.216705,92.15005,85.76148,88.29027,89.14395,90.59599,89.95472
Papua New Guinea,East Asia & Pacific,Lower middle income,GFDD.DI.05,35.16046,35.29121,33.90253,34.65026,30.10386,30.569489,36.43721,37.66153,35.00832,33.78235,32.167458,32.00636,30.622398,27.137781,30.94187,33.58474,27.56673,31.779259,31.732512,30.22046,27.54285,29.810059,31.67758,31.199322,27.552979,28.614609,29.2117,26.188608,22.786179,23.048359,25.065449
Papua New Guinea,East Asia & Pacific,Lower middle income,GFDD.DI.06,7.403192,7.005769,6.759578,8.664276,14.053421,9.5768795,8.65298,12.452061,16.47445,6.8304405,1.739446,1.711947,6.121012,2.838114,0.89615995,0.9618112,0.7903587,0.83358544,0.72642857,1.1483179,0.97366834,1.035468,1.184101,1.851794,4.156535,2.844714,5.573715,3.9805608,3.369305,2.833071,3.534151
Papua New Guinea,East Asia & Pacific,Lower middle income,GFDD.DI.11,-2.7259583,0.6045123,2.4121923,3.1752424,3.1671143,2.3453515,0.4616295,0.23943827,0.7158354,1.095508,1.7200863,2.0916433,1.5779876,0.25016716,-0.47850785,0.1631862,1.0017357,2.2258744,2.709891,2.638605,1.9968879,2.0998917,2.2354612,3.023921,2.514212,2.301831,2.1203046,2.074607,1.177137,1.1784484,1.3242016
Papua New Guinea,East Asia & Pacific,Lower middle income,GFDD.DM.11,5.968637,7.396328,10.505054,12.625819,14.0091505,15.84616,15.377126,12.806315,13.179195,16.70028,19.973389,19.816124,17.59962,16.383488,17.37719,15.054306,16.538876,14.157218,13.3005295,12.770915,12.116163,12.013498,11.320084,11.850371,12.654284,13.800615,15.303383,15.286545,15.401251,13.87166,14.250335
Papua New Guinea,East Asia & Pacific,Lower middle income,GFDD.EI.08,4.368491,7.02537,9.652244,11.17794,10.123549,11.567699,14.169809,13.45389,9.514094,7.286309,8.270715,7.64292,6.841381,6.793953,8.117201,9.200117,9.042308,8.426899,10.111229,9.199725,7.4174204,8.14547,8.859339,12.50735,13.171129,15.76186,16.14224,14.959589,12.93064,12.726389,15.980939
Papua New Guinea,East Asia & Pacific,Lower middle income,GFDD.OI.02,30.541088,31.31754,30.47315,31.300909,26.82142,27.3416,30.946829,34.067837,31.395329,29.685528,28.969667,29.410717,27.45148,24.00772,27.70284,30.56599,25.511219,29.612488,29.80778,34.278038,30.9522,32.909607,35.31793,35.07832,30.219936,31.125109,31.944788,28.42887,24.82335,24.64322,27.04981
Papua New Guinea,East Asia & Pacific,Lower middle income,SH.STA.BRTC.ZS,49.667828,48.462162,48.095287,48.312073,47.968357,42.0,51.300003,45.92875,46.235195,46.529774,41.0,39.0,51.060944,52.210987,39.0,54.246746,52.999996,56.71113,57.992752,58.694603,59.436806,60.942608,61.726357,62.800835,63.857903,65.03421,66.047295,66.922714,56.399998,67.1917,67.334496
Papua New Guinea,East Asia & Pacific,Lower middle income,SL.IND.EMPL.ZS,11.955953,3.01,3.1,3.1999998,3.27,3.22,3.51,3.48,3.4499998,3.5,3.69,3.91,4.18,4.38,4.63,4.87,5.28,5.72,5.92,6.62,7.8900003,8.21,9.000001,9.900001,10.33,11.120001,11.410001,11.92,12.57,13.23,12.537984
Paraguay,Latin America & Caribbean,Upper middle income,DT.TDS.DPPF.XP.ZS,7.6127825,9.612292,24.393217,7.9135046,5.762353,4.3839145,3.6635952,3.7727537,3.4636023,5.0989075,5.395568,6.4697313,5.857693,5.9171934,7.988462,6.121262,5.0586863,3.900714,3.2521133,4.3007016,2.7430265,2.3316486,2.4335992,1.912866,1.9691477,2.6859815,3.2152436,2.9531486,3.1830666,3.9988937,4.8237925
Paraguay,Latin America & Caribbean,Upper middle income,EG.ELC.ACCS.ZS,84.33639,81.60142,79.15902,78.44043,78.51965,77.46912,86.260056,86.41285,87.76237,88.51817,89.42114,91.04207,91.66644,92.558395,93.24988,94.68689,96.74905,96.452774,96.677895,96.891335,97.43086,98.23656,97.83562,99.015884,99.00072,99.331535,98.4,99.3,99.600006,99.7,100.0
Paraguay,Latin America & Caribbean,Upper middle income,GFDD.AI.01,3079.2144,2352.3225,2322.117,3319.953,4638.3237,6106.6157,7333.7754,6290.094,6045.318,3938.874,1428.154,1115.064,1681.6962,1653.5626,1241.2607,53.349934,55.29818,64.297516,79.45681,108.23674,129.91124,154.56886,176.48746,193.79062,209.65219,241.6808,261.45172,314.3467,534.5134,519.46643,561.2549
Paraguay,Latin America & Caribbean,Upper middle income,GFDD.DI.04,72.90156,85.26936,67.19594,71.01876,75.91479,76.84726,79.22451,73.04916,78.20728,76.28324,77.378044,75.6701,69.74286,73.44582,72.87086,74.84615,78.1343,83.082054,86.298515,90.143776,92.29775,93.38061,92.333885,99.633606,99.71951,99.76493,99.758194,99.7803,99.82773,99.7924,99.80199
Paraguay,Latin America & Caribbean,Upper middle income,GFDD.DI.05,20.40617,23.59956,27.89362,30.302639,31.752098,26.90142,26.10121,25.4754,23.56657,24.36176,22.36723,21.68875,18.58315,18.26981,18.156929,17.28885,16.47029,17.96163,16.85775,29.25345,29.945158,31.7196,34.067223,36.46326,38.71552,41.896202,41.422062,42.81031,43.97205,46.93237,54.95988
Paraguay,Latin America & Caribbean,Upper middle income,GFDD.DI.06,5.303985,2.9187272,9.728635,9.41551,8.517045,7.304835,6.863934,10.32232,6.713972,7.611572,6.7076354,7.2911143,8.608291,5.059663,4.935445,4.348307,3.522181,3.001007,2.6645591,2.525667,2.228837,2.104409,2.704966,0.13140461,0.11163589,0.106060795,0.103165604,0.0915802,0.0776267,0.100213096,0.1031691
Paraguay,Latin America & Caribbean,Upper middle income,GFDD.DI.11,-10.340457,-7.810726,-5.169879,-4.2354193,-4.4425287,-8.324171,-9.304374,-9.448656,-8.98586,-6.651093,1.2450485,1.1629739,1.1524101,1.0381033,0.8648287,0.8345594,0.76164466,0.7492121,0.7679286,0.9184192,0.8881719,1.1554905,1.3208244,1.3623652,1.3891475,1.5154545,1.5042788,1.5454959,1.629391,1.7416925,1.8223886
Paraguay,Latin America & Caribbean,Upper middle income,GFDD.DM.11,-7.4877205,-6.3963494,-2.8081238,0.26725963,0.90533173,-0.028541984,0.91422856,-2.320642,1.0557997,0.0373427,0.0180675,0.0082393,0.0097273,3.5450292,4.1879253,5.1791444,4.702363,2.3171523,2.5400598,1.4808911,0.8023075,0.24387611,-0.025403107,-0.88069564,0.13778012,0.81654656,1.8744677,2.369324,1.8688278,1.0432401,1.3293853
Paraguay,Latin America & Caribbean,Upper middle income,GFDD.EI.08,0.0287364,0.0224835,0.0194258,0.0172079,0.009784999,0.3973761,0.51439095,0.91743547,1.2985951,1.695473,1.2065,0.93953836,1.4561031,1.4034531,1.0532559,0.7380947,0.9904391,1.112751,1.006002,1.600111,1.352597,0.8091893,1.070891,1.4032881,1.603675,1.690049,1.2324641,1.105806,1.068521,1.245947,1.960661
Paraguay,Latin America & Caribbean,Upper middle income,GFDD.OI.02,14.32116,16.64639,19.69609,21.658861,22.90496,20.49017,20.365429,19.85955,18.18739,18.98656,17.75569,17.78658,15.069,14.540721,14.36825,13.315241,12.188601,13.42313,13.08302,18.974491,19.09616,19.20656,20.26001,21.887451,23.182812,24.910471,24.9754,27.02604,27.701632,28.996918,35.83215
Paraguay,Latin America & Caribbean,Upper middle income,SH.STA.BRTC.ZS,66.0,84.266464,82.92701,82.491585,82.51768,84.670425,60.8,85.35338,60.8,85.6,87.9013,88.63758,85.8,86.299995,77.2,87.5,90.49999,93.05724,87.2,93.799995,95.600006,96.3,95.700005,95.942696,96.4,96.3,95.50001,97.3,97.7,95.783806,95.956825
Paraguay,Latin America & Caribbean,Upper middle income,SL.IND.EMPL.ZS,20.500708,17.72,17.61,17.59,17.57,17.59,17.450003,17.37,17.09,16.78,16.46,16.03,15.59,15.990001,16.64,15.780001,16.87,18.25,19.05,17.68,19.2,17.820002,16.88,17.470001,19.13,19.74,19.430002,20.09,18.59,18.14,20.360672
Peru,Latin America & Caribbean,Upper middle income,DT.TDS.DPPF.XP.ZS,7.3298154,21.990135,17.989594,59.06148,17.009212,13.877094,31.564241,33.420235,21.786325,26.988228,25.401108,21.892996,35.4216,21.35306,16.711634,22.425354,9.514064,22.775381,10.524247,9.178606,11.408443,3.711528,4.39715,7.7226324,4.0732536,4.1499066,4.1875777,8.724004,3.8744612,4.028254,2.516894
Peru,Latin America & Caribbean,Upper middle income,EG.ELC.ACCS.ZS,68.953186,66.94092,70.1,64.74899,66.05293,67.354836,67.0,69.16024,72.07206,74.07852,72.4965,72.11311,74.38269,74.38097,75.69236,77.173645,80.15727,81.98813,84.678345,86.42432,88.12306,89.70749,91.09951,92.13537,92.91999,93.85218,94.2,94.8,95.2,95.55136,99.31181
Peru,Latin America & Caribbean,Upper middle income,GFDD.AI.01,1054.51,555.0744,2675.0024,2574.0735,3377.0051,4147.333,4828.6216,3521.9485,1657.929,-344.77933,-85.54668,-1186.0146,-1083.0239,-1208.7023,336.1884,234.61702,266.43573,309.19943,370.13715,373.3021,426.37964,480.1185,547.0976,620.6277,708.28827,771.75964,840.33514,866.7917,910.5527,979.1136,1099.8212
Peru,Latin America & Caribbean,Upper middle income,GFDD.DI.04,99.2664,95.624626,98.265236,99.347786,96.005196,97.04371,97.968895,98.506836,98.77989,99.02366,99.20138,99.208496,99.30563,99.50745,99.91756,99.999985,99.999985,99.999985,99.999985,99.999985,99.999985,99.999985,99.46102,99.14775,98.80825,98.7023,98.77521,99.18002,99.262825,99.33723,99.17254
Peru,Latin America & Caribbean,Upper middle income,GFDD.DI.05,24.716059,16.67763,18.430689,20.362999,19.621729,20.77938,25.27978,28.93244,32.33667,35.41637,33.1795,33.010178,32.62238,30.105919,27.868351,29.661839,28.72295,32.364166,36.04541,35.85809,38.09527,36.76807,38.92796,43.32047,43.77177,41.76411,43.959103,47.57809,47.17846,49.02777,59.19195
Peru,Latin America & Caribbean,Upper middle income,GFDD.DI.06,0.1262185,0.4652951,0.2165779,0.091362394,0.62264776,0.5103814,0.4526348,0.3962429,0.37752327,0.3166744,0.23529221,0.21697819,0.1818787,0.1161689,0.0171142,3.6700003e-06,3.1700001e-06,2.8800002e-06,2.6100001e-06,2.53e-06,2.21e-06,1.9400002e-06,0.1608645,0.2886818,0.4417798,0.5295723,0.48743993,0.3875013,0.3589516,0.32530668,0.509141
Peru,Latin America & Caribbean,Upper middle income,GFDD.DI.11,-5.60492,-2.5353873,-2.1489663,-1.5285113,-1.8218025,-2.7341564,-3.2032096,-3.1187727,1.6795372,2.035124,2.1933842,2.3925147,2.64008,3.0745783,3.1730912,3.5913916,3.4303756,3.4279377,3.5791476,3.8642254,4.125683,4.201463,4.3758345,5.1582713,5.798928,6.461306,6.429419,6.468322,6.600035,6.9720454,8.4298725
Peru,Latin America & Caribbean,Upper middle income,GFDD.DM.11,-8.692394,-6.71171,-0.35342622,-1.8528256,-0.73542315,-1.7341917,-0.68107116,-4.061545,-1.157389,0.6221665,0.81166494,0.8316267,0.7575641,1.15617,1.348772,1.4385201,1.436934,1.3509619,1.08161,1.158017,0.1196117,0.1111961,0.0426494,0.0417837,0.042836603,0.0464315,0.046831198,0.0435365,0.0413893,0.041366998,2.076891
Peru,Latin America & Caribbean,Upper middle income,GFDD.EI.08,9.340473,3.2746801,3.2773361,2.861528,1.748641,0.9157141,0.83686256,1.7907181,2.4446251,3.2376451,2.962692,3.823332,3.8692188,3.495403,2.8608902,2.753268,2.25647,2.185461,2.2291281,3.004472,1.9994931,1.966486,1.56429,2.088475,2.645118,3.575133,3.5311978,4.391809,4.3741407,4.024136,5.81711
Peru,Latin America & Caribbean,Upper middle income,GFDD.OI.02,15.700861,12.33987,14.33261,16.84403,16.935051,18.059341,22.689781,24.18205,26.71989,28.727772,26.49555,26.10176,25.42648,23.56557,21.724129,23.69787,23.14249,26.5342,30.27376,30.175848,31.311327,30.281988,31.54226,35.65889,36.099197,34.366768,36.60683,39.06675,38.625607,40.24722,46.66879
Peru,Latin America & Caribbean,Upper middle income,SH.STA.BRTC.ZS,79.637726,78.774025,52.499996,78.51017,78.38757,78.42422,56.399998,79.166504,80.31598,81.17623,59.299995,82.59152,83.55763,84.3094,71.1,86.188866,71.0,88.13621,79.399994,82.5,83.799995,85.0,86.7,89.1,90.0,91.6,92.4,93.6,93.1,92.1,94.2206
Peru,Latin America & Caribbean,Upper middle income,SL.IND.EMPL.ZS,19.16973,15.270001,15.14,15.14,15.320001,15.38,15.26,15.280001,15.049999,14.73,14.55,14.42,14.410001,13.35,14.400001,14.07,14.85,16.29,16.44,16.44,16.86,16.48,17.03,17.02,16.37,16.57,16.22,15.65,15.390001,15.200001,19.598848
Philippines,East Asia & Pacific,Lower middle income,DT.TDS.DPPF.XP.ZS,25.643166,21.765102,23.25201,23.271967,16.488886,14.335826,11.043363,7.3239846,8.590755,16.672487,14.628097,19.925972,19.727343,19.299623,20.249094,15.850014,18.590439,9.469703,11.799241,13.469129,15.992894,11.943862,7.296883,7.1282725,6.1236305,6.828714,7.797642,5.412271,4.563689,5.9400773,6.1480584
Philippines,East Asia & Pacific,Lower middle income,EG.ELC.ACCS.ZS,71.92343,69.97429,69.24896,65.4,68.018555,69.13312,70.24496,71.35339,71.299995,71.87417,74.66169,75.722946,76.77662,76.6,87.6,79.91562,80.18,82.01391,83.3,84.3,85.397644,87.2,87.08,87.5,89.72037,89.08,92.066505,93.0,94.448265,95.64508,96.842384
Philippines,East Asia & Pacific,Lower middle income,GFDD.AI.01,1499.2817,1315.9443,1690.4618,4231.8125,4373.8794,5274.4478,5542.3765,4562.8574,3874.293,2602.7407,1611.4182,-198.1434,-820.9432,-502.9629,-1650.7598,-2181.9424,-2291.501,-2251.064,365.76172,364.23514,376.71277,435.44138,434.70728,433.26233,452.18677,471.9468,485.27237,507.0358,576.0911,658.279,686.50397
Philippines,East Asia & Pacific,Lower middle income,GFDD.DI.04,85.852486,88.56638,82.262375,63.30888,73.598465,79.87541,84.54812,88.158745,89.14933,86.52593,89.934235,92.20054,90.61549,91.12811,93.9195,95.18173,90.19108,87.22971,90.71433,92.779655,93.74423,93.90973,94.81867,95.13995,95.7004,95.99248,95.72342,96.26608,96.71304,96.90484,89.08044
Philippines,East Asia & Pacific,Lower middle income,GFDD.DI.05,30.04499,30.51925,31.86502,37.41401,41.27705,45.40147,49.27732,54.27538,53.646782,57.0587,55.85332,53.15202,54.28221,51.860928,50.514847,48.3702,52.24474,50.10392,56.998707,59.411694,58.812912,57.38415,56.304897,66.83659,68.530464,70.91615,74.10986,59.787155,57.47213,59.151863,69.50153
Philippines,East Asia & Pacific,Lower middle income,GFDD.DI.06,3.834026,2.748944,5.350224,17.6164,12.231371,10.55769,9.756565,8.27735,6.514463,7.6376796,5.5206947,4.052157,4.722978,4.420441,2.957362,2.046717,3.994492,4.937985,4.248118,3.3722348,2.898028,2.935333,2.5407279,2.467257,2.3330882,2.273722,2.521752,2.326639,2.110158,2.010045,8.6084795
Philippines,East Asia & Pacific,Lower middle income,GFDD.DI.11,0.20894061,2.8265426,4.825417,5.0816727,4.4051113,3.4279544,2.7890487,2.8395054,3.3941753,4.5266395,5.159805,6.5090847,5.4016953,5.884426,5.84201,5.9082355,6.2938585,6.1781416,5.732907,6.167578,6.22829,6.3458605,6.7842197,7.3773503,7.6050878,7.951336,8.096556,8.932762,8.075422,9.145118,10.756879
Philippines,East Asia & Pacific,Lower middle income,GFDD.DM.11,-3.3481293,-0.18106802,3.6979885,8.339149,6.184699,5.238489,3.6459982,3.5087142,6.8194237,9.897612,11.186794,3.238675,3.769541,4.5324464,5.091472,4.759822,6.076068,5.004135,3.479688,3.740355,3.861069,3.1861842,3.20962,2.711945,3.417106,4.189281,4.2438517,4.461821,5.539502,5.558608,7.380899
Philippines,East Asia & Pacific,Lower middle income,GFDD.EI.08,6.444025,5.71774,6.889221,7.282898,8.64067,9.039534,10.51242,12.224529,11.530279,11.718829,13.718599,15.428679,16.0768,17.49532,18.73634,16.7846,14.252819,13.594539,13.625019,15.435649,15.095189,14.764329,14.590249,13.963139,14.351439,14.55896,13.580359,14.3791,14.524779,14.95918,18.15498
Philippines,East Asia & Pacific,Lower middle income,GFDD.OI.02,24.486969,24.92358,26.34763,31.307798,34.57588,38.465866,42.159687,48.2171,48.15411,49.47725,49.094048,47.512417,47.94944,45.96351,45.052097,43.124016,46.24509,43.275047,50.036766,52.17052,51.21353,50.112667,49.08133,59.558186,60.73425,62.579998,65.58286,66.43938,64.657,65.92215,77.23312
Philippines,East Asia & Pacific,Lower middle income,SH.STA.BRTC.ZS,79.18106,78.19858,77.67036,52.8,77.7926,77.87901,78.2246,78.90586,56.399998,58.0,58.0,82.44279,83.939156,59.8,85.428246,85.82445,86.33389,87.173676,62.199997,89.44287,90.05387,72.2,90.954575,72.799995,92.31065,92.98549,93.50154,84.4,92.868515,92.54072,92.60365
Philippines,East Asia & Pacific,Lower middle income,SL.IND.EMPL.ZS,19.49734,14.400001,14.69,14.250001,14.500001,14.81,14.8,15.79,15.820001,15.35,15.86,15.69,15.610001,15.600001,15.59,15.48,15.53,15.670001,15.580001,15.510001,15.720001,15.280001,15.270001,15.580001,15.940001,16.190002,17.36,18.27,19.060001,19.12,19.683071
Poland,Europe & Central Asia,High income,DT.TDS.DPPF.XP.ZS,10.179047,9.525868,9.323626,9.017141,8.72451,8.468251,8.387289,8.275895,8.17836,7.66554,6.9735856,6.8194222,6.7766633,6.718216,6.4615808,6.1009436,5.783412,5.6357183,5.168758,5.1005177,5.025739,4.983216,5.0614004,5.352309,5.681683,5.8836656,5.915911,5.790285,5.739423,6.35358,7.4392776
Poland,Europe & Central Asia,High income,EG.ELC.ACCS.ZS,100.0,100.0,100.0,100.0,100.0,100.0,100.0,100.0,100.0,100.0,100.0,100.0,100.0,100.0,100.0,100.0,100.0,100.0,100.0,100.0,100.0,100.0,100.0,100.0,100.0,100.0,100.0,100.0,100.0,100.0,100.0
Poland,Europe & Central Asia,High income,GFDD.AI.01,1476.1588,1124.6078,960.37885,1594.4279,2282.431,2784.0798,3055.5408,2311.1536,794.29645,-623.31226,-1555.126,-1653.1744,-1506.1289,-1513.6403,-1927.9309,-2247.7422,-2426.4756,-2214.1367,824.15137,922.2145,903.8641,969.33234,987.3135,1005.0575,1040.0453,1072.0905,1087.0454,1073.8433,1111.4159,1146.9115,1187.1123
Poland,Europe & Central Asia,High income,GFDD.DI.04,95.67267,85.93636,75.17232,76.93412,77.99585,89.28025,91.07013,90.4629,91.64373,92.61885,93.87537,94.47026,98.49097,99.91408,99.93637,99.93842,99.976944,99.98643,99.99021,99.9968,99.99705,99.99727,99.99746,99.99759,99.997955,99.998245,99.9984,99.99851,99.99848,99.998505,96.67142
Poland,Europe & Central Asia,High income,GFDD.DI.05,31.19026,29.79368,32.63677,32.74897,31.293898,30.97287,32.470238,34.63303,37.31706,40.16589,40.380608,44.32345,41.79822,42.22619,41.356518,43.93486,46.733402,47.543926,52.31936,52.493748,54.162727,56.31675,56.75676,59.445625,61.88612,64.126564,67.90915,66.55661,68.14514,68.254845,77.91279
Poland,Europe & Central Asia,High income,GFDD.DI.06,0.9590953,4.847289,9.481547,9.040721,7.764863,3.348983,2.96828,3.2258759,2.93607,2.798104,2.246251,2.36052,0.8128514,0.0481264,0.0255066,0.024734199,0.0102859,0.0067367996,0.0061451,0.0019679,0.0018661,0.0017888999,0.0016015,0.0015789,0.0014025,0.0012215,0.0011806,0.0010554,0.0010841,0.0010466,2.503335
Poland,Europe & Central Asia,High income,GFDD.DI.11,6.0277586,8.64794,10.776564,11.527656,11.421286,10.268794,9.22109,8.920437,9.5543165,12.316466,5.067164,6.0448365,7.0797224,7.7581186,8.305472,9.041798,10.153808,10.690348,10.727486,10.129939,10.033585,9.336163,10.031439,10.177198,10.438649,10.009247,10.554815,9.653087,9.072799,8.457665,8.800122
Poland,Europe & Central Asia,High income,GFDD.DM.11,3.1258352,6.4504223,8.986439,11.216204,10.847223,8.814277,6.9521627,6.404123,7.9484544,0.6557641,0.8872349,0.63015467,1.27593,1.796825,2.339016,2.318829,2.503289,2.31807,1.1924671,1.208464,0.81278074,0.68692976,0.7690808,0.9542938,1.464413,1.691461,2.165319,2.461139,2.4718719,2.5788379,3.232219
Poland,Europe & Central Asia,High income,GFDD.EI.08,2.339896,8.2280445,9.3606205,11.061899,10.881379,11.389029,11.4723,10.06709,9.881263,9.9334345,8.008175,13.12795,25.444609,27.45394,12.185949,11.42318,11.61889,10.546879,13.52162,14.36811,14.469009,13.91087,13.1244,14.220779,16.22632,16.25757,19.40507,18.69517,18.97052,19.34442,23.05648
Poland,Europe & Central Asia,High income,GFDD.OI.02,23.810051,22.74273,25.66015,27.00941,26.41658,25.286331,26.96552,28.7234,32.33616,34.49728,35.8168,38.92134,36.60146,36.39048,35.79276,38.038326,40.10894,40.721928,44.749096,45.707897,47.4953,49.2543,49.88469,52.050797,53.973606,55.578056,58.320034,56.81728,58.13364,58.05429,63.797432
Poland,Europe & Central Asia,High income,SH.STA.BRTC.ZS,97.799995,99.6,99.6,99.6,99.6,99.6,99.7,99.7,99.7,99.7,99.4,99.8,99.8,99.8,99.8,99.3,99.4,99.4,99.4,99.7,99.8,99.8,99.8,99.8,99.8,99.8,99.8,99.8,99.8,100.902504,101.09183
Poland,Europe & Central Asia,High income,SL.IND.EMPL.ZS,27.362028,36.19,34.82,34.04,33.46,33.13,32.770004,32.48,32.13,31.560001,31.06,30.729998,28.540003,28.55,29.040003,29.25,29.980001,30.72,31.890001,31.110003,30.3,30.67,30.42,30.540003,30.540003,30.540003,31.45,31.67,31.82,32.13,23.906126
Portugal,Europe & Central Asia,High income,DT.TDS.DPPF.XP.ZS,11.311994,10.368272,10.1479645,9.512933,9.027391,8.745934,8.745165,9.212964,8.723175,9.307705,8.450826,7.180618,7.504028,7.5414557,7.2891526,6.904167,6.6325054,6.3574677,6.1430063,5.9534097,5.8242283,5.7683725,5.8589892,5.879857,6.2063518,6.418695,6.443916,6.305159,6.2726107,6.93414,8.109626
Portugal,Europe & Central Asia,High income,EG.ELC.ACCS.ZS,100.0,100.0,100.0,100.0,100.0,100.0,100.0,100.0,100.0,100.0,100.0,100.0,100.0,100.0,100.0,100.0,100.0,100.0,100.0,100.0,100.0,100.0,100.0,100.0,100.0,100.0,100.0,100.0,100.0,100.0,100.0
Portugal,Europe & Central Asia,High income,GFDD.AI.01,-423.04517,-688.1544,-932.09174,-439.2758,434.22787,566.7397,1363.352,955.7616,-944.4951,-2126.1106,-2702.211,-3158.709,-3078.3604,-3054.4697,-3292.7517,-3708.5442,-3919.763,-3538.2046,-3050.5046,-2749.5115,-2762.981,-3102.122,-3253.801,-2903.6174,-2568.3948,-2424.6104,-2515.702,-2632.7363,-2661.5825,-2801.5386,-2891.8892
Portugal,Europe & Central Asia,High income,GFDD.DI.04,87.10268,96.74517,96.73109,97.174065,97.57383,98.04425,98.34072,98.65095,99.382576,98.620384,97.953606,99.886826,99.892,99.89196,99.93368,99.93673,99.9435,99.94854,99.958084,99.95962,99.59899,99.491776,99.494194,99.51038,99.56715,95.745605,91.676735,90.11929,88.51059,86.79267,82.034004
Portugal,Europe & Central Asia,High income,GFDD.DI.05,72.184006,77.60862,81.03198,85.2888,85.90893,86.241844,85.96394,76.25225,77.25134,78.8623,78.79546,93.058365,89.217415,90.951485,92.484634,95.14105,93.99555,95.569374,101.7655,99.38718,98.18051,99.29812,95.644585,96.60806,96.74445,97.146454,100.9811,101.99911,104.309204,106.3654,126.57001
Portugal,Europe & Central Asia,High income,GFDD.DI.06,9.0310755,2.545619,2.556139,2.286716,2.027867,1.713477,1.522447,1.260548,0.61471206,6.391327,6.269574,0.1377279,0.1346858,0.1362379,0.0840734,0.0826222,0.0787923,0.0757908,0.0658839,0.0684088,0.7020728,0.8915591,0.89425766,0.8152876,0.66337675,6.259425,11.95721,13.59704,15.28384,16.49772,26.5938
Portugal,Europe & Central Asia,High income,GFDD.DI.11,24.075895,26.084805,28.389751,29.601583,29.216335,9.796857,11.992378,15.058981,16.664064,18.7754,19.696383,19.09998,19.831045,21.400328,22.042269,25.304522,30.150885,31.230303,31.664501,33.117764,32.67287,29.248222,30.989529,31.035425,31.811504,30.028343,27.598396,27.46518,25.808235,26.189463,27.041487
Portugal,Europe & Central Asia,High income,GFDD.DM.11,13.427381,16.078075,18.800272,19.967144,18.858969,16.971296,15.474722,15.222991,18.031301,23.71013,28.144428,31.64528,39.827007,52.26402,56.956833,53.73884,55.98796,55.67994,52.08353,67.21134,62.82771,45.262062,48.26376,46.025448,41.99462,42.09037,40.11303,50.00798,46.03757,51.86599,62.2841
Portugal,Europe & Central Asia,High income,GFDD.EI.08,12.097942,12.584793,12.927568,12.960695,12.653848,12.562518,12.538441,13.260712,13.7703285,12.641306,12.8958435,6.6890073,5.660301,5.424191,5.5751,5.857989,6.043529,5.0449224,5.686121,9.528753,18.8374,18.35134,23.03507,22.694279,22.92842,21.116129,20.542019,21.48976,20.82813,18.231249,20.29531
Portugal,Europe & Central Asia,High income,GFDD.OI.02,66.61926,72.29751,76.142685,80.35339,80.969826,81.52707,81.30591,80.88451,78.28394,71.14377,70.8142,85.24471,79.865166,79.868286,78.485756,81.30846,80.74943,80.63345,87.97395,83.81618,84.67856,85.98378,81.67098,82.06719,81.75743,81.58416,85.53904,86.72462,88.736115,91.40282,108.7847
Portugal,Europe & Central Asia,High income,SH.STA.BRTC.ZS,96.502,97.22166,97.816986,98.28843,98.50753,97.75086,97.69789,97.23026,99.7,98.37643,99.7,99.9,98.76498,98.57893,98.42445,98.26107,98.36121,98.60844,98.946175,99.08297,99.032745,98.924126,98.91813,99.00001,98.899994,98.899994,98.799995,98.799995,98.7,98.79204,98.67799
Portugal,Europe & Central Asia,High income,SL.IND.EMPL.ZS,29.963354,34.0,33.63,32.86,32.47,32.18,31.27,31.020002,35.21,34.35,34.44,33.45,33.33,32.66,31.06,30.39,30.310001,30.24,28.99,27.81,27.26,26.86,25.15,23.7,23.86,24.35,24.5,24.74,24.85,24.68,23.530806
Puerto Rico,Latin America & Caribbean,High income,DT.TDS.DPPF.XP.ZS,12.095487,10.88985,10.770867,10.296898,9.860593,9.709414,9.721658,9.764731,9.778788,9.469155,8.896362,8.546296,8.578841,8.379143,8.127754,7.2675586,6.7648697,6.5743194,6.3452163,6.2417736,6.1311355,5.976059,5.881844,6.167535,6.6030803,7.047853,7.0386257,6.677736,6.5238714,6.8635635,8.796959
Puerto Rico,Latin America & Caribbean,High income,EG.ELC.ACCS.ZS,99.98344,99.993095,99.99863,100.0,100.0,100.0,100.0,100.0,100.0,100.0,100.0,100.0,100.0,100.0,100.0,100.0,100.0,100.0,100.0,100.0,100.0,100.0,100.0,100.0,100.0,100.0,100.0,100.0,100.0,100.0,100.0
Puerto Rico,Latin America & Caribbean,High income,GFDD.AI.01,-1071.4973,-1488.6006,-987.6839,47.892284,1161.8977,2361.5503,2901.2185,2072.5747,125.79227,-1669.5826,-2630.8992,-2996.8518,-2888.4297,-2776.0227,-2452.4128,-3024.5315,-2945.862,-2620.1516,-2422.814,-2232.6353,-2408.3303,-2853.521,-3187.2837,-3104.086,-3032.1887,-2904.3247,-3116.36,-3525.4363,-3717.0847,-3854.4104,-3614.019
Puerto Rico,Latin America & Caribbean,High income,GFDD.DI.04,87.21383,88.10138,87.19604,86.74652,86.83039,87.09502,87.82048,88.5831,88.44855,88.50654,88.71536,89.144,89.02773,88.67542,87.51421,88.29971,89.15995,89.87856,90.10616,89.400345,88.51128,88.27448,88.76661,89.42889,89.9389,89.300385,88.76094,88.82617,89.18377,89.82003,88.7046
Puerto Rico,Latin America & Caribbean,High income,GFDD.DI.05,39.873135,38.744564,39.388172,40.18784,41.25877,40.427094,40.25891,40.831062,41.88617,42.749836,42.0329,42.339775,42.8608,42.7257,40.31044,41.626026,43.1171,44.25022,46.15739,48.629375,49.451454,49.33427,51.364456,53.42521,54.306496,54.941097,55.027107,54.988686,56.377655,59.000774,63.500576
Puerto Rico,Latin America & Caribbean,High income,GFDD.DI.06,8.268697,9.548676,9.14841,8.4867115,7.8754864,7.5969634,7.9212785,8.450439,8.292676,8.145456,7.9408913,7.9614735,8.193757,8.264737,8.187744,7.165752,6.501273,6.470805,7.002434,7.4890494,7.573116,7.184735,7.1688957,7.5987206,8.39101,9.312146,9.775744,9.425675,9.294771,9.341572,9.408853
Puerto Rico,Latin America & Caribbean,High income,GFDD.DI.11,2.3479362,5.593318,7.86429,8.920351,8.914316,7.7118077,6.247216,5.854405,6.445066,7.89345,8.823228,8.644634,7.5756097,6.46032,5.256911,6.828825,7.8016477,8.486018,8.628903,8.254864,7.791981,7.728705,7.979424,8.37255,8.876024,9.459372,10.054514,10.207882,10.739866,11.124977,11.079207
Puerto Rico,Latin America & Caribbean,High income,GFDD.DM.11,-4.0483274,-1.9411204,2.9124968,6.632459,6.937079,4.3156686,0.59317285,-1.027482,1.4143491,6.1880875,10.099105,11.607327,11.333334,10.859097,14.615225,14.422656,16.71494,18.351845,18.016914,16.90017,15.7239275,14.215634,12.957806,12.924236,13.688599,14.662587,15.376655,15.331507,14.7606,13.847354,15.306944
Puerto Rico,Latin America & Caribbean,High income,GFDD.EI.08,3.1473255,3.5348992,3.9335618,4.0476165,3.7620907,3.3592448,3.065702,2.7711947,3.080269,3.0979927,3.328656,3.5413275,3.6714344,3.698047,3.8336887,3.6518576,3.5524547,3.346415,3.2676907,3.3317442,3.6416569,4.214357,4.640471,4.7897844,4.8722315,4.7417374,4.823997,5.2102532,5.607911,5.869666,6.2342553
Puerto Rico,Latin America & Caribbean,High income,GFDD.OI.02,25.04293,22.911102,24.895813,26.59289,27.232483,27.12641,26.395521,25.899143,26.778252,27.669651,28.960238,30.752115,32.00339,32.39739,31.957375,33.54147,34.991325,36.650814,38.365242,38.88457,38.458546,38.481762,39.246674,40.109497,41.01568,41.67129,41.599396,41.765076,42.711876,44.57567,49.3331
Puerto Rico,Latin America & Caribbean,High income,SH.STA.BRTC.ZS,95.38376,96.57532,96.1603,95.544205,95.20893,94.962296,95.29896,95.64493,95.71215,95.89772,96.428185,96.91685,97.1196,96.9031,99.8,95.460335,95.456276,95.85201,96.306244,96.14295,95.38306,94.8958,95.05197,95.74731,96.832344,97.37646,97.374115,96.98258,96.56452,96.61228,97.00713
Puerto Rico,Latin America & Caribbean,High income,SL.IND.EMPL.ZS,25.544142,24.01,24.01,23.9,23.18,22.77,21.670002,21.65,21.88,22.210001,22.27,21.66,19.96,19.59,19.39,19.01,19.47,19.18,18.12,17.68,17.450003,17.2,16.950003,16.710001,16.48,16.23,15.97,15.68,15.390001,15.21,20.108751
Qatar,Middle East & North Africa,High income,DT.TDS.DPPF.XP.ZS,10.644138,9.9180975,9.553076,8.124023,8.179119,7.81155,7.8310122,7.807197,7.6749363,7.461769,7.200765,7.0186973,6.9574895,6.8035803,6.0121956,5.658228,5.3630342,5.1488204,4.9920235,4.936531,4.9004173,4.9103355,5.055627,5.673897,5.7852407,5.9834795,5.973579,5.890776,6.2183766,6.821837,8.223849
Qatar,Middle East & North Africa,High income,EG.ELC.ACCS.ZS,100.0,100.0,100.0,100.0,100.0,100.0,100.0,100.0,100.0,100.0,100.0,100.0,100.0,100.0,100.0,100.0,100.0,100.0,100.0,100.0,100.0,100.0,100.0,100.0,100.0,100.0,100.0,100.0,100.0,100.0,100.0
Qatar,Middle East & North Africa,High income,GFDD.AI.01,960.60535,339.3339,337.1324,709.96906,1518.3276,1980.6957,2732.3137,2132.443,871.25085,-212.26727,-982.17206,-1226.0702,-1200.8036,-1114.206,685.1479,720.5174,683.2246,635.54865,620.78925,574.59644,563.4039,579.0571,580.68884,621.9291,614.1074,666.54364,701.36896,736.50385,753.24664,773.1,777.9049
Qatar,Middle East & North Africa,High income,GFDD.DI.04,95.70031,95.94873,95.731964,99.70793,99.83787,97.879875,97.609314,98.309715,99.947815,95.98679,99.945175,99.654305,99.64294,99.92821,99.987724,99.99167,99.993866,99.99584,99.997116,99.99734,99.9934,99.994514,99.99502,99.99087,99.988495,99.967735,99.966064,99.930756,99.901886,99.863075,99.814186
Qatar,Middle East & North Africa,High income,GFDD.DI.05,50.75631,55.54949,53.98674,64.83301,68.61678,62.86375,59.61063,52.51508,62.504955,57.59615,44.48241,62.365532,61.484142,53.38213,47.81381,48.67714,49.71459,52.9843,43.85426,60.41866,58.122475,50.75569,56.03111,62.999,67.14446,88.56011,90.08572,102.8873,84.51593,90.30625,114.12131
Qatar,Middle East & North Africa,High income,GFDD.DI.06,6.8694353,7.647853,7.816109,0.2272553,0.119919494,1.5120519,1.6972951,1.099115,0.0436646,3.268382,0.0298549,0.2263471,0.22104311,0.0424921,0.00606,0.0040101,0.0029331,0.0023091,0.0016207,0.0021349,0.0050061,0.0044703004,0.0043084,0.0083251,0.010498401,0.0424569,0.0525288,0.114615805,0.1470703,0.241469,0.43811962
Qatar,Middle East & North Africa,High income,GFDD.DI.11,14.066671,16.386076,18.113617,17.648666,17.935396,16.258339,14.831775,14.454224,15.263622,16.576643,17.182426,17.19114,16.072508,15.093424,3.3677175,4.427375,2.8058522,3.2881954,2.7068553,3.4640386,3.1642582,1.9005251,1.8924888,2.3285627,4.1690516,6.8624454,8.021644,5.538142,5.2982373,22.728033,23.075518
Qatar,Middle East & North Africa,High income,GFDD.DM.11,11.067101,13.824537,16.546766,16.886925,15.694145,15.196352,14.104971,13.517848,15.779489,17.464792,18.03178,19.071037,19.09751,18.75991,15.795887,16.206388,16.710356,17.78883,18.35435,18.575342,17.861448,17.195217,16.945757,17.323292,18.568941,20.314957,19.885563,20.006994,21.308022,20.512999,20.692812
Qatar,Middle East & North Africa,High income,GFDD.EI.08,12.858972,13.134969,13.206429,35.55891,38.28966,35.148518,38.21353,33.41356,44.896843,43.449913,27.60571,30.39128,33.03516,29.18056,20.41885,14.407519,11.827869,13.983549,15.623289,28.785679,31.125238,41.61684,49.43126,51.10821,45.22129,60.72824,16.707436,17.033323,69.46414,16.85723,16.76376
Qatar,Middle East & North Africa,High income,GFDD.OI.02,45.71798,50.45997,49.24173,59.649517,63.58864,58.11255,55.35268,48.73335,58.488342,53.796627,41.89416,59.639156,58.758335,50.875237,45.568176,46.90926,47.928238,51.43802,42.574947,58.830643,56.78415,49.607338,54.83095,61.72648,65.76927,86.6861,87.92241,100.9108,82.83118,88.49389,111.497696
Qatar,Middle East & North Africa,High income,SH.STA.BRTC.ZS,100.0,100.0,100.0,100.0,103.206985,100.0,100.0,100.0,97.99999,100.0,100.0,100.0,100.0,100.0,100.0,100.0,100.0,100.0,100.0,100.0,100.0,100.0,100.0,103.44081,99.9,99.9,100.0,100.0,102.91292,102.94031,103.09181
Qatar,Middle East & North Africa,High income,SL.IND.EMPL.ZS,30.11391,30.82,31.170002,30.890001,31.350002,31.71,31.920002,33.18,34.030003,35.35,36.98,38.4,39.06,39.81,41.01,41.1,41.56,51.860004,59.58,58.45,56.33,54.11,51.79,51.71,52.96,54.14,54.55,54.510002,54.32,53.7,27.141775
Romania,Europe & Central Asia,High income,DT.TDS.DPPF.XP.ZS,0.0,0.91605586,7.373214,4.4241242,8.012649,8.832599,24.919352,20.516365,21.110884,21.002375,12.65735,13.4298315,11.996244,10.423421,8.706889,9.927652,7.194693,5.170917,5.7375016,4.691377,5.5238247,3.5323641,8.374206,11.160387,9.764941,9.917308,4.938847,3.7576246,5.5544195,4.535233,4.425013
Romania,Europe & Central Asia,High income,EG.ELC.ACCS.ZS,100.0,100.0,100.0,100.0,100.0,100.0,100.0,100.0,100.0,100.0,100.0,100.0,100.0,100.0,100.0,100.0,100.0,100.0,100.0,100.0,100.0,100.0,100.0,100.0,100.0,100.0,99.1,100.0,100.0,100.0,100.0
Romania,Europe & Central Asia,High income,GFDD.AI.01,584.67865,818.5441,350.6775,707.30176,1318.1544,1952.8488,2938.836,1628.5723,105.37931,-1076.3405,-1739.1194,-1872.7709,-1855.0658,-1840.0693,-2004.7842,-2539.9102,-2927.139,-2615.9143,-2123.9207,-1897.8567,-1787.3354,-2234.6877,-2367.9304,-2134.0908,-1795.0216,-1753.5969,-2006.9912,-2263.5408,-2400.2883,-2521.1677,-2935.7627
Romania,Europe & Central Asia,High income,GFDD.DI.04,99.44616,97.09826,87.904625,94.033356,85.03905,83.43124,93.67419,93.222244,88.97105,79.51335,86.09969,94.888466,98.94754,99.99842,96.00835,96.27539,99.99996,99.99833,99.99891,99.99905,96.611015,96.64206,96.74411,96.72985,96.417694,95.81876,95.24414,94.88768,94.881,95.34477,98.84365
Romania,Europe & Central Asia,High income,GFDD.DI.05,62.19815,49.397377,35.15541,28.79256,26.12977,28.985762,32.84377,31.304148,33.16375,33.4843,32.13879,25.60994,28.711689,27.38309,31.85477,32.652977,32.2211,34.74774,32.18354,35.75365,38.36296,38.624058,37.51308,38.03136,39.07278,40.20789,41.13583,40.79306,40.04028,39.90982,46.02287
Romania,Europe & Central Asia,High income,GFDD.DI.06,0.44399118,1.864694,4.362503,1.6784949,3.558945,4.6805773,6.9552712,1.282858,2.470243,3.8841279,2.000183,0.7168237,0.15416579,0.0002712,6.7164726,5.7375646,8.75e-06,0.0006051,0.0004284,0.00043639998,5.432901,5.61608,5.8204045,5.9463754,6.1269298,6.5668554,6.7658706,6.7683697,6.7497034,6.567021,0.45928803
Romania,Europe & Central Asia,High income,GFDD.DI.11,-6.076067,-4.409079,-2.1856105,-1.4032642,-1.5580055,-2.5715811,-3.7823224,-3.9319289,-3.3603835,-0.6235426,0.2405334,-0.03041033,-0.9189258,-1.8720852,-1.8291892,2.2081678,2.4496908,2.7524967,2.7754471,3.088842,3.1797786,3.0943415,3.2038612,2.8590949,2.7864814,2.9027097,2.4684002,2.324292,2.1644828,2.0421045,2.17236
Romania,Europe & Central Asia,High income,GFDD.DM.11,-6.5031686,-0.029680701,0.7017801,2.3335516,1.7610667,0.14930522,-4.2303014,-2.920204,-1.4660215,0.09495211,0.015465701,0.0265187,0.0079197,0.0062193,0.7685945,0.55886644,0.8764535,0.45119628,0.34473798,0.6531925,0.80234426,0.6231813,0.8846071,1.072013,0.97678334,1.049414,1.078587,1.2851199,1.289858,1.77742,1.735388
Romania,Europe & Central Asia,High income,GFDD.EI.08,7.304245,62.396584,31.70505,26.45279,20.229269,23.56884,16.39567,9.35216,8.259632,7.0880013,5.264074,4.653416,4.4043074,3.041661,2.164617,1.9590101,1.034464,2.248179,3.1991282,8.818236,11.612629,12.491809,13.326109,12.637429,12.773799,12.590419,12.21211,11.432749,11.08682,10.973839,13.33217
Romania,Europe & Central Asia,High income,GFDD.OI.02,49.066307,38.77354,22.8565,17.08761,16.97081,18.84621,21.894852,20.762781,21.88866,21.17729,19.69979,19.486591,20.728222,19.99975,22.12294,24.962881,27.806921,29.740328,27.493591,30.899637,32.691345,32.46619,32.16506,32.5163,33.10152,33.66132,33.962276,33.40521,32.926487,32.909996,37.695496
Romania,Europe & Central Asia,High income,SH.STA.BRTC.ZS,99.8,99.9,99.7,98.899994,99.00001,99.100006,99.00001,98.3,99.00001,97.99999,99.00001,99.00001,99.100006,99.200005,98.899994,98.100006,98.200005,98.799995,99.4,99.5,99.5,99.4,99.5,98.5,98.5,94.6,95.299995,95.600006,97.1,100.96053,100.503006
Romania,Europe & Central Asia,High income,SL.IND.EMPL.ZS,29.100605,39.900005,37.11,35.82,32.85,30.96,31.52,30.3,28.77,27.060001,25.79,25.85,29.59,29.14,31.06,30.460001,30.71,31.410002,31.6,30.020002,28.320002,28.560001,28.21,28.29,28.930002,28.46,29.879997,30.12,30.03,30.070002,24.436584
Russian Federation,Europe & Central Asia,Upper middle income,DT.TDS.DPPF.XP.ZS,10.35206,9.343597,9.049719,8.557987,4.3752494,6.33165,6.8173914,6.7368207,9.71118,11.237876,7.474648,11.743829,7.8579273,8.055136,5.7712665,10.944843,9.971142,3.768869,5.6430545,5.764947,6.6130958,3.8853273,2.5849738,3.5319672,8.368519,10.959148,14.029689,5.9278407,11.040251,7.5365233,11.28172
Russian Federation,Europe & Central Asia,Upper middle income,EG.ELC.ACCS.ZS,100.0,100.0,100.0,100.0,100.0,100.0,100.0,100.0,100.0,100.0,100.0,100.0,100.0,100.0,100.0,100.0,100.0,100.0,100.0,100.0,100.0,100.0,100.0,100.0,100.0,95.5,100.0,100.0,100.0,100.0,100.0
Russian Federation,Europe & Central Asia,Upper middle income,GFDD.AI.01,-124.38226,-602.89996,-661.93475,-206.68532,835.8126,1532.0065,2277.6726,1532.6825,-100.794586,-1598.0184,-2256.5066,-2727.4502,-2746.3906,-2785.4988,-3113.1882,-3790.3794,-3792.0679,-3498.4768,-3050.6807,-2846.7822,-3008.1787,-3354.0337,-3521.9595,-3245.238,-2950.7166,-2928.3616,-3068.6155,-3395.4827,-3510.8584,-3423.999,-3122.211
Russian Federation,Europe & Central Asia,Upper middle income,GFDD.DI.04,92.90674,93.80967,93.66994,93.83302,93.08266,93.539085,93.72885,94.15906,94.17313,95.15469,95.05978,81.66323,83.346375,88.52853,92.22107,95.89277,97.41078,97.47704,98.095184,98.162346,98.44328,98.82348,98.88878,99.06989,99.226006,98.99783,99.39647,99.592705,99.69974,99.501526,99.6022
Russian Federation,Europe & Central Asia,Upper middle income,GFDD.DI.05,25.822966,24.952772,25.749876,26.263384,26.522682,25.827566,26.648338,27.153086,29.000666,31.252304,31.347002,23.90317,26.3949,27.8729,28.9177,31.077639,35.02677,39.86514,36.71282,45.812397,47.83141,47.83345,47.31981,51.0674,54.295326,61.826584,59.44583,48.71487,49.004448,49.14236,57.09182
Russian Federation,Europe & Central Asia,Upper middle income,GFDD.DI.06,7.432344,8.58735,8.698084,8.408506,7.786051,7.7061954,7.668493,7.7395625,7.6675353,7.0017786,6.535184,5.473198,5.10595,3.375649,2.338043,1.1934049,0.8577872,0.99437433,0.80297375,0.8636698,0.702457,0.55710816,0.5469624,0.5018792,0.4740754,0.6392921,0.3660305,0.24106129,0.1730122,0.292875,0.2785451
Russian Federation,Europe & Central Asia,Upper middle income,GFDD.DI.11,-6.414595,-3.8873503,-2.1866667,-1.2959238,-4.1300397,-5.193971,-6.1786294,-6.7501535,-6.322327,-3.4277568,-2.4867806,-5.4568133,-6.166736,-6.9214253,-6.8420877,2.494917,2.189992,1.9721061,1.7918168,2.0093875,1.7258176,1.5710243,1.5804578,1.6902333,1.8259449,1.8139085,2.0700552,2.3986967,2.5301912,2.6913629,3.174013
Russian Federation,Europe & Central Asia,Upper middle income,GFDD.DM.11,-10.038138,-5.951894,-2.801988,-0.6367923,-2.4159312,-4.555722,-7.5300784,-8.233875,-6.0987077,0.40691608,0.4387211,0.3680024,0.6626073,0.9283714,1.229537,2.128406,1.1074641,1.1342759,1.199439,2.71659,1.997566,1.853266,1.948488,2.203365,2.534745,4.789513,5.395446,4.4022813,3.7599869,4.22603,5.731408
Russian Federation,Europe & Central Asia,Upper middle income,GFDD.EI.08,5.666597,6.2357287,6.6426682,6.779484,6.2844996,5.982752,5.6693068,5.3748426,5.5231323,5.363398,5.3770366,7.041086,7.079738,6.289486,5.0913134,3.737691,3.472136,3.247678,2.671487,4.005539,4.5469933,5.099145,4.763635,5.435585,5.9524913,7.2161045,7.181446,6.871872,6.160589,5.683804,9.703269
Russian Federation,Europe & Central Asia,Upper middle income,GFDD.OI.02,20.744133,19.044586,20.161753,21.020348,21.342333,21.354052,20.864096,21.208233,22.396503,24.084055,25.418913,17.127361,19.08868,19.56805,20.33102,22.23567,25.19093,29.28518,27.543581,35.738167,37.36572,37.71967,37.81632,41.34742,44.56116,52.330505,49.81369,49.85225,49.916237,50.16679,58.6422
Russian Federation,Europe & Central Asia,Upper middle income,SH.STA.BRTC.ZS,99.200005,99.200005,99.100006,99.100006,99.100006,99.100006,99.100006,99.100006,99.100006,99.100006,99.200005,99.3,99.3,99.4,99.4,99.4,99.5,99.6,99.6,99.7,99.7,98.7,99.7,99.7,99.7,102.16498,101.94673,101.51653,101.08188,100.741806,100.71424
Russian Federation,Europe & Central Asia,Upper middle income,SL.IND.EMPL.ZS,29.935423,39.96,38.900005,38.15,35.99,34.08,32.550003,30.009998,29.13,29.0,29.24,30.18,30.170002,30.23,29.729998,29.26,28.910002,29.19,28.670002,27.5,27.76,27.45,27.81,27.79,27.6,27.280003,27.020002,26.97,26.81,26.79,24.675486
Rwanda,Sub-Saharan Africa,Low income,DT.TDS.DPPF.XP.ZS,10.737201,12.516467,14.55649,14.7612505,6.5094333,19.998085,19.24374,13.535873,15.405298,25.687016,24.673515,11.411492,14.173682,15.179674,12.906649,10.771646,6.661037,4.9526205,1.9941899,1.8871601,2.003097,1.9591225,1.916127,2.9891908,4.1434226,4.0580664,4.379739,3.893602,3.9546516,3.9092512,7.2951436
Rwanda,Sub-Saharan Africa,Low income,EG.ELC.ACCS.ZS,-0.91153395,-3.1149848,2.3,-1.1489301,-0.384119,-0.17752661,-0.48011556,1.027836,2.1741276,3.3155768,6.2,4.572316,5.932858,7.2881646,8.640585,4.8,11.346226,12.704502,6.0000005,15.44546,9.7,10.8,17.5,15.2,19.8,22.799997,29.37,34.099995,36.96815,40.368607,46.6
Rwanda,Sub-Saharan Africa,Low income,GFDD.AI.01,538.0299,2192.193,7930.7544,4796.9673,6341.249,7634.9326,8306.21,9360.811,8387.697,7289.545,7998.0127,4794.6465,4316.175,4035.975,7.596646,8.933153,10.729439,24.31303,192.62558,221.00758,272.1171,173.25891,212.99097,216.87183,169.7513,148.01761,191.87108,206.56985,266.29233,261.17642,285.49228
Rwanda,Sub-Saharan Africa,Low income,GFDD.DI.04,51.67271,45.86447,42.906902,38.96647,38.38055,48.80831,48.69854,54.40205,57.69154,56.80485,63.19726,64.871544,69.01753,71.17891,77.33371,80.20479,84.19303,87.105705,90.199326,87.376335,88.65165,92.94669,94.302986,95.26789,95.75275,96.59197,97.107765,97.50296,95.641464,96.397766,97.23375
Rwanda,Sub-Saharan Africa,Low income,GFDD.DI.05,14.87096,14.0024395,13.86146,13.581289,22.427559,18.589941,16.14489,15.828799,14.72461,16.2615,16.883429,17.13801,17.94153,16.61954,17.79121,17.57479,15.540089,17.0535,15.702819,14.33784,15.55662,17.334528,17.24325,17.98469,18.94754,20.81047,20.28319,19.70873,21.68008,22.28881,26.20288
Rwanda,Sub-Saharan Africa,Low income,GFDD.DI.06,8.78479,8.667581,10.75988,12.3213,19.89445,10.17748,8.34135,7.5846324,7.2089157,8.447638,6.5948224,6.102474,5.6801343,4.667721,3.731142,3.1396701,2.46036,2.0663621,1.567659,1.750631,1.770657,1.146115,1.029351,0.95226246,0.9258193,0.886989,0.7309434,0.6530336,1.2167519,1.047755,0.97146153
Rwanda,Sub-Saharan Africa,Low income,GFDD.DI.11,-8.121666,-4.5792556,-3.3102639,-2.1208003,-2.0469933,-2.8804028,-3.770266,-5.234056,-4.945892,-4.3701453,-3.6756132,-3.3947046,-4.0265822,-4.9957414,-6.257227,-5.8912234,-4.7364554,-3.7727516,-3.5253723,-3.5462584,-3.015381,-3.389159,-3.2255414,4.612342,4.837275,5.0292587,5.0649915,5.1962566,5.749217,5.8872786,6.5442233
Rwanda,Sub-Saharan Africa,Low income,GFDD.DM.11,11.133166,13.151419,19.814604,18.665205,20.164331,19.124136,18.422075,18.645313,18.457119,22.478045,25.47377,22.500263,21.790512,20.632315,21.039288,22.222979,18.557348,16.901747,17.344595,13.79439,0.063165806,0.0561841,0.0240996,0.0104541,0.017478399,0.015655799,13.896224,13.839717,0.0448617,0.1145366,0.1843106
Rwanda,Sub-Saharan Africa,Low income,GFDD.EI.08,3.725241,2.614875,2.56228,1.81882,2.95005,1.439071,1.219378,1.000648,1.1933321,1.1573739,0.98559755,0.95933926,1.920364,1.72395,1.891945,1.6589282,1.570154,2.138595,1.225101,1.1493369,2.489743,2.046067,1.498495,3.1419182,3.483035,4.405578,4.25434,5.072228,5.472686,6.721755,9.1218405
Rwanda,Sub-Saharan Africa,Low income,GFDD.OI.02,9.908415,9.807367,9.500747,9.224593,14.62533,13.20014,11.277261,11.99502,10.87397,12.45746,13.041861,13.52259,14.594741,13.45135,14.563041,14.2074,12.64743,14.11015,12.747881,11.90645,13.00011,14.89601,15.00982,15.713229,16.87862,18.47152,18.13945,17.60125,19.5,19.875051,23.63611
Rwanda,Sub-Saharan Africa,Low income,SH.STA.BRTC.ZS,38.038334,36.641933,25.8,36.45887,36.375496,36.5065,36.02761,34.418503,34.79262,34.846466,21.9,38.54779,40.199963,41.483257,44.010857,38.600002,46.92258,48.7249,52.1,51.39024,69.0,69.0,55.298462,56.803387,57.783543,90.7,58.791725,59.37036,60.42188,60.50049,60.885067
Rwanda,Sub-Saharan Africa,Low income,SL.IND.EMPL.ZS,9.458636,2.58,2.56,2.54,2.52,2.47,2.47,2.48,2.48,2.5,2.55,2.64,2.77,3.02,3.3,3.63,3.9899998,4.37,4.81,5.26,5.76,6.28,6.87,7.32,7.9100003,8.120001,8.24,8.32,8.47,8.630001,9.852871
Samoa,East Asia & Pacific,Lower middle income,DT.TDS.DPPF.XP.ZS,10.62164,10.749515,9.863176,8.720746,10.07365,6.5719657,5.764006,5.435741,4.640771,5.7438684,9.379961,8.836004,8.584083,8.4811535,5.500909,3.9497807,4.558778,3.7006757,4.1668983,4.695399,5.0327187,5.5537677,5.8208613,5.982687,7.808959,8.764537,8.952653,9.011211,9.928366,8.822813,18.68367
Samoa,East Asia & Pacific,Lower middle income,EG.ELC.ACCS.ZS,88.55823,78.8,81.64017,82.42459,80.0,83.98869,84.767,85.54191,86.312744,87.07873,87.85783,88.58465,89.30388,90.01788,90.729,91.43957,96.37173,92.86899,98.1,97.9,96.36105,96.66857,96.826935,97.416534,97.9,99.067085,99.62329,96.8,99.99448,99.2,100.0
Samoa,East Asia & Pacific,Lower middle income,GFDD.AI.01,2131.0627,1445.6324,1802.6223,2729.0837,3690.0488,4587.836,5106.8213,4432.1978,3109.2393,1139.6635,836.41455,-260.8207,-404.03162,-568.10187,403.19852,514.5426,567.84454,568.1481,675.7445,708.91644,713.7328,804.9315,868.5616,983.8443,948.6438,949.2144,951.5598,1020.10583,1113.7059,1164.1761,1344.9968
Samoa,East Asia & Pacific,Lower middle income,GFDD.DI.04,93.9049,97.264915,97.832214,98.061035,99.91503,99.93166,98.8539,98.82195,99.01048,99.22341,99.28952,99.262886,99.25308,99.30418,99.32366,99.76193,99.742096,99.504906,99.56738,99.5623,99.5806,99.59132,99.628586,99.23885,95.00994,95.676895,97.096794,99.5547,99.61392,99.677635,99.729965
Samoa,East Asia & Pacific,Lower middle income,GFDD.DI.05,42.98051,42.22579,38.66863,36.2254,25.105099,30.872938,29.27152,29.946299,29.039692,32.521587,35.26583,33.70776,34.64994,36.59839,35.916237,37.45407,39.62465,28.05912,29.867481,33.53325,36.49523,32.09637,32.82431,34.44296,35.877552,34.20383,35.59744,40.395138,44.08633,45.16102,50.068882
Samoa,East Asia & Pacific,Lower middle income,GFDD.DI.06,1.456325,0.6442629,0.5179929,0.494355,0.0124892,0.0125858,0.22294469,0.2393994,0.2251766,0.2205163,0.2189443,0.2366841,0.2391484,0.22544241,0.2162595,0.085895,0.1115559,0.18704541,0.1765101,0.19410539,0.1826588,0.18543309,0.1707866,0.34519088,2.445354,2.023277,1.448861,0.22196381,0.19711,0.16659239,0.1554942
Samoa,East Asia & Pacific,Lower middle income,GFDD.DI.11,-1.7381121,-0.77605873,1.7767812,2.7390852,2.321702,1.3371247,0.37160438,0.21406856,0.47734916,2.378691,5.7191205,6.091677,4.712869,3.4143136,-1.0568987,-0.17195095,0.5992381,0.8634014,0.7961512,0.83523154,0.17727992,-0.072637625,-0.10865551,-0.071552016,0.32747766,0.38415626,1.0092872,1.529792,1.945791,1.9418182,1.3437395
Samoa,East Asia & Pacific,Lower middle income,GFDD.DM.11,-3.714035,-3.9364877,-0.08867457,2.363555,2.1182115,0.82412827,-1.0800488,-1.485756,1.8419735,4.0732083,7.8235087,6.9769087,6.339405,5.72514,6.2785525,5.8966923,6.4697695,6.07415,5.213149,5.3843613,3.9457011,3.5286667,3.1513143,3.0865808,4.3870926,4.3007026,4.701624,5.1796937,4.9642687,4.8652825,5.323768
Samoa,East Asia & Pacific,Lower middle income,GFDD.EI.08,1.552225,1.407827,1.156542,0.8427625,1.752457,0.8584011,0.7661431,0.46397653,0.4245444,3.003719,2.478935,2.898285,0.637729,2.2326381,1.189427,2.026657,2.990417,3.941304,4.8632317,5.416398,5.402944,5.440698,4.5310793,4.004496,3.086423,3.0343251,1.699013,1.2944591,1.336556,0.51448894,1.005359
Samoa,East Asia & Pacific,Lower middle income,GFDD.OI.02,37.19653,34.78688,32.872627,31.395927,21.63488,26.98932,25.90971,25.61574,25.69305,28.725842,31.75421,30.423769,31.321287,33.21392,32.574516,33.701008,35.85838,32.11004,33.294846,38.71093,40.83054,36.86506,36.861668,38.73689,41.8046,40.27232,41.25375,47.6862,50.22976,50.55165,57.58814
Samoa,East Asia & Pacific,Lower middle income,SH.STA.BRTC.ZS,75.99999,88.84907,88.461845,87.91345,87.605896,87.59683,87.88073,88.46229,100.0,89.47727,80.0,91.500694,92.11839,92.47525,100.0,92.590614,92.99218,93.56932,94.517845,80.799995,95.38891,95.22485,95.22703,95.67695,82.5,96.61421,96.77696,96.51255,96.078415,95.96206,96.005806
Samoa,East Asia & Pacific,Lower middle income,SL.IND.EMPL.ZS,21.315727,17.77,17.97,18.14,17.89,18.190002,18.42,18.36,18.81,19.0,19.47,20.01,20.450003,21.09,21.780003,22.300001,22.85,23.210001,23.42,22.86,23.44,23.92,23.780003,23.83,24.01,24.63,24.690002,24.540003,24.61,24.89,19.673397
San Marino,Europe & Central Asia,High income,DT.TDS.DPPF.XP.ZS,10.925541,10.900686,10.325889,9.50483,8.928138,8.801901,8.989914,9.245461,9.365495,8.951502,8.367935,7.113624,7.0228024,6.768356,6.3341956,5.7830634,5.3461733,4.984956,4.741902,4.4830966,3.593491,3.4697344,4.246025,4.777565,4.815186,5.169332,5.2063136,5.120415,5.070303,5.632945,6.674283
San Marino,Europe & Central Asia,High income,EG.ELC.ACCS.ZS,100.0,100.0,100.0,100.0,100.0,100.0,100.0,100.0,100.0,100.0,100.0,100.0,100.0,100.0,100.0,100.0,100.0,100.0,100.0,100.0,100.0,100.0,100.0,100.0,100.0,100.0,100.0,100.0,100.0,100.0,100.0
San Marino,Europe & Central Asia,High income,GFDD.AI.01,-1004.53656,-959.40875,-979.28754,-360.91214,1014.6317,2226.5435,3517.9768,2611.0823,332.16293,-1925.5973,-3056.675,-3799.8447,-3845.8875,-3764.3638,-4295.259,-4833.6465,-4838.5024,-4408.496,-3681.1558,-3165.8562,377.76672,383.68594,-3801.5037,-3557.2197,399.66348,391.08804,397.5851,402.59027,402.09143,403.2058,382.14664
San Marino,Europe & Central Asia,High income,GFDD.DI.04,93.223366,92.971275,93.277916,93.784966,94.10596,94.40256,94.39571,94.936,94.75873,94.62005,94.49027,97.85625,97.92249,98.13248,98.597496,98.809525,99.34743,98.97017,99.21447,99.207184,99.25007,99.30721,97.77914,96.43294,96.80806,96.75978,96.9407,95.25732,93.50526,94.290344,95.64544
San Marino,Europe & Central Asia,High income,GFDD.DI.05,64.63631,64.15133,65.54129,67.11003,67.682755,66.412926,65.63537,66.974754,68.51196,69.671486,69.303,89.22595,165.9279,150.0348,156.3058,152.1643,137.1521,123.927795,113.236,118.0979,110.444405,99.76855,105.097404,109.575005,117.590706,111.776505,110.56341,106.538605,104.12851,107.1196,122.630806
San Marino,Europe & Central Asia,High income,GFDD.DI.06,6.0405607,7.2476344,7.5324497,7.28411,6.7666864,6.3235507,6.274366,6.502469,6.6052527,6.4119577,6.2488203,1.295933,1.3706369,1.2337509,1.224177,1.075562,0.83422965,1.180148,0.9831558,1.042758,0.9539044,0.88184094,2.899672,4.773095,4.476777,4.395978,3.826891,5.9611773,7.565427,6.4755745,6.4819636
San Marino,Europe & Central Asia,High income,GFDD.DI.11,20.642994,23.89324,25.943865,26.715717,26.440601,25.335804,24.094805,23.970428,24.667667,26.186966,27.28779,23.807026,23.942444,22.317791,22.308353,23.10586,23.992044,24.96466,25.525293,25.504328,23.90364,23.219824,23.396536,23.285955,22.961607,23.35692,24.240858,25.398148,26.531008,27.284708,26.727404
San Marino,Europe & Central Asia,High income,GFDD.DM.11,5.752185,8.987357,12.14994,13.882654,13.382889,10.888738,8.0520115,7.371883,10.457322,15.759208,20.512527,19.455708,20.361061,19.69251,20.081852,21.6579,23.08336,23.914625,24.493587,24.167168,19.471146,17.621141,19.427217,19.794643,18.647131,19.932589,20.724958,20.862347,20.102417,20.151041,21.342064
San Marino,Europe & Central Asia,High income,GFDD.EI.08,8.84342,9.780261,10.278136,10.351532,9.925486,9.439737,9.150286,9.150006,9.272474,9.354472,9.3415365,10.045634,10.532168,10.402161,10.493901,10.4867325,10.309163,10.196977,10.187438,10.477739,10.7007885,11.022774,11.356821,11.313371,11.139412,11.146537,11.373374,11.76307,12.201028,12.611961,12.777804
San Marino,Europe & Central Asia,High income,GFDD.OI.02,57.91414,58.872154,59.841793,60.119587,59.828426,59.582474,60.17998,60.806183,62.077255,63.43978,64.41123,86.948616,162.6472,146.2438,152.2239,147.7575,132.9018,117.16311,110.490395,114.55509,104.379395,96.13476,101.2741,104.9245,113.9441,110.2838,109.094,104.1676,101.8186,104.820595,120.0022
San Marino,Europe & Central Asia,High income,SH.STA.BRTC.ZS,97.64746,98.80593,99.48509,99.80433,99.63574,99.31859,99.012726,98.9223,99.19863,99.43412,99.77549,99.684586,99.90839,99.76602,99.58385,99.23546,99.09913,99.3781,99.7188,99.85538,99.9291,99.63369,99.095474,98.95126,99.56135,99.71737,99.66631,99.352425,98.9915,98.75625,98.661285
San Marino,Europe & Central Asia,High income,SL.IND.EMPL.ZS,26.27204,26.621809,26.559086,26.12109,25.391394,24.767118,24.46548,24.45387,24.331242,23.976332,23.512135,23.191778,22.991312,22.902422,22.833714,22.669441,22.493664,22.282291,22.102987,21.937609,21.742138,21.64531,21.764492,21.570982,21.194542,21.007893,21.111668,21.369892,21.546295,21.371086,20.932758
Saudi Arabia,Middle East & North Africa,High income,DT.TDS.DPPF.XP.ZS,11.129466,10.651842,10.391479,9.976534,9.533275,9.251652,9.155936,9.339998,9.211418,8.915508,8.4355755,8.250501,8.245464,8.074396,7.2276907,6.7420187,6.339118,5.96727,5.818212,5.6088166,5.510637,5.6380043,5.5946145,5.6247234,6.3583136,6.7198076,6.729191,6.267953,6.6395965,7.562671,9.185315
Saudi Arabia,Middle East & North Africa,High income,EG.ELC.ACCS.ZS,100.0,100.0,100.0,100.0,100.0,100.0,100.0,100.0,100.0,100.0,100.0,100.0,100.0,100.0,100.0,100.0,100.0,100.0,100.0,100.0,100.0,100.0,100.0,100.0,100.0,100.0,99.90001,99.93001,100.0,100.0,100.0
Saudi Arabia,Middle East & North Africa,High income,GFDD.AI.01,937.7552,346.63098,444.48065,1182.2853,2098.5085,2829.962,3248.473,2617.0842,966.6988,-512.94495,-876.9434,-1645.9445,-1639.1067,-1624.8878,69665.305,82359.26,98451.164,106486.14,122252.53,134632.67,133325.55,137190.72,137123.1,148394.22,166031.75,191738.53,206418.4,218936.89,223994.6,238656.64,254461.62
Saudi Arabia,Middle East & North Africa,High income,GFDD.DI.04,88.61444,89.37995,89.50389,89.46359,89.84568,89.760025,90.27648,91.508064,91.74336,91.76006,91.13848,92.20967,92.24545,92.570305,91.91867,92.104645,92.59649,94.27161,94.22914,93.68395,93.628456,94.06306,94.13955,93.79934,93.80929,93.11169,92.54708,92.116455,91.92592,92.546814,91.60441
Saudi Arabia,Middle East & North Africa,High income,GFDD.DI.05,42.6005,43.414448,42.73442,45.548,46.14207,44.97321,43.57945,43.83319,51.29467,49.73694,44.33705,47.95316,53.64811,51.13739,50.01013,44.64612,46.87479,50.99305,48.103672,64.5707,55.16817,49.1691,52.23903,55.79282,61.589184,73.26687,74.73404,70.10224,48.013992,50.07441,53.305004
Saudi Arabia,Middle East & North Africa,High income,GFDD.DI.06,7.6099753,8.251005,8.241046,7.8746305,7.560906,7.908047,8.0764,7.8968034,7.851745,7.7376356,7.7144666,7.536216,7.744758,7.7846327,7.5354424,7.032787,6.423913,6.32732,6.545725,6.386082,6.5545573,6.706259,6.7727895,6.8774076,7.031825,7.386031,7.6360908,7.5864377,8.000282,7.9027066,7.917505
Saudi Arabia,Middle East & North Africa,High income,GFDD.DI.11,-1.91778,1.9411446,4.63675,5.976316,5.6466255,3.7672877,2.331837,2.4362519,3.2038672,4.6148257,4.773032,5.4303,4.399682,3.0890043,-0.22962102,0.11515461,0.8103079,2.8726106,2.653913,1.5190151,1.4704357,1.251254,1.2584866,1.5063376,1.6680076,2.2061448,2.3775942,2.2888331,1.985107,2.1497436,2.5764241
Saudi Arabia,Middle East & North Africa,High income,GFDD.DM.11,-2.6813395,-1.3798707,3.3851087,6.231218,5.7823486,4.9789395,2.2176876,0.1930581,3.3766038,7.0974693,9.825084,10.070423,9.598039,9.010198,8.355053,9.136528,9.888571,12.57862,9.310521,14.61884,12.79643,11.42564,10.238669,10.610141,11.6301,14.34301,13.917789,9.210861,9.312256,9.515157,9.114983
Saudi Arabia,Middle East & North Africa,High income,GFDD.EI.08,3.025637,6.402954,12.191529,13.266549,15.202539,14.29432,13.795099,16.74402,20.52392,19.229149,17.548239,19.49991,19.04164,21.81776,18.11778,12.95759,11.2092495,11.650629,12.414369,11.330679,10.82063,8.32825,7.861164,9.65809,11.417939,10.637409,10.84511,12.07113,7.6294346,7.7540746,7.786027
Saudi Arabia,Middle East & North Africa,High income,GFDD.OI.02,12.977261,15.22363,15.52145,15.84196,15.94712,15.185921,15.15959,15.360101,17.33049,16.77927,16.138182,18.891682,21.1307,20.73179,21.00489,17.89806,17.259699,20.00981,17.59732,26.93895,26.77703,25.485489,27.332449,30.63141,34.89481,39.81891,40.35257,38.74525,37.962696,39.925964,43.323215
Saudi Arabia,Middle East & North Africa,High income,SH.STA.BRTC.ZS,88.0,98.54334,98.84765,98.6111,98.59974,91.399994,91.399994,98.99913,99.07055,99.31411,91.0,100.056526,100.13036,100.14222,96.0,96.0,96.0,97.0,97.0,97.0,97.0,99.569534,99.757904,97.99999,100.02132,100.05656,99.9543,99.7,99.4,98.37026,98.52956
Saudi Arabia,Middle East & North Africa,High income,SL.IND.EMPL.ZS,25.366405,25.57,25.930002,25.47,24.89,24.07,23.26,22.300001,21.62,20.97,19.86,21.02,20.95,20.92,20.79,20.49,20.24,20.84,19.77,20.430002,21.29,22.280003,22.98,23.76,23.03,22.73,24.49,24.73,24.79,24.800001,21.981768
Senegal,Sub-Saharan Africa,Lower middle income,DT.TDS.DPPF.XP.ZS,18.280947,20.052826,12.542279,8.694908,16.328295,16.465227,19.394688,17.49983,19.81212,14.248696,14.741821,12.597271,12.714749,11.505878,13.4645195,6.3625855,6.1847844,3.502468,3.2588027,4.21238,4.3677835,6.1678624,5.5436463,5.7387447,6.5604777,6.343814,7.400519,10.571565,12.073697,7.2519054,8.272655
Senegal,Sub-Saharan Africa,Lower middle income,EG.ELC.ACCS.ZS,32.09163,29.604649,29.596539,25.999998,27.190487,28.857191,30.521177,32.2,33.83827,36.199997,37.74,38.757618,36.8,41.964134,36.8,47.1,49.9,48.36181,49.972652,53.499996,56.500004,56.500004,56.500004,57.0,61.0,60.499996,64.5,61.7,66.0,70.4,70.36894
Senegal,Sub-Saharan Africa,Lower middle income,GFDD.AI.01,-350.84238,427.6239,1173.335,5065.172,4377.319,5471.311,6128.31,6544.1455,4582.58,4115.394,2763.886,527.6106,811.1779,-389.24405,84.131996,79.68901,87.08709,92.50354,107.948814,95.42186,104.28641,135.4533,134.9063,153.23639,168.35704,165.31044,188.11809,192.99704,201.33788,223.99153,225.50107
Senegal,Sub-Saharan Africa,Lower middle income,GFDD.DI.04,72.19933,72.157776,72.909676,74.0922,60.559757,60.586613,69.80204,64.68423,65.37388,68.02387,73.55128,72.40303,72.31692,77.23887,80.823715,85.42999,92.003006,93.50343,93.448616,88.57674,88.8855,90.452995,92.050804,93.351204,94.58133,95.870026,97.4855,98.54406,99.36458,99.84097,95.81676
Senegal,Sub-Saharan Africa,Lower middle income,GFDD.DI.05,17.65899,18.156101,18.71787,16.129839,16.696999,15.877179,16.6881,16.47359,16.41995,17.57132,18.482769,18.98251,19.963829,25.09833,27.15864,26.91055,28.61376,29.412819,26.689,29.42568,31.84651,32.308792,32.12257,33.46251,35.628498,37.54851,37.34264,37.75349,40.92492,41.647408,45.04223
Senegal,Sub-Saharan Africa,Lower middle income,GFDD.DI.06,8.146895,8.084202,7.954996,7.591531,9.500087,8.59362,6.846302,8.328989,7.721662,6.877155,6.0085087,6.314238,6.0083447,5.155537,4.3067417,3.546071,1.90218,1.603947,1.6033051,3.116391,3.175784,2.9587898,2.533813,2.206263,1.861237,1.426725,0.9641232,0.5766647,0.25334668,0.065857,1.9118371
Senegal,Sub-Saharan Africa,Lower middle income,GFDD.DI.11,-7.5113773,-4.179697,-2.3877609,-2.9303908,-3.5090194,-4.0899196,-4.661312,-4.8034053,-4.307834,-2.9240038,-2.4312263,-1.9178183,1.8772656,1.8422353,1.8644632,1.8136845,1.7743152,1.6508609,1.743357,2.007386,2.0807214,2.070791,3.0375707,3.1115837,3.017272,2.920737,3.1564927,3.3670502,3.3190162,-2.5005949,-3.1680708
Senegal,Sub-Saharan Africa,Lower middle income,GFDD.DM.11,-0.9604956,1.1724691,4.5893807,10.434696,8.929842,8.177917,6.574054,8.008886,5.2677784,1.221047,1.276857,1.243447,1.7482549,2.227045,3.057752,2.226522,2.6485312,2.435935,1.64922,2.3422992,2.9661362,2.0639348,1.9621199,2.335249,3.461932,4.3376718,6.934763,7.391662,7.7187724,5.199928,5.401717
Senegal,Sub-Saharan Africa,Lower middle income,GFDD.EI.08,0.7861317,1.6323941,1.13548,1.40707,2.122972,1.9952081,3.657367,3.175594,3.2590632,2.7591798,2.22021,2.671946,1.4710971,1.9179281,1.932212,2.175713,3.1986291,3.4546402,3.0481262,3.8189,4.481312,4.4719357,4.772065,4.737117,5.882043,7.1045,9.62501,9.408301,10.051519,11.603189,14.328739
Senegal,Sub-Saharan Africa,Lower middle income,GFDD.OI.02,12.50599,13.22441,13.332251,11.513241,11.33092,10.91781,12.36472,12.30778,12.172871,13.03984,14.35381,14.24837,15.892601,18.26589,20.43123,20.08323,20.91139,21.845541,20.17979,22.704832,24.71463,25.17761,25.51473,26.72422,28.522131,29.631638,29.107979,29.285168,31.649519,32.103996,34.252117
Senegal,Sub-Saharan Africa,Lower middle income,SH.STA.BRTC.ZS,59.078148,58.099483,57.62159,47.2,56.723965,56.798595,56.85941,46.6,57.871597,48.3,57.8,61.374012,58.0,64.69035,58.0,51.9,68.9011,70.08993,71.27912,72.42409,73.46622,65.1,75.036545,50.5,59.1,53.2,58.6,68.399994,74.2,74.5,79.87985
Senegal,Sub-Saharan Africa,Lower middle income,SL.IND.EMPL.ZS,14.126337,13.11,13.020001,12.94,12.890001,12.770001,12.67,12.58,12.500001,12.43,12.33,12.380001,12.45,12.46,12.55,12.58,12.620001,12.67,12.7,12.72,12.750001,12.82,12.84,12.890001,12.95,12.990001,13.010001,13.030001,13.07,13.120001,15.4074545
Serbia,Europe & Central Asia,Upper middle income,DT.TDS.DPPF.XP.ZS,11.341458,10.208262,9.985255,9.584275,9.212144,9.308956,9.367202,8.756506,8.654734,8.56923,8.124559,7.8288755,7.0373864,6.8660374,6.529369,6.126351,5.7763443,5.0781317,3.5827627,4.315057,5.276766,5.1111407,8.62092,13.707999,11.521458,8.706312,8.202152,12.318616,11.895945,12.176587,10.331043
Serbia,Europe & Central Asia,Upper middle income,EG.ELC.ACCS.ZS,100.0,100.0,100.0,100.0,100.0,100.0,100.0,100.0,100.0,100.0,100.0,100.0,100.0,100.0,100.0,99.69073,100.0,100.0,100.0,100.0,99.7184,100.0,100.0,99.92,99.6608,99.90001,100.0,100.0,100.0,99.8,100.0
Serbia,Europe & Central Asia,Upper middle income,GFDD.AI.01,1064.2836,369.89154,419.70468,1195.2495,2438.6753,3839.0686,4379.4976,3201.5857,1510.7057,138.6191,-182.79865,-657.342,-1540.3895,-1730.2323,-1994.3538,-2190.0818,-2318.0117,-2268.2712,-2263.309,-2152.823,-2371.1707,-2723.5938,-2867.4941,-2592.4785,-2297.6836,-2304.9478,-2499.0117,-2776.4746,-2922.3848,-2877.4888,-2750.805
Serbia,Europe & Central Asia,Upper middle income,GFDD.DI.04,91.94707,92.4633,92.159164,92.025215,91.91621,91.20377,91.35482,95.85452,93.11398,92.61909,96.735054,91.39213,88.541756,91.67509,93.955185,96.87356,97.17265,98.52424,98.85652,99.02144,99.739876,99.80655,99.82471,99.84754,99.848595,99.85997,99.80112,99.803024,99.786934,99.94231,96.59109
Serbia,Europe & Central Asia,Upper middle income,GFDD.DI.05,37.492542,36.56123,36.920654,37.607132,38.306767,34.76468,34.482483,9.829586,10.16605,11.03091,14.97701,14.446779,17.358688,18.90288,21.15561,24.846039,29.09034,35.818188,34.12596,39.49917,41.86268,41.53732,43.09119,41.65971,44.836376,46.33976,48.51939,47.79622,51.36775,51.03222,60.607353
Serbia,Europe & Central Asia,Upper middle income,GFDD.DI.06,7.2859607,8.4262905,8.536757,8.082158,7.5866256,7.717692,7.6204896,0.92354107,1.768121,2.569206,1.862916,2.841665,2.076349,1.6869681,1.4989251,0.9302813,0.8162611,0.495209,0.443021,0.4509197,0.1452787,0.1041008,0.101397395,0.0798433,0.0858949,0.0809683,0.1160221,0.1105126,0.121005096,0.0331226,2.2097862
Serbia,Europe & Central Asia,Upper middle income,GFDD.DI.11,2.7911732,5.8742476,8.05663,8.943447,8.639297,6.252719,4.980627,0.8164243,1.6407839,3.0914633,3.435139,3.2869456,3.0111816,2.83473,2.0180779,2.5123816,2.5721738,2.7977066,2.9156475,3.250183,3.6024325,3.4798098,3.6876075,3.5863338,4.035526,4.444938,4.761282,4.894252,5.499778,5.5276318,5.710426
Serbia,Europe & Central Asia,Upper middle income,GFDD.DM.11,-6.207498,-2.9953473,1.122564,3.8774571,3.7839572,4.1380553,1.3402433,1.413697,3.9380963,7.059043,10.191129,9.650736,8.252814,8.310324,8.804889,10.001137,10.652141,9.337281,0.0243565,0.0267785,0.1632441,0.0196313,0.100288294,0.0928818,0.27085918,0.4713951,0.65213275,0.4212069,0.3333227,0.29622048,0.49482143
Serbia,Europe & Central Asia,Upper middle income,GFDD.EI.08,5.336337,5.675667,6.1513133,6.180826,5.7252173,5.422645,5.1324997,0.62974644,1.021114,6.069413,11.747129,0.46204183,0.81447005,1.837994,2.5429091,2.435158,1.849856,1.3164481,1.512032,5.559183,8.6228075,8.910793,11.241389,11.36424,15.87609,17.12644,17.35627,15.73177,15.286,15.40453,17.153
Serbia,Europe & Central Asia,Upper middle income,GFDD.OI.02,29.150137,27.486677,28.914293,30.059095,30.15931,28.992342,29.122488,6.72301,7.5781727,8.064537,12.45974,11.533401,13.39347,15.428341,17.800251,21.5544,25.47306,32.344357,30.518559,35.9399,38.61277,37.946938,39.72554,37.92784,40.60579,41.68076,44.06151,43.31158,46.8532,47.547417,55.03342
Serbia,Europe & Central Asia,Upper middle income,SH.STA.BRTC.ZS,98.89716,99.71782,99.78821,99.408195,99.021454,98.7,98.799995,97.96363,97.92435,98.12987,97.99999,98.200005,99.200005,98.5,98.7,99.7,88.9,99.8,99.7,99.8,99.7,99.00001,99.00001,99.9,98.4,100.86161,100.764725,100.44419,100.133934,99.914024,99.92179
Serbia,Europe & Central Asia,Upper middle income,SL.IND.EMPL.ZS,27.891592,27.86,27.2,26.49,26.37,26.94,27.0,27.01,26.94,26.08,26.48,26.63,26.800001,26.910002,26.95,27.58,29.300001,29.46,26.22,25.33,25.6,26.800001,26.46,25.86,24.66,24.46,24.430002,25.300001,26.9,27.430002,23.625725
Seychelles,Sub-Saharan Africa,High income,DT.TDS.DPPF.XP.ZS,11.436495,12.074045,12.080294,11.799252,10.600752,10.282262,10.269285,10.1702585,9.8612385,9.793263,9.425049,9.129358,8.838097,8.457182,7.731147,7.179644,6.637684,6.125795,5.631145,5.377759,5.29791,5.330413,5.4999747,5.861619,6.4021344,6.6775517,6.686096,6.5555763,6.5772443,6.9824615,7.723267
Seychelles,Sub-Saharan Africa,High income,EG.ELC.ACCS.ZS,97.12046,97.01113,96.8633,96.336815,90.0,92.17365,92.55249,92.0,93.29929,93.66581,94.08934,94.401764,96.1,95.006195,95.30291,95.59909,99.0,96.199715,96.50952,96.82926,97.0,98.147964,98.391365,98.0,100.0,100.0,100.0,100.0,100.0,100.0,100.0
Seychelles,Sub-Saharan Africa,High income,GFDD.AI.01,2763.8892,3112.8071,2887.084,3760.5972,3962.6243,5063.328,5850.6187,5054.2686,3185.8953,1175.6095,437.45212,-335.28055,-333.47623,-373.3359,277.04288,497.05655,524.6303,573.0645,598.35864,672.9824,702.26,737.0901,1028.2037,1704.0791,1675.4889,1742.1976,1765.0625,1824.1752,1848.5897,2424.755,3392.4275
Seychelles,Sub-Saharan Africa,High income,GFDD.DI.04,88.27065,89.20786,79.57871,79.4334,69.13206,64.699684,63.05982,62.523903,82.016754,82.75903,82.98197,82.89916,75.35349,81.100586,73.80394,74.67652,78.6195,78.84762,82.49793,81.25329,81.3789,80.95337,82.91011,84.60164,86.51973,87.57244,88.77907,89.68568,89.739365,91.02574,92.62653
Seychelles,Sub-Saharan Africa,High income,GFDD.DI.05,39.8424,44.217167,45.15984,50.52931,59.947132,69.681404,77.09699,79.15825,81.03783,92.59869,91.79762,99.6265,104.84131,110.777405,104.2507,96.76917,89.83811,66.96642,64.8982,55.501,62.153793,60.240196,51.11797,58.321857,69.078,66.371574,71.87215,76.17108,79.454704,87.67939,125.6689
Seychelles,Sub-Saharan Africa,High income,GFDD.DI.06,5.358414,5.60101,10.86898,12.29642,21.52094,27.409092,31.61847,32.749187,17.964281,19.23442,19.89197,21.303621,33.90147,26.62506,30.420929,26.611519,19.80499,16.44504,12.44887,8.653888,10.12433,9.398467,8.162083,7.399643,6.922442,6.4615746,6.240733,5.681527,5.501638,5.3399997,5.919049
Seychelles,Sub-Saharan Africa,High income,GFDD.DI.11,25.70308,29.397371,32.05426,33.285164,32.89151,30.537935,29.752552,29.257122,30.102224,31.324228,31.353125,33.210407,32.60431,30.93172,29.63846,28.504042,29.04873,29.596682,30.194113,29.608494,28.817926,27.99211,28.88405,29.991718,30.219795,30.569489,31.315264,32.271427,32.918484,33.13801,33.218815
Seychelles,Sub-Saharan Africa,High income,GFDD.DM.11,14.780745,15.927017,18.502712,21.062681,21.132452,22.082916,17.976595,17.72151,20.587818,20.05273,23.830532,23.849789,23.638012,22.473051,23.124125,23.929707,23.717867,22.80303,21.930893,20.646406,19.519245,18.05787,22.14957,12.5235,10.97186,6.8178163,2.762147,2.4359388,0.2513289,0.3115872,4.800646
Seychelles,Sub-Saharan Africa,High income,GFDD.EI.08,33.05882,38.38695,34.84603,39.982082,38.93226,38.86699,41.387573,40.948864,67.55706,12.864636,12.953781,13.037451,13.098498,13.118017,60.469845,53.68513,50.05745,36.502,28.69294,17.43289,19.799149,16.66461,18.14757,19.349798,19.27066,20.2124,22.387808,20.53541,16.39477,16.34844,24.151508
Seychelles,Sub-Saharan Africa,High income,GFDD.OI.02,34.56533,38.540398,39.75687,45.08958,54.25376,63.584713,70.513275,72.342415,74.5666,85.12605,84.24956,88.44646,94.262955,100.071,85.072754,80.46818,75.99327,59.750477,60.139957,51.163136,57.19847,55.29537,46.76862,53.59742,63.974777,61.28966,66.4664,70.818474,74.02756,82.143936,118.3747
Seychelles,Sub-Saharan Africa,High income,SH.STA.BRTC.ZS,97.99999,95.536415,96.04179,95.85086,95.34605,99.00001,95.08885,95.30526,95.951836,96.276825,99.00001,97.47807,97.83534,98.133484,98.09233,99.00001,99.00001,100.0,100.0,99.00001,99.00001,99.00001,99.00001,99.671715,99.83455,100.012924,100.03149,99.833916,99.549225,99.37967,99.44067
Seychelles,Sub-Saharan Africa,High income,SL.IND.EMPL.ZS,23.827763,23.800606,23.39972,22.887583,22.517296,22.248169,22.32918,22.400974,22.857134,21.867912,21.513992,21.068998,20.906565,20.931108,21.368141,21.4016,21.362782,21.126867,20.840172,20.567451,20.575552,20.461834,20.091314,19.865358,19.724415,19.655218,19.876331,20.150597,20.267372,20.144684,19.858171
Sierra Leone,Sub-Saharan Africa,Low income,DT.TDS.DPPF.XP.ZS,10.117499,6.8346634,16.975458,17.48083,73.033,63.187088,58.40303,30.70712,43.897526,86.30249,75.65657,112.30264,13.051041,10.224704,10.042371,6.7207837,7.8360963,2.816758,1.6491897,2.0405433,2.6816745,3.3521764,1.6509451,1.3713399,2.306702,6.503143,4.5169735,7.077036,7.308009,8.087786,11.843562
Sierra Leone,Sub-Saharan Africa,Low income,EG.ELC.ACCS.ZS,-6.152454,-8.108724,-7.825226,-6.36815,-6.7274003,-6.156558,-6.169747,-6.3006096,-5.6924195,-4.816968,7.788143,8.550771,9.305815,10.055623,16.8,11.332485,12.297188,13.049968,12.1,14.579927,11.462173,14.2,16.97651,13.499999,18.66603,19.534536,20.299997,23.4,26.1,22.699999,26.200884
Sierra Leone,Sub-Saharan Africa,Low income,GFDD.AI.01,4397.792,6456.98,7718.819,9225.404,12105.778,13090.454,13695.511,13510.082,12358.947,11045.363,14793.159,9862.81,9168.945,9888.121,9223.977,10814.008,56.124367,58.40514,84.10724,100.296234,167.94182,137.03853,156.76604,4965.4053,3402.5024,3543.9263,3453.5195,4848.877,3591.2732,4540.3276,2425.92
Sierra Leone,Sub-Saharan Africa,Low income,GFDD.DI.04,12.41129,21.82686,30.313068,47.96321,5.42843,6.842413,8.597469,6.907871,12.495399,15.51134,13.546471,17.06287,21.53925,23.984001,31.445621,37.878872,40.8712,73.66057,82.60672,75.203995,70.21556,80.74195,92.14915,80.91025,74.38074,73.99287,66.31054,63.51291,63.50837,68.2808,67.87735
Sierra Leone,Sub-Saharan Africa,Low income,GFDD.DI.05,18.11019,13.62957,12.3187895,11.6902,10.37288,10.09474,9.925911,15.17492,13.402009,16.076698,16.357439,13.429679,14.32407,14.11188,14.095009,15.18432,15.75183,16.74088,17.68701,20.281288,21.80789,21.25196,20.27629,17.520569,20.39776,23.963839,25.090769,23.62231,22.947481,22.885868,28.40626
Sierra Leone,Sub-Saharan Africa,Low income,GFDD.DI.06,32.550407,15.355061,8.869769,5.8340406,86.54462,62.23447,48.07014,56.76648,45.37383,43.52782,47.690037,30.119629,25.13748,21.126348,16.05574,12.519731,11.03977,2.79261,2.319149,3.967125,5.505004,2.9729621,1.0259401,2.691168,4.489118,5.361541,7.723773,8.928281,9.175487,7.930631,9.290014
Sierra Leone,Sub-Saharan Africa,Low income,GFDD.DI.11,-9.702557,-6.544907,-5.0324206,-4.7241006,-3.8716383,-4.769686,-5.6878943,-6.002986,-6.0129766,-5.108064,-5.7026677,-4.580334,-5.1142535,-7.0098147,-7.684901,-7.6421595,-6.797666,-6.043082,-5.795464,-5.6156325,-5.045306,-5.158213,-5.2575083,-4.555947,-4.115028,-4.159797,-3.9824955,-4.5094457,-4.612899,-4.3942103,-2.7831578
Sierra Leone,Sub-Saharan Africa,Low income,GFDD.DM.11,21.955173,23.95377,26.97236,29.010218,32.085342,31.291687,30.807371,32.30333,31.67363,34.050842,38.43718,0.0222658,0.0703853,33.94912,31.889267,33.063694,31.159285,28.577427,29.21273,24.764448,1.055727,1.3563191,0.6198572,0.54091865,0.2800318,0.7849686,0.86544967,0.9767304,19.65642,19.659353,19.294846
Sierra Leone,Sub-Saharan Africa,Low income,GFDD.EI.08,1.0071,0.5558641,0.5741264,1.353065,1.28106,1.332113,1.462106,0.8742058,2.6869738,4.10105,3.72805,4.673376,4.978186,3.8557432,3.955959,4.403408,4.292051,4.306584,5.7220387,5.1649547,5.2556458,4.8866153,5.5480123,6.691547,8.189969,10.038,9.764407,10.60648,10.43991,10.86378,14.922899
Sierra Leone,Sub-Saharan Africa,Low income,GFDD.OI.02,9.539112,6.79103,6.905836,6.579013,5.92014,5.4657936,5.496706,7.4440045,7.30222,8.817207,9.104687,7.6421394,8.196959,7.8730483,8.473548,9.904054,10.42659,11.49651,12.7317,14.864479,15.995531,15.90266,15.358211,13.839311,16.00868,18.53644,19.89653,18.07655,17.61351,17.40051,21.589811
Sierra Leone,Sub-Saharan Africa,Low income,SH.STA.BRTC.ZS,28.36048,27.526436,27.111124,27.694128,25.458591,25.535194,25.188631,24.423264,24.937893,25.66026,37.100002,27.903189,29.798504,31.023075,32.56374,40.0,36.75533,39.51753,42.4,42.846134,60.8,46.147102,47.499737,59.699997,48.093895,48.815567,49.55074,81.6,51.165565,86.899994,50.885227
Sierra Leone,Sub-Saharan Africa,Low income,SL.IND.EMPL.ZS,8.089469,6.38,6.26,6.23,6.17,6.07,6.05,5.96,5.95,5.91,6.0,5.9,6.2,6.37,6.51,6.22,5.98,5.83,5.69,5.58,5.55,5.58,5.69,5.86,6.07,6.2,6.39,6.55,6.67,6.76,8.902601
Singapore,East Asia & Pacific,High income,DT.TDS.DPPF.XP.ZS,11.276785,10.359691,10.1908,9.609606,9.223578,9.075646,8.6933,8.637553,8.636953,8.453065,7.1470394,6.894553,6.8410754,6.832759,6.30377,5.9386716,5.660632,5.440537,5.2403355,5.1638556,5.1015253,5.0688252,5.1704364,5.4728928,5.829606,6.0108743,6.0352354,5.928227,5.893584,6.5732474,7.6906357
Singapore,East Asia & Pacific,High income,EG.ELC.ACCS.ZS,100.0,100.0,100.0,100.0,100.0,100.0,100.0,100.0,100.0,100.0,100.0,100.0,100.0,100.0,100.0,100.0,100.0,100.0,100.0,100.0,100.0,100.0,100.0,100.0,100.0,100.0,100.0,100.0,100.0,100.0,100.0
Singapore,East Asia & Pacific,High income,GFDD.AI.01,7.78463,229.75696,1.0015022,420.27344,1183.9818,2005.4004,2369.6047,1772.7766,230.68878,-954.43317,-1827.3557,-2020.4115,-1966.5592,-1934.3436,1980.3717,1973.6654,1984.6626,1999.2399,2003.2007,1997.0432,2040.6003,2079.4634,2105.9102,2144.1084,2176.4075,2185.441,2200.8477,2226.8647,2268.14,2316.978,2404.874
Singapore,East Asia & Pacific,High income,GFDD.DI.04,94.30048,94.993164,94.82109,95.00512,95.42773,95.98074,96.38096,96.857704,97.15641,97.11274,97.349174,97.303406,97.32941,97.22216,97.04543,97.086105,97.42267,97.82689,97.99204,97.96218,98.14145,98.53822,98.65791,98.799034,98.8818,98.7612,98.671875,98.70033,98.67838,98.64741,98.567116
Singapore,East Asia & Pacific,High income,GFDD.DI.05,87.732994,88.540276,89.17549,83.87194,83.49696,81.92637,82.45211,83.03558,112.06411,119.296005,103.1793,112.4455,108.8173,114.5252,106.4521,103.3259,111.09891,109.11671,121.708206,131.4503,123.2788,126.180504,128.9125,128.85101,128.4456,122.8592,127.639404,122.347305,118.846695,123.8486,152.62991
Singapore,East Asia & Pacific,High income,GFDD.DI.06,6.505324,7.258723,7.5613847,7.353337,7.0390434,6.774873,7.095713,7.3223276,7.421557,7.2779937,3.169677,3.8853598,3.505112,3.758979,3.620013,3.295177,2.7982001,2.384212,2.504216,2.613928,2.287816,1.9391919,1.8998511,1.8182759,1.754665,1.869267,2.016522,1.937441,1.945599,2.072863,2.456405
Singapore,East Asia & Pacific,High income,GFDD.DI.11,11.860445,28.640667,31.34343,32.529057,32.150974,30.113583,27.290699,27.013124,28.079288,29.788635,27.416012,37.10506,40.307644,45.501617,44.51554,44.341515,44.48727,43.586742,38.142403,43.763245,41.601307,40.70369,42.520374,41.984116,40.27391,40.034515,41.596333,45.051666,43.54998,50.316776,63.72669
Singapore,East Asia & Pacific,High income,GFDD.DM.11,17.695332,19.743408,23.102264,24.329668,23.198822,21.066345,20.753765,20.241879,23.463905,26.682852,21.818192,87.61021,105.7803,136.3096,131.12239,120.8598,134.3749,138.20511,98.068855,132.19829,122.129,108.6945,127.381004,144.3768,150.8726,155.376,159.89,177.99951,163.9639,188.3083,218.61351
Singapore,East Asia & Pacific,High income,GFDD.EI.08,11.23952,12.43271,13.64457,13.028589,12.054509,12.65755,12.91675,12.701759,18.4541,21.16135,20.357729,25.18063,25.722078,26.77907,23.17405,20.566648,21.484701,21.97819,24.346788,28.79624,25.95051,26.01661,26.68733,25.51873,27.034359,26.6028,25.995289,26.292421,27.403019,31.342218,36.524208
Singapore,East Asia & Pacific,High income,GFDD.OI.02,77.648186,78.99515,79.42634,74.74028,75.12772,73.96656,74.8713,75.835434,104.9925,111.5594,96.36362,105.068794,101.357895,106.9787,99.409035,96.46959,104.626495,103.0041,114.7736,124.29121,116.4588,119.15371,121.76421,121.3545,120.54801,114.8199,118.891106,113.417,109.9155,114.2686,141.1438
Singapore,East Asia & Pacific,High income,SH.STA.BRTC.ZS,99.548325,100.94569,101.45722,101.736664,101.79167,101.57917,99.7,99.7,99.7,99.7,99.7,99.6,99.7,99.7,99.7,99.7,99.7,99.7,99.8,99.7,99.7,99.7,99.7,99.6,99.7,99.6,99.6,99.5,99.5,100.965065,100.94948
Singapore,East Asia & Pacific,High income,SL.IND.EMPL.ZS,28.463022,35.160004,34.63,33.88,32.75,30.96,30.249998,30.800001,30.14,29.53,27.95,26.58,25.98,25.9,24.910002,22.74,23.300001,23.6,23.74,23.24,21.86,20.87,20.540003,19.88,17.74,17.39,16.88,16.430002,16.0,15.550001,23.821678
Sint Maarten (Dutch part),Latin America & Caribbean,High income,DT.TDS.DPPF.XP.ZS,11.562608,11.586765,10.945923,10.135282,9.524676,9.384556,9.551146,9.724742,9.872446,9.520807,8.950519,8.551128,8.555323,8.283415,7.57606,6.794898,6.230744,5.968334,5.8430605,5.6775103,5.3908863,5.233615,5.238197,5.8128066,6.542376,7.1244345,7.1509285,6.7334514,6.6029153,7.186808,8.5459585
Sint Maarten (Dutch part),Latin America & Caribbean,High income,EG.ELC.ACCS.ZS,100.0,100.0,100.0,100.0,100.0,100.0,100.0,100.0,100.0,100.0,100.0,100.0,100.0,100.0,100.0,100.0,100.0,99.997406,99.98412,99.9549,100.0,100.0,100.0,100.0,100.0,100.0,100.0,100.0,100.0,100.0,100.0
Sint Maarten (Dutch part),Latin America & Caribbean,High income,GFDD.AI.01,-2018.2355,-1771.8428,-1604.4142,-1005.70087,331.49237,1411.3928,2304.4583,1441.7529,-725.68823,-2779.3147,-3835.4065,-4134.6924,-3961.4766,-3977.8938,-4434.4663,-4862.793,-4696.846,-4219.0063,-3642.2563,-3345.997,-3717.4766,-4383.0996,-4655.999,-4242.3154,-3650.5437,-3439.8345,-3745.9553,-4096.998,-4291.9663,-4204.6714,-3829.1936
Sint Maarten (Dutch part),Latin America & Caribbean,High income,GFDD.DI.04,89.305115,89.174324,89.38503,89.69557,90.06448,90.61861,90.62636,91.25162,90.95824,90.88605,90.87044,91.14543,91.03513,90.74525,90.88953,91.237015,92.10528,92.81352,92.57881,91.817154,91.175964,91.09687,91.44232,91.49493,91.13937,90.32384,89.63867,89.56709,89.81039,89.860146,89.46756
Sint Maarten (Dutch part),Latin America & Caribbean,High income,GFDD.DI.05,49.891724,49.87326,51.148865,53.537033,54.487873,53.47006,52.963192,53.87118,55.13136,55.793865,54.994904,54.96928,55.27737,55.215767,54.9137,54.98631,56.57361,57.159203,58.433613,60.92991,61.888058,62.53092,64.33813,66.07072,66.638824,67.21955,67.30982,67.62514,69.64208,73.04416,75.87646
Sint Maarten (Dutch part),Latin America & Caribbean,High income,GFDD.DI.06,7.8486853,8.945617,9.03377,8.5416975,7.9495215,7.761351,8.004238,8.372287,8.305009,8.138639,7.8724647,7.7841187,8.1287565,8.355432,8.202462,7.6795416,7.0679283,6.715361,7.0883236,7.6236453,7.7338133,7.3243957,7.2640305,7.579392,8.334906,9.186318,9.706838,9.516227,9.357944,9.261841,8.981456
Sint Maarten (Dutch part),Latin America & Caribbean,High income,GFDD.DI.11,9.239672,12.513652,14.96762,16.006853,15.968495,14.938485,13.67643,13.290016,13.890266,15.3215,16.265789,15.9216585,14.864748,13.838375,13.656458,14.402836,15.405257,15.955696,16.050533,15.69804,15.065967,14.881111,14.994018,15.351554,15.753507,16.43239,17.111076,17.204853,17.922323,18.791761,18.27753
Sint Maarten (Dutch part),Latin America & Caribbean,High income,GFDD.DM.11,-3.1752515,-0.36288452,3.6423292,6.4272947,6.288495,3.4026623,-0.15050842,-1.8044536,0.92370385,6.0704594,10.935996,12.92923,12.982663,12.206807,12.691772,14.722143,17.288221,19.658148,19.898897,18.796036,16.728275,14.131752,12.69641,13.4692545,15.083364,17.330135,18.473122,18.299435,17.452051,16.990147,17.88501
Sint Maarten (Dutch part),Latin America & Caribbean,High income,GFDD.EI.08,4.5863705,5.426011,5.9906425,6.1397605,5.889485,5.549515,5.151141,4.887744,5.0922046,5.115942,5.170926,5.3446145,5.4993396,5.562711,5.6651335,5.6420503,5.4956207,5.332003,5.222086,5.329807,5.644574,6.110138,6.4771147,6.4617343,6.447813,6.4876237,6.669557,7.037892,7.446023,7.782891,7.744837
Sint Maarten (Dutch part),Latin America & Caribbean,High income,GFDD.OI.02,37.361588,38.25808,39.698715,40.78111,40.806267,40.83611,40.700626,40.682163,41.687363,42.653496,43.573242,45.036285,45.988956,46.389263,46.601532,47.75273,49.456543,50.985134,52.40199,52.830257,52.20726,52.25006,52.989838,53.948994,55.41274,56.124,56.24596,56.606148,57.830116,60.283577,62.467335
Sint Maarten (Dutch part),Latin America & Caribbean,High income,SH.STA.BRTC.ZS,96.68783,97.93507,98.467354,98.44765,98.25098,98.178375,98.18687,98.26122,98.391426,98.56605,98.86307,99.2204,99.38606,99.27957,99.0013,98.679634,98.614006,98.651054,98.78728,98.72607,98.29813,97.842285,97.86481,98.11941,98.72193,98.97686,98.87617,98.50335,98.06175,97.827835,97.75975
Sint Maarten (Dutch part),Latin America & Caribbean,High income,SL.IND.EMPL.ZS,23.986565,24.205406,24.244843,23.881529,23.298695,22.724266,22.249132,22.189137,22.04657,21.813553,21.459255,21.159056,20.927309,20.726917,20.659605,20.521011,20.414236,20.179026,19.836739,19.544113,19.401136,19.3413,19.27875,19.089931,18.861916,18.64442,18.67836,19.037462,19.268446,19.21063,18.73612
Slovak Republic,Europe & Central Asia,High income,DT.TDS.DPPF.XP.ZS,10.452787,9.48183,9.148119,8.224958,7.9792967,7.8927536,7.660302,7.6645684,7.641544,7.1982102,6.9250946,6.7410626,6.682046,6.599533,6.18938,5.7836413,5.355865,5.1736116,4.979532,4.93592,4.866752,4.8620615,4.9049244,5.1449184,5.424452,5.6448026,5.6838913,5.5861917,5.562625,6.136585,7.181871
Slovak Republic,Europe & Central Asia,High income,EG.ELC.ACCS.ZS,100.0,100.0,100.0,100.0,100.0,100.0,100.0,100.0,100.0,100.0,100.0,100.0,100.0,100.0,100.0,100.0,100.0,100.0,100.0,100.0,100.0,100.0,100.0,100.0,100.0,100.0,100.0,100.0,100.0,100.0,100.0
Slovak Republic,Europe & Central Asia,High income,GFDD.AI.01,276.04324,-100.48674,-119.614105,-434.59094,418.863,1023.8284,1338.088,750.73755,-633.59314,-1869.2008,-2419.66,-2548.99,-2480.9978,-2462.45,-2759.539,-3023.9346,-2973.5708,-2697.3499,-2268.0332,-2105.8074,-2330.06,-2665.4978,-2769.3892,-2602.4873,-2342.0024,-2304.5403,-2446.0513,-2719.8694,-2771.9553,-2849.3257,-2681.9487
Slovak Republic,Europe & Central Asia,High income,GFDD.DI.04,94.818825,95.58434,95.47705,84.889366,84.365944,91.69974,92.40905,98.85858,98.17101,99.581375,99.93558,99.94927,99.960526,97.23702,98.91796,99.960014,99.958115,99.95692,99.962616,99.96546,99.86898,99.86868,99.52708,99.83959,99.97492,92.79507,89.43157,87.60766,87.815605,87.61969,82.19639
Slovak Republic,Europe & Central Asia,High income,GFDD.DI.05,48.034195,47.116764,47.146233,44.075893,43.8277,43.773113,43.172665,44.10652,46.03674,47.540546,48.211357,48.655136,47.779575,49.177544,47.69218,50.057575,54.46126,54.676437,52.292538,60.58129,58.144413,55.60661,57.75822,60.60268,62.408253,65.499214,68.37525,69.44907,69.59563,72.32749,79.9754
Slovak Republic,Europe & Central Asia,High income,GFDD.DI.06,7.449287,8.592826,8.692928,11.02067,9.132978,4.354498,4.579204,0.80229145,1.191028,0.26233652,0.0400494,0.0334204,0.0254315,1.465822,0.5515881,0.0209082,0.0204218,0.022022301,0.020134,0.022092,0.082841605,0.0826978,0.3038542,0.102685004,0.0162828,5.198518,8.250401,9.959396,9.929551,10.1299305,16.7964
Slovak Republic,Europe & Central Asia,High income,GFDD.DI.11,7.7865286,10.0003395,11.334118,9.682036,9.643747,8.783928,4.4388256,4.6777673,4.960979,4.8454447,4.8608594,5.633552,5.8157754,6.4923644,7.0015936,7.5764084,7.51223,8.428939,7.4704194,9.577892,9.969566,9.578258,9.885124,9.815031,10.068036,8.664324,9.545865,9.220051,8.48751,8.58637,8.257018
Slovak Republic,Europe & Central Asia,High income,GFDD.DM.11,4.6395273,8.716376,11.498561,10.775341,10.629796,8.8331785,7.2588906,7.165769,8.793986,17.02977,46.72594,117.9748,78.25435,118.9556,13.940551,14.950527,15.675691,16.308647,16.411646,29.599241,31.12835,28.94706,26.730629,26.1078,23.224339,21.318699,24.76605,29.14145,28.988949,30.81464,38.519062
Slovak Republic,Europe & Central Asia,High income,GFDD.EI.08,9.80323,10.430671,10.69065,10.898302,10.701714,10.3569145,10.247676,10.340696,10.458969,10.427094,10.449277,10.560455,10.359771,10.394642,10.504737,10.640711,15.005459,13.750949,13.17545,19.0753,18.669209,16.8082,17.57605,15.97335,15.12575,14.315049,12.733489,10.1758995,9.546861,8.923611,10.343949
Slovak Republic,Europe & Central Asia,High income,GFDD.OI.02,45.421425,44.539043,44.714943,53.67513,52.608818,53.147816,55.164368,53.83632,51.95874,53.928898,55.9695,57.128017,54.68303,53.94509,51.60731,47.94576,46.83017,47.32447,50.174786,48.81557,46.304527,44.31807,46.631428,48.79726,49.01508,51.764057,53.74394,55.027588,55.32589,57.386448,62.62526
Slovak Republic,Europe & Central Asia,High income,SH.STA.BRTC.ZS,100.0,100.0,100.0,100.0,100.0,100.0,100.0,100.0,100.0,100.0,100.0,99.43,99.43,99.46,99.51,99.51,99.52,99.22,99.51,99.52,99.21,99.00001,99.5,98.6,98.3,97.0,98.100006,98.799995,97.99999,101.61403,101.70809
Slovak Republic,Europe & Central Asia,High income,SL.IND.EMPL.ZS,31.026308,41.96,40.21,39.65,39.7,38.91,39.54,39.28,39.44,38.43,37.25,37.06,38.15,38.13,39.21,38.82,38.82,39.380005,40.13,37.93,37.12,37.49,37.54,35.82,35.45,36.11,36.47,37.160004,36.52,36.09,25.491741
Slovenia,Europe & Central Asia,High income,DT.TDS.DPPF.XP.ZS,10.1651125,9.152131,8.82336,8.332158,8.132902,7.2659035,7.2332263,7.2756114,7.258018,6.9595127,6.7262774,6.3525634,6.3072996,6.2914925,5.8378134,5.4940434,5.1927886,5.0418596,4.902531,4.810225,4.757596,4.764364,4.8323016,5.272132,5.630491,5.8223553,5.8432717,5.7570176,5.7639327,6.043373,7.136116
Slovenia,Europe & Central Asia,High income,EG.ELC.ACCS.ZS,100.0,100.0,100.0,100.0,100.0,100.0,100.0,100.0,100.0,100.0,100.0,100.0,100.0,100.0,100.0,100.0,100.0,100.0,100.0,100.0,100.0,100.0,100.0,100.0,100.0,100.0,100.0,100.0,100.0,100.0,100.0
Slovenia,Europe & Central Asia,High income,GFDD.AI.01,96.83574,-255.3359,-257.39838,191.62558,1087.4045,830.8819,1558.6956,939.6098,-466.54102,-1825.6504,-2439.362,-2675.6587,-2622.9194,-2608.2153,-2827.305,-3069.9512,-3113.1038,-2937.8535,-2553.2861,-2358.4182,-2587.333,-2906.8396,-3013.319,-2938.4194,-2621.337,-2521.9983,-2728.2507,-3141.067,-3250.622,-3141.1313,-2982.0789
Slovenia,Europe & Central Asia,High income,GFDD.DI.04,95.23179,96.080605,96.016,96.13767,96.25315,98.385826,98.55049,98.71123,98.92642,99.06301,99.13776,99.58842,99.656364,99.13704,99.30125,99.604195,99.685196,99.753845,99.78184,99.527176,99.60204,99.70783,99.3566,99.24764,99.087975,92.23872,85.02053,80.199745,78.08914,77.093346,68.41286
Slovenia,Europe & Central Asia,High income,GFDD.DI.05,49.628857,48.864445,48.543625,48.290955,47.071037,33.494812,36.13887,39.20876,42.51439,43.6251,47.283237,54.76139,55.36329,54.074192,48.79675,49.9687,49.938072,57.4474,56.30084,59.904903,62.030823,62.71945,63.82321,63.266632,65.94444,67.26002,69.21101,68.92762,69.124374,70.138565,81.01244
Slovenia,Europe & Central Asia,High income,GFDD.DI.06,6.7251,7.862489,8.016621,7.7453275,7.239017,0.6083647,0.5380998,0.4783486,0.44086182,0.4077194,0.39846763,0.1986683,0.1683005,0.44400752,0.3951399,0.25355878,0.2230672,0.1928239,0.1807218,0.4454015,0.38318208,0.2784241,0.61453766,0.643874,0.6954296,5.8718534,11.2019,14.2874,15.3887005,15.74772,24.90933
Slovenia,Europe & Central Asia,High income,GFDD.DI.11,7.8617783,9.931938,11.164084,11.778998,11.442408,7.484757,6.6342077,6.4106994,6.9166346,10.450833,11.907744,6.993668,8.679915,8.741558,9.417918,10.562089,11.658596,12.973058,12.103666,14.040852,14.9453125,15.3616295,16.800413,16.946407,17.496542,17.060616,17.110804,16.686298,15.478286,15.941169,17.204468
Slovenia,Europe & Central Asia,High income,GFDD.DM.11,4.615829,8.736298,11.588912,13.36115,13.167366,8.5897045,7.205474,7.0426087,8.927325,103.4063,163.6871,263.5517,293.4159,367.35532,13.658378,14.710618,15.711284,27.212849,22.16813,25.57184,25.24348,22.773691,25.77247,24.584639,22.29805,28.17519,31.08674,38.58419,33.334812,34.68003,39.46306
Slovenia,Europe & Central Asia,High income,GFDD.EI.08,9.17444,9.859221,10.174763,10.255492,10.024464,9.378241,9.109071,9.173378,9.349459,9.449766,9.628217,10.033026,9.9624605,10.065353,11.54459,11.52222,10.62883,7.086983,6.259529,10.68462,10.8496895,13.1762495,15.632519,19.596788,21.058289,19.902458,16.94289,12.8126,11.529869,10.548569,10.58492
Slovenia,Europe & Central Asia,High income,GFDD.OI.02,45.06305,44.219513,44.334667,44.495518,44.74261,30.880718,33.64092,36.5415,39.49313,40.01299,44.01591,51.312347,52.132347,50.82677,46.257427,47.347237,48.264137,48.60236,47.82625,50.31721,51.87841,52.16073,52.484398,51.79467,53.730087,54.73512,56.61009,56.69038,57.06962,57.83945,66.75752
Slovenia,Europe & Central Asia,High income,SH.STA.BRTC.ZS,99.9,99.9,99.9,99.9,99.9,99.9,99.9,99.9,99.8,99.9,99.9,99.9,99.9,99.9,99.9,99.9,99.9,99.9,99.9,99.9,99.9,99.9,99.8,101.828804,101.82745,101.85268,101.65921,101.347824,101.04414,100.90257,101.088234
Slovenia,Europe & Central Asia,High income,SL.IND.EMPL.ZS,30.97537,45.8,44.9,44.19,42.39,43.13,41.96,40.5,39.52,37.8,37.65,38.63,38.75,37.13,36.35,37.06,35.49,35.24,35.12,33.160004,32.58,31.66,30.969997,31.03,30.930002,32.01,33.17,33.25,33.35,34.1,24.915
Solomon Islands,East Asia & Pacific,Lower middle income,DT.TDS.DPPF.XP.ZS,11.3363905,10.294034,4.8443823,5.6617126,4.1966357,1.2822747,2.1370914,0.4615458,3.2575746,2.5471556,2.801197,1.7894744,2.8366482,5.596234,3.7962232,4.8122215,2.3501678,4.9424706,5.39881,3.5194,3.1000946,1.4627357,1.2356781,1.2893159,1.5312186,1.6220298,1.9245746,1.5873653,1.3020627,1.3100201,1.354003
Solomon Islands,East Asia & Pacific,Lower middle income,EG.ELC.ACCS.ZS,18.984377,12.341453,12.405707,13.531108,17.083529,14.449459,14.512112,14.496194,15.142594,15.699999,4.5170293,7.475237,10.4258585,13.371246,16.313747,19.255709,14.399999,12.9,28.103495,21.2,34.774807,38.67999,42.57421,44.7,50.30676,55.099995,58.32719,62.9,66.17976,69.80942,73.34648
Solomon Islands,East Asia & Pacific,Lower middle income,GFDD.AI.01,-564.0093,-1092.9641,-103.37939,1272.6865,3982.7563,4225.22,5189.5977,5082.7427,3824.8113,6065.112,2453.4307,1803.7789,1514.4585,1445.8971,1103.107,562.98645,-73.27508,859.8041,-511.96622,-493.95624,-261.8144,-393.2325,298.36774,248.87108,436.13858,451.41473,482.6091,510.2275,722.2507,819.15344,803.15106
Solomon Islands,East Asia & Pacific,Lower middle income,GFDD.DI.04,75.7922,69.67261,78.770836,82.01573,79.7486,78.12182,79.80174,79.731255,81.70044,88.53415,89.183334,62.65282,64.16041,67.75747,68.18009,73.60381,82.8173,88.09586,90.71747,91.28153,91.37743,92.402664,93.96915,94.96125,95.941505,99.412766,99.446236,99.407745,99.43534,99.253,97.074486
Solomon Islands,East Asia & Pacific,Lower middle income,GFDD.DI.05,25.068499,26.818491,26.77325,26.77566,23.63025,21.59154,19.399931,19.48711,20.25828,20.5277,22.90087,18.2461,17.007078,15.515779,15.56248,17.709879,19.31773,21.87827,20.24218,17.04942,17.89282,20.00503,21.863628,24.83812,24.780909,26.2398,27.8538,27.46596,28.88674,26.77833,28.706228
Solomon Islands,East Asia & Pacific,Lower middle income,GFDD.DI.06,7.7839117,10.96379,6.343032,5.179451,5.1811028,5.143077,4.245361,4.1544743,3.6478462,2.14957,2.278044,8.950532,8.233653,6.086719,5.376183,4.756741,3.4659648,2.872756,2.353024,1.9699091,1.6638869,1.3263,1.0017099,0.86929005,0.7652133,0.1159418,0.1154832,0.1225241,0.114720605,0.1572263,0.6357844
Solomon Islands,East Asia & Pacific,Lower middle income,GFDD.DI.11,-4.978462,-1.1721046,0.5297487,1.074627,0.73083735,0.21529163,-0.5664932,-0.80342424,-0.59081656,-1.948157,-0.75080097,-0.1788329,-0.9476893,-2.1416128,-2.5921853,-2.118308,-1.1421263,-0.7239666,-0.051478017,-0.3142972,-1.2579281,-1.9779843,-2.446427,-2.318991,-2.71618,-3.4002678,-3.5597851,-3.3179586,-2.9304664,-2.813256,-3.6882038
Solomon Islands,East Asia & Pacific,Lower middle income,GFDD.DM.11,4.814943,4.7765985,7.854691,10.232861,13.737202,11.474103,10.687849,10.719511,11.481041,18.833384,16.36215,17.498041,16.950645,15.668477,14.680615,14.133836,13.723184,14.527056,11.132596,10.292364,9.322651,7.9636354,7.385941,7.3989425,7.8137007,9.6466255,8.788934,9.0916195,8.4691105,7.988532,8.443696
Solomon Islands,East Asia & Pacific,Lower middle income,GFDD.EI.08,8.9093485,12.762619,14.078909,14.43193,12.01713,10.27671,9.069896,8.32525,7.5388465,7.636996,8.652033,6.778844,6.341909,6.284381,4.916992,3.949088,3.2537448,2.751122,2.1448371,2.115358,1.767521,1.263729,1.160578,0.85675347,0.86359257,0.4826876,0.4677993,0.37675098,0.5520045,0.5677558,0.5061208
Solomon Islands,East Asia & Pacific,Lower middle income,GFDD.OI.02,21.683762,24.13619,24.26703,22.61586,20.54046,18.65016,19.10333,18.68135,16.632252,16.08813,18.458351,15.7869005,15.336,14.23845,14.994231,17.74646,19.989052,21.52212,20.063671,23.296051,22.778662,25.66956,28.78656,30.920858,30.975649,33.97303,36.397327,34.827686,35.18642,33.052856,34.52121
Solomon Islands,East Asia & Pacific,Lower middle income,SH.STA.BRTC.ZS,85.0,50.426632,50.078518,50.228855,83.49999,49.787716,49.409653,48.977383,49.190453,85.0,49.397095,50.212173,51.690506,52.80126,53.595158,54.69994,55.984303,85.5,59.732395,60.923206,62.347027,63.384502,65.83469,67.30692,68.92029,86.2,71.59922,72.004265,72.22722,72.1951,72.80876
Solomon Islands,East Asia & Pacific,Lower middle income,SL.IND.EMPL.ZS,12.109591,4.8,4.93,5.01,5.21,5.43,5.59,5.54,5.65,5.74,5.43,5.34,5.22,5.45,5.63,6.1,6.54,7.0,7.6000004,7.5800004,8.06,8.43,8.780001,9.33,9.770001,10.250001,10.630001,11.05,11.630001,12.130001,12.301379
Somalia,Sub-Saharan Africa,Low income,DT.TDS.DPPF.XP.ZS,20.564846,20.483627,19.965586,19.216372,18.816774,18.96234,19.17659,19.288376,18.853586,19.101725,18.892336,17.463528,18.18183,16.999578,16.576618,15.9654665,16.63639,15.100833,14.629066,14.1089325,13.56036,12.964784,12.554398,12.535028,12.611795,12.55877,0.0049463776,0.003270613,0.0053572915,0.0542343,13.955225
Somalia,Sub-Saharan Africa,Low income,EG.ELC.ACCS.ZS,3.7202477,1.8984123,2.9166973,4.1241508,4.5254107,4.6893606,4.5948734,4.3773093,4.4729476,6.5500546,1.8925011,4.504616,7.4,9.708441,12.30485,14.900721,15.233786,20.100733,22.71023,25.329664,52.16334,51.968113,51.761913,51.533794,51.293636,51.13486,51.11323,52.099995,50.764977,49.2,49.73087
Somalia,Sub-Saharan Africa,Low income,GFDD.AI.01,8927.906,10376.594,10431.45,11544.001,13391.31,15398.984,16377.763,15792.679,14100.975,13673.861,14467.868,12543.315,14628.1875,12889.853,12886.276,12853.731,15164.782,13928.68,14644.0205,14900.888,14418.53,13042.796,12369.013,12239.714,12112.1045,11870.144,10185.82,9379.84,8398.176,7563.4346,7249.2734
Somalia,Sub-Saharan Africa,Low income,GFDD.DI.04,31.412264,28.399343,28.592867,29.223774,29.791391,30.293003,30.662148,30.690765,30.599167,30.170542,31.108128,32.91492,32.68548,34.684296,35.79648,36.948105,36.63635,38.558598,38.949196,39.215706,40.101116,41.91495,44.037014,46.203213,47.974194,49.124744,51.583725,53.39427,55.512638,57.475227,58.34782
Somalia,Sub-Saharan Africa,Low income,GFDD.DI.05,-7.062996,-6.6946054,-4.217503,-1.9929907,-1.4786658,-2.1026678,-2.7553992,-1.9477408,-1.599067,0.9407869,0.56014174,-1.6270894,0.6427815,-0.7698373,-0.76072985,-1.3151397,-0.7034346,-3.4239523,-1.9986438,-0.10185638,0.10034311,0.8097489,1.7632049,3.767215,7.376164,10.6009035,14.8979435,14.409778,12.981313,12.927083,13.521019
Somalia,Sub-Saharan Africa,Low income,GFDD.DI.06,5.2644672,7.503598,7.6596856,6.4834733,5.2431717,4.5479965,4.552101,4.79392,4.9463706,4.8606687,6.780903,4.482589,5.992421,4.111416,3.6459339,2.7931263,3.7812898,1.1135774,0.6845581,1.0880682,1.4743819,1.650115,1.705191,1.682898,1.8134292,2.2880151,2.84119,3.1206274,3.77928,4.452577,4.9265065
Somalia,Sub-Saharan Africa,Low income,GFDD.DI.11,-13.164475,-9.287743,-6.5092545,-5.4954686,-5.618896,-6.2006545,-6.634799,-6.662785,-6.3865433,-5.8946166,-6.1931157,-5.9663444,-6.897111,-8.013952,-8.705407,-8.521445,-7.55502,-6.8845606,-6.481626,-6.8015103,-7.8945656,-8.153626,-7.5954485,-7.088127,-6.54788,-5.874711,-8.300297,-8.30194,-7.837886,-7.5944114,-5.41449
Somalia,Sub-Saharan Africa,Low income,GFDD.DM.11,24.881105,26.335722,28.43566,31.535065,33.76617,33.289543,32.603767,32.480022,33.48272,40.160286,40.60567,42.26949,43.911064,42.89031,42.306705,42.513348,45.591007,45.52208,45.935253,44.91724,42.303333,38.066643,35.910297,35.488365,35.60717,35.68668,33.515816,32.861244,30.387335,28.825201,31.3772
Somalia,Sub-Saharan Africa,Low income,GFDD.EI.08,-6.324796,-6.4478855,-6.2226253,-6.097272,-6.22987,-6.320376,-6.3445334,-6.2880144,-6.2237515,-5.781416,-5.391386,-5.4140944,-4.98681,-5.277377,-5.285659,-5.3892446,-5.138953,-5.8561807,-6.0417943,-6.0551987,-6.005469,-5.514795,-5.049679,-4.62791,-4.355752,-4.141822,-3.21573,-2.74224,-2.0569286,-1.3505907,-1.3096039
Somalia,Sub-Saharan Africa,Low income,GFDD.OI.02,9.489996,4.7767577,4.985932,6.07594,6.5214486,6.5707154,6.6295705,5.758406,4.065022,4.8205404,5.003621,5.5462832,6.959144,8.746483,10.011637,11.019908,11.965915,13.389088,14.5414715,15.76439,16.486189,16.433172,17.182966,19.248474,20.728094,21.808697,23.278055,22.501318,21.88574,21.997787,25.292046
Somalia,Sub-Saharan Africa,Low income,SH.STA.BRTC.ZS,19.446278,19.075409,20.118864,20.618053,20.167534,19.615446,19.246979,19.32967,19.796734,19.3,19.3,22.432764,24.800001,24.109087,24.816269,25.215332,9.4,25.829021,26.374636,27.3998,29.485605,31.654238,33.706284,36.276215,39.073116,41.71089,44.763714,46.702652,48.051964,48.750195,48.976555
Somalia,Sub-Saharan Africa,Low income,SL.IND.EMPL.ZS,6.352124,3.54,3.48,3.42,3.34,3.27,3.1999998,3.13,3.07,3.01,2.96,2.91,2.87,2.84,2.81,2.79,2.76,2.65,2.64,2.64,2.64,2.64,2.61,2.58,2.55,2.52,2.49,2.46,2.44,2.41,7.283889
South Africa,Sub-Saharan Africa,Upper middle income,DT.TDS.DPPF.XP.ZS,11.672952,11.67005,11.17543,10.840604,4.9140277,5.108779,6.2193437,6.8651185,8.563129,3.3686323,5.910547,6.957967,4.906801,4.6557107,3.253797,5.626084,5.1060596,2.7259219,2.9036815,3.63562,2.882553,2.8553123,4.8263702,7.0108604,3.753863,15.2443695,5.841749,5.0171137,13.180881,7.506394,11.442991
South Africa,Sub-Saharan Africa,Upper middle income,EG.ELC.ACCS.ZS,81.06069,82.48661,78.82905,78.25193,79.71418,80.498566,57.599995,69.48335,64.9,71.33179,72.28246,70.2,76.7,78.8,80.9,80.8,80.7,82.0,81.9,82.6,82.9,83.6,85.3,85.2,85.9,85.3,83.9,84.4,84.7,85.0,84.38554
South Africa,Sub-Saharan Africa,Upper middle income,GFDD.AI.01,-118.0794,-1239.205,-1171.6016,-242.06517,1284.8792,2201.2717,2505.195,1752.7236,648.01,-1437.0658,-2576.6262,-2637.7026,-2587.2522,-2746.2744,-3051.5947,-3525.85,-3561.617,-3209.5078,-3020.822,-2860.2761,-2961.2363,-3346.653,-3429.9365,-3104.0415,-2647.521,-2476.9429,-2686.981,-2912.3816,-3036.7964,-3056.989,-3251.3914
South Africa,Sub-Saharan Africa,Upper middle income,GFDD.DI.04,95.068596,90.8631,96.83656,96.6193,95.33387,97.22473,96.639084,97.20554,97.64762,98.11565,98.42976,98.81807,93.21492,95.66112,96.796616,98.66773,98.964554,99.32364,99.32012,99.493416,99.52148,98.592766,98.809105,98.5818,98.422844,98.29493,98.13993,98.66914,98.633026,99.02856,98.605095
South Africa,Sub-Saharan Africa,Upper middle income,GFDD.DI.05,47.81358,48.91386,44.817608,41.51644,43.344532,44.01101,44.64067,47.402477,49.600758,50.259163,47.36426,41.01798,36.68357,36.618492,34.85388,37.74976,38.782513,40.77366,41.87653,38.53476,36.20488,37.281967,37.282803,37.351467,38.43638,40.196888,39.9334,40.30432,40.65505,41.55374,47.639523
South Africa,Sub-Saharan Africa,Upper middle income,GFDD.DI.06,2.623868,2.481056,1.756815,1.864676,2.69,1.5989699,2.021505,1.742257,1.573341,1.251586,1.046358,0.8600546,4.058071,2.73944,2.056292,0.87445587,0.7483898,0.5173731,0.53031224,0.3883869,0.3515103,1.028731,0.88290155,1.026592,1.163963,1.273414,1.3910869,0.98796237,1.023578,0.7371444,1.115111
South Africa,Sub-Saharan Africa,Upper middle income,GFDD.DI.11,6.256531,10.570962,10.559495,11.423047,8.09514,7.150173,5.4709024,5.5010595,6.219428,9.026067,33.75512,35.58466,28.520754,27.54531,27.757656,32.690285,30.467432,10.530687,53.58516,51.766758,52.58348,52.13315,54.918175,57.78949,60.04304,63.253384,59.96771,60.386356,58.663887,58.429615,60.139027
South Africa,Sub-Saharan Africa,Upper middle income,GFDD.DM.11,-2.9131794,-5.4868174,1.2644911,3.7499163,5.2253623,4.3211694,0.75789475,0.37869278,3.5465918,2.413805,2.476186,1.359321,2.012613,1.081863,1.297951,1.360418,1.499177,1.812715,1.7342261,1.716932,1.863039,2.495208,3.049739,2.914954,2.3791022,2.4289808,2.5037231,2.2478788,2.362487,2.737925,4.447206
South Africa,Sub-Saharan Africa,Upper middle income,GFDD.EI.08,3.994238,6.261298,3.2137182,4.321775,3.9444668,3.98346,3.909497,4.75326,5.463424,5.412177,5.084424,5.121802,5.625875,6.3385897,6.280118,5.954491,5.7119603,5.5943627,7.906981,9.334202,9.835488,10.65208,10.64086,9.803786,10.90734,10.89705,12.39821,13.161999,13.928339,14.821559,16.9375
South Africa,Sub-Saharan Africa,Upper middle income,GFDD.OI.02,44.954956,36.659256,41.99456,39.0948,41.00089,41.63599,42.24599,45.056087,47.39451,47.79051,45.09106,47.67999,43.80597,45.909546,44.856777,48.513435,52.67862,55.78071,57.924587,54.16007,53.13908,55.82035,55.24452,54.30928,55.1356,56.78458,54.540127,54.39217,54.25428,54.263767,63.21198
South Africa,Sub-Saharan Africa,Upper middle income,SH.STA.BRTC.ZS,86.711174,87.6018,87.146324,86.58994,82.0,82.0,87.64255,88.5696,84.4,89.56231,90.334015,90.91554,91.47298,91.2,91.2,92.17742,92.52926,93.265724,94.299995,93.8989,94.19807,94.487885,94.66685,94.9368,95.298935,95.58863,96.7,95.41503,95.10315,94.80121,94.770485
South Africa,Sub-Saharan Africa,Upper middle income,SL.IND.EMPL.ZS,22.748158,28.55,28.4,28.24,28.09,27.94,27.76,27.62,27.49,27.33,27.25,26.99,26.77,26.6,26.42,26.25,26.040003,25.89,25.77,25.25,24.4,24.170002,23.44,23.51,23.42,23.83,23.33,23.34,23.13,22.31,21.198303
South Sudan,Sub-Saharan Africa,Low income,DT.TDS.DPPF.XP.ZS,19.722023,19.901293,20.52986,19.82924,19.418938,19.594196,19.934574,20.00528,19.573347,18.675991,17.800463,17.00516,16.459023,15.935495,15.466639,14.784745,16.806467,14.789381,13.86677,13.051393,14.375022,10.278996,11.24448,11.327939,11.508164,11.547287,10.418512,10.322364,10.299146,10.609858,11.603389
South Sudan,Sub-Saharan Africa,Low income,EG.ELC.ACCS.ZS,-2.3254366,-3.8482509,-3.830038,-2.0677266,-1.7926435,-2.2055957,-2.9199734,-3.5105155,-3.3535657,-2.961462,-2.24622,-0.93103844,0.28969556,1.545739,2.7344198,3.241396,0.6431318,1.0315623,1.4272238,3.0,1.5,2.6846845,3.1363611,3.6078682,4.0971837,4.60134,5.1173677,4.2,6.1731696,6.707007,7.2413387
South Sudan,Sub-Saharan Africa,Low income,GFDD.AI.01,4725.8184,7663.2837,9605.878,10936.573,12812.39,14823.511,15599.664,14816.742,13141.892,11133.589,9445.4375,9345.004,9655.859,9845.552,9707.624,9540.139,13839.442,11862.303,11628.211,11274.995,13658.474,21.89189,29.361103,40.433445,57.24059,74.17217,79.671196,81.71751,81.82494,104.946335,81.47165
South Sudan,Sub-Saharan Africa,Low income,GFDD.DI.04,38.907986,34.553852,30.97117,31.371883,31.79084,32.217484,32.572887,32.546936,32.42272,32.808353,32.450356,33.139725,33.81989,34.713753,35.671383,36.46688,37.56419,40.31053,41.822357,42.66755,40.00559,17.058681,37.886963,27.17171,18.11102,12.796921,72.36711,74.23619,73.531975,73.24732,51.86417
South Sudan,Sub-Saharan Africa,Low income,GFDD.DI.05,-3.993632,-4.899591,-5.033854,-3.554699,-3.1681912,-3.6255443,-4.469313,-3.4825864,-3.3069003,-2.555893,-1.9229625,-1.6578722,-2.7604058,-2.3018055,-1.4161183,-1.5355614,-1.0115873,-4.5021224,-2.267738,0.7759032,3.1161308,9.480096,19.793169,14.68033,17.36545,32.27534,25.198221,17.4791,15.90786,18.36848,28.30548
South Sudan,Sub-Saharan Africa,Low income,GFDD.DI.06,5.130653,6.8336616,6.1861334,4.886071,3.5326054,2.8537736,2.861828,3.0550532,3.3475766,1.3033108,3.2131407,2.6328766,2.48871,2.3287218,2.071016,1.4532614,2.9756427,0.83827645,1.2181675,2.0898306,4.0272903,2.359946,7.170284,10.2098,17.99307,29.892769,12.151179,7.130744,5.8567014,6.3532186,18.59964
South Sudan,Sub-Saharan Africa,Low income,GFDD.DI.11,-10.249616,-7.0899973,-5.571865,-4.896568,-5.0597024,-5.5403867,-5.8872504,-5.780159,-5.5847116,-4.403035,-4.3863196,-4.0861616,-4.9230328,-6.1077023,-6.6875477,-6.531392,-5.862765,-4.5247726,-3.3920906,-3.2155511,-4.216583,-5.221423,-5.1474338,-4.513048,-3.9988868,-3.2567868,-3.927389,-3.4482746,-2.8112347,-2.3343866,-2.6629791
South Sudan,Sub-Saharan Africa,Low income,GFDD.DM.11,29.838715,33.800903,37.911068,40.29362,41.972794,41.47914,41.19337,41.08323,41.466408,46.61175,48.572052,51.348568,52.278236,51.14619,50.188423,49.892254,52.99098,52.672657,51.197655,48.663662,48.651928,39.925175,37.373436,36.949844,37.09519,37.581833,36.487057,35.690403,34.114483,32.15784,30.789026
South Sudan,Sub-Saharan Africa,Low income,GFDD.EI.08,-2.6288724,-2.9069686,-3.5862615,-3.6528888,-3.8790421,-3.938026,-3.960323,-3.8925583,-3.9551742,-3.737967,-3.7239702,-3.4322317,-3.2897735,-3.2930377,-3.3813536,-3.6277988,-2.8377953,-3.2805457,-3.1853244,-3.0456452,-2.7528496,-0.6473411,3.184881,2.507991,2.426716,2.578803,30.14009,19.31507,15.245059,15.73063,17.985329
South Sudan,Sub-Saharan Africa,Low income,GFDD.OI.02,9.021275,5.945484,7.655267,8.830993,8.96937,8.148537,7.6175747,6.815673,5.0129013,7.217981,7.042326,7.958253,9.613947,11.010771,12.500507,14.060267,14.181705,14.816163,15.530331,15.936884,16.947187,4.657083,10.7156,9.326175,11.25789,23.72924,17.85185,11.422891,9.961303,11.023621,15.81931
South Sudan,Sub-Saharan Africa,Low income,SH.STA.BRTC.ZS,19.188482,17.783821,16.29309,16.983036,16.434479,15.641282,15.0972395,15.01967,15.471044,16.325361,16.87175,17.546247,18.238197,18.959593,19.378271,19.317327,9.7,19.560898,20.766523,21.958717,19.4,33.066044,35.09494,36.516457,37.358223,37.766487,40.603817,41.459045,42.270336,42.911057,42.762913
South Sudan,Sub-Saharan Africa,Low income,SL.IND.EMPL.ZS,10.261566,14.17,14.34,14.490001,14.55,14.73,14.890001,15.200001,15.250001,15.24,15.41,15.64,15.890001,16.22,16.320002,16.62,17.080002,17.64,17.97,17.690002,17.74,17.89,17.73,18.89,18.72,17.34,16.46,16.080002,16.33,16.39,9.361062
Spain,Europe & Central Asia,High income,DT.TDS.DPPF.XP.ZS,11.646921,10.6609125,10.370141,10.465912,9.297417,9.34169,9.3893175,9.352402,9.251347,9.253186,8.890037,7.8518925,7.811044,7.839425,7.6061025,7.204202,6.952733,6.672764,6.453367,6.255804,6.1409535,6.082029,6.1849685,6.5136333,6.926793,7.1312017,7.1526985,7.0444617,7.0357447,7.319359,8.540645
Spain,Europe & Central Asia,High income,EG.ELC.ACCS.ZS,100.0,100.0,100.0,100.0,100.0,100.0,100.0,100.0,100.0,100.0,100.0,100.0,100.0,100.0,100.0,100.0,100.0,100.0,100.0,100.0,100.0,100.0,100.0,100.0,100.0,100.0,100.0,100.0,100.0,100.0,100.0
Spain,Europe & Central Asia,High income,GFDD.AI.01,-1401.1929,-1657.8857,-1705.1206,-860.75433,-163.12257,1415.8107,2234.0527,1527.8895,-371.21298,-2676.5994,-3513.1992,-3336.794,-3102.66,-3095.6675,-3359.348,-3812.1943,-4112.1543,-3720.29,-3216.6284,-2952.1345,-3088.191,-3371.7004,-3524.206,-3350.9563,-2923.7556,-2774.3867,-2901.9553,-3168.7432,-3285.059,-3332.5613,-3395.4512
Spain,Europe & Central Asia,High income,GFDD.DI.04,95.68852,95.122284,97.077065,94.84751,95.95413,96.09449,96.37327,96.697464,96.97764,98.37817,97.98973,98.28446,98.42,98.398964,98.473076,98.706535,99.06248,99.227806,99.18195,99.05584,98.921074,98.48427,98.31335,98.17107,97.93,95.00534,90.20393,86.25003,84.52419,84.516335,80.453636
Spain,Europe & Central Asia,High income,GFDD.DI.05,68.12296,70.36459,68.32418,72.585884,73.090294,72.312164,69.83061,9.669573,9.09274,9.182959,8.4175205,87.7682,86.74689,87.19054,86.5036,89.65501,91.66813,96.1584,107.386604,111.6387,109.36491,104.5055,107.6722,108.084404,110.430504,111.9996,114.8834,111.615204,112.41501,112.7428,138.3949
Spain,Europe & Central Asia,High income,GFDD.DI.06,4.597701,5.098528,2.9668002,6.6910243,4.22384,4.037038,3.780259,3.4782841,3.290583,6.5694947,6.342233,1.990319,1.890463,2.034113,2.0345879,1.965263,1.5888311,1.393254,1.525227,1.8511759,2.116975,2.990712,3.308118,3.3647282,3.547027,7.8915906,15.10396,20.58148,22.043282,20.76801,32.02112
Spain,Europe & Central Asia,High income,GFDD.DI.11,7.4360557,8.210792,8.661456,9.874005,11.363765,30.211334,28.696848,28.416037,29.248045,19.235954,19.638622,20.12702,21.180653,21.755005,23.004827,23.849823,23.00266,21.424328,21.072498,22.952934,22.76377,23.844128,25.551186,26.024357,28.85818,28.045174,28.121902,27.364407,26.780518,28.44866,32.61818
Spain,Europe & Central Asia,High income,GFDD.DM.11,15.294973,17.087618,19.191605,23.972044,19.387972,18.120594,16.444258,16.085875,18.368515,13.46597,17.06913,22.18614,30.566422,38.152138,38.64315,39.903313,39.21913,37.15857,30.66849,34.69315,25.75513,20.542341,23.05501,21.22787,21.01663,23.91816,24.71599,28.892078,28.13311,30.21024,40.785313
Spain,Europe & Central Asia,High income,GFDD.EI.08,12.934049,13.289641,13.604571,13.118965,13.173691,12.448036,12.314929,12.444873,12.618914,12.3875065,12.480181,19.092628,18.440609,18.416328,15.201109,13.987599,11.1242695,11.08653,13.732349,20.24103,22.07812,26.535889,34.66922,34.10807,37.20806,30.864061,27.57281,23.956438,21.8091,19.63194,24.34007
Spain,Europe & Central Asia,High income,GFDD.OI.02,59.597675,60.844006,58.83175,62.648674,62.823776,62.227375,59.85931,56.79411,57.41478,73.48868,75.209755,78.44572,78.29343,77.431786,77.38252,81.45385,83.02663,87.21052,97.71708,100.033,97.52058,93.12909,96.499084,95.92856,97.35835,98.88009,101.3264,98.48976,98.818634,99.93378,121.66061
Spain,Europe & Central Asia,High income,SH.STA.BRTC.ZS,94.26878,95.03289,95.88778,97.278694,96.57203,96.85515,96.78893,96.76819,97.0708,97.45251,97.913506,97.413956,97.41702,97.23814,97.11551,96.97761,97.03159,97.26175,97.56474,97.64904,97.55106,97.34531,97.28651,97.24934,97.31184,97.45912,97.42326,97.240425,97.03407,96.85126,96.797554
Spain,Europe & Central Asia,High income,SL.IND.EMPL.ZS,29.649954,32.34,31.780003,31.04,30.260002,30.21,29.47,29.91,30.51,30.680002,30.830002,31.460001,31.04,30.71,30.21,29.57,29.4,29.11,27.83,24.59,22.98,21.76,20.670002,19.75,19.450003,19.9,19.61,20.060001,20.33,20.430002,22.7896
Sri Lanka,South Asia,Lower middle income,DT.TDS.DPPF.XP.ZS,14.816004,15.133666,14.563259,11.163921,9.6268015,8.776109,8.669188,8.293684,8.780484,11.720659,10.851615,9.62718,9.432138,7.78961,8.955931,4.564806,9.745518,7.592102,10.578844,13.298164,10.717536,7.830256,13.32503,11.931418,24.262203,17.37407,14.631945,19.224577,21.709398,25.389761,33.029675
Sri Lanka,South Asia,Lower middle income,EG.ELC.ACCS.ZS,73.042755,70.51997,67.75247,70.13729,68.19431,69.913155,71.38442,75.67995,77.293106,78.47571,70.2628,63.599995,80.7,74.99882,76.56858,78.13781,82.05,80.0,82.86739,87.09,85.3,87.76,87.0,90.2,92.660515,94.35187,97.5,97.5,99.56487,99.758575,100.0
Sri Lanka,South Asia,Lower middle income,GFDD.AI.01,480.30728,146.72908,1.8721882,2284.0632,2457.611,3825.2114,4407.2876,2697.1003,1041.7345,-580.49255,1092.3849,-167.07526,-493.26068,-607.3962,-984.9997,-2332.891,-2388.7214,-1830.471,-2058.5269,-1861.3749,-1961.238,-2493.767,-2286.523,-2231.1636,-1552.7195,-1539.9874,-1629.363,-1858.629,-2034.7562,-2090.4578,-1463.2362
Sri Lanka,South Asia,Lower middle income,GFDD.DI.04,66.822876,49.40132,56.2888,71.805435,73.54605,85.885,87.05585,91.6917,92.14753,88.6047,81.980034,85.699295,87.30895,91.06589,86.66826,91.588646,91.631935,93.50431,88.06542,93.64742,95.44008,91.59098,93.06129,97.294525,94.07215,95.56846,94.94261,97.591965,97.5032,97.07308,92.780304
Sri Lanka,South Asia,Lower middle income,GFDD.DI.05,28.25875,29.762989,30.436668,31.95,32.983467,38.85188,37.579147,37.479332,37.106697,38.72815,38.43887,39.01796,39.35153,39.44431,41.10925,41.7159,41.03543,39.27221,34.552708,37.40208,32.65665,34.540817,33.55022,35.63609,37.41034,41.69927,55.662586,58.81926,61.12323,63.01865,68.529526
Sri Lanka,South Asia,Lower middle income,GFDD.DI.06,11.99671,12.82469,9.560081,5.331698,5.19985,5.675156,5.005208,3.0923362,2.8920631,4.465303,7.546476,6.38334,5.306581,3.534948,5.628748,3.72562,3.966918,2.915504,5.054045,2.450706,1.5440559,3.5932832,2.977896,1.174863,2.570333,2.319248,3.612916,1.7502301,1.9114,2.309294,8.588034
Sri Lanka,South Asia,Lower middle income,GFDD.DI.11,-2.6348388,0.16476457,2.0216026,2.60187,2.705112,1.8580726,1.1626883,1.6379441,0.9942521,1.0625947,2.7950268,2.344898,1.6182724,0.59997666,0.85334396,3.7476282,3.4984188,3.293148,3.0902889,3.2716246,3.4628701,3.8093498,3.7603595,3.8772535,4.069519,4.2602057,4.379171,4.3643494,4.3884335,4.6368966,4.6492715
Sri Lanka,South Asia,Lower middle income,GFDD.DM.11,-4.1103883,-0.9085192,2.4823158,7.6665764,5.3244615,4.3478703,2.583205,4.033349,5.057391,7.7264857,10.312478,9.649139,8.655338,7.526574,7.7648935,8.722226,9.336264,10.059527,8.5123,7.781689,7.0288057,0.0157529,6.1110873,0.00041860002,0.0001145,0.0001409,0.0001317,3.16e-05,7.71e-05,8.1e-05,12.742313
Sri Lanka,South Asia,Lower middle income,GFDD.EI.08,3.859714,3.145117,2.758568,3.17644,3.069423,3.0121472,3.2533762,4.030206,4.441278,4.630667,4.657851,7.434031,6.884528,6.916039,5.3326993,7.048097,8.097013,7.4589167,7.7692714,10.0642,9.343294,16.19895,17.152569,21.94809,23.04337,24.898489,22.606909,23.70114,24.49654,26.90865,12.729119
Sri Lanka,South Asia,Lower middle income,GFDD.OI.02,21.10857,22.87123,24.097229,25.61212,26.356192,32.525227,32.02197,32.34121,32.018417,33.43904,33.45423,34.36073,34.59084,34.6911,36.299637,37.02718,36.39467,35.12005,31.00961,33.59277,29.2322,31.151548,30.661648,32.873158,34.22791,38.15165,51.7959,55.30343,57.69923,59.70695,64.291885
Sri Lanka,South Asia,Lower middle income,SH.STA.BRTC.ZS,80.96192,79.8907,78.7447,94.1,78.89559,79.798294,80.140686,81.586655,82.22517,83.07277,96.0,85.615944,87.086426,87.80438,88.16061,89.27915,89.9505,98.6,91.991356,93.14494,93.72363,94.09122,94.27533,94.670456,99.950005,95.5084,99.5,95.06469,94.70223,94.37093,94.81657
Sri Lanka,South Asia,Lower middle income,SL.IND.EMPL.ZS,21.373148,26.58,20.02,21.15,20.12,24.820002,23.27,24.320002,23.080002,23.280003,23.61,23.38,23.410002,23.7,23.99,24.4,24.88,25.25,25.59,25.84,25.55,25.79,26.07,26.0,26.33,25.77,26.39,28.410002,27.94,27.87,21.664064
St. Kitts and Nevis,Latin America & Caribbean,High income,DT.TDS.DPPF.XP.ZS,9.968742,10.098326,9.810825,9.366838,8.948758,8.4087925,8.646751,8.560225,8.255559,8.393183,7.719445,7.722433,7.258241,7.57275,6.882388,6.43678,6.3552303,5.7007785,5.3316193,5.1955466,5.146363,5.1879144,5.34567,5.7653546,6.1847224,6.3506303,7.094141,6.89941,6.869602,6.8400335,7.487273
St. Kitts and Nevis,Latin America & Caribbean,High income,EG.ELC.ACCS.ZS,91.306816,91.67117,92.03543,92.399,92.76121,93.12138,93.478836,93.832886,94.18286,94.52799,95.28154,93.53,95.803185,96.054985,96.303894,96.55227,96.80252,97.05729,97.31929,97.591225,99.84339,100.0,100.0,100.0,100.0,100.0,100.0,100.0,100.0,100.0,100.0
St. Kitts and Nevis,Latin America & Caribbean,High income,GFDD.AI.01,1703.3058,1807.2275,1524.1095,1956.7249,2903.4507,3371.9995,5034.464,4307.668,1816.8643,556.64246,-602.8033,-629.7196,-745.4327,-303.3495,-871.7003,-1007.47925,-1104.0571,-814.8718,-376.6837,-66.37038,-283.77194,-841.92255,-1159.4523,-1505.349,-874.9086,-1079.6364,-834.8907,-1077.2628,-1085.9637,-1533.1266,-1168.1265
St. Kitts and Nevis,Latin America & Caribbean,High income,GFDD.DI.04,95.73726,96.330154,98.25668,98.258316,99.06173,99.28396,99.41926,99.55974,99.69067,99.70208,99.534966,99.4791,99.39735,99.64172,99.498024,99.55713,99.5798,99.559456,99.60198,98.917244,99.04229,98.95838,99.84512,99.7939,99.84718,99.78328,95.381744,95.04378,94.93471,98.39349,98.5168
St. Kitts and Nevis,Latin America & Caribbean,High income,GFDD.DI.05,67.3839,72.88155,77.27967,78.23816,74.55623,80.707924,79.566475,78.77078,84.601944,84.85233,97.200554,93.76051,94.29437,105.75541,114.0038,112.8121,109.694305,114.024704,101.297806,106.700905,112.89751,115.3108,130.6589,136.9333,139.0727,145.16609,137.2899,127.3775,122.0429,95.9119,104.6481
St. Kitts and Nevis,Latin America & Caribbean,High income,GFDD.DI.06,2.677128,2.607199,1.3025589,1.279276,0.68288577,0.56669986,0.482803,0.3426313,0.2634913,0.26850688,0.4600419,0.4920315,0.5439484,0.3327899,0.5297613,0.490756,0.45609838,0.4941255,0.4303193,1.252793,1.16665,1.1879929,0.1718422,0.1621948,0.14881779,0.1481625,8.069044,8.209186,8.005,0.9989657,1.103268
St. Kitts and Nevis,Latin America & Caribbean,High income,GFDD.DI.11,38.075596,41.568943,44.230743,45.25876,44.693417,41.70297,40.82949,40.18971,39.93747,43.582718,44.36456,45.894226,43.421318,43.48131,41.50414,41.908634,44.391502,44.61374,45.593403,45.823997,45.280075,44.50405,44.43246,45.434555,45.871758,46.219467,50.469044,50.888317,51.279915,49.149757,48.53188
St. Kitts and Nevis,Latin America & Caribbean,High income,GFDD.DM.11,18.03049,20.680786,23.050905,24.102625,23.32108,23.297602,20.13855,19.545732,23.273643,24.974495,27.890667,29.159939,28.945887,28.92232,30.037626,31.134045,31.74936,32.785538,33.036095,32.955868,32.210995,30.550762,29.43953,18.504301,16.57159,21.10376,16.86335,19.384201,19.21459,26.88889,39.35547
St. Kitts and Nevis,Latin America & Caribbean,High income,GFDD.EI.08,17.822779,20.18915,17.84624,14.8875,15.300089,22.753729,27.47852,22.53464,27.892668,31.71288,38.60688,39.35219,38.91214,38.310402,50.31519,55.861782,56.389454,56.927895,54.45994,57.572063,61.90651,55.65077,53.38795,24.212889,46.81639,14.95956,14.67488,15.279299,15.61666,16.43673,18.50887
St. Kitts and Nevis,Latin America & Caribbean,High income,GFDD.OI.02,63.47251,68.495964,73.44813,73.95565,70.696945,76.8704,75.71997,75.387314,80.87353,80.79711,93.534096,90.71878,91.31032,101.7372,110.7301,109.4348,106.5262,111.004,97.95312,102.9495,108.066,110.792,125.833206,131.2993,133.0678,138.662,130.7492,120.51871,114.9804,89.215866,96.30829
St. Kitts and Nevis,Latin America & Caribbean,High income,SH.STA.BRTC.ZS,98.04056,98.8039,99.52147,99.837006,99.892845,100.0,99.7577,99.79838,99.4,100.75522,99.4,101.72965,99.5,101.703835,100.0,100.0,101.59569,100.0,100.0,100.0,100.0,100.0,100.0,100.0,100.0,100.0,102.143364,101.986084,101.73792,101.001045,100.8242
St. Kitts and Nevis,Latin America & Caribbean,High income,SL.IND.EMPL.ZS,25.131382,25.214783,24.935755,24.312628,23.735619,23.633806,23.592392,23.57447,23.824419,23.527338,23.29541,22.619118,22.617964,22.358145,22.8602,22.9578,22.906994,22.831324,22.514448,22.377663,22.319403,22.126625,21.969074,21.01665,21.019905,20.36004,19.970278,20.416082,20.79473,20.96469,20.519602
St. Lucia,Latin America & Caribbean,Upper middle income,DT.TDS.DPPF.XP.ZS,2.0945165,3.3606367,3.4399111,3.3063674,3.019929,2.8392055,3.3329303,3.3486347,3.550207,4.2358313,7.193858,6.604512,5.293018,6.7117953,4.2745404,5.1316776,6.8406286,8.959248,8.883516,7.5092764,6.5959954,7.3510523,7.010324,5.571723,3.7543957,6.8981333,4.988425,4.209501,4.039947,3.8601224,8.909409
St. Lucia,Latin America & Caribbean,Upper middle income,EG.ELC.ACCS.ZS,91.875854,90.710075,88.20353,87.21719,87.82716,91.38052,90.796165,94.1856,93.38908,94.00505,89.387436,89.9,90.35829,90.834694,91.30821,91.78119,92.25604,92.73542,93.22202,93.71857,94.2,94.75252,95.34342,95.85738,96.43764,97.03274,97.63971,98.27981,98.877396,99.50218,100.0
St. Lucia,Latin America & Caribbean,Upper middle income,GFDD.AI.01,1134.8741,265.255,-90.87202,793.7255,2126.9639,3307.542,4328.462,3634.5647,1887.0002,410.51312,-51.0211,-755.3563,-711.6435,-810.03125,-1105.9486,-1406.2814,-1475.9764,-1399.8376,-1215.4956,-1265.1259,-1261.2123,-1553.8992,-1669.7352,-2018.8,-1667.6324,-969.8179,-1209.8463,-2153.4165,-1700.4388,-2315.7607,-2319.0752
St. Lucia,Latin America & Caribbean,Upper middle income,GFDD.DI.04,94.77777,95.000465,97.628555,98.18571,98.45223,98.288284,97.5986,98.557816,98.71922,98.836876,99.004295,99.37497,99.39333,99.46061,99.519745,99.59796,99.75063,99.686066,99.82045,99.93679,99.96112,99.952415,99.952995,99.179184,98.75996,94.73941,94.7331,99.376526,94.73537,99.99782,96.60419
St. Lucia,Latin America & Caribbean,Upper middle income,GFDD.DI.05,48.91093,49.8656,46.678078,48.74267,49.80978,51.61078,52.366608,53.40966,54.72886,56.3413,59.115845,64.53234,64.85666,65.447784,65.425735,69.11183,73.186615,73.9212,73.48164,77.698814,75.158165,72.15372,74.51978,73.33721,72.20464,73.01003,72.267624,68.838066,69.67204,62.73989,70.96291
St. Lucia,Latin America & Caribbean,Upper middle income,GFDD.DI.06,2.212908,2.1334941,1.026319,0.90914005,0.7892792,0.8997773,1.373112,0.8754165,0.7758904,0.73897934,0.67015994,0.4531325,0.4424401,0.3509507,0.3230669,0.3037521,0.2048766,0.3098973,0.1796978,0.065896004,0.0393391,0.0460414,0.049381502,0.8243158,1.110336,7.2720613,7.485336,0.4163638,7.359129,0.0013288,2.874472
St. Lucia,Latin America & Caribbean,Upper middle income,GFDD.DI.11,-1.829452,0.85973203,3.0621066,4.05013,3.7616055,2.378241,1.9371258,1.0992868,2.348502,3.5092099,2.8851128,2.6687362,2.074182,1.1128006,1.1235194,2.047279,3.0173628,3.507596,3.9000216,3.6964588,3.319784,3.045787,2.9554625,4.932447,5.2586637,6.367238,7.0814514,6.5323825,8.24018,7.1831226,7.520836
St. Lucia,Latin America & Caribbean,Upper middle income,GFDD.DM.11,-7.4848313,-5.5863276,-3.1855729,-0.52309597,0.101021774,0.9129917,-2.7561822,-1.852091,-1.1713614,1.6241786,4.5339723,3.6082299,4.4697766,4.4829345,5.5019317,6.8537755,7.58365,7.3864675,6.608479,5.3013773,5.0928116,3.5947921,3.7223992,8.620912,10.77733,9.427715,11.77283,11.83902,13.95557,16.08296,26.63425
St. Lucia,Latin America & Caribbean,Upper middle income,GFDD.EI.08,3.198556,2.896227,4.88213,5.5848656,5.556023,5.724121,5.513404,5.9718337,6.694292,6.780782,7.7898192,8.06968,8.558229,8.51641,9.637828,12.7136,11.673319,12.524139,11.501709,11.11028,10.189449,9.9995775,11.766309,10.56351,8.61681,8.49025,8.247057,7.539287,7.5376763,7.313213,9.048395
St. Lucia,Latin America & Caribbean,Upper middle income,GFDD.OI.02,44.80658,45.712128,43.11467,45.09205,46.308247,47.91912,49.04173,50.19329,51.40136,52.883408,55.70667,61.12601,61.41666,62.023148,61.98253,65.64204,69.46356,70.36424,69.826004,73.949646,71.369896,68.31075,70.72877,69.78232,68.90906,69.87021,68.95238,65.88207,66.75471,60.020443,67.42893
St. Lucia,Latin America & Caribbean,Upper middle income,SH.STA.BRTC.ZS,94.10261,94.431015,93.88949,93.40192,93.61213,100.0,94.62968,99.7,95.65451,96.184586,100.0,98.42277,97.99999,99.00001,100.0,100.0,97.899994,100.0,100.0,100.16064,98.5,99.87508,98.7,99.684166,99.100006,99.100006,100.151375,100.0,99.46224,99.19922,99.189995
St. Lucia,Latin America & Caribbean,Upper middle income,SL.IND.EMPL.ZS,23.554443,22.820002,22.670002,22.46,21.540003,25.61,22.580002,20.27,18.75,19.23,20.57,18.88,17.49,16.6,16.84,19.5,19.780003,18.710001,18.85,18.48,17.99,17.91,17.63,17.14,16.87,16.72,16.6,16.34,14.82,14.69,21.465088
St. Vincent and the Grenadines,Latin America & Caribbean,Upper middle income,DT.TDS.DPPF.XP.ZS,3.1375282,4.0542016,4.1351376,6.30611,6.231923,5.0959067,5.482614,6.5503755,6.2403917,6.980983,6.154814,6.723949,6.5087624,7.8005986,10.199498,11.320137,14.779573,12.319532,13.941967,17.550987,18.520086,18.246016,18.069963,15.658721,11.595701,11.575133,10.37489,11.643001,13.0036,11.737295,19.112852
St. Vincent and the Grenadines,Latin America & Caribbean,Upper middle income,EG.ELC.ACCS.ZS,91.70171,66.799995,69.11443,70.46484,71.813896,73.160904,74.5052,75.84609,77.18291,78.51488,79.881775,82.41,82.468124,83.75227,85.03353,86.31426,87.596855,88.79,90.17833,91.48262,92.79956,94.13186,95.48222,96.85242,98.240425,99.64327,99.80084,99.97771,100.0,100.0,100.0
St. Vincent and the Grenadines,Latin America & Caribbean,Upper middle income,GFDD.AI.01,2749.4185,1695.8137,1909.1636,2705.9253,3636.9143,4442.348,5029.9004,4347.345,2647.2063,1359.4712,643.55176,203.75185,2.105086,-205.73871,-363.43008,-618.3544,-1036.5056,-648.8852,-468.17374,-281.5122,-507.41266,-804.0685,-944.0689,-1166.2449,-1027.0403,-1034.0695,-1177.7683,-1463.3197,-1553.872,-1607.5348,-1642.4619
St. Vincent and the Grenadines,Latin America & Caribbean,Upper middle income,GFDD.DI.04,95.73518,95.16738,96.711716,96.61997,97.00021,97.586006,97.80679,98.00871,98.3716,97.30585,98.51213,98.57069,98.590904,97.10774,98.773026,98.9986,99.309875,99.56516,99.51286,99.5847,99.711266,99.03647,99.094086,98.671875,98.252525,98.03772,97.73837,97.33602,97.13056,97.94837,95.77346
St. Vincent and the Grenadines,Latin America & Caribbean,Upper middle income,GFDD.DI.05,60.449165,57.85434,57.18673,60.81963,64.23261,62.256145,63.382614,67.70434,71.30012,76.96583,73.613625,71.601364,70.91843,69.48072,67.365234,66.425354,62.716114,61.06631,61.898834,62.21239,63.33222,65.30397,66.974754,74.30074,74.695366,70.03999,72.09116,72.17203,71.34538,73.949234,70.603325
St. Vincent and the Grenadines,Latin America & Caribbean,Upper middle income,GFDD.DI.06,1.8380871,2.187954,1.496909,1.569021,1.492568,1.289444,1.247808,1.1849049,0.9673738,1.7362571,0.9535053,0.8826514,0.89289963,1.753403,0.6989266,0.6052287,0.41343388,0.2689581,0.3074211,0.27269408,0.1696504,0.568266,0.5598226,0.8456912,1.037012,1.068785,1.224704,1.471791,1.539048,1.062543,2.500741
St. Vincent and the Grenadines,Latin America & Caribbean,Upper middle income,GFDD.DI.11,2.194279,3.3646674,5.7484975,6.7035556,6.3227487,5.077791,4.351673,4.1853046,4.5146637,5.798849,6.668077,6.6906853,5.672219,4.9772515,4.117211,4.828539,5.6055226,5.9109473,6.3532176,6.22939,5.640217,5.0859857,5.149729,7.0362873,7.579014,7.8915663,8.278202,9.199561,9.310219,9.298025,9.726477
St. Vincent and the Grenadines,Latin America & Caribbean,Upper middle income,GFDD.DM.11,-3.818224,-2.938374,1.2515882,3.8622115,3.8447335,3.7010028,-0.22174613,-0.6171151,2.3316112,5.12047,6.762738,6.961029,6.509765,5.244534,7.35641,8.761049,8.438831,8.971895,8.136473,7.496808,6.080176,5.115537,4.7196836,6.097569,5.632207,5.553844,5.799687,6.629382,5.8272753,7.261548,8.482349
St. Vincent and the Grenadines,Latin America & Caribbean,Upper middle income,GFDD.EI.08,9.776731,8.398058,9.588396,10.444099,11.77919,11.45472,11.0856695,10.697669,10.21987,10.987919,12.839579,13.26102,15.18559,13.2016,13.639249,17.39558,15.67672,15.9662895,17.27182,17.82175,10.1294985,8.671468,10.261419,8.432927,8.6774435,8.1417265,6.542688,7.6547537,7.194489,6.038013,9.603387
St. Vincent and the Grenadines,Latin America & Caribbean,Upper middle income,GFDD.OI.02,56.75773,55.0795,53.149178,57.16686,60.133717,58.87356,60.298306,64.08369,67.68124,71.513535,69.092476,67.47196,66.8161,65.358765,63.028282,61.671078,58.082832,56.39761,57.820805,58.919247,60.723335,62.873257,64.74902,71.74602,72.081085,67.20311,68.01118,67.97394,66.76727,68.43717,63.84364
St. Vincent and the Grenadines,Latin America & Caribbean,Upper middle income,SH.STA.BRTC.ZS,91.92103,93.26077,92.78502,92.3467,92.3179,100.0,93.04619,93.723404,97.99999,99.3,100.0,100.0,100.0,96.58639,100.0,100.0,96.67883,100.0,99.200005,98.899994,98.3,98.799995,99.200005,99.00001,99.9,98.7,98.6,99.065414,98.81087,98.63941,98.64292
St. Vincent and the Grenadines,Latin America & Caribbean,Upper middle income,SL.IND.EMPL.ZS,23.031443,21.25,21.33,21.42,21.190002,21.24,20.97,21.190002,21.38,21.060001,20.66,20.57,20.540003,20.77,20.83,20.72,21.1,21.320002,21.05,20.800001,20.5,20.35,20.22,20.25,20.01,20.040003,19.98,19.99,19.96,19.88,20.478521
Sudan,Sub-Saharan Africa,Low income,DT.TDS.DPPF.XP.ZS,4.822345,5.7974644,7.206931,5.3844123,0.5362397,10.102677,7.0670886,8.952977,9.788636,6.7696676,13.178895,13.558208,6.7501507,10.583747,8.235738,7.75748,4.854814,3.855449,2.9153585,5.6963744,4.163649,4.809725,7.028365,4.856848,4.281127,10.623497,6.307105,3.963631,4.0761223,3.686913,2.8295207
Sudan,Sub-Saharan Africa,Low income,EG.ELC.ACCS.ZS,32.8,26.919294,27.408611,27.897253,28.384535,28.869781,29.352316,29.831457,30.306528,30.776756,23.0,29.255226,29.525602,29.790567,30.052391,30.313347,30.575792,30.842442,19.969997,28.999998,38.039776,39.820805,41.591995,43.343517,44.9,46.903107,48.849403,50.754715,52.447,53.962536,55.389706
Sudan,Sub-Saharan Africa,Low income,GFDD.AI.01,7205.84,5946.865,8498.419,9286.769,10005.652,10996.796,11731.239,11322.283,10246.714,9205.046,7565.866,6630.6743,6416.6494,6426.652,5994.082,5173.8633,5369.6294,3232.3125,3175.0676,3122.9465,4151.865,2595.563,2452.7112,2470.0107,4106.053,3183.0076,3019.277,2708.0051,2458.7358,2410.0261,1171.849
Sudan,Sub-Saharan Africa,Low income,GFDD.DI.04,22.66068,26.668499,31.84867,28.694921,37.24538,35.25882,36.39616,38.07492,38.23853,30.47396,27.7059,33.3407,44.552032,50.111378,59.048138,73.13268,79.91406,77.54092,74.45062,76.28888,74.52873,66.49471,60.835667,58.764,58.2525,59.878494,58.35514,60.801945,57.749023,52.297573,36.7678
Sudan,Sub-Saharan Africa,Low income,GFDD.DI.05,31.98238,30.577568,42.97318,31.656097,23.17952,17.768959,10.919829,9.785047,9.3527565,9.361284,10.26534,10.6302395,11.79468,13.17127,13.97602,16.08024,18.18233,16.451199,16.92334,21.163769,20.97609,20.19574,26.0188,21.151138,17.63497,18.55226,16.19702,23.457651,31.630548,33.97453,25.410759
Sudan,Sub-Saharan Africa,Low income,GFDD.DI.06,25.941978,21.82503,31.46358,17.01112,10.03541,6.873406,5.645457,4.15524,3.467086,4.0924172,6.2856784,5.8049088,5.52988,5.845628,4.8689003,3.337135,3.211689,3.385181,4.120633,4.893394,5.091566,6.8917212,10.67661,10.00995,8.412364,8.302778,7.5508313,8.793832,9.995402,11.04513,13.54641
Sudan,Sub-Saharan Africa,Low income,GFDD.DI.11,-10.426045,-6.7754927,-5.4028893,-4.736236,-4.968061,-5.4693327,-6.079476,-6.217362,-5.934174,-5.256656,-4.55545,-4.366196,-5.2600265,-6.421694,-6.8949404,-6.3408513,0.5329025,0.5015301,0.56663734,0.5910753,0.5314253,0.46217692,0.61477035,0.54510105,0.48261595,0.51912874,0.5609646,0.62934905,0.6653253,-2.5494313,-3.2476048
Sudan,Sub-Saharan Africa,Low income,GFDD.DM.11,15.762517,15.5772,19.778263,22.019533,22.725327,21.792082,20.421778,20.215403,20.463087,25.469715,25.525764,25.55192,24.932999,23.761103,22.818583,22.160929,25.44212,22.132288,21.156096,19.873209,20.059877,17.34897,16.52408,16.46456,18.382004,17.924135,18.908146,19.10781,18.566074,15.265702,14.590687
Sudan,Sub-Saharan Africa,Low income,GFDD.EI.08,0.009897099,1.1295589,5.859883,1.455445,0.8436683,0.3821532,0.18565321,0.116289094,0.1254245,0.1830827,0.2922078,0.41600102,0.7070274,0.8544725,0.89184535,1.270064,2.276251,1.874596,2.6277132,4.185679,4.395215,4.385418,4.642103,3.747071,3.587589,4.127936,4.104546,5.467143,4.621827,3.2867672,2.058163
Sudan,Sub-Saharan Africa,Low income,GFDD.OI.02,15.66158,15.89972,26.50563,19.59414,13.40403,10.54835,6.369527,5.97044,5.456022,5.247274,5.6519547,6.569615,7.496176,8.370276,9.245529,11.12232,12.325371,11.463221,11.55625,14.813621,14.471621,13.16337,17.34662,13.955151,12.06682,12.4547205,10.57828,15.99229,22.19519,17.78997,13.28573
Sudan,Sub-Saharan Africa,Low income,SH.STA.BRTC.ZS,68.49999,43.64216,43.241627,43.509003,43.769203,43.413147,42.86761,42.59732,42.77271,42.823956,43.991055,46.149918,47.837013,48.875267,49.740078,50.79783,49.2,54.394844,55.150597,56.210674,72.49999,57.67941,58.2416,59.08742,77.7,60.89809,61.755135,62.536755,62.92426,62.724163,62.848858
Sudan,Sub-Saharan Africa,Low income,SL.IND.EMPL.ZS,11.07945,10.83,10.890001,10.910001,10.83,10.870001,11.010001,11.250001,11.270001,11.240001,11.33,11.47,11.69,11.92,11.890001,12.270001,12.760001,13.390001,13.94,14.160001,14.23,15.340001,16.060001,16.46,16.63,17.1,17.41,17.68,17.23,16.820002,11.258617
Suriname,Latin America & Caribbean,Upper middle income,DT.TDS.DPPF.XP.ZS,14.430633,14.527782,14.836688,14.408036,13.409939,12.83105,12.141022,12.113388,12.0366125,11.831491,11.951871,10.776365,10.8083935,10.177087,9.858211,9.0013,8.641219,7.983912,7.3827477,6.6460104,6.4860306,6.309202,6.300025,6.566256,6.902784,6.7341456,6.9027147,6.8346176,6.6686025,7.2585077,8.375164
Suriname,Latin America & Caribbean,Upper middle income,EG.ELC.ACCS.ZS,87.768616,85.84618,83.66757,83.29867,84.010124,86.58874,87.42343,88.799904,90.15528,99.62406,95.49438,95.397385,95.292816,95.18301,95.07031,94.95708,91.01984,94.738884,94.639275,94.549614,91.19752,94.410934,94.36734,94.34358,94.33763,94.89523,95.816315,96.696335,97.4,97.82542,98.20477
Suriname,Latin America & Caribbean,Upper middle income,GFDD.AI.01,4899.8066,5225.1016,5423.971,6061.9766,6988.4,8460.346,8851.49,8285.657,6422.333,4770.435,4847.066,3015.5781,3283.1277,2477.727,2574.0967,1280.8085,1475.7986,1048.3806,934.65894,-55.214504,-263.84677,-1417.078,-1694.1768,-1470.989,-1072.7659,1082.6704,1255.5658,1153.0815,1310.0896,1477.4432,1130.4099
Suriname,Latin America & Caribbean,Upper middle income,GFDD.DI.04,38.83226,38.527943,43.58972,39.581512,57.12797,80.830666,87.21338,91.62015,69.287674,54.280167,34.42623,77.36232,64.80666,70.185265,74.40924,78.31752,83.074455,89.36434,92.905945,81.96286,87.72078,88.05651,91.30384,82.77051,90.49867,72.67615,78.540054,81.09283,81.11634,73.44515,58.59803
Suriname,Latin America & Caribbean,Upper middle income,GFDD.DI.05,96.41941,103.3767,91.18784,63.00796,34.59208,25.86454,31.712118,35.19112,40.50602,32.55047,35.80908,30.886019,47.69735,44.292553,47.585617,43.62128,36.67622,42.33521,42.62192,46.74932,45.91248,46.26848,49.372517,53.059578,54.92894,60.622635,78.27046,65.38924,64.32846,64.404724,85.69757
Suriname,Latin America & Caribbean,Upper middle income,GFDD.DI.06,67.34861,72.452805,57.33976,35.59494,6.50933,1.6049961,1.9693651,1.777618,9.967416,14.398649,23.955751,3.909974,10.621921,8.6747,7.86247,6.536297,4.068593,2.621423,1.805575,5.595108,3.673617,3.4717348,2.5118132,6.42027,3.781671,14.38614,11.857261,8.823305,7.947522,11.96085,26.07257
Suriname,Latin America & Caribbean,Upper middle income,GFDD.DI.11,3.7282963,6.3988256,8.127019,8.448578,7.4773154,5.4812927,4.9225397,4.586693,5.7636113,6.2910905,7.1192765,6.568899,5.976085,5.06774,4.6841,5.5992756,6.386703,7.2149487,7.6614876,4.9675593,4.9110246,5.553187,5.7997975,6.734661,7.5843534,9.949453,13.579101,11.554694,11.716073,12.719718,13.403794
Suriname,Latin America & Caribbean,Upper middle income,GFDD.DM.11,9.416509,13.271251,16.510113,17.695381,16.506353,17.291914,13.038348,13.006939,14.873815,17.61309,21.843573,18.710295,19.72164,17.038107,19.262602,18.307299,19.553465,18.225863,16.841011,15.474734,14.191446,0.7987181,0.8256388,0.8208687,0.79584277,1.069185,2.888921,3.4491348,4.891036,4.3450413,4.805119
Suriname,Latin America & Caribbean,Upper middle income,GFDD.EI.08,3.981083,3.758146,2.769511,1.364701,0.361324,0.138235,0.1974969,1.7421491,3.494582,2.315452,3.825125,4.038606,3.118211,2.628855,3.37307,3.55172,3.3271332,2.1604052,1.324912,1.1267359,2.332155,2.029143,2.253409,3.100703,6.3599644,4.9260077,7.553565,10.721339,11.436009,11.266029,15.44872
Suriname,Latin America & Caribbean,Upper middle income,GFDD.OI.02,68.72348,76.316666,68.57917,44.280827,20.92918,16.98086,22.51284,26.29718,28.6958,20.92831,21.74197,19.48651,37.98639,37.59084,41.04235,37.29694,31.467907,36.619747,34.012386,40.02556,38.807438,39.59096,42.110416,47.62726,49.21285,54.43287,72.1725,60.11749,58.86087,57.618217,76.29976
Suriname,Latin America & Caribbean,Upper middle income,SH.STA.BRTC.ZS,85.111755,83.97069,82.87113,82.67226,83.49866,80.0,85.433784,85.889046,86.57737,88.54111,70.9,90.63295,90.0,91.55157,90.0,92.00889,86.5,90.0,90.0,90.0,90.0,96.270905,96.38713,96.572845,96.78552,90.0,96.94422,96.517265,98.4,96.47931,96.72376
Suriname,Latin America & Caribbean,Upper middle income,SL.IND.EMPL.ZS,22.277664,19.190002,19.13,19.33,19.710001,22.25,24.7,23.26,25.98,25.300001,24.910002,24.76,24.44,24.33,24.1,24.12,24.31,24.39,24.53,24.540003,24.670002,24.96,24.92,25.05,25.1,25.08,24.45,24.430002,24.49,24.33,21.480667
Sweden,Europe & Central Asia,High income,DT.TDS.DPPF.XP.ZS,11.886944,11.008488,10.710669,10.2316065,9.755998,9.09343,9.100993,9.069543,8.931747,8.463156,8.1213255,7.8322186,7.776481,7.775183,8.218662,7.1715665,6.946048,7.288232,7.0970573,6.88738,6.7030263,6.568214,6.0654116,6.342901,6.773038,7.0363665,7.0945916,6.974649,6.94265,7.2150245,8.372427
Sweden,Europe & Central Asia,High income,EG.ELC.ACCS.ZS,100.0,100.0,100.0,100.0,100.0,100.0,100.0,100.0,100.0,100.0,100.0,100.0,100.0,100.0,100.0,100.0,100.0,100.0,100.0,100.0,100.0,100.0,100.0,100.0,100.0,100.0,100.0,100.0,100.0,100.0,100.0
Sweden,Europe & Central Asia,High income,GFDD.AI.01,-140.5701,-588.721,-633.17847,125.58378,1114.886,1291.157,1846.615,968.68274,-885.3436,-2703.4043,-3372.5664,-3290.0437,-3109.553,-3155.6624,-3156.4568,-3647.6252,-3811.923,-3142.5042,-2697.2131,-2447.6577,-2717.6382,-3164.7456,-3771.4583,-3531.0195,-3195.9102,-2945.6382,-3083.3462,-3290.3167,-3337.8264,-3301.0955,-3231.329
Sweden,Europe & Central Asia,High income,GFDD.DI.04,94.40905,87.15908,85.62149,88.93322,89.96904,91.50618,92.931404,94.1671,96.74839,97.247154,98.216354,99.986336,99.989716,99.99786,95.83804,99.99783,99.998055,97.13108,96.790276,96.16563,95.69873,95.5778,99.93747,99.81071,99.789734,97.16871,95.18477,94.72058,94.45924,94.892624,95.18038
Sweden,Europe & Central Asia,High income,GFDD.DI.05,41.63522,40.52544,41.918568,43.621418,41.19741,39.36269,41.76377,40.35896,38.211067,39.421276,37.78149,43.92327,43.91227,44.0125,43.001713,46.59325,48.9472,51.28062,54.922703,63.89588,61.833233,63.214245,65.07886,66.155594,65.983925,65.948364,69.269745,72.77847,72.37709,74.08855,87.71589
Sweden,Europe & Central Asia,High income,GFDD.DI.06,3.434926,7.978412,8.816307,5.972248,4.952298,3.724885,3.0179968,2.593112,1.52547,1.222748,0.840147,0.0136996,0.0103143,0.0021453,6.0357814,0.0023882,0.0022424,5.3432946,5.883165,6.4443865,6.662252,6.374339,0.0856779,0.2624605,0.2902275,3.901518,6.847519,7.7378597,8.207862,7.493831,7.573225
Sweden,Europe & Central Asia,High income,GFDD.DI.11,28.558485,31.452787,33.606186,34.0054,33.605877,46.137478,53.40001,61.42734,66.957756,79.50601,77.37758,72.37351,64.11773,68.94691,69.818634,79.249214,69.42346,68.35391,78.0756,89.23752,83.99199,85.25401,87.42686,113.20308,104.277016,121.518135,103.049225,98.95643,93.48985,100.13465,112.52024
Sweden,Europe & Central Asia,High income,GFDD.DM.11,9.821661,11.923978,14.237427,16.040367,15.322207,14.341324,12.912182,12.942972,15.069592,12.55713,16.67443,16.536179,17.822262,20.4576,24.303421,24.42775,32.39806,34.919132,26.76271,34.62622,32.0676,25.01788,26.95121,26.36717,26.61438,25.20275,23.70943,27.2229,24.62607,25.71226,27.63281
Sweden,Europe & Central Asia,High income,GFDD.EI.08,6.95399,6.7954044,5.1335,9.899302,10.17879,8.834297,7.823162,7.131403,9.545613,5.729095,6.4524612,8.462212,7.0847263,6.5745378,6.7017665,9.370317,9.430662,8.569012,7.666401,10.877339,9.050725,9.046314,8.859962,7.989963,8.377551,7.271851,6.841605,7.55083,8.0578785,7.333782,11.067249
Sweden,Europe & Central Asia,High income,GFDD.OI.02,58.868713,57.50307,58.209805,59.6045,59.309883,58.487274,59.650482,60.920113,62.20984,63.17529,64.35245,40.059586,40.22418,40.371727,39.53205,43.16893,45.71938,48.255028,52.009228,56.007446,56.819767,58.67601,60.1669,62.59923,63.755497,64.22375,67.7914,70.92802,70.876205,72.74699,86.43284
Sweden,Europe & Central Asia,High income,SH.STA.BRTC.ZS,93.843,94.727425,95.361626,95.50562,95.467514,95.11073,95.087845,95.044426,95.359505,95.61565,96.19881,95.9946,96.0252,95.935326,96.00036,95.63391,95.74705,96.224434,96.47741,96.568726,96.61511,96.60822,96.21632,96.190414,96.29852,96.50404,96.53306,96.372314,96.13965,95.98448,95.98797
Sweden,Europe & Central Asia,High income,SL.IND.EMPL.ZS,24.624977,26.61,26.15,25.64,25.52,25.48,25.87,25.55,25.89,24.99,24.36,23.74,22.96,22.6,22.37,22.040003,21.910002,21.65,21.33,20.16,19.9,19.930002,19.65,19.16,18.6,18.29,18.2,18.16,18.18,18.42,19.97537
Switzerland,Europe & Central Asia,High income,DT.TDS.DPPF.XP.ZS,11.356557,10.4752655,10.2314415,9.775553,9.336557,9.125262,9.093638,8.960808,8.834764,8.338516,7.9635253,7.745133,7.716107,7.669542,7.4408016,7.0474467,6.421955,6.601886,6.335925,6.1779165,6.0722966,6.0005155,6.1084523,6.5102277,6.9347763,7.12015,7.067055,7.719339,7.6093736,8.002052,9.791794
Switzerland,Europe & Central Asia,High income,EG.ELC.ACCS.ZS,100.0,100.0,100.0,100.0,100.0,100.0,100.0,100.0,100.0,100.0,100.0,100.0,100.0,100.0,100.0,100.0,100.0,100.0,100.0,100.0,100.0,100.0,100.0,100.0,100.0,100.0,100.0,100.0,100.0,100.0,100.0
Switzerland,Europe & Central Asia,High income,GFDD.AI.01,566.44775,124.750534,-18.874739,443.3985,1321.4352,2152.6252,2956.8347,2270.04,450.34647,-2051.715,-2581.5022,-2628.5798,-2438.7725,-2382.487,-2672.5117,-3168.9624,-3235.9285,-3022.472,-2446.6226,-2304.7632,-2530.122,-2955.3906,-3311.1719,-3360.8125,-3061.3013,-2888.6855,-3030.9377,-2061.4219,-2153.4507,-2135.0415,-1867.5497
Switzerland,Europe & Central Asia,High income,GFDD.DI.04,99.187386,99.162025,99.17516,99.19884,99.21024,99.22258,99.210205,98.96018,98.95995,99.031845,98.95304,98.853584,98.72522,98.67194,98.750305,99.590935,99.68082,99.76044,99.7982,99.78298,99.835266,99.83844,99.84495,99.85832,99.83602,99.83504,99.84466,94.956764,94.968544,95.02496,94.01786
Switzerland,Europe & Central Asia,High income,GFDD.DI.05,124.6803,121.26741,121.7476,124.07281,124.820305,125.28501,137.02899,142.737,145.3815,159.6628,133.4319,133.5385,136.15921,141.9725,141.53981,148.3639,149.4072,146.8469,141.0757,147.991,147.8106,159.62411,176.1192,179.1617,183.4032,182.2398,185.5856,126.04738,127.05516,131.0376,136.3849
Switzerland,Europe & Central Asia,High income,GFDD.DI.06,1.250579,1.282101,1.266889,1.247156,1.242555,1.242879,1.250101,1.6634911,1.639669,1.591321,1.630356,1.717388,1.935724,2.053636,1.9460459,0.64118236,0.5109012,0.3895771,0.3186621,0.3619476,0.2722379,0.2717032,0.2717525,0.2362766,0.2754739,0.2791635,0.2683815,8.888872,8.676073,8.602959,8.668979
Switzerland,Europe & Central Asia,High income,GFDD.DI.11,41.31895,43.306103,45.7233,46.80923,46.392536,44.85047,42.958332,42.75178,43.775864,80.83057,82.072014,86.62136,81.38562,85.31338,84.625114,82.191284,80.427345,77.76707,70.303024,70.72979,69.66534,69.7667,70.852295,71.9955,74.969574,74.9189,75.389046,100.427376,95.12568,97.936386,100.90527
Switzerland,Europe & Central Asia,High income,GFDD.DM.11,21.577362,23.459557,25.661974,26.877678,26.147291,24.49231,22.873247,22.588366,24.55188,82.11856,83.99074,84.523605,98.032326,100.878204,103.7566,97.06403,115.4674,125.2783,111.131004,128.9645,119.119896,96.25213,106.911896,101.8408,92.340836,92.904175,92.60822,94.706665,86.46186,93.258545,98.934235
Switzerland,Europe & Central Asia,High income,GFDD.EI.08,8.45906,8.682159,9.1809635,11.773079,12.014669,12.14141,12.513589,12.24441,11.729159,11.92073,12.54624,11.73391,12.791659,12.077829,11.64238,10.5287285,10.105689,9.498984,12.5131,12.4137,12.227539,12.920609,14.11044,3.980784,4.3621,4.083402,4.01114,18.05273,18.440954,18.714823,19.138285
Switzerland,Europe & Central Asia,High income,GFDD.OI.02,91.11172,89.52605,90.16263,96.76797,98.37179,101.9309,111.194496,117.0886,119.7799,133.4624,104.1365,104.90399,111.7591,120.25481,120.31861,123.9135,122.406105,118.857704,116.635,128.3671,131.34471,139.55821,150.23041,160.00311,163.6755,164.3278,167.38521,112.92294,113.863014,116.56132,120.20673
Switzerland,Europe & Central Asia,High income,SH.STA.BRTC.ZS,95.296646,96.089806,96.89978,97.331055,97.36766,97.12256,97.015656,96.97941,97.325455,96.92224,97.53408,97.83969,97.84329,97.79562,97.62614,97.53329,100.0,97.65524,97.83123,97.87404,97.7781,97.61598,97.552444,97.602264,97.71009,97.89533,97.91719,97.68449,97.460365,97.327965,97.57054
Switzerland,Europe & Central Asia,High income,SL.IND.EMPL.ZS,27.069649,29.22,28.05,27.26,27.39,28.42,26.48,25.39,25.15,24.690002,25.0,24.45,23.410002,22.44,22.300001,22.46,22.65,22.540003,22.88,22.14,22.45,22.280003,21.61,21.79,21.29,20.75,20.59,20.52,20.46,20.34,20.807932
Syrian Arab Republic,Middle East & North Africa,Low income,DT.TDS.DPPF.XP.ZS,14.35005,14.141585,14.472965,14.028754,13.4375,12.904216,12.695079,12.555046,12.408418,12.38216,11.610327,11.180395,10.924474,10.564315,10.304854,9.519922,9.289838,8.003836,3.377533,3.8644247,3.1193984,6.3316927,6.9948025,7.4176884,8.687928,9.054211,9.086651,8.786274,8.603476,8.829207,10.592797
Syrian Arab Republic,Middle East & North Africa,Low income,EG.ELC.ACCS.ZS,90.38253,89.40696,86.909645,86.38197,86.22546,87.65532,89.172035,90.53783,91.52976,92.35063,93.48359,93.21865,86.6,92.66836,92.38771,92.10653,99.50577,91.55242,91.28487,91.027245,92.7,91.514725,90.79319,90.1494,89.975494,89.81643,89.669235,89.530945,86.0,89.26921,89.14032
Syrian Arab Republic,Middle East & North Africa,Low income,GFDD.AI.01,4357.527,4817.408,5080.3384,7084.7954,7028.5493,8388.715,9291.677,8680.295,6651.9854,4629.209,3733.0076,3172.4863,3047.867,2917.809,3235.5857,2044.8405,2225.9258,57.175205,195.44623,207.52614,205.83496,208.81363,207.67508,212.05827,1250.0348,1275.0059,914.91595,413.36234,167.23238,-145.30183,-243.68834
Syrian Arab Republic,Middle East & North Africa,Low income,GFDD.DI.04,45.03312,48.8093,50.16159,59.589947,52.62965,53.468166,50.723736,51.2067,50.96994,53.6008,54.72924,55.075504,53.38943,58.83732,58.83082,62.987408,64.878334,69.89405,75.82396,77.77023,80.476326,66.36186,84.90756,85.48621,85.76728,85.59772,85.222916,85.32629,85.52619,86.26017,85.76377
Syrian Arab Republic,Middle East & North Africa,Low income,GFDD.DI.05,54.69873,53.31585,53.38966,62.497852,57.34409,55.48632,50.53419,50.68156,52.82626,57.82782,59.492367,68.909676,73.78013,82.79576,77.7279,72.80409,68.15628,65.465355,67.64948,71.35808,73.10891,57.8482,61.790573,63.675842,63.47619,63.840084,63.245323,62.753426,64.402374,68.527824,75.18541
Syrian Arab Republic,Middle East & North Africa,Low income,GFDD.DI.06,39.14649,36.80271,36.68433,37.13236,35.43759,35.82399,35.0692,35.72184,34.27416,33.11386,29.11332,29.910608,28.8045,28.468111,24.46819,20.764389,18.2716,15.73979,12.99298,12.62894,11.39674,19.810831,8.188528,8.506592,8.941559,9.73052,10.16422,10.036411,9.940819,10.044279,9.925043
Syrian Arab Republic,Middle East & North Africa,Low income,GFDD.DI.11,11.209006,13.381929,15.339823,15.415512,16.035091,14.938634,13.604569,13.222597,14.264667,15.881451,15.643423,15.475672,14.46541,13.144137,12.177889,12.990488,13.387987,0.49484423,11.421323,10.890498,0.9841258,11.269482,13.838021,14.26471,15.149489,15.313978,15.667534,15.715671,16.814955,17.930899,19.1223
Syrian Arab Republic,Middle East & North Africa,Low income,GFDD.DM.11,14.882542,18.364006,22.233683,28.67631,25.272991,23.826946,22.30934,22.170063,23.5448,26.747484,27.496357,28.098673,27.49992,26.504114,27.742956,26.62011,27.887764,0.0458688,0.062973,0.1684341,0.2297249,18.72317,20.735382,20.478437,22.73408,24.0077,24.852882,24.491522,23.504951,22.421738,23.76935
Syrian Arab Republic,Middle East & North Africa,Low income,GFDD.EI.08,24.61476,26.49292,27.354519,44.011803,29.02958,30.013569,26.45439,27.65036,26.443369,29.05481,27.10726,28.892778,25.522709,30.587538,23.31053,20.57186,19.053461,21.45657,24.36575,24.54464,24.704979,8.3396435,8.212099,8.362328,8.55157,8.582812,8.708848,8.957078,9.3769245,9.707513,10.383164
Syrian Arab Republic,Middle East & North Africa,Low income,GFDD.OI.02,23.830019,23.262312,24.29944,30.916119,30.03314,29.73913,27.40205,28.24735,29.51746,34.40602,36.589798,44.847298,49.41786,55.0094,49.6699,46.209007,43.8648,44.26313,47.97145,51.37203,52.894066,37.43602,57.692284,58.16349,60.28674,60.54392,59.821632,59.216312,60.2581,62.631298,67.13564
Syrian Arab Republic,Middle East & North Africa,Low income,SH.STA.BRTC.ZS,85.969826,85.6666,84.64347,76.899994,84.20557,84.76587,84.95196,85.55006,86.42372,87.35368,88.4174,89.28285,89.76795,90.132744,89.7,90.264114,91.5,92.56433,93.81386,96.2,95.19044,93.526436,91.78257,92.490005,93.21303,94.00384,94.14974,94.03495,93.904655,94.290184,95.13991
Syrian Arab Republic,Middle East & North Africa,Low income,SL.IND.EMPL.ZS,23.662758,24.99,25.79,26.63,28.61,30.51,29.980001,29.14,28.94,28.29,26.1,25.73,25.910002,25.6,26.15,27.25,28.26,29.060001,29.97,30.680002,31.290003,31.43,28.24,25.03,23.35,22.77,22.560001,22.42,22.820002,23.190002,21.379313
Tajikistan,Europe & Central Asia,Lower middle income,DT.TDS.DPPF.XP.ZS,12.341191,12.150365,12.492267,12.499412,12.896614,12.730769,12.798232,12.958268,11.964763,12.083971,11.385574,10.915196,9.14847,5.61848,5.8250294,7.251051,5.153285,3.284617,5.174533,4.4743366,2.6848848,2.1471891,2.9557652,3.4586072,4.2760754,5.3475194,7.441343,6.492347,8.630176,7.9822803,6.3804784
Tajikistan,Europe & Central Asia,Lower middle income,EG.ELC.ACCS.ZS,85.34805,85.04824,81.59057,79.86068,79.13452,78.75071,79.17056,79.957825,84.85367,97.0,98.46774,98.6331,99.0,100.0,98.62709,99.3,98.61654,98.61672,98.62414,99.0,98.6715,98.71686,99.1,98.86355,98.96462,98.0,99.20831,99.3,99.3,99.63321,99.7793
Tajikistan,Europe & Central Asia,Lower middle income,GFDD.AI.01,3552.2292,3493.4285,3943.0366,5658.3643,8715.941,10565.463,11957.449,11777.031,7120.6826,6810.9185,5770.3877,4969.057,4341.4575,3839.08,171.8039,196.55351,323.2907,239.08055,237.36179,328.6991,370.3035,415.2601,558.57227,711.86804,998.5682,1209.2924,1053.8191,791.90393,804.4115,941.81635,987.98486
Tajikistan,Europe & Central Asia,Lower middle income,GFDD.DI.04,77.09637,75.04479,72.47004,70.57518,68.085556,67.472275,67.156006,66.81251,49.52666,46.99278,64.93855,54.01674,58.19139,63.906124,76.942116,80.25783,85.666306,93.71989,90.71243,89.095566,91.560745,92.12967,74.52232,79.377365,82.84835,84.10384,66.64436,60.57085,61.878437,64.875114,66.98264
Tajikistan,Europe & Central Asia,Lower middle income,GFDD.DI.05,18.309525,17.852734,16.860416,14.827333,11.829536,9.374758,8.411688,8.560035,7.0799522,6.7235813,8.171824,7.9362216,8.372872,8.290935,7.036164,12.834259,16.48456,24.95846,7.1193833,9.94559,10.426839,11.7345295,11.4241295,11.629939,13.84606,16.58904,15.111031,12.92437,11.73363,10.527679,11.629089
Tajikistan,Europe & Central Asia,Lower middle income,GFDD.DI.06,10.031112,11.8293295,11.524881,10.425521,9.76358,9.122618,8.712981,8.452369,11.61546,12.003381,7.3600497,12.28827,9.813304,6.219867,4.588439,3.902884,2.697813,1.9734571,1.455439,1.6221379,1.248623,1.420544,4.860879,4.953797,4.523877,4.623144,10.49567,10.45697,8.9707575,7.7781887,7.447382
Tajikistan,Europe & Central Asia,Lower middle income,GFDD.DI.11,-10.598375,-8.43672,-6.3084455,-5.5952783,-6.4768167,-7.7040052,-9.0442295,-9.530772,-10.841551,-12.817972,-11.618511,-11.513445,-14.135201,-14.901452,-15.456267,-14.406968,-13.456815,-12.896269,-11.395282,-13.176779,-10.293506,-12.05642,-11.491548,-11.29103,-11.184043,-10.864216,-9.713584,-9.537429,-8.626727,-8.82142,-9.892274
Tajikistan,Europe & Central Asia,Lower middle income,GFDD.DM.11,-19.427488,-13.1571245,-11.415052,-6.093596,-0.18200397,-0.011226081,-1.3901974,-1.7758187,4.5261607,9.005003,8.537045,7.7797327,4.9110656,4.4249945,5.900141,5.8706045,5.0452995,3.3573167,2.564133,0.46079335,0.0088626,0.0149375005,0.006785,0.0206748,0.0125831,0.0113832,0.011508,0.0111957,0.0130933,0.008994499,0.017818099
Tajikistan,Europe & Central Asia,Lower middle income,GFDD.EI.08,-1.7053131,-1.9296932,-2.204321,-2.18433,-2.5993772,-2.911925,-3.1694217,-3.2559202,0.10773169,0.0797496,0.071514,0.72316575,0.7248746,0.6262727,0.3436086,0.39879292,1.0904449,0.4913045,0.01192012,0.9881632,0.70546865,2.400722,2.091201,2.3288271,1.978887,3.4504602,1.6984651,3.5592391,1.3276839,1.720311,3.070286
Tajikistan,Europe & Central Asia,Lower middle income,GFDD.OI.02,8.118614,4.1323466,7.140445,8.894811,9.034759,9.572974,9.745106,9.248645,2.235163,1.983159,3.231361,3.409331,4.067633,4.625326,4.157948,5.370189,7.568793,16.43079,9.224115,9.60546,9.91958,10.721141,10.19074,10.6903,10.90125,12.447491,12.86443,11.22773,9.685406,8.618558,9.6021805
Tajikistan,Europe & Central Asia,Lower middle income,SH.STA.BRTC.ZS,88.56142,90.299995,85.955185,83.58141,82.6,80.9,79.0,72.6,74.1,66.6,70.7,81.1,88.7,88.1,75.1,82.4,78.3,88.4,85.0,87.1,87.7,89.0,87.399994,90.799995,90.299995,97.99999,96.84169,94.799995,96.22115,96.34819,96.79077
Tajikistan,Europe & Central Asia,Lower middle income,SL.IND.EMPL.ZS,20.989895,23.910002,22.76,21.62,20.44,19.2,18.12,17.4,16.930002,16.6,16.53,16.76,17.12,17.61,17.99,17.36,16.86,16.430002,16.03,15.69,15.64,15.510001,15.5,15.54,15.510001,15.5,15.53,15.440001,15.5,15.79,19.704851
Tanzania,Sub-Saharan Africa,Lower middle income,DT.TDS.DPPF.XP.ZS,31.295355,39.431004,39.269592,26.343222,18.435646,17.16144,18.445768,12.176036,18.392937,17.266645,11.231204,7.470978,5.037606,3.6903915,4.228796,3.9175978,2.1001692,1.0435208,0.619235,1.0485193,1.3295375,1.040592,1.027332,2.5156746,2.526058,4.8593707,7.9125295,9.776444,11.66026,12.173212,14.264076
Tanzania,Sub-Saharan Africa,Lower middle income,EG.ELC.ACCS.ZS,2.304883,0.5333101,6.8,2.3301878,3.300647,4.2690673,9.4,6.197068,7.1552896,8.0,8.916726,9.861009,10.797707,11.1,11.4,13.585785,14.515698,15.450132,11.5,11.2,14.8,14.2,15.299999,16.4,23.499998,26.170637,32.8,32.251175,35.048023,37.659687,39.9
Tanzania,Sub-Saharan Africa,Lower middle income,GFDD.AI.01,-190.97647,1327.0392,6401.3325,5407.8203,6441.1313,7420.576,9241.943,7495.2754,6320.7065,7402.863,3566.7593,1676.5441,1341.7068,506.87103,1517.6309,0.0,0.0,0.0,0.0,0.0,0.0,0.0,0.0,0.0,0.0,-1413.2979,-448.8787,-1617.6682,-1676.8033,-1658.7147,-1907.9674
Tanzania,Sub-Saharan Africa,Lower middle income,GFDD.DI.04,55.37356,61.960922,54.13209,55.655693,59.92073,56.789562,56.937656,61.475784,70.36072,67.82041,71.38232,72.087105,81.02205,83.492546,83.4557,81.881325,82.40269,87.07034,88.703354,84.09661,87.14281,87.543495,86.52488,86.69014,86.87775,85.68994,86.69748,89.98646,86.24231,88.94687,79.49639
Tanzania,Sub-Saharan Africa,Lower middle income,GFDD.DI.05,19.9348,19.9692,22.13029,24.46011,24.85646,25.64575,22.2445,20.083618,12.811349,13.118589,13.320539,14.037339,15.253799,15.32688,15.870521,19.153479,20.16372,21.675268,22.29785,22.86668,24.647999,24.124159,23.53002,22.071,22.53442,23.43981,21.112469,20.813099,20.01139,20.27549,20.145569
Tanzania,Sub-Saharan Africa,Lower middle income,GFDD.DI.06,15.57073,12.001961,13.0723295,15.18954,11.771191,10.8052,7.945951,5.733929,2.870039,3.198422,2.7710268,2.844281,2.123553,1.8861321,2.0373318,2.884232,3.0853212,2.562773,2.20554,3.151143,2.66555,2.4522,2.908046,2.889904,2.917255,3.3229792,2.857487,2.065622,2.728312,2.166456,4.4445167
Tanzania,Sub-Saharan Africa,Lower middle income,GFDD.DI.11,-5.6765423,-2.5323434,-1.5841143,-1.1354315,-1.2242246,-1.9355934,-2.64389,-2.9291935,-2.7292042,-2.4035027,-1.3488842,0.024090132,-0.63027376,0.7346171,0.7266153,0.781997,0.7868963,0.78121865,0.8653338,0.8349875,0.79612994,0.7709344,0.7228461,0.7111591,0.75054914,0.77307004,0.7708494,0.72644883,0.72535545,0.74845415,0.8248247
Tanzania,Sub-Saharan Africa,Lower middle income,GFDD.DM.11,7.5682545,9.090365,15.448318,15.076576,15.886352,15.3488455,16.282532,13.733286,13.425436,21.028002,17.444523,0.007285,0.0052542,0.0094944,0.0080329,0.0111839,0.0116597,0.017194001,0.007211,0.010063499,0.0094464,0.0107369,0.0030477,0.009620099,0.0135744,0.0062919003,0.0100406,0.0054455004,0.0011743001,0.0019528001,10.522605
Tanzania,Sub-Saharan Africa,Lower middle income,GFDD.EI.08,5.418536,5.519607,5.682959,8.267055,7.899108,7.54577,7.4126472,5.604683,3.872207,3.5490272,3.799092,3.583492,4.456006,3.83766,3.706331,0.0056098,5.122943,6.154709,5.667069,5.657308,6.561941,5.025095,5.9436603,6.361892,6.087656,5.426219,5.0637355,5.576394,4.470818,4.885421,4.793903
Tanzania,Sub-Saharan Africa,Lower middle income,GFDD.OI.02,12.930831,13.94306,15.10398,17.31549,17.11434,17.00023,14.965141,13.58983,8.818067,8.795705,9.389697,12.1948,13.37982,13.90392,13.46477,16.142561,17.663351,18.595919,17.9753,18.72569,20.25419,19.85279,19.433191,18.25625,18.39624,19.248411,16.785141,16.69519,15.934741,15.595241,15.53157
Tanzania,Sub-Saharan Africa,Lower middle income,SH.STA.BRTC.ZS,41.466087,40.59387,43.9,39.073265,39.50301,39.36329,38.2,38.889194,39.546165,35.8,41.437347,43.760933,45.287132,46.947495,43.4,45.1,51.3465,52.536804,53.316036,53.928955,48.899998,55.24864,61.399998,56.692635,57.462074,56.342472,63.499996,57.83335,58.350376,58.397873,57.70017
Tanzania,Sub-Saharan Africa,Lower middle income,SL.IND.EMPL.ZS,10.153268,2.65,2.64,2.63,2.62,2.62,2.63,2.64,2.68,2.74,2.83,2.96,3.32,3.76,4.26,4.84,5.49,5.56,5.63,5.72,5.81,5.92,6.02,6.13,6.25,6.29,6.34,6.38,6.43,6.47,9.992774
Thailand,East Asia & Pacific,Upper middle income,DT.TDS.DPPF.XP.ZS,11.420792,4.8401093,4.8844056,4.357408,4.5337925,3.7420998,2.9169915,2.6609287,3.477911,5.67804,5.784918,8.193951,10.624391,7.964224,4.185492,2.367361,2.030184,1.0963902,1.1301911,0.5553502,0.43233722,0.52926606,0.36980015,0.5162358,0.24345759,0.50282717,0.27937913,0.25089902,0.4769471,0.5905337,0.50948274
Thailand,East Asia & Pacific,Upper middle income,EG.ELC.ACCS.ZS,86.902054,83.472855,80.38893,80.277794,81.525215,83.819,86.20648,88.33721,89.96677,91.071106,82.1,90.45138,91.08022,91.70383,92.32455,92.94473,99.1462,94.19337,94.82717,98.96,99.7,99.35184,99.10863,99.440575,99.461945,99.600006,99.84996,99.90001,99.82001,99.90001,100.0
Thailand,East Asia & Pacific,Upper middle income,GFDD.AI.01,407.31393,-928.41644,-1621.1495,-821.5555,659.7275,2048.6853,2946.756,2193.2146,310.60223,-1224.9905,-1809.3763,-2132.6528,-2313.409,-2473.962,-2865.5715,-3317.1255,960.0363,1009.4085,1023.69543,1036.3292,1071.57,1127.8314,1118.5833,1149.9514,1171.4841,1188.672,1211.9122,1267.8074,1281.2147,1327.4283,1372.0105
Thailand,East Asia & Pacific,Upper middle income,GFDD.DI.04,97.61938,98.15452,98.32616,98.95268,99.59337,99.61127,99.504105,98.94553,97.11651,97.35972,97.81448,97.37161,98.04248,98.1374,98.46405,98.62493,98.34339,97.550804,97.25443,97.05067,97.35117,97.83628,98.16216,98.47852,98.68776,98.56929,98.38756,98.1491,98.01187,98.227486,98.08213
Thailand,East Asia & Pacific,Upper middle income,GFDD.DI.05,73.474915,76.859215,78.13287,83.63287,81.88876,84.335686,84.8252,99.86541,110.1262,112.20311,111.209305,111.2387,106.952805,111.2216,106.348206,102.5569,99.254944,91.76361,92.80585,90.416794,87.26909,92.83801,103.1156,107.269,108.296104,110.8262,109.7174,109.09241,108.8852,109.5362,129.5129
Thailand,East Asia & Pacific,Upper middle income,GFDD.DI.06,2.2430952,1.813477,1.7577089,1.230546,0.54075664,0.5645069,0.7566707,1.826254,4.847393,3.855992,2.692873,2.9516768,2.266099,2.092954,1.713045,1.489496,1.6926531,2.430894,2.761009,3.1220782,2.791342,2.501463,2.233415,1.914799,1.697986,1.8941071,2.072283,2.358589,2.54235,2.241822,2.826356
Thailand,East Asia & Pacific,Upper middle income,GFDD.DI.11,6.6626716,9.476704,12.055474,13.051764,12.727778,11.615598,10.542153,10.530572,11.625986,12.8465,14.053331,13.737732,7.894876,9.0193405,9.417393,9.883719,9.955106,10.521852,10.642853,12.454806,13.2966385,20.202574,18.691051,18.424028,20.64611,22.01763,23.030897,23.500732,23.72119,16.38512,16.956892
Thailand,East Asia & Pacific,Upper middle income,GFDD.DM.11,-0.9854044,0.26793128,2.4682856,4.2141814,4.6570354,4.2499413,2.8508635,2.7850657,4.7917624,7.462194,0.3441665,0.6176379,1.195078,1.576038,0.5384758,1.324866,1.378269,4.540473,3.873811,7.146492,5.2761526,4.037992,5.521589,5.3625603,6.25868,6.256632,5.303547,5.819921,5.286684,5.923813,5.2765794
Thailand,East Asia & Pacific,Upper middle income,GFDD.EI.08,11.97802,10.31331,8.603077,8.254337,6.763873,5.870739,5.519228,4.862549,9.855045,14.47123,15.40021,16.269209,16.62834,16.13994,14.675159,13.003689,11.577409,10.595779,10.105059,12.39429,11.906339,11.679339,12.91775,12.41698,13.703919,14.638579,12.70231,12.98956,13.202279,12.98205,18.98038
Thailand,East Asia & Pacific,Upper middle income,GFDD.OI.02,67.56979,71.2276,72.13337,77.42273,75.473206,77.75383,78.46774,92.8509,103.5302,102.225296,103.5033,103.2677,98.667694,102.7948,98.03866,94.5902,91.81309,86.58662,88.19774,93.74232,91.123405,96.80398,108.9162,113.7968,115.751205,117.17491,114.7548,113.5236,112.9723,113.4294,134.9653
Thailand,East Asia & Pacific,Upper middle income,SH.STA.BRTC.ZS,90.03438,89.36517,88.69884,88.715385,89.08921,89.76322,90.71743,91.60895,92.46093,93.35706,99.3,96.38076,96.387375,96.40846,96.35981,96.379776,96.9,97.737305,98.04504,99.4,98.21752,98.292435,99.6,99.6,98.677605,98.77552,99.100006,98.4109,98.108955,98.38936,98.5076
Thailand,East Asia & Pacific,Upper middle income,SL.IND.EMPL.ZS,24.248096,15.45,15.770001,17.55,18.03,19.77,20.79,19.72,17.710001,18.37,19.03,18.83,19.92,21.07,22.210001,22.38,21.95,21.92,21.18,20.780003,20.64,19.44,19.820002,20.24,23.52,23.68,23.68,22.85,22.81,22.84,23.021284
Timor-Leste,East Asia & Pacific,Lower middle income,DT.TDS.DPPF.XP.ZS,17.671055,18.13052,18.527275,18.18429,17.575998,17.282694,17.650633,19.505426,18.072653,17.535713,17.365252,16.518253,16.485678,14.593757,11.420271,10.585418,0.0,0.0,0.0,0.0,0.0,0.0,7.666767e-05,0.0018154808,0.00811651,0.02199259,0.12417994,0.19778077,0.3146459,0.5459839,1.0777055
Timor-Leste,East Asia & Pacific,Lower middle income,EG.ELC.ACCS.ZS,22.69275,18.98664,17.70954,18.076284,18.776987,19.312977,19.130352,18.297482,17.931742,17.94797,17.592812,25.599998,23.963612,27.7,30.31347,33.486423,36.661243,36.6,43.027164,46.22368,38.0,52.657364,55.899952,59.162376,62.442604,67.28153,76.5,79.77896,85.3814,90.79865,96.123314
Timor-Leste,East Asia & Pacific,Lower middle income,GFDD.AI.01,5169.4463,7095.2144,8792.18,10243.339,11745.624,13631.798,14892.72,16785.107,13703.22,12062.468,12869.404,11964.69,13778.6,9922.971,62.184193,69.55494,69.87889,81.11552,113.35409,135.19771,155.72932,261.05496,374.08215,377.36032,450.66052,543.183,495.8478,543.9991,510.64484,535.9907,539.5121
Timor-Leste,East Asia & Pacific,Lower middle income,GFDD.DI.04,49.250336,43.758953,39.95318,39.357956,40.4475,41.778164,41.828094,37.554317,39.150894,38.43643,39.448345,42.353523,43.833904,98.74644,99.972946,99.97446,99.12004,99.78059,89.76472,98.7219,82.83675,90.57163,97.36289,97.98099,97.075035,98.05819,97.800964,98.62877,98.563194,98.38979,99.17981
Timor-Leste,East Asia & Pacific,Lower middle income,GFDD.DI.05,5.564121,4.2855573,4.108,4.6176934,4.7162485,4.362141,3.716587,5.303428,3.0909946,2.705886,1.3441185,3.3222754,9.301988,12.56644,14.94725,16.85998,22.01277,26.476479,29.708279,36.9178,33.45715,30.93125,35.06955,35.84051,41.44421,40.28207,44.46129,50.934372,53.57576,38.49132,45.680122
Timor-Leste,East Asia & Pacific,Lower middle income,GFDD.DI.06,6.3890767,7.9245133,7.2787175,5.887477,4.772801,4.270089,4.249962,5.870995,4.050354,1.8480954,3.1243896,2.7610962,2.6119099,0.0678269,0.0054260003,0.0058492,0.2180021,0.0407039,1.8004279,0.1840694,2.5699708,1.3184,0.3637539,0.2629882,0.3875493,0.25802812,0.2770508,0.22034809,0.22665289,0.2072876,0.1251803
Timor-Leste,East Asia & Pacific,Lower middle income,GFDD.DI.11,-8.578707,-5.095012,-3.2911584,-2.8717704,-3.301786,-3.7043555,-4.508158,-5.3905563,-4.670147,-3.7467437,-4.583553,-4.4421268,-7.4460692,-7.8506913,-8.680721,-7.7550306,-7.6481137,-2.353464,-6.302471,-6.8325515,-7.3966255,-7.5133796,-7.154754,-6.9984927,-7.280843,-7.8156085,-7.267581,-6.460312,-6.062845,-6.3540406,-7.1180778
Timor-Leste,East Asia & Pacific,Lower middle income,GFDD.DM.11,15.311046,18.054583,23.868864,28.735582,30.826588,29.129719,27.821531,32.63138,30.392504,37.108547,38.384308,39.13046,38.20733,35.166557,30.718945,29.787195,25.980803,384.30038,22.116865,20.41155,23.177248,17.901232,16.539345,15.9977865,16.000309,16.20109,18.57352,16.42998,15.33081,14.364071,14.40505
Timor-Leste,East Asia & Pacific,Lower middle income,GFDD.EI.08,-2.4162583,-3.0298367,-3.5089462,-3.606855,-3.6180098,-3.6314182,-3.7567682,-4.048167,-4.246645,-4.3453593,-4.1947904,-3.5985982,-2.3525078,-0.73807555,-0.20534898,-0.062309213,0.77567345,2.222196,1.4785154,1.975255,2.18198,2.6669629,3.1204426,3.4268467,3.7391872,3.870264,4.1089473,4.4336987,4.8015857,5.0926704,5.968814
Timor-Leste,East Asia & Pacific,Lower middle income,GFDD.OI.02,12.067766,8.222283,10.152693,11.603327,11.623464,11.610957,11.794849,10.672134,9.353421,11.951174,11.386006,12.002303,9.301989,12.44346,14.696679,16.47279,21.61374,26.05779,29.329918,36.532467,33.07453,30.560667,34.65857,35.356167,40.76847,39.52724,43.58228,49.99834,52.428616,37.49598,44.447556
Timor-Leste,East Asia & Pacific,Lower middle income,SH.STA.BRTC.ZS,38.23513,35.40624,32.875168,32.210567,32.368153,32.551895,31.970385,25.8,30.115404,30.221344,31.183962,34.021755,24.0,18.4,51.775246,53.17837,56.633423,60.648693,62.272686,64.803894,29.300003,66.60936,68.16939,70.18296,72.44521,74.54868,56.7,76.88135,77.235275,77.42496,78.30466
Timor-Leste,East Asia & Pacific,Lower middle income,SL.IND.EMPL.ZS,12.088061,7.750001,8.000001,8.290001,8.56,8.85,9.06,8.870001,7.43,7.02,8.72,9.270001,10.000001,6.89,5.84,6.02,6.22,7.33,8.370001,9.44,9.3,9.56,9.870001,10.900001,11.640001,13.45,15.370001,13.45,14.35,16.320002,15.867588
Togo,Sub-Saharan Africa,Low income,DT.TDS.DPPF.XP.ZS,11.478079,7.5198946,5.432658,6.0137253,4.7143426,5.423747,9.266103,9.82055,6.977563,7.6214676,5.451664,6.4849772,2.3027682,2.3877501,2.646969,2.3430579,2.7667038,1.288583,15.823152,4.1889653,2.5875826,0.7171289,1.1259847,2.22633,2.7893057,3.2181897,4.8088574,5.432104,5.557635,5.4041047,8.213765
Togo,Sub-Saharan Africa,Low income,EG.ELC.ACCS.ZS,17.528204,14.893298,14.725066,15.981242,16.968529,17.553934,17.920809,18.307886,15.299999,16.073,16.956234,19.600367,21.352861,23.100119,24.844492,26.588327,27.899998,30.084267,31.841726,33.609127,30.791742,39.7,38.998062,40.831367,45.7,44.64759,46.76501,48.0,50.0,52.36311,53.997433
Togo,Sub-Saharan Africa,Low income,GFDD.AI.01,-2699.9197,-1903.7812,-1121.9242,123.85023,1502.5718,2926.495,3743.5376,3390.0676,4572.8296,820.9958,391.71677,-1733.4999,-1337.0524,-359.7412,81.37813,58.34168,64.03658,72.98893,213.33714,197.27121,158.82904,157.23477,156.92142,168.00026,248.41394,235.79712,219.65002,230.9615,216.3423,230.93216,239.75482
Togo,Sub-Saharan Africa,Low income,GFDD.DI.04,70.607956,74.15834,73.80591,71.98483,69.6248,66.75245,69.06253,72.2849,69.995026,70.317444,70.29802,72.02303,74.89447,81.25195,86.50335,90.40692,91.98897,94.52638,92.81483,85.29377,83.83435,84.75193,87.5104,89.3166,91.6876,93.49186,95.76198,94.8707,94.15344,93.187225,89.69524
Togo,Sub-Saharan Africa,Low income,GFDD.DI.05,36.0501,36.47075,30.16565,32.436707,29.96439,30.58327,24.970598,22.522099,21.05509,22.021328,23.26793,22.09095,19.76352,21.191101,25.79738,26.07082,31.334898,35.269573,35.84811,38.80376,42.25584,45.41658,45.73066,45.35186,48.43481,53.229717,39.712677,42.04903,43.08395,42.03796,45.43344
Togo,Sub-Saharan Africa,Low income,GFDD.DI.06,9.449583,8.736785,8.926555,11.5663595,9.13207,10.87099,9.364673,7.5458355,8.172479,6.9866343,6.316994,6.0732465,4.622972,3.768639,3.111877,2.3857331,1.9708071,1.399551,2.324226,5.698773,6.497697,6.510893,5.830326,5.077476,4.288246,3.330694,1.770862,2.253716,2.641912,3.1153948,4.684736
Togo,Sub-Saharan Africa,Low income,GFDD.DI.11,-5.152839,-1.6914339,0.32096264,1.1242317,0.9359507,0.14285606,-0.7625772,-1.0696388,-2.1304655,-0.3596658,1.495725,1.5230249,-0.38583767,-1.6428031,1.7549045,1.9292545,1.8860947,1.7447914,1.5773429,2.2763896,2.5774252,3.0292368,3.264228,3.544894,3.86904,3.8294935,3.7431848,3.9240096,4.237823,0.74287355,1.0264186
Togo,Sub-Saharan Africa,Low income,GFDD.DM.11,3.0172265,5.055989,8.064378,10.027534,10.897033,10.436338,9.347136,8.899039,10.318288,0.4376675,0.4340549,2.651834,2.7587001,2.66833,4.205678,3.9499,4.232737,3.7363858,3.457819,3.363364,3.9167998,8.224034,8.580622,6.4862733,12.432529,10.84601,22.048971,22.68379,22.65954,24.84814,8.503384
Togo,Sub-Saharan Africa,Low income,GFDD.EI.08,0.27790192,0.2371814,0.37104592,0.4160986,1.768774,1.478832,1.7761191,1.614686,1.613053,1.301947,1.0211849,2.6618862,2.7862449,2.4674642,5.2081757,6.296704,6.7637043,2.800028,8.754283,9.200985,9.354149,8.083115,9.612185,10.25597,12.34538,10.797619,12.770149,16.186779,20.100979,21.107561,18.8669
Togo,Sub-Saharan Africa,Low income,GFDD.OI.02,28.585121,28.220442,25.039259,29.160547,21.54207,19.13397,16.83177,15.35893,13.76731,13.39417,13.945311,13.926341,14.232171,17.00159,19.40887,20.674341,22.959099,25.246,26.737911,29.463648,30.941,34.19684,36.963917,37.04668,41.25766,42.73921,32.75859,33.838726,34.523457,33.965126,37.80123
Togo,Sub-Saharan Africa,Low income,SH.STA.BRTC.ZS,53.512028,52.627556,52.159878,52.40674,52.597244,52.648064,52.607563,52.75491,50.5,52.835945,35.4,56.674408,57.4052,60.8,61.579258,62.441513,52.399998,64.53272,65.47446,66.336296,43.9,68.017044,68.953545,70.03283,44.600002,72.31763,73.239006,69.399994,73.68533,73.836266,72.72969
Togo,Sub-Saharan Africa,Low income,SL.IND.EMPL.ZS,14.115345,15.130001,15.049999,14.91,14.82,14.770001,14.68,14.57,14.43,14.29,14.270001,14.1,13.93,13.770001,13.520001,13.280001,13.120001,13.010001,12.81,12.770001,12.7,12.67,12.640001,12.72,12.72,14.7,16.92,19.33,19.280003,19.210001,14.729005
Tonga,East Asia & Pacific,Upper middle income,DT.TDS.DPPF.XP.ZS,3.4806042,4.3470616,4.694209,4.4561443,9.395435,8.995345,8.924807,8.884596,8.711516,8.429492,8.099081,9.786335,8.886565,8.230345,8.631919,9.761099,8.579507,10.631618,8.748697,7.165323,9.318655,6.5467277,6.1471677,5.682095,6.729059,7.277345,5.0674343,3.9974778,6.5779276,3.3098657,3.9465625
Tonga,East Asia & Pacific,Upper middle income,EG.ELC.ACCS.ZS,96.28115,95.85952,94.20956,93.127594,80.0,81.788475,82.55437,83.31686,84.07527,84.82884,85.57863,86.293625,87.00104,87.70322,88.40251,89.101265,92.3,90.50704,91.21943,91.94175,92.67672,92.17545,92.8,94.983665,95.7897,100.0,97.02,98.36157,99.13257,98.4,100.0
Tonga,East Asia & Pacific,Upper middle income,GFDD.AI.01,2338.6152,2010.8572,1570.9181,2386.325,3064.5928,3890.5408,4387.1826,3661.1282,1913.4084,751.0263,64.79786,-49.147133,-239.20024,-397.18024,-743.71545,-1132.6882,-1297.6913,-1280.9592,-360.62344,-307.28076,-473.84048,-1031.9795,-1396.8165,-1438.7233,-1109.8784,-1053.9474,988.90076,1120.361,761.21533,-2001.5098,-2003.8009
Tonga,East Asia & Pacific,Upper middle income,GFDD.DI.04,81.856766,86.007774,86.180954,86.199104,90.486465,95.17497,95.348495,95.788086,96.11681,96.101715,95.9392,94.964676,94.093864,92.46318,95.65556,94.61018,94.62789,95.48135,93.279465,93.540665,93.444626,93.801704,99.905266,99.94161,99.69291,99.56288,99.58279,99.668045,99.56878,99.22132,99.20043
Tonga,East Asia & Pacific,Upper middle income,GFDD.DI.05,33.45973,32.19903,28.47943,34.22184,26.48762,26.961248,27.449718,29.5864,32.29863,32.79404,36.52032,39.57806,38.15089,39.18398,41.99229,47.69378,43.44905,48.41716,44.5261,44.863132,43.9286,40.298267,43.24722,45.54188,48.60497,53.01741,54.91709,55.083748,56.39577,51.73713,62.652096
Tonga,East Asia & Pacific,Upper middle income,GFDD.DI.06,8.916389,6.0713367,5.649852,5.8621593,3.67772,2.069277,1.987897,2.00227,1.9095961,1.713886,1.9000659,2.470929,3.039748,4.090197,2.103144,3.2007248,2.826915,2.678143,5.9632897,6.3226256,6.264773,6.181698,0.033103,0.0218925,0.121305,0.1823267,0.1870841,0.1509033,0.2045037,0.3537709,0.37876382
Tonga,East Asia & Pacific,Upper middle income,GFDD.DI.11,-2.9311535,-0.15528663,2.304561,3.3220975,3.9577227,2.6206067,1.6250981,1.3543507,2.0712457,2.8590653,3.8466787,1.1968161,0.21678859,-0.83941436,-1.123176,-0.46347493,0.300076,0.79220325,1.3530179,1.2557603,0.84283686,1.3879558,-0.09923016,0.31274894,0.50184315,1.3874288,1.5903422,2.143834,2.700682,3.087568,2.7855608
Tonga,East Asia & Pacific,Upper middle income,GFDD.DM.11,-4.293249,-0.74221563,0.055321272,2.868619,4.2481666,2.4409137,0.038403455,-0.28510785,1.8470439,5.8479548,7.392021,6.806194,6.280009,6.2218165,7.008068,8.168011,8.839587,8.647765,9.17695,8.108144,7.2018514,6.5224013,5.4239883,4.9628367,5.8657527,7.185255,7.083398,7.274077,7.027517,7.807051,8.562886
Tonga,East Asia & Pacific,Upper middle income,GFDD.EI.08,2.0113661,4.1140103,4.032592,3.7583911,4.661305,5.310504,5.155961,5.128814,4.996757,4.447369,4.424489,4.674478,4.361072,5.540801,5.7074504,3.330625,1.54804,1.498411,3.007226,3.4684749,5.6681933,4.037536,4.316298,6.805099,7.9175363,7.626595,7.426413,7.466776,7.776046,7.6914425,8.177268
Tonga,East Asia & Pacific,Upper middle income,GFDD.OI.02,28.912169,28.04121,24.61953,30.103298,23.64856,24.20335,24.946121,27.20422,29.472008,29.79921,33.579338,36.42807,35.159416,36.01442,38.35993,43.671757,39.78605,44.65928,40.78145,40.93316,39.91676,36.34166,39.076927,40.78899,43.07555,46.79543,48.49086,48.27801,49.587547,46.06188,54.26947
Tonga,East Asia & Pacific,Upper middle income,SH.STA.BRTC.ZS,93.99999,92.0,94.0222,93.53712,95.15885,95.52094,95.91977,96.18307,96.39886,96.0,95.0,95.299995,95.1,97.0,97.99999,96.1,97.99999,97.99999,97.0,98.100006,99.00001,98.80392,95.50001,99.26381,99.507416,99.71193,99.98252,99.58155,99.116776,98.74687,98.87514
Tonga,East Asia & Pacific,Upper middle income,SL.IND.EMPL.ZS,24.139294,28.020002,28.0,27.94,28.98,29.42,29.4,29.18,29.29,29.520002,29.99,30.560001,30.63,30.58,30.24,30.48,30.780003,30.339998,30.619999,31.08,31.45,31.680002,31.38,29.61,29.62,29.69,30.08,30.39,30.36,30.870003,22.430233
Trinidad and Tobago,Latin America & Caribbean,High income,DT.TDS.DPPF.XP.ZS,11.493271,10.872211,10.894822,10.189282,9.821562,9.47355,9.233954,9.079657,8.972222,8.776499,7.605894,7.263692,7.1694508,7.14158,6.914295,6.963723,6.586539,6.0619574,5.541508,5.5598364,5.570608,5.582037,5.6600285,5.909506,6.2484975,6.4822655,6.489797,6.3678536,6.5738416,6.763957,7.8195024
Trinidad and Tobago,Latin America & Caribbean,High income,EG.ELC.ACCS.ZS,96.781456,96.49433,94.63222,94.67966,95.03856,96.13966,97.48093,98.433815,98.759605,98.96665,91.29,96.93202,97.123146,97.30902,97.49202,97.67448,100.0,100.0,100.0,99.0,100.0,100.0,100.0,100.0,100.0,100.0,100.0,100.0,100.0,100.0,100.0
Trinidad and Tobago,Latin America & Caribbean,High income,GFDD.AI.01,1510.8516,985.9042,513.62854,1764.8296,2730.671,3708.9504,4372.359,3780.7212,1996.2852,568.94464,-706.58124,-1048.9227,-1325.6667,-1448.4465,-1664.5193,-1531.9081,-1456.7275,-2026.73,-1568.7451,-1565.1387,-1800.8185,-2107.1467,-2181.516,-2047.3445,-1709.9891,-1568.8307,-1650.6404,-1963.8337,-2257.4326,-2229.352,-2310.3892
Trinidad and Tobago,Latin America & Caribbean,High income,GFDD.DI.04,77.08652,76.50457,73.40318,81.56857,85.23541,91.216385,96.23701,93.50198,93.846054,93.3193,94.41532,94.22514,93.99926,94.07592,95.74999,93.57516,93.716995,95.91987,95.63406,98.37109,72.6267,70.453766,69.016685,66.27884,65.791595,63.32064,69.41341,65.62811,64.14484,68.70467,68.22643
Trinidad and Tobago,Latin America & Caribbean,High income,GFDD.DI.05,54.63166,53.45885,50.025223,53.18947,51.67015,50.028553,53.87151,57.39127,62.651287,59.233994,54.07042,55.23367,54.9944,43.48935,43.14367,43.8761,46.35809,42.77776,39.13158,67.12647,53.81471,47.00579,55.85311,54.33962,57.816628,64.479355,71.36366,67.513214,66.55465,68.45198,81.9162
Trinidad and Tobago,Latin America & Caribbean,High income,GFDD.DI.06,11.51493,12.4396,14.0565195,8.607711,5.262403,3.4242883,1.4250441,3.1941178,2.8653011,2.972018,2.2008262,2.362355,2.538174,2.010472,1.42155,2.3788471,2.302182,1.4532319,1.358314,0.7881333,16.40323,16.043049,19.58674,21.34456,23.97342,30.42947,26.72384,30.09475,32.47161,26.40426,31.386591
Trinidad and Tobago,Latin America & Caribbean,High income,GFDD.DI.11,8.195852,10.571733,12.613263,12.656125,12.326023,11.240669,10.214918,10.148232,10.835327,11.997612,19.577719,23.368944,27.99635,27.14573,30.933512,11.935886,12.760541,12.462193,9.635719,15.110063,13.944628,12.9643345,13.956166,14.114765,14.819252,17.02863,19.85759,20.82687,20.207857,21.886734,24.224907
Trinidad and Tobago,Latin America & Caribbean,High income,GFDD.DM.11,1.5774825,3.3182337,5.1957307,10.302271,10.407593,9.392219,7.64513,7.573572,9.506532,11.59555,13.759284,14.136108,14.102979,14.164926,14.866542,15.052765,16.230148,15.709001,15.542476,15.530336,14.967121,13.76454,16.88275,19.825369,22.44194,29.17862,31.531399,31.71953,30.32564,33.727673,32.21822
Trinidad and Tobago,Latin America & Caribbean,High income,GFDD.EI.08,8.74341,6.662725,5.351319,6.1146665,4.290248,7.853838,8.1407795,12.747349,8.262297,7.57922,5.282937,9.851495,10.61665,9.308487,8.208081,10.8008795,7.483182,7.0049205,5.982139,15.228169,14.933869,12.271649,15.25219,14.110859,16.617949,17.95815,22.101377,19.592709,19.181778,17.15744,21.15838
Trinidad and Tobago,Latin America & Caribbean,High income,GFDD.OI.02,40.80645,40.00736,36.26941,39.08608,39.062557,37.50438,42.55841,45.567398,48.16962,44.23719,42.102535,42.289337,43.369587,33.47007,33.319927,35.182056,37.091476,34.51436,31.497377,59.14153,50.32195,44.377846,49.85661,49.23837,53.07526,59.40196,65.43884,60.616215,60.97414,64.089485,75.56866
Trinidad and Tobago,Latin America & Caribbean,High income,SH.STA.BRTC.ZS,96.3237,97.048195,96.729546,98.3,97.99999,97.5,97.99999,98.4,98.200005,98.4,96.0,99.200005,98.7,99.200005,99.00001,99.548515,96.9,99.98322,99.5,100.80013,100.492485,97.99999,100.0,100.0,100.0,99.9,100.0,100.0,99.384964,99.34102,99.37123
Trinidad and Tobago,Latin America & Caribbean,High income,SL.IND.EMPL.ZS,25.47592,28.800001,26.98,26.39,25.410002,25.52,25.53,26.39,28.2,27.73,28.08,28.87,28.5,28.57,30.320002,31.110003,30.85,31.84,32.27,30.460001,29.76,28.58,28.520002,28.74,28.12,27.94,27.38,27.07,26.86,26.64,23.239962
Tunisia,Middle East & North Africa,Lower middle income,DT.TDS.DPPF.XP.ZS,25.55907,24.859034,20.640038,21.218513,19.51957,17.274746,16.839714,15.994382,15.629077,16.15963,20.668627,13.213714,14.232193,13.566172,13.905678,11.568233,13.482024,10.375261,6.659105,9.179843,8.690923,10.175257,9.412374,8.389274,8.038329,8.920547,9.866459,14.285951,12.596998,14.86551,15.776072
Tunisia,Middle East & North Africa,Lower middle income,EG.ELC.ACCS.ZS,97.02123,97.276474,96.00288,94.82,86.799995,88.7,90.4,92.0,93.200005,94.2,94.8,97.3,97.8,98.4,99.0,99.3,99.4,99.4,99.4,99.5,99.5,99.5,99.5,99.7,99.8,99.90001,100.0,100.0,99.8,100.0,100.0
Tunisia,Middle East & North Africa,Lower middle income,GFDD.AI.01,1430.2008,924.7384,612.0696,1530.9772,2526.6055,3723.8374,4007.8127,3349.8562,1629.8254,173.09293,20.692657,-869.18695,-1371.4888,-1529.4071,-1844.6935,620.2564,615.1671,627.49866,644.2685,671.405,700.5101,752.7071,805.81714,836.2882,867.53827,951.8383,990.82513,1032.7328,1068.7014,-2217.6628,-2404.2756
Tunisia,Middle East & North Africa,Lower middle income,GFDD.DI.04,99.053215,98.703766,98.5452,98.574425,98.97952,99.124954,98.94132,99.48334,99.18304,99.252014,99.098816,99.134674,99.257034,99.656204,99.6127,99.684204,99.18653,99.673836,99.70353,99.75642,99.82564,99.84451,98.98632,98.54479,99.26369,99.800835,98.98417,98.91003,97.867294,97.62068,94.31913
Tunisia,Middle East & North Africa,Lower middle income,GFDD.DI.05,51.49614,48.98956,49.00165,48.94213,48.98391,48.41747,48.99413,47.15489,46.52463,50.402,52.36296,53.89935,54.55374,53.9096,53.70141,54.95982,55.953037,57.81222,59.845592,63.654606,63.278065,67.52296,66.727646,66.51412,66.70938,66.96306,68.0222,70.71451,60.564163,61.470703,71.73914
Tunisia,Middle East & North Africa,Lower middle income,GFDD.DI.06,0.5938127,0.7925313,0.8549082,0.8327355,0.59028816,0.4977598,0.5423338,0.25402078,0.40137753,0.3764174,0.5338221,0.5427324,0.4680559,0.2152098,0.24672699,0.2014028,0.5154446,0.20933019,0.1959244,0.1668739,0.1261953,0.1247169,0.8078241,1.1710659,0.59996957,0.1647672,0.8817936,0.9995834,1.68322,1.8139911,5.420606
Tunisia,Middle East & North Africa,Lower middle income,GFDD.DI.11,-0.5652482,1.8101352,4.0107827,4.9780855,3.596424,2.4472816,1.6162312,1.5100052,2.2123442,3.536211,4.1850595,0.43970338,0.5295552,0.6280461,0.631358,0.60404575,0.59742725,0.583381,0.80038786,0.88978344,0.88812053,4.4774404,4.431988,3.8427486,4.5622663,4.8805513,5.053728,5.079113,6.3509693,7.5457764,7.816927
Tunisia,Middle East & North Africa,Lower middle income,GFDD.DM.11,-4.999988,-2.3292425,0.7147554,3.3930068,4.182422,4.400428,0.20108443,0.25463653,2.5041804,5.2479386,8.235712,8.384677,7.166207,6.8536386,7.738025,7.7909904,8.952737,8.15331,7.6955714,7.208906,6.9443707,6.3965964,6.208984,5.734503,6.5630727,7.7524924,8.955719,9.364359,9.116442,10.320178,11.378329
Tunisia,Middle East & North Africa,Lower middle income,GFDD.EI.08,6.4419513,6.0374174,3.564398,3.348697,3.153968,1.83509,1.405937,2.9734392,2.239855,3.46049,5.304552,7.6446614,7.202538,7.5124288,8.412499,8.26282,8.27321,8.982554,8.783126,9.416411,10.43762,11.89959,11.036799,10.868589,11.775629,13.00537,14.140899,15.598819,14.53753,16.1911,22.33403
Tunisia,Middle East & North Africa,Lower middle income,GFDD.OI.02,41.20787,38.51156,36.80674,37.18865,37.68892,36.69707,37.27398,37.076317,36.09768,38.78909,41.28507,42.43946,42.75777,42.534607,43.10186,43.854126,44.86751,46.694157,48.60355,51.57341,51.365437,52.769268,53.86591,53.45898,53.314037,52.81844,53.913387,55.58889,45.14317,45.53676,52.96856
Tunisia,Middle East & North Africa,Lower middle income,SH.STA.BRTC.ZS,93.01229,93.94906,93.83308,93.379135,94.071625,81.0,94.53386,94.75057,94.91406,95.28807,89.899994,89.899994,96.60212,96.61086,96.39855,96.668594,94.6,97.581856,98.12788,98.30367,98.08981,97.9388,73.6,98.09484,98.34288,98.5961,98.51716,98.1417,99.5,97.79147,97.77968
Tunisia,Middle East & North Africa,Lower middle income,SL.IND.EMPL.ZS,25.495798,30.639997,30.870003,30.79,30.76,30.650002,30.9,31.020002,31.19,31.489998,31.66,31.85,31.639997,31.91,32.41,32.420002,32.3,32.85,33.53,32.33,33.420002,33.73,33.14,33.380005,33.550003,33.1,33.35,33.290005,33.5,33.46,23.540188
Turkey,Europe & Central Asia,Upper middle income,DT.TDS.DPPF.XP.ZS,29.875826,30.518354,29.493265,25.225632,25.457857,24.00146,17.987663,16.394382,19.069717,18.436092,18.577013,24.758837,30.141733,20.300676,18.814194,19.31179,15.231369,11.528904,8.319486,8.14484,8.008867,7.5262833,5.9076195,4.531301,4.885016,5.0864472,6.3315067,7.122439,6.443326,7.3234572,8.554556
Turkey,Europe & Central Asia,Upper middle income,EG.ELC.ACCS.ZS,91.094925,89.68381,86.62266,86.920364,86.89639,90.68936,92.73223,94.60266,97.07554,96.31894,100.0,100.0,100.0,100.0,99.99799,99.98703,99.96073,99.92318,99.88086,99.85088,100.0,100.0,100.0,100.0,100.0,100.0,100.0,100.0,100.0,100.0,100.0
Turkey,Europe & Central Asia,Upper middle income,GFDD.AI.01,1059.5685,137.2322,-584.21606,648.5045,1433.6483,2495.0896,3259.5627,2521.6865,860.4889,-781.21906,-1629.1696,-1926.4995,-1808.1909,-1852.0717,-2214.304,1412.7087,1418.9568,1391.8982,1298.9977,1281.2727,881.6338,910.7534,919.74225,977.1536,966.15674,1031.0095,1208.1414,1345.6486,1463.0276,1593.9414,1872.5851
Turkey,Europe & Central Asia,Upper middle income,GFDD.DI.04,94.41058,90.06004,85.1932,82.903786,80.88836,79.41647,86.28939,91.89845,96.17391,97.85459,97.77213,74.39577,82.28368,86.42853,90.50607,93.956764,94.99966,96.14108,97.398384,98.24299,98.67282,98.84735,98.933304,99.072495,99.178276,99.294426,99.11448,99.20204,99.297295,99.229416,97.937935
Turkey,Europe & Central Asia,Upper middle income,GFDD.DI.05,23.74023,27.08993,27.81157,25.19699,31.600521,32.15609,36.58959,37.07526,28.13243,38.0749,33.53152,43.58424,38.63881,33.90523,33.178688,38.60683,40.31871,41.64506,41.92469,46.94943,47.17281,44.94807,43.529102,45.27917,44.84821,45.46267,47.57592,46.36628,46.70411,52.4076,60.916843
Turkey,Europe & Central Asia,Upper middle income,GFDD.DI.06,1.435098,2.79445,4.427439,5.2944317,5.552703,6.477732,5.300565,3.303912,1.153315,0.85649955,0.8843836,14.03459,8.542157,5.9487925,3.99672,2.872241,2.372499,1.9147199,1.367411,1.099367,0.89257365,0.76138175,0.7075024,0.6664521,0.6061414,0.5381972,0.6969613,0.63142806,0.544704,0.61209553,1.956688
Turkey,Europe & Central Asia,Upper middle income,GFDD.DI.11,1.3467983,3.9228914,6.560029,7.5500655,7.531212,1.089974,1.3217542,1.4520272,1.0734996,1.6103077,1.5483983,1.6368524,1.4996338,1.598613,1.6813027,2.127808,2.196533,2.4865234,1.4368621,1.6071807,3.0077133,2.9098296,3.2143955,3.4234488,3.8458436,4.0653653,4.540923,4.7479,4.6431513,5.366636,5.659887
Turkey,Europe & Central Asia,Upper middle income,GFDD.DM.11,-4.2725644,-1.7033852,0.7277456,5.1814623,3.4270122,2.8841805,1.8653733,1.5742029,3.3761492,5.4355965,6.0221453,0.2463407,0.3180034,0.6023608,0.1985984,0.124230996,0.5315253,0.2832732,0.2440135,0.25997648,0.23913491,0.1753726,0.1131104,0.0669243,0.1077818,0.1129219,0.0904927,0.0820733,0.0978835,0.1409983,0.116372995
Turkey,Europe & Central Asia,Upper middle income,GFDD.EI.08,7.565889,8.1496935,7.532679,7.5508194,7.560552,6.50652,10.53152,11.17677,12.21859,22.87067,21.560339,25.8647,25.61942,23.873549,21.52854,23.432259,20.35075,19.68715,20.296469,26.93737,24.760569,19.13424,16.887869,14.467579,13.522539,13.14456,12.7253,12.56234,13.79788,16.98972,22.012249
Turkey,Europe & Central Asia,Upper middle income,GFDD.OI.02,20.656971,24.23825,24.885181,22.40221,28.923548,29.581709,34.206947,34.6412,26.52432,36.31572,31.609018,41.550037,36.65332,31.776619,31.024069,35.97021,37.29372,38.88065,43.16295,48.272297,48.966557,46.363518,45.07828,47.20433,46.488827,47.303207,49.91357,48.76577,48.97559,54.48996,63.147327
Turkey,Europe & Central Asia,Upper middle income,SH.STA.BRTC.ZS,91.153404,91.33225,90.67854,75.899994,90.73611,91.849976,92.79028,93.64605,80.6,95.235,96.88937,96.430626,96.72319,82.99999,82.99999,97.42223,97.81627,89.3,91.299995,95.0,98.866714,98.97971,99.09517,97.4,97.4,99.00001,99.29568,97.99999,97.99999,98.39641,98.45564
Turkey,Europe & Central Asia,Upper middle income,SL.IND.EMPL.ZS,24.962564,29.66,29.560001,29.540003,29.07,28.99,28.92,28.97,28.49,27.72,27.62,26.51,26.35,26.24,26.48,26.63,26.77,26.75,26.190002,25.300001,26.22,26.46,26.03,26.39,27.86,27.23,26.780003,26.540003,26.66,25.320002,23.695183
Turkmenistan,Europe & Central Asia,Upper middle income,DT.TDS.DPPF.XP.ZS,11.379289,10.035002,9.566349,8.9642725,8.489881,8.432947,9.551831,20.300322,8.668803,8.411876,7.133773,6.7900133,6.9666295,6.812717,6.3181114,5.692711,5.365687,5.0530715,4.996227,4.8680286,4.6938453,4.5942016,4.6752505,5.152721,5.724948,6.226517,6.1128674,6.1536217,6.0004125,6.427477,8.342028
Turkmenistan,Europe & Central Asia,Upper middle income,EG.ELC.ACCS.ZS,101.5592,101.388985,101.15203,101.32349,101.39126,101.666115,102.592865,103.11257,102.47713,102.46093,99.600006,99.73519,99.71919,99.69797,99.67385,99.6492,99.84134,99.60816,99.59714,99.596054,100.0,99.87742,99.895836,99.9121,99.935104,100.0,99.9899,99.996254,100.0,99.90001,100.0
Turkmenistan,Europe & Central Asia,Upper middle income,GFDD.AI.01,-1366.7021,-2075.3933,-2536.4265,-1913.367,-477.86633,1023.3976,2690.4924,2105.3975,-511.5701,-2444.3254,-3275.0742,-4299.768,-3964.4812,-4089.195,-4345.864,-4547.4473,-4473.5356,-4437.0015,-3913.9849,-3712.8706,-3970.2002,-4626.164,-4795.476,-4390.052,-3830.1355,-3543.524,-3564.191,-4114.406,-4376.7686,-4253.8125,-3978.3354
Turkmenistan,Europe & Central Asia,Upper middle income,GFDD.DI.04,87.73196,88.79964,88.78793,89.35035,89.80754,90.16385,88.62159,89.45588,90.55339,90.66062,90.05755,91.26272,91.07214,91.11213,91.22799,91.66449,92.16975,93.08988,93.09547,92.94641,92.86076,93.19824,93.596756,93.83273,93.74356,93.1599,92.5544,92.38315,92.56292,92.69329,91.173676
Turkmenistan,Europe & Central Asia,Upper middle income,GFDD.DI.05,37.310677,37.620647,37.52455,38.101353,38.332424,37.76035,37.298355,40.45493,40.172787,41.46514,38.49797,40.245743,40.282246,39.92206,39.804115,40.511623,42.73367,44.701817,45.518105,47.90589,48.515194,50.134068,52.256245,53.89266,54.46617,54.958218,54.08313,55.166134,56.6754,58.692642,60.994717
Turkmenistan,Europe & Central Asia,Upper middle income,GFDD.DI.06,10.637474,12.139451,12.350169,11.947866,11.046377,10.452333,10.828211,10.859402,10.300753,10.1092005,10.309386,9.657715,10.246663,10.198835,10.007939,9.44963,8.9703245,8.465335,8.74156,9.068958,9.018785,8.88203,8.803271,8.942589,9.411682,9.9667635,10.206566,9.796748,9.570448,9.453374,9.257563
Turkmenistan,Europe & Central Asia,Upper middle income,GFDD.DI.11,-4.0182347,-0.6941447,1.2378254,2.3337445,2.3958378,1.1550673,-4.172337,-3.61792,-0.34489664,0.9734643,0.28951716,0.40749678,-0.48286495,-1.1598569,-0.9332752,0.051918536,1.1619002,2.3537884,2.4335146,2.1921363,1.97281,2.2976885,2.605888,2.9359927,3.1862178,3.74248,4.002694,4.742925,5.429911,5.6990404,4.8820024
Turkmenistan,Europe & Central Asia,Upper middle income,GFDD.DM.11,-13.201895,-9.187231,-6.146338,-3.308275,-1.799403,-2.9718928,-4.2395844,-7.3945827,-2.4194903,2.5173295,6.957418,7.528902,8.1734295,8.648719,9.519903,10.980358,13.151571,13.814366,14.360886,13.595356,12.577586,11.393891,10.82437,11.66257,13.322515,15.257419,16.884106,16.560444,15.857421,15.456123,15.412799
Turkmenistan,Europe & Central Asia,Upper middle income,GFDD.EI.08,2.667476,3.1268876,3.374415,3.764167,3.9814289,3.9974647,4.2639713,4.0204997,4.1178746,4.469436,4.624186,4.951968,5.2082844,5.4210367,5.508685,5.543891,5.44577,5.267523,5.31071,5.554596,6.067659,6.669589,7.042852,7.1768317,7.281675,7.375056,7.911232,7.8977666,8.115281,8.250828,8.251158
Turkmenistan,Europe & Central Asia,Upper middle income,GFDD.OI.02,18.102879,15.600745,15.69408,17.599442,19.354502,20.988974,20.43018,22.087616,23.265322,25.216757,25.327755,29.192532,29.252125,30.210386,30.981573,32.275246,34.459393,37.02546,38.54208,39.21753,38.997307,39.311104,40.345356,41.335167,42.6028,43.775036,43.423912,44.549034,45.65296,47.38169,50.204727
Turkmenistan,Europe & Central Asia,Upper middle income,SH.STA.BRTC.ZS,100.57725,101.82369,102.025116,102.182465,101.979095,101.77682,95.8,101.79808,102.00612,102.29087,97.200005,102.84102,97.200005,99.5,98.5,99.7,99.5,102.121994,102.24945,102.14675,101.81218,101.394684,101.31278,101.46832,101.85249,102.01202,100.0,101.35012,100.88339,100.54195,100.6884
Turkmenistan,Europe & Central Asia,Upper middle income,SL.IND.EMPL.ZS,27.4676,39.19,38.75,38.3,37.66,37.07,36.65,35.96,35.53,35.23,34.770004,34.41,34.11,33.86,33.73,33.79,33.940002,34.17,34.58,34.83,35.19,35.7,36.2,36.69,37.21,37.67,38.2,38.73,39.26,39.83,24.412716
Turks and Caicos Islands,Latin America & Caribbean,High income,DT.TDS.DPPF.XP.ZS,11.268078,11.32308,10.773651,10.053968,9.478226,9.278786,9.4105015,9.5181265,9.440399,9.156471,8.735385,8.362166,8.3368,8.03196,7.2984867,6.5734234,6.1129537,5.681537,5.544242,5.3693423,5.113686,4.9368978,4.9826875,5.489269,6.221211,6.8290186,6.8971195,6.5155096,6.377838,6.930661,8.240637
Turks and Caicos Islands,Latin America & Caribbean,High income,EG.ELC.ACCS.ZS,88.7,91.05391,91.43912,91.82365,92.20682,92.587944,92.96635,93.34136,93.71229,94.07838,95.6,94.87036,95.16372,95.45184,95.737076,96.021774,96.30835,96.59944,96.897766,100.0,100.0,100.0,93.1,100.0,100.0,100.0,100.0,100.0,100.0,100.0,99.4
Turks and Caicos Islands,Latin America & Caribbean,High income,GFDD.AI.01,-1559.1731,-1308.1104,-1013.31146,-233.58505,1134.6444,2205.3174,2982.3418,2122.965,-196.38614,-1898.7081,-3192.474,-3566.8608,-3494.7778,-3479.2786,-4025.1924,-4226.141,-4015.457,-3762.8948,-3254.2688,-3042.6377,-3423.6494,-4116.707,-4400.386,-4015.2068,-3437.5654,-3242.1887,-3524.6797,-3892.0894,-4133.1787,-4053.1357,-3666.08
Turks and Caicos Islands,Latin America & Caribbean,High income,GFDD.DI.04,88.15926,87.95705,87.946495,87.93349,88.32067,88.931854,89.15137,89.711365,88.902985,88.64042,89.62174,90.02816,90.07772,89.85933,89.80523,89.95918,90.53655,91.96669,91.80677,91.19638,90.53364,90.49789,90.77434,91.04394,90.728615,89.95024,89.22788,89.16866,89.55485,89.64979,89.299965
Turks and Caicos Islands,Latin America & Caribbean,High income,GFDD.DI.05,45.268353,45.081707,46.252354,48.28241,49.09842,48.250687,47.994286,48.92716,47.81028,49.497303,50.379395,50.636326,51.227848,51.00998,49.317856,49.894146,51.738697,52.956623,54.23049,56.71796,57.596,58.4627,60.141994,61.976074,62.51424,62.965195,62.922966,63.239235,64.892944,68.11073,70.72788
Turks and Caicos Islands,Latin America & Caribbean,High income,GFDD.DI.06,8.312126,9.505513,9.530019,8.8544445,8.291774,8.163016,8.509696,8.894898,9.061697,9.006961,8.441159,8.395085,8.733677,8.86752,8.929821,8.295848,7.547718,7.1703215,7.5347185,8.032793,8.067858,7.6700883,7.5680413,7.9288206,8.651175,9.453431,9.942557,9.718721,9.557724,9.486835,9.21069
Turks and Caicos Islands,Latin America & Caribbean,High income,GFDD.DI.11,6.090708,9.400622,11.837027,12.839975,12.788089,11.69576,10.403423,10.015524,9.139347,10.702536,13.097861,12.850052,11.840099,10.767551,9.401419,10.109926,11.164622,12.811784,12.868288,12.520832,12.0125,11.960995,12.061847,12.523558,12.926345,13.553645,14.209728,14.2804985,14.798178,15.589315,15.00683
Turks and Caicos Islands,Latin America & Caribbean,High income,GFDD.DM.11,-6.7145505,-4.069142,0.27130878,3.6952014,3.594721,0.5881054,-3.2972963,-4.8383303,1.0357386,5.6443233,7.6019664,9.671345,9.592674,8.833882,11.741062,13.782341,16.327753,16.446095,16.696754,15.584545,13.838509,11.532487,10.232435,11.031802,12.66925,14.7463,15.938189,15.766073,14.998192,14.561863,15.392928
Turks and Caicos Islands,Latin America & Caribbean,High income,GFDD.EI.08,3.5303416,4.2586017,4.77926,4.9230394,4.7243395,4.409513,4.0398965,3.7043552,4.154889,4.015457,4.1527,4.378154,4.5476985,4.630304,4.966122,4.970106,4.8009353,4.5493503,4.458708,4.593552,4.919886,5.3782725,5.734348,5.7737756,5.771447,5.8081117,6.0128593,6.428723,6.8527446,7.185506,7.1076865
Turks and Caicos Islands,Latin America & Caribbean,High income,GFDD.OI.02,32.745674,33.20953,34.810406,36.006966,36.077682,36.187107,35.998474,35.932365,36.228317,36.867653,38.94896,40.54427,41.65793,42.094128,41.804054,43.469303,45.28195,47.079285,48.607956,49.102463,48.636448,48.679905,49.336727,50.376633,51.78944,52.37623,52.502617,52.90225,54.029076,56.386288,58.39837
Turks and Caicos Islands,Latin America & Caribbean,High income,SH.STA.BRTC.ZS,96.83469,97.93569,98.2098,97.84214,97.65741,97.716576,97.954796,98.08739,100.0,88.2,98.81252,99.20998,99.4682,99.3665,100.0,99.100006,100.0,98.87327,99.02147,98.98517,98.473175,98.01893,98.02714,98.3062,98.87774,99.141,99.01031,98.678795,98.24772,98.04453,98.01355
Turks and Caicos Islands,Latin America & Caribbean,High income,SL.IND.EMPL.ZS,23.414642,23.52702,23.515886,23.165625,22.632195,22.092794,21.634235,21.55199,21.71613,21.420778,20.956337,20.692476,20.460003,20.262995,20.528242,20.364588,20.24159,19.8436,19.516293,19.278067,19.150944,19.12501,19.075935,18.92834,18.71657,18.514572,18.576118,18.960392,19.240488,19.198664,18.709251
Tuvalu,East Asia & Pacific,Upper middle income,DT.TDS.DPPF.XP.ZS,11.35617,11.529702,11.272052,10.772061,10.1647625,9.735072,9.498661,9.666863,9.8455515,9.691613,8.7974,8.191149,8.439689,7.9062047,7.343068,6.671414,6.039576,6.0431557,5.502319,5.2983556,5.0442243,4.819149,4.82916,5.3494473,6.0931864,6.7092085,6.8726053,6.5368676,6.3956256,6.8660827,8.109031
Tuvalu,East Asia & Pacific,Upper middle income,EG.ELC.ACCS.ZS,96.298416,94.71918,93.592766,92.372795,92.199425,92.94501,94.09361,96.11008,95.80551,96.11588,94.63068,94.83582,94.62978,95.225716,95.41516,95.60407,95.794846,96.7,96.19268,96.40515,96.63027,96.87075,97.671776,97.40768,97.70386,98.014885,97.3,98.853836,99.065384,99.7,99.68923
Tuvalu,East Asia & Pacific,Upper middle income,GFDD.AI.01,-1252.7928,-1568.7582,-1818.5754,-416.6838,1344.8651,3285.7793,4621.167,3596.8997,1359.531,-968.0323,-1833.0442,-3171.1602,-2726.4316,-3424.7747,-3651.6116,-3804.221,-3715.0034,-2847.8914,-3063.9143,-2878.217,-3235.7717,-3905.6724,-4223.0605,-3941.9155,-3406.704,-3143.3704,-3354.3645,-3750.5059,-4044.057,-4025.8418,-3643.0645
Tuvalu,East Asia & Pacific,Upper middle income,GFDD.DI.04,83.99614,82.85538,82.10545,81.887596,82.52866,83.38642,83.96444,83.78276,83.926506,84.03264,83.33417,85.65416,85.1449,86.344284,86.23139,86.41085,87.48879,87.40358,89.058105,88.82932,88.48033,88.72777,89.4326,90.049675,90.06721,89.47611,88.812126,88.888275,89.25783,89.513596,89.18339
Tuvalu,East Asia & Pacific,Upper middle income,GFDD.DI.05,38.757114,38.275,39.80922,39.452053,38.385963,38.13174,39.362415,39.017067,41.99383,43.397675,39.691837,41.885567,41.467403,43.398335,43.152718,43.356846,45.181053,45.640675,47.64508,50.492393,51.813522,52.927612,55.346523,57.500313,58.16677,58.59134,58.754646,59.730408,61.52058,64.23513,66.180885
Tuvalu,East Asia & Pacific,Upper middle income,GFDD.DI.06,11.4990225,12.687459,12.813028,11.66207,10.610376,10.293571,10.337959,10.971472,10.292875,10.076611,10.00133,9.7259245,10.105513,10.122283,9.696389,8.998634,8.374452,8.383193,8.613469,9.05896,9.058278,8.698014,8.677164,8.975746,9.534269,10.07283,10.453328,10.19419,10.015584,9.985141,9.758038
Tuvalu,East Asia & Pacific,Upper middle income,GFDD.DI.11,-0.57179177,3.230411,5.6638136,6.672186,6.605822,5.902958,4.6000223,2.109518,4.655498,6.028517,4.932948,5.307553,3.6619,3.6914973,3.7526863,4.86569,6.2390122,6.395401,7.145818,6.9648037,6.812361,7.0342774,7.3982286,7.778579,8.03712,8.648964,9.48433,9.978669,10.801544,11.353887,10.44059
Tuvalu,East Asia & Pacific,Upper middle income,GFDD.DM.11,-12.263251,-14.546936,-10.55833,-5.1929784,-3.55276,-6.0338464,-9.506839,-6.006004,-6.2121334,-0.15057309,7.48352,6.822407,8.990893,5.8759985,6.6814528,8.928999,11.3542385,15.930014,13.852822,12.662718,11.203071,9.099578,7.953346,8.51331,10.427741,12.506528,14.102669,14.351061,13.608942,13.025296,13.741402
Tuvalu,East Asia & Pacific,Upper middle income,GFDD.EI.08,1.8143997,1.1582041,1.391913,1.8500744,2.0929863,2.0897162,1.9376874,1.7276182,2.0542643,2.3211105,2.682176,3.0438101,3.3983626,3.4966595,3.608505,3.6775384,3.711094,3.7684252,3.807673,4.086808,4.497676,5.021799,5.447576,5.640473,5.7815566,5.9330997,6.252379,6.74487,7.1093416,7.3354106,7.243566
Tuvalu,East Asia & Pacific,Upper middle income,GFDD.OI.02,22.268288,21.528137,22.761343,24.717705,25.440626,25.807432,26.024355,27.187336,29.242264,30.748398,31.339523,33.578476,34.40236,35.617397,36.086086,37.884792,40.186558,41.945965,43.223415,44.119976,44.005672,44.23511,45.24041,46.334904,47.759575,48.63535,49.18719,50.06068,51.336536,53.287334,54.89144
Tuvalu,East Asia & Pacific,Upper middle income,SH.STA.BRTC.ZS,95.0,96.16128,95.71762,94.40619,93.863815,94.18026,94.88022,99.00001,95.74257,96.12072,100.0,97.23131,100.0,97.656555,97.12191,96.79709,97.06161,93.1,97.92559,97.96651,97.571846,97.3256,97.56488,98.16152,98.80897,99.01133,98.85112,98.54805,98.098885,97.903114,97.86882
Tuvalu,East Asia & Pacific,Upper middle income,SL.IND.EMPL.ZS,22.19983,21.25687,20.649033,20.523952,20.44084,20.37162,20.430958,20.715189,20.687082,20.628773,20.61223,20.544897,20.314325,20.234531,20.15102,20.081348,20.060406,19.965874,19.770945,19.64028,19.553436,19.565836,19.575977,19.5624,19.514828,19.405998,19.520012,19.89419,20.063791,19.99154,19.529163
Uganda,Sub-Saharan Africa,Low income,DT.TDS.DPPF.XP.ZS,78.63516,72.26151,56.935608,45.005573,27.007181,19.538174,17.875805,19.701069,20.248028,17.900536,10.003037,6.55499,9.60768,10.434363,8.681291,10.6173525,5.288111,2.507641,2.1363423,1.995886,1.7611916,1.4743526,1.3579135,1.6364172,1.9768882,1.8450483,2.0990393,3.45792,5.254296,4.4543033,5.466489
Uganda,Sub-Saharan Africa,Low income,EG.ELC.ACCS.ZS,1.2024211,5.6,-1.9472588,-0.38241452,0.53389853,6.8,2.811104,3.9449477,5.074712,6.199634,7.3511305,8.6,7.8,10.563554,11.625457,8.9,9.0,14.8178215,15.892814,10.0,12.1,14.6,20.319271,13.899999,20.4,18.499998,26.699999,32.521152,41.92,41.3,42.074417
Uganda,Sub-Saharan Africa,Low income,GFDD.AI.01,5454.134,9606.719,6812.2173,7990.869,11254.382,14111.261,13051.025,12681.407,11637.02,10511.575,11410.141,10129.919,7462.3745,7170.499,90.84286,100.711845,115.970604,113.090836,156.68765,175.43204,194.33923,181.48636,205.2071,190.69884,201.22603,210.23204,252.84631,364.2517,292.2643,290.39554,318.51706
Uganda,Sub-Saharan Africa,Low income,GFDD.DI.04,47.71969,43.071533,14.48839,20.753641,21.88011,22.620731,26.630072,29.26695,29.835629,31.68987,34.83468,50.20002,51.725983,56.746235,55.47134,58.931572,63.79544,61.213463,64.207085,66.741455,65.033264,60.96886,61.535763,60.825542,88.79892,92.38078,91.519554,95.647415,98.05563,89.5183,91.09517
Uganda,Sub-Saharan Africa,Low income,GFDD.DI.05,7.5966,8.66137,9.611755,10.7195,12.80453,11.96101,12.51547,13.79348,14.85896,15.63354,16.11554,16.09141,19.032131,19.55399,17.228489,19.32292,19.91416,20.87545,33.04828,16.33623,17.42179,12.643049,12.063459,17.35783,12.150419,14.00023,14.40071,15.013029,14.933229,15.71239,18.33752
Uganda,Sub-Saharan Africa,Low income,GFDD.DI.06,7.1965494,8.417027,29.91049,21.08815,22.446829,21.935959,20.46318,20.71014,21.361801,22.42667,21.015701,12.30458,14.718379,11.80331,11.13882,10.2060995,8.92124,10.6545,15.69776,7.029846,7.983971,10.07073,9.422498,13.94872,1.9407331,1.376597,1.576039,0.767675,0.33877662,2.06759,2.097094
Uganda,Sub-Saharan Africa,Low income,GFDD.DI.11,-11.718762,-9.33858,-5.2472687,-4.6873965,-5.5573993,-6.2400303,-7.1932397,-7.389252,-7.022154,-6.3877935,-5.9739723,-5.74258,-6.311012,-7.313589,0.7802481,0.8551989,0.7788537,0.8322592,0.82041645,0.7338915,0.758715,0.80524504,0.84851,0.92527497,1.0128287,1.1979309,1.155939,1.2388021,1.2057157,1.230893,1.361933
Uganda,Sub-Saharan Africa,Low income,GFDD.DM.11,8.8894,11.130048,21.732462,23.766253,25.697348,28.004147,24.724257,25.091604,25.04028,29.163303,32.149887,30.914106,28.05456,26.820475,28.492018,27.173887,28.027214,23.851349,22.230522,20.114948,18.584875,18.978361,0.0104398,0.5543789,0.86580104,1.209961,1.4477739,1.9133819,2.2699609,2.825948,2.977216
Uganda,Sub-Saharan Africa,Low income,GFDD.EI.08,0.6239477,0.87087595,0.82398486,0.9085,1.406397,1.358636,1.630148,2.728923,2.574652,3.14731,4.0819697,4.327327,5.775466,5.2399,4.944186,4.46611,4.060334,4.714905,4.025487,3.8659651,4.76772,3.0771139,4.01171,4.4295692,5.0226297,4.356453,4.9853745,5.06084,4.87842,5.409965,7.613418
Uganda,Sub-Saharan Africa,Low income,GFDD.OI.02,4.874428,5.98157,6.030097,7.2925005,8.792914,8.150677,8.904053,10.168591,11.08257,11.585401,12.24715,12.270341,14.72784,15.164281,13.39696,14.89805,15.049259,16.050081,25.88237,13.140571,14.11487,14.15859,13.25512,19.113579,13.2747,14.82608,15.057681,15.71801,15.52333,16.32868,19.27315
Uganda,Sub-Saharan Africa,Low income,SH.STA.BRTC.ZS,31.925959,29.03565,31.971416,32.534348,31.372206,37.8,30.477068,30.106005,30.455605,30.860477,36.0,39.0,36.08088,37.473324,40.969955,42.1587,41.9,45.368645,46.827133,47.974556,49.03058,57.399998,51.965927,52.776867,54.242016,54.897995,74.2,56.875175,57.40173,57.586224,57.950832
Uganda,Sub-Saharan Africa,Low income,SL.IND.EMPL.ZS,9.336229,7.870001,7.8600006,7.8600006,7.8600006,7.870001,7.8900003,7.8900003,7.880001,7.880001,7.8500004,7.84,7.820001,7.8000007,7.77,7.750001,7.7600007,7.78,7.820001,7.8000007,7.880001,7.940001,8.020001,7.0,6.84,6.8,6.73,6.59,6.54,6.51,9.847869
Ukraine,Europe & Central Asia,Lower middle income,DT.TDS.DPPF.XP.ZS,12.009693,11.156603,10.076518,9.923353,1.5299579,6.5959525,6.101573,5.8523245,9.082719,12.46409,15.161594,7.2374773,6.3722005,5.9046493,4.8596845,5.0768414,4.90608,3.7278411,2.6618814,5.4550347,3.2505527,3.173943,7.632035,15.013917,10.598588,30.52106,6.7119813,9.696591,10.55883,8.624376,11.165711
Ukraine,Europe & Central Asia,Lower middle income,EG.ELC.ACCS.ZS,100.0,100.0,100.0,100.0,100.0,100.0,100.0,100.0,100.0,100.0,100.0,100.0,100.0,100.0,100.0,99.88557,100.0,99.8,100.0,100.0,100.0,100.0,99.86749,100.0,100.0,100.0,100.0,100.0,100.0,100.0,100.0
Ukraine,Europe & Central Asia,Lower middle income,GFDD.AI.01,1697.9545,1255.8331,2258.962,2967.4749,4146.6694,4793.111,5079.322,4299.449,2783.3154,990.89526,297.68256,-152.36461,-428.55063,-583.19415,-1004.5118,2705.5479,2859.6858,3010.98,3102.43,3214.8276,3238.335,3353.4358,3383.3574,1917.779,1944.5249,1823.1423,1618.266,1675.524,1509.774,1657.5306,1727.175
Ukraine,Europe & Central Asia,Lower middle income,GFDD.DI.04,89.17607,89.51408,61.58733,76.41586,58.34612,51.5518,52.384647,56.31525,41.77979,41.2719,50.59229,59.88787,69.89523,79.32819,84.0112,93.53585,96.23502,97.91451,96.89125,92.83558,91.72675,90.63047,88.43596,87.33638,77.33231,73.19757,76.48727,79.145004,80.32951,79.48842,82.31566
Ukraine,Europe & Central Asia,Lower middle income,GFDD.DI.05,27.45665,27.151417,50.10596,32.47094,26.713549,12.71169,11.48738,13.432,15.163011,16.76517,17.97182,22.21491,28.5537,35.41232,36.43673,43.84726,47.666496,54.08327,36.11221,34.550697,36.74693,36.031048,39.0229,43.93905,40.5556,34.36426,31.98133,28.45205,24.806839,25.67837,30.926842
Ukraine,Europe & Central Asia,Lower middle income,GFDD.DI.06,8.183739,9.201185,34.8,8.896655,11.76151,8.0583935,7.620881,7.995643,14.79631,15.23035,11.957981,10.16463,8.81787,7.221844,5.301819,2.399735,1.834157,1.2936801,2.542834,6.3134766,6.674366,6.933885,8.387278,10.21654,21.33607,20.81615,16.91205,12.69687,10.29619,8.758093,8.043945
Ukraine,Europe & Central Asia,Lower middle income,GFDD.DI.11,-3.3884265,-0.482977,-2.0158968,-1.9439638,-4.6224995,-5.9036746,-6.875975,-7.082448,-6.2771945,0.25145274,-2.5940049,-2.6230516,-3.4298127,-4.329556,-4.488551,2.7967932,3.2138386,2.6820824,4.422787,4.5952077,4.1909266,3.7017715,4.002701,4.5309596,4.427537,66.71261,60.066418,51.146133,0.32801566,0.00540042,-0.9212931
Ukraine,Europe & Central Asia,Lower middle income,GFDD.DM.11,-10.345093,-6.6592503,4.2978296,5.257113,4.435098,1.9162661,-0.5163396,-1.1382058,0.17045388,3.2992854,0.038385797,0.0263096,0.0212301,0.0059841,0.0046238997,0.0069653,0.0064963,0.010510201,0.0022222998,0.0051182997,0.0198511,0.0355478,0.0620091,0.055643402,0.089885004,0.107655704,0.0996188,0.0864602,0.0940134,0.33531958,0.38071018
Ukraine,Europe & Central Asia,Lower middle income,GFDD.EI.08,5.0479865,5.431494,53.156845,27.41652,11.852069,7.099499,7.000272,7.887746,2.8962452,2.235219,1.599694,2.100684,2.805785,3.158364,2.673572,2.4850912,2.5592558,2.8269532,5.948499,8.316593,11.432079,10.513829,10.33914,11.769099,12.968669,9.821999,16.41646,17.05135,14.3198,11.123259,16.413149
Ukraine,Europe & Central Asia,Lower middle income,GFDD.OI.02,26.37466,25.416565,40.37983,23.64949,20.066761,7.863441,6.31082,6.807567,8.133248,9.393325,10.65367,12.576651,16.723331,22.97049,24.08906,30.1353,33.852547,38.666576,37.428852,35.7784,38.21911,37.528126,40.32356,45.52443,42.30396,35.7411,33.01936,29.36485,25.5581,26.41914,31.75714
Ukraine,Europe & Central Asia,Lower middle income,SH.STA.BRTC.ZS,99.9,99.9,99.9,99.9,99.880005,99.89001,99.9,99.9,99.9,99.100006,99.9,99.9,99.9,99.9,99.9,99.8,99.9,98.7,99.9,99.9,99.9,99.9,99.00001,99.9,99.9,100.30917,100.098564,99.636894,99.84431,99.78286,99.98065
Ukraine,Europe & Central Asia,Lower middle income,SL.IND.EMPL.ZS,26.752018,29.39,28.79,28.15,27.430002,26.74,26.08,25.47,25.040003,24.74,24.51,24.51,24.55,24.72,25.0,25.170002,25.430002,25.65,25.75,25.53,25.68,25.66,25.88,24.81,26.15,24.690002,24.25,24.300001,24.61,24.96,22.825365
United Arab Emirates,Middle East & North Africa,High income,DT.TDS.DPPF.XP.ZS,10.254151,10.596922,9.660731,9.719747,9.265468,8.918951,9.104476,9.145554,9.047672,8.731251,8.388423,7.772948,7.661645,7.2126956,6.8389444,6.644286,6.2851486,5.939657,5.419287,5.6240983,5.5031295,5.46047,5.5472403,5.619743,5.660281,5.8665347,6.0943894,5.970374,5.9710994,6.3359127,7.9246826
United Arab Emirates,Middle East & North Africa,High income,EG.ELC.ACCS.ZS,100.0,100.0,100.0,100.0,100.0,100.0,100.0,100.0,100.0,100.0,100.0,100.0,100.0,100.0,100.0,100.0,100.0,100.0,100.0,100.0,100.0,100.0,100.0,100.0,100.0,100.0,100.0,100.0,100.0,100.0,100.0
United Arab Emirates,Middle East & North Africa,High income,GFDD.AI.01,247.97453,116.22758,-446.14893,439.08218,1327.8954,1968.3326,2940.2065,2285.2722,473.9045,-1066.2678,-1928.47,-2380.1704,-2139.7397,-2191.594,-2267.0015,-2581.5608,-3116.8176,-2766.2268,-2171.248,-1975.2634,-2121.7031,-2349.3162,-2433.0784,-2016.7555,886.34546,884.5347,1008.79474,1063.0947,1082.6724,1080.4016,1223.6495
United Arab Emirates,Middle East & North Africa,High income,GFDD.DI.04,99.35801,93.081345,99.3596,93.5304,93.93626,93.98584,94.6518,95.070915,95.32298,95.41348,95.324356,99.980255,99.96318,99.96243,99.97285,99.30779,99.85588,99.99178,94.34487,90.14085,90.3658,91.490456,92.475075,95.612274,96.24865,96.52527,96.71435,96.72982,96.84272,97.34505,97.39765
United Arab Emirates,Middle East & North Africa,High income,GFDD.DI.05,31.16615,35.10949,34.9105,33.50392,33.90673,33.711487,32.1912,32.757122,35.544807,35.50138,33.13569,41.23354,43.05629,43.92746,45.75665,48.85502,48.94971,59.723694,58.201393,79.53777,73.89198,64.12061,62.68711,73.76157,77.07562,91.66167,89.24615,85.875694,79.46652,85.825806,103.67461
United Arab Emirates,Middle East & North Africa,High income,GFDD.DI.06,0.1955675,6.61267,0.2134477,6.672752,6.406172,6.610732,6.2089186,6.3755727,6.50912,6.4415836,6.2337003,0.0076433998,0.0153732,0.016423501,0.012525701,0.37523502,0.083852,0.0055955,4.751418,11.46762,10.03261,7.6693172,6.5593023,3.870675,3.511469,3.9384148,3.9838321,3.688901,3.3642027,3.013732,3.491938
United Arab Emirates,Middle East & North Africa,High income,GFDD.DI.11,11.776401,16.190815,16.8907,19.198227,18.873974,17.127104,16.175842,15.870462,16.698534,18.08434,19.071653,18.195415,17.122036,15.281619,15.229602,16.628258,2.985081,3.361276,2.8308492,3.9806871,3.9034672,3.2159424,3.5325809,4.144898,4.382515,5.59544,6.8628454,7.340424,6.792183,7.277678,24.615068
United Arab Emirates,Middle East & North Africa,High income,GFDD.DM.11,7.806063,10.233861,11.873958,15.398816,14.800879,14.318738,10.159624,10.136372,12.973022,16.530254,19.254765,16.796276,16.643335,16.642973,17.099169,18.238194,18.659575,19.443419,19.454525,19.962334,19.072859,17.826015,17.173384,17.788399,16.74927,18.069407,18.90744,18.777834,18.130842,17.991823,20.652802
United Arab Emirates,Middle East & North Africa,High income,GFDD.EI.08,5.070784,6.0042877,6.140762,7.406951,8.4640465,7.7179937,5.7234874,5.0501328,6.460629,6.870108,4.791753,4.2942753,5.6464148,7.5322638,8.410618,10.07843,10.81065,12.11617,12.588499,20.382149,19.68054,18.85223,20.09022,24.31914,25.31845,30.333529,33.37629,30.89731,28.90967,34.52945,44.65551
United Arab Emirates,Middle East & North Africa,High income,GFDD.OI.02,28.80645,32.63865,32.345108,30.728697,31.136518,31.05803,29.685648,30.212008,32.59605,32.18917,30.52151,38.45635,40.09621,40.90881,42.85033,46.21346,46.27269,56.984978,55.01067,75.540886,70.26874,60.891037,59.37129,70.24332,73.08919,87.2219,88.67218,85.29311,79.80026,87.08417,104.9666
United Arab Emirates,Middle East & North Africa,High income,SH.STA.BRTC.ZS,99.100006,99.37772,99.385605,100.05253,100.07322,99.200005,99.85423,99.85339,100.10409,100.45853,100.81445,100.94672,101.02557,100.0,100.0,100.56236,100.03941,100.404175,100.0,100.97356,100.81377,100.57028,100.50791,99.9,99.9,99.9,100.74382,100.462265,100.140884,99.98265,100.587074
United Arab Emirates,Middle East & North Africa,High income,SL.IND.EMPL.ZS,28.195728,33.33,33.36,33.47,33.49,33.63,33.65,33.73,33.64,33.43,33.380005,33.44,33.420002,33.84,34.19,34.54,35.2,35.73,35.95,35.86,35.48,35.12,34.940002,34.74,34.8,34.99,34.87,34.61,34.6,34.22,24.234888
United Kingdom,Europe & Central Asia,High income,DT.TDS.DPPF.XP.ZS,12.092236,10.868584,10.489317,9.864937,9.3934145,9.286821,9.356608,9.460554,8.236321,8.249347,8.150185,7.755162,7.6891394,7.696537,7.411574,6.960016,6.6996875,6.483359,6.2367706,6.0466075,5.8824673,5.7820897,5.855683,6.141977,6.521203,6.752458,6.805779,6.6781225,6.6403646,7.2350693,8.579243
United Kingdom,Europe & Central Asia,High income,EG.ELC.ACCS.ZS,100.0,100.0,100.0,100.0,100.0,100.0,100.0,100.0,100.0,100.0,100.0,100.0,100.0,100.0,100.0,100.0,100.0,100.0,100.0,100.0,100.0,100.0,100.0,100.0,100.0,100.0,100.0,100.0,100.0,100.0,100.0
United Kingdom,Europe & Central Asia,High income,GFDD.AI.01,-1959.489,-2272.0664,-2251.4373,-1629.7435,-478.13495,511.34555,1275.7643,453.67398,-1987.2211,-3367.1128,-4185.4297,-3981.4866,-3849.6848,-3912.6663,-4259.22,-4748.634,-4942.676,-4579.2446,-4184.398,-3975.4236,-4080.4285,-4381.817,-4483.515,-4092.865,-3729.6038,-3574.6716,-3735.4119,-3894.2734,-3937.6978,-3806.1196,-3481.5315
United Kingdom,Europe & Central Asia,High income,GFDD.DI.04,93.05081,93.649345,93.7709,93.86533,94.50433,95.0613,95.365654,95.75503,99.32654,99.46766,99.333565,99.61631,99.441696,99.58801,99.65988,99.64668,99.46108,99.787415,99.46622,99.75631,99.87643,99.9529,99.92239,99.99145,99.99676,99.96575,99.85997,99.75246,99.80441,99.79175,99.61258
United Kingdom,Europe & Central Asia,High income,GFDD.DI.05,84.960205,82.06727,56.462498,56.14299,57.402206,60.30709,64.662735,77.62856,89.51296,89.533676,94.322266,98.73383,99.45646,103.1667,107.918106,116.1168,125.57291,138.3318,158.2424,162.3677,163.0772,150.522,147.1122,144.19022,134.3185,132.7913,138.5369,144.27132,146.52081,139.3379,160.31961
United Kingdom,Europe & Central Asia,High income,GFDD.DI.06,7.082617,7.961065,8.215377,8.055343,7.727313,7.601727,7.602131,7.99601,0.69056153,0.5621083,0.7660446,0.46128792,0.69778377,0.5334254,0.4663592,0.505337,0.8278483,0.360329,1.01717,0.46643803,0.22757721,0.0799037,0.12420411,0.012715,0.0043706,0.0443879,0.1830272,0.327589,0.2593843,0.2734472,0.55725026
United Kingdom,Europe & Central Asia,High income,GFDD.DI.11,38.14028,43.873928,50.6882,63.612946,56.48894,61.781376,66.03094,76.43507,83.34478,94.31192,89.39372,84.56983,77.64505,76.88429,79.05049,85.53894,100.96829,101.17754,86.17878,94.63098,97.76075,94.313354,95.02159,94.44253,94.82529,93.85695,116.65158,114.6745,105.67288,43.108974,43.858124
United Kingdom,Europe & Central Asia,High income,GFDD.DM.11,14.809313,16.52958,19.382168,20.859018,19.622818,18.073109,16.16702,16.13483,16.136555,36.84224,40.17399,48.91342,47.54211,48.14367,49.75811,46.65945,61.295338,62.183937,48.40171,64.44056,61.25623,54.4844,56.851593,53.1699,49.23956,48.48376,44.889057,49.83083,44.84261,51.40933,58.67252
United Kingdom,Europe & Central Asia,High income,GFDD.EI.08,2.168869,1.9109991,0.8630568,1.174764,2.394544,2.983845,2.1650789,1.5672091,1.4507401,1.0434079,10.991888,0.038703203,1.018788,0.4727891,1.114458,1.037469,11.036886,11.146913,11.151093,1.6618391,5.092093,6.582387,5.074778,6.4413347,7.2205043,7.010756,7.337014,7.546886,5.376567,5.439362,4.451056
United Kingdom,Europe & Central Asia,High income,GFDD.OI.02,57.95266,57.2027,57.70431,58.88196,57.819134,57.30981,58.40294,59.774418,58.767323,62.41522,65.811584,65.31666,66.02445,65.49684,66.02791,67.56881,72.63181,75.0107,76.89098,76.82355,77.926155,77.63028,77.86468,79.44562,81.07623,82.784,84.29065,84.71125,84.939224,83.264786,88.13166
United Kingdom,Europe & Central Asia,High income,SH.STA.BRTC.ZS,94.84364,95.93148,96.83591,97.23773,97.203094,96.73115,96.61867,96.61136,99.00001,96.30172,96.84958,97.06173,97.05568,96.84299,96.49163,96.33565,96.27428,96.297745,96.338905,96.58945,96.58725,96.541145,96.546425,96.718994,96.89917,97.157776,97.25803,97.07041,96.789635,97.18067,97.34082
United Kingdom,Europe & Central Asia,High income,SL.IND.EMPL.ZS,25.391823,30.42,29.859999,29.39,27.780003,27.42,27.42,26.86,26.670002,25.81,25.170002,24.64,23.910002,23.34,22.300001,22.22,22.060001,22.190002,22.0,19.61,19.210001,19.18,19.07,18.87,18.97,18.66,18.47,18.26,18.13,18.12,20.122076
United States,North America,High income,DT.TDS.DPPF.XP.ZS,9.687367,8.997015,8.708132,8.279594,8.0405035,8.030165,8.061296,7.9653864,7.830307,7.3704934,7.0884476,6.91172,6.8709283,6.845167,6.6546683,6.3481407,6.052207,5.84672,5.625303,5.5662513,5.509214,5.505286,5.578942,5.8388615,6.1548443,6.354248,6.337559,6.21723,6.155449,6.736111,7.828689
United States,North America,High income,EG.ELC.ACCS.ZS,100.0,100.0,100.0,100.0,100.0,100.0,100.0,100.0,100.0,100.0,100.0,100.0,100.0,100.0,100.0,100.0,100.0,100.0,100.0,100.0,100.0,100.0,100.0,100.0,100.0,100.0,100.0,100.0,100.0,100.0,100.0
United States,North America,High income,GFDD.AI.01,158.29239,-250.43753,-241.07729,294.2517,999.6295,1629.7406,2020.9391,1330.083,-80.41582,-1311.0446,-1840.7303,-1948.2628,-1851.5773,-1876.7483,-2083.6704,-2282.3933,-2401.8298,-2231.609,-1863.9297,-1738.1017,-1922.2462,-2260.6787,-2380.5308,-2231.583,-1966.3796,-1818.6995,-1857.4861,-2031.9589,-2047.617,-2140.5042,-1981.6892
United States,North America,High income,GFDD.DI.04,93.86932,93.05173,92.42268,91.769905,91.37061,91.57375,91.77724,91.518265,91.595764,91.63035,91.72665,91.517746,90.78141,90.7459,90.84954,91.32962,91.66186,92.76603,95.50159,92.07595,89.9621,84.67224,85.29159,81.59375,80.824524,81.783035,82.88024,83.31174,85.247536,85.42486,76.75103
United States,North America,High income,GFDD.DI.05,71.22355,70.003235,66.013374,63.13221,59.658802,60.815086,62.07712,63.102646,65.45844,67.45245,68.51382,62.564663,63.828312,64.2819,64.8205,66.032814,68.21897,71.07475,73.179245,75.04784,70.511665,72.42319,73.195526,73.33643,74.052315,74.76053,76.466034,74.432236,73.89123,76.90501,91.68888
United States,North America,High income,GFDD.DI.06,3.9423862,4.327385,4.524479,4.840885,5.002154,4.9503837,4.842081,5.021667,4.988966,4.962668,4.991737,5.213383,5.758992,5.819149,5.875479,5.70752,5.637938,5.116766,3.2228649,5.39979,6.786497,10.75207,10.22598,13.144949,14.05425,13.549101,13.2056,12.625621,10.94119,10.9208,22.466671
United States,North America,High income,GFDD.DI.11,31.541698,33.294037,33.41573,34.845425,34.74302,36.55467,37.703156,39.652325,40.717354,43.494793,42.0277,43.62189,44.777275,48.065563,49.435493,48.70191,49.001595,49.14092,43.603043,48.666416,50.05013,50.681717,51.29007,51.325275,51.70535,49.55116,50.525803,51.861416,48.41303,52.265934,58.745586
United States,North America,High income,GFDD.DM.11,8.932767,10.239494,12.289186,13.505263,13.064134,11.879474,10.723007,10.383517,11.62587,6.718664,6.8600492,6.6525497,8.253241,9.572714,10.38083,10.05837,12.2198105,13.9363,10.687201,14.27966,15.07545,15.2503195,16.43578,16.283901,16.737469,15.42919,15.28427,17.670422,17.14567,18.141111,19.43823
United States,North America,High income,GFDD.EI.08,7.643652,8.866231,9.543982,9.612629,8.490559,7.963716,7.774488,7.6033087,7.121703,7.025756,6.367888,6.078864,6.364316,5.576354,4.942766,4.776894,4.808035,6.031894,8.72074,8.862364,8.58306,8.801801,9.433347,9.112592,9.521067,9.723333,11.51065,10.39864,10.958829,11.795249,19.559269
United States,North America,High income,GFDD.OI.02,67.252045,65.80751,61.70872,58.659897,54.98425,56.11588,57.29144,58.27997,60.49124,61.837868,63.15723,65.73482,66.39241,66.03719,65.40208,66.502846,68.971016,74.33477,78.631966,84.44508,78.63602,80.34418,81.032486,81.282585,81.90596,81.38542,82.06911,82.21514,80.99707,84.52532,101.216896
United States,North America,High income,SH.STA.BRTC.ZS,99.200005,99.200005,99.3,99.4,99.4,99.4,99.4,99.4,99.4,99.4,99.4,99.4,99.5,99.3,99.3,99.4,99.4,99.3,99.3,99.3,99.4,99.3,99.3,99.200005,98.5,99.100006,99.100006,99.100006,99.100006,99.92303,100.105385
United States,North America,High income,SL.IND.EMPL.ZS,26.506048,25.96,25.83,25.710001,25.64,25.49,25.31,25.13,24.92,24.690002,24.44,23.74,22.75,22.45,22.39,22.26,22.35,22.14,21.46,20.0,19.64,19.710001,19.74,19.950003,19.98,19.86,19.780003,19.73,19.87,19.91,21.86841
Uruguay,Latin America & Caribbean,High income,DT.TDS.DPPF.XP.ZS,12.682287,12.073674,11.721401,11.512456,11.103414,10.745512,10.604459,10.450072,10.3353,9.730443,8.903949,8.500574,8.641451,8.495619,8.20812,7.3340898,6.86915,6.5057616,6.224991,6.024359,5.884495,5.8191056,5.89049,6.1147723,6.3935018,6.566257,6.58586,6.467392,6.6063495,6.8387356,7.7997813
Uruguay,Latin America & Caribbean,High income,EG.ELC.ACCS.ZS,97.37732,97.52581,96.18231,96.36306,96.54245,96.719795,95.9,97.06565,97.2328,97.39511,97.676865,97.78539,97.88633,97.98204,98.07486,98.167145,98.505424,98.692635,98.784355,99.1,99.3,99.17,99.600006,99.61182,99.65709,99.70948,99.7,99.8,99.8,99.90001,100.0
Uruguay,Latin America & Caribbean,High income,GFDD.AI.01,3587.476,3514.333,3730.2666,4596.0117,5332.5283,5889.742,5934.6064,4962.261,3566.1868,1704.0684,449.69592,60.810688,189.99771,-91.27214,-483.6784,339.48657,414.51773,444.07285,500.69714,535.4944,604.96454,627.3974,669.0505,741.9189,870.6373,866.6068,879.6375,958.30255,1044.3738,1086.7247,1101.7692
Uruguay,Latin America & Caribbean,High income,GFDD.DI.04,57.894203,64.09526,63.48466,65.70088,68.373505,70.18864,72.548004,75.19805,78.18724,77.39372,74.78674,86.570244,68.41047,62.73112,56.56722,60.827686,77.37548,80.66741,75.007256,74.78562,71.85452,75.37032,73.34513,73.27328,74.83954,77.60973,76.502914,72.98694,75.27332,77.982475,81.651375
Uruguay,Latin America & Caribbean,High income,GFDD.DI.05,55.84337,48.84357,42.66987,38.376938,36.60305,36.04285,36.2104,33.6634,36.29612,40.08146,43.24064,47.850018,58.591476,52.27645,46.082,42.9379,43.70522,39.381977,44.61614,39.07093,42.199608,43.434273,42.48968,44.74997,47.29501,53.51794,46.91105,44.807327,46.56721,49.573128,59.05056
Uruguay,Latin America & Caribbean,High income,GFDD.DI.06,28.13961,17.171839,17.03328,14.87199,13.23258,12.797159,11.49216,9.757995,12.71746,13.913541,16.49847,9.831065,38.62982,31.714682,25.01817,18.86173,8.875881,6.7421784,10.70326,8.977753,10.18971,8.948886,9.989414,10.68152,10.43781,9.835085,8.969182,10.14675,9.38673,8.337694,7.1826777
Uruguay,Latin America & Caribbean,High income,GFDD.DI.11,0.95988995,3.0353687,3.7660844,4.319121,4.054783,3.069911,2.219399,2.013938,2.7490284,5.5092144,2.500308,3.0336235,4.196628,3.8685393,3.5971668,3.5939412,3.7395592,3.6514535,3.7218378,3.919596,4.0548887,4.4244356,4.884943,5.296043,5.84689,6.643201,6.7114,7.60814,8.187973,9.073743,10.46874
Uruguay,Latin America & Caribbean,High income,GFDD.DM.11,1.3412038,3.9458122,8.14954,10.628712,10.486008,8.299523,6.0331926,5.229978,6.9353113,3.5119321,3.500813,5.758235,7.344275,14.559629,17.8908,10.70273,11.893861,9.917666,7.818201,8.599851,13.48884,12.2773,12.3114395,12.544379,13.575331,17.867609,18.14179,14.31131,13.05181,17.28504,24.28697
Uruguay,Latin America & Caribbean,High income,GFDD.EI.08,7.589109,5.619602,4.452161,3.8693852,4.899551,3.814577,3.633127,3.751927,5.227119,4.206518,4.018495,9.621689,13.298519,10.31792,8.491882,6.899338,6.48258,4.7801695,4.3346157,6.146586,3.7606082,4.351698,4.060891,3.322828,4.043798,4.016477,3.4451532,3.234478,3.343307,3.83079,4.133072
Uruguay,Latin America & Caribbean,High income,GFDD.OI.02,51.955738,45.072598,38.985416,34.42181,32.826477,32.44535,32.942207,30.766258,33.61886,37.25409,40.59597,45.29408,55.88591,49.41892,43.206337,39.587658,40.24382,35.74839,41.11196,35.221577,38.053608,39.265236,37.891758,40.3282,42.80597,48.833527,42.074707,39.93914,41.26407,44.20905,53.42582
Uruguay,Latin America & Caribbean,High income,SH.STA.BRTC.ZS,99.4,99.3,99.00001,98.3,98.200005,97.99999,97.99999,98.4,99.00001,99.8,99.7,99.6,99.7,99.7,99.5,99.9,99.9,98.6,99.6,99.7,99.8,99.5,99.9,98.200005,99.9,99.9,100.0,100.0,98.11561,97.991295,98.321396
Uruguay,Latin America & Caribbean,High income,SL.IND.EMPL.ZS,23.98173,24.16,24.24,24.09,24.08,23.74,23.6,23.73,23.68,23.27,22.68,21.98,21.09,20.800001,20.89,21.14,21.190002,21.68,21.560001,20.96,21.410002,20.780003,21.13,21.580002,21.01,20.46,20.05,19.74,19.2,18.83,20.963669
Uzbekistan,Europe & Central Asia,Lower middle income,DT.TDS.DPPF.XP.ZS,12.327806,11.187974,10.940985,10.58472,10.274966,10.167027,9.579239,9.468151,9.53371,9.379947,8.880923,8.51139,8.317352,8.2073145,7.0362935,6.3994536,5.820384,5.3429794,4.818452,4.681051,3.293062,2.3104737,2.5679393,2.291761,2.5774667,2.5847843,3.389863,3.0611277,3.0395086,3.4615276,5.5839977
Uzbekistan,Europe & Central Asia,Lower middle income,EG.ELC.ACCS.ZS,100.61484,100.621086,99.91613,99.38745,99.344025,99.84012,99.600006,99.379745,99.44935,99.514114,99.59327,99.63011,99.7,99.683365,99.704506,99.72509,99.4901,99.774536,99.808754,99.85291,99.912895,99.96144,99.98982,99.99887,100.0,100.0,100.0,100.0,100.0,100.0,100.0
Uzbekistan,Europe & Central Asia,Lower middle income,GFDD.AI.01,847.96014,-224.61246,-363.21606,774.86084,2386.2754,3919.2932,4020.6375,3193.1807,1810.0674,623.1922,-11.855632,-456.21103,-711.3513,-883.53394,244.5124,296.05746,310.53583,332.8464,384.78055,401.31494,441.83008,416.89267,441.1172,520.101,592.02356,609.02325,701.12195,785.91376,819.49854,809.05725,849.3001
Uzbekistan,Europe & Central Asia,Lower middle income,GFDD.DI.04,87.447945,87.89033,87.08051,86.4147,86.46772,86.90736,86.37866,87.12317,86.606834,86.5603,86.74751,87.481926,88.21979,88.344925,88.31551,88.564316,89.43927,90.61582,91.23737,91.57429,92.11464,92.161674,92.432594,99.92946,99.9491,99.95919,99.96966,99.95006,99.958336,99.924995,99.89794
Uzbekistan,Europe & Central Asia,Lower middle income,GFDD.DI.05,22.80498,22.872091,23.139214,22.758467,21.785828,20.958368,16.695019,16.929035,17.047585,19.193094,19.841516,21.460354,21.324743,20.72473,20.938187,21.830448,23.411942,25.732244,26.114668,28.19239,30.906694,30.791922,32.37779,18.54579,17.45746,18.06385,19.342289,22.393261,19.86332,16.97683,17.604359
Uzbekistan,Europe & Central Asia,Lower middle income,GFDD.DI.06,10.396732,11.9224,11.968025,11.2378645,10.263366,9.697166,9.747042,9.951485,9.459071,9.212674,8.889213,8.836603,9.076647,9.237049,8.992157,8.378801,7.6217437,7.6518316,7.362404,7.556895,7.627323,7.374469,7.3861637,0.0128182,0.0093928,0.0078013,0.0065135,0.0182912,0.0179764,0.0302575,0.048307598
Uzbekistan,Europe & Central Asia,Lower middle income,GFDD.DI.11,-9.130277,-5.850074,-3.8368328,-2.8264446,-3.0753694,-4.261905,-8.50561,-9.046854,-8.944784,-7.8335037,-6.692399,-6.6605344,-7.3669343,-8.084956,-8.258279,-7.228491,-6.101342,-5.2051926,0.6859431,0.6467105,0.5529292,0.5001568,0.5055638,0.47734916,0.4919451,0.4964719,0.48805037,0.66428274,0.62316716,-7.7468987,-9.118028
Uzbekistan,Europe & Central Asia,Lower middle income,GFDD.DM.11,-18.495739,-15.759373,-11.460023,-7.611367,-5.962977,-7.762638,-6.268097,-6.989377,-4.283061,-0.54993033,1.8016754,2.2244453,1.8424389,2.265753,2.8117604,4.24252,5.2896976,5.180245,4.716451,3.8455062,1.3999267,0.71956235,0.6785889,-0.64562285,-0.23559357,0.29796216,0.985582,1.5590959,1.008539,0.08473176,0.7119024
Uzbekistan,Europe & Central Asia,Lower middle income,GFDD.EI.08,1.940828,2.0338085,2.1614618,2.3217485,2.3942926,2.2651107,2.4121513,2.3085756,2.5804074,2.5443184,2.7337968,3.0049052,3.2696204,3.4577339,3.9085126,4.049848,4.031643,4.075296,4.549654,4.8215013,5.1417656,5.56794,5.966749,9.327025,8.924191,9.598615,10.60322,21.697739,19.01616,12.29622,12.72738
Uzbekistan,Europe & Central Asia,Lower middle income,GFDD.OI.02,7.416743,4.4775553,5.5334673,7.510804,8.7004175,9.041089,10.375412,10.691461,12.045939,13.6306715,14.676164,16.236292,17.291187,17.559908,18.104517,20.144691,21.91848,24.103243,23.564367,23.941082,24.272696,24.570501,25.395956,13.245391,12.201381,12.95085,13.88938,15.89904,14.11151,12.27462,13.42755
Uzbekistan,Europe & Central Asia,Lower middle income,SH.STA.BRTC.ZS,99.28955,100.31289,99.92875,99.15668,98.54943,98.36666,97.5,100.0,100.0,100.0,94.899994,100.0,100.0,100.0,100.0,100.0,99.6,100.0,100.0,100.0,100.0,100.0,100.0,100.0,100.0,100.0,100.0,100.0,100.0,100.57889,100.63589
Uzbekistan,Europe & Central Asia,Lower middle income,SL.IND.EMPL.ZS,27.07581,25.800001,24.930002,24.64,24.27,23.9,22.83,22.44,21.820002,21.86,21.51,21.280003,21.12,21.080002,21.170002,21.31,21.52,21.820002,22.13,22.48,22.7,22.74,22.710001,22.73,22.780003,22.9,23.060001,23.05,22.66,23.02,23.361813
Vanuatu,East Asia & Pacific,Lower middle income,DT.TDS.DPPF.XP.ZS,1.6011717,1.1232004,1.3600185,1.3792226,1.1947396,1.065214,0.9649769,0.82822067,0.5319545,1.361771,1.4014702,1.2319559,1.4512374,1.328325,1.5743024,1.2406207,1.9035555,1.5159471,1.2368605,1.5010273,1.4447163,1.2521327,1.2273896,1.5026481,1.640394,1.7611599,1.9881693,2.0162764,3.9210594,3.1217768,7.060714
Vanuatu,East Asia & Pacific,Lower middle income,EG.ELC.ACCS.ZS,31.97735,26.127539,26.52857,27.470234,18.0,12.941644,14.792361,16.639679,18.482916,19.1,22.14308,23.943878,25.737099,27.52508,29.310175,31.094732,26.439999,33.62462,36.470303,33.291115,44.1,41.93533,43.789528,31.699999,49.05744,52.205097,57.819996,62.799995,61.75451,64.59019,67.33327
Vanuatu,East Asia & Pacific,Lower middle income,GFDD.AI.01,-2086.2551,-2425.4438,-1676.644,-432.7954,2396.0024,3246.7175,3303.0784,2953.7542,1734.7466,1135.1514,653.4103,-1400.2441,-1993.9022,-1335.2489,-2207.3757,-2073.0984,-2417.1465,-2459.594,-3238.886,-3068.2551,-2937.0295,-3015.2043,-3053.2637,-2357.5588,662.3571,704.04315,719.1552,604.56494,596.02966,652.8433,667.52655
Vanuatu,East Asia & Pacific,Lower middle income,GFDD.DI.04,98.16138,98.519165,99.02865,99.242615,93.208015,91.70196,91.63152,88.200455,88.69505,88.4595,88.166985,88.41214,88.180984,89.224525,90.30885,92.7364,93.098785,93.44731,97.53144,98.090836,96.32523,96.36518,96.614044,96.26451,95.460495,95.60588,93.46597,94.991936,95.2812,95.728836,96.14453
Vanuatu,East Asia & Pacific,Lower middle income,GFDD.DI.05,123.61861,108.3136,98.01482,100.304405,92.45814,101.948204,107.424,98.905815,105.246,92.40274,90.101746,94.935455,95.77046,90.32245,93.48551,98.63439,93.707115,99.8533,100.016106,95.08147,86.98888,83.14003,82.17659,75.004524,77.886116,81.67583,84.96241,82.89933,88.27493,88.508575,92.77921
Vanuatu,East Asia & Pacific,Lower middle income,GFDD.DI.06,0.70352566,0.51131856,0.3855498,0.2990236,2.6162698,3.122205,3.227569,4.323198,4.513618,4.95713,4.6874824,4.7064857,5.31372,4.830321,4.424714,3.529728,3.230787,3.108911,1.411461,1.274184,2.617384,2.691851,2.6329691,2.902452,3.7149892,3.4332871,5.007328,3.555427,3.1545198,2.672671,2.551826
Vanuatu,East Asia & Pacific,Lower middle income,GFDD.DI.11,0.9191616,4.3406835,6.2000427,6.8973284,5.688439,5.007169,4.573467,4.474984,4.855751,6.032029,5.5945444,6.4251027,6.7138753,5.1255546,5.148049,5.1916533,6.2332606,7.398509,7.8041973,7.5679655,6.744735,6.0338497,5.844379,5.656572,5.329075,4.848576,4.9867144,5.213353,5.624381,5.794044,5.641124
Vanuatu,East Asia & Pacific,Lower middle income,GFDD.DM.11,1.9518801,0.8015891,3.1578996,5.934896,9.677457,8.868464,5.267582,4.5757594,4.94091,0.3473889,11.7819395,10.4847975,4.4895654,3.876449,3.690548,3.534228,3.381438,3.260469,3.242951,3.6070688,2.2291698,1.5192579,1.639169,1.9360441,0.5960053,1.897938,4.884734,1.693815,0.6078574,0.1624748,1.766488
Vanuatu,East Asia & Pacific,Lower middle income,GFDD.EI.08,4.289115,4.1552567,3.8100228,4.115471,2.361759,2.039762,1.7917521,2.005449,3.705415,2.851588,4.060656,3.104479,3.355842,2.1087341,2.1350172,2.084152,1.719678,1.099084,0.99830216,0.85723823,1.321465,2.3005881,1.649113,2.269773,2.517529,2.381654,2.756682,3.122833,2.380521,2.199238,1.918286
Vanuatu,East Asia & Pacific,Lower middle income,GFDD.OI.02,118.9924,103.2399,94.33928,95.28434,87.41982,96.28571,101.916,93.61026,98.644356,85.78016,84.76577,89.69379,90.53247,84.89291,87.39024,92.40704,87.22124,93.265114,93.74101,88.88995,80.00288,76.04958,75.11938,67.95453,70.506516,73.78693,76.520226,74.64506,79.75867,79.902824,82.59239
Vanuatu,East Asia & Pacific,Lower middle income,SH.STA.BRTC.ZS,79.0,60.575584,60.449577,60.451073,86.99999,89.1,58.781357,58.62283,59.392887,88.0,88.0,61.783424,63.2214,84.0,64.63659,92.0,92.9,74.0,68.04751,68.74957,69.573265,70.2185,71.05603,89.4,74.634575,75.9318,77.08322,77.672386,77.73786,77.46319,77.6743
Vanuatu,East Asia & Pacific,Lower middle income,SL.IND.EMPL.ZS,13.237004,0.28,0.29,0.3,0.31,0.32,0.34,0.32,0.34,0.36,0.39,0.41,0.42,0.47,0.54,0.64,0.79,1.33,2.76,7.03,6.86,6.92,7.39,8.500001,9.000001,10.910001,11.890001,12.67,13.390001,14.08,12.7495775
"Venezuela, RB",Latin America & Caribbean,,DT.TDS.DPPF.XP.ZS,19.595303,13.67226,13.079132,15.479615,12.772717,19.296366,15.356418,15.190903,27.930986,23.253906,14.612872,22.36194,23.90555,27.575285,18.18093,10.044772,6.7506604,9.170084,5.782721,6.5263457,6.3760796,7.055988,6.060808,8.524277,10.747181,24.234594,17.007393,8.493717,8.755053,9.110777,11.016036
"Venezuela, RB",Latin America & Caribbean,,EG.ELC.ACCS.ZS,92.808784,92.43499,97.820206,98.23953,98.32333,99.0,98.48413,98.7,98.4,98.9,98.9,99.90001,99.8,95.7,99.1,98.85616,99.3,98.888176,98.91367,98.949104,99.05495,98.84,99.20808,99.25722,100.0,100.0,99.4,99.2,99.9112,99.97682,100.0
"Venezuela, RB",Latin America & Caribbean,,GFDD.AI.01,2377.6902,2402.862,3172.8496,3942.971,4747.4736,5587.467,5909.556,5226.9067,3564.8516,704.7016,563.9595,-323.97577,-500.94437,-392.08136,-1001.7464,878.5363,1051.132,1207.247,1198.3396,1207.4717,1196.8259,1368.427,1541.9082,1714.0096,1753.1649,1924.9789,-708.6559,-625.57,-1122.5835,-1284.2759,-1235.923
"Venezuela, RB",Latin America & Caribbean,,GFDD.DI.04,60.645164,70.81318,74.43275,74.507774,68.191124,67.56544,65.30508,84.68589,87.1108,88.20849,90.84565,92.67048,89.916176,93.7942,96.53671,94.902794,99.2154,97.20943,97.19414,97.89478,89.37844,76.85143,75.845474,69.07484,90.14545,89.298676,88.91993,88.13395,88.901566,89.61923,89.201385
"Venezuela, RB",Latin America & Caribbean,,GFDD.DI.05,38.80593,42.7649,38.172897,35.66293,34.282463,29.169182,20.769701,22.94756,20.82082,21.5402,21.26508,18.99897,18.44139,24.235619,21.49551,22.97069,31.036518,31.733461,29.16497,36.035698,31.810768,36.617367,43.71228,54.836403,42.015873,41.496307,42.270992,40.879158,43.032967,45.092957,50.671535
"Venezuela, RB",Latin America & Caribbean,,GFDD.DI.06,12.1766205,8.3699,6.9424953,6.768437,7.4017563,7.747554,5.636348,2.6133568,2.014714,1.7824091,1.389733,1.175997,1.537637,0.8314804,0.5460868,0.86165357,0.1786224,0.7726761,0.668678,0.5923519,2.844702,8.25545,11.75883,20.13813,6.658989,7.5734563,8.193358,8.948694,8.719427,8.751033,8.779699
"Venezuela, RB",Latin America & Caribbean,,GFDD.DI.11,-3.483964,-0.9318782,-0.40296334,0.5773708,0.43571305,-0.64348567,-1.7642779,-2.7528286,-1.7209973,1.7143557,1.5512528,1.763635,2.1650476,2.214472,2.1309829,2.078801,2.2581317,2.6096683,2.6341782,3.075869,3.1752279,3.0924242,3.1472785,3.4738362,5.077714,7.121023,6.2903337,5.904538,6.990324,7.217079,7.6731653
"Venezuela, RB",Latin America & Caribbean,,GFDD.DM.11,-4.5975747,-0.6730659,3.3279212,5.682081,5.4069643,3.2382617,0.65821904,1.8961774,1.535431,2.5762239,3.254046,3.038783,5.536681,7.25256,5.532167,5.721119,9.219112,7.313643,4.381176,2.8143492,2.168064,2.7906778,2.655747,2.3552601,1.1727769,0.401231,0.1398091,9.465524,8.804124,7.9139776,9.187056
"Venezuela, RB",Latin America & Caribbean,,GFDD.EI.08,2.2470002,1.8935361,1.6232431,4.0175633,6.669378,7.483322,2.4825242,1.8447961,1.5758162,2.119353,3.307554,3.3208091,4.135287,4.207633,4.6878858,3.3862,6.248125,4.403612,2.518253,5.100668,5.355117,7.049449,11.84017,15.245979,14.707709,7.3253045,6.6821337,6.540529,6.837617,7.1053843,7.5462847
"Venezuela, RB",Latin America & Caribbean,,GFDD.OI.02,26.833431,30.1235,25.72207,24.465052,25.3426,21.78714,15.021649,16.833,16.457531,16.1228,15.198701,15.850581,14.1337805,18.6308,17.16413,19.00837,26.897211,27.2992,25.231321,30.42598,27.40515,32.03321,38.721367,48.54738,62.48232,38.04881,39.823036,39.539932,40.959663,42.41808,46.743343
"Venezuela, RB",Latin America & Caribbean,,SH.STA.BRTC.ZS,87.94284,88.1036,88.10377,88.03751,88.14271,88.32648,88.66872,95.299995,90.41025,91.061295,93.99999,92.27165,92.7304,95.0,93.00728,93.47554,93.946915,94.546005,95.21224,95.52428,95.46319,98.100006,96.0,99.200005,99.5,99.3,99.3,99.100006,95.60408,95.67953,96.2445
"Venezuela, RB",Latin America & Caribbean,,SL.IND.EMPL.ZS,23.147308,26.05,26.63,26.280003,23.65,23.560001,22.39,23.88,24.5,22.710001,22.83,22.09,20.690002,19.83,20.320002,20.65,22.18,23.13,22.87,22.38,21.63,21.48,21.62,21.33,20.7,19.83,18.81,17.75,16.66,15.340001,20.816984
Vietnam,East Asia & Pacific,Lower middle income,DT.TDS.DPPF.XP.ZS,13.821692,13.293249,12.475375,12.326076,12.690934,11.229677,3.2296584,7.061367,8.754386,9.746084,7.2129555,6.568353,6.0095024,3.4812195,2.547162,2.3184927,1.8500655,1.914531,1.7993728,2.2542617,2.068288,1.8102391,1.7913029,1.8640118,2.1736887,1.5576866,1.7970622,1.4280548,1.3854342,1.3570698,1.5616987
Vietnam,East Asia & Pacific,Lower middle income,EG.ELC.ACCS.ZS,83.12141,80.582184,76.35112,75.63464,77.10516,76.538475,77.86146,78.4,86.17599,86.99444,87.828415,88.607475,89.1,90.145195,90.90855,96.1,96.0,93.20527,93.98171,96.1,97.43,99.0,97.89,98.55496,99.2,99.82131,99.2,100.0,100.0,99.4,100.0
Vietnam,East Asia & Pacific,Lower middle income,GFDD.AI.01,2467.3127,1106.0627,1294.4204,2375.9717,4695.9297,4854.9463,5317.1226,5558.1562,3531.2822,2171.3152,2347.3079,745.2319,1019.60724,-116.33943,-680.70514,-2058.5112,-1751.5734,-2293.4307,-1962.6692,-1809.3383,-1819.0101,-1780.9292,-2054.6946,-1771.5276,-1236.785,-1344.2458,-1501.4186,-1828.0598,-2020.6215,-2167.0051,-2109.3044
Vietnam,East Asia & Pacific,Lower middle income,GFDD.DI.04,83.85873,82.24491,76.5265,73.17515,79.09,90.58242,87.08068,88.38054,86.742065,91.34108,93.322784,94.134834,94.264015,95.60207,95.66825,97.35307,97.308426,98.916664,99.15575,96.38483,97.02515,98.24493,98.76399,99.306595,99.756615,98.522575,99.51434,99.85418,99.18115,99.885635,99.93545
Vietnam,East Asia & Pacific,Lower middle income,GFDD.DI.05,36.357628,35.124214,22.50751,20.07458,31.946526,19.566479,20.710049,22.507309,24.20798,36.37278,44.6045,52.118973,53.03549,61.6292,69.26354,70.959885,79.34067,100.00001,93.209885,105.52491,114.814804,99.6403,106.4615,117.0391,127.4112,137.7088,151.1111,155.08981,158.1228,164.73509,179.6502
Vietnam,East Asia & Pacific,Lower middle income,GFDD.DI.06,9.000349,10.931484,4.642538,6.508356,8.6357,2.1203969,2.8806589,2.755927,3.301544,2.8227339,2.656358,2.580829,2.8240151,2.481486,2.936502,1.854735,2.028991,1.033224,0.7844383,4.202674,3.806653,1.984899,1.326495,0.7705252,0.2822487,1.9200499,0.6933689,0.215523,1.229188,0.17380631,0.1051262
Vietnam,East Asia & Pacific,Lower middle income,GFDD.DI.11,1.9940139,5.108238,2.9468253,3.889564,6.6027675,2.7043934,-0.63641673,-2.377326,-1.33741,-0.11656888,0.7542417,1.0054704,0.029456392,-0.7527071,-0.57606614,3.3909147,3.6548886,4.5179167,4.4450436,4.6971254,4.603233,3.8219483,3.5145135,3.7345517,4.357889,4.8267198,5.5132446,6.3221774,7.130839,7.663007,8.254753
Vietnam,East Asia & Pacific,Lower middle income,GFDD.DM.11,-10.597995,-10.052103,1.8461877,4.975223,0.5763481,4.883983,1.697574,4.2446456,3.0658293,6.5503874,9.958346,8.2585535,8.419269,5.9839163,6.391876,7.47837,9.214124,7.7397633,7.2763524,7.02584,6.593255,6.330987,5.594204,5.6540384,7.4054685,7.8259063,9.587812,10.197644,9.789917,9.59462,10.732415
Vietnam,East Asia & Pacific,Lower middle income,GFDD.EI.08,3.721161,3.2177846,1.478291,1.2245821,3.0412917,1.910248,0.7466131,1.11344,1.476922,1.58983,1.867029,2.131314,3.278695,5.570053,5.627456,7.749537,7.886686,8.764257,9.437791,8.737803,9.349341,9.312144,11.241149,13.40683,15.443049,16.09496,18.0652,17.06427,15.66462,13.895919,15.05365
Vietnam,East Asia & Pacific,Lower middle income,GFDD.OI.02,29.026054,25.5307,3.5929868,3.4192908,28.846823,3.0014148,3.754099,4.681385,5.052602,6.777508,8.781015,9.575936,9.531547,10.8307705,12.427031,12.12504,12.58538,17.17224,12.12778,15.02696,13.310321,11.335541,11.83477,13.47994,14.58294,16.426352,18.209692,19.41355,19.13357,20.36424,24.801271
Vietnam,East Asia & Pacific,Lower middle income,SH.STA.BRTC.ZS,85.61577,84.91962,82.50578,81.746826,80.86151,81.84253,82.08614,77.1,85.38272,86.14327,58.799995,88.2538,85.0,90.54377,91.16623,92.174484,83.799995,93.64047,94.51025,95.16815,95.26267,91.9,95.325264,95.7075,93.799995,96.63639,96.48501,96.02055,95.6327,95.39013,95.99847
Vietnam,East Asia & Pacific,Lower middle income,SL.IND.EMPL.ZS,21.313892,10.120001,10.58,11.09,11.47,11.82,12.250001,12.68,11.58,11.990001,12.44,13.900001,14.7,16.41,17.35,18.74,20.190002,20.39,21.0,21.85,21.68,21.280003,21.190002,21.18,21.45,22.74,24.76,25.780003,26.64,27.44,21.234592
Virgin Islands (U.S.),Latin America & Caribbean,High income,DT.TDS.DPPF.XP.ZS,11.820297,10.592319,10.328965,9.766956,9.261848,9.110443,9.159517,9.237956,9.23786,8.900138,8.357331,8.011358,8.182197,7.979704,7.361163,6.7034297,6.246312,6.0756445,5.899929,5.8199344,5.7057705,5.5999856,5.575679,5.903916,6.48136,6.916999,6.8873734,6.512197,6.3449802,6.7392116,8.7204075
Virgin Islands (U.S.),Latin America & Caribbean,High income,EG.ELC.ACCS.ZS,100.0,100.0,100.0,100.0,100.0,100.0,100.0,100.0,100.0,100.0,100.0,100.0,100.0,100.0,100.0,100.0,100.0,100.0,100.0,100.0,100.0,100.0,100.0,100.0,100.0,100.0,100.0,100.0,100.0,100.0,100.0
Virgin Islands (U.S.),Latin America & Caribbean,High income,GFDD.AI.01,-1466.5685,-1883.8572,-1709.2617,-850.8602,189.44649,1343.7811,2082.3794,1320.3741,-663.64777,-2468.122,-3364.046,-3682.5696,-3485.0068,-3481.6304,-3707.0532,-3928.9375,-3869.4907,-3543.985,-3279.8757,-3086.912,-3229.1987,-3679.673,-3995.57,-3890.1897,-3509.9993,-3333.032,-3513.421,-3935.6719,-4171.584,-4198.211,-3842.3572
Virgin Islands (U.S.),Latin America & Caribbean,High income,GFDD.DI.04,88.463425,89.41857,89.06764,88.89355,89.13751,89.443146,89.95302,90.608765,90.615715,90.68828,90.803566,91.12422,90.47878,90.26608,90.45363,90.60489,91.403404,92.05557,92.17946,91.44735,90.65004,90.40373,90.79012,91.31384,91.23508,90.50518,89.92279,89.99177,90.38384,90.8068,89.39956
Virgin Islands (U.S.),Latin America & Caribbean,High income,GFDD.DI.05,41.470215,40.503777,41.343426,42.227478,43.43329,42.720722,42.35083,42.83529,43.94547,44.80335,44.09437,44.19901,43.353474,42.92478,43.84434,43.81856,45.38226,46.467083,48.157974,50.555428,51.20038,51.302635,53.17619,55.15431,55.656006,56.148384,56.191856,56.155224,57.57475,60.029774,64.45039
Virgin Islands (U.S.),Latin America & Caribbean,High income,GFDD.DI.06,8.282716,9.562355,9.368386,8.827328,8.258802,7.9869175,8.19151,8.632942,8.579841,8.41797,8.153998,8.101434,8.750266,8.819866,8.123451,7.4635577,6.785073,6.7949505,7.295949,7.743897,7.8160295,7.455733,7.4129367,7.7984476,8.455454,9.336443,9.771073,9.433596,9.317552,9.291278,9.285402
Virgin Islands (U.S.),Latin America & Caribbean,High income,GFDD.DI.11,2.4467957,5.661173,8.015069,9.10087,9.078387,7.823292,6.321096,5.8726506,6.453411,7.838648,8.728193,8.523532,6.5845604,5.6378098,6.261065,6.9259667,7.8376136,8.5120325,8.646674,8.27281,7.7807226,7.722891,7.9371123,8.328139,8.7250805,9.383769,9.978623,10.118759,10.659455,10.995507,10.975022
Virgin Islands (U.S.),Latin America & Caribbean,High income,GFDD.DM.11,-3.7526693,-1.358814,2.8204193,6.1049433,6.308912,3.7967656,0.5369137,-0.8758208,1.3264436,6.00166,9.867658,11.325313,12.0685005,12.665558,11.613884,13.722143,16.084362,17.815525,17.660284,16.580631,15.3473215,13.939532,12.573017,12.557434,13.882021,15.066474,15.889614,15.702092,15.063715,14.356695,15.755658
Virgin Islands (U.S.),Latin America & Caribbean,High income,GFDD.EI.08,3.7149181,4.1318655,4.6260858,4.7692347,4.5150504,4.1299195,3.8554134,3.559438,3.8494937,3.8897665,4.0679297,4.242107,4.3817773,4.5900564,4.4566784,4.407096,4.30871,4.11569,4.0520597,4.0969644,4.435402,4.99504,5.3258657,5.416703,5.395442,5.277307,5.3949485,5.781817,6.1806746,6.405081,6.673388
Virgin Islands (U.S.),Latin America & Caribbean,High income,GFDD.OI.02,26.443304,24.478085,26.225897,27.819353,28.492783,28.474188,27.818848,27.533514,28.254217,29.227287,30.469666,32.18896,32.00913,32.723,33.90696,34.85965,36.378674,38.08,39.781296,40.209106,39.655304,39.621265,40.211754,40.980656,42.050755,42.780773,42.814922,42.957367,43.91336,45.80044,50.475365
Virgin Islands (U.S.),Latin America & Caribbean,High income,SH.STA.BRTC.ZS,96.7355,97.88682,97.94568,97.60048,97.423615,97.24794,97.435356,97.66093,97.86575,98.09813,98.54021,98.955475,98.3,98.5,98.22465,97.71914,97.65019,97.99452,98.37318,98.163155,97.439224,96.87848,96.95939,97.53843,98.11542,98.5313,98.46839,98.11074,97.73522,97.61508,97.85454
Virgin Islands (U.S.),Latin America & Caribbean,High income,SL.IND.EMPL.ZS,26.417389,26.31,26.18,26.03,25.99,25.85,25.710001,25.61,25.42,25.190002,25.07,24.75,24.410002,24.1,24.02,23.99,23.97,23.97,23.77,22.94,22.7,21.85,20.72,20.13,19.87,19.66,19.49,19.16,18.97,18.74,20.898487
West Bank and Gaza,Middle East & North Africa,Lower middle income,DT.TDS.DPPF.XP.ZS,11.308981,10.004236,9.567104,9.137057,8.8714905,8.660661,8.381201,8.025084,7.2281528,7.135518,6.872943,6.600975,6.455081,6.26728,5.83987,5.396923,5.0438614,4.7628174,4.3733745,3.5425181,3.4510908,3.4836013,3.697922,4.1588664,4.5913725,4.954635,4.9700317,4.809575,4.782109,5.2553854,6.7555685
West Bank and Gaza,Middle East & North Africa,Lower middle income,EG.ELC.ACCS.ZS,100.05293,100.011765,99.963326,99.92252,99.69773,99.64314,99.22828,97.899994,98.5393,98.62315,99.7,99.1,99.236855,99.1,99.5,99.600006,99.7,98.8,99.8,99.90001,99.90001,99.7,99.8,99.90001,99.90001,99.90001,100.0,99.7,100.0,100.0,100.0
West Bank and Gaza,Middle East & North Africa,Lower middle income,GFDD.AI.01,420.35175,-406.21234,-639.7717,19.220263,1592.9406,3442.8308,4228.806,2192.9543,-301.15903,-1725.5499,-2156.0554,-3044.3198,-3008.9602,-3030.979,-3122.2092,-3374.988,-3546.182,-3768.1382,-3299.6814,18.406662,21.050411,20.786768,21.15838,20.499063,20.729177,20.41904,21.273088,22.00296,21.902815,23.365915,24.150879
West Bank and Gaza,Middle East & North Africa,Lower middle income,GFDD.DI.04,92.00984,92.64131,92.5773,92.92756,93.06625,93.05201,92.215576,93.54578,98.313194,98.42356,98.97022,98.71158,98.23697,98.78178,99.47003,99.62467,99.619675,99.6224,99.67513,99.757645,99.863525,99.89218,99.90752,99.85116,99.8717,99.891014,99.92164,99.92567,99.9125,99.92336,99.922646
West Bank and Gaza,Middle East & North Africa,Lower middle income,GFDD.DI.05,51.15892,50.850838,50.31746,51.082947,50.905903,50.345165,49.91471,52.409397,55.45401,62.81555,77.359924,80.8421,86.501076,84.20688,78.28449,71.88869,74.03081,82.19819,73.94254,71.385574,63.005676,56.69243,55.45844,55.47121,57.43898,63.464233,63.335224,68.2187,70.11212,73.26466,92.028015
West Bank and Gaza,Middle East & North Africa,Lower middle income,GFDD.DI.06,7.9858403,9.481885,9.792751,9.421489,8.6340475,7.9156265,7.9508414,7.826055,0.34761602,0.3807351,0.3240462,0.4024387,0.5064074,0.34574598,0.1771041,0.1456791,0.1388395,0.1181521,0.083466195,0.0690339,0.0410032,0.0353928,0.0329289,0.0511032,0.046454903,0.046911098,0.0361043,0.0380175,0.046647802,0.0418012,0.0517103
West Bank and Gaza,Middle East & North Africa,Lower middle income,GFDD.DI.11,8.588711,11.686223,13.26768,13.962515,13.987316,12.941151,9.434117,9.761261,8.811328,10.279286,10.9237995,11.181067,10.280732,9.406916,9.064391,9.735404,10.782333,12.1163225,12.340942,11.233053,10.22978,9.724676,9.71717,9.82398,10.329794,10.91423,11.70063,12.460234,12.871779,13.1724415,13.701499
West Bank and Gaza,Middle East & North Africa,Lower middle income,GFDD.DM.11,-3.3421772,-0.037132293,3.6081502,6.36701,7.3587685,5.884578,7.7020884,5.469171,9.202093,12.481114,15.302275,15.143899,14.414195,13.836858,15.022714,16.239588,17.280157,17.4845,17.10723,13.76571,12.826239,11.688046,11.060018,11.405433,13.129276,13.684362,14.481401,14.518896,13.81019,13.671719,15.5152
West Bank and Gaza,Middle East & North Africa,Lower middle income,GFDD.EI.08,5.8224487,6.1804795,6.6266575,6.94103,6.90174,6.526476,6.894425,7.128972,8.065434,8.21351,8.318974,8.30789,8.243938,8.320732,8.308425,8.241323,8.165112,8.159409,8.07925,8.142743,8.548565,8.703886,8.924273,9.089323,9.414159,9.340488,9.4997835,9.702053,9.804125,10.090835,10.799842
West Bank and Gaza,Middle East & North Africa,Lower middle income,GFDD.OI.02,39.818195,36.961323,38.03746,40.289543,41.811172,42.31718,48.031967,50.33405,55.45401,62.815548,77.35992,80.84209,86.50107,84.20688,78.28449,71.88869,73.96778,82.18929,73.90485,71.34231,62.96893,56.675037,55.43914,55.44415,57.28357,63.141373,63.186237,68.14044,69.997795,73.16188,91.9543
West Bank and Gaza,Middle East & North Africa,Lower middle income,SH.STA.BRTC.ZS,98.59428,99.60542,99.91162,99.916275,99.37268,98.81213,94.899994,98.21106,98.85665,99.107285,97.4,100.03224,100.21329,100.224495,98.3,97.0,96.6,100.1313,100.62656,101.0754,99.00001,100.47241,100.229385,100.304726,99.6,100.81621,100.74133,100.40878,99.98094,99.74525,99.99135
West Bank and Gaza,Middle East & North Africa,Lower middle income,SL.IND.EMPL.ZS,27.848904,33.09,34.030003,34.56,35.93,35.900005,35.19,35.84,36.900005,38.06,34.12,28.280003,23.710001,25.58,24.42,26.07,23.68,23.76,23.080002,23.53,24.68,25.930002,26.7,28.07,28.020002,28.73,30.23,30.859999,31.310001,30.37,23.842901
"Yemen, Rep.",Middle East & North Africa,Low income,DT.TDS.DPPF.XP.ZS,7.140221,11.165803,8.088334,7.2221136,4.114148,4.1279097,3.2670627,3.6420264,10.834591,6.133757,5.0381837,6.4730296,4.1293993,3.9915905,4.297768,3.0015965,2.8403156,3.2896886,2.6373258,3.5544517,2.7555707,2.6349533,2.7016356,2.8126354,3.8198402,18.846876,14.505368,11.407085,11.356206,11.453128,12.983504
"Yemen, Rep.",Middle East & North Africa,Low income,EG.ELC.ACCS.ZS,40.32148,37.53875,44.1,40.774715,41.985134,43.19351,44.39917,42.6,46.79961,47.992947,49.187256,50.34124,51.487637,52.6288,49.59,54.90482,55.800335,57.18857,58.33993,59.50124,60.675194,61.864506,52.41,75.6,66.1,67.31093,68.859505,79.2,61.999996,72.751076,73.75793
"Yemen, Rep.",Middle East & North Africa,Low income,GFDD.AI.01,5365.574,7138.786,11771.059,10796.946,11706.641,12587.595,13016.166,13626.386,11029.406,9734.323,8205.823,7165.8325,6835.981,8431.769,56.064857,66.11574,75.07284,76.74562,85.7577,104.466705,85.29197,88.01319,114.90321,114.77064,118.536125,113.32252,5945.8394,6078.1294,5407.247,4648.1616,3621.598
"Yemen, Rep.",Middle East & North Africa,Low income,GFDD.DI.04,12.46506,13.525351,11.91106,10.73768,9.006155,14.732691,13.6836405,29.27335,29.4417,37.927658,87.59867,97.654236,98.827065,99.26722,98.745636,99.30624,98.942764,98.397995,78.200356,69.58601,64.85468,53.2112,56.24901,64.58849,69.7958,69.46249,67.852615,68.16432,69.1167,71.234474,72.6578
"Yemen, Rep.",Middle East & North Africa,Low income,GFDD.DI.05,47.10999,44.03237,43.453632,47.08093,48.38699,47.35438,35.75513,33.34671,38.3723,31.525469,30.148998,33.57108,34.91094,36.30748,35.06084,32.046127,34.48208,35.20694,31.949362,38.008938,31.90984,31.07643,34.968727,34.74092,21.24427,21.640108,22.135054,19.135914,19.305899,21.687752,26.164814
"Yemen, Rep.",Middle East & North Africa,Low income,GFDD.DI.06,50.74096,46.88024,48.638977,51.99606,53.680622,40.39386,26.840591,19.37182,23.0252,14.17366,1.266317,0.21794721,0.117060095,0.085864596,0.17058,0.0884089,0.1340975,0.247839,3.5499392,8.058832,8.287917,12.53909,12.75842,11.19355,6.1908984,6.9094486,7.1218557,7.108807,7.43209,7.8644695,8.012304
"Yemen, Rep.",Middle East & North Africa,Low income,GFDD.DI.11,-7.7813687,-4.843381,-4.123191,-3.8413408,-3.923533,-4.556704,-5.253238,-5.5857635,-5.117048,-4.5130363,-4.452262,-4.5487995,-5.4452176,-6.7363744,-7.6879387,-7.051684,-6.0449333,-5.188744,-5.010975,-5.4715877,-5.8992047,-5.9967337,-5.8303986,-5.9425764,-4.738172,-4.810342,-3.747837,-0.91260904,-0.61930996,-0.29354873,-0.3611366
"Yemen, Rep.",Middle East & North Africa,Low income,GFDD.DM.11,13.89334,17.017899,23.6423,23.865738,24.572084,23.448212,21.185982,23.058783,19.89068,24.528458,24.291174,23.98381,23.13774,24.136703,23.080397,22.570335,24.070284,20.243778,19.669535,19.56246,18.657417,17.572477,19.572454,19.102942,16.764713,16.676577,16.572939,19.004898,18.082323,16.593956,16.801046
"Yemen, Rep.",Middle East & North Africa,Low income,GFDD.EI.08,2.005772,2.38872,1.9219531,1.407996,1.110296,2.3745399,1.240476,4.129623,4.258297,3.413948,4.0841913,3.3384132,4.06179,5.265666,6.265778,5.71556,5.6365094,7.038644,5.029509,10.70281,9.004592,9.191539,11.75762,14.77969,1.2730308,1.2571231,1.2937137,1.0353812,1.6669878,2.2877693,2.939015
"Yemen, Rep.",Middle East & North Africa,Low income,GFDD.OI.02,17.181501,16.106161,15.454031,14.83971,13.297661,18.31945,15.639391,15.28477,18.88516,15.60098,15.725221,18.180769,20.1667,21.35704,21.643412,19.21669,21.17196,22.77835,21.19775,25.10098,21.839159,18.77586,23.05796,24.76777,30.770824,30.421844,31.937288,30.274466,29.92173,30.847675,35.128212
"Yemen, Rep.",Middle East & North Africa,Low income,SH.STA.BRTC.ZS,52.064396,50.596527,15.9,49.800224,49.864334,50.127956,50.153294,21.599998,51.441795,52.267216,54.55029,56.992363,58.5469,26.800001,60.344246,61.041416,35.7,63.96386,64.973946,65.56184,65.942726,65.77294,34.4,44.7,65.1714,66.340164,66.92134,68.28335,68.55998,69.68709,70.73881
"Yemen, Rep.",Middle East & North Africa,Low income,SL.IND.EMPL.ZS,13.24359,11.760001,11.71,11.23,11.040001,11.79,12.270001,12.750001,13.370001,13.8,14.400001,14.73,15.130001,15.700001,16.26,16.78,16.930002,17.09,17.81,18.430002,19.03,16.300001,15.700001,15.510001,14.48,12.36,11.280001,10.45,10.18,10.2,12.391778
Zambia,Sub-Saharan Africa,Low income,DT.TDS.DPPF.XP.ZS,14.512403,46.653534,23.14383,21.596987,20.858187,20.490677,21.757742,18.300999,19.631042,14.616468,18.507267,16.257406,18.59835,40.204567,17.886875,6.530067,1.6647351,0.8628081,1.353103,1.5071834,0.75797415,0.7869793,1.4371996,2.118124,1.8738929,4.2130427,7.2289424,6.109341,7.8727617,11.723274,7.15139
Zambia,Sub-Saharan Africa,Low income,EG.ELC.ACCS.ZS,13.9,12.752703,19.199999,14.213207,14.941758,15.668272,17.3,17.112457,19.0,18.540243,16.7,20.172386,17.399998,18.499998,20.299997,23.321308,24.107258,18.499998,25.695429,26.50307,21.999998,28.159008,29.012724,29.88627,27.899998,31.1,35.425453,40.3,40.31789,43.0,44.524475
Zambia,Sub-Saharan Africa,Low income,GFDD.AI.01,7662.0312,10381.252,15815.652,14225.407,14882.975,15852.162,18817.01,18132.285,14780.426,16917.24,12088.565,11958.138,13141.106,10164.423,12.770012,16.433853,21.980036,24.627047,27.315023,26.868528,133.06773,150.83612,189.04076,258.21027,288.98386,305.8964,317.8488,331.9362,297.13947,233.04538,216.33827
Zambia,Sub-Saharan Africa,Low income,GFDD.DI.04,43.18329,37.655178,33.16711,35.40244,37.054314,38.466686,36.64466,35.72882,37.728195,33.861485,37.678314,41.880886,45.809326,50.10066,55.449856,58.671032,61.725388,62.186428,66.22961,77.14445,75.014114,81.98976,86.78653,84.30277,86.345436,81.408485,76.11961,78.45544,78.557755,76.94057,73.16199
Zambia,Sub-Saharan Africa,Low income,GFDD.DI.05,-7.4181957,-7.4871645,-11.9988165,-11.762637,-11.020201,-11.572136,-10.86043,-7.2111874,-7.5974836,-7.6530614,-7.5280595,-4.267698,-0.7509663,0.8930626,0.42924497,0.69462436,1.0670598,2.548615,3.655802,17.83736,18.42963,16.21983,16.06931,17.35743,17.38848,22.45698,17.21022,18.70059,19.675798,20.47008,25.52849
Zambia,Sub-Saharan Africa,Low income,GFDD.DI.06,7.7244368,10.3113165,9.488909,6.787696,6.0116134,5.7124577,7.3292975,7.8339796,6.5354214,3.8948066,4.987402,3.883198,3.9188755,4.1789503,4.1887274,3.6034207,3.1036437,3.6855686,3.4615874,4.66131,4.784265,3.7045012,2.853723,3.617888,3.196454,4.805634,5.385761,5.385942,5.501214,6.3623815,8.865686
Zambia,Sub-Saharan Africa,Low income,GFDD.DI.11,-17.266844,-13.78299,-10.710381,-9.237603,-9.349847,-10.004368,-11.10448,-13.867541,-12.958921,-13.566859,-12.017799,-11.922729,1.2262379,1.3847326,1.2429032,1.1160675,1.160635,1.2519277,1.36133,1.1489277,1.0935225,1.1502655,1.221412,1.1758642,1.2181998,1.09645,1.3038285,1.3332121,1.2732718,1.311014,1.4678895
Zambia,Sub-Saharan Africa,Low income,GFDD.DM.11,10.157313,12.027042,25.637054,24.93483,25.890446,24.798185,27.795547,25.018986,21.944162,33.48784,29.731808,30.614374,34.850506,31.066206,31.93038,30.628096,29.43605,30.773783,26.467485,20.235107,19.159704,17.88451,16.828434,16.542763,18.446104,17.419645,18.285742,18.385931,18.35957,15.606527,15.05576
Zambia,Sub-Saharan Africa,Low income,GFDD.EI.08,-2.0346317,-2.4522226,-3.9226217,-3.949371,-3.8335016,-3.6592221,-3.690331,-3.2091546,-3.2419825,-3.3757944,-3.022716,6.848075,6.927189,8.167506,6.5206,6.0201674,5.5319386,5.461408,3.9775178,5.779881,5.215582,6.852437,6.810058,7.788323,6.882413,5.365119,5.107874,8.471202,8.298635,8.426365,12.22518
Zambia,Sub-Saharan Africa,Low income,GFDD.OI.02,3.5222156,0.32879487,-1.617026,0.05001016,0.116336234,0.04572556,-0.8224988,1.6963791,0.05176428,4.396303,3.4140437,1.912048,-1.0645055,-0.28643847,-2.1254697,-0.7539607,0.781012,2.8423018,2.9610398,15.76751,16.11508,16.65804,17.26424,18.22199,18.407661,23.187881,18.39616,19.64479,20.511002,21.3152,26.497581
Zambia,Sub-Saharan Africa,Low income,SH.STA.BRTC.ZS,31.281202,29.293623,50.5,28.013983,28.56929,28.513786,46.5,46.5,27.140972,45.3,27.815817,31.643763,42.100002,36.479534,39.05478,41.069405,43.08954,45.2,46.468132,52.95083,53.424934,54.220665,55.174255,56.28267,63.3,57.580357,58.074387,58.807617,80.399994,59.65333,60.24269
Zambia,Sub-Saharan Africa,Low income,SL.IND.EMPL.ZS,10.848594,7.8600006,7.77,7.6100006,7.28,7.2,7.18,7.12,7.05,6.97,6.9,6.9,6.95,7.03,7.11,7.13,7.23,7.37,7.5400004,8.1,8.71,9.36,10.1,10.33,10.490001,10.6,10.68,10.69,10.61,10.530001,11.807283
Zimbabwe,Sub-Saharan Africa,Lower middle income,DT.TDS.DPPF.XP.ZS,19.539948,18.480158,25.853725,24.469368,18.740421,15.677769,16.022245,16.2633,16.209665,16.826588,15.029174,14.085938,13.690055,14.37801,12.853214,12.971675,13.450061,11.448029,10.930649,0.7629953,0.5896592,0.46339735,0.65774053,2.9596353,3.387388,3.932467,5.8855553,2.9894366,1.7407163,1.3076853,0.74803513
Zimbabwe,Sub-Saharan Africa,Lower middle income,EG.ELC.ACCS.ZS,33.698067,31.623417,28.199999,31.163668,28.1,31.948578,32.337296,32.72261,33.103848,38.399998,33.65489,34.172844,34.2,35.18835,35.6906,36.192314,37.2,37.20401,37.719345,43.369083,38.78255,36.9,43.999996,40.498375,32.3,33.7,42.56173,44.178635,45.572647,46.781475,52.74767
Zimbabwe,Sub-Saharan Africa,Lower middle income,GFDD.AI.01,1576.7545,2813.7515,6057.117,7284.3584,10265.844,10234.824,11104.952,10733.591,9624.007,11036.104,7026.641,6218.2827,5917.193,6910.47,518.42096,518.34656,514.2222,200.64726,218.14224,93.97716,167.40259,83.81636,90.27108,89.03682,100.2445,93.01646,287.24924,466.67746,517.1235,641.0137,501.7795
Zimbabwe,Sub-Saharan Africa,Lower middle income,GFDD.DI.04,74.28857,77.507744,71.633026,78.77873,64.12903,60.59273,52.86055,53.017666,47.92498,47.64662,49.73634,80.17572,86.43031,82.9752,77.34774,56.383022,56.135933,60.30808,61.468914,43.437,62.87359,70.52141,74.838615,76.27381,79.32772,76.16954,66.65643,58.827293,49.104618,53.29511,72.93955
Zimbabwe,Sub-Saharan Africa,Lower middle income,GFDD.DI.05,0.0886287,0.106556594,0.1394136,0.2081847,0.271181,0.3360523,0.3780073,0.47748318,0.44508058,0.5985961,0.97492987,1.9330751,5.5810733,8.214816,7.8908157,5.063743,4.5095353,4.64709,6.3919864,14.281499,18.46481,20.68582,21.727879,20.365509,22.451439,23.72458,27.438229,35.466988,42.56636,21.93558,18.23184
Zimbabwe,Sub-Saharan Africa,Lower middle income,GFDD.DI.06,0.012750899,0.0159966,0.0348853,0.0414342,0.0946253,0.1711534,0.23168391,0.3018715,0.40972662,0.5181968,0.89860386,0.3861457,0.65761733,5.5765133,5.5197434,5.2855296,5.118897,4.1767545,4.221475,9.397881,8.129003,8.0748,7.2700405,6.5355487,5.828234,7.5894747,12.26699,20.117199,32.04514,8.484409,2.881772
Zimbabwe,Sub-Saharan Africa,Lower middle income,GFDD.DI.11,-10.346179,-7.4216585,-7.0644155,-6.4496164,-6.6005054,-4.711118,-5.0904613,-5.040233,-4.7175083,-5.300663,-3.8124087,-4.2260423,-5.347622,-4.103929,-5.4438343,-5.9540424,-5.6766386,-4.1415668,-3.9023235,-7.0713425,-7.485044,-8.23146,-8.109467,-8.112762,-8.410024,-8.294564,-7.851639,-7.3975577,-6.845347,-7.313725,-8.37458
Zimbabwe,Sub-Saharan Africa,Lower middle income,GFDD.DM.11,10.075817,12.8817625,16.50355,20.013742,24.431177,22.711761,21.588846,21.349644,22.202791,31.289501,27.574923,27.09472,26.341923,28.45377,29.856125,29.89297,32.92694,30.058489,29.394024,24.893492,20.28973,21.304895,17.098902,16.744843,19.004938,19.38247,17.93055,18.240604,17.837938,17.31372,14.403106
Zimbabwe,Sub-Saharan Africa,Lower middle income,GFDD.EI.08,0.47051492,0.10210082,-0.7658893,-0.7557886,-0.7909062,-1.3313483,-1.4445308,-1.5456852,-1.6524847,-2.1338508,-1.4122986,-0.7607013,-0.4692778,-1.3871936,-1.4993844,-2.5285258,-2.71796,-2.5551078,-2.5578682,-0.38045755,0.0103055965,0.35183132,0.40531617,0.53301466,0.86488855,1.0463367,1.0306597,1.3310624,1.6872143,1.9746455,2.668186
Zimbabwe,Sub-Saharan Africa,Lower middle income,GFDD.OI.02,0.040977903,0.043421198,0.061125405,0.1059968,0.1450484,0.176563,0.1920164,0.25860772,0.2452657,0.33405772,0.6097381,1.380627,4.170696,16.966671,14.45892,14.196467,14.427726,14.691443,15.0409,14.27616,18.00103,20.27485,21.40109,19.93279,21.83512,23.464859,26.785862,33.47981,40.10917,20.65183,17.86878
Zimbabwe,Sub-Saharan Africa,Lower middle income,SH.STA.BRTC.ZS,52.37675,51.44385,49.320164,49.27288,69.2,48.089466,47.12063,46.640415,46.530056,72.49999,48.011913,50.583405,51.959568,49.246,50.053802,46.47503,68.49999,48.72926,49.699837,60.2,58.052254,66.2,59.621944,60.590153,80.0,78.1,63.377476,63.768097,63.953552,86.0,66.53895
Zimbabwe,Sub-Saharan Africa,Lower middle income,SL.IND.EMPL.ZS,13.382617,12.630001,12.61,12.48,12.44,12.390001,12.31,12.19,12.04,11.83,11.57,11.3,10.900001,10.55,10.18,9.650001,9.85,9.21,9.07,9.18,9.24,9.09,8.6,7.9200006,7.36,7.2099996,7.05,6.9,6.75,6.57,11.743735
