Country Name,Region,Income Group,Series Code,1990,1991,1992,1993,1994,1995,1996,1997,1998,1999,2000,2001,2002,2003,2004,2005,2006,2007,2008,2009,2010,2011,2012,2013,2014,2015,2016,2017,2018,2019,2020
Afghanistan,South Asia,Low income,DT.TDS.DPPF.XP.ZS,12.023594,17.079744,11.224402,12.418708,9.7236595,16.883823,9.860331,8.671626,15.627742,5.5598717,5.3353615,6.7349772,5.6284337,8.611908,9.121755,10.212325,4.9702773,3.1336558,0.4028193,0.48768625,0.34415627,0.3136435,0.5533904,1.5547839,1.8752608,2.8058538,3.735882,3.5486476,2.5952227,2.390422,2.2440822
Afghanistan,South Asia,Low income,EG.ELC.ACCS.ZS,93.93212,81.56658,79.820045,79.851265,78.82203,61.94828,78.53022,76.42537,79.58973,82.29293,1.613591,4.074574,9.409158,14.738505,20.064968,25.390892,30.71869,36.05101,42.4,46.74005,42.7,43.22202,69.1,68.29065,89.5,71.5,97.7,97.7,96.616135,97.7,97.7
Afghanistan,South Asia,Low income,GFDD.AI.01,7041.0137,10807.021,-138.1576,3912.5522,6593.898,7632.9907,7408.3193,22839.803,7574.7925,9485.967,4566.2827,5726.387,4984.493,10044.747,1512.7051,6530.4565,-3848.3035,5189.9253,36.402496,87.48714,105.885735,139.43752,166.11281,155.78116,172.80728,181.08727,182.14525,166.16704,174.2991,183.28732,11428.706
Afghanistan,South Asia,Low income,GFDD.DI.04,99.017975,101.19376,84.80919,81.618195,103.30545,87.14568,97.36812,98.08514,70.274864,91.14464,90.11583,94.39374,96.43675,90.34936,95.94714,99.45859,99.68181,106.92151,95.51772,82.58896,86.0317,77.96436,56.26987,59.72195,59.32874,60.263813,65.520035,73.74906,84.97005,97.71289,96.25589
Afghanistan,South Asia,Low income,GFDD.DI.05,24.19928,40.583477,42.936893,66.810936,37.956203,55.74673,41.912598,71.42607,55.39193,49.609722,39.84497,18.380632,65.29064,72.78824,39.181686,55.61962,23.49449,27.73951,29.286058,33.30402,36.069366,37.24286,32.76096,33.32521,34.01956,33.82253,37.22271,36.86128,36.60749,34.959103,37.20945
Afghanistan,South Asia,Low income,GFDD.DI.06,8.969241,7.8856754,8.733381,5.1030498,5.2619123,-0.72438323,5.038732,3.9092073,8.43025,6.8530145,7.463748,2.7173827,3.16847,1.3201033,5.369258,16.272692,4.721204,3.070653,8.388055,2.248049,1.9178909,1.425788,3.233945,2.8268108,2.551267,2.4975722,1.992255,1.323696,0.6103021,0.0750632,0.1159692
Afghanistan,South Asia,Low income,GFDD.DI.11,60.246925,97.99542,55.530174,108.045395,47.449818,38.139503,85.581894,17.942772,71.1248,64.155754,44.034927,27.825266,44.361732,54.118275,121.54525,92.25487,102.24575,66.825806,135.1699,38.30529,117.61061,84.578575,44.619335,85.96253,81.98537,68.97475,101.676605,84.625175,102.15969,67.06884,80.17476
Afghanistan,South Asia,Low income,GFDD.DM.11,83.94952,37.55804,99.94161,119.99997,70.0116,125.24438,63.94022,130.40997,50.44561,75.95681,45.567432,60.019672,71.52913,146.70671,143.53818,125.218,240.71976,88.39447,125.531136,89.484055,137.35884,131.9579,166.96507,125.20437,159.32353,131.8293,212.3841,70.58799,145.22528,44.801323,96.855255
Afghanistan,South Asia,Low income,GFDD.EI.08,9.322668,16.44578,2.8117447,10.152338,16.71216,12.679417,24.642794,8.643992,16.27793,13.669446,5.4910617,9.320914,6.3418183,10.841493,14.787793,9.309291,11.904234,14.022824,17.18963,33.647835,17.570395,10.695027,6.346107,13.856201,24.364517,16.777206,37.03197,17.76491,12.857534,12.96186,19.937078
Afghanistan,South Asia,Low income,GFDD.OI.02,19.103922,25.857618,21.6169,31.184267,27.61528,11.597118,31.00749,23.683647,15.94031,13.335851,17.522284,25.153002,24.499653,27.585413,20.042984,32.853134,9.2128315,13.07231,15.503501,18.70725,19.14611,19.30889,18.08667,17.72008,17.20384,17.11684,18.96479,19.07627,18.881731,16.91687,17.64849
Afghanistan,South Asia,Low income,SH.STA.BRTC.ZS,69.974174,43.351383,78.5416,72.96385,83.60973,63.835384,63.14756,63.403175,54.271187,84.59677,12.400001,77.04225,75.56059,14.3,76.85662,75.06653,18.9,77.961945,24.0,78.4933,34.3,38.600002,39.9,78.99963,45.2,50.5,80.07588,53.399998,58.799995,69.68818,73.60697
Afghanistan,South Asia,Low income,SL.IND.EMPL.ZS,15.680466,12.43,12.21,11.57,11.48,11.510001,11.08,10.69,10.33,9.95,9.48,8.98,9.99,10.35,10.61,11.33,11.79,12.2,12.48,13.630001,14.660001,14.750001,15.770001,16.33,16.77,17.170002,17.320002,18.03,18.46,18.55,15.308588
Albania,Europe & Central Asia,Upper middle income,DT.TDS.DPPF.XP.ZS,8.813642,4.298872,2.1752603,3.1762002,6.635782,1.9742674,4.363553,13.7492485,8.360305,4.3297586,4.089263,4.104154,6.472856,5.012847,4.743804,4.4419193,4.37998,3.6545074,3.1433647,4.827229,6.8353767,7.5563564,7.918082,5.094129,6.32797,16.956291,7.2373676,6.8253717,13.141501,7.5181394,17.897654
Albania,Europe & Central Asia,Upper middle income,EG.ELC.ACCS.ZS,100.0,100.0,100.0,100.0,100.0,100.0,100.0,100.0,100.0,100.0,100.0,100.0,100.0,100.0,100.0,100.0,100.0,100.0,100.0,100.0,100.0,100.0,99.90001,100.0,99.95,99.98001,99.89,99.89,100.0,100.0,100.0
Albania,Europe & Central Asia,Upper middle income,GFDD.AI.01,13821.64,5808.3335,11234.39,5415.819,7306.313,11268.134,10529.362,11616.912,16088.541,5933.2,14342.92,10605.268,10235.018,11565.994,2698.2063,7542.197,700.2889,1357.7626,12584.871,5674.6245,8781.207,8604.492,1294.5422,8861.548,6965.0327,12213.373,1109.424,1093.8435,1051.9623,1094.8483,1133.1195
Albania,Europe & Central Asia,Upper middle income,GFDD.DI.04,89.40572,95.745674,66.44867,64.37106,58.31802,70.58632,73.44514,56.806858,60.10012,68.82464,68.60171,71.69236,71.5622,75.49699,80.08146,82.29821,85.61717,87.34673,88.56968,89.38724,91.750626,92.35944,92.38214,92.63004,92.34568,91.71468,94.06599,94.19537,93.9041,94.23023,93.569046
Albania,Europe & Central Asia,Upper middle income,GFDD.DI.05,103.20476,92.362755,93.92013,75.64001,39.76496,48.44382,46.22337,59.925335,62.23912,66.022316,65.46323,69.82247,66.852264,65.44225,68.22042,71.41761,76.36533,78.46537,75.48073,59.037807,64.35965,68.69024,71.217964,72.56398,73.43582,72.90962,74.6197,71.45648,68.484116,69.82919,77.39526
Albania,Europe & Central Asia,Upper middle income,GFDD.DI.06,10.621522,14.634225,5.440448,8.847911,38.9519,22.53627,16.95704,28.48758,24.69372,17.07625,16.62397,14.50006,14.091781,11.97431,9.651939,9.189349,8.405331,8.215148,7.8293176,7.326433,5.541931,5.343606,5.249811,5.0820336,5.2762847,5.3544908,3.735874,3.518524,3.510658,3.389089,4.226071
Albania,Europe & Central Asia,Upper middle income,GFDD.DI.11,4.372832,-2.9218614,9.776603,3.4684505,-0.5188872,5.3787074,3.5413651,1.696058,3.1983516,12.689218,10.826263,5.95474,-2.3469763,2.403837,1.1387429,13.322904,1.312311,1.3836992,1.4366009,1.4185227,1.455175,1.4891311,1.5263228,1.6176407,1.7523665,1.9249897,1.9981269,1.9720129,1.9253553,2.2937076,2.4027193
Albania,Europe & Central Asia,Upper middle income,GFDD.DM.11,30.718796,49.279404,27.908535,47.48095,29.41494,44.472202,36.06187,32.63565,51.90241,37.409428,41.936058,32.59505,38.66039,45.70692,23.424393,59.87685,21.837946,0.8419388,1.192739,1.233491,2.019677,2.462609,3.9188967,5.083622,5.720746,4.5103197,6.048731,5.143755,5.348466,6.262567,9.20719
Albania,Europe & Central Asia,Upper middle income,GFDD.EI.08,22.042315,24.080137,40.694214,31.113792,50.452454,50.31882,43.64244,33.54047,33.33377,33.59151,31.450699,30.52274,28.985218,29.23848,29.172918,27.34675,27.7209,26.78846,25.335989,24.92359,24.27309,25.2794,24.7477,26.00121,26.253048,23.909111,24.639399,24.534939,23.53838,24.005621,26.764698
Albania,Europe & Central Asia,Upper middle income,GFDD.OI.02,80.01129,80.88401,62.61267,80.5005,24.24287,29.550238,31.92305,37.97531,44.485626,47.686607,45.66356,48.68773,45.419468,46.968746,49.49909,52.80478,57.657818,62.415577,57.3421,57.907757,63.324825,67.28407,69.8149,70.35517,70.04085,68.59187,68.64949,64.345924,60.41314,60.711033,67.65973
Albania,Europe & Central Asia,Upper middle income,SH.STA.BRTC.ZS,93.0,92.6,86.399994,87.2,89.1,89.1,91.2,98.799995,99.100006,99.00001,99.100006,99.00001,97.99999,98.799995,99.3,99.8,99.00001,100.46866,97.32899,99.3,101.044365,97.67283,102.83203,94.82553,94.005875,98.513535,100.187904,90.90968,99.8,89.29133,100.12284
Albania,Europe & Central Asia,Upper middle income,SL.IND.EMPL.ZS,25.556047,11.58,11.45,11.630001,11.79,12.030001,11.73,11.630001,11.72,12.17,12.81,13.67,14.46,14.81,15.2300005,15.76,16.48,16.950003,17.78,19.94,20.59,18.87,17.28,16.88,17.74,18.670002,19.38,19.38,19.75,20.15,32.97657
Algeria,Middle East & North Africa,Lower middle income,DT.TDS.DPPF.XP.ZS,63.756107,70.910706,26.813385,33.791245,13.302342,18.819914,23.851213,19.640156,18.901245,14.705466,21.691933,13.929056,18.060486,16.165493,9.96684,11.375245,22.1119,1.1293333,1.1811427,0.88362116,0.60487324,0.5874291,0.83900076,0.42095813,0.3582225,0.4707502,0.47564694,0.41848457,0.32738093,0.3333206,0.40467325
Algeria,Middle East & North Africa,Lower middle income,EG.ELC.ACCS.ZS,95.61758,94.12339,94.2218,100.93321,93.34724,101.56442,94.986404,95.97482,93.502205,101.571075,98.9731,98.96687,98.95306,98.93401,98.91208,98.88961,98.86901,98.852936,99.3,98.845184,98.85893,98.88803,98.76466,99.002205,99.08701,99.18666,99.35025,99.6355,99.69784,99.5,99.80413
Algeria,Middle East & North Africa,Lower middle income,GFDD.AI.01,18417.855,20018.281,11697.723,14966.575,8182.3,19110.312,17361.512,5075.4106,22168.297,15847.729,26314.734,14888.211,14357.836,13865.343,33869.83,9629.521,13553.034,14632.145,12844.574,13979.148,9232.738,12599.343,13022.504,11292.354,38947.934,12308.365,19590.803,15424.773,17132.57,14574.066,23966.246
Algeria,Middle East & North Africa,Lower middle income,GFDD.DI.04,78.310104,80.79305,73.01772,65.53322,66.63146,74.765465,83.54134,85.0892,86.709816,89.46928,89.06787,92.72879,94.04404,93.94376,95.04723,95.57029,80.39911,99.76729,99.810585,99.81031,99.792,99.80944,99.81128,99.89756,99.90615,99.92478,99.94191,81.512665,68.52157,66.8563,67.859955
Algeria,Middle East & North Africa,Lower middle income,GFDD.DI.05,61.927135,48.1069,50.66121,49.102562,45.4436,36.90268,33.00584,36.08158,42.377117,42.07777,37.82976,54.33134,60.30313,60.34156,56.6909,50.17707,53.804092,60.04026,58.822495,67.40389,62.921383,60.97169,59.632263,62.831955,70.83281,74.55348,72.23631,73.84113,76.1581,74.72868,87.61681
Algeria,Middle East & North Africa,Lower middle income,GFDD.DI.06,17.82918,11.665621,15.14804,23.01727,17.184889,12.14126,7.038949,6.393389,6.179602,5.051198,4.095623,3.4662812,2.999089,2.740328,2.016596,1.654364,8.655043,0.0794927,0.0577167,0.0756455,0.0773756,0.0678238,0.0680435,0.0408433,0.0434778,0.0414629,0.0350779,13.2018795,27.277029,32.01483,35.70337
Algeria,Middle East & North Africa,Lower middle income,GFDD.DI.11,10.716438,6.1209545,13.072052,7.552628,13.7996235,4.2154922,11.42273,8.908918,7.4354634,2.7826355,1.328968,1.3070427,8.474549,8.380919,1.7592512,14.569723,0.7633825,0.8264829,3.0661016,1.0963255,1.1518681,1.1421688,1.1135746,1.2059718,1.386642,1.5094342,1.5150759,1.4504261,12.721483,13.038354,6.691962
Algeria,Middle East & North Africa,Lower middle income,GFDD.DM.11,53.575066,103.29677,65.54826,97.73688,77.59478,116.11946,55.57857,57.33383,139.95433,75.091,145.66812,69.539825,87.208694,72.508575,105.32084,38.653297,96.39822,56.990395,60.746235,90.25076,93.721924,77.12317,68.92534,107.61384,112.85774,101.93646,54.4285,127.90343,78.243675,85.85869,97.06649
Algeria,Middle East & North Africa,Lower middle income,GFDD.EI.08,8.08622,3.728315,33.92069,37.28133,27.81081,30.81173,30.36467,32.57956,35.765457,37.56185,27.419401,36.227478,35.190098,31.31682,27.727169,23.845629,23.39024,21.208729,17.63616,23.55731,21.933329,21.82791,21.97769,23.34778,27.952679,33.40324,37.49484,33.82284,34.39246,38.927498,45.65574
Algeria,Middle East & North Africa,Lower middle income,GFDD.OI.02,43.927486,33.45822,27.25068,32.59271,29.859617,24.50037,21.78938,23.91127,28.57152,28.670681,26.14624,40.597927,45.39818,45.21692,42.39005,37.784706,40.964798,46.198017,44.71291,48.66047,44.98983,43.068607,41.27208,43.42392,49.443947,49.87261,46.484188,48.7765,49.58972,48.01913,53.93711
Algeria,Middle East & North Africa,Lower middle income,SH.STA.BRTC.ZS,106.71781,90.32437,76.5,92.008575,74.42328,95.228615,87.05496,97.70778,76.67519,58.001812,92.0,97.470474,95.9,90.31034,94.94555,93.21902,95.2,97.70708,88.57713,91.765045,96.610214,97.051895,97.14387,96.6,88.54418,87.1381,89.98089,96.0234,94.930374,93.017296,98.79356
Algeria,Middle East & North Africa,Lower middle income,SL.IND.EMPL.ZS,25.762917,25.4,25.26,25.03,24.820002,24.820002,24.780003,24.7,24.77,24.670002,24.9,25.01,24.800001,24.690002,25.64,26.76,27.520002,28.38,28.89,29.57,30.200003,30.859999,30.81,30.96,30.96,30.920002,30.95,30.99,30.91,30.42,30.926802
Andorra,Europe & Central Asia,High income,DT.TDS.DPPF.XP.ZS,11.824666,14.631547,8.063717,18.030544,12.160005,9.916498,17.912111,11.724972,15.121181,13.011808,9.869626,14.714184,9.63488,9.197363,7.008546,11.957866,13.566104,9.665762,11.859836,7.6064267,10.639741,3.7873433,10.532382,10.795863,10.404639,7.493353,9.233435,12.474158,9.053287,21.378065,8.417827
Andorra,Europe & Central Asia,High income,EG.ELC.ACCS.ZS,100.0,100.0,100.0,100.0,100.0,100.0,100.0,100.0,100.0,100.0,100.0,100.0,100.0,100.0,100.0,100.0,100.0,100.0,100.0,100.0,100.0,100.0,100.0,100.0,100.0,100.0,100.0,100.0,100.0,100.0,100.0
Andorra,Europe & Central Asia,High income,GFDD.AI.01,10594.548,2303.0596,7945.9316,7866.0454,-21527.35,16158.857,9403.947,1925.5514,9977.849,3438.7393,4572.675,9584.383,2304.6191,10686.851,9026.2295,16469.027,4638.8174,10043.972,8085.7925,8924.983,-8252.35,7662.4756,11832.4,9085.816,3485.9958,8537.235,6553.5903,5355.821,13660.433,9641.338,9890.508
Andorra,Europe & Central Asia,High income,GFDD.DI.04,60.879993,52.08977,76.96362,46.732445,63.945694,12.609727,71.50497,71.257385,49.69792,74.74138,79.91556,75.25104,63.46472,63.914486,77.02552,71.2767,76.152885,63.628796,56.71604,92.10986,82.96982,58.451817,80.39637,35.742413,65.29346,80.59862,84.81857,81.57521,77.63124,69.68331,79.87417
Andorra,Europe & Central Asia,High income,GFDD.DI.05,64.67173,58.1968,72.75545,62.71273,88.05639,86.44284,93.110756,50.580936,25.937944,58.43587,45.25747,54.85692,61.5524,67.27519,96.4372,56.621048,65.59172,65.48597,56.2362,86.4172,79.71472,69.73399,84.0162,69.915016,72.69866,71.60588,61.60891,24.554832,83.879074,70.8789,106.035095
Andorra,Europe & Central Asia,High income,GFDD.DI.06,8.520361,6.863934,-7.3067145,5.388477,3.920996,7.9730387,9.6714735,5.312248,8.827974,7.7756677,4.548303,3.3006692,8.151676,6.8237085,5.5971284,5.125794,2.1415558,9.086944,4.874342,5.6297894,7.2546825,13.248321,5.832716,2.3291569,4.9018135,1.1931715,5.879176,5.386652,2.4572525,8.4133215,4.4434657
Andorra,Europe & Central Asia,High income,GFDD.DI.11,9.167272,5.844297,-0.25605926,7.008316,11.500041,5.146902,12.804436,4.009193,10.442929,9.674542,4.9517245,14.928276,4.7930884,13.320312,11.1985035,8.403077,6.146275,8.774638,9.651577,4.956713,5.011524,7.7725906,5.207703,1.1940689,11.887942,6.9198728,6.2741637,7.0760393,3.2528448,13.527503,6.3463016
Andorra,Europe & Central Asia,High income,GFDD.DM.11,77.32881,127.04128,217.10886,179.15706,170.98912,175.36752,130.67091,151.62747,243.8569,148.76482,133.76282,78.624306,172.96149,206.7912,114.65711,168.90723,151.47719,134.82597,170.33752,230.43503,154.13567,223.97617,268.2897,131.57552,205.46344,133.71356,170.0566,188.93271,202.07864,107.4462,175.18091
Andorra,Europe & Central Asia,High income,GFDD.EI.08,18.27998,14.403708,30.416834,26.066635,10.598095,11.770782,21.24633,19.267376,12.210619,20.42765,8.760791,12.200513,23.45643,21.161386,14.732633,25.086592,19.509949,9.257074,13.089588,16.999668,9.309899,18.304012,12.619722,20.803001,25.583214,15.035126,16.208323,16.772081,14.078458,19.091429,30.106052
Andorra,Europe & Central Asia,High income,GFDD.OI.02,51.948177,58.34026,95.72728,62.711857,57.121197,57.31934,87.85406,44.269062,48.226067,52.59697,54.346725,67.88328,32.367134,54.13022,82.41908,81.30265,60.30154,64.69162,72.616905,67.149506,71.70593,70.30806,79.04592,90.193184,65.118675,69.45892,80.444534,59.838882,91.14777,71.680374,69.40416
Andorra,Europe & Central Asia,High income,SH.STA.BRTC.ZS,97.71451,94.88279,92.049225,97.01601,99.19601,101.45288,94.76074,95.54552,92.172554,106.39355,98.58795,99.11422,100.24568,92.14459,94.314674,101.2063,97.179756,93.80984,98.005356,102.72736,92.80615,98.135826,94.612305,96.963165,101.23861,100.0,100.0,100.0,101.480316,96.23437,100.39508
Andorra,Europe & Central Asia,High income,SL.IND.EMPL.ZS,16.695024,16.327036,16.603575,14.102093,8.694269,12.538806,18.581295,17.651262,14.592106,18.972118,16.102861,15.011168,11.212176,19.77115,14.7192,14.886166,15.798533,14.707684,17.378607,15.984428,13.783154,15.540343,16.383535,16.671064,13.72151,16.898695,18.022913,14.653252,14.433458,18.333555,16.402729
Angola,Sub-Saharan Africa,Lower middle income,DT.TDS.DPPF.XP.ZS,7.06506,9.228749,4.7920547,2.9344163,6.419672,10.770143,17.521717,18.346123,40.19841,26.209929,20.616877,32.793056,16.739225,15.247334,13.568868,10.521267,12.975112,9.655876,2.4435668,8.495828,4.4521627,4.178875,5.8317676,7.2737393,11.8603325,19.45622,33.20822,22.824427,22.26012,30.277971,32.07485
Angola,Sub-Saharan Africa,Lower middle income,EG.ELC.ACCS.ZS,31.181122,33.331326,31.28456,27.146353,36.55634,36.67284,39.066208,32.77764,26.72299,39.09837,24.212744,20.0,26.352116,27.412777,28.47055,29.527786,30.586893,37.5,38.49,33.80219,34.895638,34.6,37.13132,38.27803,32.0,42.0,41.81313,43.01326,45.29,45.6428,46.89061
Angola,Sub-Saharan Africa,Lower middle income,GFDD.AI.01,5789.887,8337.396,11733.239,23897.799,4765.5186,27576.605,31669.012,11676.259,14511.7705,6860.0054,14338.02,9139.92,7794.7427,4704.798,4367.573,4045.5063,6938.588,17331.664,11815.82,6557.081,14581.624,7401.0054,8292.787,10874.937,5153.9463,11607.468,10825.807,10159.01,10816.376,18077.303,8998.021
Angola,Sub-Saharan Africa,Lower middle income,GFDD.DI.04,90.38279,80.99869,96.232086,81.389534,87.4129,12.619949,41.57405,52.836872,30.42027,9.799127,53.82946,78.9985,48.81592,73.09637,84.35313,89.55731,90.61388,95.1316,97.98219,96.91541,97.37198,89.06676,92.000015,94.379196,95.05722,95.86449,92.48722,88.5927,91.82606,91.30259,89.16698
Angola,Sub-Saharan Africa,Lower middle income,GFDD.DI.05,46.141445,52.463367,14.80629,52.773907,39.70353,36.48713,27.57757,22.615479,24.437038,22.84935,17.28056,20.99253,16.07836,13.38826,12.386089,12.1416,14.622709,17.036419,21.33171,41.30714,33.87183,33.38961,31.078451,33.1903,35.67548,38.084988,36.65786,29.973248,29.026329,31.443691,35.911007
Angola,Sub-Saharan Africa,Lower middle income,GFDD.DI.06,11.743319,15.98285,29.877754,10.380852,8.808747,48.1068,4.638174,4.912676,13.017771,27.147661,1.8739051,1.048133,4.086266,2.033262,1.340757,0.87171566,0.8352115,0.7088328,0.5139657,1.27879,0.90095073,3.527955,2.527437,1.8642149,1.6961701,1.78418,3.2554288,4.480846,2.891808,3.0417888,4.1021013
Angola,Sub-Saharan Africa,Lower middle income,GFDD.DI.11,0.6709172,6.4488773,0.88952154,0.9165713,6.0002127,2.1134162,2.937147,4.038865,5.744607,0.48174205,6.4997125,3.9357376,6.4973416,5.2952623,5.672367,1.1498226,0.902999,1.0048041,0.79163,1.5789696,1.7763424,1.5246655,1.2892809,1.3444123,1.4472253,1.8404996,1.3317959,1.5091679,1.2579609,7.244367,9.802259
Angola,Sub-Saharan Africa,Lower middle income,GFDD.DM.11,28.937601,30.708094,24.918047,68.98378,16.826672,-6.835694,18.197193,42.35132,37.26784,25.4054,25.00255,36.18426,35.904728,29.443562,53.782906,47.35322,46.77896,53.775196,40.064556,43.180317,52.181225,41.408783,0.0485466,0.0985245,0.0995673,0.0924345,0.056802303,69.186516,0.0001972,0.0043823,0.0253272
Angola,Sub-Saharan Africa,Lower middle income,GFDD.EI.08,13.343905,7.458713,13.69199,9.321052,7.810935,1.932988,0.100501195,0.2730568,1.7730331,0.3501329,0.1784093,0.2743184,0.46322972,1.556458,2.83715,3.274846,1.639996,4.079614,12.97667,17.3223,9.437669,8.788699,7.7318687,9.5046015,12.733299,17.34805,20.135668,18.87967,17.8529,16.92577,20.7012
Angola,Sub-Saharan Africa,Lower middle income,GFDD.OI.02,28.442112,29.250868,38.11085,20.079166,30.122356,11.02488,15.525241,16.42821,17.665361,18.84872,13.94027,16.8162,12.916121,10.70298,9.946124,10.2368,12.894041,15.267301,19.407541,38.22892,31.100977,31.370268,29.043337,31.07033,33.258396,38.15775,36.74832,30.100378,29.154268,31.76875,36.417126
Angola,Sub-Saharan Africa,Lower middle income,SH.STA.BRTC.ZS,96.86677,90.37143,96.88126,101.75672,93.008354,97.22871,22.5,90.16356,98.015045,94.12782,98.84047,44.7,95.50149,94.811676,68.45359,94.94145,94.71247,47.3,99.37939,86.92686,87.49582,95.51659,94.20748,95.766945,89.60487,104.77831,46.6,96.69811,101.93035,89.272316,98.199066
Angola,Sub-Saharan Africa,Lower middle income,SL.IND.EMPL.ZS,11.763335,8.880001,8.760001,8.650001,8.56,8.49,8.46,8.46,8.500001,8.500001,8.57,8.67,8.790001,8.93,9.1,8.84,8.58,8.32,8.010001,7.750001,7.8500004,7.96,7.940001,7.8600006,7.7300005,7.57,7.39,7.19,6.99,6.8,8.661896
Antigua and Barbuda,Latin America & Caribbean,High income,DT.TDS.DPPF.XP.ZS,33.21932,22.176798,20.690945,32.41302,18.498991,23.996492,16.529654,19.527372,17.19783,17.013737,16.600416,27.4491,20.627201,17.542515,22.753332,17.964743,22.003883,24.515247,21.996664,9.789965,16.08021,16.8771,14.011744,7.921196,12.696145,22.76636,41.24943,9.961602,10.63858,21.930685,31.844145
Antigua and Barbuda,Latin America & Caribbean,High income,EG.ELC.ACCS.ZS,95.76305,95.94065,96.11813,96.294945,96.47039,96.6438,96.81448,96.98177,97.14498,97.30335,97.68926,97.785255,100.0,97.956825,98.0371,92.2,100.0,100.0,100.0,98.48128,98.59724,94.55202,100.0,100.0,100.0,100.0,100.0,100.0,100.0,100.0,100.0
Antigua and Barbuda,Latin America & Caribbean,High income,GFDD.AI.01,12886.519,22086.254,15425.894,13538.598,18915.48,15559.021,9252.171,13400.906,13438.14,13477.425,24397.57,13646.596,25879.375,13815.405,11253.878,9181.767,13526.167,11863.105,13503.868,9874.894,20590.605,16533.56,14059.872,12905.939,11587.342,10729.771,17341.762,23166.258,17732.75,17662.191,12650.933
Antigua and Barbuda,Latin America & Caribbean,High income,GFDD.DI.04,92.87661,93.40933,95.178825,95.02234,95.02959,96.50962,97.27306,97.76413,98.101814,98.38683,97.872665,98.00858,98.5938,98.58625,98.836266,98.927025,99.15858,99.782036,99.386406,96.96188,96.32382,96.14239,96.32549,96.77686,96.59218,96.531815,97.14331,96.74314,97.057884,97.12908,94.53779
Antigua and Barbuda,Latin America & Caribbean,High income,GFDD.DI.05,50.17105,55.20625,58.639385,58.660805,57.998505,70.89125,63.21555,63.06691,67.707924,80.293915,78.95084,85.52398,88.56501,97.339874,96.197044,94.140526,92.82883,91.165955,90.23755,90.79371,97.326195,99.712746,96.97998,99.822,95.68062,94.659485,86.980736,91.289314,89.461914,84.754555,95.27108
Antigua and Barbuda,Latin America & Caribbean,High income,GFDD.DI.06,3.690562,3.4380019,2.677551,2.733828,2.458988,2.098003,1.712614,1.558974,1.362154,1.22284,1.6351631,1.600032,1.1849389,1.151713,0.8950353,0.8026604,0.66021264,0.1725256,0.5210768,2.998689,3.773339,3.913083,3.441777,2.986456,2.8765619,2.483798,1.8738879,2.081498,1.7540389,1.6460191,4.14262
Antigua and Barbuda,Latin America & Caribbean,High income,GFDD.DI.11,12.207132,8.757854,-9.064214,12.928728,8.714244,4.736715,28.609138,6.4286876,12.488295,17.26838,5.6483226,6.9810295,9.565686,13.610848,28.34061,8.535343,11.179681,22.08216,17.977633,10.775946,8.583741,8.648666,23.75202,12.607226,5.6509805,4.922663,15.029325,14.432859,8.861257,8.806806,8.988054
Antigua and Barbuda,Latin America & Caribbean,High income,GFDD.DM.11,67.742805,19.599737,33.429417,42.471,35.69071,58.021614,78.12812,76.40113,33.14185,56.526417,56.72448,59.34898,32.81556,55.723423,28.466864,52.3397,38.098072,62.14591,68.634575,54.709625,76.00549,65.28697,40.752056,3.881001,6.158255,8.789435,8.970002,9.049447,13.75194,15.62461,15.87312
Antigua and Barbuda,Latin America & Caribbean,High income,GFDD.EI.08,7.565576,6.635209,7.8251762,8.913909,8.443568,12.659929,11.394489,12.2805195,14.257669,16.767479,16.52571,16.33877,16.81157,15.81907,15.288019,13.708969,13.65034,14.562109,17.73754,21.51002,19.78739,20.896978,19.848999,20.920761,19.717869,16.83392,14.973879,15.58815,14.773999,12.96834,15.793139
Antigua and Barbuda,Latin America & Caribbean,High income,GFDD.OI.02,45.534546,50.753647,53.883717,54.444656,53.847908,65.931114,59.232937,59.441902,63.645603,76.18304,75.15762,81.908844,84.55309,93.06409,91.63268,89.71767,88.23092,87.38882,86.3748,86.38249,92.885025,95.47834,93.22255,95.54,91.257774,90.236244,82.66156,86.840576,85.120224,80.453545,89.53429
Antigua and Barbuda,Latin America & Caribbean,High income,SH.STA.BRTC.ZS,90.25855,100.39484,98.805855,97.94194,102.0703,100.0,100.0,98.49878,100.0,91.400986,99.9,100.0,99.00001,99.00001,100.0,99.9,99.9,100.0,100.0,100.0,100.0,103.452896,100.0,100.0,100.0,100.0,105.12501,100.0,96.842964,104.929146,89.72328
Antigua and Barbuda,Latin America & Caribbean,High income,SL.IND.EMPL.ZS,15.315731,12.448182,22.770758,17.514048,7.368799,18.8325,19.915878,18.59447,20.018242,19.382929,18.114061,15.349106,18.472267,19.153946,17.142803,15.115426,15.348803,20.053955,14.426042,12.809092,20.029522,17.343906,17.98349,16.435953,17.35306,22.455233,16.09197,21.445549,18.618528,20.502144,18.72213
Argentina,Latin America & Caribbean,Upper middle income,DT.TDS.DPPF.XP.ZS,34.88742,31.020823,24.254324,26.685753,18.504051,20.500977,23.41389,27.65133,28.161423,37.502174,40.2876,31.805695,15.596493,34.95636,19.90058,14.205441,23.084778,6.912092,6.7397103,10.921742,10.424474,7.7577505,6.314278,8.071247,11.978813,15.905005,23.810583,38.697598,32.296463,34.12904,15.627049
Argentina,Latin America & Caribbean,Upper middle income,EG.ELC.ACCS.ZS,92.1548,92.49219,92.82945,93.166046,93.501274,93.834465,94.16494,94.49201,94.815,95.133156,95.78329,95.51106,96.22887,96.442635,96.6535,96.863846,97.07606,97.29279,97.516754,97.750656,98.82,99.09535,99.22998,99.342674,100.0,99.62539,99.84958,100.0,99.98958,100.0,100.0
Argentina,Latin America & Caribbean,Upper middle income,GFDD.AI.01,8219.493,476.48514,10073.853,7812.9824,9524.452,9188.008,4862.582,6075.4233,10220.867,5718.2383,3606.6814,8028.7676,3077.0276,5744.5703,477.33212,508.10477,549.8501,605.4193,616.1148,641.25256,674.73193,727.2269,807.3501,862.55475,908.4691,954.5852,1067.0536,1148.1804,1214.3665,1180.7574,1357.1925
Argentina,Latin America & Caribbean,Upper middle income,GFDD.DI.04,76.008644,74.85148,82.735954,82.59678,88.1969,88.64128,89.79807,91.39813,92.8978,93.81606,92.66087,80.35063,71.176216,68.30187,69.5024,74.39522,75.67504,77.112175,76.12947,73.02737,71.660545,68.788574,63.55997,59.4109,57.5713,52.807873,55.11782,59.13359,94.833565,82.19613,100.467384
Argentina,Latin America & Caribbean,Upper middle income,GFDD.DI.05,11.53333,10.61703,13.803949,19.384369,20.95711,20.245918,22.8161,26.57754,28.75975,31.542469,31.964268,27.189169,27.94328,30.116291,28.35122,28.690659,28.09301,27.91623,23.52055,25.38139,25.3695,24.377699,27.15824,27.17935,25.808838,27.67599,28.35506,28.47554,49.956593,83.14371,65.48827
Argentina,Latin America & Caribbean,Upper middle income,GFDD.DI.06,7.739184,6.0138865,4.091106,4.833725,3.2475889,3.293852,3.0214617,2.686419,2.398412,2.239735,2.6276522,7.627637,18.309238,16.64876,13.509761,9.533546,7.684721,6.489634,6.0872993,7.793949,8.508353,9.456132,12.560169,14.93377,16.19815,20.30259,17.93329,16.70644,12.64524,8.053214,7.4211445
Argentina,Latin America & Caribbean,Upper middle income,GFDD.DI.11,4.5761905,3.7091756,8.850013,9.877811,1.2275647,12.1483555,13.698877,-3.2554843,7.116717,9.041529,11.3144865,4.4286227,9.655136,3.1512902,4.919132,2.7800138,2.5514998,2.367014,2.1588383,4.193447,3.6718595,3.46279,3.514153,3.5788953,3.6626186,3.7232049,4.072981,4.1231627,4.071639,3.9256885,4.976395
Argentina,Latin America & Caribbean,Upper middle income,GFDD.DM.11,14.960921,21.729156,26.025755,-0.60046643,4.958557,15.514559,7.3284707,0.92900234,-12.952474,12.11959,12.36053,0.4397853,0.7970141,0.6755517,0.56854457,0.057354398,6.653821,4.940852,3.5377212,4.286835,3.04032,2.380793,2.19554,2.201457,2.38094,2.2207239,2.578762,3.2005022,5.2244353,6.5797143,7.0860753
Argentina,Latin America & Caribbean,Upper middle income,GFDD.EI.08,10.025829,5.8734746,4.842083,5.566902,4.312179,6.024972,6.71905,6.987295,7.7805743,9.842758,10.008269,11.035069,30.096401,25.2529,21.28682,17.28298,12.3748,9.252244,7.591312,9.102528,9.21234,7.3005214,7.218622,6.672659,8.512298,8.637283,8.797899,8.794333,49.001343,17.872244,17.338348
Argentina,Latin America & Caribbean,Upper middle income,GFDD.OI.02,8.203477,7.6700687,10.300131,14.962051,16.4086,15.81596,18.37803,21.91824,24.13389,26.59892,27.4253,23.759521,22.67097,23.01494,21.34349,21.15076,20.53297,20.387411,17.048231,18.42547,18.47964,17.38624,19.13465,19.42729,18.85372,20.491331,21.89971,21.84118,36.78816,48.474453,32.232773
Argentina,Latin America & Caribbean,Upper middle income,SH.STA.BRTC.ZS,96.9,100.84627,95.8,95.54484,105.681145,98.5,101.58993,97.200005,97.5,97.5,99.100006,98.4,98.899994,98.7,99.100006,99.100006,99.4,99.4,94.799995,97.899994,95.0,97.1,98.200005,97.0,99.6,99.6,98.4,93.899994,100.375694,97.24098,98.50579
Argentina,Latin America & Caribbean,Upper middle income,SL.IND.EMPL.ZS,27.681116,32.900005,32.35,29.72,28.6,27.09,25.0,25.560001,24.9,23.68,22.780003,22.02,20.22,21.79,22.690002,23.26,23.670002,23.930002,24.02,23.190002,23.34,23.97,23.66,23.95,24.16,23.66,22.88,22.44,21.910002,21.84,24.430387
Armenia,Europe & Central Asia,Upper middle income,DT.TDS.DPPF.XP.ZS,14.414874,11.564417,9.398298,1.124665,1.9387704,3.1520936,9.521672,4.9196587,12.890954,12.659874,8.2327385,8.188533,7.9363484,8.798743,6.552187,3.3080826,2.7554,1.905972,1.7861434,2.938257,2.7421346,2.6710916,5.926549,19.523075,5.864515,9.626443,5.3077917,5.246109,6.3630304,12.536115,13.295666
Armenia,Europe & Central Asia,Upper middle income,EG.ELC.ACCS.ZS,97.70884,96.71533,99.48494,97.86263,96.96658,95.78611,104.940475,95.32779,81.707245,95.677376,98.9,100.0,98.0,99.19013,99.18923,99.8,99.18823,99.193184,99.205376,99.2275,99.8,99.605804,99.628975,99.42,99.71001,100.0,99.8,99.7,99.90001,100.0,100.0
Armenia,Europe & Central Asia,Upper middle income,GFDD.AI.01,25838.482,19914.816,17842.328,23265.816,30658.951,41506.22,25341.264,34324.527,34575.902,27565.4,24213.096,15257.115,21143.629,29619.74,19754.012,65778.15,23545.44,19057.111,17413.207,15603.897,21615.168,29401.186,42467.754,26788.71,21731.447,12429.3545,21780.305,17411.586,28520.975,18625.56,26873.121
Armenia,Europe & Central Asia,Upper middle income,GFDD.DI.04,93.35398,97.79036,71.2442,27.411509,68.82557,78.28555,60.61339,77.76727,82.66435,84.181274,91.92784,91.55433,96.8248,98.632904,95.32157,96.53049,97.65753,98.4414,98.2949,95.18204,96.74907,96.68084,96.939125,97.100746,96.66087,95.78315,95.01034,95.34318,95.46054,95.90026,96.36973
Armenia,Europe & Central Asia,Upper middle income,GFDD.DI.05,68.886536,36.109173,79.872055,74.81403,13.097409,7.707154,8.222912,8.733553,10.05222,11.084579,14.704459,13.44959,15.55161,14.39199,14.986919,16.29842,18.28698,21.95241,19.84799,16.693079,17.148869,20.17364,22.17836,25.050491,26.95733,29.40799,34.51529,37.366947,36.79517,37.60079,41.53059
Armenia,Europe & Central Asia,Upper middle income,GFDD.DI.06,7.6576853,17.17061,17.52407,37.5355,5.097693,2.034157,4.230324,2.050281,1.892713,1.8736379,1.015706,0.92673916,0.3046139,0.1092835,0.4400731,0.3585918,0.2527305,0.2427824,0.3469448,1.398111,1.068146,1.335358,1.377574,1.393844,1.818699,2.168129,2.9038212,2.835073,2.95718,2.8692842,3.158039
Armenia,Europe & Central Asia,Upper middle income,GFDD.DI.11,3.8817065,12.9103775,15.184366,20.882034,12.387865,13.663327,12.92998,36.96243,13.909372,12.252912,4.9985847,10.648959,25.862005,14.905365,14.279876,11.851281,0.3192461,4.054883,0.32738748,0.5405502,0.7402442,0.8322609,0.8989025,1.0976887,0.8992317,0.8154885,0.92110157,0.889755,0.85901684,1.0226918,1.1029234
Armenia,Europe & Central Asia,Upper middle income,GFDD.DM.11,24.431877,21.919134,29.036642,19.500647,23.301205,31.946196,26.728283,20.956026,20.55903,0.0015822,0.8473122,0.2513933,0.0024786,0.0028463001,0.0038059002,0.0541573,0.050464902,0.028531998,0.0007436,0.118537605,0.1299486,0.1128427,0.1097829,0.14430611,0.1318372,0.16238,0.1982349,0.2361709,0.1336541,0.2349519,0.087605104
Armenia,Europe & Central Asia,Upper middle income,GFDD.EI.08,5.048767,4.2326584,2.97237,4.7182446,0.1789965,0.0677518,0.88697386,1.1435239,1.615684,1.2423571,1.6377201,2.533371,2.5647001,2.247082,2.1063342,2.039028,1.80014,1.854778,2.3022401,3.4036791,4.131875,4.604,4.7709575,5.60254,5.421659,5.6456027,9.064874,9.202452,9.563656,9.777077,14.76592
Armenia,Europe & Central Asia,Upper middle income,GFDD.OI.02,30.565273,36.181408,60.45182,52.00778,7.215638,2.870734,2.9327788,4.025395,5.660985,6.727925,8.920513,7.9027305,9.026092,8.686297,9.783194,9.830217,10.28022,11.56925,10.9683,16.89125,17.15008,20.40175,22.48065,25.408,27.37659,29.89857,34.999607,37.92698,37.325405,38.854706,43.031307
Armenia,Europe & Central Asia,Upper middle income,SH.STA.BRTC.ZS,99.7,99.7,98.3,95.50001,93.3,93.1,95.700005,96.4,97.4,98.799995,96.8,98.4,98.799995,99.200005,99.5,97.799995,99.7,99.9,99.9,100.0,99.5,100.0,100.0,100.0,100.0,97.605354,99.8,99.216545,94.0275,102.55159,97.86351
Armenia,Europe & Central Asia,Upper middle income,SL.IND.EMPL.ZS,18.042835,16.9,16.430002,16.080002,15.870001,15.69,15.550001,15.440001,15.41,15.42,15.56,15.820001,16.27,16.800001,17.27,17.87,18.49,18.97,18.190002,17.080002,17.41,16.68,17.68,17.0,16.73,15.91,15.780001,16.710001,22.79,24.75,21.78758
Aruba,Latin America & Caribbean,High income,DT.TDS.DPPF.XP.ZS,25.97213,33.766533,3.6526797,15.521651,11.767546,19.772299,19.408981,23.555357,14.261182,15.276156,23.850376,13.973481,40.720806,23.405365,30.845783,62.470936,25.835135,15.511412,3.6312563,4.907385,17.08298,14.227146,23.03866,8.918727,17.260412,11.346898,38.74796,16.1647,13.869568,9.475741,14.89423
Aruba,Latin America & Caribbean,High income,EG.ELC.ACCS.ZS,100.0,99.153656,99.19713,99.239914,100.0,100.0,100.0,100.0,100.0,100.0,91.6604,100.0,100.0,100.0,100.0,100.0,100.0,100.0,100.0,100.0,93.35629,100.0,100.0,100.0,100.0,100.0,100.0,100.0,100.0,100.0,100.0
Aruba,Latin America & Caribbean,High income,GFDD.AI.01,8881.926,1658.9998,5240.062,4559.6255,11039.987,9007.924,8440.345,10877.26,16542.021,22525.453,8678.977,10978.441,14037.586,11463.251,6344.7124,11893.941,6647.813,8052.8267,8700.519,3580.42,3990.428,5614.096,8454.153,3799.482,7087.548,6835.0186,9347.06,5887.557,12523.149,10677.635,5385.5312
Aruba,Latin America & Caribbean,High income,GFDD.DI.04,82.71219,58.672535,85.98634,52.856503,55.877186,83.402245,81.896904,76.61291,61.803345,61.4873,85.714836,74.61802,58.768616,77.313385,89.180466,75.49176,83.126144,88.50807,88.91839,80.99499,88.194626,77.29532,79.667465,89.25994,72.883644,86.60784,91.41444,56.38931,85.04539,63.33342,78.13633
Aruba,Latin America & Caribbean,High income,GFDD.DI.05,54.343758,56.63101,57.979954,54.25106,53.70507,52.81032,52.734978,49.4143,51.619587,54.986538,51.59887,54.20418,57.90205,60.579205,56.37475,57.330902,56.37428,53.545048,58.783775,69.20826,71.828835,66.890945,73.03748,67.3776,69.581055,71.73654,78.00833,76.60138,76.35977,84.869194,118.010704
Aruba,Latin America & Caribbean,High income,GFDD.DI.06,11.561641,25.751717,14.443339,11.798097,16.823626,10.037152,16.608673,11.845928,-6.344565,8.071638,9.811514,11.254268,2.1637425,4.5781918,5.005289,14.347567,1.9946226,10.266984,5.8920994,11.993924,9.86842,5.072144,7.504494,9.154567,9.775323,3.9581108,10.1547365,15.042357,12.928102,2.8395448,6.509243
Aruba,Latin America & Caribbean,High income,GFDD.DI.11,-4560.654,167.03632,-35.3201,137.71016,146.28484,185.77197,135.57826,126.34157,150.23637,134.37111,143.38708,160.14441,145.20227,145.18065,166.3877,138.6498,137.4592,120.606255,133.27187,185.19452,115.96916,148.68852,59.53998,160.68503,146.52942,182.78699,108.23359,142.40715,87.83052,94.13183,59.164482
Aruba,Latin America & Caribbean,High income,GFDD.DM.11,17.677317,31.750143,26.921217,23.655424,18.336246,18.801384,25.945442,29.104702,25.123842,5.3534603,6.2644997,5.728043,5.518045,5.3536386,5.454069,5.600791,6.772841,4.053061,4.443766,6.162617,6.65132,4.8243747,14.57472,11.62766,12.87479,14.65814,15.82555,18.338299,18.367352,21.13031,28.987709
Aruba,Latin America & Caribbean,High income,GFDD.EI.08,3.2186854,4.8868318,3.4741688,6.642158,3.2072358,1.5600541,2.406194,2.1698642,1.8758931,1.9924442,1.2962581,1.814535,1.8954121,2.3132582,2.128216,3.0030441,2.7505362,2.756739,1.693161,2.75849,5.64868,6.069483,6.9048,6.8889627,6.641898,6.974511,7.531773,9.947189,10.340009,9.415532,10.768699
Aruba,Latin America & Caribbean,High income,GFDD.OI.02,49.635868,51.451187,53.372837,49.85363,49.58435,48.18968,48.59514,45.50193,47.81631,50.737938,47.85699,49.85022,53.926765,57.02629,53.034737,53.6046,52.469208,49.865387,55.13926,65.35717,67.812935,62.995983,68.74087,62.986942,65.017876,67.196526,73.381676,71.77642,71.7943,80.60335,111.0538
Aruba,Latin America & Caribbean,High income,SH.STA.BRTC.ZS,101.45851,101.78853,92.051994,94.31063,96.08792,67.08801,99.37583,100.21221,94.94573,100.83156,110.3115,103.93847,96.0,96.62928,87.434364,99.347885,99.34452,95.05843,102.166115,99.69432,105.8056,99.361145,107.744514,101.38584,98.70465,96.78271,96.60699,100.15587,101.27296,108.869354,99.64917
Aruba,Latin America & Caribbean,High income,SL.IND.EMPL.ZS,26.979723,20.458374,23.08766,20.851606,28.277126,22.051691,16.587877,15.140597,25.385862,22.626627,23.110195,13.555179,24.204449,19.642136,16.71704,24.687637,23.48035,16.215925,27.572344,19.086655,22.773062,19.633894,20.186893,20.089146,20.658287,26.362654,24.908062,29.230663,20.884727,19.068209,18.979925
Australia,East Asia & Pacific,High income,DT.TDS.DPPF.XP.ZS,14.842943,18.372988,7.8560095,20.312277,10.275508,8.020269,16.628885,-5.0643272,24.084515,21.78023,17.513876,11.049859,9.934189,12.951269,28.859537,6.474321,18.581484,7.2468567,32.57437,12.954811,15.672865,8.414764,-2.609984,20.244469,10.073732,4.921038,26.56316,9.204484,16.56814,12.295568,23.540564
Australia,East Asia & Pacific,High income,EG.ELC.ACCS.ZS,100.0,100.0,100.0,100.0,100.0,100.0,100.0,100.0,100.0,100.0,100.0,100.0,100.0,100.0,100.0,100.0,100.0,100.0,100.0,100.0,100.0,100.0,100.0,100.0,100.0,100.0,100.0,100.0,100.0,100.0,100.0
Australia,East Asia & Pacific,High income,GFDD.AI.01,8651.447,10798.866,6547.2383,15452.686,17577.627,13602.137,-5221.5083,13255.544,19156.66,17308.191,15015.856,10824.374,13319.486,14233.902,6000.6855,12437.681,13005.544,16261.795,10756.524,8696.731,13400.539,10975.013,5007.7056,13003.599,12106.284,6918.557,6228.1206,9145.884,12353.094,16697.379,11791.646
Australia,East Asia & Pacific,High income,GFDD.DI.04,98.45472,98.07351,95.40834,95.68945,96.2251,95.52442,93.01648,96.02564,95.41187,97.43125,96.97637,96.97147,97.05864,98.49306,97.98875,97.66978,96.84608,95.704636,94.06898,97.026405,97.71706,97.255135,97.328705,99.56694,99.665665,99.553406,99.43216,99.79807,99.79701,99.57967,96.163925
Australia,East Asia & Pacific,High income,GFDD.DI.05,52.937008,53.1712,55.02199,55.241737,57.29232,58.59998,61.138844,62.138874,63.856163,67.673935,65.16219,69.4108,68.46848,72.77219,75.218124,75.80177,80.85426,96.33713,100.8554,99.17868,100.337006,100.7246,104.546906,103.3396,107.56361,112.24731,115.3947,113.73331,110.7433,120.0056,138.2031
Australia,East Asia & Pacific,High income,GFDD.DI.06,1.03557,1.320874,3.30217,3.1333249,2.791524,3.457167,5.640114,3.2061398,3.919752,2.303778,2.742744,2.776591,2.719793,1.477025,2.048137,2.4854481,3.569952,5.306197,7.724904,3.980875,2.9455602,3.485947,3.457737,0.5465533,0.44224578,0.628998,0.8312989,0.2916736,0.2914547,0.6288911,6.530169
Australia,East Asia & Pacific,High income,GFDD.DI.11,22.25315,29.35236,29.495975,35.597507,32.432713,33.360287,34.3311,36.689327,40.038715,40.676506,40.31872,39.97748,38.694103,40.821606,41.12843,41.68702,41.797768,40.83767,31.955729,25.277374,24.17459,22.679142,23.06888,23.924442,24.41816,24.45516,19.809376,18.656916,18.008234,15.038173,12.587086
Australia,East Asia & Pacific,High income,GFDD.DM.11,23.961828,34.54014,34.917408,28.257301,20.003101,18.550285,23.857512,28.02123,10.08258,3.849459,4.269536,5.252617,6.290747,6.958555,8.134494,8.592144,11.94991,13.95636,9.519105,15.04455,15.21025,13.12955,14.68328,14.389931,16.041288,19.25297,19.682709,20.094019,19.42889,20.23037,23.00162
Australia,East Asia & Pacific,High income,GFDD.EI.08,6.693606,7.2867594,8.018877,7.780036,6.579115,6.1991634,5.4539194,4.308003,4.426487,5.380105,3.494582,3.279795,1.541326,0.63191396,0.65792817,0.0724713,0.3330462,0.5079235,1.326674,2.71856,2.6690948,1.9807831,2.682297,3.45871,4.483651,4.127151,6.411894,6.985651,7.18494,15.979719,20.52884
Australia,East Asia & Pacific,High income,GFDD.OI.02,49.45393,49.465588,51.22646,51.42921,53.4937,54.85179,57.46983,58.39319,60.028313,63.738647,61.20855,65.48318,64.64081,68.97218,71.545654,72.179115,77.21548,92.80511,97.173645,95.52926,96.82464,97.26168,100.9846,89.02343,91.763466,114.2654,99.57438,98.81499,96.86491,99.6646,119.36711
Australia,East Asia & Pacific,High income,SH.STA.BRTC.ZS,94.0263,99.6,99.3,99.3,99.4,99.3,99.3,99.3,99.3,99.3,99.3,99.3,99.3,99.3,99.3,99.4,99.3,99.200005,99.100006,99.100006,99.100006,99.100006,99.200005,99.3,99.7,99.7,97.0,96.7,101.35992,102.46883,89.604996
Australia,East Asia & Pacific,High income,SL.IND.EMPL.ZS,21.557728,23.51,23.29,23.300001,23.170002,22.63,22.13,21.85,21.51,21.16,21.62,20.74,20.92,20.88,21.24,21.13,21.280003,21.18,21.62,21.14,20.98,20.83,20.710001,20.450003,20.29,19.39,19.36,19.430002,19.89,19.060001,23.49993
Austria,Europe & Central Asia,High income,DT.TDS.DPPF.XP.ZS,10.985078,11.501147,12.745362,21.017204,22.332863,39.320198,12.973084,11.089915,14.048794,19.257786,45.95694,18.589298,14.226767,22.834986,15.572789,25.253979,22.556076,19.858665,15.068281,24.024586,17.929323,14.281771,8.527481,14.567614,20.14326,13.508617,10.393849,9.785701,16.534927,22.062267,19.16693
Austria,Europe & Central Asia,High income,EG.ELC.ACCS.ZS,100.0,100.0,100.0,100.0,100.0,100.0,100.0,100.0,100.0,100.0,100.0,100.0,100.0,100.0,100.0,100.0,100.0,100.0,100.0,100.0,100.0,100.0,100.0,100.0,100.0,100.0,100.0,100.0,100.0,100.0,100.0
Austria,Europe & Central Asia,High income,GFDD.AI.01,15006.569,8557.117,14286.58,-11264.709,34499.113,11216.014,5136.264,11504.01,10565.63,8623.3,15755.341,13752.867,5773.001,27360.164,17924.033,9483.011,7849.8315,13987.197,17182.924,9523.724,20589.457,17436.885,14372.122,21286.006,18388.326,11470.1875,22712.357,28809.78,11320.892,18871.127,4312.8267
Austria,Europe & Central Asia,High income,GFDD.DI.04,99.666405,99.66094,99.65913,99.659904,99.667725,99.687164,99.66881,99.657555,76.960495,72.58604,99.93578,99.4696,99.40418,99.424545,99.45737,99.49312,99.48384,99.47858,99.5085,99.29802,99.24165,99.13289,99.01134,98.9411,99.028435,96.05431,91.79284,88.379234,87.627754,87.5593,83.08873
Austria,Europe & Central Asia,High income,GFDD.DI.05,86.0817,86.29119,87.256775,89.145905,89.48821,89.84735,89.338066,88.3004,79.15688,77.22634,88.68122,67.25785,66.40881,69.726395,70.50771,75.47496,77.844025,86.31971,93.08521,92.80804,89.423355,89.110664,89.234055,90.11607,91.55746,92.4315,94.412056,95.45703,98.30187,99.75851,113.840004
Austria,Europe & Central Asia,High income,GFDD.DI.06,0.4035481,0.4113044,0.41101658,0.41536888,0.41469058,0.3954007,0.4234382,0.44714868,51.15842,8.67322,7.118833,0.5819359,0.6385233,0.6059639,0.5710796,0.556135,0.5593225,0.5468733,0.5272976,0.7866853,0.8651659,0.9712088,1.099943,1.157729,1.040084,4.245227,8.933805,12.910101,13.70257,13.76236,21.23953
Austria,Europe & Central Asia,High income,GFDD.DI.11,13.823467,14.348553,15.545347,17.185328,18.059288,22.387905,24.168833,25.226818,25.345995,26.047512,25.561022,25.872341,26.510752,27.397245,28.274094,30.17781,30.74142,30.928778,31.421333,33.747723,34.797493,33.52383,33.67302,33.82678,33.743816,32.65749,31.850782,30.77817,29.245375,28.610834,30.547853
Austria,Europe & Central Asia,High income,GFDD.DM.11,55.29718,67.96749,144.19092,54.689266,106.89634,59.62984,96.37426,72.644356,67.999596,55.12701,65.74224,44.43588,207.00066,53.830658,98.236786,69.79535,78.75837,78.31809,61.92836,71.0022,68.40191,56.98211,60.46493,58.832253,54.12861,54.627792,50.89294,53.28486,44.85585,47.278233,56.30671
Austria,Europe & Central Asia,High income,GFDD.EI.08,18.422619,24.196493,9.780644,19.289848,17.38682,10.391592,13.826963,11.970095,23.602684,8.715102,10.70691,19.82496,18.45545,17.24384,17.24378,15.168749,13.69367,11.73154,11.256729,13.879819,15.03025,15.312679,16.29264,16.01895,18.83438,17.89733,17.07428,14.44573,13.01943,11.295829,11.385359
Austria,Europe & Central Asia,High income,GFDD.OI.02,79.492424,79.71865,80.67113,82.38322,82.67746,82.909294,82.30219,81.41349,90.35476,64.28449,72.46073,59.854607,59.45619,62.35132,62.64009,66.70157,68.62267,76.13723,81.357346,80.91889,78.318794,77.50291,77.472046,78.456665,79.16259,80.6018,82.47103,83.49722,85.72352,86.657234,99.77828
Austria,Europe & Central Asia,High income,SH.STA.BRTC.ZS,106.060875,93.9704,100.74753,100.0,103.94457,106.21724,98.200005,98.200005,98.3,98.3,98.3,98.3,98.4,98.4,98.4,98.6,98.6,98.5,98.6,98.6,98.5,98.6,98.5,98.5,98.5,98.5,98.4,98.4,98.4,92.49272,98.34835
Austria,Europe & Central Asia,High income,SL.IND.EMPL.ZS,32.84383,33.84,33.43,32.83,32.47,32.1,30.3,29.64,29.560001,29.76,30.03,29.37,28.85,28.92,26.73,27.58,28.16,27.320002,26.24,24.97,24.910002,26.03,26.08,25.910002,25.75,25.76,25.560001,24.92,25.44,25.36,33.27169
Azerbaijan,Europe & Central Asia,Upper middle income,DT.TDS.DPPF.XP.ZS,9.203162,7.2432876,6.43711,23.862867,6.0127916,1.2374738,1.1459514,6.5995703,2.0318701,4.6693625,5.5487347,5.0085344,4.555902,5.362612,3.26988,1.5777621,1.0306795,0.8048093,0.777478,1.2328368,1.0858392,0.9328629,1.0262696,2.3074484,2.034471,3.7249866,5.3749785,7.5165067,7.693383,6.471726,7.8520293
Azerbaijan,Europe & Central Asia,Upper middle income,EG.ELC.ACCS.ZS,93.55387,107.546936,111.5553,91.193504,96.122925,99.57073,96.74169,91.85849,102.495445,97.0,98.908226,98.6218,100.0,98.92747,99.0748,99.221596,99.5,99.52345,99.683876,99.854225,99.943794,99.90001,100.0,100.0,100.0,100.0,100.0,100.0,100.0,100.0,100.0
Azerbaijan,Europe & Central Asia,Upper middle income,GFDD.AI.01,804.87103,10699.138,2844.8103,3901.0242,7457.207,12524.507,6013.316,7903.46,4549.4385,4599.688,7990.795,7311.1426,-172.9773,9249.668,2817.4487,93.21563,143.84427,194.29825,262.52725,303.95493,360.8583,401.75186,465.08813,542.1043,625.70856,10926.627,278.2385,16020.615,6383.085,6012.936,6276.5063
Azerbaijan,Europe & Central Asia,Upper middle income,GFDD.DI.04,78.20613,77.09875,87.4907,72.68764,63.175617,81.85566,81.78465,84.90112,53.774628,47.809708,49.66913,53.950172,78.0393,83.82801,87.531715,91.24402,94.245834,96.40728,97.91605,95.2794,86.12627,82.80501,83.77941,85.889275,88.08544,84.331696,88.441086,99.40557,99.58922,99.76341,98.82471
Azerbaijan,Europe & Central Asia,Upper middle income,GFDD.DI.05,47.150166,42.887627,38.59422,54.84959,55.91758,12.315269,11.26034,13.77847,10.72909,11.7409,15.96689,12.8230295,12.53423,13.567019,16.663431,13.801449,17.37833,19.71406,20.34392,23.47055,24.322289,26.69478,30.643349,33.11141,35.44669,39.14556,25.168468,23.383831,21.984018,24.902578,28.073019
Azerbaijan,Europe & Central Asia,Upper middle income,GFDD.DI.06,7.5039973,2.8011146,10.82866,16.47394,22.94589,3.2049508,3.1154282,2.336839,11.08779,13.59846,10.463531,7.1484623,2.313797,1.7694081,1.584919,1.09412,0.7722339,0.6154211,0.37788,1.194263,3.538318,4.133821,4.652788,4.328994,4.286025,7.6160407,4.5349994,0.1518342,0.0921676,0.056782,0.33994418
Azerbaijan,Europe & Central Asia,Upper middle income,GFDD.DI.11,10.183387,6.5832505,10.518323,18.248577,8.813378,6.836456,3.2391443,2.5551398,17.153383,15.91973,2.1199763,4.2228994,6.487626,13.495103,4.1416097,15.907014,8.208615,0.541598,0.64684534,0.76989955,0.57006943,0.6918513,0.9246726,0.98633593,1.1733128,1.9063369,2.72265,2.4617307,2.589522,2.8998904,3.197114
Azerbaijan,Europe & Central Asia,Upper middle income,GFDD.DM.11,38.71653,40.91304,32.641884,33.84421,26.329079,31.407854,40.22298,31.839512,34.643673,114.40855,22.863276,17.054607,0.0064143,0.0054972,0.2350119,0.63871133,0.5671547,0.6956248,1.127298,34.182316,33.318214,36.49947,63.02721,18.914562,43.756916,22.39373,59.636036,29.133833,30.993685,39.921913,29.11208
Azerbaijan,Europe & Central Asia,Upper middle income,GFDD.EI.08,8.558236,10.625294,64.92545,34.239227,36.03192,13.27283,12.82183,10.690599,9.817388,9.491925,4.635789,3.186075,2.855133,2.3530452,2.120757,2.395304,1.423688,2.94989,2.747998,5.493753,4.690172,2.7178102,4.297389,1.225796,1.395864,2.572971,2.9501932,4.244483,2.703968,2.088393,3.5190501
Azerbaijan,Europe & Central Asia,Upper middle income,GFDD.OI.02,20.905077,29.158834,27.06712,27.12726,40.99598,6.625,4.895073,6.177396,5.0310626,5.519832,10.35141,7.274235,7.1314707,7.9666038,11.21319,9.6026745,10.6011,10.53083,10.30817,11.7887,11.66878,12.84193,13.572801,14.757,17.96975,30.195297,23.9799,21.29025,20.24986,23.345379,25.40542
Azerbaijan,Europe & Central Asia,Upper middle income,SH.STA.BRTC.ZS,97.3,97.200005,96.5,96.3,99.6,91.5,87.899994,90.399994,91.5,92.4,80.7,88.0,93.99999,95.8,95.9,94.399994,88.6,93.0,97.99999,99.8,99.4,97.200005,99.8,99.9,99.9,99.8,99.8,99.8,99.39,97.10619,98.2599
Azerbaijan,Europe & Central Asia,Upper middle income,SL.IND.EMPL.ZS,14.9491415,13.750001,13.250001,12.660001,12.140001,11.67,11.45,11.21,11.120001,11.18,10.880001,10.82,11.530001,11.71,11.900001,12.08,12.35,12.630001,12.130001,12.660001,13.72,14.08,14.29,14.380001,14.3,14.06,14.33,14.370001,14.72,14.79,14.820452
"Bahamas, The",Latin America & Caribbean,High income,DT.TDS.DPPF.XP.ZS,15.30374,15.818339,17.079714,12.217287,8.84001,13.834231,10.718095,13.706562,18.47972,12.197807,13.781668,15.819639,12.585487,13.474925,13.650834,18.348116,12.637912,13.809013,11.350023,15.160492,16.28845,16.71139,11.710068,21.084724,11.815031,9.9763155,13.156064,17.761744,27.092556,13.065924,6.2079897
"Bahamas, The",Latin America & Caribbean,High income,EG.ELC.ACCS.ZS,100.0,100.0,100.0,100.0,100.0,100.0,100.0,100.0,100.0,100.0,100.0,100.0,100.0,100.0,100.0,100.0,100.0,100.0,100.0,100.0,100.0,100.0,100.0,100.0,100.0,100.0,100.0,100.0,100.0,100.0,100.0
"Bahamas, The",Latin America & Caribbean,High income,GFDD.AI.01,12814.544,9653.765,-9344.742,12109.131,2775.323,9879.93,10047.776,16655.105,16438.07,16169.225,19762.006,14620.838,11377.074,4432.071,1585.3635,-1955.2765,9122.968,12400.397,5741.697,6939.909,15293.116,8574.548,11346.632,8833.862,11297.657,6911.6,10126.268,13636.673,17804.15,5605.725,14357.21
"Bahamas, The",Latin America & Caribbean,High income,GFDD.DI.04,92.151764,91.832,91.33274,93.78084,92.92924,93.31689,93.67868,95.28335,98.11723,97.98839,96.85882,95.75111,96.08155,97.47687,96.91307,97.31205,97.01983,95.14993,97.31296,97.3934,96.68356,96.40056,95.27803,93.923416,93.6199,94.246864,92.054794,95.26236,94.39702,95.038925,97.14807
"Bahamas, The",Latin America & Caribbean,High income,GFDD.DI.05,48.341747,51.9549,54.63493,59.6216,60.770176,62.330124,62.513165,39.582787,42.605087,42.13369,43.922657,44.61378,43.16776,44.93755,47.91124,48.88169,50.5525,53.029,56.23885,60.31681,61.256386,62.635754,58.733273,59.770393,56.83434,53.69928,56.584488,56.169228,59.57587,63.77687,86.28373
"Bahamas, The",Latin America & Caribbean,High income,GFDD.DI.06,3.521794,3.9567232,4.396912,3.709573,4.40626,4.34529,4.236631,2.223501,0.90586865,0.9513431,1.59228,2.280642,2.053785,1.294238,1.650969,1.52193,1.874646,3.2764058,1.933308,2.024652,2.811943,3.089491,3.878954,5.20635,5.172098,4.476914,6.03396,3.4584877,4.2052717,3.602228,2.7372751
"Bahamas, The",Latin America & Caribbean,High income,GFDD.DI.11,9.974357,28.282402,6.9894814,12.643383,26.511465,14.86935,15.144928,22.176859,24.181814,15.067672,15.502585,14.58813,12.163465,16.232166,8.433744,14.083387,11.211488,11.559246,12.156565,3.5944846,13.666133,13.832352,14.043561,14.79628,15.024749,15.098286,19.326654,17.495655,15.786011,26.462662,14.97244
"Bahamas, The",Latin America & Caribbean,High income,GFDD.DM.11,75.71177,153.92316,60.016537,46.735653,103.917625,79.135315,209.0906,126.22186,92.45414,75.76246,357.13846,151.53542,106.92869,112.6163,125.64952,169.6142,130.3156,102.46952,141.14761,120.89146,85.32146,137.79987,160.05711,96.7985,159.88194,136.2758,149.50824,224.61763,88.43277,74.06505,84.664604
"Bahamas, The",Latin America & Caribbean,High income,GFDD.EI.08,9.248267,10.722689,10.63365,13.5317,11.31022,11.090699,10.95041,6.8739023,8.575751,8.41893,7.182595,7.529606,8.438084,9.40577,8.916339,8.93028,8.519509,8.292255,11.40129,12.87923,20.44933,20.25251,19.95035,23.05642,21.104849,22.47167,22.72276,23.40347,21.286139,21.787449,26.947319
"Bahamas, The",Latin America & Caribbean,High income,GFDD.OI.02,35.5717,38.86332,41.00354,48.554337,50.165688,51.99184,52.24439,37.085217,40.02359,39.18857,40.838398,41.77771,40.283,41.85641,44.767216,45.69753,47.643158,50.562508,53.94928,57.868393,58.88211,60.198917,56.13358,57.188057,54.14372,51.04531,53.66023,53.718258,56.56495,60.85236,81.925026
"Bahamas, The",Latin America & Caribbean,High income,SH.STA.BRTC.ZS,99.00001,82.49108,88.948715,100.03128,97.22184,99.00001,101.14879,99.00001,99.00001,99.00001,99.00001,99.80944,99.00001,99.00001,97.99999,99.936676,99.00001,99.00001,99.00001,94.87548,99.00001,99.00001,103.92168,97.99999,99.9,97.99999,99.00001,95.48126,103.23792,106.68039,98.54863
"Bahamas, The",Latin America & Caribbean,High income,SL.IND.EMPL.ZS,20.730824,15.33,15.3,12.250001,12.910001,14.240001,14.8,14.650001,15.3,16.72,17.01,17.05,16.690002,15.85,16.080002,17.820002,18.31,17.950003,16.25,16.060001,16.12,15.97,15.960001,15.52,15.38,14.939999,14.870001,14.839999,14.59,14.48,21.6051
Bahrain,Middle East & North Africa,High income,DT.TDS.DPPF.XP.ZS,37.884075,24.516834,26.917646,6.282616,33.77183,16.255041,11.440163,17.861343,37.172268,23.21376,32.56079,35.458214,9.200068,28.562695,7.449094,15.40553,13.958035,16.936647,24.619846,19.4846,17.438744,43.722607,19.057224,15.054063,18.127838,19.158428,29.603207,17.549345,12.53234,34.586864,16.883295
Bahrain,Middle East & North Africa,High income,EG.ELC.ACCS.ZS,99.9414,99.96739,99.98718,99.99714,99.99977,100.0,100.0,100.0,100.0,100.0,100.0,100.0,100.0,100.0,100.0,100.0,100.0,100.0,100.0,100.0,100.0,100.0,100.0,100.0,100.0,100.0,100.0,100.0,100.0,100.0,100.0
Bahrain,Middle East & North Africa,High income,GFDD.AI.01,19373.102,8183.111,7634.674,12188.826,10152.861,21834.139,11289.886,26588.598,8116.785,9532.637,13574.112,28212.072,13651.047,10965.144,11920.471,13684.539,5947.4404,7367.5854,10489.386,9866.593,8709.181,13591.194,11124.476,9868.965,15985.263,10418.375,11431.935,8483.138,9602.331,4553.2266,10843.0625
Bahrain,Middle East & North Africa,High income,GFDD.DI.04,103.43623,104.857086,97.3472,95.15516,96.17491,98.67948,98.53251,96.61266,97.17067,99.24329,98.79895,97.66583,94.413734,94.90619,95.47927,96.001236,109.07464,95.83424,113.64911,98.629585,94.197655,95.098816,104.56877,108.552574,125.15031,101.650246,101.12882,103.03547,104.17051,90.30777,95.926636
Bahrain,Middle East & North Africa,High income,GFDD.DI.05,58.522133,66.068214,67.313156,65.021126,55.90532,56.72131,56.22677,58.514515,71.41988,68.63206,63.289894,69.80629,72.06708,66.39626,58.23672,58.504135,58.00549,68.808655,69.59966,82.54481,81.375114,75.18574,73.21384,74.8606,77.709724,86.02027,69.125984,76.65139,64.492775,78.312164,113.6867
Bahrain,Middle East & North Africa,High income,GFDD.DI.06,6.7829647,3.6610036,1.270712,2.475323,1.7384449,0.5760414,0.6291915,1.588744,1.5354209,0.4349351,0.6074562,1.235536,3.14652,2.792898,2.57662,2.19678,3.8429122,4.5571136,4.220205,1.1872779,0.6099787,-1.1192071,5.06008,2.9223201,4.808491,1.6708105,4.752066,0.42215243,3.2042172,2.342811,2.942687
Bahrain,Middle East & North Africa,High income,GFDD.DI.11,12.605482,16.962093,18.068838,14.906351,10.643816,13.927109,14.717192,4.8365073,15.071475,20.625378,2.2746608,2.4453962,2.5174227,2.496304,3.2536643,3.7682207,9.785295,11.851448,9.823281,13.328152,14.072237,13.524114,13.95358,13.881044,14.52055,17.544882,17.6869,17.619577,16.715387,17.345049,13.760409
Bahrain,Middle East & North Africa,High income,GFDD.DM.11,56.071636,59.267193,129.75316,104.74266,110.6663,132.5182,76.84251,60.405136,176.5257,143.9062,120.037994,129.9223,166.0959,167.4168,155.39499,158.129,181.453,184.53749,128.43219,121.865204,101.7185,47.00643,37.64603,49.03288,48.80492,57.04959,68.141594,60.92908,60.879368,66.81054,94.1506
Bahrain,Middle East & North Africa,High income,GFDD.EI.08,8.63559,5.004017,7.653484,5.868815,5.745576,5.905796,6.27878,6.25457,8.489397,11.35747,9.458066,9.652954,8.641095,9.91077,10.4761095,9.055209,8.301355,7.326384,7.147808,14.01198,16.70632,19.53974,20.41905,26.06897,27.60766,33.420868,13.242314,8.234357,10.569759,14.991762,18.772131
Bahrain,Middle East & North Africa,High income,GFDD.OI.02,51.90411,60.36182,61.442005,59.20319,51.11194,51.890747,51.42793,53.85735,66.50957,62.97089,58.976067,64.97081,64.078896,61.54916,53.82614,54.43937,53.76995,64.65099,65.49303,78.27917,76.924416,70.507355,69.022415,71.09186,73.78102,81.521774,75.347115,49.752113,87.33748,66.59636,79.15272
Bahrain,Middle East & North Africa,High income,SH.STA.BRTC.ZS,95.84918,111.239136,90.23551,101.551895,99.7466,97.6,101.12003,101.86118,99.05606,99.76151,97.7,97.5,97.6,97.799995,97.7,97.5,97.5,97.4,97.5,99.4,99.3,99.6,99.8,99.8,99.8,99.9,99.7,99.9,92.9618,99.81206,96.88175
Bahrain,Middle East & North Africa,High income,SL.IND.EMPL.ZS,43.65886,28.53,28.45,28.79,28.61,28.47,28.33,28.22,28.03,28.0,28.47,28.57,28.66,29.060001,29.980001,31.009998,32.24,33.4,34.550003,34.51,35.72,35.21,34.97,35.1,35.23,35.160004,35.36,35.48,35.4,35.25,36.518887
Bangladesh,South Asia,Lower middle income,DT.TDS.DPPF.XP.ZS,33.726337,26.669254,19.37269,16.042208,14.348911,15.783792,13.5970955,11.860239,10.276741,10.696832,10.29935,9.410406,10.00799,8.092275,6.8286524,7.2839665,5.0065713,6.3776855,4.804684,5.4258137,4.4539914,4.924725,5.103038,5.110975,4.8239827,3.478194,3.0195038,3.4752185,3.6039193,4.133615,5.0399604
Bangladesh,South Asia,Lower middle income,EG.ELC.ACCS.ZS,51.625965,14.289999,9.905419,12.71788,17.8,18.338045,21.144386,22.4,26.746193,29.540213,32.0,35.032646,37.85107,40.66426,40.6,44.23,50.5251,46.5,54.735516,57.568848,55.26,59.6,66.15557,61.5,62.4,74.90374,75.92,88.0,91.8,92.2,96.2
Bangladesh,South Asia,Lower middle income,GFDD.AI.01,7452.224,11526.057,4335.8716,2361.4844,429.91214,8086.9326,5518.216,7351.6855,5879.32,9614.387,1201.5581,742.15796,6752.23,8868.258,255.65298,262.2815,266.90604,271.56613,277.0882,278.99002,334.16913,477.36768,547.7849,527.0014,535.3156,653.3247,696.0094,730.775,788.384,849.0639,903.4272
Bangladesh,South Asia,Lower middle income,GFDD.DI.04,93.43985,95.325424,96.452095,98.4393,98.49447,95.03131,92.55314,93.90641,92.69092,89.29983,89.6726,89.14167,91.7943,93.71122,94.307495,91.14528,88.80506,90.77077,92.18786,93.679054,95.08096,92.60442,94.41167,96.41362,98.372406,98.5688,98.47738,98.76415,98.149605,97.21803,98.0486
Bangladesh,South Asia,Lower middle income,GFDD.DI.05,20.04674,20.69315,21.433498,22.58621,24.954039,24.846819,25.23011,25.48523,25.63172,26.967411,29.824379,40.084637,42.641037,44.31238,45.725212,47.624638,51.046047,50.94307,51.819042,54.811142,58.67525,59.738453,60.67343,61.33604,63.27856,64.454025,65.7595,65.6082,64.23696,63.635513,66.79809
Bangladesh,South Asia,Lower middle income,GFDD.DI.06,1.352703,0.9365495,0.7028321,0.3185843,0.3109326,1.227035,1.931462,1.660975,2.060117,3.146513,3.212177,4.611857,3.6905859,2.778259,2.6359289,4.3715353,5.8549323,4.83223,4.229738,3.570472,2.966563,4.718326,3.5052412,2.216336,1.051389,0.91868323,0.9889662,0.8308044,1.247303,1.881616,1.354722
Bangladesh,South Asia,Lower middle income,GFDD.DI.11,7.361343,10.746944,4.80891,2.0086162,11.823718,6.9237623,14.433366,14.289922,16.882948,5.9481025,1.1884161,1.2780015,1.3565155,11.339967,14.610381,1.5441201,1.8415347,2.095963,2.2619534,2.4635081,2.6588428,2.8213701,2.878245,2.9179938,2.9483025,2.7559142,2.5580812,14.737432,14.856831,9.06278,12.657027
Bangladesh,South Asia,Lower middle income,GFDD.DM.11,5.960195,42.592716,46.58111,5.243615,17.523607,19.090595,10.494677,-14.366686,16.627045,10.895126,16.42628,2.7269359,-1.2130013,20.751013,18.19178,0.6839333,0.81970453,0.6695654,0.5993691,0.4462419,0.764597,1.638533,1.7364229,1.618868,1.898028,1.752862,1.282286,1.298381,1.22816,25.199566,31.49744
Bangladesh,South Asia,Lower middle income,GFDD.EI.08,4.911785,5.377009,6.5701365,6.912101,6.3174224,5.470331,5.391018,5.958159,6.098359,6.2611027,6.912153,14.23135,15.640659,15.736719,16.32961,16.172169,15.57043,15.681019,16.095139,16.93049,16.573349,16.82197,16.44076,18.00069,20.032928,19.06716,18.867579,18.98326,19.389019,20.601881,22.84131
Bangladesh,South Asia,Lower middle income,GFDD.OI.02,17.58007,18.350021,18.79009,19.58475,21.399681,21.294401,21.79434,21.95865,22.25198,23.38269,25.66441,35.84621,38.514828,40.26582,41.414276,42.938927,44.9175,45.14507,45.92002,41.96027,44.91123,47.17822,49.13249,50.155506,51.092327,51.110058,50.47702,48.79554,46.7331,46.53048,48.767838
Bangladesh,South Asia,Lower middle income,SH.STA.BRTC.ZS,74.55335,81.169,87.920784,85.94777,9.5,82.55089,85.36971,7.9999995,86.19762,87.20288,12.1,12.0,73.16292,13.9,13.2,78.28162,20.099998,17.999998,94.62977,24.4,26.500002,31.699999,83.55915,36.5,42.100002,86.33371,49.8,67.799995,52.699997,87.73858,77.658424
Bangladesh,South Asia,Lower middle income,SL.IND.EMPL.ZS,24.355976,13.58,12.71,11.880001,11.07,10.400001,9.780001,9.94,10.160001,10.400001,10.7,11.21,11.72,12.31,12.98,13.79,14.520001,15.29,16.040003,16.79,17.63,18.080002,18.560001,19.02,19.450003,19.96,20.46,20.42,20.84,21.320002,17.123363
Barbados,Latin America & Caribbean,High income,DT.TDS.DPPF.XP.ZS,13.809967,19.647415,15.67693,11.002509,13.740281,9.191227,10.961579,12.90725,14.018922,15.075582,12.736687,15.732866,13.442025,14.868509,11.739753,7.1703033,11.874568,9.889315,10.224848,16.880495,11.036692,10.118824,15.675972,7.800282,10.607171,15.169561,7.4773064,10.071478,12.851333,13.1637125,11.985264
Barbados,Latin America & Caribbean,High income,EG.ELC.ACCS.ZS,99.98425,99.99344,99.998695,100.0,100.0,100.0,100.0,100.0,100.0,100.0,100.0,100.0,100.0,100.0,99.99675,99.98046,100.0,100.0,100.0,100.0,100.0,100.0,100.0,100.0,100.0,100.0,100.0,100.0,100.0,100.0,100.0
Barbados,Latin America & Caribbean,High income,GFDD.AI.01,11104.469,16845.691,3152.4282,12850.544,8319.773,9978.165,7673.974,18198.213,7243.3,18319.71,14485.157,-10468.231,22573.836,10034.551,3669.8933,9751.925,13414.748,16805.756,12214.749,10583.829,10277.733,7302.776,-3582.017,19457.11,24863.58,26276.998,18680.232,11448.024,8777.363,8357.564,15747.908
Barbados,Latin America & Caribbean,High income,GFDD.DI.04,90.24504,88.10881,89.60338,90.45274,91.32721,95.90993,97.56242,98.03757,98.589676,97.80765,99.61121,98.90067,99.02223,99.24393,98.70425,96.923355,97.988556,98.33,96.38165,95.78736,96.72755,98.17079,95.01568,93.021095,91.86125,88.60627,83.33997,82.64384,93.30048,92.555305,92.998276
Barbados,Latin America & Caribbean,High income,GFDD.DI.05,50.9612,50.37549,55.092747,53.82193,55.51999,56.43822,62.43542,62.699505,60.019596,61.36533,65.254944,86.52386,97.937195,99.274864,103.5308,109.1843,101.967,116.095505,116.17101,121.21881,91.5117,125.73335,103.781906,108.437706,109.7825,113.70791,113.4448,114.665306,115.6787,114.152504,121.53029
Barbados,Latin America & Caribbean,High income,GFDD.DI.06,5.0630097,6.545276,6.117271,5.428433,5.024728,2.500112,1.523769,1.276219,0.8826333,1.39936,0.25527048,0.84923875,0.7833574,0.6379499,1.174626,2.938997,1.802903,1.52194,3.575896,4.508293,4.0706177,5.964288,5.8360043,8.650041,9.907532,14.36798,21.25071,22.958149,7.726316,8.280486,9.273195
Barbados,Latin America & Caribbean,High income,GFDD.DI.11,48.963192,45.146698,42.221596,40.39663,29.10488,23.64156,65.2991,46.577393,39.018925,50.591446,45.254776,28.554731,12.190302,13.309633,16.769106,22.86054,22.004288,35.06173,35.226322,27.49192,27.476706,27.953716,34.07738,32.283943,32.195255,34.39022,37.629345,35.688732,34.11951,35.025276,83.22794
Barbados,Latin America & Caribbean,High income,GFDD.DM.11,378.2202,383.54105,349.76624,318.72754,259.16293,314.1229,150.13107,257.82706,175.47955,353.54584,217.80704,326.21356,269.7025,204.58704,248.96085,356.20633,226.88586,300.49045,375.4042,348.8018,14.22906,6.430039,12.34126,12.64294,369.85986,307.11844,355.74905,271.77576,355.19717,259.863,289.63803
Barbados,Latin America & Caribbean,High income,GFDD.EI.08,10.634879,10.875859,14.191169,14.50703,13.95578,16.12388,19.35646,19.55914,16.31802,14.863289,17.50242,19.26345,21.74988,24.431889,25.171429,22.57559,18.372639,18.32128,18.76655,21.03143,30.985573,13.550777,24.71353,28.52405,28.13044,29.30662,26.63265,26.397888,22.74956,21.352049,32.97215
Barbados,Latin America & Caribbean,High income,GFDD.OI.02,45.871758,45.39665,50.01635,49.073967,50.73631,51.4898,57.02125,57.30607,55.199787,56.162876,60.091026,82.41775,93.57251,95.062996,98.47265,104.0113,97.429436,111.907,111.7023,115.7696,79.8765,107.80563,98.95638,103.9642,105.14259,108.938896,108.7425,109.957794,111.7019,111.1238,165.43254
Barbados,Latin America & Caribbean,High income,SH.STA.BRTC.ZS,97.581764,95.89626,78.053635,93.57364,91.406624,100.0,106.0117,97.06986,97.202805,91.0,97.99999,95.42747,100.0,100.0,100.0,100.0,100.0,100.0,100.0,96.199875,96.300064,100.0,98.899994,98.6,99.8,99.00001,99.100006,96.81273,101.5108,100.37213,97.03132
Barbados,Latin America & Caribbean,High income,SL.IND.EMPL.ZS,25.621006,20.12,19.670002,19.07,18.86,19.57,18.57,19.72,20.87,21.410002,20.62,19.63,18.74,17.61,17.37,17.07,16.65,17.170002,17.62,17.92,18.84,18.55,18.53,18.96,19.430002,19.36,19.320002,19.34,19.170002,18.930002,28.803965
Belarus,Europe & Central Asia,Upper middle income,DT.TDS.DPPF.XP.ZS,3.439456,13.787119,8.430128,0.643911,4.1526356,3.3592422,1.6040902,1.7008157,1.9219611,3.3780549,3.6196673,2.977327,2.326375,1.9196264,1.621278,1.3625532,1.0919472,1.1837263,1.0029584,2.365169,2.209884,3.9492402,7.4233265,7.492275,9.222429,10.00148,9.997794,6.807262,10.305504,8.305243,9.479791
Belarus,Europe & Central Asia,Upper middle income,EG.ELC.ACCS.ZS,100.0,100.0,100.0,100.0,100.0,100.0,100.0,100.0,100.0,100.0,100.0,100.0,100.0,100.0,100.0,100.0,100.0,100.0,100.0,100.0,100.0,100.0,100.0,100.0,100.0,100.0,100.0,100.0,100.0,100.0,100.0
Belarus,Europe & Central Asia,Upper middle income,GFDD.AI.01,30306.229,28406.232,18297.863,49871.113,29586.807,48595.91,21444.861,15928.343,36220.11,33785.418,52115.445,34314.26,40273.766,25652.107,22366.273,32033.078,14225.835,13770.942,15525.662,38418.355,52247.758,28858.584,22469.607,18060.541,35956.008,17121.604,28874.836,26348.47,20462.201,39948.7,30657.582
Belarus,Europe & Central Asia,Upper middle income,GFDD.DI.04,94.25974,86.20408,96.67779,85.00987,101.24342,88.83032,50.748463,95.592476,101.89543,101.15111,89.94321,83.48592,80.94154,100.58666,96.477104,106.84725,90.469376,98.12002,106.66169,95.601166,94.7144,98.58721,99.15876,99.28654,98.38699,98.77393,98.79119,98.790634,99.141914,99.23248,99.40932
Belarus,Europe & Central Asia,Upper middle income,GFDD.DI.05,56.432365,63.182262,88.041534,99.76014,64.359276,74.11265,82.33848,66.48459,60.235806,66.199265,75.591255,50.603523,90.02866,68.1133,70.15917,75.14326,63.358364,20.664848,22.54037,24.88769,26.11179,32.85238,26.9957,26.96904,27.751019,33.70628,32.32192,33.14264,30.934479,31.241678,28.919859
Belarus,Europe & Central Asia,Upper middle income,GFDD.DI.06,17.309734,15.844994,21.742363,7.852958,10.908507,34.951088,16.802563,25.068377,12.193457,13.370917,6.52058,6.725559,20.398788,7.0730844,7.2478423,11.616123,9.690966,16.644068,7.193598,2.328644,3.1560242,0.7860665,0.3528331,0.3221304,0.75857097,0.6491838,0.6072966,0.57230204,0.3953229,0.34291708,0.2859832
Belarus,Europe & Central Asia,Upper middle income,GFDD.DI.11,14.315551,11.654492,10.273392,17.110207,13.98618,16.783121,20.225851,19.068438,14.682367,11.090281,11.092878,19.05189,10.714757,14.546225,10.817536,9.227449,21.599337,0.29273766,14.187645,1.3128592,21.600697,12.664416,22.097265,15.484427,24.330648,23.760578,2.96535,2.9900084,2.9114034,2.8834257,18.096304
Belarus,Europe & Central Asia,Upper middle income,GFDD.DM.11,6.698132,28.86951,9.679252,21.88026,-9.9443245,17.44978,26.879206,15.136548,19.41656,0.3788639,0.4626694,0.18859081,0.1062014,0.0813444,0.0380268,0.0695132,0.046264,0.1163979,0.0799971,0.0615745,0.1553329,0.1627205,0.112200595,0.121545106,0.1413472,0.2047657,0.094083495,0.0703512,0.1745764,0.22775911,0.26975352
Belarus,Europe & Central Asia,Upper middle income,GFDD.EI.08,11.631769,15.654922,18.396456,21.020008,11.917714,13.70244,6.0275865,19.032473,16.070456,17.899336,16.686506,8.392394,8.615543,8.459955,8.267554,7.9746614,10.7401495,11.077069,13.63935,15.26897,15.70789,17.58544,20.844019,23.37587,24.156908,28.332548,27.95316,24.49895,22.58609,20.12579,22.422338
Belarus,Europe & Central Asia,Upper middle income,GFDD.OI.02,44.39995,51.86393,61.221058,36.386177,32.062424,39.29469,34.929047,27.246002,31.980299,36.78516,37.680904,30.410374,47.384464,44.360992,37.815296,36.613853,54.24449,41.76338,51.61166,23.838402,25.24876,32.0841,26.09104,25.79155,26.55436,32.744076,31.364357,32.70935,30.454706,31.088318,29.19949
Belarus,Europe & Central Asia,Upper middle income,SH.STA.BRTC.ZS,99.9,99.9,99.9,99.9,99.9,99.9,99.9,99.9,99.9,99.9,99.9,99.9,99.9,99.9,99.9,100.0,99.9,99.9,99.9,99.9,99.9,99.8,100.0,99.8,99.8,97.418495,105.91354,104.794266,93.70543,99.62317,111.42719
Belarus,Europe & Central Asia,Upper middle income,SL.IND.EMPL.ZS,30.382477,36.88,36.46,35.900005,35.3,34.74,34.23,33.79,33.36,32.91,32.57,32.15,31.9,31.729998,31.69,31.67,31.76,31.84,32.0,31.969997,32.01,31.969997,31.800001,31.650002,31.489998,31.070002,31.530003,30.770002,30.63,30.38,35.084812
Belgium,Europe & Central Asia,High income,DT.TDS.DPPF.XP.ZS,5.4568357,11.9819355,12.379811,10.462865,10.695302,14.903162,15.76038,15.873674,1.6110209,15.517351,13.820791,13.081934,11.510806,15.802191,14.777768,9.185885,10.630165,7.167168,8.457483,-6.1922674,9.969956,11.136223,1.8990715,6.1881075,4.2858176,6.0398927,-9.319892,15.5080595,27.317451,4.1017203,9.864563
Belgium,Europe & Central Asia,High income,EG.ELC.ACCS.ZS,100.0,100.0,100.0,100.0,100.0,100.0,100.0,100.0,100.0,100.0,100.0,100.0,100.0,100.0,100.0,100.0,100.0,100.0,100.0,100.0,100.0,100.0,100.0,100.0,100.0,100.0,100.0,100.0,100.0,100.0,100.0
Belgium,Europe & Central Asia,High income,GFDD.AI.01,9747.908,10340.453,9695.948,14436.093,15673.742,12542.863,17884.154,4208.6704,5347.2637,13616.532,14967.038,12749.241,25476.383,15336.955,15914.316,25106.92,8020.5747,12963.028,12778.604,13427.778,14082.205,7487.4175,23701.67,10300.274,14517.685,13481.819,19043.11,9039.65,10973.032,13192.381,12592.517
Belgium,Europe & Central Asia,High income,GFDD.DI.04,96.84579,98.631424,99.351105,99.208786,99.34789,99.304085,99.28848,99.280556,89.1838,92.19011,100.47426,99.596596,99.709816,99.75528,99.75146,99.703964,99.73101,99.3145,99.109344,99.07565,98.80339,98.522446,98.31082,98.39117,98.591576,94.69462,88.92266,84.192314,83.32774,83.91519,79.43978
Belgium,Europe & Central Asia,High income,GFDD.DI.05,46.05135,46.157238,73.7013,78.21349,76.26587,77.197266,83.021034,84.66024,154.38997,160.5511,138.43365,92.79399,96.04144,101.4456,106.7421,110.6519,111.4765,113.8101,113.1639,114.35181,113.7746,111.343,115.0137,118.06301,121.43261,125.94791,123.415405,122.7514,126.538605,125.8869,142.5212
Belgium,Europe & Central Asia,High income,GFDD.DI.06,2.207911,0.93204796,0.9485402,1.16151,0.96786267,1.016358,1.052715,1.0409,0.50085104,7.1533146,5.2641196,0.4388371,0.29532748,0.2375533,0.2301058,0.2751276,0.2478841,0.61085093,0.74315625,0.7408947,0.9459162,1.179356,1.335405,1.266799,1.1481299,4.558424,10.15962,15.05719,16.31326,15.623151,22.82542
Belgium,Europe & Central Asia,High income,GFDD.DI.11,12.027856,12.58547,23.692694,25.962868,25.895723,27.524466,31.175001,35.450455,41.757336,43.54626,43.52261,45.075584,45.33421,50.133568,56.366577,61.11468,63.487293,64.20115,61.32055,68.155914,68.48023,68.00074,73.55565,72.52097,78.7324,76.2085,72.97838,70.13073,68.47578,74.984535,81.873184
Belgium,Europe & Central Asia,High income,GFDD.DM.11,115.38191,111.25403,47.45816,63.42255,68.87958,113.736595,72.78501,155.38911,76.624855,72.55024,72.85482,88.7021,95.52299,97.232506,98.02155,90.76277,96.748215,111.1897,103.068504,112.4544,102.8285,89.64553,90.75314,84.087685,75.842514,78.505165,75.51653,80.30531,70.959496,73.19505,88.30485
Belgium,Europe & Central Asia,High income,GFDD.EI.08,14.873899,16.276012,32.589153,20.362122,13.065857,34.37037,37.194393,29.862753,19.350565,35.414425,21.97371,42.04779,37.34412,34.3115,30.50876,29.069698,26.07462,20.05769,19.939268,20.73554,21.30307,23.217949,22.983381,21.067501,22.4812,20.72971,18.76976,16.47073,15.283369,13.416619,14.233749
Belgium,Europe & Central Asia,High income,GFDD.OI.02,39.547108,39.89582,67.766304,72.30561,71.000595,71.71033,77.39651,79.117256,99.4901,101.06482,105.02492,81.10958,82.81538,87.40114,91.24317,93.97816,94.80335,92.552795,93.050896,97.208145,98.45267,97.947685,100.4309,103.2137,106.5811,110.0686,110.0422,109.0978,111.95039,112.8722,126.78771
Belgium,Europe & Central Asia,High income,SH.STA.BRTC.ZS,96.50212,82.14554,87.69876,90.74843,93.82385,86.532,95.045166,95.13625,95.87899,99.3,91.05138,91.80668,97.50692,93.0864,98.087074,90.17777,93.84059,93.2552,96.005035,91.47806,95.14216,97.994705,95.98335,104.26193,93.966896,97.64544,94.94906,92.68617,104.25602,91.46241,97.52141
Belgium,Europe & Central Asia,High income,SL.IND.EMPL.ZS,24.614887,31.21,30.63,29.46,28.88,28.25,27.63,27.55,27.25,25.77,25.81,25.49,25.780003,24.92,24.94,24.690002,24.690002,24.430002,24.670002,23.47,23.38,23.23,21.76,21.7,21.39,21.430002,21.26,20.76,21.060001,20.84,32.970745
Belize,Latin America & Caribbean,Upper middle income,DT.TDS.DPPF.XP.ZS,7.014031,6.1954536,5.425058,5.991586,8.522011,11.745515,12.181856,10.281246,12.027792,10.907308,17.141762,21.810013,38.67916,29.073383,61.516006,36.8493,17.586847,78.95392,11.603982,13.119522,11.572961,9.349303,9.281685,10.800729,6.89346,7.3976684,8.696272,8.28677,7.919008,8.443409,10.453714
Belize,Latin America & Caribbean,Upper middle income,EG.ELC.ACCS.ZS,88.866035,67.0,72.224915,73.12333,74.020386,74.9154,75.80769,76.69659,77.581406,78.46138,79.0,80.19696,81.02942,81.856636,82.68098,83.504776,90.98853,85.16064,85.99806,86.84543,89.91722,91.68173,90.99592,91.186104,91.36426,91.8,93.22231,94.18901,91.72,92.72,97.113335
Belize,Latin America & Caribbean,Upper middle income,GFDD.AI.01,3386.598,-333.4251,2415.208,6656.2085,6824.462,6048.615,7203.1157,5409.501,11938.943,7852.568,4527.1934,3978.3767,4183.291,7930.0264,571.94476,761.45654,839.1421,937.833,1045.0204,942.85815,968.0726,685.341,678.0836,720.59393,692.39484,631.9498,730.28467,674.35785,650.7836,714.3622,760.3883
Belize,Latin America & Caribbean,Upper middle income,GFDD.DI.04,98.60603,94.55779,93.25207,87.6158,87.10066,85.98183,82.297874,87.063896,87.72885,91.48255,92.5349,91.772644,93.74737,86.64875,88.06239,87.592804,85.825226,87.37827,89.39302,91.492676,92.212524,90.69306,91.49022,91.69091,92.257935,88.722244,84.66367,84.74863,86.03555,83.94191,81.72963
Belize,Latin America & Caribbean,Upper middle income,GFDD.DI.05,40.1366,40.94659,39.69645,37.94872,39.64149,43.88611,45.64958,49.91095,50.18771,54.63257,54.08442,56.88237,54.74237,54.58051,57.679222,58.588257,62.189964,68.64229,73.96202,80.539635,75.90806,75.341965,80.225815,78.401794,80.12958,83.46701,82.44104,79.07785,78.744194,79.630066,103.55221
Belize,Latin America & Caribbean,Upper middle income,GFDD.DI.06,0.56056195,2.468066,3.02949,5.494248,5.8466387,6.612615,8.730497,6.893399,6.889335,4.622766,3.766799,4.482081,3.4204528,8.433268,7.8646317,8.245638,9.633742,9.263356,8.005626,6.798565,5.859126,6.7012362,6.010005,5.779326,5.247394,8.008322,11.3074,11.23131,10.39066,12.27666,17.390581
Belize,Latin America & Caribbean,Upper middle income,GFDD.DI.11,12.6754,13.828123,12.94919,7.4856772,16.86972,19.963552,11.999944,7.359462,9.160283,11.727464,11.879995,11.282136,18.251127,5.9927745,10.486675,14.75096,18.316795,10.5007105,10.825575,16.29301,17.813335,4.488749,6.1405015,-0.78684115,18.59711,16.258434,26.337109,17.845808,7.1258116,15.882184,13.554297
Belize,Latin America & Caribbean,Upper middle income,GFDD.DM.11,44.00159,36.366062,64.574005,66.187645,17.735401,47.93115,54.64502,29.27306,24.366436,43.95342,57.782063,61.04269,56.036514,27.261122,65.831505,60.18688,65.53141,38.229244,53.974834,42.961914,24.352262,44.36857,59.136448,69.083855,69.6279,43.916935,43.990997,60.14995,12.275794,39.492157,65.82419
Belize,Latin America & Caribbean,Upper middle income,GFDD.EI.08,7.092444,5.656584,5.97398,4.398345,4.593418,5.3704777,3.3228152,5.127964,4.93329,5.9014044,5.8476276,5.801598,3.9116793,3.2310672,4.4907703,4.586533,2.9069,3.170966,3.991295,4.501973,6.22203,5.811849,6.2563543,6.1085334,5.424486,4.678367,6.7109733,8.54288,10.42875,9.966114,12.40162
Belize,Latin America & Caribbean,Upper middle income,GFDD.OI.02,34.48997,35.40064,34.690548,33.063457,34.703407,38.87531,40.590126,44.780388,45.04977,47.374046,47.99564,50.8513,49.015926,49.31928,52.19301,53.258907,56.497215,62.22898,67.06809,74.59431,70.180374,69.48018,73.887276,71.69941,73.011765,75.010414,73.74876,70.329636,69.99001,71.22198,90.88321
Belize,Latin America & Caribbean,Upper middle income,SH.STA.BRTC.ZS,97.78531,76.899994,103.17769,94.56106,97.01278,79.0,97.457115,100.6745,79.0,83.799995,100.0,102.953964,97.0,97.10584,87.799995,89.3,95.8,90.7,94.899994,93.5,93.99999,96.2,90.86946,94.2,101.706245,89.0,96.8,93.99999,106.22632,96.12294,113.74397
Belize,Latin America & Caribbean,Upper middle income,SL.IND.EMPL.ZS,18.724443,20.11,19.930002,19.97,19.53,17.81,16.96,18.25,17.99,16.98,17.39,17.44,17.52,17.6,17.74,17.88,17.65,17.29,17.14,16.74,16.41,16.18,15.960001,15.770001,15.610001,15.42,15.71,15.700001,15.59,15.59,21.992548
Benin,Sub-Saharan Africa,Lower middle income,DT.TDS.DPPF.XP.ZS,8.91023,5.1060557,4.818828,5.222766,6.860437,7.2472935,6.161384,8.445157,9.22839,10.381095,12.94876,8.291614,8.686294,6.620173,4.9371247,5.874008,4.137591,2.1452336,1.5869001,2.9339185,2.2841988,2.4405372,2.877175,3.1093848,2.4801733,2.745561,2.9768345,3.010988,5.8407536,13.866765,4.7171345
Benin,Sub-Saharan Africa,Lower middle income,EG.ELC.ACCS.ZS,47.293633,33.56806,44.481678,35.56188,38.809162,40.83078,14.499999,18.589624,19.578255,20.56204,21.531084,21.9,23.415928,24.349323,25.27983,26.209805,27.899998,28.078014,29.021614,29.97515,34.2,36.9,38.4,34.69122,34.099995,29.62,37.095245,34.5,39.246918,40.32869,41.410957
Benin,Sub-Saharan Africa,Lower middle income,GFDD.AI.01,-1626.8665,-1837.1895,3015.4868,3719.2573,8061.524,1180.7749,2538.9768,-669.06866,6396.893,3257.4128,2040.8242,7316.618,5443.4673,5172.5767,46.713696,60.252205,59.99466,52.513786,77.36602,95.18838,110.917534,124.02385,134.03998,148.5426,162.25221,168.26407,182.62192,205.05106,237.05368,289.3159,322.96646
Benin,Sub-Saharan Africa,Lower middle income,GFDD.DI.04,79.211205,75.99036,72.51933,76.356964,80.823044,74.27617,77.46668,65.512314,71.57102,78.052475,80.6321,82.97392,85.585175,89.64495,90.708405,92.75204,99.29527,99.26912,98.279144,94.31998,93.91919,93.14261,92.42708,92.88351,93.53838,94.53963,95.52971,95.47689,95.47956,95.16484,89.4045
Benin,Sub-Saharan Africa,Lower middle income,GFDD.DI.05,25.11555,26.46792,29.622158,26.49092,28.44141,22.873661,23.18015,22.1286,19.50702,16.8263,19.18933,20.072529,17.30096,17.873539,15.397909,17.757648,19.75495,22.233809,25.204739,25.95146,26.98009,27.32708,25.719318,27.76973,30.85405,32.26706,29.77518,28.576868,27.883999,27.77432,30.502357
Benin,Sub-Saharan Africa,Lower middle income,GFDD.DI.06,5.739,5.264925,4.834322,3.5993001,3.192573,3.871128,3.529241,4.160307,3.5885317,2.329559,2.112235,1.903883,1.565345,1.350358,1.168841,0.9808397,0.092962004,0.1192181,0.3358162,1.205006,1.349523,1.651977,1.732808,1.649942,1.554917,1.369151,1.167158,1.244602,1.263612,1.3092121,2.9728649
Benin,Sub-Saharan Africa,Lower middle income,GFDD.DI.11,7.370557,3.6477287,7.567368,4.0546985,2.4134488,2.0333993,5.6705837,-0.18822175,9.731368,-4.771524,-3.8192103,4.5953636,6.1452813,1.1052794,1.1944128,1.30947,1.2565037,1.4369118,1.285172,1.4165683,1.5351734,1.5511783,1.5284107,1.5180026,1.5510675,1.5745419,1.6388109,1.6177267,1.5393294,1.6884024,5.546543
Benin,Sub-Saharan Africa,Lower middle income,GFDD.DM.11,17.63445,29.421436,14.629073,92.91992,27.625156,17.30536,25.91827,11.106223,6.71031,2.166904,1.829798,1.684811,1.947558,1.7586119,1.7792449,1.491843,1.439571,2.234463,1.327271,2.047855,4.035896,5.7481,7.7351117,9.535797,8.65609,13.60956,9.227218,15.020289,8.830556,13.11104,14.207996
Benin,Sub-Saharan Africa,Lower middle income,GFDD.EI.08,2.004541,0.9363282,0.7923734,0.81194746,3.6605659,2.743365,2.6747062,1.820178,1.551987,1.142339,1.0321909,2.0118191,1.507455,2.1595922,1.86946,1.6336541,1.8319911,2.9357932,4.470957,4.588809,4.84312,5.391041,4.849329,4.980235,6.046773,7.409131,7.546918,9.753647,10.00155,8.20487,9.592109
Benin,Sub-Saharan Africa,Lower middle income,GFDD.OI.02,16.49084,17.66937,20.31505,22.33795,19.436201,17.8936,16.9908,15.644991,14.27106,9.475783,10.4501505,11.320451,11.15497,11.46623,11.15234,11.85633,12.600981,15.78373,16.681469,18.330801,19.40891,19.66478,18.61976,19.46883,21.17295,23.09321,22.157,21.33444,21.30742,21.01539,22.57111
Benin,Sub-Saharan Africa,Lower middle income,SH.STA.BRTC.ZS,90.39585,85.8682,91.36944,86.45158,97.71299,91.10847,59.8,88.93668,91.12624,90.58299,91.79177,65.5,93.51357,89.95687,92.595,75.0,74.0,88.39021,87.95973,90.70064,87.2464,83.00731,80.9,90.32668,77.2,86.26422,89.1679,80.47502,78.1,81.39035,96.967804
Benin,Sub-Saharan Africa,Lower middle income,SL.IND.EMPL.ZS,18.918957,20.12,20.09,20.01,20.4,20.280003,20.24,20.18,20.060001,20.01,19.91,19.800001,19.710001,19.6,19.44,19.37,19.24,19.05,18.86,18.76,18.65,18.55,18.46,18.44,18.39,18.430002,18.28,18.28,18.28,18.31,21.379227
Bermuda,North America,High income,DT.TDS.DPPF.XP.ZS,29.288317,14.24967,31.025856,32.30187,16.761023,14.490349,9.735374,10.57057,19.73489,19.037832,24.042984,15.527446,22.204922,22.565609,19.866316,11.913485,5.5743985,7.3593554,9.703374,8.682466,11.900155,13.600363,10.808391,12.573259,11.656045,24.619133,12.335315,8.410092,16.66972,18.772614,17.102125
Bermuda,North America,High income,EG.ELC.ACCS.ZS,100.0,100.0,100.0,100.0,100.0,100.0,100.0,100.0,100.0,100.0,100.0,100.0,100.0,100.0,100.0,100.0,100.0,100.0,100.0,100.0,100.0,100.0,100.0,100.0,100.0,100.0,100.0,100.0,100.0,100.0,100.0
Bermuda,North America,High income,GFDD.AI.01,3442.1956,-21034.977,12562.681,2239.1135,11671.347,2242.353,6553.2974,8079.438,7292.7715,7779.784,3395.94,4636.1797,5687.4634,8292.922,7121.943,1778.1711,7281.5312,8216.264,28031.018,8554.561,-5321.8354,6731.052,2072.334,7428.632,5819.137,6851.503,8708.915,7076.8354,936.81085,2189.2842,7690.9727
Bermuda,North America,High income,GFDD.DI.04,52.97182,55.40023,22.351486,50.847103,37.620415,52.951595,53.705757,57.6192,48.461414,41.248367,20.943235,41.95243,51.74839,39.99924,45.55414,55.976486,32.579132,50.067844,54.562935,39.777405,48.515465,31.967764,51.0419,53.013046,63.70249,69.45173,61.246506,67.206085,49.303333,67.17467,40.6332
Bermuda,North America,High income,GFDD.DI.05,184.15137,144.69894,125.72383,172.54234,103.73076,100.53801,198.50026,155.42183,127.85895,118.34847,170.8721,154.62663,114.09391,110.6653,192.83597,139.08365,115.95211,142.29527,169.97516,165.66783,163.09055,153.13766,138.4586,150.6084,137.95407,153.0638,127.08976,145.03528,279.87167,167.94312,170.55017
Bermuda,North America,High income,GFDD.DI.06,1.3810596,8.707559,6.148389,5.6553035,3.0951347,6.655833,3.2338371,7.568858,7.2348638,6.4068317,0.3940807,8.4450445,4.339537,5.7790875,-4.3520184,3.2749767,4.785628,5.697894,4.1169176,7.702556,6.512076,5.8001876,3.7956297,12.355562,6.3770943,1.1917539,7.2059307,6.2511244,7.416889,12.138073,2.2840364
Bermuda,North America,High income,GFDD.DI.11,46.081635,56.748436,36.89788,34.267136,55.742393,18.77756,45.653942,37.19591,33.197433,57.232594,17.286488,30.448275,33.48418,50.949512,26.211403,38.661217,41.32165,49.93601,41.51362,35.792908,49.44697,36.49883,52.83228,36.520164,57.94519,50.772736,44.19937,49.101715,55.784176,45.548088,50.91476
Bermuda,North America,High income,GFDD.DM.11,129.3318,86.99189,126.40998,33.344925,79.65581,102.482475,124.77069,111.57786,75.58942,128.27527,86.14894,57.898277,96.306244,69.253204,112.812294,189.04834,119.92123,141.974,100.76552,129.5278,150.23003,212.00117,138.408,80.06913,124.06879,48.18768,105.12514,81.167,144.2509,129.25146,129.15071
Bermuda,North America,High income,GFDD.EI.08,1.6754502,3.4254751,3.4008522,4.0711317,10.463876,5.5897365,4.7912745,3.306805,5.0871453,8.795501,7.5600195,1.6315155,6.5719986,4.8277516,8.57731,6.8150787,5.137432,4.3348937,2.9608915,8.643224,6.4887238,6.027953,5.1964793,7.209473,6.0112224,4.604414,6.350432,8.495966,9.242551,7.8904066,2.6553304
Bermuda,North America,High income,GFDD.OI.02,40.867954,52.153114,25.441511,37.603165,46.775764,40.19542,33.03696,36.381847,40.729324,33.291386,34.61887,45.109413,33.933487,36.746105,35.97403,44.840897,39.819057,34.17279,41.74389,45.956093,53.638596,47.062256,38.888287,41.201515,55.56311,30.25271,46.476734,57.136917,40.330597,51.16119,57.373676
Bermuda,North America,High income,SH.STA.BRTC.ZS,82.964874,85.39728,82.48679,94.67608,96.29768,86.339264,92.31468,95.22422,97.29443,85.15561,87.89696,93.44322,92.16778,84.909935,87.85119,90.8119,88.19851,85.55095,91.21641,97.80008,93.00933,102.90522,91.90336,99.25065,92.28665,100.59717,91.765854,88.34646,90.60082,96.12016,90.58352
Bermuda,North America,High income,SL.IND.EMPL.ZS,10.743123,14.454087,12.897808,10.517933,12.680667,12.889319,15.739349,8.37035,11.789011,10.722997,11.366923,11.352708,9.11949,11.604338,13.9072075,12.005517,13.823264,4.139854,13.205838,12.266753,11.525436,12.0891,11.965362,10.815304,10.710893,10.135726,12.897522,9.98042,14.429245,12.036061,18.335577
Bhutan,South Asia,Lower middle income,DT.TDS.DPPF.XP.ZS,18.486366,10.798201,14.527014,12.754072,11.898052,12.935696,13.009923,14.358432,19.043646,15.85186,12.018442,26.636404,16.127918,13.790962,16.50639,8.692921,2.5303655,4.69506,11.85071,12.684489,14.404954,11.190278,17.781137,11.007023,11.83565,17.028473,11.374245,10.1204815,10.330206,6.6771097,5.732235
Bhutan,South Asia,Lower middle income,EG.ELC.ACCS.ZS,83.870316,99.28702,92.71047,85.78299,67.8488,94.12923,86.22174,71.44808,84.50556,87.66973,31.15,40.04513,43.978878,41.1,51.83301,59.808113,59.68505,71.8,67.55525,71.5039,73.28291,81.76709,91.5,87.45114,91.48351,95.530716,99.5898,97.7,99.974365,100.0,100.0
Bhutan,South Asia,Lower middle income,GFDD.AI.01,13040.323,-1702.6504,5030.7334,12071.852,9364.563,9015.71,6520.76,7291.189,6441.9243,8902.006,6933.5366,17468.49,15705.239,11481.009,9931.419,7562.866,6170.812,12905.243,6510.4585,8740.178,2462.113,11656.357,24794.822,11511.556,9285.555,10625.788,9232.876,7423.4854,6548.0513,14126.402,10243.457
Bhutan,South Asia,Lower middle income,GFDD.DI.04,97.19236,88.61409,89.34971,94.58247,81.30502,96.25973,89.285065,97.653114,87.53587,93.79304,90.33074,99.932594,96.99786,98.93375,99.55048,98.77773,99.901535,99.91243,99.905334,99.92576,99.93042,99.949615,96.35905,99.97342,99.969696,99.941185,99.93329,99.91544,99.394775,99.97595,99.98347
Bhutan,South Asia,Lower middle income,GFDD.DI.05,21.41796,25.57972,25.48828,28.182991,29.482872,34.489147,32.9243,43.984657,42.74722,49.23479,52.08484,49.209106,53.721237,49.2104,53.66944,52.83538,52.93232,49.075447,66.27062,74.578636,73.41113,65.40162,60.285465,57.85009,64.40611,60.587074,66.313644,70.73484,71.869255,75.72215,100.8737
Bhutan,South Asia,Lower middle income,GFDD.DI.06,6.3456645,5.740514,-0.13722527,1.06956,0.006533616,0.53079826,3.5561154,0.3987305,3.9662635,3.6695416,1.6239512,0.0086448,0.50628287,0.2053671,0.121907204,0.2858488,0.0250119,0.0237479,0.0314515,0.0286741,0.0319632,0.0258804,2.015387,0.013594201,0.015244,0.0320374,0.0366867,0.0518921,0.40118542,0.0165053,0.012938301
Bhutan,South Asia,Lower middle income,GFDD.DI.11,-10.767462,25.69327,43.50016,18.72658,42.844215,54.073746,39.50919,25.73906,33.3757,42.68054,29.329245,47.977684,38.247425,18.274452,19.56636,41.104794,53.894955,38.624752,40.041065,52.801903,59.187,39.970844,60.8716,57.17079,29.740551,61.474102,33.941776,51.93531,53.81255,59.18175,43.054764
Bhutan,South Asia,Lower middle income,GFDD.DM.11,61.23124,38.013508,66.124054,51.580414,31.560492,74.665794,28.762665,47.783577,17.086712,62.049065,26.74076,58.522587,69.852646,87.60531,66.463524,96.22961,9.395507,94.67219,78.70985,71.611694,29.799925,68.381775,37.1875,36.20107,69.20053,61.49245,93.1059,170.87497,50.50263,52.863857,97.41637
Bhutan,South Asia,Lower middle income,GFDD.EI.08,1.168796,1.2554481,12.90516,11.879389,7.342769,5.953158,5.647283,5.383993,3.243315,2.5493238,2.0735521,2.900772,10.36633,6.3665233,12.313109,5.468589,4.039426,4.182076,2.908309,5.6933413,3.7770922,3.682682,7.000877,4.580849,5.636981,8.432863,7.2095304,10.5189,7.9994016,4.423274,6.363952
Bhutan,South Asia,Lower middle income,GFDD.OI.02,17.56439,21.07825,19.94735,23.324251,25.20193,29.897747,28.99415,38.34771,37.62254,43.598038,45.42915,41.816208,47.21115,42.804787,46.97014,45.99398,45.96294,42.386818,44.457207,66.239975,65.48669,57.0659,54.76389,52.594658,59.533028,55.46214,60.57853,65.23962,66.3863,69.59005,94.09809
Bhutan,South Asia,Lower middle income,SH.STA.BRTC.ZS,89.66985,101.81034,94.8802,95.30546,12.0,92.820366,92.92199,92.23119,90.40577,89.37293,27.3,92.94855,89.49551,56.1,91.564476,52.3,57.099995,71.4,66.299995,66.0,64.5,70.0,81.0,89.0,89.0,89.0,89.0,97.200005,96.2,101.096695,96.06121
Bhutan,South Asia,Lower middle income,SL.IND.EMPL.ZS,10.3101,5.85,5.9,5.91,5.96,6.02,6.08,6.12,6.18,6.35,6.62,6.95,7.27,7.38,7.5400004,7.6400003,7.5500007,7.25,6.83,6.67,6.63,9.2,9.910001,10.96,10.83,9.650001,9.94,10.21,10.22,10.150001,10.269301
Bolivia,Latin America & Caribbean,Lower middle income,DT.TDS.DPPF.XP.ZS,34.170734,29.735739,34.343178,34.382492,25.732483,25.75135,25.608751,23.776648,25.96246,18.55356,18.209047,16.397844,14.40157,14.196996,10.915137,9.775656,6.9009566,5.3754945,6.4488335,4.7488275,4.356918,2.4998062,3.570367,2.2065923,2.6308846,5.2460613,5.529781,5.951079,6.389152,7.546759,10.733656
Bolivia,Latin America & Caribbean,Lower middle income,EG.ELC.ACCS.ZS,73.911545,72.4817,60.0279,61.38403,64.1,64.09153,71.0,67.33044,71.2,70.929886,69.96304,69.25854,63.99686,72.3,75.945305,68.28821,76.21128,80.15657,84.67499,86.765594,87.886314,88.335945,90.387375,89.505684,90.03873,91.52282,91.8,91.8,92.8,95.08,97.55412
Bolivia,Latin America & Caribbean,Lower middle income,GFDD.AI.01,26143.492,13889.191,13272.338,8374.788,14835.082,11449.818,12481.416,10333.855,16705.326,16766.377,10334.368,10535.446,11151.371,13721.382,7631.8823,13628.737,8721.118,11749.732,8198.9375,11269.926,6959.672,10037.306,7611.875,599.94165,5011.691,12199.043,9931.398,10016.263,11610.385,3966.7341,9409.913
Bolivia,Latin America & Caribbean,Lower middle income,GFDD.DI.04,40.76212,45.882313,51.89217,66.853165,70.15092,78.39132,84.23229,88.1844,89.72296,88.57185,87.003624,84.78358,82.43694,81.240486,80.41053,80.28783,84.826775,85.17491,81.52901,82.208694,83.50028,82.157425,80.32726,79.67362,79.411835,79.17454,77.93884,76.83339,76.91054,75.84464,70.96565
Bolivia,Latin America & Caribbean,Lower middle income,GFDD.DI.05,24.474298,29.77766,34.801037,41.87865,46.03814,42.49232,51.0279,54.71792,55.19878,55.40371,52.17691,59.42245,54.10163,56.24498,46.34829,47.01136,48.19773,54.907898,57.52284,50.06073,50.09258,51.436558,56.96539,60.425957,64.96421,74.62669,71.61722,71.018394,69.79648,67.93766,106.0122
Bolivia,Latin America & Caribbean,Lower middle income,GFDD.DI.06,34.96051,33.85614,34.14555,22.62276,21.41193,13.77881,10.68295,8.350082,7.68873,8.567149,9.117255,10.27693,11.7303295,11.97633,11.5253,10.63591,6.783144,6.323413,7.407983,7.8320932,7.430601,8.109642,9.700411,10.65068,11.5618305,13.75507,16.50117,17.90823,18.9793,21.40009,33.59229
Bolivia,Latin America & Caribbean,Lower middle income,GFDD.DI.11,6.7391205,2.1201022,1.784689,8.130622,3.2233667,7.6875796,-5.744542,4.047285,-10.567566,6.8304076,10.192962,3.6837475,4.772563,4.831801,4.757698,4.8377237,4.194106,3.9217086,3.7387183,3.9047296,3.513458,3.1135304,2.8562593,2.6546485,2.612873,2.8945277,2.9645948,2.7643993,2.6392949,2.7377744,5.065381
Bolivia,Latin America & Caribbean,Lower middle income,GFDD.DM.11,1.8325375,26.66538,28.880123,8.266242,30.717894,22.531473,8.196789,20.348415,9.312529,8.669334,7.893562,8.42472,10.58746,4.929724,4.9447417,6.149675,4.9088163,3.69532,3.501461,5.107389,3.875117,2.275635,3.192327,5.4605284,11.09657,13.2451,12.94214,11.27822,9.242919,7.799008,7.0292172
Bolivia,Latin America & Caribbean,Lower middle income,GFDD.EI.08,0.0310818,0.043905202,0.5269372,0.129196,0.3853621,1.7843921,4.337477,4.050117,3.078673,1.953338,2.319597,3.8982012,4.319273,4.203778,4.8819027,3.716905,2.746825,1.9859761,1.205466,2.171691,1.580801,0.59146327,0.6446638,0.82067496,0.84913504,0.84726375,0.8897776,0.7780208,0.5934172,1.355336,1.809741
Bolivia,Latin America & Caribbean,Lower middle income,GFDD.OI.02,17.48155,23.08839,28.187061,35.33014,34.86575,34.454166,44.230747,47.97299,48.6535,48.51228,46.142845,52.514767,47.15683,48.52057,38.01778,37.36742,35.54765,38.20628,38.832848,47.13047,44.70842,44.63985,47.92658,49.596237,54.0853,65.156136,65.48407,65.9612,65.63573,65.005104,80.59242
Bolivia,Latin America & Caribbean,Lower middle income,SH.STA.BRTC.ZS,91.8596,98.939835,92.366776,96.38503,47.2,90.82843,90.64461,99.63336,59.299995,95.482765,67.3,90.11982,65.1,60.8,60.8,88.945526,93.80173,96.297035,71.1,104.767136,89.8197,84.0,84.799995,73.5,78.71062,72.799995,89.799995,99.5,71.5,94.875084,100.4767
Bolivia,Latin America & Caribbean,Lower middle income,SL.IND.EMPL.ZS,21.789455,19.16,19.09,19.040003,18.99,18.99,18.88,18.64,18.85,18.91,18.62,15.69,17.75,20.51,20.51,19.39,17.46,19.670002,20.1,20.710001,20.74,20.94,20.6,19.83,20.63,22.53,20.79,20.03,19.48,19.41,20.205147
Bosnia and Herzegovina,Europe & Central Asia,Upper middle income,DT.TDS.DPPF.XP.ZS,9.300165,13.032496,5.9313855,5.718246,3.9244761,12.158933,5.328746,11.914569,12.109496,8.041845,12.674193,11.979001,5.935028,5.223929,4.1162286,3.5847533,3.3413558,3.1480982,2.7053213,3.2868872,3.6289988,3.6858897,4.452703,7.053,7.7322745,7.282814,6.4709644,7.4196124,6.8138065,6.0583677,6.201608
Bosnia and Herzegovina,Europe & Central Asia,Upper middle income,EG.ELC.ACCS.ZS,100.0,100.0,100.0,100.0,100.0,100.0,100.0,100.0,100.0,100.0,100.0,99.4,98.5,100.0,100.0,100.0,99.387276,99.7,100.0,100.0,100.0,99.70579,100.0,99.5,100.0,99.7,100.0,100.0,100.0,100.0,100.0
Bosnia and Herzegovina,Europe & Central Asia,Upper middle income,GFDD.AI.01,22200.805,9552.971,12935.785,12708.037,11754.845,10242.366,-7861.4307,8785.524,8380.822,9058.576,17200.648,6796.7363,16637.848,11166.69,11657.222,7800.157,9017.27,9519.922,9489.632,9061.594,517.03925,11302.447,537.3671,8611.648,11159.974,10506.698,10374.553,14100.363,7745.5557,7916.131,9295.9795
Bosnia and Herzegovina,Europe & Central Asia,Upper middle income,GFDD.DI.04,101.21028,114.57751,79.948074,99.16397,102.39795,99.15465,81.38598,101.71992,97.4475,94.51623,91.94005,101.92531,99.99988,99.98393,99.97567,99.979034,99.97952,99.98439,99.988235,99.98956,99.99065,99.99182,99.993,99.98885,99.99548,99.9965,99.99665,99.99736,99.997696,99.998215,99.99813
Bosnia and Herzegovina,Europe & Central Asia,Upper middle income,GFDD.DI.05,47.28071,70.46163,65.8169,88.14663,72.79151,70.64768,70.99838,23.47792,25.17838,27.03645,21.89266,38.77815,38.46235,39.99527,45.08358,48.50122,37.85415,41.49902,37.868137,40.62085,42.70626,43.1019,44.7509,47.38668,49.74284,51.41464,52.950428,55.522926,56.63028,58.563873,63.76482
Bosnia and Herzegovina,Europe & Central Asia,Upper middle income,GFDD.DI.06,5.064516,9.053016,6.0607805,10.617469,5.572881,7.1629033,6.3467917,11.4097395,7.275792,4.283775,4.9986877,11.80347,3.5600002e-05,0.0055867,0.0090127,0.0089601,0.0097549,0.00846,0.0068289,0.0060459,0.0055046,0.0047379,0.0042622,0.0068732,0.0028444002,0.0021807998,0.0020664001,0.0016506001,0.0014208,0.001115,0.0012041
Bosnia and Herzegovina,Europe & Central Asia,Upper middle income,GFDD.DI.11,6.490154,12.872116,5.3960514,8.951187,9.880313,18.230354,15.332293,4.180197,5.1519184,4.40047,12.8880415,8.206737,12.1256275,7.107534,16.721992,9.272857,4.0583897,4.333848,3.983098,4.33171,4.259775,4.440884,4.757708,4.9714785,5.311654,5.4555845,5.6158843,5.472294,5.43893,5.572908,5.581166
Bosnia and Herzegovina,Europe & Central Asia,Upper middle income,GFDD.DM.11,20.276337,21.15155,29.149319,55.689205,38.284546,29.259329,26.909416,11.338138,22.05682,12.302036,12.133723,42.039795,34.9835,31.41222,0.0857258,0.0737326,0.1221611,0.1370709,0.1664803,1.2753929,1.727088,1.4878321,1.7379221,1.9746871,1.799009,1.886804,2.022945,2.4420152,2.835542,3.299994,3.612266
Bosnia and Herzegovina,Europe & Central Asia,Upper middle income,GFDD.EI.08,4.5876236,6.175544,5.17125,5.0316267,3.8426082,8.255322,5.562967,2.0777102,1.543091,0.4210098,0.2806232,0.259651,0.4338386,0.3097025,0.2851768,0.2837339,1.5858489,1.768872,2.0452912,2.514848,3.219698,4.8220367,6.205194,6.837674,8.399793,8.958512,8.542915,8.2966385,8.0997715,8.673024,10.3859
Bosnia and Herzegovina,Europe & Central Asia,Upper middle income,GFDD.OI.02,52.075863,64.998825,45.65699,62.759,64.48973,35.738365,43.216816,2.105372,2.022913,6.5806537,6.1785583,20.09061,21.07493,23.81002,28.997898,32.69999,37.1918,40.90617,36.138756,39.57167,41.38202,45.898888,47.599358,50.545387,52.695,54.35708,55.992928,58.61788,60.06128,61.8373,67.06705
Bosnia and Herzegovina,Europe & Central Asia,Upper middle income,SH.STA.BRTC.ZS,97.0,97.4,95.72676,99.31097,97.471306,96.70363,98.899994,98.7,99.3,99.6,98.899994,99.9,99.9,99.9,99.9,99.9,99.4,99.9,99.9,99.9,99.9,99.9,99.9,107.100555,99.9,99.9,99.9,99.9,99.9,104.33857,98.25143
Bosnia and Herzegovina,Europe & Central Asia,Upper middle income,SL.IND.EMPL.ZS,34.914623,27.61,27.520002,27.49,27.64,27.92,28.66,29.19,29.72,29.729998,29.879997,29.75,29.84,29.930002,30.0,30.350002,30.770002,32.59,32.47,31.489998,30.870003,28.89,30.36,29.82,30.0,30.63,31.28,31.7,32.13,31.71,39.83405
Botswana,Sub-Saharan Africa,Upper middle income,DT.TDS.DPPF.XP.ZS,4.3404174,3.4381034,3.8974967,3.6100008,4.0029035,3.14062,5.23308,2.7874424,2.5814226,2.1428864,2.001796,1.6898115,1.9284811,1.2117485,1.0180576,0.91388106,0.94409996,0.7158544,1.159928,1.0101063,1.3313426,0.97840255,0.82012385,2.0410545,0.5833342,2.1070733,1.892565,2.4168265,2.2542214,2.7962654,3.5017588
Botswana,Sub-Saharan Africa,Upper middle income,EG.ELC.ACCS.ZS,40.329247,10.099999,9.398227,11.6420765,13.884566,16.125015,18.362745,20.597078,22.82733,25.05274,26.40898,24.8,27.0,33.083107,35.29891,37.51418,39.73132,41.95298,44.5,43.36,52.017776,53.24,56.018814,57.99192,59.953,62.13,64.17506,67.4,68.22926,69.95974,71.99476
Botswana,Sub-Saharan Africa,Upper middle income,GFDD.AI.01,8551.896,3204.073,5389.916,-2120.9656,3977.2554,4189.277,6026.5454,6169.5527,9382.969,8086.964,8643.681,11409.632,10350.221,7436.776,361.71057,360.26697,353.64835,395.4002,442.08694,509.52075,510.29797,478.81253,591.96704,645.91956,671.52936,664.6815,636.29407,696.33514,750.3491,777.7218,815.3145
Botswana,Sub-Saharan Africa,Upper middle income,GFDD.DI.04,95.77579,73.13863,82.725494,90.09391,70.86452,89.11772,95.89473,99.03669,91.73284,87.45435,88.899086,99.59032,99.59937,98.68067,98.55596,98.74339,98.851425,99.03149,99.47955,99.45328,99.500656,99.69499,99.768074,99.820465,99.8493,99.854675,99.85763,99.85725,99.83352,99.800835,99.78565
Botswana,Sub-Saharan Africa,Upper middle income,GFDD.DI.05,21.92021,27.45639,28.332169,21.03786,20.92185,20.47826,19.79454,22.389679,28.26305,28.50095,24.81621,31.025518,28.7635,31.320087,31.547789,28.91228,41.56482,47.9887,52.24683,52.70282,49.3396,42.63999,44.81366,42.65789,39.74025,48.67065,42.90891,43.53278,45.497902,47.49757,52.02023
Botswana,Sub-Saharan Africa,Upper middle income,GFDD.DI.06,4.430761,6.470083,3.3040476,4.053154,4.507471,-10.1777,3.1139724,5.0301147,6.6980653,6.1531363,4.021952,0.0739369,0.0823382,0.3004799,0.34918112,0.26267588,0.245871,0.22585881,0.1530856,0.1700326,0.14179079,0.09129371,0.0793389,0.061961498,0.052520003,0.055482402,0.050012797,0.052783,0.0622403,0.0782665,0.093757205
Botswana,Sub-Saharan Africa,Upper middle income,GFDD.DI.11,7.6319942,6.9070153,24.76091,16.209087,10.858526,10.37301,9.281959,17.636452,18.0971,15.007912,8.639383,9.335168,13.023348,17.543856,20.365978,18.933386,21.696836,18.195786,17.16728,21.83316,19.668884,16.600283,19.23613,16.222456,15.29814,15.450439,12.913297,13.995363,10.550227,27.321095,18.142761
Botswana,Sub-Saharan Africa,Upper middle income,GFDD.DM.11,25.020878,15.394884,15.395427,43.563175,19.712927,6.95571,11.424255,5.7703414,14.280079,0.5292185,1.729313,1.874301,6.208693,7.8687963,7.0488324,8.245935,7.686397,6.47095,5.197072,5.0640416,4.28223,4.938463,4.424486,4.274961,5.389275,5.2249627,5.206712,7.8098865,4.8455687,7.259749,9.096149
Botswana,Sub-Saharan Africa,Upper middle income,GFDD.EI.08,0.84313995,0.8087661,0.9216797,0.99469286,1.378193,0.7706714,0.4649645,0.3589138,1.441743,2.220859,1.618518,1.5170001,1.3202001,2.5925112,2.063503,1.002568,0.8021081,0.54319,3.708805,2.187725,1.195016,2.587291,2.4486942,2.805406,2.6346052,2.2919161,2.424877,2.975892,2.404417,3.074762,4.280013
Botswana,Sub-Saharan Africa,Upper middle income,GFDD.OI.02,14.792941,19.31173,19.55921,18.873741,18.815962,18.41599,17.971882,20.543499,26.39404,26.2316,22.74949,29.513826,27.232191,29.72622,28.60784,27.35239,40.2617,46.6023,50.763206,50.60155,46.30608,41.07779,43.259228,40.86408,38.15852,47.386158,41.760788,42.328438,44.34291,46.389465,50.57888
Botswana,Sub-Saharan Africa,Upper middle income,SH.STA.BRTC.ZS,94.66187,97.89945,100.36383,96.427025,96.78236,96.20858,86.99999,100.819756,99.137695,102.14793,98.5,92.0,96.5,96.1,97.3,93.99999,99.3,94.6,98.3,99.5,99.100006,99.8,99.8,99.9,99.5,99.7,99.7,99.8,95.90342,100.74167,97.150154
Botswana,Sub-Saharan Africa,Upper middle income,SL.IND.EMPL.ZS,24.895638,25.46,25.6,25.65,25.800001,25.97,25.79,23.83,22.29,21.64,21.16,21.64,22.12,22.64,21.74,20.86,20.07,19.44,18.79,18.11,18.07,18.07,18.05,18.03,18.01,18.01,17.94,17.86,17.75,17.62,21.437119
Brazil,Latin America & Caribbean,Upper middle income,DT.TDS.DPPF.XP.ZS,18.597874,16.63669,14.726189,13.074428,17.23212,23.64972,22.598686,20.709448,27.32056,41.833714,37.014694,22.915321,37.386017,39.503113,23.48563,30.165756,19.535416,10.8218975,9.304018,7.0976644,5.9363365,6.7574196,4.0366826,7.1151075,5.48263,12.757637,10.647042,10.851263,11.840132,14.69474,12.4261265
Brazil,Latin America & Caribbean,Upper middle income,EG.ELC.ACCS.ZS,87.47511,90.606544,88.80383,89.99993,91.88373,91.72859,92.867096,93.35414,94.19382,94.762955,94.391716,96.016525,96.65299,96.980095,96.76511,97.09351,97.594315,98.12538,98.52663,98.85694,98.6,99.32869,99.51949,99.57515,99.650246,99.71091,99.7,99.8,99.7,99.8,100.0
Brazil,Latin America & Caribbean,Upper middle income,GFDD.AI.01,1684.3865,715.6202,-5027.2114,3230.2651,5520.107,6847.2095,12167.877,5217.991,6549.8984,9487.368,2619.1577,-5688.0747,7863.4595,2072.0334,380.15112,418.74847,431.90515,441.78574,469.4014,477.88034,534.60535,617.75446,643.5869,624.4821,618.8824,586.1478,577.14124,657.8005,665.0926,662.72766,12197.129
Brazil,Latin America & Caribbean,Upper middle income,GFDD.DI.04,53.806683,55.02816,65.408325,73.94957,87.24103,91.57115,94.36089,92.77551,79.75381,84.564095,85.290504,81.0733,76.300995,79.26134,80.339745,84.426704,85.51279,85.72836,83.5093,81.44067,83.05053,84.57394,84.067795,84.686005,83.82375,83.35758,81.48563,81.08772,81.01387,81.83381,83.632
Brazil,Latin America & Caribbean,Upper middle income,GFDD.DI.05,30.394508,35.0296,60.93241,93.65885,45.4613,32.44855,35.11847,36.965137,39.331768,42.81104,46.48666,47.24524,45.64573,48.31206,49.59469,53.44701,57.228832,60.110806,61.668915,67.061005,66.61838,70.1004,73.85186,72.63609,76.081474,80.44244,86.46298,86.13297,87.52866,90.06297,105.7287
Brazil,Latin America & Caribbean,Upper middle income,GFDD.DI.06,51.64068,50.627876,57.01464,57.68814,11.80225,5.011392,3.3574178,4.550415,14.092581,11.68593,11.3546095,14.8223095,19.134401,16.95486,15.95423,13.06655,12.71029,13.27814,16.05142,19.208231,18.09583,17.24133,18.90485,17.87579,19.26371,21.334969,24.21327,25.242199,25.63056,25.54062,25.778759
Brazil,Latin America & Caribbean,Upper middle income,GFDD.DI.11,9.42517,3.831165,8.041676,4.0047235,3.8003175,6.792467,10.902253,14.813834,12.80981,17.01021,3.3040833,3.5946195,4.174131,4.946858,5.6272306,6.16758,6.881032,7.535313,7.4144325,8.747476,8.901615,8.5601845,9.535685,9.581689,10.391957,11.780015,13.333735,14.635738,15.072054,16.075245,17.20875
Brazil,Latin America & Caribbean,Upper middle income,GFDD.DM.11,21.439741,22.548552,5.935287,7.057459,10.479782,15.806939,18.731909,10.092621,29.96624,21.241537,21.397797,0.60738987,0.67811435,0.7800461,1.046036,0.90012306,0.9638065,0.9105366,0.57839394,0.4725466,1.062653,0.4426896,0.3552336,0.3440142,0.4902504,0.447187,0.50532633,0.43914032,0.5301186,0.5332461,0.5212489
Brazil,Latin America & Caribbean,Upper middle income,GFDD.EI.08,18.069489,16.789669,23.341621,30.683878,14.83704,11.407029,15.40286,17.69418,25.981169,34.19332,34.69669,34.48816,31.959808,37.11432,37.367947,40.890923,41.087093,38.685272,34.55337,36.79398,35.903107,36.44764,37.23402,34.62202,33.79398,40.031662,44.37369,48.74338,49.147232,52.13695,61.87773
Brazil,Latin America & Caribbean,Upper middle income,GFDD.OI.02,27.30258,31.270939,56.497746,80.05889,40.86543,29.07896,31.176678,34.320526,36.43462,39.985737,43.53863,44.76563,42.78606,45.80084,46.92978,50.75538,54.36062,57.08057,58.689526,51.557217,50.264187,50.179028,53.67015,52.60246,54.7546,56.98655,62.645798,64.4621,66.608475,68.668945,76.00596
Brazil,Latin America & Caribbean,Upper middle income,SH.STA.BRTC.ZS,97.06156,69.5,93.90004,92.14397,99.83647,109.15504,87.6,98.6,98.6,98.6,98.6,98.3,98.5,98.4,98.6,98.6,97.0,98.6,98.799995,98.899994,98.899994,99.00001,99.00001,99.100006,99.100006,99.100006,99.100006,99.100006,136.85846,97.182465,103.056656
Brazil,Latin America & Caribbean,Upper middle income,SL.IND.EMPL.ZS,25.249126,23.42,23.05,22.98,23.03,22.77,22.85,22.89,22.800001,22.060001,21.84,21.57,22.02,21.49,21.62,21.96,21.930002,22.49,23.24,22.7,22.560001,22.31,23.02,22.95,22.89,22.170002,20.89,20.48,20.13,19.99,20.821379
British Virgin Islands,Latin America & Caribbean,High income,DT.TDS.DPPF.XP.ZS,47.722893,31.188267,38.33966,57.631493,44.348953,33.355934,36.232697,59.469723,46.84183,35.241634,23.302494,30.529982,39.897842,32.73725,20.474901,37.203865,30.08245,23.737837,46.16105,30.675005,35.010918,17.289837,48.196796,19.39174,28.819195,44.239033,39.891735,25.276579,23.811872,26.41261,28.992476
British Virgin Islands,Latin America & Caribbean,High income,EG.ELC.ACCS.ZS,94.60656,94.82474,95.0428,95.26019,95.47622,95.6902,95.901474,96.10934,96.313126,96.51208,97.4127,97.52283,97.62537,97.72267,97.81709,97.91098,98.00673,98.10701,98.214516,98.33197,98.3,98.657295,98.85017,99.02111,99.18002,100.0,100.0,100.0,100.0,100.0,100.0
British Virgin Islands,Latin America & Caribbean,High income,GFDD.AI.01,5606.2314,-451.0136,121.06055,9712.262,11162.607,1691.3103,5252.3813,9342.536,-102.59544,15168.92,7981.013,10626.633,6072.5405,6010.361,15445.196,-4440.535,7738.306,6562.4062,5087.2197,2445.067,5285.9404,-650.3854,-3669.4573,5504.4346,2595.2324,1029.5653,5899.6514,5354.0757,4396.9814,4371.5874,12843.046
British Virgin Islands,Latin America & Caribbean,High income,GFDD.DI.04,27.919718,68.584755,62.664883,69.77973,70.30488,50.364914,89.11348,53.99857,66.89815,49.301296,69.682976,46.09883,52.971996,79.29652,67.78502,83.50434,77.188835,67.11431,64.247055,80.56787,69.55113,89.17341,80.97306,78.18354,68.88357,67.18553,68.95228,67.553345,79.26709,75.113495,68.86368
British Virgin Islands,Latin America & Caribbean,High income,GFDD.DI.05,62.155155,51.698475,77.63623,53.569862,102.24305,79.11288,60.62899,40.749737,58.859894,84.73906,73.34702,56.20447,61.770233,69.35674,70.71316,50.658127,67.79032,69.3751,63.37637,68.37625,61.948334,64.728065,62.482086,76.82673,64.6588,71.55033,78.579216,61.15417,44.723145,75.44576,94.878944
British Virgin Islands,Latin America & Caribbean,High income,GFDD.DI.06,10.608616,11.848129,14.557875,6.4928775,14.232367,7.5633,5.5076675,12.749115,10.562765,14.67155,6.4940166,7.929647,15.642726,7.608142,3.7663298,6.036237,9.483319,6.739459,9.437362,6.725395,6.4872603,2.9379416,3.9429007,11.587524,10.384951,12.056774,5.2835693,6.856296,5.2731194,11.080983,19.837366
British Virgin Islands,Latin America & Caribbean,High income,GFDD.DI.11,10.531232,5.2207336,26.562355,6.444425,7.206892,5.7099752,9.317921,13.321943,6.0100865,9.087807,12.532136,-1.2258382,24.728642,12.718969,2.9772995,11.301723,7.034792,11.023811,12.797104,10.23741,10.268381,15.783854,16.555,8.2869625,11.557172,21.575363,13.937593,2.3394582,7.7046986,7.912318,27.385277
British Virgin Islands,Latin America & Caribbean,High income,GFDD.DM.11,131.84645,64.85767,111.29742,86.17548,106.00206,28.111591,94.26022,168.16177,67.22567,88.64727,64.18821,140.03694,56.696045,129.47052,78.08455,60.46022,96.08048,63.362988,96.59233,73.04964,172.80101,105.53854,143.31967,49.71528,78.69219,159.60822,137.19688,112.27811,110.13482,82.403885,95.96009
British Virgin Islands,Latin America & Caribbean,High income,GFDD.EI.08,10.628063,18.178738,9.0707,10.210492,4.227441,8.085491,7.1457887,6.6584496,4.5134993,13.343005,7.3295903,8.524019,7.674762,8.146323,6.216941,6.8339124,13.397282,9.776554,7.447864,7.767185,9.959043,5.9847565,3.7221682,12.996766,12.661779,10.120833,10.625201,10.25834,4.6796155,8.774231,13.61101
British Virgin Islands,Latin America & Caribbean,High income,GFDD.OI.02,53.093098,41.34547,37.434322,50.81811,42.099846,48.50715,47.75228,43.70754,13.992042,52.134624,30.208765,42.155403,36.03813,43.974358,38.90522,37.675438,48.001453,45.752567,48.0145,41.853836,53.60599,57.23115,50.28953,47.83701,-0.58293325,50.305244,53.529106,55.01772,69.328445,46.12652,49.279068
British Virgin Islands,Latin America & Caribbean,High income,SH.STA.BRTC.ZS,92.47588,98.56235,95.58035,92.850136,93.84199,100.0,97.03431,93.737495,93.53872,100.0,91.425644,99.46966,101.1716,98.238144,94.98106,100.0,97.52218,98.62677,96.59145,94.71185,92.95888,98.510025,99.357086,106.42863,89.73751,95.25239,97.482605,96.5898,99.46603,98.62859,98.936066
British Virgin Islands,Latin America & Caribbean,High income,SL.IND.EMPL.ZS,15.172453,11.199905,12.308312,7.6691523,10.771746,10.981996,9.728933,10.395575,12.983013,13.795347,11.77374,9.4781,7.0304203,13.987092,13.780368,11.380617,12.363791,11.079572,11.673963,14.506055,17.48263,8.396677,11.539973,10.466378,14.425837,6.3113317,16.2178,8.549775,13.432577,12.327179,12.041158
Brunei Darussalam,East Asia & Pacific,High income,DT.TDS.DPPF.XP.ZS,17.853153,32.929867,30.219158,13.280136,18.723251,9.4218,36.39242,32.755653,15.293299,15.971912,-0.0038934506,-7.27231,13.025347,18.297823,16.945375,28.142122,24.826017,10.429023,28.409712,25.088615,5.7096825,33.951412,22.414946,8.121148,10.108081,14.74243,36.9904,23.669054,18.59239,17.550772,25.722376
Brunei Darussalam,East Asia & Pacific,High income,EG.ELC.ACCS.ZS,100.0,100.0,100.0,100.0,100.0,100.0,100.0,100.0,100.0,100.0,100.0,100.0,100.0,100.0,100.0,100.0,100.0,100.0,100.0,100.0,100.0,100.0,100.0,100.0,100.0,100.0,100.0,100.0,100.0,100.0,100.0
Brunei Darussalam,East Asia & Pacific,High income,GFDD.AI.01,4212.027,12239.488,43130.305,6700.475,12562.009,14538.268,8721.887,10106.581,8657.751,10277.926,7143.5654,5032.1743,5338.178,4837.1104,5489.5894,8102.57,10142.349,12988.038,1334.6893,1401.388,1455.2212,1465.7183,1901.4956,1546.121,1631.5538,1587.9143,1557.6597,1509.7445,1505.4363,1597.9421,9613.499
Brunei Darussalam,East Asia & Pacific,High income,GFDD.DI.04,103.93766,97.05967,103.16058,100.28097,93.43416,94.776505,92.98505,99.32803,76.589485,98.091255,98.29428,98.4093,98.45141,99.99568,99.99476,99.99487,99.99089,99.9929,99.99129,99.988235,99.98843,95.93536,99.989006,99.986015,99.984184,99.98403,99.9862,99.98016,99.984344,99.984245,99.98689
Brunei Darussalam,East Asia & Pacific,High income,GFDD.DI.05,94.45919,52.137074,74.18223,75.34819,75.67748,72.71821,65.522026,64.04181,81.527336,77.035164,85.725464,77.81888,76.039795,72.45576,72.081055,57.73515,46.99237,49.3299,49.27997,70.73135,62.097027,55.04142,54.02034,57.271732,61.504593,72.612144,82.92515,77.648834,73.28424,76.335304,83.275734
Brunei Darussalam,East Asia & Pacific,High income,GFDD.DI.06,7.5356503,11.613312,5.139115,5.9948087,7.7198434,6.3423986,9.767304,-3.6586995,3.5196576,1.170963,0.87280214,0.89962727,0.8624498,0.0022526002,0.0024887999,0.0021101,0.0032826,0.0027444,0.0031843,0.0054823,0.004414,1.290688,0.0033745,0.0048288,0.0059103,0.0074460995,0.0065997,0.0083007,0.0061734,0.0062076,0.0057236003
Brunei Darussalam,East Asia & Pacific,High income,GFDD.DI.11,16.627394,5.13035,11.974224,17.724209,12.931682,4.759647,8.859623,7.6591306,6.220891,19.565159,17.008116,23.119831,12.4413595,15.215748,5.908691,5.972615,5.0176105,4.9321427,4.4730077,11.171648,4.4544654,3.6518888,3.6929176,4.0328617,4.398251,5.3152747,6.4154673,6.4976516,6.45709,15.691014,17.927402
Brunei Darussalam,East Asia & Pacific,High income,GFDD.DM.11,98.36753,38.74446,53.864594,61.730705,92.09047,66.9996,100.70489,112.50409,52.87711,98.75844,64.84965,94.95014,272.50046,70.26358,73.62087,98.0068,115.04401,50.15154,101.67122,54.248375,61.2932,64.25447,76.03088,91.39682,111.4613,80.88558,89.180916,85.610756,59.625374,57.226036,68.61956
Brunei Darussalam,East Asia & Pacific,High income,GFDD.EI.08,2.9926038,4.0588293,1.8131031,4.980836,5.5256395,2.283931,2.950658,3.7005804,5.835958,13.590024,0.0034215997,2.022624,1.154824,1.390733,1.019779,0.76158875,1.31643,1.364473,1.44535,2.251841,1.569383,2.5901082,2.9145498,3.621162,4.466772,5.516271,4.2330327,3.0254369,5.03248,4.441155,4.8154993
Brunei Darussalam,East Asia & Pacific,High income,GFDD.OI.02,18.381935,57.80857,62.773933,86.44796,87.34766,82.12989,97.76212,71.37598,85.69157,69.518394,80.07755,72.11687,70.54864,67.520004,67.75526,53.94827,47.807358,50.30594,50.00378,71.81771,62.859978,55.8131,54.766,58.256924,62.785397,74.76925,85.38962,80.16944,75.656944,78.98933,86.43211
Brunei Darussalam,East Asia & Pacific,High income,SH.STA.BRTC.ZS,97.13578,97.799995,97.99999,97.799995,98.200005,96.2,98.899994,99.6,99.3,99.4,99.200005,99.7,99.4,99.4,99.4,99.6,99.6,99.9,99.7,99.8,99.8,99.6,99.8,99.7,99.9,100.0,100.0,99.8,92.2196,96.682106,91.53683
Brunei Darussalam,East Asia & Pacific,High income,SL.IND.EMPL.ZS,23.019133,24.15,24.39,24.63,24.51,24.930002,24.430002,24.170002,24.4,23.16,22.51,22.670002,22.15,21.57,21.15,20.53,20.18,20.320002,19.6,19.97,19.52,18.96,18.780003,18.81,18.63,17.92,16.98,16.13,19.4,20.76,20.303892
Bulgaria,Europe & Central Asia,Upper middle income,DT.TDS.DPPF.XP.ZS,18.620617,5.4031687,8.166733,6.1916237,12.727137,16.119097,18.454031,18.338644,16.910063,13.94315,13.053372,15.126829,10.414713,7.100146,10.375747,14.690828,5.488794,3.9700556,3.2391326,2.519384,1.7241266,1.2936103,1.2797529,5.095488,1.1242061,1.1916422,1.4589862,4.0040693,1.2708479,1.1882428,1.3554146
Bulgaria,Europe & Central Asia,Upper middle income,EG.ELC.ACCS.ZS,100.0,100.0,100.0,100.0,100.0,100.0,100.0,100.0,100.0,100.0,100.0,100.0,100.0,100.0,100.0,100.0,100.0,100.0,100.0,100.0,100.0,100.0,100.0,100.0,100.0,100.0,100.0,100.0,100.0,100.0,99.7
Bulgaria,Europe & Central Asia,Upper middle income,GFDD.AI.01,15319.037,17378.934,18697.98,4052.3647,19968.416,14526.415,20778.695,12081.122,11631.114,10441.659,14399.08,16345.564,11711.075,10000.529,13031.388,9732.522,13337.618,10874.179,8452.218,6401.994,12205.663,12150.874,12886.894,12919.521,14101.028,10656.218,19414.225,16786.861,14380.936,1571.8428,1374.2637
Bulgaria,Europe & Central Asia,Upper middle income,GFDD.DI.04,100.16635,94.4897,90.90684,91.61441,90.9584,85.108635,80.7319,69.9139,70.099205,65.055435,63.497528,71.51994,80.55222,85.69841,90.20021,94.80352,97.82135,99.80766,99.85062,99.86505,99.87227,99.87803,99.88295,99.88406,99.87976,99.88014,99.88425,99.88754,99.892944,99.89999,99.90541
Bulgaria,Europe & Central Asia,Upper middle income,GFDD.DI.05,72.23724,74.53059,76.38995,78.967896,79.70283,46.1268,60.23526,31.249489,25.11982,30.090809,35.045887,40.06624,40.940243,45.76097,50.461998,55.03513,61.60971,68.36353,64.85475,65.223785,67.765144,70.16613,74.68211,81.755264,80.81518,82.553055,83.44011,83.419205,84.78331,85.109856,94.722855
Bulgaria,Europe & Central Asia,Upper middle income,GFDD.DI.06,5.792663,7.218128,11.68078,11.65507,10.31183,7.9168944,18.80941,8.579037,6.301197,8.805778,9.113717,7.476965,5.8691297,5.221857,4.2887,2.486322,1.083785,0.1244979,0.1085309,0.0987135,0.0937663,0.0865214,0.0849407,0.085358,0.0834222,0.0783484,0.0735922,0.0683174,0.06383,0.0582998,0.0585156
Bulgaria,Europe & Central Asia,Upper middle income,GFDD.DI.11,7.9271765,7.820946,13.813263,15.195457,14.143972,10.853329,10.109073,14.556945,8.463898,2.1481347,2.1891649,2.2301126,2.3795617,2.185878,2.2982416,2.606761,3.2742662,3.4135604,3.5018291,3.8083336,3.9033048,3.6655438,3.752501,3.995449,4.2078733,4.255856,4.146257,4.790937,5.005368,5.2763214,5.7528934
Bulgaria,Europe & Central Asia,Upper middle income,GFDD.DM.11,30.776943,45.51669,23.138895,23.540586,20.112116,11.713061,35.73025,27.197834,20.465925,4.818474,5.281599,5.628393,4.0644894,3.786337,3.383951,2.569185,3.151479,2.541854,2.552625,4.064075,5.163424,4.974281,9.81829,10.63482,9.5160265,7.8800564,8.460442,11.32661,9.843998,12.772699,15.65854
Bulgaria,Europe & Central Asia,Upper middle income,GFDD.EI.08,17.442669,40.972034,41.911392,60.88663,54.4892,17.73074,28.125368,11.393269,5.832686,4.923592,3.9062629,4.445767,5.747176,5.597991,5.4363093,5.826267,5.42284,5.184959,4.365812,4.193357,5.1981454,5.659256,6.7840867,7.4262223,10.155509,10.589319,11.58082,10.9771595,9.291205,8.751177,10.11996
Bulgaria,Europe & Central Asia,Upper middle income,GFDD.OI.02,57.245323,67.124535,66.78088,69.79291,72.2068,41.275097,54.27831,23.584,17.89986,21.26771,22.145199,26.951359,28.15723,31.056688,35.884796,41.47202,48.80761,55.38108,52.76523,53.707497,57.2035,59.32846,62.836605,68.76749,67.73366,69.13238,69.183304,68.93932,69.66728,70.24484,77.72247
Bulgaria,Europe & Central Asia,Upper middle income,SH.STA.BRTC.ZS,99.100006,99.5,99.8,99.00001,99.00001,98.899994,99.9,99.9,99.88003,99.00001,99.8,98.899994,99.200005,99.200005,99.4,99.4,99.4,99.6,99.6,99.6,99.5,104.68462,103.255615,99.7,99.7,99.8,100.9302,96.62194,105.45033,91.8677,103.38954
Bulgaria,Europe & Central Asia,Upper middle income,SL.IND.EMPL.ZS,36.080387,41.12,40.19,39.17,38.380005,37.5,37.01,35.36,35.12,33.79,32.83,32.770004,32.66,32.13,32.92,34.24,34.47,35.5,36.43,35.24,32.98,31.460001,31.320002,30.19,30.12,29.9,29.79,29.9,30.110003,30.020002,32.329506
Burkina Faso,Sub-Saharan Africa,Low income,DT.TDS.DPPF.XP.ZS,7.8042574,11.377369,8.88573,11.515273,14.881058,3.3947756,9.382982,9.027026,14.420092,2.6583786,18.448078,13.041092,13.657485,12.032317,8.939947,7.8305087,6.0336266,4.7488685,3.939641,3.881326,2.5114007,2.3386052,2.1328416,2.47184,2.9492524,4.0483093,3.6639957,3.5801783,3.1476955,3.4838016,6.6086464
Burkina Faso,Sub-Saharan Africa,Low income,EG.ELC.ACCS.ZS,18.000467,15.560624,12.575535,6.1,6.12501,6.625333,7.1229362,7.6171403,8.1072645,6.9,9.07502,9.521352,9.960099,11.4,10.824239,11.254328,11.68629,12.122773,12.566488,12.63,13.099999,14.808414,15.117993,15.405642,19.2,16.076975,16.641056,17.214043,14.399999,18.374853,18.957237
Burkina Faso,Sub-Saharan Africa,Low income,GFDD.AI.01,3143.0874,4539.6484,61442.39,3467.154,4470.227,9386.311,-8413.854,5048.1167,8914.452,3201.4717,7633.0503,2193.4595,5533.223,3751.0781,54.40522,108.44709,57.73231,61.502064,69.03553,71.013054,78.63754,90.51074,105.434044,112.24035,126.51053,141.16737,161.2505,174.159,178.34627,181.78775,194.05963
Burkina Faso,Sub-Saharan Africa,Low income,GFDD.DI.04,89.27964,85.12743,82.807175,79.37549,70.58257,65.621284,66.18022,70.48595,69.70037,67.21937,69.59997,73.406784,76.28764,80.47023,82.63617,86.22851,93.64235,94.194046,94.714325,88.467125,89.98452,91.51023,91.17813,92.97349,94.3512,94.68638,94.6519,95.72402,96.41923,96.55524,94.6886
Burkina Faso,Sub-Saharan Africa,Low income,GFDD.DI.05,18.95532,18.88033,19.90649,19.86547,22.13045,23.970291,22.63044,24.67568,21.52618,17.51092,18.62895,16.8469,16.0226,23.15362,20.303558,17.2391,18.01961,20.9207,20.33834,23.5812,24.9989,24.97181,25.91504,27.74614,29.56335,34.45037,34.31491,38.75124,39.27293,40.69167,44.99454
Burkina Faso,Sub-Saharan Africa,Low income,GFDD.DI.06,2.291399,2.441832,2.5437572,2.901581,4.2615027,4.6877637,4.479411,5.6073813,5.612111,4.96949,4.951332,4.737013,4.477271,3.7568932,3.30061,2.78787,1.255059,1.088622,1.057649,2.2121649,2.0943599,1.968013,2.216949,2.074372,1.910473,1.939177,1.8305061,1.525248,1.294723,1.312943,2.1926239
Burkina Faso,Sub-Saharan Africa,Low income,GFDD.DI.11,-0.34075475,7.566751,8.7238035,21.795382,0.6640363,7.1746144,11.169654,7.19483,7.031926,6.9796886,5.632973,0.5207093,0.4832319,0.578977,0.61505115,0.72200096,0.7710771,1.1353341,1.1070755,1.1174908,1.7960131,1.7447159,1.6546737,1.7885145,1.8730038,2.1785507,2.1978786,2.2353487,2.4506574,2.9024558,14.01324
Burkina Faso,Sub-Saharan Africa,Low income,GFDD.DM.11,37.333523,33.102768,21.872868,12.112243,26.649073,12.0925255,15.721878,21.63324,32.85736,25.965105,35.708088,33.176495,34.917393,103.73385,29.069765,0.6628042,0.15154551,1.178941,1.685219,2.236104,5.600696,17.85294,8.4222355,12.89377,19.362888,25.687939,24.301159,27.22718,23.728529,25.95474,36.099968
Burkina Faso,Sub-Saharan Africa,Low income,GFDD.EI.08,2.074426,1.5289091,1.399915,1.327239,2.984776,2.043821,1.7525691,1.7491661,1.757412,1.249025,1.0146999,2.525999,2.4051762,3.1579108,2.342461,2.789908,2.6235042,2.75389,3.256344,1.8994961,3.543234,4.502107,4.934707,4.977083,6.710266,7.3968687,6.6400657,6.743122,7.9762,8.556563,10.02587
Burkina Faso,Sub-Saharan Africa,Low income,GFDD.OI.02,10.88817,10.94618,11.05078,10.96846,12.581261,12.84274,11.40855,12.20183,11.1029005,10.36349,11.550401,11.442731,12.40701,13.382561,13.893001,12.38191,13.72274,15.22153,15.1119,17.7521,20.57537,21.508461,22.18998,24.519331,25.73665,30.064308,30.508518,33.18142,32.68209,33.597347,37.89609
Burkina Faso,Sub-Saharan Africa,Low income,SH.STA.BRTC.ZS,88.01953,86.642494,90.246315,41.5,91.74881,98.69322,85.9723,90.98458,72.36091,31.0,91.72754,84.047806,90.19032,37.8,93.56464,98.9337,53.499996,86.26257,92.84602,94.556526,65.899994,89.12491,91.57609,75.787605,95.40368,79.799995,112.60161,101.64389,97.95907,102.76751,92.417244
Burkina Faso,Sub-Saharan Africa,Low income,SL.IND.EMPL.ZS,20.719412,3.16,3.21,3.25,3.33,3.68,4.07,4.55,5.07,5.68,6.34,7.11,8.000001,9.05,10.2,11.490001,13.020001,14.69,16.49,18.540003,20.780003,23.23,25.83,28.63,31.550001,29.85,28.21,26.670002,25.25,25.16,17.666626
Burundi,Sub-Saharan Africa,Low income,DT.TDS.DPPF.XP.ZS,41.67553,29.571152,35.336075,35.47548,38.977673,27.272074,53.357914,30.1662,41.307552,46.168945,34.836357,46.406868,54.565624,62.118103,134.72195,40.407482,20.360188,18.466946,11.862344,16.48222,2.3281035,4.2070556,8.867551,13.559198,13.564358,13.918494,16.019136,9.554008,9.932482,92.15869,42.67767
Burundi,Sub-Saharan Africa,Low income,EG.ELC.ACCS.ZS,4.0033813,6.5997624,16.47574,6.4567137,13.180963,8.825125,9.068529,11.383333,3.9,2.070949,2.4632366,2.79742,3.1240184,3.4453816,3.763859,3.2073169,2.6599998,4.7259464,4.8,5.399017,5.3,6.122684,6.4999995,6.9,7.0,8.427652,9.34841,9.3,10.884909,11.356528,11.735556
Burundi,Sub-Saharan Africa,Low income,GFDD.AI.01,1881.666,1715.374,1719.7452,8260.602,5369.239,7611.162,5556.68,-95.72322,7571.2153,6798.223,5099.081,2776.7124,2665.1094,6042.645,12.876283,16.444567,18.55371,19.150566,19.663696,22.524977,30.422468,34.4875,36.35735,28.78398,33.067272,33.068497,-1959.0741,7829.6807,2395.2737,6557.1475,6344.1064
Burundi,Sub-Saharan Africa,Low income,GFDD.DI.04,61.140686,68.38263,71.109795,78.72889,82.15138,75.627884,76.776245,70.45902,70.08659,66.398674,64.6377,64.247055,68.36596,62.98625,59.19362,55.221867,51.42634,58.729073,66.41578,60.574112,68.95693,67.81869,64.159164,68.31496,68.94508,62.21891,62.730774,65.20552,71.269714,76.88815,77.19
Burundi,Sub-Saharan Africa,Low income,GFDD.DI.05,15.79613,17.039541,16.91961,17.745739,23.02166,19.817728,22.34989,18.60038,15.798469,19.11073,17.174799,17.03081,21.060339,23.77882,22.13838,22.9586,26.073599,26.68498,29.180017,25.39635,27.68697,26.3079,25.61012,25.41183,26.106571,22.373089,23.941109,27.05107,32.90134,39.33294,46.649418
Burundi,Sub-Saharan Africa,Low income,GFDD.DI.06,8.065702,6.4906125,5.4270997,4.222045,3.914683,4.811905,5.336772,6.395654,7.187663,8.693224,9.575106,9.670891,10.09341,12.419179,13.063841,12.96326,16.10082,12.601419,9.1419735,11.66098,10.31095,11.64106,12.424069,10.6678705,10.99611,13.45711,15.68379,14.76579,14.705871,13.86776,15.86025
Burundi,Sub-Saharan Africa,Low income,GFDD.DI.11,46.163425,29.00731,33.42513,25.193539,27.743273,22.389639,33.738003,29.755426,19.561346,41.084274,25.171085,20.977251,22.43406,19.811253,38.26574,28.070078,41.68963,40.75308,16.903402,22.408857,29.514061,32.277462,41.67766,22.951727,14.673566,25.283697,50.89991,34.162224,30.838865,34.639973,28.945265
Burundi,Sub-Saharan Africa,Low income,GFDD.DM.11,26.169655,20.45652,39.05351,12.804765,34.71405,44.492237,27.73478,39.376904,9.631055,22.819883,38.96531,17.168575,15.999901,30.266232,31.369139,37.303802,31.039095,16.051113,31.57204,35.584503,40.284298,23.988405,0.0109218,8.475638,5.698905,4.770326,4.7918873,4.271671,4.3594804,37.444145,24.186558
Burundi,Sub-Saharan Africa,Low income,GFDD.EI.08,4.202944,3.4171062,2.773475,1.7701961,3.451059,3.252353,3.9927592,3.7184598,3.5995202,2.9568102,0.5520341,1.237261,1.6847591,1.184379,1.7777911,1.627651,1.395977,2.961524,4.305877,3.4354448,4.728955,3.191676,2.276676,3.697123,5.158222,5.800364,9.108393,12.033919,18.01376,25.053009,27.25154
Burundi,Sub-Saharan Africa,Low income,GFDD.OI.02,9.534809,11.14402,10.74366,10.91416,14.577141,11.77887,13.089511,11.464931,9.5366125,12.38829,11.77503,12.28645,15.36408,18.325771,16.2726,17.11847,20.13199,19.67306,20.60315,19.494871,21.942701,20.71108,20.32934,20.39517,21.27775,18.05502,18.98583,21.356121,26.63407,31.918419,38.35304
Burundi,Sub-Saharan Africa,Low income,SH.STA.BRTC.ZS,96.33872,89.8559,91.454865,103.47835,92.05647,92.12933,98.37963,96.68016,93.9475,101.30274,25.2,93.651924,99.49079,92.29342,96.15446,31.800001,96.060715,97.94181,98.33024,101.82359,60.3,95.20734,78.4,94.45835,96.12209,101.98488,100.08852,85.1,91.431725,89.633194,94.74218
Burundi,Sub-Saharan Africa,Low income,SL.IND.EMPL.ZS,4.652224,2.53,2.49,2.45,2.4,2.33,2.26,2.22,2.2,2.23,2.26,2.3,2.35,2.41,2.44,2.54,2.61,2.71,2.8,2.91,3.02,3.13,3.25,3.37,3.5,3.48,3.48,3.47,3.41,3.35,5.7340946
Cabo Verde,Sub-Saharan Africa,Lower middle income,DT.TDS.DPPF.XP.ZS,8.888551,14.513418,18.585829,12.085771,14.027749,10.277453,7.4487276,10.454773,16.877174,15.880982,11.07848,8.174062,11.870176,7.269424,7.9273515,9.573611,6.429393,4.9778433,4.250071,5.6259336,5.4416375,4.7445226,4.5340652,4.5762143,4.7782435,6.226534,5.90719,6.1410418,5.607596,5.914256,13.35031
Cabo Verde,Sub-Saharan Africa,Lower middle income,EG.ELC.ACCS.ZS,87.70082,87.73029,76.47391,83.35356,96.5383,83.57891,81.16212,78.63464,81.51293,84.69175,58.42233,60.16152,58.6,63.6195,65.34299,67.0,68.79076,70.5201,72.256676,74.00319,81.1,82.35625,83.358765,84.33935,85.30791,86.35784,87.54493,88.69096,90.41175,91.4,94.16174
Cabo Verde,Sub-Saharan Africa,Lower middle income,GFDD.AI.01,6970.8447,10493.184,13325.109,8368.269,12964.607,7156.019,4192.2686,7823.461,14499.3545,8368.949,6392.6426,12798.898,2211.0718,14112.715,922.16376,1103.2228,1177.9974,1271.7523,1398.9677,1234.8752,1457.4302,1554.4673,1643.6057,1704.8856,1770.7971,1856.7504,1847.2463,2054.4768,2122.371,2187.0674,2007.5201
Cabo Verde,Sub-Saharan Africa,Lower middle income,GFDD.DI.04,10.229461,8.656647,8.198141,39.28815,69.72569,74.13623,75.34109,76.91172,79.10414,79.71865,76.04236,75.50848,77.47833,78.49813,80.74543,82.532745,86.179184,87.72267,89.23232,90.40018,91.17022,92.67216,92.78534,93.11728,93.45097,93.872765,94.36377,94.046394,94.43408,94.527054,95.06696
Cabo Verde,Sub-Saharan Africa,Lower middle income,GFDD.DI.05,33.92381,34.9143,42.62973,49.78881,66.196434,67.1201,67.75697,67.5847,61.45459,59.958603,64.369286,65.69694,71.55587,71.095604,76.16769,83.992676,87.7357,77.57124,75.563866,77.500565,80.10378,78.47814,82.07926,89.440765,95.64869,98.88468,102.570206,104.626305,99.96299,102.0194,125.2991
Cabo Verde,Sub-Saharan Africa,Lower middle income,GFDD.DI.06,41.37543,46.946323,51.92074,23.42227,16.99129,16.33223,15.45857,15.71972,13.245641,11.6129,16.15221,17.04159,16.856411,16.00418,14.546729,13.69576,10.98587,8.669386,7.875944,7.6236157,7.423839,6.547482,6.3496985,6.162657,6.033865,5.6597567,5.239188,5.695229,5.270842,4.869272,5.477985
Cabo Verde,Sub-Saharan Africa,Lower middle income,GFDD.DI.11,9.092009,6.3421903,5.849831,-6.8630733,9.482904,1.3803499,1.5985699,1.355111,1.4901682,1.3953453,1.4189457,1.3095801,1.3002393,1.4579622,1.4865972,1.471998,1.5273634,1.6914212,1.719487,1.7484636,2.023351,2.1940181,1.9787426,2.013886,2.0779557,1.9901457,3.0883374,3.6696398,3.5449872,3.7730532,4.8748164
Cabo Verde,Sub-Saharan Africa,Lower middle income,GFDD.DM.11,67.02204,33.71579,51.903545,11.448278,67.562805,39.967316,40.907932,31.08417,16.298351,20.18156,33.5626,22.785707,31.414946,36.689087,25.55614,-28.765882,31.380802,66.885956,55.433002,49.733185,50.379,26.50512,1.069204,2.5994911,3.1508222,4.596292,7.182005,10.76901,11.43608,11.10908,14.19802
Cabo Verde,Sub-Saharan Africa,Lower middle income,GFDD.EI.08,21.139002,18.888988,19.37945,1.507624,17.88538,19.980412,20.743319,20.644,18.404469,5.7718034,11.911699,21.30962,23.517262,22.25693,22.2983,24.094868,22.31115,17.34846,13.792319,14.643779,15.667729,17.5255,17.81552,19.69777,23.3102,25.33617,26.95839,27.973148,29.776878,25.92152,33.00285
Cabo Verde,Sub-Saharan Africa,Lower middle income,GFDD.OI.02,66.75999,140.46474,96.46178,40.789948,53.871567,54.45678,56.671368,56.960407,51.5779,49.983757,54.361458,56.034668,62.67659,62.902096,67.90031,75.1336,79.7942,70.68781,69.09548,71.344315,74.12022,72.812294,76.820076,84.22919,89.98112,93.228516,96.978386,99.21488,94.74351,96.87713,116.337105
Cabo Verde,Sub-Saharan Africa,Lower middle income,SH.STA.BRTC.ZS,87.37611,88.36999,94.12635,93.50255,95.323654,53.999996,95.14484,96.24999,88.5,95.217995,95.70782,98.83941,103.59791,101.76,96.28807,77.5,76.399994,74.4,74.6,75.6,98.5,98.7,94.84618,92.299995,95.600006,91.399994,92.6,92.4,91.58299,96.87546,98.78584
Cabo Verde,Sub-Saharan Africa,Lower middle income,SL.IND.EMPL.ZS,19.095266,17.91,18.03,18.18,18.39,18.63,18.96,19.29,19.670002,20.05,20.46,20.86,21.300001,21.66,21.98,22.31,22.580002,22.780003,22.95,23.05,23.080002,22.97,22.83,22.66,22.49,22.31,22.080002,21.910002,21.88,21.800001,29.481731
Cambodia,East Asia & Pacific,Lower middle income,DT.TDS.DPPF.XP.ZS,12.167293,5.006007,3.8281443,9.58802,0.15226622,0.6726197,0.91041225,0.87312573,0.9452787,1.1350904,0.66238874,0.85788655,0.84248036,0.94724435,0.798365,0.7255595,0.5725103,0.5711394,0.75455576,0.93805164,0.98141384,0.9012859,0.9798295,1.1161523,1.0927165,1.0017654,1.2684935,1.304536,1.3999777,1.4282023,1.7151629
Cambodia,East Asia & Pacific,Lower middle income,EG.ELC.ACCS.ZS,66.95668,75.29856,74.162895,59.28929,50.80326,68.852455,66.70621,64.86303,18.67,8.820037,16.6,14.624778,18.187098,19.3,25.298382,20.5,32.40758,35.967632,26.399998,43.112152,31.1,50.307262,53.930565,57.573696,56.1,64.91042,69.54431,89.07,81.07565,84.0,86.4
Cambodia,East Asia & Pacific,Lower middle income,GFDD.AI.01,16391.576,9900.531,22675.39,23690.246,15622.376,23320.68,16025.099,19474.373,12920.51,30061.758,14028.276,20699.768,18068.902,16044.609,19210.602,21626.934,14651.907,19148.918,16976.703,14415.794,16060.4795,18812.03,19681.04,12209.2295,21139.13,10379.453,28845.047,20359.5,22979.951,13273.3545,20053.053
Cambodia,East Asia & Pacific,Lower middle income,GFDD.DI.04,87.33554,93.49058,97.24823,43.82081,52.47509,57.91825,67.32549,75.26847,69.6046,73.214714,76.83113,77.66178,80.373955,84.124,87.39041,89.21528,92.334404,95.40965,97.24626,97.4057,97.86029,98.13457,98.7139,99.12984,98.927284,99.3142,99.29736,99.39924,99.7942,99.96932,99.98479
Cambodia,East Asia & Pacific,Lower middle income,GFDD.DI.05,52.783783,-8.729663,55.6427,4.894462,6.362329,7.6965656,9.906823,10.47648,10.49521,10.78416,12.99838,14.112339,17.23495,18.0113,19.9868,19.26878,23.366049,32.21116,28.36015,37.47942,41.60581,39.07434,50.09768,55.53484,67.074745,72.40213,79.1748,88.17651,100.698906,107.6554,131.9093
Cambodia,East Asia & Pacific,Lower middle income,GFDD.DI.06,10.284558,1.5413111,2.8351893,3.085119,3.0643458,2.5743,2.320994,2.082551,2.461959,2.116043,1.930219,1.7344111,1.603373,1.453391,1.358448,1.110967,0.99824435,0.8761359,0.66421473,0.6548249,0.6022917,0.5370111,0.5053641,0.45028338,0.6739287,0.5124709,0.5765929,0.52272666,0.20504141,0.035042398,0.021735601
Cambodia,East Asia & Pacific,Lower middle income,GFDD.DI.11,9.610287,5.496934,1.5877547,-5.9737887,5.4415503,8.059348,4.686904,18.205992,8.244783,5.8266625,7.191286,8.393928,10.996019,6.7586045,10.927701,0.42135394,0.438856,0.57429844,8.158065,16.290432,12.585691,6.1823745,4.8716803,10.203412,11.139624,11.502704,12.153883,5.800826,8.57996,7.295232,31.915236
Cambodia,East Asia & Pacific,Lower middle income,GFDD.DM.11,392.72644,296.2872,367.1885,360.8462,405.5711,338.99515,391.55795,408.9849,382.79346,358.25388,362.95554,368.67645,363.08633,356.23004,384.8873,455.1721,432.1273,385.0497,334.0952,341.6998,359.4043,468.4827,399.29782,408.07434,398.90408,368.8547,417.0431,460.4241,392.03287,393.39374,387.02896
Cambodia,East Asia & Pacific,Lower middle income,GFDD.EI.08,31.152851,45.35733,25.8802,34.384304,44.956337,64.14735,60.041824,61.427284,52.62656,23.919987,20.96198,41.962673,36.870216,42.87187,55.67904,45.89491,70.47977,33.11015,17.39476,19.72165,16.10887,15.398829,32.67829,44.64109,43.152195,41.737625,54.931423,60.44763,58.28218,60.47823,36.34235
Cambodia,East Asia & Pacific,Lower middle income,GFDD.OI.02,35.0918,39.822575,45.618233,2.075694,3.8185148,4.718054,6.648406,6.9668612,6.151796,7.121964,9.486244,10.401501,12.648261,13.06021,14.677441,14.25699,17.93482,26.4732,22.80032,30.407179,34.9007,31.643078,43.226868,48.10421,58.333675,64.00486,71.00856,78.89191,91.57049,96.717316,118.84041
Cambodia,East Asia & Pacific,Lower middle income,SH.STA.BRTC.ZS,100.37354,100.939995,85.039505,88.35356,95.085144,43.3,88.57635,90.7739,34.0,91.369385,31.800001,93.511795,96.65786,94.3961,16.3,43.8,43.8,67.92094,91.175095,93.65051,71.0,71.7,74.0,101.604034,89.0,96.08661,88.71782,100.52982,92.46493,96.053665,79.37127
Cambodia,East Asia & Pacific,Lower middle income,SL.IND.EMPL.ZS,27.275259,6.02,6.18,6.28,5.77,6.09,6.34,6.61,6.88,7.6100006,8.540001,11.000001,11.500001,11.900001,12.54,13.280001,14.000001,14.72,15.130001,15.62,16.040003,16.470001,17.76,19.280003,23.77,24.92,25.76,25.49,27.020002,27.910002,20.593134
Cameroon,Sub-Saharan Africa,Lower middle income,DT.TDS.DPPF.XP.ZS,13.002229,12.33195,11.223966,18.568182,16.784243,17.230421,18.424892,17.273859,17.960947,16.5757,14.2570305,7.1656117,8.842101,9.775393,12.8478155,14.354504,10.725606,3.9504635,2.6466997,2.5946088,2.6288257,2.4966025,1.5461437,1.8556632,5.5739756,6.0242295,7.369094,6.582235,8.492416,8.7922,14.092934
Cameroon,Sub-Saharan Africa,Lower middle income,EG.ELC.ACCS.ZS,61.874504,28.999998,32.697525,33.849194,34.999504,36.147774,37.293324,38.435474,40.7,40.706776,41.0,46.2,44.0404,45.123013,47.1,47.28193,48.999996,48.2,50.541397,51.644154,52.759556,53.7,55.039154,56.207813,56.8,58.595592,59.808777,61.030865,62.2,63.489876,64.72137
Cameroon,Sub-Saharan Africa,Lower middle income,GFDD.AI.01,14727.473,5776.7812,4251.9897,6851.3467,9220.997,11397.909,8509.53,7891.734,17461.896,12162.221,5690.912,6238.0854,5584.334,8153.372,1.1695061,7805.934,5962.0425,8923.63,45.995037,43.481785,53.41382,49.84488,52.689373,59.733883,66.56658,83.67534,87.385185,82.983406,132.49034,130.65543,118.91853
Cameroon,Sub-Saharan Africa,Lower middle income,GFDD.DI.04,89.77522,78.40406,64.52682,64.33394,63.59177,63.99319,63.078278,62.296978,64.668106,63.76596,64.86813,63.075138,63.91969,66.579094,68.76229,75.91519,86.23465,92.65385,98.951004,94.54632,94.64049,95.49688,92.27476,93.57099,93.910706,91.107704,90.10432,81.088615,81.654076,94.01109,86.088066
Cameroon,Sub-Saharan Africa,Lower middle income,GFDD.DI.05,21.23368,21.628939,18.82931,11.91882,13.98185,11.958869,10.2738495,10.978169,11.17856,11.85882,13.40121,14.4314995,15.575789,14.67832,14.572441,14.752839,15.31709,16.783,17.68142,17.689371,19.273209,19.877659,17.82026,18.35454,19.27258,19.78317,19.740599,19.89719,21.40187,52.24956,51.23681
Cameroon,Sub-Saharan Africa,Lower middle income,GFDD.DI.06,3.916696,9.59212,10.37693,6.9638677,6.8891573,6.236804,6.001607,5.376944,5.38067,5.6648912,5.785778,6.230201,6.0166645,5.293409,4.461299,3.2383761,1.57282,0.77562886,0.1124019,0.6227135,0.6436601,0.6351248,1.2676951,1.113803,1.08619,1.722598,2.0145972,4.218059,4.334167,2.5036805,8.475259
Cameroon,Sub-Saharan Africa,Lower middle income,GFDD.DI.11,8.759638,-6.8469005,10.688773,1.7173398,1.5076612,6.726874,6.150314,2.7646992,6.8756013,5.21465,1.178818,1.446745,1.609285,1.6226746,1.6003153,1.6079038,1.5597835,1.5715333,1.4965904,1.581004,1.6683768,1.7324785,1.733185,1.7541206,1.7488337,1.7836857,1.8591552,1.875503,1.8804945,1.7066654,2.2950363
Cameroon,Sub-Saharan Africa,Lower middle income,GFDD.DM.11,49.499313,25.9532,-9.957705,46.554497,18.061056,3.5245287,9.243006,27.748268,29.04397,26.61634,46.925217,31.70016,34.109333,34.417286,26.24018,16.26568,29.60399,30.816664,33.624763,43.507145,32.441994,20.389437,0.0005736,0.0005393,0.0009679999,0.000982,0.0009009,0.00095569994,0.0006045,31.638294,35.42306
Cameroon,Sub-Saharan Africa,Lower middle income,GFDD.EI.08,6.592082,6.9160547,5.2295303,5.391707,5.265967,4.7496104,3.757726,3.71696,3.676093,3.462993,3.59007,3.690404,3.3863132,3.168858,2.784417,2.633511,2.4570491,2.259367,2.145193,2.1347451,1.9815531,2.1102152,2.870795,3.4268222,3.181321,3.6414008,4.154845,4.188035,4.796144,5.365594,6.7184777
Cameroon,Sub-Saharan Africa,Lower middle income,GFDD.OI.02,16.48109,16.49575,14.091511,9.356668,11.185771,10.017631,8.499506,8.021796,7.9644914,8.441657,9.815643,10.678861,11.625451,11.3491,11.169711,12.002971,12.53872,13.34762,13.99379,14.19867,15.50872,16.307331,14.051921,14.868661,15.61419,15.443601,15.1211195,15.1638,16.532091,16.80967,30.876547
Cameroon,Sub-Saharan Africa,Lower middle income,SH.STA.BRTC.ZS,95.20489,58.399994,97.8705,98.43157,92.35848,96.98752,53.585583,88.59616,55.0,91.01994,56.0,89.51969,86.98919,97.22956,58.9,93.89187,58.9,98.30599,91.55433,99.64754,95.46784,56.1,84.148994,89.97485,64.7,106.52418,85.404106,96.86992,69.0,83.72921,93.5177
Cameroon,Sub-Saharan Africa,Lower middle income,SL.IND.EMPL.ZS,15.035656,9.94,9.83,9.71,9.640001,9.57,9.520001,9.500001,9.540001,9.6,9.68,9.8,10.020001,10.240001,10.45,10.67,10.92,11.17,11.510001,11.93,12.29,12.71,13.17,13.620001,14.08,14.23,14.33,14.42,14.42,14.42,16.24889
Canada,North America,High income,DT.TDS.DPPF.XP.ZS,17.534489,12.293189,14.245007,-2.7973819,16.669495,19.071495,17.72235,10.84487,10.270118,8.204113,12.474612,22.518972,15.061423,18.729582,9.087065,10.44081,20.59604,5.6033926,14.929442,10.079335,4.6923604,21.134089,4.12124,9.3281,10.4779625,13.057108,11.330877,26.984446,54.38867,10.479664,2.7467456
Canada,North America,High income,EG.ELC.ACCS.ZS,100.0,100.0,100.0,100.0,100.0,100.0,100.0,100.0,100.0,100.0,100.0,100.0,100.0,100.0,100.0,100.0,100.0,100.0,100.0,100.0,100.0,100.0,100.0,100.0,100.0,100.0,100.0,100.0,100.0,100.0,100.0
Canada,North America,High income,GFDD.AI.01,20477.742,9424.891,6791.8706,7810.837,18790.354,14098.087,11495.11,12961.827,5312.087,9212.594,9962.429,11008.462,14396.998,10706.372,21187.36,8029.2837,6255.0376,11551.807,7841.118,8965.4795,6986.9165,11755.397,10464.432,7910.6494,10346.313,1378.0662,10811.466,5542.892,2303.8936,8468.132,9279.061
Canada,North America,High income,GFDD.DI.04,96.481094,96.35506,96.52557,96.53608,96.502335,96.8616,96.84644,96.85777,96.81952,96.40812,96.57081,97.50714,97.450165,97.428566,97.49424,97.59113,97.83566,97.7021,98.2791,95.37441,100.24607,107.060074,97.66841,101.75457,100.29267,113.93243,103.19734,108.03981,99.44061,101.95602,105.04952
Canada,North America,High income,GFDD.DI.05,72.9894,75.17018,78.13627,76.53128,75.51556,75.257,75.73799,74.95606,74.02822,72.732735,70.56787,128.2576,126.2773,120.9755,122.0104,124.20811,132.79431,111.243904,121.890205,198.97177,107.3022,186.54437,149.63426,137.07469,223.0831,187.58447,172.37004,250.73285,129.42133,187.86998,130.95845
Canada,North America,High income,GFDD.DI.06,2.8754811,3.1485958,3.113291,3.137462,3.166274,2.809453,2.951732,2.980397,2.949982,3.2256207,2.962832,3.390962,3.3788579,3.281607,3.2334979,3.264727,3.2251499,3.148844,2.473641,2.9066088,3.508826,3.500477,4.119418,4.639193,4.535302,4.72795,4.771214,4.693083,4.656212,4.452665,17.73122
Canada,North America,High income,GFDD.DI.11,67.79489,50.625145,24.697063,64.03217,49.866997,35.862415,40.201088,61.882687,57.639153,68.335724,39.291103,72.55609,39.782005,25.761131,26.279093,26.922039,28.421345,28.469805,30.256186,37.532608,36.90081,60.916553,62.328365,66.0034,70.10594,77.08052,77.84885,73.648026,70.19577,74.10014,83.683266
Canada,North America,High income,GFDD.DM.11,22.50311,17.991014,29.45521,16.372913,5.4057064,23.5141,23.069962,11.769931,27.848341,3.327921,3.3520992,3.421185,4.7320557,5.159701,6.018244,7.46666,9.997709,11.05771,7.7148037,9.868706,10.09027,9.130762,10.99281,11.77182,13.86561,17.66142,20.59826,22.11705,23.16806,26.7983,30.47927
Canada,North America,High income,GFDD.EI.08,5.771667,8.245116,9.963726,11.90597,12.607389,12.758579,12.015229,10.340979,9.941049,9.328453,9.450208,11.283509,11.29482,11.096299,10.3668995,10.605089,11.668699,10.34997,17.16981,12.306338,7.5888624,18.461582,12.730256,7.2753334,14.744545,21.414206,16.561207,18.684433,15.752582,13.782611,17.997208
Canada,North America,High income,GFDD.OI.02,121.24553,134.56476,101.19764,107.53937,101.876045,75.96162,110.150406,65.900925,99.82766,96.091286,113.28689,149.5473,147.141,140.61131,139.41501,143.9293,154.1476,108.408295,118.95721,121.6539,110.03245,119.46869,118.59905,118.38714,126.20115,124.75957,137.67657,133.0447,142.21324,122.140526,122.97274
Canada,North America,High income,SH.STA.BRTC.ZS,92.92859,99.100006,99.6,99.4,99.3,99.4,99.200005,99.3,99.3,99.200005,99.3,99.3,99.3,98.899994,99.00001,98.799995,98.799995,98.799995,98.7,98.6,98.5,98.4,98.100006,97.99999,97.899994,97.899994,97.799995,97.899994,97.99999,93.551506,101.42655
Canada,North America,High income,SL.IND.EMPL.ZS,28.618753,23.88,23.18,22.51,22.670002,22.930002,22.75,23.060001,23.12,23.12,23.29,23.060001,23.23,22.97,23.05,22.690002,22.11,21.670002,21.46,20.29,20.15,20.29,20.46,20.33,20.18,19.92,19.670002,19.53,19.57,19.25,28.458515
Cayman Islands,Latin America & Caribbean,High income,DT.TDS.DPPF.XP.ZS,8.086696,9.264255,8.939697,12.265943,16.628838,10.079381,10.529691,6.8128633,3.0814502,16.212982,-0.5383551,10.258561,6.943271,3.7188854,8.916491,5.6884136,9.386721,6.39562,8.1217375,1.8082153,6.440308,5.7541656,9.775349,2.2043877,7.026923,7.9783354,-10.937722,9.089877,11.975288,7.0303564,5.514625
Cayman Islands,Latin America & Caribbean,High income,EG.ELC.ACCS.ZS,99.846924,99.878815,99.91024,100.0,100.0,100.0,100.0,100.0,100.0,100.0,100.0,100.0,100.0,100.0,100.0,100.0,100.0,100.0,100.0,100.0,100.0,100.0,100.0,100.0,100.0,100.0,100.0,100.0,100.0,100.0,100.0
Cayman Islands,Latin America & Caribbean,High income,GFDD.AI.01,16784.916,23975.205,8451.145,17675.684,22391.227,22781.807,6126.9355,21353.055,18040.344,14488.924,19795.795,8688.174,10631.22,13669.391,13056.759,2492.6309,18000.045,5373.266,6757.062,13259.011,15088.317,9413.668,10353.074,14566.687,9011.495,15412.874,10266.209,14182.965,8762.23,10798.308,20253.46
Cayman Islands,Latin America & Caribbean,High income,GFDD.DI.04,78.854546,43.923115,70.52233,46.126114,58.016373,78.02983,70.319954,48.141533,67.08405,62.900448,78.042244,78.797714,65.06923,79.96248,105.56401,78.94727,81.88835,80.73035,91.47154,80.97716,70.530266,88.1832,78.78025,92.07686,78.27177,78.80005,100.93427,75.92484,68.53367,85.60625,87.07369
Cayman Islands,Latin America & Caribbean,High income,GFDD.DI.05,56.683765,57.79975,51.378418,44.996796,52.142654,38.497444,51.366608,48.0334,46.89299,39.80198,56.119526,46.408417,58.49038,63.876633,62.709965,58.52427,70.26413,49.318714,54.86546,71.958206,60.09448,47.63027,67.76845,59.226746,57.278103,70.1415,68.260895,57.009655,59.961117,80.94037,78.57226
Cayman Islands,Latin America & Caribbean,High income,GFDD.DI.06,31.400618,20.500595,10.046885,11.993438,16.79475,15.334559,4.544686,9.319419,12.013817,16.144548,11.470662,14.752853,16.730494,11.773109,9.075583,4.8694644,19.98856,17.059404,21.077496,11.466279,9.889893,7.29482,25.803822,13.463233,8.544603,17.478697,19.715881,13.312415,13.587327,13.0112915,16.905125
Cayman Islands,Latin America & Caribbean,High income,GFDD.DI.11,-1.4373885,5.658454,2.768245,1.1103208,10.901992,9.655822,6.260462,5.6540637,5.571624,6.8008986,1.6917585,6.6026974,0.8677568,9.37343,5.739432,10.028867,6.0301843,9.174461,8.571777,-2.7549725,5.231106,4.0108194,1.9778482,5.544454,4.511201,16.19955,8.381811,7.743746,10.960533,11.748344,-1.6455132
Cayman Islands,Latin America & Caribbean,High income,GFDD.DM.11,12.040843,25.15779,50.226494,13.234711,43.107555,59.348694,35.95823,18.904438,37.616756,25.722902,36.174187,43.234562,43.794853,47.861507,61.651936,51.634594,33.983574,40.519424,45.330853,34.343803,40.47401,34.512238,48.859486,45.04296,36.59414,60.46738,32.01024,43.617382,24.44344,54.23385,29.641247
Cayman Islands,Latin America & Caribbean,High income,GFDD.EI.08,44.0014,19.240171,5.861781,20.710043,7.0315433,15.390653,13.888485,15.318422,16.423174,18.633131,6.023185,19.335758,30.093819,12.051014,14.101986,12.81126,12.876694,12.34503,31.218174,28.372595,17.466656,17.438301,28.66171,24.97582,41.45197,34.94779,37.640003,9.789575,41.372505,15.692153,20.378922
Cayman Islands,Latin America & Caribbean,High income,GFDD.OI.02,24.072046,43.806183,45.6895,54.760212,47.33642,40.48339,44.560745,30.051191,39.096416,44.739155,41.285183,43.087788,21.676008,39.871025,50.134968,41.711025,52.780197,44.07978,47.744865,35.076904,44.172253,37.154964,52.489693,48.728085,42.432053,47.942383,50.249317,52.625195,48.9973,65.81551,51.948452
Cayman Islands,Latin America & Caribbean,High income,SH.STA.BRTC.ZS,91.972374,85.0601,88.6268,90.725975,82.6801,91.66734,94.88221,93.15474,86.74119,111.69629,95.04506,83.07627,91.96259,90.658005,91.36726,100.0,91.87488,95.64541,98.26241,93.38012,90.068634,83.9406,92.30929,92.888695,100.24635,98.67495,95.586685,92.7955,102.88103,94.92651,95.64472
Cayman Islands,Latin America & Caribbean,High income,SL.IND.EMPL.ZS,40.640957,44.457024,33.346756,34.710922,33.46795,41.118935,27.64367,37.720818,36.800713,36.51453,39.160835,28.584238,33.805477,33.678856,34.115532,33.795082,34.9042,31.452374,34.24054,36.206326,30.304222,36.349617,30.641945,36.421474,31.560173,35.76984,39.94695,39.948376,30.317595,34.215458,24.329494
Central African Republic,Sub-Saharan Africa,Low income,DT.TDS.DPPF.XP.ZS,12.493658,7.4199047,8.180901,3.7822676,11.826013,9.089164,9.199658,6.799454,7.274455,11.757692,6.14758,8.992119,7.5127277,9.133238,3.6447477,8.035998,9.142524,5.8722215,11.798477,8.467599,11.871281,7.571736,4.9302197,7.386998,10.75578,19.967249,4.219563,5.8027587,3.8851972,9.835669,7.839593
Central African Republic,Sub-Saharan Africa,Low income,EG.ELC.ACCS.ZS,18.458836,1.94857,12.795722,13.849743,12.473463,3.0,3.3349159,3.8302104,4.3214254,4.8077984,6.0000005,5.7360525,6.177054,6.61282,7.0457006,7.4780445,7.8051696,8.350998,7.4800005,9.252875,9.8,10.246648,10.868861,11.469141,12.057397,12.72703,13.533815,14.299541,14.842375,14.299999,15.465084
Central African Republic,Sub-Saharan Africa,Low income,GFDD.AI.01,4219.9375,-3706.362,-4576.3184,273.54623,5835.78,5131.415,4617.0547,-1728.3965,5150.943,3397.048,827.70844,4574.663,-2628.21,3531.7231,3230.2654,5570.71,6057.6685,5263.7305,6700.952,22.70012,14247.691,36.906277,39.01711,63.636425,43.14666,53.47959,56.24497,53.62112,1239.226,-2913.7385,-2364.8103
Central African Republic,Sub-Saharan Africa,Low income,GFDD.DI.04,70.64031,58.77109,47.28488,47.537952,41.356,48.74454,47.21576,51.660793,54.98264,55.08635,54.35465,54.976288,55.351772,53.23368,50.48568,47.79976,48.36728,48.48006,48.60931,44.08332,48.28069,52.68312,50.591125,46.37244,47.98701,47.45807,47.37188,43.861958,43.449238,42.00106,70.75004
Central African Republic,Sub-Saharan Africa,Low income,GFDD.DI.05,15.766529,15.24113,15.3166895,17.8347,24.39586,21.59301,24.45348,21.25368,17.0925,17.604969,17.0348,16.05839,15.18555,14.56978,16.42815,18.204859,16.10212,14.56415,15.5291,16.14428,16.90645,17.94099,15.78459,25.57295,26.16564,25.7139,25.20795,24.990688,27.80098,28.70137,28.049131
Central African Republic,Sub-Saharan Africa,Low income,GFDD.DI.06,4.438439,7.1179485,7.553723,7.8265023,8.884285,6.640024,7.310616,5.985226,5.6558537,6.1529717,6.392848,6.5049005,6.735885,7.6227403,9.070977,9.812224,9.8944235,9.740691,10.11687,10.40301,10.60228,10.11454,12.09838,18.29486,17.5981,17.48192,17.31304,17.06404,19.15632,19.22481,9.370042
Central African Republic,Sub-Saharan Africa,Low income,GFDD.DI.11,31.192598,1.1810306,4.52822,7.7397814,6.982703,7.441729,0.24476346,2.6945753,13.294555,10.16525,5.7097197,9.978652,9.328281,16.732796,8.124751,10.620228,16.52636,6.1900005,16.082726,11.972939,15.702655,20.43692,24.047327,19.584007,12.40039,11.601618,11.537478,13.62093,17.562883,20.663477,12.537483
Central African Republic,Sub-Saharan Africa,Low income,GFDD.DM.11,53.48363,48.830723,36.957516,29.064953,36.693604,22.984875,46.825752,32.61696,64.13948,23.48625,58.035656,37.628918,49.856552,43.05977,13.463893,56.973434,55.074047,62.412006,51.099174,34.049713,53.773026,47.53783,57.389668,42.798744,45.62766,101.190865,78.97521,51.39922,80.27409,68.26004,63.184105
Central African Republic,Sub-Saharan Africa,Low income,GFDD.EI.08,3.2869482,3.3089502,2.243176,2.662154,2.303328,2.142357,2.026143,1.914366,1.89149,2.923277,3.0296292,2.7735102,2.1794002,2.178481,1.7614971,1.8070071,2.24891,2.340921,2.533563,1.9057351,1.686661,2.349473,1.745293,2.447293,3.6461968,4.2882843,3.509979,2.365697,2.556274,2.408337,3.4065404
Central African Republic,Sub-Saharan Africa,Low income,GFDD.OI.02,5.098979,4.3660417,3.7134447,3.429963,5.662158,3.81611,4.279801,4.268532,3.906021,4.423139,3.42327,3.9707518,3.9793878,3.9461021,4.305446,5.466703,5.505471,7.309729,7.237869,8.12002,8.001207,8.764558,7.5813074,11.18806,11.38793,12.26753,11.92081,11.50251,12.90993,13.90412,16.25611
Central African Republic,Sub-Saharan Africa,Low income,SH.STA.BRTC.ZS,90.94487,95.92052,83.05427,88.86643,96.683716,45.9,95.704155,90.73038,96.019684,94.44311,31.699999,92.687706,94.33508,91.09176,96.024475,97.30807,41.4,97.71075,43.7,43.7,40.0,101.04846,89.2564,93.963806,101.02563,93.83878,94.82055,99.418785,98.16344,95.61187,89.44714
Central African Republic,Sub-Saharan Africa,Low income,SL.IND.EMPL.ZS,8.798233,9.22,9.120001,9.020001,8.910001,8.83,8.660001,8.510001,8.42,8.31,8.19,8.07,7.9700003,7.8500004,7.77,7.69,7.6700006,7.6400003,7.63,7.5400004,7.4200006,7.26,7.09,6.95,6.75,6.56,6.46,6.37,6.3,6.26,22.874401
Chad,Sub-Saharan Africa,Low income,DT.TDS.DPPF.XP.ZS,3.709554,3.6429937,3.619277,6.2103214,7.83153,14.187942,12.126274,6.642565,13.528417,8.796493,8.027242,9.715554,8.265208,6.5190096,11.641938,5.885957,7.1375957,12.743984,3.591505,10.906605,9.1303,10.859352,8.051516,6.0017724,12.712372,8.533473,6.04693,7.1867323,8.859966,11.211618,10.152619
Chad,Sub-Saharan Africa,Low income,EG.ELC.ACCS.ZS,12.202378,5.279547,11.385237,10.730525,10.345218,11.450939,13.96376,2.3,2.4203873,2.8062131,3.1798813,3.5271146,3.866763,4.201176,3.5,4.8636937,5.1965566,5.533941,5.8785563,6.2331114,6.3999996,8.98,7.8354063,8.126558,8.405685,7.7,9.263847,10.9,10.11404,8.4,11.080117
Chad,Sub-Saharan Africa,Low income,GFDD.AI.01,-4841.2163,3024.6284,6950.383,11520.32,3292.345,4513.384,-13034.562,16288.053,5137.7046,5347.663,509.75574,6301.0137,10944.574,8280.438,6138.2983,4742.5903,8944.801,9516.309,9237.664,7077.5415,2668.2,2451.255,5649.0234,24.613972,26.774553,29.922209,31.299013,29.75048,42.418255,39.160294,37.892
Chad,Sub-Saharan Africa,Low income,GFDD.DI.04,78.09752,81.664635,62.08995,50.11073,44.49597,46.520412,44.37419,44.43079,46.28769,40.59977,38.78096,41.80543,45.12959,53.92689,52.24733,54.65639,69.40665,64.60791,72.89282,55.11079,53.84843,58.01332,60.23448,64.001274,70.822136,59.18782,61.36265,58.85468,56.87725,55.59082,57.96331
Chad,Sub-Saharan Africa,Low income,GFDD.DI.05,14.093989,14.19094,13.31847,10.21469,8.452312,11.41124,12.813709,11.206999,9.05852,9.535121,10.912299,10.48026,12.00478,10.13147,7.150327,7.043705,9.693167,9.96534,10.11362,10.85143,11.34179,11.785399,12.385139,13.27745,15.59076,15.86405,15.67745,15.504109,14.907761,17.50227,33.51641
Chad,Sub-Saharan Africa,Low income,GFDD.DI.06,2.7006419,2.610006,5.9914384,7.240492,6.539188,6.085661,6.656185,6.425561,5.5651703,6.914927,8.0451975,7.1326523,6.809951,5.19585,4.00607,3.4621332,1.875967,1.8468381,1.584734,4.292816,4.897242,4.322652,4.457359,4.101553,3.925633,8.242774,10.0576105,10.49763,11.44265,11.70686,6.293996
Chad,Sub-Saharan Africa,Low income,GFDD.DI.11,3.9687722,0.7570583,15.1539,3.703946,11.981093,2.374545,1.1920823,1.4832767,-0.1308362,8.174625,0.32617402,0.253879,0.22069795,0.25389096,0.16924827,0.12506673,0.118437745,0.10318886,0.10188322,0.118572414,0.10711945,0.13921921,0.15812069,0.2085375,0.2010753,0.22071205,0.23301074,0.23856379,0.23821941,7.0640736,2.10037
Chad,Sub-Saharan Africa,Low income,GFDD.DM.11,28.295984,44.386772,28.40439,50.04204,32.360065,22.690807,32.516537,6.9931893,61.77081,32.321983,23.06074,34.396614,25.649004,39.50097,43.844543,16.759071,38.87911,27.98645,38.780846,38.432426,34.028286,32.93742,33.69703,144.48376,48.885914,62.844677,27.838154,20.85263,37.50434,31.711754,42.429493
Chad,Sub-Saharan Africa,Low income,GFDD.EI.08,3.458575,5.4529786,3.738136,2.802769,2.038446,1.891262,2.0911272,2.27963,1.874279,1.5574551,2.02192,2.447535,1.922943,2.298855,1.579613,1.642325,2.051542,1.115618,1.235968,1.4476391,1.664024,1.344994,0.9893646,1.267035,1.804747,3.6586092,6.398523,5.420908,5.230217,5.130349,3.8427298
Chad,Sub-Saharan Africa,Low income,GFDD.OI.02,4.6626606,4.483896,3.879971,2.440639,2.912316,3.4954128,3.045342,3.232383,2.673431,3.094706,3.54445,3.761989,4.554234,3.9671261,2.977926,2.663297,4.11241,3.7846942,3.930732,4.4633303,5.0289474,5.58089,6.054403,6.2885222,7.7883806,8.412111,9.051818,8.560082,8.131843,10.13551,29.02508
Chad,Sub-Saharan Africa,Low income,SH.STA.BRTC.ZS,83.9756,79.6985,84.82581,95.57479,100.491745,99.83297,84.06934,14.999999,87.83487,94.62564,13.699999,96.688515,88.54628,96.3736,14.4,88.97333,89.34607,86.56128,87.26832,87.10458,16.6,85.43021,93.5298,91.93367,94.98705,24.300001,101.33958,86.598625,86.7108,89.25239,91.065155
Chad,Sub-Saharan Africa,Low income,SL.IND.EMPL.ZS,3.3909025,2.16,2.12,2.06,2.02,1.9800001,1.94,1.92,1.89,1.8700001,1.86,1.89,1.92,1.9500002,1.99,2.03,2.07,2.09,2.11,2.13,2.14,2.13,2.14,2.11,2.09,2.06,2.0100002,1.97,1.9100001,1.88,4.178729
Channel Islands,Europe & Central Asia,High income,DT.TDS.DPPF.XP.ZS,20.77171,49.677963,25.006529,14.138867,16.205057,25.459557,16.30388,8.170081,12.105554,21.61883,24.777618,20.917288,20.73404,9.837148,15.2627325,20.505362,29.674051,13.970689,14.370943,25.697807,5.3622975,21.928667,18.35001,12.569123,16.896389,15.989762,4.5927873,37.383286,17.522285,27.88781,19.433298
Channel Islands,Europe & Central Asia,High income,EG.ELC.ACCS.ZS,100.0,100.0,100.0,100.0,100.0,100.0,100.0,100.0,100.0,100.0,100.0,100.0,100.0,100.0,100.0,100.0,100.0,100.0,100.0,100.0,100.0,100.0,100.0,100.0,100.0,100.0,100.0,100.0,100.0,100.0,100.0
Channel Islands,Europe & Central Asia,High income,GFDD.AI.01,14418.638,11748.389,9367.338,12169.573,19322.521,21582.227,15527.505,6322.5386,9881.339,15176.449,13821.728,8755.865,13085.424,13251.69,9349.46,17573.053,9260.17,8153.0317,14049.061,5809.8896,9413.852,5897.5327,10637.554,12707.257,8206.028,7457.29,9376.067,5997.0273,16830.285,9126.595,11212.999
Channel Islands,Europe & Central Asia,High income,GFDD.DI.04,50.521366,69.872696,56.91649,49.76381,40.160522,43.46176,60.640743,57.0487,45.046963,51.591064,39.26032,51.366997,33.239754,47.15314,67.174164,73.251976,54.788353,54.21406,65.081856,67.351,53.972992,54.542877,72.7665,70.19283,75.683495,67.08432,45.21595,50.15337,78.89999,79.03224,72.50569
Channel Islands,Europe & Central Asia,High income,GFDD.DI.05,65.584206,75.43692,80.13227,53.728504,61.561485,88.8299,87.448715,68.283714,78.286064,66.97119,52.659817,78.18413,68.70602,51.150154,58.43355,92.6134,95.668365,55.212936,84.423676,73.87033,23.605097,80.5242,94.559364,83.477684,87.37509,97.88448,77.27134,68.22137,92.46958,79.3828,79.074974
Channel Islands,Europe & Central Asia,High income,GFDD.DI.06,6.393718,13.753838,12.161028,11.152917,14.24305,25.476345,17.357563,6.391096,5.1801224,13.824264,7.5659943,5.559225,13.02089,12.83238,20.164377,11.377516,9.139929,12.500251,7.8629127,4.6759977,12.24888,14.849428,13.840399,7.281422,16.12997,13.426579,14.897642,16.34479,12.411794,13.187508,12.171935
Channel Islands,Europe & Central Asia,High income,GFDD.DI.11,12.386533,18.266676,15.964926,9.452171,19.3399,14.205666,17.97504,23.310122,21.8506,18.914694,21.861378,21.489904,14.350393,18.167295,13.545201,16.354242,19.859175,22.997631,28.743502,16.575216,33.086193,31.251797,28.855936,24.714308,22.07703,17.700329,10.229029,15.253885,23.134392,26.505463,19.550665
Channel Islands,Europe & Central Asia,High income,GFDD.DM.11,58.833237,55.34994,50.185993,119.97977,26.893353,40.34098,212.39963,65.12872,65.27395,86.18288,75.71113,34.653866,125.52418,96.92244,84.07346,304.14944,84.906685,72.50861,130.8296,37.361137,72.475,108.29911,45.995625,132.25592,167.0092,198.5714,116.263405,103.28726,64.13167,74.872505,83.816605
Channel Islands,Europe & Central Asia,High income,GFDD.EI.08,7.064498,1.1376346,6.3022766,7.8679457,2.6771615,5.619804,4.8172126,3.2634518,7.3505588,4.863172,5.605301,5.055177,4.74122,6.840028,4.2992997,6.104744,7.212798,7.701509,5.997333,4.543781,4.311135,5.5703707,8.613287,5.271959,6.7351594,8.390887,7.3433466,4.9971037,6.0251694,9.17424,9.29657
Channel Islands,Europe & Central Asia,High income,GFDD.OI.02,69.72274,64.09048,50.602253,47.1446,73.72436,94.71688,51.145313,68.741844,75.90034,50.326557,61.022717,41.519333,47.671886,75.52397,61.2133,59.093872,66.110504,40.15307,72.46656,65.66353,46.431473,56.3803,75.04198,68.32943,92.30626,111.93224,65.38199,72.695724,76.47503,46.4508,88.9281
Channel Islands,Europe & Central Asia,High income,SH.STA.BRTC.ZS,75.20692,94.72758,94.50554,90.08915,97.03444,91.32468,92.23306,98.22296,89.68968,92.593094,94.125656,85.80981,91.72779,96.826126,92.39629,84.276,79.584625,84.359474,93.00477,94.6377,92.93659,94.87368,92.144554,94.92694,92.45557,94.542755,105.571686,97.97533,101.07206,86.12219,99.82394
Channel Islands,Europe & Central Asia,High income,SL.IND.EMPL.ZS,32.1181,36.86,36.64,36.48,36.39,36.19,35.95,35.72,35.45,35.17,35.05,34.25,33.48,32.64,32.08,31.639997,31.42,31.220001,30.460001,29.280003,28.780003,28.27,27.79,27.38,27.020002,26.62,26.16,25.670002,25.15,24.64,31.35159
Chile,Latin America & Caribbean,High income,DT.TDS.DPPF.XP.ZS,21.271849,23.470184,12.799275,19.701504,18.869217,15.43576,13.725167,28.940943,25.501156,15.218952,17.803465,23.058065,14.868527,10.297679,20.357695,16.152914,6.935817,8.14396,5.7644157,19.132204,12.037004,32.407894,13.698338,15.339628,12.251082,9.501579,11.949565,13.860024,7.736826,2.488174,13.921205
Chile,Latin America & Caribbean,High income,EG.ELC.ACCS.ZS,92.25742,94.781624,94.56006,95.27373,95.518074,95.76038,95.61732,96.23617,97.24113,96.69555,97.93869,97.11581,97.28368,98.782326,97.60609,97.76531,99.36811,98.09202,98.26487,99.59366,99.5384,99.588196,100.0,99.600006,100.0,99.71484,100.0,99.7,100.0,100.0,100.0
Chile,Latin America & Caribbean,High income,GFDD.AI.01,29679.223,11105.204,14178.814,27028.912,15987.247,15423.56,9921.786,22712.793,13775.752,19117.81,6445.7563,8144.1646,17626.281,12145.459,11457.724,16686.27,25701.213,19543.312,9332.839,13185.266,12880.599,14839.524,16678.545,15719.29,7513.537,6045.5317,20069.44,17537.11,22888.688,20284.443,14863.363
Chile,Latin America & Caribbean,High income,GFDD.DI.04,61.21324,63.01088,67.23643,70.56431,74.62733,77.81561,80.69849,80.52744,82.09673,82.07552,82.87656,83.095505,84.10467,86.95187,90.06458,93.39172,95.749664,97.2407,97.63155,97.408676,97.574844,97.88008,98.105606,98.3197,99.306595,99.43129,99.53316,99.64202,99.75323,99.82146,99.83374
Chile,Latin America & Caribbean,High income,GFDD.DI.05,37.32183,36.21222,36.19664,37.70525,35.02296,35.79729,38.67426,43.37886,46.80883,51.89668,51.581898,36.52396,33.9912,33.67431,31.837427,31.908241,31.793941,31.982101,41.40503,40.00562,38.28874,42.25497,45.39296,49.19343,50.84251,54.06845,53.64056,49.341442,51.47602,55.317753,63.0835
Chile,Latin America & Caribbean,High income,GFDD.DI.06,28.74588,24.750051,21.47547,19.98631,15.804219,13.74642,12.47902,13.08412,12.5569,12.90966,12.85573,13.058529,12.31108,9.475911,7.052023,4.646541,2.8308752,1.994133,1.950775,1.9282521,1.692466,1.560215,1.4585029,1.35353,0.5754195,0.48062772,0.3911054,0.3020924,0.2144095,0.1659987,0.163695
Chile,Latin America & Caribbean,High income,GFDD.DI.11,5.5988593,6.7160406,7.270856,8.428372,10.29497,9.694057,10.880379,11.605328,12.850874,14.695802,15.707493,17.427464,18.185516,22.409075,20.304325,19.627567,16.436024,17.783375,15.377867,20.867445,19.527536,16.721771,18.625204,17.779015,18.458855,18.993315,21.865942,23.33728,20.824097,22.462776,27.258022
Chile,Latin America & Caribbean,High income,GFDD.DM.11,18.239704,15.284628,38.661854,4.582144,27.528051,-4.1697497,30.441803,11.202163,8.375199,4.964808,3.808423,3.793267,3.351594,3.474464,4.2908816,3.523274,7.976597,11.12984,13.412709,10.949511,10.4669895,11.09669,12.72966,12.52357,14.13086,15.003571,16.57692,15.738999,13.43075,14.2009,14.786119
Chile,Latin America & Caribbean,High income,GFDD.EI.08,3.246466,2.0708761,1.2173291,1.114904,0.75820535,0.61759835,0.702791,1.274709,2.170844,0.98248166,0.92491895,1.294651,1.183854,0.9429893,0.9277077,0.97954106,0.70273983,1.012624,1.9294381,2.5092661,2.238307,2.2759612,2.555445,2.685546,3.4338992,2.870255,3.33961,5.2558217,4.590586,5.560892,9.633646
Chile,Latin America & Caribbean,High income,GFDD.OI.02,28.861351,31.16022,31.584997,33.347786,31.15535,32.72477,35.82591,40.60091,44.19012,48.80331,48.89816,48.04718,48.471058,44.490078,45.952877,48.476566,47.25979,50.650196,56.37972,41.03934,39.19497,42.99328,45.92777,49.75086,51.5858,55.294247,54.52404,50.26846,52.29836,57.0317,65.873146
Chile,Latin America & Caribbean,High income,SH.STA.BRTC.ZS,91.98258,94.278824,103.02375,99.00001,99.5,99.5,99.6,99.4,99.6,99.4,99.00001,99.8,99.8,97.7,99.8,99.8,99.8,99.7,99.8,99.8,99.8,99.8,99.8,99.8,99.8,99.7,99.7,99.8,100.36489,102.94064,104.35223
Chile,Latin America & Caribbean,High income,SL.IND.EMPL.ZS,30.436087,26.300001,26.47,27.23,26.05,26.060001,26.59,27.29,25.53,23.42,23.39,23.92,23.86,23.4,23.6,22.95,23.29,23.38,23.540003,23.09,22.96,23.38,23.83,23.88,23.49,23.280003,23.01,22.74,22.33,22.25,28.945814
China,East Asia & Pacific,Upper middle income,DT.TDS.DPPF.XP.ZS,10.610878,10.847116,9.384995,10.243843,8.135514,8.984162,8.320079,11.500884,8.706504,9.17567,7.104092,6.095419,5.088722,3.027545,1.2799261,1.0966183,0.8503601,0.64577055,0.5868387,0.6412379,0.76903415,0.65723276,0.4458647,0.4799385,0.5445614,1.3401313,0.76381105,0.6915186,0.734285,1.012222,1.1176548
China,East Asia & Pacific,Upper middle income,EG.ELC.ACCS.ZS,95.41325,96.96821,85.88611,89.62193,98.61362,92.55598,74.37766,90.06267,93.61699,94.14652,97.0218,97.27279,97.516205,97.75438,97.98967,98.22443,98.46105,98.7022,98.95058,99.2089,99.7,99.848724,99.96194,99.996445,100.0,100.0,100.0,100.0,100.0,100.0,100.0
China,East Asia & Pacific,Upper middle income,GFDD.AI.01,11279.593,10514.125,15333.678,8286.944,14115.089,8612.471,14905.647,16948.617,20351.309,8275.046,12550.334,8377.145,8963.383,25466.422,6765.014,19118.465,6.515419,7.362859,8.155753,9.110845,10.347676,11.822186,13.295952,14.9984665,17.048803,19.333344,22.25229,25.547598,29.17905,33.21089,36.445786
China,East Asia & Pacific,Upper middle income,GFDD.DI.04,92.92426,92.604996,92.822426,93.747505,94.50122,95.83198,96.686485,97.81337,98.24657,98.435074,98.59396,97.77951,98.074104,98.371735,98.54504,98.725746,98.89748,95.05175,95.63484,96.77693,97.339355,97.683044,97.996994,98.24535,98.45026,98.692505,98.865524,98.989944,99.11705,99.21958,99.316864
China,East Asia & Pacific,Upper middle income,GFDD.DI.05,77.79369,84.518845,89.45669,100.021,96.4696,99.027725,105.962105,115.24521,123.9033,133.6531,135.5804,141.0858,145.3905,153.5511,149.79361,151.0856,157.49431,149.3721,148.84091,175.0914,176.1268,174.5278,180.8736,186.6103,190.87021,202.1142,207.67421,201.406,195.0361,197.8865,211.8906
China,East Asia & Pacific,Upper middle income,GFDD.DI.06,6.399663,6.893237,6.527055,6.349287,4.967371,3.689116,3.1212711,2.200135,1.979717,1.859817,1.688273,2.72126,2.52268,2.261115,1.919099,1.579744,1.3319191,6.0650783,5.087039,4.5064983,3.747968,3.1611862,2.847987,2.586618,2.381169,2.233325,2.057239,1.848002,1.661955,1.545866,1.5046029
China,East Asia & Pacific,Upper middle income,GFDD.DI.11,21.310076,15.364367,13.50173,23.51595,17.751978,21.164959,15.257975,25.749128,24.837519,10.611691,12.781807,23.451538,23.072405,23.033245,7.3462253,8.113699,8.985221,10.722361,10.506711,11.6884,12.357636,12.422422,13.643838,13.899172,15.712907,17.858532,20.264492,20.204205,19.776583,20.705029,22.73948
China,East Asia & Pacific,Upper middle income,GFDD.DM.11,19.413445,5.23199,92.94387,19.40207,12.639471,5.0341797,26.06169,1.5230657,21.829937,9.951815,19.15123,21.197124,14.703977,19.660997,4.720613,5.0975823,9.575664,7.452237,5.049161,3.698158,3.2169979,1.574747,1.297504,1.096007,0.9618162,0.89358133,1.351679,1.5883089,1.6467531,1.8900579,1.990252
China,East Asia & Pacific,Upper middle income,GFDD.EI.08,9.67039,9.956944,15.808619,0.20941101,0.98780584,1.7318491,2.548172,1.913737,5.882643,6.747724,7.408003,10.00563,11.17112,11.106499,11.464,10.568219,10.33916,10.7250395,9.495604,10.945709,10.638899,10.26582,10.411719,10.453939,10.982879,15.917399,23.075699,26.326729,28.86659,30.88473,35.48773
China,East Asia & Pacific,Upper middle income,GFDD.OI.02,19.86344,22.97685,24.605711,27.1713,25.47402,24.78256,26.12997,29.869247,31.088139,35.727318,38.36139,39.814987,44.00544,46.80051,45.985657,44.389088,45.02509,45.179787,41.346928,52.56515,53.86623,49.00172,47.16198,47.00411,44.719322,49.02853,56.03642,56.86593,52.04916,50.563858,53.40194
China,East Asia & Pacific,Upper middle income,SH.STA.BRTC.ZS,93.99999,93.7,84.1,83.6,90.399994,89.3,93.1,93.799995,99.281906,96.8,96.6,97.3,96.7,95.9,97.3,97.5,97.799995,98.4,99.100006,99.3,99.6,99.7,99.8,99.9,99.9,99.9,99.9,103.25539,105.528496,98.689575,93.33907
China,East Asia & Pacific,Upper middle income,SL.IND.EMPL.ZS,22.514868,21.4,21.7,22.4,22.7,23.0,23.5,23.7,23.5,23.0,22.5,22.300001,21.4,21.6,22.5,23.800001,25.2,26.800001,27.2,27.800001,28.7,29.5,30.3,30.099998,29.9,29.18,28.800001,28.11,28.320002,27.42,24.046589
Colombia,Latin America & Caribbean,Upper middle income,DT.TDS.DPPF.XP.ZS,34.522717,32.808575,35.64598,26.757095,29.273893,24.610594,20.83229,18.153015,20.331987,32.319695,20.931328,27.796738,32.777725,34.203304,18.410933,25.998487,16.806795,13.201919,9.580536,9.429212,9.124007,6.5445886,6.9172215,5.926146,7.634521,9.414376,12.26774,18.545471,17.255404,14.545421,16.62341
Colombia,Latin America & Caribbean,Upper middle income,EG.ELC.ACCS.ZS,89.9,91.836655,92.13266,92.42799,92.72196,91.2,93.3031,93.58891,93.87064,94.14753,95.2,98.47,94.9055,95.12935,95.35031,96.8,95.79303,96.019844,96.80676,96.05723,96.788994,96.6936,97.03217,97.77942,97.79094,98.1869,98.4,98.5,98.5,99.75592,100.0
Colombia,Latin America & Caribbean,Upper middle income,GFDD.AI.01,12968.033,5385.728,15413.206,12415.882,7928.542,11494.481,16162.507,24681.67,13068.271,16410.879,14678.976,9689.343,5697.7236,4602.0425,9359.483,13616.462,7823.2646,14207.116,11441.895,1069.2147,1036.7236,1098.5007,1165.6719,1216.4968,1297.3877,1375.5233,1400.5869,1487.3994,1549.1373,1649.7477,1803.5107
Colombia,Latin America & Caribbean,Upper middle income,GFDD.DI.04,89.79442,91.879585,93.73521,96.110725,96.93756,98.04852,97.98778,98.661865,97.52966,95.13069,94.69727,97.01541,96.28647,95.97594,98.913765,97.72356,98.191666,99.117905,99.4594,98.08108,99.33274,99.49545,99.65018,99.898544,99.94332,99.931564,98.08976,97.823364,98.774376,97.60358,96.80173
Colombia,Latin America & Caribbean,Upper middle income,GFDD.DI.05,24.11664,24.729689,26.939838,28.46436,32.10822,32.92965,33.414692,34.25343,33.04599,34.27401,25.82,14.35721,14.980821,14.867539,15.751619,17.417078,18.56482,18.43869,17.60384,18.53005,19.84744,20.84607,21.75836,24.065489,24.09153,48.991417,48.91998,49.02414,48.01613,48.70585,58.263935
Colombia,Latin America & Caribbean,Upper middle income,GFDD.DI.06,3.3792102,2.481803,1.99216,1.329783,1.130265,0.76575893,0.8249316,0.5772718,1.060883,1.9388181,1.5178449,0.9950339,1.059589,1.257107,0.37606722,0.8220169,0.68808013,0.3498714,0.219492,0.74821883,0.2743186,0.2175019,0.1613227,0.048726104,0.028872,0.037207298,1.051124,1.27154,0.7077638,1.4556301,2.13498
Colombia,Latin America & Caribbean,Upper middle income,GFDD.DI.11,4.7154474,7.434019,4.8888927,7.506056,7.737036,4.8513494,8.357142,4.0525904,2.9936411,3.163496,2.6286123,2.960956,3.3139884,3.4340992,3.4893935,4.121083,3.8086584,3.8149135,6.0695305,6.468484,5.573153,5.436786,5.702091,6.0047693,6.238145,6.3079705,6.7439384,7.0515647,7.8423023,7.9616466,9.120571
Colombia,Latin America & Caribbean,Upper middle income,GFDD.DM.11,30.328217,23.599169,27.502457,16.954601,14.327729,25.927177,26.475649,34.645367,32.30375,4.975116,4.827779,7.280865,6.678177,8.584157,8.317103,8.039492,9.431706,8.492246,6.824025,7.082678,6.507321,5.899069,6.067168,6.548823,7.306448,9.034929,10.949491,10.59623,10.197129,10.81493,14.041181
Colombia,Latin America & Caribbean,Upper middle income,GFDD.EI.08,3.853016,4.702466,4.590117,4.214384,4.7952137,4.922255,4.9677167,6.210972,7.070183,6.6012216,6.3683963,10.56454,6.1663423,9.0940695,10.184119,10.861599,7.370832,6.2284703,5.939812,8.211659,8.526448,7.9720097,8.2422905,8.522915,8.565029,7.4565268,6.939772,7.361378,7.55778,7.7321167,10.2996
Colombia,Latin America & Caribbean,Upper middle income,GFDD.OI.02,20.72436,21.43294,23.41939,25.143631,28.82611,29.63236,30.283367,30.961771,29.8671,30.330359,22.3912,13.012831,13.81905,13.76258,14.88829,16.624609,17.57469,17.525051,17.09643,18.12708,19.83674,20.79417,21.9598,24.17408,24.12132,25.22206,22.86373,22.88914,22.802092,23.19053,30.469849
Colombia,Latin America & Caribbean,Upper middle income,SH.STA.BRTC.ZS,80.6,101.36693,102.47411,101.73374,92.52615,83.6,100.248825,98.99525,91.299995,92.1,86.1,93.1,94.49999,95.0,95.600006,90.7,97.1,97.799995,98.100006,98.6,94.799995,99.200005,98.7,98.7,98.899994,95.9,95.50001,99.3,98.4,99.100006,104.3363
Colombia,Latin America & Caribbean,Upper middle income,SL.IND.EMPL.ZS,25.842352,19.74,19.690002,19.690002,19.690002,19.65,19.52,19.44,19.22,18.77,18.57,18.430002,18.46,18.57,18.77,18.92,19.22,19.52,19.66,19.83,20.0,20.66,20.66,19.64,19.79,19.83,19.41,19.42,19.99,20.12,24.397163
Comoros,Sub-Saharan Africa,Lower middle income,DT.TDS.DPPF.XP.ZS,2.5147579,15.671312,11.012235,3.7913468,6.5083103,1.785161,23.829384,26.901743,15.199186,14.067518,10.317653,13.903453,10.588569,4.6335,5.4034076,6.513726,5.560113,33.79472,15.399442,14.610446,4.7366853,3.8052027,13.198682,0.5415884,0.59186566,7.247071,5.5464873,2.9808207,3.887106,2.8909795,10.443171
Comoros,Sub-Saharan Africa,Lower middle income,EG.ELC.ACCS.ZS,63.169468,64.07104,68.79946,69.76632,63.4943,68.09417,28.9,32.762413,35.09453,37.421803,39.715355,42.018665,44.8,46.60488,48.892487,51.179558,53.46849,55.76196,58.06265,60.373283,69.80771,69.425804,69.3,69.76845,72.162796,74.57198,76.99304,79.423004,81.85891,84.297775,86.73714
Comoros,Sub-Saharan Africa,Lower middle income,GFDD.AI.01,10853.03,3760.1655,1862.6523,6503.0024,2696.6301,2969.9827,10509.903,10639.596,7927.746,7750.037,8355.152,8650.755,5667.089,-1119.4888,71.54547,62.168114,52.847878,46.005367,49.324207,62.724934,60.767406,80.28304,93.05577,106.11452,119.5526,124.32149,129.64879,126.656006,126.69628,138.21231,135.29834
Comoros,Sub-Saharan Africa,Lower middle income,GFDD.DI.04,83.3012,79.54884,79.932846,76.92777,71.12419,72.4791,66.63239,70.10986,65.4132,70.32343,71.376434,72.8733,71.3226,77.36993,77.2445,74.94102,71.22844,73.596985,74.82343,76.35954,76.66993,74.61126,77.21178,77.194855,78.71265,85.18887,83.61482,82.39209,83.406845,79.00416,74.13563
Comoros,Sub-Saharan Africa,Lower middle income,GFDD.DI.05,13.35129,13.357239,13.86103,13.390729,13.32029,11.078189,12.505429,11.98107,9.871944,10.487629,11.42032,14.45105,14.46713,13.06697,11.813279,13.61707,14.856369,15.43751,16.178188,18.028559,20.402819,20.8318,22.46175,21.73335,22.81784,26.55774,27.86371,27.21747,27.97217,27.93607,44.817616
Comoros,Sub-Saharan Africa,Lower middle income,GFDD.DI.06,1.5551001,2.068654,2.0732498,2.06491,2.6205702,2.406028,2.348799,2.285392,2.358983,2.18733,2.096934,1.6150709,1.759875,1.498523,1.266064,1.796427,2.1857681,2.133019,2.583246,2.94669,3.503792,3.764794,3.6031911,3.853825,3.762814,2.791853,3.4163811,3.676809,3.2432861,4.310306,5.39472
Comoros,Sub-Saharan Africa,Lower middle income,GFDD.DI.11,10.420146,10.844749,13.33586,11.191039,7.8214736,10.99992,19.821457,12.288101,25.288597,5.7312074,22.275587,12.817361,5.4737825,11.880157,10.7941675,9.642657,5.720259,32.216633,19.732058,18.501163,11.351698,15.111959,16.4806,11.379988,8.79062,14.449635,21.47846,12.036417,13.841976,21.145657,21.123007
Comoros,Sub-Saharan Africa,Lower middle income,GFDD.DM.11,51.47754,56.250443,46.44387,99.334785,36.612804,47.0828,53.075592,45.669582,36.224743,47.201412,46.836628,57.979183,43.726006,39.03515,52.539738,45.013493,71.074234,64.29153,64.982086,67.68307,33.253376,55.38596,83.98113,39.826263,55.972763,35.68113,95.537834,60.21362,70.3391,49.841118,71.18301
Comoros,Sub-Saharan Africa,Lower middle income,GFDD.EI.08,0.0467012,2.4273868,2.5022442,4.7940683,-1.3777497,0.14297883,0.2759353,0.0592638,0.2226434,0.32293952,0.16601682,0.15154111,0.041806,0.4059076,0.26816243,0.2306028,0.5425327,0.63381237,1.374521,0.79657066,1.139106,0.5461127,0.35074443,0.47102982,0.45513391,0.4465476,1.5016531,0.9450517,0.7143999,0.9203989,0.73694223
Comoros,Sub-Saharan Africa,Lower middle income,GFDD.OI.02,3.6282809,2.896116,3.1933,2.8930578,2.9749448,2.795524,2.952945,2.83198,2.595309,2.483466,3.007993,8.872549,9.756708,9.10918,8.281781,9.272939,10.397941,10.770881,12.4011,13.400371,14.876329,15.204169,16.738111,16.36124,16.78083,18.987791,21.00926,19.55628,20.20429,20.52533,22.92402
Comoros,Sub-Saharan Africa,Lower middle income,SH.STA.BRTC.ZS,80.32173,92.362724,89.17459,91.109,95.084564,101.17255,51.6,94.04346,92.19746,90.38879,61.799995,83.70789,93.59605,88.89844,93.80079,97.98238,97.47655,96.886894,83.3551,92.81987,99.63926,93.56991,82.2,99.54382,95.019844,99.51291,103.15043,97.3586,93.87726,84.13428,95.549385
Comoros,Sub-Saharan Africa,Lower middle income,SL.IND.EMPL.ZS,35.213192,15.57,15.45,15.310001,15.15,14.990001,14.83,14.69,14.56,14.45,14.380001,14.32,14.280001,14.250001,14.260001,14.660001,15.07,15.59,16.02,16.5,16.99,17.5,17.99,18.52,19.03,19.07,19.05,19.02,18.930002,18.83,18.136993
"Congo, Dem. Rep.",Sub-Saharan Africa,Low income,DT.TDS.DPPF.XP.ZS,9.461649,13.3663025,10.141682,7.5236545,9.977039,8.809612,7.8213267,9.2637825,6.868018,13.044201,11.136052,9.361135,5.407774,16.823828,11.664654,7.7846875,9.037128,7.5290685,7.598889,12.333728,3.0542061,2.440672,3.0535247,3.2872305,3.2118914,3.7288284,4.004556,3.368896,2.305469,7.136861,2.2698874
"Congo, Dem. Rep.",Sub-Saharan Africa,Low income,EG.ELC.ACCS.ZS,19.694117,25.42441,35.125732,19.68685,31.54266,20.209393,22.462729,24.469887,23.980494,22.375195,6.6999993,7.3143644,7.9158454,8.51209,9.105449,6.0000005,10.292965,15.2,11.498628,12.115015,12.744051,13.388444,15.4,14.733199,13.499999,16.148243,17.041838,17.91651,18.56829,19.1,19.1
"Congo, Dem. Rep.",Sub-Saharan Africa,Low income,GFDD.AI.01,4939.4033,-984.98956,4804.3706,4944.0415,4116.1714,2323.9272,5072.5776,3171.1677,6337.7764,4375.199,3482.4346,8534.383,5770.7896,755.6674,0.47279552,0.78408694,1.5291837,2.9173117,4.8545094,11.88567,12.014654,15.9969635,26.646822,33.906708,44.56143,48.87501,36.803474,38.803127,44.614975,3342.787,1017.02515
"Congo, Dem. Rep.",Sub-Saharan Africa,Low income,GFDD.DI.04,77.3959,73.39193,73.45834,52.900185,61.330975,79.45357,85.397156,89.88579,81.32776,76.14359,39.5,32.497078,47.82838,50.32782,35.28682,45.56689,59.7958,69.20348,79.06999,87.16932,99.40019,44.01296,51.17,59.08074,63.333134,66.39299,69.485466,71.21363,76.061066,73.48149,75.55465
"Congo, Dem. Rep.",Sub-Saharan Africa,Low income,GFDD.DI.05,31.572054,46.806934,16.119583,27.25619,29.70719,38.005424,37.495552,36.783245,33.419605,31.801981,3.423069,3.0554311,3.0851672,3.436224,5.118278,4.676291,6.09399,7.3470206,8.895054,9.833058,9.94605,9.71043,10.3261,11.449229,11.87404,12.29035,14.00665,12.6728,12.525929,15.539511,20.84375
"Congo, Dem. Rep.",Sub-Saharan Africa,Low income,GFDD.DI.06,3.2269,11.942197,6.977125,-0.39491564,10.077486,7.88788,12.214084,2.7823334,6.4800367,1.7451916,1.313183,1.051164,0.4780699,0.87967974,2.49352,1.690419,1.379272,1.119323,1.189071,0.6998904,0.026347099,5.28314,4.658638,4.186861,3.8026538,3.6036298,3.786379,2.527571,2.13827,2.6894128,2.778349
"Congo, Dem. Rep.",Sub-Saharan Africa,Low income,GFDD.DI.11,8.329937,8.024531,11.816429,2.9771745,12.202962,2.853896,9.157393,11.899818,9.384705,-1.0314957,8.678309,9.378747,12.959638,5.716354,8.990367,0.16807567,0.19503483,0.16188595,0.16430718,17.22802,15.572191,16.537022,7.7756867,8.453789,21.066454,10.271695,6.073813,12.492264,8.511501,6.267552,4.204748
"Congo, Dem. Rep.",Sub-Saharan Africa,Low income,GFDD.DM.11,62.38761,45.997765,69.64505,69.34345,39.953796,53.32979,37.429207,43.881847,72.50576,32.78137,28.393524,42.649857,41.006096,33.76268,24.887041,33.45837,40.682007,31.711813,47.562195,43.39164,21.740509,41.59985,37.157116,0.061199997,0.1641818,0.6066568,86.656715,0.228845,0.4207496,0.4029409,62.61477
"Congo, Dem. Rep.",Sub-Saharan Africa,Low income,GFDD.EI.08,3.2593293,3.159593,1.0030609,2.0300653,0.0831234,0.014233801,1.416704,2.3669837,2.2354615,1.0671262,0.1251595,0.043345604,0.0501171,0.4147534,0.4382989,0.3230387,0.3749988,0.34411862,0.3538581,0.4052537,0.514572,0.7654987,0.732969,0.8205275,0.8827845,0.8678814,1.2610321,0.8200758,0.9717541,1.330875,1.160232
"Congo, Dem. Rep.",Sub-Saharan Africa,Low income,GFDD.OI.02,18.136602,18.781237,24.698887,24.856874,3.3302763,17.241667,20.089888,19.476154,20.511497,21.195568,2.080477,1.22797,1.2829031,1.5741391,2.49808,2.4589908,3.3310797,4.61567,6.104351,7.23583,7.395767,7.057013,8.077476,9.136003,9.637973,10.08148,11.143681,10.22988,10.48693,12.793361,18.34319
"Congo, Dem. Rep.",Sub-Saharan Africa,Low income,SH.STA.BRTC.ZS,94.47087,92.01441,93.204414,99.53554,97.00864,91.886246,90.3077,94.779175,90.2373,98.782974,97.71524,60.7,92.04411,95.39368,93.07588,94.25187,92.87986,64.399994,93.7683,92.45151,74.1,97.959114,92.71485,96.12346,80.1,94.636406,94.03948,95.78736,94.77411,91.91609,98.53787
"Congo, Dem. Rep.",Sub-Saharan Africa,Low income,SL.IND.EMPL.ZS,11.526853,9.48,9.32,9.150001,8.98,8.870001,8.780001,8.57,8.43,8.24,8.08,8.120001,8.11,8.09,8.160001,8.21,8.280001,8.400001,8.48,8.59,8.69,8.81,8.96,9.140001,9.34,9.520001,9.59,9.660001,9.74,9.84,10.852088
"Congo, Rep.",Sub-Saharan Africa,Lower middle income,DT.TDS.DPPF.XP.ZS,31.377748,23.000942,11.9326,10.811667,52.184097,10.9343,19.718494,6.7825437,1.9747555,0.37913907,0.5599707,3.8220944,0.99253684,2.2858844,5.8000436,2.2471092,1.3445768,1.757876,1.979252,2.827655,1.44536,1.1696224,1.7583414,4.87995,5.2382383,8.262866,8.082474,11.012022,10.888501,5.837997,11.482739
"Congo, Rep.",Sub-Saharan Africa,Lower middle income,EG.ELC.ACCS.ZS,70.09296,49.466904,74.689926,69.26169,64.11508,74.20624,61.035515,46.68322,64.32006,45.653343,29.090015,30.063591,31.029583,31.990337,32.948208,33.8,34.864746,35.828472,36.79943,37.1,39.78862,40.72169,41.6,42.543972,43.43212,44.40165,45.508327,46.573948,47.416676,48.407475,49.5171
"Congo, Rep.",Sub-Saharan Africa,Lower middle income,GFDD.AI.01,800.2529,4469.1045,7527.672,4642.869,4255.7505,10498.761,5164.3643,5322.9,2729.378,4827.44,6718.3594,5166.2544,4673.379,5335.36,14.5893135,20.622189,20.676031,38.63959,41.578003,49.047077,54.7607,65.173225,88.908325,91.813065,117.26349,137.34557,137.83954,153.79005,4999.763,3323.7114,8479.473
"Congo, Rep.",Sub-Saharan Africa,Lower middle income,GFDD.DI.04,79.59377,97.20817,92.65095,81.218506,78.79395,92.55439,94.72608,88.303085,93.981964,90.05921,88.37257,91.27816,99.01981,89.0022,92.12405,100.260574,102.44783,96.633255,91.36007,79.81203,85.97841,96.18183,97.516975,98.154816,74.08542,67.55666,70.94675,70.42989,69.24878,68.35351,91.69264
"Congo, Rep.",Sub-Saharan Africa,Lower middle income,GFDD.DI.05,20.61903,18.15681,19.48297,14.60769,13.86977,12.9792,12.675449,13.457549,13.31396,12.96005,12.95523,11.586109,12.56832,12.70036,12.420519,13.06887,15.828159,17.00079,18.85922,22.493439,21.749529,25.7903,24.37522,25.08622,28.59306,31.87551,31.616291,26.09356,20.88572,22.75024,4.3344965
"Congo, Rep.",Sub-Saharan Africa,Lower middle income,GFDD.DI.06,6.968588,6.029807,8.436419,8.53722,6.727278,6.5839357,6.364531,7.356984,9.319451,7.4219785,4.9883924,7.775473,7.395664,8.715643,7.240644,5.351042,3.535419,4.055927,0.36556008,1.36927,0.87883806,0.2593398,0.2020651,0.1731491,4.115458,8.312664,9.692692,9.036097,7.6732717,8.090718,6.1628027
"Congo, Rep.",Sub-Saharan Africa,Lower middle income,GFDD.DI.11,7.5123124,10.735752,26.348143,21.566969,8.257711,20.669655,20.270205,23.454327,14.267859,27.878136,6.725769,31.7925,16.752998,30.020708,9.813465,23.221579,21.294188,17.242788,26.800205,0.41817003,0.38051102,0.45543405,0.43063232,0.53214246,0.7213417,0.9175407,1.1391633,0.8693313,0.7660654,12.264992,33.170944
"Congo, Rep.",Sub-Saharan Africa,Lower middle income,GFDD.DM.11,25.491404,60.81576,34.97773,30.473585,26.25756,26.068836,12.213469,7.4583507,40.431923,36.500122,34.41782,33.946415,33.072285,38.070595,35.12263,27.051178,36.290287,33.347733,26.898655,31.027008,21.42627,30.338854,29.781393,28.366798,37.02434,22.934425,37.897255,45.70792,41.311867,13.806623,48.19257
"Congo, Rep.",Sub-Saharan Africa,Lower middle income,GFDD.EI.08,8.463715,7.54196,7.320678,3.423825,3.5640972,3.478103,2.987833,2.60818,3.3975952,2.095632,1.437022,0.96766925,1.307921,0.91110027,1.23423,0.3269287,0.35720563,0.5983065,0.64399636,0.58871967,0.3023171,0.1576534,0.5572537,0.36809152,0.64396137,1.447211,4.474371,4.823844,3.346832,4.333676,4.884568
"Congo, Rep.",Sub-Saharan Africa,Lower middle income,GFDD.OI.02,12.1682005,11.9146805,12.35208,8.27973,7.4324017,5.993134,6.337001,6.937777,7.592959,6.361993,7.6133127,4.548655,6.473032,6.2005258,6.1750507,6.331885,8.439455,10.27906,11.038331,13.601211,14.11765,18.51874,17.91487,17.96434,20.978561,22.87346,22.87646,18.7823,14.961902,15.82234,38.827374
"Congo, Rep.",Sub-Saharan Africa,Lower middle income,SH.STA.BRTC.ZS,98.77531,88.77158,101.58037,93.42252,96.04767,102.670334,68.7332,105.726654,104.30676,97.17246,102.60087,96.11221,101.63526,97.2882,101.29361,83.399994,98.67802,104.76207,96.36954,96.989716,89.805756,96.97487,92.5,100.670784,100.02705,91.2,100.91702,96.784485,103.078026,105.679955,98.8172
"Congo, Rep.",Sub-Saharan Africa,Lower middle income,SL.IND.EMPL.ZS,33.448,25.66,25.48,25.33,25.170002,25.01,24.780003,24.540003,24.45,24.210001,23.92,23.85,23.79,23.73,23.560001,23.410002,23.33,23.300001,23.22,23.320002,23.1,23.080002,22.96,22.85,22.73,22.68,22.48,22.190002,21.81,21.47,26.227865
Costa Rica,Latin America & Caribbean,Upper middle income,DT.TDS.DPPF.XP.ZS,22.620806,15.815213,18.37985,15.223072,12.281501,15.4281435,13.0029,11.405092,8.847797,7.6308236,8.303081,9.282873,9.033835,10.2299185,7.558973,5.189652,3.6005275,3.319033,8.712586,7.157386,4.34323,5.851,6.1190176,8.586962,6.7614875,6.5353265,5.493989,5.6727734,7.1931815,7.6694374,8.132007
Costa Rica,Latin America & Caribbean,Upper middle income,EG.ELC.ACCS.ZS,95.19635,104.57091,93.004196,104.10536,101.68046,106.0974,110.15014,108.16439,99.52099,95.45843,96.94,98.24978,98.509186,98.6959,98.95478,99.053055,99.14752,99.217995,99.26394,99.409805,98.995735,99.232346,99.503296,99.56352,99.35929,99.409805,99.5,99.600006,99.7,99.71001,99.90001
Costa Rica,Latin America & Caribbean,Upper middle income,GFDD.AI.01,1703.3271,24668.584,9918.263,8832.899,11124.455,3621.899,14901.628,14644.36,9178.461,20189.133,12288.854,15255.203,4570.1787,1403.4076,642.39966,712.7467,721.4298,1053.7906,1014.05023,950.1472,973.56494,987.92725,988.9253,993.02527,1031.1597,1091.4,1181.2306,1247.8883,1337.9448,1447.4634,1456.1285
Costa Rica,Latin America & Caribbean,Upper middle income,GFDD.DI.04,60.81371,59.36222,66.72024,71.77719,73.81511,67.24984,57.75082,61.45642,66.11735,77.07251,85.192154,94.16295,95.34698,95.94235,96.58676,96.84854,97.45584,98.3709,98.86838,99.077965,99.24316,99.43481,99.6009,99.7473,99.876976,99.999916,92.04541,75.296974,97.85898,94.52585,99.99309
Costa Rica,Latin America & Caribbean,Upper middle income,GFDD.DI.05,42.822197,33.969738,32.259533,31.402592,31.684399,26.268261,33.24071,14.98446,15.029819,16.905241,18.45476,20.54327,21.68643,22.958189,24.117989,23.34025,24.57966,24.84617,26.22709,26.20137,25.845621,25.575281,24.685108,25.58084,25.96547,27.14953,27.96755,27.108688,27.71032,28.18321,38.687378
Costa Rica,Latin America & Caribbean,Upper middle income,GFDD.DI.06,13.24477,8.905498,6.6873555,5.925089,5.771893,5.941169,12.73011,12.21808,11.80511,7.732895,5.129121,2.002549,1.775556,1.6275041,1.494,1.386741,1.129279,0.7755054,0.5949146,0.48127338,0.3769258,0.2911351,0.2113798,0.1398924,0.0724465,5.3300002e-05,8.779011,4.731472,3.4398968,5.782663,0.0049666
Costa Rica,Latin America & Caribbean,Upper middle income,GFDD.DI.11,6.4640574,6.425701,6.741754,4.992786,1.8660831,5.5488396,10.536825,6.7819123,4.319899,0.88028896,9.508701,6.578762,4.8689375,1.2446337,1.2370342,1.4429328,1.5091292,1.7068118,1.7894406,2.1780708,5.8372517,6.2019873,6.2497463,6.4205303,6.613197,6.4502316,6.6389823,6.5921845,6.6708636,6.788645,7.097988
Costa Rica,Latin America & Caribbean,Upper middle income,GFDD.DM.11,-0.019480437,37.48911,41.89513,36.745533,35.973827,44.95852,26.26251,17.839703,36.54872,22.877337,28.796906,20.68121,20.257654,17.371555,48.940716,4.58617,5.426238,6.111649,4.071989,6.488152,6.354541,5.4015985,4.933228,5.1681657,5.573997,5.437421,5.100834,6.31585,6.468935,6.5410624,6.758834
Costa Rica,Latin America & Caribbean,Upper middle income,GFDD.EI.08,4.7178164,2.003201,0.95241165,0.732304,2.294605,1.47803,3.8009253,4.6812663,3.981136,3.542376,4.005446,4.066012,6.00577,6.8933144,10.437069,7.277065,5.823123,3.5312169,3.2407968,4.728057,5.769893,5.748963,5.832541,6.099562,6.32493,7.585245,8.064272,8.599882,7.948285,8.778778,12.53163
Costa Rica,Latin America & Caribbean,Upper middle income,GFDD.OI.02,35.556217,29.160538,27.257711,26.733511,26.84231,21.9597,29.08576,11.060591,11.048571,12.30671,14.92545,16.944641,18.57645,19.86881,21.02791,22.18225,23.69852,23.619822,22.696531,24.87585,24.827019,24.36503,23.589739,24.534151,25.12701,26.24996,26.88132,25.836071,26.597021,27.382702,37.64637
Costa Rica,Latin America & Caribbean,Upper middle income,SH.STA.BRTC.ZS,83.01122,90.28985,97.99999,97.0,97.00153,96.01763,89.87739,99.34955,97.99999,98.200005,96.6,97.99999,98.5,98.200005,98.5,98.5,98.6,98.7,99.100006,99.100006,95.299995,98.4,98.899994,99.00001,99.200005,90.0,98.799995,98.7,99.00001,103.32889,95.913956
Costa Rica,Latin America & Caribbean,Upper middle income,SL.IND.EMPL.ZS,31.54771,26.33,26.170002,25.68,26.1,24.060001,23.320002,23.64,23.02,23.27,22.430002,23.42,22.580002,22.280003,22.080002,21.63,21.76,22.26,21.66,20.080002,19.64,19.25,18.170002,16.49,17.68,19.15,18.61,18.450003,19.670002,18.800001,26.928358
Cote d'Ivoire,Sub-Saharan Africa,Lower middle income,DT.TDS.DPPF.XP.ZS,19.06143,22.353174,18.713066,19.37419,22.054005,19.113459,17.420246,12.063923,16.485233,18.575642,15.848253,8.011114,9.913839,6.173442,2.854978,1.3486196,0.80870944,2.070327,7.005885,7.2991657,3.9650786,3.1246667,2.4401193,4.0451407,4.2551684,3.5584538,9.149319,14.192778,9.450296,18.577692,17.091951
Cote d'Ivoire,Sub-Saharan Africa,Lower middle income,EG.ELC.ACCS.ZS,78.21527,76.61639,76.9725,76.859566,36.5,43.631252,44.648212,45.66177,46.671246,48.2,48.68947,49.655857,51.4,51.568233,52.518913,58.899998,60.17105,55.37762,60.3,57.31511,58.301468,55.799995,55.799995,61.36259,61.899998,62.6,64.3,65.6,67.14739,68.45956,69.67912
Cote d'Ivoire,Sub-Saharan Africa,Lower middle income,GFDD.AI.01,8079.717,-804.83167,8329.974,5948.966,7105.7876,-1223.3141,2108.7288,2710.4128,6226.55,13962.454,3648.8225,11010.94,2173.8198,6275.9688,75.56431,78.33117,71.03241,72.503365,79.99942,101.87059,127.1056,213.77933,178.79214,181.86902,198.63106,188.55438,211.67517,262.7719,259.9523,262.30814,298.132
Cote d'Ivoire,Sub-Saharan Africa,Lower middle income,GFDD.DI.04,81.98565,82.26702,82.85598,80.15338,72.51703,78.148415,76.47279,77.67629,73.64685,71.09915,73.08384,76.24429,75.73724,76.76562,80.63503,82.6518,86.43839,88.33548,88.48934,81.5101,83.56438,80.72835,80.79613,82.6884,84.75285,86.58772,86.62654,87.87676,88.70501,89.21744,86.7733
Cote d'Ivoire,Sub-Saharan Africa,Lower middle income,GFDD.DI.05,28.76196,28.59367,28.33075,26.37548,26.234228,26.04146,16.0747,15.261999,14.72537,14.422509,13.98276,14.945749,19.17695,14.27981,15.58773,16.4194,17.37447,20.60644,19.72084,22.03555,24.02026,26.57638,26.49321,25.91066,26.31898,27.915619,27.63579,28.63335,30.18369,31.406841,37.06646
Cote d'Ivoire,Sub-Saharan Africa,Lower middle income,GFDD.DI.06,8.516907,8.278157,8.100266,8.733415,9.385457,6.967593,4.756974,4.265239,4.944071,5.133338,4.572006,3.9888809,3.973072,3.510441,2.9621732,2.532212,2.029495,1.918024,1.766626,3.23441,3.070863,3.8357258,4.038894,3.785027,3.5792499,3.4715803,3.840413,3.789175,3.653362,3.572784,5.188136
Cote d'Ivoire,Sub-Saharan Africa,Lower middle income,GFDD.DI.11,4.4726853,1.8036975,3.1724977,5.977485,3.2859316,4.933257,0.9891475,10.416781,6.5711117,12.535904,2.9884422,2.0014267,1.9218082,1.7456735,2.1466248,2.3326566,2.3069997,2.6030715,2.513894,2.491585,2.5992606,2.8883662,2.685874,2.561596,2.451399,2.3793025,2.4232156,2.521771,2.4964113,7.924383,5.0881157
Cote d'Ivoire,Sub-Saharan Africa,Lower middle income,GFDD.DM.11,49.03229,55.93137,28.223825,103.91079,78.20401,76.9834,44.52066,97.13194,59.39705,25.222605,55.978283,57.522316,101.943214,67.7196,76.752754,1.665506,1.888177,2.00704,1.663901,1.778062,1.6760269,89.28477,114.694115,56.391098,91.52507,95.45136,65.6483,0.177334,2.189471,2.659889,68.701675
Cote d'Ivoire,Sub-Saharan Africa,Lower middle income,GFDD.EI.08,1.8852971,2.031169,5.557475,5.196623,4.935209,4.8899093,4.81561,4.397986,4.011479,3.633834,3.0852349,2.972165,2.6398609,2.657175,2.5918121,3.71279,3.210081,3.14892,2.416421,2.7068639,3.6796758,4.212845,4.262613,4.636397,5.50181,5.7153125,7.1443596,7.903727,9.322234,9.934477,12.803849
Cote d'Ivoire,Sub-Saharan Africa,Lower middle income,GFDD.OI.02,19.50649,19.81093,19.69503,17.59062,17.66493,17.77635,10.910271,9.78241,9.046546,9.075432,8.6297655,8.309958,9.7641735,9.558873,10.091781,10.35212,11.01191,12.749701,12.44942,13.41341,14.5006895,17.402,17.53925,17.38276,18.32971,19.688662,19.619019,20.92923,22.59575,23.53886,27.702162
Cote d'Ivoire,Sub-Saharan Africa,Lower middle income,SH.STA.BRTC.ZS,91.83446,98.071434,82.76984,94.16032,45.4,89.778595,87.62709,85.97716,86.775566,47.1,62.799995,94.555435,93.50081,95.87164,68.0,55.1,56.8,92.05709,93.1413,95.24033,91.41188,89.24423,59.4,92.701164,99.56767,93.61144,73.6,102.13654,85.11569,102.874725,83.98622
Cote d'Ivoire,Sub-Saharan Africa,Lower middle income,SL.IND.EMPL.ZS,23.84967,13.43,13.36,13.270001,13.17,13.1,13.04,13.07,12.910001,12.79,12.640001,12.280001,12.07,11.870001,11.740001,11.58,11.43,11.370001,11.280001,11.33,11.260001,11.32,11.520001,11.82,11.98,12.1,12.260001,12.520001,12.73,12.86,19.42137
Croatia,Europe & Central Asia,High income,DT.TDS.DPPF.XP.ZS,26.058304,35.883926,40.747585,15.800943,49.63608,8.999801,27.212698,13.816664,23.53703,19.214296,29.77909,63.3431,14.055992,18.94813,18.858568,20.046158,35.46826,28.150944,20.174818,29.475035,43.417774,20.52329,37.86133,36.948032,23.560684,24.848412,26.524982,18.086908,14.280651,42.008816,37.27996
Croatia,Europe & Central Asia,High income,EG.ELC.ACCS.ZS,100.0,100.0,100.0,100.0,100.0,100.0,100.0,100.0,100.0,100.0,100.0,100.0,100.0,100.0,100.0,100.0,100.0,100.0,100.0,100.0,100.0,100.0,100.0,100.0,100.0,100.0,100.0,100.0,100.0,100.0,100.0
Croatia,Europe & Central Asia,High income,GFDD.AI.01,15228.954,16218.447,14850.282,7243.189,17595.684,38994.84,14327.526,7197.373,43317.426,13423.505,15874.01,13167.467,13272.094,16524.164,15051.812,10937.457,9990.557,14685.977,2599.0427,15483.053,1484.9108,1488.189,1400.7964,1414.5924,1411.0057,1433.141,1449.0522,1437.7393,1441.3711,1449.3704,1437.4441
Croatia,Europe & Central Asia,High income,GFDD.DI.04,97.5806,103.6384,92.405655,96.6946,110.46113,99.222595,99.565414,99.961784,99.99355,99.58284,99.636795,99.92011,99.97412,99.97611,99.977486,99.97939,99.98261,99.98673,99.988556,99.98878,99.99041,99.91312,99.992096,99.99412,99.99375,99.993324,99.99288,99.99256,99.992386,99.991936,94.24574
Croatia,Europe & Central Asia,High income,GFDD.DI.05,59.29,60.37695,86.00317,66.83309,80.198524,20.65251,27.99379,34.154808,34.89725,33.388863,40.1494,54.58334,54.44956,54.88196,55.58426,57.13494,61.820724,66.78736,64.84647,67.71067,76.516685,76.47139,69.02257,67.73973,68.478226,69.87071,70.62149,70.09493,72.324844,71.24456,86.56371
Croatia,Europe & Central Asia,High income,GFDD.DI.06,7.815895,2.5297337,3.3577702,0.58131343,6.0731454,0.3290582,0.1680912,0.0164403,0.0029246,0.1782798,0.16013761,0.0388106,0.0143465,0.013429901,0.0131691,0.0134335,0.0123254,0.0097377,0.0089035,0.0093917,0.0087545,0.0831688,0.0080492,0.0056555,0.0059649004,0.006104,0.0061811996,0.0059083,0.0058844998,0.0060646,5.255577
Croatia,Europe & Central Asia,High income,GFDD.DI.11,9.053697,17.564398,8.976673,20.080978,-1.0416456,12.844867,10.328916,16.659565,15.939253,16.769358,4.7656503,4.9810514,5.2067842,5.4090915,5.6899242,6.0814004,6.622372,7.1573462,7.3577433,8.375909,9.0646,9.478299,10.176556,10.27241,10.929617,11.005918,11.064185,10.967599,10.730192,11.040473,12.558198
Croatia,Europe & Central Asia,High income,GFDD.DM.11,15.036344,42.659195,17.893682,13.036325,-3.090649,27.686682,16.283304,29.308823,17.87879,0.2231109,0.3329386,0.8623192,3.067177,2.129771,4.310894,4.6075916,4.8730817,3.529768,3.948949,5.494102,5.056361,3.443018,4.285425,4.152698,4.2567577,4.3454947,4.130125,4.427869,4.194506,5.564444,7.048028
Croatia,Europe & Central Asia,High income,GFDD.EI.08,39.201794,23.320911,14.814593,30.762592,19.02758,16.184269,14.356669,11.946249,10.851319,11.2622795,12.52544,13.289519,13.408219,12.257209,11.841208,14.408609,13.56812,13.013509,14.785739,17.41961,23.66004,26.420168,31.81655,27.41169,28.16648,27.720188,27.44294,23.05274,22.64568,22.12027,26.315388
Croatia,Europe & Central Asia,High income,GFDD.OI.02,62.46333,30.64824,64.03676,50.32612,60.33717,17.77982,24.62133,30.522789,31.35596,29.845,36.474148,50.19317,49.896427,50.37452,51.25132,52.668537,56.90014,61.858814,59.96301,62.8955,71.81773,71.200516,63.75419,62.55451,62.95468,63.9245,64.150925,63.091938,64.971756,63.58835,77.28134
Croatia,Europe & Central Asia,High income,SH.STA.BRTC.ZS,99.8,99.8,99.8,99.8,99.8,99.9,99.8,99.9,99.9,99.9,99.9,99.9,99.9,99.9,99.9,99.9,99.9,99.9,99.9,99.9,99.9,99.9,99.9,99.9,99.9,99.9,99.9,99.9,100.13717,97.39013,94.784935
Croatia,Europe & Central Asia,High income,SL.IND.EMPL.ZS,31.77475,29.99,29.12,28.79,29.040003,29.01,29.150002,29.540003,29.49,29.09,29.170002,29.69,29.82,30.249998,29.64,28.63,29.35,30.639997,30.85,29.01,27.45,27.95,27.910002,27.63,26.98,26.71,26.97,26.42,27.42,27.670002,32.600677
Cuba,Latin America & Caribbean,Upper middle income,DT.TDS.DPPF.XP.ZS,36.488308,22.346203,24.661627,17.191868,37.56685,20.205175,23.237234,29.339386,29.375853,32.24784,32.832607,16.228256,23.530281,13.846828,38.186203,31.166233,19.968622,29.550045,17.817518,16.59426,14.454135,20.237267,28.033407,14.212198,9.254535,43.050007,24.387999,23.65845,5.3777375,23.520788,24.837038
Cuba,Latin America & Caribbean,Upper middle income,EG.ELC.ACCS.ZS,93.116684,106.56749,103.16005,99.28707,95.217354,96.45578,84.34775,96.48632,95.1196,96.82207,97.0,96.22626,95.5,96.51303,96.65091,96.78825,96.927475,97.07121,97.22218,97.383095,97.55665,97.74557,97.95255,98.17937,98.42399,98.68346,98.95479,99.23503,99.52122,99.8,100.0
Cuba,Latin America & Caribbean,Upper middle income,GFDD.AI.01,13763.573,16177.272,16196.844,11074.029,15308.733,18242.615,15321.81,18479.271,16306.1,11151.925,18412.457,11454.449,14011.174,17738.885,11822.703,8548.534,11173.015,20697.273,12630.773,18316.633,29487.592,15602.96,10905.699,5159.227,9742.989,8780.31,6704.9316,9774.657,11535.8125,12335.468,12689.76
Cuba,Latin America & Caribbean,Upper middle income,GFDD.DI.04,49.01651,75.870224,57.687714,51.38586,48.9799,78.93043,56.646313,59.048256,59.812946,50.347267,51.18374,53.727783,54.58425,65.714424,47.132706,68.49782,57.556736,64.45304,38.587944,69.47067,54.971565,64.4934,80.50579,78.24873,60.090523,55.36777,54.48779,72.4054,45.876236,70.60766,61.911488
Cuba,Latin America & Caribbean,Upper middle income,GFDD.DI.05,60.950153,77.51264,73.91249,115.66556,76.229645,69.43685,54.58993,82.02186,85.3076,87.858696,76.80844,53.666008,85.88873,57.196484,77.15645,90.453835,77.094154,86.862175,88.26121,74.74901,69.257515,76.46334,72.49991,80.512955,83.28192,77.43125,66.55313,78.83699,54.791454,106.99202,90.38977
Cuba,Latin America & Caribbean,Upper middle income,GFDD.DI.06,12.844334,12.986424,10.223956,11.23289,20.500835,23.875822,14.685336,13.451119,12.599126,11.997111,16.54874,24.599949,12.917878,12.662573,6.015779,14.163498,16.865587,11.79749,9.307351,15.18739,16.755339,13.397769,10.219162,11.461048,9.747475,10.948616,10.530364,5.3781824,15.567137,31.85667,17.12864
Cuba,Latin America & Caribbean,Upper middle income,GFDD.DI.11,30.086683,31.536915,22.922903,19.05966,39.00372,30.73239,32.979954,19.396484,34.32616,34.45476,14.219639,36.52121,18.97501,34.05351,29.94922,32.76758,18.998793,29.931715,22.69368,42.69693,17.59384,17.044197,37.240494,35.06465,30.062542,25.844313,43.827065,45.656567,39.05963,33.952206,76.421684
Cuba,Latin America & Caribbean,Upper middle income,GFDD.DM.11,70.88759,46.439304,29.51572,42.767918,29.515285,87.794685,63.683342,69.814026,89.47952,70.489426,34.909378,96.4581,100.1721,55.05754,85.82309,48.808216,58.01987,78.29859,195.47937,87.15033,42.81211,39.408657,46.88447,66.96766,94.551094,53.82648,83.25023,81.76021,67.93629,60.90406,-13.033374
Cuba,Latin America & Caribbean,Upper middle income,GFDD.EI.08,7.9670243,20.651941,17.27324,7.3074417,21.14163,11.072201,26.642462,11.689268,14.0218935,19.551273,16.344625,38.305305,7.6672034,7.407285,36.088142,14.458984,11.489731,10.082707,13.0419,13.680462,10.811237,11.492904,10.557191,11.906598,11.132817,9.217609,11.402883,20.991533,29.58827,13.004802,36.401752
Cuba,Latin America & Caribbean,Upper middle income,GFDD.OI.02,53.45118,63.56853,39.002728,31.525312,31.321081,55.52388,40.13603,56.247772,43.321293,46.259453,47.106766,49.515842,44.796944,49.553837,46.834614,28.609089,37.434776,32.94298,64.0174,46.544262,47.949104,45.315838,36.75576,60.822636,52.36522,58.62486,37.863953,34.475403,42.750973,58.51454,38.300777
Cuba,Latin America & Caribbean,Upper middle income,SH.STA.BRTC.ZS,99.8,99.8,99.8,99.8,99.8,99.8,99.8,99.9,99.9,99.9,99.9,99.9,99.9,99.9,99.9,99.9,99.9,99.9,99.9,99.9,99.9,99.9,99.9,99.9,99.4,99.9,99.9,99.9,99.9,102.035095,100.62521
Cuba,Latin America & Caribbean,Upper middle income,SL.IND.EMPL.ZS,19.560385,29.25,28.94,27.53,25.64,22.9,22.9,22.9,20.800001,19.09,19.09,18.820002,18.53,18.300001,18.18,18.15,18.16,18.03,18.09,17.57,17.07,17.15,19.18,17.2,16.9,17.1,17.080002,17.03,17.12,17.11,19.60894
Cyprus,Europe & Central Asia,High income,DT.TDS.DPPF.XP.ZS,24.263674,32.149372,24.787386,17.288176,18.923542,23.752537,48.11189,23.854502,17.114557,16.943535,49.76286,55.156788,23.95719,37.95815,33.124313,17.733652,33.42209,63.325893,38.552036,24.260296,20.415401,12.565655,33.585518,12.212352,20.948662,26.006586,34.65245,23.67092,30.009737,29.531454,20.61633
Cyprus,Europe & Central Asia,High income,EG.ELC.ACCS.ZS,100.0,100.0,100.0,100.0,100.0,100.0,100.0,100.0,100.0,100.0,100.0,100.0,100.0,100.0,100.0,100.0,100.0,100.0,100.0,100.0,100.0,100.0,100.0,100.0,100.0,100.0,100.0,100.0,100.0,100.0,100.0
Cyprus,Europe & Central Asia,High income,GFDD.AI.01,21497.285,9017.516,7181.2026,10649.443,16625.58,11679.668,23896.389,8843.597,17871.191,22959.723,19306.459,15772.151,9758.114,7405.6284,14294.363,13479.533,10766.293,14634.615,12191.241,15267.786,8748.063,16821.803,4783.36,8344.897,16670.637,864.81757,897.04675,1411.4647,1414.6508,1513.2596,1438.4813
Cyprus,Europe & Central Asia,High income,GFDD.DI.04,93.86288,93.111305,90.124,91.56674,92.61479,90.22336,91.989006,92.90258,93.11594,94.64204,93.040924,93.91378,92.06989,92.74888,92.93951,93.76865,94.49487,95.46116,99.39989,99.52152,99.468094,99.564804,99.63437,99.61269,99.53845,99.41555,99.388565,99.512695,99.709694,99.66803,99.6964
Cyprus,Europe & Central Asia,High income,GFDD.DI.05,131.89938,58.662937,101.46555,106.28893,72.59821,110.07893,63.991756,69.993996,48.12118,106.431244,120.80427,109.3758,64.21047,26.424915,110.426674,121.28952,153.06645,147.65953,92.44075,124.40511,86.40717,108.67918,127.07041,132.86946,184.05547,160.57195,108.16431,123.37488,103.39108,132.0712,141.35555
Cyprus,Europe & Central Asia,High income,GFDD.DI.06,7.282544,9.003627,13.38168,12.4374695,10.91626,13.511399,12.21577,11.394421,11.25891,9.392426,12.42804,6.353389,8.662708,7.8991537,7.5666122,12.251809,10.99375,9.799219,0.115731,0.117801405,0.1236476,0.116143994,0.1234517,0.1166991,0.1204805,0.1118318,0.1056563,0.0938489,0.0786578,0.0738812,0.0740127
Cyprus,Europe & Central Asia,High income,GFDD.DI.11,11.765909,9.517805,5.6176653,19.812878,17.81215,13.146479,9.387435,16.854746,20.053173,16.957376,13.999218,11.830423,20.157238,5.8571887,6.1199718,14.58133,12.958294,15.543773,13.040692,14.781727,14.272199,15.408347,13.465871,13.4442425,14.440866,13.822566,18.485483,17.187967,16.138105,16.275782,17.32598
Cyprus,Europe & Central Asia,High income,GFDD.DM.11,57.2839,62.31963,100.62501,58.44125,65.31086,65.76502,88.55741,111.67623,72.22765,66.72555,6.3912888,8.229427,21.46542,21.63199,28.64314,34.45564,63.114723,51.15197,165.69,250.4999,201.84601,129.2592,109.8818,50.036358,38.60239,41.7794,44.6604,51.04207,49.08899,56.04269,66.0588
Cyprus,Europe & Central Asia,High income,GFDD.EI.08,6.857807,6.945345,6.575538,9.425471,9.180997,6.1282225,9.185351,10.08894,9.616426,10.28485,8.683263,13.5115595,13.08079,14.888419,13.368079,27.829678,25.89997,25.53739,19.169289,24.502699,23.12213,26.57169,33.64063,30.013948,25.9837,19.022629,17.174398,19.16498,27.01665,22.181719,24.382349
Cyprus,Europe & Central Asia,High income,GFDD.OI.02,107.686,118.5361,116.985306,129.28911,131.3834,119.77781,127.823906,135.58821,137.0162,148.3403,150.44841,89.5631,94.89113,93.508224,91.54167,145.34181,151.27501,166.7066,169.67163,170.08626,114.96706,160.92159,157.10133,185.23154,155.73659,166.21657,146.05162,156.17668,162.74403,250.6366,145.59492
Cyprus,Europe & Central Asia,High income,SH.STA.BRTC.ZS,100.0,100.0,100.0,100.0,100.0,100.0,100.0,100.0,100.0,100.0,97.899994,111.905685,103.95837,99.00001,95.700005,99.3,98.5,98.3,97.200005,98.3,98.6,98.3,98.7,99.9,97.4,97.1,95.600006,96.0,98.3,104.096924,112.389946
Cyprus,Europe & Central Asia,High income,SL.IND.EMPL.ZS,27.603327,29.34,28.5,27.14,26.15,25.53,25.03,24.540003,24.37,24.11,23.77,23.690002,23.18,22.88,23.38,24.05,22.65,22.52,23.05,21.820002,20.4,20.9,20.170002,17.560001,16.52,16.23,17.05,17.05,16.66,18.44,20.271381
Czech Republic,Europe & Central Asia,High income,DT.TDS.DPPF.XP.ZS,37.452343,37.40262,53.769787,36.68976,21.124834,40.93695,40.355125,54.99108,49.652042,36.664955,22.442896,46.39012,24.542076,33.961586,23.029394,43.357742,63.72228,40.49055,33.685528,36.413174,24.725668,29.297964,49.760857,19.471952,48.1422,38.671,36.89498,32.307037,31.763634,31.112206,65.16929
Czech Republic,Europe & Central Asia,High income,EG.ELC.ACCS.ZS,100.0,100.0,100.0,100.0,100.0,100.0,100.0,100.0,100.0,100.0,100.0,100.0,100.0,100.0,100.0,100.0,100.0,100.0,100.0,100.0,100.0,100.0,100.0,100.0,100.0,100.0,100.0,100.0,100.0,100.0,100.0
Czech Republic,Europe & Central Asia,High income,GFDD.AI.01,47583.195,25053.74,13637.734,37861.207,30641.402,35011.855,19609.049,15572.876,26063.885,34641.016,21912.684,20191.254,19336.826,29676.637,29209.19,21085.111,12117.336,28957.953,10302.351,16307.694,20775.52,25437.75,14480.987,16217.323,24153.104,19991.182,21436.826,24115.977,21105.416,23531.613,21687.531
Czech Republic,Europe & Central Asia,High income,GFDD.DI.04,87.28172,96.93761,98.51412,94.49942,96.05205,98.80339,99.57085,98.34122,96.26485,95.124214,96.43495,95.771194,95.98451,96.6114,96.82385,98.061935,99.511765,99.59835,99.646,99.97806,99.97815,99.98511,99.986465,99.99436,99.99464,99.994064,99.99545,99.99512,99.99442,99.993355,99.99318
Czech Republic,Europe & Central Asia,High income,GFDD.DI.05,91.53745,89.00407,61.450447,58.530453,60.9585,68.0106,63.17254,59.605186,56.30709,55.313396,60.579403,62.318302,63.84997,65.34842,62.575794,63.555824,64.99854,67.084854,69.5238,68.51064,69.12247,69.81207,72.68075,75.903076,76.64165,77.73394,79.84791,82.706024,83.06735,82.54061,92.288025
Czech Republic,Europe & Central Asia,High income,GFDD.DI.06,6.045591,9.33028,0.25019622,3.9566438,2.9808297,0.88579285,0.29634932,1.123175,2.248797,2.712408,1.7781581,2.03243,1.828702,1.64933,1.4410189,0.9098186,0.2458311,0.2250274,0.2138585,0.0130996,0.013599199,0.009822,0.0093913,0.0039104,0.0036586998,0.00387,0.0028977,0.0029546001,0.0034383002,0.0039721,0.0046361
Czech Republic,Europe & Central Asia,High income,GFDD.DI.11,12.464726,8.796153,6.404458,3.481577,14.524279,11.554427,10.220058,-34.171684,8.541765,13.430125,4.6870265,5.2279334,7.383067,9.158825,7.814837,9.450661,9.143837,8.941758,9.13176,10.025336,10.678892,10.720432,11.470985,11.56517,11.215742,10.444139,10.252712,10.011333,9.614032,8.412148,8.656822
Czech Republic,Europe & Central Asia,High income,GFDD.DM.11,9.981646,25.113554,13.759424,20.664673,20.086649,16.220654,22.553076,21.599571,18.921465,1.6217209,3.773247,4.736823,7.583525,11.55231,11.05053,9.514925,10.11109,10.524441,6.8850527,7.0862513,6.281837,5.718298,7.379395,7.042097,7.4277387,8.20814,7.6899657,7.678155,5.955519,5.696495,6.498708
Czech Republic,Europe & Central Asia,High income,GFDD.EI.08,7.2281876,8.625649,19.497797,6.561841,6.8707123,8.202562,5.67794,3.148308,3.415732,4.161519,4.940696,10.49906,16.93385,19.3104,15.12828,13.25937,12.920739,12.106899,12.265479,14.714639,15.897989,17.61143,19.948019,18.84114,18.92449,15.52749,12.71143,9.77756,10.171789,9.571671,14.975989
Czech Republic,Europe & Central Asia,High income,GFDD.OI.02,70.84308,55.745724,69.08524,52.89417,53.295338,57.181248,53.64098,53.42371,50.32032,48.22129,53.32428,55.26976,56.36382,57.4489,54.79139,55.458187,56.56075,58.608166,60.39635,59.42612,60.040794,60.34586,63.03112,66.03354,66.673454,67.61345,69.06567,71.949936,72.37445,72.14381,80.494316
Czech Republic,Europe & Central Asia,High income,SH.STA.BRTC.ZS,100.0,100.0,100.0,100.0,100.0,100.0,100.0,100.0,99.9,99.9,99.8,99.8,99.8,99.8,99.8,99.8,99.7,99.7,99.6,99.6,99.7,99.9,99.9,99.8,99.8,98.567566,106.581314,99.8,99.28343,93.257416,106.52219
Czech Republic,Europe & Central Asia,High income,SL.IND.EMPL.ZS,36.793636,44.93,44.1,43.54,42.69,42.25,42.01,41.56,41.51,40.56,39.95,40.53,40.13,39.88,39.3,39.49,39.97,40.22,40.53,38.57,37.990005,38.45,38.12,37.51,38.04,38.030003,38.07,38.06,37.5,37.25,39.900074
Denmark,Europe & Central Asia,High income,DT.TDS.DPPF.XP.ZS,19.780508,7.576578,8.805138,13.017547,13.062715,14.790322,14.8552885,12.087548,13.095417,14.3718405,8.122359,9.930638,10.298334,3.2121072,14.109675,13.105528,9.218693,1.5962324,11.216697,11.8208,16.201513,9.014011,11.82303,10.3752775,7.7941003,22.579554,14.828753,3.5945415,11.476286,10.389282,9.261811
Denmark,Europe & Central Asia,High income,EG.ELC.ACCS.ZS,100.0,100.0,100.0,100.0,100.0,100.0,100.0,100.0,100.0,100.0,100.0,100.0,100.0,100.0,100.0,100.0,100.0,100.0,100.0,100.0,100.0,100.0,100.0,100.0,100.0,100.0,100.0,100.0,100.0,100.0,100.0
Denmark,Europe & Central Asia,High income,GFDD.AI.01,6321.08,13285.406,11187.794,9844.74,8539.199,24929.705,14915.8125,9709.68,18280.633,9054.822,6683.54,9206.0205,10341.498,3955.7559,35320.027,8982.075,52533.38,4698.1567,4368.24,8408.887,9245.316,12617.757,6518.0796,17913.826,10376.56,24835.615,-4176.8687,10099.803,4716.977,10279.821,12577.805
Denmark,Europe & Central Asia,High income,GFDD.DI.04,97.74876,96.474335,98.270485,97.41791,94.85309,96.15936,95.0667,95.82592,96.52164,96.56339,99.12093,99.12151,99.15682,99.2385,99.36088,99.617355,99.64,99.858086,99.9005,99.925804,99.966736,99.98143,99.978226,99.98701,99.99564,99.99654,99.99831,99.998825,99.999466,105.55383,80.58097
Denmark,Europe & Central Asia,High income,GFDD.DI.05,56.88926,56.80214,54.39885,64.73668,54.49035,55.46378,57.13921,57.940807,57.855553,54.774788,48.60277,48.69795,49.36906,51.38472,54.423508,60.004734,62.016575,67.2847,70.00894,67.909706,69.66752,64.25753,63.907658,56.87627,63.211452,67.593155,60.597023,61.25009,60.504066,62.230595,68.015854
Denmark,Europe & Central Asia,High income,GFDD.DI.06,1.3765299,1.952499,0.88709384,1.107203,2.30719,1.5892249,1.9859929,1.6248591,1.447904,1.393131,1.267682,1.34113,1.315776,1.228606,1.056242,0.68071467,0.6810482,0.29220462,0.2182107,0.15794301,0.0673687,0.0366029,0.041846998,0.024149101,0.007975101,0.0062366,0.0029888998,0.0020064,0.000932,4.1231027,3.8296995
Denmark,Europe & Central Asia,High income,GFDD.DI.11,90.92215,73.94406,65.35017,73.54948,42.07255,44.700703,48.50869,51.44253,54.47148,58.94392,58.10387,56.240993,55.76176,59.643726,62.62334,68.698166,68.80154,69.05278,69.606544,104.98214,110.33921,120.71699,98.765686,97.665726,107.10728,104.41857,113.01972,108.20407,107.331635,121.42953,127.82274
Denmark,Europe & Central Asia,High income,GFDD.DM.11,43.468624,84.39585,47.82981,42.930145,63.224827,60.96564,32.39904,53.089706,38.99515,11.5919695,17.35714,22.90974,28.34162,34.34956,37.96032,40.97206,42.36279,45.22513,41.96584,53.44899,58.5238,52.88655,63.222805,58.49862,61.027378,60.34634,58.99366,59.008022,53.55726,62.893955,70.19769
Denmark,Europe & Central Asia,High income,GFDD.EI.08,9.605319,11.660989,11.21164,7.5583587,12.54391,9.602266,7.843386,6.090209,5.9982963,5.26542,11.111369,12.63308,13.147759,12.33394,10.265329,9.874185,8.432227,8.074899,8.3175955,11.480809,9.4227495,9.861799,10.001519,8.93336,10.042729,10.06376,9.689544,8.983931,9.452112,9.731909,11.504959
Denmark,Europe & Central Asia,High income,GFDD.OI.02,52.37605,53.97366,51.5574,61.768005,51.395668,52.363956,53.607006,54.48675,54.54186,51.11541,45.630676,45.66105,46.59002,48.500366,51.49608,56.986782,58.984173,64.27599,67.17631,56.68361,53.111656,50.48299,50.855568,51.28306,53.31664,54.19263,56.063118,57.24577,56.59733,58.518314,64.05716
Denmark,Europe & Central Asia,High income,SH.STA.BRTC.ZS,100.05761,108.223206,97.13279,105.69103,101.33139,96.46107,108.23492,98.3,98.799995,98.7,98.799995,98.899994,98.799995,98.899994,98.6,98.799995,98.7,97.799995,102.11327,98.7,98.5,98.5,98.200005,96.3,95.9,95.40001,94.399994,94.7,95.299995,102.66236,97.95512
Denmark,Europe & Central Asia,High income,SL.IND.EMPL.ZS,26.229977,26.9,26.68,26.1,26.51,27.08,26.4,26.24,26.45,26.930002,25.34,25.39,23.49,23.15,23.690002,23.89,23.33,23.51,23.26,20.57,19.87,20.040003,19.77,19.64,19.37,19.42,19.05,18.94,18.91,18.55,28.457125
Djibouti,Middle East & North Africa,Lower middle income,DT.TDS.DPPF.XP.ZS,1.7071427,4.6904907,4.710109,3.616219,4.6665654,5.0486436,5.4198456,3.1316695,2.2028008,4.3584814,6.102203,4.468611,4.937293,5.642376,6.349201,4.918097,6.9160676,7.873665,7.3324513,7.4679713,7.5001497,8.444929,8.0757675,1.2421917,1.0358517,1.2388852,2.123369,1.5569744,1.4224656,1.3188025,1.5868515
Djibouti,Middle East & North Africa,Lower middle income,EG.ELC.ACCS.ZS,55.91695,62.97976,63.82818,70.27863,64.43798,83.88073,61.999996,56.29449,56.322254,56.34517,56.37995,56.365143,49.7,56.315117,56.284595,56.253548,55.5,56.199703,56.182274,56.174786,56.17995,56.20047,54.6,56.297474,56.618835,57.578564,58.675446,60.2,60.564186,61.211926,61.76708
Djibouti,Middle East & North Africa,Lower middle income,GFDD.AI.01,12980.55,-6289.311,1136.3655,-6718.4185,5422.993,6225.4873,2918.178,9885.198,7249.8438,6098.367,10239.982,991.358,1569.4672,10568.103,4207.8438,5310.8726,5804.86,6693.5386,41.271305,57.047665,67.778694,78.86915,90.057816,112.78402,123.12713,124.756775,105.555145,148.07878,227.52728,249.6946,203.09021
Djibouti,Middle East & North Africa,Lower middle income,GFDD.DI.04,96.59787,81.6088,83.21813,99.07787,98.55128,98.695175,96.983604,96.49391,95.381325,91.11166,91.95684,89.88237,89.96462,86.412544,85.4621,85.88228,87.63043,91.022446,92.22693,94.31654,96.02059,95.20358,91.368,92.94439,93.98147,95.06095,95.513176,96.80468,97.817604,98.72649,94.21892
Djibouti,Middle East & North Africa,Lower middle income,GFDD.DI.05,52.14894,53.03553,48.589268,50.29922,49.41972,51.40016,47.9789,44.99282,42.16914,38.562637,37.92934,39.256767,44.00605,49.237698,52.80024,55.26527,56.6684,55.807087,57.991043,66.031204,68.43816,57.99676,61.051533,60.698708,59.60269,64.29913,65.30813,75.364044,65.34909,63.99883,74.32652
Djibouti,Middle East & North Africa,Lower middle income,GFDD.DI.06,9.311042,4.8084297,5.5067677,0.2639725,0.4352078,0.4299517,1.034903,1.1858051,1.6960249,2.1704972,2.085076,2.244275,2.136516,2.767412,2.779783,2.573529,2.2034202,1.7538831,1.6104231,1.444991,1.09902,1.219323,2.211089,1.8631891,1.5998629,1.304496,1.115297,0.8084375,0.55367947,0.3168135,1.554106
Djibouti,Middle East & North Africa,Lower middle income,GFDD.DI.11,27.461979,11.954525,27.842852,11.980065,15.429742,10.420203,14.647388,17.069813,35.776154,11.28492,18.884258,11.3682,30.981226,10.825481,11.84384,18.898436,23.080662,22.360666,23.03302,28.118238,23.00457,13.806788,20.079422,30.97908,7.6055155,26.385386,21.43398,22.74328,24.555187,20.649996,26.250988
Djibouti,Middle East & North Africa,Lower middle income,GFDD.DM.11,38.82032,56.072052,62.616837,87.790955,65.18277,48.935905,59.74516,59.12088,53.33499,96.789215,103.507,52.590332,62.90669,49.470116,70.90454,108.718254,78.52561,91.58574,58.614136,60.156185,32.35662,87.17215,55.37831,50.1632,111.977104,92.676,62.607872,94.52025,29.1442,90.740715,41.858265
Djibouti,Middle East & North Africa,Lower middle income,GFDD.EI.08,0.5069463,0.4239259,0.37232453,0.7991056,2.4003062,2.1005769,1.7593321,1.958665,2.213073,1.8708661,1.190607,1.271732,1.917295,1.6458731,1.30487,1.35573,1.230658,1.735939,1.4995271,2.369243,2.289419,2.173417,2.794537,2.3832211,2.805094,3.613429,4.256155,3.3694842,3.895094,3.9283292,6.050906
Djibouti,Middle East & North Africa,Lower middle income,GFDD.OI.02,43.79965,43.600517,37.368816,38.09372,36.54768,38.64573,34.028408,33.05343,35.067028,31.676798,31.29128,32.754337,37.15467,42.136738,45.36462,47.75848,48.725388,48.47826,50.80917,58.27888,61.11073,51.41089,54.52831,53.881596,52.67294,57.208187,58.222412,68.135445,58.508152,57.66521,67.15524
Djibouti,Middle East & North Africa,Lower middle income,SH.STA.BRTC.ZS,100.731255,97.40958,99.65653,94.30003,100.381676,107.91943,100.41188,100.21498,106.6288,104.23663,103.56618,103.87965,104.02308,60.599995,102.06233,101.10815,78.4,109.05576,106.70578,94.124,102.27584,99.017166,87.399994,104.95234,108.314156,101.98734,96.91516,104.927505,96.61075,92.78642,109.54794
Djibouti,Middle East & North Africa,Lower middle income,SL.IND.EMPL.ZS,11.850081,16.25,16.040003,15.810001,15.56,15.310001,15.06,14.81,14.57,14.33,14.110001,13.910001,13.73,13.58,13.44,13.34,13.270001,13.21,13.160001,13.140001,13.130001,13.130001,13.150001,13.18,13.250001,13.3,13.35,13.400001,13.42,13.44,16.886696
Dominica,Latin America & Caribbean,Upper middle income,DT.TDS.DPPF.XP.ZS,6.472965,6.253612,5.880054,7.3865333,7.318461,5.982737,4.8944817,7.12868,6.50891,6.2589545,6.6672473,13.453177,9.707266,12.029623,11.935911,11.814153,12.708105,12.278558,11.222259,13.811789,9.109045,9.042657,12.559541,11.281623,6.9842606,8.270813,9.581781,12.4435625,17.275764,12.39952,23.543793
Dominica,Latin America & Caribbean,Upper middle income,EG.ELC.ACCS.ZS,96.30588,87.98369,96.06002,86.370056,110.11585,93.86155,84.42727,90.37498,75.0,79.62192,80.95181,82.27921,87.7,84.91362,86.22531,87.536476,88.84951,90.16706,90.9,92.82657,94.17394,95.536674,96.91748,98.31811,99.73656,99.82902,99.98354,100.0,100.0,100.0,100.0
Dominica,Latin America & Caribbean,Upper middle income,GFDD.AI.01,12452.904,7979.7485,19694.729,8840.554,19489.744,7289.0903,256.93103,14493.588,9700.058,21293.754,16450.58,26697.947,14739.917,13852.416,4688.9663,12682.559,10327.022,20147.025,14172.501,9832.596,16429.863,-723.8253,50822.484,13561.651,26863.342,17141.021,14412.756,13882.72,19292.113,19325.34,22473.092
Dominica,Latin America & Caribbean,Upper middle income,GFDD.DI.04,91.538734,92.411125,94.83924,95.92526,95.447426,96.749,97.32995,97.50796,97.88753,97.97463,98.08067,98.18814,98.34111,98.31337,98.662575,98.75037,99.36319,99.380264,99.44246,99.77442,99.79475,99.80277,99.99999,99.99999,99.794365,93.499374,108.07844,99.93652,84.507385,105.20819,108.04961
Dominica,Latin America & Caribbean,Upper middle income,GFDD.DI.05,50.03843,52.4486,56.15245,52.93475,51.64806,60.0275,59.958656,60.648026,58.795692,62.091404,59.794106,61.69018,68.93839,72.53323,72.25747,76.82289,79.72905,81.34755,79.00105,81.47893,82.8232,83.792885,96.147224,96.627235,97.11554,96.759224,96.35272,124.7715,119.137505,95.34226,102.037
Dominica,Latin America & Caribbean,Upper middle income,GFDD.DI.06,4.378149,4.1015573,2.82059,2.3675559,2.728566,2.0481691,1.589534,1.548429,1.291195,1.242126,1.2708809,1.153327,1.050985,0.98906016,0.7246644,0.73057735,0.3756613,0.35118762,0.31510508,0.1250043,0.123802096,0.12202399,1.7800002e-06,4.46e-09,0.13152249,7.875925,-0.1510586,0.038450602,3.1504767,4.9892564,2.3426228
Dominica,Latin America & Caribbean,Upper middle income,GFDD.DI.11,113.231705,87.0497,102.83618,-1049.3616,101.55272,93.64434,31.28537,38.415497,105.99936,70.77678,94.29225,109.30045,96.9691,93.19893,98.64118,109.14523,-1.9900562,90.23474,67.287315,97.9794,89.359604,123.011986,59.975983,59.823673,21.80812,100.31258,97.88943,105.96476,65.14494,78.93872,81.7119
Dominica,Latin America & Caribbean,Upper middle income,GFDD.DM.11,132.01913,122.78566,291.2155,147.37845,62.877396,125.995316,93.001205,70.70683,289.27,231.1581,111.28408,254.20293,266.87033,124.42224,127.254074,226.734,150.92087,125.02065,271.67752,143.339,205.55836,309.34714,117.84227,15.778,20.90634,15.43583,12.11519,13.1362095,12.96544,12.75334,16.21784
Dominica,Latin America & Caribbean,Upper middle income,GFDD.EI.08,8.544517,10.43665,10.060809,12.05416,13.42926,14.45704,12.51717,13.35985,12.73603,13.223449,14.5108795,14.645309,14.13564,12.274919,8.004335,9.1465225,8.201577,7.1947727,7.2459,6.374779,7.089415,6.133349,9.220813,9.97931,10.08955,8.960702,9.062185,9.503011,16.810968,20.071598,29.233269
Dominica,Latin America & Caribbean,Upper middle income,GFDD.OI.02,45.44865,47.274338,51.2072,48.723076,48.205547,55.96457,56.20665,57.09242,55.33629,58.163876,55.756298,57.825047,64.893005,68.74187,68.36732,72.750114,75.31756,76.90572,75.33089,77.63764,79.33677,80.317406,92.67043,93.53471,93.775154,93.56441,92.96866,119.578,113.046,89.94616,95.71721
Dominica,Latin America & Caribbean,Upper middle income,SH.STA.BRTC.ZS,95.5562,88.34973,94.37065,99.90353,93.31798,100.0,97.25735,98.66017,95.0,99.9,100.0,100.0,100.0,100.0,100.0,99.00001,98.31433,93.99999,100.0,100.0,100.0,100.0,100.0,100.0,100.0,100.0,100.0,100.0,102.23453,109.21576,100.73379
Dominica,Latin America & Caribbean,Upper middle income,SL.IND.EMPL.ZS,28.474138,25.843996,31.897575,27.237545,21.44327,31.870571,31.026785,27.105053,26.485735,27.729853,29.933607,31.566126,29.232965,25.905361,29.551342,29.806934,24.017672,28.758322,25.345186,29.319489,27.81476,23.703457,26.429077,27.838217,29.224792,21.585424,37.333775,29.484062,26.037209,33.9378,28.322601
Dominican Republic,Latin America & Caribbean,Upper middle income,DT.TDS.DPPF.XP.ZS,11.0614605,12.064561,16.038706,5.993939,8.8996725,9.824181,9.856524,9.052428,7.0493093,6.3914413,7.7320843,9.946553,10.100115,10.230238,10.537989,8.540031,14.211148,13.211585,13.513264,15.106638,10.131799,9.780287,7.6308293,9.933309,12.948096,22.268478,10.1903515,7.8342032,8.812468,9.796817,30.370678
Dominican Republic,Latin America & Caribbean,Upper middle income,EG.ELC.ACCS.ZS,100.68473,78.2,82.485405,83.25549,84.02422,84.79091,85.55488,86.315445,87.07194,91.0,88.76493,89.79136,89.74982,89.173805,90.31657,90.14123,90.11815,96.87634,97.576195,97.85776,98.14542,97.89887,97.86705,98.38586,98.47098,98.56036,98.9,100.0,98.9,99.0,100.0
Dominican Republic,Latin America & Caribbean,Upper middle income,GFDD.AI.01,9813.613,40078.555,7818.9756,15010.096,5400.8496,29006.799,15193.558,12842.499,3418.5686,18678.428,10991.583,17202.402,19133.8,18797.357,18188.443,3723.1174,14146.6045,12878.22,13171.106,13316.162,7772.794,583.5299,688.2168,664.05426,711.8742,736.6064,753.5262,802.3845,873.5145,794.4659,772.01526
Dominican Republic,Latin America & Caribbean,Upper middle income,GFDD.DI.04,92.05057,86.31767,90.08208,93.51245,91.17507,95.005974,94.65994,95.27362,95.59489,95.27746,94.77853,94.63873,95.237144,85.12262,73.50903,63.61205,54.149467,56.42132,57.81174,60.65397,61.96223,63.0486,63.69603,65.530426,65.94669,67.293205,67.38007,67.748795,68.19598,69.61589,70.10981
Dominican Republic,Latin America & Caribbean,Upper middle income,GFDD.DI.05,29.06517,19.22019,20.77252,22.03988,21.73723,21.87983,23.3263,24.29364,25.16312,27.884699,29.02597,21.38533,21.972439,28.136478,17.910969,19.14772,18.701359,19.62274,17.94432,19.74044,20.43904,20.96348,21.26064,22.06056,20.952091,21.65046,21.86575,21.99613,21.4599,23.086248,30.220388
Dominican Republic,Latin America & Caribbean,Upper middle income,GFDD.DI.06,2.624599,2.823963,2.128543,1.36128,1.9276999,1.055141,1.238427,1.158034,1.137543,1.409426,1.693203,1.987347,1.828659,6.078682,7.981166,12.26898,17.16108,16.7094,16.48514,16.44183,15.53682,14.732861,15.03824,14.67996,14.36071,14.56423,14.94866,14.80715,14.224441,13.9945,15.28805
Dominican Republic,Latin America & Caribbean,Upper middle income,GFDD.DI.11,7.671432,-0.56764716,7.4790864,-0.25531843,5.5584292,0.062387757,7.611785,9.529788,11.265505,8.657526,1.0694582,0.5234014,2.280976,1.9436376,1.7247255,1.3332375,1.3569212,1.3889928,1.3357313,1.469417,1.4177228,1.4217913,1.4480292,1.4547112,1.4491323,1.463233,1.4966193,1.5552322,1.8401502,1.9977627,7.8432264
Dominican Republic,Latin America & Caribbean,Upper middle income,GFDD.DM.11,24.723629,9.959291,31.611023,27.084223,10.64988,25.598604,10.135584,45.08477,16.101849,13.547469,5.0319242,12.02627,0.3080615,0.4518023,0.4573883,0.5179224,1.4036491,0.81632274,0.5005963,0.4075748,0.38302872,0.29829508,0.3081662,0.3141245,0.3233107,0.35551268,0.4254693,0.2006299,0.16164969,0.1561703,0.0871334
Dominican Republic,Latin America & Caribbean,Upper middle income,GFDD.EI.08,2.4167218,1.66551,1.48336,1.3928311,1.282669,1.298203,1.4227229,1.6831441,1.9206531,2.402159,2.123701,3.66348,4.16157,3.862025,3.181334,2.901782,2.772552,2.22456,3.456773,4.817154,3.571553,3.168409,4.8600993,5.3434124,3.648612,5.1087193,5.250098,5.206314,4.643959,5.202981,6.888523
Dominican Republic,Latin America & Caribbean,Upper middle income,GFDD.OI.02,22.37298,15.42633,16.62966,17.78241,17.554781,17.70858,19.20944,20.148369,21.19823,23.047531,25.17267,17.54842,18.228031,23.46845,17.20122,18.28384,18.25501,19.46512,17.27872,19.61053,20.14961,20.676321,21.118141,21.98308,20.706781,21.47626,21.7035,21.86977,21.36171,23.0601,30.413317
Dominican Republic,Latin America & Caribbean,Upper middle income,SH.STA.BRTC.ZS,93.09454,92.4,107.56934,98.42665,91.5294,99.35514,95.50001,98.23103,101.89815,96.6,97.6,99.69492,97.799995,113.78123,102.63959,100.52575,95.50001,97.799995,105.872406,92.858116,97.799995,98.7,98.799995,98.6,97.7,99.6,99.8,94.6745,102.67084,107.09314,97.017075
Dominican Republic,Latin America & Caribbean,Upper middle income,SL.IND.EMPL.ZS,35.090767,26.79,26.68,26.55,26.4,26.21,26.0,25.53,26.12,25.300001,24.64,23.63,21.55,22.210001,23.16,22.580002,22.36,22.47,21.45,18.210001,18.48,18.170002,18.57,17.09,17.79,18.37,19.01,19.430002,19.59,18.820002,30.602783
Ecuador,Latin America & Caribbean,Upper middle income,DT.TDS.DPPF.XP.ZS,31.226566,30.814222,24.082066,20.933218,19.083048,29.028448,22.567278,32.97221,33.91367,29.843355,38.11635,25.027445,28.28736,20.131165,23.891636,16.4233,17.847706,12.100986,8.215542,44.01576,4.922039,5.7782106,6.4773,6.6727805,6.9907875,14.705905,15.109163,20.537592,21.245193,24.211529,23.293179
Ecuador,Latin America & Caribbean,Upper middle income,EG.ELC.ACCS.ZS,95.22239,97.90366,95.673996,87.2898,99.93246,89.83017,92.05138,92.42982,92.72664,93.071434,93.73226,94.02462,94.30939,94.973045,94.86557,95.83265,96.31526,96.812614,97.20657,96.47086,97.46214,96.872696,97.19493,98.034676,98.97607,98.82588,98.7,99.2,98.7,99.09,98.85
Ecuador,Latin America & Caribbean,Upper middle income,GFDD.AI.01,4299.498,9171.3955,2168.7292,4462.503,3940.7717,4373.0347,7730.4233,6089.722,7132.4453,28.32537,8272.862,-6081.264,4400.485,-273.58347,4861.444,339.56824,355.62302,363.1974,421.18857,390.3209,519.6492,605.8248,590.14014,619.7552,717.15857,744.5069,761.73627,799.8859,813.7831,944.31226,-6078.7266
Ecuador,Latin America & Caribbean,Upper middle income,GFDD.DI.04,64.71887,67.125015,72.22597,42.61996,53.82489,96.48817,97.08765,98.126114,95.62186,76.75588,78.33657,83.37893,83.0135,82.041954,84.39733,86.96575,89.45029,90.388084,99.604515,98.68083,98.91117,99.097755,99.18845,99.30981,96.638466,95.16816,87.29526,91.87886,92.74413,93.67745,91.64909
Ecuador,Latin America & Caribbean,Upper middle income,GFDD.DI.05,13.9209795,13.23601,12.97917,18.19934,21.11283,20.951809,22.814949,22.29257,18.76309,13.14566,20.7137,20.4327,17.008549,17.6555,20.353298,21.49288,21.53669,23.44903,23.585749,25.1528,27.41668,28.37453,29.60847,30.922668,32.18516,29.47552,34.98362,37.05909,37.62827,40.76303,48.811127
Ecuador,Latin America & Caribbean,Upper middle income,GFDD.DI.06,5.01475,4.501606,3.7905579,20.81073,17.81072,0.822235,0.69156104,0.4836094,1.149108,7.542735,7.798248,5.238089,4.069507,3.887966,3.6065042,3.146788,2.543201,2.3760889,0.0904106,0.299816,0.27247882,0.23489301,0.2219651,0.19219969,0.99442625,1.431086,4.415837,2.9947138,2.9065142,2.792604,4.197207
Ecuador,Latin America & Caribbean,Upper middle income,GFDD.DI.11,6.713576,6.939352,-1.4228213,11.12995,6.3635097,6.3569727,8.3446665,11.511285,10.633035,11.425092,6.493443,8.623042,0.46376494,0.43607008,0.44616726,0.43566054,0.43109232,0.4672621,1.0539705,1.152277,1.2198484,1.3181559,1.541674,1.7291979,1.8218292,2.031637,2.3220868,2.2038267,2.0065355,1.9939226,7.925734
Ecuador,Latin America & Caribbean,Upper middle income,GFDD.DM.11,31.0058,29.670235,5.0025425,24.862001,22.538504,28.682194,22.038471,23.868195,21.770992,18.284372,24.037031,19.20554,1.500673,2.281832,2.543539,2.7926402,3.8458219,3.755336,2.750309,2.960273,3.697304,3.183879,2.712966,3.457211,3.716485,3.177361,2.7536352,2.460934,2.403841,2.7350261,4.025596
Ecuador,Latin America & Caribbean,Upper middle income,GFDD.EI.08,0.376651,0.21034361,0.13355589,0.312251,0.3039608,0.5630835,0.9206976,1.435646,3.249849,2.4828281,2.1782231,2.321287,1.848527,1.117539,0.78996134,0.69077367,0.4661335,0.344026,0.2619707,0.2576948,0.26734102,0.5209351,1.04634,1.164043,1.4623251,0.98039705,1.60478,1.6123551,1.1848611,1.4696321,1.39181
Ecuador,Latin America & Caribbean,Upper middle income,GFDD.OI.02,10.25698,10.15952,10.36085,14.188781,17.10643,17.90402,19.85168,19.520132,16.63421,9.442411,18.72971,18.96309,16.472351,17.21797,20.106272,20.90224,20.899881,22.48377,22.81047,24.7516,26.693031,27.34638,28.48008,29.897888,30.826288,28.00867,32.855267,34.361717,35.017307,37.85196,46.1083
Ecuador,Latin America & Caribbean,Upper middle income,SH.STA.BRTC.ZS,100.88087,91.665184,100.42021,94.02545,98.7,100.61961,96.46446,96.844315,101.7181,99.100006,86.79593,99.58617,102.49966,96.95949,98.200005,78.5,80.6,82.0,84.0,85.6,87.399994,89.7,91.7,93.3,94.7,94.2,95.9,96.4,96.0,112.14733,99.29683
Ecuador,Latin America & Caribbean,Upper middle income,SL.IND.EMPL.ZS,21.125061,23.01,22.84,22.74,22.63,22.430002,22.14,22.02,21.75,20.97,20.46,20.16,19.37,18.6,17.97,17.6,18.6,18.64,18.76,18.81,18.49,17.950003,17.52,19.080002,19.96,19.66,18.63,18.55,18.53,17.210001,21.358723
"Egypt, Arab Rep.",Middle East & North Africa,Lower middle income,DT.TDS.DPPF.XP.ZS,23.72882,18.0735,17.89098,14.957239,13.950802,14.578137,12.519674,10.393913,11.192659,9.9694,8.520514,9.535169,11.002108,11.14606,7.280242,6.8439765,6.0438986,5.698293,5.4753866,6.238251,5.8992195,7.504177,6.0246477,7.339777,12.352523,9.436778,18.022348,14.18172,14.059643,14.965382,27.880793
"Egypt, Arab Rep.",Middle East & North Africa,Lower middle income,EG.ELC.ACCS.ZS,94.42589,98.902985,93.4,95.39224,95.64854,95.5,96.15433,96.402466,96.64652,96.885735,97.7,97.34408,97.53618,98.8,97.90703,99.4,99.04,98.46563,99.8,98.86971,99.394554,99.45216,99.7,99.85039,99.8,99.3,100.0,100.0,100.0,100.0,100.0
"Egypt, Arab Rep.",Middle East & North Africa,Lower middle income,GFDD.AI.01,24698.227,-5994.7783,4621.3286,2890.3687,9302.18,-646.6124,9366.024,7052.6875,8923.037,6229.484,7451.049,8294.24,4938.0244,9037.099,6582.177,9020.8,8457.124,8326.793,6305.105,7108.392,-3322.0535,351.84982,364.37335,370.83563,355.85315,366.59244,379.76395,382.18542,391.93707,411.86844,479.85233
"Egypt, Arab Rep.",Middle East & North Africa,Lower middle income,GFDD.DI.04,50.591415,55.25013,62.310932,66.68572,70.07172,73.01756,77.89656,81.459946,77.99483,76.01926,73.01057,71.41367,71.30371,66.91157,62.72284,69.64931,70.623764,71.625946,80.69238,80.9286,82.138145,80.23346,78.5097,74.81851,72.813805,72.394005,77.9664,80.306656,82.132744,82.74233,87.21756
"Egypt, Arab Rep.",Middle East & North Africa,Lower middle income,GFDD.DI.05,81.65289,84.21188,80.40066,80.62894,80.490524,75.88123,74.791565,73.89329,73.25493,72.32047,72.98486,78.345505,83.536575,91.945854,91.902115,92.34167,92.58073,91.46205,84.046364,79.057724,76.76791,72.059685,69.69367,74.59094,75.42253,77.96799,98.11987,92.295395,81.77492,77.23492,84.21944
"Egypt, Arab Rep.",Middle East & North Africa,Lower middle income,GFDD.DI.06,52.41043,48.994957,39.5295,32.49338,28.13852,24.435379,19.864191,16.719471,20.52525,23.645048,27.09472,31.21247,33.31508,40.85696,49.163364,34.8408,30.70402,26.80205,16.87406,16.148281,13.90848,16.21794,17.78417,22.52435,26.1901,29.103209,29.61417,22.04861,18.03821,15.49317,13.093619
"Egypt, Arab Rep.",Middle East & North Africa,Lower middle income,GFDD.DI.11,9.995305,3.772125,6.044498,18.890306,9.385029,11.345803,1.7851971,9.796851,18.608099,3.920597,3.852937,3.8647664,3.8618376,3.8816388,3.647848,3.5527017,3.430707,3.1847172,3.545542,3.0113666,2.9071248,2.787099,2.568699,2.564986,2.5816433,2.449084,2.4292147,2.4783862,2.2400506,1.9165368,13.466958
"Egypt, Arab Rep.",Middle East & North Africa,Lower middle income,GFDD.DM.11,50.00783,54.98378,27.225168,-9.254881,18.28017,8.066165,16.036036,38.379898,21.407997,2.3851833,28.178736,-5.164723,21.924322,55.951527,1.223751,1.277423,1.3664341,1.209712,0.59788877,1.596051,3.868637,1.058641,0.9461438,0.8237816,0.6130273,0.230936,0.2210517,0.24746929,0.22950849,0.1919978,0.1872959
"Egypt, Arab Rep.",Middle East & North Africa,Lower middle income,GFDD.EI.08,29.46496,39.267273,44.17337,42.711174,39.343613,34.99363,35.25932,34.43376,28.47352,25.49896,23.88561,25.73223,30.80068,31.36198,31.325388,31.29268,26.93805,24.37077,29.81947,34.19884,32.505188,36.19987,37.58177,40.70128,44.53928,50.00402,70.65548,61.391125,57.370533,50.257874,62.422913
"Egypt, Arab Rep.",Middle East & North Africa,Lower middle income,GFDD.OI.02,66.45531,70.84012,68.881775,68.740746,68.32822,64.54861,63.75795,62.818516,60.17542,60.358307,61.56714,66.6999,71.05003,78.56944,80.25642,80.16269,79.793335,79.11732,71.93548,67.49898,65.44672,59.8116,57.45149,61.096428,62.410748,65.485535,84.04134,80.543465,71.8155,67.706345,73.75814
"Egypt, Arab Rep.",Middle East & North Africa,Lower middle income,SH.STA.BRTC.ZS,86.24919,36.5,40.7,40.7,93.978676,46.300003,46.300003,56.399998,55.199997,91.03075,60.899998,108.14555,94.03272,69.399994,92.18792,74.2,95.17036,101.89196,78.9,99.72833,90.355034,93.97799,95.74973,97.40638,91.5,110.282524,106.02844,96.96643,95.624306,83.04453,70.698044
"Egypt, Arab Rep.",Middle East & North Africa,Lower middle income,SL.IND.EMPL.ZS,26.559263,21.34,21.47,21.68,21.49,21.89,22.09,22.31,22.25,22.580002,21.300001,21.27,20.560001,19.75,19.96,21.51,22.11,22.16,22.910002,23.76,25.38,23.57,24.86,24.11,24.4,25.08,25.5,26.560001,26.87,26.94,25.104841
El Salvador,Latin America & Caribbean,Lower middle income,DT.TDS.DPPF.XP.ZS,19.09061,25.65973,22.734612,21.105452,20.161158,16.30089,16.724691,10.699901,16.220129,10.927479,10.002382,11.892826,14.217336,17.46316,19.346651,15.041293,20.519112,15.393548,14.436892,21.772148,16.638449,16.932827,13.942203,12.655287,12.996322,12.782668,13.846412,13.291084,13.1636505,22.661728,16.254396
El Salvador,Latin America & Caribbean,Lower middle income,EG.ELC.ACCS.ZS,92.466,69.60788,75.33219,76.27614,77.21872,76.99551,77.883,80.03152,81.637985,79.12959,84.51925,87.06383,87.54906,86.96115,87.35705,87.52584,89.20147,91.10956,91.00023,91.08402,91.58024,92.574684,93.68057,95.043106,95.12542,95.4,96.0,96.8,97.0,97.36,100.0
El Salvador,Latin America & Caribbean,Lower middle income,GFDD.AI.01,8932.453,3179.122,4094.56,-3193.5576,6500.1465,8740.337,7931.945,5768.984,6686.234,5368.1553,5918.186,-10567.414,2406.043,5383.923,4850.727,2077.075,9521.366,3683.852,1141.9436,782.84186,424.30844,655.8205,622.383,618.6878,968.0053,1028.2366,1058.0125,771.6783,790.1211,762.1314,746.20844
El Salvador,Latin America & Caribbean,Lower middle income,GFDD.DI.04,57.77352,56.984943,62.43888,67.126495,78.64441,83.029755,85.651306,87.68292,89.26587,89.76514,90.18148,88.54494,88.2576,89.204666,89.71687,90.50436,91.11142,91.82865,91.565834,91.76393,91.754326,92.140396,92.46375,92.89809,93.10545,93.63903,93.8947,94.114174,94.477455,94.81264,95.21053
El Salvador,Latin America & Caribbean,Lower middle income,GFDD.DI.05,28.754139,31.348108,32.72213,38.00705,46.43381,44.742958,47.38897,49.13377,50.04366,52.77175,51.31958,51.78255,50.25628,48.688007,48.39768,46.72637,47.26361,52.13707,49.299038,51.1842,51.24882,46.24878,45.17608,45.1482,43.82914,45.17957,45.33421,48.55053,49.22879,53.000618,63.38292
El Salvador,Latin America & Caribbean,Lower middle income,GFDD.DI.06,13.379139,14.964331,12.92768,11.804291,9.413107,7.952079,6.9382076,6.366583,5.6310287,5.65422,5.8139997,6.476049,6.40356,6.1139054,5.943375,5.5580688,5.08001,4.774323,4.841515,4.7509828,4.517046,4.1060247,3.8917902,3.7824998,3.678067,3.539711,3.4274251,3.317402,3.207724,3.101575,3.3847542
El Salvador,Latin America & Caribbean,Lower middle income,GFDD.DI.11,12.41982,11.319296,13.585189,8.466744,12.324089,6.355638,11.485534,13.336307,3.9774935,16.42115,5.449055,2.5389192,2.5189135,2.6221483,2.5465386,2.6212404,2.382205,2.6052847,2.8921733,3.2212417,3.3896375,3.0985947,3.1021616,3.293876,3.4307277,3.5865512,3.3777964,3.4243176,3.4306855,3.4649656,3.9420033
El Salvador,Latin America & Caribbean,Lower middle income,GFDD.DM.11,73.25831,64.4679,23.438343,80.374084,48.178284,3.779514,130.11082,45.98042,32.74483,0.0186248,0.0933347,1.096924,2.6508598,4.5241227,5.911273,4.610394,3.8432329,4.029359,2.7034981,0.6449522,1.2767819,0.6574052,0.5803022,0.4664987,3.569898,3.421468,2.7996602,2.802614,2.706675,3.199654,5.753482
El Salvador,Latin America & Caribbean,Lower middle income,GFDD.EI.08,1.471635,1.8266251,1.434283,1.7422931,2.048349,1.7597251,1.777567,1.428182,0.8517966,1.248981,3.095659,4.982092,3.412924,3.713057,4.482401,3.914075,2.654121,3.0007582,2.608991,3.8748631,3.407336,3.371002,3.5881262,3.085824,2.442749,4.352713,3.974011,3.2507079,3.827833,4.38544,8.919997
El Salvador,Latin America & Caribbean,Lower middle income,GFDD.OI.02,22.30562,24.43912,26.611519,31.728687,40.241478,39.42574,43.179077,45.28629,46.247208,47.876316,47.34811,49.611736,47.934258,46.38006,46.208687,44.94587,46.00048,50.79533,48.06897,52.14613,52.27635,47.16739,45.688187,45.86017,44.51315,45.71971,45.77403,49.113407,49.953228,53.89667,64.81977
El Salvador,Latin America & Caribbean,Lower middle income,SH.STA.BRTC.ZS,95.71397,87.48987,98.28252,87.399994,95.09169,103.65865,88.684586,96.16201,90.399994,97.02245,109.12597,99.982895,101.30686,92.4,93.405,87.2,89.6,93.1,95.50001,97.5,97.99999,99.00001,99.5,99.8,97.99999,99.9,99.9,99.9,99.9,97.7237,91.13433
El Salvador,Latin America & Caribbean,Lower middle income,SL.IND.EMPL.ZS,20.204155,24.57,24.79,24.930002,24.98,25.060001,24.780003,24.65,24.6,24.98,24.24,23.62,24.34,24.57,23.690002,22.22,22.98,23.4,23.47,20.66,21.35,21.27,20.98,20.36,20.89,22.18,21.1,21.89,22.2,22.51,22.087093
Equatorial Guinea,Sub-Saharan Africa,Upper middle income,DT.TDS.DPPF.XP.ZS,11.878869,13.613249,5.3137345,9.411415,7.229736,13.999706,15.05416,9.7865095,11.220482,9.946142,16.110355,10.660614,6.604955,16.034678,3.5383453,11.365746,9.171335,8.954584,13.610301,6.521981,12.597364,10.222324,10.2206955,4.9471045,11.223805,17.33084,9.635579,7.5697694,10.098206,7.2816133,9.879992
Equatorial Guinea,Sub-Saharan Africa,Upper middle income,EG.ELC.ACCS.ZS,64.124985,91.918976,92.58826,76.45739,84.14911,82.95191,88.80079,84.059044,84.03816,76.301025,65.55956,65.57119,65.57523,65.57404,65.56997,65.56535,65.562614,65.56439,65.57341,65.59236,66.157265,66.1,65.73595,65.82081,65.92347,66.04098,66.17036,66.30864,66.45286,66.600044,66.74773
Equatorial Guinea,Sub-Saharan Africa,Upper middle income,GFDD.AI.01,6451.8223,3121.0444,1695.5988,10781.218,3860.0496,10216.844,7630.95,9952.85,-1114.3997,7834.6855,8299.889,10858.187,8355.947,1486.5563,8469.489,1987.9019,7460.764,3487.2441,6446.9453,8947.822,5189.9043,14705.728,1539.3733,172.31543,189.45032,200.36327,270.87637,280.0707,292.76218,307.39752,294.94305
Equatorial Guinea,Sub-Saharan Africa,Upper middle income,GFDD.DI.04,75.05939,58.53615,52.232494,16.91678,15.21718,20.018372,30.65504,47.65504,52.947487,51.033268,67.02788,90.505974,95.90016,97.390366,98.861946,99.72649,87.2307,97.277374,99.883286,99.844894,99.83789,99.82455,99.654274,99.67334,70.44064,65.725204,62.293682,62.74888,63.690098,63.24781,79.34059
Equatorial Guinea,Sub-Saharan Africa,Upper middle income,GFDD.DI.05,12.3991995,10.665649,12.191529,8.410413,13.86672,16.32633,13.88027,6.988173,9.53368,9.194562,6.432835,6.043296,7.868235,10.749829,8.891184,6.438123,6.039362,7.18162,6.618902,9.799519,12.82288,10.9127,12.678009,14.20054,12.05343,15.44997,14.2751,12.72682,12.30639,12.41293,47.020134
Equatorial Guinea,Sub-Saharan Africa,Upper middle income,GFDD.DI.06,10.10676,29.622189,27.24375,31.616919,31.875061,24.602468,14.57319,6.143023,6.4164515,5.464909,1.912112,0.3642148,0.1981293,0.09964441,0.033903502,0.00616,11.669351,9.792425,0.0051107,0.0093152,0.0113475,0.012838501,0.0171384,0.0228403,3.462766,6.670442,9.325769,8.648127,8.417307,9.501668,11.325846
Equatorial Guinea,Sub-Saharan Africa,Upper middle income,GFDD.DI.11,1.3078429,37.247837,9.085837,5.625321,9.950705,8.162429,12.824062,6.2026157,11.183923,10.79625,5.695804,8.764338,17.617796,9.497626,11.154846,4.0786657,8.171697,12.822493,6.38504,0.18784712,0.21488208,7.7790604,17.342463,9.599345,25.090637,13.076288,21.29758,9.459857,12.343365,3.4620042,7.562509
Equatorial Guinea,Sub-Saharan Africa,Upper middle income,GFDD.DM.11,34.63661,46.988598,23.667494,37.252533,30.56822,23.169456,40.11324,32.842396,45.084686,38.236504,81.62009,50.887646,37.509846,73.318214,47.34527,57.483055,73.68297,18.564463,56.67106,48.844505,59.076176,39.90443,157.58833,78.69783,40.704506,59.137085,24.996939,29.052128,68.5493,44.461338,70.59167
Equatorial Guinea,Sub-Saharan Africa,Upper middle income,GFDD.EI.08,3.909459,3.018122,7.213315,1.070486,1.4315481,1.144642,1.036827,0.78952485,0.6384612,0.108716905,0.229568,0.0572602,0.38928232,0.1347457,0.2084971,0.1150898,0.1644437,0.16741051,0.2787732,0.3350517,0.32675973,0.3141401,0.122794196,0.12718019,0.1672397,0.3015232,0.5070583,0.4959247,0.59625536,1.1846461,3.7446709
Equatorial Guinea,Sub-Saharan Africa,Upper middle income,GFDD.OI.02,9.470563,7.073145,7.6481066,5.269487,7.130794,6.750852,6.732426,4.435681,6.884242,6.041236,4.392487,4.322588,5.7439246,8.2628,6.924821,5.105043,4.732649,5.877133,5.592354,7.9931855,10.72535,8.669295,10.38322,11.62827,9.400926,12.51694,11.56839,10.23848,9.932878,9.662605,22.235006
Equatorial Guinea,Sub-Saharan Africa,Upper middle income,SH.STA.BRTC.ZS,93.47131,79.71726,98.27172,87.846664,5.0,92.25776,72.41145,93.18605,98.04371,91.567474,64.6,85.95721,90.68013,95.32288,92.63603,94.0115,82.99935,91.23189,96.22621,90.21042,94.61477,68.299995,92.56156,96.425995,94.30245,103.07643,95.4428,97.90579,87.7104,86.606094,98.65821
Equatorial Guinea,Sub-Saharan Africa,Upper middle income,SL.IND.EMPL.ZS,20.946014,10.390001,10.57,10.81,11.160001,11.640001,12.530001,13.22,14.250001,15.430001,16.87,18.39,19.96,21.49,22.83,23.95,24.87,25.84,26.49,26.48,26.42,26.15,25.45,24.73,23.87,22.79,21.820002,21.1,20.36,19.35,20.347206
Eritrea,Sub-Saharan Africa,Low income,DT.TDS.DPPF.XP.ZS,9.111922,1.3905289,10.238179,8.307462,0.0,0.10544281,0.0,0.2267579,2.9249141,5.29909,3.5939362,13.166492,8.690364,7.1306286,12.944865,8.38373,9.480388,5.9050193,5.511866,1.6643491,6.776655,1.3078862,7.271738,7.1102715,6.3000817,7.446175,6.114872,11.586127,5.439835,3.172592,10.222358
Eritrea,Sub-Saharan Africa,Low income,EG.ELC.ACCS.ZS,48.18485,49.922146,52.196415,47.24401,73.138145,22.9,24.755445,25.87461,26.989693,28.099936,29.25451,30.352562,32.2,32.528255,33.610603,34.69241,35.776093,36.864292,37.959724,39.065098,40.18312,41.3165,42.46795,43.63923,44.828312,46.03224,47.24804,48.472744,49.703384,50.936993,52.171097
Eritrea,Sub-Saharan Africa,Low income,GFDD.AI.01,20706.176,11855.836,11442.135,11422.069,6188.487,16130.952,21771.195,14810.812,31037.082,12414.135,18228.65,15431.852,19907.68,18577.746,15939.267,21608.258,9755.111,16106.461,15940.273,19229.85,14211.842,15816.58,14736.98,24677.148,17922.398,17842.967,5326.604,16893.852,17283.234,8602.07,12227.059
Eritrea,Sub-Saharan Africa,Low income,GFDD.DI.04,89.66711,37.12973,59.67171,77.65189,62.361366,50.021088,50.62204,50.581078,72.862564,59.354183,61.39841,65.76077,61.70948,55.48497,59.82698,60.577084,62.783783,61.80173,60.636265,57.129303,54.3456,56.85471,53.972485,49.519737,45.97987,83.35904,78.6918,50.760445,82.396904,78.587234,90.99684
Eritrea,Sub-Saharan Africa,Low income,GFDD.DI.05,158.38063,175.2489,146.86691,153.23892,178.53114,105.4556,105.777,120.57451,130.4143,163.4104,182.37221,192.90599,194.7158,188.8325,166.58841,166.9992,160.1134,164.9601,211.3066,173.9998,164.0688,144.76231,151.6589,203.4175,172.6781,160.35611,206.22324,215.8525,280.5192,278.48367,249.1076
Eritrea,Sub-Saharan Africa,Low income,GFDD.DI.06,66.39291,51.090084,67.78164,80.42748,58.52075,34.4861,51.033127,50.99231,40.40952,77.64714,82.02478,63.236877,71.96465,81.09136,66.995636,69.47184,63.68563,64.25662,83.58585,73.94317,74.35104,60.64137,66.575005,99.72994,88.40185,58.345367,58.479824,42.965084,59.050262,77.46024,54.926735
Eritrea,Sub-Saharan Africa,Low income,GFDD.DI.11,11.362485,11.499055,15.39666,6.689944,25.054216,18.668516,9.056636,8.545977,19.2626,12.127026,18.901423,16.630447,13.138561,9.686721,5.898459,19.403934,8.0394125,12.606558,10.006665,8.201963,23.09937,12.938424,23.132051,20.06131,13.395876,9.773111,10.607309,16.206646,8.294561,17.30618,29.898329
Eritrea,Sub-Saharan Africa,Low income,GFDD.DM.11,40.541576,21.486845,51.4059,30.81698,20.308208,30.139444,23.195225,23.893381,158.52435,50.5426,35.905033,47.2419,33.111214,30.170338,45.728714,15.88617,35.070927,29.228725,34.05769,19.741976,54.83262,15.068931,45.997395,48.00257,47.518204,25.479055,46.43352,45.207687,30.218948,49.3315,27.41136
Eritrea,Sub-Saharan Africa,Low income,GFDD.EI.08,59.92329,35.070103,39.282856,41.69597,47.384506,15.10514,12.46667,12.5863495,54.813423,48.349167,55.97634,43.169487,41.693794,65.33466,66.75675,73.08121,74.99862,51.6976,62.657227,57.460777,69.19858,62.683723,59.201393,74.56719,56.68748,60.779636,54.538475,65.587814,56.0605,35.828007,52.743008
Eritrea,Sub-Saharan Africa,Low income,GFDD.OI.02,49.718777,40.451454,31.71094,41.050957,54.52119,46.05105,35.523434,38.30282,42.439625,41.490704,43.149883,50.280453,38.01702,57.256065,51.919556,27.729994,60.497417,63.262196,55.4801,47.04329,54.198467,56.76167,67.30996,58.707367,53.38406,58.47782,51.286945,68.748764,55.791096,36.083454,67.229
Eritrea,Sub-Saharan Africa,Low income,SH.STA.BRTC.ZS,93.27573,89.77138,84.66208,83.17339,96.374504,20.6,20.6,91.29401,90.996895,85.67589,87.69336,80.754814,28.300001,90.84706,93.98943,95.145256,100.94631,99.91647,99.1187,90.84687,34.1,93.24731,91.30123,91.22977,98.64451,99.74927,84.41832,98.15545,93.81112,95.76323,94.341125
Eritrea,Sub-Saharan Africa,Low income,SL.IND.EMPL.ZS,11.630056,8.49,8.58,8.71,8.84,9.000001,9.140001,9.280001,9.33,9.36,9.36,9.280001,9.17,8.97,8.790001,8.57,8.380001,8.21,8.09,7.940001,7.8500004,7.78,7.7000003,7.62,7.5800004,7.49,7.43,7.35,7.32,7.29,8.946119
Estonia,Europe & Central Asia,High income,DT.TDS.DPPF.XP.ZS,16.988089,15.563462,18.601294,15.481277,20.327415,7.6334643,5.4229584,12.972751,1.7341875,5.6779737,7.805303,11.744919,7.39118,11.048366,16.403503,-8.555125,3.2352457,13.302022,10.99442,9.147172,1.9049526,5.4779224,10.586431,8.136174,6.540051,13.418334,21.26578,11.712495,7.5942354,5.9117846,19.2238
Estonia,Europe & Central Asia,High income,EG.ELC.ACCS.ZS,100.0,100.0,100.0,100.0,100.0,100.0,100.0,100.0,100.0,100.0,100.0,100.0,100.0,100.0,100.0,100.0,100.0,100.0,100.0,100.0,100.0,100.0,100.0,100.0,100.0,100.0,100.0,100.0,100.0,100.0,100.0
Estonia,Europe & Central Asia,High income,GFDD.AI.01,14130.687,9951.491,-3593.7976,7682.5293,1801.2834,11904.912,21071.447,11880.474,15090.013,14689.306,8613.214,17066.447,10955.018,10847.559,20201.8,24514.404,9100.139,9010.56,1698.6589,2094.5356,2005.8807,2059.9465,2147.5935,2240.3572,2314.6973,2092.3582,2158.1875,2168.4956,2140.6768,2008.198,2050.7144
Estonia,Europe & Central Asia,High income,GFDD.DI.04,102.73019,100.765495,97.79072,89.205246,98.891,99.761734,98.53764,99.35863,99.76814,99.74956,99.79737,99.82809,99.86078,99.89462,99.917305,99.95609,99.975105,99.9797,99.98032,99.97282,99.964745,99.963005,99.955986,99.95634,99.957466,99.635895,99.54995,99.56002,99.97604,99.976585,98.973366
Estonia,Europe & Central Asia,High income,GFDD.DI.05,72.28342,90.41144,95.9059,72.0758,94.42437,88.15377,96.58119,72.33438,76.18747,70.041405,70.57343,103.26472,82.25273,64.60432,37.80542,46.44067,49.5255,46.71419,49.037,57.904636,56.88177,66.293884,65.581345,66.03639,69.08842,74.299515,76.43494,73.606125,74.61168,75.980034,92.66795
Estonia,Europe & Central Asia,High income,GFDD.DI.06,4.5334992,7.540584,2.8199627,3.376723,-2.5547304,0.0408264,0.340303,0.211764,0.075863,0.0826322,0.0757671,0.0696797,0.0646468,0.0554139,0.0348761,0.025565801,0.0193088,0.017254699,0.0180526,0.028304799,0.033918798,0.029980998,0.0334883,0.0317279,0.0299278,0.2617375,0.3264681,0.2937028,0.0154933,0.0144235995,0.7154963
Estonia,Europe & Central Asia,High income,GFDD.DI.11,4.931589,6.2112055,9.210876,21.80674,8.07252,1.4792651,7.6904893,5.5499163,5.631149,9.82096,1.8957667,2.0609503,2.275464,2.6645546,3.1654441,3.618886,4.1292863,4.655109,4.4572577,8.056338,9.133374,8.001551,7.9351363,7.676873,7.7443213,8.144,8.352527,7.479352,7.348841,7.200992,6.6622543
Estonia,Europe & Central Asia,High income,GFDD.DM.11,216.51462,93.27718,125.2269,106.77043,161.33174,176.84908,221.48036,100.58468,89.09584,79.49844,67.470245,59.94127,167.18541,214.3244,219.8452,215.41429,278.8698,242.3681,169.77359,289.5599,273.3636,14.35449,15.8139,17.03396,16.21102,18.25119,26.25083,38.15669,34.90597,34.69384,53.26924
Estonia,Europe & Central Asia,High income,GFDD.EI.08,4.120841,9.725466,5.314467,19.488579,19.515709,22.69015,21.030088,24.236439,18.72597,21.676998,20.54928,24.93711,31.182259,32.59241,1.867049,1.6289841,1.3346671,1.260202,2.0700362,2.7667992,3.425795,3.034072,3.164648,3.183369,3.112495,2.9178882,2.740493,2.622347,2.4866679,1.817376,4.143916
Estonia,Europe & Central Asia,High income,GFDD.OI.02,72.32085,127.90662,39.810184,62.338505,39.372135,15.66987,18.37557,22.1165,21.03313,24.37936,27.70078,30.938328,31.312288,31.50162,32.79472,41.55689,44.832935,42.95742,45.402397,54.508057,55.165478,52.766468,52.57112,53.271187,54.94252,59.54042,62.07493,59.588097,60.65999,60.561165,73.46507
Estonia,Europe & Central Asia,High income,SH.STA.BRTC.ZS,104.93046,100.324234,98.899994,99.100006,99.100006,99.3,99.4,99.3,99.5,99.5,99.5,99.6,99.5,99.4,99.7,99.6,99.5,99.4,99.3,99.200005,99.3,99.4,99.3,99.4,99.4,99.5,99.4,99.200005,99.100006,96.52885,95.83479
Estonia,Europe & Central Asia,High income,SL.IND.EMPL.ZS,40.815777,37.05,36.0,33.25,32.5,34.23,33.65,33.44,32.95,31.639997,34.99,33.75,29.800001,30.7,33.95,34.07,33.54,35.13,35.27,31.440002,30.320002,32.43,31.099998,30.27,30.15,30.66,29.72,29.96,29.650002,28.7,26.3182
Eswatini,Sub-Saharan Africa,Lower middle income,DT.TDS.DPPF.XP.ZS,5.3394985,2.980232,2.2848506,2.235185,2.1932127,1.5019647,2.5771787,1.684777,2.1127036,2.8933837,2.1822116,1.9806616,1.6257412,1.6400542,2.1906214,1.71377,1.9506093,2.1487925,2.8947265,2.6756222,2.2644377,2.7217324,2.3600743,1.8479607,1.6737589,1.7518897,2.1988714,2.1186724,2.2509034,2.5560093,3.277511
Eswatini,Sub-Saharan Africa,Lower middle income,EG.ELC.ACCS.ZS,59.16469,65.29056,53.389736,58.58531,60.633896,57.39659,57.670483,49.75218,41.91358,38.061676,20.195763,26.9,25.80867,28.606096,31.400635,34.19464,35.2,39.790913,42.59854,38.6,45.552334,51.148003,54.366226,57.562515,65.0,64.01241,63.429996,73.5,73.91578,76.86944,79.7305
Eswatini,Sub-Saharan Africa,Lower middle income,GFDD.AI.01,6563.4546,9742.409,17136.455,10690.074,11317.354,10113.184,29758.15,6752.1284,14682.91,3381.416,17410.107,8047.5825,6839.1216,5253.8477,361.1188,380.53806,396.86868,400.3716,473.4698,515.9055,513.8067,525.3823,572.8033,507.97147,553.03906,584.67163,556.74243,611.9246,472.41373,174.56268,179.48647
Eswatini,Sub-Saharan Africa,Lower middle income,GFDD.DI.04,98.51672,98.60716,98.590645,98.86041,94.89297,96.68035,98.664536,98.874825,98.995155,98.818535,98.819275,98.82436,96.37443,96.38462,96.537575,97.232666,98.39904,99.60122,99.83253,99.81955,99.682724,92.22637,99.190414,99.33746,99.834854,99.7952,92.56988,91.80915,88.81926,84.50414,85.728065
Eswatini,Sub-Saharan Africa,Lower middle income,GFDD.DI.05,22.35534,24.25378,25.61454,24.03333,23.44943,19.91804,20.72218,21.554039,22.07631,23.53122,17.869959,16.9151,18.617668,18.0782,18.11231,18.65444,18.322771,19.88594,22.07972,25.074709,26.369469,25.155201,24.84779,26.308578,24.02892,24.65326,29.226791,28.74934,29.791908,27.77357,31.10539
Eswatini,Sub-Saharan Africa,Lower middle income,GFDD.DI.06,0.24326721,0.2896204,0.2627892,0.1999123,1.004558,0.5379091,0.20431751,0.1650327,0.1411398,0.1610164,0.14051591,0.114930995,0.5067984,0.5790311,0.64483994,0.5883979,0.3190445,0.0839673,0.0359213,0.0392753,0.0702651,2.18258,0.191823,0.1748554,0.0408431,0.048228603,2.016202,2.27403,3.357262,4.664649,4.570798
Eswatini,Sub-Saharan Africa,Lower middle income,GFDD.DI.11,19.92685,25.950064,2.8898284,24.130932,19.212135,31.107164,24.562216,23.00695,14.950059,13.26002,27.16517,16.513832,30.825468,22.288074,9.394666,21.234474,25.458498,26.544048,20.591251,21.579712,31.782005,12.657535,25.62499,19.85074,30.162827,21.525698,27.030119,25.067755,19.364935,21.763075,18.635107
Eswatini,Sub-Saharan Africa,Lower middle income,GFDD.DM.11,7.180988,15.726102,11.416982,13.123462,3.3984363,2.5678515,17.690401,6.559552,22.138704,0.5819149,0.5229057,0.6105264,0.5913581,0.5164386,0.5290457,0.2924474,0.5409651,0.39505398,0.2670754,19.98255,4.077984,7.254986,7.773761,5.244142,5.016467,4.026741,5.193428,5.489738,4.492614,4.899898,2.856902
Eswatini,Sub-Saharan Africa,Lower middle income,GFDD.EI.08,4.812603,0.36421606,3.4771066,0.6764457,0.75402397,0.80795085,0.99192446,0.6595114,0.6048912,0.5309089,0.4931822,1.119363,2.226336,2.5034652,2.272295,1.9047321,1.863577,1.56829,1.4051361,1.466727,2.380154,3.481865,3.621912,4.3199973,3.7886212,3.932364,4.582981,5.367548,5.317522,5.2106514,7.379725
Eswatini,Sub-Saharan Africa,Lower middle income,GFDD.OI.02,19.916052,21.84635,23.38636,21.34211,21.331501,17.75712,18.62524,19.19423,20.291891,21.55266,16.00966,15.47597,16.991941,16.29396,16.75182,17.31724,17.25841,18.945011,21.058151,24.004412,25.234911,23.066721,22.831161,24.26123,22.898281,23.595291,27.519321,27.265871,28.613941,26.65489,29.748507
Eswatini,Sub-Saharan Africa,Lower middle income,SH.STA.BRTC.ZS,90.48193,91.77069,92.15987,94.61297,56.0,90.35427,95.96849,97.964806,93.23459,96.41952,65.399994,95.88598,74.0,90.89825,97.88026,98.81379,94.265175,69.0,101.43602,96.73637,82.0,93.86207,93.78164,100.1912,88.299995,92.94941,93.63167,100.50883,88.31626,94.669846,96.815865
Eswatini,Sub-Saharan Africa,Lower middle income,SL.IND.EMPL.ZS,28.555994,29.08,29.040003,29.08,28.99,28.99,28.85,28.76,28.520002,28.24,28.08,27.84,27.55,27.27,27.11,26.92,26.73,26.58,26.430002,26.31,26.03,25.820002,25.59,25.29,25.1,24.87,24.53,24.12,23.73,23.39,29.266739
Ethiopia,Sub-Saharan Africa,Low income,DT.TDS.DPPF.XP.ZS,37.645977,29.027105,22.716381,17.927578,15.216068,18.334131,41.49836,9.863672,12.08516,16.172644,13.631699,18.389732,7.9054503,7.16333,5.509175,4.2992306,5.8011675,4.6206717,2.9166105,2.7831395,3.7753751,5.8505707,7.1316977,10.672126,11.815932,18.163904,20.62202,22.010431,21.164425,28.09249,25.765135
Ethiopia,Sub-Saharan Africa,Low income,EG.ELC.ACCS.ZS,45.691746,49.884705,64.62176,70.08887,21.610397,69.93134,34.424778,34.25938,34.23188,55.554573,12.7,10.162491,11.854834,13.54194,15.226161,14.0,18.595402,20.28548,21.98279,23.690039,25.409935,23.0,28.898518,30.671673,27.2,28.999998,42.9,44.3,44.9406,48.06359,51.093983
Ethiopia,Sub-Saharan Africa,Low income,GFDD.AI.01,9733.828,9455.998,9266.069,9487.605,4043.255,3180.3132,-698.3384,7408.1035,4671.62,4752.681,7233.4824,9646.126,9270.245,6288.719,6896.8413,6579.3516,66.65422,75.2009,78.2789,91.07874,103.45328,111.17705,136.6832,2274.4893,6172.3457,5436.517,5738.145,6301.2466,4891.422,1214.1356,5352.0586
Ethiopia,Sub-Saharan Africa,Low income,GFDD.DI.04,51.444862,44.682487,41.53582,39.93882,42.4778,49.77549,58.52066,58.310493,58.388832,62.60867,56.6607,62.118366,59.240406,61.256016,50.39177,52.28694,59.75595,61.750843,57.885498,78.1875,75.55096,71.671425,67.679756,81.736115,74.09903,62.94591,83.10384,65.7081,82.09701,57.298,81.18588
Ethiopia,Sub-Saharan Africa,Low income,GFDD.DI.05,29.800621,30.995108,33.218548,28.01984,32.76006,29.27015,28.25446,33.16003,34.85739,36.73047,36.261997,38.81366,45.924427,46.62012,46.88916,45.191097,43.685707,40.449417,34.571,65.64082,59.40757,61.894882,75.207184,53.87577,50.33303,65.50755,77.76637,67.93879,66.99339,60.392384,106.47685
Ethiopia,Sub-Saharan Africa,Low income,GFDD.DI.06,14.35524,16.94065,19.46525,21.854641,21.07386,17.073,14.247009,15.31686,17.1329,17.80954,21.059671,18.59641,22.91581,21.547081,26.487381,26.704998,21.61038,18.78969,17.47058,12.311631,9.889976,6.6704106,14.776261,5.5878143,13.091405,8.265027,12.488029,12.473365,12.566767,10.910619,8.582251
Ethiopia,Sub-Saharan Africa,Low income,GFDD.DI.11,-0.26911792,-3.6395905,3.2107203,-0.4205907,5.530671,-2.0283782,3.863613,-2.8079908,6.402434,13.349247,4.845442,6.829536,-1.3194741,-6.1713696,-2.101778,11.021464,0.9875681,0.88028014,0.91969573,0.7971885,0.83457094,0.7785978,0.7468088,0.78463316,0.7680416,0.7437817,0.74535584,0.7401846,2.2645957,-0.5376114,6.656141
Ethiopia,Sub-Saharan Africa,Low income,GFDD.DM.11,63.296917,74.256424,112.67696,59.937164,61.061226,56.270363,69.95962,58.581238,51.42422,99.20553,68.85971,66.81259,65.65951,76.16265,72.40413,84.67616,124.15612,71.89995,194.97356,94.56556,220.35529,93.87656,173.33441,69.08729,99.8911,88.52766,153.60774,94.15755,63.677795,126.43196,108.55282
Ethiopia,Sub-Saharan Africa,Low income,GFDD.EI.08,13.13519,11.802559,11.31578,10.589729,10.247109,8.88116,7.8884664,6.826403,7.621179,10.086959,9.432326,12.182099,14.745839,15.97689,9.898115,9.888489,11.079589,11.28342,5.9506083,6.4618187,24.363834,12.25496,14.601257,9.959996,12.532602,20.883202,13.317697,17.37175,14.76442,11.835998,12.569361
Ethiopia,Sub-Saharan Africa,Low income,GFDD.OI.02,16.200361,15.42078,16.526762,14.933021,18.57152,17.237791,18.20318,23.665041,26.12408,27.003239,27.28771,29.83568,35.14944,36.13599,36.39396,35.21286,34.150528,31.800419,27.365309,34.909294,47.413803,39.316784,41.12025,47.47537,52.457157,40.9573,38.984276,35.29021,45.142586,41.5271,82.24694
Ethiopia,Sub-Saharan Africa,Low income,SH.STA.BRTC.ZS,78.65045,87.075874,75.86107,65.91095,84.78238,77.17572,86.62837,83.21947,6.5,79.404655,5.6,84.2711,89.939575,85.70461,6.3999996,5.7,77.648346,91.39019,90.12063,81.737274,82.46664,10.0,92.462715,23.1,15.5,87.56186,27.7,82.25146,75.748955,87.44847,79.212364
Ethiopia,Sub-Saharan Africa,Low income,SL.IND.EMPL.ZS,7.8336515,6.79,6.73,6.69,6.64,6.6,6.57,6.54,6.51,6.51,6.6,6.72,6.84,6.99,7.19,7.36,7.4200006,7.52,7.63,7.7600007,7.93,8.09,8.250001,8.410001,8.59,8.770001,8.96,9.120001,9.22,9.32,9.515893
Faroe Islands,Europe & Central Asia,High income,DT.TDS.DPPF.XP.ZS,18.96727,12.231419,2.3337758,10.894666,6.594823,13.066998,10.929819,18.962658,7.1978025,9.002722,8.902854,11.5867195,9.742915,10.907613,9.366757,9.549242,6.7181416,9.943621,7.6051674,11.356635,8.059945,14.804555,8.232017,12.141748,8.38769,7.7344456,6.244905,6.7763386,7.9160776,11.281036,10.866961
Faroe Islands,Europe & Central Asia,High income,EG.ELC.ACCS.ZS,100.0,100.0,100.0,100.0,100.0,100.0,100.0,100.0,100.0,100.0,100.0,100.0,100.0,100.0,100.0,100.0,100.0,100.0,100.0,100.0,100.0,100.0,100.0,100.0,100.0,100.0,100.0,100.0,100.0,100.0,100.0
Faroe Islands,Europe & Central Asia,High income,GFDD.AI.01,11759.278,12007.379,13992.377,13797.393,10240.144,12977.309,8616.944,19192.77,17369.178,34748.42,11761.146,13056.484,11898.899,14248.284,11521.294,17871.914,15011.609,15916.866,8591.963,13247.456,10746.436,10439.384,13574.376,10772.976,13988.392,34995.883,7490.8115,15101.665,11622.477,9375.697,15106.064
Faroe Islands,Europe & Central Asia,High income,GFDD.DI.04,66.25309,40.084824,36.59608,55.26498,68.089966,52.641926,58.212204,54.356354,64.3009,64.94698,65.24347,36.650467,60.34971,58.80264,58.697464,57.871407,29.597475,66.11411,58.546623,47.657803,55.78953,59.41219,57.376534,62.383064,63.53994,75.1995,53.216274,66.688995,60.88979,68.08828,47.901745
Faroe Islands,Europe & Central Asia,High income,GFDD.DI.05,82.949104,82.57685,62.113876,92.05689,98.03624,75.47543,76.51588,71.73814,119.24323,78.90705,117.46836,97.02375,90.82407,92.67813,92.212296,80.36362,78.293274,93.37881,54.82256,84.685074,69.04514,96.014145,103.79159,97.28208,78.092575,114.71856,91.69653,88.706825,79.509705,82.15605,111.461815
Faroe Islands,Europe & Central Asia,High income,GFDD.DI.06,7.456059,8.788622,4.883945,10.956028,11.277071,11.353762,2.8359215,5.7103114,2.3047965,8.173786,9.118616,5.590419,10.010526,6.6106358,7.1066628,7.8013225,3.4524162,12.161126,3.0285754,5.564201,12.055089,6.099639,11.216773,6.077514,4.6894364,16.635798,4.8339586,7.249186,6.3376765,11.8407955,8.037368
Faroe Islands,Europe & Central Asia,High income,GFDD.DI.11,14.997369,15.4713745,10.401589,14.100151,8.756618,7.8875923,4.9501987,9.182199,20.218285,5.514529,13.256226,11.570865,21.590715,9.926502,11.501342,16.092335,13.960104,11.003105,15.280092,13.316092,9.618808,13.261455,14.74651,19.240976,16.416979,13.107436,22.94507,10.381784,15.573643,12.729984,11.278503
Faroe Islands,Europe & Central Asia,High income,GFDD.DM.11,62.71944,47.489433,50.957428,75.934,37.346134,35.569553,43.764545,58.457336,26.84731,41.593967,40.6418,37.376022,53.92531,60.147526,51.87947,36.79814,50.12927,58.767807,41.124454,61.05425,48.686573,94.7267,52.401806,70.638985,60.440945,72.38858,61.494015,47.593533,46.62734,57.76207,74.66299
Faroe Islands,Europe & Central Asia,High income,GFDD.EI.08,10.333759,7.52677,31.14762,20.009031,14.374,16.597778,19.183222,10.307359,18.986568,17.73214,4.5686426,19.814903,31.52185,23.883514,14.829605,17.313124,20.136272,22.451538,20.68636,14.963792,36.197693,13.168212,10.818552,25.23818,33.111183,12.141258,12.467681,16.338219,19.934885,11.751708,32.762318
Faroe Islands,Europe & Central Asia,High income,GFDD.OI.02,61.68649,82.44288,59.138264,62.05253,70.232475,52.90972,66.88373,68.89405,62.397217,73.23133,68.41126,55.691116,80.03234,55.2424,54.018787,74.6404,39.891773,72.34122,62.240963,51.80862,88.81458,77.45477,73.68701,74.56857,87.64238,85.661156,63.77434,45.87685,76.60819,62.67327,66.04407
Faroe Islands,Europe & Central Asia,High income,SH.STA.BRTC.ZS,96.33502,113.42175,107.65043,106.794205,100.31764,103.875465,106.72488,101.95574,110.182945,104.40134,101.33146,107.76191,108.35489,115.681595,105.29266,107.647285,105.046974,111.840576,108.67433,100.81767,102.744225,112.482254,98.52032,114.086525,104.668564,121.6769,101.62049,106.29309,97.92121,103.98025,125.22604
Faroe Islands,Europe & Central Asia,High income,SL.IND.EMPL.ZS,19.14417,16.058502,17.8191,23.39104,19.947357,22.969603,18.598557,11.232909,16.816702,21.225445,16.986818,20.69385,12.282818,17.872936,18.842464,15.466481,16.17564,17.529154,17.870676,18.53022,18.0464,18.396544,17.722275,19.636724,16.087711,19.171185,19.704782,14.409024,10.633117,19.73835,12.61933
Fiji,East Asia & Pacific,Upper middle income,DT.TDS.DPPF.XP.ZS,9.010597,9.330379,6.9508004,5.847573,6.170676,3.7314117,2.1283348,1.5367112,2.2078526,2.62161,2.527914,1.803539,1.734978,1.2514167,0.7663759,0.8468298,0.87241036,1.6169815,1.1925145,1.8209292,1.309145,8.136478,1.6062338,1.843667,1.9436432,13.435759,3.0019596,2.2335927,2.4158802,6.83652,19.781912
Fiji,East Asia & Pacific,Upper middle income,EG.ELC.ACCS.ZS,92.9603,82.38987,84.36521,82.80663,74.71125,100.37096,66.9,71.771515,73.089584,74.40282,75.72492,77.00068,79.63,80.0,80.79184,82.05135,83.31274,88.9,86.16,87.134865,89.24858,90.146126,91.07083,91.75,93.786606,95.16824,96.561745,96.0,99.372505,99.71589,100.0
Fiji,East Asia & Pacific,Upper middle income,GFDD.AI.01,37078.336,24312.846,15358.625,19152.988,27604.984,30107.457,20867.621,26836.412,21330.31,15252.934,24490.514,33761.55,17863.232,39726.133,24002.822,32527.896,27520.148,17393.25,20032.213,19077.957,11581.565,24046.936,19852.045,32883.48,44694.688,22800.408,22215.092,25948.855,29430.537,25639.564,23345.035
Fiji,East Asia & Pacific,Upper middle income,GFDD.DI.04,99.97809,99.976295,99.98991,99.28242,99.99234,99.99239,96.983154,95.156166,102.07156,96.111465,96.09252,95.26276,95.95359,94.80245,95.88711,94.201,93.3461,94.19461,95.05242,93.36885,94.37718,96.05135,96.6561,97.471214,98.32367,98.60656,98.771034,98.94625,99.031555,98.72115,95.96799
Fiji,East Asia & Pacific,Upper middle income,GFDD.DI.05,49.4603,54.93448,55.80223,54.17891,52.42561,52.84665,49.44242,44.67106,40.82107,39.9484,41.993088,34.41516,33.34467,36.71787,40.8056,44.53071,49.35296,48.78448,46.3075,50.986603,48.85921,47.42681,46.97656,49.63305,46.39396,50.64286,52.38726,52.859627,52.839058,55.91058,71.98848
Fiji,East Asia & Pacific,Upper middle income,GFDD.DI.06,0.008989899,0.0114104,0.004776,0.3510406,0.0037409998,0.0036089001,-0.7662572,9.181587,2.6650076,1.327994,1.5707251,1.76034,1.470443,2.07338,1.716835,2.819063,3.738833,3.306988,2.8819299,4.0380774,3.1753,2.57306,2.169369,1.685705,1.098118,0.97208476,0.88917536,0.7693194,0.72063464,0.9775681,3.8371348
Fiji,East Asia & Pacific,Upper middle income,GFDD.DI.11,13.146114,8.897748,6.5259047,24.024292,2.7703776,6.860357,14.050914,13.422902,41.212215,13.884421,17.66799,16.803106,13.30816,23.718601,12.16106,16.69125,13.941282,15.180431,14.322015,16.4104,15.595707,15.421147,17.086983,17.008192,14.692129,14.776881,15.190097,14.980806,14.973207,15.7915125,19.757235
Fiji,East Asia & Pacific,Upper middle income,GFDD.DM.11,28.996557,21.175632,42.356174,26.576574,42.517136,39.16766,24.681232,20.132547,36.153164,55.76193,33.276608,42.872757,43.695297,42.470657,58.369923,43.57666,35.5187,36.033672,37.907394,45.545902,55.290855,38.85526,36.12154,41.80419,30.998234,61.493896,43.9335,57.120476,60.835907,22.25301,46.434235
Fiji,East Asia & Pacific,Upper middle income,GFDD.EI.08,6.867949,8.798712,9.118338,9.148521,8.419436,7.3281693,7.518347,8.333905,7.957221,6.6839743,6.549974,5.6928344,5.627205,6.9500585,6.421934,7.0302835,6.449126,6.324922,5.739718,8.520065,6.5415745,4.647558,4.012276,5.917017,7.0076118,7.598757,5.762671,5.225816,5.396632,5.379088,8.862902
Fiji,East Asia & Pacific,Upper middle income,GFDD.OI.02,45.10879,50.46357,51.3275,49.722527,48.09794,48.594387,45.16996,40.230118,35.78883,34.786186,37.0103,33.6614,33.68535,39.51687,40.38875,43.854347,50.70422,55.352287,49.26743,52.587868,50.7137,58.210167,58.934437,66.90521,62.258705,66.4376,66.09325,66.938835,65.5748,65.958855,81.114296
Fiji,East Asia & Pacific,Upper middle income,SH.STA.BRTC.ZS,95.299995,94.49999,95.16532,97.6,96.2,96.2,96.3,96.2,96.7,96.4,96.9,98.4,96.9,96.7,97.0,97.200005,99.3,99.00001,98.799995,99.8,99.7,99.6,99.3,99.7,99.7,99.9,99.8,98.65929,94.74921,101.22676,91.21804
Fiji,East Asia & Pacific,Upper middle income,SL.IND.EMPL.ZS,22.68036,22.34,22.46,22.46,22.48,22.47,22.52,22.37,22.300001,22.38,22.13,21.99,21.76,21.410002,21.22,20.85,20.040003,18.98,18.210001,17.33,16.74,16.14,15.460001,15.099999,14.839999,14.55,14.17,14.22,14.23,14.140001,21.171932
Finland,Europe & Central Asia,High income,DT.TDS.DPPF.XP.ZS,43.510498,32.829205,14.3258,29.227308,32.516068,33.59729,15.076546,37.067417,30.569641,36.86913,7.0500517,22.469517,14.342717,24.101665,10.784311,16.618517,18.456318,4.399636,23.909094,26.34481,25.674084,19.862562,24.50941,26.774828,12.7129965,26.32125,15.571581,33.06477,32.475513,36.898537,12.349796
Finland,Europe & Central Asia,High income,EG.ELC.ACCS.ZS,100.0,100.0,100.0,100.0,100.0,100.0,100.0,100.0,100.0,100.0,100.0,100.0,100.0,100.0,100.0,100.0,100.0,100.0,100.0,100.0,100.0,100.0,100.0,100.0,100.0,100.0,100.0,100.0,100.0,100.0,100.0
Finland,Europe & Central Asia,High income,GFDD.AI.01,7924.246,10038.899,17086.35,10660.683,-5102.9985,14425.811,-6198.1436,11810.309,9523.444,11712.771,6503.603,17102.754,15276.682,12893.768,7805.11,6432.5854,8593.75,13125.951,10202.427,4435.5474,5546.614,4787.645,6459.0757,7070.29,6329.12,10351.966,10511.49,11429.044,6080.696,9692.0205,-913.6173
Finland,Europe & Central Asia,High income,GFDD.DI.04,98.882324,99.06884,98.80717,98.51235,98.492065,98.6797,98.859116,98.972916,99.10401,87.005775,93.356636,99.87672,99.96234,99.99287,99.99347,99.99419,99.7625,99.71548,99.75014,99.61282,99.70544,99.778366,99.877075,99.85541,99.73481,96.60957,92.03465,90.10016,89.49015,89.650276,86.52656
Finland,Europe & Central Asia,High income,GFDD.DI.05,53.31351,58.37628,59.14728,59.27509,56.54135,55.09657,51.67012,48.80783,46.470226,68.43259,79.46071,46.53991,51.06879,54.29492,56.00097,58.484272,60.847214,64.8082,65.628914,70.88866,71.975044,72.42093,70.87254,71.55603,73.08128,77.915184,76.77711,77.89227,78.08608,78.13652,89.36196
Finland,Europe & Central Asia,High income,GFDD.DI.06,0.9443478,0.8572264,1.064709,1.215118,1.067,0.8847919,0.7197862,0.5906848,0.5046867,4.8858714,7.2342706,0.0732915,0.022897799,0.0046129,0.0044092,0.0042505,0.18392451,0.2282544,0.21002239,0.3521378,0.2774485,0.2121233,0.120873295,0.1448701,0.2687328,3.6123662,8.855819,11.0463505,11.94339,11.92235,16.9054
Finland,Europe & Central Asia,High income,GFDD.DI.11,59.652905,60.16065,41.128048,23.34892,51.431564,12.754061,15.557929,19.26593,21.195444,32.58927,29.79581,25.355396,24.601646,25.741192,24.504591,26.802359,27.498451,25.4378,22.030216,26.381178,28.233845,25.82475,28.013607,30.10029,31.856121,33.243717,33.63486,32.031048,30.100166,31.49856,33.247623
Finland,Europe & Central Asia,High income,GFDD.DM.11,50.908752,45.41856,67.91846,48.136215,235.54597,36.971878,150.91838,98.190155,50.77894,14.749929,24.48977,27.59771,37.819477,41.29985,47.12516,43.84282,54.20779,52.14622,41.59349,59.65664,62.261993,57.65845,68.46666,67.14261,64.41652,70.5741,65.5765,61.08292,57.124363,55.18644,58.25501
Finland,Europe & Central Asia,High income,GFDD.EI.08,2.190547,3.942163,8.926305,12.970549,17.222889,37.99359,30.167221,34.057148,34.087597,13.690923,12.385087,6.8050437,5.3910813,4.442863,3.779967,3.981492,3.8635721,3.723166,3.747458,4.415479,5.9731164,6.211174,6.5072603,7.181346,8.233082,8.5417595,8.422291,7.44451,7.852039,8.255414,8.827579
Finland,Europe & Central Asia,High income,GFDD.OI.02,48.78036,54.198547,55.60228,55.92326,53.60148,52.26269,48.792667,46.098637,43.999916,67.95829,49.48498,44.604786,46.91419,49.642498,50.437767,52.356888,54.423157,58.33422,58.534985,62.82304,63.53679,63.42286,61.41755,62.19429,63.399178,67.174576,67.217415,68.03593,67.150536,67.08887,77.40709
Finland,Europe & Central Asia,High income,SH.STA.BRTC.ZS,98.799995,102.538536,98.6,98.6,98.5,98.5,98.4,98.4,98.3,98.4,98.4,98.5,99.8,99.8,99.8,99.8,99.8,99.8,99.8,99.8,99.8,99.7,99.8,97.565445,99.7,99.9,99.9,99.9,100.0,94.93136,94.75672
Finland,Europe & Central Asia,High income,SL.IND.EMPL.ZS,27.194117,28.780003,28.16,27.780003,27.71,27.6,27.09,27.42,28.26,27.73,27.95,27.08,27.15,26.7,26.07,25.81,25.690002,25.72,25.15,23.95,23.300001,23.0,22.79,22.85,21.9,21.7,22.16,22.16,22.34,21.64,21.197882
France,Europe & Central Asia,High income,DT.TDS.DPPF.XP.ZS,28.247087,21.397232,12.745678,12.088032,11.976935,19.814919,11.936965,18.455626,18.21286,12.506825,14.09705,11.509648,12.970363,17.598473,17.628471,14.575264,17.012905,9.087564,5.7552137,33.226154,10.291202,-1.5219698,11.942978,8.148327,9.548622,13.227953,14.795362,23.624561,14.832087,27.030558,16.722986
France,Europe & Central Asia,High income,EG.ELC.ACCS.ZS,100.0,100.0,100.0,100.0,100.0,100.0,100.0,100.0,100.0,100.0,100.0,100.0,100.0,100.0,100.0,100.0,100.0,100.0,100.0,100.0,100.0,100.0,100.0,100.0,100.0,100.0,100.0,100.0,100.0,100.0,100.0
France,Europe & Central Asia,High income,GFDD.AI.01,10154.424,10986.827,12900.994,15244.864,22713.205,13755.689,38593.066,18901.521,8939.032,30983.486,16559.006,16188.79,20031.932,33453.082,19445.34,20933.82,16879.98,11135.771,13021.506,14890.0625,6657.4805,19494.328,28231.652,12572.009,15779.23,5412.7812,18927.332,15727.185,12141.524,28651.783,23631.676
France,Europe & Central Asia,High income,GFDD.DI.04,98.81942,98.94688,98.716286,98.953896,99.02178,99.19975,99.08493,99.164856,108.503006,96.86597,100.183136,99.72333,99.75594,99.65365,99.63038,99.59086,99.583015,99.53164,99.316376,99.22137,99.00138,98.1734,97.55823,98.07339,98.28148,95.00817,90.13938,86.71548,85.77752,86.54259,83.9122
France,Europe & Central Asia,High income,GFDD.DI.05,61.099712,58.4976,57.178146,58.87624,60.73696,65.18942,65.94555,68.52884,107.06573,94.36857,104.11605,62.48667,64.819725,69.854,72.04398,74.784904,77.918846,82.14067,88.048164,90.80576,90.71884,88.16899,90.94854,90.002975,91.38085,92.96784,96.447784,101.4104,102.640305,106.202,131.1224
France,Europe & Central Asia,High income,GFDD.DI.06,1.21693,1.083625,1.337154,1.059823,0.9781069,0.8096278,0.9239925,0.8455108,0.80853575,15.254865,-1.8643684,0.2621246,0.22905469,0.3264303,0.34847012,0.4035313,0.4225306,0.4949623,0.74840146,0.8899413,1.1523141,2.115363,2.8829951,2.2484992,1.9763039,5.9349627,12.424879,17.66729,19.321629,18.55528,26.31672
France,Europe & Central Asia,High income,GFDD.DI.11,85.34318,93.35982,82.542,67.768105,32.826157,39.377052,45.627766,53.43288,57.582237,65.763,68.292046,65.95117,63.331505,66.062454,77.83076,84.065956,83.50293,85.50344,79.33641,90.91578,95.001434,91.07746,99.396706,103.08984,111.58536,112.3382,120.27864,121.064,116.90353,122.28127,132.0416
France,Europe & Central Asia,High income,GFDD.DM.11,53.21436,45.542953,55.38107,68.39708,30.241661,49.001072,59.39532,69.65831,56.22821,26.757462,33.22135,38.23477,48.739727,55.803463,61.71188,61.37487,74.16101,80.36328,72.70901,86.53185,80.916954,66.12387,73.56334,73.28344,69.40326,73.85466,71.512115,74.62008,67.41327,71.43633,85.718895
France,Europe & Central Asia,High income,GFDD.EI.08,64.667336,57.726223,61.760433,69.90515,57.76342,17.940256,24.896992,22.422207,28.849169,23.870855,35.297207,17.52223,17.57897,18.36728,17.328499,18.09067,16.68668,16.40561,16.232239,18.370169,18.38701,16.90066,18.64555,18.45244,18.948349,17.88111,16.9189,15.80573,14.713709,14.5868,17.78575
France,Europe & Central Asia,High income,GFDD.OI.02,57.136368,54.676987,53.48211,55.265636,57.20181,61.701893,62.516182,65.14561,70.74121,62.496853,86.58891,58.96171,58.9975,63.236828,64.49737,66.37388,68.276436,70.94336,76.45665,77.9569,76.74533,76.15035,77.81932,76.673706,76.99005,78.21719,80.93669,84.086205,85.38626,87.96909,115.61027
France,Europe & Central Asia,High income,SH.STA.BRTC.ZS,93.208855,98.53942,96.6335,99.00001,102.91057,99.79542,106.09478,100.08992,101.45192,102.10752,97.547714,99.6,102.80487,99.11371,97.99999,97.899994,98.3,98.100006,97.99999,97.899994,97.5,96.2,97.1,98.3,98.3,97.7,97.4,97.99999,98.100006,99.343185,93.009186
France,Europe & Central Asia,High income,SL.IND.EMPL.ZS,21.483912,28.39,28.09,27.51,26.83,26.94,26.51,26.560001,26.33,26.300001,26.27,26.03,25.4,24.14,24.25,23.780003,23.800001,23.320002,23.25,22.670002,22.25,22.170002,21.76,21.31,20.53,20.320002,20.23,20.41,20.24,20.430002,22.39011
French Polynesia,East Asia & Pacific,High income,DT.TDS.DPPF.XP.ZS,10.391376,13.758288,10.491125,14.465934,11.424915,16.139679,14.567962,8.129936,9.538461,13.419309,11.948136,8.141883,11.380515,12.018275,14.738629,3.4433727,8.674667,12.407624,-4.0059166,8.935218,3.5576575,7.1838803,4.5251617,7.038623,10.794832,7.280232,10.85892,9.262146,14.29488,9.04517,6.999691
French Polynesia,East Asia & Pacific,High income,EG.ELC.ACCS.ZS,100.0,100.0,100.0,100.0,100.0,100.0,100.0,100.0,100.0,100.0,100.0,100.0,100.0,100.0,100.0,100.0,100.0,100.0,100.0,100.0,100.0,100.0,100.0,100.0,100.0,100.0,100.0,100.0,100.0,100.0,100.0
French Polynesia,East Asia & Pacific,High income,GFDD.AI.01,20977.918,12546.44,14657.914,12658.425,18972.658,22113.42,21124.18,14888.475,22939.344,19001.717,19585.385,18355.334,13922.434,26378.98,14563.311,13447.891,20753.262,18600.227,5718.1714,14951.5205,17276.56,12137.793,9881.528,14181.298,23393.02,13751.481,12028.953,16404.832,11466.92,15259.613,20770.078
French Polynesia,East Asia & Pacific,High income,GFDD.DI.04,49.507416,41.366993,33.945984,51.98841,39.366516,27.55972,34.080696,51.246407,37.208607,37.982937,55.197548,60.39,36.417618,36.80351,35.072548,49.18414,23.663729,50.549324,36.29169,61.749935,53.721485,51.37452,72.123276,60.97209,57.93719,54.90523,57.37808,62.535496,42.186024,49.087402,53.3052
French Polynesia,East Asia & Pacific,High income,GFDD.DI.05,63.630257,60.493523,79.76507,74.04237,58.924038,75.300995,68.34118,82.8314,66.92075,69.435555,50.252434,69.548645,53.15719,75.51477,81.21349,59.676193,55.70666,89.02737,80.83339,83.4352,68.284485,72.51456,69.986374,79.20206,72.671616,88.25795,66.51446,69.919716,91.96449,74.84544,92.331154
French Polynesia,East Asia & Pacific,High income,GFDD.DI.06,12.105121,10.083983,13.063447,12.436872,14.158505,-4.2618484,15.27561,11.173502,15.053943,8.334598,20.02466,13.215713,15.145968,21.175425,12.730258,9.946955,11.998516,5.9149213,13.987204,12.107711,15.581542,8.750514,12.01012,15.426014,23.03529,15.521026,10.370605,15.983375,8.214245,20.053762,8.818222
French Polynesia,East Asia & Pacific,High income,GFDD.DI.11,19.139872,19.566975,15.957376,16.520666,22.214874,16.192223,23.460732,23.000092,25.914528,29.13444,25.978977,38.47972,22.237333,13.633195,26.252714,22.489113,27.715233,33.130234,27.173769,22.623583,28.104479,14.568298,30.69857,20.506502,24.214006,31.170612,24.096073,22.30078,26.75598,62.41057,27.764048
French Polynesia,East Asia & Pacific,High income,GFDD.DM.11,53.562943,80.68138,56.74925,80.13986,71.357475,48.756718,57.884518,36.596836,58.97038,65.306755,60.042496,56.6803,55.60948,77.36862,71.92323,64.10111,39.0086,57.237186,57.94467,114.4221,81.2167,124.68948,51.182182,69.671616,120.44402,79.81825,91.194016,73.59029,55.402657,94.563225,73.45649
French Polynesia,East Asia & Pacific,High income,GFDD.EI.08,2.3734744,32.514606,17.69188,29.8815,16.715794,25.263748,17.18903,7.499731,8.313049,26.995716,19.300253,13.080471,9.076796,17.865149,30.870222,20.841467,29.635645,18.182898,27.530445,16.346397,51.32834,18.734861,36.0972,19.99285,12.2653055,25.24151,54.1981,20.663006,24.660198,16.576122,43.717552
French Polynesia,East Asia & Pacific,High income,GFDD.OI.02,36.914417,36.207474,38.648167,59.48916,22.841557,40.407803,34.591248,35.848022,34.983646,36.41213,30.875757,40.879013,47.81855,37.20565,57.98712,30.93172,34.853245,32.263527,37.714798,52.76615,42.663044,41.843487,40.982018,41.490772,40.756126,55.88119,44.68707,40.73507,38.581547,43.56477,40.558414
French Polynesia,East Asia & Pacific,High income,SH.STA.BRTC.ZS,93.85395,102.20006,96.84745,104.3632,101.51331,98.9373,102.45568,99.43224,103.190315,94.66537,99.00001,102.526245,109.77506,98.99173,108.938324,104.843124,105.90568,106.38425,94.500565,98.29015,108.13726,96.20404,92.72402,98.39178,103.220474,104.122444,100.57325,101.886185,102.9689,106.58277,89.95447
French Polynesia,East Asia & Pacific,High income,SL.IND.EMPL.ZS,17.872292,15.490001,15.52,15.5,15.48,15.47,15.53,16.0,16.42,16.75,17.080002,17.53,17.94,17.91,17.670002,17.560001,17.37,17.300001,17.31,17.11,16.820002,16.49,16.36,16.34,16.37,16.39,16.430002,16.5,16.560001,16.64,16.324938
Gabon,Sub-Saharan Africa,Upper middle income,DT.TDS.DPPF.XP.ZS,4.755039,10.12301,14.426271,4.1889668,8.642492,14.736976,10.329639,12.568405,12.935603,18.021727,9.227935,15.831051,14.987347,10.947936,5.6309347,3.4748182,8.715493,12.129878,28.519962,6.155595,4.7778354,3.911585,4.151785,11.997793,6.0660286,8.499221,4.5446453,17.210884,10.133353,7.422482,11.459623
Gabon,Sub-Saharan Africa,Upper middle income,EG.ELC.ACCS.ZS,93.567154,93.51362,93.0005,92.72212,87.030136,93.65173,88.3526,83.10926,86.72712,81.15785,73.6,77.1408,77.84244,78.53884,79.23235,81.6,80.62018,81.31955,82.02615,82.7427,89.46172,88.859566,89.3,86.4,86.96431,87.37686,88.20383,86.27,89.881516,90.726295,91.57156
Gabon,Sub-Saharan Africa,Upper middle income,GFDD.AI.01,17287.27,19488.229,6681.505,8056.8857,7884.677,13103.35,16181.077,8536.39,11934.721,16069.129,17174.312,14296.39,15867.4,6299.5806,29045.951,6027.4824,9526.063,12939.104,141.70926,143.1018,156.82799,171.11223,163.39561,205.12053,10375.63,16081.126,13584.706,19273.738,3569.6077,13697.669,10357.989
Gabon,Sub-Saharan Africa,Upper middle income,GFDD.DI.04,89.117325,88.82754,82.641106,81.04155,78.02816,78.251816,74.33095,83.42255,67.77666,68.97491,72.92688,66.15363,69.77079,71.528786,69.020676,73.3372,86.254036,88.67364,99.844986,87.29791,75.370224,80.976135,84.469086,86.67754,87.34655,78.95454,80.492714,71.63184,72.522,70.73192,91.13513
Gabon,Sub-Saharan Africa,Upper middle income,GFDD.DI.05,16.33852,18.81228,16.311861,15.50195,14.01015,14.50226,14.44579,15.059729,17.37561,15.52839,14.614129,15.403339,16.18418,15.67083,16.08173,16.844349,18.416979,17.53975,16.428688,20.305498,19.53442,20.87746,22.287,24.93171,23.47029,24.8971,24.45479,19.36199,23.869719,22.927608,42.22783
Gabon,Sub-Saharan Africa,Upper middle income,GFDD.DI.06,2.4839568,2.790446,3.918433,4.080766,4.118426,4.117809,4.243237,2.813837,7.982117,6.993278,4.3604293,6.746643,6.253722,5.211138,4.812105,3.489126,1.693581,1.851936,0.014615301,1.582423,3.454742,2.8432932,2.793874,2.993786,2.896009,5.356881,5.481649,6.5447507,7.2919774,7.681842,6.043219
Gabon,Sub-Saharan Africa,Upper middle income,GFDD.DI.11,0.70184946,1.3690978,4.420007,-0.59953505,5.0141416,1.6856844,2.1459374,0.80132765,7.031611,5.8463254,-0.3541678,6.64217,4.494916,1.5936505,1.5434413,1.3149445,1.4160416,1.3628772,1.2620856,1.596173,1.3246194,1.2946328,1.4198956,1.6960285,1.5520767,1.7776103,1.8501414,1.8240274,11.943627,3.2747061,8.142234
Gabon,Sub-Saharan Africa,Upper middle income,GFDD.DM.11,42.150566,77.57614,118.12467,55.103386,114.18299,68.389015,123.85324,87.12048,90.381996,91.20478,98.88277,51.512295,50.090446,100.95436,82.58987,87.73384,138.12794,142.298,112.044586,49.876125,120.27702,84.70211,115.70483,130.87791,138.90297,70.36882,98.78834,134.24843,110.591835,66.915245,129.9987
Gabon,Sub-Saharan Africa,Upper middle income,GFDD.EI.08,6.96655,7.0913754,7.2403455,6.694285,7.3899,6.474234,5.3507094,5.145503,5.643332,5.243452,2.86338,3.113594,3.3291252,2.9931653,2.6433232,1.955941,1.789508,2.064704,1.311293,1.587681,3.0701642,3.4765148,3.917669,4.493507,5.478106,5.6117973,8.823941,6.272151,6.191171,5.215149,7.4324007
Gabon,Sub-Saharan Africa,Upper middle income,GFDD.OI.02,12.515611,14.682322,12.4182205,12.2018,10.6989,10.41419,10.43299,11.07684,12.606991,11.80979,11.373041,11.91085,12.60638,12.371561,12.67998,12.79805,14.25451,13.616091,12.93323,15.76874,16.3103,17.39159,18.20478,20.19083,18.913189,20.045542,19.6378,14.85432,19.28909,18.668371,37.116215
Gabon,Sub-Saharan Africa,Upper middle income,SH.STA.BRTC.ZS,98.14382,89.59643,93.452034,73.153435,97.03064,104.0442,96.261536,82.20187,94.9751,101.48304,85.5,85.5,97.073906,95.627556,98.37657,105.10689,95.45949,97.65429,97.9092,106.9511,92.834755,91.60304,89.3,101.2377,101.566986,100.16536,97.24844,89.23845,100.66961,96.66408,97.15102
Gabon,Sub-Saharan Africa,Upper middle income,SL.IND.EMPL.ZS,14.932265,9.44,9.530001,9.58,9.59,9.620001,9.640001,9.640001,9.67,9.770001,9.82,9.84,9.890001,9.910001,9.95,9.97,10.05,10.07,10.150001,10.23,10.260001,10.3,10.36,10.410001,10.47,10.520001,10.59,10.650001,10.71,10.740001,16.650412
"Gambia, The",Sub-Saharan Africa,Low income,DT.TDS.DPPF.XP.ZS,21.785778,13.216907,12.359176,11.13649,13.386485,15.085925,12.0600605,11.289684,24.415934,7.36559,18.908472,22.973852,27.12241,14.499015,20.535364,14.643514,14.349978,12.98019,5.136437,6.7196426,8.412667,10.467387,9.384088,10.977564,18.26059,18.742056,22.250898,15.775516,12.591583,12.699499,17.638857
"Gambia, The",Sub-Saharan Africa,Low income,EG.ELC.ACCS.ZS,43.476894,60.682148,47.59924,17.699999,18.25005,19.921444,21.590118,23.255392,24.916586,26.572939,34.3,29.87002,31.517563,27.8,34.7993,30.456268,38.078945,39.724228,41.37674,43.039192,46.655277,48.247086,49.827934,51.5,52.933727,54.56199,56.327408,56.2,60.3,62.099995,62.273064
"Gambia, The",Sub-Saharan Africa,Low income,GFDD.AI.01,7098.0854,8321.196,5608.1353,8519.811,16285.254,14439.232,15311.439,5849.29,14079.742,6652.025,11321.362,15441.359,12133.641,10759.208,8597.346,11581.393,12673.358,8406.115,7461.726,5278.266,11330.307,8344.638,13071.468,14864.831,7827.7754,3201.041,2622.9807,14713.552,4963.6626,-3079.9846,7039.591
"Gambia, The",Sub-Saharan Africa,Low income,GFDD.DI.04,91.07559,92.89047,58.946728,63.524563,60.67513,67.54232,71.265564,76.91203,79.421364,81.861465,85.68476,88.07249,83.608025,67.27187,66.94464,74.20968,92.111534,93.52559,94.647385,97.18181,82.674965,82.82881,82.66233,74.51854,67.72026,94.567215,89.33235,61.41403,64.574356,68.09075,62.83005
"Gambia, The",Sub-Saharan Africa,Low income,GFDD.DI.05,20.65765,10.761069,11.62013,12.097919,11.1988,12.19602,11.6456,14.51802,14.6656,15.83717,19.800508,21.95304,27.806461,33.05418,18.80485,20.92553,26.221949,25.99354,28.26478,30.26802,30.74717,35.5232,34.36472,36.14175,37.97905,43.65608,-2.4187884,38.28397,39.4721,44.42,52.41172
"Gambia, The",Sub-Saharan Africa,Low income,GFDD.DI.06,1.567872,0.5501269,4.289847,4.152166,4.4031878,3.653574,3.384574,3.19519,2.9157252,2.814539,2.456248,2.546916,3.730387,8.643957,4.62777,4.228639,1.290146,1.117559,1.043212,0.6013539,4.7504783,5.489135,5.671822,9.280563,13.4989805,3.6330385,6.2006726,17.09993,14.66492,13.35637,17.85191
"Gambia, The",Sub-Saharan Africa,Low income,GFDD.DI.11,18.634474,10.736496,23.498106,17.504883,15.0482435,18.630648,4.3265085,18.179245,17.21115,33.19699,20.030975,22.973654,14.275757,20.567047,14.713435,12.095155,25.402699,11.39315,2.352067,19.98221,1.0794411,1.1821568,1.1318505,1.0677205,1.1639265,0.9015422,0.8718955,0.8073116,0.73263496,16.197401,35.11781
"Gambia, The",Sub-Saharan Africa,Low income,GFDD.DM.11,82.47838,64.82032,63.53371,38.467216,69.177185,73.93139,39.038982,94.2991,57.032135,57.84785,81.47127,126.699036,68.26377,51.08041,120.17296,70.71064,70.957954,101.05536,107.45542,50.37549,74.44138,81.70848,70.60656,76.893715,138.21922,66.44325,88.071236,78.754425,102.151,74.87594,93.03618
"Gambia, The",Sub-Saharan Africa,Low income,GFDD.EI.08,2.574974,2.187598,2.33128,1.743238,1.2071751,2.629935,3.830992,4.471596,4.8443627,5.057145,6.441104,7.825194,6.48369,4.579866,5.0638967,7.347467,9.164756,9.386776,10.792969,13.44814,15.299699,18.18494,17.175869,17.36286,19.74466,19.54,9.195146,21.77339,20.283098,20.701889,21.814228
"Gambia, The",Sub-Saharan Africa,Low income,GFDD.OI.02,14.32174,7.737472,8.360979,8.835821,8.299764,8.890544,8.576776,10.12005,10.77943,11.74706,14.404181,16.38203,20.88318,24.5414,13.90188,16.075861,19.67357,20.686651,22.97641,25.07933,25.97135,29.801468,28.15338,29.560099,31.141659,23.426031,37.407375,30.197298,31.306019,35.7788,41.72429
"Gambia, The",Sub-Saharan Africa,Low income,SH.STA.BRTC.ZS,44.100002,94.5421,92.69299,73.97918,94.48479,94.97,96.55904,95.0502,92.680016,95.51383,51.6,96.497536,104.03029,104.32859,96.581,94.40022,52.1,106.570335,94.54886,101.400894,56.1,96.90606,100.56837,57.2,94.94197,98.02996,96.260956,93.15188,82.7,102.96649,93.72117
"Gambia, The",Sub-Saharan Africa,Low income,SL.IND.EMPL.ZS,18.82665,18.02,17.96,17.9,17.83,17.77,17.690002,17.64,17.580002,17.51,17.450003,17.38,17.35,17.22,17.09,17.02,16.91,16.76,16.560001,16.36,16.170002,16.09,15.91,15.7300005,15.630001,15.48,15.340001,15.19,15.09,15.010001,15.524815
Georgia,Europe & Central Asia,Upper middle income,DT.TDS.DPPF.XP.ZS,-5.4450545,25.145702,10.987448,11.289999,10.305116,13.465753,14.543388,6.007632,23.255533,15.039264,12.212501,7.2401156,9.165723,10.32078,11.838274,6.8775225,8.834409,4.3759837,4.7701783,6.849711,6.2937655,11.977827,6.329195,9.232712,7.591372,9.714068,5.9739857,7.18037,5.179081,5.158924,13.627221
Georgia,Europe & Central Asia,Upper middle income,EG.ELC.ACCS.ZS,104.484955,100.26643,103.02769,95.38292,98.04621,96.673515,95.211655,91.68016,97.09866,99.48684,99.81181,99.80533,99.90001,100.0,99.93001,97.93505,100.0,100.0,100.0,100.0,100.0,100.0,100.0,100.0,100.0,100.0,100.0,100.0,99.90001,100.0,100.0
Georgia,Europe & Central Asia,Upper middle income,GFDD.AI.01,9988.409,4198.193,10907.434,1863.0902,2914.6123,9773.251,5164.868,12260.776,9700.459,4432.0747,4319.223,7658.9536,12968.459,7801.147,207.14056,353.8678,441.51373,495.2883,554.808,598.70416,683.4663,732.455,823.49176,806.19293,871.56934,897.6843,977.5564,1063.5962,1182.5175,902.3637,868.7907
Georgia,Europe & Central Asia,Upper middle income,GFDD.DI.04,48.210808,96.20734,108.33536,55.515514,70.44123,57.18406,30.31356,27.50694,28.377548,29.94798,33.95824,39.11836,44.22741,47.602352,52.09121,65.828964,75.833,84.80012,89.16477,88.46867,90.8152,92.55289,94.760124,95.660484,96.54788,97.14444,97.5489,98.03918,97.776535,96.992546,96.868454
Georgia,Europe & Central Asia,Upper middle income,GFDD.DI.05,42.08586,45.333538,62.986427,35.056828,54.899998,7.738744,6.82303,8.273599,7.444932,7.9528027,10.38249,11.0577,11.67139,12.480599,15.487861,16.564219,19.50619,23.699669,17.652159,19.99203,22.540668,22.946459,23.93006,28.60258,30.77206,31.8106,36.27499,36.53757,39.04015,41.252,50.60801
Georgia,Europe & Central Asia,Upper middle income,GFDD.DI.06,8.612701,6.2017345,7.6404696,11.369615,7.2601933,4.623174,7.670154,10.41039,12.115439,14.08927,14.56822,12.70355,11.7186,10.89108,9.710095,8.000341,6.47054,5.184177,4.108122,4.250592,3.2950702,2.708268,1.955922,1.840611,1.6832081,1.4860419,1.414737,1.171434,1.449953,2.130487,2.781114
Georgia,Europe & Central Asia,Upper middle income,GFDD.DI.11,8.864393,7.5166955,12.890677,0.0021681192,8.443192,6.8891063,9.816594,11.775915,15.742493,16.23367,8.174067,11.422586,16.231451,7.2622957,9.598379,8.863327,7.3268766,9.445081,1.3123015,1.8430315,2.0549238,1.9785007,2.3146553,1.8762002,1.579744,1.5334327,1.513271,1.4234444,1.666437,1.6222477,1.8535686
Georgia,Europe & Central Asia,Upper middle income,GFDD.DM.11,39.707348,32.408077,81.19927,24.242025,18.287315,37.84528,24.030102,14.484887,83.08701,34.902336,36.720715,24.04845,17.536379,38.978073,0.25487158,2.77e-17,2.2899999e-17,0.0744936,0.00071149995,0.0008455,0.0007436,0.0012596999,0.0137916,0.0248636,0.2744228,0.74415964,1.184101,2.252957,3.055131,2.837875,2.947068
Georgia,Europe & Central Asia,Upper middle income,GFDD.EI.08,4.9221597,3.6288905,2.722701,3.7722917,4.359004,0.060570005,0.0327823,0.1067674,0.022304898,0.0299956,0.094587505,0.62954193,1.032312,1.0801389,0.67384726,0.6095174,0.79804486,0.506466,0.4341355,1.660451,2.294835,2.392015,2.208129,3.1231341,4.653961,5.0045013,5.586808,5.9453993,6.284306,5.7860837,9.217632
Georgia,Europe & Central Asia,Upper middle income,GFDD.OI.02,23.462734,14.604434,17.601873,35.184204,32.139164,2.608253,2.253866,3.0075428,3.219731,3.6485093,5.166928,5.802689,6.4091926,7.312376,9.203269,10.22363,13.4814205,16.8477,16.88709,19.64954,22.11576,22.20984,23.335781,27.75847,29.710918,32.82736,37.71312,38.061207,40.15095,42.37172,54.08721
Georgia,Europe & Central Asia,Upper middle income,SH.STA.BRTC.ZS,96.6,91.299995,91.1,90.799995,97.455154,91.64903,94.96179,95.80699,96.0,96.4,95.50001,96.6,97.4,97.200005,97.5,98.3,98.799995,99.4,99.6,99.7,99.6,99.8,99.8,99.9,99.9,99.9,99.9,102.55657,99.4,87.651146,93.32965
Georgia,Europe & Central Asia,Upper middle income,SL.IND.EMPL.ZS,19.076468,13.06,12.500001,11.96,11.500001,11.11,10.84,10.55,10.19,9.45,9.8,9.280001,8.22,8.35,8.84,9.290001,9.05,10.370001,10.260001,10.21,10.6,10.94,10.83,10.82,11.1,11.020001,11.910001,13.17,14.390001,14.260001,21.500006
Germany,Europe & Central Asia,High income,DT.TDS.DPPF.XP.ZS,14.312448,20.890093,15.149677,10.747539,-1.0117662,13.283314,13.07615,0.5576777,17.50339,10.619958,12.432299,9.155821,12.287866,-15.257004,12.171143,11.3894005,9.236805,11.039078,10.721024,7.375632,14.22482,1.996894,11.623761,8.0578785,13.570194,7.49267,9.594566,5.841387,14.433346,4.9500885,10.93047
Germany,Europe & Central Asia,High income,EG.ELC.ACCS.ZS,100.0,100.0,100.0,100.0,100.0,100.0,100.0,100.0,100.0,100.0,100.0,100.0,100.0,100.0,100.0,100.0,100.0,100.0,100.0,100.0,100.0,100.0,100.0,100.0,100.0,100.0,100.0,100.0,100.0,100.0,100.0
Germany,Europe & Central Asia,High income,GFDD.AI.01,23581.56,3298.7637,19306.654,19250.219,11667.671,9907.377,15782.527,26494.357,32786.918,5053.563,6935.5796,14744.414,-414.17917,18501.537,19737.51,13227.176,18356.74,20654.555,19995.654,5488.456,59203.45,19104.707,24445.42,13531.213,28427.395,18989.29,17631.277,22107.994,-5265.605,37513.094,14393.844
Germany,Europe & Central Asia,High income,GFDD.DI.04,99.14591,99.19732,99.106606,99.32133,99.3976,99.47796,99.52735,99.54993,99.57674,99.18344,84.82638,99.85368,99.85395,99.85306,99.8528,99.85191,99.851425,99.848885,99.849525,99.84769,99.84726,99.84427,99.846825,99.839424,99.83978,97.05894,92.44248,89.20719,88.124725,88.268715,84.57683
Germany,Europe & Central Asia,High income,GFDD.DI.05,68.457344,59.964474,60.248734,64.97749,63.734436,64.278824,68.080826,68.30054,70.35909,78.00108,53.021538,64.380135,67.26721,69.728165,69.91889,72.83078,73.82436,77.39294,82.25056,84.62186,84.09027,85.11446,89.350136,90.030594,90.240425,94.53046,96.05406,96.11733,97.5297,99.21805,111.44471
Germany,Europe & Central Asia,High income,GFDD.DI.06,1.029447,0.8700151,0.99794525,0.8092703,0.74331623,0.6669483,0.6396404,0.63193554,0.61750877,10.141141,6.150663,0.20436911,0.2019908,0.2007624,0.19624129,0.19402969,0.1861573,0.177632,0.1743577,0.1815409,0.1731789,0.1649119,0.1617668,0.1655433,0.1589449,2.9425879,7.7247553,11.11693,12.19971,12.11248,17.77955
Germany,Europe & Central Asia,High income,GFDD.DI.11,73.42054,55.696064,47.94528,55.93019,56.51425,33.73882,36.886353,42.06705,45.21396,51.888775,52.650475,53.662758,54.069523,57.940964,58.314396,59.95787,58.80549,57.750153,54.605785,57.851883,58.169235,56.677402,59.57447,61.206535,63.189896,63.01264,63.136234,61.362247,59.82585,63.289585,67.87208
Germany,Europe & Central Asia,High income,GFDD.DM.11,52.4482,86.6728,39.643215,73.715546,79.27685,95.96753,70.30921,35.020016,43.022415,17.59563,21.70889,24.92757,30.87808,32.202137,35.825108,36.76095,46.15277,48.773632,41.64282,52.789192,53.416042,46.22659,57.06393,57.957138,54.92215,58.184803,56.70966,60.91978,54.512978,59.48856,68.48472
Germany,Europe & Central Asia,High income,GFDD.EI.08,46.530453,40.05297,43.842815,48.50859,51.234352,56.93478,60.446873,62.399105,62.1431,34.29113,35.316788,27.0563,26.67712,26.481049,26.68507,25.37532,23.03831,20.2346,18.69746,20.24087,24.71506,20.829569,21.63661,20.837318,19.744959,18.994638,17.18567,14.742159,12.877019,11.97559,12.25353
Germany,Europe & Central Asia,High income,GFDD.OI.02,61.374363,53.65786,53.39634,57.98412,56.70179,57.14745,60.70911,61.06994,63.455353,320.9594,-21523.234,60.11213,61.91441,63.607117,63.185997,65.425575,65.89095,68.77578,72.546265,75.23013,74.646454,75.19116,78.252754,79.53912,80.17319,82.580246,83.75291,84.31528,85.688065,87.36482,97.11584
Germany,Europe & Central Asia,High income,SH.STA.BRTC.ZS,95.17744,100.99655,99.513336,99.607124,105.4218,100.71682,95.44468,92.57211,99.83479,98.7,98.6,98.6,98.6,98.6,98.200005,98.200005,98.4,98.4,98.5,98.3,98.4,98.4,98.5,98.5,98.6,98.799995,97.799995,98.799995,102.290215,100.99301,97.90465
Germany,Europe & Central Asia,High income,SL.IND.EMPL.ZS,24.424873,37.72,37.37,36.74,36.420002,36.0,35.27,34.67,34.39,33.83,33.53,32.78,32.37,31.38,31.249998,29.84,29.650002,29.9,29.34,28.800001,28.31,28.24,28.190002,27.780003,28.05,27.690002,27.38,27.4,27.34,27.18,28.843184
Ghana,Sub-Saharan Africa,Lower middle income,DT.TDS.DPPF.XP.ZS,36.45028,25.582006,25.881733,23.195232,24.33118,23.267637,25.074207,30.375286,20.538805,18.92521,16.955929,11.343357,7.25771,7.1291237,7.470686,7.9304314,5.0188117,3.3581686,2.853579,2.8799598,2.8324065,2.1975389,2.6834822,3.8458645,4.864684,5.8499303,9.213041,9.730742,11.398264,9.453493,11.611827
Ghana,Sub-Saharan Africa,Lower middle income,EG.ELC.ACCS.ZS,73.87667,62.431976,57.00594,30.599998,30.369404,32.45045,34.52877,36.603695,42.6,40.740536,43.7,44.837513,46.85807,48.299995,50.885826,41.25,55.09345,56.929794,60.499996,60.990776,64.2,64.06256,56.51,70.7,78.3,74.07884,79.3,79.0,80.4,83.5,85.87355
Ghana,Sub-Saharan Africa,Lower middle income,GFDD.AI.01,7546.025,-1691.922,1473.3307,11838.922,6720.826,1906.2948,7509.2295,2456.1184,6074.765,4238.492,1883.9357,5393.0933,8360.082,9740.641,7891.537,176.6211,206.65536,217.52905,244.01384,267.81107,278.5231,340.57666,447.6277,448.2523,491.92966,583.90784,543.5684,614.094,725.2132,766.7038,762.3744
Ghana,Sub-Saharan Africa,Lower middle income,GFDD.DI.04,32.20737,25.471788,30.81306,20.56036,22.5359,21.95227,32.478012,49.749752,22.975151,25.83403,24.47522,80.899666,28.32315,67.783485,60.893997,67.83469,70.136024,69.33827,68.1912,79.94498,80.57096,80.463615,77.169365,74.43192,69.119316,76.82106,75.939896,77.80069,78.159676,81.4419,70.70362
Ghana,Sub-Saharan Africa,Lower middle income,GFDD.DI.05,14.14209,15.562779,20.525879,19.835459,22.51312,21.643,20.59611,23.841959,22.85738,24.092829,28.16617,26.45448,30.6809,30.41668,32.100807,28.831541,21.410471,25.71681,28.40728,30.908628,32.46592,33.30241,33.35636,24.91595,27.05351,29.55554,30.64055,30.01614,29.075361,29.139858,33.36398
Ghana,Sub-Saharan Africa,Lower middle income,GFDD.DI.06,13.333091,15.01424,17.35424,23.12553,20.01454,20.09094,14.896351,14.69211,63.96812,74.48846,89.66957,6.6651,64.04907,11.47797,15.861509,12.92037,8.212716,10.29436,11.63943,7.420828,6.95496,6.618078,8.307329,8.02017,10.92763,7.709504,8.079956,6.980395,7.146616,6.0857463,12.07094
Ghana,Sub-Saharan Africa,Lower middle income,GFDD.DI.11,10.277627,0.102197014,1.5922327,1.9239417,1.8772227,-1.7055945,3.5451288,-2.1627412,9.294364,-3.98498,6.8820853,1.412973,3.2757328,0.4187709,0.48190507,0.4203322,0.43665785,1.3268708,1.4742973,1.4760354,1.5403527,1.4016138,1.2527792,1.3987222,1.4657505,1.6987567,2.0841048,2.2518635,9.937304,7.419306,1.8117074
Ghana,Sub-Saharan Africa,Lower middle income,GFDD.DM.11,20.072727,29.072483,8.711995,9.989226,37.790848,28.792664,7.2245264,33.35173,24.0904,14.957983,30.678596,32.97589,33.93918,24.96942,31.927784,24.999111,0.2282223,1.289937,1.1369439,1.3831899,1.215443,2.02048,0.5877193,0.0906883,0.0603628,0.0052298,0.0222339,0.0009837,0.0516172,0.0444772,0.0397049
Ghana,Sub-Saharan Africa,Lower middle income,GFDD.EI.08,0.5556499,0.5838154,1.084724,0.5116301,0.2534934,0.2566158,0.5202886,2.7724242,4.308128,5.885902,6.624215,6.6325455,6.117596,5.226851,5.4494133,5.014025,5.6465526,6.463975,6.228079,7.866827,8.583083,7.58851,7.873374,8.319769,8.003354,7.7215495,8.073334,8.351744,12.029389,12.978069,15.87875
Ghana,Sub-Saharan Africa,Lower middle income,GFDD.OI.02,9.158728,11.289631,13.89463,13.99817,15.35296,14.49335,14.1264105,16.82226,16.045422,15.66765,16.393381,18.21994,20.976252,20.498411,21.96956,20.40564,15.84206,19.840271,22.64411,24.91915,25.81193,26.83125,26.614971,20.210402,22.19787,24.32533,25.26495,24.89446,24.339819,24.33401,27.2572
Ghana,Sub-Saharan Africa,Lower middle income,SH.STA.BRTC.ZS,86.68477,91.30034,95.561386,43.8,43.8,92.82156,84.49614,95.48286,44.300003,44.300003,90.58172,89.86976,99.75398,47.1,83.14812,87.9099,49.7,55.199997,54.699997,96.08939,92.83975,67.2,100.15702,90.868965,70.8,85.83767,95.31664,78.1,99.04145,91.5901,102.03044
Ghana,Sub-Saharan Africa,Lower middle income,SL.IND.EMPL.ZS,14.671973,14.010001,14.000001,14.06,14.030001,14.010001,13.97,13.98,13.97,13.990001,14.000001,14.010001,14.04,14.07,14.110001,14.18,14.23,14.07,13.95,13.870001,13.910001,13.98,14.000001,14.07,16.2,18.690002,19.13,19.62,20.47,21.05,20.637854
Gibraltar,Europe & Central Asia,High income,DT.TDS.DPPF.XP.ZS,14.640951,15.959035,16.262966,10.953853,7.9307895,6.6509132,12.829831,25.185192,5.1978955,15.434387,9.553209,12.730986,12.9476,10.569192,13.078519,4.181015,8.268681,8.2172985,5.1113944,5.6511292,4.629184,2.2187505,9.603405,11.076363,8.230015,12.745824,8.467713,11.117001,8.115893,10.437178,14.912864
Gibraltar,Europe & Central Asia,High income,EG.ELC.ACCS.ZS,100.0,100.0,100.0,100.0,100.0,100.0,100.0,100.0,100.0,100.0,100.0,100.0,100.0,100.0,100.0,100.0,100.0,100.0,100.0,100.0,100.0,100.0,100.0,100.0,100.0,100.0,100.0,100.0,100.0,100.0,100.0
Gibraltar,Europe & Central Asia,High income,GFDD.AI.01,2971.4214,5526.1743,7049.662,1833.5177,3280.4917,1673.3824,382.0387,3543.1204,6773.807,8721.332,9892.818,-318.63428,7622.9653,-4531.09,4625.153,-823.1454,2086.6943,5013.539,4232.363,1757.7646,-2656.1758,-1091.991,4854.2217,5278.129,3617.0823,3505.4653,3279.1135,2197.7175,1898.4193,5894.15,1314.2134
Gibraltar,Europe & Central Asia,High income,GFDD.DI.04,64.83679,57.566273,39.231136,85.91913,61.434402,72.19912,58.191555,69.84128,96.57119,73.88517,65.24081,87.67872,89.868385,58.69143,73.08014,87.066574,66.49778,65.699486,84.02755,78.32956,89.77966,87.22714,91.05872,95.29306,81.255135,79.15377,79.563965,80.89283,80.7046,77.59089,79.21159
Gibraltar,Europe & Central Asia,High income,GFDD.DI.05,29.416937,55.81321,65.2991,85.95501,61.286648,81.748436,45.31254,85.53151,80.62448,80.21232,94.512085,55.533386,89.09182,71.07968,74.60035,78.99239,84.34693,63.41844,70.18166,73.39909,66.81382,50.774887,85.27029,56.37882,91.583145,65.95718,66.10366,71.89078,88.55884,99.39474,96.03911
Gibraltar,Europe & Central Asia,High income,GFDD.DI.06,17.556078,8.840633,13.512935,15.829798,16.802635,16.885199,13.325502,24.23977,12.083142,8.9636345,15.392965,11.297605,14.792485,3.1500244,6.3619866,9.505946,11.061482,6.625128,6.2785754,5.9632964,7.523658,3.321537,6.267582,8.24583,19.16416,7.1535473,9.35426,8.788726,11.902096,9.239039,21.79645
Gibraltar,Europe & Central Asia,High income,GFDD.DI.11,-0.28325808,7.552451,3.368794,2.9608803,4.060709,8.313614,1.663214,10.798402,5.8189673,5.456432,3.4879465,0.94306093,15.580578,11.117634,0.7761508,6.540326,4.6015363,9.203147,14.791761,7.514297,2.6656785,5.849039,13.2504,12.183876,21.143627,2.4600065,12.719356,9.663988,9.480291,5.8219914,9.200643
Gibraltar,Europe & Central Asia,High income,GFDD.DM.11,114.75645,47.40143,103.717384,85.28158,45.53644,105.38733,60.715252,83.17392,73.02672,141.49295,111.139656,98.83786,167.87749,101.505455,100.80073,46.91563,96.55853,95.44242,82.50157,69.81003,45.51518,181.7856,221.79128,148.76613,202.41925,24.580772,152.21808,71.49869,171.86378,60.46311,153.40488
Gibraltar,Europe & Central Asia,High income,GFDD.EI.08,14.950029,16.12414,23.278801,27.258654,14.202662,24.89916,34.76291,14.788906,23.480219,12.679849,21.702795,15.566213,29.529892,28.357662,32.589127,18.10029,27.788616,30.703644,15.938147,19.57568,38.70407,46.8193,40.21738,47.59432,13.430088,50.89219,25.02819,35.60129,35.937683,33.241554,25.129993
Gibraltar,Europe & Central Asia,High income,GFDD.OI.02,52.701576,63.51722,62.749012,43.739063,48.57253,98.38199,57.100574,66.10055,62.378826,55.49566,59.81048,62.202232,49.43508,46.5524,48.224686,51.335262,64.91513,57.04392,62.482483,71.97886,83.119804,47.403008,70.56075,71.21056,83.685356,73.36908,74.66793,65.54289,68.15048,67.63118,81.428246
Gibraltar,Europe & Central Asia,High income,SH.STA.BRTC.ZS,100.887024,91.28837,100.992516,101.3723,93.36007,105.18799,108.684135,83.13734,99.78693,96.76059,102.21968,105.464714,103.88873,105.04295,98.62371,100.33523,100.501854,101.19625,101.27362,95.568535,100.07927,99.39095,96.851654,95.04726,109.44441,94.13202,97.65269,98.45155,102.82289,102.037384,104.227264
Gibraltar,Europe & Central Asia,High income,SL.IND.EMPL.ZS,19.219364,18.52645,11.565648,15.787361,17.61367,17.892801,15.10461,17.606554,19.046371,14.430193,20.215672,16.006077,18.586092,18.956606,14.555658,14.248669,14.829389,17.687397,17.983414,17.859072,9.968762,18.356735,22.94908,20.021713,19.027937,16.17311,14.462555,16.366135,16.258715,17.91647,23.683914
Greece,Europe & Central Asia,High income,DT.TDS.DPPF.XP.ZS,35.216652,23.18501,27.976194,25.25396,17.489515,10.475601,28.228899,24.948135,21.980627,25.87316,19.421978,27.25314,17.835018,25.206324,27.231203,24.978453,26.585241,25.114023,15.7397375,18.924223,27.849762,44.069096,13.998907,21.351715,16.874573,13.383794,21.34129,14.436791,17.004103,31.579102,25.42238
Greece,Europe & Central Asia,High income,EG.ELC.ACCS.ZS,100.0,100.0,100.0,100.0,100.0,100.0,100.0,100.0,100.0,100.0,100.0,100.0,100.0,100.0,100.0,100.0,100.0,100.0,100.0,100.0,100.0,100.0,100.0,100.0,100.0,100.0,100.0,100.0,100.0,100.0,100.0
Greece,Europe & Central Asia,High income,GFDD.AI.01,8032.6494,22578.367,18532.201,13800.608,14932.837,12833.977,10655.935,14516.087,20342.848,19498.928,14113.635,17495.889,16897.021,27078.904,17826.055,14686.07,22101.621,15480.571,15325.055,16265.1045,8252.164,6800.4697,15052.887,27844.83,15877.299,10026.199,13525.981,11444.303,12740.336,15367.682,12642.949
Greece,Europe & Central Asia,High income,GFDD.DI.04,76.070335,75.25513,74.60379,66.18874,69.8619,73.472984,76.8087,79.54675,81.26085,94.3118,93.427666,87.51927,88.48204,89.985245,91.289185,93.01857,93.89479,94.908844,95.49775,95.300026,95.29167,95.10698,94.91497,94.88621,94.78778,95.07643,94.162674,94.10172,93.84731,93.56525,85.90166
Greece,Europe & Central Asia,High income,GFDD.DI.05,62.208405,55.02093,52.157436,50.480297,54.48127,55.713932,56.85025,55.92664,51.99325,79.95399,87.483604,94.42818,86.26094,83.34144,83.95538,87.943306,88.646484,95.19284,103.008804,109.9464,103.903206,97.98385,99.93683,107.4203,108.677704,89.82552,90.216866,94.09112,96.709145,98.61665,122.7496
Greece,Europe & Central Asia,High income,GFDD.DI.06,20.60881,19.457201,20.58343,31.95028,26.0069,22.30581,18.44921,15.43697,13.547619,13.971537,12.220992,11.4248905,10.530951,8.646488,7.629726,7.012578,6.164453,5.367971,4.916732,5.2022033,6.942585,7.624392,7.1440325,7.033978,7.158816,6.5249557,7.394523,6.981792,6.6646986,6.2946787,16.195269
Greece,Europe & Central Asia,High income,GFDD.DI.11,4.9178314,2.6622875,3.5796719,5.5295167,8.341432,2.9732356,3.2279778,3.1740305,3.4703107,4.9510894,5.059212,4.7886295,4.272585,4.2927833,4.6908917,5.5195603,5.6668096,5.981273,5.5873704,6.0385413,6.5416017,6.8397136,7.797192,8.515581,8.658231,8.827919,8.882704,9.08609,9.137399,9.968764,11.819224
Greece,Europe & Central Asia,High income,GFDD.DM.11,53.182438,179.69992,47.837097,40.28398,93.146835,68.25437,262.6738,48.834732,107.532166,138.48758,114.14001,5.00102,9.674564,14.860539,19.283129,24.87229,27.46884,33.62996,29.99805,34.839622,27.9652,24.9013,58.054623,59.33749,56.640232,58.08372,61.7982,56.61262,51.99517,66.66828,100.1659
Greece,Europe & Central Asia,High income,GFDD.EI.08,17.324636,24.0913,21.745579,18.80235,23.367428,11.882871,18.290802,16.812962,24.84879,10.084326,19.804071,30.139849,27.67453,20.6579,17.79153,21.56118,18.663689,15.66517,15.1390295,17.61515,28.13085,29.08933,14.990389,12.127229,13.294699,13.44795,10.918989,10.69963,10.138249,10.74595,16.5884
Greece,Europe & Central Asia,High income,GFDD.OI.02,53.42592,47.342007,44.909798,43.64343,47.881157,49.06566,50.35426,49.641838,46.08015,90.61106,78.97392,88.33463,80.62901,77.743484,77.592445,81.39197,81.97713,88.45957,95.32047,101.027596,93.98904,86.71474,87.30233,93.436325,93.02962,72.33491,71.83857,73.64771,77.45687,80.6794,100.7277
Greece,Europe & Central Asia,High income,SH.STA.BRTC.ZS,99.82001,99.78,99.78,99.810005,99.87,99.880005,99.86001,99.89001,99.9,99.93001,99.94,99.950005,99.96001,99.98,99.97,99.97,99.990005,99.98,99.97,99.950005,99.96001,99.96001,99.91,99.91,99.93001,99.94,99.94,99.93001,99.9,81.44032,82.026184
Greece,Europe & Central Asia,High income,SL.IND.EMPL.ZS,24.682894,25.16,24.79,24.2,23.62,23.2,22.87,22.46,23.24,22.96,22.6,23.060001,22.800001,22.540003,22.46,22.39,22.02,22.44,22.22,21.13,19.59,17.690002,16.540003,15.56,14.98,14.939999,15.250001,15.41,15.250001,15.340001,30.915976
Greenland,Europe & Central Asia,High income,DT.TDS.DPPF.XP.ZS,18.402273,10.918629,12.21739,13.629056,21.271517,13.036245,15.517243,13.081078,11.145987,25.329897,5.814737,17.280148,9.580238,13.662744,9.899533,14.114089,5.2035937,5.9500656,8.088547,21.597973,13.261782,10.490658,11.216142,12.976299,14.749308,11.5083885,12.338529,8.42808,5.680303,10.694734,11.992179
Greenland,Europe & Central Asia,High income,EG.ELC.ACCS.ZS,100.0,100.0,100.0,100.0,100.0,100.0,100.0,100.0,100.0,100.0,100.0,100.0,100.0,100.0,100.0,100.0,100.0,100.0,100.0,100.0,100.0,100.0,100.0,100.0,100.0,100.0,100.0,100.0,100.0,100.0,100.0
Greenland,Europe & Central Asia,High income,GFDD.AI.01,3412.203,4878.104,8952.027,7988.835,5062.184,5086.8257,8935.991,10217.299,3916.3213,4209.396,5760.187,3396.125,-13080.548,6286.8057,-1915.7145,9162.835,6282.3027,1946.5363,244.07532,1208.7024,6888.8716,1772.3354,-1651.4048,7575.513,4688.225,7530.509,9654.951,3453.1948,2368.7314,4465.138,17826.576
Greenland,Europe & Central Asia,High income,GFDD.DI.04,70.40964,61.736,68.65382,69.02141,45.837357,57.00704,76.74754,72.43015,34.0,65.453674,43.93603,57.556545,67.34794,31.59999,75.983154,64.91443,74.04294,71.81753,65.32755,74.24737,77.79085,74.251366,67.59519,70.702156,81.717125,76.06827,79.86967,60.92169,85.23738,70.01441,80.18971
Greenland,Europe & Central Asia,High income,GFDD.DI.05,97.40748,128.00105,100.727196,92.4964,116.1927,94.93882,115.84203,95.668175,92.060776,84.97569,90.30007,119.900635,89.7031,112.04012,112.3011,104.27543,86.24082,106.32896,108.78267,139.81267,108.43571,117.06661,106.503334,106.21641,101.286644,117.022934,111.25957,111.04903,152.16536,115.67514,145.928
Greenland,Europe & Central Asia,High income,GFDD.DI.06,7.996397,12.234073,12.808451,18.43385,5.9976897,10.444661,12.813829,7.421352,13.422584,10.338125,7.764807,6.351139,12.927573,10.3903265,6.7729473,5.561632,11.2504835,4.8847437,10.527412,13.613766,17.696844,13.956196,5.9459796,4.587522,7.796105,8.529259,13.059654,14.32782,6.554175,11.063433,12.826344
Greenland,Europe & Central Asia,High income,GFDD.DI.11,28.562563,18.840656,9.009316,17.942268,18.371674,13.957341,14.485179,16.526619,20.697529,7.679921,29.09704,21.387236,30.417206,15.594614,29.652105,20.288681,16.551016,28.47831,24.763168,26.16478,29.100931,17.666414,30.910517,26.338272,33.84061,42.69782,33.97554,39.011086,38.182404,25.537004,12.861977
Greenland,Europe & Central Asia,High income,GFDD.DM.11,10.296609,39.766956,12.006238,43.82986,21.242712,26.066608,18.87524,22.515982,29.369364,24.764263,40.75862,52.787132,39.914154,33.868885,21.52918,27.898941,10.533953,24.83109,54.281757,41.530643,36.749397,23.233805,37.43077,24.917286,36.72524,25.687141,41.752377,45.557533,20.426392,44.337456,38.60803
Greenland,Europe & Central Asia,High income,GFDD.EI.08,11.239898,33.452526,18.84967,23.843899,18.403238,20.055996,22.684332,9.875757,30.370739,16.68516,10.35361,15.506504,10.81526,18.793957,12.91803,11.688444,34.84417,17.378286,17.001007,19.13231,21.207052,24.485569,21.187103,20.801409,38.69336,35.272953,14.941439,50.096638,21.379023,55.455654,22.091866
Greenland,Europe & Central Asia,High income,GFDD.OI.02,93.70068,43.584946,46.666092,74.797226,72.13057,58.47996,62.808506,61.238045,63.203117,70.95022,63.62181,65.273964,65.538956,58.2433,78.951675,78.73884,88.98758,89.47274,77.02022,65.73294,92.19269,68.14574,92.58667,57.156834,102.55471,73.33462,76.85055,79.229996,118.65472,120.504524,73.753395
Greenland,Europe & Central Asia,High income,SH.STA.BRTC.ZS,82.84955,87.80792,89.34107,53.817318,66.91035,87.297424,86.664536,75.32971,83.92655,70.191635,81.30578,85.79257,82.72604,87.337746,88.00651,77.114265,81.38465,86.73403,82.43143,79.83854,86.96738,92.23209,91.04934,90.90169,69.09679,81.8228,87.88937,91.88874,100.26882,90.01301,79.677124
Greenland,Europe & Central Asia,High income,SL.IND.EMPL.ZS,12.920973,21.90378,25.39606,18.517553,19.296303,24.00869,29.968994,20.244085,17.275457,31.62059,22.26808,17.774366,16.517767,20.090815,16.52596,18.849602,18.947468,16.71883,18.757753,15.817985,21.486036,17.05405,19.390345,22.537628,23.757254,21.796116,13.736251,17.344654,21.348251,21.330667,16.956078
Grenada,Latin America & Caribbean,Upper middle income,DT.TDS.DPPF.XP.ZS,3.9491637,3.608225,5.9414735,6.801386,6.2433634,5.8052955,5.5375295,4.8169193,5.7123804,4.33554,5.637114,7.9685483,15.485211,16.537975,13.542709,5.814711,8.127703,8.061227,9.298234,11.46907,13.461033,12.343518,6.8361683,10.407684,4.2204146,5.120354,9.655788,10.037826,8.680727,8.452953,10.359106
Grenada,Latin America & Caribbean,Upper middle income,EG.ELC.ACCS.ZS,78.13131,85.40091,101.50575,87.75867,94.6771,89.167656,87.979095,82.56122,85.03999,85.529465,86.04223,86.37166,86.69351,87.010124,87.323845,87.63704,87.9521,88.27168,90.0,88.93526,89.28466,88.8,90.03225,90.434906,90.85538,91.29069,91.73787,92.193954,92.3,93.120964,93.58645
Grenada,Latin America & Caribbean,Upper middle income,GFDD.AI.01,9558.375,245.24435,5556.5283,3377.1404,6617.5967,5263.9497,5336.093,10636.771,8392.217,2908.7922,8638.948,4696.0244,8416.533,2651.4968,7246.651,5124.892,8873.543,7994.852,9109.505,7088.1025,13498.701,1987.2715,1013.41394,5975.1333,6721.5376,11530.255,11735.781,10118.409,-2032.9963,13634.687,-378.92673
Grenada,Latin America & Caribbean,Upper middle income,GFDD.DI.04,89.871284,90.07945,91.112274,94.21859,95.01107,95.74496,96.434296,97.33458,97.685196,98.11016,98.648,98.962395,99.49061,98.662575,99.82258,99.83398,99.8531,99.595856,99.53869,99.78013,99.79664,98.462135,98.4039,98.93543,98.58351,99.500175,106.568306,87.06069,57.408188,95.3597,107.33613
Grenada,Latin America & Caribbean,Upper middle income,GFDD.DI.05,48.27848,47.0419,48.63898,60.010193,64.30756,67.51417,69.222084,71.27226,70.38326,74.11227,78.17454,86.73017,92.340416,89.56809,106.225105,85.80359,87.34953,90.23644,87.10652,96.39755,99.47255,98.85297,91.425064,90.06226,88.378975,86.72172,85.093185,82.64388,87.10397,83.79324,95.733635
Grenada,Latin America & Caribbean,Upper middle income,GFDD.DI.06,4.858519,4.643578,4.181945,3.387357,2.777661,2.356351,2.1172662,1.7667589,1.556959,1.271276,0.98581654,0.78911227,0.3817116,0.941484,0.1256586,0.108275995,0.1077708,0.31305408,0.37022913,0.1992999,0.1921193,1.4865481,1.476606,0.8722719,1.0179371,0.3091103,7.0449,2.2068262,4.474845,1.2278786,3.0917478
Grenada,Latin America & Caribbean,Upper middle income,GFDD.DI.11,16.515263,9.290855,17.243147,25.024412,1.9401767,12.533908,14.611441,17.815838,-1.0694001,17.37276,10.531793,15.669496,2.113296,6.197667,11.931317,10.781938,11.354172,7.310849,10.80641,11.46204,7.483141,12.159793,8.701449,11.93287,9.698135,9.935686,9.202153,4.5105243,7.3190665,15.291073,31.886898
Grenada,Latin America & Caribbean,Upper middle income,GFDD.DM.11,101.97231,36.69365,56.906723,61.116093,42.608845,44.20838,62.141346,62.528576,18.61263,32.13082,62.905502,55.6831,173.2287,44.109913,62.391964,58.98957,83.15649,39.690353,28.495274,88.600464,44.237087,55.21331,59.26685,6.5360284,7.31147,11.028959,14.6723995,15.18178,16.87051,16.61897,16.56678
Grenada,Latin America & Caribbean,Upper middle income,GFDD.EI.08,7.051718,6.757004,5.253792,5.7536654,5.6671104,5.6892457,7.268279,8.993927,8.8346615,6.995945,9.371491,12.18275,13.12151,10.988629,9.079019,7.1453004,8.376616,8.356806,9.809159,11.06788,10.299169,10.300899,8.232285,6.803483,5.6442804,4.211678,3.902694,3.637718,3.9140482,3.470257,4.0494933
Grenada,Latin America & Caribbean,Upper middle income,GFDD.OI.02,43.21087,42.074818,43.064686,54.44398,58.258587,61.661232,63.852314,65.76025,65.060974,69.136894,73.10059,81.73022,87.158844,84.25838,99.89596,80.1968,81.80981,84.97503,82.46993,91.275475,94.70174,93.67752,86.198456,84.97693,83.33706,81.83498,80.36038,77.668526,82.54256,79.47792,89.94455
Grenada,Latin America & Caribbean,Upper middle income,SH.STA.BRTC.ZS,82.547226,96.845436,99.17158,98.31258,96.51073,100.0,89.51301,100.44474,99.00001,99.00001,100.0,98.097046,100.0,100.0,98.11738,100.0,94.91534,98.799995,96.1526,100.0,93.6717,100.0,99.00001,99.00001,99.00001,99.00001,99.3,100.0,98.33188,108.65535,87.70009
Grenada,Latin America & Caribbean,Upper middle income,SL.IND.EMPL.ZS,19.681892,26.46716,17.038366,16.274614,26.577099,24.417336,20.54011,19.136936,16.773237,18.001177,13.771863,17.841526,18.998276,19.593334,16.80415,14.338738,17.807835,18.576954,16.64948,19.22907,17.864796,12.607772,20.475582,21.537315,18.519606,17.064888,19.694885,12.939082,19.290741,20.556591,18.849041
Guam,East Asia & Pacific,High income,DT.TDS.DPPF.XP.ZS,29.797089,24.413164,27.973835,25.9449,26.11871,9.518221,20.516167,12.896338,25.489819,16.165571,17.46812,18.400694,24.708754,13.984301,14.501925,20.36238,17.468004,16.672382,25.490467,23.260202,20.94716,29.304152,17.50564,12.179639,14.70074,24.16276,9.765876,17.470375,21.015047,13.491375,24.613699
Guam,East Asia & Pacific,High income,EG.ELC.ACCS.ZS,99.844315,99.87582,99.906876,99.93726,99.96508,100.0,100.0,100.0,100.0,100.0,100.0,100.0,100.0,100.0,100.0,100.0,100.0,100.0,100.0,100.0,100.0,100.0,100.0,100.0,100.0,100.0,100.0,100.0,100.0,100.0,100.0
Guam,East Asia & Pacific,High income,GFDD.AI.01,3741.7607,714.0901,3634.23,6034.436,5806.561,7405.345,6836.2007,5925.088,2813.7578,10733.952,5347.36,3878.562,9964.867,5541.6978,6518.8657,3646.7346,5482.1025,-3582.7239,4441.1353,2282.261,-3830.096,6267.13,897.16846,6129.0317,3876.0967,3304.0417,4696.635,156.848,6488.683,139.24059,-564.69446
Guam,East Asia & Pacific,High income,GFDD.DI.04,80.730064,43.562428,52.592552,61.316383,44.391953,62.417812,59.83403,64.17424,38.131226,59.31984,68.40951,66.231674,68.36441,39.288757,70.47183,60.871197,59.775284,72.613075,68.9799,75.79259,48.64995,67.77842,77.33751,82.22197,69.429535,59.06892,85.983734,80.56318,83.579216,79.546196,75.81739
Guam,East Asia & Pacific,High income,GFDD.DI.05,81.910385,99.666626,85.399506,54.29835,54.344566,70.48484,65.571205,85.414696,78.4629,38.070217,69.525505,49.69276,73.10562,57.854122,45.641224,82.491615,105.02664,104.307816,78.52452,73.86108,51.937893,94.77292,110.228935,83.36612,85.19029,80.93306,138.58694,67.31312,92.44762,316.99472,92.599945
Guam,East Asia & Pacific,High income,GFDD.DI.06,11.441632,12.453495,10.371225,6.9210544,21.30794,5.8676496,14.801303,13.264931,7.5794244,19.564434,34.802876,10.588952,12.138307,13.551979,13.930922,12.517808,11.914844,21.157799,13.733333,11.417685,16.492123,12.221583,19.22178,5.0861297,16.65364,9.192923,13.837795,26.841122,15.29531,13.240526,11.146867
Guam,East Asia & Pacific,High income,GFDD.DI.11,14.521864,21.469992,8.338992,15.86879,18.428291,26.784895,7.245881,22.326715,15.509714,19.889061,14.626464,21.455046,26.056028,24.068356,23.113176,18.91658,27.978043,31.497417,32.79346,23.298054,28.167994,23.943201,25.621096,35.19868,32.92268,21.12456,26.40074,23.977701,30.793154,28.09287,21.117487
Guam,East Asia & Pacific,High income,GFDD.DM.11,34.073826,125.538025,50.907173,45.577362,22.953848,56.354763,38.441036,28.80914,33.840782,77.314514,42.557446,26.941322,39.533978,81.178215,50.234264,58.995853,61.644176,103.989555,78.446495,64.766785,40.163483,65.93878,70.0269,54.187984,51.053223,58.726913,197.09859,54.828724,68.71421,31.440638,47.591526
Guam,East Asia & Pacific,High income,GFDD.EI.08,28.309813,18.742107,24.103138,16.555988,16.314556,10.986141,17.563751,33.176064,14.043392,29.298079,33.962795,29.45337,22.436464,43.823753,17.310974,34.307396,21.533104,14.905327,48.072376,17.603762,39.355118,31.556301,21.46761,38.787457,34.7299,56.397762,40.71071,26.403181,34.646484,20.99265,24.345758
Guam,East Asia & Pacific,High income,GFDD.OI.02,34.260384,47.669083,52.958565,49.00844,41.08241,36.535484,37.843563,42.95293,30.636303,68.78884,45.64625,64.71624,46.151123,46.349644,30.817778,58.59909,37.095074,52.379795,43.959614,51.001945,35.214115,46.516727,53.959225,72.09473,69.4198,50.10795,57.781887,53.11617,63.17041,76.83006,46.548695
Guam,East Asia & Pacific,High income,SH.STA.BRTC.ZS,90.42426,92.71388,79.33699,90.44111,104.69205,95.81616,91.57005,93.7956,94.901375,75.28924,104.83801,99.4,100.80738,111.63156,95.34608,97.30142,74.6809,97.39881,101.6063,93.4814,93.0092,93.83033,98.99391,99.59119,98.76448,91.418686,97.96421,93.81836,98.18427,104.39913,93.822014
Guam,East Asia & Pacific,High income,SL.IND.EMPL.ZS,18.458113,12.18,12.2,12.23,12.29,12.33,12.380001,12.44,12.520001,12.56,12.630001,12.86,13.05,13.22,13.45,13.650001,13.84,14.110001,14.390001,14.610001,14.83,14.92,15.010001,15.09,15.170001,15.21,15.26,15.310001,15.41,15.54,22.80642
Guatemala,Latin America & Caribbean,Upper middle income,DT.TDS.DPPF.XP.ZS,13.595801,17.02729,25.601753,13.857527,11.951581,10.802565,11.354186,9.284047,8.231019,8.624348,7.5410247,8.249518,8.8802395,9.56732,7.6228304,5.7176046,5.8971424,6.588762,5.404739,5.9772463,5.5035224,7.418976,4.62649,7.0702815,4.5333734,4.95693,5.3906946,5.9427204,4.276682,5.5133376,6.7849097
Guatemala,Latin America & Caribbean,Upper middle income,EG.ELC.ACCS.ZS,94.999886,79.88584,93.326,84.136795,84.95796,60.8,67.67994,68.904076,70.12413,70.899994,73.31821,73.73273,78.66784,78.51221,77.22824,78.389206,83.730995,80.719406,81.894,83.07853,84.27571,84.02641,86.71886,87.96929,85.49437,90.52062,91.81558,93.3,94.42924,95.742004,97.05527
Guatemala,Latin America & Caribbean,Upper middle income,GFDD.AI.01,25255.695,17277.305,10933.693,29674.406,18363.604,31351.967,34533.61,22906.5,20680.162,32561.633,15002.951,16526.105,13209.408,22848.896,11335.649,15066.461,12073.935,10387.564,15166.056,13062.419,10297.03,13421.049,16152.275,53319.223,20465.512,13531.893,19531.863,15319.492,16060.732,13887.226,17802.088
Guatemala,Latin America & Caribbean,Upper middle income,GFDD.DI.04,53.233612,53.58031,56.312298,57.319664,61.33821,65.278046,63.998074,67.86994,71.61969,72.69678,70.59847,68.88234,72.06373,77.39962,77.67369,79.645485,82.71008,83.95599,84.911224,85.23885,85.97153,87.0146,87.86016,88.34101,88.60605,88.960625,89.1629,89.12837,89.522125,89.893936,87.76895
Guatemala,Latin America & Caribbean,Upper middle income,GFDD.DI.05,21.24607,22.89422,24.196348,21.61006,19.303951,19.559818,18.44414,20.465199,21.26727,21.19413,23.25457,23.14202,23.587439,34.50477,35.575977,37.31131,37.794357,36.79,36.08619,38.664772,39.17897,37.951572,39.34474,40.43417,40.51632,41.1728,41.73071,42.008938,43.35259,43.01485,49.500687
Guatemala,Latin America & Caribbean,Upper middle income,GFDD.DI.06,13.09208,14.203529,13.7702,12.46497,11.92781,11.08463,11.719279,10.10843,8.93886,8.446712,9.220396,11.60036,9.45036,8.824978,9.055954,8.867549,8.313647,7.609442,6.738583,6.4882584,5.991619,5.46977,5.40306,5.3599863,5.327021,5.365171,5.372591,5.37914,5.391243,5.11267,6.872183
Guatemala,Latin America & Caribbean,Upper middle income,GFDD.DI.11,10.845189,6.589972,4.4631667,2.40522,4.672466,4.083071,7.586784,8.827816,6.9159927,8.062994,5.2421284,1.4013109,1.4198949,1.4510552,1.4439703,1.5257937,1.4973117,1.3952676,1.3324782,1.4122112,1.4234083,1.8253965,1.7171885,1.7672633,1.7635511,1.8246219,1.8190225,1.8942271,1.9323763,1.8636179,1.9556576
Guatemala,Latin America & Caribbean,Upper middle income,GFDD.DM.11,34.45579,34.052032,90.396996,64.558754,28.54771,42.937992,32.344505,25.88076,19.036383,14.595112,50.97864,21.51017,22.05885,32.828358,20.792887,0.6117224,0.7513386,0.610614,0.74849916,0.85492307,0.9337069,0.6777455,0.6248749,0.6098522,0.6361043,0.5628271,0.5787742,0.52990943,0.4644242,0.46728098,0.44777402
Guatemala,Latin America & Caribbean,Upper middle income,GFDD.EI.08,0.72471505,4.446082,3.2756991,2.849016,3.9080381,1.567816,1.8730911,2.81951,2.035356,1.8111871,2.374134,3.581229,3.4641092,4.20617,5.500812,9.57462,11.573999,11.77004,10.6969595,12.209899,12.9859295,13.24259,7.467452,8.043701,8.480909,8.58052,9.059452,9.533439,11.56075,11.92151,14.043479
Guatemala,Latin America & Caribbean,Upper middle income,GFDD.OI.02,15.717899,18.477322,19.17166,16.77873,14.31554,14.82996,14.0555105,15.71491,16.68108,15.423361,18.22509,23.46895,23.98241,34.825188,35.80744,37.489857,38.05795,37.10326,36.443222,39.18597,39.809017,38.5327,39.856476,41.078888,41.19663,41.938198,42.178646,42.79897,44.88989,44.943718,51.92645
Guatemala,Latin America & Caribbean,Upper middle income,SH.STA.BRTC.ZS,88.07153,91.04304,93.247444,90.975555,92.420494,34.800003,78.91513,97.30389,87.29878,40.600002,91.789925,98.61155,41.4,89.652534,94.37451,98.98723,76.01533,31.400002,96.11735,51.5,52.3,101.84886,58.699997,62.799995,67.0,65.5,69.799995,93.27558,100.81379,91.49006,98.87303
Guatemala,Latin America & Caribbean,Upper middle income,SL.IND.EMPL.ZS,23.414753,23.25,23.24,23.2,23.18,23.190002,23.060001,23.12,23.22,22.87,22.49,22.92,23.31,23.64,20.170002,21.4,22.81,22.910002,22.710001,22.18,22.01,20.74,19.5,18.16,19.46,18.9,21.01,19.0,18.710001,18.73,21.476913
Guinea,Sub-Saharan Africa,Low income,DT.TDS.DPPF.XP.ZS,19.73837,15.647359,12.120664,11.031162,14.815197,24.127438,14.63518,19.920908,18.526972,16.43693,20.735142,12.638156,12.9391,14.745304,21.255287,18.071392,14.880331,12.123853,8.6879,10.47213,5.150786,11.639252,5.998472,1.9097145,2.382554,4.0011244,2.2652283,1.696576,2.6762621,2.6286163,1.4928063
Guinea,Sub-Saharan Africa,Low income,EG.ELC.ACCS.ZS,29.507143,42.7236,30.589342,32.601086,39.347057,30.478752,30.991835,29.186434,36.479507,16.4,15.146256,16.432383,17.710926,18.98423,20.254652,20.199999,22.796291,24.072567,25.356077,26.649527,27.955624,29.277079,26.2,31.975956,33.35312,34.74512,33.5,35.4,45.0,42.2,44.66868
Guinea,Sub-Saharan Africa,Low income,GFDD.AI.01,-2376.8916,659.1038,-5050.7505,4360.8657,-847.3348,-777.68463,492.02298,9695.816,-114.81865,6775.7524,841.02783,3617.2002,7288.095,77.800835,18.763868,19.891735,28.758312,33.565083,36.290977,43.15072,50.039,55.871143,64.56473,67.28737,75.285614,71.85564,69.94765,82.940475,86.201584,94.4688,95.16513
Guinea,Sub-Saharan Africa,Low income,GFDD.DI.04,46.52184,34.976772,38.40784,43.4258,40.77077,38.58984,34.40188,29.937801,22.28175,32.80706,20.851011,14.907569,29.17881,31.85022,33.11887,26.9431,24.63411,28.80674,32.10413,16.17183,26.03639,35.08916,43.27631,49.737343,56.11242,55.96154,56.7833,56.30307,56.652462,59.46056,61.012432
Guinea,Sub-Saharan Africa,Low income,GFDD.DI.05,17.21585,9.174429,8.676754,10.07448,9.223887,9.259316,9.040397,10.015869,9.973487,46.878628,11.681279,12.498139,14.16214,16.06999,18.3897,18.69013,17.896889,12.934179,14.731989,17.36858,26.44139,27.15819,20.856249,22.87167,24.1405,27.01541,25.37311,23.99133,25.308111,26.91808,27.78418
Guinea,Sub-Saharan Africa,Low income,GFDD.DI.06,12.871329,6.496956,5.768088,5.9477615,6.9307337,9.194871,11.15274,13.04867,15.773721,11.474008,16.07608,26.596762,14.960219,17.059929,16.41355,24.753109,21.26426,10.37016,11.304231,20.9159,25.82787,22.31704,12.28066,10.95879,10.26227,12.143459,10.80263,9.569602,11.093631,10.58386,10.54933
Guinea,Sub-Saharan Africa,Low income,GFDD.DI.11,17.469803,14.179333,11.613474,13.2928095,7.108033,21.792318,20.523895,30.571327,16.487446,16.489788,19.74568,25.808954,29.786444,12.337159,20.361824,23.7862,21.451635,18.535866,14.111439,16.952158,21.83498,28.859476,14.98907,33.77407,32.673595,20.665087,22.139553,17.0264,21.201914,17.154036,32.692238
Guinea,Sub-Saharan Africa,Low income,GFDD.DM.11,61.407993,38.472134,15.478572,33.53218,12.690931,1.2312933,14.188535,31.414623,34.803562,33.528175,39.440742,21.554447,49.590824,39.58062,30.212357,33.71946,27.214323,30.634443,44.75485,30.17034,29.745409,0.0016212,0.043183398,42.378384,19.308418,0.0123946,0.0117778005,0.0097942,0.0091129,38.73734,37.45498
Guinea,Sub-Saharan Africa,Low income,GFDD.EI.08,0.008001801,0.00117,0.0019164999,0.2917914,0.2875746,0.59233636,0.7294036,0.8234944,0.71641976,0.59101146,0.2582738,0.633788,1.812881,3.067622,3.433788,3.062978,3.18565,1.396255,2.578918,1.407797,5.165637,5.268363,3.689923,3.6537461,3.389198,4.933619,4.407073,3.931037,4.2176323,4.870983,6.603525
Guinea,Sub-Saharan Africa,Low income,GFDD.OI.02,3.2678778,3.4788198,3.8913069,4.518048,4.437279,4.615254,4.898947,5.160236,5.074245,4.986643,5.529587,6.447278,7.631017,8.663125,10.730191,11.180711,12.439691,7.4750686,9.486848,9.7612295,16.173521,17.65522,13.154151,14.85836,16.144579,18.23103,16.994131,15.92402,17.38563,18.63651,18.88813
Guinea,Sub-Saharan Africa,Low income,SH.STA.BRTC.ZS,103.68227,88.60301,30.5,98.08678,90.366394,88.55977,87.49408,89.75344,94.54723,34.800003,101.399475,86.86984,89.10972,48.7,95.36092,38.0,91.846756,46.100002,102.18484,95.97524,87.291306,91.5949,45.3,97.04013,98.542366,98.326324,62.699997,89.97224,55.299995,88.75678,91.003944
Guinea,Sub-Saharan Africa,Low income,SL.IND.EMPL.ZS,5.837539,5.68,5.66,5.66,5.64,5.63,5.62,5.61,5.59,5.59,5.54,5.52,5.5,5.55,5.51,5.49,5.47,5.46,5.46,5.44,5.42,5.43,5.45,5.49,5.53,5.59,5.64,5.69,5.74,5.79,6.142761
Guinea-Bissau,Sub-Saharan Africa,Low income,DT.TDS.DPPF.XP.ZS,22.098543,64.68984,34.694847,13.949872,19.144503,51.084743,37.2899,14.459936,13.172418,20.366962,17.77653,6.422553,5.4338956,10.539133,11.588827,6.5848007,12.496571,7.3513713,8.647459,12.939595,9.774592,1.9941417,3.9826813,1.1891997,1.4261487,1.3130038,2.7813528,2.56886,2.5285802,3.3191485,9.908066
Guinea-Bissau,Sub-Saharan Africa,Low income,EG.ELC.ACCS.ZS,14.869607,21.491081,17.783281,15.543708,20.19154,28.936924,30.2914,12.512761,23.481487,14.8293495,17.407997,15.993139,1.2537057,2.5914621,3.926333,5.2606664,14.5362,7.9376006,9.28556,4.7,6.0000005,13.399911,14.8038845,16.22769,17.2,20.053154,22.96879,25.999998,28.495056,30.961557,33.33547
Guinea-Bissau,Sub-Saharan Africa,Low income,GFDD.AI.01,3329.1145,2093.259,-98.84047,5502.4604,10462.946,7057.2856,6363.8804,11509.166,-2529.9492,-1808.9078,7940.0415,3110.4194,1856.118,8612.8,9.512758,13.793993,25.844706,34.884876,44.43751,61.334225,48.035904,63.086872,76.0351,63.8616,79.028046,97.74747,94.89457,118.429115,142.11096,147.11748,155.8146
Guinea-Bissau,Sub-Saharan Africa,Low income,GFDD.DI.04,49.41672,53.12472,45.39328,51.55471,55.61526,52.276783,41.20792,41.78466,44.24017,43.02967,37.28182,18.008,18.07825,14.882119,17.03259,30.300732,45.85711,65.3279,69.708145,62.377148,67.89063,72.96012,77.301674,82.37228,79.76927,83.05962,75.455345,73.452774,74.6953,77.98578,79.27096
Guinea-Bissau,Sub-Saharan Africa,Low income,GFDD.DI.05,68.86858,12.74749,16.117378,14.875581,17.36739,16.43591,15.68671,9.266267,9.62149,11.43053,23.58045,23.27282,26.66907,9.495919,14.1827,15.52849,16.63066,19.10619,20.98635,22.76168,25.47672,33.88633,30.37623,34.10574,43.57867,45.4645,45.37202,40.32544,43.664513,43.387768,48.4484
Guinea-Bissau,Sub-Saharan Africa,Low income,GFDD.DI.06,24.46319,13.694541,11.83568,8.701079,8.867177,6.695392,6.99863,2.623422,3.571564,3.667157,7.336735,6.713579,6.242515,5.5708942,5.2043014,4.345781,3.773559,2.894789,2.740947,4.6848516,3.6113222,4.256799,4.252656,3.3112721,3.700953,3.517498,5.613359,5.394817,5.765565,5.6507187,5.534404
Guinea-Bissau,Sub-Saharan Africa,Low income,GFDD.DI.11,13.918719,17.265265,18.706106,30.180004,19.40519,40.39844,34.768272,27.230196,12.739316,25.332487,28.983953,24.889788,17.404852,19.822506,15.631059,36.751522,16.80369,13.454562,14.18584,34.781075,42.559593,40.681248,31.395803,29.393932,27.426147,19.25665,17.425264,16.507029,31.557674,33.32853,17.873505
Guinea-Bissau,Sub-Saharan Africa,Low income,GFDD.DM.11,-13.941424,6.453469,7.5684505,19.011333,2.8407857,11.495932,19.954262,6.4312367,-7.5563946,6.1717753,15.236569,-0.60483176,-3.0553617,23.34177,13.683603,0.9838669,1.107016,2.08357,0.94543374,0.0034949,0.0236097,0.76100636,0.85561717,1.8813549,1.401633,2.825279,3.8343902,5.464148,8.470515,10.25403,7.78346
Guinea-Bissau,Sub-Saharan Africa,Low income,GFDD.EI.08,0.29802018,0.2114805,0.28572172,0.29761422,0.287481,0.1473134,0.0204505,0.005252,0.0061374004,0.0059992,3.461956,0.0728006,0.07720649,0.6155,1.068077,2.298362,1.7821261,1.872455,1.347644,3.0814059,2.196867,3.5677762,4.5055504,3.7197669,5.206602,10.275749,10.658299,3.595442,3.202223,5.767794,5.4964643
Guinea-Bissau,Sub-Saharan Africa,Low income,GFDD.OI.02,9.627353,6.840893,9.466378,9.282686,10.83075,10.302561,9.867924,4.310221,4.540154,4.4379115,7.563656,5.6437073,4.9118767,2.766945,3.5355048,3.464887,4.622075,7.0240703,8.393231,9.233948,11.61681,17.84162,14.78488,17.468561,16.46793,16.86433,14.961571,13.6939,15.54127,15.4757395,18.5034
Guinea-Bissau,Sub-Saharan Africa,Low income,SH.STA.BRTC.ZS,83.52888,85.694374,80.14558,76.34867,96.584236,25.0,88.74778,86.433334,89.248146,78.811,31.800001,89.78195,100.59979,80.77585,64.12317,89.05935,31.0,89.08912,97.29872,92.47683,43.0,97.2647,85.458534,99.01346,45.0,92.20625,95.98483,94.2489,86.79101,85.678345,95.59007
Guinea-Bissau,Sub-Saharan Africa,Low income,SL.IND.EMPL.ZS,9.8341255,10.95,10.910001,10.880001,10.880001,10.81,10.69,10.67,10.540001,10.33,10.06,9.83,9.650001,9.510001,9.370001,9.250001,9.160001,9.05,9.030001,8.96,8.910001,8.86,8.84,8.82,8.780001,8.72,8.71,8.67,8.640001,8.61,9.098048
Guyana,Latin America & Caribbean,Upper middle income,DT.TDS.DPPF.XP.ZS,13.782902,13.31296,18.660938,17.188484,16.323503,16.900879,14.264157,17.185293,18.975422,11.31509,9.71464,6.484711,9.3562765,8.511694,6.280994,4.8384786,4.157689,3.063619,2.5457006,1.9574889,2.4214222,2.7450569,8.166868,2.9311383,3.6211498,4.007154,3.1148558,3.3993285,4.775455,4.193082,2.6753883
Guyana,Latin America & Caribbean,Upper middle income,EG.ELC.ACCS.ZS,95.91436,90.12732,98.82618,72.37663,70.71398,71.35198,71.98727,72.619156,73.246956,73.86992,74.51728,75.10074,75.67661,76.24725,76.81501,77.5,73.38259,78.524925,79.10577,77.6,83.09163,84.08454,85.06648,86.02649,86.9,88.00384,89.17036,90.295815,91.19838,91.91576,92.54054
Guyana,Latin America & Caribbean,Upper middle income,GFDD.AI.01,11910.633,23497.33,14706.464,15197.963,10426.84,20106.33,23416.559,16771.926,31714.904,14781.309,14936.092,23472.955,12842.286,21104.365,12125.318,17040.234,18226.172,16366.11,13719.592,19682.867,15170.967,14159.066,13825.484,16530.523,18086.7,22301.021,14373.453,19580.053,24290.576,20123.674,18200.018
Guyana,Latin America & Caribbean,Upper middle income,GFDD.DI.04,80.06402,18.4007,74.052284,23.68169,22.069519,24.66755,38.13044,47.227352,52.50801,51.368748,54.349133,64.7621,66.43309,66.35503,68.42703,70.56003,71.657555,74.18658,76.76729,78.179955,81.07031,83.42795,84.85576,85.85882,86.762375,84.82626,80.25342,80.47146,74.4133,75.099495,67.05375
Guyana,Latin America & Caribbean,Upper middle income,GFDD.DI.05,75.71272,52.22869,70.350494,67.17648,61.371937,64.51879,69.60559,71.65775,76.28165,73.31934,76.58513,85.17899,88.55247,92.47835,92.730255,94.61162,38.60923,37.65325,37.94691,34.038937,36.16464,37.296688,38.709618,39.85272,40.52845,40.3311,40.14122,36.36152,37.32312,39.86744,40.9982
Guyana,Latin America & Caribbean,Upper middle income,GFDD.DI.06,93.6507,177.6366,65.026924,185.7819,160.3506,143.56749,99.630226,75.17738,65.94734,61.77584,59.16167,40.40079,38.75918,37.82326,33.89881,31.296202,11.548949,9.400926,8.5238085,8.117352,7.2663665,6.666451,5.946629,5.9405036,5.5976152,6.695643,8.997744,8.46288,12.39037,11.77094,17.118801
Guyana,Latin America & Caribbean,Upper middle income,GFDD.DI.11,5.480212,-1.9574691,6.8412213,-1.166916,9.909845,10.151484,9.790542,11.8541155,9.00135,8.471356,13.020746,4.168147,8.68484,8.376394,10.334573,8.42918,7.346828,7.594236,7.7399817,4.892338,4.5127015,4.427676,4.39013,4.7990966,5.7441797,5.5030107,5.4032993,5.5811434,7.2700095,7.5880237,7.5809135
Guyana,Latin America & Caribbean,Upper middle income,GFDD.DM.11,77.33771,43.08475,44.307175,54.415382,98.97451,42.906837,62.694298,52.747414,74.282524,44.914997,72.9318,38.317764,60.413673,56.633797,35.029747,54.579933,62.6218,57.7073,93.045586,82.430405,85.21082,83.88919,138.89493,100.83114,101.141846,118.95435,7.32095,7.692424,9.673992,10.07462,7.221237
Guyana,Latin America & Caribbean,Upper middle income,GFDD.EI.08,16.250149,10.37786,14.886279,18.16226,11.662399,9.794732,10.406309,10.313829,9.735649,7.091392,9.503653,10.166189,11.008559,13.865899,15.42149,16.037899,15.75605,12.69794,12.728399,13.27347,13.77741,13.39731,9.969872,10.026779,7.989261,8.11568,8.039694,7.3725557,7.8199,7.442046,7.654043
Guyana,Latin America & Caribbean,Upper middle income,GFDD.OI.02,61.616703,42.71037,59.45825,56.431717,50.464317,54.381157,59.54474,61.167797,65.82199,62.45482,65.68083,76.44306,80.36876,83.78881,84.87793,84.683975,34.141506,33.1067,33.14029,34.88223,37.078087,38.40006,39.75786,41.24748,41.66631,41.5823,41.51966,37.94367,39.12623,41.319138,43.106617
Guyana,Latin America & Caribbean,Upper middle income,SH.STA.BRTC.ZS,90.38822,91.469,101.95759,99.78159,102.84583,93.0,99.24078,95.0,93.99999,93.84861,82.899994,93.799995,110.56574,93.99999,95.9,96.7,80.9,93.3,96.0,87.399994,104.49841,102.75972,102.93796,98.3,85.7,95.8,93.78282,108.897804,102.43303,92.839966,100.67132
Guyana,Latin America & Caribbean,Upper middle income,SL.IND.EMPL.ZS,34.125145,20.99,21.24,21.4,21.75,22.060001,22.51,22.98,23.35,23.96,24.38,24.930002,25.38,25.24,25.14,24.780003,24.64,24.910002,24.88,24.89,24.930002,25.02,25.060001,25.13,25.22,25.09,25.07,24.92,24.9,24.97,13.389617
Haiti,Latin America & Caribbean,Lower middle income,DT.TDS.DPPF.XP.ZS,9.867195,10.501855,3.1663704,2.6553776,4.655468,53.88005,15.075989,9.335124,8.264403,9.253808,8.29405,5.4943337,6.3081145,11.191919,19.108692,9.348774,8.067568,10.009456,6.1378565,4.2249293,12.512567,0.3850245,0.3819648,0.8025422,1.3954295,1.9325931,5.330129,1.0201685,0.9786574,1.1834679,6.618383
Haiti,Latin America & Caribbean,Lower middle income,EG.ELC.ACCS.ZS,36.637077,35.22462,38.232605,28.474586,37.92254,31.3,30.013016,30.557037,31.096973,31.632072,33.7,31.542381,33.152473,31.6,34.110813,34.588005,33.899998,35.55065,36.041466,36.54222,37.055622,37.584385,37.9,38.697876,39.49641,40.836285,40.4,43.74927,44.962345,45.990234,46.925533
Haiti,Latin America & Caribbean,Lower middle income,GFDD.AI.01,6270.5522,-7913.046,-797.6771,285.44925,3654.5588,8686.799,2503.2708,1574.8615,595.2541,5356.1914,3153.9363,3567.5525,2903.1238,1347.2639,208.81625,239.33585,273.74384,302.77625,328.527,349.27106,336.26703,334.16425,329.51395,302.92328,217.56514,264.85245,281.46536,279.3669,274.96976,267.46405,252.99176
Haiti,Latin America & Caribbean,Lower middle income,GFDD.DI.04,33.86636,33.73418,32.76239,34.36573,35.23718,41.298,43.828762,53.7855,52.12738,50.01517,49.29794,45.49337,46.62155,48.04473,45.94328,51.4409,48.568096,45.77156,44.9944,44.64754,42.18253,45.86128,50.439377,59.082073,60.66716,59.40988,62.134872,57.94337,57.34141,54.0121,47.34351
Haiti,Latin America & Caribbean,Lower middle income,GFDD.DI.05,54.80568,56.878418,76.005295,64.911224,25.688,20.97609,18.521488,19.2192,17.99949,20.2494,21.74627,22.23503,25.170599,29.372768,25.24162,25.43878,24.06729,23.401089,23.39663,22.71236,28.35555,28.03878,27.69284,26.408258,26.84555,30.85865,30.89799,28.66314,30.90124,30.40964,27.19351
Haiti,Latin America & Caribbean,Lower middle income,GFDD.DI.06,41.51381,40.040817,48.284462,35.51656,13.72594,10.29543,9.297262,8.4786825,7.918903,8.959512,10.45805,10.80674,12.57339,13.08625,11.57894,10.36927,9.719904,9.8646555,11.00468,10.71171,12.4141,10.90706,11.07269,7.8191805,7.8961687,8.291268,7.255571,8.353067,9.45128,10.39959,11.93658
Haiti,Latin America & Caribbean,Lower middle income,GFDD.DI.11,44.634937,35.255363,49.67987,42.93836,37.38209,28.870275,25.039398,33.855747,34.82386,20.862143,40.201225,27.59583,28.42433,43.313988,14.1282015,29.85664,29.613056,42.84023,29.551968,35.687653,18.404913,38.38645,44.34089,36.310772,62.909363,49.29023,48.55119,44.97694,43.26289,33.95615,43.52666
Haiti,Latin America & Caribbean,Lower middle income,GFDD.DM.11,35.347572,23.753698,44.165775,38.527214,38.768356,36.63835,34.04704,44.918015,43.15737,21.584562,36.99695,24.88147,38.78005,47.011574,32.25405,34.581364,49.611748,52.322998,39.93886,47.10136,27.398796,37.9459,31.044334,45.275127,27.947216,35.79029,63.718884,34.396637,42.65611,45.443184,17.982725
Haiti,Latin America & Caribbean,Lower middle income,GFDD.EI.08,0.24855661,0.2193201,0.22079632,0.101561695,0.4360905,0.0276389,0.014017399,1.618662,1.093703,1.425896,2.444986,1.7308171,2.183233,3.7638738,3.258238,4.519678,2.201103,1.6539881,1.4141481,1.5345211,3.159801,2.069621,1.6250811,1.767642,2.218689,3.2005231,3.314658,3.7197692,3.342817,3.5722961,4.496441
Haiti,Latin America & Caribbean,Lower middle income,GFDD.OI.02,38.59628,41.62897,54.277397,46.959557,17.88665,14.80527,14.02709,14.95919,14.383161,16.09244,17.368221,17.620281,19.543089,24.19086,20.567812,20.70024,19.57565,18.861551,18.7997,18.516981,22.907421,22.24195,21.9959,20.92509,21.45687,25.07632,25.450161,23.5071,24.90975,24.23067,20.70943
Haiti,Latin America & Caribbean,Lower middle income,SH.STA.BRTC.ZS,91.96971,80.760345,86.58133,84.476906,80.63544,20.6,91.75709,79.024796,91.188576,92.76765,23.8,81.48595,85.919754,88.96161,84.74623,87.82027,26.1,92.50705,85.519684,90.3674,93.00642,77.36156,37.3,48.6,90.010345,88.30151,80.1195,41.6,95.65234,84.97422,94.856186
Haiti,Latin America & Caribbean,Lower middle income,SL.IND.EMPL.ZS,10.698823,7.46,7.18,7.04,6.73,6.96,7.74,7.7300005,8.09,7.8600006,7.56,7.36,7.2099996,7.12,6.85,6.83,7.08,7.24,7.12,7.0,6.36,6.74,6.89,6.99,7.08,7.18,6.93,6.72,6.7,6.66,15.059232
Honduras,Latin America & Caribbean,Lower middle income,DT.TDS.DPPF.XP.ZS,34.370724,28.052046,33.613567,29.299753,32.933792,31.528814,27.40092,20.447346,17.533335,13.469599,6.6726017,5.2165513,7.5882244,8.362959,6.5636983,5.803365,3.8115594,3.4244363,2.070487,3.7832,2.2324815,2.0658746,2.048068,3.1837811,4.37353,4.8046937,5.8350315,5.665753,7.118648,7.8383884,17.608374
Honduras,Latin America & Caribbean,Lower middle income,EG.ELC.ACCS.ZS,90.57568,54.781937,58.913113,61.100155,64.73395,66.122025,61.681118,64.794754,66.85952,67.394104,67.383354,64.2,63.141136,65.09046,67.113525,68.90331,71.26645,73.54819,76.3969,78.269684,80.984665,82.1953,83.60773,87.18488,88.65377,89.98171,91.6,86.5,91.6,91.1,93.20671
Honduras,Latin America & Caribbean,Lower middle income,GFDD.AI.01,19539.824,7383.851,6586.9644,13896.162,5266.423,17963.375,21274.865,9794.212,-12231.467,1938.8209,4836.833,14848.854,15174.704,31546.303,14084.209,18277.18,3614.4907,9097.053,-5892.3677,7118.1733,5650.802,35460.49,9341.526,14759.185,58148.836,10639.22,6801.0493,8927.155,7280.6797,8680.123,16336.105
Honduras,Latin America & Caribbean,Lower middle income,GFDD.DI.04,71.29108,79.42072,79.67439,77.11842,84.82126,88.412415,90.85846,93.149315,94.47536,96.11242,96.99334,87.05663,86.92782,84.84359,85.25079,86.32091,89.023,91.3119,91.46812,89.745766,87.48521,88.16464,89.26477,90.40507,91.36411,92.17244,93.067604,93.73395,94.656654,95.21497,93.31982
Honduras,Latin America & Caribbean,Lower middle income,GFDD.DI.05,21.0014,20.396448,23.13064,21.81568,23.013618,22.578491,26.03669,34.34206,36.14999,40.42348,40.26611,38.11088,39.339928,39.6533,41.30725,41.8717,45.743263,48.51114,45.873928,43.98292,43.78888,44.526127,44.32557,45.697258,46.69395,45.06076,49.882637,49.33889,50.5327,51.78723,63.76956
Honduras,Latin America & Caribbean,Lower middle income,GFDD.DI.06,9.946445,5.9335046,6.1228905,6.6828523,4.175632,2.730978,2.216988,2.002966,1.8328141,1.4188269,1.076716,5.508921,5.525298,6.7085505,6.714856,6.3439193,5.721068,5.122083,5.005123,6.086025,7.25928,7.010858,6.813018,6.492576,5.842559,5.194645,4.714871,4.21876,3.8649971,3.519701,5.580161
Honduras,Latin America & Caribbean,Lower middle income,GFDD.DI.11,9.356697,5.3009086,12.309968,12.227163,10.048628,9.955042,4.4059467,8.902092,4.5013776,2.942617,2.8762128,3.0646567,3.1912446,3.3032947,2.9159431,2.7935576,2.7532141,2.8714168,3.0407243,3.1555643,3.0511029,2.8626244,3.0368237,3.0865295,3.0090795,2.9105961,3.0066192,3.0477352,2.8439028,2.6706452,4.295212
Honduras,Latin America & Caribbean,Lower middle income,GFDD.DM.11,15.881593,2.8707194,14.621575,23.530767,11.4663315,6.9086328,12.061446,16.271545,17.02581,15.33194,20.223701,11.772102,21.244051,12.09285,1.305326,1.816846,1.860368,1.872226,1.805995,1.65811,1.629135,1.203472,1.2140111,1.221675,1.070739,1.13328,1.19832,1.22308,1.313441,1.3492911,1.452915
Honduras,Latin America & Caribbean,Lower middle income,GFDD.EI.08,5.5904603,5.6373363,4.420534,3.515553,3.8000813,2.817558,1.8351,1.005577,0.5026262,0.5187935,0.62057316,0.76332474,0.9764905,1.1855061,1.462952,1.558454,2.26148,2.10696,2.287327,3.729312,3.888753,5.524536,5.956638,7.018741,7.328653,7.2066402,6.846579,6.7187967,7.612739,8.08794,10.82274
Honduras,Latin America & Caribbean,Lower middle income,GFDD.OI.02,15.669789,16.17118,18.39774,16.9448,17.453121,17.454472,20.85675,28.307869,30.285679,34.14732,35.22403,37.70398,39.29294,39.70128,41.33658,42.64969,46.96014,49.90221,47.094326,45.22319,45.257137,45.756126,45.646538,47.65389,49.018337,47.600067,52.52943,52.80378,54.083717,55.92024,68.765884
Honduras,Latin America & Caribbean,Lower middle income,SH.STA.BRTC.ZS,80.7171,92.18882,46.9,96.74074,96.120735,65.29729,54.899994,86.8407,98.20089,96.04129,94.03972,55.699997,97.05635,95.66155,90.293724,93.45074,66.299995,95.81904,104.385574,87.14357,97.74522,94.585785,82.799995,94.81404,95.22787,71.99999,79.0,74.0,85.75426,104.300705,110.38543
Honduras,Latin America & Caribbean,Lower middle income,SL.IND.EMPL.ZS,23.890144,21.25,20.12,22.27,24.07,24.26,22.31,22.02,22.97,22.03,22.27,22.18,21.83,21.410002,22.38,23.52,22.1,22.33,22.0,20.820002,19.080002,19.77,19.930002,19.040003,22.02,21.81,21.580002,20.68,20.210001,21.39,32.786003
"Hong Kong SAR, China",East Asia & Pacific,High income,DT.TDS.DPPF.XP.ZS,7.908634,18.36095,12.70199,19.076496,6.711238,14.336934,19.867945,11.776128,21.999578,10.2007675,9.4864435,12.066586,13.407225,13.08697,9.150894,5.633875,18.852757,9.017151,7.617021,6.8046517,14.931409,11.426307,12.894546,15.690309,17.409595,10.279251,17.531977,9.851825,11.844547,11.1119995,21.65015
"Hong Kong SAR, China",East Asia & Pacific,High income,EG.ELC.ACCS.ZS,100.0,100.0,100.0,100.0,100.0,100.0,100.0,100.0,100.0,100.0,100.0,100.0,100.0,100.0,100.0,100.0,100.0,100.0,100.0,100.0,100.0,100.0,100.0,100.0,100.0,100.0,100.0,100.0,100.0,100.0,100.0
"Hong Kong SAR, China",East Asia & Pacific,High income,GFDD.AI.01,7459.32,13396.157,12380.833,16911.113,15662.813,6962.779,13899.315,20521.928,18120.51,10570.089,13348.684,16555.545,12684.092,11674.897,7197.3022,25534.645,22380.145,15430.832,17824.773,11947.621,6777.7144,26410.23,14587.856,14104.34,15934.097,18380.74,12759.699,10991.249,17715.416,17120.553,14437.893
"Hong Kong SAR, China",East Asia & Pacific,High income,GFDD.DI.04,57.75128,64.25205,34.024506,41.46366,36.344936,48.181274,49.559673,59.488987,70.22998,70.00743,77.17535,82.627556,57.62766,93.99529,63.80581,78.51329,78.91691,55.35591,52.18013,68.92408,63.89011,70.078636,85.15787,89.3114,71.2917,86.07225,78.03021,38.6379,86.510185,85.42356,65.72265
"Hong Kong SAR, China",East Asia & Pacific,High income,GFDD.DI.05,351.31827,175.7341,163.28851,162.024,160.5854,166.6652,169.8332,166.1112,193.76941,213.4671,224.3851,226.5347,231.9585,254.4956,260.6667,251.71341,274.8023,297.35822,299.6041,324.4363,325.4221,328.2326,336.0667,350.5675,361.34,362.8822,376.551,387.5155,386.1566,403.31268,454.65012
"Hong Kong SAR, China",East Asia & Pacific,High income,GFDD.DI.06,13.164504,11.207402,6.261497,13.014403,8.117866,3.9818344,4.3483872,11.113173,12.468543,4.255123,6.3036184,10.559847,6.275848,3.3155713,12.073337,2.8764544,9.104422,5.249068,6.2863274,12.511215,13.157792,7.838469,5.936325,8.019932,1.3417593,5.377303,8.388867,17.96352,12.338878,40.1077,13.884841
"Hong Kong SAR, China",East Asia & Pacific,High income,GFDD.DI.11,21.06495,28.604433,18.471516,35.310387,34.956524,21.018803,41.052635,43.95817,27.393272,46.13323,18.17106,11.565873,14.07559,19.740982,23.376646,25.798388,30.340075,45.009487,43.422832,53.535263,54.01581,53.792843,20.140972,38.95424,37.5622,40.196625,28.884205,22.652895,19.654343,45.252773,74.894875
"Hong Kong SAR, China",East Asia & Pacific,High income,GFDD.DM.11,110.382065,140.96942,112.954895,173.96481,127.28779,120.42466,183.42227,88.284386,171.07808,130.99812,52.73278,65.51425,89.17809,112.8238,118.98589,114.9698,124.8621,124.78249,128.5939,146.10869,152.078,139.5658,145.3455,155.04199,148.2484,149.9182,153.6349,152.74811,164.6306,180.1322,214.5129
"Hong Kong SAR, China",East Asia & Pacific,High income,GFDD.EI.08,2.9670122,2.587792,3.6821833,6.0976787,10.171869,5.116237,8.478499,10.459019,10.728449,12.9585495,15.041929,16.103748,18.04609,17.56017,20.694338,18.07655,17.13411,14.51581,7.2031717,10.209729,12.164239,10.74146,9.743398,10.07379,8.5691395,7.758819,8.762774,8.725553,10.36211,10.65146,7.710086
"Hong Kong SAR, China",East Asia & Pacific,High income,GFDD.OI.02,205.6603,169.6396,156.8834,155.2701,154.1719,160.332,163.6768,160.25981,187.5831,205.74821,217.5433,218.86171,223.25,244.3406,249.99422,241.6539,264.8259,287.8014,289.6346,312.74042,313.1183,315.41022,322.2423,335.9006,346.746,348.3264,360.8833,371.0277,353.0639,370.4936,415.74948
"Hong Kong SAR, China",East Asia & Pacific,High income,SH.STA.BRTC.ZS,104.819695,106.24626,97.5146,96.760994,108.896545,106.65011,97.63759,99.84355,98.41859,111.83151,95.514595,109.95727,108.03727,105.36639,107.27256,100.0,101.370316,102.19364,102.97721,98.24303,105.085915,95.06916,105.54736,98.58173,99.25806,105.663155,98.75199,110.173996,100.77424,103.68376,101.32992
"Hong Kong SAR, China",East Asia & Pacific,High income,SL.IND.EMPL.ZS,15.072893,34.89,32.96,29.800001,27.930002,27.0,25.560001,24.190002,22.55,21.14,20.33,19.36,18.26,17.11,15.580001,15.07,14.73,14.140001,13.46,13.140001,12.83,12.58,12.36,12.19,12.05,11.900001,11.81,11.57,11.32,11.08,19.127161
Hungary,Europe & Central Asia,High income,DT.TDS.DPPF.XP.ZS,36.170372,2.8239343,19.828035,14.291098,25.978184,20.971273,19.29865,13.815125,21.608385,17.865187,11.61203,13.877253,20.789122,13.762114,11.771458,13.848904,13.258604,3.6462889,15.835811,11.446357,16.51897,8.344028,18.575064,29.086765,18.407036,23.800722,15.444835,19.190855,18.821585,3.1564555,17.195597
Hungary,Europe & Central Asia,High income,EG.ELC.ACCS.ZS,100.0,100.0,100.0,100.0,100.0,100.0,100.0,100.0,100.0,100.0,100.0,100.0,100.0,100.0,100.0,100.0,100.0,100.0,100.0,100.0,100.0,100.0,100.0,100.0,100.0,100.0,100.0,100.0,100.0,100.0,100.0
Hungary,Europe & Central Asia,High income,GFDD.AI.01,2302.9675,5017.6445,2946.895,-7432.3936,9849.672,5041.0127,8088.422,9480.681,7206.145,15044.835,5871.416,4938.6724,8088.383,9098.379,6761.494,6548.3325,10617.373,7200.77,7310.4644,5651.004,3795.9446,6925.5425,1031.6229,979.9795,1015.0943,1024.2834,1036.9755,1050.2882,1092.3625,1243.634,1266.2334
Hungary,Europe & Central Asia,High income,GFDD.DI.04,70.93183,41.274292,40.49302,42.85473,41.92681,39.498,46.20134,51.95346,55.42856,62.39858,71.38687,79.85163,86.93985,92.59101,95.648,98.15418,98.52985,99.17751,98.40491,98.589066,98.78339,99.167496,99.221115,99.222046,99.20767,99.728065,99.72868,99.741684,99.73946,99.65284,95.91093
Hungary,Europe & Central Asia,High income,GFDD.DI.05,51.765934,45.54562,54.6344,53.32364,49.49628,46.52136,46.6016,44.97915,43.98772,45.65843,44.90645,45.14537,45.49332,46.61248,46.012157,48.77678,51.667347,53.52901,55.34314,60.350025,60.712746,62.371723,58.54349,60.295696,57.18143,56.69801,58.722164,58.352554,59.065884,58.318222,69.525696
Hungary,Europe & Central Asia,High income,GFDD.DI.06,13.606346,62.5309,60.32943,58.85991,56.47441,53.94453,40.76658,32.31308,28.0648,21.387209,16.53483,10.81481,6.980755,4.289383,2.551042,1.148553,1.004603,0.61581236,1.359135,1.087565,0.9417603,0.62348247,0.5230381,0.488448,0.4714126,0.1494512,0.14977871,0.1426502,0.1382293,0.1811465,2.620663
Hungary,Europe & Central Asia,High income,GFDD.DI.11,1.8735801,2.05559,1.937264,2.5940049,3.2144532,3.2455504,3.9262009,4.0741134,4.2798314,5.0636535,5.5415497,5.5290055,5.8119826,5.942799,6.5538154,7.3470893,8.079515,8.76318,7.8292656,9.029786,8.779001,8.251103,7.995832,7.776567,7.478324,6.837981,7.2496147,7.064991,6.3976827,6.4141617,6.8416944
Hungary,Europe & Central Asia,High income,GFDD.DM.11,17.70837,7.1434474,14.724621,12.583702,20.977266,31.493338,21.85278,24.398026,22.113083,0.599626,0.9456641,1.0104599,0.8520617,0.7264605,0.6485071,1.004089,1.502939,1.577631,1.402874,1.694095,1.347764,1.0744721,1.254825,1.291576,1.902588,2.034636,2.783019,3.840242,2.952864,2.9105341,2.916487
Hungary,Europe & Central Asia,High income,GFDD.EI.08,1.5912721,6.349382,9.029887,16.92833,15.366139,13.574699,13.657829,11.43193,11.531739,9.987431,9.373717,10.222919,12.11626,11.8066,10.99869,11.20316,13.321719,13.57737,15.91227,16.266779,16.331589,15.97352,16.397509,16.26387,16.525219,19.74182,21.68973,22.68789,20.58077,18.63831,23.881468
Hungary,Europe & Central Asia,High income,GFDD.OI.02,54.54823,35.003307,43.69627,42.66753,40.10664,38.68976,39.389477,38.46395,37.36393,38.12932,38.1562,38.345898,38.65991,39.51024,39.613388,41.67336,44.097828,45.498108,47.502487,50.790047,49.11575,49.5654,47.66258,47.002506,45.975338,44.70366,46.460876,45.85539,45.82058,45.19668,55.012077
Hungary,Europe & Central Asia,High income,SH.STA.BRTC.ZS,99.4,99.4,99.5,99.4,99.4,99.4,99.5,99.5,99.5,99.5,99.5,99.6,99.6,99.6,99.6,99.6,99.7,99.6,99.5,99.6,99.100006,99.00001,99.00001,99.100006,99.200005,99.6,99.7,99.7,106.27599,117.77537,108.88699
Hungary,Europe & Central Asia,High income,SL.IND.EMPL.ZS,28.279198,35.64,35.08,34.07,33.39,33.08,33.24,33.23,34.78,34.35,33.770004,34.420002,34.14,33.4,32.95,32.48,32.32,32.52,32.22,31.160002,30.7,30.84,29.79,29.9,30.500002,30.33,30.440002,31.52,32.420002,32.09,30.199762
IBRD only,,,DT.TDS.DPPF.XP.ZS,20.035442,18.797379,17.401651,15.811179,13.026543,14.714038,15.100366,15.270084,14.139186,15.544685,13.882077,13.361889,13.244692,11.9807825,8.361362,8.399001,7.509172,4.3945265,4.0078144,4.089965,3.6145325,3.0441625,2.9701197,3.285836,3.8052266,4.9921255,5.0724187,4.392878,4.8372326,4.9290385,5.2628717
IBRD only,,,EG.ELC.ACCS.ZS,98.60699,98.140564,96.160675,95.10569,97.619804,93.97666,93.22254,97.62926,97.0337,93.83588,84.311714,83.74093,85.8306,86.40684,86.91751,87.62375,88.35787,89.142235,89.95674,90.76851,91.4597,89.197495,92.789986,93.4911,94.06011,95.21499,95.778564,96.72575,97.78261,98.31734,98.77844
IBRD only,,,GFDD.AI.01,33616.168,54496.527,48154.074,21949.87,49933.82,48759.5,34035.953,37736.074,25744.975,13791.66,33884.63,50519.656,29069.07,29147.78,19081.47,14697.145,20553.945,23846.596,13069.5,17330.594,32440.947,18413.646,42119.465,38106.734,79508.35,27621.826,32104.594,23858.76,12608.008,30293.836,38924.574
IBRD only,,,GFDD.DI.04,31.861868,23.042154,36.051132,60.174446,31.261194,27.018549,31.778019,45.052048,18.981956,34.596027,32.18149,39.419292,30.453548,33.835945,40.837597,58.500813,45.299957,56.577957,43.134914,55.29826,63.72971,51.285877,50.693485,62.006027,67.945145,66.20107,40.754242,48.397144,71.40838,31.73579,67.72438
IBRD only,,,GFDD.DI.05,52.486465,63.12262,68.45222,59.017597,71.762024,48.072453,65.44969,96.42407,59.119343,76.44574,81.980736,69.689476,50.05838,72.78493,39.822403,78.4144,70.6152,69.47337,78.238365,74.76571,79.90086,73.55842,76.35764,65.75112,64.66027,52.583557,80.86171,53.632534,77.562935,89.30967,88.7009
IBRD only,,,GFDD.DI.06,6.59087,7.285887,8.474154,4.6272683,12.956537,2.458639,2.5580485,6.164969,10.349649,5.9780526,5.2514625,6.2485857,2.5222628,8.469721,4.5539613,10.306082,7.359872,8.089519,4.8801174,8.216085,6.415336,6.892002,5.6323333,3.7869778,6.489452,9.844124,8.018748,2.4575872,11.946529,4.112688,4.760602
IBRD only,,,GFDD.DI.11,23.43475,35.07448,26.718098,42.375546,24.411331,25.28099,21.132109,11.030143,29.526983,30.666273,31.13227,29.128744,23.939196,30.651196,22.639126,24.945595,39.328876,33.4188,31.349455,24.346565,32.998936,42.246124,25.714724,48.79389,27.272877,29.40853,39.12046,21.772835,46.934616,33.161507,42.43581
IBRD only,,,GFDD.DM.11,71.739876,33.3976,31.410017,75.47552,70.61918,92.51913,34.653225,55.577625,129.34972,74.24627,39.333244,48.18419,61.186535,57.501034,52.919094,78.83238,86.79528,43.53127,65.31466,57.513294,70.643074,73.00023,56.10022,85.10512,115.54209,70.20991,65.312195,50.097458,66.589165,82.812775,73.584366
IBRD only,,,GFDD.EI.08,28.42941,19.759892,13.038567,35.326942,22.97,15.582281,6.1948867,16.17139,16.121103,17.618036,11.363421,18.74906,13.801787,24.34904,26.337307,12.869175,18.159113,11.363424,25.818346,20.651909,16.6514,26.175499,15.674378,28.95124,30.835752,18.153692,28.860252,21.358465,56.949,17.000544,26.5499
IBRD only,,,GFDD.OI.02,50.561543,43.775295,59.38533,53.41193,63.332127,62.763012,74.23923,69.71807,52.231827,63.210827,56.711422,77.62427,60.104557,65.076546,77.99181,64.34831,58.571617,60.03296,43.007614,63.887596,53.449463,52.34508,69.18196,70.49539,72.0559,65.885635,68.1138,51.68076,53.25005,76.79774,54.76273
IBRD only,,,SH.STA.BRTC.ZS,95.10912,98.89641,101.71308,92.1366,93.1133,100.05902,39.837585,96.694115,99.785805,101.70475,70.518234,98.67612,102.20813,103.09137,98.96116,95.07599,96.34879,111.37416,94.16924,106.508865,78.77051,96.14729,100.57402,98.54353,98.9594,101.05864,96.39778,100.24975,90.756,100.44931,106.242226
IBRD only,,,SL.IND.EMPL.ZS,23.108864,21.281487,21.274366,21.49965,21.603575,21.570404,21.744944,21.701962,21.406034,21.176949,20.991278,21.0096,20.711575,20.897352,21.49919,22.223495,22.99828,23.864788,24.072296,24.269497,24.802567,25.383757,26.054192,25.958698,26.037598,25.78731,25.671282,25.474764,25.59293,25.23901,26.38876
IDA total,,,DT.TDS.DPPF.XP.ZS,21.405672,21.036606,17.549961,15.888316,19.44655,17.266642,16.662626,16.243416,13.435658,11.756679,10.938759,11.186799,9.613303,8.913965,8.4876995,9.295807,6.7255845,3.903089,3.3706183,4.0739336,3.117222,2.6497605,3.4482496,4.4882145,4.182743,4.869138,5.745102,6.2654214,6.4424524,8.683711,9.609596
IDA total,,,EG.ELC.ACCS.ZS,60.76145,55.463966,53.664837,63.433514,55.18439,47.43305,62.55359,74.08303,36.61439,37.959194,34.990047,35.783714,36.963722,38.786392,38.743874,39.522423,41.572575,42.147198,43.2129,44.02976,44.21312,46.648533,48.49538,49.181374,49.833973,51.41219,55.270622,57.08116,58.879745,59.83458,61.226173
IDA total,,,GFDD.AI.01,5436.051,13514.698,1961.3218,848.5732,3891.4468,3582.0,3393.6494,5397.078,7278.3755,3396.5647,7412.937,2749.6526,5398.879,5475.78,6006.448,4893.5635,901.22516,-1611.4402,6247.468,1945.7656,7162.027,5597.4854,3501.644,3556.8547,8620.113,2685.7473,8487.657,5939.785,3449.3755,6705.2876,5962.4087
IDA total,,,GFDD.DI.04,86.96381,51.66107,72.148766,63.92355,63.354847,77.70648,60.972,76.15695,71.36024,70.10819,70.93051,79.621,84.44744,63.1378,69.33101,76.224236,79.82904,89.61334,86.44717,78.724106,80.65609,79.197205,86.45163,67.31043,54.683342,80.66322,81.357605,82.260765,88.09981,81.31775,76.0941
IDA total,,,GFDD.DI.05,52.078583,73.00585,54.84413,45.650654,41.17229,27.163055,96.30235,54.233875,48.92002,84.14635,35.039577,40.32577,75.69356,42.76003,68.981514,43.958107,55.923138,74.50295,62.462692,65.83579,72.005264,59.639587,92.971886,70.0199,82.88743,56.77794,79.601326,61.90161,61.117268,81.516464,91.66934
IDA total,,,GFDD.DI.06,0.47275785,12.532765,9.13496,5.5384846,5.1802087,10.091205,10.728081,17.941404,6.3258214,2.8232026,8.731199,6.2409167,4.6038647,1.6910071,4.194731,5.9194655,5.896616,2.7670004,12.988458,5.436929,4.0628834,1.3015844,3.2644758,6.3932652,8.338385,7.9208117,5.160128,9.046923,5.5699067,7.0789356,2.802338
IDA total,,,GFDD.DI.11,8.036032,5.9318027,4.927655,3.12026,1.568658,5.28403,3.0861757,7.924779,6.7949986,11.126959,3.9523196,6.604695,9.5299225,7.3124704,2.5586364,7.271963,12.903797,9.808091,6.1883035,2.4013085,12.518611,3.0771732,6.758535,7.0423284,9.259576,9.681153,7.804471,11.263199,8.099158,8.451264,9.929479
IDA total,,,GFDD.DM.11,33.897907,34.751366,16.743542,16.888615,15.163154,25.06676,29.273811,28.250412,20.529905,27.653566,20.289265,13.68234,21.949165,33.347122,26.797176,26.403282,10.119642,24.945248,30.575472,10.322591,26.850351,28.562557,16.314024,18.465326,29.446001,25.498787,35.66779,31.642786,27.181574,29.33899,28.419886
IDA total,,,GFDD.EI.08,4.435397,8.117174,4.1616836,4.17973,7.7018437,2.099016,8.401041,0.6893876,6.704093,3.6621904,3.8900049,2.421834,3.868968,8.175246,9.241,4.2554445,6.794448,4.1090865,4.474924,4.4722996,3.3122084,5.7495303,9.297761,13.930071,7.543459,4.451349,6.753172,6.3539777,12.941861,6.73736,15.287446
IDA total,,,GFDD.OI.02,53.92474,58.813126,57.77892,59.52148,68.43963,37.60385,44.565086,49.369785,41.48752,50.596786,52.09294,41.475872,43.478992,57.350105,49.47386,41.938522,64.243355,65.93794,67.21293,54.858925,77.643585,51.791763,58.71627,54.59558,60.46157,73.9566,44.355198,67.03019,79.33783,69.93452,76.104935
IDA total,,,SH.STA.BRTC.ZS,91.958694,96.45355,98.88279,93.46419,94.036705,97.08064,94.09141,97.559586,79.23168,104.70822,34.47029,96.097244,94.56983,90.629005,89.371155,94.09847,93.188385,96.7264,95.07531,85.417694,48.755165,94.638306,93.86384,98.14412,94.69269,92.19093,94.91932,98.92384,62.08842,109.30305,94.56061
IDA total,,,SL.IND.EMPL.ZS,15.844917,11.802592,11.681118,11.570603,11.45761,11.3932,11.312915,11.340325,11.342576,11.365469,11.357792,11.413813,11.49666,11.637885,11.741293,11.854294,12.08582,12.284239,12.354459,12.644539,12.902182,13.070801,13.372436,13.628788,13.874804,14.144709,14.130429,14.235824,14.418645,14.489966,15.460082
Iceland,Europe & Central Asia,High income,DT.TDS.DPPF.XP.ZS,23.547127,11.194073,17.297163,22.420824,14.061779,5.7246695,23.481377,8.899252,16.52499,15.157728,15.590459,12.351721,16.46371,21.652428,11.46991,15.647427,3.7829244,22.569317,15.358151,6.811061,5.7846775,9.958988,11.946331,21.95727,-1.5010471,10.895476,9.744238,16.173775,13.355625,10.764003,17.630886
Iceland,Europe & Central Asia,High income,EG.ELC.ACCS.ZS,100.0,100.0,100.0,100.0,100.0,100.0,100.0,100.0,100.0,100.0,100.0,100.0,100.0,100.0,100.0,100.0,100.0,100.0,100.0,100.0,100.0,100.0,100.0,100.0,100.0,100.0,100.0,100.0,100.0,100.0,100.0
Iceland,Europe & Central Asia,High income,GFDD.AI.01,14654.311,1086.0256,2515.628,9263.499,4055.118,15007.86,8605.558,7808.9546,4850.3027,9331.248,11178.037,10206.267,10897.064,5892.4375,13278.715,5088.06,9765.98,6452.3906,14375.234,4209.512,5826.4556,3440.6729,7267.3735,5747.732,-5791.7,12201.064,7489.897,7823.461,-1337.822,15125.509,8073.4834
Iceland,Europe & Central Asia,High income,GFDD.DI.04,96.81029,94.49881,96.68893,94.351006,89.61934,92.106636,95.77684,96.51147,98.67823,99.1375,99.3113,99.68093,99.779076,99.92411,99.989494,99.99487,99.98389,99.876335,92.11348,94.935196,94.555336,93.322235,92.961555,92.94328,93.66005,95.92826,98.3012,97.791084,99.64471,99.950554,99.76254
Iceland,Europe & Central Asia,High income,GFDD.DI.05,33.924232,36.3676,37.80098,39.03344,37.46552,37.2485,36.911392,37.138027,38.05187,41.43853,42.01851,42.692238,46.115158,54.98344,56.39408,66.68221,92.46811,86.42777,99.705605,99.85982,86.935524,87.509415,79.884125,78.2981,78.215645,74.55222,65.40236,65.316666,64.909775,64.673065,72.153725
Iceland,Europe & Central Asia,High income,GFDD.DI.06,1.534038,2.770465,1.7501359,3.1387408,5.583577,4.098832,2.231869,2.420834,0.849175,0.62704223,0.6525874,0.3143081,0.2249923,0.0965192,0.016626699,0.0123143,0.0491806,0.3104716,16.9854,10.16964,10.14444,10.872741,10.00168,9.1125555,7.350697,4.258721,1.624786,2.1013012,5.782507,0.045430202,0.2653386
Iceland,Europe & Central Asia,High income,GFDD.DI.11,6.596464,9.046786,27.770147,4.552472,6.0479784,15.940006,4.5628085,0.41451102,10.238511,2.9025671,2.4146724,6.10996,3.4477358,4.2017994,4.354919,6.857818,6.7301717,5.283226,7.8874903,8.056301,8.240356,8.257956,8.303915,8.181843,7.9714675,7.1403494,5.816022,5.774789,5.4060183,5.69302,11.12377
Iceland,Europe & Central Asia,High income,GFDD.DM.11,5.779873,42.587532,31.220228,4.915449,36.233925,8.844355,57.758312,33.98677,24.84015,1.748338,0.94954187,1.416999,1.38345,1.9884919,3.288435,9.977764,29.91567,48.701942,9.919302,9.094597,14.87177,18.60031,23.4643,29.45841,24.95433,4.930585,2.6790311,3.632005,5.202105,6.003776,6.656251
Iceland,Europe & Central Asia,High income,GFDD.EI.08,4.8845887,4.623591,5.0498,6.362096,4.289036,2.4806879,2.6812632,1.970853,1.041916,1.119099,0.581486,1.9000691,1.058058,1.958212,0.4733571,0.7241392,0.66914135,7.618517,5.564828,18.034248,16.59049,15.55981,14.262809,12.845419,14.356979,13.0997,9.829079,6.202568,4.229894,3.5597649,11.15739
Iceland,Europe & Central Asia,High income,GFDD.OI.02,33.1134,35.57304,36.91922,38.10431,36.42704,36.12685,35.80272,36.06653,37.00415,40.3419,41.010708,41.7691,45.21758,54.02649,55.45089,65.69308,91.532326,86.79649,98.14743,96.10069,82.67703,84.489876,76.862595,75.258224,76.10508,72.43608,63.208687,63.03479,62.647404,62.480232,69.6366
Iceland,Europe & Central Asia,High income,SH.STA.BRTC.ZS,100.0,99.9,99.8,99.8,99.8,99.8,99.8,99.8,99.9,99.6,99.3,99.5,99.4,99.4,99.4,99.00001,98.899994,98.899994,98.7,98.799995,98.200005,97.899994,97.799995,98.100006,97.799995,98.200005,97.899994,97.99999,98.200005,97.705574,95.55116
Iceland,Europe & Central Asia,High income,SL.IND.EMPL.ZS,24.030525,25.96,24.68,25.24,25.87,24.94,23.51,24.68,26.63,23.14,22.1,22.910002,22.55,21.66,23.36,21.690002,21.55,20.9,22.0,19.5,18.44,18.55,18.22,18.64,18.430002,17.84,17.46,17.48,16.79,17.470001,21.090818
India,South Asia,Lower middle income,DT.TDS.DPPF.XP.ZS,27.164934,26.761873,25.438427,25.197401,29.722208,30.54465,25.411797,24.540367,22.4906,15.589868,15.378526,12.787372,16.093662,20.437057,7.720648,9.686732,3.0409734,4.086742,4.67089,2.4299316,1.7448088,1.7610881,1.6811883,2.2552671,2.708261,3.0858057,5.0640445,2.783031,4.2326384,2.9079819,5.0939274
India,South Asia,Lower middle income,EG.ELC.ACCS.ZS,86.01596,67.18864,82.940926,50.899998,49.81131,51.408775,53.00352,54.594864,56.182133,60.1,58.72147,55.799995,62.3,64.047485,64.4,67.57981,67.9,71.119865,72.89938,75.0,76.3,67.6,79.9,81.99933,83.8725,88.0,89.2178,92.12495,95.7,97.308266,99.0
India,South Asia,Lower middle income,GFDD.AI.01,-13167.91,4128.999,5029.1025,11434.203,-1045.1066,11736.697,18288.842,-7048.464,7703.5713,6740.2383,6664.675,7096.469,10957.846,12633.808,13573.938,5325.0977,11363.193,8616.238,6646.621,5931.7476,21419.877,5019.781,7408.2515,18047.04,13286.868,11781.78,9965.195,14781.563,7223.2515,11995.03,10231.227
India,South Asia,Lower middle income,GFDD.DI.04,68.433,67.5156,72.12787,72.25532,77.92448,78.024666,77.95024,80.11988,80.371445,82.74776,85.9329,87.33465,91.69994,96.41181,95.567,96.58757,96.26299,96.93966,97.46687,96.45397,93.51624,93.20222,91.84429,92.29584,94.314186,94.667,93.24832,94.43917,93.997665,93.15603,92.11465
India,South Asia,Lower middle income,GFDD.DI.05,42.183838,43.41781,44.14449,44.883488,46.02148,43.54533,44.689407,47.45997,48.90128,51.06471,54.64497,57.73908,62.619415,63.179268,64.63577,68.103905,71.52599,75.10877,78.194855,84.050705,81.307884,80.41277,79.36308,80.588455,79.517784,80.23255,76.67645,76.20414,74.95651,78.41638,90.73869
India,South Asia,Lower middle income,GFDD.DI.06,15.5608,15.945089,13.40824,13.19281,10.07172,9.356389,9.754835,8.889894,8.8661785,8.2030945,7.189449,6.7075896,4.775148,2.024519,2.690573,2.176591,2.4919732,2.11507,1.82338,2.726453,5.064973,5.277175,6.561759,6.218432,4.403048,4.144668,5.402875,4.147094,4.397985,5.2125583,6.820492
India,South Asia,Lower middle income,GFDD.DI.11,10.043061,16.79364,15.06344,5.2120066,11.517855,7.5065656,9.832796,12.460075,9.337266,12.918408,16.9061,7.2684236,10.821977,9.892464,12.432959,13.434681,15.335241,15.210616,17.542276,15.929858,18.322739,18.492996,18.128569,16.41817,16.704008,17.356625,17.369482,17.75884,18.308874,18.905565,10.819344
India,South Asia,Lower middle income,GFDD.DM.11,24.18389,6.6797276,12.894532,-12.207866,11.013779,18.518305,13.191418,-3.7392166,17.182219,0.0220337,0.0499504,0.0658214,0.079950705,0.032141,0.032736998,0.057802897,0.0502623,0.0131878,0.00156,0.0031651,0.0030812,0.0011045,0.0042685,0.007960199,0.0184819,0.0066248,0.00014630001,0.0367062,0.0463385,0.0763281,0.14202009
India,South Asia,Lower middle income,GFDD.EI.08,8.944772,9.453308,10.144409,10.67812,12.07706,10.864479,11.24311,12.44978,12.808479,14.123409,15.80456,17.888159,20.745619,23.100359,22.127338,19.505669,17.96801,18.65901,19.61765,21.21007,18.907919,19.050749,19.636799,19.81741,19.70851,19.68013,23.60148,19.722538,17.7578,18.67956,22.788929
India,South Asia,Lower middle income,GFDD.OI.02,33.22512,34.3531,35.54656,35.75488,36.44267,33.61379,35.079178,37.842377,39.50991,41.21827,45.01665,47.70963,52.044518,52.28664,53.759018,56.686867,59.995407,63.671745,66.48245,71.64175,69.34904,68.974884,68.02185,69.42916,68.59116,68.92553,71.32292,66.48294,64.37984,67.1951,76.54307
India,South Asia,Lower middle income,SH.STA.BRTC.ZS,96.76592,93.649605,87.37823,34.2,91.79072,97.74462,87.86508,79.24588,94.68353,42.300003,42.500004,92.00088,100.66563,91.964516,94.7941,98.73754,46.6,96.30755,52.3,92.344765,91.442055,86.80755,95.3168,102.87954,81.4,100.498886,81.4,100.09908,100.61048,88.62178,90.88391
India,South Asia,Lower middle income,SL.IND.EMPL.ZS,22.164835,15.18,15.24,15.270001,15.430001,15.600001,15.770001,15.770001,15.890001,16.18,16.320002,16.63,16.92,17.5,18.26,18.800001,19.42,20.09,20.42,21.09,21.81,23.1,24.36,24.37,24.45,24.540003,24.74,24.86,24.95,25.12,17.75785
Indonesia,East Asia & Pacific,Lower middle income,DT.TDS.DPPF.XP.ZS,25.621893,23.762033,21.953047,21.448498,19.084768,17.500494,20.258686,13.701746,12.889578,16.678228,11.227182,13.780314,13.72034,12.820053,14.410792,9.941758,15.80952,8.594318,6.3487,7.758212,6.5942335,4.4402914,4.6136837,5.5799155,14.106906,8.169279,9.305099,9.182624,7.857652,10.184348,15.172129
Indonesia,East Asia & Pacific,Lower middle income,EG.ELC.ACCS.ZS,93.77187,48.899998,66.69656,55.43,62.800003,66.86,72.39,80.3,80.939995,83.729996,86.3,86.26,87.6,87.94,89.01,85.03832,90.62,91.1,92.73,93.55,94.15,94.83,96.0,96.46426,97.01,97.53737,97.62,98.14,98.51,98.85,96.95
Indonesia,East Asia & Pacific,Lower middle income,GFDD.AI.01,13639.013,13858.269,9021.886,17340.836,10778.745,13280.951,9816.612,10842.189,12890.612,11742.945,20413.521,16702.85,10666.991,11179.458,7863.9614,4663.005,11241.27,14696.865,11528.546,9294.41,12819.538,17050.785,6126.857,29279.932,11315.838,18288.125,12547.726,17376.62,11978.199,4631.105,9374.746
Indonesia,East Asia & Pacific,Lower middle income,GFDD.DI.04,93.30963,95.18436,94.53174,94.88051,96.42617,98.123634,98.581894,98.60672,93.69257,67.24493,75.001144,70.61464,69.01656,72.85104,74.40115,76.48757,78.36567,82.26376,84.84242,85.79187,87.348045,87.9329,89.34583,90.86077,91.52706,92.44251,93.07801,93.17408,93.61275,93.55871,86.65504
Indonesia,East Asia & Pacific,Lower middle income,GFDD.DI.05,43.63738,44.10328,46.17282,43.685127,45.30562,48.585728,52.69393,55.9991,59.86042,58.38761,53.88266,50.88549,48.17114,47.04136,44.86403,43.25445,41.327057,41.76271,34.93531,30.44925,31.632648,32.69476,34.22274,35.07853,35.0,34.86956,35.8871,35.22059,34.59459,34.17722,38.96104
Indonesia,East Asia & Pacific,Lower middle income,GFDD.DI.06,3.9423878,2.843699,3.0959911,2.81464,2.018211,1.076754,0.8385783,0.9041004,3.7630002,22.67144,17.27273,18.54887,18.77615,14.840631,13.590779,11.60388,9.396811,7.3778,5.473228,4.881184,4.246792,4.294741,4.1503463,3.800576,3.537125,3.2041602,2.967889,2.8960068,2.761581,2.778192,6.8169174
Indonesia,East Asia & Pacific,Lower middle income,GFDD.DI.11,10.823922,6.58216,6.469314,7.934656,6.157316,13.818941,7.4584565,-1.5211202,11.6403,12.414169,13.268622,2.0302308,2.0725675,2.2370725,2.5507278,2.4770696,2.5944517,3.017488,2.5015504,2.9882395,3.4111805,3.5075414,3.825556,3.9454687,4.359531,4.355592,4.662414,5.010881,4.7528915,4.6690564,4.606538
Indonesia,East Asia & Pacific,Lower middle income,GFDD.DM.11,10.910803,18.068996,25.131638,36.733063,9.263243,6.889045,44.918854,16.177912,29.406158,41.812225,25.895262,1.084828,1.100708,1.1121421,0.9790116,0.77240044,0.8498174,0.5778979,0.6848048,0.5774516,0.7789077,0.7569287,1.281415,1.350645,1.008683,1.10218,0.9803017,1.1156449,1.430953,1.254866,1.341481
Indonesia,East Asia & Pacific,Lower middle income,GFDD.EI.08,3.6832669,4.298376,3.7181091,2.979715,2.348503,2.5866222,2.619546,2.897252,2.45529,23.81895,29.585169,24.14397,20.547039,17.029589,13.50626,11.15784,9.2943945,8.276459,6.6001563,6.17775,4.972486,4.347137,4.87679,5.430912,5.394246,6.048709,6.762259,7.1094704,7.616445,7.805068,10.98182
Indonesia,East Asia & Pacific,Lower middle income,GFDD.OI.02,38.888435,39.88495,41.063236,39.23302,40.39954,43.98015,48.41879,51.45041,55.50961,53.00138,48.207317,46.178627,43.69329,42.31125,40.145977,38.78883,36.723217,37.12437,31.171717,31.841467,32.12651,32.567047,34.106728,34.659676,35.18868,35.3913,36.12903,35.441177,34.594597,34.55696,39.740257
Indonesia,East Asia & Pacific,Lower middle income,SH.STA.BRTC.ZS,40.7,31.699999,40.7,94.10387,36.5,49.7,94.0653,43.2,56.0,92.15529,66.9,95.60452,68.399994,66.299995,71.5,88.6664,93.47496,73.0,74.86,94.20543,82.2,92.06469,83.1,87.399994,88.29331,95.424126,92.6,93.25,93.6,94.7,58.58584
Indonesia,East Asia & Pacific,Lower middle income,SL.IND.EMPL.ZS,20.290098,15.19,15.340001,16.450003,19.68,18.41,18.79,18.800001,17.78,17.57,17.44,18.74,18.76,17.710001,18.01,18.76,18.59,18.820002,18.44,18.300001,18.65,19.99,21.07,20.95,21.4,22.040003,21.72,22.02,22.29,22.36,10.461103
"Iran, Islamic Rep.",Middle East & North Africa,Lower middle income,DT.TDS.DPPF.XP.ZS,1.2455164,1.1511251,1.3794966,2.9693189,13.165317,27.133503,26.123844,30.214947,16.725945,16.35598,9.159889,3.5872705,4.6808753,4.5396237,4.483981,4.316109,3.1274967,3.021379,2.4859855,2.0509937,1.7054808,1.2188077,0.3060384,0.39659676,0.48055288,0.670806,2.1346745,0.37814894,0.1492661,0.17758068,0.27909932
"Iran, Islamic Rep.",Middle East & North Africa,Lower middle income,EG.ELC.ACCS.ZS,107.14038,102.356705,102.39293,98.72794,107.04134,94.80963,103.466644,96.26446,92.33287,100.04442,97.9,98.1293,98.23328,98.33202,98.42788,98.52319,98.4,98.7221,98.83105,99.71001,99.49105,99.572655,99.64329,99.83,100.0,99.96001,99.95,99.94,100.0,100.0,100.0
"Iran, Islamic Rep.",Middle East & North Africa,Lower middle income,GFDD.AI.01,11474.921,14886.05,9300.221,13498.082,13761.075,12993.343,14690.388,11838.913,7887.33,17713.783,13173.838,11018.418,14631.205,13634.424,11053.662,10887.146,8180.9033,7966.6963,7091.041,11460.528,5877.439,4195.625,12687.296,12973.763,8197.767,5768.9316,10941.213,5847.8154,13232.961,13994.608,-1380.0963
"Iran, Islamic Rep.",Middle East & North Africa,Lower middle income,GFDD.DI.04,44.008022,48.42734,55.13903,59.35349,50.5248,51.56952,50.237667,56.068546,54.0527,60.15456,74.07891,78.06528,75.23642,79.45369,84.9059,88.70312,91.21494,93.80124,94.832054,95.91993,94.63208,96.02296,96.134254,97.00483,97.2976,96.76356,96.61697,93.361534,82.9781,93.68322,89.73869
"Iran, Islamic Rep.",Middle East & North Africa,Lower middle income,GFDD.DI.05,55.57758,49.39106,45.79411,40.51675,41.05019,38.11742,37.007,39.74945,43.41507,39.38517,37.15509,40.87213,37.8564,39.196938,38.7646,41.5309,47.08846,47.42395,44.24183,53.31754,54.21172,47.418797,58.768414,54.75248,61.735542,77.41667,88.148155,216.61844,125.38235,89.677574,76.85816
"Iran, Islamic Rep.",Middle East & North Africa,Lower middle income,GFDD.DI.06,33.74432,26.52521,20.38805,15.0771,20.15936,16.54161,15.70127,13.461419,15.75739,12.99673,9.5860815,8.759657,9.934614,8.84973,6.5725036,5.094616,4.488841,3.2986748,2.608673,2.236447,3.229807,2.240575,2.384418,1.658802,1.591413,2.2075,2.627407,6.914536,7.153545,9.343836,11.045383
"Iran, Islamic Rep.",Middle East & North Africa,Lower middle income,GFDD.DI.11,6.5745177,23.890919,14.379465,14.770832,12.697576,15.27103,17.50394,14.730593,2.8617988,17.798811,19.611942,19.557508,11.762595,14.897907,24.304237,0.9113154,17.13734,16.16696,23.372711,29.689209,14.7527,8.391755,20.337818,2.2405908,2.6211681,3.0844297,9.949853,11.693048,10.066052,15.309269,25.792812
"Iran, Islamic Rep.",Middle East & North Africa,Lower middle income,GFDD.DM.11,86.6035,121.758415,115.36404,74.628586,140.6618,179.87787,77.447174,100.00227,166.89876,157.29381,219.93643,118.02269,87.27988,140.83679,166.62491,80.70843,161.80501,188.42296,112.34149,187.74394,146.4609,100.78843,123.92603,314.09293,172.11066,179.4887,186.95862,100.62936,168.97136,240.17854,305.84256
"Iran, Islamic Rep.",Middle East & North Africa,Lower middle income,GFDD.EI.08,3.5083733,2.4291039,1.847936,1.13895,0.8539715,0.902164,0.66046476,0.5586109,0.4967431,1.5411011,1.120651,1.0665209,1.071962,1.774752,1.906923,1.630003,1.940289,2.78686,2.594331,3.4273381,4.95618,5.193593,6.9939113,6.970703,8.285711,9.895738,11.344159,3.76817,5.100432,7.9539227,5.7365665
"Iran, Islamic Rep.",Middle East & North Africa,Lower middle income,GFDD.OI.02,43.939247,39.401928,37.85561,33.636528,33.99144,31.39913,30.712069,32.82768,34.838398,31.67122,32.74307,37.32903,34.824287,36.24255,36.183826,39.097538,44.590107,45.010197,40.70699,49.31897,50.212715,44.36137,54.11264,51.81504,58.965878,74.5575,85.25926,48.29405,73.50028,71.77759,53.45574
"Iran, Islamic Rep.",Middle East & North Africa,Lower middle income,SH.STA.BRTC.ZS,105.853424,92.8899,99.594406,91.88122,104.52538,103.19174,105.68431,86.1,99.81679,101.66944,89.6,96.20945,104.24919,97.80895,94.78236,97.3,93.37375,100.15776,95.110596,97.7,96.4,98.5,98.799995,98.799995,99.00001,102.606064,98.95334,100.97945,101.6369,93.196075,98.67965
"Iran, Islamic Rep.",Middle East & North Africa,Lower middle income,SL.IND.EMPL.ZS,31.466158,31.639997,31.61,31.130001,30.85,30.729998,31.320002,30.66,30.130001,29.97,30.0,29.97,30.339998,30.63,30.51,30.37,31.71,32.07,32.27,31.79,32.2,33.030003,33.18,33.290005,33.76,32.53,31.879997,32.04,32.04,31.39,28.662592
Iraq,Middle East & North Africa,Upper middle income,DT.TDS.DPPF.XP.ZS,19.460014,10.890273,20.278568,17.784811,20.116112,13.169754,14.853099,15.782032,9.384892,15.429438,20.711283,16.348732,8.394941,14.223427,17.691357,14.986057,14.564281,13.215571,9.17041,12.806745,12.999213,11.763833,10.931808,12.333318,9.878581,12.701203,18.106638,12.144949,13.937819,12.894111,10.181324
Iraq,Middle East & North Africa,Upper middle income,EG.ELC.ACCS.ZS,103.47949,99.5531,94.6462,96.04792,95.75264,98.75131,97.968994,99.87573,97.240875,93.219604,96.92168,97.0628,97.196335,97.32463,97.45004,97.57492,97.62211,98.1,97.971436,98.11988,98.28097,98.0,99.3,98.86628,99.098434,99.34543,99.6043,99.87207,99.90001,99.992004,100.0
Iraq,Middle East & North Africa,Upper middle income,GFDD.AI.01,6504.161,13809.891,6933.264,5700.7437,6719.5938,6559.5303,20109.38,8540.84,10306.858,1849.3904,14023.878,10590.664,3528.3484,-107.864395,13423.77,7002.357,9540.999,15036.86,7477.9473,4819.7773,1478.6501,4424.2583,8353.058,12017.954,9157.79,7852.938,12598.595,5904.548,12381.801,10247.88,6615.2373
Iraq,Middle East & North Africa,Upper middle income,GFDD.DI.04,83.7884,54.56265,77.7424,70.83748,81.38679,59.688953,40.79132,89.215065,79.48837,55.025692,71.343666,85.50139,91.999,82.60518,22.268251,31.937199,43.4988,51.89468,64.58532,68.26001,79.33561,87.047966,91.021706,92.14793,93.994194,84.029884,70.28749,72.28081,73.52382,76.71047,56.930798
Iraq,Middle East & North Africa,Upper middle income,GFDD.DI.05,53.30564,60.106796,24.941063,55.956066,58.95951,42.106377,35.434597,50.922066,34.572086,55.235252,55.44858,53.595352,39.419987,55.89436,26.96683,20.24653,20.83975,24.50626,23.51808,35.81635,37.88177,34.09517,30.310667,32.66196,33.92799,40.73469,45.634743,40.77885,35.51717,37.35214,59.345097
Iraq,Middle East & North Africa,Upper middle income,GFDD.DI.06,9.355585,9.003899,10.421947,15.131262,8.139058,11.816951,18.955315,13.116057,4.136461,13.956034,9.185322,12.912588,13.366916,-1.3043754,12.033609,8.851885,6.784755,5.280053,2.532246,3.042454,2.773463,1.666198,1.241231,1.007179,0.90878755,4.2462463,10.223809,8.8022375,6.865093,5.864725,21.13671
Iraq,Middle East & North Africa,Upper middle income,GFDD.DI.11,15.977269,14.339396,11.852034,17.074863,18.584743,17.789373,10.267053,10.996014,13.064713,9.11787,4.4989066,11.360756,11.899594,5.0004673,20.196743,13.527755,14.043693,16.75669,38.188904,17.709211,11.8662615,16.152319,13.241876,20.902016,18.572456,22.674604,22.887829,24.839262,12.683529,18.893156,18.39521
Iraq,Middle East & North Africa,Upper middle income,GFDD.DM.11,100.6734,96.92943,102.65939,72.60305,103.031525,77.1532,10.670142,66.570404,74.706116,68.34978,73.74556,65.724724,63.955914,95.28349,102.88165,96.18287,71.27544,92.140915,53.142433,61.133575,60.17075,91.56555,68.2933,198.54465,112.550674,75.37213,141.18591,136.47154,94.18914,40.588116,126.27993
Iraq,Middle East & North Africa,Upper middle income,GFDD.EI.08,9.781434,4.1640744,8.077502,5.9508233,7.235875,7.6789813,7.372993,3.8538573,7.336498,7.6569486,6.448987,7.6582212,4.2474294,6.202082,8.687136,4.8898735,3.9431863,5.2066755,4.3023686,7.105595,5.55173,5.486163,9.819087,7.0284724,11.755734,9.605329,6.3527365,6.2988396,8.309704,12.131747,6.685934
Iraq,Middle East & North Africa,Upper middle income,GFDD.OI.02,41.910164,28.12731,41.966114,28.073893,39.107292,21.488438,36.975704,34.361954,31.468458,28.147295,19.819939,41.548424,34.92432,33.78234,13.7254,7.430562,8.3254385,11.617681,11.57426,19.10383,22.82594,21.04455,18.276562,19.87064,20.740671,23.84146,24.37699,23.033352,20.41497,20.12508,29.623047
Iraq,Middle East & North Africa,Upper middle income,SH.STA.BRTC.ZS,93.96326,98.967636,95.992455,96.22267,93.12656,103.58674,90.081116,94.0238,97.38638,97.988976,65.2,102.2148,95.41748,95.44968,100.6114,95.85846,88.5,79.7,97.77803,98.58249,99.7786,90.899994,70.4,94.00033,96.83903,98.09307,102.21308,98.10508,95.600006,100.109184,99.38565
Iraq,Middle East & North Africa,Upper middle income,SL.IND.EMPL.ZS,17.045689,18.23,18.300001,18.27,18.23,18.22,18.6,19.12,19.710001,20.780003,20.74,20.53,19.63,19.77,19.03,19.74,20.560001,20.450003,21.060001,20.820002,21.65,22.02,23.13,23.37,23.39,22.72,23.61,23.22,22.81,22.930002,24.674183
Ireland,Europe & Central Asia,High income,DT.TDS.DPPF.XP.ZS,31.880846,20.740286,7.6288567,10.789355,18.911442,13.341373,22.647835,10.267294,21.969852,18.092125,20.860657,13.796295,11.47771,17.878304,24.590084,15.535119,15.289483,14.811843,10.890845,13.819954,21.493212,17.676132,26.471838,13.929729,8.114185,20.262962,16.051714,23.939325,15.880645,27.45663,16.05449
Ireland,Europe & Central Asia,High income,EG.ELC.ACCS.ZS,100.0,100.0,100.0,100.0,100.0,100.0,100.0,100.0,100.0,100.0,100.0,100.0,100.0,100.0,100.0,100.0,100.0,100.0,100.0,100.0,100.0,100.0,100.0,100.0,100.0,100.0,100.0,100.0,100.0,100.0,100.0
Ireland,Europe & Central Asia,High income,GFDD.AI.01,77328.016,52752.832,85509.83,38454.29,43109.562,36649.164,39707.145,62252.676,24144.432,38534.457,43246.14,47900.484,38073.06,52631.016,46040.105,58879.953,29929.906,26156.846,30167.877,35397.645,24066.06,65916.805,44862.9,37877.375,53494.11,47624.258,34076.695,42921.85,41255.684,35507.332,69900.28
Ireland,Europe & Central Asia,High income,GFDD.DI.04,97.06508,97.804794,97.98629,98.28244,98.75623,99.46176,99.65486,99.727325,99.77561,94.12029,91.61486,99.96883,92.5833,99.978485,99.99643,99.988014,99.9849,99.96999,99.84148,99.66682,99.06905,98.94883,98.995636,86.18245,82.87333,79.12068,75.56145,75.720604,77.13502,77.09964,71.99678
Ireland,Europe & Central Asia,High income,GFDD.DI.05,42.367268,42.85978,42.99538,49.49839,50.53489,68.1591,72.12024,74.47831,75.69728,99.67343,81.748985,84.8586,86.809364,88.74541,95.53628,101.325806,118.4586,128.0146,136.3562,151.9538,147.5063,132.41151,126.7826,130.2908,129.747,98.772835,104.3135,98.17092,93.93086,98.67864,116.585205
Ireland,Europe & Central Asia,High income,GFDD.DI.06,1.6621481,1.165406,1.099291,0.8876433,0.66478276,0.4234103,0.2780237,0.24150379,0.2083846,5.9656467,2.6790712,0.0237532,4.8680854,0.019233901,0.0038398001,0.0152665,0.0221722,0.047699,0.2669756,0.5845917,1.496747,1.49345,1.404454,18.5847,18.87049,15.96005,17.85431,16.01684,13.6709,11.988191,14.648581
Ireland,Europe & Central Asia,High income,GFDD.DI.11,106.92274,112.98741,68.80165,112.39694,89.38237,102.46633,132.60194,105.52168,128.99925,110.51858,109.41289,98.40611,53.73361,60.314598,69.315544,81.03462,91.58706,94.91231,100.9184,125.91349,134.50572,125.213585,125.27613,120.579865,124.4094,98.124146,100.109535,95.32232,86.33781,90.977615,91.41536
Ireland,Europe & Central Asia,High income,GFDD.DM.11,323.55273,280.95892,278.82416,264.3942,376.97778,328.605,268.20624,326.51968,309.54834,364.14288,293.5521,369.20288,413.43704,391.51062,406.35318,377.13242,450.9502,489.22488,433.18118,386.68988,329.00424,387.66455,373.66043,356.73788,350.6164,417.04614,331.24734,410.42502,490.5669,321.41284,361.70944
Ireland,Europe & Central Asia,High income,GFDD.EI.08,7.324778,7.091949,7.8105764,7.09084,7.387793,8.467781,6.731777,6.0806284,5.813692,8.102171,5.1549025,4.392691,3.689037,3.6262739,3.04044,2.7051191,2.256697,0.8550287,1.8399961,5.6211753,25.940609,24.88069,27.09433,11.515439,10.66824,7.363773,6.785947,5.686954,5.29317,4.359847,5.2195354
Ireland,Europe & Central Asia,High income,GFDD.OI.02,37.166798,37.79018,38.113827,44.49677,45.540638,63.307495,67.29144,69.68665,70.89812,84.65463,90.955345,68.79325,67.15835,71.434166,73.7028,77.58284,91.931465,96.45048,99.603264,109.987,102.1636,96.346176,93.48481,99.55689,86.45901,71.55974,75.21125,71.71946,66.43479,69.700386,75.6523
Ireland,Europe & Central Asia,High income,SH.STA.BRTC.ZS,95.22263,101.59033,96.079025,104.08649,101.776695,99.97304,99.55078,95.37842,96.362114,99.5,99.6,99.6,99.5,99.6,99.7,99.7,99.7,99.7,99.8,99.8,99.8,99.8,99.8,99.8,99.7,99.7,99.7,94.35233,101.83938,105.41512,103.8749
Ireland,Europe & Central Asia,High income,SL.IND.EMPL.ZS,23.951372,27.47,27.29,27.15,27.84,27.780003,27.33,28.55,28.68,28.300001,28.46,28.930002,27.62,27.74,27.6,27.6,27.77,25.77,23.29,19.85,18.09,17.450003,16.98,17.23,17.300001,18.11,18.55,18.84,18.81,18.77,29.75222
Isle of Man,Europe & Central Asia,High income,DT.TDS.DPPF.XP.ZS,16.258728,12.682192,21.657494,15.625814,8.449185,21.030521,8.789282,17.918964,6.886062,8.149777,12.469949,10.249524,10.355571,11.546576,7.82128,14.762869,11.503473,12.303295,8.144112,11.084541,12.05873,9.069627,14.780842,10.225813,8.606614,9.475462,10.994702,8.159709,9.637315,11.038662,11.0961485
Isle of Man,Europe & Central Asia,High income,EG.ELC.ACCS.ZS,100.0,100.0,100.0,100.0,100.0,100.0,100.0,100.0,100.0,100.0,100.0,100.0,100.0,100.0,100.0,100.0,100.0,100.0,100.0,100.0,100.0,100.0,100.0,100.0,100.0,100.0,100.0,100.0,100.0,100.0,100.0
Isle of Man,Europe & Central Asia,High income,GFDD.AI.01,10403.315,18763.293,7523.3975,11127.306,10580.522,9702.314,13580.268,10757.784,15076.047,18629.977,11657.387,14680.153,9373.14,8876.973,9564.273,7984.2666,2851.568,7782.038,9829.743,11165.298,13945.394,12814.855,8876.692,12544.139,8891.832,13842.784,4291.6465,12548.01,8396.369,6726.8394,15259.961
Isle of Man,Europe & Central Asia,High income,GFDD.DI.04,42.39119,61.521633,35.595562,57.86348,71.89066,44.498528,74.01743,39.205963,57.514465,39.11961,25.739956,52.559406,59.688564,61.928295,61.10692,40.608517,58.978832,69.36336,59.62736,78.776535,55.41282,64.227036,73.87036,61.86028,68.35179,65.644325,51.481716,78.36589,31.581266,59.748283,69.85073
Isle of Man,Europe & Central Asia,High income,GFDD.DI.05,60.80709,69.33578,82.58517,59.99041,55.318993,64.8831,67.930885,74.10243,77.25904,61.7158,102.612885,69.87315,81.062706,87.32895,56.382755,83.39023,52.83534,62.341454,77.64941,62.842396,79.35611,78.104095,71.91853,84.16733,52.23304,86.09335,70.08051,81.54928,90.09241,85.719765,75.35172
Isle of Man,Europe & Central Asia,High income,GFDD.DI.06,14.454835,22.216043,10.147281,17.9463,9.17085,9.025447,6.651912,16.822657,16.41956,11.2009735,3.917765,17.509214,11.116748,9.815344,15.375801,5.7745404,7.011846,9.364481,12.584395,11.030646,12.372408,29.987865,13.325405,5.503619,11.976494,12.706515,7.7770834,16.683321,14.330639,5.594476,21.624996
Isle of Man,Europe & Central Asia,High income,GFDD.DI.11,10.093915,3.9222088,4.1091857,11.7564,0.81004727,3.8049314,2.4232183,3.4576144,11.256655,-6.890236,5.313529,8.7245245,3.2358446,-1.03261,9.856171,3.1934643,2.5620031,3.144682,0.5365262,2.44062,5.412815,3.8771615,9.577094,3.0701575,2.908878,4.6849747,2.166022,4.0612917,2.1532304,3.398714,10.707736
Isle of Man,Europe & Central Asia,High income,GFDD.DM.11,60.79746,77.73917,101.0485,68.94845,54.5413,69.745995,48.123367,50.047585,57.79795,55.40375,51.897068,66.84825,55.765015,80.58036,60.34055,85.62153,88.33143,77.107445,58.727432,78.99784,74.2137,79.00771,92.148796,74.24593,78.84899,44.091877,77.29501,76.206505,77.37763,76.66823,66.147125
Isle of Man,Europe & Central Asia,High income,GFDD.EI.08,7.8424535,9.300917,8.749624,9.199198,6.2604537,5.4484277,7.494741,4.758118,5.8248043,11.344414,4.109962,6.004167,7.6532702,8.375638,6.0435667,6.621389,8.1835985,8.16337,3.437972,9.818182,7.56426,10.676013,7.7527804,9.975822,8.43317,5.733198,7.0721397,7.0931225,5.3367324,6.5302396,8.842306
Isle of Man,Europe & Central Asia,High income,GFDD.OI.02,27.171576,33.892445,17.131084,22.465082,50.560528,30.893274,37.11603,25.01933,37.86682,32.75753,20.693632,28.006792,35.344612,27.434053,35.94739,37.86302,39.289394,44.44054,25.689913,46.793247,39.97632,45.257103,36.347168,49.444763,42.53171,46.44006,-5.36197,48.88407,53.973854,36.892933,37.4686
Isle of Man,Europe & Central Asia,High income,SH.STA.BRTC.ZS,47.747658,100.79869,99.539604,92.71977,95.74333,99.35923,97.397285,101.5907,93.43277,92.92091,71.50205,93.82233,100.69944,90.887344,94.34243,96.5064,92.580765,96.48485,100.616936,82.48108,81.43067,100.83142,101.243385,97.679565,99.50936,89.3441,102.0159,98.017784,82.73587,102.86136,92.44635
Isle of Man,Europe & Central Asia,High income,SL.IND.EMPL.ZS,14.004499,16.106327,13.493722,15.223629,9.945076,13.636032,17.350374,15.288362,14.58286,11.445355,15.795687,9.667949,14.138889,13.329404,12.590672,15.067398,13.013259,11.795967,13.3572035,14.785847,16.611643,14.611011,15.516608,14.023233,15.770905,12.625403,12.979969,11.817937,15.342839,9.648281,20.864895
Israel,Middle East & North Africa,High income,DT.TDS.DPPF.XP.ZS,15.078347,9.236603,20.853441,14.838361,12.243059,14.309622,29.984102,12.188189,8.352817,16.914766,11.997441,10.64152,12.809281,3.8935282,3.6688952,23.780083,7.577321,11.086692,4.299033,19.737783,16.914036,10.084314,7.429021,8.307497,15.734274,4.219024,11.9024725,9.621102,11.191579,16.263302,16.935036
Israel,Middle East & North Africa,High income,EG.ELC.ACCS.ZS,100.0,100.0,100.0,100.0,100.0,100.0,100.0,100.0,100.0,100.0,100.0,100.0,100.0,100.0,100.0,100.0,100.0,100.0,100.0,100.0,100.0,100.0,100.0,100.0,100.0,100.0,100.0,100.0,100.0,100.0,100.0
Israel,Middle East & North Africa,High income,GFDD.AI.01,8197.028,19798.64,-44.02315,18920.404,42961.016,10966.575,10139.78,6206.132,11317.627,9940.559,8297.799,10972.546,6323.401,11416.883,2592.494,4844.8276,7939.705,5182.8066,1026.2845,1024.4703,1066.9326,1055.1357,944.02277,951.72,931.4795,1004.41644,989.80896,1119.5159,1108.1028,1072.7017,1075.1089
Israel,Middle East & North Africa,High income,GFDD.DI.04,97.18284,88.96156,100.39585,104.3803,97.37768,95.931564,96.026985,96.339066,96.7623,97.056305,97.202705,97.5361,97.94148,98.07637,98.40057,98.87815,99.05362,98.67132,99.51765,97.40236,97.80639,97.948135,97.781425,98.09148,98.549545,98.84306,99.04104,99.29773,99.53901,99.78915,95.982025
Israel,Middle East & North Africa,High income,GFDD.DI.05,97.750656,92.98724,71.66481,104.33618,98.45632,67.5173,72.69785,74.244064,79.77078,83.76255,81.261566,87.311104,89.48651,88.6452,87.449936,92.271965,90.42342,93.135475,97.45152,97.939316,73.79617,76.85198,77.21222,78.5461,84.0474,83.58839,84.1272,84.765884,84.18358,85.38827,105.0306
Israel,Middle East & North Africa,High income,GFDD.DI.06,3.9238796,3.2033272,0.9924831,9.720806,2.2984385,3.570863,3.498824,3.081871,2.7876081,2.5598261,2.3201082,2.218207,1.92621,1.7366569,1.4413381,1.067165,0.8659925,1.376874,0.4977102,2.640342,2.255518,2.101351,1.7287351,1.441375,1.0948039,0.88309234,0.7233756,0.51608133,0.3414645,0.1536376,3.3668242
Israel,Middle East & North Africa,High income,GFDD.DI.11,42.665817,45.58698,38.980755,52.2635,44.87999,24.372967,44.43576,26.308945,43.82267,23.745993,36.426582,55.15065,45.472614,25.08128,26.067848,27.852346,27.929152,28.500233,26.006126,30.794226,32.230377,31.140173,32.957977,34.25691,35.574993,35.98802,36.30462,38.512173,38.666134,41.301422,44.422626
Israel,Middle East & North Africa,High income,GFDD.DM.11,17.467533,29.1064,15.982789,35.54521,16.375427,21.77111,19.103756,38.386692,32.497112,3.079998,3.7019498,4.652963,7.385118,9.02566,10.012119,11.9912195,14.28899,14.06013,9.4714985,11.58371,12.107961,11.160231,13.364551,13.37796,14.7161,17.82262,17.993809,18.22975,17.1438,17.98504,17.75142
Israel,Middle East & North Africa,High income,GFDD.EI.08,42.4278,37.75136,34.20823,30.996109,25.9956,23.09272,22.05032,16.70806,14.47477,12.779319,8.233208,7.976209,7.9381285,8.529293,9.206094,9.682111,9.030177,10.22495,10.004589,9.379132,8.973198,9.509804,8.599981,8.469697,8.602101,8.993052,9.395988,7.757751,7.784083,7.831706,11.858669
Israel,Middle East & North Africa,High income,GFDD.OI.02,112.527466,95.33482,89.720245,109.78357,89.77942,59.86265,65.217415,67.01062,73.024216,76.38679,74.05857,79.16677,82.52421,80.545235,79.89665,83.5083,81.71545,84.251656,86.69511,85.756424,84.60584,88.1966,66.445045,68.468414,71.71886,72.770355,74.92051,75.8693,73.96048,74.90937,93.536285
Israel,Middle East & North Africa,High income,SH.STA.BRTC.ZS,97.65564,70.33162,88.304665,85.876976,94.35191,85.540184,97.759384,94.90089,77.81351,96.45082,97.067665,92.02595,88.1659,91.66186,96.17637,94.375725,92.49903,101.12885,94.43965,94.469284,94.12123,106.67657,94.65677,92.916405,76.59504,83.10697,94.523155,95.442856,91.93403,99.847336,89.36739
Israel,Middle East & North Africa,High income,SL.IND.EMPL.ZS,24.507038,25.76,25.51,25.55,25.62,25.08,24.55,24.0,23.430002,22.85,22.42,21.7,21.080002,20.59,20.170002,19.77,19.47,19.190002,18.81,18.33,18.080002,17.83,17.49,17.74,17.68,17.580002,17.5,17.38,17.29,17.23,29.145397
Italy,Europe & Central Asia,High income,DT.TDS.DPPF.XP.ZS,12.048559,38.586994,20.942862,16.328497,25.160109,9.64941,20.301455,21.674227,18.067467,25.457184,13.41993,13.740341,12.546081,10.038411,25.31871,19.979918,18.782879,1.1037573,42.0511,18.020668,10.019418,14.900617,14.642066,24.33785,-5.7830815,11.958274,23.529661,11.048878,31.33721,27.472673,16.939962
Italy,Europe & Central Asia,High income,EG.ELC.ACCS.ZS,100.0,100.0,100.0,100.0,100.0,100.0,100.0,100.0,100.0,100.0,100.0,100.0,100.0,100.0,100.0,100.0,100.0,100.0,100.0,100.0,100.0,100.0,100.0,100.0,100.0,100.0,100.0,100.0,100.0,100.0,100.0
Italy,Europe & Central Asia,High income,GFDD.AI.01,810.70886,2759.7644,-5300.371,7164.0977,4076.467,8446.17,8579.298,3980.955,6709.2017,8054.4893,7227.0303,3910.7632,9116.814,15803.707,684.60394,679.603,687.19147,696.9659,2944.7502,4645.228,2938.2417,278.06757,626.49677,659.0975,665.7297,684.80914,698.5039,667.5973,720.6049,690.9686,715.3046
Italy,Europe & Central Asia,High income,GFDD.DI.04,87.29253,89.07185,88.91977,88.72752,87.83554,87.881,89.89481,89.770515,91.17426,92.47439,98.9467,93.57073,95.669014,95.22144,94.82542,94.66906,94.96537,96.1114,96.460075,96.31368,96.531044,95.98164,95.32596,95.06961,94.502655,91.34827,86.84013,82.48066,81.864334,80.550354,75.513855
Italy,Europe & Central Asia,High income,GFDD.DI.05,60.468388,60.56327,60.620914,63.274624,60.899452,57.75809,55.797607,50.40773,48.69423,110.82848,53.514904,55.1795,58.67033,62.32812,62.61774,64.14076,65.27505,74.59953,77.79076,84.243,81.24293,78.871155,83.162674,85.74751,87.98667,90.33267,92.41309,93.960594,94.892555,98.79563,118.61
Italy,Europe & Central Asia,High income,GFDD.DI.06,9.910702,9.081506,9.947176,10.4172,11.08278,10.40269,8.342606,8.234442,7.091249,13.941531,12.587398,5.222007,3.478058,4.0597553,4.487441,4.803902,4.744218,4.269835,3.962509,4.426283,4.4478297,5.206822,6.459344,6.848613,7.603185,12.118569,18.60779,24.255241,24.80289,26.233728,39.89299
Italy,Europe & Central Asia,High income,GFDD.DI.11,32.052097,41.261864,18.488752,34.587936,44.297173,59.52559,34.742283,50.183994,42.672024,21.761742,23.744417,24.554556,25.339808,27.763811,30.712467,35.803253,35.159508,31.408813,29.513659,33.648438,31.57162,30.20799,31.978956,36.302437,42.04146,46.274124,48.378727,48.927017,49.500244,53.28711,61.710445
Italy,Europe & Central Asia,High income,GFDD.DM.11,32.25799,37.79853,33.068813,33.85582,54.995167,18.808031,17.229774,30.56593,12.813524,26.96862,26.776659,27.04835,27.6598,29.624529,30.474949,32.00238,33.94825,32.94398,29.14524,36.10057,33.70319,27.895592,28.09216,26.82522,25.39889,28.50319,28.71822,32.78164,29.737411,33.8341,41.76245
Italy,Europe & Central Asia,High income,GFDD.EI.08,32.049908,28.741646,45.83403,20.225245,24.913895,23.065603,29.772581,35.55795,26.724676,44.25953,30.438171,15.884219,14.9495,15.772209,14.825669,14.75387,14.02491,24.017488,24.435558,28.271,30.885641,30.44756,38.131542,41.35343,42.216274,40.75663,38.26029,34.27551,36.25399,35.62998,40.882885
Italy,Europe & Central Asia,High income,GFDD.OI.02,52.963318,53.0626,52.67703,55.184998,52.4839,49.51959,47.81316,42.13656,40.310448,89.524994,101.28399,50.36836,53.856667,56.9571,56.466137,57.40004,58.05222,67.36761,69.84607,75.70375,72.482925,69.96178,73.86163,75.6204,77.56994,79.22766,80.86927,82.146965,82.53496,85.3179,102.949196
Italy,Europe & Central Asia,High income,SH.STA.BRTC.ZS,94.25582,93.81019,98.74061,106.19477,102.126724,95.116806,86.55847,95.449326,95.34675,100.732155,99.8,93.85825,99.6,99.6,99.8,99.8,99.8,99.6,99.8,99.8,99.9,99.9,96.958015,99.9,99.9,99.9,99.9,97.735275,107.256966,106.56122,102.964935
Italy,Europe & Central Asia,High income,SL.IND.EMPL.ZS,30.009253,34.96,34.63,34.11,33.76,33.66,33.35,32.62,32.73,32.380005,31.79,31.740002,31.6,31.770002,30.84,30.680002,30.05,30.130001,29.800001,29.24,28.61,28.29,27.58,27.05,26.9,26.6,26.12,26.0,26.1,25.87,30.179028
Jamaica,Latin America & Caribbean,Upper middle income,DT.TDS.DPPF.XP.ZS,27.074532,29.765364,28.811792,20.907398,18.03575,17.81193,17.842262,16.364502,12.348649,14.98391,15.425081,19.45403,23.732336,21.825314,19.615639,20.990025,14.272622,18.777023,15.751232,29.26832,19.615635,27.297142,22.83569,22.818823,28.481785,27.54152,37.288033,24.451183,18.123646,32.54512,32.872692
Jamaica,Latin America & Caribbean,Upper middle income,EG.ELC.ACCS.ZS,70.33458,77.22887,78.03292,78.836296,79.63831,80.43829,85.70605,82.0294,82.819176,84.55411,84.394135,87.708115,86.68129,86.60857,87.33781,88.066505,88.79708,89.53218,92.0,91.02678,92.2,91.1,93.1,93.9,93.3,94.9,96.73798,97.60958,98.48712,99.36762,100.0
Jamaica,Latin America & Caribbean,Upper middle income,GFDD.AI.01,4030.7766,6732.3726,7064.0874,18831.18,8259.541,12726.239,5450.982,3095.0737,5437.094,5975.9155,15826.905,6540.9556,10570.266,10536.6455,8894.48,28345.81,2696.9556,10398.523,6610.2305,1943.4325,4487.902,1402.4268,-1907.7054,17088.832,11074.371,9772.844,6374.444,6518.131,4576.1406,5347.91,7543.4277
Jamaica,Latin America & Caribbean,Upper middle income,GFDD.DI.04,79.654755,86.87115,92.10523,84.67424,88.58222,81.84238,80.73552,69.85442,68.16915,68.72406,73.142365,75.83383,77.5457,76.02031,75.49889,78.606186,79.56181,84.764534,81.37135,78.65957,84.480095,84.77187,86.30932,84.94082,79.31819,83.207886,84.688736,85.316315,84.8265,85.370445,81.239334
Jamaica,Latin America & Caribbean,Upper middle income,GFDD.DI.05,61.951855,60.521603,57.27366,44.47975,43.02819,42.980667,44.30478,47.5933,47.80834,48.306538,40.28453,52.12532,49.08501,46.48216,47.35321,45.67271,47.24047,47.114258,44.204277,44.76186,43.67598,42.542107,43.65915,45.19733,44.81114,47.20844,50.46861,52.3932,53.79356,56.50223,71.28474
Jamaica,Latin America & Caribbean,Upper middle income,GFDD.DI.06,9.760838,5.138094,3.037436,5.12967,4.103675,6.791526,7.558609,13.37299,15.94477,16.501268,14.18419,13.2412195,12.163819,14.35183,13.67213,11.61791,11.065539,8.328146,10.73795,12.44931,7.775292,7.4948096,7.1238527,7.8070664,10.78572,8.484588,8.0444975,8.963499,9.670992,9.993373,15.82128
Jamaica,Latin America & Caribbean,Upper middle income,GFDD.DI.11,19.77457,14.778509,31.33268,30.268232,26.454865,23.095062,23.017387,15.032145,22.60734,17.010345,28.71618,10.204176,11.746833,13.424808,17.38235,15.978561,16.532942,16.773064,17.101046,18.602976,19.414236,19.470669,21.27842,21.438087,20.86632,20.78343,20.886148,20.58548,19.948196,20.398663,23.422316
Jamaica,Latin America & Caribbean,Upper middle income,GFDD.DM.11,39.61129,36.17132,26.352055,18.677856,33.953106,34.018932,36.759983,19.172178,4.08215,35.255585,13.5134735,49.639618,51.499966,31.455202,26.010456,92.942726,46.582497,28.641779,38.605274,2.518607,4.874493,4.8715286,8.298081,9.687684,13.448701,15.0097,18.50014,17.85726,16.26283,15.11901,16.67422
Jamaica,Latin America & Caribbean,Upper middle income,GFDD.EI.08,6.66279,5.1143703,12.251249,7.483225,12.25773,9.27762,11.77601,12.5234995,10.78003,12.400489,13.063959,28.59923,27.2838,27.14592,22.124138,21.70908,19.63687,19.027988,16.712759,17.283989,15.918468,14.930779,15.92709,14.2758,12.043499,11.959079,12.477349,11.500959,11.58445,10.44714,12.7142
Jamaica,Latin America & Caribbean,Upper middle income,GFDD.OI.02,42.78174,39.94679,45.13099,35.61552,35.88614,35.91398,33.38746,34.48211,33.854908,33.89948,34.28861,42.150867,43.588528,41.788708,42.53273,40.41769,41.467438,42.140396,39.431477,40.690678,39.597576,38.390858,39.587856,41.214508,40.792137,42.860725,45.667698,47.33302,48.3191,50.73663,63.7403
Jamaica,Latin America & Caribbean,Upper middle income,SH.STA.BRTC.ZS,87.92523,101.55723,100.54368,93.4,99.34845,97.10017,90.0,94.6,104.0575,106.75992,95.9,98.5,96.9,97.4,95.66695,96.7,94.49999,93.0,98.3,98.3,90.1,99.100006,101.02863,98.29801,101.25286,99.9,99.7,107.05058,96.37615,94.80221,95.15716
Jamaica,Latin America & Caribbean,Upper middle income,SL.IND.EMPL.ZS,18.183619,19.18,19.080002,19.210001,19.01,20.210001,20.320002,18.66,18.27,17.98,16.99,17.14,17.31,17.450003,18.26,17.77,17.76,17.05,16.78,16.37,16.23,16.060001,15.460001,15.220001,14.939999,14.929999,15.660001,15.700001,16.1,16.18,14.335457
Japan,East Asia & Pacific,High income,DT.TDS.DPPF.XP.ZS,8.890124,14.768632,7.8368363,6.1090846,9.429172,9.767158,12.659037,9.524485,2.2103658,9.319692,13.651123,4.800515,2.1216977,20.047752,9.312907,7.6827593,0.7140407,5.831165,0.6959581,7.205934,9.742606,8.617964,9.4093275,7.1761713,14.608426,8.386947,6.203304,9.647051,14.223573,15.481012,26.581348
Japan,East Asia & Pacific,High income,EG.ELC.ACCS.ZS,100.0,100.0,100.0,100.0,100.0,100.0,100.0,100.0,100.0,100.0,100.0,100.0,100.0,100.0,100.0,100.0,100.0,100.0,100.0,100.0,100.0,100.0,100.0,100.0,100.0,100.0,100.0,100.0,100.0,100.0,100.0
Japan,East Asia & Pacific,High income,GFDD.AI.01,6535.4414,20034.576,12645.171,17920.074,9405.299,25680.072,18008.2,12137.283,14667.889,4975.202,8394.07,12862.178,17307.03,9159.765,12458.284,10173.505,13416.553,12703.685,16180.171,14794.526,10563.938,8116.3086,13959.822,13443.189,17188.045,18866.68,12317.578,11261.552,7799.1777,14368.644,18082.002
Japan,East Asia & Pacific,High income,GFDD.DI.04,97.96806,98.6126,98.34931,98.208374,98.21733,98.03183,97.631256,97.1346,94.46829,94.90136,95.70247,90.80458,89.80464,89.06247,88.76794,88.779274,90.75845,91.68465,92.68887,92.15414,91.98896,90.69849,88.90327,83.62617,78.62007,73.527916,68.705055,67.63463,66.053795,65.28902,64.88221
Japan,East Asia & Pacific,High income,GFDD.DI.05,185.6204,184.0579,185.4249,193.5276,195.4646,199.3811,201.6573,209.73431,219.9453,229.1363,229.72711,187.8577,192.5721,192.7595,192.6706,191.5435,190.5936,190.9947,195.14081,197.99571,197.70581,207.05641,209.8007,214.2713,215.8782,213.7419,216.7663,244.0907,248.07031,252.466,280.6681
Japan,East Asia & Pacific,High income,GFDD.DI.06,4.701852,3.161882,3.863605,4.321096,4.302468,4.807769,5.844328,6.04789,12.66059,11.92601,10.1183195,14.730089,16.11599,17.88476,18.29558,18.79942,15.17576,13.324491,12.30293,15.000219,15.502589,18.76283,22.930721,35.206627,47.2687,57.835354,71.62448,74.66866,78.18503,81.424995,92.23851
Japan,East Asia & Pacific,High income,GFDD.DI.11,38.954292,34.379536,35.571747,38.038246,36.640068,39.33946,39.155132,38.9112,62.050632,65.84357,64.82789,65.58778,66.4088,67.427704,68.284744,74.15746,73.86435,72.5224,69.34132,70.392006,69.0013,71.16961,74.438774,74.44118,76.60752,73.820366,74.66186,74.63019,73.89869,76.215294,80.195114
Japan,East Asia & Pacific,High income,GFDD.DM.11,93.31602,30.702625,40.43955,173.31352,61.341564,91.21793,72.25432,63.588764,45.026234,21.63751,21.01762,24.285099,28.298988,32.01324,33.61816,35.316708,39.83482,42.580883,38.81166,42.57146,45.60971,43.53246,45.79782,42.82143,43.075527,48.20229,47.43287,49.2859,48.38345,51.230988,59.36826
Japan,East Asia & Pacific,High income,GFDD.EI.08,56.18832,55.48587,57.650673,61.93046,63.942993,67.50475,69.893875,23.69276,27.954271,34.12094,43.624054,40.166313,43.99203,51.833252,53.917072,54.12353,56.191044,55.39683,62.00869,74.43904,51.008297,70.697075,74.14056,59.583073,71.161934,59.83912,54.949074,51.29782,47.00379,45.308792,52.041363
Japan,East Asia & Pacific,High income,GFDD.OI.02,177.41,176.1953,177.7297,185.2816,187.1764,190.39171,192.2827,200.3199,209.3307,217.9546,217.5075,178.15291,181.72949,182.6421,181.8625,181.2075,179.06671,178.90862,184.3094,200.119,199.3458,208.44711,211.65012,215.40201,216.85681,214.47571,218.6006,221.335,224.3427,228.3845,254.1537
Japan,East Asia & Pacific,High income,SH.STA.BRTC.ZS,99.9,96.99712,101.06572,100.568794,96.55666,99.9,100.0,100.27597,108.77679,83.39492,99.8,99.8,99.8,99.8,99.8,99.8,99.8,99.8,99.8,99.8,99.8,99.8,99.8,102.30422,99.8,99.9,99.8,99.9,99.9,110.252525,100.09036
Japan,East Asia & Pacific,High income,SL.IND.EMPL.ZS,29.812757,34.59,34.770004,34.44,34.19,33.7,33.43,33.26,32.22,31.859999,31.42,30.7,29.94,29.150002,28.430002,27.98,27.74,27.5,27.190002,26.15,25.560001,25.34,25.27,25.26,25.08,24.97,24.7,24.63,24.430002,24.22,36.062008
Jordan,Middle East & North Africa,Upper middle income,DT.TDS.DPPF.XP.ZS,22.116129,24.594011,24.456907,19.440035,17.377497,15.491069,24.982536,21.678389,21.294928,13.027931,14.349357,13.632195,11.453373,21.142794,10.232465,7.8536024,7.0218773,6.696653,19.403234,4.66987,4.6161165,5.093209,4.9888206,4.811164,6.926418,12.596493,15.052041,9.66368,10.00331,14.646049,22.239359
Jordan,Middle East & North Africa,Upper middle income,EG.ELC.ACCS.ZS,96.799995,97.85468,97.97486,98.09436,98.2125,98.3286,98.44198,98.9,98.65785,98.75891,98.93427,98.978065,99.5,99.04525,99.17344,99.10089,100.0,98.8,100.0,99.4,100.0,99.65157,99.5,99.70145,99.7485,99.89817,99.95883,100.0,99.90001,100.0,99.90001
Jordan,Middle East & North Africa,Upper middle income,GFDD.AI.01,24394.152,20863.62,9697.266,15032.803,6554.0015,13228.489,9868.457,13297.325,16307.931,14686.063,10779.552,12916.185,5468.8784,11511.474,9179.014,15605.331,16028.697,12063.302,41906.82,24334.68,43603.79,11827.648,35148.484,607.8742,12360.075,10783.841,13931.97,12413.84,10979.132,13838.963,-25953.941
Jordan,Middle East & North Africa,Upper middle income,GFDD.DI.04,73.70753,76.65959,78.09494,81.01155,81.3143,84.98346,85.57761,86.00543,86.97232,88.44742,87.071014,88.366974,90.44392,90.77181,92.10705,91.52959,94.88749,95.797325,93.05247,93.68671,94.57979,94.773575,92.33108,94.35056,96.03242,96.71165,97.05647,98.50607,98.8506,98.74844,98.54861
Jordan,Middle East & North Africa,Upper middle income,GFDD.DI.05,122.980995,132.8506,111.33401,109.34891,100.522705,97.886345,93.1068,95.74898,93.38087,105.061005,108.1501,111.225204,113.126,123.9873,122.36721,134.6772,127.052505,125.6955,118.41671,135.8447,134.179,126.6423,115.780106,121.352104,121.80731,122.4455,118.0949,108.5389,104.8505,106.33931,114.51031
Jordan,Middle East & North Africa,Upper middle income,GFDD.DI.06,26.370531,22.60859,18.42094,17.59049,17.65476,13.96049,13.4581995,12.82286,12.0605,11.04755,12.869471,12.01889,9.465702,8.549473,7.8058558,9.763074,5.917894,4.970313,7.868524,6.946146,5.7693744,5.90326,9.250802,6.777924,4.556639,3.748579,3.3940108,1.664973,1.31392,1.465605,1.835272
Jordan,Middle East & North Africa,Upper middle income,GFDD.DI.11,20.062496,12.75713,7.672115,1.8884647,1.7667902,7.7143793,16.249613,2.3526952,-8.59172,9.727823,3.5734725,3.605592,3.7182255,4.138514,4.3784037,5.7171006,4.9770045,5.088697,4.2163806,3.9921036,3.7305992,3.430183,3.4017437,3.262279,3.2193086,3.174606,3.2326627,3.2395575,3.5825155,2.060934,5.820772
Jordan,Middle East & North Africa,Upper middle income,GFDD.DM.11,6.579859,8.289368,-2.4389195,10.092713,16.398808,22.470306,13.359526,7.922641,14.122271,1.0892841,1.466276,3.4775069,5.01997,5.8932023,6.913409,4.830536,5.414854,1.924851,1.255754,3.5541492,3.0755248,1.839983,1.011107,0.97250295,1.127215,1.257812,1.2922039,1.276871,1.309632,1.306767,1.249624
Jordan,Middle East & North Africa,Upper middle income,GFDD.EI.08,13.65391,13.902709,12.167859,16.364529,14.4376,12.38557,12.759329,11.099219,13.644839,15.545849,16.97612,18.085869,19.257698,15.63916,18.870409,20.268139,21.00537,24.579779,27.0714,29.867079,29.51606,35.31442,40.176468,42.75444,42.10471,42.02703,39.1409,35.00868,36.68032,38.810013,41.546204
Jordan,Middle East & North Africa,Upper middle income,GFDD.OI.02,73.29132,98.3947,83.2903,79.37967,76.72784,76.21042,74.77718,77.49136,75.76395,81.753006,87.71775,89.173645,92.05498,100.1802,103.6029,112.665596,108.2209,106.2118,93.98741,97.0646,98.021996,97.928276,93.47924,93.392105,94.16964,97.27351,97.88265,93.72793,90.7304,91.6461,95.25914
Jordan,Middle East & North Africa,Upper middle income,SH.STA.BRTC.ZS,87.2,96.39716,99.5791,101.48138,104.66923,107.20811,96.95941,96.7,97.62864,103.19755,99.46575,96.48997,99.5,103.1008,101.400406,99.3077,105.00006,99.100006,105.92209,102.089775,101.514084,101.47591,99.6,106.84688,92.51391,99.54155,100.31879,94.03457,99.7,93.41325,97.384514
Jordan,Middle East & North Africa,Upper middle income,SL.IND.EMPL.ZS,26.89715,21.35,21.6,21.540003,21.47,21.410002,21.190002,21.07,21.0,20.94,20.91,21.0,21.12,23.18,25.81,26.12,26.18,26.4,26.4,26.560001,26.300001,25.85,25.6,25.4,25.11,24.89,24.62,24.430002,24.25,24.45,25.59032
Kazakhstan,Europe & Central Asia,Upper middle income,DT.TDS.DPPF.XP.ZS,18.796154,10.331677,8.068039,7.289789,6.8718195,3.5261319,3.8160927,4.4280705,7.497956,12.004448,8.8200865,4.8847675,7.462312,3.1166816,3.848737,3.9870205,0.8233318,1.35541,0.2519481,0.37272185,0.48977077,0.21341166,0.3509283,0.5974511,0.9793923,1.6000574,2.7832758,3.380805,2.1250963,3.6786697,3.8717337
Kazakhstan,Europe & Central Asia,Upper middle income,EG.ELC.ACCS.ZS,87.40815,101.569466,97.3052,104.54243,99.88998,99.90001,99.192116,99.26947,99.34275,97.0,99.50956,99.65001,99.81,99.92,99.96001,100.0,99.766556,100.0,100.0,100.0,100.0,99.79748,100.0,100.0,100.0,100.0,100.0,100.0,100.0,100.0,100.0
Kazakhstan,Europe & Central Asia,Upper middle income,GFDD.AI.01,9257.664,13484.84,16327.485,16997.604,12913.532,10790.154,1652.5916,5648.0356,6654.434,23225.332,9960.575,11215.719,6435.3135,13754.481,16396.012,8646.254,11286.695,9061.136,22565.182,11739.039,13217.137,7314.948,11301.877,7620.0986,17432.12,12964.956,11486.391,13203.306,13884.579,4248.0244,15169.933
Kazakhstan,Europe & Central Asia,Upper middle income,GFDD.DI.04,91.52027,72.70061,86.53622,88.6762,84.233574,65.95204,59.09184,58.86079,56.58158,60.68903,88.850876,96.41675,97.24158,99.45142,99.24811,99.20341,99.55528,99.69667,99.01608,97.86981,99.853775,99.85347,99.168434,98.082115,96.68279,92.77534,93.14763,93.560135,93.15189,92.55727,93.51999
Kazakhstan,Europe & Central Asia,Upper middle income,GFDD.DI.05,39.007164,52.024357,35.855595,27.43518,13.08644,11.37696,9.850044,10.34596,8.5704975,13.58222,15.270399,17.12385,19.17032,21.0701,27.84794,27.20935,36.00615,36.03037,39.04092,44.02306,38.88442,34.52964,33.92788,32.217842,32.26526,34.32679,34.52243,29.1626,26.81856,24.204329,27.846779
Kazakhstan,Europe & Central Asia,Upper middle income,GFDD.DI.06,10.520495,7.685821,4.0032516,6.335057,4.958096,3.924216,3.967579,4.6466503,5.492967,6.048269,1.6813611,0.6989619,0.6167513,0.1375735,0.2196461,0.3036617,0.22075962,0.1837577,0.5103821,1.149935,0.0660849,0.0589564,0.3435558,0.7692951,1.2984531,2.8711,2.381167,2.0844061,1.9980749,2.040509,1.911452
Kazakhstan,Europe & Central Asia,Upper middle income,GFDD.DI.11,9.683289,8.440737,20.936125,3.153208,7.7994695,13.898693,12.048765,11.568743,8.725659,13.228318,2.4339871,6.3395333,0.5496419,0.44917852,0.75117534,0.9662748,1.3265476,1.7397634,1.6757078,1.7521529,1.5840908,1.372727,1.4271975,1.4501398,1.4899403,2.0084662,1.8423041,1.7040685,1.6960821,1.7101486,2.0956726
Kazakhstan,Europe & Central Asia,Upper middle income,GFDD.DM.11,19.281725,25.984192,46.456333,24.304232,27.774696,38.303062,23.803307,21.04857,32.21668,0.0059273997,0.3624927,6.390314,8.4720745,12.71988,11.18879,16.54226,20.78129,19.018469,21.05743,20.53275,19.4845,21.72521,26.80974,26.015919,29.53334,30.20694,39.02822,30.98464,28.02036,30.644379,29.17182
Kazakhstan,Europe & Central Asia,Upper middle income,GFDD.EI.08,3.0385032,5.616336,7.091865,1.7201371,0.100597695,0.5032588,0.61387956,1.513182,1.222228,1.7234011,2.289025,2.9414978,3.23098,3.022049,2.5137012,2.1371691,1.6473922,1.4583741,1.7170831,2.5670311,5.837245,5.0409102,5.0960617,4.479921,4.331398,2.863848,2.743419,4.451821,4.5725203,4.177488,5.63297
Kazakhstan,Europe & Central Asia,Upper middle income,GFDD.OI.02,40.856438,35.270565,36.209732,18.717371,7.7677474,6.303553,5.081264,4.7885528,4.573921,8.326175,11.010961,13.00936,14.86209,15.85965,19.42388,21.556742,29.891418,29.774559,28.57394,34.805,30.950739,27.6754,27.28997,27.3312,28.023762,37.657467,36.457207,30.037567,26.967852,25.25296,29.65814
Kazakhstan,Europe & Central Asia,Upper middle income,SH.STA.BRTC.ZS,99.00001,98.100006,98.899994,98.6,98.3,99.6,98.100006,97.6,97.99999,99.100006,98.3,98.5,98.899994,99.4,99.4,99.4,99.8,99.5,99.3,99.4,99.4,99.9,99.990005,99.990005,99.990005,99.4,99.9,99.9,99.9,101.66792,105.65945
Kazakhstan,Europe & Central Asia,Upper middle income,SL.IND.EMPL.ZS,16.519636,18.12,17.820002,17.5,17.18,16.84,16.6,16.42,16.24,16.170002,16.24,16.33,16.28,16.96,17.41,18.0,18.430002,18.930002,18.930002,18.64,18.710001,18.97,19.39,19.820002,20.24,20.560001,20.580002,20.65,20.820002,20.98,21.231647
Kenya,Sub-Saharan Africa,Lower middle income,DT.TDS.DPPF.XP.ZS,28.58134,26.28001,23.500072,12.827158,16.977587,20.72663,18.867153,12.938106,12.395528,13.042781,17.302176,12.43229,13.661546,14.478145,7.38753,9.462879,6.756302,5.922309,4.6359773,4.829975,4.1300764,4.008836,4.3549986,4.3915157,10.978257,6.977796,8.366378,12.216444,20.888376,35.358532,25.491337
Kenya,Sub-Saharan Africa,Lower middle income,EG.ELC.ACCS.ZS,44.55987,40.311176,27.196178,10.900001,3.473437,5.4273434,7.37853,9.326318,14.499999,13.208891,15.131171,17.033083,18.927414,15.999999,22.702715,24.588387,26.47593,28.367992,30.26729,23.0,19.2,36.035656,37.990967,39.966106,36.0,41.6,53.1,55.97641,61.28457,69.7,71.43794
Kenya,Sub-Saharan Africa,Lower middle income,GFDD.AI.01,1268.0651,5110.2627,-4765.1274,5182.1816,3038.8884,-3906.8982,6375.576,-4842.562,7622.707,5303.2437,11176.706,3717.1108,3087.1143,4094.2803,1802.9985,915.9544,-8732.363,124.686905,7792.1514,-1017.8705,-3474.817,2375.0383,-613.6927,-865.66125,4720.498,-102.244995,1360.8329,-4027.867,1727.0359,6147.8154,482.09412
Kenya,Sub-Saharan Africa,Lower middle income,GFDD.DI.04,70.23097,70.78791,83.39825,63.82723,69.543755,60.3371,77.054306,83.10567,86.214806,88.642525,89.565414,89.36316,89.03391,90.347,89.83627,91.31887,92.23785,94.47962,94.24014,94.19661,94.845535,96.12911,96.95114,96.960144,97.809845,97.814804,98.429886,98.25309,97.86605,98.084816,96.81491
Kenya,Sub-Saharan Africa,Lower middle income,GFDD.DI.05,29.57702,30.981928,36.5178,37.065292,38.01598,42.23228,35.79168,38.422688,35.807133,35.770767,35.1647,35.23923,38.15765,39.01865,39.32328,38.89399,34.59731,36.05668,36.10548,31.87345,35.51032,36.569492,36.52654,37.79342,42.3013,42.819347,40.32757,39.35203,39.35983,38.00374,41.05729
Kenya,Sub-Saharan Africa,Lower middle income,GFDD.DI.06,10.67168,11.10458,6.0779014,14.77007,13.442209,21.33047,8.493943,6.355637,5.27446,4.455468,3.939536,4.144199,4.4751034,4.068446,4.181187,3.457692,2.72804,1.913932,2.110473,1.9578779,1.994974,1.4922651,1.209196,1.259009,1.038653,1.087935,0.7764578,0.82776237,0.9799046,0.87301385,1.583926
Kenya,Sub-Saharan Africa,Lower middle income,GFDD.DI.11,2.3494606,11.278658,0.13839011,0.9270847,6.3407693,10.383581,10.730703,5.9789925,15.635505,13.103687,9.914544,6.4885225,6.9875107,7.7003503,7.225074,7.379163,6.6991863,6.8113985,6.2197814,5.6146502,6.409241,5.9769926,6.634719,6.983797,7.2212195,6.914115,6.8565655,6.588008,6.513808,6.639588,7.9169307
Kenya,Sub-Saharan Africa,Lower middle income,GFDD.DM.11,42.58555,37.25367,86.988815,63.19492,63.47295,45.886513,59.302353,50.907852,125.8583,38.318634,63.961655,22.657356,8.470291,38.08201,62.037537,50.26358,65.77383,21.870302,0.0178207,0.036135297,0.039842002,0.0114305,0.0150024,0.0195277,0.0121505,0.0143693,0.0037459,0.0849996,0.121769,51.24775,62.709667
Kenya,Sub-Saharan Africa,Lower middle income,GFDD.EI.08,4.598744,4.926859,6.08148,5.529864,8.238987,5.161907,6.224166,6.263862,8.216541,7.508209,7.369823,8.706251,9.468059,11.610159,8.754522,9.137217,9.650244,9.823187,9.248855,11.42077,14.536079,10.9797,13.532709,13.31676,13.25083,13.20198,14.21991,13.9697695,14.471829,14.705649,16.494379
Kenya,Sub-Saharan Africa,Lower middle income,GFDD.OI.02,24.10153,25.40217,28.972229,29.3743,31.15284,35.7112,30.573578,32.60964,30.304237,29.964779,29.6099,30.78716,32.93837,34.10048,34.39645,34.1988,30.484179,31.589949,32.326626,28.75601,31.758017,32.958347,33.121918,33.40884,38.53749,39.217857,36.89449,36.261517,36.184986,35.41241,37.99851
Kenya,Sub-Saharan Africa,Lower middle income,SH.STA.BRTC.ZS,96.23499,97.12378,93.94857,45.4,89.23776,96.4693,90.78513,97.11436,44.300003,95.95456,42.600002,86.43444,99.87374,41.6,99.26175,103.299644,97.77713,97.709656,105.74386,43.8,100.99408,92.652725,108.60319,95.304405,61.799995,97.929115,106.17913,101.93282,104.78752,104.38522,99.62146
Kenya,Sub-Saharan Africa,Lower middle income,SL.IND.EMPL.ZS,16.237652,16.64,16.470001,16.24,16.01,15.64,15.2300005,14.640001,13.96,13.130001,11.57,10.19,9.05,8.09,7.34,6.7,6.46,6.29,6.13,6.04,6.01,6.01,6.01,6.03,6.06,6.09,6.13,6.16,6.19,6.22,11.06264
Kiribati,East Asia & Pacific,Lower middle income,DT.TDS.DPPF.XP.ZS,11.978079,24.26332,24.844141,18.1404,24.991333,20.203915,8.03766,16.197264,14.836923,35.410275,22.712046,20.006779,12.729506,15.7948065,8.264564,14.163202,23.35878,14.767435,9.763191,6.536143,17.46194,14.929308,10.224806,11.4337225,25.006622,16.243608,15.249578,22.014456,12.864994,22.688505,24.28879
Kiribati,East Asia & Pacific,Lower middle income,EG.ELC.ACCS.ZS,64.39077,78.14292,72.093735,77.58774,82.21923,82.769226,82.63051,83.85624,71.48827,80.34752,55.124897,56.919025,58.705563,60.486877,62.265297,69.67641,68.8,67.60722,69.39873,64.19,63.16774,74.843735,76.69126,78.93106,83.45395,90.55818,92.799614,86.176445,88.103165,90.03285,91.96303
Kiribati,East Asia & Pacific,Lower middle income,GFDD.AI.01,1201.0435,11948.898,16921.768,13259.941,8686.529,12556.88,6775.066,15089.973,16253.762,11140.629,9060.065,9205.694,14808.162,8487.23,10378.212,11703.717,6925.8164,7034.8594,6989.094,14754.112,9042.381,162.3539,177.65686,197.02144,9062.851,9154.454,6091.437,10710.006,11282.1,7907.584,7733.639
Kiribati,East Asia & Pacific,Lower middle income,GFDD.DI.04,94.62419,87.532364,78.456604,65.07295,73.064514,70.702896,84.8723,60.525497,60.817863,89.36781,102.754456,92.03733,94.47541,87.87724,100.95054,116.350784,98.57394,93.44995,88.960815,98.68413,100.756836,97.67186,91.54736,96.904724,87.401634,93.40799,93.17595,85.92326,90.30322,93.83282,89.106
Kiribati,East Asia & Pacific,Lower middle income,GFDD.DI.05,43.055805,58.591393,47.029163,87.875916,48.01737,56.220062,57.350166,60.90765,63.627563,49.525948,61.711823,55.01452,86.10761,85.02039,87.39697,70.05073,63.69583,70.3523,71.87365,75.86686,70.79653,83.856384,88.01316,79.51912,74.37223,86.96637,102.717384,88.35578,83.58797,92.423676,110.61193
Kiribati,East Asia & Pacific,Lower middle income,GFDD.DI.06,14.832728,23.549372,19.329605,15.169967,12.456724,7.9653454,8.232558,19.175068,13.105185,16.006762,6.403711,12.610444,13.22439,19.383917,15.653604,10.962133,7.7051907,6.29816,11.914102,7.581037,16.173058,9.472038,17.602764,28.95159,10.794315,11.12861,27.362568,15.021205,7.9889083,17.028128,18.172756
Kiribati,East Asia & Pacific,Lower middle income,GFDD.DI.11,31.4822,44.77314,19.01704,24.434763,46.10785,20.905727,34.675545,50.955833,44.36912,44.983177,18.890104,23.257517,53.527924,31.771044,45.83937,20.3868,36.349457,50.817413,27.856785,44.104393,25.478148,29.256632,23.274967,45.648014,35.37796,57.7634,64.81293,42.702267,42.950153,53.730556,49.33553
Kiribati,East Asia & Pacific,Lower middle income,GFDD.DM.11,99.04127,60.392048,43.050644,78.1485,270.56824,56.741035,43.529873,50.864227,70.47681,99.19375,69.13335,38.046543,51.418976,44.370266,59.690884,57.630295,66.698204,92.226395,74.87409,66.79184,72.17811,63.72954,74.21008,38.49148,89.544815,92.22045,68.864296,54.27059,60.126366,74.87789,73.67104
Kiribati,East Asia & Pacific,Lower middle income,GFDD.EI.08,5.6784687,3.1619802,7.5900474,3.596679,4.788292,6.1361957,3.7886682,3.4658775,2.7325976,10.115188,8.310723,6.5971127,4.8917966,4.7223783,6.1769223,6.3700767,9.106503,8.015336,5.7381706,8.566559,8.189615,4.451057,5.5280004,9.464794,12.941036,10.744389,7.480525,7.3066063,10.246449,8.371461,8.087127
Kiribati,East Asia & Pacific,Lower middle income,GFDD.OI.02,17.016247,47.096203,32.27709,37.87664,46.471455,44.626762,47.55357,47.68933,34.608543,30.762138,49.400257,32.979534,40.68644,51.06598,33.51713,31.307661,39.97852,47.0787,43.58226,51.86071,55.950867,46.21692,49.504177,49.492466,49.008255,56.04338,52.24904,59.72066,26.433887,39.348724,45.847763
Kiribati,East Asia & Pacific,Lower middle income,SH.STA.BRTC.ZS,59.999996,81.742455,86.82543,91.63872,71.99999,92.03372,76.03379,85.43095,85.0,86.4051,85.0,90.49614,75.99999,87.367004,93.07907,63.0,91.56105,87.50651,64.99999,79.799995,98.3,92.337906,93.3825,81.48949,88.9913,90.73991,91.9591,86.11574,97.95201,96.175995,92.871254
Kiribati,East Asia & Pacific,Lower middle income,SL.IND.EMPL.ZS,10.372028,10.519305,8.9376545,7.401406,7.1398234,8.516213,8.129971,7.751138,7.809567,9.108025,6.205327,8.324,8.389847,9.294488,7.920945,8.2351055,7.9202905,7.9929633,8.516278,5.936011,7.7681594,12.353231,10.953053,8.347909,9.188774,10.019381,7.9901404,9.509223,7.176746,8.244941,8.268866
"Korea, Rep.",East Asia & Pacific,High income,DT.TDS.DPPF.XP.ZS,9.744215,28.564295,15.596887,19.75535,8.794434,11.89774,10.319233,12.123029,-1.7753272,28.093586,12.972686,11.855738,7.2138977,8.330584,10.555085,16.28135,12.162351,10.079393,5.7055697,11.060817,12.493827,10.896168,12.990735,10.72946,10.454022,-2.1318347,6.5516763,30.588404,16.466558,14.799195,6.1257215
"Korea, Rep.",East Asia & Pacific,High income,EG.ELC.ACCS.ZS,99.88285,99.912674,99.94222,99.969444,99.98913,100.0,100.0,100.0,100.0,100.0,100.0,100.0,100.0,100.0,100.0,100.0,100.0,100.0,100.0,100.0,100.0,100.0,100.0,100.0,100.0,100.0,100.0,100.0,100.0,100.0,100.0
"Korea, Rep.",East Asia & Pacific,High income,GFDD.AI.01,8352.095,7751.784,-5455.032,6805.7915,7139.599,5458.4126,12589.0625,11462.21,6411.53,15142.256,-3636.3174,4899.721,8394.531,10542.088,6441.1685,11255.481,3641.0132,8833.916,7093.6743,10679.138,4869.3955,4490.0894,11804.873,14497.99,11711.87,10221.722,10045.528,5137.37,8631.677,13488.3545,6172.0312
"Korea, Rep.",East Asia & Pacific,High income,GFDD.DI.04,97.259346,97.501595,97.87905,97.90315,98.25596,98.799034,98.95751,97.44063,95.80887,97.892456,98.50318,98.59366,98.887856,98.97349,99.391594,99.106346,98.92301,98.75219,98.84239,98.76901,98.73349,98.80247,98.4291,98.99679,98.971146,99.17084,99.30843,99.324036,99.30785,99.35987,99.09432
"Korea, Rep.",East Asia & Pacific,High income,GFDD.DI.05,34.25851,34.53706,34.68269,35.60462,35.75343,35.22881,36.32711,37.551888,48.12561,55.679317,63.38665,66.13339,66.124245,66.11012,60.54639,59.205204,58.595844,54.475502,59.86243,63.83694,67.214325,69.525406,70.83333,128.0,133.3333,135.54219,138.50581,137.5,142.1053,151.5625,164.9485
"Korea, Rep.",East Asia & Pacific,High income,GFDD.DI.06,1.3996589,1.265089,1.045827,1.0245221,0.8587276,0.5769024,0.5306702,1.4635,2.7178319,1.479746,1.1245581,1.122975,0.9507533,0.8933297,0.4968798,0.7564698,0.996537,1.193413,1.2024261,1.255504,1.233606,1.158597,1.494292,1.39548,1.4696729,1.183006,1.0053279,0.983413,1.0350161,1.027891,1.584778
"Korea, Rep.",East Asia & Pacific,High income,GFDD.DI.11,59.010296,62.84215,74.30829,77.76058,69.288376,69.89419,37.27302,58.967815,51.43625,66.786934,48.346233,50.015472,29.296278,31.50358,32.209087,32.534412,34.725487,36.277367,38.121098,42.4027,44.200443,47.151157,53.093113,55.609627,59.689205,61.15727,63.821976,65.09784,65.69407,69.31677,73.61034
"Korea, Rep.",East Asia & Pacific,High income,GFDD.DM.11,20.218805,9.124987,17.9104,10.031914,12.492498,-0.034035448,22.048964,5.9175344,19.991344,1.3790549,0.7793991,1.236456,1.5562149,2.295472,3.038022,4.089021,5.790092,4.584232,2.595772,3.0545979,2.649422,2.536046,3.018208,3.282068,4.205388,5.521797,8.529561,10.72218,11.82586,13.96356,14.76509
"Korea, Rep.",East Asia & Pacific,High income,GFDD.EI.08,2.635619,2.3828661,2.061499,1.8850421,1.6927279,1.51608,1.2883751,1.509829,2.8110511,3.8271508,3.8342211,10.04167,8.458774,8.223095,9.026439,9.174002,9.844718,8.554102,8.437292,9.537728,9.040387,8.361244,8.465289,9.033665,9.306308,9.574616,9.300247,8.10643,7.456513,7.968985,8.996579
"Korea, Rep.",East Asia & Pacific,High income,GFDD.OI.02,30.92298,31.340057,31.650139,31.893328,32.28539,31.749998,33.205547,34.65168,45.51165,52.422577,60.652695,63.498642,63.588562,63.689114,58.231686,56.88091,56.2724,52.2123,57.33775,61.150646,64.39145,66.501686,67.22956,118.155106,121.883606,124.2235,126.936905,125.707596,130.0977,140.5416,152.5773
"Korea, Rep.",East Asia & Pacific,High income,SH.STA.BRTC.ZS,97.99999,97.899994,101.2153,98.51809,98.4,98.97039,93.57773,99.6,107.156166,95.8427,99.9,96.997826,92.01923,99.9,95.5068,95.04521,93.60542,97.39262,92.24127,99.9,104.48302,104.892876,99.8,96.46462,97.08256,100.0,91.85554,107.27401,99.075386,96.85572,95.04906
"Korea, Rep.",East Asia & Pacific,High income,SL.IND.EMPL.ZS,42.375095,36.82,35.75,34.02,33.63,33.44,32.64,31.43,27.98,27.51,28.15,27.48,27.320002,27.61,27.16,26.66,26.15,25.79,25.31,24.5,25.02,24.85,24.58,27.58,25.0,25.39,25.2,25.27,25.2,24.58,29.44465
Kosovo,Europe & Central Asia,Upper middle income,DT.TDS.DPPF.XP.ZS,22.577131,14.617439,-5.5241046,4.470023,21.854189,7.6327577,19.374428,16.330847,13.702315,11.693723,11.006067,6.6076255,8.3404,8.608982,0.31247884,0.39651793,0.44144842,0.2922555,0.06282777,18.7783,1.8580159,1.4941379,1.4725968,1.7575815,2.1991801,2.6112428,4.656254,3.5151372,1.5695841,2.7598143,5.7405443
Kosovo,Europe & Central Asia,Upper middle income,EG.ELC.ACCS.ZS,100.0,100.0,100.0,100.0,100.0,100.0,100.0,100.0,100.0,100.0,100.59191,100.32958,108.83642,103.842384,100.11336,103.909935,99.02085,102.23271,99.91163,95.36344,99.0,98.27136,99.75,99.75,99.68001,99.86,99.8,99.8,101.61336,100.0,102.105995
Kosovo,Europe & Central Asia,Upper middle income,GFDD.AI.01,15306.037,8090.153,19807.033,7245.6377,12793.594,11743.284,9610.614,9565.209,7224.3086,15236.111,8038.9165,7935.905,9473.207,11120.392,8875.193,12071.159,6548.993,10270.451,8421.227,8045.481,6600.6353,3110.7434,7506.8535,7163.8374,9680.427,7115.902,5164.2173,5472.4614,17490.56,5143.4595,7226.3867
Kosovo,Europe & Central Asia,Upper middle income,GFDD.DI.04,90.08135,89.38041,82.1101,94.162544,102.40005,85.40481,94.607,83.34736,92.741646,95.78032,92.337555,92.74865,99.73796,91.97043,88.8952,91.176994,95.43206,91.69462,88.02329,93.75473,98.49631,98.773705,94.03059,94.63647,95.31018,93.5356,90.98951,88.47227,89.59681,91.28122,91.77525
Kosovo,Europe & Central Asia,Upper middle income,GFDD.DI.05,42.911865,32.999752,49.709244,60.79751,47.073425,67.629684,71.25994,53.65798,43.190166,41.770287,69.381744,56.393833,74.18019,72.9672,61.427616,64.000984,62.28742,76.6362,38.215538,40.00032,43.26905,42.440727,43.28762,44.86415,44.2984,44.53898,45.46844,45.50902,46.82975,49.65929,59.277874
Kosovo,Europe & Central Asia,Upper middle income,GFDD.DI.06,9.612063,13.436805,6.460027,14.501491,15.777069,8.105638,13.605102,5.4246635,11.035507,9.332122,9.7984,9.605269,10.308156,8.87419,10.854809,9.20253,11.030914,7.7382736,10.7773075,3.5833945,0.5480909,0.4491718,2.356719,2.08492,1.910416,2.724148,4.036469,5.5825653,5.231145,4.4824533,4.621336
Kosovo,Europe & Central Asia,Upper middle income,GFDD.DI.11,10.012297,16.487782,15.215178,13.116985,10.44767,18.440002,15.883512,7.4839206,18.064734,16.361797,21.930307,16.890741,9.307902,11.0239315,14.726851,14.361859,15.193212,13.605062,17.746603,11.846698,9.459326,7.4966254,21.308676,15.856253,17.301622,18.350445,13.883863,14.250179,4.9834113,13.171666,10.130823
Kosovo,Europe & Central Asia,Upper middle income,GFDD.DM.11,66.376785,55.3116,75.53827,61.255886,57.36776,51.725338,52.910934,67.59699,55.045074,58.68288,56.82439,62.317955,54.12595,74.04203,46.56557,51.63267,84.67755,68.99444,60.144333,79.7241,73.067406,60.23827,72.34844,44.83456,56.833855,71.066605,63.917015,47.8773,71.03433,85.320206,91.622826
Kosovo,Europe & Central Asia,Upper middle income,GFDD.EI.08,6.4821215,10.560963,9.963166,6.9046707,4.4666576,8.174703,7.208877,7.24647,6.647609,9.603685,9.829133,14.155592,8.716174,4.0016966,7.558921,12.783597,5.875915,8.393013,7.899159,9.690231,9.751581,10.792337,16.497578,11.286953,12.931063,11.163777,15.392785,19.48958,7.252622,12.718897,18.117966
Kosovo,Europe & Central Asia,Upper middle income,GFDD.OI.02,36.188446,68.722244,35.78648,42.602688,52.77858,56.619633,67.778534,35.768482,52.540527,69.6019,45.13276,57.83001,47.165905,57.110935,33.16643,55.594307,43.12945,67.19333,37.41856,38.97796,42.222126,40.8821,41.3807,42.35099,42.058468,41.33004,42.8127,42.7252,43.87266,47.724957,56.18782
Kosovo,Europe & Central Asia,Upper middle income,SH.STA.BRTC.ZS,93.21394,92.231926,97.4935,99.61215,94.155014,88.77797,104.22797,91.15822,95.391884,102.29463,96.5078,102.31497,95.09949,98.68786,101.67467,101.62867,101.45395,103.36832,100.06565,96.97884,98.230705,95.27598,91.816986,96.98955,99.00001,95.82617,98.3564,96.11856,98.185234,102.44421,101.24188
Kosovo,Europe & Central Asia,Upper middle income,SL.IND.EMPL.ZS,16.377577,12.970767,17.270214,15.644229,14.390551,21.031054,17.018202,14.237442,12.313331,16.42036,14.847311,15.76549,16.29988,17.305923,18.308054,13.891452,16.806438,15.066544,16.720957,17.6801,16.990078,15.588445,15.644183,14.475166,17.154432,17.327967,15.462835,16.61887,16.290066,15.539175,14.135589
Kuwait,Middle East & North Africa,High income,DT.TDS.DPPF.XP.ZS,16.471134,36.784893,14.404295,20.18397,28.205574,30.925585,28.743137,34.72595,31.750591,31.589598,33.329044,29.048845,13.917825,20.40908,29.525063,18.247097,18.6673,18.833296,20.08599,21.581959,18.20855,31.832384,20.674314,18.589521,52.14469,18.532076,24.314932,19.064314,21.193296,23.636078,22.606348
Kuwait,Middle East & North Africa,High income,EG.ELC.ACCS.ZS,100.0,100.0,100.0,100.0,100.0,100.0,100.0,100.0,100.0,100.0,100.0,100.0,100.0,100.0,100.0,100.0,100.0,100.0,100.0,100.0,100.0,100.0,100.0,100.0,100.0,100.0,100.0,100.0,100.0,100.0,100.0
Kuwait,Middle East & North Africa,High income,GFDD.AI.01,4640.685,3058.5332,5685.823,1772.8429,3990.504,6685.5728,14738.506,2147.0588,6155.515,6960.6665,6149.58,5903.371,7686.8325,7396.892,1082.6276,1206.7124,1299.2632,1340.2346,1303.4432,1205.5436,1160.4222,1227.1737,1200.6256,1142.8953,1166.2542,1210.5046,1257.2694,1298.6403,1283.692,1263.3528,1252.9998
Kuwait,Middle East & North Africa,High income,GFDD.DI.04,99.872154,99.34323,98.01225,98.77367,99.199646,99.97063,99.47096,99.549614,99.99887,99.50562,103.910866,92.390335,90.90213,96.3674,90.74626,99.89972,92.99782,101.343185,98.114685,104.04271,99.51258,98.00146,99.24111,96.9516,93.049835,92.59541,95.17696,88.353,90.88861,98.840065,101.987724
Kuwait,Middle East & North Africa,High income,GFDD.DI.05,147.8266,192.2391,103.981804,88.46797,91.36722,90.890945,77.74761,82.722374,95.573265,83.73229,70.55305,86.06096,83.22959,72.90321,66.709015,55.46619,54.02392,58.277775,55.4021,81.635605,77.49359,65.26839,60.63085,65.64569,72.63692,99.31934,107.4772,100.454,91.70341,130.48647,231.93642
Kuwait,Middle East & North Africa,High income,GFDD.DI.06,9.296167,1.3994501,2.624217,1.204653,0.8021681,0.0283464,0.43694517,0.426863,0.0012648,0.4918373,8.164646,3.1506639,0.1338128,9.657726,2.193123,0.0616025,3.3504987,6.2649198,0.94685066,8.805778,2.401123,0.15829533,10.115814,8.667094,17.682573,4.0373507,12.017047,3.3574145,8.886004,16.175447,9.086667
Kuwait,Middle East & North Africa,High income,GFDD.DI.11,16.055748,25.50848,18.6076,8.964268,15.479808,14.988511,35.53699,14.228465,13.066441,14.523676,16.691854,10.831113,10.267611,24.759232,12.548198,15.24194,15.081455,9.007938,1.8234569,18.470951,22.660576,1.655552,16.968458,15.159828,18.094994,14.7404995,23.204798,9.046194,15.795107,10.706831,17.951498
Kuwait,Middle East & North Africa,High income,GFDD.DM.11,6.1004586,20.282682,15.769611,11.182775,13.288052,32.160862,19.037962,23.78409,37.44966,17.025148,27.146198,9.666943,11.12652,11.26386,9.30717,13.148809,15.820439,19.08673,5.619357,6.49753,5.061907,3.481973,3.870948,1.943929,2.596934,4.8788557,5.728686,6.34762,5.812685,7.645824,10.11739
Kuwait,Middle East & North Africa,High income,GFDD.EI.08,27.960827,44.84262,33.985302,36.52083,40.418713,66.44608,48.50293,47.384953,52.366184,44.3004,31.352049,31.8028,28.02976,21.395248,15.699359,10.438989,7.346888,5.867823,5.038874,6.301342,5.774809,4.438921,3.457011,3.04181,3.376057,4.582077,9.943549,13.818709,9.092269,45.796158,39.19079
Kuwait,Middle East & North Africa,High income,GFDD.OI.02,68.52832,178.00182,97.47533,83.55531,86.60705,87.05184,74.03464,78.97183,91.162964,78.90225,66.95245,82.311386,79.41446,69.43967,63.67773,53.01336,51.796738,56.308727,53.61568,79.09199,74.94539,62.870987,58.330578,63.271492,70.17309,95.85227,103.2592,96.696045,88.34519,118.98265,93.2835
Kuwait,Middle East & North Africa,High income,SH.STA.BRTC.ZS,95.98569,94.51084,95.486694,107.5819,97.770386,95.65075,98.200005,97.618774,96.560524,98.4162,96.58257,97.50425,100.0,95.4826,98.3,98.6,98.7,98.7,98.7,98.7,98.6,98.799995,98.799995,98.7,98.7,99.9,99.9,97.57395,98.96201,94.53869,97.66402
Kuwait,Middle East & North Africa,High income,SL.IND.EMPL.ZS,22.674263,19.6,20.800001,22.72,22.98,23.11,23.14,22.76,21.87,21.66,21.92,21.05,20.450003,20.66,20.86,20.7,22.0,23.300001,25.14,23.95,23.690002,23.92,24.03,23.780003,23.48,22.59,22.38,22.040003,22.12,22.15,28.58236
Kyrgyz Republic,Europe & Central Asia,Lower middle income,DT.TDS.DPPF.XP.ZS,12.446246,7.4100075,10.161319,0.40534815,4.393616,13.226456,8.893209,6.2062707,8.901941,5.7688866,9.827395,12.36616,11.245238,8.378666,6.555905,6.6832533,5.1182375,3.429541,2.8643966,3.596842,3.6653087,3.3652956,2.657404,2.4762666,3.6144114,5.4096637,6.3298516,6.062522,6.6615815,6.498517,8.40577
Kyrgyz Republic,Europe & Central Asia,Lower middle income,EG.ELC.ACCS.ZS,102.170296,99.86958,97.69088,106.06665,108.63439,104.546,99.03835,99.8,99.55383,99.56558,99.61025,99.58101,100.0,99.50212,99.457184,99.44231,98.89,99.54001,99.51001,99.5,99.0,98.32,99.8,98.93,99.8,98.69,99.71001,100.0,100.0,99.874245,99.98105
Kyrgyz Republic,Europe & Central Asia,Lower middle income,GFDD.AI.01,1284.4468,7444.0034,9651.165,4541.207,5592.6284,10589.038,9742.443,10681.981,3849.739,10321.751,5130.303,7796.9424,5053.8945,855.0073,147.81071,5135.0303,8567.161,2991.6035,5515.482,74.26931,100.69243,153.30771,202.04582,252.49652,327.8166,474.96887,513.838,526.9631,592.627,677.6512,699.61816
Kyrgyz Republic,Europe & Central Asia,Lower middle income,GFDD.DI.04,90.69675,84.56687,70.4427,82.466255,89.03648,50.70774,35.13967,23.45701,30.636358,30.98145,31.92134,34.38224,34.10432,40.90591,52.993668,58.39859,67.70676,78.80019,82.910835,79.3889,80.16009,86.15978,94.1997,96.66903,97.64793,98.17687,99.10658,99.26024,99.38103,99.20902,97.87565
Kyrgyz Republic,Europe & Central Asia,Lower middle income,GFDD.DI.05,88.05239,16.701473,38.93614,45.273056,60.932735,17.20189,13.6256895,13.73389,14.4905405,13.58331,11.317989,11.144599,14.626551,17.528559,20.57881,21.16029,28.42474,30.359968,25.62315,28.996311,31.40539,27.80799,31.720469,34.0289,32.37259,33.24313,34.42816,36.45179,35.83808,37.190258,47.66798
Kyrgyz Republic,Europe & Central Asia,Lower middle income,GFDD.DI.06,7.4490905,8.058138,1.3755878,9.191862,6.016191,12.69128,16.713709,14.576241,14.45213,11.8718195,9.400547,8.438984,9.474703,8.110315,7.117551,6.535926,5.4546,4.346959,3.060381,3.7145011,3.5732021,2.0886629,0.93423134,0.59967357,0.53412926,0.44634262,0.1990123,0.17356731,0.15695189,0.2139946,0.6537377
Kyrgyz Republic,Europe & Central Asia,Lower middle income,GFDD.DI.11,13.556923,12.757358,8.298915,11.063153,3.6706774,7.623555,14.379064,12.032367,8.508735,3.2976432,-4.7870507,9.091049,3.813853,4.252227,23.017414,7.029375,5.154514,0.29063192,6.65435,18.9499,0.33421627,0.29626304,0.37327445,0.40238696,0.56730825,0.68238616,0.5731936,0.6588611,0.7012822,0.82350016,11.64641
Kyrgyz Republic,Europe & Central Asia,Lower middle income,GFDD.DM.11,24.971735,12.416241,19.177929,-2.1418247,5.4226966,20.856007,22.081465,15.87642,15.018238,0.016005099,0.2262647,0.2422719,0.3855544,0.3937456,0.7855761,0.6064273,0.68236613,0.5997085,0.62555397,1.147322,0.6566586,0.59811544,0.4766375,0.3418033,0.335713,2.3220618,2.3493989,2.402116,2.355701,2.011085,2.103286
Kyrgyz Republic,Europe & Central Asia,Lower middle income,GFDD.EI.08,4.014582,1.8218608,2.4182591,1.5122622,6.054173,0.51656544,0.3957383,1.053911,1.106187,0.3068501,0.30906752,0.65914756,0.7927468,0.8895835,0.9937506,1.241773,1.0120449,1.1412779,1.279675,1.677777,1.728477,1.57271,1.877526,1.767572,1.2836171,1.341383,1.5961701,2.0137,1.949075,2.5393302,1.902019
Kyrgyz Republic,Europe & Central Asia,Lower middle income,GFDD.OI.02,17.646189,19.320112,31.122381,36.1274,30.59039,5.199794,3.301112,5.007707,6.2134957,6.242021,5.041776,4.355517,5.516241,6.43772,8.804171,8.219375,11.38431,11.59315,9.9921055,12.158111,12.586421,11.297021,14.159671,16.604849,18.12861,20.914341,19.878561,20.539251,20.946321,21.68808,26.92419
Kyrgyz Republic,Europe & Central Asia,Lower middle income,SH.STA.BRTC.ZS,98.899994,98.899994,98.7,98.3,98.200005,97.99999,98.100006,98.100006,98.5,98.5,98.6,98.7,98.799995,98.899994,98.200005,97.899994,97.6,98.4,98.5,98.5,98.3,98.6,99.100006,99.00001,98.4,100.11568,103.95745,105.532036,99.8,105.033676,114.48643
Kyrgyz Republic,Europe & Central Asia,Lower middle income,SL.IND.EMPL.ZS,19.651363,26.55,22.53,21.35,19.34,16.72,14.58,13.530001,13.05,11.55,10.47,10.35,11.98,15.010001,17.57,17.580002,19.4,20.280003,20.65,20.930002,21.080002,21.4,21.710001,20.2,20.430002,20.9,22.09,23.15,24.63,25.36,19.676882
Lao PDR,East Asia & Pacific,Lower middle income,DT.TDS.DPPF.XP.ZS,8.598529,6.177546,4.7779737,8.314428,4.947346,7.6020155,8.058722,6.337842,6.3072205,9.468397,7.935579,8.968354,9.383736,10.904692,9.958663,8.060703,4.909258,4.8924246,5.159594,6.3945274,4.0070553,6.6924767,5.4285703,5.7842355,5.343894,5.385661,7.186577,8.210361,9.874583,6.6549053,15.061428
Lao PDR,East Asia & Pacific,Lower middle income,EG.ELC.ACCS.ZS,86.77835,73.964874,79.60278,30.999998,25.605791,25.0,31.2477,34.063896,36.87601,39.68328,42.49614,45.26671,46.3,48.0,53.54231,57.200005,57.041058,54.959995,66.0,67.3594,70.14994,70.0,76.36663,79.576256,83.13404,89.7,90.54953,93.6,97.79716,99.09209,100.0
Lao PDR,East Asia & Pacific,Lower middle income,GFDD.AI.01,13906.579,5775.295,11909.834,4097.1377,10379.911,9567.496,16287.11,9468.889,11528.996,17141.846,7560.5747,7300.9565,4705.23,12424.495,4876.295,5952.8745,17793.105,11483.857,7944.763,7351.4707,10674.622,5984.492,11237.563,334.97968,392.57004,447.42572,502.8243,540.07935,599.43585,638.53723,601.23254
Lao PDR,East Asia & Pacific,Lower middle income,GFDD.DI.04,77.454666,83.4296,79.78959,86.23516,86.57439,87.99638,87.70642,77.30426,68.817245,62.96024,68.0384,69.880806,66.680244,69.19269,71.61369,82.919624,77.11454,78.2611,77.89048,74.72921,76.47556,86.0396,86.21105,89.68176,82.2993,73.821106,86.298744,94.42017,94.820564,88.654236,91.56473
Lao PDR,East Asia & Pacific,Lower middle income,GFDD.DI.05,7.237839,7.10931,9.467806,13.23323,14.987629,13.61891,14.1931095,18.44448,20.50781,14.952459,16.53862,16.33564,19.960428,19.91759,20.578838,19.07634,20.08524,24.101889,24.292679,30.82413,36.1878,42.506783,56.041695,50.5878,47.518047,55.32144,60.978992,38.520042,65.47055,52.323257,74.14126
Lao PDR,East Asia & Pacific,Lower middle income,GFDD.DI.06,1.8958541,1.092962,1.6603519,1.348896,1.8814771,1.523853,1.6815889,4.6549153,6.539404,5.477432,4.750096,5.249653,5.552488,4.281187,3.651164,2.112576,2.4697928,2.632874,3.48282,6.5172076,7.292209,5.950544,5.5551677,12.534308,7.884167,4.9291043,16.329475,11.484905,8.36961,11.311291,11.041316
Lao PDR,East Asia & Pacific,Lower middle income,GFDD.DI.11,6.098938,6.4217663,4.953499,4.1574554,1.3088529,6.159291,16.737902,6.3088183,5.0387263,7.2479815,0.54756343,10.03672,5.0184693,14.018138,11.389451,11.583982,11.129316,1.5642658,7.6256986,6.1412544,6.9408274,7.7431326,2.4785795,6.124117,11.087102,0.83454484,0.8757767,0.7319978,1.2461112,0.85367674,8.998894
Lao PDR,East Asia & Pacific,Lower middle income,GFDD.DM.11,290.49924,223.34793,111.26545,59.464046,191.4808,112.0462,148.48305,166.66516,149.44124,68.93422,208.93008,141.21782,173.31937,338.69897,120.68986,110.3333,224.57875,188.05588,220.70274,154.43571,130.37907,172.81082,207.60074,128.87944,177.10146,152.97742,200.36832,123.29165,170.61409,108.92414,190.93335
Lao PDR,East Asia & Pacific,Lower middle income,GFDD.EI.08,2.9166741,1.304459,0.9716517,0.9186532,1.9134431,1.412645,1.8908191,2.31056,3.3778281,2.349115,2.1523461,3.3468711,3.22718,3.0736551,2.7773392,2.992671,2.340533,2.60767,2.477247,1.840862,2.6462672,5.203838,3.752202,4.3148503,4.5329804,4.4530125,4.770678,5.4755254,4.737337,8.79766,2.9870284
Lao PDR,East Asia & Pacific,Lower middle income,GFDD.OI.02,4.0919027,4.385148,6.608346,9.73733,11.501901,10.66218,11.70292,16.02249,19.01186,14.1994,16.00982,15.603499,18.666182,18.04117,17.905111,15.821731,16.5772,19.56969,19.62132,24.342201,29.421507,53.176132,74.276634,42.55654,34.218014,26.074213,50.086025,44.459206,56.32997,41.587006,41.13481
Lao PDR,East Asia & Pacific,Lower middle income,SH.STA.BRTC.ZS,88.88717,101.760025,88.61417,91.95823,92.87663,91.07289,92.71764,92.77819,94.32069,83.60849,16.7,19.4,90.33342,86.46501,94.46691,14.6,18.9,91.02292,89.14527,90.53946,37.000004,92.41959,40.100002,97.61603,92.78449,93.89064,98.76568,64.399994,93.81808,98.32504,100.47786
Lao PDR,East Asia & Pacific,Lower middle income,SL.IND.EMPL.ZS,11.054926,2.8,2.91,3.08,3.31,3.52,3.8300002,3.8600001,4.14,4.39,4.56,4.84,5.13,5.3999996,5.68,6.05,6.29,6.93,7.3,7.9,8.32,8.870001,9.56,10.160001,10.44,10.990001,11.35,11.93,12.650001,12.94,12.206412
Latvia,Europe & Central Asia,High income,DT.TDS.DPPF.XP.ZS,5.0645857,10.041707,22.639086,15.688702,15.370015,11.636272,14.825426,9.99665,15.958067,15.008674,9.437605,14.190695,24.699444,10.575906,14.945447,6.0970697,11.33937,4.185642,16.896431,9.250543,14.269403,15.235871,9.253768,18.268274,8.220526,3.4374607,18.473465,15.885109,18.539762,7.109753,14.7677145
Latvia,Europe & Central Asia,High income,EG.ELC.ACCS.ZS,100.0,100.0,100.0,100.0,100.0,100.0,100.0,100.0,100.0,100.0,100.0,100.0,100.0,100.0,100.0,100.0,100.0,100.0,100.0,100.0,100.0,100.0,100.0,100.0,100.0,100.0,100.0,100.0,100.0,100.0,100.0
Latvia,Europe & Central Asia,High income,GFDD.AI.01,3465.5356,6062.259,6005.077,1317.8395,11260.914,4069.6675,14084.772,10521.905,3968.2227,10354.806,6999.7603,3798.1804,11702.564,3358.9487,943.71924,959.2367,1059.4016,1204.2822,1248.7056,1278.7728,1387.5067,1274.861,1326.9458,1373.7524,1348.9253,1326.7601,1262.3513,1395.5889,1343.9257,1252.1027,1265.4698
Latvia,Europe & Central Asia,High income,GFDD.DI.04,97.69359,95.70081,100.53782,94.05851,79.48708,89.65866,94.398926,87.43931,89.04041,93.26032,93.67694,97.354195,96.49664,97.91597,97.77618,98.498184,89.452126,78.66581,99.37197,102.37882,102.92028,87.457924,95.722786,95.349556,96.746826,96.104675,94.47813,92.281204,90.232124,88.18089,80.78796
Latvia,Europe & Central Asia,High income,GFDD.DI.05,58.161556,89.45618,71.71049,94.089325,105.52026,85.57715,86.6243,40.247036,64.93927,69.81164,66.05638,112.03123,98.35197,62.435253,76.58834,72.34974,84.62548,98.53412,96.455,69.07511,50.87357,46.40292,43.5906,42.77549,60.5736,62.47729,64.36401,62.6287,64.16027,65.239204,76.393196
Latvia,Europe & Central Asia,High income,GFDD.DI.06,4.6234,-1.8956243,7.6443624,7.599049,6.2762556,1.380411,0.6785239,1.9217789,1.9161971,1.3089241,1.5220821,0.8251778,1.2886031,0.92164606,1.1924881,1.031045,4.333132,9.103539,5.4419327,8.080793,1.7570648,4.145648,3.2861679,6.3531733,3.7708056,2.1202888,2.9797418,3.820721,4.22933,4.8780932,8.972457
Latvia,Europe & Central Asia,High income,GFDD.DI.11,12.7783,7.3263454,3.7211745,6.5227127,3.022675,6.9169216,14.29037,1.2511231,1.4072727,1.5082282,1.5514983,1.5244051,1.4949434,1.503877,1.397223,1.3783138,1.4160053,1.4533062,1.6066782,1.8954823,2.8484404,2.5693395,2.5276535,2.3319962,2.442643,2.6195555,2.373897,2.6152973,3.201766,4.6540966,5.0540586
Latvia,Europe & Central Asia,High income,GFDD.DM.11,39.52083,19.219929,24.372074,21.766766,31.20177,30.628191,33.97689,18.526493,27.006582,4.620597,5.743321,4.170205,5.598901,7.00524,6.120647,5.900168,5.6985,5.2236156,4.607807,5.914522,6.462,6.612176,8.718017,9.40325,25.13153,38.25193,43.629948,50.499653,38.132267,37.933697,51.74907
Latvia,Europe & Central Asia,High income,GFDD.EI.08,4.52218,4.687527,3.340391,20.08596,2.877073,3.25967,3.323391,2.143613,1.260604,2.068972,2.5416498,2.968866,2.653121,3.562551,2.829664,2.3275762,1.941863,1.387431,4.819,3.6312637,4.433884,3.491224,3.59416,3.419929,3.132169,4.004537,4.280423,3.557607,2.462821,2.029548,3.307244
Latvia,Europe & Central Asia,High income,GFDD.OI.02,38.494938,34.461426,36.0666,39.798096,37.1168,11.893261,11.75626,14.880661,14.60428,14.886161,18.37828,20.786001,22.82573,25.43446,29.299297,34.024498,38.475487,34.3625,30.52503,39.994587,44.548927,39.20797,36.826458,40.02372,39.63887,41.5715,43.588577,42.46893,41.61071,43.01532,51.1189
Latvia,Europe & Central Asia,High income,SH.STA.BRTC.ZS,100.0,100.0,100.0,100.0,100.0,100.0,100.0,100.0,100.0,100.0,100.0,99.00001,100.0,99.00001,100.0,100.0,100.0,99.4,99.100006,98.899994,98.799995,98.6,98.6,98.4,98.100006,99.9,99.9,99.9,98.89469,101.00542,103.78671
Latvia,Europe & Central Asia,High income,SL.IND.EMPL.ZS,25.934721,30.729998,29.16,28.2,28.15,27.64,27.25,25.83,27.05,25.76,26.76,26.27,25.540003,27.07,26.94,26.48,27.37,28.63,29.4,24.34,23.07,22.910002,23.48,23.92,23.85,23.65,24.11,23.31,23.66,23.72,31.635979
Least developed countries: UN classification,,,DT.TDS.DPPF.XP.ZS,17.555899,18.381428,12.226811,11.777181,12.220912,13.829989,14.533238,13.241185,15.759854,13.870529,12.476424,13.4745865,9.7521925,9.904579,9.026227,7.0672326,7.008087,6.2830977,3.5309703,5.398983,3.5515406,3.505988,4.5663476,5.5759916,6.044148,7.4593887,9.41351,8.101043,8.346341,9.966942,10.249731
Least developed countries: UN classification,,,EG.ELC.ACCS.ZS,37.74364,60.505215,39.47009,40.642906,31.868322,44.92386,50.957836,40.36573,57.974567,43.27717,20.075119,20.89132,22.911373,24.403658,25.030384,26.205503,28.846058,29.578455,30.866133,32.51196,33.088177,34.812405,38.296387,38.377213,39.6181,42.534027,46.452274,50.34206,52.1894,52.929005,54.69638
Least developed countries: UN classification,,,GFDD.AI.01,3230.1643,5432.482,2570.6665,771.88745,5540.65,2396.6455,2896.1265,6231.6475,5257.588,6957.9634,12723.687,7922.275,1271.7382,9523.447,6880.11,7840.5923,1999.7975,2955.6577,-601.9068,361.8306,-161.26277,10202.68,-4999.817,16650.361,6788.754,6034.668,2866.5247,3795.2087,9895.011,4790.8613,3648.4148
Least developed countries: UN classification,,,GFDD.DI.04,76.3298,59.516537,68.49355,40.378056,75.0294,72.16411,73.57524,72.319824,47.4051,66.54901,71.356224,67.81424,82.46073,69.218506,82.42375,85.524826,69.5869,55.36026,81.41493,77.100044,79.69366,66.30257,66.98252,85.258575,79.11498,88.22409,77.14953,71.8738,59.78948,72.36299,81.48928
Least developed countries: UN classification,,,GFDD.DI.05,87.41455,70.2434,71.66187,48.423683,73.9159,65.93659,73.88189,78.360954,99.91291,79.9246,58.131466,82.73383,73.58657,75.69028,59.225662,102.272224,70.68575,105.02231,111.92789,55.516388,79.89123,80.02707,34.85028,73.25526,64.27759,133.27673,57.242126,90.8914,111.566475,125.021065,111.01475
Least developed countries: UN classification,,,GFDD.DI.06,8.741903,3.8665025,4.580677,2.7276063,9.950909,8.838416,5.5699773,4.6067457,-0.5290028,-6.3726244,5.2279983,6.472285,1.8469112,4.0977287,3.3370543,7.398346,2.755455,6.065695,7.963665,0.08894887,5.0822787,2.829214,-4.4378686,1.6354895,5.0287147,2.406756,5.986937,5.467634,5.864062,2.746408,0.7375432
Least developed countries: UN classification,,,GFDD.DI.11,13.725047,9.218464,14.323397,28.097706,15.702757,7.5979667,19.574818,13.657222,15.2955265,14.206248,19.45177,16.065563,13.506332,15.699147,15.479265,23.227238,16.99248,12.444097,17.43871,19.879866,7.668342,20.527786,11.103922,18.780478,15.4770565,17.897972,13.922261,21.473682,37.1732,28.643848,17.20778
Least developed countries: UN classification,,,GFDD.DM.11,19.752186,33.79352,52.68547,15.8254795,41.464848,42.487644,40.00917,21.830008,27.279516,35.8753,33.323074,34.932823,23.580416,-3.1514094,36.302387,28.7723,47.995575,55.71175,41.775135,49.019802,65.732735,46.19457,40.046177,49.813263,49.381104,43.12349,38.666595,39.02609,41.217262,51.779884,35.4063
Least developed countries: UN classification,,,GFDD.EI.08,14.495862,8.424551,10.563016,16.85402,15.878203,11.0669,13.293837,13.138531,9.724954,15.140022,11.2551565,6.881513,6.899203,10.070032,14.532056,7.110187,10.57107,9.326287,18.57688,16.849466,10.825861,15.758565,18.601347,10.267756,23.759354,11.519239,24.497412,14.560374,13.220921,22.644342,11.028586
Least developed countries: UN classification,,,GFDD.OI.02,39.381153,34.300926,41.062885,41.081036,51.621532,41.071274,30.996382,37.89483,32.50907,30.167551,32.698868,48.70897,39.03431,38.46535,33.726654,49.524563,35.68065,38.349934,41.092247,38.977257,87.498375,34.691757,47.53501,42.905495,46.95589,51.52909,42.91564,47.403435,36.810097,52.398,44.335793
Least developed countries: UN classification,,,SH.STA.BRTC.ZS,91.32741,97.271286,93.99195,96.9184,99.32948,101.419106,96.18228,101.057434,99.60851,101.82408,30.143255,104.89892,100.36882,99.93336,99.10939,97.64741,102.981094,100.35802,98.14307,99.02368,45.477303,98.530396,101.73061,100.35172,94.13147,104.0126,101.58133,114.51634,61.328186,99.054794,98.35813
Least developed countries: UN classification,,,SL.IND.EMPL.ZS,9.632988,8.441016,8.337166,8.229889,8.0880165,8.074854,8.067247,8.198579,8.326023,8.464389,8.618807,8.834047,9.066649,9.3167715,9.531007,9.792031,10.101817,10.367139,10.631043,10.9098425,11.245691,11.446812,11.727725,11.945027,12.242076,12.365921,12.392302,12.429874,12.591295,12.651396,14.608485
Lebanon,Middle East & North Africa,Lower middle income,DT.TDS.DPPF.XP.ZS,31.031757,17.068369,28.394825,47.127174,29.33978,42.346375,31.163857,29.657139,15.2133465,24.17971,28.807814,21.734497,28.838497,23.367783,31.54998,20.75064,23.886082,21.536024,17.181143,19.628366,17.606928,21.005816,17.624956,15.5760765,18.531507,17.90681,20.355139,21.71262,21.56666,23.784899,3.5160837
Lebanon,Middle East & North Africa,Lower middle income,EG.ELC.ACCS.ZS,102.6753,96.31585,105.63317,111.67805,99.94171,87.82707,99.96067,97.36614,105.65507,93.95296,99.35159,99.346565,99.333954,99.31611,99.90001,99.27411,99.38382,97.8,99.90001,99.23449,99.47441,99.68401,99.50676,99.49552,99.48232,99.58318,99.725624,99.87984,99.7,99.97488,100.0
Lebanon,Middle East & North Africa,Lower middle income,GFDD.AI.01,5587.3438,3168.4548,-1077.6895,3074.4373,11991.308,4479.724,14474.298,10015.4795,12826.123,7650.8643,11751.909,6880.9585,6691.759,6013.913,6112.5854,667.0434,678.97797,696.18005,736.9127,766.7705,773.4201,766.6885,711.865,647.72015,625.30023,610.96875,583.0168,578.16943,558.5175,531.6359,492.665
Lebanon,Middle East & North Africa,Lower middle income,GFDD.DI.04,78.65637,92.32745,95.97563,95.45237,99.29367,99.03958,98.4005,96.81918,97.98466,98.33294,94.42039,85.73228,91.25604,77.07811,76.81356,76.020355,78.87287,80.92562,82.80946,83.369835,83.17223,82.473236,81.79765,84.687,84.06729,81.11625,75.61615,73.95075,96.92847,97.45228,87.70505
Lebanon,Middle East & North Africa,Lower middle income,GFDD.DI.05,193.7314,126.315796,117.654205,113.37051,121.8497,120.43301,134.4088,142.55511,153.5003,170.93811,189.2191,198.8589,198.0379,213.4953,223.0827,229.4481,241.4366,240.76022,235.6071,231.8359,239.31831,243.03502,235.7169,236.5073,244.10321,246.567,258.0722,259.16602,371.74603,207.36317,254.66687
Lebanon,Middle East & North Africa,Lower middle income,GFDD.DI.06,30.76148,6.261631,3.310659,3.4144342,0.64876163,0.9323708,1.8699039,3.8862228,2.880695,2.769309,10.33666,28.30853,16.42893,43.06463,45.588593,47.203133,43.79828,37.27271,33.133907,30.04619,31.38311,33.77117,34.85646,30.517761,32.5703,39.916492,53.81608,56.89103,58.359188,27.484076,28.633345
Lebanon,Middle East & North Africa,Lower middle income,GFDD.DI.11,23.14793,13.937662,2.6703775,13.5714445,10.910369,9.459373,22.614832,9.980189,31.925123,29.374645,25.828878,4.5071454,6.898991,8.121272,23.440218,6.577185,7.06173,7.681177,7.4126215,7.5865507,8.011662,8.486642,8.473267,8.55651,8.908417,8.794115,8.9804325,9.079562,9.102428,9.435596,22.781038
Lebanon,Middle East & North Africa,Lower middle income,GFDD.DM.11,20.765844,58.94119,30.824446,39.29289,55.672726,65.41048,44.233456,124.9952,43.087875,49.890434,30.302452,54.231037,47.470474,38.38864,56.184994,46.651302,34.417767,96.86836,54.782005,71.415276,44.869324,42.8934,44.79477,74.66036,78.8276,48.16057,48.953724,40.94838,52.46733,47.948658,58.299515
Lebanon,Middle East & North Africa,Lower middle income,GFDD.EI.08,35.37268,32.12658,33.06818,31.007471,45.76252,44.70134,59.8843,55.352493,69.39478,42.57923,46.221992,46.981697,55.325962,71.53184,55.034348,49.58765,62.039726,60.64467,49.354774,47.428806,63.6864,73.19315,70.695206,66.36375,72.101555,68.34428,67.81077,60.121643,0.3330711,62.33746,68.64476
Lebanon,Middle East & North Africa,Lower middle income,GFDD.OI.02,176.7699,115.119896,109.5877,104.1923,115.86661,114.76199,127.8522,137.3481,148.47751,165.1367,182.86781,192.55911,192.05661,204.10031,214.0178,221.0379,233.03691,232.3998,227.5971,223.7112,230.77501,236.55981,229.1568,229.64511,237.09772,239.1392,250.11932,250.3682,193.10524,173.58762,207.71014
Lebanon,Middle East & North Africa,Lower middle income,SH.STA.BRTC.ZS,95.52884,99.83172,98.95715,99.569954,100.36699,100.51667,89.0,101.135765,106.041115,98.34242,99.9,100.26684,103.839165,98.180084,98.200005,102.713715,97.545334,99.056694,105.18956,99.385155,105.21455,102.36627,100.02134,114.615204,108.19711,99.63234,101.76688,97.14219,102.47816,99.205894,98.66935
Lebanon,Middle East & North Africa,Lower middle income,SL.IND.EMPL.ZS,33.352173,24.36,24.87,25.2,25.29,25.38,25.34,24.94,25.0,24.65,24.430002,24.38,24.27,24.210001,24.560001,24.48,24.39,25.03,25.540003,26.2,26.280003,26.13,26.01,26.12,25.83,25.33,25.060001,24.7,24.24,23.59,26.673151
Lesotho,Sub-Saharan Africa,Lower middle income,DT.TDS.DPPF.XP.ZS,4.15967,4.4732842,5.1891313,5.273855,5.3671217,6.0645,5.5599656,6.503387,8.516942,10.119297,7.4732723,8.146703,7.729556,5.455598,3.6605642,5.701951,3.044881,5.904617,2.2314205,2.5959601,2.0921695,2.0908537,2.4404275,2.9388213,3.087027,3.687708,3.8925612,3.3369405,3.736666,4.449758,5.1580625
Lesotho,Sub-Saharan Africa,Lower middle income,EG.ELC.ACCS.ZS,32.800323,29.047602,20.951807,26.474094,28.553432,36.158516,31.18406,27.786983,27.756317,24.981659,4.25876,1.2522693,3.3616588,5.465813,6.8,9.667811,9.7,13.877541,15.991896,16.999998,16.999998,22.405441,20.56,26.766014,27.8,31.677334,35.07159,33.7,47.0,44.50021,47.352737
Lesotho,Sub-Saharan Africa,Lower middle income,GFDD.AI.01,9105.039,378.91864,3817.6875,9109.868,2253.1775,5724.3413,4399.979,21149.326,6172.3,332.28088,2564.0286,3852.8984,5508.0107,4884.87,214.05302,258.2396,340.8575,210.07866,212.07655,223.3872,283.50577,354.85416,286.48242,316.09915,326.28625,348.9692,363.51315,385.38977,413.8256,391.9121,414.78143
Lesotho,Sub-Saharan Africa,Lower middle income,GFDD.DI.04,58.70227,44.80719,78.68749,70.486084,77.48863,73.163536,72.62713,86.74947,87.46516,92.45963,92.65657,86.09402,90.09657,88.716255,82.58266,83.793396,84.31691,86.12202,77.67924,86.8601,90.486275,92.457664,89.75795,85.37735,86.16226,84.55226,84.41969,88.178734,90.74504,93.81487,90.850075
Lesotho,Sub-Saharan Africa,Lower middle income,GFDD.DI.05,40.640728,35.54654,32.256237,34.24957,33.253483,31.33621,32.79573,33.2915,34.46143,30.08733,27.62254,28.032421,26.5147,26.23518,24.334679,24.232851,28.77828,34.44128,33.457962,38.95847,40.21169,35.67287,35.13456,37.92134,33.987,33.66181,30.75904,39.39849,40.275898,34.39148,38.136547
Lesotho,Sub-Saharan Africa,Lower middle income,GFDD.DI.06,19.15683,30.48218,5.793489,9.506873,7.653764,8.173516,8.077861,3.8996842,3.068996,2.1964931,1.930018,3.659838,2.5049639,2.154958,2.360089,2.258656,2.277882,2.410636,3.80899,2.273441,1.694295,1.471518,2.5656888,3.876745,3.437939,3.7973537,3.785778,3.074827,2.485719,1.758544,2.56266
Lesotho,Sub-Saharan Africa,Lower middle income,GFDD.DI.11,4.8919544,14.528427,21.195518,1.1608338,11.650946,10.4280615,6.1775026,14.845577,9.853926,5.8427844,7.7799253,12.559945,10.72145,3.057575,9.521434,11.051539,13.11591,8.028001,20.262684,15.770924,14.119211,13.988022,15.104126,15.709057,15.647257,15.984148,16.683237,18.802149,18.58282,33.528072,24.649536
Lesotho,Sub-Saharan Africa,Lower middle income,GFDD.DM.11,68.910164,87.84712,50.363625,60.991234,81.15934,98.31981,65.440384,59.50183,60.08077,54.504128,42.229496,49.642838,143.18532,57.141964,102.03464,65.98273,55.767025,93.53739,34.51756,86.10652,60.43455,57.600933,52.12013,94.98701,55.467052,76.405945,175.77245,117.877266,75.03269,80.74804,117.69256
Lesotho,Sub-Saharan Africa,Lower middle income,GFDD.EI.08,11.06508,8.496593,5.837322,4.79176,4.371148,4.3870153,5.425406,4.492884,5.578853,12.845429,11.188379,10.911329,11.32811,12.799159,6.796617,5.1498966,5.689211,4.8130183,3.3598382,2.4987879,2.7254171,3.717165,3.920963,2.735476,2.187974,2.691835,2.65495,3.118779,4.106238,6.131154,6.957565
Lesotho,Sub-Saharan Africa,Lower middle income,GFDD.OI.02,36.765877,33.643677,30.574379,32.647167,31.567818,28.810461,30.49408,31.106947,31.61209,27.64763,24.987951,23.06327,22.33502,22.210121,20.29434,20.45504,24.663141,30.27459,29.739307,34.30525,35.837147,31.801338,31.254969,33.70553,30.214039,30.165956,27.59198,35.65599,36.978706,31.010948,34.38913
Lesotho,Sub-Saharan Africa,Lower middle income,SH.STA.BRTC.ZS,91.66256,93.52517,86.31834,60.899998,37.6,92.2272,95.66248,88.025024,94.74764,88.75612,48.1,92.71991,92.147354,90.50948,55.4,55.4,97.79117,91.88084,90.449486,61.499996,101.3996,90.17199,93.477394,62.19322,77.9,89.825806,90.16521,88.9638,86.6,92.10751,88.51675
Lesotho,Sub-Saharan Africa,Lower middle income,SL.IND.EMPL.ZS,21.795784,12.97,12.990001,13.020001,13.010001,13.010001,13.030001,13.05,13.04,13.000001,13.06,13.29,13.46,13.43,13.510001,13.46,13.61,13.6,13.660001,13.59,13.510001,13.57,13.57,13.59,13.640001,13.73,13.7,13.510001,13.44,13.31,16.782679
Liberia,Sub-Saharan Africa,Low income,DT.TDS.DPPF.XP.ZS,1.4893183,44.2971,38.19657,71.2443,25.512741,66.63454,32.72778,45.306217,37.667442,41.24521,20.787685,36.49214,35.71951,37.258812,0.43117934,0.51969445,0.4113168,114.38676,119.68006,5.811781,1.7099786,0.74606943,1.1728442,0.9371202,2.3982587,7.925306,1.2013853,1.7423965,2.8024597,5.520561,9.648379
Liberia,Sub-Saharan Africa,Low income,EG.ELC.ACCS.ZS,21.217192,12.221752,37.328022,15.342305,29.866886,16.284227,12.824562,9.829057,15.968899,19.443136,17.661476,16.056835,10.92762,18.757683,16.433558,20.150272,26.566895,3.0,1.2792896,1.9,5.1626644,4.1,9.107472,9.8,9.4,15.161735,17.699999,24.2,22.879131,23.099998,27.53471
Liberia,Sub-Saharan Africa,Low income,GFDD.AI.01,13509.885,10061.6045,5410.144,10631.719,7438.475,9723.35,13576.423,10093.595,12168.068,9718.361,15952.067,11087.079,10929.069,11281.284,10723.3125,9841.09,11845.465,14483.581,4948.6924,8041.333,12775.206,7933.307,11705.398,15032.007,8544.061,18525.832,13909.882,7672.99,6783.9995,17195.074,8242.599
Liberia,Sub-Saharan Africa,Low income,GFDD.DI.04,25.116323,59.97783,46.0228,17.542776,37.821175,47.794476,23.863169,21.78916,41.42146,59.465603,2.982488,3.521963,3.448911,3.422887,4.032106,4.747081,5.7100177,6.942932,9.068085,12.32309,39.1097,44.707607,46.77388,52.309628,51.490498,53.17356,51.257957,56.71008,53.144512,52.85371,45.60543
Liberia,Sub-Saharan Africa,Low income,GFDD.DI.05,36.12281,28.644152,43.22287,51.588142,32.957386,41.41043,25.57779,55.271763,36.893517,38.869595,7.14117,6.473869,5.121128,7.706813,9.6582985,11.82918,13.33964,14.83887,16.45346,20.738379,22.887249,26.36205,22.649809,23.82678,22.144701,23.49035,22.21414,20.48672,21.47364,21.07223,21.88403
Liberia,Sub-Saharan Africa,Low income,GFDD.DI.06,31.261679,68.12022,96.58163,75.76672,61.121418,51.42336,63.50123,18.308146,47.374184,68.51396,103.9041,94.982216,102.492195,119.3045,115.7309,104.747795,98.24866,85.25422,68.079605,67.54858,15.84279,13.958159,12.920791,12.76365,13.06979,14.0632305,15.7092495,14.20576,17.40295,16.91651,20.04823
Liberia,Sub-Saharan Africa,Low income,GFDD.DI.11,20.931732,12.688228,11.725689,9.373972,2.5898068,3.5456843,3.778725,10.561118,2.459074,15.252633,5.2785606,2.0831187,11.069956,7.9434075,3.1057074,7.177287,2.3240507,10.4662485,4.849013,10.770279,14.034994,-0.10623569,11.259057,5.69006,1.2404579,1.5171545,2.5242622,2.9201007,16.162294,8.355346,6.4738035
Liberia,Sub-Saharan Africa,Low income,GFDD.DM.11,26.953882,57.663822,35.705082,29.07818,29.932531,42.589287,25.621828,45.39092,50.363907,43.037678,90.76226,54.387165,45.91816,35.101013,-7.34822,40.88045,26.929083,41.94981,22.926502,70.85718,42.376575,74.84859,47.90717,28.706104,38.83422,44.951527,41.347317,36.66183,43.830933,96.88637,44.88552
Liberia,Sub-Saharan Africa,Low income,GFDD.EI.08,29.637125,51.634754,49.65261,53.497765,50.79265,51.239677,36.033745,56.877853,28.420786,53.322716,53.17509,71.27998,49.00999,39.79433,39.492397,28.705908,36.661427,72.78925,41.84716,25.71741,73.17574,45.830612,54.177067,56.550312,56.855145,61.112324,57.52909,53.91818,45.249516,55.247776,52.054783
Liberia,Sub-Saharan Africa,Low income,GFDD.OI.02,27.901857,22.3823,23.741835,-1.8852787,12.20875,21.143497,25.024057,13.348673,15.346875,20.04023,3.653889,2.9014058,3.1823468,4.331192,5.952179,7.776118,9.1718235,10.517361,12.55137,16.65298,18.638529,21.67038,18.770311,20.25052,17.94809,19.5396,18.24649,16.43019,17.53307,17.20292,17.91815
Liberia,Sub-Saharan Africa,Low income,SH.STA.BRTC.ZS,95.5306,93.701866,100.04691,92.49599,92.2688,90.98641,94.98365,54.03213,95.43574,97.66305,50.9,91.59133,95.80664,93.63926,96.06794,93.27079,94.96119,46.300003,95.257484,91.02058,96.52531,97.70574,98.942444,61.100002,93.93432,102.55406,97.70759,95.17155,101.15692,94.719406,84.4
Liberia,Sub-Saharan Africa,Low income,SL.IND.EMPL.ZS,15.699119,12.17,11.56,10.990001,10.490001,10.040001,9.790001,9.94,10.150001,10.390001,10.650001,10.94,11.000001,10.880001,10.86,10.82,10.81,10.790001,10.770001,10.770001,10.790001,10.81,10.82,10.81,10.750001,10.640001,10.48,10.390001,10.280001,10.150001,14.788855
Libya,Middle East & North Africa,Upper middle income,DT.TDS.DPPF.XP.ZS,33.12176,16.736876,11.877274,30.573889,16.227283,52.89943,26.122652,2.8639734,9.658832,10.9613285,23.77906,23.662035,12.961759,18.1044,22.342815,18.166142,7.496117,16.324245,15.544981,10.51713,16.306355,31.88741,14.7980385,22.600842,25.22375,22.008024,15.732701,14.708837,12.189775,17.6373,24.3857
Libya,Middle East & North Africa,Upper middle income,EG.ELC.ACCS.ZS,108.886475,93.59279,105.6434,108.66534,101.865875,98.607216,96.3057,90.831116,111.104485,105.56524,99.8,97.14706,95.42337,93.69444,91.96264,90.230286,88.49982,86.773865,85.05514,83.34636,81.65022,79.96945,78.30675,76.66387,75.0388,73.42857,71.83022,70.24077,67.0,68.6424,69.70735
Libya,Middle East & North Africa,Upper middle income,GFDD.AI.01,-4144.089,10120.657,6113.5176,5559.6787,18491.264,6469.3145,11597.274,3744.509,9126.888,24610.205,5250.5527,4943.2114,5505.6304,6378.475,654.768,640.62225,627.2941,616.37524,611.6305,625.5185,637.9472,791.94464,866.02545,9765.647,7079.831,5651.8374,9470.834,7725.758,5815.09,1794.1528,8440.711
Libya,Middle East & North Africa,Upper middle income,GFDD.DI.04,42.65417,39.80018,42.10045,43.345543,41.80186,41.06575,38.397358,45.595078,44.47969,50.7419,43.25905,48.70447,49.778828,49.782207,71.70915,63.10826,61.8881,53.637943,72.57574,62.46035,58.12059,53.03564,63.8355,65.80661,38.304962,67.42924,73.48226,21.34688,19.41467,21.19094,90.588486
Libya,Middle East & North Africa,Upper middle income,GFDD.DI.05,64.31309,57.974895,63.583965,68.8684,73.50381,75.157486,66.57278,59.351555,61.315426,55.27269,48.51145,48.0597,40.46219,33.34359,29.61746,26.56471,25.995369,30.392448,42.78396,71.25803,51.64331,142.8431,62.60109,101.461205,216.1638,315.7433,355.424,252.30452,183.74521,188.7235,449.954
Libya,Middle East & North Africa,Upper middle income,GFDD.DI.06,61.92255,64.976456,58.3848,60.45325,63.56379,64.34153,57.73515,50.8294,53.50167,42.13877,47.99823,45.99186,31.730982,25.789871,6.2356696,6.328898,6.319129,8.547548,4.4688888,11.7057705,10.8199,29.21899,9.15162,14.490469,103.2328,50.461273,55.411522,160.2282,125.54121,122.864105,77.80366
Libya,Middle East & North Africa,Upper middle income,GFDD.DI.11,11.959789,5.8205366,14.736845,10.883193,4.8917556,10.735692,9.476848,5.8468246,2.8245833,9.387925,10.630897,10.699,17.946836,14.135105,19.966686,2.7366223,16.907415,12.493404,14.060127,4.6605015,16.166798,5.1423573,9.951467,19.297083,15.219825,14.858891,14.113436,10.323861,11.596966,10.027983,13.183159
Libya,Middle East & North Africa,Upper middle income,GFDD.DM.11,70.48285,63.039787,128.67882,113.250275,68.0019,49.607174,53.839836,82.86143,62.243374,75.0098,81.14079,62.567673,48.646034,55.769447,63.429363,68.84585,91.51653,71.03169,48.656364,72.70474,74.55014,50.499996,64.71085,43.123295,41.77553,76.76241,94.713234,42.818153,91.26642,92.246216,71.64644
Libya,Middle East & North Africa,Upper middle income,GFDD.EI.08,17.40421,16.19607,15.36871,15.89342,15.12706,14.17997,13.680329,20.291578,20.560099,19.50099,16.166908,24.09986,14.28778,12.819379,5.4996986,3.468493,3.717819,3.7164419,3.2876341,6.145949,4.9328704,11.729349,5.352623,7.986738,18.50375,29.46564,26.9244,14.51864,10.008029,12.32977,33.16025
Libya,Middle East & North Africa,Upper middle income,GFDD.OI.02,33.468216,33.26598,36.73081,38.41448,44.300617,45.629936,40.55665,36.675087,39.92489,38.14557,33.2613,32.17885,28.1131,23.75732,21.72754,18.891432,19.01141,23.76149,35.84686,55.80672,41.8823,100.3396,46.68648,78.58273,154.37311,210.61601,242.09473,174.9085,120.3822,118.7975,295.3071
Libya,Middle East & North Africa,Upper middle income,SH.STA.BRTC.ZS,99.23791,89.22985,91.93658,103.23576,103.55704,94.399994,105.16176,100.61226,96.30238,99.00001,100.94904,106.36923,100.71808,94.26944,99.32531,92.756775,111.05927,98.3,99.8,105.214035,99.9,99.9,99.9,99.9,95.88565,96.36326,90.392815,92.30051,102.56997,99.5505,103.261185
Libya,Middle East & North Africa,Upper middle income,SL.IND.EMPL.ZS,32.784027,27.690002,27.46,27.47,27.410002,26.86,26.87,26.7,26.39,26.820002,27.0,26.65,26.690002,27.47,27.59,28.410002,28.79,29.060001,29.49,29.57,29.48,27.75,26.83,25.25,23.820002,22.88,22.44,23.62,24.39,24.430002,30.016415
Liechtenstein,Europe & Central Asia,High income,DT.TDS.DPPF.XP.ZS,8.39714,15.915647,18.68889,13.591449,19.441307,6.376881,10.997879,22.568584,12.023779,15.66925,11.258128,8.925953,11.621102,11.229309,14.167345,-3.1283329,10.297441,9.511933,17.80028,10.64848,-7.767952,9.895743,11.97666,9.68048,14.831652,9.228257,11.979379,7.5154815,12.47503,8.963823,9.372558
Liechtenstein,Europe & Central Asia,High income,EG.ELC.ACCS.ZS,100.0,100.0,100.0,100.0,100.0,100.0,100.0,100.0,100.0,100.0,100.0,100.0,100.0,100.0,100.0,100.0,100.0,100.0,100.0,100.0,100.0,100.0,100.0,100.0,100.0,100.0,100.0,100.0,100.0,100.0,100.0
Liechtenstein,Europe & Central Asia,High income,GFDD.AI.01,14412.175,9491.799,16187.175,14922.531,18158.656,14961.21,9195.318,8402.781,24618.406,6814.8926,14848.23,13338.421,12041.429,7950.065,8989.236,8617.368,7190.3516,4240.1616,9920.004,15963.941,15304.811,16171.437,11885.23,7299.745,7492.3813,19083.518,17486.06,14218.219,9263.3955,13496.759,5834.7227
Liechtenstein,Europe & Central Asia,High income,GFDD.DI.04,46.115913,86.80565,49.06707,67.92826,29.928387,74.422226,65.01616,80.089615,47.44065,41.834717,76.67466,48.033806,43.089005,39.727936,57.482105,63.05903,64.39334,56.719685,60.10372,84.995674,73.08033,60.679264,70.84134,86.05221,75.36575,86.565414,67.84162,72.52783,67.57074,80.84081,75.11137
Liechtenstein,Europe & Central Asia,High income,GFDD.DI.05,83.13319,72.453064,96.44797,101.26302,76.67815,92.99574,103.494064,112.0496,98.31837,73.56251,122.19174,64.84809,60.617542,83.94438,70.32547,117.28705,70.35621,87.94645,103.77102,138.35875,112.73992,105.996376,104.602486,95.32589,95.995384,113.774765,167.48053,118.585625,80.5741,108.28132,107.69689
Liechtenstein,Europe & Central Asia,High income,GFDD.DI.06,23.61414,60.0782,44.12134,25.978294,20.769304,40.2825,34.989742,48.01291,28.436892,14.298154,30.922579,49.181717,41.830956,42.12996,50.212402,43.805344,26.018003,23.424887,48.140198,21.509954,48.551476,51.2976,26.426651,30.442154,44.158432,31.822285,16.487434,50.12916,48.32762,45.94519,40.342392
Liechtenstein,Europe & Central Asia,High income,GFDD.DI.11,5.129699,4.476144,1.8073084,9.877973,6.8058786,6.292766,7.3363724,10.936582,4.8864384,6.1339326,-1.1286492,5.0922275,10.891744,8.50515,8.785625,3.1734898,1.8277926,10.653433,7.029153,8.758901,9.820972,9.086995,9.908137,13.664619,10.2407255,3.3361697,5.4052043,7.0627317,8.220605,8.009051,10.0738535
Liechtenstein,Europe & Central Asia,High income,GFDD.DM.11,85.70667,75.247765,62.977966,80.63342,35.0931,24.080408,16.90202,69.20588,57.247643,52.66745,47.865562,80.24325,61.00463,52.6995,54.02905,138.35034,83.14819,60.119995,48.952766,23.999453,73.9366,81.31751,101.55394,61.355614,55.12851,83.965,51.974197,69.17983,54.324127,48.080196,56.02007
Liechtenstein,Europe & Central Asia,High income,GFDD.EI.08,33.983463,18.940338,22.8357,24.234327,43.859795,13.85056,9.531552,23.434727,17.680254,28.39134,19.195662,24.342424,16.176598,25.598354,19.232943,37.049656,23.985392,19.19048,27.137884,41.90484,22.668432,18.208788,20.979834,36.36328,53.283237,35.38742,32.500275,36.147827,22.692095,27.020252,25.249071
Liechtenstein,Europe & Central Asia,High income,GFDD.OI.02,44.904278,49.28298,51.071064,77.60136,66.756775,68.08936,81.445015,85.69678,71.94311,69.22839,95.52182,85.86697,80.629,82.35868,65.79534,84.719284,74.681496,95.456474,82.808495,89.26044,79.39681,87.71969,108.552185,106.831955,100.8687,96.602234,101.98379,86.20459,103.63632,100.86296,120.263306
Liechtenstein,Europe & Central Asia,High income,SH.STA.BRTC.ZS,95.83222,94.65663,87.33814,96.17189,90.69975,94.20332,97.33434,78.90229,91.9344,85.319374,85.59935,83.83774,93.48052,82.64453,90.056595,92.17924,83.50788,94.857414,89.660484,91.440094,91.57126,94.71039,90.11662,84.70616,95.88974,98.78901,80.541084,102.3726,92.623375,101.33731,95.99425
Liechtenstein,Europe & Central Asia,High income,SL.IND.EMPL.ZS,23.436363,27.331808,26.00559,23.241278,25.712765,26.532583,29.738895,27.438787,24.830547,27.317572,26.2949,30.65918,29.8713,22.818344,25.917576,24.336185,26.44832,20.327347,28.893005,28.595198,27.739147,24.332314,25.095034,23.927227,20.445038,30.607618,32.093884,29.804821,28.67301,30.457127,25.078661
Lithuania,Europe & Central Asia,High income,DT.TDS.DPPF.XP.ZS,2.699203,18.524012,27.061562,17.94358,24.19608,18.355024,33.537544,15.431773,13.86619,10.693752,23.721418,29.576519,20.495146,5.306208,16.962809,15.563298,9.934438,23.121317,11.310423,9.833152,19.819273,8.654672,10.4013405,20.977701,20.331888,16.015959,21.861149,27.633896,14.103255,15.828068,11.894246
Lithuania,Europe & Central Asia,High income,EG.ELC.ACCS.ZS,100.0,100.0,100.0,100.0,100.0,100.0,100.0,100.0,100.0,100.0,100.0,100.0,100.0,100.0,100.0,100.0,100.0,100.0,100.0,100.0,100.0,100.0,100.0,100.0,100.0,100.0,100.0,100.0,100.0,100.0,100.0
Lithuania,Europe & Central Asia,High income,GFDD.AI.01,27613.275,15719.547,3667.6523,12797.367,11613.091,13738.178,27814.355,15141.779,9445.202,18213.352,22458.756,11633.267,6555.173,14163.521,10255.57,8879.223,10951.253,13996.092,12342.6875,5732.608,12531.28,10438.925,5567.3433,13548.05,4702.8433,15527.941,9900.067,11285.184,11682.472,10579.603,12550.569
Lithuania,Europe & Central Asia,High income,GFDD.DI.04,118.565575,68.80514,109.256874,105.12028,105.36994,99.29562,99.71653,99.577484,99.82089,99.59756,99.85458,99.86115,99.87478,99.90665,99.90572,99.94566,99.97092,99.97772,99.971535,105.101746,99.972374,99.5589,99.53329,99.676926,99.674904,95.36694,92.396385,91.6306,91.445114,89.660614,80.46832
Lithuania,Europe & Central Asia,High income,GFDD.DI.05,66.056656,100.881134,60.667267,81.56098,51.46371,83.26658,86.6017,54.189102,52.23889,92.36719,57.49605,73.9707,91.41089,55.43725,84.55944,99.698425,126.05641,90.90894,75.82122,90.378845,49.05501,46.00991,46.09676,46.281998,44.853508,58.812675,60.65591,59.066204,61.120785,62.871643,78.03306
Lithuania,Europe & Central Asia,High income,GFDD.DI.06,12.296171,6.820918,3.5016196,4.274691,5.4957833,0.11792391,0.038770497,0.0667075,0.030694699,0.0749651,0.026681202,0.026966099,0.027851,0.026091902,0.031792,0.0248483,0.015653,0.0139762005,0.0186222,5.1092935,0.0178356,0.2458715,0.2454343,0.1626734,0.1558173,2.310842,3.934187,4.070839,4.058021,4.826047,9.974301
Lithuania,Europe & Central Asia,High income,GFDD.DI.11,9.504072,3.7366304,9.539631,4.424822,9.4761095,3.6763096,3.7007444,33.74652,14.445354,6.857469,1.7549646,1.9215611,2.2193475,2.4255261,2.6219468,2.7892382,3.2284145,3.4130244,3.0147214,3.5961242,2.8755252,2.5601614,2.5876558,2.454998,2.797576,3.0621197,4.532029,4.520736,4.543137,4.394405,4.698386
Lithuania,Europe & Central Asia,High income,GFDD.DM.11,40.94119,7.588265,21.693096,28.364355,32.731205,20.187311,24.995972,13.580436,24.204203,0.8390647,4.983727,3.7589011,6.6788683,4.723719,7.328276,13.77379,22.904089,22.84116,17.33967,28.94116,24.92619,12.689401,13.819921,18.00889,15.40141,11.4366,17.414059,25.31574,24.277739,20.96529,22.25309
Lithuania,Europe & Central Asia,High income,GFDD.EI.08,11.879355,10.315529,10.880328,14.57406,7.2251754,6.6087403,9.245044,16.56567,16.045599,14.7766695,18.159819,20.574848,21.428118,18.54895,17.486599,17.316559,13.524139,12.59513,11.824839,16.323767,5.95352,6.009483,5.833554,7.1804605,6.959838,6.011402,5.117015,3.590665,3.0034192,2.799844,3.4520211
Lithuania,Europe & Central Asia,High income,GFDD.OI.02,36.83697,75.759995,53.47158,48.09018,41.958508,13.63103,10.40123,11.604381,12.250951,14.18276,16.88811,19.9267,21.09506,22.427551,27.29027,32.512657,35.05669,36.082676,31.400558,50.424286,41.12174,37.276676,37.303017,37.386337,41.379047,43.306187,44.91916,44.2754,46.53871,47.922756,60.441685
Lithuania,Europe & Central Asia,High income,SH.STA.BRTC.ZS,100.0,100.0,100.0,100.0,100.0,100.0,100.0,100.0,100.0,100.0,100.0,100.0,100.0,100.0,100.0,100.0,100.0,100.0,100.0,100.0,100.0,100.0,100.0,100.0,100.0,99.63283,112.86566,105.97088,134.49573,106.55006,108.48477
Lithuania,Europe & Central Asia,High income,SL.IND.EMPL.ZS,24.424788,30.550001,29.45,28.79,28.320002,28.22,28.11,28.520002,29.07,27.07,26.780003,26.64,27.37,27.24,28.2,29.060001,29.57,30.550001,30.52,26.85,24.560001,24.560001,25.08,25.53,24.72,25.07,25.14,25.13,25.77,25.7,31.912806
Luxembourg,Europe & Central Asia,High income,DT.TDS.DPPF.XP.ZS,13.227959,19.992603,17.176836,42.805244,52.76039,28.47087,32.47771,19.3393,54.434727,42.529232,24.029858,33.002293,30.14946,24.543087,30.450157,14.701393,14.353319,26.321098,15.091055,3.3469408,31.966381,-0.101101525,11.87348,29.29746,12.065827,23.167738,10.187691,15.608398,27.182028,40.25158,49.081314
Luxembourg,Europe & Central Asia,High income,EG.ELC.ACCS.ZS,100.0,100.0,100.0,100.0,100.0,100.0,100.0,100.0,100.0,100.0,100.0,100.0,100.0,100.0,100.0,100.0,100.0,100.0,100.0,100.0,100.0,100.0,100.0,100.0,100.0,100.0,100.0,100.0,100.0,100.0,100.0
Luxembourg,Europe & Central Asia,High income,GFDD.AI.01,11274.094,12213.131,14352.729,24711.15,11348.121,-500.30765,12010.84,11582.454,14011.485,18041.098,12573.869,10854.987,13649.495,1237.2356,7698.9824,6776.407,10505.934,15300.733,8912.191,4531.201,13034.295,7980.694,6181.62,16712.137,8325.429,23651.629,3906.3604,12522.157,10235.779,6390.4243,11626.006
Luxembourg,Europe & Central Asia,High income,GFDD.DI.04,99.221565,99.290565,99.44764,114.22785,98.917984,99.168594,99.172134,99.26321,108.99557,110.84303,95.153946,101.14838,100.194954,104.71556,103.58413,109.15453,107.57192,106.62062,102.382774,103.41525,85.78944,111.3573,110.79588,78.37765,55.537273,98.15567,97.636444,97.215416,97.2314,97.3579,95.85725
Luxembourg,Europe & Central Asia,High income,GFDD.DI.05,277.5666,244.3083,298.53882,0.9964581,296.82483,285.4231,311.9917,320.4873,556.25385,673.0388,473.5207,857.68823,862.7452,866.91016,857.5674,865.563,854.6236,927.4318,896.2333,747.7322,634.4688,708.8638,630.67,565.46466,576.31464,628.2961,636.42645,628.3061,634.1251,660.5718,688.52405
Luxembourg,Europe & Central Asia,High income,GFDD.DI.06,0.8219443,0.721835,0.6473721,0.99645823,0.9269494,0.79055566,0.7419577,0.6744153,-3.858403,-0.40739906,11.423286,6.29288,4.206269,5.1383085,1.1443002,0.81144077,2.329358,4.8305645,2.5001848,0.28096315,6.6497536,-0.16989976,4.1169686,11.342061,10.432997,1.867301,2.5031989,3.068656,3.172515,3.1114361,4.808385
Luxembourg,Europe & Central Asia,High income,GFDD.DI.11,141.43034,170.77174,103.862785,128.99753,102.07377,86.57798,115.7562,140.24844,158.53496,169.91634,178.75208,182.66837,175.34619,186.39748,198.68117,147.38336,136.27225,159.38199,140.70914,152.6063,162.75334,134.1692,142.23451,152.04167,168.33432,151.73065,111.076836,175.1606,150.96886,160.8131,160.16939
Luxembourg,Europe & Central Asia,High income,GFDD.DM.11,48.7623,59.50998,152.73463,17.10911,36.12009,87.25383,98.83549,76.898865,25.310444,89.70826,111.937195,81.951805,56.985455,65.25852,34.449486,83.41462,26.003983,135.67079,66.15851,74.61285,226.85335,63.17443,110.28909,263.9892,68.736305,111.11098,122.16551,135.3161,69.87596,223.77933,64.3169
Luxembourg,Europe & Central Asia,High income,GFDD.EI.08,9.446482,7.3437324,24.6596,5.2509017,8.707125,10.088122,11.316884,8.88011,8.757618,4.431682,4.108538,4.397005,4.106178,4.922355,4.217899,4.13791,4.283828,4.412635,6.808373,7.0369983,7.674037,7.38435,7.516189,7.6892543,7.862321,7.602189,6.6823153,6.192325,5.6376343,5.97249,5.481061
Luxembourg,Europe & Central Asia,High income,GFDD.OI.02,276.74472,243.58652,297.89142,303.9136,295.8978,284.6325,311.1121,319.6757,322.27002,308.8759,331.3277,339.84842,338.96262,347.4321,354.35678,401.38388,419.1479,454.33682,462.12952,347.23032,329.394,331.8806,307.3663,327.3178,359.5931,386.9359,382.86322,388.9182,402.6625,413.207,428.7701
Luxembourg,Europe & Central Asia,High income,SH.STA.BRTC.ZS,99.36898,96.41552,97.05043,96.12167,97.51099,105.337265,95.66864,100.466835,101.83617,96.90873,99.13337,102.244606,99.9,99.9,98.4294,94.260925,90.4052,99.39718,98.38261,99.9,103.4628,97.27526,93.84324,99.269516,95.32742,96.09334,96.88489,98.96345,82.48331,109.79447,93.92583
Luxembourg,Europe & Central Asia,High income,SL.IND.EMPL.ZS,18.808277,27.11,26.59,26.42,26.98,25.26,22.94,23.320002,21.61,21.98,20.79,21.430002,20.09,19.29,18.85,17.300001,16.690002,16.92,15.280001,12.910001,13.35,13.36,12.67,12.04,10.98,12.520001,12.05,10.760001,11.750001,10.81,18.313898
"Macao SAR, China",East Asia & Pacific,High income,DT.TDS.DPPF.XP.ZS,11.112532,12.892357,6.8029265,9.359664,21.201567,7.6787715,13.960195,8.75439,13.21532,0.9798537,15.282333,14.482965,32.56428,5.54052,12.112328,8.63914,2.922347,9.450304,10.277207,9.985478,12.821534,11.37418,5.8024364,5.7789626,9.433989,10.727441,21.024542,6.287951,11.354944,7.746873,7.4573684
"Macao SAR, China",East Asia & Pacific,High income,EG.ELC.ACCS.ZS,99.84928,99.880585,99.91144,99.94163,100.0,100.0,100.0,100.0,100.0,100.0,100.0,100.0,100.0,100.0,100.0,100.0,100.0,100.0,100.0,100.0,100.0,100.0,100.0,100.0,100.0,100.0,100.0,100.0,100.0,100.0,100.0
"Macao SAR, China",East Asia & Pacific,High income,GFDD.AI.01,16330.452,11999.061,6643.5547,13321.884,14039.54,17673.64,11480.154,5023.6084,10968.009,13078.769,12412.5205,15620.804,15472.6045,12933.585,9836.626,16643.273,10243.066,12347.472,13742.237,13280.484,12299.834,10472.565,14240.846,9066.46,5299.887,8080.804,12045.402,2311.1,6583.6143,15146.465,12616.238
"Macao SAR, China",East Asia & Pacific,High income,GFDD.DI.04,99.67554,99.70334,99.81001,99.635155,99.83166,99.83459,99.8082,99.765335,99.66638,99.54871,99.520294,97.1242,100.68248,83.705475,99.14315,108.48166,103.38822,106.708694,100.714714,107.55763,104.113464,104.848335,102.64486,101.15711,103.1674,101.61511,93.84938,98.07029,77.32263,104.72092,102.42332
"Macao SAR, China",East Asia & Pacific,High income,GFDD.DI.05,117.6863,139.1954,129.6669,120.319595,121.84411,123.6927,130.0113,134.8887,148.6552,164.5321,156.18791,165.78691,166.7838,167.6352,141.3952,139.011,141.7023,125.0194,112.35361,122.9411,107.3979,100.7321,108.5357,107.102104,111.056206,131.2716,147.572,145.91031,145.7898,154.3154,355.8252
"Macao SAR, China",East Asia & Pacific,High income,GFDD.DI.06,0.2069892,0.1974252,0.1271089,0.2937463,0.1337606,0.1232589,0.1495435,0.19840929,0.2642059,0.36481428,0.3468888,0.29743955,5.634842,0.22598284,11.467018,2.9394438,2.5073516,2.7270875,5.119169,0.59181476,4.798937,6.6802015,1.5293273,2.1372926,-30.351833,6.006231,13.767246,-0.18413404,3.2286267,6.2372255,5.334348
"Macao SAR, China",East Asia & Pacific,High income,GFDD.DI.11,38.46377,20.620863,15.632644,39.800346,13.033475,53.01077,42.66083,29.168846,27.830612,35.37316,14.927558,18.47476,34.736485,47.12681,21.7685,20.739897,34.323887,24.160517,19.583662,27.475542,34.230316,45.855648,41.82648,36.8998,42.26298,40.789677,23.72241,58.735497,40.463062,17.264708,28.050833
"Macao SAR, China",East Asia & Pacific,High income,GFDD.DM.11,50.480633,20.563438,93.534935,48.52237,13.166775,90.96796,77.324814,67.26818,58.129482,58.390007,53.96268,85.34137,146.05168,87.31571,48.608418,32.56558,41.94187,46.508892,46.402924,41.26536,58.240665,63.225475,57.74319,75.421616,105.56095,47.89693,54.92298,64.48767,68.0157,54.968784,40.80313
"Macao SAR, China",East Asia & Pacific,High income,GFDD.EI.08,0.9534367,0.76230156,0.7180151,0.4785993,0.286689,0.1282727,3.199486,0.0005213,0.0040854,4.880977,6.210414,2.8733914,1.7124182,4.525602,9.85685,10.555314,11.318842,4.7928076,2.8238,7.4505763,5.080024,3.5185516,4.8067703,14.892314,2.7759547,4.844128,7.0141973,6.6560287,6.650041,7.360822,6.430019
"Macao SAR, China",East Asia & Pacific,High income,GFDD.OI.02,114.9992,136.4653,127.194214,117.92521,119.46001,121.412506,127.51601,132.26932,145.78891,161.05511,153.02951,162.67632,163.64061,164.37581,138.4068,136.2046,139.0646,122.563,109.932594,120.285,105.151,98.69912,106.4279,105.0252,108.687096,128.06601,143.96042,142.37181,142.3395,150.66641,346.5976
"Macao SAR, China",East Asia & Pacific,High income,SH.STA.BRTC.ZS,99.49151,91.351974,98.69513,96.17608,99.668884,92.86561,97.88891,98.67919,103.69569,99.352356,81.37459,102.484085,97.46029,88.97355,100.0,99.72412,97.83599,101.32454,102.32797,100.62072,101.47721,106.45279,97.92024,108.006676,104.60247,116.762054,96.98816,87.825455,99.39365,96.24417,107.78258
"Macao SAR, China",East Asia & Pacific,High income,SL.IND.EMPL.ZS,33.706882,38.05,37.41,36.64,35.79,34.86,33.82,32.98,32.04,30.48,28.05,30.460001,28.44,26.86,25.14,24.910002,23.03,18.02,19.690002,15.68,13.67,12.86,12.8,12.640001,15.660001,15.8,13.67,10.57,9.98,9.660001,27.77305
Madagascar,Sub-Saharan Africa,Low income,DT.TDS.DPPF.XP.ZS,44.354385,31.882051,18.358559,14.357444,9.552832,7.263419,10.041516,32.003902,17.698084,20.504736,12.862546,6.171612,5.4207664,8.405304,8.88386,5.838425,3.5271127,0.859276,0.95827013,2.143985,2.5299432,1.648711,2.2845247,2.172328,2.6418917,4.292687,3.244599,3.0125308,2.4464722,2.467666,4.261691
Madagascar,Sub-Saharan Africa,Low income,EG.ELC.ACCS.ZS,31.1457,23.51238,9.2,10.105623,10.561648,11.015635,11.466901,10.900001,12.358555,12.797501,12.72419,14.8,14.046575,20.299997,15.348019,15.99676,16.647373,17.302511,17.96488,17.399998,12.3,14.299999,18.7,12.9,22.235073,23.005934,22.9,24.1,36.5,31.039999,33.735077
Madagascar,Sub-Saharan Africa,Low income,GFDD.AI.01,4820.84,6417.1406,2922.045,4197.181,2714.0818,4386.3447,4278.963,7891.353,-6601.5156,3466.8228,2000.3044,-356.99152,4394.918,-3882.2559,18.486307,20.0263,21.79238,26.390253,36.853287,39.653694,106.32275,52.261375,53.900505,59.322582,60.12297,73.390045,72.22246,79.75755,86.140305,98.41949,106.781136
Madagascar,Sub-Saharan Africa,Low income,GFDD.DI.04,42.43602,44.24723,45.46858,52.92141,57.19474,57.18209,57.78262,62.93053,56.86789,56.352722,57.6901,60.81721,61.292923,66.63515,73.90465,74.559784,78.77698,81.29895,85.92503,84.984375,86.00847,84.7179,86.71094,86.68476,81.357574,78.43435,79.63161,84.089584,86.12075,88.901665,81.92842
Madagascar,Sub-Saharan Africa,Low income,GFDD.DI.05,13.953549,17.484018,18.293259,21.04267,22.8916,17.72189,18.01315,20.74053,21.17012,22.65378,22.43129,18.8513,19.94375,20.11014,20.99487,17.312738,18.75015,19.44711,19.12474,20.73451,20.51612,21.357449,21.052351,20.34306,20.601479,21.60253,15.946289,25.55287,25.20756,23.9142,26.9539
Madagascar,Sub-Saharan Africa,Low income,GFDD.DI.06,18.89783,18.51171,16.23649,14.662661,11.0085,7.887051,6.4925838,5.8469143,7.118862,6.96832,6.8117776,6.622746,6.841612,6.0573425,4.050514,3.4593942,2.8789039,2.502135,1.9494531,2.3041651,2.0652242,2.2195408,1.9941001,2.049086,3.1015918,3.845187,3.5901191,3.1950212,2.771511,2.260542,4.5821733
Madagascar,Sub-Saharan Africa,Low income,GFDD.DI.11,2.8105762,1.9575683,20.335764,1.470793,7.225346,-8.652671,-1.2667459,6.207122,4.435439,0.52520376,6.946348,0.4645533,4.6812654,4.5058517,1.6758432,1.004135,1.0096962,1.0221429,1.1111686,1.5942686,1.6742501,1.5974932,1.4750897,1.7149137,1.7649431,1.5004988,1.3719895,1.330832,1.3303736,6.391718,1.5313703
Madagascar,Sub-Saharan Africa,Low income,GFDD.DM.11,71.851746,46.10339,53.435795,46.16829,62.315903,26.73342,45.081425,92.59542,60.732452,67.701294,77.04838,88.42254,77.93611,63.030025,86.100136,63.085773,74.49911,90.6982,54.769993,74.397484,104.80555,94.70524,150.5075,101.46033,94.07638,85.49637,94.87578,104.231964,92.71192,55.01067,125.13725
Madagascar,Sub-Saharan Africa,Low income,GFDD.EI.08,1.03994,0.43327528,0.27400962,2.8308172,2.319617,1.063058,1.029825,1.64275,1.8220251,1.789219,1.9358929,3.299978,4.1752553,4.558849,2.864183,1.643094,2.9484892,3.2346082,3.0741549,3.689028,3.4521809,3.995405,4.591729,3.950236,3.309583,3.246098,3.743946,4.25569,4.5102344,4.585709,5.177896
Madagascar,Sub-Saharan Africa,Low income,GFDD.OI.02,8.992251,11.517671,12.63887,14.17768,15.22698,11.360061,11.054251,12.23697,11.41114,11.96374,11.70038,12.82343,13.56995,13.595271,14.74438,12.20539,13.52899,14.124241,14.01212,15.359652,14.883911,15.03958,15.08233,14.47769,14.5628395,15.2320595,15.94467,17.84226,17.243452,17.373621,19.78046
Madagascar,Sub-Saharan Africa,Low income,SH.STA.BRTC.ZS,80.86855,77.28483,56.999996,91.40213,89.01981,95.20232,87.2928,47.3,89.0192,90.87364,47.0,93.23363,88.848145,90.737434,51.300003,86.78922,91.59105,102.19577,77.53137,43.9,94.7177,89.80412,89.8654,44.300003,94.771545,90.36108,94.77491,90.33603,46.0,94.1431,88.23878
Madagascar,Sub-Saharan Africa,Low income,SL.IND.EMPL.ZS,11.458598,10.22,10.140001,10.040001,9.910001,9.770001,9.59,9.36,9.11,8.83,8.31,7.5800004,7.11,6.71,4.73,3.42,3.81,4.26,4.79,5.33,5.99,6.76,7.69,7.9700003,8.18,8.34,8.540001,8.59,8.68,8.73,11.0334635
Malawi,Sub-Saharan Africa,Low income,DT.TDS.DPPF.XP.ZS,28.031338,24.10441,23.486551,22.204155,22.345003,24.406713,15.169201,13.893251,14.680725,13.79571,12.898671,9.322315,7.50968,6.6269746,10.446047,12.426188,8.639382,3.6311038,3.121442,2.828207,1.6405022,1.378802,2.0338058,3.1341815,4.089588,5.5172243,6.3115716,6.609353,7.1291547,7.3028693,8.669429
Malawi,Sub-Saharan Africa,Low income,EG.ELC.ACCS.ZS,9.308995,8.908145,3.1999998,1.5535558,2.0136614,2.4717271,2.9270735,3.37902,3.8268878,4.2699127,4.8,5.13952,5.5341597,6.2,6.9,6.696063,3.6532276,7.476292,7.875899,8.285444,8.7,7.6,7.4,9.0,11.9,10.8,11.0,12.7,18.02,11.2,14.866769
Malawi,Sub-Saharan Africa,Low income,GFDD.AI.01,9962.24,14929.139,15812.66,7959.9746,7462.852,6129.437,12823.407,8933.742,10300.664,7974.661,8731.26,13090.3955,8720.076,9451.763,7718.7446,3274.41,5247.569,128.27364,7579.234,165.2421,190.0642,192.18135,212.75848,247.04639,9035.51,106.24317,181.70103,148.32465,178.87126,169.66832,12875.944
Malawi,Sub-Saharan Africa,Low income,GFDD.DI.04,55.22119,57.9217,53.463623,53.826157,53.10332,62.30645,80.32079,75.17635,56.315727,69.87358,92.56343,61.30761,52.44876,58.873806,56.76894,56.87318,74.28358,71.123314,53.86263,54.014153,63.476933,62.61225,66.500114,64.24564,78.124146,72.99092,54.512417,85.61549,63.912,77.57903,88.4142
Malawi,Sub-Saharan Africa,Low income,GFDD.DI.05,9.004798,8.9443035,9.890676,9.947801,11.667899,8.6842,7.520563,6.129355,8.349989,8.343176,8.917637,9.542171,8.929533,9.830302,10.55238,11.17265,10.310989,12.6236,13.26409,14.142389,15.71295,17.82053,18.27604,18.43311,17.02965,17.29313,16.16093,43.611137,32.29686,28.275877,53.037457
Malawi,Sub-Saharan Africa,Low income,GFDD.DI.06,4.528121,3.918645,5.8299007,4.834764,5.567515,2.671608,1.020514,0.995483,2.9510581,1.482405,0.2996753,2.0421991,3.552224,3.3406029,3.5627332,3.753479,1.8572091,2.697751,8.30485,8.948461,6.980234,8.090053,6.556393,6.560851,2.984865,4.298368,8.248419,3.072427,3.318819,9.518051,2.1359851
Malawi,Sub-Saharan Africa,Low income,GFDD.DI.11,7.736036,12.477167,10.159421,8.783965,13.190038,10.454937,4.8457575,3.9104586,8.678305,11.479048,7.736021,12.645323,3.6818564,6.0198417,11.574507,10.031156,5.793598,8.239427,7.952045,7.783255,6.934597,6.3364353,6.7692547,9.418775,9.669021,9.608196,9.505931,8.043445,9.438689,9.722769,9.970754
Malawi,Sub-Saharan Africa,Low income,GFDD.DM.11,243.12115,202.63383,137.05766,119.29336,248.83026,185.53749,324.93347,184.946,129.60693,178.19678,130.07753,175.99911,176.34601,236.01277,111.30559,122.1221,193.13654,137.59163,221.87369,164.48613,241.49129,154.5643,152.23973,148.46376,406.66092,222.61171,167.08243,184.8807,167.17548,267.66177,206.82724
Malawi,Sub-Saharan Africa,Low income,GFDD.EI.08,2.4630601,2.517662,2.7143831,5.3706307,4.217895,4.9173326,6.1408,3.699686,2.8932052,3.647143,3.50348,2.66815,2.769771,3.596333,2.908472,2.9267201,2.450967,3.877338,4.537632,3.9243178,3.251671,5.1434417,3.750891,4.1457853,3.6052,4.171277,3.602009,6.732022,9.216055,5.0024734,6.680694
Malawi,Sub-Saharan Africa,Low income,GFDD.OI.02,6.589524,6.051783,6.811628,6.6696477,7.8745604,6.04926,5.3557377,4.242911,5.789053,5.069833,5.67067,6.136481,5.840311,6.3540483,6.651844,6.897953,6.1892853,7.472087,10.86466,11.90823,13.633591,15.425151,15.65701,15.749171,14.31802,14.837851,13.53119,12.319117,20.662622,38.678356,24.785154
Malawi,Sub-Saharan Africa,Low income,SH.STA.BRTC.ZS,96.60204,96.576454,54.799995,94.86192,97.23608,99.023605,96.67722,98.30763,86.908844,97.40217,55.6,97.69885,60.499996,89.01714,56.1,56.1,53.600002,95.98916,68.0,105.14153,71.4,98.42315,96.30283,97.089455,87.399994,100.82934,89.799995,108.56281,95.66725,101.58191,92.00079
Malawi,Sub-Saharan Africa,Low income,SL.IND.EMPL.ZS,8.045195,6.75,6.75,6.66,6.65,6.61,6.56,6.51,6.47,6.39,6.29,6.16,6.06,6.02,5.92,5.85,5.87,5.89,5.83,5.8,5.78,5.78,5.74,5.71,5.67,5.62,5.56,5.5,5.43,5.37,7.8119254
Malaysia,East Asia & Pacific,Upper middle income,DT.TDS.DPPF.XP.ZS,16.717464,12.126203,18.816633,18.396952,10.928178,5.547672,17.34271,12.155559,18.354658,19.5637,13.645343,9.993324,10.567325,19.158127,12.551277,11.880408,10.010411,14.675068,9.339262,24.766588,11.710051,13.900061,10.070696,7.9501452,11.688863,7.6570163,15.255396,14.147539,10.175539,17.460264,12.409474
Malaysia,East Asia & Pacific,Upper middle income,EG.ELC.ACCS.ZS,85.34257,93.227135,89.139595,95.05408,90.95908,91.49049,90.82478,99.359085,106.37777,89.03658,99.10397,99.12567,99.139786,99.14866,99.154655,99.16011,99.167435,99.17928,99.198364,99.3,99.374054,99.46547,99.8,99.604454,99.65095,99.77882,99.90001,99.952484,99.99224,100.0,100.0
Malaysia,East Asia & Pacific,Upper middle income,GFDD.AI.01,6881.722,70.895164,5748.7935,10910.837,6790.8105,11120.7705,10943.436,10780.077,5806.7026,11840.071,13217.126,3480.8682,12125.256,5562.738,-2731.5889,9654.843,8005.6987,4675.679,11534.924,5115.7446,3843.5503,4025.6858,9024.487,735.0447,766.63983,771.5895,755.2203,708.8383,705.24084,708.4094,705.8521
Malaysia,East Asia & Pacific,Upper middle income,GFDD.DI.04,97.24126,98.58255,99.45971,99.116615,99.30817,99.06834,95.97881,96.41802,95.86522,94.800476,93.90585,94.348976,98.30407,98.54878,98.6468,98.913475,99.131714,99.13511,99.55878,99.58031,99.701,99.76115,99.76974,99.78576,99.80173,99.85466,99.720566,99.73949,99.81155,99.88642,99.48733
Malaysia,East Asia & Pacific,Upper middle income,GFDD.DI.05,64.37711,66.30881,102.223206,113.0341,111.039,115.6298,120.1252,125.506805,125.15191,132.12122,122.698906,135.3061,129.369,127.9944,126.3368,117.16151,118.987305,117.904495,113.4073,139.1656,129.6452,133.8901,136.8038,140.0929,137.1028,132.813,128.58371,122.5343,125.104805,123.07361,137.77312
Malaysia,East Asia & Pacific,Upper middle income,GFDD.DI.06,2.251577,1.192238,0.6440716,1.016586,0.8091128,1.223339,6.0623417,6.031299,7.0414104,8.276888,8.786141,8.175417,2.240871,1.878159,1.655814,1.245569,0.96573555,0.9352255,0.47169837,0.5359823,0.3635635,0.2921688,0.2949859,0.2886051,0.2718249,0.20131122,0.38565373,0.3482644,0.2644749,0.15958731,0.81887555
Malaysia,East Asia & Pacific,Upper middle income,GFDD.DI.11,7.433843,16.372335,14.189534,13.625837,14.21202,15.732262,1.9297131,16.41136,21.029083,14.783958,17.297632,18.430729,15.967459,16.840132,16.822016,16.972836,17.352905,17.565296,16.2361,19.906574,19.948433,19.283962,19.859499,20.582499,19.897573,20.311893,19.645506,19.326647,18.8264,19.4211,22.223295
Malaysia,East Asia & Pacific,Upper middle income,GFDD.DM.11,19.752249,55.97726,30.83581,55.308834,59.935642,58.700394,38.522484,41.387302,14.965695,42.52327,74.66595,0.66405207,1.090407,1.171905,1.1716009,1.641725,1.6182891,1.379006,1.908727,3.610224,4.192346,4.515265,5.59181,6.020532,6.526103,7.186598,7.8118668,7.8930435,5.61905,6.4363694,7.481109
Malaysia,East Asia & Pacific,Upper middle income,GFDD.EI.08,9.275145,8.409437,9.464511,7.670881,6.6406736,5.439226,5.805398,6.845293,9.553944,8.4858675,7.949414,8.505836,7.84107,8.217636,8.335369,6.7766323,6.462083,5.514824,9.385311,15.01279,13.995,13.480929,13.569679,14.42289,16.063889,15.2513895,15.69619,16.20892,19.810099,19.5131,24.806858
Malaysia,East Asia & Pacific,Upper middle income,GFDD.OI.02,54.887337,57.30137,91.19444,102.0156,98.52184,103.3107,104.594894,110.2482,114.069496,122.13861,112.8513,126.060905,119.885216,120.01911,117.69961,109.1722,111.4303,111.8813,107.8416,128.44481,120.1073,124.59061,127.86561,131.0874,127.98,124.37111,119.7394,113.3701,115.605705,114.0213,126.4027
Malaysia,East Asia & Pacific,Upper middle income,SH.STA.BRTC.ZS,92.8,91.923195,94.04045,94.62254,102.277214,95.1,98.13094,102.33458,96.2,86.652534,96.6,96.8,97.0,97.6,97.99999,98.100006,98.4,98.6,98.6,98.6,98.6,98.6,98.7,98.799995,98.97001,99.4,99.5,99.6,98.72031,103.49792,87.48411
Malaysia,East Asia & Pacific,Upper middle income,SL.IND.EMPL.ZS,31.970865,31.339998,31.619999,32.02,32.15,32.34,32.23,33.66,31.76,31.7,32.18,33.11,31.980001,32.02,30.130001,29.72,30.260002,28.46,28.670002,27.01,27.62,28.45,27.57,27.94,27.74,27.520002,27.49,27.72,27.11,27.01,27.038795
Maldives,South Asia,Upper middle income,DT.TDS.DPPF.XP.ZS,3.9866185,3.6395679,3.0451965,3.7377188,3.3754628,3.3112776,3.0708623,6.900582,3.5607588,3.7787783,3.9943507,4.314097,4.1803155,3.52016,4.038824,5.9193254,3.7328918,2.132247,2.6794035,3.4760096,3.0342977,3.1431372,3.1057377,2.4296248,5.21907,3.0457249,3.1077278,3.5398004,10.796396,10.951705,15.208212
Maldives,South Asia,Upper middle income,EG.ELC.ACCS.ZS,100.261536,97.00924,88.72375,98.6195,96.91783,102.778305,96.70588,98.53326,93.49956,95.26484,83.8,87.48629,88.3575,89.223465,90.08655,90.94909,91.81351,92.68245,93.558624,99.90001,99.15686,99.27725,99.38667,99.47417,100.0,99.706474,100.0,99.8,100.0,100.0,100.0
Maldives,South Asia,Upper middle income,GFDD.AI.01,-3236.9497,725.08,4418.734,10689.972,6718.7983,-1679.1552,13847.121,5432.1216,3462.5632,5909.8228,13416.604,5360.794,3778.23,6931.038,641.3322,713.4091,770.72107,850.16156,911.08777,973.7707,978.9336,1073.625,1003.34845,990.05396,1196.3871,976.7601,984.93854,944.7892,971.7047,986.1257,975.75684
Maldives,South Asia,Upper middle income,GFDD.DI.04,56.300728,46.0956,40.14053,38.647358,39.06528,42.93863,46.48658,54.465057,57.93176,56.364403,52.993362,55.8308,57.53708,60.83491,74.64166,77.1199,84.96962,88.25529,84.56297,82.796394,84.441376,85.393936,80.58895,76.741394,77.56686,80.134285,77.99986,80.33906,83.141426,86.13388,83.447556
Maldives,South Asia,Upper middle income,GFDD.DI.05,26.08787,26.679659,24.99286,28.94925,30.743328,31.162878,34.82154,38.054493,44.04418,41.79499,41.091118,30.919258,34.280083,33.47011,33.30608,39.1795,34.86461,37.86959,36.80858,40.565357,43.70816,43.077763,40.599792,41.50588,43.320198,43.74387,41.44748,39.67382,36.358646,37.720272,64.62844
Maldives,South Asia,Upper middle income,GFDD.DI.06,15.71861,19.511011,20.85191,26.05373,24.37729,23.09321,18.778149,15.38201,16.16471,16.70615,19.19562,14.928149,14.89102,11.30735,8.259179,11.916679,7.9788504,7.6661286,11.56563,14.05034,11.855109,9.688252,11.303941,12.378369,11.33716,10.23729,12.62331,10.60666,8.536868,7.147593,16.332531
Maldives,South Asia,Upper middle income,GFDD.DI.11,13.475297,19.387695,8.172667,13.537899,11.403908,7.492995,7.389816,10.506865,13.835582,10.435965,11.314939,4.6379204,10.385238,16.45644,9.362219,19.024729,16.704233,20.32207,12.064487,16.25546,9.837956,8.399136,10.414745,18.277302,25.224827,18.13929,11.669981,4.8351355,14.411084,18.961555,9.906294
Maldives,South Asia,Upper middle income,GFDD.DM.11,49.308567,27.146824,80.32691,71.00919,67.36856,82.70176,53.42747,43.099663,88.30099,48.36718,50.516266,44.482887,43.72341,68.82782,81.95858,64.42673,40.309837,154.19832,57.010036,100.19775,168.97862,121.29792,106.50505,36.72761,109.2057,199.42525,136.8563,79.900764,168.94316,66.8471,68.60931
Maldives,South Asia,Upper middle income,GFDD.EI.08,7.285297,6.3286014,5.080668,4.7781153,3.098659,2.935563,2.3741372,1.3514559,1.9837551,2.176803,1.9415551,9.839871,15.832887,0.8500625,1.718367,3.3625782,4.477968,6.570695,7.4849353,15.82465,18.50483,16.934769,14.23599,11.947539,12.745799,14.674189,17.15205,15.083889,13.76297,15.48861,31.89179
Maldives,South Asia,Upper middle income,GFDD.OI.02,14.25831,15.26283,13.64443,17.58598,19.03945,20.519371,25.253542,28.32813,33.80827,32.50087,31.659607,25.16928,28.895609,28.4184,32.616108,38.501198,34.43283,36.667767,36.951866,40.90046,43.172237,42.319878,40.32923,41.2243,43.10711,43.921085,41.22009,39.770836,36.8093,38.30955,65.951546
Maldives,South Asia,Upper middle income,SH.STA.BRTC.ZS,96.8344,96.443924,101.96518,96.419914,90.0,92.136116,93.98495,93.572716,101.075325,97.879654,98.94346,70.299995,97.25497,98.99379,84.0,91.6,94.2,96.3,98.3,94.799995,98.200005,98.799995,95.50001,95.600006,95.600006,102.39038,91.04714,99.5,98.10017,97.546196,101.00973
Maldives,South Asia,Upper middle income,SL.IND.EMPL.ZS,25.67625,27.21,27.16,27.09,27.060001,27.020002,26.95,26.92,26.820002,26.59,26.040003,24.97,24.410002,23.99,22.4,20.27,19.35,18.16,17.41,16.31,16.68,17.15,17.300001,17.540003,17.950003,18.39,18.76,18.85,19.12,19.13,31.654575
Mali,Sub-Saharan Africa,Low income,DT.TDS.DPPF.XP.ZS,14.6554165,9.183084,11.939216,16.081987,21.142752,15.794739,20.76003,10.623504,11.069005,13.848871,12.913407,8.71608,7.353272,6.3144803,7.826141,6.6619287,4.259889,3.143756,2.6052463,3.0857625,2.4469314,2.3421218,1.7402691,3.0932777,2.9723504,3.2305717,3.4832368,3.9759603,4.3439684,11.326425,6.433439
Mali,Sub-Saharan Africa,Low income,EG.ELC.ACCS.ZS,45.835735,40.157204,28.408855,24.731962,41.272316,25.347477,6.2,4.2885413,6.0668635,7.840344,9.5932,10.8,13.059765,14.784019,16.505386,18.22622,16.6,21.676151,23.410604,24.030895,26.912048,28.684452,25.599998,32.28523,34.11334,37.6,38.78982,34.779995,50.9,47.836277,50.561417
Mali,Sub-Saharan Africa,Low income,GFDD.AI.01,-5320.931,9823.206,9212.089,9911.265,3552.7856,6727.1777,10007.886,3761.6504,1101.7438,1746.3613,6495.049,7784.6743,6859.6865,4541.101,54.865665,57.122696,84.03511,71.253845,90.42834,86.63578,97.399826,124.584274,154.72491,144.17795,146.0126,137.84695,142.98267,163.98375,173.66241,174.7031,180.98723
Mali,Sub-Saharan Africa,Low income,GFDD.DI.04,72.08947,72.01294,71.888214,70.3518,65.780365,69.67987,71.70739,68.4924,71.414185,72.695145,73.463745,74.962654,79.49063,82.90774,85.52599,87.695915,96.64066,97.17091,96.08325,91.66951,92.335655,92.051765,92.37011,92.72751,94.46266,95.470985,95.839134,95.71501,94.32228,94.63261,92.090004
Mali,Sub-Saharan Africa,Low income,GFDD.DI.05,18.15668,17.997849,19.192911,19.69907,19.130968,17.97654,19.67644,20.584711,18.60398,17.14488,19.42005,19.178728,23.09817,28.75457,26.65899,25.50913,25.20444,25.321619,22.88604,23.814,24.29542,24.25126,26.96746,27.743841,27.64502,28.89003,27.80104,27.01606,29.02747,29.624908,36.7383
Mali,Sub-Saharan Africa,Low income,GFDD.DI.06,4.578127,4.066986,4.5462418,4.736688,4.733758,4.598662,4.781247,5.955638,5.48105,5.329726,5.1774616,5.3511143,4.6206,4.30204,3.558174,2.673016,0.6907817,0.58383596,0.76237196,1.7060821,1.5545911,1.710065,1.6412879,1.770238,1.5637981,1.375415,1.504214,1.502344,2.0296059,1.901591,3.1649601
Mali,Sub-Saharan Africa,Low income,GFDD.DI.11,5.5966015,5.8814173,14.01554,1.9721255,7.9461684,11.783171,15.946529,7.5545025,3.3491766,7.838684,6.3695993,4.302933,6.8063617,0.5666724,0.5965094,0.49829164,0.50442964,0.47654164,0.45404825,0.4551882,0.49417493,0.51629597,0.53797185,0.54727864,0.6446103,0.6218605,0.6399684,0.69454265,0.6170179,6.0834255,20.141308
Mali,Sub-Saharan Africa,Low income,GFDD.DM.11,12.596036,17.728922,21.855164,8.624429,10.596183,-26.371305,13.89097,23.203814,11.310523,1.426045,0.8998411,0.9973251,1.015049,2.061413,1.657362,0.9439093,1.698728,0.9231074,2.234546,2.7624068,6.817224,2.9941938,2.580968,3.083538,5.169346,7.254197,5.757716,6.106049,5.5741267,17.340458,11.591272
Mali,Sub-Saharan Africa,Low income,GFDD.EI.08,0.436725,0.27790642,0.37946668,0.3612941,1.9961121,1.174556,1.3821139,1.1367289,0.6941991,0.6595443,0.8484405,2.371071,2.5568812,3.0515292,2.878765,4.291246,3.738584,4.001039,3.0791528,3.290756,3.154489,3.554091,3.153553,4.220724,6.367249,6.691159,8.275905,7.666602,8.230922,9.063898,10.65371
Mali,Sub-Saharan Africa,Low income,GFDD.OI.02,11.276581,10.93066,11.75722,12.177481,11.777471,10.37039,12.169511,12.838961,11.5786705,11.300771,12.347871,12.11637,13.95977,16.267921,17.0769,15.028081,15.667051,17.01501,15.58817,17.4712,18.38775,17.46338,18.865051,19.9452,21.479841,23.5208,22.35688,21.777931,23.55886,23.28216,27.05879
Mali,Sub-Saharan Africa,Low income,SH.STA.BRTC.ZS,92.04007,77.26603,80.150246,74.26848,84.76436,77.52726,40.0,90.7292,80.80876,64.28168,76.77104,40.600002,82.049286,92.12808,83.6598,93.84168,48.999996,78.40426,91.10287,87.95885,28.1,100.05903,93.78994,58.6,91.73602,43.7,90.177475,94.52614,67.3,90.74056,-99.101746
Mali,Sub-Saharan Africa,Low income,SL.IND.EMPL.ZS,13.098899,7.9800005,7.9500003,7.93,7.9,7.8900003,7.880001,7.9,7.9200006,7.9500003,8.010001,8.1,8.130001,8.17,8.17,8.18,8.290001,8.23,8.2,8.24,8.2,8.140001,8.05,7.9800005,8.000001,8.260001,6.72,8.24,7.6600003,7.56,11.425028
Malta,Middle East & North Africa,High income,DT.TDS.DPPF.XP.ZS,20.848978,21.768917,21.319338,17.996775,17.500362,22.325306,25.76704,18.867186,16.608257,19.368523,33.53629,16.174444,24.86062,15.686664,12.608535,19.906246,12.832638,26.262138,8.664331,11.365053,17.358776,-1.4820074,14.886669,15.802298,16.834448,14.607285,12.804746,17.07645,8.599484,21.18947,37.49377
Malta,Middle East & North Africa,High income,EG.ELC.ACCS.ZS,100.0,100.0,100.0,100.0,100.0,100.0,100.0,100.0,100.0,100.0,100.0,100.0,100.0,100.0,100.0,100.0,100.0,100.0,100.0,100.0,100.0,100.0,100.0,100.0,100.0,100.0,100.0,100.0,100.0,100.0,100.0
Malta,Middle East & North Africa,High income,GFDD.AI.01,7848.5127,5689.909,10531.55,24025.986,4691.439,17787.852,13002.434,11733.901,4157.9517,21014.283,19531.125,8236.459,9447.131,7998.644,3922.793,8608.19,8021.8003,9362.591,14660.492,3476.3245,907.0007,954.3562,1000.2118,1143.7068,1239.2943,1962.6204,1870.9185,1832.3734,1279.9392,1257.9984,1531.8396
Malta,Middle East & North Africa,High income,GFDD.DI.04,96.78765,92.93978,93.17411,98.26224,96.62063,94.848114,95.15156,96.53335,98.72546,99.71091,99.600586,99.77099,99.83313,99.619934,99.16241,99.589355,98.92352,97.31959,96.84255,97.699745,97.18923,96.68964,97.035805,96.80632,96.30121,93.50741,90.32715,89.6408,89.77771,90.45061,89.93903
Malta,Middle East & North Africa,High income,GFDD.DI.05,129.1831,128.2579,129.5607,132.9235,139.61151,134.6382,139.4132,141.84961,144.06812,150.5002,143.899,150.84741,157.9786,152.9056,153.11711,137.79901,138.60919,143.1522,144.724,143.296,137.39761,139.64,142.0621,146.7952,167.7311,162.2543,168.6557,156.5889,151.8328,147.9879,172.2455
Malta,Middle East & North Africa,High income,GFDD.DI.06,2.743367,6.5435195,6.464622,1.745396,3.46109,5.1562567,5.391021,4.040643,1.5611031,0.3742025,0.5147412,0.3152872,0.2212617,0.47667393,1.0943741,0.51751673,1.405515,3.6117449,4.453579,3.517133,4.116903,5.056612,4.190124,4.260137,4.629589,7.432446,10.62505,10.28391,9.594891,8.734908,11.11281
Malta,Middle East & North Africa,High income,GFDD.DI.11,38.7085,88.20966,93.5418,45.253742,84.11539,58.81517,68.74765,48.197582,64.46137,80.10843,78.99589,50.50474,95.23484,74.393364,60.041454,41.319912,62.436203,81.09736,82.55293,66.36492,76.654015,51.968246,57.182716,107.98243,80.528824,96.39457,92.28087,88.64824,79.83743,99.44968,110.563614
Malta,Middle East & North Africa,High income,GFDD.DM.11,127.70425,147.86859,206.03563,150.95108,168.44058,149.13792,108.985054,104.531624,125.44319,20.090961,27.95138,30.513569,38.93618,51.673542,64.24933,74.294,87.79889,77.64236,144.57559,197.4845,240.9424,247.1643,303.3261,269.2652,296.4112,240.5514,195.2163,180.6111,118.7446,102.8106,113.4018
Malta,Middle East & North Africa,High income,GFDD.EI.08,4.971031,3.839324,3.485604,5.9126887,5.14748,4.89594,6.122207,8.708249,10.793659,12.09058,11.223479,12.855249,12.19805,13.853069,13.50206,28.217999,22.81507,22.815489,21.696169,27.3605,26.654789,29.01278,26.952278,27.015059,23.99092,21.847189,17.48916,14.607749,11.787709,11.176279,17.34211
Malta,Middle East & North Africa,High income,GFDD.OI.02,86.67858,87.352066,91.78198,96.580345,103.9091,101.6765,108.9595,114.634995,118.46801,124.76501,119.94311,126.79151,134.10901,129.16962,128.85062,115.317696,118.01011,132.1591,130.05312,129.6278,123.609406,124.15151,123.06771,124.007805,146.7725,145.4323,146.84041,138.056,69.14959,61.137516,147.22101
Malta,Middle East & North Africa,High income,SH.STA.BRTC.ZS,92.36331,102.60043,99.2298,97.99999,95.85222,97.6601,103.7658,97.964676,100.34052,105.61279,101.78223,99.9,99.5,99.5,99.9,99.7,98.799995,99.8,99.9,99.8,99.8,99.8,99.5,99.9,99.9,99.8,99.8,99.7,94.12144,96.31608,101.59488
Malta,Middle East & North Africa,High income,SL.IND.EMPL.ZS,35.9477,35.24,35.05,34.87,34.68,34.51,34.15,33.84,33.550003,33.160004,32.75,30.930002,31.530003,29.879997,29.45,29.85,28.34,26.320002,25.560001,25.02,25.52,24.52,22.170002,21.57,20.72,20.01,19.86,19.81,18.6,18.92,39.023346
Marshall Islands,East Asia & Pacific,Upper middle income,DT.TDS.DPPF.XP.ZS,11.688474,36.466087,9.0822115,12.7143545,16.882513,15.136817,13.605267,29.388226,7.253507,26.418585,12.500975,15.797238,13.888935,17.280416,12.636852,17.700258,10.234564,7.892098,7.440773,8.611343,17.636717,17.003923,15.968381,14.767295,9.38446,21.27793,9.288389,19.993055,11.480528,9.322398,9.279991
Marshall Islands,East Asia & Pacific,Upper middle income,EG.ELC.ACCS.ZS,92.01689,92.92226,90.126366,86.20941,92.52983,95.02154,90.54143,93.15684,94.43617,68.52424,68.477974,69.964325,71.44309,72.916626,74.387276,75.85738,77.32937,72.3,80.28961,81.78328,89.23389,89.91961,90.56081,91.19685,91.82088,92.526276,93.36883,94.29735,95.91629,97.5382,99.16061
Marshall Islands,East Asia & Pacific,Upper middle income,GFDD.AI.01,5273.09,8771.796,8719.85,49.84654,9906.15,8547.137,8599.368,5844.957,10805.966,11824.389,14552.256,11683.975,17423.143,8429.871,14585.101,13888.618,10498.613,5551.744,11559.556,6334.2607,5749.291,6124.3955,10159.469,8405.342,13036.3955,12211.124,6590.17,5141.0615,10477.374,6313.2896,10263.757
Marshall Islands,East Asia & Pacific,Upper middle income,GFDD.DI.04,87.3874,75.866806,67.398994,92.20916,65.429886,61.892006,56.426247,77.60997,74.52066,73.84384,69.61719,95.00765,81.01759,77.706406,69.96396,85.04802,93.56163,70.58311,94.02387,81.021095,90.26335,88.98414,88.630455,84.43019,94.349304,102.30211,90.16568,72.10358,80.99231,93.22832,96.94872
Marshall Islands,East Asia & Pacific,Upper middle income,GFDD.DI.05,120.3129,308.01044,158.08208,463.1256,96.13315,245.29816,58.72317,106.485016,139.1625,127.93573,82.73972,131.60481,100.319466,135.66296,168.0339,116.50121,126.90148,121.73265,148.7508,102.41125,106.83449,217.48936,116.613106,131.91164,298.53687,101.795456,169.3999,82.21258,294.44577,89.61046,273.19592
Marshall Islands,East Asia & Pacific,Upper middle income,GFDD.DI.06,7.930123,1.3030646,6.3754854,6.093539,11.377546,5.549762,13.61461,8.344404,12.670064,10.3272085,2.1566238,0.92419875,7.6746173,9.422074,6.277144,1.7162573,5.38634,17.529766,3.6169848,4.298956,3.4603922,6.7469587,4.0846796,5.3178096,7.4075933,-0.92176664,2.8724916,9.256951,10.357898,-2.2306077,10.349978
Marshall Islands,East Asia & Pacific,Upper middle income,GFDD.DI.11,9.913172,4.5174584,0.5632003,2.0794375,16.585138,3.5763152,12.487679,0.7721665,0.018080348,5.9291587,6.6134486,11.562007,8.951221,12.53674,11.091729,11.448865,11.727084,9.727113,8.9030695,11.519604,8.405769,12.086393,12.0684805,12.286502,19.463274,14.952367,7.9790354,4.018289,7.7793174,7.5793357,12.424982
Marshall Islands,East Asia & Pacific,Upper middle income,GFDD.DM.11,110.53706,138.4527,78.50058,62.628345,71.29153,71.518005,70.341446,69.689156,60.177223,63.454132,79.64839,72.18838,90.44222,81.20584,83.009224,126.04654,105.38433,36.540783,83.00864,73.53759,87.65951,86.784744,60.315678,91.83303,151.4227,207.18791,114.68692,97.39253,85.11292,105.67766,58.4692
Marshall Islands,East Asia & Pacific,Upper middle income,GFDD.EI.08,10.73451,6.844902,7.1905055,14.195391,5.8364444,11.437046,4.762738,8.476713,7.6675506,7.2590375,8.867041,8.645196,10.543543,11.956281,8.111032,6.498396,5.799543,6.6307344,11.098704,10.333893,10.180297,9.395497,10.529151,9.231219,11.218098,8.232264,9.706024,9.196771,5.9456253,6.2737813,14.357558
Marshall Islands,East Asia & Pacific,Upper middle income,GFDD.OI.02,13.459221,36.21638,35.04515,26.860634,15.811257,23.383917,18.496927,24.786945,27.849485,28.762255,23.191708,29.869888,13.552897,31.777014,31.78358,21.677475,25.69554,27.031588,18.675234,31.288347,28.900494,36.25969,33.47785,38.719444,30.336483,38.88021,38.507477,40.959953,41.378487,53.78344,22.417698
Marshall Islands,East Asia & Pacific,Upper middle income,SH.STA.BRTC.ZS,95.180664,90.33149,100.312775,97.62178,100.561714,98.67453,95.646286,93.92358,94.899994,93.78833,98.27954,93.779945,95.0,96.56673,97.75739,94.033485,96.66408,86.2,98.3671,86.5,90.0,90.1,95.82298,102.564735,100.59257,93.85444,88.69998,92.4,110.04419,93.57956,101.0408
Marshall Islands,East Asia & Pacific,Upper middle income,SL.IND.EMPL.ZS,19.887466,22.983234,19.638657,16.734985,15.704266,18.09152,19.432013,19.699877,20.925816,15.370414,13.092959,17.584702,14.277412,15.060418,21.552914,16.56684,16.84684,19.385773,17.310472,27.804447,19.967272,13.269286,17.12564,16.501495,17.933987,12.4601965,19.11136,19.247484,21.061577,13.457804,11.669148
Mauritania,Sub-Saharan Africa,Lower middle income,DT.TDS.DPPF.XP.ZS,28.782555,18.82725,18.994923,29.232933,23.839838,22.055237,21.926285,22.929558,25.70627,15.397302,15.23291,11.204308,18.900438,15.672303,19.58705,20.256529,5.533601,7.1417255,2.886509,4.7117834,4.880349,3.979194,5.1268826,5.7315288,10.812089,14.024605,14.905832,15.58902,17.20939,13.86947,9.84428
Mauritania,Sub-Saharan Africa,Lower middle income,EG.ELC.ACCS.ZS,59.546013,65.31913,42.32892,54.475254,70.1781,53.188057,29.94723,66.28228,15.923869,33.44483,18.74613,22.2,21.50322,22.872734,24.239365,18.2,26.973423,33.04054,30.0,31.115284,33.959515,35.16632,36.36216,37.53606,38.8,39.5,41.321617,42.9,44.312138,45.83003,47.34842
Mauritania,Sub-Saharan Africa,Lower middle income,GFDD.AI.01,11217.386,19852.838,12896.451,14424.068,27707.87,13581.109,9451.434,1096.5398,2456.7505,10818.562,15145.012,12546.252,28423.545,17921.54,28277.59,15826.9795,10739.584,20796.01,15508.5205,8702.823,17813.068,10127.537,87.77904,97.77737,113.64797,132.09607,143.54568,162.68037,168.15373,177.31578,173.60199
Mauritania,Sub-Saharan Africa,Lower middle income,GFDD.DI.04,73.767624,72.991356,67.28837,67.64418,42.082752,76.13873,92.04883,69.40203,55.804817,80.11105,60.339935,65.83505,67.44786,85.82087,77.30181,57.56253,57.443142,61.64156,65.17908,63.52377,65.9444,66.00173,69.32604,70.16051,72.193275,70.81407,71.87176,72.703766,75.16936,78.482475,72.47076
Mauritania,Sub-Saharan Africa,Lower middle income,GFDD.DI.05,191.1619,143.4875,92.25635,99.31677,139.90492,131.66261,101.02861,112.5863,96.90933,120.09043,110.97665,111.13483,93.9237,134.70648,117.09647,197.2399,168.9951,188.2406,194.02911,224.7747,198.8313,197.4853,207.9991,24.684309,27.25281,27.08673,25.659689,27.72893,28.5371,28.43273,165.93924
Mauritania,Sub-Saharan Africa,Lower middle income,GFDD.DI.06,85.396614,67.180374,103.64203,76.97513,96.70565,76.09193,83.207794,109.98024,94.14982,94.879425,68.39097,77.49734,30.705484,116.85908,89.84505,177.099,126.270004,119.714005,116.3137,130.42441,109.4132,92.99512,87.422844,8.417118,9.256317,10.30406,9.349127,9.005589,8.628553,7.230887,96.13288
Mauritania,Sub-Saharan Africa,Lower middle income,GFDD.DI.11,19.17629,20.55955,8.597555,-6.2234783,3.8904364,6.417418,11.588428,9.0966,8.556555,9.566371,7.5488935,17.113457,12.65978,13.819643,7.114428,19.526514,9.493875,12.944981,7.1672354,12.7326,20.526045,4.141703,10.518757,12.151468,5.4757094,23.474537,20.356136,12.490211,22.911919,17.633884,18.579632
Mauritania,Sub-Saharan Africa,Lower middle income,GFDD.DM.11,24.360497,81.65243,67.762405,23.375256,36.211136,39.22995,23.74512,30.563425,43.32486,69.2518,42.49349,51.79923,44.700554,53.23959,76.229164,43.203552,13.453479,71.49926,47.024513,48.57005,31.068766,56.81826,44.320076,85.90575,68.41558,84.9182,57.172337,65.292,109.31012,37.41324,59.25802
Mauritania,Sub-Saharan Africa,Lower middle income,GFDD.EI.08,0.069447,0.0338547,3.1268857,3.0855508,5.15706,3.5419712,3.1103895,2.5105698,0.8797651,3.5912461,2.625896,3.223771,1.5187868,5.6599474,4.296943,6.072786,2.613226,3.1483111,3.7546122,3.935185,3.8463001,2.236624,3.180247,1.6521771,4.746178,4.122957,3.780093,3.111201,4.030157,3.909153,4.1869707
Mauritania,Sub-Saharan Africa,Lower middle income,GFDD.OI.02,134.21571,99.65785,97.56526,91.507904,109.90121,119.6665,71.66369,116.86339,98.99439,100.13616,93.5154,106.66963,83.791466,103.65281,93.77571,134.264,105.8967,126.91331,137.595,157.55771,142.18631,143.6929,149.3922,15.952771,19.73926,19.91569,19.169062,21.3845,21.937351,21.901402,122.003174
Mauritania,Sub-Saharan Africa,Lower middle income,SH.STA.BRTC.ZS,92.96543,40.0,94.317245,90.82694,92.17952,91.306465,95.45576,88.5979,100.28122,96.99783,92.22744,53.399998,96.09816,89.36004,90.361694,95.23764,96.08149,57.099995,94.35468,96.33626,96.44119,65.1,107.856064,95.28057,99.758194,69.299995,90.39755,98.99814,100.509796,90.27166,96.16295
Mauritania,Sub-Saharan Africa,Lower middle income,SL.IND.EMPL.ZS,18.308006,19.780003,19.68,19.580002,19.41,19.26,19.11,18.91,18.670002,18.52,18.210001,18.060001,18.01,17.94,17.97,17.97,17.91,17.94,17.950003,17.950003,17.89,17.88,17.9,17.86,17.86,17.84,17.77,17.77,17.670002,17.61,20.337715
Mauritius,Sub-Saharan Africa,Upper middle income,DT.TDS.DPPF.XP.ZS,7.2562428,7.077331,7.923962,5.443115,5.7294416,5.982572,4.9516068,6.814231,6.730661,5.618274,16.378412,4.717902,6.5318527,5.1206913,5.289691,5.281946,5.357068,2.545652,2.372421,2.268327,0.8498627,1.3420004,1.0532477,0.69861054,0.95852804,0.9081849,0.989761,1.5856528,1.2188456,1.2273599,3.697181
Mauritius,Sub-Saharan Africa,Upper middle income,EG.ELC.ACCS.ZS,99.041565,99.07068,99.09968,99.128006,99.15497,99.179886,99.202095,99.220894,99.23562,99.24551,99.0,99.264725,99.4,99.18552,99.14041,99.094765,99.05099,99.01174,98.97972,98.957634,99.69,99.600006,99.56862,99.48051,99.38037,99.36161,99.48001,99.61,99.448845,100.0,99.66165
Mauritius,Sub-Saharan Africa,Upper middle income,GFDD.AI.01,13609.546,21936.352,7117.704,14427.857,11040.038,17571.82,22146.695,36779.14,13365.078,16607.137,14954.5625,8991.9795,12415.589,9449.032,15225.579,10561.739,10798.062,10557.647,7769.596,16768.688,15853.418,10453.666,8486.962,7653.1157,8992.59,1956.0402,1836.5098,1891.4111,1876.2064,1914.4783,1924.3712
Mauritius,Sub-Saharan Africa,Upper middle income,GFDD.DI.04,99.997574,87.358055,95.742714,97.576965,96.27358,99.09225,98.58923,97.72685,93.74092,97.301155,97.557594,97.80893,98.524345,99.43389,98.88528,98.02953,96.634186,99.37647,99.44068,99.79311,98.322975,97.43408,98.71353,98.515076,99.078384,99.385124,99.84118,99.85896,99.90205,99.90954,97.29105
Mauritius,Sub-Saharan Africa,Upper middle income,GFDD.DI.05,61.815594,64.95156,67.171524,67.22508,66.802734,71.65183,72.19787,76.274254,73.703835,76.564415,74.7473,75.53643,78.868484,86.68571,92.235985,93.73217,92.50684,93.2452,96.02187,96.25406,97.4912,96.63992,98.56635,98.177216,101.4016,106.8569,109.895905,114.1911,115.301,120.811905,163.7436
Mauritius,Sub-Saharan Africa,Upper middle income,GFDD.DI.06,0.0012431,6.0566635,2.171733,1.328608,2.217133,0.5764681,0.86504066,1.5813019,4.569111,1.915592,1.689225,1.547528,1.1246461,0.5287604,1.0577099,1.950099,3.214889,0.58487225,0.5822453,0.21737629,1.8252431,2.815811,1.5264559,1.8717821,1.110855,0.76115733,0.19129619,0.1778598,0.0993569,0.0950369,3.54071
Mauritius,Sub-Saharan Africa,Upper middle income,GFDD.DI.11,35.486183,23.358156,17.066107,16.96716,33.613846,13.401906,17.374315,29.874327,35.649162,17.033493,17.256231,17.837141,18.724066,20.082499,20.47248,22.017282,22.751467,24.161968,22.874249,26.318417,28.750484,29.004843,29.957596,26.346548,27.031933,18.840738,19.007378,20.089357,20.045275,21.08487,25.33117
Mauritius,Sub-Saharan Africa,Upper middle income,GFDD.DM.11,293.12473,262.6646,159.85995,368.28802,181.87764,216.44484,127.25505,200.09724,148.0828,236.60059,209.11104,381.02335,222.42255,241.06668,169.63445,248.13295,266.0441,12.1096,10.85993,497.0276,496.1049,59.462162,83.67009,43.14234,55.0862,93.29538,73.7327,115.5585,146.9122,97.94973,141.0755
Mauritius,Sub-Saharan Africa,Upper middle income,GFDD.EI.08,19.42647,9.378107,13.0602,14.630179,16.35867,21.204988,18.506529,19.94734,14.09075,15.675159,13.951459,15.280099,20.7092,26.38325,27.127909,28.49722,23.69849,21.540949,21.75507,24.809101,21.735611,17.66527,18.32935,17.92068,20.69135,20.35295,24.020718,23.59377,23.11142,24.74477,31.295559
Mauritius,Sub-Saharan Africa,Upper middle income,GFDD.OI.02,54.70127,57.625748,59.838886,60.28047,60.384926,65.234,65.97758,70.22586,68.01836,71.17446,69.47917,70.20845,73.32442,81.061005,86.40851,87.580055,86.38333,87.479,90.223816,90.06367,90.83448,89.860825,91.63897,91.00375,94.034706,98.94362,101.6326,105.54459,104.150604,108.2892,142.1062
Mauritius,Sub-Saharan Africa,Upper middle income,SH.STA.BRTC.ZS,91.1,94.49999,96.5,96.3,97.7,98.100006,97.5,97.799995,98.5,99.8,99.7,111.3274,109.02677,98.4,104.000565,99.200005,105.56771,101.207726,99.5,99.4,99.5,100.63088,99.5,96.9266,99.8,99.8,99.8,99.8,99.42948,101.77122,96.87181
Mauritius,Sub-Saharan Africa,Upper middle income,SL.IND.EMPL.ZS,40.898186,40.29,39.98,39.6,39.21,39.83,38.18,37.68,38.27,38.49,39.25,36.56,36.62,34.08,33.58,32.44,32.14,31.94,31.770002,29.679998,28.71,28.14,27.99,27.4,26.76,26.11,25.42,24.73,24.11,23.68,36.72162
Mexico,Latin America & Caribbean,Upper middle income,DT.TDS.DPPF.XP.ZS,18.387608,19.835567,28.70049,19.042065,17.72803,25.692368,37.10087,36.309105,14.248842,14.060578,16.390474,13.835065,10.929674,12.168523,12.107541,9.882687,14.145772,7.1939263,6.9148436,7.134056,6.1152797,5.2400837,9.360248,5.493835,4.4912353,6.3674164,10.033624,8.113299,6.2770796,8.347995,9.466968
Mexico,Latin America & Caribbean,Upper middle income,EG.ELC.ACCS.ZS,104.20871,85.56398,93.14598,95.44846,95.23829,95.89446,96.09362,96.32958,96.09275,96.7483,98.00713,97.13832,97.89709,97.400856,98.5977,98.93273,99.11416,97.91057,98.91404,98.19821,99.236694,99.02815,99.11163,99.1477,99.17293,99.0,99.5,100.0,99.5,99.600006,99.4
Mexico,Latin America & Caribbean,Upper middle income,GFDD.AI.01,39596.38,18059.057,14791.009,17608.479,17090.014,22076.496,16323.413,16557.14,18065.947,20399.088,18565.7,21487.645,18485.102,15606.673,16742.775,9806.119,15003.476,37255.645,10367.034,14184.035,19045.936,10482.416,22858.291,21182.33,25587.041,17283.26,21472.102,17479.863,20422.605,20420.906,15885.485
Mexico,Latin America & Caribbean,Upper middle income,GFDD.DI.04,83.53566,90.00706,92.97606,97.87235,99.71028,98.26468,98.462616,99.99999,89.31624,106.076065,56.24005,107.371056,104.726135,98.33397,97.59609,98.44224,94.9115,99.42817,93.000534,97.39607,101.13256,107.74634,106.04463,101.41622,102.018295,114.0616,107.68448,100.16743,102.6495,109.25375,99.61024
Mexico,Latin America & Caribbean,Upper middle income,GFDD.DI.05,22.513418,26.11475,27.13845,22.85548,24.04065,24.4301,22.96455,28.387741,27.16523,27.15951,22.22858,22.26829,22.41793,23.84071,23.731329,24.42722,24.33454,25.632341,26.258959,25.79809,26.53908,26.44167,26.67931,28.12474,29.11349,30.25275,31.105358,31.98817,31.05299,32.2424,36.15517
Mexico,Latin America & Caribbean,Upper middle income,GFDD.DI.06,6.046528,3.6992562,2.713855,0.6611156,0.112270005,0.5715435,0.33581272,2.52e-13,12.28785,17.232311,10.76161,11.119526,15.030599,10.687285,27.023266,4.8860536,7.5001783,6.662043,12.178784,11.251028,11.338419,13.317353,14.010104,12.802464,12.165864,20.068502,20.988577,17.1462,5.930216,15.146504,12.353594
Mexico,Latin America & Caribbean,Upper middle income,GFDD.DI.11,4.9220543,8.246903,5.523897,1.5699137,9.221453,5.7307997,4.1708026,1.9515053,7.521684,2.2425313,2.2667043,2.5667963,2.9632196,3.2852762,3.4052768,3.5697863,3.5616395,3.892304,4.3233886,4.877916,4.9046445,5.188033,5.289355,5.6977243,5.9375763,6.2720146,6.624854,6.639157,6.4731984,6.8828216,7.6496625
Mexico,Latin America & Caribbean,Upper middle income,GFDD.DM.11,8.561553,5.6041713,21.975248,3.179578,-3.4501827,3.712047,17.07795,-0.9640369,9.080995,18.916712,7.923679,2.0499039,2.054824,1.9714079,2.062592,4.1905622,3.902738,4.963342,4.292397,3.390348,3.116723,2.1975439,1.9876951,1.838035,1.6865441,1.822201,2.025736,2.1143112,1.633618,1.528538,1.7183859
Mexico,Latin America & Caribbean,Upper middle income,GFDD.EI.08,13.128709,12.306939,7.8515115,4.8669534,7.7535233,9.105853,6.306225,14.603109,13.3233795,13.915639,14.22734,13.06451,12.65556,12.738979,12.101339,11.344729,12.33609,13.429359,13.945519,17.32952,16.10675,16.294249,16.54336,17.87405,18.004549,17.32432,16.25509,16.07547,15.678729,17.23382,19.945179
Mexico,Latin America & Caribbean,Upper middle income,GFDD.OI.02,19.03996,22.634392,23.70018,20.03878,21.119112,21.797781,20.58396,25.89208,24.68065,24.17157,19.31949,20.362421,19.90175,20.87461,20.66711,20.93549,20.7747,21.95223,22.27879,25.314482,26.03177,26.081171,26.65409,28.0555,29.089529,30.346058,31.15693,31.873417,31.225828,32.28854,36.38177
Mexico,Latin America & Caribbean,Upper middle income,SH.STA.BRTC.ZS,83.799995,101.31514,100.210976,92.63924,107.50277,97.99435,92.38831,85.7,93.935585,95.58578,88.6,102.637955,97.093956,95.0,109.823616,101.879845,93.4,93.7,96.187004,95.299995,94.08,107.00885,99.6,96.975334,95.600006,97.7,96.4,104.866196,105.61286,99.79636,105.24169
Mexico,Latin America & Caribbean,Upper middle income,SL.IND.EMPL.ZS,24.493107,25.47,25.35,25.2,25.13,24.820002,24.930002,24.89,24.910002,25.96,27.07,26.08,25.96,25.930002,26.060001,26.09,26.190002,26.2,25.58,24.300001,24.4,24.300001,24.060001,24.31,24.81,25.16,25.75,26.01,26.13,25.55,22.112146
"Micronesia, Fed. Sts.",East Asia & Pacific,Lower middle income,DT.TDS.DPPF.XP.ZS,8.204188,5.3441358,8.993557,5.4673095,9.820453,7.784676,8.930935,10.063378,13.067702,15.274865,8.121965,7.7000866,5.6585174,8.2344,8.942702,12.24057,4.078292,6.85325,-1.7039372,6.83646,7.1383286,5.36356,9.879105,8.4895,8.7154255,7.091255,-0.40027276,-9.2739,1.9924614,0.93735623,15.4928255
"Micronesia, Fed. Sts.",East Asia & Pacific,Lower middle income,EG.ELC.ACCS.ZS,79.15276,85.65431,77.58014,72.000374,79.10148,89.43147,81.06091,78.96731,74.95053,77.29052,46.0,48.337467,50.100033,51.857365,53.611805,55.365715,57.121494,58.881798,60.649334,62.426807,64.53152,66.59399,68.432365,70.24882,72.053246,73.93906,75.96201,77.94391,79.70291,81.27673,82.92592
"Micronesia, Fed. Sts.",East Asia & Pacific,Lower middle income,GFDD.AI.01,14662.369,20410.182,24536.428,7286.421,4405.068,11214.894,11129.274,13966.54,12781.789,18539.59,16145.487,3441.0745,13275.767,13736.221,14096.007,6804.6084,14822.623,16179.568,14853.316,18282.742,6013.491,14440.444,9664.106,27396.678,13846.885,15626.201,17023.705,10828.81,5812.037,10674.542,14383.292
"Micronesia, Fed. Sts.",East Asia & Pacific,Lower middle income,GFDD.DI.04,78.89766,81.64698,61.729168,66.146965,49.889824,76.24134,52.169445,83.25262,60.447792,57.993324,73.80367,71.06969,56.093105,68.09827,75.91583,64.09492,50.46065,83.002144,70.737946,72.400276,81.661934,65.86891,75.01729,66.58323,63.604435,82.39312,77.590866,60.382854,80.07674,78.47896,74.9727
"Micronesia, Fed. Sts.",East Asia & Pacific,Lower middle income,GFDD.DI.05,63.318027,97.15173,57.755276,38.444553,67.82573,48.66155,46.49657,51.04598,48.523067,49.89414,46.62109,47.82573,41.84041,39.79747,40.636143,39.625248,35.81657,36.97079,37.24971,40.65715,38.35938,38.028587,41.20019,45.95681,60.878803,56.32638,65.47186,65.701935,61.344616,59.90835,69.909935
"Micronesia, Fed. Sts.",East Asia & Pacific,Lower middle income,GFDD.DI.06,7.97022,7.8641253,4.7081347,7.188882,6.8458157,8.050874,7.170228,11.421428,10.06229,6.220014,8.186132,12.0112915,13.078507,4.6647444,7.156415,7.698421,9.550772,5.8935175,5.2210755,7.6680202,3.5724158,9.546034,12.017344,5.4555764,6.239902,3.4291706,11.3898115,12.870409,4.4794145,9.590125,1.2815362
"Micronesia, Fed. Sts.",East Asia & Pacific,Lower middle income,GFDD.DI.11,7.317498,6.1855645,4.4427013,3.7780595,12.144423,3.2651427,-1.2750968,6.1404448,0.9215014,9.2453985,2.8782284,-0.68922055,3.1947112,2.3295817,8.012644,10.772964,7.1762366,9.181471,4.887965,8.857409,2.377075,7.853954,5.9267783,2.1306834,11.317805,2.8969083,8.042215,4.8830667,11.303917,4.1839967,1.8559425
"Micronesia, Fed. Sts.",East Asia & Pacific,Lower middle income,GFDD.DM.11,11.400368,28.699198,-0.9300609,17.498575,11.768529,8.496793,-3.6694937,17.35713,13.780081,19.52172,18.546408,2.9314408,15.519758,32.18618,22.142632,26.957804,17.610636,29.324877,13.467063,11.70745,9.30095,8.001972,7.921742,13.743159,14.663461,49.991245,18.425758,22.009176,75.80615,-2.267068,17.101881
"Micronesia, Fed. Sts.",East Asia & Pacific,Lower middle income,GFDD.EI.08,13.301296,2.0653517,4.5957646,4.5062523,3.8819728,0.31546828,0.0485049,3.9505322,6.752403,0.3579533,0.1894785,0.0717929,0.048244003,4.6593213,10.125822,0.78883463,9.734012,0.5319581,3.865168,1.99012,1.490853,1.055889,0.7123023,0.22193201,0.0150342,0.2553004,0.22993681,0.19636361,1.314401,1.324142,1.2645301
"Micronesia, Fed. Sts.",East Asia & Pacific,Lower middle income,GFDD.OI.02,47.824432,44.805817,62.498013,70.742775,60.071754,48.66155,46.49657,51.04598,48.52307,49.89414,46.62109,47.82573,41.84041,39.797466,40.636135,39.625248,35.816566,36.970787,37.24971,40.65715,38.35938,38.028587,41.200188,45.956806,60.8788,56.326378,65.471855,65.70193,61.34461,59.908337,69.90993
"Micronesia, Fed. Sts.",East Asia & Pacific,Lower middle income,SH.STA.BRTC.ZS,95.29994,102.59344,97.137276,97.86083,91.35404,97.37169,93.3901,87.6448,88.0,83.799995,82.799995,85.7,81.6,84.6,92.45439,82.7,85.3,91.49944,90.0,100.0,96.0698,93.77459,94.6171,90.50529,94.56058,92.07517,97.13571,87.93555,102.80777,102.810745,97.506004
"Micronesia, Fed. Sts.",East Asia & Pacific,Lower middle income,SL.IND.EMPL.ZS,16.944592,13.154483,12.460162,15.2896,15.044231,14.686295,9.629782,7.9176173,12.640556,5.665675,13.875693,9.292497,12.535031,12.433667,9.279902,15.079009,11.785587,13.638326,11.949933,10.790578,10.237824,14.273108,12.707635,15.386302,15.876864,10.8455,13.070166,15.905293,14.3233795,18.646301,11.094616
Moldova,Europe & Central Asia,Upper middle income,DT.TDS.DPPF.XP.ZS,19.627184,29.125237,8.513104,17.20647,2.0515456,7.6147685,7.7330523,10.395759,21.022707,26.541756,15.621133,12.349719,13.73357,7.3293495,8.38171,5.0149546,5.4041834,3.7285664,2.8974345,4.0600204,2.9738028,2.5864692,2.6585758,2.9687374,2.704785,2.9798923,3.777245,4.0083885,4.569203,4.5000257,5.380335
Moldova,Europe & Central Asia,Upper middle income,EG.ELC.ACCS.ZS,100.0,100.0,100.0,100.0,100.0,100.0,100.0,100.0,100.0,100.0,100.0,100.0,99.0,100.0,99.1,98.6,100.0,100.0,100.0,100.0,100.0,100.0,100.0,100.0,100.0,100.0,100.0,99.98001,99.990005,100.0,100.0
Moldova,Europe & Central Asia,Upper middle income,GFDD.AI.01,11340.376,7655.134,1686.1285,9998.178,12338.77,17557.1,6153.821,11799.215,8830.395,7353.56,3178.558,5068.832,7536.857,8434.739,976.0806,1049.1454,1120.843,1260.7593,1362.5046,1409.4481,1501.4558,1446.4662,1529.2139,1659.9905,1541.9606,936.7226,1058.8634,1162.1449,1251.8198,1347.1401,1379.501
Moldova,Europe & Central Asia,Upper middle income,GFDD.DI.04,83.14431,62.557957,45.811512,95.50809,81.14072,71.46666,74.78579,77.57513,53.501072,51.913544,60.013477,65.96593,69.605415,75.50018,74.94371,80.13486,84.91982,90.07761,91.41801,91.78397,92.384964,93.3907,94.94182,95.66145,95.505264,95.52582,73.4263,73.31747,74.22454,76.228966,79.84085
Moldova,Europe & Central Asia,Upper middle income,GFDD.DI.05,43.631065,64.88975,129.84315,59.63384,47.882153,19.217138,18.34012,21.564,19.33694,20.45212,22.29442,25.13984,28.985788,30.85863,36.75266,42.03444,43.66743,51.14568,50.32285,54.08666,29.95677,29.748238,33.77493,37.025337,35.45581,32.67801,32.52065,31.908928,31.89223,31.571878,37.50297
Moldova,Europe & Central Asia,Upper middle income,GFDD.DI.06,24.192041,7.240705,6.2494397,9.331701,14.536069,7.01736,6.399346,5.929713,15.50413,14.14997,10.8497,10.006439,9.596399,7.898659,8.5751505,6.9865847,5.634664,4.4665833,3.671071,3.698367,2.60248,2.287879,1.98252,1.755555,1.572267,1.471326,9.707657,8.690706,8.046933,7.258933,7.3306317
Moldova,Europe & Central Asia,Upper middle income,GFDD.DI.11,5.316668,5.8915915,-0.61428165,16.829233,2.9012156,9.9124565,6.750717,12.996514,12.632266,4.423632,10.957453,14.882968,13.056678,14.291348,24.908882,11.535066,6.663977,1.8988736,2.1199894,2.540634,2.1864872,2.2257037,2.2346377,2.0521972,1.9431738,2.0171092,1.9965109,1.8578899,1.8087025,1.4725382,4.3421874
Moldova,Europe & Central Asia,Upper middle income,GFDD.DM.11,24.442215,13.271297,13.363259,13.070499,8.231047,13.248082,18.62093,24.835554,11.314887,7.192443,16.00132,0.20798661,0.1317591,0.06311291,0.0789089,0.0910207,0.0108559,0.008406901,0.0019819,0.0022061,0.0643729,0.11623,0.0300833,0.0277991,0.0264979,0.0325361,0.031221101,0.017167,0.0345627,0.070928395,0.071267694
Moldova,Europe & Central Asia,Upper middle income,GFDD.EI.08,5.407542,9.371123,33.85246,20.62817,11.57503,10.88415,11.27454,13.592919,3.9643233,3.482556,3.6409802,4.674254,4.8304877,4.046741,4.435483,4.582403,4.257059,3.703115,2.65852,5.325019,3.694715,4.199455,5.3601003,5.179242,4.763699,4.460905,4.380008,4.2144194,4.0480957,3.4828722,6.3493557
Moldova,Europe & Central Asia,Upper middle income,GFDD.OI.02,35.83242,46.758514,27.210669,38.052914,31.109186,9.302064,8.960546,10.65961,9.959151,11.34548,13.12144,15.512099,18.83916,20.93504,25.18655,29.890669,32.16842,38.67115,38.272488,39.43613,31.335007,30.59042,34.496487,37.83696,36.30717,33.271908,33.102207,32.425587,32.21372,31.827297,37.86628
Moldova,Europe & Central Asia,Upper middle income,SH.STA.BRTC.ZS,100.0,100.0,100.0,100.0,100.0,100.0,100.0,99.100006,97.99999,97.99999,97.99999,99.00001,99.6,99.4,99.3,99.5,99.6,99.6,99.5,99.7,99.200005,99.4,99.200005,99.8,99.7,99.7,99.7,99.7,99.7,106.64657,107.14969
Moldova,Europe & Central Asia,Upper middle income,SL.IND.EMPL.ZS,31.823318,24.74,26.51,20.77,19.01,16.92,15.06,14.770001,14.610001,13.640001,13.890001,13.900001,14.44,16.05,16.25,16.01,18.190002,18.74,19.68,19.280003,18.65,18.75,19.280003,17.690002,17.9,17.85,17.14,16.65,19.41,21.72,26.868904
Monaco,Europe & Central Asia,High income,DT.TDS.DPPF.XP.ZS,7.918494,6.8589706,2.463321,6.7683816,10.555752,5.1063685,8.299438,6.7605696,8.451363,5.9746685,3.8999183,6.245221,6.1194363,9.056629,4.767553,5.852573,7.0624113,3.204228,-3.1017346,0.7115964,5.77684,-1.6407036,8.828887,5.735759,6.287163,6.491092,2.4653974,7.210872,5.381976,7.7001524,9.892977
Monaco,Europe & Central Asia,High income,EG.ELC.ACCS.ZS,100.0,100.0,100.0,100.0,100.0,100.0,100.0,100.0,100.0,100.0,100.0,100.0,100.0,100.0,100.0,100.0,100.0,100.0,100.0,100.0,100.0,100.0,100.0,100.0,100.0,100.0,100.0,100.0,100.0,100.0,100.0
Monaco,Europe & Central Asia,High income,GFDD.AI.01,11050.462,9555.1455,16539.459,6045.4893,11835.236,8490.183,3851.8264,11107.824,7269.966,16599.803,13190.905,7599.149,7962.1104,5749.858,6788.5947,6588.0703,8726.117,9152.062,12268.393,10719.27,2862.277,6399.121,7858.4424,4123.2705,11529.672,13474.682,12481.529,9675.041,5570.497,7942.2573,7308.79
Monaco,Europe & Central Asia,High income,GFDD.DI.04,75.613464,78.14425,47.012558,64.53541,71.121765,82.221535,61.249374,62.542446,72.16176,81.20288,54.00755,72.18171,77.16449,70.52832,73.0057,77.72462,63.61125,79.312256,78.35878,84.98872,76.28527,87.03345,64.57613,80.25228,74.68744,87.944374,85.46522,72.07746,77.59672,85.99657,54.285522
Monaco,Europe & Central Asia,High income,GFDD.DI.05,74.26652,78.23613,32.37769,84.09889,43.010242,96.54926,51.90988,66.35624,52.3279,132.22481,90.460915,93.94787,89.74174,101.11408,59.249996,80.90166,91.62196,70.72909,74.90197,100.774124,85.73906,70.22923,89.30435,91.282936,73.184944,83.661934,78.09507,107.808624,76.34447,104.3812,140.80537
Monaco,Europe & Central Asia,High income,GFDD.DI.06,24.884659,15.26244,33.099506,36.125187,40.220615,12.664364,4.557121,14.715106,10.832207,17.70618,5.7468963,25.714848,16.477997,12.195152,20.438374,11.689146,18.42885,17.629837,15.069121,20.795843,7.257829,16.665026,11.599379,14.443205,16.191298,17.536938,9.908461,8.687397,15.105929,14.1858425,14.5036745
Monaco,Europe & Central Asia,High income,GFDD.DI.11,5.484812,7.6591444,18.228989,12.0726795,8.87362,43.445606,17.405502,7.5724206,9.556836,15.726965,17.971542,18.648031,14.267097,8.132419,21.866312,29.558832,14.507563,19.005655,22.770658,19.722937,18.312777,25.816574,15.746638,26.032778,19.40003,16.32505,20.098583,17.84145,10.816533,16.798262,9.581435
Monaco,Europe & Central Asia,High income,GFDD.DM.11,2.1920414,29.271622,0.2133871,15.756077,-22.9349,10.233006,4.346843,0.63915145,12.605628,51.928165,20.115934,20.959166,37.972687,21.185598,35.53144,-30.12663,21.719046,107.40297,11.697183,74.23403,19.889444,13.538465,76.091446,48.96545,34.422855,9.78426,36.804874,37.93798,39.52725,36.382446,42.382816
Monaco,Europe & Central Asia,High income,GFDD.EI.08,5.7732253,3.158612,2.6750963,5.383408,6.340628,5.9909105,4.649392,4.71713,10.986525,8.361967,5.4964414,7.120094,3.1184623,4.7325315,3.886706,3.751654,5.0044117,3.9092903,6.0989275,12.205754,4.6728835,4.3966875,4.368607,6.783727,5.8211474,7.6074867,9.24034,6.1356707,6.5225425,4.9199367,7.8263316
Monaco,Europe & Central Asia,High income,GFDD.OI.02,46.51848,48.616566,37.470703,38.662006,71.473915,42.547554,46.759987,52.82964,62.617237,33.56514,63.701836,50.972282,64.99276,60.417786,99.29541,54.408535,54.726864,75.036644,45.195824,78.15614,78.7211,60.279804,102.0594,66.17681,77.64153,80.38837,79.54531,50.83227,58.763107,69.89834,98.37822
Monaco,Europe & Central Asia,High income,SH.STA.BRTC.ZS,91.482544,95.7525,92.48402,86.70284,100.7692,93.129,82.82158,97.27096,99.90449,101.60333,95.630196,63.466454,97.84089,95.457184,102.46732,92.77958,100.030334,91.88513,96.5021,88.54062,97.05621,91.8924,91.36159,100.15138,89.82851,92.552986,94.34905,97.62965,96.00744,98.92118,107.33564
Monaco,Europe & Central Asia,High income,SL.IND.EMPL.ZS,19.67221,20.075754,19.20018,22.2691,20.876556,19.257912,20.78614,20.65686,22.015394,16.152279,15.86637,19.034853,20.363983,18.009243,12.204585,18.654015,18.820667,20.609161,19.799438,22.162285,19.117096,15.648976,22.007448,18.459934,19.24275,18.57298,18.752474,18.803665,21.725645,19.084986,22.354353
Mongolia,East Asia & Pacific,Lower middle income,DT.TDS.DPPF.XP.ZS,9.538373,11.865146,17.124458,5.946677,10.631373,10.098924,10.680999,9.937046,5.376395,4.2769804,6.4879875,7.111327,7.352363,33.839348,2.929113,2.698099,2.4129975,2.1243742,2.3014016,4.0772796,4.326945,1.7497382,2.8051784,5.041675,3.6287334,3.056096,3.4559357,4.1527834,11.047173,5.4375997,9.633502
Mongolia,East Asia & Pacific,Lower middle income,EG.ELC.ACCS.ZS,92.58985,69.808754,87.320946,86.228935,91.90684,79.89496,85.123764,73.38877,69.52244,97.34929,67.3,71.07658,72.28447,76.3,74.68689,86.2,77.08722,78.29285,79.5057,80.7285,78.50208,72.057076,84.48361,81.2,87.07883,88.40018,89.83841,92.512566,98.1,97.22991,98.1
Mongolia,East Asia & Pacific,Lower middle income,GFDD.AI.01,28524.096,28419.76,27276.08,32811.055,39481.23,17020.94,31022.615,19206.158,19973.07,28847.602,35596.797,28201.28,28285.875,12477.54,29139.86,32343.23,31240.982,20250.955,29185.67,20020.834,31285.076,20465.4,32492.479,21782.459,26529.12,40872.8,36090.336,26363.691,32883.605,39272.844,35152.215
Mongolia,East Asia & Pacific,Lower middle income,GFDD.DI.04,88.62302,96.41891,95.86866,81.11977,79.717804,93.34143,66.94635,78.52229,82.80866,83.22577,86.13929,93.07066,99.46685,99.16138,86.170944,89.92513,97.34377,100.79125,102.33013,86.122444,91.68168,93.429955,97.97325,92.776794,96.38593,96.39447,92.51293,93.58754,94.94832,96.36677,94.10791
Mongolia,East Asia & Pacific,Lower middle income,GFDD.DI.05,54.389442,37.532223,19.89489,16.069109,17.230629,13.40133,13.864349,15.59595,15.13438,17.432339,18.08974,20.31488,25.911661,32.90624,30.78941,38.19906,37.735497,48.03769,33.89988,43.68969,47.954052,48.666138,45.611797,49.298267,47.84385,43.40746,50.78123,56.89851,60.086334,55.88293,65.53278
Mongolia,East Asia & Pacific,Lower middle income,GFDD.DI.06,8.104928,1.997898,1.439918,2.80971,3.058765,0.5936103,4.515748,2.199055,2.362745,1.91102,1.498703,0.83278817,7.324099,0.1996105,3.8302748,3.2673311,0.8600043,1.8782064,5.274535,6.566206,3.1915562,3.259135,0.9923899,4.2078705,2.545231,2.415479,5.60694,4.1323447,3.127518,1.991197,3.24969
Mongolia,East Asia & Pacific,Lower middle income,GFDD.DI.11,1.1676974,6.6696196,3.104561,-0.7462094,6.6634164,-2.886533,4.402022,5.2730246,7.7555285,3.745404,5.002492,8.275306,-0.64487857,0.82769626,13.568697,2.81246,12.154544,12.335025,0.5236811,0.6229398,0.5674278,0.5765097,0.64478874,0.5664462,0.68620366,0.7481522,0.87047523,0.87794983,1.0241545,0.9915241,1.0445216
Mongolia,East Asia & Pacific,Lower middle income,GFDD.DM.11,36.682335,82.26807,4.772704,29.518894,49.990696,39.480785,16.811243,38.914654,46.483456,42.541504,69.87618,44.155342,58.429897,33.966557,67.89882,38.640366,267.83084,34.302635,52.798916,81.92527,0.7032253,0.055747,0.0488348,0.0454864,0.076814,0.0863077,0.1900497,0.1244147,0.1351132,0.2077245,0.27466962
Mongolia,East Asia & Pacific,Lower middle income,GFDD.EI.08,7.226241,41.10758,22.226318,6.557645,2.895225,1.5136691,2.217926,3.981251,4.386896,3.478241,3.4457211,2.5900722,2.3238142,2.9408329,1.613283,1.227599,1.033623,1.037678,0.5689584,0.4493555,0.98496246,2.853524,4.250456,9.926165,10.210059,12.241839,15.2224,9.650549,5.0545855,4.209834,6.326116
Mongolia,East Asia & Pacific,Lower middle income,GFDD.OI.02,37.334675,31.01488,17.073929,12.76564,12.98861,10.040461,9.211437,11.03189,10.02659,10.52157,11.03684,13.61773,19.25567,26.75424,25.569172,33.189247,33.139095,42.321648,28.88538,38.660995,43.6918,44.333515,41.18513,45.200417,44.74965,40.701237,47.913116,54.136696,57.60616,53.961906,63.3097
Mongolia,East Asia & Pacific,Lower middle income,SH.STA.BRTC.ZS,96.49686,89.64326,92.75362,98.44546,98.053276,95.623924,100.7884,94.14528,97.1,96.55603,96.6,105.13954,95.88692,98.6,99.7,99.200005,100.286354,95.53018,99.4,94.52882,98.799995,92.69901,99.955666,98.899994,98.899994,98.28143,100.19271,95.1505,99.3,106.984116,101.48944
Mongolia,East Asia & Pacific,Lower middle income,SL.IND.EMPL.ZS,23.572742,19.39,17.930002,17.02,16.74,17.930002,17.46,16.7,15.820001,15.53,14.140001,13.660001,14.32,11.92,16.14,16.81,17.34,13.68,15.2300005,14.939999,16.24,17.34,18.170002,20.42,20.72,20.29,18.99,19.22,20.61,21.580002,22.333626
Montenegro,Europe & Central Asia,Upper middle income,DT.TDS.DPPF.XP.ZS,32.6008,22.908466,18.170002,17.117537,18.311235,17.243605,18.970808,8.923445,19.270655,19.180002,15.854248,12.333356,24.193945,10.632287,25.843927,20.34615,20.843586,8.1707,2.5447361,3.0894852,5.405365,9.191312,12.83986,16.536953,12.613254,23.9132,22.41337,12.547708,25.640778,19.86101,39.910645
Montenegro,Europe & Central Asia,Upper middle income,EG.ELC.ACCS.ZS,100.0,100.0,100.0,100.0,100.0,100.0,100.0,100.0,100.0,100.0,100.0,100.0,100.0,100.0,100.0,99.83022,100.0,100.0,100.0,100.0,100.0,99.0,100.0,99.7,97.7,100.0,100.0,100.0,100.0,100.0,100.0
Montenegro,Europe & Central Asia,Upper middle income,GFDD.AI.01,4540.0513,14069.093,8534.59,9055.792,8585.888,8792.802,6265.2856,3534.937,11552.536,2863.758,11695.713,7643.305,16930.64,5806.544,7555.567,7990.9336,8273.625,13892.319,-9565.85,4334.1357,4249.0986,7751.713,651.80817,12877.401,15206.819,7382.3574,14157.811,8870.762,7723.703,3718.792,6796.1025
Montenegro,Europe & Central Asia,Upper middle income,GFDD.DI.04,92.43924,81.61442,95.4932,90.86845,87.58473,79.797005,97.94543,103.56623,111.12745,106.19409,103.59816,100.27234,89.25712,95.527435,96.794876,96.75994,99.75897,99.945206,99.89461,99.83863,99.82094,99.804756,99.801544,99.808426,99.805534,99.82318,99.83965,99.88749,99.88287,96.79173,98.33693
Montenegro,Europe & Central Asia,Upper middle income,GFDD.DI.05,57.51729,74.82359,69.74874,110.4111,57.38105,62.39516,78.23325,103.22925,61.308537,52.75321,60.16846,57.101032,11.27058,12.047449,13.345659,22.5153,41.2783,66.2231,51.58175,48.66301,48.12703,46.92437,51.96245,51.21878,54.80865,58.359257,59.573513,61.912983,58.53604,52.13717,59.356953
Montenegro,Europe & Central Asia,Upper middle income,GFDD.DI.06,3.974112,10.780106,11.224134,5.6694145,7.0554266,6.7375674,6.7265496,7.342405,5.040269,2.8491144,6.684798,8.821356,1.2851961,0.6856968,0.5949282,0.7217963,0.095675305,0.0451954,0.09351689,0.1310944,0.1277387,0.1221681,0.123997204,0.11897711,0.1168827,0.109192,0.100879304,0.070888996,0.0748393,2.155899,1.303162
Montenegro,Europe & Central Asia,Upper middle income,GFDD.DI.11,36.93927,50.479446,39.56636,59.786392,30.231604,44.238583,41.86114,20.549217,27.731028,39.01389,41.74331,44.14566,49.892002,27.729641,53.259735,50.913593,25.088083,45.490543,56.04578,23.222546,57.568264,46.643044,60.895035,36.15473,66.40757,68.15552,56.682854,36.387966,48.41026,34.283417,96.50125
Montenegro,Europe & Central Asia,Upper middle income,GFDD.DM.11,81.51337,114.404686,101.02147,66.23018,70.39703,184.97426,76.24226,67.95673,69.36178,75.17323,46.7782,75.06414,103.66885,56.28319,79.75825,76.36887,150.14555,116.069496,97.13092,91.21496,82.73579,100.751045,124.97651,96.20817,58.87256,118.16073,109.91936,54.878155,68.67499,182.96092,127.679924
Montenegro,Europe & Central Asia,Upper middle income,GFDD.EI.08,8.868928,8.059936,17.442575,11.522974,14.313247,3.7539947,6.8702097,5.4802203,8.564238,14.376244,8.518428,5.957692,13.091158,7.006351,6.9011774,8.315728,10.788316,15.223946,16.576353,8.002839,11.398436,8.630403,18.857325,9.158139,12.070857,9.488983,8.030639,10.876279,12.778245,13.21292,13.800293
Montenegro,Europe & Central Asia,Upper middle income,GFDD.OI.02,59.706867,91.06307,44.997253,44.67991,62.023037,37.24211,36.4218,57.7337,77.65219,55.137444,22.268038,44.336014,11.126451,12.00057,13.33353,22.4447,41.156326,65.99443,51.20242,48.229347,47.529606,46.264427,50.9973,50.06801,53.48319,56.858208,57.921597,60.10335,56.1908,50.958366,57.677628
Montenegro,Europe & Central Asia,Upper middle income,SH.STA.BRTC.ZS,89.14913,97.17562,97.302734,91.599464,99.74012,92.96176,87.50794,96.01071,96.91037,95.3558,99.100006,96.6,97.99999,98.899994,98.3,99.00001,87.2,99.7,99.9,99.5,94.04888,103.13304,98.25217,99.00001,98.50351,97.324295,94.49442,94.9308,98.799995,94.29368,95.7288
Montenegro,Europe & Central Asia,Upper middle income,SL.IND.EMPL.ZS,29.747887,25.24,24.84,24.33,24.35,24.66,25.170002,25.410002,25.53,24.87,24.76,24.47,24.02,23.38,21.25,19.23,18.29,17.540003,18.24,18.12,18.75,19.55,17.92,17.77,17.560001,17.46,17.470001,17.080002,18.9,19.41,16.005774
Morocco,Middle East & North Africa,Lower middle income,DT.TDS.DPPF.XP.ZS,27.890783,34.19737,52.06966,45.394226,46.524612,47.398373,39.479046,36.709003,31.856949,32.853676,27.120508,25.245285,27.729195,29.634922,17.407948,13.842452,10.124096,9.740159,7.771583,7.028939,7.509513,6.733685,7.067207,8.832176,7.5506773,7.5432405,8.623677,8.361786,6.773876,6.6681137,11.005721
Morocco,Middle East & North Africa,Lower middle income,EG.ELC.ACCS.ZS,103.208855,101.0697,49.2,56.772648,58.6089,56.500004,62.274593,64.102684,65.92669,67.74586,69.56738,71.3479,73.120834,74.88853,78.2,78.41762,96.5,81.95443,83.73233,85.520164,92.67138,93.446434,94.21052,97.2,91.6,97.3,97.8,100.0,98.1,99.600006,100.0
Morocco,Middle East & North Africa,Lower middle income,GFDD.AI.01,15276.814,17829.217,22014.959,13478.737,14076.874,39071.37,13926.787,13956.223,28269.408,25346.12,11755.481,16353.813,10883.931,14942.753,14091.105,9854.081,16521.258,17330.05,24313.582,6731.2383,11836.423,23220.746,19588.182,15424.125,11297.923,6678.019,11625.515,17919.502,10587.066,14457.992,26221.2
Morocco,Middle East & North Africa,Lower middle income,GFDD.DI.04,75.16862,75.79104,84.61945,85.906166,87.872345,82.68524,83.26651,88.26346,89.13546,91.84359,91.46229,94.72268,94.77085,94.588684,94.65456,96.30582,96.57872,97.519844,97.93037,98.56067,98.73031,99.10246,99.28596,99.247795,99.37469,99.3414,99.36585,99.45507,99.54215,99.5173,99.59509
Morocco,Middle East & North Africa,Lower middle income,GFDD.DI.05,46.15091,47.703278,50.9014,53.72425,53.1769,55.95726,52.84019,61.927044,60.994926,66.14435,70.90968,74.883026,76.37529,77.50388,78.755424,85.902306,92.01437,99.60294,99.680466,99.84542,87.10695,89.835594,89.56235,88.89583,92.663414,92.59618,94.04479,93.773575,93.67861,93.406555,103.48591
Morocco,Middle East & North Africa,Lower middle income,GFDD.DI.06,8.480684,8.726202,6.0703535,5.9637,5.10308,8.255764,7.5105486,7.4806647,6.867093,5.187945,5.907524,3.600495,3.555706,3.6445708,3.521333,2.550362,2.4688082,2.017066,1.8249301,1.343651,1.074218,0.806022,0.6713257,0.6977759,0.5738865,0.5719985,0.55043113,0.47381473,0.40942872,0.43443462,0.4116531
Morocco,Middle East & North Africa,Lower middle income,GFDD.DI.11,16.449331,5.4258766,11.055745,16.27947,12.66417,4.239621,24.558489,31.422668,19.152449,15.907596,18.280493,17.261646,14.821285,15.446893,14.959428,15.361765,15.172162,18.022276,16.104128,17.565323,18.096565,18.369007,18.271942,18.079626,18.486452,18.137157,18.608912,18.768316,19.177431,19.575865,24.155195
Morocco,Middle East & North Africa,Lower middle income,GFDD.DM.11,87.4917,4.9754686,30.11296,155.63463,31.53468,57.240883,36.081993,50.181248,36.829464,38.753353,47.708534,70.91166,0.0069393,31.656847,76.92547,59.190163,0.0115079,0.0111865,0.082174204,0.018118799,0.013671299,0.06595919,0.0398444,0.0097049,0.009423301,0.11451209,0.1986603,0.1054339,0.0984329,0.0789052,0.089165
Morocco,Middle East & North Africa,Lower middle income,GFDD.EI.08,11.96606,10.065249,13.739249,15.16896,15.48716,14.890559,13.30388,15.71637,14.5978985,13.454209,14.95021,19.872179,20.123539,18.92643,17.273539,18.83802,18.94875,17.94047,17.935299,18.32515,16.787619,18.670639,21.802061,23.95907,22.978838,22.553629,22.32552,23.54266,26.76823,26.597101,32.158867
Morocco,Middle East & North Africa,Lower middle income,GFDD.OI.02,31.48257,32.77884,35.80681,38.29269,38.16613,40.549187,37.822548,48.309265,47.78822,51.517838,56.38838,59.503613,60.73378,62.24015,63.36499,69.3163,73.680725,80.8188,81.509254,81.25849,86.69134,87.83833,88.19445,86.54394,89.729256,88.92393,90.1588,89.94168,88.363396,87.02258,98.53936
Morocco,Middle East & North Africa,Lower middle income,SH.STA.BRTC.ZS,91.36037,92.76367,31.0,104.72181,96.888176,39.6,96.1376,45.600002,98.71893,95.04424,104.1651,97.58104,99.87402,104.6507,62.6,101.690865,102.36354,100.02012,105.71182,102.23649,74.1,73.6,98.23467,100.15211,105.34615,92.660385,96.788864,104.08951,86.6,101.24131,99.340195
Morocco,Middle East & North Africa,Lower middle income,SL.IND.EMPL.ZS,24.61952,20.1,19.86,19.62,19.9,19.44,19.97,19.66,19.97,19.77,19.710001,20.060001,20.12,20.18,19.48,19.51,20.300001,20.560001,21.05,21.210001,21.49,21.85,21.39,21.65,21.87,22.26,22.25,22.66,22.88,23.09,19.296642
Mozambique,Sub-Saharan Africa,Low income,DT.TDS.DPPF.XP.ZS,17.296944,19.781107,20.789015,31.472715,30.375753,33.445522,25.033678,17.945055,15.620696,14.343347,8.050241,5.095667,3.939825,4.335107,2.7158637,2.8245418,1.4754674,1.0134469,1.0684686,1.4626788,3.4305758,2.2708015,2.0448163,3.8004386,5.428065,9.434067,9.725451,6.879842,7.273755,13.241298,31.329197
Mozambique,Sub-Saharan Africa,Low income,EG.ELC.ACCS.ZS,26.986588,21.334738,16.509876,20.028942,22.052582,59.947216,25.797176,6.6000004,3.6631758,4.8791237,6.096311,5.7,8.443921,8.1,10.77059,11.931945,13.095172,12.4,13.571224,15.0,18.802736,20.199999,21.232607,22.420128,24.8,24.0,26.246521,24.3,31.1,29.67445,30.603832
Mozambique,Sub-Saharan Africa,Low income,GFDD.AI.01,14630.118,11940.4375,9200.923,5794.0137,20808.598,9537.265,13093.695,8971.07,14003.446,7397.26,13330.441,10810.999,18093.229,30300.393,13160.689,6110.1484,7442.5713,15695.874,9932.219,12700.805,5618.3354,15008.8,8013.973,21759.291,11946.27,10162.129,10529.376,12379.615,7475.461,15308.818,15901.642
Mozambique,Sub-Saharan Africa,Low income,GFDD.DI.04,23.70539,72.44411,79.097725,66.7821,74.618004,77.66459,86.726135,92.75076,97.68088,99.10069,99.94089,99.94582,99.930336,99.96937,86.39244,94.939514,91.6561,90.644905,92.649734,94.80025,95.629906,95.98409,96.397675,96.72158,95.92832,97.3558,88.33265,83.33079,83.55903,80.16467,71.55787
Mozambique,Sub-Saharan Africa,Low income,GFDD.DI.05,18.77756,17.104761,22.91541,24.0539,22.65931,21.59587,15.45727,15.54492,15.725261,16.96671,20.802328,18.41882,20.93117,21.67047,19.799889,21.5266,22.08269,24.06369,26.389318,32.65816,35.37701,34.39935,40.09584,42.353477,47.6139,52.28691,48.779728,45.9053,46.62655,48.63565,59.398613
Mozambique,Sub-Saharan Africa,Low income,GFDD.DI.06,15.7151,4.87145,3.821493,5.1697407,3.442885,2.731372,1.255032,0.7925613,0.25290048,0.106749296,0.008711,0.0067128995,0.009268301,0.0039514997,2.034369,0.8911561,1.490154,1.781211,1.686537,1.590249,1.333635,1.30355,1.264084,1.338987,1.961828,1.31003,6.0135636,8.703395,8.580311,10.2411,17.49036
Mozambique,Sub-Saharan Africa,Low income,GFDD.DI.11,7.3342633,9.867811,7.9452243,15.716703,4.264313,9.898715,9.099648,20.279387,8.1642065,6.498463,14.929664,12.322862,7.8343105,6.8630667,13.637798,2.1129618,2.216483,2.0433426,2.0428607,2.4052112,2.5022974,2.8731892,3.0247152,3.5608256,3.5614555,3.6509054,4.445944,4.1417384,3.4891205,3.9828029,4.9022365
Mozambique,Sub-Saharan Africa,Low income,GFDD.DM.11,11.519624,30.148933,14.793601,18.793045,7.472386,9.431134,7.8234863,10.927276,5.2360353,5.04956,12.97774,1.9863584,7.8626084,11.404702,-0.2573329,1.762868,0.74910015,1.932199,1.677709,0.040783897,0.045669798,0.2579936,0.1114562,0.4095967,0.323314,0.271764,0.1745666,0.0082045,0.0140901,0.0115244,0.021543
Mozambique,Sub-Saharan Africa,Low income,GFDD.EI.08,1.986327,1.439636,1.5408751,1.1811739,0.9941549,0.420252,0.2794418,0.5691683,0.28690422,0.56981844,2.00771,2.952668,3.798949,4.489836,5.910105,7.663138,6.260472,7.002571,6.9577208,9.009044,7.081697,10.11308,11.221519,13.156699,15.887549,15.92783,14.249749,19.23655,21.54287,20.37193,19.7149
Mozambique,Sub-Saharan Africa,Low income,GFDD.OI.02,6.544248,13.048731,18.975012,19.28227,17.96575,16.942072,12.139,12.43176,12.8609,13.86588,17.78861,15.492071,18.127369,18.59341,16.58944,18.18283,18.80987,20.52694,23.02774,28.49129,30.56936,29.96752,35.62156,37.651287,42.402428,47.27499,43.68794,41.34388,42.51832,44.27256,54.174656
Mozambique,Sub-Saharan Africa,Low income,SH.STA.BRTC.ZS,91.87563,92.619965,89.998,58.572304,94.13098,88.45443,90.446655,44.2,93.606674,88.023346,89.33122,93.06544,92.50205,47.699997,92.12087,90.71691,91.51155,95.42559,55.299995,87.88327,93.014786,54.3,94.91926,90.928795,89.62454,73.0,91.79522,88.52219,96.884674,84.12621,90.20756
Mozambique,Sub-Saharan Africa,Low income,SL.IND.EMPL.ZS,5.662238,2.5,2.51,2.52,2.54,2.56,2.61,2.68,2.76,2.85,2.9499998,3.1,3.23,3.39,3.61,3.84,4.11,4.38,4.68,5.0,5.36,5.76,6.18,6.65,7.15,7.750001,8.030001,8.250001,8.45,8.59,6.190644
Myanmar,East Asia & Pacific,Lower middle income,DT.TDS.DPPF.XP.ZS,18.773619,27.694239,8.474892,13.257429,14.730677,20.089315,12.573164,8.434609,5.7473164,5.5305386,0.9686837,0.6348696,0.7311781,0.7359033,0.73516065,0.6484436,1.2228632,1.3316379,1.3749865,1.7565444,3.11102,2.6290684,12.002675,19.66737,4.6204896,3.4635365,5.399549,4.302348,4.8433757,3.3978777,7.9282317
Myanmar,East Asia & Pacific,Lower middle income,EG.ELC.ACCS.ZS,62.695663,57.366413,49.48148,63.61793,59.921658,59.922127,55.19569,59.4072,65.10569,59.650814,41.833786,42.9419,47.0,45.137714,46.230114,47.321983,48.41572,49.513985,50.619476,51.73491,48.8,54.006428,55.16793,56.349274,51.999996,60.499996,55.6,69.814835,66.22728,68.35853,70.397194
Myanmar,East Asia & Pacific,Lower middle income,GFDD.AI.01,-12266.894,5958.7803,6326.318,-3892.9587,-5955.247,4487.382,9499.029,3416.8308,1283.4958,1541.254,-3709.2102,7201.2417,3856.4038,9073.849,112.99356,114.50523,116.12754,119.93729,123.81732,126.197,129.91315,122.21038,142.95662,155.56306,176.19873,197.7077,250.72783,185.64488,239.82014,341.11047,4469.8237
Myanmar,East Asia & Pacific,Lower middle income,GFDD.DI.04,13.784841,21.46718,24.27425,24.560308,25.465118,27.621231,32.1336,37.1896,41.88775,41.10628,41.08397,46.05445,46.08967,26.93954,25.562922,23.34268,21.91127,21.829971,26.838419,30.730152,46.82178,49.796318,63.203,71.707726,78.087234,73.626274,74.824326,75.28551,77.269684,78.95063,74.15506
Myanmar,East Asia & Pacific,Lower middle income,GFDD.DI.05,30.63982,34.24949,35.690712,32.4192,31.60409,33.94923,36.41747,34.08128,27.86003,25.92002,29.580389,33.03135,29.785929,20.63064,21.647549,21.664309,20.22295,19.05023,17.31378,19.89412,25.2617,28.55667,32.8904,38.61351,41.865177,48.87698,53.36195,57.72479,58.94449,60.038486,64.88212
Myanmar,East Asia & Pacific,Lower middle income,GFDD.DI.06,37.461758,35.93867,34.25516,29.98087,27.87942,26.3615,26.12298,22.43194,18.00529,15.23149,16.48027,19.32258,16.99232,16.527111,17.534859,17.69795,16.557371,15.3602,13.34024,14.792589,16.22309,16.28478,13.69564,12.965599,11.62787,14.9666395,15.8658905,16.53531,15.46476,14.377871,15.074619
Myanmar,East Asia & Pacific,Lower middle income,GFDD.DI.11,27.555908,11.927101,13.644046,5.283263,24.783705,20.589844,23.212254,18.601135,19.002022,8.665009,10.981206,20.70322,8.085962,13.198444,19.96792,16.162981,16.003021,14.093204,24.71094,21.074379,16.236319,16.272352,14.782623,15.989282,21.956694,30.897724,12.295051,25.670704,13.4471,17.626778,25.509956
Myanmar,East Asia & Pacific,Lower middle income,GFDD.DM.11,36.68021,6.966627,17.788439,7.7229633,24.458185,30.37591,1.4833736,15.837004,19.802141,19.539583,23.90381,20.996166,7.9968176,27.300959,21.860418,39.5545,20.007282,35.364494,20.82619,8.752332,29.789507,32.679096,12.082201,36.44088,7.7399996e-08,6.4599995e-08,6.13e-08,0.0543718,0.038776,0.0059908,22.854418
Myanmar,East Asia & Pacific,Lower middle income,GFDD.EI.08,0.7642484,5.362198,3.27406,2.5980632,1.817863,1.3644701,1.076036,1.1756401,0.9056932,2.9299572,3.819689,5.2894974,3.428674,1.9454631,1.537716,0.70776176,0.7255263,0.8127488,1.746934,2.986418,9.121147,8.833621,14.015789,19.59879,24.95971,22.68866,23.52516,23.8407,24.25599,25.48337,18.47448
Myanmar,East Asia & Pacific,Lower middle income,GFDD.OI.02,9.518908,11.370841,11.05781,10.236401,10.21368,12.683551,14.51564,13.74157,12.674021,13.405221,16.88515,18.87489,16.10533,6.193682,7.6352153,7.4113417,7.319624,7.3317575,7.2671037,9.104448,13.733291,16.58724,21.02329,26.03559,29.497849,35.2623,40.424107,45.160007,46.2417,47.86791,50.94155
Myanmar,East Asia & Pacific,Lower middle income,SH.STA.BRTC.ZS,96.454956,46.300003,96.80406,93.97477,94.248535,92.441345,92.80508,56.399998,93.37059,95.76779,86.004585,56.999996,93.99983,67.5,95.5274,96.56701,91.030075,63.899998,98.723816,99.54798,70.6,94.23777,95.86599,94.959946,94.699875,73.194855,60.2,101.79351,90.677414,96.97997,93.712845
Myanmar,East Asia & Pacific,Lower middle income,SL.IND.EMPL.ZS,16.468952,8.370001,8.99,9.620001,9.790001,10.530001,11.09,11.71,12.06,12.34,12.910001,13.23,13.83,14.47,14.959999,15.33,15.750001,15.91,16.15,16.35,16.52,16.470001,16.48,16.540003,16.7,16.77,16.36,15.940001,17.27,16.94,5.2785797
Namibia,Sub-Saharan Africa,Upper middle income,DT.TDS.DPPF.XP.ZS,30.74924,3.46868,13.986413,11.154625,15.801081,27.010576,20.875036,15.341681,15.526616,26.929844,28.094675,17.169497,19.682423,13.505436,13.7966175,-2.4282253,12.476809,11.874531,16.268066,17.866167,15.554863,10.454856,22.275482,17.590578,18.983189,10.109138,17.017574,19.560991,27.503693,4.3263474,14.4553585
Namibia,Sub-Saharan Africa,Upper middle income,EG.ELC.ACCS.ZS,56.53301,59.671257,26.399998,27.0,28.932589,29.952147,30.968988,31.982428,32.99179,33.99631,36.5,35.96686,36.925476,37.878853,38.82934,39.779297,40.73112,43.7,42.65105,44.1,44.610737,42.3,46.63186,47.4,48.72851,51.6,49.7,52.5,54.002895,55.17709,56.258694
Namibia,Sub-Saharan Africa,Upper middle income,GFDD.AI.01,4762.475,7288.503,1715.171,4591.981,5024.6147,12558.911,3184.261,7911.0615,4800.4756,6222.9014,4068.746,3325.701,9368.129,2282.3933,103.31599,99.53923,144.48323,154.82227,156.63876,170.08777,169.81435,455.6808,670.65436,747.53204,881.12335,934.4953,913.027,937.0158,1070.6598,1154.4554,1220.97
Namibia,Sub-Saharan Africa,Upper middle income,GFDD.DI.04,51.515636,94.45156,86.68737,87.17137,87.97587,89.42601,90.00661,99.9999,99.999916,99.999916,99.99992,99.99994,99.89919,99.897316,99.93946,99.94995,99.9481,99.949455,99.93591,99.94191,99.94794,99.94958,99.94009,99.94117,99.94964,99.9545,99.78729,99.95165,99.598175,98.8831,99.92753
Namibia,Sub-Saharan Africa,Upper middle income,GFDD.DI.05,20.467339,23.26233,28.846788,31.712309,33.88298,37.474213,39.12122,37.87912,37.44435,40.53541,39.84327,37.59607,35.22033,36.56474,37.0587,37.57858,41.574688,40.274548,41.70119,63.234882,63.639854,65.15421,57.21499,58.726013,55.15298,49.1875,48.57681,50.98611,51.2024,56.43633,63.949715
Namibia,Sub-Saharan Africa,Upper middle income,GFDD.DI.06,6.7739377,3.6024601,5.217286,5.832138,5.530634,5.431045,4.99615,4.1799998e-05,3.74e-05,3.38e-05,2.94e-05,2.61e-05,0.046881597,0.0510886,0.0318569,0.029041901,0.029210301,0.0282292,0.0334825,0.030666199,0.0280247,0.0293739,0.0335767,0.0341814,0.0292726,0.0285917,0.1352894,0.030579802,0.2616811,0.8007857,0.057211902
Namibia,Sub-Saharan Africa,Upper middle income,GFDD.DI.11,43.12477,38.50176,22.67836,33.623314,28.541327,25.489414,40.120125,35.43166,27.707842,39.75803,19.985403,22.978586,29.168295,30.563377,31.617916,36.437023,35.357346,37.125957,32.060772,32.491108,32.98863,32.878696,32.43022,33.9671,33.35427,34.470436,33.811474,35.068466,34.896088,36.900604,38.415493
Namibia,Sub-Saharan Africa,Upper middle income,GFDD.DM.11,46.273968,22.412516,44.173096,36.25836,35.211403,28.17812,27.26701,17.09921,19.79233,33.398224,0.1763504,21.304335,40.06859,25.955904,20.21095,15.6151905,15.04651,27.25727,24.44731,36.31599,31.611069,18.75597,24.38142,23.369871,19.86475,13.666511,16.405802,17.02697,14.54166,16.85572,27.54179
Namibia,Sub-Saharan Africa,Upper middle income,GFDD.EI.08,0.64716816,1.2258801,2.484437,3.394061,2.7319152,2.566236,4.141591,5.301682,4.8600807,5.980718,5.380156,4.174349,4.459794,4.938438,5.700017,5.102724,5.198272,5.1713996,4.527641,4.7800126,4.696243,8.931521,7.412427,7.446905,6.745245,8.823302,9.21459,10.847679,11.6660795,13.96921,17.93303
Namibia,Sub-Saharan Africa,Upper middle income,GFDD.OI.02,20.34601,23.11156,28.84679,30.85903,32.21724,35.85732,37.47873,36.132256,35.74644,38.75511,38.082897,35.94616,33.680138,34.99599,35.57673,36.1074,40.16491,38.942417,40.07456,61.558235,62.0761,63.27094,55.638206,56.90603,53.2663,53.48304,52.7329,55.36018,56.00627,62.055733,70.006195
Namibia,Sub-Saharan Africa,Upper middle income,SH.STA.BRTC.ZS,98.25366,97.34891,68.2,93.32454,95.81277,107.6559,100.8928,87.24675,89.21587,88.25366,75.5,93.30156,101.22887,95.94371,95.260315,96.96239,98.05696,81.4,90.276535,96.31549,100.09276,86.339355,100.64731,88.2,95.60102,84.41322,90.034836,100.62914,89.07471,105.63205,98.00555
Namibia,Sub-Saharan Africa,Upper middle income,SL.IND.EMPL.ZS,16.321438,15.049999,14.91,14.770001,14.620001,14.520001,14.370001,14.270001,13.6,12.92,12.31,12.780001,13.370001,14.1,14.83,14.660001,14.57,14.45,14.270001,14.18,14.05,13.96,13.880001,14.44,14.83,16.99,19.33,17.66,16.22,16.4,14.999973
Nauru,East Asia & Pacific,High income,DT.TDS.DPPF.XP.ZS,41.575104,10.185982,11.442009,20.82134,14.498924,9.530003,20.756907,22.129875,14.60619,13.869136,13.010125,15.68723,12.837523,18.365276,13.426228,15.538434,17.912855,8.377531,8.218899,14.578155,14.5085335,7.7376947,11.704906,15.990725,11.731338,11.356862,12.713551,11.827946,24.210777,12.184649,6.872849
Nauru,East Asia & Pacific,High income,EG.ELC.ACCS.ZS,98.999084,99.041306,99.08342,99.124855,99.164925,99.20296,99.238266,99.27018,99.29801,99.32101,99.43709,99.415634,99.38659,99.35232,99.315155,99.27745,99.24163,99.8,99.18625,99.17211,99.17063,99.0,99.216446,99.26821,99.33779,99.0,99.71289,99.87004,99.92823,100.0,100.0
Nauru,East Asia & Pacific,High income,GFDD.AI.01,10802.782,-1658.5928,11474.119,3575.553,6701.0303,9547.361,1452.4778,7121.1724,7545.4956,680.0645,4373.8584,2836.745,6123.4756,5107.194,5004.761,5709.514,7402.2617,3106.5623,6575.92,181.02477,1164.8177,17197.682,7560.3657,7720.1016,3757.9705,4458.3135,9388.878,4876.049,-354.47424,5309.3257,4955.1064
Nauru,East Asia & Pacific,High income,GFDD.DI.04,38.840904,34.909885,56.23055,38.805645,32.575153,48.816517,31.00692,29.717018,28.148165,25.746496,18.17505,46.52985,29.930742,30.846098,43.22086,27.829494,49.65943,34.464752,34.82686,45.49813,55.27178,25.045202,40.16179,42.382183,47.61934,37.241516,67.33219,31.084324,35.98063,46.363155,28.203308
Nauru,East Asia & Pacific,High income,GFDD.DI.05,67.780624,62.755306,99.86679,39.692856,92.95176,79.470345,91.77701,82.94142,98.04784,79.824455,57.615944,59.233448,88.491905,90.78585,72.75625,81.08128,90.33265,94.92832,77.242615,74.51578,97.31714,93.2705,105.08732,98.70634,114.17175,84.52762,87.39591,119.90374,111.54761,94.92487,92.24809
Nauru,East Asia & Pacific,High income,GFDD.DI.06,7.6215158,6.1393156,10.933744,4.0398555,15.268592,6.149061,6.072361,9.345609,6.729273,6.715778,12.320814,14.680094,9.301696,6.9518266,9.376037,6.6083727,3.4236279,7.2408724,5.68527,7.5050125,12.501105,10.693027,6.894927,3.829052,5.4284534,2.578201,4.380412,7.2907662,4.267126,4.848894,4.296118
Nauru,East Asia & Pacific,High income,GFDD.DI.11,11.437763,15.981745,15.076583,15.1472645,21.139717,24.444431,16.991798,37.633007,17.431612,9.120218,29.556625,11.876229,15.619351,14.890923,14.563199,14.70483,9.952614,21.69729,11.887921,12.150931,7.635276,14.976561,14.971045,15.598333,26.042946,14.455044,22.535406,18.257412,11.713396,18.037165,21.063501
Nauru,East Asia & Pacific,High income,GFDD.DM.11,39.738216,23.413399,58.46656,40.033012,93.782,58.914906,49.938915,16.458206,63.379787,55.836803,44.688637,80.72627,54.714375,48.67336,49.078705,61.14453,43.78561,43.418953,31.22118,59.49228,49.388428,68.06327,58.436142,77.65211,68.44153,36.087692,68.371796,56.931866,85.11417,47.352837,70.79133
Nauru,East Asia & Pacific,High income,GFDD.EI.08,7.787628,11.51731,16.530533,16.970835,8.040591,22.112432,19.673862,16.082064,16.467224,7.392348,16.831175,17.32817,17.158436,16.447996,10.258608,12.644955,26.226143,23.59761,31.113964,16.624142,17.893553,20.593039,11.6149435,13.698738,41.820988,37.038414,42.466297,30.965229,0.36973757,19.66818,53.334476
Nauru,East Asia & Pacific,High income,GFDD.OI.02,68.44369,28.122477,49.243008,54.909058,44.345844,63.580395,78.58297,60.377037,60.89753,93.928,88.58245,62.506207,91.67855,60.485115,71.08224,68.35846,81.30791,37.881992,56.92891,66.36309,65.51425,81.97946,80.5648,55.10916,66.74428,87.04495,48.38193,105.2959,73.77077,106.36762,61.377445
Nauru,East Asia & Pacific,High income,SH.STA.BRTC.ZS,87.50315,87.257545,78.167435,84.97605,86.07995,93.62133,93.37358,85.47865,91.30538,88.60606,83.07564,95.34157,93.31706,95.53733,90.37418,91.229546,90.2609,97.4,92.18124,86.04446,82.11746,88.40953,93.7093,94.51622,90.281166,80.70708,93.31296,86.62912,89.3459,107.29069,80.23924
Nauru,East Asia & Pacific,High income,SL.IND.EMPL.ZS,15.371289,20.56991,20.443829,19.407204,23.82378,22.554533,19.30952,19.54784,21.376892,18.90235,20.118847,21.159748,23.050617,19.382353,19.338049,21.356842,15.969905,18.69058,17.880066,19.377512,18.645731,20.645819,19.015266,17.537449,18.047361,20.051895,22.25235,21.35177,20.034548,19.972475,19.70454
Nepal,South Asia,Lower middle income,DT.TDS.DPPF.XP.ZS,14.530547,11.174428,9.181885,8.614702,7.8141813,7.6868167,6.525562,6.929834,7.938181,7.9955606,7.3980246,7.7042804,10.1935215,10.047542,8.96378,8.180164,9.681859,8.606464,8.240055,9.972096,10.412654,8.997359,10.028866,8.590274,7.8225393,7.88551,8.6597,7.3783855,6.5980577,7.4233093,11.633054
Nepal,South Asia,Lower middle income,EG.ELC.ACCS.ZS,93.5488,61.425377,84.52431,88.35617,66.41386,72.476944,17.9,18.132868,21.73253,25.327356,29.046265,24.6,35.88741,39.29895,37.2,46.11573,51.199997,52.94023,56.361977,59.793667,68.6,67.26,74.96597,77.466194,84.9,82.52396,90.7,87.89635,93.92,89.9,89.9
Nepal,South Asia,Lower middle income,GFDD.AI.01,11497.6,6008.0107,7933.864,10830.608,14454.432,10896.186,8805.05,8971.372,8609.358,12606.3125,10126.944,1839.8904,7132.9043,14411.187,3905.901,5259.1885,7962.46,9982.215,8753.514,4612.0664,1886.2676,13211.197,11713.266,7286.3945,7633.707,17469.525,9126.511,11441.351,13895.772,10560.839,10331.84
Nepal,South Asia,Lower middle income,GFDD.DI.04,66.40216,74.47338,74.334076,76.16422,79.19066,76.9865,78.34498,78.52249,81.95062,84.41995,85.24866,88.1973,86.228714,93.08091,93.643295,92.402664,94.22669,92.40469,94.59135,95.70804,95.45441,95.8133,97.088844,97.446106,98.028046,98.65763,98.95822,98.223656,97.649376,98.12168,98.33886
Nepal,South Asia,Lower middle income,GFDD.DI.05,26.08642,26.74269,26.1243,28.39062,29.53119,30.99204,30.61919,35.19676,36.48771,39.05156,41.8306,45.07238,44.465637,45.74445,47.13096,47.23496,49.65757,52.92443,58.218266,70.559845,64.06854,66.342445,67.71802,74.31578,75.360245,86.3804,94.205925,89.40509,95.331825,97.169945,116.967606
Nepal,South Asia,Lower middle income,GFDD.DI.06,7.693059,5.77214,5.676425,5.4788623,5.0349607,6.413812,5.987321,6.008165,5.656601,4.9274592,4.9153314,4.205992,4.722242,2.347891,2.207,2.715074,2.237372,3.2469232,2.506898,2.635271,2.650097,2.4047241,1.7376901,1.572856,1.262542,0.90206826,0.82632136,1.4687331,2.10582,1.7470099,1.793011
Nepal,South Asia,Lower middle income,GFDD.DI.11,8.098865,3.3997076,12.046745,2.45671,9.670467,5.308233,1.4414808,10.759407,8.365778,9.701931,14.741465,2.6520898,6.6062737,5.1381216,11.87058,8.633847,0.57732636,0.60082966,0.6804321,3.7453575,3.978961,4.4780874,4.8342032,4.7876143,5.146101,5.835271,7.0230875,6.9504776,8.588374,10.020896,6.804862
Nepal,South Asia,Lower middle income,GFDD.DM.11,37.06095,21.642422,15.601152,51.21958,21.769442,27.865753,31.40961,31.106956,32.534576,32.770836,34.602192,43.60652,41.31835,31.556469,33.613903,46.012276,42.34814,44.39862,27.531261,56.813717,45.19346,38.960075,0.0244858,42.239155,41.17492,34.685684,42.532566,45.573395,48.04362,61.521366,44.808342
Nepal,South Asia,Lower middle income,GFDD.EI.08,5.7646923,7.184172,6.6005993,6.727121,4.8599186,3.4930222,3.48889,3.347143,3.080619,4.021842,4.2663174,6.846417,9.851773,11.25783,10.642819,9.799219,10.70185,9.174145,11.02006,8.404364,9.405874,10.412989,11.006419,11.30248,9.707836,10.93862,10.2265,14.724699,12.896659,13.831369,20.48727
Nepal,South Asia,Lower middle income,GFDD.OI.02,17.9251,17.97032,18.068932,19.71861,20.49351,21.83678,21.850842,22.94595,27.1352,29.218487,31.591728,34.1222,33.89099,35.24701,36.42909,36.51479,38.91995,42.4034,46.42583,58.532963,53.46735,56.0286,57.049057,62.533066,64.11699,71.090996,79.940346,76.389786,83.018845,85.80957,103.111
Nepal,South Asia,Lower middle income,SH.STA.BRTC.ZS,94.44203,7.4,93.628944,90.030815,90.43946,83.049515,9.0,96.82912,88.77058,90.94249,11.9,10.9,85.409424,73.63752,15.799999,92.910225,18.7,92.17065,82.6436,89.87743,87.4431,36.0,95.8453,90.58222,55.6,96.53859,58.0,58.0,97.12884,91.8381,96.99657
Nepal,South Asia,Lower middle income,SL.IND.EMPL.ZS,12.779545,2.76,3.21,3.7400002,4.45,5.2,6.12,7.2,8.380001,9.84,10.520001,10.98,11.21,11.540001,11.8,11.97,12.120001,12.250001,12.57,12.740001,12.990001,13.160001,13.410001,13.650001,13.98,14.140001,14.05,14.48,14.81,15.110001,19.589962
Netherlands,Europe & Central Asia,High income,DT.TDS.DPPF.XP.ZS,17.074898,34.975044,19.158201,23.041994,22.535116,19.64133,18.685389,30.569353,21.79099,16.1797,25.575294,28.85995,13.466722,11.965588,16.218048,14.952282,32.76988,33.35108,11.276353,17.071537,16.335003,19.296387,22.187454,21.801592,20.261755,19.023829,15.478205,12.923203,17.72526,14.794368,19.692034
Netherlands,Europe & Central Asia,High income,EG.ELC.ACCS.ZS,100.0,100.0,100.0,100.0,100.0,100.0,100.0,100.0,100.0,100.0,100.0,100.0,100.0,100.0,100.0,100.0,100.0,100.0,100.0,100.0,100.0,100.0,100.0,100.0,100.0,100.0,100.0,100.0,100.0,100.0,100.0
Netherlands,Europe & Central Asia,High income,GFDD.AI.01,15147.712,16939.723,14538.044,18951.016,8948.376,11014.327,25488.182,12908.301,13784.462,12507.715,15536.587,15670.437,8846.182,12764.328,10549.464,11934.135,7646.7114,14309.384,14334.673,9776.221,9915.6045,9577.652,11452.729,12846.155,33676.02,15688.749,14532.833,11907.262,12864.488,9744.598,15020.373
Netherlands,Europe & Central Asia,High income,GFDD.DI.04,98.601105,98.551186,98.79236,99.26873,99.35498,99.40627,99.43539,99.468666,82.555916,83.92915,88.22866,99.67719,99.88092,99.9331,99.873634,99.93434,99.928764,99.86053,99.80235,99.862404,99.85304,99.780785,99.87273,99.85049,99.628815,97.17459,93.81969,91.583725,90.90797,91.20323,88.26534
Netherlands,Europe & Central Asia,High income,GFDD.DI.05,75.452324,74.783325,75.24548,77.303535,73.761185,74.25554,74.98247,74.735916,162.9832,133.17708,109.231064,81.31281,82.61572,89.02557,90.471886,99.682884,105.3113,101.5579,103.2642,109.34781,110.3776,113.0211,114.759,112.736206,125.27821,120.405106,120.44141,116.2105,110.3981,110.485405,122.81291
Netherlands,Europe & Central Asia,High income,GFDD.DI.06,1.3447629,1.391793,1.1585599,0.72215676,0.6477944,0.62542516,0.6245281,0.6101292,0.589588,2.9832542,4.8425994,0.3938732,0.1434737,0.080536604,0.156815,0.0836838,0.0879315,0.1708739,0.2385669,0.17508431,0.1860175,0.2792304,0.1684621,0.1933492,0.49154213,3.677783,8.427203,11.30454,11.55872,10.52832,14.57077
Netherlands,Europe & Central Asia,High income,GFDD.DI.11,74.02977,70.68176,72.16347,86.63433,58.31945,49.654526,53.920925,57.760815,61.838467,63.662476,61.902134,59.227688,54.891975,57.123493,58.256214,63.474815,63.04345,61.381523,58.683895,61.468655,63.8558,66.73345,71.56819,67.46358,76.33242,70.59759,70.59916,64.89231,60.958775,63.641815,69.044174
Netherlands,Europe & Central Asia,High income,GFDD.DM.11,134.34326,93.43981,89.117836,106.845634,124.437126,116.18276,90.09483,134.4953,92.3783,45.554127,53.82524,58.0816,74.41322,89.39126,99.676285,99.54295,104.4705,106.064995,84.37252,105.046295,99.355354,90.972275,112.697,109.7601,108.675804,118.1583,118.647705,123.6183,109.4064,117.565,133.1855
Netherlands,Europe & Central Asia,High income,GFDD.EI.08,46.47872,42.962193,41.210194,41.925076,41.261013,40.55264,39.59521,38.032654,21.642344,18.008394,23.684822,11.15358,11.15663,11.486129,11.11932,11.01668,9.843022,8.978794,9.552254,9.828883,12.73242,12.602729,15.25546,15.285339,15.520129,14.88925,13.36412,11.86987,10.086599,9.4716835,8.713341
Netherlands,Europe & Central Asia,High income,GFDD.OI.02,68.50923,68.20847,68.98454,71.12925,67.81596,68.56612,69.487206,69.55276,83.97864,61.648148,126.67358,76.006516,76.09156,81.76557,82.17996,91.52361,94.522415,90.24792,92.42102,96.28194,96.244606,97.25444,96.84486,94.041306,102.4711,99.85855,98.95586,98.31741,92.52159,92.29904,103.2301
Netherlands,Europe & Central Asia,High income,SH.STA.BRTC.ZS,106.18965,103.85196,94.34875,94.61494,97.39546,97.25871,89.20225,96.7544,100.0,104.81917,93.8937,107.237404,100.30859,100.0,101.10916,101.599815,95.46857,99.73334,96.1238,100.66713,101.47988,96.20893,94.06695,97.723694,99.3091,100.46816,99.5095,101.23941,110.65432,108.67463,99.835655
Netherlands,Europe & Central Asia,High income,SL.IND.EMPL.ZS,24.087484,25.07,24.670002,24.14,23.35,23.35,23.16,22.88,22.76,22.33,21.580002,21.57,20.98,19.91,20.080002,21.040003,20.63,19.780003,19.13,18.52,17.7,17.170002,17.210001,16.52,16.23,16.430002,16.48,16.52,16.170002,16.11,20.7067
New Caledonia,East Asia & Pacific,High income,DT.TDS.DPPF.XP.ZS,7.895281,13.523039,6.4452734,19.88267,-1.2444606,8.99648,14.725874,18.13587,15.749011,14.178621,12.961287,9.138538,13.185927,10.957901,13.103223,9.364491,8.5487585,8.310289,10.4703665,5.1698675,3.019052,11.464753,10.908152,6.0464525,13.052925,13.042563,9.096061,4.8489623,9.666369,11.321328,11.683255
New Caledonia,East Asia & Pacific,High income,EG.ELC.ACCS.ZS,99.844315,99.87582,99.906876,99.93726,99.96508,100.0,100.0,100.0,100.0,100.0,100.0,100.0,100.0,100.0,100.0,100.0,100.0,100.0,100.0,100.0,100.0,100.0,100.0,100.0,100.0,100.0,100.0,100.0,100.0,100.0,100.0
New Caledonia,East Asia & Pacific,High income,GFDD.AI.01,-2364.415,6505.5713,4263.7197,10518.96,4865.737,5337.9937,5106.617,9112.048,4859.926,6009.546,8391.644,8364.922,1219.2075,-1264.6035,9182.624,6624.3335,6306.4575,4794.4014,5731.6274,10756.976,8524.45,8876.794,1884.123,8998.628,4564.6973,5037.8384,10001.592,20874.943,-1042.6506,8481.025,7580.0674
New Caledonia,East Asia & Pacific,High income,GFDD.DI.04,63.40551,81.28114,66.72643,81.899185,69.66595,71.41449,67.83881,84.44869,80.450645,72.332,67.99466,79.837875,82.72361,68.805435,66.396095,83.92135,74.24842,86.46675,85.686935,87.91485,80.91393,90.52089,76.03053,81.26815,78.03194,84.895744,85.550514,79.7551,80.801285,88.2653,82.30921
New Caledonia,East Asia & Pacific,High income,GFDD.DI.05,110.49787,98.08953,144.22752,78.108864,74.1191,232.80884,89.43232,82.9019,82.09312,93.28287,77.32132,87.28196,94.962616,122.18458,97.48418,106.643295,100.31519,90.14746,112.51464,90.95078,124.93872,105.43519,116.75133,93.05647,206.47252,135.247,103.74008,77.26648,156.711,163.71782,207.30508
New Caledonia,East Asia & Pacific,High income,GFDD.DI.06,7.434736,5.0855165,20.83593,0.4098225,5.1788025,4.7436132,9.412335,3.6242244,4.197423,6.498863,6.930959,11.621735,4.184737,4.1185827,6.956825,6.240693,1.6493409,2.4665933,7.8866515,1.7976155,1.9058238,4.870206,5.1073084,10.528839,2.0301816,5.995909,6.719186,5.303875,2.631302,8.301217,4.5499935
New Caledonia,East Asia & Pacific,High income,GFDD.DI.11,7.387017,6.261081,21.40327,18.81345,4.3377385,3.9365253,1.8124526,9.398759,10.8629875,12.853305,11.186254,10.354644,8.352875,13.243703,25.627848,9.735836,4.881234,13.080502,11.127994,9.17032,13.963191,13.038554,14.446413,17.059452,22.625957,22.585537,12.176185,13.894331,23.591528,24.19563,11.947908
New Caledonia,East Asia & Pacific,High income,GFDD.DM.11,12.630482,44.388573,37.854362,19.454998,16.979446,56.93354,30.995623,23.642376,57.8913,47.00251,50.605778,56.582527,48.10421,56.044437,44.724598,53.589302,46.74213,32.585197,51.458294,49.525215,47.843323,56.50811,33.0315,56.55936,47.235294,40.67306,51.913105,48.473694,44.517822,57.72805,45.834473
New Caledonia,East Asia & Pacific,High income,GFDD.EI.08,2.86298,7.2786245,7.7633333,6.324661,1.3701777,4.893379,7.392528,3.1786726,6.0533404,5.5439267,7.40276,10.398733,10.064865,6.2092576,9.713118,5.3740478,8.456099,4.3626237,5.3100786,-5.4491076,9.086306,7.0236506,14.928954,3.5533488,8.090638,9.534274,11.290195,8.808087,15.214275,16.573046,13.663749
New Caledonia,East Asia & Pacific,High income,GFDD.OI.02,61.902428,92.680275,99.44319,73.04159,91.201584,83.73463,69.5119,112.20066,51.21072,55.323544,53.69509,81.71181,68.93195,56.501934,68.9876,80.97992,57.21396,62.781906,93.33001,74.53469,69.66781,81.8024,94.25056,66.43782,83.6707,63.054832,81.2082,59.69524,96.43932,73.60867,107.95592
New Caledonia,East Asia & Pacific,High income,SH.STA.BRTC.ZS,87.414604,94.45548,95.36889,83.93499,91.500435,88.78299,88.98196,80.623535,91.7798,85.313805,96.914474,90.45275,74.75157,86.48456,91.42582,92.571144,104.69138,92.312515,103.575554,102.22183,90.63663,96.59074,94.98679,93.68726,95.70317,100.91066,97.41043,84.35573,89.54211,79.87367,87.18099
New Caledonia,East Asia & Pacific,High income,SL.IND.EMPL.ZS,29.595856,23.23,23.26,23.38,23.42,23.51,23.4,24.14,24.23,23.820002,23.38,23.040003,22.64,22.16,21.57,21.31,21.4,21.99,22.37,22.170002,22.07,22.57,22.820002,22.94,22.57,22.7,22.79,22.710001,22.75,22.87,25.30567
New Zealand,East Asia & Pacific,High income,DT.TDS.DPPF.XP.ZS,11.170679,8.343929,5.047244,0.06302738,13.395305,7.0239067,11.945027,5.5757203,6.945893,7.936268,5.479591,4.072055,11.199503,3.9553266,5.7761164,2.7609506,5.079234,5.112877,7.2607107,-1.8128155,9.562859,8.348419,7.800237,-0.6773403,11.683885,5.803483,8.437557,6.810592,10.450027,15.548549,3.745858
New Zealand,East Asia & Pacific,High income,EG.ELC.ACCS.ZS,100.0,100.0,100.0,100.0,100.0,100.0,100.0,100.0,100.0,100.0,100.0,100.0,100.0,100.0,100.0,100.0,100.0,100.0,100.0,100.0,100.0,100.0,100.0,100.0,100.0,100.0,100.0,100.0,100.0,100.0,100.0
New Zealand,East Asia & Pacific,High income,GFDD.AI.01,8442.702,22777.158,24772.012,16996.822,38036.27,14044.675,9505.875,16122.682,27253.414,19248.086,15987.919,15562.446,17831.652,17876.742,22904.812,11613.287,9762.366,25779.396,19146.96,20444.14,15855.705,9035.79,7718.3125,9937.755,12387.833,15223.833,18535.486,19130.422,17537.828,19250.178,20069.006
New Zealand,East Asia & Pacific,High income,GFDD.DI.04,95.53929,95.84411,97.12198,97.047325,96.50335,96.68492,96.40288,96.68008,96.84332,97.933304,97.69054,97.77611,97.60985,97.78234,97.418465,97.60963,97.82577,98.257484,98.17234,98.22137,98.26365,85.81963,104.40871,99.1722,98.757,99.15041,99.2146,99.24215,98.70297,99.235916,89.81496
New Zealand,East Asia & Pacific,High income,GFDD.DI.05,69.38552,71.86397,72.69028,72.024414,73.06599,75.08914,80.89749,83.44772,82.101814,83.74983,79.87644,81.6368,77.31118,79.960724,76.574585,79.77502,84.475266,86.58309,92.404854,90.6638,93.53056,85.25151,121.153625,94.73689,83.264984,87.72226,89.12311,89.117744,89.495094,88.52181,99.34013
New Zealand,East Asia & Pacific,High income,GFDD.DI.06,3.8181581,3.770797,2.770952,2.7407749,3.2740679,3.231566,3.637381,3.595886,3.5871248,2.444474,2.725697,2.64097,2.686285,2.621969,3.081742,3.0938861,2.977159,2.472466,2.743539,2.728308,2.685588,1.5059949,3.479451,1.263199,1.8780061,1.30449,1.233954,1.1619489,2.001764,1.175542,18.0749
New Zealand,East Asia & Pacific,High income,GFDD.DI.11,9.733062,7.037445,9.307395,7.706841,10.904305,9.355005,11.65491,8.444404,11.766624,15.18401,10.146625,13.108089,8.957313,7.508991,8.52361,0.22945252,10.61019,15.369176,11.924165,9.318838,9.126064,9.94263,16.272953,15.104382,13.106759,12.7347145,8.123789,7.3406844,6.302733,6.241542,6.7975097
New Zealand,East Asia & Pacific,High income,GFDD.DM.11,29.5247,29.006823,43.80916,16.970232,28.671982,44.280266,39.749332,33.353893,33.630924,21.568035,8.000553,8.530694,9.341735,6.8575087,6.176103,4.8410387,5.433312,6.336326,5.66675,8.776823,8.374364,8.54761,10.388881,11.2106,14.67093,16.17437,16.85123,16.243078,16.496191,17.99807,22.16484
New Zealand,East Asia & Pacific,High income,GFDD.EI.08,9.289756,9.574422,10.927599,8.544546,6.65739,4.479483,3.286592,3.437428,4.141682,6.226482,6.037931,7.3800907,6.973827,6.4517293,4.553074,4.1201982,2.272579,2.148921,2.834372,6.778076,8.3179035,10.098471,9.350843,7.986375,7.24091,6.292805,8.660744,8.15224,8.81707,9.4602375,13.57654
New Zealand,East Asia & Pacific,High income,GFDD.OI.02,68.03938,70.350006,71.14335,70.57759,71.517334,73.46578,79.40655,81.87574,80.47347,81.88187,78.128006,79.88618,75.47609,78.12397,74.785866,77.8967,82.66346,84.840996,90.543396,88.79797,91.68484,116.46659,94.99439,92.83057,93.7622,98.555336,100.2755,100.1336,100.9012,99.81349,110.576
New Zealand,East Asia & Pacific,High income,SH.STA.BRTC.ZS,98.24897,100.85906,107.38495,96.60196,95.0,100.0,101.11819,98.50227,102.09052,92.0,97.3,96.6,99.200005,98.200005,93.99999,96.6,96.8,96.7,96.7,96.7,96.7,96.7,96.9,96.6,96.6,96.3,103.126724,96.6,97.2924,100.084366,98.82799
New Zealand,East Asia & Pacific,High income,SL.IND.EMPL.ZS,29.410955,25.55,25.29,25.2,25.26,24.89,24.44,24.040003,24.24,23.1,23.33,22.88,22.74,22.560001,22.94,22.37,22.670002,22.24,21.86,20.88,20.64,20.05,19.84,19.81,20.47,21.59,20.13,20.450003,19.79,19.29,23.42203
Nicaragua,Latin America & Caribbean,Lower middle income,DT.TDS.DPPF.XP.ZS,3.4452972,155.42941,27.189787,33.382084,40.881645,45.395687,31.61009,38.57723,20.77925,16.304096,15.948141,13.948478,11.926768,12.777155,6.209963,8.204032,4.6043544,9.795731,3.1002002,3.5336604,2.5249722,2.3766618,2.0839531,2.282716,2.6140826,3.0998824,3.6836536,3.911076,4.378652,5.3463397,6.574218
Nicaragua,Latin America & Caribbean,Lower middle income,EG.ELC.ACCS.ZS,81.97856,78.40007,90.53107,72.06418,69.25383,69.84991,70.44326,71.03321,69.047104,72.20013,72.78157,72.22158,73.85829,74.38763,74.91408,73.821815,75.96777,76.50008,77.03961,77.91631,78.151215,78.7287,79.63916,80.82344,81.85307,83.24933,84.640114,85.98984,87.11668,88.05833,88.90738
Nicaragua,Latin America & Caribbean,Lower middle income,GFDD.AI.01,14941.804,15557.0,7134.064,13970.169,21308.521,4802.292,11037.659,25422.854,7167.9517,10478.8125,13349.975,11450.475,14064.528,6487.1367,8400.57,9793.585,3305.988,6032.786,251.7993,228.18697,223.72432,242.67595,228.44069,240.83128,263.3998,282.484,312.2557,373.05295,317.03714,317.68436,352.92694
Nicaragua,Latin America & Caribbean,Lower middle income,GFDD.DI.04,73.5666,60.32021,9.0540285,12.33307,14.84933,18.382391,22.15801,24.536129,29.416882,34.85682,37.00328,21.012201,23.34402,27.681028,33.31639,38.07784,44.01361,49.004467,50.096416,47.018803,49.524746,52.403152,56.64879,60.58327,65.27141,69.54663,72.9511,75.927414,73.610886,71.19557,71.218544
Nicaragua,Latin America & Caribbean,Lower middle income,GFDD.DI.05,17.24026,9.230769,8.940265,9.327381,13.926869,15.663419,20.49652,27.39477,30.61213,31.109211,30.106178,25.66119,28.11381,29.130821,29.553698,27.93816,26.732029,27.24761,24.623829,27.52616,29.827139,28.47997,29.16801,32.02602,32.549618,34.695297,35.20792,36.52973,28.9315,29.15167,31.78813
Nicaragua,Latin America & Caribbean,Lower middle income,GFDD.DI.06,11.15518,7.731996,106.1516,93.36626,91.05104,73.61118,50.731422,52.58968,49.33025,47.62626,44.41284,60.720894,60.37658,58.059772,50.577263,45.67813,39.69458,35.92072,30.925749,31.861012,28.60482,25.19177,22.761469,21.31601,18.08058,16.09078,14.74508,13.364479,13.45555,13.29529,12.8044
Nicaragua,Latin America & Caribbean,Lower middle income,GFDD.DI.11,6.406355,6.6606913,-7.688716,7.8422456,2.1678584,2.1092014,6.1731024,4.8142157,3.8985515,6.714377,9.710424,0.27347818,0.28074417,0.2874597,0.2777844,0.28571483,0.33675343,0.35117877,1.7374874,1.9383829,1.960502,1.9131207,1.9934129,2.1334155,2.2032235,2.2597568,2.437145,2.6870835,2.9141023,3.0991566,3.139789
Nicaragua,Latin America & Caribbean,Lower middle income,GFDD.DM.11,27.775883,61.52556,155.1113,36.419262,53.13194,43.8436,27.817616,16.790184,36.107372,28.317434,33.0795,16.783787,29.78078,33.23438,39.959255,122.997475,59.700768,21.50938,0.0294223,0.1313458,0.8814193,2.900455,2.087919,0.81944925,0.4738517,0.4664217,1.506839,1.463815,1.053287,3.717788,4.761761
Nicaragua,Latin America & Caribbean,Lower middle income,GFDD.EI.08,20.045698,4.632565,0.11504579,0.0830319,0.17950282,0.0320742,1.574641,0.9273196,0.7522571,2.3427482,2.5720582,2.4821942,3.303911,4.59174,5.690621,5.538657,4.8180842,4.3962407,2.896085,2.893313,3.8011851,3.786662,3.001287,3.393173,2.8109512,2.6018112,3.073862,3.069163,1.5611131,2.7950523,3.801732
Nicaragua,Latin America & Caribbean,Lower middle income,GFDD.OI.02,11.215381,6.46625,6.2633367,7.064551,11.202741,13.15329,17.982601,24.61249,27.72604,27.95011,26.534529,25.65866,28.11182,29.12413,29.552528,27.93543,26.73051,27.245861,24.6016,28.7234,31.679327,30.272179,30.97633,34.01056,34.37037,36.76317,36.679916,37.62008,30.190538,30.91165,33.68641
Nicaragua,Latin America & Caribbean,Lower middle income,SH.STA.BRTC.ZS,91.222374,97.32852,92.00596,60.999996,101.97076,87.60172,96.44301,103.656075,64.6,93.42908,90.76173,66.9,91.19942,90.69731,99.45308,92.49858,95.79832,73.7,98.15117,95.638245,74.0,74.0,88.0,93.799995,95.0,95.0,95.0,96.0,93.065865,98.20678,97.102905
Nicaragua,Latin America & Caribbean,Lower middle income,SL.IND.EMPL.ZS,24.904127,17.68,17.52,17.34,17.450003,17.540003,17.670002,17.68,17.690002,17.99,18.02,18.09,17.98,17.96,18.37,19.68,19.29,20.31,19.62,18.63,18.31,18.2,18.12,17.87,17.670002,17.7,17.7,17.690002,16.930002,16.24,19.068619
Niger,Sub-Saharan Africa,Low income,DT.TDS.DPPF.XP.ZS,6.5942116,12.268743,5.4095807,15.965825,12.608286,7.7953796,7.0651293,14.324323,9.427323,8.671687,6.804609,6.1062,4.995353,6.684442,5.7413607,5.3454566,25.140018,2.0855067,1.5647426,2.4893763,1.3431077,2.1330552,2.4268568,4.03493,6.1433434,6.170574,8.2974,8.534504,7.805944,9.132044,30.379854
Niger,Sub-Saharan Africa,Low income,EG.ELC.ACCS.ZS,12.621807,11.542223,4.4,4.0121403,4.5717764,6.2,7.0,6.2357273,6.7000003,7.325682,6.4814816,8.361941,8.858948,9.350719,9.839605,7.1,9.3,11.312919,11.814892,12.326806,13.277493,14.299999,14.399999,15.170005,15.770541,16.6,17.27152,18.049526,17.6,18.97457,19.25191
Niger,Sub-Saharan Africa,Low income,GFDD.AI.01,-3283.7607,5020.414,7181.557,9254.3955,2053.6592,1246.2257,7694.163,4744.62,13626.784,5993.2407,4649.0317,-1996.7622,1979.5033,5087.0005,16.247318,11.333884,13.491291,18.446512,21.764437,23.64102,26.201967,30.396059,34.938572,40.953236,50.31008,49.87604,59.001408,50.970634,53.380714,58.334003,67.15286
Niger,Sub-Saharan Africa,Low income,GFDD.DI.04,74.72438,73.76614,74.05145,67.258995,64.20694,50.87167,50.11519,43.59198,45.60088,46.272648,48.97952,50.25966,47.86545,48.177658,51.859314,56.03603,78.02571,79.69961,83.01127,78.39743,80.658226,82.70056,85.707016,86.38936,87.09701,87.47252,88.2923,89.00426,88.85868,87.54769,84.79677
Niger,Sub-Saharan Africa,Low income,GFDD.DI.05,13.9925995,13.15654,13.47617,13.98352,11.989009,11.645619,10.1598,7.3597918,5.1432,5.9262195,6.53717,7.6390367,7.051135,9.851739,11.75426,10.273809,11.12034,12.8721695,12.25781,13.8830595,15.20436,15.005429,17.10172,17.55795,20.55622,20.08464,19.645979,17.723959,15.8397,17.131441,19.17933
Niger,Sub-Saharan Africa,Low income,GFDD.DI.06,3.5074048,3.5214572,3.4549508,3.815466,4.392097,4.5712113,4.646812,5.062205,4.763325,4.448635,5.021126,4.774419,5.164898,5.548818,5.570538,4.572901,2.001518,2.026288,1.8729439,2.828989,2.501513,2.3717961,2.076555,1.8815811,1.993856,2.203838,2.020541,2.080829,2.031418,2.097343,2.9655952
Niger,Sub-Saharan Africa,Low income,GFDD.DI.11,7.599244,9.019079,22.8387,4.080213,9.700594,12.420051,10.782331,7.6689205,5.699446,9.272656,2.884112,1.6365894,5.2737727,0.6004406,0.5140632,0.5606065,0.54147047,0.5707471,0.5566818,0.6261598,0.6559875,0.683948,0.6975443,0.8095469,0.8304754,0.74672025,0.73654,0.68691415,0.6715567,3.2552946,11.013567
Niger,Sub-Saharan Africa,Low income,GFDD.DM.11,9.807185,11.773391,3.3514256,-0.7286422,11.028813,10.351536,7.6576223,10.179248,8.070705,0.3397586,0.2818405,0.24695589,0.3246661,0.1659891,0.0222536,0.29491812,0.40650132,0.13630101,0.4925842,0.2740099,0.4197707,1.447652,0.6952847,0.92145705,1.788183,3.924225,2.591053,4.3187237,2.8861518,3.073292,16.399845
Niger,Sub-Saharan Africa,Low income,GFDD.EI.08,1.68568,1.773782,1.7839841,0.3337563,1.2418921,1.080781,1.1487,1.2529281,0.8271471,0.77634096,0.9608625,1.41494,0.76858336,0.8962407,0.8895503,0.76325965,0.7099035,1.0151709,1.030807,1.0859369,1.2021961,1.3530171,1.7409,1.4334841,2.6309838,3.728323,3.850281,5.49536,6.020927,3.6129591,4.9169693
Niger,Sub-Saharan Africa,Low income,GFDD.OI.02,9.863211,8.278046,8.895268,8.119477,7.1998262,6.2664843,5.245389,4.045365,3.374764,3.6912382,4.426136,4.747654,4.907142,5.387251,6.662599,5.688796,5.915548,7.990924,7.6558585,8.308096,8.949143,8.311368,9.647212,9.564295,11.14636,10.65989,9.923733,10.1688,9.080136,10.1569,11.84819
Niger,Sub-Saharan Africa,Low income,SH.STA.BRTC.ZS,93.9968,87.64106,14.9,84.161415,91.94505,93.16705,87.62046,90.74152,17.6,98.44471,15.700001,94.99714,93.13652,93.69503,95.830986,92.15724,17.7,90.46265,90.38985,99.28532,99.695465,90.48126,29.300003,94.84912,97.31749,39.7,39.100002,97.08401,96.85489,88.37701,96.66537
Niger,Sub-Saharan Africa,Low income,SL.IND.EMPL.ZS,13.101709,9.380001,9.3,9.21,9.1,9.010001,8.900001,8.780001,8.660001,8.540001,8.380001,8.24,8.09,7.96,7.84,7.71,7.6000004,7.5,7.4,7.33,7.25,7.18,7.16,7.13,7.06,6.98,6.91,6.85,6.78,6.71,11.3236685
Nigeria,Sub-Saharan Africa,Lower middle income,DT.TDS.DPPF.XP.ZS,22.255005,21.393997,18.154894,12.837839,18.319185,14.04572,12.690059,8.376837,12.516083,6.971417,8.205908,12.459765,7.828012,5.9256277,4.470196,15.410744,10.980779,1.4423693,0.47532,0.72872937,0.376473,0.34297252,0.25379696,0.395409,0.3076813,0.79693866,0.8986843,0.6596546,2.109814,1.957294,3.8141701
Nigeria,Sub-Saharan Africa,Lower middle income,EG.ELC.ACCS.ZS,27.3,35.2346,36.09946,36.963646,37.82647,38.687252,39.54532,40.399982,41.25057,44.899998,43.12146,43.880672,44.6323,52.2,46.1222,46.86517,47.610016,50.13092,50.3,49.882507,48.0,55.9,53.23124,55.6,54.04823,52.5,59.3,54.4,56.500004,55.4,55.4
Nigeria,Sub-Saharan Africa,Lower middle income,GFDD.AI.01,5444.1904,4407.8833,5969.154,7019.3667,3424.142,9267.32,12632.914,3840.628,3521.3342,7398.65,5804.694,6371.726,-1904.8298,9538.885,5700.3784,7454.334,4710.02,296.16687,311.8539,464.47974,472.6493,504.61356,644.44257,650.6882,653.3528,667.4645,813.92053,923.227,1013.71277,1127.6791,1310.3917
Nigeria,Sub-Saharan Africa,Lower middle income,GFDD.DI.04,41.36646,30.67717,36.57027,37.32918,37.90937,33.8998,49.600048,46.68695,48.13263,54.9542,63.05745,58.66038,72.567375,72.97768,82.93831,88.51324,84.59599,85.14648,92.85603,96.14284,93.48738,94.56073,94.811874,95.32219,94.50291,85.295074,78.89775,75.607025,69.2689,61.94283,57.46729
Nigeria,Sub-Saharan Africa,Lower middle income,GFDD.DI.05,11.63536,13.399869,14.24734,15.78776,15.091959,10.281879,9.06333,9.72526,10.93903,12.76341,14.66964,15.900919,13.52693,13.02655,11.7587595,11.3005,11.72898,16.87414,22.3406,25.14409,20.70592,22.02159,24.543549,25.16313,22.417639,22.12669,27.378891,24.7815,25.362429,23.92965,25.22165
Nigeria,Sub-Saharan Africa,Lower middle income,GFDD.DI.06,9.891104,14.33288,15.76749,17.10331,17.71835,14.2759695,7.741971,9.240047,9.540471,9.738064,7.307691,9.020208,4.645158,4.382611,2.457786,1.4780641,2.201064,3.761389,1.9610311,0.9892603,1.357138,1.104851,1.042709,0.8821382,1.030189,3.171338,5.442805,5.556827,6.7369843,9.311501,11.451409
Nigeria,Sub-Saharan Africa,Lower middle income,GFDD.DI.11,12.310434,0.7863369,-1.9494143,-0.16592318,-6.052018,0.19426599,1.9068788,2.5544448,12.964908,4.983962,-0.46813768,9.087365,0.7050672,0.9262071,0.88965625,0.8275716,1.0730059,1.2956262,1.4636961,1.3242664,1.0546649,0.9683463,0.9788303,0.97997785,0.92634326,0.96372545,0.99134463,0.9821412,1.0302718,1.047179,4.4728785
Nigeria,Sub-Saharan Africa,Lower middle income,GFDD.DM.11,27.83999,11.809359,9.29143,27.2975,-0.43341124,14.907058,3.3744137,4.8343587,22.297373,25.205505,17.435728,18.757656,33.379677,-2.5384984,26.463486,0.1646514,0.1912312,0.2152291,0.38047132,0.4457019,0.2625725,0.2335476,0.21029271,0.1877927,0.16961461,0.1979438,0.2170777,0.2676697,0.24288839,0.2240204,0.2248053
Nigeria,Sub-Saharan Africa,Lower middle income,GFDD.EI.08,2.0097811,1.336729,0.91528577,3.24236,2.83333,0.89123327,1.5875779,1.1592159,1.3034701,3.850271,4.357133,2.992907,4.2808003,2.995434,3.658544,3.077573,4.214456,4.827135,3.7276351,4.960516,6.5310216,8.496653,8.734476,6.654914,4.635052,5.52785,5.752481,4.446293,5.00589,4.724905,4.244239
Nigeria,Sub-Saharan Africa,Lower middle income,GFDD.OI.02,7.6850224,8.565095,9.533769,10.3128,9.2098055,6.348495,5.843586,6.4842453,7.269561,9.28082,10.5249405,11.61604,10.12907,9.983013,9.226209,8.834062,9.3951645,14.75529,20.10144,21.31822,17.805399,17.72474,18.424911,18.953539,18.26403,17.44742,17.42893,16.5093,16.40908,16.46409,20.8361
Nigeria,Sub-Saharan Africa,Lower middle income,SH.STA.BRTC.ZS,30.8,78.734375,91.49297,90.67266,91.547035,97.008,83.70674,90.30663,98.14613,41.6,94.32821,100.40744,90.66442,35.2,86.711395,93.76854,100.47286,96.59017,34.4,95.89732,91.95163,47.3,86.67186,35.2,100.1038,96.07609,91.66057,43.0,43.3,90.25984,91.562935
Nigeria,Sub-Saharan Africa,Lower middle income,SL.IND.EMPL.ZS,16.152918,13.42,13.33,13.270001,13.240001,13.120001,12.990001,12.890001,12.72,12.56,12.36,12.270001,12.07,11.97,11.79,11.44,11.120001,10.86,10.640001,10.45,10.250001,10.150001,10.95,11.81,11.890001,11.94,12.030001,12.05,12.020001,12.000001,13.255257
North Macedonia,Europe & Central Asia,Upper middle income,DT.TDS.DPPF.XP.ZS,-3.5183702,6.895434,31.636606,13.706158,9.176755,10.287785,4.9595146,9.778741,10.015143,8.823716,6.6292443,14.018367,15.354596,11.215491,8.025588,6.148566,13.863651,10.550484,2.9304924,4.256117,4.083647,3.7532778,5.222553,10.756567,6.477592,11.380656,7.053406,5.843584,6.5660706,4.2077107,10.052667
North Macedonia,Europe & Central Asia,Upper middle income,EG.ELC.ACCS.ZS,100.0,100.0,100.0,100.0,100.0,100.0,100.0,100.0,100.0,100.0,100.0,100.0,100.0,100.0,99.42,100.0,99.0,100.0,99.2,99.2,100.0,99.726166,100.0,100.0,100.0,100.0,100.0,100.0,99.8,100.0,100.0
North Macedonia,Europe & Central Asia,Upper middle income,GFDD.AI.01,6868.636,3690.9844,11817.898,10425.341,10101.364,19616.22,16939.057,9718.897,15904.484,7355.957,10005.856,13842.518,12841.166,15137.625,1208.8049,8937.329,8054.1367,620.9761,774.1613,837.6731,881.93024,912.44257,939.54517,948.7225,971.7478,992.02374,1000.65344,1030.2736,1027.6445,1041.4999,1063.1324
North Macedonia,Europe & Central Asia,Upper middle income,GFDD.DI.04,92.91505,103.57135,103.85278,99.152336,97.96172,94.982185,94.586205,85.82869,80.63918,84.76355,89.50502,84.95202,86.31349,93.3371,94.95511,94.481926,96.72673,98.14898,98.486984,98.56165,96.84553,97.12233,97.43739,97.7123,97.7356,97.90201,97.856514,98.0097,98.1102,98.24058,98.4593
North Macedonia,Europe & Central Asia,Upper middle income,GFDD.DI.05,67.86051,72.28606,50.71067,70.210335,12.722079,11.187759,10.72616,12.60535,13.590679,16.63657,17.98219,29.51825,26.485699,30.444342,33.75285,35.60223,40.92551,48.03682,47.88691,48.63731,51.472233,52.819557,52.79654,51.929398,54.59118,55.07663,54.565533,54.98063,56.85134,59.034657,66.04521
North Macedonia,Europe & Central Asia,Upper middle income,GFDD.DI.06,7.7993903,7.9349685,10.659739,1.203542,1.558442,1.3431591,1.642842,4.449487,4.229871,3.691658,2.360384,3.485041,3.200158,1.447744,1.2607471,1.495384,1.078557,0.7195171,0.6778609,0.6879061,1.588967,1.4566209,1.43538,1.289927,1.2938911,1.243795,1.1814439,1.108614,1.052775,1.005372,1.033142
North Macedonia,Europe & Central Asia,Upper middle income,GFDD.DI.11,6.0483127,7.2277718,-2.2127614,-0.68405664,3.1800897,2.735183,4.027922,3.7907257,12.438511,10.401169,28.255625,10.161461,0.28879136,1.4824523,9.086681,11.300784,5.432743,7.367274,3.090652,2.943091,2.7393308,2.78634,2.7998145,2.7660728,3.1014478,3.1418679,3.1069646,3.2405674,3.2742448,3.469262,3.8665247
North Macedonia,Europe & Central Asia,Upper middle income,GFDD.DM.11,16.899109,0.3754257,19.03536,35.951645,33.919083,18.653793,26.182201,21.650564,30.506195,-16.587284,35.242546,21.144243,0.0882698,12.255462,34.920788,21.115599,25.222084,35.37252,27.00515,33.7543,0.0838157,49.444447,30.38126,1.5644659,20.66685,0.1565104,0.209139,0.2541498,0.14511101,0.30200282,0.35108322
North Macedonia,Europe & Central Asia,Upper middle income,GFDD.EI.08,6.4110293,4.1456275,4.3712573,14.545546,31.78825,3.451267,3.4721081,1.030852,0.7806352,0.7004859,3.175593,3.370135,3.51225,2.724293,2.861609,2.61698,4.1837873,3.569425,2.298681,3.263496,4.2320533,3.729778,6.955575,7.950036,6.5962367,7.096167,6.0503187,6.070706,5.937846,6.717152,11.117229
North Macedonia,Europe & Central Asia,Upper middle income,GFDD.OI.02,38.907383,40.03665,53.74323,65.866974,9.614285,7.842478,7.277215,9.106476,10.19509,12.874411,14.152651,23.91826,21.018951,24.44081,28.07512,30.061888,35.192326,41.800377,42.29097,43.32246,46.470448,47.53214,48.92385,46.98938,48.510307,49.11585,48.65122,49.080982,50.185806,51.8868,58.56668
North Macedonia,Europe & Central Asia,Upper middle income,SH.STA.BRTC.ZS,88.9,89.3,90.899994,93.3,93.4,94.1,95.0,95.600006,96.6,97.0,97.7,97.6,98.200005,99.00001,99.00001,99.100006,97.799995,99.6,99.7,99.8,99.9,89.1,99.9,99.9,99.9,99.9,99.9,99.9,99.9,104.5264,101.21239
North Macedonia,Europe & Central Asia,Upper middle income,SL.IND.EMPL.ZS,39.147114,36.83,36.62,36.12,35.83,35.68,35.41,35.15,34.93,34.78,34.68,33.74,33.3,33.91,33.49,32.93,32.63,31.33,31.130001,30.500002,30.310001,30.0,29.869999,30.38,30.36,30.500002,30.310001,30.550001,31.36,31.130001,34.61265
Norway,Europe & Central Asia,High income,DT.TDS.DPPF.XP.ZS,12.851206,30.232632,32.566635,22.726366,6.546106,24.823925,12.870294,13.408716,13.329356,21.657148,11.140824,17.068993,14.625689,20.586191,35.81996,19.858112,4.6659184,10.922995,20.980637,12.279547,17.000118,4.572104,22.415562,33.51224,9.121671,18.83355,9.715963,17.729216,17.069666,21.664688,7.500058
Norway,Europe & Central Asia,High income,EG.ELC.ACCS.ZS,100.0,100.0,100.0,100.0,100.0,100.0,100.0,100.0,100.0,100.0,100.0,100.0,100.0,100.0,100.0,100.0,100.0,100.0,100.0,100.0,100.0,100.0,100.0,100.0,100.0,100.0,100.0,100.0,100.0,100.0,100.0
Norway,Europe & Central Asia,High income,GFDD.AI.01,16707.896,10704.048,17267.79,18997.225,8604.66,15200.8545,12667.939,6600.1133,17342.205,15241.533,5122.3423,11667.857,12667.643,17760.834,-715.7368,16177.345,9029.979,9718.177,21047.154,12792.001,16595.797,-2287.9832,13495.343,11894.449,13355.589,16158.749,12337.221,12467.74,7328.221,8854.807,12513.526
Norway,Europe & Central Asia,High income,GFDD.DI.04,97.735466,98.41244,97.60909,94.978004,97.568855,97.06463,98.12096,98.56271,98.902466,98.78734,98.65318,98.916504,98.856735,98.18398,99.96492,99.97048,99.97562,99.98273,99.98351,99.98446,99.97605,99.974045,99.98269,99.97995,99.97975,99.986534,99.99042,99.99251,99.9902,99.987526,99.99293
Norway,Europe & Central Asia,High income,GFDD.DI.05,57.71464,56.38316,59.44523,56.126842,56.1977,54.33229,53.04531,49.724087,56.33883,52.656097,48.04688,47.57056,51.59805,51.58749,50.48087,50.37714,49.58941,53.341667,50.54831,55.190903,54.95276,54.38969,52.93467,54.70757,57.289047,60.427753,64.444595,64.03298,61.741463,64.191185,75.093834
Norway,Europe & Central Asia,High income,GFDD.DI.06,1.761529,1.090513,1.628227,3.4933372,1.5943279,1.936067,1.2737631,1.014071,0.8849018,0.895875,0.93672043,0.77682805,0.87147593,1.447209,0.027537499,0.024271501,0.0213868,0.018892301,0.0187182,0.0199302,0.0304459,0.031761598,0.020883601,0.0243226,0.025089102,0.0178389,0.013266001,0.010378201,0.013337499,0.0176793,0.0110251
Norway,Europe & Central Asia,High income,GFDD.DI.11,39.628227,45.06405,61.24385,37.018875,30.051435,36.12838,18.988352,31.771252,33.370216,36.641544,31.78441,32.82465,33.842808,36.360535,36.69364,37.365368,37.045605,38.64937,35.0579,40.111534,40.598244,39.39119,40.384636,42.562965,45.659725,49.115734,52.243954,52.93638,43.2764,47.44427,53.206104
Norway,Europe & Central Asia,High income,GFDD.DM.11,65.21301,74.29647,84.5552,83.48692,68.16397,56.94585,75.44387,53.995403,55.64011,18.77119,26.47688,33.84814,44.801537,47.377003,57.66391,50.076588,75.0747,74.21826,69.227425,76.819824,75.48695,68.46316,77.63413,85.21283,89.195786,110.3263,114.964,112.2468,96.304276,108.344894,131.884
Norway,Europe & Central Asia,High income,GFDD.EI.08,14.4571,11.735539,11.453919,12.625549,10.523239,9.25537,9.641292,7.507578,10.82904,5.8478026,4.283469,7.917696,8.18646,9.144907,10.00855,10.172009,9.471885,9.924972,11.16156,19.09502,17.038189,14.423759,14.858,14.275419,13.692949,14.21418,14.76789,14.5449,14.27007,13.883419,15.51301
Norway,Europe & Central Asia,High income,GFDD.OI.02,53.45771,52.06262,55.188267,51.482,51.71821,49.92566,48.96432,45.777847,52.52824,49.014057,45.12008,47.56615,51.60022,51.47961,50.39887,50.312916,52.872597,53.9669,51.04634,56.43316,56.4222,55.47549,54.963577,56.900116,59.399433,56.68092,63.610924,63.5361,62.20473,64.73318,75.95939
Norway,Europe & Central Asia,High income,SH.STA.BRTC.ZS,99.4,99.3,99.3,99.4,99.3,99.200005,99.200005,99.100006,99.100006,99.100006,99.00001,99.100006,99.100006,99.00001,99.100006,99.200005,99.200005,99.100006,99.200005,99.200005,99.100006,99.200005,99.200005,99.100006,99.100006,99.100006,99.100006,99.200005,99.200005,118.74206,100.4218
Norway,Europe & Central Asia,High income,SL.IND.EMPL.ZS,24.99796,23.65,23.51,23.31,23.280003,23.060001,23.03,23.46,22.81,22.26,21.79,21.75,21.68,21.670002,20.79,20.85,20.820002,21.18,21.1,20.22,19.7,20.25,20.23,20.320002,20.44,20.12,19.47,19.41,19.47,19.42,22.801521
Oman,Middle East & North Africa,High income,DT.TDS.DPPF.XP.ZS,10.378145,27.62447,20.371836,15.184696,9.260547,30.917078,24.755434,22.482315,31.70454,17.360855,17.87592,9.4819145,21.626001,9.563701,14.410775,16.923487,16.61319,19.06296,8.910378,16.480185,14.369988,19.447731,34.035233,26.351786,16.195257,10.680369,9.8613,10.110184,9.064967,15.965737,28.902342
Oman,Middle East & North Africa,High income,EG.ELC.ACCS.ZS,100.0,100.0,100.0,100.0,100.0,100.0,100.0,100.0,100.0,100.0,100.0,100.0,100.0,100.0,100.0,100.0,100.0,100.0,100.0,100.0,100.0,100.0,100.0,100.0,100.0,100.0,100.0,100.0,100.0,100.0,100.0
Oman,Middle East & North Africa,High income,GFDD.AI.01,30474.188,17014.959,21532.045,24371.938,26411.428,41696.508,24029.895,20266.9,26356.389,52502.8,38493.84,42866.887,32967.09,34689.13,33634.246,32645.73,22605.605,20799.39,22020.457,18847.148,28570.441,35595.63,24205.904,39880.832,37418.66,32690.271,57292.227,32778.527,36882.332,15429.374,42531.95
Oman,Middle East & North Africa,High income,GFDD.DI.04,97.13114,97.07196,96.93065,96.23491,93.19416,94.19975,97.37657,98.615814,94.5355,99.86852,99.843056,97.752785,99.25443,99.878395,99.90606,99.98114,99.99479,99.93569,99.90198,98.41928,98.65336,99.96501,99.379074,99.95831,98.966965,96.99969,96.912895,97.72388,97.077354,97.186005,99.78524
Oman,Middle East & North Africa,High income,GFDD.DI.05,26.0862,28.34168,26.61083,27.38496,28.26594,28.48727,27.81424,33.40456,39.60023,37.81808,32.05146,35.61546,36.30466,34.621338,31.479961,30.51171,31.713242,37.766758,32.16836,42.40682,40.14421,37.682392,37.04163,39.078648,42.76413,57.57267,61.360004,58.867176,56.71783,60.483387,79.05717
Oman,Middle East & North Africa,High income,GFDD.DI.06,4.996835,0.73981833,0.8128198,1.025377,1.95267,1.6853081,0.800555,0.5367928,2.9655318,0.0685658,0.0659947,1.0623989,0.3313019,0.051910304,0.0373887,0.0063592996,0.0017541,0.024913799,0.0370916,0.8181769,0.6747092,0.0169404,0.3099432,0.0212436,0.58172077,2.533706,2.9346611,2.1168852,2.570684,2.7019331,10.777138
Oman,Middle East & North Africa,High income,GFDD.DI.11,7.9230313,0.6507047,6.87778,15.169683,4.4273186,6.6325526,9.27532,1.7641984,1.0302143,21.307922,9.223777,5.330724,9.306972,2.9346592,1.842444,1.6778477,2.0545838,2.2035942,1.808991,2.319906,2.2509634,2.0889575,2.0060503,2.3645377,2.454187,2.9572456,3.4035494,3.864125,3.6291206,3.8352993,4.5715256
Oman,Middle East & North Africa,High income,GFDD.DM.11,84.69717,103.21593,94.9265,68.27633,60.688267,53.48264,51.39874,36.541912,49.680447,110.00433,78.217896,77.52965,104.31734,93.610886,89.121,65.73377,113.7303,67.12528,86.86612,58.37103,124.96205,82.10057,103.6984,53.448162,126.689735,192.73834,86.83503,79.93884,110.45609,57.863064,129.32887
Oman,Middle East & North Africa,High income,GFDD.EI.08,1.4554071,3.085466,4.157877,3.558228,2.030741,1.790771,3.075311,2.5947452,3.678593,5.651165,4.523602,6.083836,5.20551,5.8507876,5.536752,3.061737,2.965904,3.1905172,2.692869,4.265494,5.80927,7.2981243,7.6269608,7.825842,8.631506,15.02804,15.53501,15.909439,15.388479,18.21998,10.162215
Oman,Middle East & North Africa,High income,GFDD.OI.02,21.32037,23.39142,21.87623,22.53724,23.32279,24.04191,23.87803,29.427917,35.061867,33.2567,28.3612,31.41548,31.934599,30.39798,27.46608,26.66723,27.79545,34.28512,29.484308,39.051727,36.40073,34.19338,33.79435,35.59266,38.86876,52.26893,56.19124,54.22858,52.66985,56.242138,47.423626
Oman,Middle East & North Africa,High income,SH.STA.BRTC.ZS,97.67359,94.285614,81.44079,103.52647,99.084724,91.1,96.77624,79.14426,93.84477,108.7733,94.7,100.19578,103.37791,105.033295,106.142204,97.99999,97.99999,99.00001,98.6,98.6,98.6,98.6,98.6,98.6,99.100006,98.65,98.68,98.68,98.6,99.616875,99.77865
Oman,Middle East & North Africa,High income,SL.IND.EMPL.ZS,22.334818,7.4,7.5,7.5800004,7.5500007,7.62,7.68,8.48,9.19,10.05,11.19,12.42,13.7,15.110001,16.75,18.820002,21.15,23.59,26.190002,30.84,36.88,35.99,35.68,34.83,34.0,33.23,32.53,32.14,32.48,32.01,21.01739
Pakistan,South Asia,Lower middle income,DT.TDS.DPPF.XP.ZS,22.701414,20.46691,22.78782,24.529463,32.90593,24.370949,24.819363,32.921146,18.898458,21.994673,21.073467,21.368126,19.700531,17.154524,22.873491,10.162934,9.094713,9.176719,8.94452,11.963403,11.539813,7.903826,14.069082,20.434864,14.456223,12.337599,13.7522745,19.94584,15.820195,31.088665,26.63785
Pakistan,South Asia,Lower middle income,EG.ELC.ACCS.ZS,74.69647,98.11837,91.99421,88.92359,91.70345,76.35395,83.63125,90.9711,70.46,70.26535,70.3106,70.361534,70.40488,70.44299,70.47822,70.5129,70.54947,70.590546,70.63886,70.69711,70.76802,70.85428,70.95861,71.08277,71.22474,71.381546,71.550224,70.79,72.783104,74.12769,75.37969
Pakistan,South Asia,Lower middle income,GFDD.AI.01,15149.12,9150.539,11016.379,7508.3257,27829.406,14366.799,5973.4165,12762.156,10789.82,10577.633,12900.757,11711.697,9147.892,6325.5845,126.31145,137.3374,189.10423,205.18591,203.32744,208.37416,233.10446,250.54182,261.68002,279.64188,292.95264,323.03418,330.6816,354.20255,364.23535,375.88568,402.273
Pakistan,South Asia,Lower middle income,GFDD.DI.04,67.99452,68.07303,72.701355,72.18912,75.07683,73.33905,73.45273,77.4828,74.23126,66.95668,67.72789,74.70146,86.659164,92.78442,85.10004,82.43462,83.914566,85.83831,74.30353,77.98094,77.97481,80.762985,82.24569,73.90266,78.383644,83.598564,81.25892,84.612,75.29286,68.394264,74.01841
Pakistan,South Asia,Lower middle income,GFDD.DI.05,39.7634,39.729668,43.24092,46.00467,46.03905,44.233788,46.71053,48.97023,47.98936,45.75959,35.64836,36.51497,40.39062,43.583527,44.89158,45.21025,45.03344,47.82793,43.54556,40.273487,41.139442,37.49316,40.308983,41.50989,40.758,42.091972,45.90825,46.14016,47.21562,48.30021,51.755352
Pakistan,South Asia,Lower middle income,GFDD.DI.06,16.03424,15.97168,14.94471,15.65537,13.43484,14.18189,14.85676,12.08753,14.0294,18.19479,13.739619,9.501766,5.052689,2.7896621,6.228323,7.905861,7.0747766,6.7035403,13.713289,10.84747,10.77481,8.557927,8.523762,13.34636,10.9213705,8.525552,10.38032,8.735224,15.085489,21.34165,17.46209
Pakistan,South Asia,Lower middle income,GFDD.DI.11,6.5068283,6.4893374,9.336767,3.084875,20.80405,26.872627,5.4992757,10.733954,7.01123,10.885337,16.331696,9.122331,12.646508,2.7582128,2.7519538,11.016446,2.5159154,1.3071176,1.0595706,0.95470554,1.0068322,0.87084126,2.9911005,3.070923,3.2123904,3.578323,3.999913,4.0661225,4.359217,4.69816,4.6454926
Pakistan,South Asia,Lower middle income,GFDD.DM.11,36.918762,25.208479,75.71279,16.227077,10.816861,48.46473,0.004635411,42.75157,28.432241,10.359011,3.2353191,18.058275,21.02639,0.001099,0.0028749,0.0042478004,0.0029342999,0.009203,0.0092662,0.0204287,0.0330071,0.043463603,0.1030213,0.12964989,0.070785895,0.0723924,0.0844907,0.1129345,0.101415105,0.0651958,0.068185
Pakistan,South Asia,Lower middle income,GFDD.EI.08,7.5607862,9.052937,12.506609,12.47727,12.8025,11.298579,12.525929,12.934169,11.67686,8.696012,8.947363,7.449602,12.803329,13.43086,9.2813,10.664709,9.717774,12.625529,11.05101,15.795699,16.85701,17.89643,22.644041,21.778278,24.11357,28.14941,28.59876,31.034899,27.20491,28.22391,32.7343
Pakistan,South Asia,Lower middle income,GFDD.OI.02,24.27153,24.40357,28.64977,31.463839,32.688698,30.827978,33.86945,36.714478,35.602818,32.995678,24.94313,26.13966,29.226877,31.54111,33.3714,34.340588,33.685497,36.195087,32.90426,30.464558,30.959099,28.7898,31.17128,32.20395,31.630308,31.61484,34.2329,33.87024,34.15339,34.42509,36.906696
Pakistan,South Asia,Lower middle income,SH.STA.BRTC.ZS,90.4431,18.8,101.575134,91.272514,88.66052,91.596855,98.2029,17.999998,73.36464,17.999998,81.623924,23.0,23.0,93.58798,97.05076,31.0,56.0,38.800003,38.0,41.0,89.666435,43.0,51.0,52.1,77.47831,93.58533,91.52424,94.498276,69.299995,81.223114,102.089005
Pakistan,South Asia,Lower middle income,SL.IND.EMPL.ZS,21.336926,21.6,21.66,21.55,21.49,21.47,21.45,21.23,21.09,20.98,20.930002,20.820002,20.670002,20.76,20.55,20.320002,20.73,20.98,20.11,20.99,21.42,21.77,22.320002,22.92,22.87,24.02,23.59,24.29,24.99,24.96,20.081945
Palau,East Asia & Pacific,Upper middle income,DT.TDS.DPPF.XP.ZS,39.690018,34.405148,26.360971,35.323963,35.1189,22.43463,30.487936,90.67114,24.49495,47.10757,38.44162,32.26374,23.262846,24.584354,48.29743,19.798777,17.593765,25.138712,36.163216,27.70314,32.138073,21.17512,25.33805,31.527233,20.02405,25.907944,11.438747,21.071865,30.881758,27.694717,17.098036
Palau,East Asia & Pacific,Upper middle income,EG.ELC.ACCS.ZS,96.62535,96.7627,96.89993,97.03649,97.171684,97.30484,97.43527,97.56231,97.685265,97.803375,98.169,98.22855,98.28052,98.32725,98.37109,98.916504,98.45959,98.50929,98.56622,98.633095,98.712616,98.8075,97.630424,99.05323,99.8103,99.36924,100.0,100.0,100.0,100.0,100.0
Palau,East Asia & Pacific,Upper middle income,GFDD.AI.01,6489.5244,1906.1493,12457.151,4003.2703,4781.2754,7075.0205,1389.2422,8111.4976,3062.4248,8691.032,9203.736,5689.6626,3455.2031,7392.9326,-388.60806,6042.069,1581.609,2653.304,-1481.4177,7186.009,3685.6667,-466.63815,1247.6942,1272.495,1312.2919,1165.0996,1144.3009,1119.427,2261.3606,3999.1855,6722.865
Palau,East Asia & Pacific,Upper middle income,GFDD.DI.04,66.475945,79.4554,75.115395,82.59525,77.535866,79.11993,73.41733,51.726826,48.87209,56.579033,69.64937,79.54047,55.756622,66.69511,73.24486,79.89059,81.58186,81.30008,75.85047,52.691166,80.536316,82.21109,74.42336,85.02655,88.03219,95.646385,81.42248,87.01007,76.86214,81.59865,77.24481
Palau,East Asia & Pacific,Upper middle income,GFDD.DI.05,75.60429,81.21917,93.19594,67.372025,72.68318,69.31492,90.294014,46.93642,75.059525,53.951633,47.03491,70.200966,66.43912,82.97722,75.732376,77.764275,90.47198,60.60832,55.02906,65.018684,69.05482,73.388855,89.195854,46.21232,71.211815,86.48726,74.77268,92.3751,80.59677,101.39125,94.764854
Palau,East Asia & Pacific,Upper middle income,GFDD.DI.06,13.099072,4.962357,4.467792,9.243382,4.980987,4.8842974,11.26013,5.730316,10.431502,8.840386,12.434593,6.384612,5.6604886,6.7839594,7.7356777,6.9598527,4.29598,4.7538643,2.69943,4.152213,0.47353742,3.9859858,7.1849246,3.728497,4.642307,7.747601,9.935734,11.317136,4.250509,9.901239,5.2837663
Palau,East Asia & Pacific,Upper middle income,GFDD.DI.11,37.16603,34.66775,36.996372,31.68187,22.056837,30.972109,21.39299,26.479174,28.389044,30.072752,35.677036,30.258245,20.251657,42.09998,33.564888,35.16157,35.312107,23.979773,12.124491,19.654018,35.74999,38.916546,36.110626,56.501728,13.400641,30.655188,20.950274,34.137665,23.347202,50.87563,41.59049
Palau,East Asia & Pacific,Upper middle income,GFDD.DM.11,22.744488,31.902514,79.04975,42.035187,28.596317,44.721905,51.687916,36.134132,32.770004,34.259212,32.93015,39.9698,38.684326,50.45243,34.50228,43.327564,54.074158,51.278866,37.306778,30.161692,65.71404,58.94528,46.92901,88.54468,58.49736,27.295864,46.446598,34.04937,43.47238,41.39496,38.67326
Palau,East Asia & Pacific,Upper middle income,GFDD.EI.08,11.459814,6.5850844,16.001837,9.0226555,9.255872,11.656699,15.025943,8.15963,13.177274,18.730118,15.521076,14.955099,7.8848357,16.520123,11.314736,4.838691,6.7272353,11.828738,12.2613945,9.174222,19.815367,10.339952,18.429636,18.931807,15.063122,17.552227,17.079584,41.814987,21.259449,26.224121,9.160239
Palau,East Asia & Pacific,Upper middle income,GFDD.OI.02,46.606667,66.92938,66.429,53.07104,54.142128,54.14831,53.31345,63.223434,46.328037,44.74322,60.647278,42.332653,56.03244,60.327488,56.208515,67.20746,53.57074,52.952087,62.047993,61.535442,76.589775,55.45947,42.407223,74.74922,91.207855,67.16926,80.88303,76.58075,70.06016,62.276257,71.83531
Palau,East Asia & Pacific,Upper middle income,SH.STA.BRTC.ZS,100.0,96.24011,101.634514,98.38364,94.11934,100.0,97.256744,97.65637,100.0,99.95099,100.0,90.42998,100.0,99.0742,92.91785,97.20213,100.0,100.0,100.0,99.3,99.6,100.0,97.4,99.100006,100.0,100.0,100.0,100.0,100.0,95.236374,95.040245
Palau,East Asia & Pacific,Upper middle income,SL.IND.EMPL.ZS,22.586126,23.842096,24.055359,21.656479,21.75567,25.018162,26.52146,19.768305,21.359228,19.974937,23.769417,20.299986,22.212833,25.316732,22.969398,22.74143,20.37159,23.241934,22.546707,21.509119,20.86421,22.377502,22.32646,21.18174,20.611496,19.955969,26.166975,21.064741,26.18844,23.47754,20.39717
Panama,Latin America & Caribbean,High income,DT.TDS.DPPF.XP.ZS,14.7124195,27.527395,15.701495,16.952072,13.977063,13.05239,18.869022,16.095308,9.05229,8.371725,19.699219,9.738733,20.267542,11.644431,4.7617216,14.487891,15.481235,23.110939,6.8863616,10.550274,3.8247309,4.181544,4.9200535,4.431606,2.997595,5.3232007,4.64584,6.1665764,4.5180073,5.017716,13.166934
Panama,Latin America & Caribbean,High income,EG.ELC.ACCS.ZS,70.19,73.44313,74.25564,75.06746,75.87792,76.68634,77.49204,78.29435,79.092575,79.885956,81.40141,81.45625,82.20092,87.8,83.6769,84.41291,85.150795,85.893196,86.64284,87.40241,86.85,88.96222,89.76787,89.1,91.43664,92.29477,93.16477,93.7,94.92852,95.81633,96.704636
Panama,Latin America & Caribbean,High income,GFDD.AI.01,6812.736,7238.93,12511.57,7517.182,12837.602,7262.8564,5114.6367,12052.7705,17531.305,14565.495,7121.9053,9316.482,13462.598,14301.161,4516.3696,8981.662,9089.406,8983.719,6510.4146,9840.739,6886.9185,6332.525,3175.3955,10183.445,339.96268,9189.642,-426.29422,16701.768,10032.167,11570.39,4298.1445
Panama,Latin America & Caribbean,High income,GFDD.DI.04,61.925358,68.141914,71.93435,76.37075,79.799416,82.388084,80.2482,84.287445,85.81995,86.71884,87.64034,87.13915,84.23588,83.02453,81.70775,84.53394,85.61394,86.986,88.23179,87.5499,87.26243,86.8219,87.00527,84.9961,88.791435,88.8217,89.65693,89.82692,90.25097,89.51541,88.725
Panama,Latin America & Caribbean,High income,GFDD.DI.05,35.175808,42.28484,46.70657,50.87035,55.221687,58.538605,60.929115,64.06243,68.26484,70.65695,76.11345,80.81877,76.42931,75.07816,73.989685,73.65159,81.28589,80.32575,77.91727,80.43825,81.847534,75.411316,71.78146,56.349842,69.01048,66.57644,65.62223,64.08212,63.20723,62.388695,83.527405
Panama,Latin America & Caribbean,High income,GFDD.DI.06,22.84904,19.42881,17.58444,15.632071,14.0363,13.206599,16.02647,12.86258,12.984281,13.446421,12.898199,14.14116,15.119941,15.763431,16.887129,14.34998,13.5063,12.10058,10.6621,10.78158,11.675461,12.096311,11.83327,11.35355,10.13037,10.3848,9.642248,9.4867935,8.989839,9.68644,12.95016
Panama,Latin America & Caribbean,High income,GFDD.DI.11,7.1165814,5.040678,13.066981,14.332592,15.562693,14.902384,13.697514,12.452728,14.384323,14.252828,7.268109,9.640669,5.2223625,5.142405,5.0969195,5.112067,4.8772807,4.4330893,4.5534067,4.9297047,4.7202644,4.5778437,4.6975646,5.24011,5.21231,5.0457397,4.9871607,5.0716596,4.922185,4.993266,6.6673765
Panama,Latin America & Caribbean,High income,GFDD.DM.11,20.986649,20.2876,26.62423,37.942432,23.779179,19.251265,28.216877,23.262772,31.964823,20.644249,21.12464,26.56692,26.153759,25.41847,27.7619,31.70621,33.613228,35.51937,33.23039,21.41306,23.33809,21.05216,20.16931,19.287281,19.71457,20.274271,18.92592,18.733961,19.849602,18.42938,24.756071
Panama,Latin America & Caribbean,High income,GFDD.EI.08,2.447945,2.2262502,2.06159,1.192735,0.7932802,0.6505663,0.80399215,0.68599826,0.7444698,1.1787721,1.3078882,1.086689,3.484413,4.2214804,3.9023342,3.0368772,3.271295,3.195444,3.445472,3.5980499,3.9039528,4.871522,5.074473,4.649214,4.645669,4.6621,4.481905,4.29416,4.077979,4.3324957,6.3767715
Panama,Latin America & Caribbean,High income,GFDD.OI.02,32.048656,39.13961,43.784527,48.02039,52.360588,55.59306,57.78642,60.81617,64.97187,67.548225,72.471146,76.195465,71.73065,70.465904,69.74397,69.68243,77.629326,76.518906,74.714874,76.562454,79.08722,73.110435,69.96818,54.64858,67.56476,65.14147,63.96612,62.491627,61.713688,60.74163,81.10844
Panama,Latin America & Caribbean,High income,SH.STA.BRTC.ZS,104.250824,93.98678,85.8,86.899994,88.0,88.299995,89.899994,89.5,90.0,90.1,90.49999,92.1,94.2,92.5,91.299995,91.1,91.0,91.5,91.799995,88.6,92.7,93.5,94.299995,91.399994,93.899994,95.0,94.6,94.2,92.9,102.26838,98.17288
Panama,Latin America & Caribbean,High income,SL.IND.EMPL.ZS,25.785673,14.45,16.98,17.62,18.38,18.07,18.37,18.36,18.07,18.190002,17.37,17.31,17.0,17.22,17.64,17.18,18.07,19.280003,19.080002,19.170002,18.710001,18.74,18.25,20.14,20.080002,18.72,18.39,18.55,18.76,17.72,21.196892
Papua New Guinea,East Asia & Pacific,Lower middle income,DT.TDS.DPPF.XP.ZS,18.375376,12.914868,8.692906,9.312937,12.457285,10.066172,8.333135,10.56645,8.340708,8.468795,8.036677,7.086321,7.782314,7.2953,8.389313,5.880447,3.4608345,4.051144,3.121533,1.8060025,1.3837906,1.337526,1.4036853,1.4477543,1.0322281,1.0149355,1.181484,1.3077639,1.7036043,3.6794522,10.768969
Papua New Guinea,East Asia & Pacific,Lower middle income,EG.ELC.ACCS.ZS,36.379673,30.367813,49.7692,59.79638,41.733932,32.94558,11.0,2.1584826,4.2950897,6.426855,7.577014,9.882184,12.1797695,14.472119,16.761583,19.050512,12.4,23.636631,25.939186,17.2,19.499998,32.91732,35.275887,37.654285,40.05049,42.87822,49.4,54.4,55.727386,59.662975,60.399998
Papua New Guinea,East Asia & Pacific,Lower middle income,GFDD.AI.01,4707.3228,5637.768,2988.6138,3660.3904,549.3118,5938.671,-838.7187,3542.272,-7604.2324,9048.551,9147.133,6729.8784,-1914.8413,6051.0376,2990.8457,-1359.6991,306.42532,-1110.336,-16.861097,10169.054,1566.4514,-605.2008,4795.39,2924.3145,9940.566,4336.9053,5316.1367,1838.6246,3943.9153,-11398.766,5958.582
Papua New Guinea,East Asia & Pacific,Lower middle income,GFDD.DI.04,82.54347,83.887184,83.945595,79.384384,68.938255,76.75713,79.857445,74.89475,67.53669,80.598145,94.40502,94.17851,80.251274,89.46536,96.73325,96.67164,96.28158,96.41171,97.42002,95.995285,96.30509,96.13589,95.91568,94.72495,88.216705,92.15005,85.76148,88.29027,89.14395,90.59599,89.95472
Papua New Guinea,East Asia & Pacific,Lower middle income,GFDD.DI.05,35.16046,35.29121,33.90253,34.65026,30.10386,30.569489,36.43721,37.66153,35.00832,33.78235,32.167458,32.00636,30.622398,27.137781,30.94187,33.58474,27.56673,31.779259,31.732512,30.22046,27.54285,29.810059,31.67758,31.199322,27.552979,28.614609,29.2117,26.188608,22.786179,23.048359,25.065449
Papua New Guinea,East Asia & Pacific,Lower middle income,GFDD.DI.06,7.403192,7.005769,6.759578,8.664276,14.053421,9.5768795,8.65298,12.452061,16.47445,6.8304405,1.739446,1.711947,6.121012,2.838114,0.89615995,0.9618112,0.7903587,0.83358544,0.72642857,1.1483179,0.97366834,1.035468,1.184101,1.851794,4.156535,2.844714,5.573715,3.9805608,3.369305,2.833071,3.534151
Papua New Guinea,East Asia & Pacific,Lower middle income,GFDD.DI.11,12.1989975,7.112358,2.5647912,4.2681913,3.8619244,11.6108265,18.58966,11.429939,-5.401739,12.568974,11.950983,9.661853,19.636295,9.77201,4.3731337,12.813245,10.493706,21.063427,13.63309,14.532879,3.7279363,2.0998917,2.2354612,3.023921,2.514212,2.301831,2.1203046,2.074607,1.177137,1.1784484,1.3242016
Papua New Guinea,East Asia & Pacific,Lower middle income,GFDD.DM.11,106.325806,96.32562,56.49844,87.78395,109.015495,67.7886,135.88463,95.551865,49.847816,75.197464,119.45561,63.64956,179.19157,191.4763,123.80681,70.60606,131.90273,85.70611,148.66058,84.72596,153.89153,125.253654,216.98463,81.00757,178.85095,101.46583,185.49023,91.84179,107.225586,164.0069,205.34367
Papua New Guinea,East Asia & Pacific,Lower middle income,GFDD.EI.08,4.368491,7.02537,9.652244,11.17794,10.123549,11.567699,14.169809,13.45389,9.514094,7.286309,8.270715,7.64292,6.841381,6.793953,8.117201,9.200117,9.042308,8.426899,10.111229,9.199725,7.4174204,8.14547,8.859339,12.50735,13.171129,15.76186,16.14224,14.959589,12.93064,12.726389,15.980939
Papua New Guinea,East Asia & Pacific,Lower middle income,GFDD.OI.02,30.541088,31.31754,30.47315,31.300909,26.82142,27.3416,30.946829,34.067837,31.395329,29.685528,28.969667,29.410717,27.45148,24.00772,27.70284,30.56599,25.511219,29.612488,29.80778,34.278038,30.9522,32.909607,35.31793,35.07832,30.219936,31.125109,31.944788,28.42887,24.82335,24.64322,27.04981
Papua New Guinea,East Asia & Pacific,Lower middle income,SH.STA.BRTC.ZS,92.0932,88.33067,101.897285,90.88329,83.201675,42.0,51.300003,92.94849,87.10805,90.04572,41.0,39.0,92.74189,94.53931,39.0,88.694214,52.999996,89.04536,92.02219,92.9926,92.19631,91.03457,98.01912,93.236664,97.16715,91.735214,91.01082,93.7642,56.399998,93.30651,90.44758
Papua New Guinea,East Asia & Pacific,Lower middle income,SL.IND.EMPL.ZS,8.02641,3.01,3.1,3.1999998,3.27,3.22,3.51,3.48,3.4499998,3.5,3.69,3.91,4.18,4.38,4.63,4.87,5.28,5.72,5.92,6.62,7.8900003,8.21,9.000001,9.900001,10.33,11.120001,11.410001,11.92,12.57,13.23,7.0603004
Paraguay,Latin America & Caribbean,Upper middle income,DT.TDS.DPPF.XP.ZS,7.6127825,9.612292,24.393217,7.9135046,5.762353,4.3839145,3.6635952,3.7727537,3.4636023,5.0989075,5.395568,6.4697313,5.857693,5.9171934,7.988462,6.121262,5.0586863,3.900714,3.2521133,4.3007016,2.7430265,2.3316486,2.4335992,1.912866,1.9691477,2.6859815,3.2152436,2.9531486,3.1830666,3.9988937,4.8237925
Paraguay,Latin America & Caribbean,Upper middle income,EG.ELC.ACCS.ZS,101.01954,93.32755,101.52916,101.50213,100.0227,77.46912,86.260056,86.41285,87.76237,88.51817,89.42114,91.04207,91.66644,92.558395,93.24988,94.68689,96.74905,96.452774,96.677895,96.891335,97.43086,98.23656,97.83562,99.015884,99.00072,99.331535,98.4,99.3,99.600006,99.7,100.0
Paraguay,Latin America & Caribbean,Upper middle income,GFDD.AI.01,-5266.1626,9100.755,7482.146,2993.3987,10107.644,5269.656,9754.837,5969.372,9363.867,10517.269,8631.668,6077.639,6001.8813,4721.63,-2122.971,53.349934,55.29818,64.297516,79.45681,108.23674,129.91124,154.56886,176.48746,193.79062,209.65219,241.6808,261.45172,314.3467,534.5134,519.46643,561.2549
Paraguay,Latin America & Caribbean,Upper middle income,GFDD.DI.04,72.90156,85.26936,67.19594,71.01876,75.91479,76.84726,79.22451,73.04916,78.20728,76.28324,77.378044,75.6701,69.74286,73.44582,72.87086,74.84615,78.1343,83.082054,86.298515,90.143776,92.29775,93.38061,92.333885,99.633606,99.71951,99.76493,99.758194,99.7803,99.82773,99.7924,99.80199
Paraguay,Latin America & Caribbean,Upper middle income,GFDD.DI.05,20.40617,23.59956,27.89362,30.302639,31.752098,26.90142,26.10121,25.4754,23.56657,24.36176,22.36723,21.68875,18.58315,18.26981,18.156929,17.28885,16.47029,17.96163,16.85775,29.25345,29.945158,31.7196,34.067223,36.46326,38.71552,41.896202,41.422062,42.81031,43.97205,46.93237,54.95988
Paraguay,Latin America & Caribbean,Upper middle income,GFDD.DI.06,5.303985,2.9187272,9.728635,9.41551,8.517045,7.304835,6.863934,10.32232,6.713972,7.611572,6.7076354,7.2911143,8.608291,5.059663,4.935445,4.348307,3.522181,3.001007,2.6645591,2.525667,2.228837,2.104409,2.704966,0.13140461,0.11163589,0.106060795,0.103165604,0.0915802,0.0776267,0.100213096,0.1031691
Paraguay,Latin America & Caribbean,Upper middle income,GFDD.DI.11,5.6339345,5.894078,20.760122,6.072256,8.838059,5.460225,7.1846995,0.8937255,-0.04518177,9.424122,1.2450485,1.1629739,1.1524101,1.0381033,0.8648287,0.8345594,0.76164466,0.7492121,0.7679286,0.9184192,0.8881719,1.1554905,1.3208244,1.3623652,1.3891475,1.5154545,1.5042788,1.5454959,1.629391,1.7416925,1.8223886
Paraguay,Latin America & Caribbean,Upper middle income,GFDD.DM.11,49.1195,23.67879,24.693933,39.903442,66.61192,38.58102,35.163403,35.22271,43.52387,0.0373427,0.0180675,0.0082393,0.0097273,39.952785,60.529816,86.97401,33.207104,47.49621,35.700386,54.844322,75.272446,78.080536,47.67507,69.207,44.02782,65.5748,48.86973,69.766495,32.547695,63.929615,62.890705
Paraguay,Latin America & Caribbean,Upper middle income,GFDD.EI.08,0.0287364,0.0224835,0.0194258,0.0172079,0.009784999,0.3973761,0.51439095,0.91743547,1.2985951,1.695473,1.2065,0.93953836,1.4561031,1.4034531,1.0532559,0.7380947,0.9904391,1.112751,1.006002,1.600111,1.352597,0.8091893,1.070891,1.4032881,1.603675,1.690049,1.2324641,1.105806,1.068521,1.245947,1.960661
Paraguay,Latin America & Caribbean,Upper middle income,GFDD.OI.02,14.32116,16.64639,19.69609,21.658861,22.90496,20.49017,20.365429,19.85955,18.18739,18.98656,17.75569,17.78658,15.069,14.540721,14.36825,13.315241,12.188601,13.42313,13.08302,18.974491,19.09616,19.20656,20.26001,21.887451,23.182812,24.910471,24.9754,27.02604,27.701632,28.996918,35.83215
Paraguay,Latin America & Caribbean,Upper middle income,SH.STA.BRTC.ZS,66.0,94.31093,96.69444,96.72671,95.08431,97.83095,60.8,96.858444,60.8,85.6,95.220856,96.534004,85.8,86.299995,77.2,87.5,90.49999,95.448715,87.2,93.799995,95.600006,96.3,95.700005,101.357086,96.4,96.3,95.50001,97.3,97.7,96.754814,100.06132
Paraguay,Latin America & Caribbean,Upper middle income,SL.IND.EMPL.ZS,20.572357,17.72,17.61,17.59,17.57,17.59,17.450003,17.37,17.09,16.78,16.46,16.03,15.59,15.990001,16.64,15.780001,16.87,18.25,19.05,17.68,19.2,17.820002,16.88,17.470001,19.13,19.74,19.430002,20.09,18.59,18.14,20.950357
Peru,Latin America & Caribbean,Upper middle income,DT.TDS.DPPF.XP.ZS,7.3298154,21.990135,17.989594,59.06148,17.009212,13.877094,31.564241,33.420235,21.786325,26.988228,25.401108,21.892996,35.4216,21.35306,16.711634,22.425354,9.514064,22.775381,10.524247,9.178606,11.408443,3.711528,4.39715,7.7226324,4.0732536,4.1499066,4.1875777,8.724004,3.8744612,4.028254,2.516894
Peru,Latin America & Caribbean,Upper middle income,EG.ELC.ACCS.ZS,88.69208,95.33892,70.1,64.74899,66.05293,67.354836,67.0,69.16024,72.07206,74.07852,72.4965,72.11311,74.38269,74.38097,75.69236,77.173645,80.15727,81.98813,84.678345,86.42432,88.12306,89.70749,91.09951,92.13537,92.91999,93.85218,94.2,94.8,95.2,95.55136,99.31181
Peru,Latin America & Caribbean,Upper middle income,GFDD.AI.01,3598.082,4069.156,4617.212,5932.64,4417.866,8326.742,4693.1655,10449.637,8504.804,5123.3115,1907.4397,5555.7563,2481.55,10926.523,336.1884,234.61702,266.43573,309.19943,370.13715,373.3021,426.37964,480.1185,547.0976,620.6277,708.28827,771.75964,840.33514,866.7917,910.5527,979.1136,1099.8212
Peru,Latin America & Caribbean,Upper middle income,GFDD.DI.04,99.2664,95.624626,98.265236,99.347786,96.005196,97.04371,97.968895,98.506836,98.77989,99.02366,99.20138,99.208496,99.30563,99.50745,99.91756,99.999985,99.999985,99.999985,99.999985,99.999985,99.999985,99.999985,99.46102,99.14775,98.80825,98.7023,98.77521,99.18002,99.262825,99.33723,99.17254
Peru,Latin America & Caribbean,Upper middle income,GFDD.DI.05,24.716059,16.67763,18.430689,20.362999,19.621729,20.77938,25.27978,28.93244,32.33667,35.41637,33.1795,33.010178,32.62238,30.105919,27.868351,29.661839,28.72295,32.364166,36.04541,35.85809,38.09527,36.76807,38.92796,43.32047,43.77177,41.76411,43.959103,47.57809,47.17846,49.02777,59.19195
Peru,Latin America & Caribbean,Upper middle income,GFDD.DI.06,0.1262185,0.4652951,0.2165779,0.091362394,0.62264776,0.5103814,0.4526348,0.3962429,0.37752327,0.3166744,0.23529221,0.21697819,0.1818787,0.1161689,0.0171142,3.6700003e-06,3.1700001e-06,2.8800002e-06,2.6100001e-06,2.53e-06,2.21e-06,1.9400002e-06,0.1608645,0.2886818,0.4417798,0.5295723,0.48743993,0.3875013,0.3589516,0.32530668,0.509141
Peru,Latin America & Caribbean,Upper middle income,GFDD.DI.11,1.000449,3.4264607,17.026161,2.3648422,1.53786,0.23151076,4.4485536,9.167103,1.6795372,2.035124,2.1933842,2.3925147,2.64008,3.0745783,3.1730912,3.5913916,3.4303756,3.4279377,3.5791476,3.8642254,4.125683,4.201463,4.3758345,5.1582713,5.798928,6.461306,6.429419,6.468322,6.600035,6.9720454,8.4298725
Peru,Latin America & Caribbean,Upper middle income,GFDD.DM.11,17.51228,28.534502,17.842121,18.560747,40.096516,13.394078,14.903962,28.043013,27.86816,0.6221665,0.81166494,0.8316267,0.7575641,1.15617,1.348772,1.4385201,1.436934,1.3509619,1.08161,1.158017,0.1196117,0.1111961,0.0426494,0.0417837,0.042836603,0.0464315,0.046831198,0.0435365,0.0413893,0.041366998,13.426128
Peru,Latin America & Caribbean,Upper middle income,GFDD.EI.08,9.340473,3.2746801,3.2773361,2.861528,1.748641,0.9157141,0.83686256,1.7907181,2.4446251,3.2376451,2.962692,3.823332,3.8692188,3.495403,2.8608902,2.753268,2.25647,2.185461,2.2291281,3.004472,1.9994931,1.966486,1.56429,2.088475,2.645118,3.575133,3.5311978,4.391809,4.3741407,4.024136,5.81711
Peru,Latin America & Caribbean,Upper middle income,GFDD.OI.02,15.700861,12.33987,14.33261,16.84403,16.935051,18.059341,22.689781,24.18205,26.71989,28.727772,26.49555,26.10176,25.42648,23.56557,21.724129,23.69787,23.14249,26.5342,30.27376,30.175848,31.311327,30.281988,31.54226,35.65889,36.099197,34.366768,36.60683,39.06675,38.625607,40.24722,46.66879
Peru,Latin America & Caribbean,Upper middle income,SH.STA.BRTC.ZS,91.124565,98.89054,52.499996,101.06958,94.81576,93.699844,56.399998,105.16982,101.41977,97.74832,59.299995,97.44293,95.640335,86.05585,71.1,92.233635,71.0,93.34812,79.399994,82.5,83.799995,85.0,86.7,89.1,90.0,91.6,92.4,93.6,93.1,92.1,96.00449
Peru,Latin America & Caribbean,Upper middle income,SL.IND.EMPL.ZS,18.677973,15.270001,15.14,15.14,15.320001,15.38,15.26,15.280001,15.049999,14.73,14.55,14.42,14.410001,13.35,14.400001,14.07,14.85,16.29,16.44,16.44,16.86,16.48,17.03,17.02,16.37,16.57,16.22,15.65,15.390001,15.200001,20.121971
Philippines,East Asia & Pacific,Lower middle income,DT.TDS.DPPF.XP.ZS,25.643166,21.765102,23.25201,23.271967,16.488886,14.335826,11.043363,7.3239846,8.590755,16.672487,14.628097,19.925972,19.727343,19.299623,20.249094,15.850014,18.590439,9.469703,11.799241,13.469129,15.992894,11.943862,7.296883,7.1282725,6.1236305,6.828714,7.797642,5.412271,4.563689,5.9400773,6.1480584
Philippines,East Asia & Pacific,Lower middle income,EG.ELC.ACCS.ZS,92.99251,91.05707,69.742294,65.4,68.018555,69.13312,70.24496,71.35339,71.299995,71.87417,74.66169,75.722946,76.77662,76.6,87.6,79.91562,80.18,82.01391,83.3,84.3,85.397644,87.2,87.08,87.5,89.72037,89.08,92.066505,93.0,94.448265,95.64508,96.842384
Philippines,East Asia & Pacific,Lower middle income,GFDD.AI.01,15643.436,9516.517,4611.039,9133.925,4043.837,5733.636,8120.8066,10282.854,12725.112,14335.535,13993.075,8448.839,10375.938,12323.14,8632.652,8505.299,8416.689,5857.519,365.76172,364.23514,376.71277,435.44138,434.70728,433.26233,452.18677,471.9468,485.27237,507.0358,576.0911,658.279,686.50397
Philippines,East Asia & Pacific,Lower middle income,GFDD.DI.04,85.852486,88.56638,82.262375,63.30888,73.598465,79.87541,84.54812,88.158745,89.14933,86.52593,89.934235,92.20054,90.61549,91.12811,93.9195,95.18173,90.19108,87.22971,90.71433,92.779655,93.74423,93.90973,94.81867,95.13995,95.7004,95.99248,95.72342,96.26608,96.71304,96.90484,89.08044
Philippines,East Asia & Pacific,Lower middle income,GFDD.DI.05,30.04499,30.51925,31.86502,37.41401,41.27705,45.40147,49.27732,54.27538,53.646782,57.0587,55.85332,53.15202,54.28221,51.860928,50.514847,48.3702,52.24474,50.10392,56.998707,59.411694,58.812912,57.38415,56.304897,66.83659,68.530464,70.91615,74.10986,59.787155,57.47213,59.151863,69.50153
Philippines,East Asia & Pacific,Lower middle income,GFDD.DI.06,3.834026,2.748944,5.350224,17.6164,12.231371,10.55769,9.756565,8.27735,6.514463,7.6376796,5.5206947,4.052157,4.722978,4.420441,2.957362,2.046717,3.994492,4.937985,4.248118,3.3722348,2.898028,2.935333,2.5407279,2.467257,2.3330882,2.273722,2.521752,2.326639,2.110158,2.010045,8.6084795
Philippines,East Asia & Pacific,Lower middle income,GFDD.DI.11,12.765749,26.225964,2.9267933,9.089212,11.99449,5.18843,10.618062,13.858966,14.715486,16.35819,5.182911,3.4333913,5.4016953,5.884426,5.84201,5.9082355,6.2938585,6.1781416,5.732907,6.167578,6.22829,6.3458605,6.7842197,7.3773503,7.6050878,7.951336,8.096556,8.932762,8.075422,9.145118,10.756879
Philippines,East Asia & Pacific,Lower middle income,GFDD.DM.11,5.0499077,3.1860788,17.19302,6.322876,11.116463,16.327248,28.31756,12.009562,9.118308,21.950417,25.243525,3.238675,3.769541,4.5324464,5.091472,4.759822,6.076068,5.004135,3.479688,3.740355,3.861069,3.1861842,3.20962,2.711945,3.417106,4.189281,4.2438517,4.461821,5.539502,5.558608,7.380899
Philippines,East Asia & Pacific,Lower middle income,GFDD.EI.08,6.444025,5.71774,6.889221,7.282898,8.64067,9.039534,10.51242,12.224529,11.530279,11.718829,13.718599,15.428679,16.0768,17.49532,18.73634,16.7846,14.252819,13.594539,13.625019,15.435649,15.095189,14.764329,14.590249,13.963139,14.351439,14.55896,13.580359,14.3791,14.524779,14.95918,18.15498
Philippines,East Asia & Pacific,Lower middle income,GFDD.OI.02,24.486969,24.92358,26.34763,31.307798,34.57588,38.465866,42.159687,48.2171,48.15411,49.47725,49.094048,47.512417,47.94944,45.96351,45.052097,43.124016,46.24509,43.275047,50.036766,52.17052,51.21353,50.112667,49.08133,59.558186,60.73425,62.579998,65.58286,66.43938,64.657,65.92215,77.23312
Philippines,East Asia & Pacific,Lower middle income,SH.STA.BRTC.ZS,90.08185,95.18059,96.07209,52.8,95.52382,94.3281,91.116165,96.240616,56.399998,58.0,58.0,97.95269,95.941696,59.8,93.5211,91.517426,82.03635,91.97015,62.199997,97.01619,91.888535,72.2,92.6056,72.799995,94.99389,93.3374,96.51654,84.4,94.75083,95.13853,94.58283
Philippines,East Asia & Pacific,Lower middle income,SL.IND.EMPL.ZS,23.883724,14.400001,14.69,14.250001,14.500001,14.81,14.8,15.79,15.820001,15.35,15.86,15.69,15.610001,15.600001,15.59,15.48,15.53,15.670001,15.580001,15.510001,15.720001,15.280001,15.270001,15.580001,15.940001,16.190002,17.36,18.27,19.060001,19.12,18.619608
Poland,Europe & Central Asia,High income,DT.TDS.DPPF.XP.ZS,3.9631283,20.438126,29.132141,17.311155,14.355334,11.327707,11.794659,23.406454,20.60525,24.994787,29.067728,21.624838,16.884138,11.749156,16.172215,8.752147,9.103752,12.319803,12.873485,36.0148,15.223029,18.159657,10.330417,14.335724,23.791498,20.770494,15.123415,2.3147483,13.883263,16.194752,15.951148
Poland,Europe & Central Asia,High income,EG.ELC.ACCS.ZS,100.0,100.0,100.0,100.0,100.0,100.0,100.0,100.0,100.0,100.0,100.0,100.0,100.0,100.0,100.0,100.0,100.0,100.0,100.0,100.0,100.0,100.0,100.0,100.0,100.0,100.0,100.0,100.0,100.0,100.0,100.0
Poland,Europe & Central Asia,High income,GFDD.AI.01,2203.7769,7192.0967,4891.0654,5177.365,10002.857,14083.9795,11109.648,10474.939,8009.1387,9128.382,6285.7,7244.965,9455.152,7427.9805,4919.9253,10676.922,6109.109,1729.3416,824.15137,922.2145,903.8641,969.33234,987.3135,1005.0575,1040.0453,1072.0905,1087.0454,1073.8433,1111.4159,1146.9115,1187.1123
Poland,Europe & Central Asia,High income,GFDD.DI.04,95.67267,85.93636,75.17232,76.93412,77.99585,89.28025,91.07013,90.4629,91.64373,92.61885,93.87537,94.47026,98.49097,99.91408,99.93637,99.93842,99.976944,99.98643,99.99021,99.9968,99.99705,99.99727,99.99746,99.99759,99.997955,99.998245,99.9984,99.99851,99.99848,99.998505,96.67142
Poland,Europe & Central Asia,High income,GFDD.DI.05,31.19026,29.79368,32.63677,32.74897,31.293898,30.97287,32.470238,34.63303,37.31706,40.16589,40.380608,44.32345,41.79822,42.22619,41.356518,43.93486,46.733402,47.543926,52.31936,52.493748,54.162727,56.31675,56.75676,59.445625,61.88612,64.126564,67.90915,66.55661,68.14514,68.254845,77.91279
Poland,Europe & Central Asia,High income,GFDD.DI.06,0.9590953,4.847289,9.481547,9.040721,7.764863,3.348983,2.96828,3.2258759,2.93607,2.798104,2.246251,2.36052,0.8128514,0.0481264,0.0255066,0.024734199,0.0102859,0.0067367996,0.0061451,0.0019679,0.0018661,0.0017888999,0.0016015,0.0015789,0.0014025,0.0012215,0.0011806,0.0010554,0.0010841,0.0010466,2.503335
Poland,Europe & Central Asia,High income,GFDD.DI.11,6.8399477,13.876504,3.8314729,4.9633865,19.349272,6.378354,7.0158496,-9.757812,7.76334,13.400514,5.067164,6.0448365,7.0797224,7.7581186,8.305472,9.041798,10.153808,10.690348,10.727486,10.129939,10.033585,9.336163,10.031439,10.177198,10.438649,10.009247,10.554815,9.653087,9.072799,8.457665,8.800122
Poland,Europe & Central Asia,High income,GFDD.DM.11,-32.18571,12.501034,23.13639,24.606977,27.949791,35.5479,18.11371,17.423313,21.650337,0.6557641,0.8872349,0.63015467,1.27593,1.796825,2.339016,2.318829,2.503289,2.31807,1.1924671,1.208464,0.81278074,0.68692976,0.7690808,0.9542938,1.464413,1.691461,2.165319,2.461139,2.4718719,2.5788379,3.232219
Poland,Europe & Central Asia,High income,GFDD.EI.08,2.339896,8.2280445,9.3606205,11.061899,10.881379,11.389029,11.4723,10.06709,9.881263,9.9334345,8.008175,13.12795,25.444609,27.45394,12.185949,11.42318,11.61889,10.546879,13.52162,14.36811,14.469009,13.91087,13.1244,14.220779,16.22632,16.25757,19.40507,18.69517,18.97052,19.34442,23.05648
Poland,Europe & Central Asia,High income,GFDD.OI.02,23.810051,22.74273,25.66015,27.00941,26.41658,25.286331,26.96552,28.7234,32.33616,34.49728,35.8168,38.92134,36.60146,36.39048,35.79276,38.038326,40.10894,40.721928,44.749096,45.707897,47.4953,49.2543,49.88469,52.050797,53.973606,55.578056,58.320034,56.81728,58.13364,58.05429,63.797432
Poland,Europe & Central Asia,High income,SH.STA.BRTC.ZS,97.799995,99.6,99.6,99.6,99.6,99.6,99.7,99.7,99.7,99.7,99.4,99.8,99.8,99.8,99.8,99.3,99.4,99.4,99.4,99.7,99.8,99.8,99.8,99.8,99.8,99.8,99.8,99.8,99.8,111.293945,101.46775
Poland,Europe & Central Asia,High income,SL.IND.EMPL.ZS,40.6525,36.19,34.82,34.04,33.46,33.13,32.770004,32.48,32.13,31.560001,31.06,30.729998,28.540003,28.55,29.040003,29.25,29.980001,30.72,31.890001,31.110003,30.3,30.67,30.42,30.540003,30.540003,30.540003,31.45,31.67,31.82,32.13,32.518105
Portugal,Europe & Central Asia,High income,DT.TDS.DPPF.XP.ZS,18.836185,19.933647,33.041508,31.284267,10.278457,24.999084,29.58884,39.072987,27.38702,26.443583,14.473185,21.453266,32.76228,21.355955,12.98706,14.808491,39.652645,6.937372,11.129738,15.997517,24.992912,25.167086,29.377089,22.58259,14.503614,13.050677,16.530987,21.866348,11.724064,9.460017,38.921074
Portugal,Europe & Central Asia,High income,EG.ELC.ACCS.ZS,100.0,100.0,100.0,100.0,100.0,100.0,100.0,100.0,100.0,100.0,100.0,100.0,100.0,100.0,100.0,100.0,100.0,100.0,100.0,100.0,100.0,100.0,100.0,100.0,100.0,100.0,100.0,100.0,100.0,100.0,100.0
Portugal,Europe & Central Asia,High income,GFDD.AI.01,15864.696,36756.895,24949.43,33260.62,38808.49,39300.637,24938.443,24365.162,9310.518,27294.076,28390.469,17258.814,32017.506,33934.863,30095.693,28429.61,22013.281,19175.002,15794.366,27853.602,29496.115,20596.166,23048.3,36328.004,18081.9,28788.521,19947.613,30581.324,62494.703,17723.848,20012.072
Portugal,Europe & Central Asia,High income,GFDD.DI.04,87.10268,96.74517,96.73109,97.174065,97.57383,98.04425,98.34072,98.65095,99.382576,65.69632,96.46443,99.886826,99.892,99.89196,99.93368,99.93673,99.9435,99.94854,99.958084,99.95962,99.59899,99.491776,99.494194,99.51038,99.56715,95.745605,91.676735,90.11929,88.51059,86.79267,82.034004
Portugal,Europe & Central Asia,High income,GFDD.DI.05,72.184006,77.60862,81.03198,85.2888,85.90893,86.241844,85.96394,101.14483,94.41222,91.03953,88.96964,93.058365,89.217415,90.951485,92.484634,95.14105,93.99555,95.569374,101.7655,99.38718,98.18051,99.29812,95.644585,96.60806,96.74445,97.146454,100.9811,101.99911,104.309204,106.3654,126.57001
Portugal,Europe & Central Asia,High income,GFDD.DI.06,9.0310755,2.545619,2.556139,2.286716,2.027867,1.713477,1.522447,1.260548,0.61471206,0.7715931,4.0623736,0.1377279,0.1346858,0.1362379,0.0840734,0.0826222,0.0787923,0.0757908,0.0658839,0.0684088,0.7020728,0.8915591,0.89425766,0.8152876,0.66337675,6.259425,11.95721,13.59704,15.28384,16.49772,26.5938
Portugal,Europe & Central Asia,High income,GFDD.DI.11,35.804924,26.88745,11.869693,20.941734,18.197191,9.796857,11.992378,15.058981,16.664064,18.7754,19.696383,19.09998,19.831045,21.400328,22.042269,25.304522,30.150885,31.230303,31.664501,33.117764,32.67287,29.248222,30.989529,31.035425,31.811504,30.028343,27.598396,27.46518,25.808235,26.189463,27.041487
Portugal,Europe & Central Asia,High income,GFDD.DM.11,36.005238,75.45809,46.373188,41.96745,50.82223,34.028263,42.66279,82.699425,41.24909,23.71013,28.144428,31.64528,39.827007,52.26402,56.956833,53.73884,55.98796,55.67994,52.08353,67.21134,62.82771,45.262062,48.26376,46.025448,41.99462,42.09037,40.11303,50.00798,46.03757,51.86599,62.2841
Portugal,Europe & Central Asia,High income,GFDD.EI.08,8.81481,9.142696,16.903763,6.986127,9.614957,30.479652,12.829586,8.066305,17.333303,14.144416,11.911299,6.6890073,5.660301,5.424191,5.5751,5.857989,6.043529,5.0449224,5.686121,9.528753,18.8374,18.35134,23.03507,22.694279,22.92842,21.116129,20.542019,21.48976,20.82813,18.231249,20.29531
Portugal,Europe & Central Asia,High income,GFDD.OI.02,66.61926,72.29751,76.142685,80.35339,80.969826,81.52707,81.30591,80.88451,78.28394,103.57313,91.5158,85.24471,79.865166,79.868286,78.485756,81.30846,80.74943,80.63345,87.97395,83.81618,84.67856,85.98378,81.67098,82.06719,81.75743,81.58416,85.53904,86.72462,88.736115,91.40282,108.7847
Portugal,Europe & Central Asia,High income,SH.STA.BRTC.ZS,97.31227,87.040405,96.59029,91.76808,95.720184,94.03711,97.3466,89.27927,99.7,97.75893,99.7,99.9,90.16478,97.62901,93.91561,95.72818,93.812546,98.17296,102.137474,94.67592,96.76326,100.66982,95.95865,99.00001,98.899994,98.899994,98.799995,98.799995,98.7,99.765625,93.20737
Portugal,Europe & Central Asia,High income,SL.IND.EMPL.ZS,35.14847,34.0,33.63,32.86,32.47,32.18,31.27,31.020002,35.21,34.35,34.44,33.45,33.33,32.66,31.06,30.39,30.310001,30.24,28.99,27.81,27.26,26.86,25.15,23.7,23.86,24.35,24.5,24.74,24.85,24.68,23.615377
Puerto Rico,Latin America & Caribbean,High income,DT.TDS.DPPF.XP.ZS,9.088191,9.111496,10.760602,13.721256,9.705108,6.271199,9.396606,12.483191,7.897904,9.958351,3.8070345,10.6343,3.3084948,11.908931,7.5165877,5.0837517,4.584787,5.918062,9.823157,5.868709,6.0084233,6.692884,6.403933,-3.4532406,8.0209055,1.4448459,7.209145,4.025748,8.015953,10.8755,8.725364
Puerto Rico,Latin America & Caribbean,High income,EG.ELC.ACCS.ZS,99.98344,99.993095,99.99863,100.0,100.0,100.0,100.0,100.0,100.0,100.0,100.0,100.0,100.0,100.0,100.0,100.0,100.0,100.0,100.0,100.0,100.0,100.0,100.0,100.0,100.0,100.0,100.0,100.0,100.0,100.0,100.0
Puerto Rico,Latin America & Caribbean,High income,GFDD.AI.01,10775.527,15032.0,5325.7163,11845.03,7088.062,3566.2195,12820.455,10237.956,6739.5547,12555.763,10600.439,10651.142,13231.0,9089.401,4498.1045,10631.694,14435.918,3959.4016,10035.475,4636.4683,14215.651,13182.067,12032.974,8542.554,10492.5625,10605.848,11339.91,16204.205,12291.75,14763.468,20499.85
Puerto Rico,Latin America & Caribbean,High income,GFDD.DI.04,51.55686,74.818634,72.08668,67.35468,64.870514,78.31528,44.49891,79.39241,48.18333,61.081398,60.864143,62.43719,61.565758,73.259895,50.691624,63.51377,80.73989,78.21875,64.48637,71.71261,77.38826,84.357605,72.262405,79.96925,74.28996,69.254,72.741135,80.65935,50.85828,77.95374,77.234245
Puerto Rico,Latin America & Caribbean,High income,GFDD.DI.05,46.917572,65.54883,58.190117,78.97192,80.79496,63.44258,51.62263,67.91342,63.44374,72.19995,52.507767,64.55061,58.162292,63.548183,68.3725,93.93815,66.742096,75.53074,95.57893,90.393364,109.250145,99.10305,111.671425,89.91063,83.25832,72.13416,101.39266,98.24666,106.15462,105.55917,89.59098
Puerto Rico,Latin America & Caribbean,High income,GFDD.DI.06,14.583781,6.0235868,24.980976,14.724772,25.469397,14.621739,7.5972004,20.838451,6.671529,13.846829,2.7874033,4.2963753,11.527879,8.809961,9.760041,6.5162373,15.402708,10.301593,12.9505825,14.587575,6.6895847,8.65077,12.0559435,7.0807033,12.560417,10.622435,9.638212,22.153667,5.718834,16.740257,15.729129
Puerto Rico,Latin America & Caribbean,High income,GFDD.DI.11,9.407855,16.46516,17.355715,14.067879,18.458729,14.37498,11.598115,15.924466,17.262772,16.237984,20.759783,11.117517,30.982544,17.927229,13.393854,7.9046,12.580867,11.371262,17.896553,28.584276,26.103224,18.421978,19.125813,25.207188,23.56692,19.165205,22.455208,29.611168,26.31255,34.011837,17.659355
Puerto Rico,Latin America & Caribbean,High income,GFDD.DM.11,263.8743,112.79437,105.93611,209.33936,123.056755,91.223114,305.17038,372.50098,96.34128,217.47968,93.1923,131.62776,151.86195,96.49799,118.64001,114.370575,246.4281,156.03098,115.0827,206.5115,154.39073,169.44008,254.22382,185.40903,215.59378,127.13759,256.61575,112.462036,115.626495,242.81772,180.94777
Puerto Rico,Latin America & Caribbean,High income,GFDD.EI.08,23.509289,22.505548,11.878619,12.134993,13.725884,5.5781703,11.189843,16.298145,10.8625145,14.077651,8.439613,10.193625,22.704105,9.719221,17.001102,10.447158,15.602469,8.8434105,17.120596,16.58054,13.465582,7.017606,11.150725,10.7416115,11.213383,13.853204,13.949758,11.542944,20.336992,8.181311,11.969845
Puerto Rico,Latin America & Caribbean,High income,GFDD.OI.02,44.55453,47.937294,39.007374,44.888363,26.276838,33.03583,41.858536,42.587246,41.34916,44.235634,50.880863,41.92418,59.70802,40.772205,41.825645,43.577553,34.82442,47.136333,54.486782,50.433613,56.33986,48.940758,37.95252,52.318306,47.687473,55.578682,51.23082,51.492737,64.46125,57.877895,68.39651
Puerto Rico,Latin America & Caribbean,High income,SH.STA.BRTC.ZS,97.02601,90.25453,86.44886,98.16192,96.87586,99.773994,99.207794,95.63181,96.36153,92.000725,96.781494,54.550457,95.966354,95.46048,99.8,98.369354,96.37138,95.49491,97.85262,99.050186,101.28903,99.588455,100.77834,95.13095,85.776886,96.19636,90.25305,106.98781,92.62802,100.77098,99.45331
Puerto Rico,Latin America & Caribbean,High income,SL.IND.EMPL.ZS,22.254791,24.01,24.01,23.9,23.18,22.77,21.670002,21.65,21.88,22.210001,22.27,21.66,19.96,19.59,19.39,19.01,19.47,19.18,18.12,17.68,17.450003,17.2,16.950003,16.710001,16.48,16.23,15.97,15.68,15.390001,15.21,18.871006
Qatar,Middle East & North Africa,High income,DT.TDS.DPPF.XP.ZS,26.144,26.059902,12.72192,9.92158,24.64916,10.6845255,18.84418,18.408955,21.455027,16.715357,22.769375,14.7001095,23.077093,11.516347,21.418203,18.063385,19.565956,20.282593,5.3500886,23.053104,11.488826,19.885767,18.715141,17.368229,9.283873,11.647596,15.534232,21.399776,21.54733,17.516766,18.431347
Qatar,Middle East & North Africa,High income,EG.ELC.ACCS.ZS,100.0,100.0,100.0,100.0,100.0,100.0,100.0,100.0,100.0,100.0,100.0,100.0,100.0,100.0,100.0,100.0,100.0,100.0,100.0,100.0,100.0,100.0,100.0,100.0,100.0,100.0,100.0,100.0,100.0,100.0,100.0
Qatar,Middle East & North Africa,High income,GFDD.AI.01,6476.772,11735.638,3238.8066,187.33026,5627.0635,7058.2227,7992.004,4321.5444,5269.9844,4019.1943,5354.741,3724.7715,-2029.2051,5590.7007,685.1479,720.5174,683.2246,635.54865,620.78925,574.59644,563.4039,579.0571,580.68884,621.9291,614.1074,666.54364,701.36896,736.50385,753.24664,773.1,777.9049
Qatar,Middle East & North Africa,High income,GFDD.DI.04,117.5193,102.8279,108.24744,99.70793,99.83787,97.879875,97.609314,98.309715,99.947815,95.98679,99.945175,99.654305,99.64294,99.92821,99.987724,99.99167,99.993866,99.99584,99.997116,99.99734,99.9934,99.994514,99.99502,99.99087,99.988495,99.967735,99.966064,99.930756,99.901886,99.863075,99.814186
Qatar,Middle East & North Africa,High income,GFDD.DI.05,50.75631,55.54949,53.98674,64.83301,68.61678,62.86375,59.61063,52.51508,62.504955,57.59615,44.48241,62.365532,61.484142,53.38213,47.81381,48.67714,49.71459,52.9843,43.85426,60.41866,58.122475,50.75569,56.03111,62.999,67.14446,88.56011,90.08572,102.8873,84.51593,90.30625,114.12131
Qatar,Middle East & North Africa,High income,GFDD.DI.06,5.1774297,4.137043,-0.49476978,0.2272553,0.119919494,1.5120519,1.6972951,1.099115,0.0436646,3.268382,0.0298549,0.2263471,0.22104311,0.0424921,0.00606,0.0040101,0.0029331,0.0023091,0.0016207,0.0021349,0.0050061,0.0044703004,0.0043084,0.0083251,0.010498401,0.0424569,0.0525288,0.114615805,0.1470703,0.241469,0.43811962
Qatar,Middle East & North Africa,High income,GFDD.DI.11,6.572745,3.7360752,12.644547,2.9497209,8.154902,0.14999358,13.312315,9.234733,7.6262374,5.292328,5.6782637,6.950677,2.807922,0.8550805,3.3677175,4.427375,2.8058522,3.2881954,2.7068553,3.4640386,3.1642582,1.9005251,1.8924888,2.3285627,4.1690516,6.8624454,8.021644,5.538142,5.2982373,12.4779625,9.610752
Qatar,Middle East & North Africa,High income,GFDD.DM.11,130.7303,183.06685,123.82931,125.553665,90.22108,170.3123,58.414566,51.73722,44.94782,52.894295,129.0446,69.93751,66.597404,88.839485,97.37932,133.12817,41.535133,74.037315,121.916336,117.88472,70.99466,149.39273,59.833015,83.63518,61.18281,310.01413,188.51945,75.248856,158.32437,72.56254,151.75542
Qatar,Middle East & North Africa,High income,GFDD.EI.08,38.254036,45.229767,28.261488,35.55891,38.28966,35.148518,38.21353,33.41356,44.896843,43.449913,27.60571,30.39128,33.03516,29.18056,20.41885,14.407519,11.827869,13.983549,15.623289,28.785679,31.125238,41.61684,49.43126,51.10821,45.22129,60.72824,40.961033,35.98386,69.46414,37.581676,40.126743
Qatar,Middle East & North Africa,High income,GFDD.OI.02,45.71798,50.45997,49.24173,59.649517,63.58864,58.11255,55.35268,48.73335,58.488342,53.796627,41.89416,59.639156,58.758335,50.875237,45.568176,46.90926,47.928238,51.43802,42.574947,58.830643,56.78415,49.607338,54.83095,61.72648,65.76927,86.6861,87.92241,100.9108,82.83118,88.49389,111.497696
Qatar,Middle East & North Africa,High income,SH.STA.BRTC.ZS,100.0,100.0,100.0,100.0,88.699135,100.0,100.0,100.0,97.99999,100.0,100.0,100.0,100.0,100.0,100.0,100.0,100.0,100.0,100.0,100.0,100.0,100.0,100.0,107.01641,99.9,99.9,100.0,100.0,106.0319,98.818886,104.54643
Qatar,Middle East & North Africa,High income,SL.IND.EMPL.ZS,43.538837,30.82,31.170002,30.890001,31.350002,31.71,31.920002,33.18,34.030003,35.35,36.98,38.4,39.06,39.81,41.01,41.1,41.56,51.860004,59.58,58.45,56.33,54.11,51.79,51.71,52.96,54.14,54.55,54.510002,54.32,53.7,33.702377
Romania,Europe & Central Asia,High income,DT.TDS.DPPF.XP.ZS,0.0,0.91605586,7.373214,4.4241242,8.012649,8.832599,24.919352,20.516365,21.110884,21.002375,12.65735,13.4298315,11.996244,10.423421,8.706889,9.927652,7.194693,5.170917,5.7375016,4.691377,5.5238247,3.5323641,8.374206,11.160387,9.764941,9.917308,4.938847,3.7576246,5.5544195,4.535233,4.425013
Romania,Europe & Central Asia,High income,EG.ELC.ACCS.ZS,100.0,100.0,100.0,100.0,100.0,100.0,100.0,100.0,100.0,100.0,100.0,100.0,100.0,100.0,100.0,100.0,100.0,100.0,100.0,100.0,100.0,100.0,100.0,100.0,100.0,100.0,99.1,100.0,100.0,100.0,100.0
Romania,Europe & Central Asia,High income,GFDD.AI.01,18178.49,18089.85,29050.047,31446.734,17575.818,6281.9624,36061.285,29725.95,29617.707,22868.281,19320.516,25216.49,20536.412,11849.043,24235.668,46454.383,25188.898,27194.281,21012.463,23068.102,11660.887,20440.404,21434.727,26935.08,12226.669,31093.123,34413.742,42001.566,43971.195,17993.469,32345.121
Romania,Europe & Central Asia,High income,GFDD.DI.04,99.44616,97.09826,87.904625,94.033356,85.03905,83.43124,75.77261,93.222244,88.97105,79.51335,86.09969,94.888466,98.94754,99.99842,90.31626,93.80304,99.99996,99.99833,99.99891,99.99905,107.76548,98.152855,91.15535,104.39368,104.504,101.568375,97.401276,98.10767,88.936485,98.98527,98.84365
Romania,Europe & Central Asia,High income,GFDD.DI.05,62.19815,49.397377,35.15541,28.79256,26.12977,28.985762,32.84377,31.304148,33.16375,33.4843,32.13879,25.60994,28.711689,27.38309,31.85477,32.652977,32.2211,34.74774,32.18354,35.75365,38.36296,38.624058,37.51308,38.03136,39.07278,40.20789,41.13583,40.79306,40.04028,39.90982,46.02287
Romania,Europe & Central Asia,High income,GFDD.DI.06,0.44399118,1.864694,4.362503,1.6784949,3.558945,4.6805773,8.177271,1.282858,2.470243,3.8841279,2.000183,0.7168237,0.15416579,0.0002712,4.2970443,4.457847,8.75e-06,0.0006051,0.0004284,0.00043639998,4.503211,5.6394114,8.810416,3.5973158,4.0461793,2.6632428,6.083931,1.3584769,7.5429006,3.2666183,0.45928803
Romania,Europe & Central Asia,High income,GFDD.DI.11,9.638298,5.1328034,8.639577,8.150153,0.2487782,9.251449,8.99944,12.151399,1.0283184,10.554325,7.1022635,12.228793,10.861152,12.607489,13.88495,2.2081678,2.4496908,2.7524967,2.7754471,3.088842,3.1797786,3.0943415,3.2038612,2.8590949,2.7864814,2.9027097,2.4684002,2.324292,2.1644828,2.0421045,2.17236
Romania,Europe & Central Asia,High income,GFDD.DM.11,13.201117,21.38364,25.328587,6.891895,17.079544,23.59981,12.105265,5.035138,17.97616,0.09495211,0.015465701,0.0265187,0.0079197,0.0062193,0.7685945,0.55886644,0.8764535,0.45119628,0.34473798,0.6531925,0.80234426,0.6231813,0.8846071,1.072013,0.97678334,1.049414,1.078587,1.2851199,1.289858,1.77742,1.735388
Romania,Europe & Central Asia,High income,GFDD.EI.08,12.002515,62.396584,31.70505,26.45279,20.229269,23.56884,16.39567,9.35216,8.259632,7.0880013,5.264074,4.653416,4.4043074,3.041661,2.164617,1.9590101,1.034464,2.248179,3.1991282,8.818236,11.612629,12.491809,13.326109,12.637429,12.773799,12.590419,12.21211,11.432749,11.08682,10.973839,13.33217
Romania,Europe & Central Asia,High income,GFDD.OI.02,49.066307,38.77354,22.8565,17.08761,16.97081,18.84621,21.894852,20.762781,21.88866,21.17729,19.69979,19.486591,20.728222,19.99975,22.12294,24.962881,27.806921,29.740328,27.493591,30.899637,32.691345,32.46619,32.16506,32.5163,33.10152,33.66132,33.962276,33.40521,32.926487,32.909996,37.695496
Romania,Europe & Central Asia,High income,SH.STA.BRTC.ZS,99.8,99.9,99.7,98.899994,99.00001,99.100006,99.00001,98.3,99.00001,97.99999,99.00001,99.00001,99.100006,99.200005,98.899994,98.100006,98.200005,98.799995,99.4,99.5,99.5,99.4,99.5,98.5,98.5,94.6,95.299995,95.600006,97.1,102.69972,99.24205
Romania,Europe & Central Asia,High income,SL.IND.EMPL.ZS,29.889357,39.900005,37.11,35.82,32.85,30.96,31.52,30.3,28.77,27.060001,25.79,25.85,29.59,29.14,31.06,30.460001,30.71,31.410002,31.6,30.020002,28.320002,28.560001,28.21,28.29,28.930002,28.46,29.879997,30.12,30.03,30.070002,22.352755
Russian Federation,Europe & Central Asia,Upper middle income,DT.TDS.DPPF.XP.ZS,27.30118,18.809706,9.41246,17.078857,4.3752494,6.33165,6.8173914,6.7368207,9.71118,11.237876,7.474648,11.743829,7.8579273,8.055136,5.7712665,10.944843,9.971142,3.768869,5.6430545,5.764947,6.6130958,3.8853273,2.5849738,3.5319672,8.368519,10.959148,14.029689,5.9278407,11.040251,7.5365233,11.28172
Russian Federation,Europe & Central Asia,Upper middle income,EG.ELC.ACCS.ZS,100.0,100.0,100.0,100.0,100.0,100.0,100.0,100.0,100.0,100.0,100.0,100.0,100.0,100.0,100.0,100.0,100.0,100.0,100.0,100.0,100.0,100.0,100.0,100.0,100.0,95.5,100.0,100.0,100.0,100.0,100.0
Russian Federation,Europe & Central Asia,Upper middle income,GFDD.AI.01,14943.243,20449.695,16972.553,34117.28,25162.24,13453.652,14967.837,11353.521,26717.203,13455.498,12708.942,15661.217,9977.451,13981.857,20154.016,20712.883,20444.023,14040.337,13684.169,15937.571,3857.3208,15783.292,11459.085,15806.495,14558.518,14682.081,22791.547,25222.682,11569.111,29061.777,5344.9116
Russian Federation,Europe & Central Asia,Upper middle income,GFDD.DI.04,80.66328,82.176735,101.808304,61.031914,96.3227,104.9687,76.34814,93.74193,92.653656,81.076485,76.58701,81.66323,83.346375,88.52853,92.22107,95.89277,97.41078,97.47704,98.095184,98.162346,98.44328,98.82348,98.88878,99.06989,99.226006,98.99783,99.39647,99.592705,99.69974,99.501526,99.6022
Russian Federation,Europe & Central Asia,Upper middle income,GFDD.DI.05,52.07377,69.65079,46.21942,61.63176,73.70202,70.93072,58.964928,77.11745,77.90114,53.83391,87.58791,23.90317,26.3949,27.8729,28.9177,31.077639,35.02677,39.86514,36.71282,45.812397,47.83141,47.83345,47.31981,51.0674,54.295326,61.826584,59.44583,48.71487,49.004448,49.14236,57.09182
Russian Federation,Europe & Central Asia,Upper middle income,GFDD.DI.06,8.185238,5.63824,20.26477,4.981051,21.909924,3.6333513,4.7460794,22.224787,9.273824,28.560402,7.066833,5.473198,5.10595,3.375649,2.338043,1.1934049,0.8577872,0.99437433,0.80297375,0.8636698,0.702457,0.55710816,0.5469624,0.5018792,0.4740754,0.6392921,0.3660305,0.24106129,0.1730122,0.292875,0.2785451
Russian Federation,Europe & Central Asia,Upper middle income,GFDD.DI.11,5.5555406,1.6380364,7.4462047,3.3012037,-5.0333333,4.0125866,-0.09816375,5.7252407,10.839871,8.395523,10.243026,14.3033695,-0.76746696,7.1940084,12.26169,2.494917,2.189992,1.9721061,1.7918168,2.0093875,1.7258176,1.5710243,1.5804578,1.6902333,1.8259449,1.8139085,2.0700552,2.3986967,2.5301912,2.6913629,3.174013
Russian Federation,Europe & Central Asia,Upper middle income,GFDD.DM.11,22.197899,26.801884,25.283676,25.236937,21.286928,12.545129,29.520426,15.655622,8.585794,0.40691608,0.4387211,0.3680024,0.6626073,0.9283714,1.229537,2.128406,1.1074641,1.1342759,1.199439,2.71659,1.997566,1.853266,1.948488,2.203365,2.534745,4.789513,5.395446,4.4022813,3.7599869,4.22603,5.731408
Russian Federation,Europe & Central Asia,Upper middle income,GFDD.EI.08,5.9370313,3.9155498,4.387077,5.008141,4.4892735,6.8652463,3.6470635,7.177344,8.45322,9.666196,4.1310387,7.041086,7.079738,6.289486,5.0913134,3.737691,3.472136,3.247678,2.671487,4.005539,4.5469933,5.099145,4.763635,5.435585,5.9524913,7.2161045,7.181446,6.871872,6.160589,5.683804,9.703269
Russian Federation,Europe & Central Asia,Upper middle income,GFDD.OI.02,49.774452,36.855473,30.403492,39.51349,43.48106,52.87025,54.381893,49.339554,47.99929,37.548405,54.66413,17.127361,19.08868,19.56805,20.33102,22.23567,25.19093,29.28518,27.543581,35.738167,37.36572,37.71967,37.81632,41.34742,44.56116,52.330505,49.81369,49.85225,49.916237,50.16679,58.6422
Russian Federation,Europe & Central Asia,Upper middle income,SH.STA.BRTC.ZS,99.200005,99.200005,99.100006,99.100006,99.100006,99.100006,99.100006,99.100006,99.100006,99.100006,99.200005,99.3,99.3,99.4,99.4,99.4,99.5,99.6,99.6,99.7,99.7,98.7,99.7,99.7,99.7,95.763275,102.97582,97.144875,105.36674,96.765434,94.82073
Russian Federation,Europe & Central Asia,Upper middle income,SL.IND.EMPL.ZS,25.129654,39.96,38.900005,38.15,35.99,34.08,32.550003,30.009998,29.13,29.0,29.24,30.18,30.170002,30.23,29.729998,29.26,28.910002,29.19,28.670002,27.5,27.76,27.45,27.81,27.79,27.6,27.280003,27.020002,26.97,26.81,26.79,35.97821
Rwanda,Sub-Saharan Africa,Low income,DT.TDS.DPPF.XP.ZS,10.737201,12.516467,14.55649,14.7612505,6.5094333,19.998085,19.24374,13.535873,15.405298,25.687016,24.673515,11.411492,14.173682,15.179674,12.906649,10.771646,6.661037,4.9526205,1.9941899,1.8871601,2.003097,1.9591225,1.916127,2.9891908,4.1434226,4.0580664,4.379739,3.893602,3.9546516,3.9092512,7.2951436
Rwanda,Sub-Saharan Africa,Low income,EG.ELC.ACCS.ZS,21.833715,22.5674,2.3,21.62917,12.910816,27.937752,21.062088,1.027836,2.1741276,3.3155768,6.2,4.572316,5.932858,7.2881646,8.640585,4.8,11.346226,12.704502,6.0000005,15.44546,9.7,10.8,17.5,15.2,19.8,22.799997,29.37,34.099995,36.96815,40.368607,46.6
Rwanda,Sub-Saharan Africa,Low income,GFDD.AI.01,11895.244,1780.6738,13500.979,4705.087,6328.4004,7122.706,5927.3057,6817.1357,2826.228,12754.998,2359.637,7922.695,7226.66,5420.7754,7.596646,8.933153,10.729439,24.31303,192.62558,221.00758,272.1171,173.25891,212.99097,216.87183,169.7513,148.01761,191.87108,206.56985,266.29233,261.17642,285.49228
Rwanda,Sub-Saharan Africa,Low income,GFDD.DI.04,51.67271,45.86447,42.906902,38.96647,38.38055,48.80831,48.69854,54.40205,57.69154,56.80485,63.19726,64.871544,69.01753,71.17891,77.33371,80.20479,84.19303,87.105705,90.199326,87.376335,88.65165,92.94669,94.302986,95.26789,95.75275,96.59197,97.107765,97.50296,95.641464,96.397766,97.23375
Rwanda,Sub-Saharan Africa,Low income,GFDD.DI.05,14.87096,14.0024395,13.86146,13.581289,22.427559,18.589941,16.14489,15.828799,14.72461,16.2615,16.883429,17.13801,17.94153,16.61954,17.79121,17.57479,15.540089,17.0535,15.702819,14.33784,15.55662,17.334528,17.24325,17.98469,18.94754,20.81047,20.28319,19.70873,21.68008,22.28881,26.20288
Rwanda,Sub-Saharan Africa,Low income,GFDD.DI.06,8.78479,8.667581,10.75988,12.3213,19.89445,10.17748,8.34135,7.5846324,7.2089157,8.447638,6.5948224,6.102474,5.6801343,4.667721,3.731142,3.1396701,2.46036,2.0663621,1.567659,1.750631,1.770657,1.146115,1.029351,0.95226246,0.9258193,0.886989,0.7309434,0.6530336,1.2167519,1.047755,0.97146153
Rwanda,Sub-Saharan Africa,Low income,GFDD.DI.11,1.0017272,5.8565364,3.2796488,1.9294809,3.9569392,9.456298,0.6106362,-0.4718323,8.146748,1.2903364,6.1840115,8.381715,6.88496,3.5338588,5.0926943,4.1937857,11.331782,6.0788956,2.340863,7.5932775,9.841269,3.9949772,2.542687,4.612342,4.837275,5.0292587,5.0649915,5.1962566,5.749217,5.8872786,6.5442233
Rwanda,Sub-Saharan Africa,Low income,GFDD.DM.11,78.405365,79.84648,93.718414,39.732384,27.591099,237.64456,65.15204,121.59679,45.52913,42.093166,69.921585,61.545696,24.547047,76.23284,103.397415,98.305954,63.67417,57.721924,58.28271,101.500656,0.063165806,0.0561841,0.0240996,0.0104541,0.017478399,0.015655799,134.08281,195.47806,0.0448617,0.1145366,0.1843106
Rwanda,Sub-Saharan Africa,Low income,GFDD.EI.08,3.725241,2.614875,2.56228,1.81882,2.95005,1.439071,1.219378,1.000648,1.1933321,1.1573739,0.98559755,0.95933926,1.920364,1.72395,1.891945,1.6589282,1.570154,2.138595,1.225101,1.1493369,2.489743,2.046067,1.498495,3.1419182,3.483035,4.405578,4.25434,5.072228,5.472686,6.721755,9.1218405
Rwanda,Sub-Saharan Africa,Low income,GFDD.OI.02,9.908415,9.807367,9.500747,9.224593,14.62533,13.20014,11.277261,11.99502,10.87397,12.45746,13.041861,13.52259,14.594741,13.45135,14.563041,14.2074,12.64743,14.11015,12.747881,11.90645,13.00011,14.89601,15.00982,15.713229,16.87862,18.47152,18.13945,17.60125,19.5,19.875051,23.63611
Rwanda,Sub-Saharan Africa,Low income,SH.STA.BRTC.ZS,84.941086,90.21085,25.8,93.78579,88.83985,100.08601,84.80537,89.904434,88.444,93.50113,21.9,94.36829,94.03955,92.49106,91.61449,38.600002,89.152626,88.082794,52.1,94.82913,69.0,69.0,95.1289,92.20708,92.16588,90.7,94.265,89.26747,101.67026,103.315094,90.178505
Rwanda,Sub-Saharan Africa,Low income,SL.IND.EMPL.ZS,5.2995844,2.58,2.56,2.54,2.52,2.47,2.47,2.48,2.48,2.5,2.55,2.64,2.77,3.02,3.3,3.63,3.9899998,4.37,4.81,5.26,5.76,6.28,6.87,7.32,7.9100003,8.120001,8.24,8.32,8.47,8.630001,6.9191337
Samoa,East Asia & Pacific,Lower middle income,DT.TDS.DPPF.XP.ZS,10.62164,10.749515,9.863176,8.720746,10.07365,6.5719657,5.764006,5.435741,4.640771,5.7438684,19.623932,14.092633,18.374704,14.591383,5.500909,3.9497807,4.558778,3.7006757,4.1668983,4.695399,5.0327187,5.5537677,5.8208613,5.982687,7.808959,8.764537,8.952653,9.011211,9.928366,8.822813,18.68367
Samoa,East Asia & Pacific,Lower middle income,EG.ELC.ACCS.ZS,101.12768,78.8,81.64017,82.42459,80.0,83.98869,84.767,85.54191,86.312744,87.07873,87.85783,88.58465,89.30388,90.01788,90.729,91.43957,96.37173,92.86899,98.1,97.9,96.36105,96.66857,96.826935,97.416534,97.9,99.067085,99.62329,96.8,99.99448,99.2,100.0
Samoa,East Asia & Pacific,Lower middle income,GFDD.AI.01,7669.98,-1089.2289,-1954.25,5018.3022,6597.829,11381.941,3594.1438,5298.2417,2140.5613,-6529.3325,9487.681,7400.629,7505.9688,4991.0522,403.19852,514.5426,567.84454,568.1481,675.7445,708.91644,713.7328,804.9315,868.5616,983.8443,948.6438,949.2144,951.5598,1020.10583,1113.7059,1164.1761,1344.9968
Samoa,East Asia & Pacific,Lower middle income,GFDD.DI.04,93.9049,97.264915,97.832214,98.061035,99.91503,99.93166,98.8539,98.82195,99.01048,99.22341,99.28952,99.262886,99.25308,99.30418,99.32366,99.76193,99.742096,99.504906,99.56738,99.5623,99.5806,99.59132,99.628586,99.23885,95.00994,95.676895,97.096794,99.5547,99.61392,99.677635,99.729965
Samoa,East Asia & Pacific,Lower middle income,GFDD.DI.05,42.98051,42.22579,38.66863,36.2254,25.105099,30.872938,29.27152,29.946299,29.039692,32.521587,35.26583,33.70776,34.64994,36.59839,35.916237,37.45407,39.62465,28.05912,29.867481,33.53325,36.49523,32.09637,32.82431,34.44296,35.877552,34.20383,35.59744,40.395138,44.08633,45.16102,50.068882
Samoa,East Asia & Pacific,Lower middle income,GFDD.DI.06,1.456325,0.6442629,0.5179929,0.494355,0.0124892,0.0125858,0.22294469,0.2393994,0.2251766,0.2205163,0.2189443,0.2366841,0.2391484,0.22544241,0.2162595,0.085895,0.1115559,0.18704541,0.1765101,0.19410539,0.1826588,0.18543309,0.1707866,0.34519088,2.445354,2.023277,1.448861,0.22196381,0.19711,0.16659239,0.1554942
Samoa,East Asia & Pacific,Lower middle income,GFDD.DI.11,25.801151,13.00982,13.0668,5.8017197,11.880478,21.155758,12.439627,20.320904,22.666044,12.763519,11.677492,8.658184,6.1857424,11.23213,11.21387,6.8217235,13.102957,8.235599,13.049942,19.572456,15.459152,17.332792,16.910273,14.387038,12.147285,8.375975,7.223385,15.744998,18.870365,19.985195,15.758429
Samoa,East Asia & Pacific,Lower middle income,GFDD.DM.11,58.760296,51.199574,44.43372,18.36863,48.834126,52.6876,37.8464,18.282059,46.200356,22.121967,34.2389,45.75563,35.66936,36.729023,29.63952,32.12221,49.4314,27.070875,37.9396,48.31342,61.733604,39.60331,49.2892,53.32549,40.493313,34.678963,46.58267,46.66252,44.40363,28.934917,46.213505
Samoa,East Asia & Pacific,Lower middle income,GFDD.EI.08,1.552225,1.407827,1.156542,0.8427625,1.752457,0.8584011,0.7661431,0.46397653,0.4245444,3.003719,2.478935,2.898285,0.637729,2.2326381,1.189427,2.026657,2.990417,3.941304,4.8632317,5.416398,5.402944,5.440698,4.5310793,4.004496,3.086423,3.0343251,1.699013,1.2944591,1.336556,0.51448894,1.005359
Samoa,East Asia & Pacific,Lower middle income,GFDD.OI.02,37.19653,34.78688,32.872627,31.395927,21.63488,26.98932,25.90971,25.61574,25.69305,28.725842,31.75421,30.423769,31.321287,33.21392,32.574516,33.701008,35.85838,32.11004,33.294846,38.71093,40.83054,36.86506,36.861668,38.73689,41.8046,40.27232,41.25375,47.6862,50.22976,50.55165,57.58814
Samoa,East Asia & Pacific,Lower middle income,SH.STA.BRTC.ZS,75.99999,100.92923,107.841995,96.94169,100.79476,93.965645,100.31188,89.868286,100.0,106.25998,80.0,97.273575,102.26771,94.96226,100.0,97.53817,96.2971,97.77177,106.72148,80.799995,108.12221,96.10475,97.90866,99.99969,82.5,96.09666,94.516525,99.941956,100.863594,95.50406,93.532166
Samoa,East Asia & Pacific,Lower middle income,SL.IND.EMPL.ZS,24.894604,17.77,17.97,18.14,17.89,18.190002,18.42,18.36,18.81,19.0,19.47,20.01,20.450003,21.09,21.780003,22.300001,22.85,23.210001,23.42,22.86,23.44,23.92,23.780003,23.83,24.01,24.63,24.690002,24.540003,24.61,24.89,23.993431
San Marino,Europe & Central Asia,High income,DT.TDS.DPPF.XP.ZS,15.71038,27.183077,11.792127,15.357682,11.948509,18.337383,12.183595,16.754333,35.776085,17.49505,18.813469,17.077578,11.064806,25.323748,24.567013,13.977966,9.203953,10.458002,17.888916,15.949145,19.186163,19.811039,15.002446,11.517561,8.239092,11.177717,13.8624735,10.949826,5.7627573,28.37643,10.263348
San Marino,Europe & Central Asia,High income,EG.ELC.ACCS.ZS,100.0,100.0,100.0,100.0,100.0,100.0,100.0,100.0,100.0,100.0,100.0,100.0,100.0,100.0,100.0,100.0,100.0,100.0,100.0,100.0,100.0,100.0,100.0,100.0,100.0,100.0,100.0,100.0,100.0,100.0,100.0
San Marino,Europe & Central Asia,High income,GFDD.AI.01,7073.4053,-1593.3395,3349.514,8643.136,8558.989,7833.105,6707.0786,15982.252,4798.798,10325.802,7023.773,9395.375,8422.314,8387.851,8497.294,4154.33,7670.014,10517.971,9574.444,7916.1245,377.76672,383.68594,11961.894,-740.12744,399.66348,391.08804,397.5851,402.59027,402.09143,403.2058,382.14664
San Marino,Europe & Central Asia,High income,GFDD.DI.04,84.1972,100.52577,84.93033,76.01721,90.82265,87.85773,90.0604,76.62701,87.09676,99.85757,91.10542,97.85625,97.92249,98.13248,98.597496,98.809525,99.34743,98.97017,99.21447,99.207184,99.25007,99.30721,97.77914,96.43294,96.80806,96.75978,96.9407,95.25732,93.50526,94.290344,95.64544
San Marino,Europe & Central Asia,High income,GFDD.DI.05,96.883514,136.72725,83.76152,80.58224,111.69138,114.12449,108.650826,116.80941,87.34115,104.71454,105.75712,89.22595,165.9279,150.0348,156.3058,152.1643,137.1521,123.927795,113.236,118.0979,110.444405,99.76855,105.097404,109.575005,117.590706,111.776505,110.56341,106.538605,104.12851,107.1196,122.630806
San Marino,Europe & Central Asia,High income,GFDD.DI.06,7.047505,2.9013567,22.489557,6.2762113,6.3833003,10.5986805,6.16185,7.7302966,1.5780555,12.296398,4.49359,1.295933,1.3706369,1.2337509,1.224177,1.075562,0.83422965,1.180148,0.9831558,1.042758,0.9539044,0.88184094,2.899672,4.773095,4.476777,4.395978,3.826891,5.9611773,7.565427,6.4755745,6.4819636
San Marino,Europe & Central Asia,High income,GFDD.DI.11,15.472323,1.8862205,6.1726804,7.134711,9.722973,10.605635,10.469517,14.726897,15.689423,18.373991,14.268147,9.911995,34.59585,13.779774,23.499939,12.050947,14.646399,20.83231,10.714158,16.044155,16.400833,12.407012,14.140889,11.16615,7.9187217,14.149136,10.785562,25.513937,16.82191,24.64874,14.094218
San Marino,Europe & Central Asia,High income,GFDD.DM.11,112.55668,101.50737,45.86148,153.97739,123.603874,75.141045,120.218796,163.27206,141.00887,67.43483,68.30833,126.86837,102.854324,73.39652,74.10419,137.41565,69.80333,102.38061,101.99731,113.05382,103.56959,168.90115,122.31736,94.90922,128.53761,160.29607,50.10824,94.77938,186.62305,105.68077,141.2467
San Marino,Europe & Central Asia,High income,GFDD.EI.08,9.763002,7.9583483,7.181443,16.441607,8.568036,3.7509003,11.596303,14.329506,11.691223,14.500696,8.467396,9.358495,6.0244603,11.2567425,14.181961,13.364807,12.963444,9.707794,9.349623,9.997093,15.097639,6.012103,25.232552,11.38159,14.601761,13.167509,30.472036,18.27643,42.923813,13.705786,12.786742
San Marino,Europe & Central Asia,High income,GFDD.OI.02,129.14897,122.49814,107.22073,101.318146,121.990585,102.634254,112.889755,115.621284,95.58236,125.0175,108.202156,86.948616,162.6472,146.2438,152.2239,147.7575,132.9018,117.16311,110.490395,114.55509,104.379395,96.13476,101.2741,104.9245,113.9441,110.2838,109.094,104.1676,101.8186,104.820595,120.0022
San Marino,Europe & Central Asia,High income,SH.STA.BRTC.ZS,86.03305,96.24464,91.35515,85.67833,89.650536,101.41619,95.81162,87.549805,96.37986,66.72961,91.31985,85.73854,92.34546,92.00433,92.183395,90.92079,85.65501,91.97961,94.79391,85.21138,87.56589,93.73987,85.64935,87.49626,84.0419,80.21121,88.35584,94.468605,90.111755,93.41533,88.803314
San Marino,Europe & Central Asia,High income,SL.IND.EMPL.ZS,16.657679,11.96704,15.6973715,13.720806,12.685397,16.938114,13.573048,15.062583,17.748007,15.419714,13.47734,13.738361,15.474206,14.277133,13.324046,12.865432,16.579502,13.0088825,10.280266,15.8774,15.617361,15.250877,16.210081,13.695955,17.00085,12.720327,16.529785,15.736631,16.295937,14.409365,14.489232
Saudi Arabia,Middle East & North Africa,High income,DT.TDS.DPPF.XP.ZS,7.830598,24.865776,8.118499,12.653622,18.973639,9.784525,7.0253553,9.805066,18.046612,8.128057,9.024246,8.164061,10.95321,10.483168,13.107654,6.4246383,7.9637218,6.7352166,6.146076,8.308719,8.976521,8.986199,6.947589,7.243669,5.079968,4.6237907,8.377195,4.2442417,9.060107,5.0350375,12.556814
Saudi Arabia,Middle East & North Africa,High income,EG.ELC.ACCS.ZS,100.0,100.0,100.0,100.0,100.0,100.0,100.0,100.0,100.0,100.0,100.0,100.0,100.0,100.0,100.0,100.0,100.0,100.0,100.0,100.0,100.0,100.0,100.0,100.0,100.0,100.0,99.90001,99.93001,100.0,100.0,100.0
Saudi Arabia,Middle East & North Africa,High income,GFDD.AI.01,123996.94,132865.22,108437.5,132182.28,123129.84,151922.06,92779.1,134009.66,152006.58,114214.77,121943.555,172313.84,117194.516,104273.61,69665.305,82359.26,98451.164,106486.14,122252.53,134632.67,133325.55,137190.72,137123.1,148394.22,166031.75,191738.53,206418.4,218936.89,223994.6,238656.64,254461.62
Saudi Arabia,Middle East & North Africa,High income,GFDD.DI.04,44.99523,63.886543,68.4115,71.78387,34.32648,44.043385,89.967255,62.367424,70.35682,48.81945,72.232056,75.757774,86.82427,59.328716,61.98192,70.19281,70.35381,65.37076,75.47099,76.58767,72.42343,76.99532,77.72478,81.39151,43.095264,82.33029,72.369965,55.248486,85.08386,82.079704,70.6198
Saudi Arabia,Middle East & North Africa,High income,GFDD.DI.05,42.6005,43.414448,42.73442,45.548,46.14207,44.97321,43.57945,43.83319,51.29467,49.73694,44.33705,47.95316,53.64811,51.13739,50.01013,44.64612,46.87479,50.99305,48.103672,64.5707,55.16817,49.1691,52.23903,55.79282,61.589184,73.26687,74.73404,70.10224,50.028603,82.95991,78.53818
Saudi Arabia,Middle East & North Africa,High income,GFDD.DI.06,5.970965,2.710047,25.630568,6.6963253,3.2653885,8.940656,7.683801,9.010873,9.472883,16.615263,2.6865458,9.243192,12.776372,8.736113,6.852664,8.289319,7.2142754,4.317093,7.6748657,2.6013913,7.039642,5.7787066,5.3005223,6.992689,10.901276,3.9314256,8.783729,8.709688,8.6553135,12.9962635,16.708134
Saudi Arabia,Middle East & North Africa,High income,GFDD.DI.11,-0.3564293,6.708106,10.590187,-2.8634646,5.421295,7.2821593,-4.2238607,5.0180726,5.23511,8.278695,7.9018297,6.9163704,12.786266,3.245313,4.016412,3.8390634,5.866619,5.7732863,-1.3980734,1.5190151,1.4704357,1.251254,1.2584866,1.5063376,1.6680076,2.2061448,2.3775942,2.2888331,1.985107,2.1497436,2.5764241
Saudi Arabia,Middle East & North Africa,High income,GFDD.DM.11,22.55126,61.091362,10.737652,40.366352,27.836853,39.17934,9.522179,19.633434,23.411535,25.769373,18.141867,30.816847,4.559787,25.146421,17.025738,28.917398,27.962395,12.57862,9.310521,14.61884,12.79643,11.42564,10.238669,10.610141,11.6301,14.34301,13.917789,9.210861,9.312256,9.515157,9.114983
Saudi Arabia,Middle East & North Africa,High income,GFDD.EI.08,3.025637,6.402954,12.191529,13.266549,15.202539,14.29432,13.795099,16.74402,20.52392,19.229149,17.548239,19.49991,19.04164,21.81776,18.11778,12.95759,11.2092495,11.650629,12.414369,11.330679,10.82063,8.32825,7.861164,9.65809,11.417939,10.637409,10.84511,12.07113,15.717547,19.814974,41.025387
Saudi Arabia,Middle East & North Africa,High income,GFDD.OI.02,12.977261,15.22363,15.52145,15.84196,15.94712,15.185921,15.15959,15.360101,17.33049,16.77927,16.138182,18.891682,21.1307,20.73179,21.00489,17.89806,17.259699,20.00981,17.59732,26.93895,26.77703,25.485489,27.332449,30.63141,34.89481,39.81891,40.35257,38.74525,33.87773,34.41863,42.980644
Saudi Arabia,Middle East & North Africa,High income,SH.STA.BRTC.ZS,88.0,81.35376,95.77742,64.687836,76.50735,91.399994,91.399994,95.31308,97.35464,98.22606,91.0,101.45977,101.7705,101.30336,96.0,96.0,96.0,97.0,97.0,97.0,97.0,90.44148,100.791115,97.99999,100.00088,97.79443,93.58195,99.7,99.4,96.510956,91.61081
Saudi Arabia,Middle East & North Africa,High income,SL.IND.EMPL.ZS,22.985762,25.57,25.930002,25.47,24.89,24.07,23.26,22.300001,21.62,20.97,19.86,21.02,20.95,20.92,20.79,20.49,20.24,20.84,19.77,20.430002,21.29,22.280003,22.98,23.76,23.03,22.73,24.49,24.73,24.79,24.800001,23.307833
Senegal,Sub-Saharan Africa,Lower middle income,DT.TDS.DPPF.XP.ZS,18.280947,20.052826,12.542279,8.694908,16.328295,16.465227,19.394688,17.49983,19.81212,14.248696,14.741821,12.597271,12.714749,11.505878,13.4645195,6.3625855,6.1847844,3.502468,3.2588027,4.21238,4.3677835,6.1678624,5.5436463,5.7387447,6.5604777,6.343814,7.400519,10.571565,12.073697,16.4985,12.36084
Senegal,Sub-Saharan Africa,Lower middle income,EG.ELC.ACCS.ZS,59.663918,61.081295,63.643078,25.999998,27.190487,28.857191,30.521177,32.2,33.83827,36.199997,37.74,38.757618,36.8,41.964134,36.8,47.1,49.9,48.36181,49.972652,53.499996,56.500004,56.500004,56.500004,57.0,61.0,60.499996,64.5,61.7,66.0,70.4,70.36894
Senegal,Sub-Saharan Africa,Lower middle income,GFDD.AI.01,5801.7803,-2323.659,-5629.49,2737.021,8433.187,8923.354,3412.9822,1511.1837,-6315.017,6876.334,1858.9685,2830.978,10338.148,5865.7646,84.131996,79.68901,87.08709,92.50354,107.948814,95.42186,104.28641,135.4533,134.9063,153.23639,168.35704,165.31044,188.11809,192.99704,201.33788,223.99153,225.50107
Senegal,Sub-Saharan Africa,Lower middle income,GFDD.DI.04,72.19933,72.157776,72.909676,74.0922,60.559757,60.586613,69.80204,64.68423,65.37388,68.02387,73.55128,72.40303,72.31692,77.23887,80.823715,85.42999,92.003006,93.50343,93.448616,88.57674,88.8855,90.452995,92.050804,93.351204,94.58133,95.870026,97.4855,98.54406,99.36458,99.84097,95.81676
Senegal,Sub-Saharan Africa,Lower middle income,GFDD.DI.05,17.65899,18.156101,18.71787,16.129839,16.696999,15.877179,16.6881,16.47359,16.41995,17.57132,18.482769,18.98251,19.963829,25.09833,27.15864,26.91055,28.61376,29.412819,26.689,29.42568,31.84651,32.308792,32.12257,33.46251,35.628498,37.54851,37.34264,37.75349,40.92492,41.647408,45.04223
Senegal,Sub-Saharan Africa,Lower middle income,GFDD.DI.06,8.146895,8.084202,7.954996,7.591531,9.500087,8.59362,6.846302,8.328989,7.721662,6.877155,6.0085087,6.314238,6.0083447,5.155537,4.3067417,3.546071,1.90218,1.603947,1.6033051,3.116391,3.175784,2.9587898,2.533813,2.206263,1.861237,1.426725,0.9641232,0.5766647,0.25334668,0.065857,1.9118371
Senegal,Sub-Saharan Africa,Lower middle income,GFDD.DI.11,3.8503342,3.1096778,-1.6334118,1.2128494,-1.112393,3.436383,0.06697837,4.784114,8.869347,10.557371,5.501784,-5.8399568,1.8772656,1.8422353,1.8644632,1.8136845,1.7743152,1.6508609,1.743357,2.007386,2.0807214,2.070791,3.0375707,3.1115837,3.017272,2.920737,3.1564927,3.3670502,3.3190162,7.6797442,6.1598067
Senegal,Sub-Saharan Africa,Lower middle income,GFDD.DM.11,16.927143,26.867796,21.870205,7.8666487,15.29057,10.327313,21.740803,33.808765,14.214128,1.221047,1.276857,1.243447,1.7482549,2.227045,3.057752,2.226522,2.6485312,2.435935,1.64922,2.3422992,2.9661362,2.0639348,1.9621199,2.335249,3.461932,4.3376718,6.934763,7.391662,7.7187724,9.523467,8.754576
Senegal,Sub-Saharan Africa,Lower middle income,GFDD.EI.08,0.7861317,1.6323941,1.13548,1.40707,2.122972,1.9952081,3.657367,3.175594,3.2590632,2.7591798,2.22021,2.671946,1.4710971,1.9179281,1.932212,2.175713,3.1986291,3.4546402,3.0481262,3.8189,4.481312,4.4719357,4.772065,4.737117,5.882043,7.1045,9.62501,9.408301,10.051519,11.603189,14.328739
Senegal,Sub-Saharan Africa,Lower middle income,GFDD.OI.02,12.50599,13.22441,13.332251,11.513241,11.33092,10.91781,12.36472,12.30778,12.172871,13.03984,14.35381,14.24837,15.892601,18.26589,20.43123,20.08323,20.91139,21.845541,20.17979,22.704832,24.71463,25.17761,25.51473,26.72422,28.522131,29.631638,29.107979,29.285168,31.649519,32.103996,34.252117
Senegal,Sub-Saharan Africa,Lower middle income,SH.STA.BRTC.ZS,84.67804,82.4839,61.187775,47.2,89.26098,88.910576,77.346855,46.6,81.97101,48.3,57.8,79.75649,58.0,89.70617,58.0,51.9,78.00562,89.14692,88.116615,96.43004,84.33164,65.1,86.849525,50.5,59.1,53.2,58.6,68.399994,74.2,74.5,82.11788
Senegal,Sub-Saharan Africa,Lower middle income,SL.IND.EMPL.ZS,20.743835,13.11,13.020001,12.94,12.890001,12.770001,12.67,12.58,12.500001,12.43,12.33,12.380001,12.45,12.46,12.55,12.58,12.620001,12.67,12.7,12.72,12.750001,12.82,12.84,12.890001,12.95,12.990001,13.010001,13.030001,13.07,13.120001,14.844617
Serbia,Europe & Central Asia,Upper middle income,DT.TDS.DPPF.XP.ZS,33.457306,19.054647,28.616432,30.616507,22.837337,21.864567,21.458502,27.695438,31.504469,38.476734,19.915846,12.393708,18.441511,14.164433,18.897198,14.479459,23.633635,5.0781317,3.5827627,4.315057,5.276766,5.1111407,8.62092,13.707999,11.521458,8.706312,8.202152,12.318616,11.895945,12.176587,10.331043
Serbia,Europe & Central Asia,Upper middle income,EG.ELC.ACCS.ZS,100.0,100.0,100.0,100.0,100.0,100.0,100.0,100.0,100.0,100.0,100.0,100.0,100.0,100.0,100.0,99.69073,100.0,100.0,100.0,100.0,99.7184,100.0,100.0,99.92,99.6608,99.90001,100.0,100.0,100.0,99.8,100.0
Serbia,Europe & Central Asia,Upper middle income,GFDD.AI.01,13887.099,26037.277,19414.441,19334.098,18632.832,20725.682,21205.355,16582.785,14055.03,26083.47,18194.18,21476.723,18648.648,17618.297,27982.91,9331.938,16203.377,14996.864,16121.431,19044.371,12907.535,10595.847,14039.074,9158.34,30719.18,13815.263,15058.021,15116.545,19441.023,20484.654,21278.922
Serbia,Europe & Central Asia,Upper middle income,GFDD.DI.04,94.217094,79.17136,79.81771,98.304535,94.88921,93.33064,91.61073,95.85452,93.11398,92.61909,96.735054,91.39213,88.541756,91.67509,93.955185,96.87356,97.17265,98.52424,98.85652,99.02144,99.739876,99.80655,99.82471,99.84754,99.848595,99.85997,99.80112,99.803024,99.786934,99.94231,96.59109
Serbia,Europe & Central Asia,Upper middle income,GFDD.DI.05,76.64147,68.314804,66.13527,59.918858,56.252388,74.85131,90.78821,9.829586,10.16605,11.03091,14.97701,14.446779,17.358688,18.90288,21.15561,24.846039,29.09034,35.818188,34.12596,39.49917,41.86268,41.53732,43.09119,41.65971,44.836376,46.33976,48.51939,47.79622,51.36775,51.03222,60.607353
Serbia,Europe & Central Asia,Upper middle income,GFDD.DI.06,4.9717603,9.198577,8.806611,23.941833,14.2342005,12.9988575,28.18518,0.92354107,1.768121,2.569206,1.862916,2.841665,2.076349,1.6869681,1.4989251,0.9302813,0.8162611,0.495209,0.443021,0.4509197,0.1452787,0.1041008,0.101397395,0.0798433,0.0858949,0.0809683,0.1160221,0.1105126,0.121005096,0.0331226,2.2097862
Serbia,Europe & Central Asia,Upper middle income,GFDD.DI.11,7.8276076,1.6345099,6.443982,10.348691,10.666466,5.2370396,15.906756,8.121552,9.876089,12.699181,15.854246,16.085125,3.0111816,2.83473,2.0180779,2.5123816,2.5721738,2.7977066,2.9156475,3.250183,3.6024325,3.4798098,3.6876075,3.5863338,4.035526,4.444938,4.761282,4.894252,5.499778,5.5276318,5.710426
Serbia,Europe & Central Asia,Upper middle income,GFDD.DM.11,-16.809105,37.828827,40.922028,25.5992,39.98926,26.342375,39.1636,25.130558,38.039875,39.82938,30.840714,32.994625,30.388672,23.874529,32.555367,36.567802,31.422897,25.776588,0.0243565,0.0267785,0.1632441,0.0196313,0.100288294,0.0928818,0.27085918,0.4713951,0.65213275,0.4212069,0.3333227,0.29622048,0.49482143
Serbia,Europe & Central Asia,Upper middle income,GFDD.EI.08,3.6949606,16.846998,8.698077,4.5125303,8.009404,8.773504,8.486815,0.62974644,1.021114,6.069413,11.747129,0.46204183,0.81447005,1.837994,2.5429091,2.435158,1.849856,1.3164481,1.512032,5.559183,8.6228075,8.910793,11.241389,11.36424,15.87609,17.12644,17.35627,15.73177,15.286,15.40453,17.153
Serbia,Europe & Central Asia,Upper middle income,GFDD.OI.02,35.319542,43.247406,42.36129,49.0457,47.653023,24.476654,23.452486,6.72301,7.5781727,8.064537,12.45974,11.533401,13.39347,15.428341,17.800251,21.5544,25.47306,32.344357,30.518559,35.9399,38.61277,37.946938,39.72554,37.92784,40.60579,41.68076,44.06151,43.31158,46.8532,47.547417,55.03342
Serbia,Europe & Central Asia,Upper middle income,SH.STA.BRTC.ZS,91.27831,93.82756,111.661316,99.57297,77.40789,98.7,98.799995,101.17469,99.64969,96.571815,97.99999,98.200005,99.200005,98.5,98.7,99.7,88.9,99.8,99.7,99.8,99.7,99.00001,99.00001,99.9,98.4,99.00661,103.15861,92.81403,99.813515,96.73342,102.42878
Serbia,Europe & Central Asia,Upper middle income,SL.IND.EMPL.ZS,28.350754,27.86,27.2,26.49,26.37,26.94,27.0,27.01,26.94,26.08,26.48,26.63,26.800001,26.910002,26.95,27.58,29.300001,29.46,26.22,25.33,25.6,26.800001,26.46,25.86,24.66,24.46,24.430002,25.300001,26.9,27.430002,22.53195
Seychelles,Sub-Saharan Africa,High income,DT.TDS.DPPF.XP.ZS,20.903229,17.386337,10.411792,23.032698,16.4338,10.646883,13.169725,8.57769,5.026619,7.4006824,15.552474,25.772638,12.204207,8.185374,11.291249,7.2019744,4.744492,14.520716,4.7977242,4.9191747,18.206257,15.196588,13.98171,8.259728,27.384964,17.062838,5.4996552,4.6065207,13.146883,9.317584,9.146071
Seychelles,Sub-Saharan Africa,High income,EG.ELC.ACCS.ZS,104.558044,88.15674,94.926575,98.24699,90.0,92.17365,92.55249,92.0,93.29929,93.66581,94.08934,94.401764,96.1,95.006195,95.30291,95.59909,99.0,96.199715,96.50952,96.82926,97.0,98.147964,98.391365,98.0,100.0,100.0,100.0,100.0,100.0,100.0,100.0
Seychelles,Sub-Saharan Africa,High income,GFDD.AI.01,2025.5747,5618.4863,1326.2301,5906.0366,2548.4856,9435.849,-3065.263,6216.0986,1124.2444,2977.957,3361.6228,5090.082,-6890.672,3849.9192,277.04288,497.05655,524.6303,573.0645,598.35864,672.9824,702.26,737.0901,1028.2037,1704.0791,1675.4889,1742.1976,1765.0625,1824.1752,1848.5897,2424.755,3392.4275
Seychelles,Sub-Saharan Africa,High income,GFDD.DI.04,88.27065,89.20786,79.57871,79.4334,69.13206,64.699684,63.05982,62.523903,82.016754,82.75903,82.98197,82.89916,75.35349,81.100586,73.80394,74.67652,78.6195,78.84762,82.49793,81.25329,81.3789,80.95337,82.91011,84.60164,86.51973,87.57244,88.77907,89.68568,89.739365,91.02574,92.62653
Seychelles,Sub-Saharan Africa,High income,GFDD.DI.05,39.8424,44.217167,45.15984,50.52931,59.947132,69.681404,77.09699,79.15825,81.03783,92.59869,91.79762,99.6265,104.84131,110.777405,104.2507,96.76917,89.83811,66.96642,64.8982,55.501,62.153793,60.240196,51.11797,58.321857,69.078,66.371574,71.87215,76.17108,79.454704,87.67939,125.6689
Seychelles,Sub-Saharan Africa,High income,GFDD.DI.06,5.358414,5.60101,10.86898,12.29642,21.52094,27.409092,31.61847,32.749187,17.964281,19.23442,19.89197,21.303621,33.90147,26.62506,30.420929,26.611519,19.80499,16.44504,12.44887,8.653888,10.12433,9.398467,8.162083,7.399643,6.922442,6.4615746,6.240733,5.681527,5.501638,5.3399997,5.919049
Seychelles,Sub-Saharan Africa,High income,GFDD.DI.11,15.282386,25.47326,12.894165,10.603358,19.226181,31.065973,13.36727,17.352198,23.344355,21.19502,21.352896,18.095963,17.582243,12.639192,9.5683775,17.959515,17.67564,9.832197,41.568783,14.851439,19.250097,11.498448,20.275743,10.365917,13.8507395,13.795176,19.713453,22.25072,14.916639,26.854305,21.399675
Seychelles,Sub-Saharan Africa,High income,GFDD.DM.11,72.208595,9.8359375,4.4388957,27.322235,42.37239,29.889194,52.728127,45.768772,12.461307,38.489777,35.185543,19.367794,18.746677,71.70863,45.076153,60.298122,42.522865,26.68251,82.24809,39.480335,48.418297,31.973684,22.14957,12.5235,10.97186,6.8178163,2.762147,2.4359388,0.2513289,0.3115872,4.800646
Seychelles,Sub-Saharan Africa,High income,GFDD.EI.08,33.05882,38.38695,34.84603,39.982082,38.93226,38.86699,41.387573,40.948864,67.55706,36.916367,26.34393,36.96853,24.739954,19.90203,60.469845,53.68513,50.05745,36.502,28.69294,17.43289,19.799149,16.66461,18.14757,19.349798,19.27066,20.2124,22.387808,20.53541,16.39477,16.34844,24.151508
Seychelles,Sub-Saharan Africa,High income,GFDD.OI.02,34.56533,38.540398,39.75687,45.08958,54.25376,63.584713,70.513275,72.342415,74.5666,85.12605,84.24956,88.44646,94.262955,100.071,85.072754,80.46818,75.99327,59.750477,60.139957,51.163136,57.19847,55.29537,46.76862,53.59742,63.974777,61.28966,66.4664,70.818474,74.02756,82.143936,118.3747
Seychelles,Sub-Saharan Africa,High income,SH.STA.BRTC.ZS,97.99999,99.21179,98.01082,97.05276,98.13973,99.00001,95.36623,103.43201,99.804695,108.43651,99.00001,107.52741,81.813995,104.28577,97.66583,99.00001,99.00001,100.0,100.0,99.00001,99.00001,99.00001,99.00001,99.85946,96.91944,98.982666,98.12682,98.7831,108.02752,104.02917,96.8954
Seychelles,Sub-Saharan Africa,High income,SL.IND.EMPL.ZS,18.976969,15.655997,14.300491,11.177899,15.111316,11.238698,12.779616,14.59499,11.508636,14.87367,14.167846,15.46563,15.577637,14.102469,14.504435,18.183392,15.289505,11.791258,15.802547,16.212141,13.079112,15.451104,20.593391,16.89843,11.892464,14.781069,13.775597,17.444769,16.771189,14.971831,17.64993
Sierra Leone,Sub-Saharan Africa,Low income,DT.TDS.DPPF.XP.ZS,10.117499,6.8346634,16.975458,17.48083,73.033,63.187088,58.40303,30.70712,43.897526,86.30249,75.65657,112.30264,13.051041,10.224704,10.042371,6.7207837,7.8360963,2.816758,1.6491897,2.0405433,2.6816745,3.3521764,1.6509451,1.3713399,2.306702,6.503143,4.5169735,7.077036,7.308009,8.087786,28.01883
Sierra Leone,Sub-Saharan Africa,Low income,EG.ELC.ACCS.ZS,17.220919,18.111952,17.484072,18.794592,21.390114,14.49033,17.875122,18.725235,13.441071,28.284468,7.788143,8.550771,9.305815,10.055623,16.8,11.332485,12.297188,13.049968,12.1,14.579927,11.462173,14.2,16.97651,13.499999,18.66603,19.534536,20.299997,23.4,26.1,22.699999,26.200884
Sierra Leone,Sub-Saharan Africa,Low income,GFDD.AI.01,8391.522,6089.9844,6213.5283,17656.986,5625.1846,-6363.3203,2698.7146,9873.546,10594.366,3336.5698,5425.878,8014.0234,586.5576,7988.4795,5284.2446,2372.9836,56.124367,58.40514,84.10724,100.296234,167.94182,137.03853,156.76604,5131.139,1031.805,4727.541,6465.929,5596.8477,5173.0117,5390.8003,4608.0317
Sierra Leone,Sub-Saharan Africa,Low income,GFDD.DI.04,12.41129,21.82686,30.313068,47.96321,5.42843,6.842413,8.597469,6.907871,12.495399,15.51134,13.546471,17.06287,21.53925,23.984001,31.445621,37.878872,40.8712,73.66057,82.60672,75.203995,70.21556,80.74195,92.14915,80.91025,74.38074,73.99287,66.31054,63.51291,63.50837,68.2808,67.87735
Sierra Leone,Sub-Saharan Africa,Low income,GFDD.DI.05,18.11019,13.62957,12.3187895,11.6902,10.37288,10.09474,9.925911,15.17492,13.402009,16.076698,16.357439,13.429679,14.32407,14.11188,14.095009,15.18432,15.75183,16.74088,17.68701,20.281288,21.80789,21.25196,20.27629,17.520569,20.39776,23.963839,25.090769,23.62231,22.947481,22.885868,28.40626
Sierra Leone,Sub-Saharan Africa,Low income,GFDD.DI.06,32.550407,15.355061,8.869769,5.8340406,86.54462,62.23447,48.07014,56.76648,45.37383,43.52782,47.690037,30.119629,25.13748,21.126348,16.05574,12.519731,11.03977,2.79261,2.319149,3.967125,5.505004,2.9729621,1.0259401,2.691168,4.489118,5.361541,7.723773,8.928281,9.175487,7.930631,9.290014
Sierra Leone,Sub-Saharan Africa,Low income,GFDD.DI.11,5.9297347,4.2605696,4.1223187,11.376676,9.869682,7.35887,3.129872,6.4669757,6.1212564,5.7147007,8.170764,6.1448264,1.7533941,8.242852,11.479907,7.737025,9.066028,7.7436833,9.536165,3.9972076,9.734012,13.04818,9.763415,10.622608,9.702677,7.4675684,12.288798,16.204641,9.272447,11.641704,11.48087
Sierra Leone,Sub-Saharan Africa,Low income,GFDD.DM.11,16.15618,26.222307,31.80722,28.890915,12.908115,13.269656,28.743486,39.269478,19.285595,54.852715,33.474735,0.0222658,0.0703853,31.387484,27.734493,22.937988,37.354813,28.49579,34.150524,44.209343,1.055727,1.3563191,0.6198572,0.54091865,0.2800318,0.7849686,0.86544967,0.9767304,37.709496,17.553001,35.14209
Sierra Leone,Sub-Saharan Africa,Low income,GFDD.EI.08,1.0071,0.5558641,0.5741264,1.353065,1.28106,1.332113,1.462106,0.8742058,2.6869738,4.10105,3.72805,4.673376,4.978186,3.8557432,3.955959,4.403408,4.292051,4.306584,5.7220387,5.1649547,5.2556458,4.8866153,5.5480123,6.691547,8.189969,10.038,9.764407,10.60648,10.43991,10.86378,14.922899
Sierra Leone,Sub-Saharan Africa,Low income,GFDD.OI.02,9.539112,6.79103,6.905836,6.579013,5.92014,5.4657936,5.496706,7.4440045,7.30222,8.817207,9.104687,7.6421394,8.196959,7.8730483,8.473548,9.904054,10.42659,11.49651,12.7317,14.864479,15.995531,15.90266,15.358211,13.839311,16.00868,18.53644,19.89653,18.07655,17.61351,17.40051,21.589811
Sierra Leone,Sub-Saharan Africa,Low income,SH.STA.BRTC.ZS,94.91108,97.6486,103.33823,94.902985,95.8355,95.26928,94.7846,95.429855,90.28468,95.27609,37.100002,92.562515,94.179924,96.87726,93.28228,40.0,91.44531,98.030754,42.4,90.79467,60.8,98.356674,95.19958,59.699997,91.89624,81.823,101.18348,81.6,101.93909,86.899994,95.15824
Sierra Leone,Sub-Saharan Africa,Low income,SL.IND.EMPL.ZS,6.360647,6.38,6.26,6.23,6.17,6.07,6.05,5.96,5.95,5.91,6.0,5.9,6.2,6.37,6.51,6.22,5.98,5.83,5.69,5.58,5.55,5.58,5.69,5.86,6.07,6.2,6.39,6.55,6.67,6.76,7.837713
Singapore,East Asia & Pacific,High income,DT.TDS.DPPF.XP.ZS,15.235975,30.466368,13.774457,22.44345,31.150305,22.952295,28.270838,34.94399,2.0417092,31.858768,35.122566,6.222675,34.70936,25.018827,34.077675,35.396404,28.096277,43.27986,24.764782,10.552556,18.801651,17.04516,21.999605,17.399277,5.022999,13.08185,18.377771,9.119034,36.789192,25.220543,30.382423
Singapore,East Asia & Pacific,High income,EG.ELC.ACCS.ZS,100.0,100.0,100.0,100.0,100.0,100.0,100.0,100.0,100.0,100.0,100.0,100.0,100.0,100.0,100.0,100.0,100.0,100.0,100.0,100.0,100.0,100.0,100.0,100.0,100.0,100.0,100.0,100.0,100.0,100.0,100.0
Singapore,East Asia & Pacific,High income,GFDD.AI.01,8523.396,-503.9399,18158.646,8008.777,4036.338,9844.286,12598.3955,3537.023,5936.503,1734.2119,10822.775,15501.767,8567.546,3519.5898,1980.3717,1973.6654,1984.6626,1999.2399,2003.2007,1997.0432,2040.6003,2079.4634,2105.9102,2144.1084,2176.4075,2185.441,2200.8477,2226.8647,2268.14,2316.978,2404.874
Singapore,East Asia & Pacific,High income,GFDD.DI.04,92.40136,66.21387,91.47196,112.40945,86.08519,93.39132,94.39724,78.21845,94.2124,92.11202,97.349174,97.303406,97.32941,97.22216,97.04543,97.086105,97.42267,97.82689,97.99204,97.96218,98.14145,98.53822,98.65791,98.799034,98.8818,98.7612,98.671875,98.70033,98.67838,98.64741,98.567116
Singapore,East Asia & Pacific,High income,GFDD.DI.05,87.732994,88.540276,89.17549,83.87194,83.49696,81.92637,82.45211,83.03558,112.06411,119.296005,103.1793,112.4455,108.8173,114.5252,106.4521,103.3259,111.09891,109.11671,121.708206,131.4503,123.2788,126.180504,128.9125,128.85101,128.4456,122.8592,127.639404,122.347305,118.846695,123.8486,152.62991
Singapore,East Asia & Pacific,High income,GFDD.DI.06,11.068525,12.484626,5.396133,9.428145,8.563097,5.668389,7.478102,8.7392,7.8073916,10.070091,3.169677,3.8853598,3.505112,3.758979,3.620013,3.295177,2.7982001,2.384212,2.504216,2.613928,2.287816,1.9391919,1.8998511,1.8182759,1.754665,1.869267,2.016522,1.937441,1.945599,2.072863,2.456405
Singapore,East Asia & Pacific,High income,GFDD.DI.11,11.860445,37.69847,46.985188,34.835144,31.719826,35.835117,36.79577,43.25756,43.65903,44.27364,27.416012,37.10506,40.307644,45.501617,44.51554,44.341515,44.48727,43.586742,38.142403,43.763245,41.601307,40.70369,42.520374,41.984116,40.27391,40.034515,41.596333,45.051666,43.54998,50.316776,63.72669
Singapore,East Asia & Pacific,High income,GFDD.DM.11,122.04094,102.63569,139.28865,119.91233,89.24156,91.05563,115.3735,90.47612,104.99662,103.87576,110.43485,87.61021,105.7803,136.3096,131.12239,120.8598,134.3749,138.20511,98.068855,132.19829,122.129,108.6945,127.381004,144.3768,150.8726,155.376,159.89,177.99951,163.9639,188.3083,218.61351
Singapore,East Asia & Pacific,High income,GFDD.EI.08,11.23952,12.43271,13.64457,13.028589,12.054509,12.65755,12.91675,12.701759,18.4541,21.16135,20.357729,25.18063,25.722078,26.77907,23.17405,20.566648,21.484701,21.97819,24.346788,28.79624,25.95051,26.01661,26.68733,25.51873,27.034359,26.6028,25.995289,26.292421,27.403019,31.342218,36.524208
Singapore,East Asia & Pacific,High income,GFDD.OI.02,77.648186,78.99515,79.42634,74.74028,75.12772,73.96656,74.8713,75.835434,104.9925,111.5594,96.36362,105.068794,101.357895,106.9787,99.409035,96.46959,104.626495,103.0041,114.7736,124.29121,116.4588,119.15371,121.76421,121.3545,120.54801,114.8199,118.891106,113.417,109.9155,114.2686,141.1438
Singapore,East Asia & Pacific,High income,SH.STA.BRTC.ZS,107.13651,93.607544,99.37244,100.34396,92.68167,108.16045,99.7,99.7,99.7,99.7,99.7,99.6,99.7,99.7,99.7,99.7,99.7,99.7,99.8,99.7,99.7,99.7,99.7,99.6,99.7,99.6,99.6,99.5,99.5,98.53771,103.2219
Singapore,East Asia & Pacific,High income,SL.IND.EMPL.ZS,14.737016,35.160004,34.63,33.88,32.75,30.96,30.249998,30.800001,30.14,29.53,27.95,26.58,25.98,25.9,24.910002,22.74,23.300001,23.6,23.74,23.24,21.86,20.87,20.540003,19.88,17.74,17.39,16.88,16.430002,16.0,15.550001,23.721632
Sint Maarten (Dutch part),Latin America & Caribbean,High income,DT.TDS.DPPF.XP.ZS,3.8119776,6.192107,13.198682,13.034198,9.965042,8.34791,11.944693,1.7973683,9.520174,7.480369,8.930284,13.450842,6.942893,7.2361526,8.160066,3.995028,7.709537,10.688801,-5.0319867,3.5091944,12.2390995,7.076434,7.8113403,8.010239,8.039934,3.4175117,9.138071,10.161903,7.6759014,8.424444,11.443256
Sint Maarten (Dutch part),Latin America & Caribbean,High income,EG.ELC.ACCS.ZS,100.0,100.0,100.0,100.0,100.0,100.0,100.0,100.0,100.0,100.0,100.0,100.0,100.0,100.0,100.0,100.0,100.0,99.997406,99.98412,99.9549,100.0,100.0,100.0,100.0,100.0,100.0,100.0,100.0,100.0,100.0,100.0
Sint Maarten (Dutch part),Latin America & Caribbean,High income,GFDD.AI.01,-1316.4174,28271.77,13446.014,17960.457,10685.479,10817.098,15183.665,5474.272,13967.128,14866.16,9039.014,17661.451,10022.336,10539.809,14009.41,9122.113,6559.069,12093.968,9674.519,5396.75,6360.795,11089.327,13543.307,5501.378,7900.29,12780.644,11996.131,10619.926,7962.8745,11076.334,17170.42
Sint Maarten (Dutch part),Latin America & Caribbean,High income,GFDD.DI.04,83.099884,80.90007,51.869995,54.62391,61.63989,78.655785,76.72877,75.458435,52.606586,86.89593,51.995842,80.07222,61.67778,60.887733,70.06393,79.98925,66.11262,76.077545,81.3983,71.84126,80.768875,72.5697,70.67251,88.09619,85.08399,78.97908,81.67757,80.67495,76.07857,83.219986,59.269493
Sint Maarten (Dutch part),Latin America & Caribbean,High income,GFDD.DI.05,68.712845,61.16474,83.02033,75.6691,120.902916,96.56544,106.86702,92.98393,83.03759,99.253685,72.331375,132.72144,89.087685,111.28733,101.47407,90.48523,73.310974,97.44387,87.62578,89.84029,121.14567,115.079796,108.05764,109.15673,141.6007,97.009224,101.54145,107.89484,102.45157,190.29414,142.32587
Sint Maarten (Dutch part),Latin America & Caribbean,High income,GFDD.DI.06,6.5784025,13.241288,15.23546,17.568882,15.448971,13.212682,8.708092,14.574199,23.262367,12.68738,6.7357254,21.595928,13.437935,18.923162,10.077469,15.231826,29.629343,14.175966,17.364346,21.744694,10.845072,7.481333,7.5286765,13.315847,8.285218,13.947874,8.101622,11.0519905,16.003752,13.386745,15.273592
Sint Maarten (Dutch part),Latin America & Caribbean,High income,GFDD.DI.11,34.01007,28.069006,27.787912,20.947227,34.20671,24.940529,26.296623,21.811098,20.301394,21.012543,18.411554,40.645466,27.66308,19.97437,29.696733,37.730167,37.228893,22.064562,37.694084,46.84768,37.240864,28.23273,42.772675,20.952076,28.497688,35.158096,36.60012,41.635605,85.08544,30.608337,53.824463
Sint Maarten (Dutch part),Latin America & Caribbean,High income,GFDD.DM.11,74.21176,71.35839,76.76326,110.382355,69.030815,57.565228,64.40483,80.96082,72.658424,50.94645,55.07424,78.70123,52.057007,93.0837,75.967545,58.629894,56.177814,74.58891,89.64421,75.114136,64.29588,53.01861,95.58403,82.74925,100.43455,102.11815,92.924286,101.112976,112.189926,97.64995,126.51246
Sint Maarten (Dutch part),Latin America & Caribbean,High income,GFDD.EI.08,25.655327,20.003456,15.669124,18.812256,8.323435,43.721718,17.403273,24.495312,11.287728,15.894146,12.936231,12.194511,16.04169,15.280747,20.263393,14.686873,6.7225122,13.348321,8.980269,18.547754,16.867662,36.232723,20.568895,29.732609,10.892785,15.391906,27.753412,25.492016,28.996058,17.665598,19.888126
Sint Maarten (Dutch part),Latin America & Caribbean,High income,GFDD.OI.02,84.21059,78.423325,39.690308,92.43582,66.69504,59.07385,72.85278,72.07488,74.39884,64.00895,78.06917,70.368225,85.48392,75.60536,77.963806,67.54304,55.500603,68.47391,82.46773,81.641106,69.63399,62.953373,78.96792,80.204475,103.034515,72.1999,70.79053,76.14283,65.47414,81.64359,95.704796
Sint Maarten (Dutch part),Latin America & Caribbean,High income,SH.STA.BRTC.ZS,85.89195,82.46532,97.709694,86.961655,88.52439,92.3857,68.723274,100.01744,93.548096,96.12361,98.76046,97.766884,94.31212,95.225204,90.52098,100.87475,93.43835,98.907425,81.23671,94.855644,96.09976,93.0411,102.39045,57.37614,96.649536,97.89064,94.5068,101.54485,91.55872,90.4752,90.422325
Sint Maarten (Dutch part),Latin America & Caribbean,High income,SL.IND.EMPL.ZS,16.501713,13.621381,16.60814,17.63946,15.630484,16.41979,12.163409,17.442778,15.333049,16.1129,10.702177,16.474258,12.264988,12.264587,15.681593,15.253226,12.401381,17.886692,13.729137,16.54836,15.498084,16.522202,13.907325,18.463778,15.757598,15.424884,13.946841,13.546724,14.611925,15.75933,15.266762
Slovak Republic,Europe & Central Asia,High income,DT.TDS.DPPF.XP.ZS,8.728334,27.337643,16.834938,17.600426,21.24996,17.04781,15.559132,8.288788,16.21939,17.684645,16.733334,15.700058,14.81768,8.050841,7.3842936,11.331335,15.781391,13.012557,14.69957,19.38961,14.514002,16.208935,13.561825,10.485851,12.595529,13.176526,12.303136,5.7889175,16.328527,16.662346,12.787193
Slovak Republic,Europe & Central Asia,High income,EG.ELC.ACCS.ZS,100.0,100.0,100.0,100.0,100.0,100.0,100.0,100.0,100.0,100.0,100.0,100.0,100.0,100.0,100.0,100.0,100.0,100.0,100.0,100.0,100.0,100.0,100.0,100.0,100.0,100.0,100.0,100.0,100.0,100.0,100.0
Slovak Republic,Europe & Central Asia,High income,GFDD.AI.01,11420.647,10021.385,5954.095,15174.611,4264.8857,11939.258,9058.417,15101.154,18581.074,11539.789,11055.673,4930.4795,2050.7441,11741.37,11894.289,4131.7227,8667.117,-714.9589,10655.452,7592.93,10261.667,2951.021,12518.368,2360.2205,14309.29,9657.839,8973.179,7962.899,12730.123,10562.011,7347.254
Slovak Republic,Europe & Central Asia,High income,GFDD.DI.04,82.18417,97.54361,96.069496,84.889366,84.365944,91.69974,92.40905,98.85858,98.17101,99.581375,99.93558,99.94927,99.960526,97.23702,98.91796,99.960014,99.958115,99.95692,99.962616,99.96546,99.86898,99.86868,99.52708,99.83959,99.97492,92.79507,89.43157,87.60766,87.815605,87.61969,82.19639
Slovak Republic,Europe & Central Asia,High income,GFDD.DI.05,60.514843,64.58986,72.701324,31.250456,39.603527,80.06515,70.07239,61.477398,75.49951,50.59582,55.54992,73.345215,55.09154,76.71528,64.81594,69.38815,54.46126,54.676437,52.292538,60.58129,58.144413,55.60661,57.75822,60.60268,62.408253,65.499214,68.37525,69.44907,69.59563,72.32749,79.9754
Slovak Republic,Europe & Central Asia,High income,GFDD.DI.06,6.010135,3.2206414,14.886685,11.02067,9.132978,4.354498,4.579204,0.80229145,1.191028,0.26233652,0.0400494,0.0334204,0.0254315,1.465822,0.5515881,0.0209082,0.0204218,0.022022301,0.020134,0.022092,0.082841605,0.0826978,0.3038542,0.102685004,0.0162828,5.198518,8.250401,9.959396,9.929551,10.1299305,16.7964
Slovak Republic,Europe & Central Asia,High income,GFDD.DI.11,14.559401,19.682957,1.6788629,12.430489,28.176296,3.2751095,4.4388256,4.6777673,4.960979,4.8454447,4.8608594,5.633552,5.8157754,6.4923644,7.0015936,7.5764084,7.51223,8.428939,7.4704194,9.577892,9.969566,9.578258,9.885124,9.815031,10.068036,8.664324,9.545865,9.220051,8.48751,8.58637,8.257018
Slovak Republic,Europe & Central Asia,High income,GFDD.DM.11,47.95497,65.10276,60.99344,40.278435,55.074425,37.29369,46.097042,33.522583,65.09357,17.02977,46.72594,117.9748,78.25435,118.9556,39.376328,34.01208,80.253716,49.273262,66.858086,29.599241,31.12835,28.94706,26.730629,26.1078,23.224339,21.318699,24.76605,29.14145,28.988949,30.81464,38.519062
Slovak Republic,Europe & Central Asia,High income,GFDD.EI.08,12.925543,8.058432,19.73381,17.966967,22.066479,19.064913,24.051525,10.306928,27.714804,24.4307,13.311169,16.652807,14.681938,13.583017,27.677856,13.52538,15.005459,13.750949,13.17545,19.0753,18.669209,16.8082,17.57605,15.97335,15.12575,14.315049,12.733489,10.1758995,9.546861,8.923611,10.343949
Slovak Republic,Europe & Central Asia,High income,GFDD.OI.02,110.84197,81.51003,50.535973,53.67513,52.608818,53.147816,55.164368,53.83632,51.95874,53.928898,55.9695,57.128017,54.68303,53.94509,51.60731,47.94576,46.83017,47.32447,50.174786,48.81557,46.304527,44.31807,46.631428,48.79726,49.01508,51.764057,53.74394,55.027588,55.32589,57.386448,62.62526
Slovak Republic,Europe & Central Asia,High income,SH.STA.BRTC.ZS,100.0,100.0,100.0,100.0,100.0,100.0,100.0,100.0,100.0,100.0,100.0,99.43,99.43,99.46,99.51,99.51,99.52,99.22,99.51,99.52,99.21,99.00001,99.5,98.6,98.3,97.0,98.100006,98.799995,97.99999,97.92952,94.10276
Slovak Republic,Europe & Central Asia,High income,SL.IND.EMPL.ZS,32.70438,41.96,40.21,39.65,39.7,38.91,39.54,39.28,39.44,38.43,37.25,37.06,38.15,38.13,39.21,38.82,38.82,39.380005,40.13,37.93,37.12,37.49,37.54,35.82,35.45,36.11,36.47,37.160004,36.52,36.09,31.600517
Slovenia,Europe & Central Asia,High income,DT.TDS.DPPF.XP.ZS,0.8205838,20.213133,12.158446,12.926662,11.411138,13.932629,25.63,14.012762,19.085976,15.547222,17.123747,19.31281,-0.46446243,17.80381,15.338721,15.302644,6.1908636,7.832197,10.825091,10.632084,14.203518,23.64876,15.499767,11.236188,9.892819,11.28588,10.005296,10.800033,1.920885,12.925145,10.764873
Slovenia,Europe & Central Asia,High income,EG.ELC.ACCS.ZS,100.0,100.0,100.0,100.0,100.0,100.0,100.0,100.0,100.0,100.0,100.0,100.0,100.0,100.0,100.0,100.0,100.0,100.0,100.0,100.0,100.0,100.0,100.0,100.0,100.0,100.0,100.0,100.0,100.0,100.0,100.0
Slovenia,Europe & Central Asia,High income,GFDD.AI.01,13195.857,12297.924,10569.265,13589.216,12623.248,6802.5854,18753.11,34409.254,12602.539,7805.86,28301.38,-10261.198,6052.1553,7718.837,24150.336,14215.725,12323.408,9137.963,11462.837,9030.777,12334.788,10139.793,11204.266,11350.678,12878.261,14733.491,9188.454,14193.9,9962.948,6345.62,6929.0586
Slovenia,Europe & Central Asia,High income,GFDD.DI.04,65.43625,85.955315,86.90099,97.9502,102.019135,98.385826,98.55049,98.71123,98.92642,99.06301,99.13776,99.58842,99.656364,99.13704,99.30125,99.604195,99.685196,99.753845,99.78184,99.527176,99.60204,99.70783,99.3566,99.24764,99.087975,92.23872,85.02053,80.199745,78.08914,77.093346,68.41286
Slovenia,Europe & Central Asia,High income,GFDD.DI.05,45.783157,70.42042,61.581997,71.23895,140.74289,33.494812,36.13887,39.20876,42.51439,43.6251,47.283237,54.76139,55.36329,54.074192,48.79675,49.9687,49.938072,57.4474,56.30084,59.904903,62.030823,62.71945,63.82321,63.266632,65.94444,67.26002,69.21101,68.92762,69.124374,70.138565,81.01244
Slovenia,Europe & Central Asia,High income,GFDD.DI.06,6.812059,8.255843,7.0905504,9.55085,10.639802,0.6083647,0.5380998,0.4783486,0.44086182,0.4077194,0.39846763,0.1986683,0.1683005,0.44400752,0.3951399,0.25355878,0.2230672,0.1928239,0.1807218,0.4454015,0.38318208,0.2784241,0.61453766,0.643874,0.6954296,5.8718534,11.2019,14.2874,15.3887005,15.74772,24.90933
Slovenia,Europe & Central Asia,High income,GFDD.DI.11,12.965461,19.620142,9.267381,10.718825,13.106139,10.912157,12.77862,21.50708,18.750011,14.956763,18.310328,6.993668,8.679915,8.741558,9.417918,10.562089,11.658596,12.973058,12.103666,14.040852,14.9453125,15.3616295,16.800413,16.946407,17.496542,17.060616,17.110804,16.686298,15.478286,15.941169,17.204468
Slovenia,Europe & Central Asia,High income,GFDD.DM.11,161.30313,175.60893,160.03508,93.16111,155.17854,117.73599,63.163307,87.231155,157.69185,103.4063,163.6871,263.5517,293.4159,367.35532,75.90197,64.88299,121.627174,27.212849,22.16813,25.57184,25.24348,22.773691,25.77247,24.584639,22.29805,28.17519,31.08674,38.58419,33.334812,34.68003,39.46306
Slovenia,Europe & Central Asia,High income,GFDD.EI.08,8.16013,12.806831,14.137306,9.153644,8.6869955,8.855187,14.869465,11.189861,11.405747,19.912779,17.829578,20.281803,12.522818,12.860464,11.54459,11.52222,10.62883,7.086983,6.259529,10.68462,10.8496895,13.1762495,15.632519,19.596788,21.058289,19.902458,16.94289,12.8126,11.529869,10.548569,10.58492
Slovenia,Europe & Central Asia,High income,GFDD.OI.02,61.931355,66.645355,56.69768,35.897106,31.702955,30.880718,33.64092,36.5415,39.49313,40.01299,44.01591,51.312347,52.132347,50.82677,46.257427,47.347237,48.264137,48.60236,47.82625,50.31721,51.87841,52.16073,52.484398,51.79467,53.730087,54.73512,56.61009,56.69038,57.06962,57.83945,66.75752
Slovenia,Europe & Central Asia,High income,SH.STA.BRTC.ZS,99.9,99.9,99.9,99.9,99.9,99.9,99.9,99.9,99.8,99.9,99.9,99.9,99.9,99.9,99.9,99.9,99.9,99.9,99.9,99.9,99.9,99.9,99.8,96.721565,103.27217,110.006485,104.9601,101.56584,102.0213,108.66316,91.729126
Slovenia,Europe & Central Asia,High income,SL.IND.EMPL.ZS,36.100513,45.8,44.9,44.19,42.39,43.13,41.96,40.5,39.52,37.8,37.65,38.63,38.75,37.13,36.35,37.06,35.49,35.24,35.12,33.160004,32.58,31.66,30.969997,31.03,30.930002,32.01,33.17,33.25,33.35,34.1,33.544018
Solomon Islands,East Asia & Pacific,Lower middle income,DT.TDS.DPPF.XP.ZS,11.3363905,10.294034,4.8443823,5.6617126,4.1966357,1.2822747,2.1370914,0.4615458,3.2575746,2.5471556,2.801197,1.7894744,2.8366482,5.596234,3.7962232,4.8122215,2.3501678,4.9424706,5.39881,3.5194,3.1000946,1.4627357,1.2356781,1.2893159,1.5312186,1.6220298,1.9245746,1.5873653,1.3020627,1.3100201,1.354003
Solomon Islands,East Asia & Pacific,Lower middle income,EG.ELC.ACCS.ZS,61.312275,65.70565,46.90314,46.242996,43.98759,46.768085,42.296776,41.607906,67.430435,15.699999,4.5170293,7.475237,10.4258585,13.371246,16.313747,19.255709,14.399999,12.9,28.103495,21.2,34.774807,38.67999,42.57421,44.7,50.30676,55.099995,58.32719,62.9,66.17976,69.80942,73.34648
Solomon Islands,East Asia & Pacific,Lower middle income,GFDD.AI.01,18549.992,9403.517,5008.4585,16305.133,19313.398,10650.347,15485.931,14803.752,18051.9,12035.683,9641.86,13616.414,9211.124,6518.067,9332.354,8893.539,10095.529,13541.018,11694.665,7201.4707,6525.4385,11675.122,298.36774,248.87108,436.13858,451.41473,482.6091,510.2275,722.2507,819.15344,803.15106
Solomon Islands,East Asia & Pacific,Lower middle income,GFDD.DI.04,75.7922,69.67261,78.770836,82.01573,79.7486,78.12182,79.80174,79.731255,81.70044,88.53415,89.183334,62.65282,64.16041,67.75747,68.18009,73.60381,82.8173,88.09586,90.71747,91.28153,91.37743,92.402664,93.96915,94.96125,95.941505,99.412766,99.446236,99.407745,99.43534,99.253,97.074486
Solomon Islands,East Asia & Pacific,Lower middle income,GFDD.DI.05,25.068499,26.818491,26.77325,26.77566,23.63025,21.59154,19.399931,19.48711,20.25828,20.5277,22.90087,18.2461,17.007078,15.515779,15.56248,17.709879,19.31773,21.87827,20.24218,17.04942,17.89282,20.00503,21.863628,24.83812,24.780909,26.2398,27.8538,27.46596,28.88674,26.77833,28.706228
Solomon Islands,East Asia & Pacific,Lower middle income,GFDD.DI.06,7.7839117,10.96379,6.343032,5.179451,5.1811028,5.143077,4.245361,4.1544743,3.6478462,2.14957,2.278044,8.950532,8.233653,6.086719,5.376183,4.756741,3.4659648,2.872756,2.353024,1.9699091,1.6638869,1.3263,1.0017099,0.86929005,0.7652133,0.1159418,0.1154832,0.1225241,0.114720605,0.1572263,0.6357844
Solomon Islands,East Asia & Pacific,Lower middle income,GFDD.DI.11,16.490921,14.990562,20.08265,16.924717,19.504261,15.726098,21.513996,13.345091,22.270382,22.838959,10.814205,17.35263,22.859528,21.362648,22.930986,27.02953,28.904963,21.73543,18.446281,16.560936,36.875885,39.50103,20.02344,26.537624,29.92505,16.426687,24.92725,23.578804,23.855259,24.968756,39.927418
Solomon Islands,East Asia & Pacific,Lower middle income,GFDD.DM.11,15.108065,32.13496,38.45382,39.057144,96.346565,28.295479,8.805097,29.163057,15.413105,37.86683,28.279821,47.906124,78.5457,37.196125,29.329021,42.818615,48.50466,25.430199,34.804596,49.394722,56.848515,48.948696,18.034292,47.44496,39.84397,22.686506,41.893547,71.31433,56.40193,40.537384,31.018902
Solomon Islands,East Asia & Pacific,Lower middle income,GFDD.EI.08,8.9093485,12.762619,14.078909,14.43193,12.01713,10.27671,9.069896,8.32525,7.5388465,7.636996,8.652033,6.778844,6.341909,6.284381,4.916992,3.949088,3.2537448,2.751122,2.1448371,2.115358,1.767521,1.263729,1.160578,0.85675347,0.86359257,0.4826876,0.4677993,0.37675098,0.5520045,0.5677558,0.5061208
Solomon Islands,East Asia & Pacific,Lower middle income,GFDD.OI.02,21.683762,24.13619,24.26703,22.61586,20.54046,18.65016,19.10333,18.68135,16.632252,16.08813,18.458351,15.7869005,15.336,14.23845,14.994231,17.74646,19.989052,21.52212,20.063671,23.296051,22.778662,25.66956,28.78656,30.920858,30.975649,33.97303,36.397327,34.827686,35.18642,33.052856,34.52121
Solomon Islands,East Asia & Pacific,Lower middle income,SH.STA.BRTC.ZS,85.0,92.610664,104.04106,102.17477,83.49999,101.786354,93.30004,72.3985,106.618256,85.0,98.5217,105.78851,98.01554,96.22976,91.64004,90.04766,105.04199,85.5,79.56585,93.12127,91.87153,97.48306,101.113464,92.978714,91.959114,86.2,92.337975,102.31545,90.82236,93.50085,101.3172
Solomon Islands,East Asia & Pacific,Lower middle income,SL.IND.EMPL.ZS,9.347193,4.8,4.93,5.01,5.21,5.43,5.59,5.54,5.65,5.74,5.43,5.34,5.22,5.45,5.63,6.1,6.54,7.0,7.6000004,7.5800004,8.06,8.43,8.780001,9.33,9.770001,10.250001,10.630001,11.05,11.630001,12.130001,11.070353
Somalia,Sub-Saharan Africa,Low income,DT.TDS.DPPF.XP.ZS,26.22003,16.031122,11.6531925,11.42985,9.2368555,8.094229,12.034941,7.943109,10.229629,16.037695,-0.7985254,11.419577,4.0023785,10.726978,12.682099,6.0088816,3.2910132,8.914109,5.134383,18.792524,7.5637503,2.9693067,9.231324,-0.80020195,7.8820887,7.6775155,0.0049463776,0.003270613,0.0053572915,0.0542343,8.861444
Somalia,Sub-Saharan Africa,Low income,EG.ELC.ACCS.ZS,59.40648,44.859707,37.177086,42.04402,51.992226,66.43178,61.23484,58.189747,40.263287,53.33267,1.8925011,4.504616,7.4,9.708441,12.30485,14.900721,15.233786,20.100733,22.71023,25.329664,52.16334,51.968113,51.761913,51.533794,51.293636,51.13486,51.11323,52.099995,50.764977,49.2,49.73087
Somalia,Sub-Saharan Africa,Low income,GFDD.AI.01,3253.2502,-615.00824,-10187.451,4374.882,-4184.654,-13981.971,3284.5742,1267.3304,2430.0984,5055.1587,-10678.151,-1278.9102,3911.6484,-131.40013,1917.567,395.06955,3083.6824,-4922.2446,-183.66257,-1018.10095,1959.3246,-10607.244,921.4863,1091.4167,-8243.933,2683.4685,-234.45715,-4022.2778,-5495.2744,-267.29803,-14860.47
Somalia,Sub-Saharan Africa,Low income,GFDD.DI.04,39.642776,50.88836,60.352734,29.981136,33.71886,54.47545,68.06076,65.39986,47.92269,47.612076,44.53689,52.300423,55.438473,58.27142,48.703674,55.66732,51.799507,71.35153,55.092754,70.92674,52.905346,53.269653,76.21254,67.400154,63.691254,78.823395,68.53284,63.58684,73.63234,73.28741,62.581676
Somalia,Sub-Saharan Africa,Low income,GFDD.DI.05,70.01753,97.07897,82.396904,66.71119,60.198414,53.536106,47.748684,83.29828,176.34148,83.553116,62.57149,66.01056,88.70485,53.364162,85.02812,78.67953,115.892456,36.993423,124.84235,100.91501,69.15909,110.16299,88.96003,97.161896,81.45567,76.57826,83.7927,139.48366,103.75784,102.197914,83.319534
Somalia,Sub-Saharan Africa,Low income,GFDD.DI.06,10.63674,9.379415,9.650893,3.1474457,3.84397,8.653291,6.561326,10.082098,4.7000823,17.818882,1.8112913,9.104488,6.780837,10.662313,7.0035663,11.33305,8.538284,7.262327,6.862099,4.550575,7.716739,5.226758,5.298035,7.7278123,2.703739,14.317796,14.621624,7.9248414,5.647465,6.488976,6.461088
Somalia,Sub-Saharan Africa,Low income,GFDD.DI.11,11.431812,16.699972,19.025982,11.496943,10.134898,14.1272745,12.273609,16.418066,27.319183,18.595924,16.134285,20.81195,9.6717,9.5589285,16.999249,15.674442,16.358345,25.221498,12.140687,10.103607,18.41782,13.049794,20.034756,21.385853,23.533587,19.0483,12.978034,11.362633,15.622155,21.192533,20.256088
Somalia,Sub-Saharan Africa,Low income,GFDD.DM.11,19.514652,42.956146,64.65255,6.3158402,39.897545,37.399754,15.671147,1.4329536,40.779972,50.020603,2.210252,53.193832,36.03557,40.33352,40.765694,41.754692,36.179565,32.817394,33.374756,41.06805,36.237617,45.783726,39.622017,43.880257,47.944458,28.410872,27.311855,35.2367,45.949627,48.54282,59.091286
Somalia,Sub-Saharan Africa,Low income,GFDD.EI.08,6.1596155,4.173148,3.6466494,4.8110886,5.2901673,4.671803,2.403165,4.964328,7.034569,3.6857464,7.067717,4.345704,3.2219596,4.291658,3.8220644,3.1291966,2.8538544,4.566066,3.2712677,3.5371823,6.9664087,5.8451223,5.88941,8.41304,3.1954896,8.690795,7.9025993,7.6268034,6.9989195,4.8563914,9.086353
Somalia,Sub-Saharan Africa,Low income,GFDD.OI.02,71.92424,65.62777,126.59265,97.73037,105.20447,83.14014,74.91618,82.10428,86.847275,64.482124,60.39027,90.59362,75.869354,65.08025,78.116974,59.436516,100.765625,101.12105,96.4226,89.52142,129.74855,94.072914,85.885956,75.24935,103.67233,122.51377,94.55623,80.20784,98.908806,100.062096,123.35572
Somalia,Sub-Saharan Africa,Low income,SH.STA.BRTC.ZS,93.13851,84.84874,87.13393,88.81864,89.644936,101.60148,91.33968,93.86993,97.96969,19.3,19.3,84.352776,24.800001,106.00375,91.752785,94.8741,9.4,98.67769,93.85783,102.28466,95.54149,98.40794,97.09467,90.17788,88.663414,95.06368,99.08455,100.704544,89.649155,87.06293,90.916306
Somalia,Sub-Saharan Africa,Low income,SL.IND.EMPL.ZS,5.0100517,3.54,3.48,3.42,3.34,3.27,3.1999998,3.13,3.07,3.01,2.96,2.91,2.87,2.84,2.81,2.79,2.76,2.65,2.64,2.64,2.64,2.64,2.61,2.58,2.55,2.52,2.49,2.46,2.44,2.41,9.518269
South Africa,Sub-Saharan Africa,Upper middle income,DT.TDS.DPPF.XP.ZS,8.454606,7.883611,12.013688,7.1557374,4.9140277,5.108779,6.2193437,6.8651185,8.563129,3.3686323,5.910547,6.957967,4.906801,4.6557107,3.253797,5.626084,5.1060596,2.7259219,2.9036815,3.63562,2.882553,2.8553123,4.8263702,7.0108604,3.753863,15.2443695,5.841749,5.0171137,13.180881,7.506394,11.442991
South Africa,Sub-Saharan Africa,Upper middle income,EG.ELC.ACCS.ZS,86.25979,90.85286,97.10623,88.70978,92.16125,79.64903,57.599995,69.48335,64.9,71.33179,72.28246,70.2,76.7,78.8,80.9,80.8,80.7,82.0,81.9,82.6,82.9,83.6,85.3,85.2,85.9,85.3,83.9,84.4,84.7,85.0,84.38554
South Africa,Sub-Saharan Africa,Upper middle income,GFDD.AI.01,13502.995,9805.712,14127.464,5960.1987,10229.642,12746.97,14135.972,10070.317,13791.642,5029.2524,11748.25,13600.031,12725.42,17091.352,10309.494,7204.5244,12719.599,10890.715,9236.191,2635.391,3010.6248,7852.323,11633.075,8913.417,10958.266,11986.815,11903.035,11228.31,10931.108,15142.904,13955.433
South Africa,Sub-Saharan Africa,Upper middle income,GFDD.DI.04,95.068596,99.224365,96.83656,96.6193,95.33387,97.22473,96.639084,97.20554,97.64762,98.11565,98.42976,98.81807,93.21492,95.66112,96.796616,98.66773,98.964554,99.32364,99.32012,99.493416,99.52148,98.592766,98.809105,98.5818,98.422844,98.29493,98.13993,98.66914,98.633026,99.02856,98.605095
South Africa,Sub-Saharan Africa,Upper middle income,GFDD.DI.05,47.81358,48.91386,44.817608,41.51644,43.344532,44.01101,44.64067,47.402477,49.600758,50.259163,47.36426,41.01798,36.68357,36.618492,34.85388,37.74976,38.782513,40.77366,41.87653,38.53476,36.20488,37.281967,37.282803,37.351467,38.43638,40.196888,39.9334,40.30432,40.65505,41.55374,47.639523
South Africa,Sub-Saharan Africa,Upper middle income,GFDD.DI.06,2.623868,2.481056,1.756815,1.864676,2.69,1.5989699,2.021505,1.742257,1.573341,1.251586,1.046358,0.8600546,4.058071,2.73944,2.056292,0.87445587,0.7483898,0.5173731,0.53031224,0.3883869,0.3515103,1.028731,0.88290155,1.026592,1.163963,1.273414,1.3910869,0.98796237,1.023578,0.7371444,1.115111
South Africa,Sub-Saharan Africa,Upper middle income,GFDD.DI.11,52.85675,56.12817,53.593792,67.495026,46.92111,53.27529,36.757057,46.77614,44.91544,33.185223,33.75512,35.58466,28.520754,27.54531,27.757656,32.690285,30.467432,53.00326,53.58516,51.766758,52.58348,52.13315,54.918175,57.78949,60.04304,63.253384,59.96771,60.386356,58.663887,58.429615,60.139027
South Africa,Sub-Saharan Africa,Upper middle income,GFDD.DM.11,24.638475,17.820107,19.036991,27.905226,14.672739,4.928168,17.876972,11.335433,9.224575,2.413805,2.476186,1.359321,2.012613,1.081863,1.297951,1.360418,1.499177,1.812715,1.7342261,1.716932,1.863039,2.495208,3.049739,2.914954,2.3791022,2.4289808,2.5037231,2.2478788,2.362487,2.737925,4.447206
South Africa,Sub-Saharan Africa,Upper middle income,GFDD.EI.08,3.994238,7.704986,3.2137182,4.321775,3.9444668,3.98346,3.909497,4.75326,5.463424,5.412177,5.084424,5.121802,5.625875,6.3385897,6.280118,5.954491,5.7119603,5.5943627,7.906981,9.334202,9.835488,10.65208,10.64086,9.803786,10.90734,10.89705,12.39821,13.161999,13.928339,14.821559,16.9375
South Africa,Sub-Saharan Africa,Upper middle income,GFDD.OI.02,44.954956,52.15109,41.99456,39.0948,41.00089,41.63599,42.24599,45.056087,47.39451,47.79051,45.09106,47.67999,43.80597,45.909546,44.856777,48.513435,52.67862,55.78071,57.924587,54.16007,53.13908,55.82035,55.24452,54.30928,55.1356,56.78458,54.540127,54.39217,54.25428,54.263767,63.21198
South Africa,Sub-Saharan Africa,Upper middle income,SH.STA.BRTC.ZS,85.371765,98.08264,94.31381,89.85439,82.0,82.0,98.989555,95.92825,84.4,95.70562,98.47479,94.11375,99.80544,91.2,91.2,97.9401,98.01159,100.88048,94.299995,99.63025,95.16439,95.66358,94.95859,97.09309,95.809875,97.95807,96.7,104.99088,106.91774,97.29811,97.63712
South Africa,Sub-Saharan Africa,Upper middle income,SL.IND.EMPL.ZS,37.313393,28.55,28.4,28.24,28.09,27.94,27.76,27.62,27.49,27.33,27.25,26.99,26.77,26.6,26.42,26.25,26.040003,25.89,25.77,25.25,24.4,24.170002,23.44,23.51,23.42,23.83,23.33,23.34,23.13,22.31,21.256157
South Sudan,Sub-Saharan Africa,Low income,DT.TDS.DPPF.XP.ZS,12.289161,23.47583,11.073625,2.9708564,14.69106,8.780358,10.967095,8.40825,9.743288,11.695739,9.881321,12.485041,3.294996,11.145424,10.634306,11.381298,1.4706191,3.7992861,6.012693,6.449878,0.68761426,9.710277,7.349264,13.052476,15.195162,9.795888,6.1887703,6.4128838,9.90111,9.8154745,8.887533
South Sudan,Sub-Saharan Africa,Low income,EG.ELC.ACCS.ZS,23.486347,25.373678,16.247484,15.582211,13.761706,11.905338,31.364843,20.538418,13.233444,14.879659,14.299113,11.012493,10.221061,12.558308,12.065557,12.899633,0.6431318,1.0315623,1.4272238,3.0,1.5,2.6846845,3.1363611,3.6078682,4.0971837,4.60134,5.1173677,4.2,6.1731696,6.707007,7.2413387
South Sudan,Sub-Saharan Africa,Low income,GFDD.AI.01,688.55524,427.15347,1888.2749,5011.0625,5422.4907,9556.904,10000.696,3180.9607,7322.0327,8045.407,6790.957,8828.375,7250.5996,13609.461,6429.34,2679.4998,-1963.3708,2933.2444,7381.3374,-293.5631,5661.7554,21.89189,29.361103,40.433445,57.24059,74.17217,79.671196,81.71751,81.82494,104.946335,81.47165
South Sudan,Sub-Saharan Africa,Low income,GFDD.DI.04,87.77012,53.436596,74.425766,65.872536,67.27139,69.7754,85.46132,88.23374,75.70572,55.084843,72.86951,73.70131,73.626274,81.36791,69.05158,83.96512,62.06564,81.84582,86.88124,73.10348,92.369484,17.058681,37.886963,27.17171,18.11102,12.796921,72.36711,74.23619,73.531975,73.24732,51.86417
South Sudan,Sub-Saharan Africa,Low income,GFDD.DI.05,26.196241,47.994396,60.287735,54.333324,36.773056,48.247242,60.54231,53.901794,43.723293,49.738552,45.700893,43.583015,46.278137,22.567558,58.469803,48.531555,36.07355,32.452343,25.468857,53.11073,38.38637,9.480096,19.793169,14.68033,17.36545,32.27534,25.198221,17.4791,15.90786,18.36848,28.30548
South Sudan,Sub-Saharan Africa,Low income,GFDD.DI.06,17.969439,27.835777,1.7379553,5.3899198,4.560147,27.303232,12.786367,18.326195,16.06677,21.698538,14.367222,10.172518,13.258302,16.254122,23.10804,5.24044,19.049809,11.0883045,2.6023324,7.3485703,9.192537,2.359946,7.170284,10.2098,17.99307,29.892769,12.151179,7.130744,5.8567014,6.3532186,18.59964
South Sudan,Sub-Saharan Africa,Low income,GFDD.DI.11,5.1380663,7.9849153,1.1184711,3.527132,0.7860826,6.990881,1.8430411,14.723968,5.6345787,-2.5431538,3.714557,0.6085896,0.34142777,5.8527174,2.25612,8.107243,0.24692643,8.251422,8.455217,6.237621,9.116038,8.676932,1.2715954,5.955821,9.31166,10.236698,12.512678,12.239772,14.564686,11.876109,8.376396
South Sudan,Sub-Saharan Africa,Low income,GFDD.DM.11,44.49518,36.49071,44.26624,56.52403,24.705288,25.67395,62.34381,41.9604,26.634853,46.7976,58.838554,42.979797,50.778545,54.646442,45.53083,39.223293,31.278063,35.391163,18.387716,35.118214,48.05729,39.50469,41.42922,40.196854,41.174927,40.445114,70.378,44.107285,39.594242,70.782265,54.396816
South Sudan,Sub-Saharan Africa,Low income,GFDD.EI.08,6.1309624,4.0494714,7.557031,7.6777053,9.804722,6.487719,9.590808,8.58332,6.5708447,7.0574846,11.335496,3.838004,8.35206,8.346852,7.0586405,8.559936,7.6384706,3.866124,7.4828706,6.771711,6.539113,12.239594,3.184881,2.507991,2.426716,2.578803,30.14009,19.31507,15.245059,15.73063,17.985329
South Sudan,Sub-Saharan Africa,Low income,GFDD.OI.02,-0.92419237,24.739891,26.703812,29.496252,29.241554,23.764421,17.976387,20.374168,23.710918,-17.263744,20.898981,17.596928,7.2205524,23.750214,14.246901,10.018158,-12.633216,26.499788,25.424936,23.13157,19.193407,4.657083,10.7156,9.326175,11.25789,23.72924,17.85185,11.422891,9.961303,11.023621,15.81931
South Sudan,Sub-Saharan Africa,Low income,SH.STA.BRTC.ZS,83.821175,82.697365,44.56744,83.68588,91.76634,90.157814,91.846825,87.57253,86.727516,91.74871,88.532906,95.8193,95.980385,94.732445,92.41134,94.10599,9.7,96.18978,91.40323,92.72442,19.4,98.24303,94.08997,88.63435,60.838657,50.969524,86.38598,89.58153,93.85622,95.44381,93.619675
South Sudan,Sub-Saharan Africa,Low income,SL.IND.EMPL.ZS,17.043463,14.17,14.34,14.490001,14.55,14.73,14.890001,15.200001,15.250001,15.24,15.41,15.64,15.890001,16.22,16.320002,16.62,17.080002,17.64,17.97,17.690002,17.74,17.89,17.73,18.89,18.72,17.34,16.46,16.080002,16.33,16.39,16.532658
Spain,Europe & Central Asia,High income,DT.TDS.DPPF.XP.ZS,20.135359,32.38758,20.26393,22.198074,31.173473,13.583371,24.378721,36.137737,15.145523,17.488783,21.512283,15.175088,30.82306,19.405615,19.94681,11.568409,19.984608,9.607512,14.51256,13.972066,18.59611,27.963118,21.742136,15.749922,13.861975,9.581393,12.499078,23.724022,22.953297,20.443968,16.730371
Spain,Europe & Central Asia,High income,EG.ELC.ACCS.ZS,100.0,100.0,100.0,100.0,100.0,100.0,100.0,100.0,100.0,100.0,100.0,100.0,100.0,100.0,100.0,100.0,100.0,100.0,100.0,100.0,100.0,100.0,100.0,100.0,100.0,100.0,100.0,100.0,100.0,100.0,100.0
Spain,Europe & Central Asia,High income,GFDD.AI.01,-1663.6769,14757.71,10548.065,7533.19,10183.504,18189.87,16250.648,14314.742,16822.145,12944.043,-8718.836,14457.783,8718.422,4656.3296,11114.78,6875.278,18061.654,8235.817,13986.213,3444.1147,13884.721,9240.974,5740.69,7383.986,11407.25,8178.4614,4721.392,8719.4375,9451.767,12889.99,9747.97
Spain,Europe & Central Asia,High income,GFDD.DI.04,95.68852,95.122284,97.077065,74.87784,95.95413,96.09449,96.37327,96.697464,96.97764,59.400124,97.4938,98.28446,98.42,98.398964,98.473076,98.706535,99.06248,99.227806,99.18195,99.05584,98.921074,98.48427,98.31335,98.17107,97.93,95.00534,90.20393,86.25003,84.52419,84.516335,80.453636
Spain,Europe & Central Asia,High income,GFDD.DI.05,68.12296,70.36459,68.32418,72.585884,73.090294,72.312164,69.83061,9.669573,9.09274,9.182959,8.4175205,87.7682,86.74689,87.19054,86.5036,89.65501,91.66813,96.1584,107.386604,111.6387,109.36491,104.5055,107.6722,108.084404,110.430504,111.9996,114.8834,111.615204,112.41501,112.7428,138.3949
Spain,Europe & Central Asia,High income,GFDD.DI.06,4.597701,5.098528,2.9668002,6.0567093,4.22384,4.037038,3.780259,3.4782841,3.290583,5.607122,1.7142273,1.990319,1.890463,2.034113,2.0345879,1.965263,1.5888311,1.393254,1.525227,1.8511759,2.116975,2.990712,3.308118,3.3647282,3.547027,7.8915906,15.10396,20.58148,22.043282,20.76801,32.02112
Spain,Europe & Central Asia,High income,GFDD.DI.11,7.4360557,8.210792,8.661456,9.874005,11.363765,31.45844,22.599173,22.794073,17.58906,19.235954,19.638622,20.12702,21.180653,21.755005,23.004827,23.849823,23.00266,21.424328,21.072498,22.952934,22.76377,23.844128,25.551186,26.024357,28.85818,28.045174,28.121902,27.364407,26.780518,28.44866,32.61818
Spain,Europe & Central Asia,High income,GFDD.DM.11,23.535221,55.321472,40.827106,39.877865,19.112635,1.7328,38.73554,56.322056,48.337784,13.46597,17.06913,22.18614,30.566422,38.152138,38.64315,39.903313,39.21913,37.15857,30.66849,34.69315,25.75513,20.542341,23.05501,21.22787,21.01663,23.91816,24.71599,28.892078,28.13311,30.21024,40.785313
Spain,Europe & Central Asia,High income,GFDD.EI.08,6.4209814,21.415071,32.6307,15.847474,31.906532,10.322188,16.933117,15.501139,23.466715,13.486047,38.10745,19.092628,18.440609,18.416328,15.201109,13.987599,11.1242695,11.08653,13.732349,20.24103,22.07812,26.535889,34.66922,34.10807,37.20806,30.864061,27.57281,23.956438,21.8091,19.63194,24.34007
Spain,Europe & Central Asia,High income,GFDD.OI.02,59.597675,60.844006,58.83175,62.648674,62.823776,62.227375,59.85931,56.79411,57.41478,86.23279,82.74086,78.44572,78.29343,77.431786,77.38252,81.45385,83.02663,87.21052,97.71708,100.033,97.52058,93.12909,96.499084,95.92856,97.35835,98.88009,101.3264,98.48976,98.818634,99.93378,121.66061
Spain,Europe & Central Asia,High income,SH.STA.BRTC.ZS,87.38318,89.908516,86.44298,94.437965,100.726555,91.34587,91.00143,99.1358,97.269135,89.72333,97.5862,94.87049,94.48196,93.7789,90.430214,95.04567,60.07398,97.83116,94.6244,90.368706,93.607056,96.02242,100.20163,95.770355,83.69132,97.240425,96.086,101.04255,95.303474,89.381836,92.629776
Spain,Europe & Central Asia,High income,SL.IND.EMPL.ZS,30.386246,32.34,31.780003,31.04,30.260002,30.21,29.47,29.91,30.51,30.680002,30.830002,31.460001,31.04,30.71,30.21,29.57,29.4,29.11,27.83,24.59,22.98,21.76,20.670002,19.75,19.450003,19.9,19.61,20.060001,20.33,20.430002,28.584335
Sri Lanka,South Asia,Lower middle income,DT.TDS.DPPF.XP.ZS,14.816004,15.133666,14.563259,11.163921,9.6268015,8.776109,8.669188,8.293684,8.780484,11.720659,10.851615,9.62718,9.432138,7.78961,8.955931,4.564806,9.745518,7.592102,10.578844,13.298164,10.717536,7.830256,13.32503,11.931418,24.262203,17.37407,14.631945,19.224577,21.709398,25.389761,33.029675
Sri Lanka,South Asia,Lower middle income,EG.ELC.ACCS.ZS,95.47998,92.02893,94.731804,97.68597,101.63578,99.44417,85.058945,95.07506,93.22351,80.55243,70.2628,63.599995,80.7,74.99882,76.56858,78.13781,82.05,80.0,82.86739,87.09,85.3,87.76,87.0,90.2,92.660515,94.35187,97.5,97.5,99.56487,99.758575,100.0
Sri Lanka,South Asia,Lower middle income,GFDD.AI.01,21886.717,9512.401,10663.043,6075.287,11564.389,11652.156,18210.426,10775.259,11936.686,8467.74,13602.881,13698.904,10902.388,12385.261,8825.905,9395.266,15368.224,11413.38,11111.724,9647.726,11758.473,4291.452,11466.577,6466.2456,9304.271,6666.93,6868.341,14093.369,16013.653,9307.451,17991.709
Sri Lanka,South Asia,Lower middle income,GFDD.DI.04,66.822876,49.40132,56.2888,71.805435,73.54605,85.885,87.05585,91.6917,92.14753,88.6047,81.980034,85.699295,87.30895,91.06589,86.66826,91.588646,91.631935,93.50431,88.06542,93.64742,95.44008,91.59098,93.06129,97.294525,94.07215,95.56846,94.94261,97.591965,97.5032,97.07308,99.171585
Sri Lanka,South Asia,Lower middle income,GFDD.DI.05,28.25875,29.762989,30.436668,31.95,32.983467,38.85188,37.579147,37.479332,37.106697,38.72815,38.43887,39.01796,39.35153,39.44431,41.10925,41.7159,41.03543,39.27221,34.552708,37.40208,32.65665,34.540817,33.55022,35.63609,37.41034,41.69927,55.662586,58.81926,61.12323,63.01865,59.940865
Sri Lanka,South Asia,Lower middle income,GFDD.DI.06,11.99671,12.82469,9.560081,5.331698,5.19985,5.675156,5.005208,3.0923362,2.8920631,4.465303,7.546476,6.38334,5.306581,3.534948,5.628748,3.72562,3.966918,2.915504,5.054045,2.450706,1.5440559,3.5932832,2.977896,1.174863,2.570333,2.319248,3.612916,1.7502301,1.9114,2.309294,-2.623298
Sri Lanka,South Asia,Lower middle income,GFDD.DI.11,15.489715,3.5506196,4.136352,14.060248,4.8268495,11.192449,3.283372,1.6379441,0.9942521,1.0625947,10.06045,11.900741,7.15646,10.047222,7.1567235,3.7476282,3.4984188,3.293148,3.0902889,3.2716246,3.4628701,3.8093498,3.7603595,3.8772535,4.069519,4.2602057,4.379171,4.3643494,4.3884335,4.6368966,4.6492715
Sri Lanka,South Asia,Lower middle income,GFDD.DM.11,56.238064,11.504987,39.09446,5.374968,43.365005,49.19326,19.680525,21.379354,33.514915,30.406754,38.40714,36.35626,37.40609,48.64016,19.81185,25.249819,60.270676,20.37003,45.75988,18.180891,51.486786,0.0157529,42.103664,0.00041860002,0.0001145,0.0001409,0.0001317,3.16e-05,7.71e-05,8.1e-05,18.752338
Sri Lanka,South Asia,Lower middle income,GFDD.EI.08,3.859714,3.145117,2.758568,3.17644,3.069423,3.0121472,3.2533762,4.030206,4.441278,4.630667,4.657851,7.434031,6.884528,6.916039,5.3326993,7.048097,8.097013,7.4589167,7.7692714,10.0642,9.343294,16.19895,17.152569,21.94809,23.04337,24.898489,22.606909,23.70114,24.49654,26.90865,19.863386
Sri Lanka,South Asia,Lower middle income,GFDD.OI.02,21.10857,22.87123,24.097229,25.61212,26.356192,32.525227,32.02197,32.34121,32.018417,33.43904,33.45423,34.36073,34.59084,34.6911,36.299637,37.02718,36.39467,35.12005,31.00961,33.59277,29.2322,31.151548,30.661648,32.873158,34.22791,38.15165,51.7959,55.30343,57.69923,59.70695,68.97007
Sri Lanka,South Asia,Lower middle income,SH.STA.BRTC.ZS,106.6384,98.10674,97.36893,94.1,100.83925,100.9495,99.77311,97.579254,95.11478,102.06161,96.0,93.04321,104.75798,104.902275,93.706474,95.337616,100.58745,98.6,107.57281,94.45888,105.20613,96.89337,101.49529,90.69481,99.950005,95.82221,99.5,97.6412,107.65029,93.810936,98.363884
Sri Lanka,South Asia,Lower middle income,SL.IND.EMPL.ZS,26.077,26.58,20.02,21.15,20.12,24.820002,23.27,24.320002,23.080002,23.280003,23.61,23.38,23.410002,23.7,23.99,24.4,24.88,25.25,25.59,25.84,25.55,25.79,26.07,26.0,26.33,25.77,26.39,28.410002,27.94,27.87,25.158339
St. Kitts and Nevis,Latin America & Caribbean,High income,DT.TDS.DPPF.XP.ZS,15.79545,33.324184,41.057755,47.162327,35.219162,15.520261,61.39785,50.64597,28.333294,29.21773,2.5002441,20.812092,21.752028,48.021442,36.58462,12.847894,42.471077,24.651657,32.983788,4.9966493,38.96539,29.74258,80.099396,22.122103,33.552235,12.788267,11.856944,44.99197,30.45247,20.450972,33.690804
St. Kitts and Nevis,Latin America & Caribbean,High income,EG.ELC.ACCS.ZS,91.306816,91.67117,92.03543,92.399,92.76121,93.12138,93.478836,93.832886,94.18286,94.52799,95.28154,93.53,95.803185,96.054985,96.303894,96.55227,96.80252,97.05729,97.31929,97.591225,99.84339,100.0,100.0,100.0,100.0,100.0,100.0,100.0,100.0,100.0,100.0
St. Kitts and Nevis,Latin America & Caribbean,High income,GFDD.AI.01,21201.832,15493.935,21284.482,13601.749,16381.485,15775.628,16027.386,24208.998,20728.275,10823.075,25720.11,20857.162,23368.154,19578.938,21503.986,16440.455,14986.698,12004.731,15813.52,15116.298,17613.72,23790.66,17398.54,14301.02,20923.02,15380.464,24863.99,26651.736,10261.506,22496.943,20107.566
St. Kitts and Nevis,Latin America & Caribbean,High income,GFDD.DI.04,95.73726,96.330154,98.25668,98.258316,99.06173,99.28396,99.41926,99.55974,99.69067,99.70208,99.534966,99.4791,99.39735,99.64172,99.498024,99.55713,99.5798,99.559456,99.60198,98.917244,99.04229,98.95838,99.84512,99.7939,99.84718,99.78328,106.73489,103.35995,99.948135,98.39349,98.5168
St. Kitts and Nevis,Latin America & Caribbean,High income,GFDD.DI.05,67.3839,72.88155,77.27967,78.23816,74.55623,80.707924,79.566475,78.77078,84.601944,84.85233,97.200554,93.76051,94.29437,105.75541,114.0038,112.8121,109.694305,114.024704,101.297806,106.700905,112.89751,115.3108,130.6589,136.9333,139.0727,145.16609,137.2899,127.3775,122.0429,95.9119,104.6481
St. Kitts and Nevis,Latin America & Caribbean,High income,GFDD.DI.06,2.677128,2.607199,1.3025589,1.279276,0.68288577,0.56669986,0.482803,0.3426313,0.2634913,0.26850688,0.4600419,0.4920315,0.5439484,0.3327899,0.5297613,0.490756,0.45609838,0.4941255,0.4303193,1.252793,1.16665,1.1879929,0.1718422,0.1621948,0.14881779,0.1481625,6.859627,4.360027,3.6290576,0.9989657,1.103268
St. Kitts and Nevis,Latin America & Caribbean,High income,GFDD.DI.11,16.06077,9.466505,4.7289324,2.7921603,17.167973,17.094128,15.017715,30.12543,15.469468,12.824986,16.553324,7.8343863,8.185252,24.965406,7.532723,8.975445,16.880465,16.855524,3.9412384,7.057512,16.460636,21.675266,6.775906,18.769527,17.190855,10.39055,14.857213,20.380983,10.776043,13.929462,8.129257
St. Kitts and Nevis,Latin America & Caribbean,High income,GFDD.DM.11,22.355621,49.35647,23.308685,26.039738,28.687593,30.903439,-13.981064,20.634348,19.42083,35.22216,34.51609,14.58245,47.110317,48.682682,20.684517,40.741505,31.304081,8.795755,45.07096,42.397854,11.29338,45.985184,34.682163,18.504301,16.57159,21.10376,16.86335,19.384201,19.21459,26.88889,39.35547
St. Kitts and Nevis,Latin America & Caribbean,High income,GFDD.EI.08,17.822779,20.18915,17.84624,14.8875,15.300089,22.753729,27.47852,22.53464,27.892668,31.71288,38.60688,39.35219,38.91214,38.310402,50.31519,55.861782,56.389454,56.927895,54.45994,57.572063,61.90651,55.65077,53.38795,24.212889,46.81639,14.95956,14.67488,15.279299,15.61666,16.43673,18.50887
St. Kitts and Nevis,Latin America & Caribbean,High income,GFDD.OI.02,63.47251,68.495964,73.44813,73.95565,70.696945,76.8704,75.71997,75.387314,80.87353,80.79711,93.534096,90.71878,91.31032,101.7372,110.7301,109.4348,106.5262,111.004,97.95312,102.9495,108.066,110.792,125.833206,131.2993,133.0678,138.662,130.7492,120.51871,114.9804,89.215866,96.30829
St. Kitts and Nevis,Latin America & Caribbean,High income,SH.STA.BRTC.ZS,96.88582,99.71635,98.18864,87.437096,94.68094,100.0,102.80658,92.578636,99.4,95.0209,99.4,102.57877,99.5,94.18454,100.0,100.0,99.88426,100.0,100.0,100.0,100.0,100.0,100.0,100.0,100.0,100.0,95.323814,97.30467,95.956825,99.384575,101.13105
St. Kitts and Nevis,Latin America & Caribbean,High income,SL.IND.EMPL.ZS,25.681923,33.31825,40.482956,40.12649,30.464783,31.427454,32.313457,38.20173,31.425825,32.91122,35.150898,30.097445,39.785603,32.255325,28.56225,38.51447,37.603928,27.16062,29.028606,26.298246,29.07772,28.711563,35.548866,31.851028,30.131248,28.780985,33.662186,26.070185,28.370602,36.21033,28.781618
St. Lucia,Latin America & Caribbean,Upper middle income,DT.TDS.DPPF.XP.ZS,2.0945165,3.3606367,3.4399111,3.3063674,3.019929,2.8392055,3.3329303,3.3486347,3.550207,4.2358313,7.193858,6.604512,5.293018,6.7117953,4.2745404,5.1316776,6.8406286,8.959248,8.883516,7.5092764,6.5959954,7.3510523,7.010324,5.571723,3.7543957,6.8981333,4.988425,4.209501,4.039947,3.8601224,8.909409
St. Lucia,Latin America & Caribbean,Upper middle income,EG.ELC.ACCS.ZS,80.78361,81.596054,94.19037,94.95821,97.062775,96.401855,99.382095,91.15974,99.41581,91.96924,89.387436,89.9,90.35829,90.834694,91.30821,91.78119,92.25604,92.73542,93.22202,93.71857,94.2,94.75252,95.34342,95.85738,96.43764,97.03274,97.63971,98.27981,98.877396,99.50218,100.0
St. Lucia,Latin America & Caribbean,Upper middle income,GFDD.AI.01,16020.394,17329.107,12667.292,13171.285,12599.434,13705.089,12424.592,20053.021,7634.238,15274.232,8759.297,11154.941,10883.951,10917.58,9249.358,18784.46,18444.287,7913.1016,6393.81,13769.585,16215.677,9789.339,9051.62,16866.264,21002.582,14320.725,10339.248,10776.708,25168.322,15228.178,21035.707
St. Lucia,Latin America & Caribbean,Upper middle income,GFDD.DI.04,94.77777,95.000465,97.628555,98.18571,98.45223,98.288284,97.5986,98.557816,98.71922,98.836876,99.004295,99.37497,99.39333,99.46061,99.519745,99.59796,99.75063,99.686066,99.82045,99.93679,99.96112,99.952415,99.952995,99.179184,98.75996,104.11947,102.20578,99.376526,102.95977,99.99782,96.60419
St. Lucia,Latin America & Caribbean,Upper middle income,GFDD.DI.05,48.91093,49.8656,46.678078,48.74267,49.80978,51.61078,52.366608,53.40966,54.72886,56.3413,59.115845,64.53234,64.85666,65.447784,65.425735,69.11183,73.186615,73.9212,73.48164,77.698814,75.158165,72.15372,74.51978,73.33721,72.20464,73.01003,72.267624,68.838066,69.67204,62.73989,70.96291
St. Lucia,Latin America & Caribbean,Upper middle income,GFDD.DI.06,2.212908,2.1334941,1.026319,0.90914005,0.7892792,0.8997773,1.373112,0.8754165,0.7758904,0.73897934,0.67015994,0.4531325,0.4424401,0.3509507,0.3230669,0.3037521,0.2048766,0.3098973,0.1796978,0.065896004,0.0393391,0.0460414,0.049381502,0.8243158,1.110336,2.9742153,1.837143,0.4163638,-3.7438385,0.0013288,2.874472
St. Lucia,Latin America & Caribbean,Upper middle income,GFDD.DI.11,40.038082,58.389362,64.418396,57.89173,53.272457,46.06756,48.9426,29.833477,67.629524,53.872467,59.042908,51.06158,50.746746,41.738125,40.06775,42.47997,25.337118,57.997646,58.446796,49.734818,38.059383,35.15496,62.19632,64.886086,49.246567,67.85399,61.83667,66.65607,48.221573,52.056183,53.94465
St. Lucia,Latin America & Caribbean,Upper middle income,GFDD.DM.11,31.416212,63.881992,44.463608,89.986855,36.521698,41.45366,34.19884,31.11241,56.816605,25.336739,30.722832,41.04884,53.162533,49.09297,41.66419,37.974556,29.341904,65.36248,54.73816,77.52841,61.85028,63.565388,93.85872,8.620912,10.77733,9.427715,11.77283,11.83902,13.95557,16.08296,26.63425
St. Lucia,Latin America & Caribbean,Upper middle income,GFDD.EI.08,3.198556,2.896227,4.88213,5.5848656,5.556023,5.724121,5.513404,5.9718337,6.694292,6.780782,7.7898192,8.06968,8.558229,8.51641,9.637828,12.7136,11.673319,12.524139,11.501709,11.11028,10.189449,9.9995775,11.766309,10.56351,8.61681,8.49025,8.247057,7.539287,7.5376763,7.313213,9.048395
St. Lucia,Latin America & Caribbean,Upper middle income,GFDD.OI.02,44.80658,45.712128,43.11467,45.09205,46.308247,47.91912,49.04173,50.19329,51.40136,52.883408,55.70667,61.12601,61.41666,62.023148,61.98253,65.64204,69.46356,70.36424,69.826004,73.949646,71.369896,68.31075,70.72877,69.78232,68.90906,69.87021,68.95238,65.88207,66.75471,60.020443,67.42893
St. Lucia,Latin America & Caribbean,Upper middle income,SH.STA.BRTC.ZS,95.52456,97.233246,98.45411,94.99582,94.35277,100.0,93.38116,99.7,105.23886,99.94038,100.0,88.928986,97.99999,99.00001,100.0,100.0,97.899994,100.0,100.0,87.40995,98.5,95.04341,98.7,91.30181,99.100006,99.100006,88.13006,100.0,94.756035,96.17438,95.390656
St. Lucia,Latin America & Caribbean,Upper middle income,SL.IND.EMPL.ZS,24.453136,22.820002,22.670002,22.46,21.540003,25.61,22.580002,20.27,18.75,19.23,20.57,18.88,17.49,16.6,16.84,19.5,19.780003,18.710001,18.85,18.48,17.99,17.91,17.63,17.14,16.87,16.72,16.6,16.34,14.82,14.69,19.739418
St. Vincent and the Grenadines,Latin America & Caribbean,Upper middle income,DT.TDS.DPPF.XP.ZS,3.1375282,4.0542016,4.1351376,6.30611,6.231923,5.0959067,5.482614,6.5503755,6.2403917,6.980983,6.154814,6.723949,6.5087624,7.8005986,10.199498,11.320137,14.779573,12.319532,13.941967,17.550987,18.520086,18.246016,18.069963,15.658721,11.595701,11.575133,10.37489,11.643001,13.0036,11.737295,19.112852
St. Vincent and the Grenadines,Latin America & Caribbean,Upper middle income,EG.ELC.ACCS.ZS,94.002365,66.799995,69.11443,70.46484,71.813896,73.160904,74.5052,75.84609,77.18291,78.51488,79.881775,82.41,82.468124,83.75227,85.03353,86.31426,87.596855,88.79,90.17833,91.48262,92.79956,94.13186,95.48222,96.85242,98.240425,99.64327,99.80084,99.97771,100.0,100.0,100.0
St. Vincent and the Grenadines,Latin America & Caribbean,Upper middle income,GFDD.AI.01,14264.05,15740.251,9025.031,11542.209,8884.166,12640.4375,11818.767,9738.027,9649.148,11417.185,11687.444,13345.456,12575.117,11875.764,7767.6006,5304.1323,8551.758,11850.041,8922.76,13814.781,13898.751,9454.287,8389.225,16252.96,9759.978,14107.785,5404.769,14081.997,8914.286,10924.839,9588.6875
St. Vincent and the Grenadines,Latin America & Caribbean,Upper middle income,GFDD.DI.04,95.73518,95.16738,96.711716,96.61997,97.00021,97.586006,97.80679,98.00871,98.3716,97.30585,98.51213,98.57069,98.590904,97.10774,98.773026,98.9986,99.309875,99.56516,99.51286,99.5847,99.711266,99.03647,99.094086,98.671875,98.252525,98.03772,97.73837,97.33602,97.13056,97.94837,95.77346
St. Vincent and the Grenadines,Latin America & Caribbean,Upper middle income,GFDD.DI.05,60.449165,57.85434,57.18673,60.81963,64.23261,62.256145,63.382614,67.70434,71.30012,76.96583,73.613625,71.601364,70.91843,69.48072,67.365234,66.425354,62.716114,61.06631,61.898834,62.21239,63.33222,65.30397,66.974754,74.30074,74.695366,70.03999,72.09116,72.17203,71.34538,73.949234,70.603325
St. Vincent and the Grenadines,Latin America & Caribbean,Upper middle income,GFDD.DI.06,1.8380871,2.187954,1.496909,1.569021,1.492568,1.289444,1.247808,1.1849049,0.9673738,1.7362571,0.9535053,0.8826514,0.89289963,1.753403,0.6989266,0.6052287,0.41343388,0.2689581,0.3074211,0.27269408,0.1696504,0.568266,0.5598226,0.8456912,1.037012,1.068785,1.224704,1.471791,1.539048,1.062543,2.500741
St. Vincent and the Grenadines,Latin America & Caribbean,Upper middle income,GFDD.DI.11,8.854841,11.01764,18.70617,5.188366,10.450642,7.897147,11.987134,15.361385,7.066935,2.5420723,6.9947777,3.584984,21.973309,5.1789927,10.720348,9.815862,15.671325,14.946444,14.115246,22.417189,29.950111,14.229794,10.7878895,11.279979,13.276119,33.878143,12.268143,33.22997,17.91567,16.209644,18.321667
St. Vincent and the Grenadines,Latin America & Caribbean,Upper middle income,GFDD.DM.11,-14.1640005,34.92081,25.892403,31.145761,26.254335,35.152275,23.71693,15.139247,40.116848,34.112667,35.186512,34.60054,37.95058,34.455746,30.02493,24.64443,29.979198,41.58422,41.24766,45.254177,35.553707,15.132145,24.336004,6.097569,5.632207,5.553844,5.799687,6.629382,5.8272753,7.261548,8.482349
St. Vincent and the Grenadines,Latin America & Caribbean,Upper middle income,GFDD.EI.08,9.776731,8.398058,9.588396,10.444099,11.77919,11.45472,11.0856695,10.697669,10.21987,10.987919,12.839579,13.26102,15.18559,13.2016,13.639249,17.39558,15.67672,15.9662895,17.27182,17.82175,10.1294985,8.671468,10.261419,8.432927,8.6774435,8.1417265,6.542688,7.6547537,7.194489,6.038013,9.603387
St. Vincent and the Grenadines,Latin America & Caribbean,Upper middle income,GFDD.OI.02,56.75773,55.0795,53.149178,57.16686,60.133717,58.87356,60.298306,64.08369,67.68124,71.513535,69.092476,67.47196,66.8161,65.358765,63.028282,61.671078,58.082832,56.39761,57.820805,58.919247,60.723335,62.873257,64.74902,71.74602,72.081085,67.20311,68.01118,67.97394,66.76727,68.43717,63.84364
St. Vincent and the Grenadines,Latin America & Caribbean,Upper middle income,SH.STA.BRTC.ZS,105.82501,97.33084,103.11983,98.44475,92.2664,100.0,102.69884,98.00884,97.99999,99.3,100.0,100.0,100.0,93.49889,100.0,100.0,102.38783,100.0,99.200005,98.899994,98.3,98.799995,99.200005,99.00001,99.9,98.7,98.6,99.137436,99.83353,108.411865,112.6227
St. Vincent and the Grenadines,Latin America & Caribbean,Upper middle income,SL.IND.EMPL.ZS,22.439499,21.25,21.33,21.42,21.190002,21.24,20.97,21.190002,21.38,21.060001,20.66,20.57,20.540003,20.77,20.83,20.72,21.1,21.320002,21.05,20.800001,20.5,20.35,20.22,20.25,20.01,20.040003,19.98,19.99,19.96,19.88,40.482304
Sudan,Sub-Saharan Africa,Low income,DT.TDS.DPPF.XP.ZS,4.822345,5.7974644,7.206931,5.3844123,0.5362397,10.102677,7.0670886,8.952977,9.788636,6.7696676,13.178895,13.558208,6.7501507,10.583747,8.235738,7.75748,4.854814,3.855449,2.9153585,5.6963744,4.163649,4.809725,7.028365,4.856848,4.281127,10.623497,6.307105,3.963631,4.0761223,3.686913,2.8295207
Sudan,Sub-Saharan Africa,Low income,EG.ELC.ACCS.ZS,32.8,26.919294,27.408611,27.897253,28.384535,28.869781,29.352316,29.831457,30.306528,30.776756,23.0,29.255226,29.525602,29.790567,30.052391,30.313347,30.575792,30.842442,19.969997,28.999998,38.039776,39.820805,41.591995,43.343517,44.9,46.903107,48.849403,50.754715,52.447,53.962536,55.389706
Sudan,Sub-Saharan Africa,Low income,GFDD.AI.01,8327.582,-14522.643,5315.705,6749.526,10774.076,7180.838,5737.297,4165.865,7223.1,-7852.069,5308.6724,6972.198,7347.519,-1541.797,4028.4932,4309.384,2648.6506,5530.937,-2232.2551,6940.307,2556.2048,4391.706,4928.1304,7213.638,6368.169,4489.898,9506.907,5259.921,6204.671,5849.5854,10983.032
Sudan,Sub-Saharan Africa,Low income,GFDD.DI.04,22.66068,26.668499,31.84867,28.694921,37.24538,35.25882,36.39616,38.07492,38.23853,30.47396,27.7059,33.3407,44.552032,50.111378,59.048138,73.13268,79.91406,77.54092,74.45062,76.28888,74.52873,66.49471,60.835667,58.764,58.2525,59.878494,58.35514,60.801945,57.749023,52.297573,36.7678
Sudan,Sub-Saharan Africa,Low income,GFDD.DI.05,31.98238,30.577568,42.97318,31.656097,23.17952,17.768959,10.919829,9.785047,9.3527565,9.361284,10.26534,10.6302395,11.79468,13.17127,13.97602,16.08024,18.18233,16.451199,16.92334,21.163769,20.97609,20.19574,26.0188,21.151138,17.63497,18.55226,16.19702,23.457651,31.630548,33.97453,25.410759
Sudan,Sub-Saharan Africa,Low income,GFDD.DI.06,25.941978,21.82503,31.46358,17.01112,10.03541,6.873406,5.645457,4.15524,3.467086,4.0924172,6.2856784,5.8049088,5.52988,5.845628,4.8689003,3.337135,3.211689,3.385181,4.120633,4.893394,5.091566,6.8917212,10.67661,10.00995,8.412364,8.302778,7.5508313,8.793832,9.995402,11.04513,13.54641
Sudan,Sub-Saharan Africa,Low income,GFDD.DI.11,7.9438367,3.0722969,4.692103,4.431202,4.646479,0.96879417,-2.2859576,9.557741,8.114198,9.374979,4.093028,8.218599,0.60802186,0.30458313,4.560119,7.8748145,0.5329025,0.5015301,0.56663734,0.5910753,0.5314253,0.46217692,0.61477035,0.54510105,0.48261595,0.51912874,0.5609646,0.62934905,0.6653253,6.6021442,6.377172
Sudan,Sub-Saharan Africa,Low income,GFDD.DM.11,59.28743,63.88308,77.81207,60.90266,91.27765,69.57946,68.150696,86.43881,100.56929,40.615253,42.98377,71.65018,71.89073,62.958126,52.338436,86.55392,76.08367,73.75918,99.75846,69.63962,92.328865,50.650925,63.10832,68.73425,97.985565,91.181175,112.88443,101.11087,94.91822,93.59059,86.71258
Sudan,Sub-Saharan Africa,Low income,GFDD.EI.08,0.009897099,1.7791387,5.859883,1.455445,0.8436683,0.3821532,0.18565321,0.116289094,0.1254245,0.1830827,0.2922078,0.41600102,0.7070274,0.8544725,0.89184535,1.270064,2.276251,1.874596,2.6277132,4.185679,4.395215,4.385418,4.642103,3.747071,3.587589,4.127936,4.104546,5.467143,4.621827,3.2867672,2.058163
Sudan,Sub-Saharan Africa,Low income,GFDD.OI.02,15.66158,15.89972,26.50563,19.59414,13.40403,10.54835,6.369527,5.97044,5.456022,5.247274,5.6519547,6.569615,7.496176,8.370276,9.245529,11.12232,12.325371,11.463221,11.55625,14.813621,14.471621,13.16337,17.34662,13.955151,12.06682,12.4547205,10.57828,15.99229,22.19519,17.78997,13.28573
Sudan,Sub-Saharan Africa,Low income,SH.STA.BRTC.ZS,68.49999,88.25745,93.85168,98.76639,98.80939,96.26713,96.50383,95.46338,53.545597,91.305244,101.29746,111.95096,95.32583,90.151375,95.1992,98.155365,49.2,99.22648,99.2625,97.14922,72.49999,92.32331,93.264595,97.89224,77.7,96.012436,93.338936,101.68588,106.58428,106.07784,99.090546
Sudan,Sub-Saharan Africa,Low income,SL.IND.EMPL.ZS,12.250341,10.83,10.890001,10.910001,10.83,10.870001,11.010001,11.250001,11.270001,11.240001,11.33,11.47,11.69,11.92,11.890001,12.270001,12.760001,13.390001,13.94,14.160001,14.23,15.340001,16.060001,16.46,16.63,17.1,17.41,17.68,17.23,16.820002,16.787828
Suriname,Latin America & Caribbean,Upper middle income,DT.TDS.DPPF.XP.ZS,17.809984,21.821657,16.229916,11.147339,22.851341,12.360637,17.525934,7.2001586,29.87249,22.040884,15.146931,11.09682,10.690836,13.182586,5.492656,9.939684,12.282738,10.528792,11.819505,12.607362,12.967266,5.183884,10.58761,7.003756,7.1546493,14.319993,18.285288,8.384524,7.242617,7.0358763,7.940599
Suriname,Latin America & Caribbean,Upper middle income,EG.ELC.ACCS.ZS,92.47076,99.35537,104.3073,104.20196,103.22211,85.92312,84.734924,102.858734,85.459625,99.62406,95.49438,95.397385,95.292816,95.18301,95.07031,94.95708,91.01984,94.738884,94.639275,94.549614,91.19752,94.410934,94.36734,94.34358,94.33763,94.89523,95.816315,96.696335,97.4,97.82542,98.20477
Suriname,Latin America & Caribbean,Upper middle income,GFDD.AI.01,12091.926,18025.803,19836.012,22756.799,13257.875,14875.987,1270.0834,14490.123,10602.193,10290.046,14793.8545,13502.033,14098.563,20030.428,11744.848,5714.887,9337.686,8277.562,11907.504,9542.231,25328.227,7935.811,14088.907,17564.582,2837.5574,1082.6704,1255.5658,1153.0815,1310.0896,1477.4432,1130.4099
Suriname,Latin America & Caribbean,Upper middle income,GFDD.DI.04,38.83226,38.527943,43.58972,39.581512,57.12797,80.830666,87.21338,91.62015,69.287674,54.280167,34.42623,77.36232,64.80666,70.185265,74.40924,78.31752,83.074455,89.36434,92.905945,81.96286,87.72078,88.05651,91.30384,82.77051,90.49867,72.67615,78.540054,81.09283,81.11634,73.44515,58.59803
Suriname,Latin America & Caribbean,Upper middle income,GFDD.DI.05,96.41941,103.3767,91.18784,63.00796,34.59208,25.86454,31.712118,35.19112,40.50602,32.55047,35.80908,30.886019,47.69735,44.292553,47.585617,43.62128,36.67622,42.33521,42.62192,46.74932,45.91248,46.26848,49.372517,53.059578,54.92894,60.622635,78.27046,65.38924,64.32846,64.404724,85.69757
Suriname,Latin America & Caribbean,Upper middle income,GFDD.DI.06,67.34861,72.452805,57.33976,35.59494,6.50933,1.6049961,1.9693651,1.777618,9.967416,14.398649,23.955751,3.909974,10.621921,8.6747,7.86247,6.536297,4.068593,2.621423,1.805575,5.595108,3.673617,3.4717348,2.5118132,6.42027,3.781671,14.38614,11.857261,8.823305,7.947522,11.96085,26.07257
Suriname,Latin America & Caribbean,Upper middle income,GFDD.DI.11,9.804631,7.228075,12.698213,4.575166,17.79335,8.073085,5.43362,3.7631414,5.1464944,29.99894,8.752146,13.066439,12.101616,22.245436,12.666976,19.779987,29.800512,7.6165495,23.304634,4.9675593,4.9110246,5.553187,5.7997975,6.734661,7.5843534,9.949453,13.579101,11.554694,11.716073,21.159636,14.294995
Suriname,Latin America & Caribbean,Upper middle income,GFDD.DM.11,32.777588,10.071207,35.045788,5.1214046,12.754929,21.577871,16.006638,23.333662,25.798384,1.8984294,19.227571,20.312115,20.195507,22.779758,32.470562,22.156237,24.21298,33.091816,8.04219,16.958872,14.599635,0.7987181,0.8256388,0.8208687,0.79584277,1.069185,2.888921,3.4491348,4.891036,4.3450413,4.805119
Suriname,Latin America & Caribbean,Upper middle income,GFDD.EI.08,3.981083,3.758146,2.769511,1.364701,0.361324,0.138235,0.1974969,1.7421491,3.494582,2.315452,3.825125,4.038606,3.118211,2.628855,3.37307,3.55172,3.3271332,2.1604052,1.324912,1.1267359,2.332155,2.029143,2.253409,3.100703,6.3599644,4.9260077,7.553565,10.721339,11.436009,11.266029,15.44872
Suriname,Latin America & Caribbean,Upper middle income,GFDD.OI.02,68.72348,76.316666,68.57917,44.280827,20.92918,16.98086,22.51284,26.29718,28.6958,20.92831,21.74197,19.48651,37.98639,37.59084,41.04235,37.29694,31.467907,36.619747,34.012386,40.02556,38.807438,39.59096,42.110416,47.62726,49.21285,54.43287,72.1725,60.11749,58.86087,57.618217,76.29976
Suriname,Latin America & Caribbean,Upper middle income,SH.STA.BRTC.ZS,87.15822,83.28573,90.98012,89.52806,90.20778,80.0,87.94278,91.478035,96.88006,87.78162,70.9,92.035545,90.0,93.11649,90.0,89.0024,86.5,90.0,90.0,90.0,90.0,96.970474,85.70299,92.37672,91.82226,90.0,92.98972,91.31032,98.4,92.04747,95.915955
Suriname,Latin America & Caribbean,Upper middle income,SL.IND.EMPL.ZS,27.943504,19.190002,19.13,19.33,19.710001,22.25,24.7,23.26,25.98,25.300001,24.910002,24.76,24.44,24.33,24.1,24.12,24.31,24.39,24.53,24.540003,24.670002,24.96,24.92,25.05,25.1,25.08,24.45,24.430002,24.49,24.33,33.200367
Sweden,Europe & Central Asia,High income,DT.TDS.DPPF.XP.ZS,30.183178,22.825079,7.29945,23.21652,16.024704,22.442225,17.090797,24.041195,20.9565,25.769836,11.211331,16.737984,18.419666,19.251406,13.684584,12.881529,15.854965,8.854704,13.873962,11.171705,15.735417,18.796097,15.127256,9.455661,11.005877,7.228601,17.7337,12.952457,15.254099,16.920048,21.937954
Sweden,Europe & Central Asia,High income,EG.ELC.ACCS.ZS,100.0,100.0,100.0,100.0,100.0,100.0,100.0,100.0,100.0,100.0,100.0,100.0,100.0,100.0,100.0,100.0,100.0,100.0,100.0,100.0,100.0,100.0,100.0,100.0,100.0,100.0,100.0,100.0,100.0,100.0,100.0
Sweden,Europe & Central Asia,High income,GFDD.AI.01,24000.5,16949.123,18411.055,15511.683,16638.95,21970.717,15463.631,11441.765,28705.646,23024.703,20642.238,18474.639,19309.434,20160.842,19279.117,12121.265,12026.723,13979.051,19014.65,33914.93,16046.227,17857.334,11253.225,21279.314,15615.934,25021.586,16084.148,20128.385,18923.955,25683.8,37189.793
Sweden,Europe & Central Asia,High income,GFDD.DI.04,94.40905,87.15908,85.62149,88.93322,89.96904,91.50618,92.931404,94.1671,96.74839,97.247154,98.216354,99.986336,99.989716,99.99786,90.667885,99.99783,99.998055,100.03669,103.030014,99.39318,92.072426,101.439026,99.93747,99.81071,99.789734,97.16871,95.18477,94.72058,94.45924,94.892624,95.18038
Sweden,Europe & Central Asia,High income,GFDD.DI.05,41.63522,40.52544,41.918568,43.621418,41.19741,39.36269,41.76377,40.35896,38.211067,39.421276,37.78149,43.92327,43.91227,44.0125,43.001713,46.59325,48.9472,51.28062,54.922703,63.89588,61.833233,63.214245,65.07886,66.155594,65.983925,65.948364,69.269745,72.77847,72.37709,74.08855,87.71589
Sweden,Europe & Central Asia,High income,GFDD.DI.06,3.434926,7.978412,8.816307,5.972248,4.952298,3.724885,3.0179968,2.593112,1.52547,1.222748,0.840147,0.0136996,0.0103143,0.0021453,2.6177862,0.0023882,0.0022424,4.090434,6.5433455,4.8571534,7.423923,4.261305,0.0856779,0.2624605,0.2902275,3.901518,6.847519,7.7378597,8.207862,7.493831,7.573225
Sweden,Europe & Central Asia,High income,GFDD.DI.11,91.2851,43.60112,72.03589,81.78582,76.2757,46.137478,53.40001,61.42734,66.957756,79.50601,77.37758,72.37351,64.11773,68.94691,69.818634,79.249214,69.42346,68.35391,78.0756,89.23752,83.99199,85.25401,87.42686,113.20308,104.277016,121.518135,103.049225,98.95643,93.48985,100.13465,112.52024
Sweden,Europe & Central Asia,High income,GFDD.DM.11,47.072506,40.13327,19.569897,104.89863,44.085926,26.138851,34.105976,36.994728,32.392082,12.55713,16.67443,16.536179,17.822262,20.4576,24.303421,24.42775,32.39806,34.919132,26.76271,34.62622,32.0676,25.01788,26.95121,26.36717,26.61438,25.20275,23.70943,27.2229,24.62607,25.71226,27.63281
Sweden,Europe & Central Asia,High income,GFDD.EI.08,6.95399,6.7954044,5.1335,9.899302,10.17879,8.834297,7.823162,7.131403,9.545613,5.729095,6.4524612,8.462212,7.0847263,6.5745378,6.7017665,9.370317,9.430662,8.569012,7.666401,10.877339,9.050725,9.046314,8.859962,7.989963,8.377551,7.271851,6.841605,7.55083,8.0578785,7.333782,11.067249
Sweden,Europe & Central Asia,High income,GFDD.OI.02,54.91745,68.78326,71.14384,82.634834,67.18843,53.988773,52.02319,65.14967,69.65948,49.265823,76.973495,40.059586,40.22418,40.371727,39.53205,43.16893,45.71938,48.255028,52.009228,56.007446,56.819767,58.67601,60.1669,62.59923,63.755497,64.22375,67.7914,70.92802,70.876205,72.74699,86.43284
Sweden,Europe & Central Asia,High income,SH.STA.BRTC.ZS,105.09678,96.11471,97.95182,95.623665,106.95288,102.14711,98.428566,108.951385,97.18723,105.39282,90.88211,99.77044,72.1245,106.457726,96.87652,95.62577,101.85815,101.44069,96.62057,104.86626,98.583954,101.39156,98.25914,92.94389,101.21239,106.92432,95.205635,102.24793,95.41987,96.645256,91.353775
Sweden,Europe & Central Asia,High income,SL.IND.EMPL.ZS,45.304653,26.61,26.15,25.64,25.52,25.48,25.87,25.55,25.89,24.99,24.36,23.74,22.96,22.6,22.37,22.040003,21.910002,21.65,21.33,20.16,19.9,19.930002,19.65,19.16,18.6,18.29,18.2,18.16,18.18,18.42,28.394276
Switzerland,Europe & Central Asia,High income,DT.TDS.DPPF.XP.ZS,17.296328,37.431564,15.757233,45.240917,6.5383673,12.668291,4.2510767,16.058834,7.733366,10.129908,8.850482,-6.546027,17.190502,15.400055,6.581482,9.251275,12.030289,21.029293,15.90351,13.048482,10.099508,10.572624,-0.022624588,14.666655,4.0225124,11.267799,12.297159,12.27275,17.705393,6.271186,17.499737
Switzerland,Europe & Central Asia,High income,EG.ELC.ACCS.ZS,100.0,100.0,100.0,100.0,100.0,100.0,100.0,100.0,100.0,100.0,100.0,100.0,100.0,100.0,100.0,100.0,100.0,100.0,100.0,100.0,100.0,100.0,100.0,100.0,100.0,100.0,100.0,100.0,100.0,100.0,100.0
Switzerland,Europe & Central Asia,High income,GFDD.AI.01,10835.693,5957.464,2115.8687,5318.3467,12067.821,11499.441,6814.798,15978.774,8188.5703,7993.9346,16023.086,7774.767,14701.631,12210.705,20650.74,9126.014,9097.905,6837.253,6918.577,15412.016,3280.789,13367.136,9978.918,4552.1387,2328.791,7985.3994,9180.293,5863.628,13099.548,7306.6523,14609.295
Switzerland,Europe & Central Asia,High income,GFDD.DI.04,99.187386,99.162025,99.17516,99.19884,99.21024,99.22258,99.210205,98.96018,98.95995,99.031845,98.95304,98.853584,98.72522,98.67194,98.750305,99.590935,99.68082,99.76044,99.7982,99.78298,99.835266,99.83844,99.84495,99.85832,99.83602,99.83504,99.84466,94.94821,96.81918,95.618774,67.35222
Switzerland,Europe & Central Asia,High income,GFDD.DI.05,124.6803,121.26741,121.7476,124.07281,124.820305,125.28501,137.02899,142.737,145.3815,159.6628,133.4319,133.5385,136.15921,141.9725,141.53981,148.3639,149.4072,146.8469,141.0757,147.991,147.8106,159.62411,176.1192,179.1617,183.4032,182.2398,185.5856,206.72955,215.97989,439.03558,189.23322
Switzerland,Europe & Central Asia,High income,GFDD.DI.06,1.250579,1.282101,1.266889,1.247156,1.242555,1.242879,1.250101,1.6634911,1.639669,1.591321,1.630356,1.717388,1.935724,2.053636,1.9460459,0.64118236,0.5109012,0.3895771,0.3186621,0.3619476,0.2722379,0.2717032,0.2717525,0.2362766,0.2754739,0.2791635,0.2683815,1.8225193,6.2023683,6.268436,10.45494
Switzerland,Europe & Central Asia,High income,GFDD.DI.11,111.02272,100.46995,69.48669,107.57051,65.7361,77.83082,79.99124,57.963074,65.52411,80.83057,82.072014,86.62136,81.38562,85.31338,84.625114,82.191284,80.427345,77.76707,70.303024,70.72979,69.66534,69.7667,70.852295,71.9955,74.969574,74.9189,75.389046,100.427376,95.12568,97.936386,100.90527
Switzerland,Europe & Central Asia,High income,GFDD.DM.11,101.10495,38.875404,102.18241,77.33035,43.137177,71.74281,103.90925,97.49898,72.913994,82.11856,83.99074,84.523605,98.032326,100.878204,103.7566,97.06403,115.4674,125.2783,111.131004,128.9645,119.119896,96.25213,106.911896,101.8408,92.340836,92.904175,92.60822,94.706665,86.46186,93.258545,98.934235
Switzerland,Europe & Central Asia,High income,GFDD.EI.08,8.45906,8.682159,9.1809635,11.773079,12.014669,12.14141,12.513589,12.24441,11.729159,11.92073,12.54624,11.73391,12.791659,12.077829,11.64238,10.5287285,10.105689,9.498984,12.5131,12.4137,12.227539,12.920609,14.11044,3.980784,4.3621,4.083402,4.01114,24.187223,32.398293,15.803099,30.023233
Switzerland,Europe & Central Asia,High income,GFDD.OI.02,91.11172,89.52605,90.16263,96.76797,98.37179,101.9309,111.194496,117.0886,119.7799,133.4624,104.1365,104.90399,111.7591,120.25481,120.31861,123.9135,122.406105,118.857704,116.635,128.3671,131.34471,139.55821,150.23041,160.00311,163.6755,164.3278,167.38521,140.02202,184.2859,132.41946,179.93004
Switzerland,Europe & Central Asia,High income,SH.STA.BRTC.ZS,91.19412,4.3837466,92.42799,87.88448,78.067635,87.23518,94.69713,96.96881,96.29405,47.259106,93.488304,96.42478,94.40129,94.54242,101.91882,91.62496,100.0,99.34512,100.359726,98.14139,91.62364,103.93172,95.99077,96.82376,88.7174,92.53541,86.31983,98.75582,92.640816,81.20157,97.31827
Switzerland,Europe & Central Asia,High income,SL.IND.EMPL.ZS,29.686224,29.22,28.05,27.26,27.39,28.42,26.48,25.39,25.15,24.690002,25.0,24.45,23.410002,22.44,22.300001,22.46,22.65,22.540003,22.88,22.14,22.45,22.280003,21.61,21.79,21.29,20.75,20.59,20.52,20.46,20.34,28.787731
Syrian Arab Republic,Middle East & North Africa,Low income,DT.TDS.DPPF.XP.ZS,22.576876,41.34607,37.114075,26.494146,43.87919,15.776927,41.704937,36.119205,28.677465,12.034823,37.24444,36.213284,36.278515,24.219835,24.948606,28.555387,26.631535,20.978773,3.377533,3.8644247,3.1193984,41.579487,37.729126,21.229216,33.848396,22.611832,16.919323,35.474052,14.595264,29.923397,26.806639
Syrian Arab Republic,Middle East & North Africa,Low income,EG.ELC.ACCS.ZS,93.37498,98.988785,87.958916,92.46377,89.96444,84.90984,86.717415,95.4112,108.99318,95.971146,93.48359,93.21865,86.6,92.66836,92.38771,92.10653,99.50577,91.55242,91.28487,91.027245,92.7,91.514725,90.79319,90.1494,89.975494,89.81643,89.669235,89.530945,86.0,89.26921,89.14032
Syrian Arab Republic,Middle East & North Africa,Low income,GFDD.AI.01,4870.5376,5228.6187,6099.6445,11283.155,11746.396,7262.142,9963.373,9578.26,5583.6543,9342.271,10637.346,5633.913,9092.172,2436.7588,11321.633,6948.3833,5642.335,8654.973,195.44623,207.52614,205.83496,208.81363,207.67508,212.05827,8461.925,9055.626,11109.015,3534.8735,12942.101,5579.2095,5118.9087
Syrian Arab Republic,Middle East & North Africa,Low income,GFDD.DI.04,45.03312,48.8093,50.16159,59.589947,52.62965,53.468166,50.723736,51.2067,50.96994,53.6008,54.72924,55.075504,53.38943,58.83732,58.83082,62.987408,64.878334,69.89405,75.82396,77.77023,80.476326,66.36186,80.04233,85.902374,90.96539,93.23139,92.391136,78.0258,92.54375,75.160065,66.09564
Syrian Arab Republic,Middle East & North Africa,Low income,GFDD.DI.05,54.69873,53.31585,53.38966,62.497852,57.34409,55.48632,50.53419,50.68156,52.82626,57.82782,59.492367,68.909676,73.78013,82.79576,77.7279,72.80409,68.15628,65.465355,67.64948,71.35808,73.10891,57.8482,78.00812,77.57747,90.277435,77.2928,90.77477,85.83224,82.596375,86.43768,82.65111
Syrian Arab Republic,Middle East & North Africa,Low income,GFDD.DI.06,39.14649,36.80271,36.68433,37.13236,35.43759,35.82399,35.0692,35.72184,34.27416,33.11386,29.11332,29.910608,28.8045,28.468111,24.46819,20.764389,18.2716,15.73979,12.99298,12.62894,11.39674,19.810831,18.99183,30.45335,30.098907,28.13229,14.109055,42.14142,35.325943,23.914871,25.075558
Syrian Arab Republic,Middle East & North Africa,Low income,GFDD.DI.11,21.080135,36.374817,25.17106,21.533283,34.767002,31.686205,27.042475,30.921574,13.651217,29.285358,27.400629,28.433704,31.478533,17.045187,22.519676,28.935955,41.726288,0.49484423,37.999413,39.683727,0.9841258,42.87137,31.499575,27.641918,29.999744,29.167683,38.89626,14.042351,24.654024,32.961716,31.819248
Syrian Arab Republic,Middle East & North Africa,Low income,GFDD.DM.11,48.786457,45.860813,50.25891,44.659813,35.110016,43.92541,54.951164,47.919563,76.42802,46.62803,-0.66507185,49.269634,101.41585,61.30662,40.878822,79.9621,81.970924,0.0458688,0.062973,0.1684341,0.2297249,42.785492,22.502092,54.736458,45.48457,74.31907,61.440258,77.86075,165.65167,26.528986,28.75022
Syrian Arab Republic,Middle East & North Africa,Low income,GFDD.EI.08,24.61476,26.49292,27.354519,44.011803,29.02958,30.013569,26.45439,27.65036,26.443369,29.05481,27.10726,28.892778,25.522709,30.587538,23.31053,20.57186,19.053461,21.45657,24.36575,24.54464,24.704979,33.27778,23.358448,35.337208,36.051003,31.734129,21.650322,21.048632,43.93437,43.176804,35.736206
Syrian Arab Republic,Middle East & North Africa,Low income,GFDD.OI.02,23.830019,23.262312,24.29944,30.916119,30.03314,29.73913,27.40205,28.24735,29.51746,34.40602,36.589798,44.847298,49.41786,55.0094,49.6699,46.209007,43.8648,44.26313,47.97145,51.37203,52.894066,37.43602,43.583645,59.22218,51.37269,72.70892,53.055374,63.718838,55.014137,61.71781,53.40681
Syrian Arab Republic,Middle East & North Africa,Low income,SH.STA.BRTC.ZS,98.82218,99.64758,93.37395,76.899994,103.6569,99.045715,99.25439,103.91214,102.466736,105.27125,103.04593,105.93359,101.51328,103.40808,89.7,99.79845,91.5,103.80067,108.13178,96.2,114.7975,104.42235,96.96816,100.86665,108.9259,110.36887,110.994446,120.82849,98.282326,102.76777,111.537025
Syrian Arab Republic,Middle East & North Africa,Low income,SL.IND.EMPL.ZS,28.984594,24.99,25.79,26.63,28.61,30.51,29.980001,29.14,28.94,28.29,26.1,25.73,25.910002,25.6,26.15,27.25,28.26,29.060001,29.97,30.680002,31.290003,31.43,28.24,25.03,23.35,22.77,22.560001,22.42,22.820002,23.190002,28.366003
Tajikistan,Europe & Central Asia,Lower middle income,DT.TDS.DPPF.XP.ZS,6.740021,9.39986,14.362107,2.7386982,17.219576,19.73094,15.599929,12.696565,18.521002,13.907884,9.605308,15.540742,9.14847,5.61848,5.8250294,7.251051,5.153285,3.284617,5.174533,4.4743366,2.6848848,2.1471891,2.9557652,3.4586072,4.2760754,5.3475194,7.441343,6.492347,8.630176,7.9822803,6.3804784
Tajikistan,Europe & Central Asia,Lower middle income,EG.ELC.ACCS.ZS,100.935684,101.011185,98.01773,98.18234,99.93316,105.90973,103.41577,96.74413,102.26127,97.0,98.46774,98.6331,99.0,100.0,98.62709,99.3,98.61654,98.61672,98.62414,99.0,98.6715,98.71686,99.1,98.86355,98.96462,98.0,99.20831,99.3,99.3,99.63321,99.7793
Tajikistan,Europe & Central Asia,Lower middle income,GFDD.AI.01,-11298.022,2966.4373,5283.5723,3905.7817,10265.02,7432.5933,7781.213,11482.869,8132.104,3859.0874,4806.535,4700.8916,7820.1216,9092.938,171.8039,196.55351,323.2907,239.08055,237.36179,328.6991,370.3035,415.2601,558.57227,711.86804,998.5682,1209.2924,1053.8191,791.90393,804.4115,941.81635,987.98486
Tajikistan,Europe & Central Asia,Lower middle income,GFDD.DI.04,70.58955,74.016556,77.90351,71.28862,66.950356,44.217724,66.69513,63.957687,49.52666,46.99278,64.93855,54.01674,58.19139,63.906124,76.942116,80.25783,85.666306,93.71989,90.71243,89.095566,91.560745,92.12967,74.52232,79.377365,82.84835,84.10384,66.64436,60.57085,61.878437,64.875114,66.98264
Tajikistan,Europe & Central Asia,Lower middle income,GFDD.DI.05,39.753685,39.58073,33.828934,29.252285,38.619843,28.460135,46.29428,42.328583,7.0799522,6.7235813,8.171824,7.9362216,8.372872,8.290935,7.036164,12.834259,16.48456,24.95846,7.1193833,9.94559,10.426839,11.7345295,11.4241295,11.629939,13.84606,16.58904,15.111031,12.92437,11.73363,10.527679,11.629089
Tajikistan,Europe & Central Asia,Lower middle income,GFDD.DI.06,2.4551044,9.919791,10.327442,4.5666456,9.151087,10.4339285,8.670845,11.4470415,11.61546,12.003381,7.3600497,12.28827,9.813304,6.219867,4.588439,3.902884,2.697813,1.9734571,1.455439,1.6221379,1.248623,1.420544,4.860879,4.953797,4.523877,4.623144,10.49567,10.45697,8.9707575,7.7781887,7.447382
Tajikistan,Europe & Central Asia,Lower middle income,GFDD.DI.11,66.697464,40.71426,21.934412,21.193851,17.268526,25.450554,29.862316,40.962765,21.925394,32.071968,21.2556,54.733162,44.257706,29.59153,49.94746,48.893456,26.75934,27.112356,33.463757,18.604809,19.44165,26.495363,46.44807,30.987307,54.88234,39.89539,43.6465,43.24847,40.922672,42.695156,41.592144
Tajikistan,Europe & Central Asia,Lower middle income,GFDD.DM.11,184.6777,84.36665,40.894287,60.00485,85.94783,36.108795,40.15789,50.890625,55.13036,37.558147,43.832767,46.266075,70.201065,50.5793,104.843575,54.755688,57.177532,130.3668,87.803566,180.85265,0.0088626,0.0149375005,0.006785,0.0206748,0.0125831,0.0113832,0.011508,0.0111957,0.0130933,0.008994499,0.017818099
Tajikistan,Europe & Central Asia,Lower middle income,GFDD.EI.08,1.5541956,3.187221,4.4571075,4.5861073,2.582097,1.6752696,2.4126995,1.5197515,0.10773169,0.0797496,0.071514,0.72316575,0.7248746,0.6262727,0.3436086,0.39879292,1.0904449,0.4913045,3.4692187,0.9881632,4.279898,2.400722,2.091201,2.3288271,1.978887,3.4504602,1.6984651,3.5592391,1.3276839,1.720311,3.070286
Tajikistan,Europe & Central Asia,Lower middle income,GFDD.OI.02,22.14297,15.146807,28.093948,20.098713,31.721075,22.678242,18.620253,22.746885,2.235163,1.983159,3.231361,3.409331,4.067633,4.625326,4.157948,5.370189,7.568793,16.43079,9.224115,9.60546,9.91958,10.721141,10.19074,10.6903,10.90125,12.447491,12.86443,11.22773,9.685406,8.618558,9.6021805
Tajikistan,Europe & Central Asia,Lower middle income,SH.STA.BRTC.ZS,97.04803,90.299995,108.191895,105.265915,82.6,80.9,79.0,72.6,74.1,66.6,70.7,81.1,88.7,88.1,75.1,82.4,78.3,88.4,85.0,87.1,87.7,89.0,87.399994,90.799995,90.299995,97.99999,101.0175,94.799995,106.75616,94.58749,95.45957
Tajikistan,Europe & Central Asia,Lower middle income,SL.IND.EMPL.ZS,20.400091,23.910002,22.76,21.62,20.44,19.2,18.12,17.4,16.930002,16.6,16.53,16.76,17.12,17.61,17.99,17.36,16.86,16.430002,16.03,15.69,15.64,15.510001,15.5,15.54,15.510001,15.5,15.53,15.440001,15.5,15.79,20.059223
Tanzania,Sub-Saharan Africa,Lower middle income,DT.TDS.DPPF.XP.ZS,31.295355,39.431004,39.269592,26.343222,18.435646,17.16144,18.445768,12.176036,18.392937,17.266645,11.231204,7.470978,5.037606,3.6903915,4.228796,3.9175978,2.1001692,1.0435208,0.619235,1.0485193,1.3295375,1.040592,1.027332,2.5156746,2.526058,4.8593707,7.9125295,9.776444,11.66026,12.173212,14.264076
Tanzania,Sub-Saharan Africa,Lower middle income,EG.ELC.ACCS.ZS,16.856632,19.786684,6.8,2.3301878,3.300647,4.2690673,9.4,6.197068,7.1552896,8.0,8.916726,9.861009,10.797707,11.1,11.4,13.585785,14.515698,15.450132,11.5,11.2,14.8,14.2,15.299999,16.4,23.499998,26.170637,32.8,32.251175,35.048023,37.659687,39.9
Tanzania,Sub-Saharan Africa,Lower middle income,GFDD.AI.01,5492.1743,9411.802,7490.8228,3953.842,-4313.921,9823.279,11195.732,4501.829,11160.931,11653.634,10922.988,9204.495,9489.515,6024.2847,9569.808,0.0,0.0,0.0,0.0,0.0,0.0,0.0,0.0,0.0,0.0,4321.822,16974.896,6077.752,4601.5737,10244.612,16118.073
Tanzania,Sub-Saharan Africa,Lower middle income,GFDD.DI.04,55.37356,61.960922,54.13209,55.655693,59.92073,56.789562,56.937656,61.475784,70.36072,67.82041,71.38232,72.087105,81.02205,83.492546,83.4557,81.881325,82.40269,87.07034,88.703354,84.09661,87.14281,87.543495,86.52488,86.69014,86.87775,85.68994,86.69748,89.98646,86.24231,88.94687,79.49639
Tanzania,Sub-Saharan Africa,Lower middle income,GFDD.DI.05,19.9348,19.9692,22.13029,24.46011,24.85646,25.64575,22.2445,20.083618,12.811349,13.118589,13.320539,14.037339,15.253799,15.32688,15.870521,19.153479,20.16372,21.675268,22.29785,22.86668,24.647999,24.124159,23.53002,22.071,22.53442,23.43981,21.112469,20.813099,20.01139,20.27549,20.145569
Tanzania,Sub-Saharan Africa,Lower middle income,GFDD.DI.06,15.57073,12.001961,13.0723295,15.18954,11.771191,10.8052,7.945951,5.733929,2.870039,3.198422,2.7710268,2.844281,2.123553,1.8861321,2.0373318,2.884232,3.0853212,2.562773,2.20554,3.151143,2.66555,2.4522,2.908046,2.889904,2.917255,3.3229792,2.857487,2.065622,2.728312,2.166456,4.4445167
Tanzania,Sub-Saharan Africa,Lower middle income,GFDD.DI.11,4.1651564,6.5688806,-1.3872182,4.733254,5.1975226,4.6794906,-2.1072795,2.2119029,9.339817,2.139578,5.429318,3.653672,5.9472365,0.7346171,0.7266153,0.781997,0.7868963,0.78121865,0.8653338,0.8349875,0.79612994,0.7709344,0.7228461,0.7111591,0.75054914,0.77307004,0.7708494,0.72644883,0.72535545,0.74845415,0.8248247
Tanzania,Sub-Saharan Africa,Lower middle income,GFDD.DM.11,12.041198,15.266497,8.008734,5.059908,17.167074,15.322973,10.498612,-1.2752472,16.121391,22.52836,27.53686,0.007285,0.0052542,0.0094944,0.0080329,0.0111839,0.0116597,0.017194001,0.007211,0.010063499,0.0094464,0.0107369,0.0030477,0.009620099,0.0135744,0.0062919003,0.0100406,0.0054455004,0.0011743001,0.0019528001,16.87552
Tanzania,Sub-Saharan Africa,Lower middle income,GFDD.EI.08,5.418536,5.519607,5.682959,8.267055,7.899108,7.54577,7.4126472,5.604683,3.872207,3.5490272,3.799092,3.583492,4.456006,3.83766,3.706331,0.0056098,5.122943,6.154709,5.667069,5.657308,6.561941,5.025095,5.9436603,6.361892,6.087656,5.426219,5.0637355,5.576394,4.470818,4.885421,4.793903
Tanzania,Sub-Saharan Africa,Lower middle income,GFDD.OI.02,12.930831,13.94306,15.10398,17.31549,17.11434,17.00023,14.965141,13.58983,8.818067,8.795705,9.389697,12.1948,13.37982,13.90392,13.46477,16.142561,17.663351,18.595919,17.9753,18.72569,20.25419,19.85279,19.433191,18.25625,18.39624,19.248411,16.785141,16.69519,15.934741,15.595241,15.53157
Tanzania,Sub-Saharan Africa,Lower middle income,SH.STA.BRTC.ZS,94.759544,91.095856,43.9,96.86604,93.91137,90.79227,38.2,72.52793,86.559654,35.8,71.64896,95.737114,93.804665,103.673935,43.4,45.1,102.4435,94.47425,96.32269,99.57678,48.899998,92.69609,61.399998,92.175255,93.77942,90.60855,63.499996,99.79265,91.79572,86.28039,97.87326
Tanzania,Sub-Saharan Africa,Lower middle income,SL.IND.EMPL.ZS,7.2293305,2.65,2.64,2.63,2.62,2.62,2.63,2.64,2.68,2.74,2.83,2.96,3.32,3.76,4.26,4.84,5.49,5.56,5.63,5.72,5.81,5.92,6.02,6.13,6.25,6.29,6.34,6.38,6.43,6.47,5.090521
Thailand,East Asia & Pacific,Upper middle income,DT.TDS.DPPF.XP.ZS,11.420792,4.8401093,4.8844056,4.357408,4.5337925,3.7420998,2.9169915,2.6609287,3.477911,5.67804,5.784918,8.193951,10.624391,7.964224,4.185492,2.367361,2.030184,1.0963902,1.1301911,0.5553502,0.43233722,0.52926606,0.36980015,0.5162358,0.24345759,0.50282717,0.27937913,0.25089902,0.4769471,0.5905337,0.50948274
Thailand,East Asia & Pacific,Upper middle income,EG.ELC.ACCS.ZS,103.295006,112.33258,113.11402,97.70434,100.43716,93.82132,107.14551,107.01101,112.55832,88.472916,82.1,90.45138,91.08022,91.70383,92.32455,92.94473,99.1462,94.19337,94.82717,98.96,99.7,99.35184,99.10863,99.440575,99.461945,99.600006,99.84996,99.90001,99.82001,99.90001,100.0
Thailand,East Asia & Pacific,Upper middle income,GFDD.AI.01,7232.5596,5741.0747,10767.153,4110.0186,10632.228,9612.026,10379.92,14280.994,4097.4985,6969.769,10732.378,8009.1616,10197.811,4217.316,12870.499,6545.434,960.0363,1009.4085,1023.69543,1036.3292,1071.57,1127.8314,1118.5833,1149.9514,1171.4841,1188.672,1211.9122,1267.8074,1281.2147,1327.4283,1372.0105
Thailand,East Asia & Pacific,Upper middle income,GFDD.DI.04,97.61938,98.15452,98.32616,98.95268,99.59337,99.61127,99.504105,98.94553,97.11651,97.35972,97.81448,97.37161,98.04248,98.1374,98.46405,98.62493,98.34339,97.550804,97.25443,97.05067,97.35117,97.83628,98.16216,98.47852,98.68776,98.56929,98.38756,98.1491,98.01187,98.227486,98.08213
Thailand,East Asia & Pacific,Upper middle income,GFDD.DI.05,73.474915,76.859215,78.13287,83.63287,81.88876,84.335686,84.8252,99.86541,110.1262,112.20311,111.209305,111.2387,106.952805,111.2216,106.348206,102.5569,99.254944,91.76361,92.80585,90.416794,87.26909,92.83801,103.1156,107.269,108.296104,110.8262,109.7174,109.09241,108.8852,109.5362,129.5129
Thailand,East Asia & Pacific,Upper middle income,GFDD.DI.06,2.2430952,1.813477,1.7577089,1.230546,0.54075664,0.5645069,0.7566707,1.826254,4.847393,3.855992,2.692873,2.9516768,2.266099,2.092954,1.713045,1.489496,1.6926531,2.430894,2.761009,3.1220782,2.791342,2.501463,2.233415,1.914799,1.697986,1.8941071,2.072283,2.358589,2.54235,2.241822,2.826356
Thailand,East Asia & Pacific,Upper middle income,GFDD.DI.11,33.513092,19.841599,23.785019,14.11489,14.368234,25.088305,20.595272,29.360048,6.911886,23.186518,24.184208,20.707148,7.894876,9.0193405,9.417393,9.883719,9.955106,10.521852,10.642853,12.454806,13.2966385,20.202574,18.691051,18.424028,20.64611,22.01763,23.030897,23.500732,23.72119,33.048965,27.583523
Thailand,East Asia & Pacific,Upper middle income,GFDD.DM.11,30.608812,-8.95149,54.12628,21.17322,21.459797,16.633316,23.911615,24.197233,7.9017763,15.949957,0.3441665,0.6176379,1.195078,1.576038,0.5384758,1.324866,1.378269,4.540473,3.873811,7.146492,5.2761526,4.037992,5.521589,5.3625603,6.25868,6.256632,5.303547,5.819921,5.286684,5.923813,5.2765794
Thailand,East Asia & Pacific,Upper middle income,GFDD.EI.08,11.97802,10.31331,8.603077,8.254337,6.763873,5.870739,5.519228,4.862549,9.855045,14.47123,15.40021,16.269209,16.62834,16.13994,14.675159,13.003689,11.577409,10.595779,10.105059,12.39429,11.906339,11.679339,12.91775,12.41698,13.703919,14.638579,12.70231,12.98956,13.202279,12.98205,18.98038
Thailand,East Asia & Pacific,Upper middle income,GFDD.OI.02,67.56979,71.2276,72.13337,77.42273,75.473206,77.75383,78.46774,92.8509,103.5302,102.225296,103.5033,103.2677,98.667694,102.7948,98.03866,94.5902,91.81309,86.58662,88.19774,93.74232,91.123405,96.80398,108.9162,113.7968,115.751205,117.17491,114.7548,113.5236,112.9723,113.4294,134.9653
Thailand,East Asia & Pacific,Upper middle income,SH.STA.BRTC.ZS,92.89056,90.88906,89.581726,91.62236,96.06825,94.77626,98.124985,99.36623,100.073364,96.67972,99.3,100.658035,98.961555,92.37955,95.82648,98.9436,96.9,96.87176,93.07006,99.4,98.23869,93.48563,99.6,99.6,88.10335,99.8017,99.100006,93.44528,99.455345,93.15448,96.44937
Thailand,East Asia & Pacific,Upper middle income,SL.IND.EMPL.ZS,24.267159,15.45,15.770001,17.55,18.03,19.77,20.79,19.72,17.710001,18.37,19.03,18.83,19.92,21.07,22.210001,22.38,21.95,21.92,21.18,20.780003,20.64,19.44,19.820002,20.24,23.52,23.68,23.68,22.85,22.81,22.84,22.185268
Timor-Leste,East Asia & Pacific,Lower middle income,DT.TDS.DPPF.XP.ZS,7.4042764,11.591924,25.073595,7.6230044,8.450801,12.701239,12.166955,12.567297,8.2902355,8.2417555,6.9841695,7.2357874,7.0387874,7.4846406,7.910409,12.200474,0.0,0.0,0.0,0.0,0.0,0.0,7.666767e-05,0.0018154808,0.00811651,0.02199259,0.12417994,0.19778077,0.3146459,0.5459839,1.0777055
Timor-Leste,East Asia & Pacific,Lower middle income,EG.ELC.ACCS.ZS,68.59153,55.74386,54.3096,64.115906,65.595345,68.105316,59.174675,60.476925,61.44112,50.431908,17.592812,25.599998,23.963612,27.7,30.31347,33.486423,36.661243,36.6,43.027164,46.22368,38.0,52.657364,55.899952,59.162376,62.442604,67.28153,76.5,79.77896,85.3814,90.79865,96.123314
Timor-Leste,East Asia & Pacific,Lower middle income,GFDD.AI.01,5449.786,14597.487,1221.1476,15946.315,30493.646,7206.2573,9504.802,8486.737,15107.936,6868.1743,10231.084,7131.981,9828.822,14057.761,62.184193,69.55494,69.87889,81.11552,113.35409,135.19771,155.72932,261.05496,374.08215,377.36032,450.66052,543.183,495.8478,543.9991,510.64484,535.9907,539.5121
Timor-Leste,East Asia & Pacific,Lower middle income,GFDD.DI.04,81.329056,81.781265,84.285095,92.22798,83.93454,70.86981,75.52218,101.91361,87.89471,97.92684,84.31888,86.61184,96.73985,98.74644,99.972946,99.97446,99.12004,99.78059,89.76472,98.7219,82.83675,90.57163,97.36289,97.98099,97.075035,98.05819,97.800964,98.62877,98.563194,98.38979,99.17981
Timor-Leste,East Asia & Pacific,Lower middle income,GFDD.DI.05,78.08655,34.301357,46.059124,63.565536,42.377014,38.202297,58.62364,54.62029,36.614925,58.85148,57.317825,48.268955,9.301988,12.56644,14.94725,16.85998,22.01277,26.476479,29.708279,36.9178,33.45715,30.93125,35.06955,35.84051,41.44421,40.28207,44.46129,50.934372,53.57576,38.49132,45.680122
Timor-Leste,East Asia & Pacific,Lower middle income,GFDD.DI.06,3.7775452,-7.0785913,3.6456254,1.5733054,-6.18238,7.8711886,3.4360492,-20.414694,1.5360045,-0.9826709,-0.5865796,-0.13941318,-1.2415677,0.0678269,0.0054260003,0.0058492,0.2180021,0.0407039,1.8004279,0.1840694,2.5699708,1.3184,0.3637539,0.2629882,0.3875493,0.25802812,0.2770508,0.22034809,0.22665289,0.2072876,0.1251803
Timor-Leste,East Asia & Pacific,Lower middle income,GFDD.DI.11,22.026737,15.4629135,2.3645568,17.5617,12.560741,8.6243,11.867096,31.575302,31.12466,28.097094,18.14936,24.11617,25.922112,17.875853,14.014661,20.046366,36.464672,24.389362,24.341213,20.897987,16.191538,15.795747,28.30817,35.88341,31.907942,20.08705,24.2896,25.769001,24.515408,29.71322,30.536652
Timor-Leste,East Asia & Pacific,Lower middle income,GFDD.DM.11,63.717922,112.81006,90.88748,169.3148,314.3883,164.58644,73.96054,116.10175,105.270935,125.42798,113.73491,140.1427,156.8121,149.73392,127.23374,116.2496,165.46507,384.30038,186.15347,178.97993,134.93591,110.78722,120.172195,162.42444,167.33508,167.26137,114.09163,230.06203,234.05678,210.59149,184.30484
Timor-Leste,East Asia & Pacific,Lower middle income,GFDD.EI.08,13.669899,17.253504,28.513577,12.374035,12.913008,18.177374,14.226355,19.526176,7.0809155,29.921743,28.657114,26.005428,17.973654,17.579956,17.625978,21.890785,21.828642,17.168646,23.726925,16.803188,21.291336,19.170351,18.484676,35.757423,23.710575,37.871037,23.1504,35.495632,13.734695,23.616238,12.414016
Timor-Leste,East Asia & Pacific,Lower middle income,GFDD.OI.02,40.874203,29.092184,39.543507,28.286354,41.579456,31.406208,31.822927,37.8174,17.792515,39.36765,48.377605,37.725952,9.301989,12.44346,14.696679,16.47279,21.61374,26.05779,29.329918,36.532467,33.07453,30.560667,34.65857,35.356167,40.76847,39.52724,43.58228,49.99834,52.428616,37.49598,44.447556
Timor-Leste,East Asia & Pacific,Lower middle income,SH.STA.BRTC.ZS,82.7989,72.649475,85.9324,90.55791,89.7418,89.619156,83.88942,25.8,88.26306,92.78966,80.631,88.77009,24.0,18.4,89.96322,95.54449,92.91112,77.366165,95.51189,83.08895,29.300003,91.827705,95.37396,93.63296,92.40994,84.162704,56.7,94.72848,92.87682,97.13694,92.5059
Timor-Leste,East Asia & Pacific,Lower middle income,SL.IND.EMPL.ZS,19.765142,7.750001,8.000001,8.290001,8.56,8.85,9.06,8.870001,7.43,7.02,8.72,9.270001,10.000001,6.89,5.84,6.02,6.22,7.33,8.370001,9.44,9.3,9.56,9.870001,10.900001,11.640001,13.45,15.370001,13.45,14.35,16.320002,14.627352
Togo,Sub-Saharan Africa,Low income,DT.TDS.DPPF.XP.ZS,11.478079,7.5198946,5.432658,6.0137253,4.7143426,5.423747,9.266103,9.82055,6.977563,7.6214676,5.451664,6.4849772,2.3027682,2.3877501,2.646969,2.3430579,2.7667038,1.288583,15.823152,4.1889653,2.5875826,0.7171289,1.1259847,2.22633,2.7893057,3.2181897,4.8088574,5.432104,5.557635,5.4041047,5.0897775
Togo,Sub-Saharan Africa,Low income,EG.ELC.ACCS.ZS,44.979706,38.403797,35.383255,54.47421,40.968132,48.7503,39.693104,48.639,15.299999,16.073,16.956234,19.600367,21.352861,23.100119,24.844492,26.588327,27.899998,30.084267,31.841726,33.609127,30.791742,39.7,38.998062,40.831367,45.7,44.64759,46.76501,48.0,50.0,52.36311,53.997433
Togo,Sub-Saharan Africa,Low income,GFDD.AI.01,4284.578,-4717.3877,7675.222,2960.9448,4436.292,7603.7217,-3052.8662,5922.807,5298.87,1883.8774,3493.8567,2242.0178,-1161.4412,-5439.3643,81.37813,58.34168,64.03658,72.98893,213.33714,197.27121,158.82904,157.23477,156.92142,168.00026,248.41394,235.79712,219.65002,230.9615,216.3423,230.93216,239.75482
Togo,Sub-Saharan Africa,Low income,GFDD.DI.04,70.607956,74.15834,73.80591,71.98483,69.6248,66.75245,69.06253,72.2849,69.995026,70.317444,70.29802,72.02303,74.89447,81.25195,86.50335,90.40692,91.98897,94.52638,92.81483,85.29377,83.83435,84.75193,87.5104,89.3166,91.6876,93.49186,95.76198,94.8707,94.15344,93.187225,89.69524
Togo,Sub-Saharan Africa,Low income,GFDD.DI.05,36.0501,36.47075,30.16565,32.436707,29.96439,30.58327,24.970598,22.522099,21.05509,22.021328,23.26793,22.09095,19.76352,21.191101,25.79738,26.07082,31.334898,35.269573,35.84811,38.80376,42.25584,45.41658,45.73066,45.35186,48.43481,53.229717,39.712677,42.04903,43.08395,42.03796,45.43344
Togo,Sub-Saharan Africa,Low income,GFDD.DI.06,9.449583,8.736785,8.926555,11.5663595,9.13207,10.87099,9.364673,7.5458355,8.172479,6.9866343,6.316994,6.0732465,4.622972,3.768639,3.111877,2.3857331,1.9708071,1.399551,2.324226,5.698773,6.497697,6.510893,5.830326,5.077476,4.288246,3.330694,1.770862,2.253716,2.641912,3.1153948,4.684736
Togo,Sub-Saharan Africa,Low income,GFDD.DI.11,-2.6511183,3.771318,2.445023,1.2508074,2.0481303,3.890343,9.642001,3.1323977,1.2310753,8.18257,1.495725,1.5230249,4.009493,3.5132306,1.7549045,1.9292545,1.8860947,1.7447914,1.5773429,2.2763896,2.5774252,3.0292368,3.264228,3.544894,3.86904,3.8294935,3.7431848,3.9240096,4.237823,-0.5279969,3.767026
Togo,Sub-Saharan Africa,Low income,GFDD.DM.11,33.647167,14.84216,7.117491,26.417946,10.200487,20.417845,26.05269,-1.6192429,22.022827,0.4376675,0.4340549,2.651834,2.7587001,2.66833,4.205678,3.9499,4.232737,3.7363858,3.457819,3.363364,3.9167998,8.224034,8.580622,6.4862733,12.432529,10.84601,22.048971,22.68379,22.65954,24.84814,25.948286
Togo,Sub-Saharan Africa,Low income,GFDD.EI.08,0.27790192,0.2371814,0.37104592,0.4160986,1.768774,1.478832,1.7761191,1.614686,1.613053,1.301947,1.0211849,2.6618862,2.7862449,2.4674642,5.2081757,6.296704,6.7637043,2.800028,8.754283,9.200985,9.354149,8.083115,9.612185,10.25597,12.34538,10.797619,12.770149,16.186779,20.100979,21.107561,18.8669
Togo,Sub-Saharan Africa,Low income,GFDD.OI.02,28.585121,28.220442,25.039259,29.160547,21.54207,19.13397,16.83177,15.35893,13.76731,13.39417,13.945311,13.926341,14.232171,17.00159,19.40887,20.674341,22.959099,25.246,26.737911,29.463648,30.941,34.19684,36.963917,37.04668,41.25766,42.73921,32.75859,33.838726,34.523457,33.965126,37.80123
Togo,Sub-Saharan Africa,Low income,SH.STA.BRTC.ZS,87.04897,92.510765,84.98494,88.267746,82.539024,88.84716,91.89833,88.82034,50.5,77.832954,35.4,88.79961,88.20098,60.8,85.49152,86.70252,52.399998,94.38343,89.60724,74.350105,43.9,92.72258,92.52875,82.79802,44.600002,89.73647,81.85282,69.399994,89.778336,92.81971,88.49269
Togo,Sub-Saharan Africa,Low income,SL.IND.EMPL.ZS,19.676699,15.130001,15.049999,14.91,14.82,14.770001,14.68,14.57,14.43,14.29,14.270001,14.1,13.93,13.770001,13.520001,13.280001,13.120001,13.010001,12.81,12.770001,12.7,12.67,12.640001,12.72,12.72,14.7,16.92,19.33,19.280003,19.210001,17.77184
Tonga,East Asia & Pacific,Upper middle income,DT.TDS.DPPF.XP.ZS,3.4806042,4.3470616,4.694209,4.4561443,7.2925286,1.2462581,5.780988,9.487111,9.42781,12.084783,6.5593796,9.786335,8.886565,8.230345,8.631919,9.761099,8.579507,10.631618,8.748697,7.165323,9.318655,6.5467277,6.1471677,5.682095,6.729059,7.277345,5.0674343,3.9974778,6.5779276,3.3098657,3.9465625
Tonga,East Asia & Pacific,Upper middle income,EG.ELC.ACCS.ZS,102.57598,93.19532,95.97214,95.47273,80.0,81.788475,82.55437,83.31686,84.07527,84.82884,85.57863,86.293625,87.00104,87.70322,88.40251,89.101265,92.3,90.50704,91.21943,91.94175,92.67672,92.17545,92.8,94.983665,95.7897,100.0,97.02,98.36157,99.13257,98.4,100.0
Tonga,East Asia & Pacific,Upper middle income,GFDD.AI.01,6621.862,7120.475,8610.576,20115.719,7889.9688,14036.608,5962.8335,14498.236,8495.35,11939.703,10544.772,5453.6963,8224.009,11587.191,7032.4727,17467.256,10296.921,13134.166,14683.794,2311.6675,6520.0547,2766.3674,12020.373,10982.069,13286.789,29135.531,988.90076,1120.361,761.21533,11631.804,17438.646
Tonga,East Asia & Pacific,Upper middle income,GFDD.DI.04,81.856766,86.007774,86.180954,86.199104,90.486465,95.17497,95.348495,95.788086,96.11681,96.101715,95.9392,94.964676,94.093864,92.46318,95.65556,94.61018,94.62789,95.48135,77.71175,98.04238,94.35895,92.40008,99.905266,99.94161,99.69291,99.56288,99.58279,99.668045,99.56878,99.22132,99.20043
Tonga,East Asia & Pacific,Upper middle income,GFDD.DI.05,33.45973,32.19903,28.47943,34.22184,26.48762,26.961248,27.449718,29.5864,32.29863,32.79404,36.52032,39.57806,38.15089,39.18398,41.99229,47.69378,43.44905,48.41716,44.5261,44.863132,43.9286,40.298267,43.24722,45.54188,48.60497,53.01741,54.91709,55.083748,56.39577,51.73713,62.652096
Tonga,East Asia & Pacific,Upper middle income,GFDD.DI.06,8.916389,6.0713367,5.649852,5.8621593,3.67772,2.069277,1.987897,2.00227,1.9095961,1.713886,1.9000659,2.470929,3.039748,4.090197,2.103144,3.2007248,2.826915,2.678143,2.4287493,2.2601385,1.8196346,4.266683,0.033103,0.0218925,0.121305,0.1823267,0.1870841,0.1509033,0.2045037,0.3537709,0.37876382
Tonga,East Asia & Pacific,Upper middle income,GFDD.DI.11,-0.47782564,8.380686,2.845455,13.769256,1.7631778,11.675307,5.693168,2.5518928,12.610452,4.499529,-0.67210203,11.267354,9.476723,2.6538332,3.8926256,3.6980095,9.013592,7.4864783,6.5150146,10.730996,3.2813118,11.120426,9.714062,14.739882,11.664803,11.229601,10.239665,13.123519,7.951237,15.689923,12.777936
Tonga,East Asia & Pacific,Upper middle income,GFDD.DM.11,48.337006,49.076523,67.801,63.68475,52.552643,68.42771,34.234016,38.470078,32.556313,66.132576,47.749184,62.460712,39.151714,42.35091,43.74614,41.195164,70.195526,44.15266,23.711372,84.63487,68.66596,47.388313,26.359228,83.04386,79.64893,92.04393,79.76235,162.8127,78.44955,67.748985,51.643295
Tonga,East Asia & Pacific,Upper middle income,GFDD.EI.08,2.0113661,4.1140103,4.032592,3.7583911,4.661305,5.310504,5.155961,5.128814,4.996757,4.447369,4.424489,4.674478,4.361072,5.540801,5.7074504,3.330625,1.54804,1.498411,3.007226,3.4684749,5.6681933,4.037536,4.316298,6.805099,7.9175363,7.626595,7.426413,7.466776,7.776046,7.6914425,8.177268
Tonga,East Asia & Pacific,Upper middle income,GFDD.OI.02,28.912169,28.04121,24.61953,30.103298,23.64856,24.20335,24.946121,27.20422,29.472008,29.79921,33.579338,36.42807,35.159416,36.01442,38.35993,43.671757,39.78605,44.65928,40.78145,40.93316,39.91676,36.34166,39.076927,40.78899,43.07555,46.79543,48.49086,48.27801,49.587547,46.06188,54.26947
Tonga,East Asia & Pacific,Upper middle income,SH.STA.BRTC.ZS,93.99999,92.0,107.25068,98.0507,102.85932,108.39442,96.44066,101.64377,105.62545,96.0,95.0,95.299995,95.1,97.0,97.99999,96.1,97.99999,97.99999,97.0,98.100006,99.00001,102.85301,95.50001,103.43148,100.28346,93.065765,95.480286,97.14412,93.97364,104.36329,108.14316
Tonga,East Asia & Pacific,Upper middle income,SL.IND.EMPL.ZS,35.12979,28.020002,28.0,27.94,28.98,29.42,29.4,29.18,29.29,29.520002,29.99,30.560001,30.63,30.58,30.24,30.48,30.780003,30.339998,30.619999,31.08,31.45,31.680002,31.38,29.61,29.62,29.69,30.08,30.39,30.36,30.870003,32.3322
Trinidad and Tobago,Latin America & Caribbean,High income,DT.TDS.DPPF.XP.ZS,7.145554,18.41328,13.81259,17.811296,-1.0874009,16.56109,11.69872,12.878907,15.286053,9.492875,19.447805,13.450495,15.508075,13.4185915,10.372568,21.759987,11.674582,9.71068,9.574986,16.059748,10.296062,8.19886,11.522079,14.1982765,10.165027,16.69804,13.31054,5.705861,14.37613,5.4828873,20.79147
Trinidad and Tobago,Latin America & Caribbean,High income,EG.ELC.ACCS.ZS,103.932884,91.7403,84.42844,90.64649,102.0935,90.14558,98.05635,100.770096,98.45243,94.940605,91.29,96.93202,97.123146,97.30902,97.49202,97.67448,100.0,100.0,100.0,99.0,100.0,100.0,100.0,100.0,100.0,100.0,100.0,100.0,100.0,100.0,100.0
Trinidad and Tobago,Latin America & Caribbean,High income,GFDD.AI.01,16591.434,19316.684,16437.125,17360.645,30152.412,27384.203,35342.68,12317.758,14242.0,12498.475,15422.635,17789.668,18351.143,10550.896,20956.959,17099.8,9047.185,13498.57,21204.03,18442.256,13125.648,15904.839,10968.584,11032.97,18481.84,13021.614,21201.564,12469.7,14486.309,10194.819,15656.588
Trinidad and Tobago,Latin America & Caribbean,High income,GFDD.DI.04,77.08652,76.50457,73.40318,81.56857,85.23541,91.216385,96.23701,93.50198,93.846054,93.3193,94.41532,94.22514,93.99926,94.07592,95.74999,93.57516,93.716995,95.91987,95.63406,98.37109,72.6267,70.453766,69.016685,66.27884,65.791595,63.32064,69.41341,65.62811,64.14484,68.70467,68.22643
Trinidad and Tobago,Latin America & Caribbean,High income,GFDD.DI.05,54.63166,53.45885,50.025223,53.18947,51.67015,50.028553,53.87151,57.39127,62.651287,59.233994,54.07042,55.23367,54.9944,43.48935,43.14367,43.8761,46.35809,42.77776,39.13158,67.12647,53.81471,47.00579,55.85311,54.33962,57.816628,64.479355,71.36366,67.513214,66.55465,68.45198,81.9162
Trinidad and Tobago,Latin America & Caribbean,High income,GFDD.DI.06,11.51493,12.4396,14.0565195,8.607711,5.262403,3.4242883,1.4250441,3.1941178,2.8653011,2.972018,2.2008262,2.362355,2.538174,2.010472,1.42155,2.3788471,2.302182,1.4532319,1.358314,0.7881333,16.40323,16.043049,19.58674,21.34456,23.97342,30.42947,26.72384,30.09475,32.47161,26.40426,31.386591
Trinidad and Tobago,Latin America & Caribbean,High income,GFDD.DI.11,20.686693,25.530079,14.369901,43.166786,28.90247,25.281546,22.603329,23.604897,18.922882,25.915745,19.577719,23.368944,27.99635,27.14573,30.933512,44.470947,15.371593,12.462193,9.635719,15.110063,13.944628,12.9643345,13.956166,14.114765,14.819252,17.02863,19.85759,20.82687,20.207857,21.886734,24.224907
Trinidad and Tobago,Latin America & Caribbean,High income,GFDD.DM.11,33.599346,47.28377,49.10236,36.913437,22.156393,52.03159,40.38031,27.335867,43.729416,23.389019,49.192467,56.06174,48.11258,30.329376,56.55515,160.14777,67.512924,45.144207,50.78564,43.96196,176.94647,13.76454,16.88275,19.825369,22.44194,29.17862,31.531399,31.71953,30.32564,33.727673,32.21822
Trinidad and Tobago,Latin America & Caribbean,High income,GFDD.EI.08,8.74341,6.662725,5.351319,6.1146665,4.290248,7.853838,8.1407795,12.747349,8.262297,7.57922,5.282937,9.851495,10.61665,9.308487,8.208081,10.8008795,7.483182,7.0049205,5.982139,15.228169,14.933869,12.271649,15.25219,14.110859,16.617949,17.95815,22.101377,19.592709,19.181778,17.15744,21.15838
Trinidad and Tobago,Latin America & Caribbean,High income,GFDD.OI.02,40.80645,40.00736,36.26941,39.08608,39.062557,37.50438,42.55841,45.567398,48.16962,44.23719,42.102535,42.289337,43.369587,33.47007,33.319927,35.182056,37.091476,34.51436,31.497377,59.14153,50.32195,44.377846,49.85661,49.23837,53.07526,59.40196,65.43884,60.616215,60.97414,64.089485,75.56866
Trinidad and Tobago,Latin America & Caribbean,High income,SH.STA.BRTC.ZS,97.60738,100.56589,99.36346,98.3,97.99999,97.5,97.99999,98.4,98.200005,98.4,96.0,99.200005,98.7,99.200005,99.00001,92.79313,96.9,102.942696,99.5,96.36955,110.84261,97.99999,100.0,100.0,100.0,99.9,100.0,100.0,106.489365,101.231674,97.99601
Trinidad and Tobago,Latin America & Caribbean,High income,SL.IND.EMPL.ZS,33.454144,28.800001,26.98,26.39,25.410002,25.52,25.53,26.39,28.2,27.73,28.08,28.87,28.5,28.57,30.320002,31.110003,30.85,31.84,32.27,30.460001,29.76,28.58,28.520002,28.74,28.12,27.94,27.38,27.07,26.86,26.64,39.58385
Tunisia,Middle East & North Africa,Lower middle income,DT.TDS.DPPF.XP.ZS,25.55907,24.859034,20.640038,21.218513,19.51957,17.274746,16.839714,15.994382,15.629077,16.15963,20.668627,13.213714,14.232193,13.566172,13.905678,11.568233,13.482024,10.375261,6.659105,9.179843,8.690923,10.175257,9.412374,8.389274,8.038329,8.920547,9.866459,14.285951,12.596998,14.86551,15.776072
Tunisia,Middle East & North Africa,Lower middle income,EG.ELC.ACCS.ZS,91.34234,98.961235,103.60217,96.80085,86.799995,88.7,90.4,92.0,93.200005,94.2,94.8,97.3,97.8,98.4,99.0,99.3,99.4,99.4,99.4,99.5,99.5,99.5,99.5,99.7,99.8,99.90001,100.0,100.0,99.8,100.0,100.0
Tunisia,Middle East & North Africa,Lower middle income,GFDD.AI.01,-507.0073,4732.3486,8901.267,20243.074,6666.5903,4317.136,7930.876,15180.796,14048.588,15476.231,6829.257,8327.061,8207.926,9338.059,4233.134,620.2564,615.1671,627.49866,644.2685,671.405,700.5101,752.7071,805.81714,836.2882,867.53827,951.8383,990.82513,1032.7328,1068.7014,12728.216,11456.946
Tunisia,Middle East & North Africa,Lower middle income,GFDD.DI.04,99.053215,98.703766,98.5452,98.574425,98.97952,99.124954,98.94132,99.48334,99.18304,99.252014,99.098816,99.134674,99.257034,99.656204,99.6127,99.684204,99.18653,99.673836,99.70353,99.75642,99.82564,99.84451,98.98632,98.54479,99.26369,99.800835,98.98417,98.91003,97.867294,97.62068,94.31913
Tunisia,Middle East & North Africa,Lower middle income,GFDD.DI.05,51.49614,48.98956,49.00165,48.94213,48.98391,48.41747,48.99413,47.15489,46.52463,50.402,52.36296,53.89935,54.55374,53.9096,53.70141,54.95982,55.953037,57.81222,59.845592,63.654606,63.278065,67.52296,66.727646,66.51412,66.70938,66.96306,68.0222,70.71451,60.564163,61.470703,71.73914
Tunisia,Middle East & North Africa,Lower middle income,GFDD.DI.06,0.5938127,0.7925313,0.8549082,0.8327355,0.59028816,0.4977598,0.5423338,0.25402078,0.40137753,0.3764174,0.5338221,0.5427324,0.4680559,0.2152098,0.24672699,0.2014028,0.5154446,0.20933019,0.1959244,0.1668739,0.1261953,0.1247169,0.8078241,1.1710659,0.59996957,0.1647672,0.8817936,0.9995834,1.68322,1.8139911,5.420606
Tunisia,Middle East & North Africa,Lower middle income,GFDD.DI.11,7.039286,3.9903448,3.0052302,2.140341,8.851467,2.2601135,10.065949,7.067208,25.749653,2.6651583,5.159056,0.43970338,0.5295552,0.6280461,0.631358,0.60404575,0.59742725,0.583381,0.80038786,0.88978344,0.88812053,4.4774404,4.431988,3.8427486,4.5622663,4.8805513,5.053728,5.079113,5.029536,11.141027,17.79057
Tunisia,Middle East & North Africa,Lower middle income,GFDD.DM.11,165.31168,145.4915,52.292297,231.00002,173.22906,172.46164,103.38128,102.16809,110.87011,162.55919,119.55341,91.86718,137.14261,140.43948,178.17047,88.22252,181.114,126.68675,185.6669,146.95432,137.02902,120.94591,150.63266,81.67606,129.25052,224.62964,128.00941,118.85489,157.518,172.40706,123.01836
Tunisia,Middle East & North Africa,Lower middle income,GFDD.EI.08,6.4419513,6.0374174,3.564398,3.348697,3.153968,1.83509,1.405937,2.9734392,2.239855,3.46049,5.304552,7.6446614,7.202538,7.5124288,8.412499,8.26282,8.27321,8.982554,8.783126,9.416411,10.43762,11.89959,11.036799,10.868589,11.775629,13.00537,14.140899,15.598819,14.53753,16.1911,22.33403
Tunisia,Middle East & North Africa,Lower middle income,GFDD.OI.02,41.20787,38.51156,36.80674,37.18865,37.68892,36.69707,37.27398,37.076317,36.09768,38.78909,41.28507,42.43946,42.75777,42.534607,43.10186,43.854126,44.86751,46.694157,48.60355,51.57341,51.365437,52.769268,53.86591,53.45898,53.314037,52.81844,53.913387,55.58889,45.14317,45.53676,52.96856
Tunisia,Middle East & North Africa,Lower middle income,SH.STA.BRTC.ZS,101.83826,95.22397,97.414474,89.78537,101.64785,81.0,97.71743,95.105774,92.94646,86.332664,89.899994,89.899994,96.38355,96.07213,96.34731,87.31473,94.6,99.28488,96.245056,96.38271,96.09577,90.11734,73.6,98.31228,90.824196,96.98131,100.4242,94.42887,99.5,86.672714,92.85669
Tunisia,Middle East & North Africa,Lower middle income,SL.IND.EMPL.ZS,31.634201,30.639997,30.870003,30.79,30.76,30.650002,30.9,31.020002,31.19,31.489998,31.66,31.85,31.639997,31.91,32.41,32.420002,32.3,32.85,33.53,32.33,33.420002,33.73,33.14,33.380005,33.550003,33.1,33.35,33.290005,33.5,33.46,38.856476
Turkey,Europe & Central Asia,Upper middle income,DT.TDS.DPPF.XP.ZS,29.875826,30.518354,29.493265,25.225632,25.457857,24.00146,17.987663,16.394382,19.069717,18.436092,18.577013,24.758837,30.141733,20.300676,18.814194,19.31179,15.231369,11.528904,8.319486,8.14484,8.008867,7.5262833,5.9076195,4.531301,4.885016,5.0864472,6.3315067,7.122439,6.443326,7.3234572,8.554556
Turkey,Europe & Central Asia,Upper middle income,EG.ELC.ACCS.ZS,103.98972,105.24366,92.11336,101.00521,101.48863,104.69019,95.62569,98.02908,107.790474,100.235886,100.0,100.0,100.0,100.0,99.99799,99.98703,99.96073,99.92318,99.88086,99.85088,100.0,100.0,100.0,100.0,100.0,100.0,100.0,100.0,100.0,100.0,100.0
Turkey,Europe & Central Asia,Upper middle income,GFDD.AI.01,-1035.3165,8578.585,18657.943,20412.062,39176.527,8175.4717,11657.617,5856.4736,12180.443,15924.952,11645.169,10115.794,8519.848,16655.545,14367.303,1412.7087,1418.9568,1391.8982,1298.9977,1281.2727,881.6338,910.7534,919.74225,977.1536,966.15674,1031.0095,1208.1414,1345.6486,1463.0276,1593.9414,1872.5851
Turkey,Europe & Central Asia,Upper middle income,GFDD.DI.04,94.41058,90.06004,85.1932,82.903786,80.88836,79.41647,86.28939,91.89845,96.17391,97.85459,97.77213,74.39577,82.28368,86.42853,90.50607,93.956764,94.99966,96.14108,97.398384,98.24299,98.67282,98.84735,98.933304,99.072495,99.178276,99.294426,99.11448,99.20204,99.297295,99.229416,97.937935
Turkey,Europe & Central Asia,Upper middle income,GFDD.DI.05,23.74023,27.08993,27.81157,25.19699,31.600521,32.15609,36.58959,37.07526,28.13243,38.0749,33.53152,43.58424,38.63881,33.90523,33.178688,38.60683,40.31871,41.64506,41.92469,46.94943,47.17281,44.94807,43.529102,45.27917,44.84821,45.46267,47.57592,46.36628,46.70411,52.4076,60.916843
Turkey,Europe & Central Asia,Upper middle income,GFDD.DI.06,1.435098,2.79445,4.427439,5.2944317,5.552703,6.477732,5.300565,3.303912,1.153315,0.85649955,0.8843836,14.03459,8.542157,5.9487925,3.99672,2.872241,2.372499,1.9147199,1.367411,1.099367,0.89257365,0.76138175,0.7075024,0.6664521,0.6061414,0.5381972,0.6969613,0.63142806,0.544704,0.61209553,1.956688
Turkey,Europe & Central Asia,Upper middle income,GFDD.DI.11,7.5550604,4.332834,-4.8112397,4.547746,5.5111613,1.089974,1.3217542,1.4520272,1.0734996,1.6103077,1.5483983,1.6368524,1.4996338,1.598613,1.6813027,2.127808,2.196533,2.4865234,1.4368621,1.6071807,3.0077133,2.9098296,3.2143955,3.4234488,3.8458436,4.0653653,4.540923,4.7479,4.6431513,5.366636,5.659887
Turkey,Europe & Central Asia,Upper middle income,GFDD.DM.11,35.277473,37.944336,27.648638,36.883907,56.139595,16.121298,5.727274,32.962116,47.676994,22.343336,15.062648,0.2463407,0.3180034,0.6023608,0.1985984,0.124230996,0.5315253,0.2832732,0.2440135,0.25997648,0.23913491,0.1753726,0.1131104,0.0669243,0.1077818,0.1129219,0.0904927,0.0820733,0.0978835,0.1409983,0.116372995
Turkey,Europe & Central Asia,Upper middle income,GFDD.EI.08,7.565889,8.1496935,7.532679,7.5508194,7.560552,6.50652,10.53152,11.17677,12.21859,22.87067,21.560339,25.8647,25.61942,23.873549,21.52854,23.432259,20.35075,19.68715,20.296469,26.93737,24.760569,19.13424,16.887869,14.467579,13.522539,13.14456,12.7253,12.56234,13.79788,16.98972,22.012249
Turkey,Europe & Central Asia,Upper middle income,GFDD.OI.02,20.656971,24.23825,24.885181,22.40221,28.923548,29.581709,34.206947,34.6412,26.52432,36.31572,31.609018,41.550037,36.65332,31.776619,31.024069,35.97021,37.29372,38.88065,43.16295,48.272297,48.966557,46.363518,45.07828,47.20433,46.488827,47.303207,49.91357,48.76577,48.97559,54.48996,63.147327
Turkey,Europe & Central Asia,Upper middle income,SH.STA.BRTC.ZS,92.559044,88.409935,96.202194,75.899994,95.080635,91.5033,103.2259,92.15364,80.6,105.520065,95.989334,98.48915,102.914665,82.99999,82.99999,103.56102,95.76954,89.3,91.299995,95.0,109.82102,106.80596,97.62767,97.4,97.4,99.00001,102.470276,97.99999,97.99999,93.4828,106.4495
Turkey,Europe & Central Asia,Upper middle income,SL.IND.EMPL.ZS,39.703304,29.66,29.560001,29.540003,29.07,28.99,28.92,28.97,28.49,27.72,27.62,26.51,26.35,26.24,26.48,26.63,26.77,26.75,26.190002,25.300001,26.22,26.46,26.03,26.39,27.86,27.23,26.780003,26.540003,26.66,25.320002,30.159687
Turkmenistan,Europe & Central Asia,Upper middle income,DT.TDS.DPPF.XP.ZS,22.38622,27.877642,23.979513,19.6262,25.98529,8.895304,9.551831,20.300322,8.425168,14.826253,14.085745,22.260157,13.292696,11.0718155,15.467388,16.45488,12.868171,10.773243,14.452265,15.139492,10.823297,18.217438,22.816397,16.928463,8.261445,16.334143,14.833394,9.127632,10.576068,8.761286,11.283876
Turkmenistan,Europe & Central Asia,Upper middle income,EG.ELC.ACCS.ZS,98.57918,101.296165,101.27948,98.579475,98.99495,96.14171,91.37286,98.63921,96.827866,95.64847,99.600006,99.73519,99.71919,99.69797,99.67385,99.6492,99.84134,99.60816,99.59714,99.596054,100.0,99.87742,99.895836,99.9121,99.935104,100.0,99.9899,99.996254,100.0,99.90001,100.0
Turkmenistan,Europe & Central Asia,Upper middle income,GFDD.AI.01,14391.385,3161.1418,10770.191,10150.478,9908.172,9600.1875,13632.573,6936.611,15129.24,21344.805,13902.455,17185.873,14592.906,8321.393,8881.752,9791.781,14677.648,6560.311,19398.238,23555.877,11476.257,11297.75,7563.444,9595.403,14962.179,15932.305,11602.805,14406.312,5460.6445,11557.176,13854.761
Turkmenistan,Europe & Central Asia,Upper middle income,GFDD.DI.04,67.683174,46.66324,66.64382,60.0367,60.472206,35.495777,55.88439,50.625458,66.28675,35.52717,56.006176,66.47299,30.99813,65.528496,44.83701,64.097374,62.12429,37.427025,78.37756,53.136154,46.95794,60.73982,56.709953,81.60939,42.59456,70.86231,76.21342,65.10279,80.0691,65.1213,69.81002
Turkmenistan,Europe & Central Asia,Upper middle income,GFDD.DI.05,93.64898,68.83827,97.59014,96.90663,133.82582,89.6267,112.1038,93.23695,110.4596,117.0887,135.76625,109.235565,73.90765,126.310814,106.60959,105.13424,101.19239,131.68071,95.952736,110.06606,91.38386,109.115974,134.89952,92.0785,100.69128,110.610115,123.11459,83.832184,100.54309,133.20343,91.37987
Turkmenistan,Europe & Central Asia,Upper middle income,GFDD.DI.06,17.73534,16.517937,8.075152,11.010033,10.160503,8.092923,17.27237,14.229826,11.471011,7.3751845,7.1927853,5.2613516,14.935842,9.23534,6.4646344,8.436513,2.155425,11.021227,6.8764114,9.471558,9.252406,11.68245,4.713812,12.155886,5.8580155,4.592963,15.871695,15.768147,6.4208527,9.746374,8.4725895
Turkmenistan,Europe & Central Asia,Upper middle income,GFDD.DI.11,9.68987,6.325648,19.039335,9.863258,9.67348,15.427329,23.13566,25.609713,7.871143,20.181927,15.043076,12.804215,16.884388,21.166658,6.262076,3.8188863,10.822943,11.039664,18.96894,10.701177,14.842724,12.067832,14.984481,14.28826,15.084526,10.685606,43.356754,8.652225,12.455354,25.14338,19.973154
Turkmenistan,Europe & Central Asia,Upper middle income,GFDD.DM.11,94.543915,129.0287,109.858185,91.07983,53.87591,65.95969,46.24978,74.678665,49.19027,105.011055,104.81109,85.82711,82.74094,200.52066,96.91184,81.52189,148.69043,79.465294,84.51729,88.683914,103.059875,88.34538,159.89285,111.70155,57.39657,105.88909,134.58546,111.54179,91.63828,111.42118,99.17385
Turkmenistan,Europe & Central Asia,Upper middle income,GFDD.EI.08,6.0598307,12.629888,15.092249,16.973198,30.45318,18.408655,11.447226,21.43586,10.528771,15.600591,13.0936775,17.714666,23.6111,14.632621,9.313699,10.09249,11.693723,11.20094,17.885357,19.361198,20.160456,13.646795,21.718042,23.41208,31.399712,26.930777,8.28022,16.02435,39.914448,23.146101,10.5355625
Turkmenistan,Europe & Central Asia,Upper middle income,GFDD.OI.02,56.80044,50.893757,51.32493,43.76967,37.093025,50.33846,29.025366,53.366364,39.669445,42.908394,60.36952,46.50527,67.47178,49.844986,36.510323,56.89127,56.357635,56.778797,46.17966,57.67572,54.552242,36.084328,70.25811,69.05029,59.15336,78.8449,61.497437,58.448666,56.403473,72.107285,54.98737
Turkmenistan,Europe & Central Asia,Upper middle income,SH.STA.BRTC.ZS,99.38341,91.06703,102.299126,94.1648,102.4095,95.61928,95.8,96.92841,97.53684,88.28314,97.200005,97.53813,97.200005,99.5,98.5,99.7,99.5,104.66986,97.65269,99.85228,96.591675,96.96146,99.01121,103.06383,106.058624,96.774345,100.0,109.9091,101.187325,106.85772,102.812744
Turkmenistan,Europe & Central Asia,Upper middle income,SL.IND.EMPL.ZS,32.04483,39.19,38.75,38.3,37.66,37.07,36.65,35.96,35.53,35.23,34.770004,34.41,34.11,33.86,33.73,33.79,33.940002,34.17,34.58,34.83,35.19,35.7,36.2,36.69,37.21,37.67,38.2,38.73,39.26,39.83,40.481773
Turks and Caicos Islands,Latin America & Caribbean,High income,DT.TDS.DPPF.XP.ZS,5.797732,9.003613,3.0663092,12.747652,9.449636,11.72436,5.821648,4.0901265,12.760321,7.673905,6.8446093,13.281358,10.59221,9.332575,11.282,7.35166,8.836537,2.4220607,8.888914,5.486796,4.881175,8.883185,5.4504867,8.184501,6.704415,8.015811,9.728678,3.4834023,4.040116,8.291696,16.23609
Turks and Caicos Islands,Latin America & Caribbean,High income,EG.ELC.ACCS.ZS,88.7,91.05391,91.43912,91.82365,92.20682,92.587944,92.96635,93.34136,93.71229,94.07838,95.6,94.87036,95.16372,95.45184,95.737076,96.021774,96.30835,96.59944,96.897766,100.0,100.0,100.0,93.1,100.0,100.0,100.0,100.0,100.0,100.0,100.0,99.4
Turks and Caicos Islands,Latin America & Caribbean,High income,GFDD.AI.01,6530.4976,10304.347,5225.936,15550.532,6728.3984,7185.677,15606.894,15717.779,10101.616,8267.049,13178.105,13328.143,8240.278,9316.341,12228.039,11289.492,7345.4297,8042.6626,9469.865,5170.3525,5044.85,6638.541,13801.067,3253.2627,11894.968,7897.5957,7696.5503,11543.188,8261.234,6179.4243,11329.321
Turks and Caicos Islands,Latin America & Caribbean,High income,GFDD.DI.04,58.623936,52.533836,91.37366,44.95327,32.249004,92.77592,35.935722,83.006714,73.60633,55.117073,74.395706,91.55965,92.13145,50.75246,59.747047,79.33673,75.55124,94.47108,81.45329,81.62625,91.26273,78.58754,88.614716,88.43178,76.32673,80.55999,92.835815,84.82512,74.21577,86.51679,64.00901
Turks and Caicos Islands,Latin America & Caribbean,High income,GFDD.DI.05,73.4185,88.53563,78.7328,60.92479,84.47407,88.439255,62.56284,92.90886,82.748245,86.85428,67.78836,90.13073,50.143597,102.871506,63.772034,84.449,70.10329,75.09917,68.06813,77.17479,85.25726,88.27684,92.55202,115.49424,72.89766,76.48172,63.585396,78.903946,82.67963,101.08118,92.09446
Turks and Caicos Islands,Latin America & Caribbean,High income,GFDD.DI.06,11.993205,6.8444533,31.494305,10.24439,10.855912,9.213225,39.847317,9.558718,12.340023,8.367412,4.3942127,16.7829,12.279877,11.632846,6.268342,9.5731,5.9299216,13.961075,12.842914,12.500598,5.8278146,11.939677,12.4783,5.5595574,4.847004,15.726187,26.825346,20.94222,11.764767,16.410948,12.073942
Turks and Caicos Islands,Latin America & Caribbean,High income,GFDD.DI.11,71.92079,45.239307,15.34285,47.237362,45.977623,49.48713,59.685986,60.712753,36.306034,41.03283,41.361507,49.280384,33.702885,50.857502,30.061556,42.7684,58.99952,72.93861,45.867985,65.86309,30.126114,47.631,57.05564,66.77054,50.23114,39.075165,83.71658,63.073593,46.34229,72.12253,58.414787
Turks and Caicos Islands,Latin America & Caribbean,High income,GFDD.DM.11,24.163063,38.88007,24.835821,48.477486,36.086506,31.209637,36.29683,42.878376,19.036861,42.06499,41.298393,42.23223,39.334152,48.878563,26.147032,36.009304,34.561836,50.493874,52.98887,44.825935,43.278313,71.275986,52.245865,43.647503,30.932312,28.442533,42.5995,40.081547,32.07244,40.044163,48.919605
Turks and Caicos Islands,Latin America & Caribbean,High income,GFDD.EI.08,17.53654,14.646115,31.278204,14.632461,33.797955,12.226951,26.201794,21.984106,23.093407,13.758173,5.784336,10.522359,14.384451,13.340989,46.295216,3.7977934,17.42893,20.968548,14.29496,20.501516,15.345703,24.844536,12.794997,11.394606,46.405243,11.164124,35.295433,12.115972,19.230385,13.82472,30.618364
Turks and Caicos Islands,Latin America & Caribbean,High income,GFDD.OI.02,33.18063,43.380333,41.00964,34.397118,40.111115,43.013493,47.89535,45.84168,20.245493,14.521703,24.531971,50.68577,36.640644,64.00309,55.04654,49.19749,27.578571,31.531744,33.37009,27.281784,13.956289,40.268524,52.59488,42.124252,42.707645,55.900215,52.218052,40.55294,43.962257,42.94306,64.54376
Turks and Caicos Islands,Latin America & Caribbean,High income,SH.STA.BRTC.ZS,95.34489,93.64318,97.13573,91.74501,104.84464,95.83181,95.14061,93.008865,100.0,88.2,96.65105,95.69265,97.19458,84.65926,100.0,99.100006,100.0,96.208305,94.339264,92.57689,96.39716,94.6902,93.46934,91.71773,91.55549,91.19139,89.85018,94.59683,91.81778,93.39185,93.42079
Turks and Caicos Islands,Latin America & Caribbean,High income,SL.IND.EMPL.ZS,24.213009,23.788996,24.230793,26.253975,21.467133,24.81229,24.501865,28.643192,18.20951,19.35704,21.777952,20.244112,23.744413,19.96949,22.696848,21.159489,22.301216,19.051792,19.804373,20.76563,21.643438,15.657535,22.390205,21.26994,21.188593,23.762648,18.80843,21.01119,24.317627,26.777527,20.839298
Tuvalu,East Asia & Pacific,Upper middle income,DT.TDS.DPPF.XP.ZS,24.418314,15.403862,26.829403,16.208202,13.652548,15.893563,15.660514,14.969733,14.527685,12.720981,14.69436,14.4327,7.408071,12.760432,10.301544,15.340361,13.37114,11.912671,7.390974,22.444159,11.891491,8.051971,16.790178,8.0635195,15.354274,24.975687,12.315036,18.781837,6.787427,13.643447,25.89868
Tuvalu,East Asia & Pacific,Upper middle income,EG.ELC.ACCS.ZS,93.16493,87.67779,97.621704,94.50586,94.5498,94.31018,98.42897,96.76289,89.72268,86.26631,94.63068,94.83582,94.62978,95.225716,95.41516,95.60407,95.794846,96.7,96.19268,96.40515,96.63027,96.87075,97.671776,97.40768,97.70386,98.014885,97.3,98.853836,99.065384,99.7,99.68923
Tuvalu,East Asia & Pacific,Upper middle income,GFDD.AI.01,15892.056,25717.363,17951.031,16249.462,12865.103,12692.441,17734.76,15749.276,7352.955,16667.379,11580.164,15438.821,16137.948,9131.9,19909.428,9605.351,12653.799,10851.327,21000.08,10956.161,4091.0876,11631.433,26551.992,13353.454,19594.559,31815.473,20487.139,12714.393,18341.969,19100.824,14831.609
Tuvalu,East Asia & Pacific,Upper middle income,GFDD.DI.04,78.577545,71.60181,86.93951,55.177326,77.906425,55.498936,75.13268,50.04909,82.9404,59.503773,62.822178,73.972565,79.2336,75.41766,54.636116,76.01826,79.59178,58.81823,78.03079,84.84697,84.64452,80.026306,81.00361,85.09954,87.42701,73.718285,78.52862,78.6031,58.60995,88.71446,87.53353
Tuvalu,East Asia & Pacific,Upper middle income,GFDD.DI.05,66.59974,97.30599,82.913574,58.695984,69.5727,61.54549,132.15091,84.45578,59.233505,43.56047,82.489525,97.92236,67.54025,86.74994,82.6041,85.67563,32.6632,97.29977,79.40891,98.7933,56.37556,67.2332,157.44005,78.990974,93.39691,135.48903,93.06138,104.757675,79.76442,82.4577,113.82723
Tuvalu,East Asia & Pacific,Upper middle income,GFDD.DI.06,7.8162684,9.450257,10.965124,19.11937,4.695342,10.442013,9.940363,9.236075,4.9105306,10.484256,7.4829364,10.346609,8.84095,8.015344,7.124746,16.436861,13.111511,4.864493,4.3504176,5.690237,6.231265,4.644024,2.5697095,5.196145,6.261539,10.204731,10.040729,6.5102334,10.539348,7.966789,1.0114236
Tuvalu,East Asia & Pacific,Upper middle income,GFDD.DI.11,15.313276,14.964213,15.756199,13.679101,18.294495,9.116941,2.7763011,13.16279,23.25603,20.803999,4.1997986,17.135223,1.8851019,24.302229,10.085634,8.248862,16.879261,20.97102,41.74473,10.765207,22.02162,13.372721,7.7771025,14.686193,19.785507,15.58297,9.098777,25.712906,15.94775,29.095005,44.17521
Tuvalu,East Asia & Pacific,Upper middle income,GFDD.DM.11,28.566835,34.547787,47.331593,13.636023,40.56352,31.622282,11.388409,16.189287,20.30327,22.555914,31.908157,35.865723,35.63273,19.708534,26.2607,44.721172,43.6874,31.823969,33.45517,24.58418,4.7344213,32.133095,34.78779,33.39031,49.30693,41.11078,115.79016,43.083366,31.9483,42.06287,33.14429
Tuvalu,East Asia & Pacific,Upper middle income,GFDD.EI.08,5.690788,8.681707,16.560991,6.269831,16.349365,8.252189,17.170746,6.2254515,11.031002,12.248621,7.461446,12.46228,22.065882,10.405224,12.309454,14.7225275,7.5885835,8.460896,16.294075,10.41502,7.5418773,13.092827,17.094633,9.250446,19.345642,34.998577,11.950547,7.9411516,18.958109,16.766079,9.910704
Tuvalu,East Asia & Pacific,Upper middle income,GFDD.OI.02,38.404583,67.90072,52.51462,39.392754,68.15233,36.103184,44.190666,49.75038,56.75525,14.608347,38.69014,58.31601,72.12943,51.663334,50.37719,51.44769,38.814034,51.90204,64.18801,61.79061,35.417053,68.40431,55.6773,41.555714,61.80782,44.8,56.429386,55.83161,62.30447,67.75572,75.3754
Tuvalu,East Asia & Pacific,Upper middle income,SH.STA.BRTC.ZS,95.0,100.2946,93.94931,97.517975,95.972595,89.797935,93.44764,99.00001,94.15962,97.62527,100.0,97.395386,100.0,101.67207,94.926125,98.10316,65.552444,93.1,96.50448,94.58495,99.27625,96.701744,97.76389,94.46637,94.3316,103.048584,95.70894,104.96574,98.67744,100.83158,98.67287
Tuvalu,East Asia & Pacific,Upper middle income,SL.IND.EMPL.ZS,26.710817,23.873066,22.599838,23.67466,22.811266,23.857246,28.841536,22.913399,23.923973,16.090527,21.34649,23.676989,28.421318,21.813246,24.372984,22.63235,20.452536,24.005463,21.48581,23.979744,24.009392,23.894379,23.116083,22.382727,22.842478,24.704128,24.275301,22.330086,23.500996,19.39589,23.068651
Uganda,Sub-Saharan Africa,Low income,DT.TDS.DPPF.XP.ZS,78.63516,72.26151,56.935608,45.005573,27.007181,19.538174,17.875805,19.701069,20.248028,17.900536,10.003037,6.55499,9.60768,10.434363,8.681291,10.6173525,5.288111,2.507641,2.1363423,1.995886,1.7611916,1.4743526,1.3579135,1.6364172,1.9768882,1.8450483,2.0990393,3.45792,5.254296,4.4543033,5.466489
Uganda,Sub-Saharan Africa,Low income,EG.ELC.ACCS.ZS,32.329865,5.6,17.862852,24.35976,0.53389853,6.8,2.811104,3.9449477,5.074712,6.199634,7.3511305,8.6,7.8,10.563554,11.625457,8.9,9.0,14.8178215,15.892814,10.0,12.1,14.6,20.319271,13.899999,20.4,18.499998,26.699999,32.521152,41.92,41.3,42.074417
Uganda,Sub-Saharan Africa,Low income,GFDD.AI.01,7345.5815,9645.813,6020.745,9703.772,5608.39,10348.414,3808.0127,2447.8567,8135.304,11547.521,9303.145,2194.0352,9964.567,7429.087,90.84286,100.711845,115.970604,113.090836,156.68765,175.43204,194.33923,181.48636,205.2071,190.69884,201.22603,210.23204,252.84631,364.2517,292.2643,290.39554,318.51706
Uganda,Sub-Saharan Africa,Low income,GFDD.DI.04,64.25246,75.25672,14.48839,20.753641,21.88011,22.620731,26.630072,29.26695,29.835629,31.68987,34.83468,50.20002,51.725983,56.746235,55.47134,58.931572,63.79544,61.213463,64.207085,66.741455,65.033264,60.96886,61.535763,60.825542,88.79892,92.38078,91.519554,95.647415,98.05563,89.5183,91.09517
Uganda,Sub-Saharan Africa,Low income,GFDD.DI.05,7.5966,8.66137,9.611755,10.7195,12.80453,11.96101,12.51547,13.79348,14.85896,15.63354,16.11554,16.09141,19.032131,19.55399,17.228489,19.32292,19.91416,20.87545,33.04828,16.33623,17.42179,12.643049,12.063459,17.35783,12.150419,14.00023,14.40071,15.013029,14.933229,15.71239,18.33752
Uganda,Sub-Saharan Africa,Low income,GFDD.DI.06,13.709695,13.713003,29.91049,21.08815,22.446829,21.935959,20.46318,20.71014,21.361801,22.42667,21.015701,12.30458,14.718379,11.80331,11.13882,10.2060995,8.92124,10.6545,15.69776,7.029846,7.983971,10.07073,9.422498,13.94872,1.9407331,1.376597,1.576039,0.767675,0.33877662,2.06759,2.097094
Uganda,Sub-Saharan Africa,Low income,GFDD.DI.11,10.083196,13.20814,7.1443553,2.4324732,2.3728945,7.2625356,7.8359175,10.399059,5.7714686,6.943484,5.2774014,3.7554374,6.8453827,11.278429,0.7802481,0.8551989,0.7788537,0.8322592,0.82041645,0.7338915,0.758715,0.80524504,0.84851,0.92527497,1.0128287,1.1979309,1.155939,1.2388021,1.2057157,1.230893,1.361933
Uganda,Sub-Saharan Africa,Low income,GFDD.DM.11,23.517895,11.855349,16.256725,17.245821,-0.29508066,4.0304594,11.456605,-0.11003048,8.415677,-0.37655288,14.326926,16.853903,12.871731,18.60372,15.911509,14.283122,15.975967,8.796388,17.61224,-19.573555,-9.774451,2.6520972,0.0104398,0.5543789,0.86580104,1.209961,1.4477739,1.9133819,2.2699609,2.825948,2.977216
Uganda,Sub-Saharan Africa,Low income,GFDD.EI.08,0.6239477,0.87087595,0.82398486,0.9085,1.406397,1.358636,1.630148,2.728923,2.574652,3.14731,4.0819697,4.327327,5.775466,5.2399,4.944186,4.46611,4.060334,4.714905,4.025487,3.8659651,4.76772,3.0771139,4.01171,4.4295692,5.0226297,4.356453,4.9853745,5.06084,4.87842,5.409965,7.613418
Uganda,Sub-Saharan Africa,Low income,GFDD.OI.02,4.874428,5.98157,6.030097,7.2925005,8.792914,8.150677,8.904053,10.168591,11.08257,11.585401,12.24715,12.270341,14.72784,15.164281,13.39696,14.89805,15.049259,16.050081,25.88237,13.140571,14.11487,14.15859,13.25512,19.113579,13.2747,14.82608,15.057681,15.71801,15.52333,16.32868,19.27315
Uganda,Sub-Saharan Africa,Low income,SH.STA.BRTC.ZS,100.454666,89.97508,98.67402,98.21053,91.97842,37.8,96.98438,97.22023,94.54622,97.16072,36.0,39.0,101.43481,89.309425,95.25643,92.307556,41.9,96.86044,92.98636,102.16287,96.13741,57.399998,93.99359,89.575455,97.73308,99.99075,74.2,91.601456,110.714584,86.015495,97.784515
Uganda,Sub-Saharan Africa,Low income,SL.IND.EMPL.ZS,11.747444,7.870001,7.8600006,7.8600006,7.8600006,7.870001,7.8900003,7.8900003,7.880001,7.880001,7.8500004,7.84,7.820001,7.8000007,7.77,7.750001,7.7600007,7.78,7.820001,7.8000007,7.880001,7.940001,8.020001,7.0,6.84,6.8,6.73,6.59,6.54,6.51,10.947915
Ukraine,Europe & Central Asia,Lower middle income,DT.TDS.DPPF.XP.ZS,9.513337,2.4859025,16.901552,16.456528,1.5299579,6.5959525,6.101573,5.8523245,9.082719,12.46409,15.161594,7.2374773,6.3722005,5.9046493,4.8596845,5.0768414,4.90608,3.7278411,2.6618814,5.4550347,3.2505527,3.173943,7.632035,15.013917,10.598588,30.52106,6.7119813,9.696591,10.55883,8.624376,11.165711
Ukraine,Europe & Central Asia,Lower middle income,EG.ELC.ACCS.ZS,100.0,100.0,100.0,100.0,100.0,100.0,100.0,100.0,100.0,100.0,100.0,100.0,100.0,100.0,100.0,99.88557,100.0,99.8,100.0,100.0,100.0,100.0,99.86749,100.0,100.0,100.0,100.0,100.0,100.0,100.0,100.0
Ukraine,Europe & Central Asia,Lower middle income,GFDD.AI.01,14236.575,9701.782,5834.824,8452.776,8117.503,11768.491,9427.226,9781.191,7134.1875,10794.033,8604.1455,10275.21,9328.644,15465.701,13754.854,2705.5479,2859.6858,3010.98,3102.43,3214.8276,3238.335,3353.4358,3383.3574,1917.779,1944.5249,1823.1423,1618.266,1675.524,1509.774,1657.5306,1727.175
Ukraine,Europe & Central Asia,Lower middle income,GFDD.DI.04,87.40435,83.521675,61.58733,76.41586,58.34612,51.5518,52.384647,56.31525,41.77979,41.2719,50.59229,59.88787,69.89523,79.32819,84.0112,93.53585,96.23502,97.91451,96.89125,92.83558,91.72675,90.63047,88.43596,87.33638,77.33231,73.19757,76.48727,79.145004,80.32951,79.48842,82.31566
Ukraine,Europe & Central Asia,Lower middle income,GFDD.DI.05,28.0142,51.411346,50.10596,32.47094,26.713549,12.71169,11.48738,13.432,15.163011,16.76517,17.97182,22.21491,28.5537,35.41232,36.43673,43.84726,47.666496,54.08327,36.11221,34.550697,36.74693,36.031048,39.0229,43.93905,40.5556,34.36426,31.98133,28.45205,24.806839,25.67837,30.926842
Ukraine,Europe & Central Asia,Lower middle income,GFDD.DI.06,11.686742,9.570194,34.8,8.896655,11.76151,8.0583935,7.620881,7.995643,14.79631,15.23035,11.957981,10.16463,8.81787,7.221844,5.301819,2.399735,1.834157,1.2936801,2.542834,6.3134766,6.674366,6.933885,8.387278,10.21654,21.33607,20.81615,16.91205,12.69687,10.29619,8.758093,8.043945
Ukraine,Europe & Central Asia,Lower middle income,GFDD.DI.11,24.759865,20.426037,19.7751,27.759438,14.052464,18.269615,13.685056,7.021406,9.15106,0.25145274,18.925762,8.279353,16.950977,11.576491,24.227642,2.7967932,3.2138386,2.6820824,4.422787,4.5952077,4.1909266,3.7017715,4.002701,4.5309596,4.427537,66.71261,60.066418,51.146133,19.756372,16.645554,18.680513
Ukraine,Europe & Central Asia,Lower middle income,GFDD.DM.11,19.687563,-0.5490015,19.80502,21.38205,29.108744,19.41603,13.5346575,12.026343,13.4966755,20.194042,0.038385797,0.0263096,0.0212301,0.0059841,0.0046238997,0.0069653,0.0064963,0.010510201,0.0022222998,0.0051182997,0.0198511,0.0355478,0.0620091,0.055643402,0.089885004,0.107655704,0.0996188,0.0864602,0.0940134,0.33531958,0.38071018
Ukraine,Europe & Central Asia,Lower middle income,GFDD.EI.08,15.321452,11.011519,53.156845,27.41652,11.852069,7.099499,7.000272,7.887746,2.8962452,2.235219,1.599694,2.100684,2.805785,3.158364,2.673572,2.4850912,2.5592558,2.8269532,5.948499,8.316593,11.432079,10.513829,10.33914,11.769099,12.968669,9.821999,16.41646,17.05135,14.3198,11.123259,16.413149
Ukraine,Europe & Central Asia,Lower middle income,GFDD.OI.02,28.029549,28.58268,40.37983,23.64949,20.066761,7.863441,6.31082,6.807567,8.133248,9.393325,10.65367,12.576651,16.723331,22.97049,24.08906,30.1353,33.852547,38.666576,37.428852,35.7784,38.21911,37.528126,40.32356,45.52443,42.30396,35.7411,33.01936,29.36485,25.5581,26.41914,31.75714
Ukraine,Europe & Central Asia,Lower middle income,SH.STA.BRTC.ZS,99.9,99.9,99.9,99.9,99.880005,99.89001,99.9,99.9,99.9,99.100006,99.9,99.9,99.9,99.9,99.9,99.8,99.9,98.7,99.9,99.9,99.9,99.9,99.00001,99.9,99.9,102.70809,107.36708,95.407166,103.64173,108.18192,108.965065
Ukraine,Europe & Central Asia,Lower middle income,SL.IND.EMPL.ZS,29.884943,29.39,28.79,28.15,27.430002,26.74,26.08,25.47,25.040003,24.74,24.51,24.51,24.55,24.72,25.0,25.170002,25.430002,25.65,25.75,25.53,25.68,25.66,25.88,24.81,26.15,24.690002,24.25,24.300001,24.61,24.96,26.675987
United Arab Emirates,Middle East & North Africa,High income,DT.TDS.DPPF.XP.ZS,54.386665,19.471073,80.96254,21.119362,34.757504,18.87391,23.450607,34.445324,18.546318,17.60343,11.959776,24.24836,21.161442,31.023392,19.020182,22.493528,14.218646,18.98116,23.742203,27.299166,41.423595,16.64624,26.780632,11.603119,26.150215,13.97982,21.764095,26.33099,18.405987,17.138067,22.778126
United Arab Emirates,Middle East & North Africa,High income,EG.ELC.ACCS.ZS,100.0,100.0,100.0,100.0,100.0,100.0,100.0,100.0,100.0,100.0,100.0,100.0,100.0,100.0,100.0,100.0,100.0,100.0,100.0,100.0,100.0,100.0,100.0,100.0,100.0,100.0,100.0,100.0,100.0,100.0,100.0
United Arab Emirates,Middle East & North Africa,High income,GFDD.AI.01,16138.062,35615.57,33881.098,14688.928,23058.102,16076.311,10413.912,17197.615,13484.647,15460.806,36098.64,22264.63,9501.671,24103.398,18193.623,19107.807,15643.066,12515.936,15580.984,15636.006,7999.4316,12430.187,16996.729,10960.746,886.34546,884.5347,1008.79474,1063.0947,1082.6724,1080.4016,1223.6495
United Arab Emirates,Middle East & North Africa,High income,GFDD.DI.04,99.35801,88.65616,99.3596,83.04273,98.262085,78.94685,101.87398,94.78161,99.52011,95.64481,105.64191,99.980255,99.96318,99.96243,99.97285,99.30779,99.85588,99.99178,94.34487,90.14085,90.3658,91.490456,92.475075,95.612274,96.24865,96.52527,96.71435,96.72982,96.84272,97.34505,97.39765
United Arab Emirates,Middle East & North Africa,High income,GFDD.DI.05,31.16615,35.10949,34.9105,33.50392,33.90673,33.711487,32.1912,32.757122,35.544807,35.50138,33.13569,41.23354,43.05629,43.92746,45.75665,48.85502,48.94971,59.723694,58.201393,79.53777,73.89198,64.12061,62.68711,73.76157,77.07562,91.66167,89.24615,85.875694,79.46652,85.825806,103.67461
United Arab Emirates,Middle East & North Africa,High income,GFDD.DI.06,0.1955675,8.515504,0.2134477,5.4809217,9.410279,7.1777616,5.371704,5.147636,7.2255516,8.562323,9.679929,0.0076433998,0.0153732,0.016423501,0.012525701,0.37523502,0.083852,0.0055955,4.751418,11.46762,10.03261,7.6693172,6.5593023,3.870675,3.511469,3.9384148,3.9838321,3.688901,3.3642027,3.013732,3.491938
United Arab Emirates,Middle East & North Africa,High income,GFDD.DI.11,10.284032,10.93522,10.160301,4.5600243,3.617873,-0.46403563,12.966952,13.781262,2.948607,10.422014,17.700493,11.104775,5.6287055,11.877385,9.244898,8.244985,2.985081,3.361276,2.8308492,3.9806871,3.9034672,3.2159424,3.5325809,4.144898,4.382515,5.59544,6.8628454,7.340424,6.792183,7.277678,32.384895
United Arab Emirates,Middle East & North Africa,High income,GFDD.DM.11,45.145565,19.577063,31.658995,44.946323,37.365963,14.182608,37.944717,40.145416,33.222244,17.48857,41.810318,30.383034,31.717552,38.83515,38.736614,72.48828,49.47325,36.388187,41.552265,35.773346,49.090046,45.677536,51.255844,26.06691,40.194298,27.678257,16.10218,38.053925,45.32163,61.98853,72.11723
United Arab Emirates,Middle East & North Africa,High income,GFDD.EI.08,5.070784,6.0042877,6.140762,7.406951,8.4640465,7.7179937,5.7234874,5.0501328,6.460629,6.870108,4.791753,4.2942753,5.6464148,7.5322638,8.410618,10.07843,10.81065,12.11617,12.588499,20.382149,19.68054,18.85223,20.09022,24.31914,25.31845,30.333529,33.37629,30.89731,28.90967,34.52945,44.65551
United Arab Emirates,Middle East & North Africa,High income,GFDD.OI.02,28.80645,32.63865,32.345108,30.728697,31.136518,31.05803,29.685648,30.212008,32.59605,32.18917,30.52151,38.45635,40.09621,40.90881,42.85033,46.21346,46.27269,56.984978,55.01067,75.540886,70.26874,60.891037,59.37129,70.24332,73.08919,87.2219,88.67218,85.29311,79.80026,87.08417,104.9666
United Arab Emirates,Middle East & North Africa,High income,SH.STA.BRTC.ZS,99.100006,93.29933,97.09841,101.00101,93.847336,99.200005,96.43806,96.76571,97.20538,93.71855,98.26157,99.35641,99.45326,100.0,100.0,97.34074,99.52614,103.669014,100.0,102.81429,91.114716,98.00362,95.49426,99.9,99.9,99.9,92.74715,98.40853,101.98003,93.593605,97.7414
United Arab Emirates,Middle East & North Africa,High income,SL.IND.EMPL.ZS,39.64066,33.33,33.36,33.47,33.49,33.63,33.65,33.73,33.64,33.43,33.380005,33.44,33.420002,33.84,34.19,34.54,35.2,35.73,35.95,35.86,35.48,35.12,34.940002,34.74,34.8,34.99,34.87,34.61,34.6,34.22,40.96101
United Kingdom,Europe & Central Asia,High income,DT.TDS.DPPF.XP.ZS,8.745817,15.092383,17.960552,11.554524,14.153379,8.830114,12.751427,9.143859,4.850521,9.825606,13.543866,13.858429,14.379911,11.866925,5.577442,13.111531,2.736328,13.204913,10.050975,6.924408,13.537219,7.7275686,9.108519,12.321469,10.949155,9.618817,9.783028,9.396015,5.125452,12.1785965,9.824098
United Kingdom,Europe & Central Asia,High income,EG.ELC.ACCS.ZS,100.0,100.0,100.0,100.0,100.0,100.0,100.0,100.0,100.0,100.0,100.0,100.0,100.0,100.0,100.0,100.0,100.0,100.0,100.0,100.0,100.0,100.0,100.0,100.0,100.0,100.0,100.0,100.0,100.0,100.0,100.0
United Kingdom,Europe & Central Asia,High income,GFDD.AI.01,11573.385,12797.1455,11589.284,13048.472,7312.5337,6772.899,4950.104,5917.7256,17779.395,3406.5454,11296.142,11558.658,10492.734,10016.588,5244.7,7254.68,8187.8535,4420.135,7493.7407,8543.611,10240.959,8202.319,21616.072,6653.488,8797.592,12576.383,6508.751,9767.557,11911.527,9200.738,7159.0347
United Kingdom,Europe & Central Asia,High income,GFDD.DI.04,90.5653,100.0847,85.01414,92.477905,82.98094,88.51504,99.21763,98.772224,99.32654,99.46766,99.333565,99.61631,99.441696,99.58801,99.65988,99.64668,99.46108,99.787415,99.46622,99.75631,99.87643,99.9529,99.92239,99.99145,99.99676,99.96575,99.85997,99.75246,99.80441,99.79175,99.61258
United Kingdom,Europe & Central Asia,High income,GFDD.DI.05,84.960205,82.06727,56.462498,56.14299,57.402206,60.30709,64.662735,77.62856,89.51296,89.533676,94.322266,98.73383,99.45646,103.1667,107.918106,116.1168,125.57291,138.3318,158.2424,162.3677,163.0772,150.522,147.1122,144.19022,134.3185,132.7913,138.5369,144.27132,146.52081,139.3379,160.31961
United Kingdom,Europe & Central Asia,High income,GFDD.DI.06,4.6280475,7.3918605,2.3022714,5.4272704,-0.8760258,1.6306621,1.3560328,5.2065153,0.69056153,0.5621083,0.7660446,0.46128792,0.69778377,0.5334254,0.4663592,0.505337,0.8278483,0.360329,1.01717,0.46643803,0.22757721,0.0799037,0.12420411,0.012715,0.0043706,0.0443879,0.1830272,0.327589,0.2593843,0.2734472,0.55725026
United Kingdom,Europe & Central Asia,High income,GFDD.DI.11,38.14028,43.873928,50.6882,63.612946,56.48894,61.781376,66.03094,76.43507,83.34478,94.31192,89.39372,84.56983,77.64505,76.88429,79.05049,85.53894,100.96829,101.17754,86.17878,94.63098,97.76075,94.313354,95.02159,94.44253,94.82529,93.85695,116.65158,114.6745,105.67288,103.93153,90.20423
United Kingdom,Europe & Central Asia,High income,GFDD.DM.11,58.49746,40.21726,52.00926,43.076324,14.44562,56.601513,46.67633,48.72028,41.625267,36.84224,40.17399,48.91342,47.54211,48.14367,49.75811,46.65945,61.295338,62.183937,48.40171,64.44056,61.25623,54.4844,56.851593,53.1699,49.23956,48.48376,44.889057,49.83083,44.84261,51.40933,58.67252
United Kingdom,Europe & Central Asia,High income,GFDD.EI.08,2.168869,1.9109991,0.8630568,1.174764,2.394544,2.983845,2.1650789,1.5672091,1.4507401,1.0434079,5.076668,0.038703203,1.018788,0.4727891,1.114458,1.037469,4.867061,4.65029,5.300808,1.6618391,5.092093,6.582387,5.074778,6.4413347,7.2205043,7.010756,7.337014,7.546886,5.376567,5.439362,4.451056
United Kingdom,Europe & Central Asia,High income,GFDD.OI.02,115.08251,118.995255,101.76099,111.35647,100.381714,116.20186,86.37172,68.99775,105.82577,107.96516,75.37558,90.03452,100.00148,71.12272,112.76591,108.827225,119.63447,99.489494,97.656,76.19984,119.30651,107.25505,123.38728,107.730156,103.99302,88.66418,96.71424,130.01257,104.72225,147.39664,125.84099
United Kingdom,Europe & Central Asia,High income,SH.STA.BRTC.ZS,100.58694,93.04714,100.97626,89.696815,99.08839,101.49381,99.84176,105.78839,99.00001,102.55208,102.07185,101.990395,96.63875,98.18981,103.40832,102.56206,95.54079,99.173775,98.68266,98.10803,102.268295,101.60728,102.1795,102.98323,101.73636,99.72278,106.74627,105.42459,97.48034,101.24006,97.01555
United Kingdom,Europe & Central Asia,High income,SL.IND.EMPL.ZS,28.458305,30.42,29.859999,29.39,27.780003,27.42,27.42,26.86,26.670002,25.81,25.170002,24.64,23.910002,23.34,22.300001,22.22,22.060001,22.190002,22.0,19.61,19.210001,19.18,19.07,18.87,18.97,18.66,18.47,18.26,18.13,18.12,28.614151
United States,North America,High income,DT.TDS.DPPF.XP.ZS,59.467133,41.67969,41.56258,47.528336,37.924683,46.801315,33.355297,80.90321,33.51022,35.63093,25.565258,38.51509,20.915396,28.083817,37.484974,47.900654,32.78403,42.083855,47.090675,41.552486,48.32075,33.598675,17.615318,32.55183,44.644585,37.37903,17.287695,55.140415,36.065414,15.506331,36.97343
United States,North America,High income,EG.ELC.ACCS.ZS,100.0,100.0,100.0,100.0,100.0,100.0,100.0,100.0,100.0,100.0,100.0,100.0,100.0,100.0,100.0,100.0,100.0,100.0,100.0,100.0,100.0,100.0,100.0,100.0,100.0,100.0,100.0,100.0,100.0,100.0,100.0
United States,North America,High income,GFDD.AI.01,33781.66,18088.74,14751.507,12649.37,-11033.204,26787.816,5785.9434,20900.07,9659.755,5723.3,12118.314,12521.788,8916.618,17620.176,17661.37,5460.32,20658.066,9878.855,19665.2,16768.62,7357.277,17206.031,28133.117,18093.8,9937.638,28542.854,11844.372,14119.432,17194.807,18840.266,7911.4565
United States,North America,High income,GFDD.DI.04,93.86932,93.05173,92.42268,91.769905,91.37061,91.57375,91.77724,91.518265,91.595764,91.63035,91.72665,91.517746,90.78141,90.7459,90.84954,91.32962,91.66186,92.76603,95.50159,92.07595,89.9621,84.67224,85.29159,81.59375,80.824524,81.783035,82.88024,83.31174,85.247536,85.42486,76.75103
United States,North America,High income,GFDD.DI.05,71.22355,70.003235,66.013374,63.13221,59.658802,60.815086,62.07712,63.102646,65.45844,67.45245,68.51382,62.564663,63.828312,64.2819,64.8205,66.032814,68.21897,71.07475,73.179245,75.04784,70.511665,72.42319,73.195526,73.33643,74.052315,74.76053,76.466034,74.432236,73.89123,76.90501,91.68888
United States,North America,High income,GFDD.DI.06,3.9423862,4.327385,4.524479,4.840885,5.002154,4.9503837,4.842081,5.021667,4.988966,4.962668,4.991737,5.213383,5.758992,5.819149,5.875479,5.70752,5.637938,5.116766,3.2228649,5.39979,6.786497,10.75207,10.22598,13.144949,14.05425,13.549101,13.2056,12.625621,10.94119,10.9208,22.466671
United States,North America,High income,GFDD.DI.11,31.541698,33.294037,33.41573,34.845425,34.74302,36.55467,37.703156,39.652325,40.717354,43.494793,42.0277,43.62189,44.777275,48.065563,49.435493,48.70191,49.001595,49.14092,43.603043,48.666416,50.05013,50.681717,51.29007,51.325275,51.70535,49.55116,50.525803,51.861416,48.41303,52.265934,58.745586
United States,North America,High income,GFDD.DM.11,12.423953,35.357807,2.7882133,41.038048,9.460902,18.706713,10.819186,27.105583,11.473038,6.718664,6.8600492,6.6525497,8.253241,9.572714,10.38083,10.05837,12.2198105,13.9363,10.687201,14.27966,15.07545,15.2503195,16.43578,16.283901,16.737469,15.42919,15.28427,17.670422,17.14567,18.141111,19.43823
United States,North America,High income,GFDD.EI.08,7.643652,8.866231,9.543982,9.612629,8.490559,7.963716,7.774488,7.6033087,7.121703,7.025756,6.367888,6.078864,6.364316,5.576354,4.942766,4.776894,4.808035,6.031894,8.72074,8.862364,8.58306,8.801801,9.433347,9.112592,9.521067,9.723333,11.51065,10.39864,10.958829,11.795249,19.559269
United States,North America,High income,GFDD.OI.02,67.252045,65.80751,61.70872,58.659897,54.98425,56.11588,57.29144,58.27997,60.49124,61.837868,63.15723,65.73482,66.39241,66.03719,65.40208,66.502846,68.971016,74.33477,78.631966,84.44508,78.63602,80.34418,81.032486,81.282585,81.90596,81.38542,82.06911,82.21514,80.99707,84.52532,101.216896
United States,North America,High income,SH.STA.BRTC.ZS,99.200005,99.200005,99.3,99.4,99.4,99.4,99.4,99.4,99.4,99.4,99.4,99.4,99.5,99.3,99.3,99.4,99.4,99.3,99.3,99.3,99.4,99.3,99.3,99.200005,98.5,99.100006,99.100006,99.100006,99.100006,112.898705,104.19427
United States,North America,High income,SL.IND.EMPL.ZS,21.72335,25.96,25.83,25.710001,25.64,25.49,25.31,25.13,24.92,24.690002,24.44,23.74,22.75,22.45,22.39,22.26,22.35,22.14,21.46,20.0,19.64,19.710001,19.74,19.950003,19.98,19.86,19.780003,19.73,19.87,19.91,32.47652
Uruguay,Latin America & Caribbean,High income,DT.TDS.DPPF.XP.ZS,19.247885,12.309597,17.823322,13.824928,21.658852,12.8230505,15.704862,18.663355,28.258846,10.792705,-2.940929,8.201909,16.939058,10.326463,17.998476,12.117996,6.5687237,13.025929,13.797766,19.917189,4.025809,10.093123,10.935466,15.679873,10.158205,10.1202345,9.088082,17.817951,4.9574695,12.083406,15.111593
Uruguay,Latin America & Caribbean,High income,EG.ELC.ACCS.ZS,111.43177,93.56081,96.18231,96.36306,96.54245,96.719795,95.9,97.06565,97.2328,97.39511,97.676865,97.78539,97.88633,97.98204,98.07486,98.167145,98.505424,98.692635,98.784355,99.1,99.3,99.17,99.600006,99.61182,99.65709,99.70948,99.7,99.8,99.8,99.90001,100.0
Uruguay,Latin America & Caribbean,High income,GFDD.AI.01,6450.1953,5696.7744,9415.158,4670.775,12101.312,24331.201,1693.3038,9780.439,4431.635,8725.303,10603.195,11345.24,7821.789,-4473.357,5572.188,339.48657,414.51773,444.07285,500.69714,535.4944,604.96454,627.3974,669.0505,741.9189,870.6373,866.6068,879.6375,958.30255,1044.3738,1086.7247,1101.7692
Uruguay,Latin America & Caribbean,High income,GFDD.DI.04,57.894203,64.09526,63.48466,65.70088,68.373505,70.18864,72.548004,75.19805,78.18724,77.39372,74.78674,86.570244,68.41047,62.73112,56.56722,60.827686,77.37548,80.66741,75.007256,74.78562,71.85452,75.37032,73.34513,73.27328,74.83954,77.60973,76.502914,72.98694,75.27332,77.982475,81.651375
Uruguay,Latin America & Caribbean,High income,GFDD.DI.05,55.84337,48.84357,42.66987,38.376938,36.60305,36.04285,36.2104,33.6634,36.29612,40.08146,43.24064,47.850018,58.591476,52.27645,46.082,42.9379,43.70522,39.381977,44.61614,39.07093,42.199608,43.434273,42.48968,44.74997,47.29501,53.51794,46.91105,44.807327,46.56721,49.573128,59.05056
Uruguay,Latin America & Caribbean,High income,GFDD.DI.06,28.13961,17.171839,17.03328,14.87199,13.23258,12.797159,11.49216,9.757995,12.71746,13.913541,16.49847,9.831065,38.62982,31.714682,25.01817,18.86173,8.875881,6.7421784,10.70326,8.977753,10.18971,8.948886,9.989414,10.68152,10.43781,9.835085,8.969182,10.14675,9.38673,8.337694,7.1826777
Uruguay,Latin America & Caribbean,High income,GFDD.DI.11,2.640446,6.1938066,8.20157,9.784984,8.183189,1.4380761,4.999046,4.7813234,10.393267,8.10333,2.500308,3.0336235,4.196628,3.8685393,3.5971668,3.5939412,3.7395592,3.6514535,3.7218378,3.919596,4.0548887,4.4244356,4.884943,5.296043,5.84689,6.643201,6.7114,7.60814,8.187973,9.073743,10.46874
Uruguay,Latin America & Caribbean,High income,GFDD.DM.11,27.305002,62.03341,49.787403,36.35648,21.498152,30.489845,22.977514,19.44953,21.119286,3.5119321,3.500813,5.758235,7.344275,14.559629,17.8908,10.70273,11.893861,9.917666,7.818201,8.599851,13.48884,12.2773,12.3114395,12.544379,13.575331,17.867609,18.14179,14.31131,13.05181,17.28504,24.28697
Uruguay,Latin America & Caribbean,High income,GFDD.EI.08,7.589109,5.619602,4.452161,3.8693852,4.899551,3.814577,3.633127,3.751927,5.227119,4.206518,4.018495,9.621689,13.298519,10.31792,8.491882,6.899338,6.48258,4.7801695,4.3346157,6.146586,3.7606082,4.351698,4.060891,3.322828,4.043798,4.016477,3.4451532,3.234478,3.343307,3.83079,4.133072
Uruguay,Latin America & Caribbean,High income,GFDD.OI.02,51.955738,45.072598,38.985416,34.42181,32.826477,32.44535,32.942207,30.766258,33.61886,37.25409,40.59597,45.29408,55.88591,49.41892,43.206337,39.587658,40.24382,35.74839,41.11196,35.221577,38.053608,39.265236,37.891758,40.3282,42.80597,48.833527,42.074707,39.93914,41.26407,44.20905,53.42582
Uruguay,Latin America & Caribbean,High income,SH.STA.BRTC.ZS,99.4,99.3,99.00001,98.3,98.200005,97.99999,97.99999,98.4,99.00001,99.8,99.7,99.6,99.7,99.7,99.5,99.9,99.9,98.6,99.6,99.7,99.8,99.5,99.9,98.200005,99.9,99.9,100.0,100.0,98.32355,95.04143,102.34601
Uruguay,Latin America & Caribbean,High income,SL.IND.EMPL.ZS,22.483835,24.16,24.24,24.09,24.08,23.74,23.6,23.73,23.68,23.27,22.68,21.98,21.09,20.800001,20.89,21.14,21.190002,21.68,21.560001,20.96,21.410002,20.780003,21.13,21.580002,21.01,20.46,20.05,19.74,19.2,18.83,33.564697
Uzbekistan,Europe & Central Asia,Lower middle income,DT.TDS.DPPF.XP.ZS,7.9753,18.047493,7.8753333,9.961322,18.100784,11.5395775,15.80815,16.045383,8.081876,10.1133,9.4500475,11.343448,10.075638,13.921964,9.686495,6.833138,14.642805,12.5663395,9.387988,9.075687,3.293062,2.3104737,2.5679393,2.291761,2.5774667,2.5847843,3.389863,3.0611277,3.0395086,3.4615276,5.5839977
Uzbekistan,Europe & Central Asia,Lower middle income,EG.ELC.ACCS.ZS,105.682175,104.14799,91.46498,96.22585,98.56458,106.14905,99.600006,99.379745,99.44935,99.514114,99.59327,99.63011,99.7,99.683365,99.704506,99.72509,99.4901,99.774536,99.808754,99.85291,99.912895,99.96144,99.98982,99.99887,100.0,100.0,100.0,100.0,100.0,100.0,100.0
Uzbekistan,Europe & Central Asia,Lower middle income,GFDD.AI.01,7787.063,13138.948,4095.7563,3517.4146,5189.2754,12696.838,2804.0637,8265.836,6938.7896,7226.9077,11585.628,4141.6953,9277.068,8373.295,244.5124,296.05746,310.53583,332.8464,384.78055,401.31494,441.83008,416.89267,441.1172,520.101,592.02356,609.02325,701.12195,785.91376,819.49854,809.05725,849.3001
Uzbekistan,Europe & Central Asia,Lower middle income,GFDD.DI.04,91.017426,98.19788,91.02792,97.91099,76.53728,91.882126,82.18717,72.29395,91.61241,90.56625,95.50971,92.441,100.06511,96.09912,82.02302,88.27331,97.52767,91.89494,101.807076,101.56696,99.12452,100.256355,99.68461,99.92946,99.9491,99.95919,99.96966,99.95006,99.958336,99.924995,99.89794
Uzbekistan,Europe & Central Asia,Lower middle income,GFDD.DI.05,48.941174,76.07268,31.358469,45.416946,36.647633,70.966095,39.510902,34.4707,46.82825,27.315456,52.361027,55.537525,62.44881,62.059536,65.81839,48.435043,70.78845,48.979675,57.871685,42.24732,56.051525,68.73879,60.406017,18.54579,17.45746,18.06385,19.342289,22.393261,19.86332,16.97683,17.604359
Uzbekistan,Europe & Central Asia,Lower middle income,GFDD.DI.06,23.937342,25.320896,20.621763,16.332132,23.366278,10.364349,21.237062,47.435127,34.117603,20.012339,31.240091,5.2803926,19.556353,23.200912,20.026346,22.297274,21.120508,13.102229,14.137619,18.281157,20.92534,15.562482,8.741153,0.0128182,0.0093928,0.0078013,0.0065135,0.0182912,0.0179764,0.0302575,0.048307598
Uzbekistan,Europe & Central Asia,Lower middle income,GFDD.DI.11,3.9149728,16.273537,1.555853,3.685938,10.812872,5.0499754,7.936326,14.191591,17.219648,12.205956,10.433077,16.354628,4.552122,5.9928617,12.669083,7.27344,6.7183566,15.773406,0.6859431,0.6467105,0.5529292,0.5001568,0.5055638,0.47734916,0.4919451,0.4964719,0.48805037,0.66428274,0.62316716,8.167735,10.7408085
Uzbekistan,Europe & Central Asia,Lower middle income,GFDD.DM.11,144.76463,155.1128,84.91987,156.08835,106.20012,69.2023,41.59513,96.338356,64.726524,92.101746,56.85828,90.40661,77.17448,69.23348,87.64194,75.32907,54.25466,97.31688,86.966866,79.948685,215.60675,84.54449,61.371338,81.52506,113.787796,194.24992,158.43388,66.86367,72.353806,103.93944,180.44844
Uzbekistan,Europe & Central Asia,Lower middle income,GFDD.EI.08,8.855004,10.983996,8.509164,16.576029,11.347351,12.484185,9.912379,13.032712,14.551683,5.6539674,12.370005,12.654244,10.903116,5.6496596,15.689444,7.3839192,10.397021,14.899578,10.308583,8.67434,11.798626,12.507629,14.389761,9.327025,8.924191,9.598615,10.60322,21.697739,19.01616,12.29622,12.72738
Uzbekistan,Europe & Central Asia,Lower middle income,GFDD.OI.02,34.205265,39.04125,20.162708,35.299335,37.88352,39.76857,36.078156,16.620722,21.423634,34.56612,29.77812,43.755226,34.709465,35.140827,22.894125,25.990826,39.59741,35.92283,34.143337,39.10048,40.814625,34.651196,51.770325,13.245391,12.201381,12.95085,13.88938,15.89904,14.11151,12.27462,13.42755
Uzbekistan,Europe & Central Asia,Lower middle income,SH.STA.BRTC.ZS,116.59484,96.97286,99.53557,105.4849,100.10134,99.8375,97.5,100.0,100.0,100.0,94.899994,100.0,100.0,100.0,100.0,100.0,99.6,100.0,100.0,100.0,100.0,100.0,100.0,100.0,100.0,100.0,100.0,100.0,100.0,101.56168,104.268326
Uzbekistan,Europe & Central Asia,Lower middle income,SL.IND.EMPL.ZS,24.075476,25.800001,24.930002,24.64,24.27,23.9,22.83,22.44,21.820002,21.86,21.51,21.280003,21.12,21.080002,21.170002,21.31,21.52,21.820002,22.13,22.48,22.7,22.74,22.710001,22.73,22.780003,22.9,23.060001,23.05,22.66,23.02,24.594168
Vanuatu,East Asia & Pacific,Lower middle income,DT.TDS.DPPF.XP.ZS,1.6011717,1.1232004,1.3600185,1.3792226,1.1947396,1.065214,0.9649769,0.82822067,0.5319545,1.361771,1.4014702,1.2319559,1.4512374,1.328325,1.5743024,1.2406207,1.9035555,1.5159471,1.2368605,1.5010273,1.4447163,1.2521327,1.2273896,1.5026481,1.640394,1.7611599,1.9881693,2.0162764,3.9210594,3.1217768,7.060714
Vanuatu,East Asia & Pacific,Lower middle income,EG.ELC.ACCS.ZS,38.29505,60.10784,55.808647,55.290173,18.0,12.941644,14.792361,16.639679,18.482916,19.1,22.14308,23.943878,25.737099,27.52508,29.310175,31.094732,26.439999,33.62462,36.470303,33.291115,44.1,41.93533,43.789528,31.699999,49.05744,52.205097,57.819996,62.799995,61.75451,64.59019,67.33327
Vanuatu,East Asia & Pacific,Lower middle income,GFDD.AI.01,-874.8147,2479.2698,8208.576,-4264.3423,-9524.985,-28502.936,15968.88,7092.675,7610.855,3262.0408,11247.564,6182.434,5240.3345,4550.689,4704.179,3974.749,8486.1875,5796.615,-796.9678,-1336.0717,8286.238,-3413.9014,2641.9255,1562.3965,662.3571,704.04315,719.1552,604.56494,596.02966,652.8433,667.52655
Vanuatu,East Asia & Pacific,Lower middle income,GFDD.DI.04,98.16138,98.519165,99.02865,99.242615,93.208015,91.70196,91.63152,88.200455,88.69505,88.4595,88.166985,88.41214,88.180984,89.224525,90.30885,92.7364,93.098785,93.44731,97.53144,98.090836,96.32523,96.36518,96.614044,96.26451,95.460495,95.60588,93.46597,94.991936,95.2812,95.728836,96.14453
Vanuatu,East Asia & Pacific,Lower middle income,GFDD.DI.05,123.61861,108.3136,98.01482,100.304405,92.45814,101.948204,107.424,98.905815,105.246,92.40274,90.101746,94.935455,95.77046,90.32245,93.48551,98.63439,93.707115,99.8533,100.016106,95.08147,86.98888,83.14003,82.17659,75.004524,77.886116,81.67583,84.96241,82.89933,88.27493,88.508575,92.77921
Vanuatu,East Asia & Pacific,Lower middle income,GFDD.DI.06,0.70352566,0.51131856,0.3855498,0.2990236,2.6162698,3.122205,3.227569,4.323198,4.513618,4.95713,4.6874824,4.7064857,5.31372,4.830321,4.424714,3.529728,3.230787,3.108911,1.411461,1.274184,2.617384,2.691851,2.6329691,2.902452,3.7149892,3.4332871,5.007328,3.555427,3.1545198,2.672671,2.551826
Vanuatu,East Asia & Pacific,Lower middle income,GFDD.DI.11,23.517591,25.228691,23.090837,39.1582,8.762151,12.842935,37.949753,49.85822,22.660368,20.057178,21.659464,14.028474,34.148438,18.548925,34.850353,32.437843,28.768415,37.012035,38.61099,25.24076,16.040253,18.591652,48.874786,43.5128,53.6998,36.268894,17.682684,33.942482,51.127636,43.392445,21.724102
Vanuatu,East Asia & Pacific,Lower middle income,GFDD.DM.11,-9.780549,12.753478,10.385277,-12.032372,6.8637977,9.225479,-5.7028584,16.307728,3.529963,0.3473889,18.420654,13.27554,4.4895654,3.876449,3.690548,3.534228,3.381438,3.260469,3.242951,3.6070688,2.2291698,1.5192579,1.639169,1.9360441,0.5960053,1.897938,4.884734,1.693815,0.6078574,0.1624748,1.766488
Vanuatu,East Asia & Pacific,Lower middle income,GFDD.EI.08,4.289115,4.1552567,3.8100228,4.115471,2.361759,2.039762,1.7917521,2.005449,3.705415,2.851588,4.060656,3.104479,3.355842,2.1087341,2.1350172,2.084152,1.719678,1.099084,0.99830216,0.85723823,1.321465,2.3005881,1.649113,2.269773,2.517529,2.381654,2.756682,3.122833,2.380521,2.199238,1.918286
Vanuatu,East Asia & Pacific,Lower middle income,GFDD.OI.02,118.9924,103.2399,94.33928,95.28434,87.41982,96.28571,101.916,93.61026,98.644356,85.78016,84.76577,89.69379,90.53247,84.89291,87.39024,92.40704,87.22124,93.265114,93.74101,88.88995,80.00288,76.04958,75.11938,67.95453,70.506516,73.78693,76.520226,74.64506,79.75867,79.902824,82.59239
Vanuatu,East Asia & Pacific,Lower middle income,SH.STA.BRTC.ZS,79.0,86.81034,91.7881,93.42111,86.99999,89.1,86.16614,88.39725,94.64359,88.0,88.0,94.28229,89.88262,84.0,92.64002,92.0,92.9,74.0,93.92797,87.09379,95.36928,92.54559,91.59971,89.4,91.88835,90.68002,96.27479,91.65259,98.59569,98.11539,93.57169
Vanuatu,East Asia & Pacific,Lower middle income,SL.IND.EMPL.ZS,9.760155,0.28,0.29,0.3,0.31,0.32,0.34,0.32,0.34,0.36,0.39,0.41,0.42,0.47,0.54,0.64,0.79,1.33,2.76,7.03,6.86,6.92,7.39,8.500001,9.000001,10.910001,11.890001,12.67,13.390001,14.08,7.5636883
"Venezuela, RB",Latin America & Caribbean,,DT.TDS.DPPF.XP.ZS,19.595303,13.67226,13.079132,15.479615,12.772717,19.296366,15.356418,15.190903,27.930986,23.253906,14.612872,22.36194,23.90555,27.575285,18.18093,10.044772,6.7506604,9.170084,5.782721,6.5263457,6.3760796,7.055988,6.060808,8.524277,10.747181,24.234594,17.007393,14.155972,21.989876,14.233724,1.6913568
"Venezuela, RB",Latin America & Caribbean,,EG.ELC.ACCS.ZS,98.63659,97.76442,97.820206,98.23953,98.32333,99.0,98.48413,98.7,98.4,98.9,98.9,99.90001,99.8,95.7,99.1,98.85616,99.3,98.888176,98.91367,98.949104,99.05495,98.84,99.20808,99.25722,100.0,100.0,99.4,99.2,99.9112,99.97682,100.0
"Venezuela, RB",Latin America & Caribbean,,GFDD.AI.01,13825.92,10865.078,11268.556,11245.637,8303.238,-3985.2688,7942.116,6856.2266,10476.296,4672.7935,14168.648,6921.609,8881.025,16643.629,15614.176,878.5363,1051.132,1207.247,1198.3396,1207.4717,1196.8259,1368.427,1541.9082,1714.0096,1753.1649,1924.9789,15693.4,14609.316,12104.569,30619.96,15018.534
"Venezuela, RB",Latin America & Caribbean,,GFDD.DI.04,60.645164,70.81318,74.43275,74.507774,68.191124,67.56544,65.30508,84.68589,87.1108,88.20849,90.84565,92.67048,89.916176,93.7942,96.53671,94.902794,99.2154,97.20943,97.19414,97.89478,89.37844,76.85143,75.845474,69.07484,101.58967,106.547195,106.87984,93.84395,98.10264,97.4036,97.10334
"Venezuela, RB",Latin America & Caribbean,,GFDD.DI.05,38.80593,42.7649,38.172897,35.66293,34.282463,29.169182,20.769701,22.94756,20.82082,21.5402,21.26508,18.99897,18.44139,24.235619,21.49551,22.97069,31.036518,31.733461,29.16497,36.035698,31.810768,36.617367,43.71228,54.836403,70.160126,64.86726,64.751236,62.940308,108.43426,94.61596,82.54722
"Venezuela, RB",Latin America & Caribbean,,GFDD.DI.06,12.1766205,8.3699,6.9424953,6.768437,7.4017563,7.747554,5.636348,2.6133568,2.014714,1.7824091,1.389733,1.175997,1.537637,0.8314804,0.5460868,0.86165357,0.1786224,0.7726761,0.668678,0.5923519,2.844702,8.25545,11.75883,20.13813,2.1499457,4.1703844,10.620331,6.6887918,12.35925,9.831437,5.1885376
"Venezuela, RB",Latin America & Caribbean,,GFDD.DI.11,9.573343,13.0912075,5.993277,-2.3845072,8.54754,0.9482878,5.617968,9.945266,14.333817,1.7143557,1.5512528,1.763635,2.1650476,2.214472,2.1309829,2.078801,2.2581317,2.6096683,2.6341782,3.075869,3.1752279,3.0924242,3.1472785,3.4738362,5.077714,7.121023,6.2903337,7.17679,10.445254,23.978327,9.449614
"Venezuela, RB",Latin America & Caribbean,,GFDD.DM.11,22.105177,28.642843,28.128317,90.69271,25.54305,38.134804,7.1745796,24.50032,26.385693,2.5762239,3.254046,3.038783,5.536681,7.25256,5.532167,5.721119,9.219112,7.313643,4.381176,2.8143492,2.168064,2.7906778,2.655747,2.3552601,1.1727769,0.401231,0.1398091,32.709953,24.996046,40.81535,23.590122
"Venezuela, RB",Latin America & Caribbean,,GFDD.EI.08,2.2470002,1.8935361,1.6232431,4.0175633,6.669378,7.483322,2.4825242,1.8447961,1.5758162,2.119353,3.307554,3.3208091,4.135287,4.207633,4.6878858,3.3862,6.248125,4.403612,2.518253,5.100668,5.355117,7.049449,11.84017,15.245979,14.707709,7.3253045,6.193164,4.1887436,6.421902,11.203893,7.6819186
"Venezuela, RB",Latin America & Caribbean,,GFDD.OI.02,26.833431,30.1235,25.72207,24.465052,25.3426,21.78714,15.021649,16.833,16.457531,16.1228,15.198701,15.850581,14.1337805,18.6308,17.16413,19.00837,26.897211,27.2992,25.231321,30.42598,27.40515,32.03321,38.721367,48.54738,62.48232,38.24564,56.735355,31.576502,37.270958,37.55622,40.58877
"Venezuela, RB",Latin America & Caribbean,,SH.STA.BRTC.ZS,97.66611,95.09904,94.878136,102.9452,98.83569,115.54403,97.228546,95.299995,85.69854,95.074936,93.99999,101.39138,100.44721,95.0,98.4303,96.036446,97.99398,103.88432,88.02969,98.98171,98.91303,98.100006,96.0,99.200005,99.5,99.3,99.3,99.100006,101.831894,100.29284,112.36575
"Venezuela, RB",Latin America & Caribbean,,SL.IND.EMPL.ZS,25.33603,26.05,26.63,26.280003,23.65,23.560001,22.39,23.88,24.5,22.710001,22.83,22.09,20.690002,19.83,20.320002,20.65,22.18,23.13,22.87,22.38,21.63,21.48,21.62,21.33,20.7,19.83,18.81,17.75,16.66,15.340001,23.49068
Vietnam,East Asia & Pacific,Lower middle income,DT.TDS.DPPF.XP.ZS,10.497922,6.608435,13.93273,10.665246,10.521827,6.95413,3.2296584,7.061367,8.754386,9.746084,7.2129555,6.568353,6.0095024,3.4812195,2.547162,2.3184927,1.8500655,1.914531,1.7993728,2.2542617,2.068288,1.8102391,1.7913029,1.8640118,2.1736887,1.5576866,1.7970622,1.4280548,1.3854342,1.3570698,1.5616987
Vietnam,East Asia & Pacific,Lower middle income,EG.ELC.ACCS.ZS,103.2659,101.8325,93.18051,102.68722,100.52729,96.08061,101.9838,78.4,86.17599,86.99444,87.828415,88.607475,89.1,90.145195,90.90855,96.1,96.0,93.20527,93.98171,96.1,97.43,99.0,97.89,98.55496,99.2,99.82131,99.2,100.0,100.0,99.4,100.0
Vietnam,East Asia & Pacific,Lower middle income,GFDD.AI.01,21523.047,14008.83,60414.586,30772.703,21637.557,43617.117,53882.23,33803.24,41529.33,39794.227,35879.527,36612.094,39386.395,39780.63,22856.225,40701.973,21548.268,31548.988,23544.69,38553.797,30626.715,40409.42,27331.75,42635.676,29633.516,41917.137,43462.277,44018.605,45606.21,38883.465,30167.19
Vietnam,East Asia & Pacific,Lower middle income,GFDD.DI.04,94.27075,93.56635,76.5265,73.17515,92.66322,90.58242,87.08068,88.38054,86.742065,91.34108,93.322784,94.134834,94.264015,95.60207,95.66825,97.35307,97.308426,98.916664,99.15575,96.38483,97.02515,98.24493,98.76399,99.306595,99.756615,98.522575,99.51434,99.85418,99.18115,99.885635,99.93545
Vietnam,East Asia & Pacific,Lower middle income,GFDD.DI.05,69.09274,92.10101,22.50751,20.07458,154.0827,19.566479,20.710049,22.507309,24.20798,36.37278,44.6045,52.118973,53.03549,61.6292,69.26354,70.959885,79.34067,100.00001,93.209885,105.52491,114.814804,99.6403,106.4615,117.0391,127.4112,137.7088,151.1111,155.08981,158.1228,164.73509,179.6502
Vietnam,East Asia & Pacific,Lower middle income,GFDD.DI.06,7.7102,7.0179505,4.642538,6.508356,2.7350137,2.1203969,2.8806589,2.755927,3.301544,2.8227339,2.656358,2.580829,2.8240151,2.481486,2.936502,1.854735,2.028991,1.033224,0.7844383,4.202674,3.806653,1.984899,1.326495,0.7705252,0.2822487,1.9200499,0.6933689,0.215523,1.229188,0.17380631,0.1051262
Vietnam,East Asia & Pacific,Lower middle income,GFDD.DI.11,5.088666,12.745592,6.275513,3.267907,11.287511,8.119037,5.2496204,1.9703602,0.19703424,6.9249806,18.40026,14.815537,7.881143,6.540242,5.396752,3.3909147,3.6548886,4.5179167,4.4450436,4.6971254,4.603233,3.8219483,3.5145135,3.7345517,4.357889,4.8267198,5.5132446,6.3221774,7.130839,7.663007,7.1196675
Vietnam,East Asia & Pacific,Lower middle income,GFDD.DM.11,59.11641,150.85695,139.64395,177.81448,98.8142,140.66924,320.2988,81.2805,105.72905,91.74907,92.60037,144.9843,188.91614,162.32458,153.37529,347.7239,152.91238,138.76703,117.86865,175.00986,218.87996,83.97707,115.679726,147.59644,176.28078,112.32031,116.262985,47.79928,97.54715,176.38153,154.38779
Vietnam,East Asia & Pacific,Lower middle income,GFDD.EI.08,7.092746,8.6072035,1.478291,1.2245821,10.57001,1.910248,0.7466131,1.11344,1.476922,1.58983,1.867029,2.131314,3.278695,5.570053,5.627456,7.749537,7.886686,8.764257,9.437791,8.737803,9.349341,9.312144,11.241149,13.40683,15.443049,16.09496,18.0652,17.06427,15.66462,13.895919,15.05365
Vietnam,East Asia & Pacific,Lower middle income,GFDD.OI.02,40.189224,15.885038,3.5929868,3.4192908,21.855911,3.0014148,3.754099,4.681385,5.052602,6.777508,8.781015,9.575936,9.531547,10.8307705,12.427031,12.12504,12.58538,17.17224,12.12778,15.02696,13.310321,11.335541,11.83477,13.47994,14.58294,16.426352,18.209692,19.41355,19.13357,20.36424,24.801271
Vietnam,East Asia & Pacific,Lower middle income,SH.STA.BRTC.ZS,87.78288,97.93387,96.61264,91.358406,93.54151,92.48422,93.15474,77.1,93.99361,95.04231,58.799995,95.786865,85.0,90.90583,97.54584,96.239586,83.799995,92.573555,96.39647,105.61327,73.56637,91.9,99.61192,94.932,93.799995,95.38192,91.094635,95.8183,98.81432,96.68617,92.04465
Vietnam,East Asia & Pacific,Lower middle income,SL.IND.EMPL.ZS,22.267727,10.120001,10.58,11.09,11.47,11.82,12.250001,12.68,11.58,11.990001,12.44,13.900001,14.7,16.41,17.35,18.74,20.190002,20.39,21.0,21.85,21.68,21.280003,21.190002,21.18,21.45,22.74,24.76,25.780003,26.64,27.44,17.038528
Virgin Islands (U.S.),Latin America & Caribbean,High income,DT.TDS.DPPF.XP.ZS,26.362343,26.837795,23.628527,20.439224,19.850214,33.478367,35.211212,21.835182,24.607954,23.427692,27.390526,20.19986,29.465273,17.745537,16.048853,16.999634,19.758036,14.59932,19.859047,19.72077,11.621948,16.396984,16.68939,24.25859,12.080307,14.035216,18.061052,25.869246,23.994127,25.4381,15.056623
Virgin Islands (U.S.),Latin America & Caribbean,High income,EG.ELC.ACCS.ZS,100.0,100.0,100.0,100.0,100.0,100.0,100.0,100.0,100.0,100.0,100.0,100.0,100.0,100.0,100.0,100.0,100.0,100.0,100.0,100.0,100.0,100.0,100.0,100.0,100.0,100.0,100.0,100.0,100.0,100.0,100.0
Virgin Islands (U.S.),Latin America & Caribbean,High income,GFDD.AI.01,19610.602,13463.152,25397.184,12358.658,17055.768,15249.163,15931.469,17647.883,11831.177,6893.2695,12152.657,18298.514,23873.914,20043.83,21040.283,25981.904,3518.2683,16526.07,8741.206,18714.736,22241.111,37502.3,40936.293,15374.494,35604.22,13935.429,24603.283,22113.309,15484.093,10202.614,34356.67
Virgin Islands (U.S.),Latin America & Caribbean,High income,GFDD.DI.04,42.575603,69.242584,43.987034,45.603054,55.683346,42.135666,38.382298,50.827824,42.69696,51.39152,47.487488,30.915201,52.427586,34.25778,34.726105,59.348236,40.16886,61.230957,60.038013,49.534485,49.224735,72.91552,61.079876,67.580124,55.43817,35.037594,51.108788,60.16184,45.756638,58.754383,37.71924
Virgin Islands (U.S.),Latin America & Caribbean,High income,GFDD.DI.05,91.286354,69.383385,87.13242,78.034485,87.34483,135.70203,84.11145,90.356285,80.881744,78.022156,106.57727,98.17885,100.20722,109.16905,73.58078,56.40283,140.73825,89.17246,124.05918,127.6059,103.616135,96.15174,242.76976,137.10826,78.45263,95.258026,107.37319,137.14685,137.76543,110.87558,109.63266
Virgin Islands (U.S.),Latin America & Caribbean,High income,GFDD.DI.06,6.2546587,6.324104,11.325173,1.5574722,7.363979,0.95754623,2.776356,5.049924,-49.222706,2.3271956,3.7991989,8.956758,3.4511707,6.3420243,8.77275,5.21462,5.47315,4.3421435,11.014877,3.9941106,3.1415653,1.3743495,4.0094633,7.4111414,3.5173097,2.9497645,6.9413095,4.0311375,4.260969,7.894647,2.3280325
Virgin Islands (U.S.),Latin America & Caribbean,High income,GFDD.DI.11,10.990564,1.9000531,10.824483,7.3385186,5.798447,7.9230714,9.894592,7.1983323,7.656989,11.037964,6.1933665,9.639278,3.2784278,14.352191,16.901505,15.151826,12.583772,2.4541557,12.857603,10.16438,6.678009,9.561792,22.566435,2.8739657,21.059595,7.547764,9.390961,15.11346,19.499903,16.620724,12.320351
Virgin Islands (U.S.),Latin America & Caribbean,High income,GFDD.DM.11,41.467262,68.67201,55.438957,42.314575,41.43093,51.176815,61.676163,110.4728,46.207268,66.74354,71.346756,45.700123,62.647007,76.56107,73.147285,64.13539,57.211838,71.84165,96.631035,80.54391,62.36055,79.940636,76.16606,110.845856,76.10764,132.93427,97.89783,105.14086,91.69931,52.491707,70.72726
Virgin Islands (U.S.),Latin America & Caribbean,High income,GFDD.EI.08,38.95693,32.117268,45.24041,12.386174,36.511116,40.37836,25.936596,10.620645,17.030024,23.91856,32.417717,34.036476,23.589891,26.469776,31.917171,40.94091,56.602016,34.766644,44.468105,39.692516,45.274956,23.50661,32.181637,40.957172,33.078835,57.51723,50.634346,33.806667,20.74604,31.452137,31.706299
Virgin Islands (U.S.),Latin America & Caribbean,High income,GFDD.OI.02,62.19209,78.65409,94.67267,55.950203,98.25978,86.17261,55.020596,63.01245,37.361378,86.34938,82.7385,85.784615,77.72516,74.94175,44.684566,55.85471,82.30578,57.57686,102.75962,54.723377,81.507065,89.48239,104.17561,71.9486,68.762054,93.13731,88.91416,76.67572,93.69763,83.28418,87.859215
Virgin Islands (U.S.),Latin America & Caribbean,High income,SH.STA.BRTC.ZS,95.097725,83.050446,86.918304,100.685,91.03261,94.62681,92.3844,95.78518,97.312645,92.76176,97.98712,93.165955,98.3,98.5,94.2193,98.296875,98.98723,88.15023,93.06321,100.59249,93.523926,100.12574,93.82921,101.36643,95.986534,107.79568,106.4907,90.966675,94.482796,96.57063,97.02109
Virgin Islands (U.S.),Latin America & Caribbean,High income,SL.IND.EMPL.ZS,14.512609,26.31,26.18,26.03,25.99,25.85,25.710001,25.61,25.42,25.190002,25.07,24.75,24.410002,24.1,24.02,23.99,23.97,23.97,23.77,22.94,22.7,21.85,20.72,20.13,19.87,19.66,19.49,19.16,18.97,18.74,24.613218
West Bank and Gaza,Middle East & North Africa,Lower middle income,DT.TDS.DPPF.XP.ZS,13.516555,12.927259,16.15507,18.014784,18.438787,22.321577,22.438787,20.19505,11.09439,17.472301,10.809463,15.743472,10.229801,17.439922,12.902566,41.234077,12.743637,16.523392,13.263626,12.448036,8.367098,15.350116,14.241367,13.837721,10.944157,9.868774,12.136197,22.005806,17.312391,13.624463,12.862874
West Bank and Gaza,Middle East & North Africa,Lower middle income,EG.ELC.ACCS.ZS,99.519516,95.20769,99.50667,105.21604,98.81169,98.461266,95.32627,97.899994,98.5393,98.62315,99.7,99.1,99.236855,99.1,99.5,99.600006,99.7,98.8,99.8,99.90001,99.90001,99.7,99.8,99.90001,99.90001,99.90001,100.0,99.7,100.0,100.0,100.0
West Bank and Gaza,Middle East & North Africa,Lower middle income,GFDD.AI.01,8116.4316,8948.032,6103.8315,10549.874,-246.27042,5052.704,5117.303,10642.15,18244.137,5717.506,11359.0205,3140.0676,9225.284,6695.968,6226.9355,7310.237,2150.5808,8088.443,-1250.2014,18.406662,21.050411,20.786768,21.15838,20.499063,20.729177,20.41904,21.273088,22.00296,21.902815,23.365915,24.150879
West Bank and Gaza,Middle East & North Africa,Lower middle income,GFDD.DI.04,101.846146,97.77386,106.39693,85.72683,91.41734,103.59755,100.09519,91.304565,98.313194,98.42356,98.97022,98.71158,98.23697,98.78178,99.47003,99.62467,99.619675,99.6224,99.67513,99.757645,99.863525,99.89218,99.90752,99.85116,99.8717,99.891014,99.92164,99.92567,99.9125,99.92336,99.922646
West Bank and Gaza,Middle East & North Africa,Lower middle income,GFDD.DI.05,71.498474,81.464485,118.58292,100.374664,123.896095,107.038795,100.983086,155.24696,55.45401,62.81555,77.359924,80.8421,86.501076,84.20688,78.28449,71.88869,74.03081,82.19819,73.94254,71.385574,63.005676,56.69243,55.45844,55.47121,57.43898,63.464233,63.335224,68.2187,70.11212,73.26466,92.028015
West Bank and Gaza,Middle East & North Africa,Lower middle income,GFDD.DI.06,7.9726577,5.318318,3.458252,1.0076973,5.7692785,4.940156,6.9935274,3.4233763,0.34761602,0.3807351,0.3240462,0.4024387,0.5064074,0.34574598,0.1771041,0.1456791,0.1388395,0.1181521,0.083466195,0.0690339,0.0410032,0.0353928,0.0329289,0.0511032,0.046454903,0.046911098,0.0361043,0.0380175,0.046647802,0.0418012,0.0517103
West Bank and Gaza,Middle East & North Africa,Lower middle income,GFDD.DI.11,26.841421,10.631879,28.942423,13.001372,44.281414,14.7759495,9.640618,29.74491,32.374866,16.845411,20.32126,4.31707,8.411905,9.919102,11.199051,14.734011,17.20588,14.887586,21.96675,17.999186,30.141853,13.742315,23.48838,6.8192673,45.298744,13.1296015,31.214767,26.108707,32.538857,5.7991395,17.249825
West Bank and Gaza,Middle East & North Africa,Lower middle income,GFDD.DM.11,32.313766,17.380875,29.655376,24.541254,23.001463,26.226917,27.454807,26.671495,19.980648,20.70785,50.5777,21.597622,20.040907,30.197498,25.564718,25.18753,17.354467,-4.490133,11.014474,39.25787,31.271582,54.027794,32.64987,22.36429,32.748222,50.172737,60.550346,25.451982,36.77161,19.148497,13.051746
West Bank and Gaza,Middle East & North Africa,Lower middle income,GFDD.EI.08,5.071898,18.665005,14.16187,6.010952,10.896156,8.800723,8.767593,6.239649,3.2493896,7.944541,16.69401,8.381681,7.7178497,9.684872,7.155821,6.4446607,1.7255791,12.839222,12.4873705,16.205664,13.487988,16.543901,5.8155327,14.101701,22.089134,15.416227,6.1204076,12.713379,19.775124,11.161696,10.012429
West Bank and Gaza,Middle East & North Africa,Lower middle income,GFDD.OI.02,77.10284,60.52914,82.49287,53.470863,59.966415,80.89743,48.031967,50.33405,55.45401,62.815548,77.35992,80.84209,86.50107,84.20688,78.28449,71.88869,73.96778,82.18929,73.90485,71.34231,62.96893,56.675037,55.43914,55.44415,57.28357,63.141373,63.186237,68.14044,69.997795,73.16188,91.9543
West Bank and Gaza,Middle East & North Africa,Lower middle income,SH.STA.BRTC.ZS,96.64469,100.86365,103.59936,102.82839,100.21011,105.71762,94.899994,99.91452,103.043144,98.886345,97.4,106.53998,107.05443,89.51477,98.3,97.0,96.6,104.77666,99.97376,96.152794,99.00001,94.621704,99.54408,96.64512,99.6,100.57656,110.22652,97.68695,100.94582,103.06727,101.56087
West Bank and Gaza,Middle East & North Africa,Lower middle income,SL.IND.EMPL.ZS,37.070896,33.09,34.030003,34.56,35.93,35.900005,35.19,35.84,36.900005,38.06,34.12,28.280003,23.710001,25.58,24.42,26.07,23.68,23.76,23.080002,23.53,24.68,25.930002,26.7,28.07,28.020002,28.73,30.23,30.859999,31.310001,30.37,30.816751
"Yemen, Rep.",Middle East & North Africa,Low income,DT.TDS.DPPF.XP.ZS,7.140221,11.165803,8.088334,7.2221136,4.114148,4.1279097,3.2670627,3.6420264,10.834591,6.133757,5.0381837,6.4730296,4.1293993,3.9915905,4.297768,3.0015965,2.8403156,3.2896886,2.6373258,3.5544517,2.7555707,2.6349533,2.7016356,2.8126354,3.8198402,18.846876,14.505368,4.5848436,6.2911096,8.766798,7.0788746
"Yemen, Rep.",Middle East & North Africa,Low income,EG.ELC.ACCS.ZS,74.21459,72.027954,44.1,40.774715,41.985134,43.19351,44.39917,42.6,46.79961,47.992947,49.187256,50.34124,51.487637,52.6288,49.59,54.90482,55.800335,57.18857,58.33993,59.50124,60.675194,61.864506,52.41,75.6,66.1,67.31093,68.859505,79.2,61.999996,72.751076,73.75793
"Yemen, Rep.",Middle East & North Africa,Low income,GFDD.AI.01,5522.8975,2052.8896,5995.359,1128.3055,6428.316,4507.892,5324.486,3581.3208,6244.891,755.4694,4925.733,5423.728,1525.7626,7459.072,56.064857,66.11574,75.07284,76.74562,85.7577,104.466705,85.29197,88.01319,114.90321,114.77064,118.536125,113.32252,865.3475,698.77716,6148.4575,652.0016,1382.5575
"Yemen, Rep.",Middle East & North Africa,Low income,GFDD.DI.04,12.46506,13.525351,11.91106,10.73768,9.006155,14.732691,13.6836405,29.27335,29.4417,37.927658,87.59867,97.654236,98.827065,99.26722,98.745636,99.30624,98.942764,98.397995,78.200356,69.58601,64.85468,53.2112,56.24901,64.58849,80.11724,85.504974,90.22145,83.34078,80.230995,47.90727,79.27982
"Yemen, Rep.",Middle East & North Africa,Low income,GFDD.DI.05,47.10999,44.03237,43.453632,47.08093,48.38699,47.35438,35.75513,33.34671,38.3723,31.525469,30.148998,33.57108,34.91094,36.30748,35.06084,32.046127,34.48208,35.20694,31.949362,38.008938,31.90984,31.07643,34.968727,34.74092,54.600594,36.017914,62.723625,79.775024,90.93981,81.166824,80.27447
"Yemen, Rep.",Middle East & North Africa,Low income,GFDD.DI.06,50.74096,46.88024,48.638977,51.99606,53.680622,40.39386,26.840591,19.37182,23.0252,14.17366,1.266317,0.21794721,0.117060095,0.085864596,0.17058,0.0884089,0.1340975,0.247839,3.5499392,8.058832,8.287917,12.53909,12.75842,11.19355,22.87857,25.056417,23.543306,12.83532,21.607536,15.49202,24.24136
"Yemen, Rep.",Middle East & North Africa,Low income,GFDD.DI.11,14.6224375,28.506203,15.716876,21.481165,15.828715,11.075372,8.599747,15.669182,22.706614,15.492169,16.759026,23.232824,20.010126,8.518075,20.428864,16.910198,18.926846,19.21281,23.314373,25.540897,27.9911,24.064255,14.609839,46.53842,28.576832,18.971085,32.63043,21.866331,21.400902,28.204739,27.448235
"Yemen, Rep.",Middle East & North Africa,Low income,GFDD.DM.11,43.589157,59.67417,83.654884,97.38065,48.85758,102.6215,125.232216,74.62754,86.89598,46.9462,108.28435,65.5228,89.40724,94.15009,78.08594,82.40709,57.970036,75.82722,38.087036,77.38042,142.12476,70.72985,113.3933,113.527794,201.90959,69.475624,229.01022,85.796486,113.62221,95.523254,85.22196
"Yemen, Rep.",Middle East & North Africa,Low income,GFDD.EI.08,2.005772,2.38872,1.9219531,1.407996,1.110296,2.3745399,1.240476,4.129623,4.258297,3.413948,4.0841913,3.3384132,4.06179,5.265666,6.265778,5.71556,5.6365094,7.038644,5.029509,10.70281,9.004592,9.191539,11.75762,14.77969,4.338783,4.4085135,7.956498,2.7048068,5.4863734,10.1225815,6.063935
"Yemen, Rep.",Middle East & North Africa,Low income,GFDD.OI.02,17.181501,16.106161,15.454031,14.83971,13.297661,18.31945,15.639391,15.28477,18.88516,15.60098,15.725221,18.180769,20.1667,21.35704,21.643412,19.21669,21.17196,22.77835,21.19775,25.10098,21.839159,18.77586,23.05796,24.76777,49.487984,61.542862,43.67452,40.607517,52.17257,46.11908,53.196953
"Yemen, Rep.",Middle East & North Africa,Low income,SH.STA.BRTC.ZS,93.51058,92.719124,15.9,96.17178,98.91861,101.60625,87.67407,21.599998,97.30556,95.73384,95.40749,92.24452,92.8952,26.800001,93.46431,95.25345,35.7,85.50881,93.70624,94.30287,92.2867,99.58321,34.4,44.7,102.46368,100.15435,92.806946,93.20002,105.61948,104.609726,92.15593
"Yemen, Rep.",Middle East & North Africa,Low income,SL.IND.EMPL.ZS,16.016073,11.760001,11.71,11.23,11.040001,11.79,12.270001,12.750001,13.370001,13.8,14.400001,14.73,15.130001,15.700001,16.26,16.78,16.930002,17.09,17.81,18.430002,19.03,16.300001,15.700001,15.510001,14.48,12.36,11.280001,10.45,10.18,10.2,13.588036
Zambia,Sub-Saharan Africa,Low income,DT.TDS.DPPF.XP.ZS,14.512403,46.653534,9.967897,8.02584,13.097107,12.8750105,12.680554,18.300999,19.631042,14.616468,18.507267,16.257406,18.59835,40.204567,17.886875,6.530067,1.6647351,0.8628081,1.353103,1.5071834,0.75797415,0.7869793,1.4371996,2.118124,1.8738929,4.2130427,7.2289424,6.109341,7.8727617,11.723274,7.15139
Zambia,Sub-Saharan Africa,Low income,EG.ELC.ACCS.ZS,13.9,12.752703,19.199999,14.213207,14.941758,15.668272,17.3,17.112457,19.0,18.540243,16.7,20.172386,17.399998,18.499998,20.299997,23.321308,24.107258,18.499998,25.695429,26.50307,21.999998,28.159008,29.012724,29.88627,27.899998,31.1,35.425453,40.3,40.31789,43.0,44.524475
Zambia,Sub-Saharan Africa,Low income,GFDD.AI.01,980.42377,3262.9504,4040.7183,-8886.929,2628.7556,3404.205,2365.2214,4287.968,-77.61369,2907.0896,2591.0051,918.9986,3590.1194,1977.9578,12.770012,16.433853,21.980036,24.627047,27.315023,26.868528,133.06773,150.83612,189.04076,258.21027,288.98386,305.8964,317.8488,331.9362,297.13947,233.04538,216.33827
Zambia,Sub-Saharan Africa,Low income,GFDD.DI.04,79.91368,93.04156,55.71924,74.55161,36.524426,84.05463,86.368484,92.83616,84.44935,78.71061,93.78289,81.14644,90.51816,92.76291,62.048355,97.739876,95.71404,83.67908,96.01588,77.14445,75.014114,81.98976,86.78653,84.30277,86.345436,81.408485,76.11961,78.45544,78.557755,76.94057,73.16199
Zambia,Sub-Saharan Africa,Low income,GFDD.DI.05,84.378044,23.268127,54.656635,51.227207,58.13776,65.43507,54.675213,49.474113,73.04973,63.21882,50.72856,64.30958,43.00294,24.242903,50.401672,63.255756,46.824284,62.620243,66.98314,17.83736,18.42963,16.21983,16.06931,17.35743,17.38848,22.45698,17.21022,18.70059,19.675798,20.47008,25.52849
Zambia,Sub-Saharan Africa,Low income,GFDD.DI.06,14.495203,11.982098,16.49116,6.827703,4.4535275,5.366153,8.92915,25.526142,22.710041,5.3087673,9.713224,8.397315,5.2405725,6.6885095,10.087859,5.029145,11.8722725,9.380931,6.686611,4.66131,4.784265,3.7045012,2.853723,3.617888,3.196454,4.805634,5.385761,5.385942,5.501214,6.3623815,8.865686
Zambia,Sub-Saharan Africa,Low income,GFDD.DI.11,2.9490201,6.8549495,12.158995,-0.747486,5.6516595,6.9119253,7.8893123,-3.9587905,4.646251,7.398301,8.646489,9.497603,1.2262379,1.3847326,1.2429032,1.1160675,1.160635,1.2519277,1.36133,1.1489277,1.0935225,1.1502655,1.221412,1.1758642,1.2181998,1.09645,1.3038285,1.3332121,1.2732718,1.311014,1.4678895
Zambia,Sub-Saharan Africa,Low income,GFDD.DM.11,83.06232,65.25786,77.1432,54.713024,63.858093,83.3873,78.71713,52.778114,42.208267,60.043594,38.31614,79.257065,40.897545,96.1546,182.14758,153.4929,65.37233,126.18726,107.28828,111.8374,83.41592,181.01219,120.266815,137.76057,150.59987,131.96062,99.46405,110.963234,79.99519,77.20343,106.02941
Zambia,Sub-Saharan Africa,Low income,GFDD.EI.08,17.543867,7.778031,5.8301167,7.197662,17.49294,8.949785,12.826989,6.48073,14.101029,8.935287,7.2314897,6.848075,6.927189,8.167506,6.5206,6.0201674,5.5319386,5.461408,3.9775178,5.779881,5.215582,6.852437,6.810058,7.788323,6.882413,5.365119,5.107874,8.471202,8.298635,8.426365,12.22518
Zambia,Sub-Saharan Africa,Low income,GFDD.OI.02,39.496,34.61563,49.309303,27.957296,34.186066,30.93403,6.360676,22.619785,27.133974,23.342976,39.99227,39.68964,31.454473,32.71609,46.231102,44.075886,42.936928,34.592922,56.937717,15.76751,16.11508,16.65804,17.26424,18.22199,18.407661,23.187881,18.39616,19.64479,20.511002,21.3152,26.497581
Zambia,Sub-Saharan Africa,Low income,SH.STA.BRTC.ZS,105.82192,97.03456,50.5,88.36298,102.56351,100.9412,46.5,46.5,94.48868,45.3,98.70001,97.16473,42.100002,91.292435,96.81671,82.78711,101.980484,45.2,99.488594,100.314224,96.38484,94.235825,96.65487,98.56222,63.3,99.370285,97.5982,89.03765,80.399994,97.55262,94.81881
Zambia,Sub-Saharan Africa,Low income,SL.IND.EMPL.ZS,24.968126,7.8600006,7.77,7.6100006,7.28,7.2,7.18,7.12,7.05,6.97,6.9,6.9,6.95,7.03,7.11,7.13,7.23,7.37,7.5400004,8.1,8.71,9.36,10.1,10.33,10.490001,10.6,10.68,10.69,10.61,10.530001,14.69832
Zimbabwe,Sub-Saharan Africa,Lower middle income,DT.TDS.DPPF.XP.ZS,19.539948,18.480158,25.853725,24.469368,18.740421,10.590787,9.7055855,14.891111,16.186909,8.5017805,9.117495,5.889098,11.706281,22.415672,8.128771,12.308228,7.1114173,4.4525843,10.399211,0.7629953,0.5896592,0.46339735,0.65774053,2.9596353,3.387388,3.932467,5.8855553,2.9894366,1.7407163,1.3076853,0.74803513
Zimbabwe,Sub-Saharan Africa,Lower middle income,EG.ELC.ACCS.ZS,44.56447,39.775284,28.199999,31.163668,28.1,31.948578,32.337296,32.72261,33.103848,38.399998,33.65489,34.172844,34.2,35.18835,35.6906,36.192314,37.2,37.20401,37.719345,43.369083,38.78255,36.9,43.999996,40.498375,32.3,33.7,42.56173,44.178635,45.572647,46.781475,52.74767
Zimbabwe,Sub-Saharan Africa,Lower middle income,GFDD.AI.01,4356.0205,4985.2783,3974.7708,1644.9562,10295.156,10046.899,350.68298,13525.423,9834.049,-57.136692,986.34973,2759.1445,-1772.6425,8252.712,518.42096,518.34656,514.2222,200.64726,218.14224,93.97716,167.40259,83.81636,90.27108,89.03682,100.2445,93.01646,287.24924,466.67746,517.1235,641.0137,501.7795
Zimbabwe,Sub-Saharan Africa,Lower middle income,GFDD.DI.04,74.28857,77.507744,71.633026,78.77873,64.12903,60.59273,52.86055,53.017666,47.92498,47.64662,49.73634,80.17572,86.43031,82.9752,77.34774,75.35178,85.01579,87.65177,89.24546,43.437,62.87359,70.52141,74.838615,76.27381,79.32772,76.16954,66.65643,58.827293,49.104618,53.29511,72.93955
Zimbabwe,Sub-Saharan Africa,Lower middle income,GFDD.DI.05,0.0886287,0.106556594,0.1394136,0.2081847,0.271181,0.3360523,0.3780073,0.47748318,0.44508058,0.5985961,0.97492987,1.9330751,5.5810733,29.310469,20.857544,57.635483,46.222736,55.762806,31.126804,14.281499,18.46481,20.68582,21.727879,20.365509,22.451439,23.72458,27.438229,35.466988,42.56636,21.93558,18.23184
Zimbabwe,Sub-Saharan Africa,Lower middle income,GFDD.DI.06,0.012750899,0.0159966,0.0348853,0.0414342,0.0946253,0.1711534,0.23168391,0.3018715,0.40972662,0.5181968,0.89860386,0.3861457,0.65761733,7.822202,5.8968005,6.55449,3.938427,6.46736,3.5143704,9.397881,8.129003,8.0748,7.2700405,6.5355487,5.828234,7.5894747,12.26699,20.117199,32.04514,8.484409,2.881772
Zimbabwe,Sub-Saharan Africa,Lower middle income,GFDD.DI.11,15.913299,11.639321,22.49904,24.686546,5.4122167,29.97158,20.642809,17.446308,27.68429,17.22029,16.009394,10.542446,19.075783,17.479664,23.210234,23.3308,20.46272,17.084435,17.068903,8.354765,19.095007,18.205341,50.247303,31.410189,10.884944,19.221928,44.530857,12.204989,12.207467,25.484148,14.676474
Zimbabwe,Sub-Saharan Africa,Lower middle income,GFDD.DM.11,37.024902,23.68272,33.07868,14.607058,26.091043,46.13981,17.442938,41.78928,35.74353,32.367195,29.939087,25.219322,45.59491,19.79146,37.894672,35.13205,30.178005,58.55169,34.527454,35.16012,16.392277,44.33639,47.921528,49.5682,25.977844,42.696655,51.226486,48.83958,46.95525,38.93605,51.499615
Zimbabwe,Sub-Saharan Africa,Lower middle income,GFDD.EI.08,6.081856,9.580556,18.209833,5.744997,4.0551944,3.8485897,8.985819,4.341338,7.809153,8.116701,6.617533,5.0883675,9.600714,13.532797,4.1507783,8.046282,6.670036,10.149069,7.887219,7.257337,11.516922,6.205926,9.005513,9.41189,9.802021,24.415138,5.388989,9.025233,11.989831,12.132809,10.0196495
Zimbabwe,Sub-Saharan Africa,Lower middle income,GFDD.OI.02,0.040977903,0.043421198,0.061125405,0.1059968,0.1450484,0.176563,0.1920164,0.25860772,0.2452657,0.33405772,0.6097381,1.380627,4.170696,30.778069,31.65752,28.737988,27.945492,40.952194,23.901815,14.27616,18.00103,20.27485,21.40109,19.93279,21.83512,23.464859,26.785862,33.47981,40.10917,20.65183,17.86878
Zimbabwe,Sub-Saharan Africa,Lower middle income,SH.STA.BRTC.ZS,89.942276,98.96557,93.48636,95.523796,69.2,87.47648,91.58465,95.31233,97.43451,72.49999,94.75114,95.16883,90.58326,96.15676,94.06775,88.28226,68.49999,88.70871,95.74992,60.2,95.826096,66.2,96.028435,91.00669,80.0,78.1,101.292015,97.94878,93.06329,86.0,105.15895
Zimbabwe,Sub-Saharan Africa,Lower middle income,SL.IND.EMPL.ZS,13.036223,12.630001,12.61,12.48,12.44,12.390001,12.31,12.19,12.04,11.83,11.57,11.3,10.900001,10.55,10.18,9.650001,9.85,9.21,9.07,9.18,9.24,9.09,8.6,7.9200006,7.36,7.2099996,7.05,6.9,6.75,6.57,12.685595
